ITEM,DESCRIPTION,COLOR,COLLECTION,FAMILY_CODE,SALE_YEAR,SALE_MONTH,SQFT_SOLD,SALES_DOLLARS
ETCBB506,3/8 X 5 DIST BIRCH CHESTNUT,COMPETITION BUSTER,COMPETITION BUSTER,EN,2023,9,1023.75,3113.51
ETCBB506,3/8 X 5 DIST BIRCH CHESTNUT,COMPETITION BUSTER,COMPETITION BUSTER,EN,2023,10,5066.25,15289.84
ETCBB506,3/8 X 5 DIST BIRCH CHESTNUT,COMPETITION BUSTER,COMPETITION BUSTER,EN,2023,12,1863.75,5758.99
ETCBB506,3/8 X 5 DIST BIRCH CHESTNUT,COMPETITION BUSTER,COMPETITION BUSTER,EN,2024,1,2756.25,8432.81
ETCBB506,3/8 X 5 DIST BIRCH CHESTNUT,COMPETITION BUSTER,COMPETITION BUSTER,EN,2024,2,183.75,586.16
ETCBB506,3/8 X 5 DIST BIRCH CHESTNUT,COMPETITION BUSTER,COMPETITION BUSTER,EN,2024,3,52.5,162.23
ETCBB506,3/8 X 5 DIST BIRCH CHESTNUT,COMPETITION BUSTER,COMPETITION BUSTER,EN,2024,4,262.5,811.13
ETCBB506,3/8 X 5 DIST BIRCH CHESTNUT,COMPETITION BUSTER,COMPETITION BUSTER,EN,2024,5,288.75,863.36
ETCBB506,3/8 X 5 DIST BIRCH CHESTNUT,COMPETITION BUSTER,COMPETITION BUSTER,EN,2024,6,420.0,1297.8
ETCBB506,3/8 X 5 DIST BIRCH CHESTNUT,COMPETITION BUSTER,COMPETITION BUSTER,EN,2024,8,498.75,1541.14
ETCBB506,3/8 X 5 DIST BIRCH CHESTNUT,COMPETITION BUSTER,COMPETITION BUSTER,EN,2024,9,52.5,159.6
ETCBB506,3/8 X 5 DIST BIRCH CHESTNUT,COMPETITION BUSTER,COMPETITION BUSTER,EN,2024,10,2100.0,6428.63
ETCBB506,3/8 X 5 DIST BIRCH CHESTNUT,COMPETITION BUSTER,COMPETITION BUSTER,EN,2024,11,262.5,706.39
ETCBB506,3/8 X 5 DIST BIRCH CHESTNUT,COMPETITION BUSTER,COMPETITION BUSTER,EN,2024,12,-682.5,-2027.55
ETCBB506,3/8 X 5 DIST BIRCH CHESTNUT,COMPETITION BUSTER,COMPETITION BUSTER,EN,2025,3,446.25,1363.16
ETCBB506,3/8 X 5 DIST BIRCH CHESTNUT,COMPETITION BUSTER,COMPETITION BUSTER,EN,2025,4,866.25,2579.85
ETCBB506,3/8 X 5 DIST BIRCH CHESTNUT,COMPETITION BUSTER,COMPETITION BUSTER,EN,2025,5,1181.25,3474.19
ETCBB506,3/8 X 5 DIST BIRCH CHESTNUT,COMPETITION BUSTER,COMPETITION BUSTER,EN,2025,6,603.75,1860.34
ETCBB506,3/8 X 5 DIST BIRCH CHESTNUT,COMPETITION BUSTER,COMPETITION BUSTER,EN,2025,7,1443.75,4316.81
ETCBB506,3/8 X 5 DIST BIRCH CHESTNUT,COMPETITION BUSTER,COMPETITION BUSTER,EN,2025,8,131.25,405.56
ETCBB506,3/8 X 5 DIST BIRCH CHESTNUT,COMPETITION BUSTER,COMPETITION BUSTER,EN,2025,11,78.75,238.09
ETCBB506,3/8 X 5 DIST BIRCH CHESTNUT,COMPETITION BUSTER,COMPETITION BUSTER,EN,2025,12,1863.75,6396.86
ETCBB506,3/8 X 5 DIST BIRCH CHESTNUT,COMPETITION BUSTER,COMPETITION BUSTER,EN,2026,1,446.25,1357.91
ETCBB506,3/8 X 5 DIST BIRCH CHESTNUT,COMPETITION BUSTER,COMPETITION BUSTER,EN,2026,2,840.0,2524.73
ETCBB506,3/8 X 5 DIST BIRCH CHESTNUT,COMPETITION BUSTER,COMPETITION BUSTER,EN,2026,3,105.0,313.95
ETCBB506,3/8 X 5 DIST BIRCH CHESTNUT,COMPETITION BUSTER,COMPETITION BUSTER,EN,2026,4,971.25,3001.16
ETCBB506,3/8 X 5 DIST BIRCH CHESTNUT,COMPETITION BUSTER,COMPETITION BUSTER,EN,2026,5,1916.25,5784.98
ETCBB506,3/8 X 5 DIST BIRCH CHESTNUT,COMPETITION BUSTER,COMPETITION BUSTER,EN,2026,6,1627.5,4745.48
ETCBB506,3/8 X 5 DIST BIRCH CHESTNUT,COMPETITION BUSTER,COMPETITION BUSTER,EN,2026,7,1680.0,5122.95
ETCBB5144,3/8 X 5 DIST BIRCH TRUFFLE,COMPETITION BUSTER,COMPETITION BUSTER,EN,2023,8,498.75,1541.14
ETCBB5144,3/8 X 5 DIST BIRCH TRUFFLE,COMPETITION BUSTER,COMPETITION BUSTER,EN,2023,9,52.5,162.23
ETCBB5144,3/8 X 5 DIST BIRCH TRUFFLE,COMPETITION BUSTER,COMPETITION BUSTER,EN,2023,10,420.0,1297.8
ETCBB5144,3/8 X 5 DIST BIRCH TRUFFLE,COMPETITION BUSTER,COMPETITION BUSTER,EN,2023,11,813.75,2440.99
ETCBB5144,3/8 X 5 DIST BIRCH TRUFFLE,COMPETITION BUSTER,COMPETITION BUSTER,EN,2024,1,288.75,886.99
ETCBB5144,3/8 X 5 DIST BIRCH TRUFFLE,COMPETITION BUSTER,COMPETITION BUSTER,EN,2024,2,315.0,892.24
ETCBB5144,3/8 X 5 DIST BIRCH TRUFFLE,COMPETITION BUSTER,COMPETITION BUSTER,EN,2024,3,2283.75,6996.41
ETCBB5144,3/8 X 5 DIST BIRCH TRUFFLE,COMPETITION BUSTER,COMPETITION BUSTER,EN,2024,4,472.5,1512.53
ETCBB5144,3/8 X 5 DIST BIRCH TRUFFLE,COMPETITION BUSTER,COMPETITION BUSTER,EN,2024,5,315.0,973.35
ETCBB5144,3/8 X 5 DIST BIRCH TRUFFLE,COMPETITION BUSTER,COMPETITION BUSTER,EN,2024,6,288.75,892.24
ETCBB5144,3/8 X 5 DIST BIRCH TRUFFLE,COMPETITION BUSTER,COMPETITION BUSTER,EN,2024,9,840.0,2595.6
ETCBB5144,3/8 X 5 DIST BIRCH TRUFFLE,COMPETITION BUSTER,COMPETITION BUSTER,EN,2024,10,498.75,1496.51
ETCBB5144,3/8 X 5 DIST BIRCH TRUFFLE,COMPETITION BUSTER,COMPETITION BUSTER,EN,2024,11,472.5,1255.8
ETCBB5144,3/8 X 5 DIST BIRCH TRUFFLE,COMPETITION BUSTER,COMPETITION BUSTER,EN,2024,12,26.25,81.11
ETCBB5144,3/8 X 5 DIST BIRCH TRUFFLE,COMPETITION BUSTER,COMPETITION BUSTER,EN,2025,2,1233.75,3830.66
ETCBB5144,3/8 X 5 DIST BIRCH TRUFFLE,COMPETITION BUSTER,COMPETITION BUSTER,EN,2025,3,1522.5,4552.28
ETCBB5144,3/8 X 5 DIST BIRCH TRUFFLE,COMPETITION BUSTER,COMPETITION BUSTER,EN,2025,4,735.0,2155.91
ETCBB5144,3/8 X 5 DIST BIRCH TRUFFLE,COMPETITION BUSTER,COMPETITION BUSTER,EN,2025,5,367.5,1104.08
ETCBB5144,3/8 X 5 DIST BIRCH TRUFFLE,COMPETITION BUSTER,COMPETITION BUSTER,EN,2025,6,708.75,2119.16
ETCBB5144,3/8 X 5 DIST BIRCH TRUFFLE,COMPETITION BUSTER,COMPETITION BUSTER,EN,2025,7,157.5,557.55
ETCBB5144,3/8 X 5 DIST BIRCH TRUFFLE,COMPETITION BUSTER,COMPETITION BUSTER,EN,2025,8,26.25,81.11
ETCBB5144,3/8 X 5 DIST BIRCH TRUFFLE,COMPETITION BUSTER,COMPETITION BUSTER,EN,2025,9,577.5,1752.98
ETCBB5144,3/8 X 5 DIST BIRCH TRUFFLE,COMPETITION BUSTER,COMPETITION BUSTER,EN,2025,10,236.25,709.01
ETCBB5144,3/8 X 5 DIST BIRCH TRUFFLE,COMPETITION BUSTER,COMPETITION BUSTER,EN,2025,11,131.25,400.31
ETCBB5144,3/8 X 5 DIST BIRCH TRUFFLE,COMPETITION BUSTER,COMPETITION BUSTER,EN,2025,12,761.25,2276.14
ETCBB5144,3/8 X 5 DIST BIRCH TRUFFLE,COMPETITION BUSTER,COMPETITION BUSTER,EN,2026,1,105.0,324.45
ETCBB5144,3/8 X 5 DIST BIRCH TRUFFLE,COMPETITION BUSTER,COMPETITION BUSTER,EN,2026,2,210.0,633.15
ETCBB5144,3/8 X 5 DIST BIRCH TRUFFLE,COMPETITION BUSTER,COMPETITION BUSTER,EN,2026,3,2703.75,8294.21
ETCBB5144,3/8 X 5 DIST BIRCH TRUFFLE,COMPETITION BUSTER,COMPETITION BUSTER,EN,2026,4,2336.25,7093.01
ETCBB5144,3/8 X 5 DIST BIRCH TRUFFLE,COMPETITION BUSTER,COMPETITION BUSTER,EN,2026,5,1050.0,3236.63
ETCBB5144,3/8 X 5 DIST BIRCH TRUFFLE,COMPETITION BUSTER,COMPETITION BUSTER,EN,2026,6,105.0,324.45
ETCBB5144,3/8 X 5 DIST BIRCH TRUFFLE,COMPETITION BUSTER,COMPETITION BUSTER,EN,2026,7,1470.0,4366.69
ETCBB5145,3/8 X 5 DIST BIRCH SPICE,COMPETITION BUSTER,COMPETITION BUSTER,EN,2023,8,2205.0,6776.7
ETCBB5145,3/8 X 5 DIST BIRCH SPICE,COMPETITION BUSTER,COMPETITION BUSTER,EN,2023,9,420.0,1297.8
ETCBB5145,3/8 X 5 DIST BIRCH SPICE,COMPETITION BUSTER,COMPETITION BUSTER,EN,2023,10,1575.0,4688.25
ETCBB5145,3/8 X 5 DIST BIRCH SPICE,COMPETITION BUSTER,COMPETITION BUSTER,EN,2023,11,78.75,240.71
ETCBB5145,3/8 X 5 DIST BIRCH SPICE,COMPETITION BUSTER,COMPETITION BUSTER,EN,2023,12,131.25,405.56
ETCBB5145,3/8 X 5 DIST BIRCH SPICE,COMPETITION BUSTER,COMPETITION BUSTER,EN,2024,1,1995.0,6366.94
ETCBB5145,3/8 X 5 DIST BIRCH SPICE,COMPETITION BUSTER,COMPETITION BUSTER,EN,2024,2,157.5,405.56
ETCBB5145,3/8 X 5 DIST BIRCH SPICE,COMPETITION BUSTER,COMPETITION BUSTER,EN,2024,3,603.75,1865.59
ETCBB5145,3/8 X 5 DIST BIRCH SPICE,COMPETITION BUSTER,COMPETITION BUSTER,EN,2024,4,446.25,1394.14
ETCBB5145,3/8 X 5 DIST BIRCH SPICE,COMPETITION BUSTER,COMPETITION BUSTER,EN,2024,5,78.75,238.09
ETCBB5145,3/8 X 5 DIST BIRCH SPICE,COMPETITION BUSTER,COMPETITION BUSTER,EN,2024,8,1863.75,5740.61
ETCBB5145,3/8 X 5 DIST BIRCH SPICE,COMPETITION BUSTER,COMPETITION BUSTER,EN,2024,9,2231.25,6671.44
ETCBB5145,3/8 X 5 DIST BIRCH SPICE,COMPETITION BUSTER,COMPETITION BUSTER,EN,2024,10,446.25,1279.43
ETCBB5145,3/8 X 5 DIST BIRCH SPICE,COMPETITION BUSTER,COMPETITION BUSTER,EN,2024,11,78.75,91.61
ETCBB5145,3/8 X 5 DIST BIRCH SPICE,COMPETITION BUSTER,COMPETITION BUSTER,EN,2024,12,288.75,1023.49
ETCBB5145,3/8 X 5 DIST BIRCH SPICE,COMPETITION BUSTER,COMPETITION BUSTER,EN,2025,1,26.25,83.74
ETCBB5145,3/8 X 5 DIST BIRCH SPICE,COMPETITION BUSTER,COMPETITION BUSTER,EN,2025,2,2100.0,6399.75
ETCBB5145,3/8 X 5 DIST BIRCH SPICE,COMPETITION BUSTER,COMPETITION BUSTER,EN,2025,3,1233.75,4024.91
ETCBB5145,3/8 X 5 DIST BIRCH SPICE,COMPETITION BUSTER,COMPETITION BUSTER,EN,2025,4,892.5,2752.58
ETCBB5145,3/8 X 5 DIST BIRCH SPICE,COMPETITION BUSTER,COMPETITION BUSTER,EN,2025,5,1102.5,3897.6
ETCBB5145,3/8 X 5 DIST BIRCH SPICE,COMPETITION BUSTER,COMPETITION BUSTER,EN,2025,6,1548.75,5090.14
ETCBB5145,3/8 X 5 DIST BIRCH SPICE,COMPETITION BUSTER,COMPETITION BUSTER,EN,2025,7,1286.25,3974.51
ETCBB5145,3/8 X 5 DIST BIRCH SPICE,COMPETITION BUSTER,COMPETITION BUSTER,EN,2025,8,1023.75,3158.14
ETCBB5145,3/8 X 5 DIST BIRCH SPICE,COMPETITION BUSTER,COMPETITION BUSTER,EN,2025,9,1260.0,3945.9
ETCBB5145,3/8 X 5 DIST BIRCH SPICE,COMPETITION BUSTER,COMPETITION BUSTER,EN,2025,10,1548.75,4678.01
ETCBB5145,3/8 X 5 DIST BIRCH SPICE,COMPETITION BUSTER,COMPETITION BUSTER,EN,2025,11,1050.0,3215.63
ETCBB5145,3/8 X 5 DIST BIRCH SPICE,COMPETITION BUSTER,COMPETITION BUSTER,EN,2025,12,52.5,162.23
ETCBB5145,3/8 X 5 DIST BIRCH SPICE,COMPETITION BUSTER,COMPETITION BUSTER,EN,2026,1,630.0,1936.2
ETCBB5145,3/8 X 5 DIST BIRCH SPICE,COMPETITION BUSTER,COMPETITION BUSTER,EN,2026,2,1732.5,5180.18
ETCBB5145,3/8 X 5 DIST BIRCH SPICE,COMPETITION BUSTER,COMPETITION BUSTER,EN,2026,3,1548.75,4630.76
ETCBB5145,3/8 X 5 DIST BIRCH SPICE,COMPETITION BUSTER,COMPETITION BUSTER,EN,2026,4,577.5,1763.48
ETCBB5145,3/8 X 5 DIST BIRCH SPICE,COMPETITION BUSTER,COMPETITION BUSTER,EN,2026,5,682.5,2053.8
ETCBB5145,3/8 X 5 DIST BIRCH SPICE,COMPETITION BUSTER,COMPETITION BUSTER,EN,2026,6,1233.75,3738.79
ETCBB5145,3/8 X 5 DIST BIRCH SPICE,COMPETITION BUSTER,COMPETITION BUSTER,EN,2026,7,1811.25,5513.03
ETCBB517,3/8 X 5 DIST BIRCH HARVEST,COMPETITION BUSTER,COMPETITION BUSTER,EN,2023,8,603.75,1868.21
ETCBB517,3/8 X 5 DIST BIRCH HARVEST,COMPETITION BUSTER,COMPETITION BUSTER,EN,2023,9,78.75,243.34
ETCBB517,3/8 X 5 DIST BIRCH HARVEST,COMPETITION BUSTER,COMPETITION BUSTER,EN,2023,10,157.5,491.93
ETCBB517,3/8 X 5 DIST BIRCH HARVEST,COMPETITION BUSTER,COMPETITION BUSTER,EN,2023,11,1286.25,4048.01
ETCBB517,3/8 X 5 DIST BIRCH HARVEST,COMPETITION BUSTER,COMPETITION BUSTER,EN,2023,12,52.5,162.23
ETCBB517,3/8 X 5 DIST BIRCH HARVEST,COMPETITION BUSTER,COMPETITION BUSTER,EN,2024,1,551.25,1648.5
ETCBB517,3/8 X 5 DIST BIRCH HARVEST,COMPETITION BUSTER,COMPETITION BUSTER,EN,2024,2,104.99,238.06
ETCBB517,3/8 X 5 DIST BIRCH HARVEST,COMPETITION BUSTER,COMPETITION BUSTER,EN,2024,4,52.5,162.23
ETCBB517,3/8 X 5 DIST BIRCH HARVEST,COMPETITION BUSTER,COMPETITION BUSTER,EN,2024,5,997.5,3037.65
ETCBB517,3/8 X 5 DIST BIRCH HARVEST,COMPETITION BUSTER,COMPETITION BUSTER,EN,2024,8,420.0,1276.8
ETCBB517,3/8 X 5 DIST BIRCH HARVEST,COMPETITION BUSTER,COMPETITION BUSTER,EN,2024,9,1522.5,4636.28
ETCBB517,3/8 X 5 DIST BIRCH HARVEST,COMPETITION BUSTER,COMPETITION BUSTER,EN,2024,10,1050.0,3089.89
ETCBB517,3/8 X 5 DIST BIRCH HARVEST,COMPETITION BUSTER,COMPETITION BUSTER,EN,2024,11,105.0,313.95
ETCBB517,3/8 X 5 DIST BIRCH HARVEST,COMPETITION BUSTER,COMPETITION BUSTER,EN,2024,12,2730.0,8162.7
ETCBB517,3/8 X 5 DIST BIRCH HARVEST,COMPETITION BUSTER,COMPETITION BUSTER,EN,2025,1,630.0,1902.08
ETCBB517,3/8 X 5 DIST BIRCH HARVEST,COMPETITION BUSTER,COMPETITION BUSTER,EN,2025,2,1601.25,4947.86
ETCBB517,3/8 X 5 DIST BIRCH HARVEST,COMPETITION BUSTER,COMPETITION BUSTER,EN,2025,3,1706.25,5272.31
ETCBB517,3/8 X 5 DIST BIRCH HARVEST,COMPETITION BUSTER,COMPETITION BUSTER,EN,2025,4,1286.25,3893.4
ETCBB517,3/8 X 5 DIST BIRCH HARVEST,COMPETITION BUSTER,COMPETITION BUSTER,EN,2025,5,1365.0,4279.01
ETCBB517,3/8 X 5 DIST BIRCH HARVEST,COMPETITION BUSTER,COMPETITION BUSTER,EN,2025,6,945.0,2872.8
ETCBB517,3/8 X 5 DIST BIRCH HARVEST,COMPETITION BUSTER,COMPETITION BUSTER,EN,2025,7,892.5,2734.2
ETCBB517,3/8 X 5 DIST BIRCH HARVEST,COMPETITION BUSTER,COMPETITION BUSTER,EN,2025,8,1575.0,4741.01
ETCBB517,3/8 X 5 DIST BIRCH HARVEST,COMPETITION BUSTER,COMPETITION BUSTER,EN,2025,9,2126.25,6459.86
ETCBB517,3/8 X 5 DIST BIRCH HARVEST,COMPETITION BUSTER,COMPETITION BUSTER,EN,2025,10,1076.25,3325.61
ETCBB517,3/8 X 5 DIST BIRCH HARVEST,COMPETITION BUSTER,COMPETITION BUSTER,EN,2025,11,1758.75,5410.91
ETCBB517,3/8 X 5 DIST BIRCH HARVEST,COMPETITION BUSTER,COMPETITION BUSTER,EN,2026,1,1338.75,4136.74
ETCBB517,3/8 X 5 DIST BIRCH HARVEST,COMPETITION BUSTER,COMPETITION BUSTER,EN,2026,2,551.25,1703.36
ETCBB517,3/8 X 5 DIST BIRCH HARVEST,COMPETITION BUSTER,COMPETITION BUSTER,EN,2026,3,3570.0,11125.8
ETCBB517,3/8 X 5 DIST BIRCH HARVEST,COMPETITION BUSTER,COMPETITION BUSTER,EN,2026,4,1365.0,4154.85
ETCBB517,3/8 X 5 DIST BIRCH HARVEST,COMPETITION BUSTER,COMPETITION BUSTER,EN,2026,5,2677.5,8247.23
ETCBB517,3/8 X 5 DIST BIRCH HARVEST,COMPETITION BUSTER,COMPETITION BUSTER,EN,2026,6,1758.75,5592.04
ETCBB517,3/8 X 5 DIST BIRCH HARVEST,COMPETITION BUSTER,COMPETITION BUSTER,EN,2026,7,472.5,1446.9
ETCBH5141,3/8 X 5 DIST HICKORY VINTAGE,COMPETITION BUSTER,COMPETITION BUSTER,EN,2023,8,26.25,83.74
ETCBH5141,3/8 X 5 DIST HICKORY VINTAGE,COMPETITION BUSTER,COMPETITION BUSTER,EN,2023,9,551.25,1803.11
ETCBH5141,3/8 X 5 DIST HICKORY VINTAGE,COMPETITION BUSTER,COMPETITION BUSTER,EN,2023,10,52.5,162.23
ETCBH5141,3/8 X 5 DIST HICKORY VINTAGE,COMPETITION BUSTER,COMPETITION BUSTER,EN,2023,11,997.5,3273.9
ETCBH5141,3/8 X 5 DIST HICKORY VINTAGE,COMPETITION BUSTER,COMPETITION BUSTER,EN,2023,12,157.5,518.18
ETCBH5141,3/8 X 5 DIST HICKORY VINTAGE,COMPETITION BUSTER,COMPETITION BUSTER,EN,2024,2,918.75,2983.31
ETCBH5141,3/8 X 5 DIST HICKORY VINTAGE,COMPETITION BUSTER,COMPETITION BUSTER,EN,2024,3,446.25,1415.66
ETCBH5141,3/8 X 5 DIST HICKORY VINTAGE,COMPETITION BUSTER,COMPETITION BUSTER,EN,2024,5,420.0,1371.3
ETCBH5141,3/8 X 5 DIST HICKORY VINTAGE,COMPETITION BUSTER,COMPETITION BUSTER,EN,2024,6,2756.25,9178.31
ETCBH5141,3/8 X 5 DIST HICKORY VINTAGE,COMPETITION BUSTER,COMPETITION BUSTER,EN,2024,7,498.75,1591.01
ETCBH5141,3/8 X 5 DIST HICKORY VINTAGE,COMPETITION BUSTER,COMPETITION BUSTER,EN,2024,8,787.5,2590.88
ETCBH5141,3/8 X 5 DIST HICKORY VINTAGE,COMPETITION BUSTER,COMPETITION BUSTER,EN,2024,9,1995.0,6469.05
ETCBH5141,3/8 X 5 DIST HICKORY VINTAGE,COMPETITION BUSTER,COMPETITION BUSTER,EN,2024,10,2388.75,7762.13
ETCBH5141,3/8 X 5 DIST HICKORY VINTAGE,COMPETITION BUSTER,COMPETITION BUSTER,EN,2024,11,1601.25,5157.86
ETCBH5141,3/8 X 5 DIST HICKORY VINTAGE,COMPETITION BUSTER,COMPETITION BUSTER,EN,2024,12,761.25,2504.51
ETCBH5141,3/8 X 5 DIST HICKORY VINTAGE,COMPETITION BUSTER,COMPETITION BUSTER,EN,2025,1,787.5,2590.88
ETCBH5141,3/8 X 5 DIST HICKORY VINTAGE,COMPETITION BUSTER,COMPETITION BUSTER,EN,2025,2,3228.75,10622.59
ETCBH5141,3/8 X 5 DIST HICKORY VINTAGE,COMPETITION BUSTER,COMPETITION BUSTER,EN,2025,3,131.25,429.19
ETCBH5141,3/8 X 5 DIST HICKORY VINTAGE,COMPETITION BUSTER,COMPETITION BUSTER,EN,2025,4,883.75,2821.18
ETCBH5141,3/8 X 5 DIST HICKORY VINTAGE,COMPETITION BUSTER,COMPETITION BUSTER,EN,2025,5,3780.0,12307.58
ETCBH5141,3/8 X 5 DIST HICKORY VINTAGE,COMPETITION BUSTER,COMPETITION BUSTER,EN,2025,6,131.25,431.81
ETCBH5141,3/8 X 5 DIST HICKORY VINTAGE,COMPETITION BUSTER,COMPETITION BUSTER,EN,2025,7,2152.5,6895.35
ETCBH5141,3/8 X 5 DIST HICKORY VINTAGE,COMPETITION BUSTER,COMPETITION BUSTER,EN,2025,8,2730.0,8824.2
ETCBH5141,3/8 X 5 DIST HICKORY VINTAGE,COMPETITION BUSTER,COMPETITION BUSTER,EN,2025,9,2336.25,7599.64
ETCBH5141,3/8 X 5 DIST HICKORY VINTAGE,COMPETITION BUSTER,COMPETITION BUSTER,EN,2025,10,0.0,0.0
ETCBH5141,3/8 X 5 DIST HICKORY VINTAGE,COMPETITION BUSTER,COMPETITION BUSTER,EN,2025,11,1391.25,4529.96
ETCBH5141,3/8 X 5 DIST HICKORY VINTAGE,COMPETITION BUSTER,COMPETITION BUSTER,EN,2025,12,498.75,1614.64
ETCBH5141,3/8 X 5 DIST HICKORY VINTAGE,COMPETITION BUSTER,COMPETITION BUSTER,EN,2026,1,1233.75,4032.79
ETCBH5141,3/8 X 5 DIST HICKORY VINTAGE,COMPETITION BUSTER,COMPETITION BUSTER,EN,2026,2,2152.5,7050.23
ETCBH5141,3/8 X 5 DIST HICKORY VINTAGE,COMPETITION BUSTER,COMPETITION BUSTER,EN,2026,3,1758.75,5610.41
ETCBH5141,3/8 X 5 DIST HICKORY VINTAGE,COMPETITION BUSTER,COMPETITION BUSTER,EN,2026,4,105.0,345.45
ETCBH5141,3/8 X 5 DIST HICKORY VINTAGE,COMPETITION BUSTER,COMPETITION BUSTER,EN,2026,5,1470.0,4823.18
ETCBH5141,3/8 X 5 DIST HICKORY VINTAGE,COMPETITION BUSTER,COMPETITION BUSTER,EN,2026,6,315.0,1012.73
ETCBH5141,3/8 X 5 DIST HICKORY VINTAGE,COMPETITION BUSTER,COMPETITION BUSTER,EN,2026,7,3911.25,12715.76
ETCBH523,3/8 X 5 DIST HICKORY ANTIQUE,COMPETITION BUSTER,COMPETITION BUSTER,EN,2023,8,26.25,91.61
ETCBH523,3/8 X 5 DIST HICKORY ANTIQUE,COMPETITION BUSTER,COMPETITION BUSTER,EN,2023,9,1811.25,5959.01
ETCBH523,3/8 X 5 DIST HICKORY ANTIQUE,COMPETITION BUSTER,COMPETITION BUSTER,EN,2023,10,78.75,259.09
ETCBH523,3/8 X 5 DIST HICKORY ANTIQUE,COMPETITION BUSTER,COMPETITION BUSTER,EN,2023,11,420.0,1352.93
ETCBH523,3/8 X 5 DIST HICKORY ANTIQUE,COMPETITION BUSTER,COMPETITION BUSTER,EN,2024,1,236.25,777.26
ETCBH523,3/8 X 5 DIST HICKORY ANTIQUE,COMPETITION BUSTER,COMPETITION BUSTER,EN,2024,3,577.5,1899.98
ETCBH523,3/8 X 5 DIST HICKORY ANTIQUE,COMPETITION BUSTER,COMPETITION BUSTER,EN,2024,4,-26.25,-86.36
ETCBH523,3/8 X 5 DIST HICKORY ANTIQUE,COMPETITION BUSTER,COMPETITION BUSTER,EN,2024,5,367.5,1209.08
ETCBH523,3/8 X 5 DIST HICKORY ANTIQUE,COMPETITION BUSTER,COMPETITION BUSTER,EN,2024,6,1076.25,3540.86
ETCBH523,3/8 X 5 DIST HICKORY ANTIQUE,COMPETITION BUSTER,COMPETITION BUSTER,EN,2024,8,1023.75,3368.14
ETCBH523,3/8 X 5 DIST HICKORY ANTIQUE,COMPETITION BUSTER,COMPETITION BUSTER,EN,2024,9,1863.75,6076.61
ETCBH523,3/8 X 5 DIST HICKORY ANTIQUE,COMPETITION BUSTER,COMPETITION BUSTER,EN,2024,10,393.75,1209.08
ETCBH523,3/8 X 5 DIST HICKORY ANTIQUE,COMPETITION BUSTER,COMPETITION BUSTER,EN,2024,12,105.0,345.45
ETCBH523,3/8 X 5 DIST HICKORY ANTIQUE,COMPETITION BUSTER,COMPETITION BUSTER,EN,2025,1,26.25,0.0
ETCBH523,3/8 X 5 DIST HICKORY ANTIQUE,COMPETITION BUSTER,COMPETITION BUSTER,EN,2025,2,2388.75,7620.11
ETCBH523,3/8 X 5 DIST HICKORY ANTIQUE,COMPETITION BUSTER,COMPETITION BUSTER,EN,2025,3,2178.75,7110.34
ETCBH523,3/8 X 5 DIST HICKORY ANTIQUE,COMPETITION BUSTER,COMPETITION BUSTER,EN,2025,4,78.75,259.09
ETCBH523,3/8 X 5 DIST HICKORY ANTIQUE,COMPETITION BUSTER,COMPETITION BUSTER,EN,2025,5,1102.5,3522.23
ETCBH523,3/8 X 5 DIST HICKORY ANTIQUE,COMPETITION BUSTER,COMPETITION BUSTER,EN,2025,6,2152.5,7081.73
ETCBH523,3/8 X 5 DIST HICKORY ANTIQUE,COMPETITION BUSTER,COMPETITION BUSTER,EN,2025,7,1627.5,5354.48
ETCBH523,3/8 X 5 DIST HICKORY ANTIQUE,COMPETITION BUSTER,COMPETITION BUSTER,EN,2025,8,708.75,2211.3
ETCBH523,3/8 X 5 DIST HICKORY ANTIQUE,COMPETITION BUSTER,COMPETITION BUSTER,EN,2025,9,498.75,1617.26
ETCBH523,3/8 X 5 DIST HICKORY ANTIQUE,COMPETITION BUSTER,COMPETITION BUSTER,EN,2025,10,1601.25,5107.99
ETCBH523,3/8 X 5 DIST HICKORY ANTIQUE,COMPETITION BUSTER,COMPETITION BUSTER,EN,2025,11,393.75,1295.44
ETCBH523,3/8 X 5 DIST HICKORY ANTIQUE,COMPETITION BUSTER,COMPETITION BUSTER,EN,2025,12,997.5,3255.53
ETCBH523,3/8 X 5 DIST HICKORY ANTIQUE,COMPETITION BUSTER,COMPETITION BUSTER,EN,2026,1,1076.25,3475.24
ETCBH523,3/8 X 5 DIST HICKORY ANTIQUE,COMPETITION BUSTER,COMPETITION BUSTER,EN,2026,2,1732.5,5686.8
ETCBH523,3/8 X 5 DIST HICKORY ANTIQUE,COMPETITION BUSTER,COMPETITION BUSTER,EN,2026,3,-210.0,-690.9
ETCBH523,3/8 X 5 DIST HICKORY ANTIQUE,COMPETITION BUSTER,COMPETITION BUSTER,EN,2026,4,708.75,2313.41
ETCBH523,3/8 X 5 DIST HICKORY ANTIQUE,COMPETITION BUSTER,COMPETITION BUSTER,EN,2026,5,1627.5,4992.49
ETCBH523,3/8 X 5 DIST HICKORY ANTIQUE,COMPETITION BUSTER,COMPETITION BUSTER,EN,2026,6,892.5,2849.7
ETCBH523,3/8 X 5 DIST HICKORY ANTIQUE,COMPETITION BUSTER,COMPETITION BUSTER,EN,2026,7,2651.25,8916.86
GFALO7501,"EURO OAK 7.5"" ALTURA",ALLORA BY GARRISON,ALLORA,EN,2023,8,1223.46,8115.04
GFALO7501,"EURO OAK 7.5"" ALTURA",ALLORA BY GARRISON,ALLORA,EN,2023,9,1068.1,6931.97
GFALO7501,"EURO OAK 7.5"" ALTURA",ALLORA BY GARRISON,ALLORA,EN,2023,10,5495.86,37503.32
GFALO7501,"EURO OAK 7.5"" ALTURA",ALLORA BY GARRISON,ALLORA,EN,2023,11,38.84,281.2
GFALO7501,"EURO OAK 7.5"" ALTURA",ALLORA BY GARRISON,ALLORA,EN,2024,2,5418.18,38047.86
GFALO7501,"EURO OAK 7.5"" ALTURA",ALLORA BY GARRISON,ALLORA,EN,2024,3,3553.86,24023.9
GFALO7501,"EURO OAK 7.5"" ALTURA",ALLORA BY GARRISON,ALLORA,EN,2024,4,19.42,126.04
GFALO7501,"EURO OAK 7.5"" ALTURA",ALLORA BY GARRISON,ALLORA,EN,2024,5,2932.42,18689.61
GFALO7501,"EURO OAK 7.5"" ALTURA",ALLORA BY GARRISON,ALLORA,EN,2024,6,971.0,6301.79
GFALO7501,"EURO OAK 7.5"" ALTURA",ALLORA BY GARRISON,ALLORA,EN,2024,7,1456.5,11025.71
GFALO7501,"EURO OAK 7.5"" ALTURA",ALLORA BY GARRISON,ALLORA,EN,2024,8,3864.58,26223.02
GFALO7501,"EURO OAK 7.5"" ALTURA",ALLORA BY GARRISON,ALLORA,EN,2024,9,19.42,174.59
GFALO7501,"EURO OAK 7.5"" ALTURA",ALLORA BY GARRISON,ALLORA,EN,2024,10,1514.76,12083.51
GFALO7501,"EURO OAK 7.5"" ALTURA",ALLORA BY GARRISON,ALLORA,EN,2024,11,4447.18,34181.34
GFALO7501,"EURO OAK 7.5"" ALTURA",ALLORA BY GARRISON,ALLORA,EN,2024,12,19.42,126.04
GFALO7501,"EURO OAK 7.5"" ALTURA",ALLORA BY GARRISON,ALLORA,EN,2025,1,1825.48,11472.56
GFALO7501,"EURO OAK 7.5"" ALTURA",ALLORA BY GARRISON,ALLORA,EN,2025,2,2932.42,19060.54
GFALO7501,"EURO OAK 7.5"" ALTURA",ALLORA BY GARRISON,ALLORA,EN,2025,3,19.42,126.04
GFALO7501,"EURO OAK 7.5"" ALTURA",ALLORA BY GARRISON,ALLORA,EN,2025,4,2563.44,19705.09
GFALO7501,"EURO OAK 7.5"" ALTURA",ALLORA BY GARRISON,ALLORA,EN,2025,5,2408.08,16832.48
GFALO7501,"EURO OAK 7.5"" ALTURA",ALLORA BY GARRISON,ALLORA,EN,2025,6,854.48,6827.3
GFALO7501,"EURO OAK 7.5"" ALTURA",ALLORA BY GARRISON,ALLORA,EN,2025,7,1165.2,7562.15
GFALO7501,"EURO OAK 7.5"" ALTURA",ALLORA BY GARRISON,ALLORA,EN,2025,8,4369.5,28358.06
GFALO7501,"EURO OAK 7.5"" ALTURA",ALLORA BY GARRISON,ALLORA,EN,2025,9,3262.56,23580.15
GFALO7501,"EURO OAK 7.5"" ALTURA",ALLORA BY GARRISON,ALLORA,EN,2025,10,19.42,135.75
GFALO7501,"EURO OAK 7.5"" ALTURA",ALLORA BY GARRISON,ALLORA,EN,2025,11,19.42,135.75
GFALO7501,"EURO OAK 7.5"" ALTURA",ALLORA BY GARRISON,ALLORA,EN,2026,2,19.42,0.0
GFALO7501,"EURO OAK 7.5"" ALTURA",ALLORA BY GARRISON,ALLORA,EN,2026,3,1009.84,7058.78
GFALO7501,"EURO OAK 7.5"" ALTURA",ALLORA BY GARRISON,ALLORA,EN,2026,4,3864.58,27054.2
GFALO7501,"EURO OAK 7.5"" ALTURA",ALLORA BY GARRISON,ALLORA,EN,2026,5,77.68,542.98
GFALO7501,"EURO OAK 7.5"" ALTURA",ALLORA BY GARRISON,ALLORA,EN,2026,6,1398.24,9633.87
GFALO7501,"EURO OAK 7.5"" ALTURA",ALLORA BY GARRISON,ALLORA,EN,2026,7,2505.18,17010.17
GFALO7501S,"EURO OAK 7.5"" ALTURA SELECT",ALLORA BY GARRISON,ALLORA,EN,2025,4,38.84,0.0
GFALO7501S,"EURO OAK 7.5"" ALTURA SELECT",ALLORA BY GARRISON,ALLORA,EN,2025,5,2213.88,21673.89
GFALO7501S,"EURO OAK 7.5"" ALTURA SELECT",ALLORA BY GARRISON,ALLORA,EN,2025,8,19.42,228.96
GFALO7501S,"EURO OAK 7.5"" ALTURA SELECT",ALLORA BY GARRISON,ALLORA,EN,2025,9,3146.04,30799.73
GFALO7501S,"EURO OAK 7.5"" ALTURA SELECT",ALLORA BY GARRISON,ALLORA,EN,2025,10,19.42,0.0
GFALO7501S,"EURO OAK 7.5"" ALTURA SELECT",ALLORA BY GARRISON,ALLORA,EN,2025,11,19.42,190.12
GFALO7501S,"EURO OAK 7.5"" ALTURA SELECT",ALLORA BY GARRISON,ALLORA,EN,2025,12,0.0,0.0
GFALO7501S,"EURO OAK 7.5"" ALTURA SELECT",ALLORA BY GARRISON,ALLORA,EN,2026,1,310.72,3041.95
GFALO7501S,"EURO OAK 7.5"" ALTURA SELECT",ALLORA BY GARRISON,ALLORA,EN,2026,2,58.26,570.37
GFALO7501S,"EURO OAK 7.5"" ALTURA SELECT",ALLORA BY GARRISON,ALLORA,EN,2026,3,5321.08,57651.38
GFALO7501S,"EURO OAK 7.5"" ALTURA SELECT",ALLORA BY GARRISON,ALLORA,EN,2026,4,19.42,0.0
GFALO7501S,"EURO OAK 7.5"" ALTURA SELECT",ALLORA BY GARRISON,ALLORA,EN,2026,5,2194.46,21483.76
GFALO7501S,"EURO OAK 7.5"" ALTURA SELECT",ALLORA BY GARRISON,ALLORA,EN,2026,6,233.04,2601.89
GFALO7502,"EURO OAK 7.5"" ARIA",ALLORA BY GARRISON,ALLORA,EN,2023,8,1767.22,11822.7
GFALO7502,"EURO OAK 7.5"" ARIA",ALLORA BY GARRISON,ALLORA,EN,2023,9,116.52,930.99
GFALO7502,"EURO OAK 7.5"" ARIA",ALLORA BY GARRISON,ALLORA,EN,2023,10,1514.76,9656.01
GFALO7502,"EURO OAK 7.5"" ARIA",ALLORA BY GARRISON,ALLORA,EN,2023,11,5942.52,38566.95
GFALO7502,"EURO OAK 7.5"" ARIA",ALLORA BY GARRISON,ALLORA,EN,2023,12,-19.42,-126.04
GFALO7502,"EURO OAK 7.5"" ARIA",ALLORA BY GARRISON,ALLORA,EN,2024,2,1864.32,14895.92
GFALO7502,"EURO OAK 7.5"" ARIA",ALLORA BY GARRISON,ALLORA,EN,2024,3,5204.56,28928.42
GFALO7502,"EURO OAK 7.5"" ARIA",ALLORA BY GARRISON,ALLORA,EN,2024,4,1495.34,11947.77
GFALO7502,"EURO OAK 7.5"" ARIA",ALLORA BY GARRISON,ALLORA,EN,2024,5,2893.58,20880.58
GFALO7502,"EURO OAK 7.5"" ARIA",ALLORA BY GARRISON,ALLORA,EN,2024,6,737.96,5636.07
GFALO7502,"EURO OAK 7.5"" ARIA",ALLORA BY GARRISON,ALLORA,EN,2024,7,19.42,155.17
GFALO7502,"EURO OAK 7.5"" ARIA",ALLORA BY GARRISON,ALLORA,EN,2024,8,1048.68,6805.93
GFALO7502,"EURO OAK 7.5"" ARIA",ALLORA BY GARRISON,ALLORA,EN,2024,9,194.2,1260.36
GFALO7502,"EURO OAK 7.5"" ARIA",ALLORA BY GARRISON,ALLORA,EN,2024,10,6447.44,40830.16
GFALO7502,"EURO OAK 7.5"" ARIA",ALLORA BY GARRISON,ALLORA,EN,2024,11,1689.54,13266.38
GFALO7502,"EURO OAK 7.5"" ARIA",ALLORA BY GARRISON,ALLORA,EN,2025,1,19.42,155.17
GFALO7502,"EURO OAK 7.5"" ARIA",ALLORA BY GARRISON,ALLORA,EN,2025,2,1087.52,8689.28
GFALO7502,"EURO OAK 7.5"" ARIA",ALLORA BY GARRISON,ALLORA,EN,2025,3,4447.18,28685.09
GFALO7502,"EURO OAK 7.5"" ARIA",ALLORA BY GARRISON,ALLORA,EN,2025,4,757.38,5899.99
GFALO7502,"EURO OAK 7.5"" ARIA",ALLORA BY GARRISON,ALLORA,EN,2025,5,4078.2,26389.84
GFALO7502,"EURO OAK 7.5"" ARIA",ALLORA BY GARRISON,ALLORA,EN,2025,6,835.06,5419.54
GFALO7502,"EURO OAK 7.5"" ARIA",ALLORA BY GARRISON,ALLORA,EN,2025,7,1592.44,10975.8
GFALO7502,"EURO OAK 7.5"" ARIA",ALLORA BY GARRISON,ALLORA,EN,2025,8,1689.54,14344.19
GFALO7502,"EURO OAK 7.5"" ARIA",ALLORA BY GARRISON,ALLORA,EN,2025,10,271.88,2308.26
GFALO7502,"EURO OAK 7.5"" ARIA",ALLORA BY GARRISON,ALLORA,EN,2025,11,2077.94,17641.71
GFALO7502,"EURO OAK 7.5"" ARIA",ALLORA BY GARRISON,ALLORA,EN,2025,12,1068.1,7050.43
GFALO7502,"EURO OAK 7.5"" ARIA",ALLORA BY GARRISON,ALLORA,EN,2026,4,388.4,2608.3
GFALO7502,"EURO OAK 7.5"" ARIA",ALLORA BY GARRISON,ALLORA,EN,2026,5,1553.6,10859.66
GFALO7502,"EURO OAK 7.5"" ARIA",ALLORA BY GARRISON,ALLORA,EN,2026,7,776.8,7371.83
GFALO7503,"EURO OAK 7.5"" DOMA",ALLORA BY GARRISON,ALLORA,EN,2023,8,-77.68,-620.66
GFALO7503,"EURO OAK 7.5"" DOMA",ALLORA BY GARRISON,ALLORA,EN,2023,9,2777.06,19770.92
GFALO7503,"EURO OAK 7.5"" DOMA",ALLORA BY GARRISON,ALLORA,EN,2023,10,12894.88,93632.75
GFALO7503,"EURO OAK 7.5"" DOMA",ALLORA BY GARRISON,ALLORA,EN,2023,11,7845.68,57464.95
GFALO7503,"EURO OAK 7.5"" DOMA",ALLORA BY GARRISON,ALLORA,EN,2023,12,3437.34,22318.05
GFALO7503,"EURO OAK 7.5"" DOMA",ALLORA BY GARRISON,ALLORA,EN,2024,1,3825.74,28338.25
GFALO7503,"EURO OAK 7.5"" DOMA",ALLORA BY GARRISON,ALLORA,EN,2024,2,3087.78,19251.24
GFALO7503,"EURO OAK 7.5"" DOMA",ALLORA BY GARRISON,ALLORA,EN,2024,3,543.76,3560.07
GFALO7503,"EURO OAK 7.5"" DOMA",ALLORA BY GARRISON,ALLORA,EN,2024,4,3340.24,21765.55
GFALO7503,"EURO OAK 7.5"" DOMA",ALLORA BY GARRISON,ALLORA,EN,2024,5,7612.64,48493.29
GFALO7503,"EURO OAK 7.5"" DOMA",ALLORA BY GARRISON,ALLORA,EN,2024,6,6855.26,47077.38
GFALO7503,"EURO OAK 7.5"" DOMA",ALLORA BY GARRISON,ALLORA,EN,2024,7,4388.92,31577.7
GFALO7503,"EURO OAK 7.5"" DOMA",ALLORA BY GARRISON,ALLORA,EN,2024,8,10117.82,67433.81
GFALO7503,"EURO OAK 7.5"" DOMA",ALLORA BY GARRISON,ALLORA,EN,2024,9,2718.8,17907.18
GFALO7503,"EURO OAK 7.5"" DOMA",ALLORA BY GARRISON,ALLORA,EN,2024,10,4855.0,32333.52
GFALO7503,"EURO OAK 7.5"" DOMA",ALLORA BY GARRISON,ALLORA,EN,2024,11,2718.8,18917.02
GFALO7503,"EURO OAK 7.5"" DOMA",ALLORA BY GARRISON,ALLORA,EN,2024,12,2679.96,19769.95
GFALO7503,"EURO OAK 7.5"" DOMA",ALLORA BY GARRISON,ALLORA,EN,2025,1,9205.08,67799.3
GFALO7503,"EURO OAK 7.5"" DOMA",ALLORA BY GARRISON,ALLORA,EN,2025,2,4097.62,26894.56
GFALO7503,"EURO OAK 7.5"" DOMA",ALLORA BY GARRISON,ALLORA,EN,2025,3,4796.74,29077.18
GFALO7503,"EURO OAK 7.5"" DOMA",ALLORA BY GARRISON,ALLORA,EN,2025,4,11865.62,90332.32
GFALO7503,"EURO OAK 7.5"" DOMA",ALLORA BY GARRISON,ALLORA,EN,2025,5,6991.2,48876.26
GFALO7503,"EURO OAK 7.5"" DOMA",ALLORA BY GARRISON,ALLORA,EN,2025,6,6389.18,41494.91
GFALO7503,"EURO OAK 7.5"" DOMA",ALLORA BY GARRISON,ALLORA,EN,2025,7,3631.54,21490.95
GFALO7503,"EURO OAK 7.5"" DOMA",ALLORA BY GARRISON,ALLORA,EN,2025,8,7981.62,62588.52
GFALO7503,"EURO OAK 7.5"" DOMA",ALLORA BY GARRISON,ALLORA,EN,2025,9,2796.48,22386.6
GFALO7503,"EURO OAK 7.5"" DOMA",ALLORA BY GARRISON,ALLORA,EN,2025,10,3612.12,23210.78
GFALO7503,"EURO OAK 7.5"" DOMA",ALLORA BY GARRISON,ALLORA,EN,2025,11,3243.14,22708.39
GFALO7503,"EURO OAK 7.5"" DOMA",ALLORA BY GARRISON,ALLORA,EN,2025,12,14545.58,106099.03
GFALO7503,"EURO OAK 7.5"" DOMA",ALLORA BY GARRISON,ALLORA,EN,2026,1,1864.32,13196.67
GFALO7503,"EURO OAK 7.5"" DOMA",ALLORA BY GARRISON,ALLORA,EN,2026,2,271.88,1881.22
GFALO7503,"EURO OAK 7.5"" DOMA",ALLORA BY GARRISON,ALLORA,EN,2026,3,1048.68,7388.53
GFALO7503,"EURO OAK 7.5"" DOMA",ALLORA BY GARRISON,ALLORA,EN,2026,4,3650.96,27687.48
GFALO7503,"EURO OAK 7.5"" DOMA",ALLORA BY GARRISON,ALLORA,EN,2026,5,6330.92,43196.68
GFALO7503,"EURO OAK 7.5"" DOMA",ALLORA BY GARRISON,ALLORA,EN,2026,6,2272.14,14872.42
GFALO7503,"EURO OAK 7.5"" DOMA",ALLORA BY GARRISON,ALLORA,EN,2026,7,6330.92,42699.53
GFALO7503S,"EURO OAK 7.5"" DOMA SELECT",ALLORA BY GARRISON,ALLORA,EN,2023,8,4874.42,43914.25
GFALO7503S,"EURO OAK 7.5"" DOMA SELECT",ALLORA BY GARRISON,ALLORA,EN,2023,9,4350.08,44890.5
GFALO7503S,"EURO OAK 7.5"" DOMA SELECT",ALLORA BY GARRISON,ALLORA,EN,2023,10,4466.6,44988.37
GFALO7503S,"EURO OAK 7.5"" DOMA SELECT",ALLORA BY GARRISON,ALLORA,EN,2023,11,3650.96,33719.33
GFALO7503S,"EURO OAK 7.5"" DOMA SELECT",ALLORA BY GARRISON,ALLORA,EN,2023,12,3204.3,29777.66
GFALO7503S,"EURO OAK 7.5"" DOMA SELECT",ALLORA BY GARRISON,ALLORA,EN,2024,1,13671.68,126303.02
GFALO7503S,"EURO OAK 7.5"" DOMA SELECT",ALLORA BY GARRISON,ALLORA,EN,2024,2,5651.22,55222.71
GFALO7503S,"EURO OAK 7.5"" DOMA SELECT",ALLORA BY GARRISON,ALLORA,EN,2024,3,2408.08,23130.58
GFALO7503S,"EURO OAK 7.5"" DOMA SELECT",ALLORA BY GARRISON,ALLORA,EN,2024,4,8059.3,72671.19
GFALO7503S,"EURO OAK 7.5"" DOMA SELECT",ALLORA BY GARRISON,ALLORA,EN,2024,5,3884.0,37677.91
GFALO7503S,"EURO OAK 7.5"" DOMA SELECT",ALLORA BY GARRISON,ALLORA,EN,2024,6,2058.52,22823.16
GFALO7503S,"EURO OAK 7.5"" DOMA SELECT",ALLORA BY GARRISON,ALLORA,EN,2024,7,3650.96,35003.0
GFALO7503S,"EURO OAK 7.5"" DOMA SELECT",ALLORA BY GARRISON,ALLORA,EN,2024,8,7107.72,70128.34
GFALO7503S,"EURO OAK 7.5"" DOMA SELECT",ALLORA BY GARRISON,ALLORA,EN,2024,9,10525.64,102960.76
GFALO7503S,"EURO OAK 7.5"" DOMA SELECT",ALLORA BY GARRISON,ALLORA,EN,2024,10,1009.84,9393.07
GFALO7503S,"EURO OAK 7.5"" DOMA SELECT",ALLORA BY GARRISON,ALLORA,EN,2024,11,3592.7,36410.36
GFALO7503S,"EURO OAK 7.5"" DOMA SELECT",ALLORA BY GARRISON,ALLORA,EN,2024,12,6699.9,61232.43
GFALO7503S,"EURO OAK 7.5"" DOMA SELECT",ALLORA BY GARRISON,ALLORA,EN,2025,1,1961.42,17829.31
GFALO7503S,"EURO OAK 7.5"" DOMA SELECT",ALLORA BY GARRISON,ALLORA,EN,2025,2,1029.26,10988.22
GFALO7503S,"EURO OAK 7.5"" DOMA SELECT",ALLORA BY GARRISON,ALLORA,EN,2025,3,9399.28,89902.17
GFALO7503S,"EURO OAK 7.5"" DOMA SELECT",ALLORA BY GARRISON,ALLORA,EN,2025,4,7360.18,74487.55
GFALO7503S,"EURO OAK 7.5"" DOMA SELECT",ALLORA BY GARRISON,ALLORA,EN,2025,5,17497.42,163240.44
GFALO7503S,"EURO OAK 7.5"" DOMA SELECT",ALLORA BY GARRISON,ALLORA,EN,2025,6,1456.5,13053.74
GFALO7503S,"EURO OAK 7.5"" DOMA SELECT",ALLORA BY GARRISON,ALLORA,EN,2025,7,8234.08,81936.09
GFALO7503S,"EURO OAK 7.5"" DOMA SELECT",ALLORA BY GARRISON,ALLORA,EN,2025,8,10622.74,103144.09
GFALO7503S,"EURO OAK 7.5"" DOMA SELECT",ALLORA BY GARRISON,ALLORA,EN,2025,9,4505.44,42754.68
GFALO7503S,"EURO OAK 7.5"" DOMA SELECT",ALLORA BY GARRISON,ALLORA,EN,2025,10,8797.26,89121.68
GFALO7503S,"EURO OAK 7.5"" DOMA SELECT",ALLORA BY GARRISON,ALLORA,EN,2025,11,38.84,409.37
GFALO7503S,"EURO OAK 7.5"" DOMA SELECT",ALLORA BY GARRISON,ALLORA,EN,2025,12,2194.46,21638.74
GFALO7503S,"EURO OAK 7.5"" DOMA SELECT",ALLORA BY GARRISON,ALLORA,EN,2026,1,6117.3,61497.51
GFALO7503S,"EURO OAK 7.5"" DOMA SELECT",ALLORA BY GARRISON,ALLORA,EN,2026,2,2466.34,24831.38
GFALO7503S,"EURO OAK 7.5"" DOMA SELECT",ALLORA BY GARRISON,ALLORA,EN,2026,3,1922.58,18952.17
GFALO7503S,"EURO OAK 7.5"" DOMA SELECT",ALLORA BY GARRISON,ALLORA,EN,2026,4,2757.64,28930.75
GFALO7503S,"EURO OAK 7.5"" DOMA SELECT",ALLORA BY GARRISON,ALLORA,EN,2026,5,2349.82,22981.43
GFALO7503S,"EURO OAK 7.5"" DOMA SELECT",ALLORA BY GARRISON,ALLORA,EN,2026,6,543.76,5323.41
GFALO7503S,"EURO OAK 7.5"" DOMA SELECT",ALLORA BY GARRISON,ALLORA,EN,2026,7,233.04,2285.35
GFALO7504,"EURO OAK 7.5"" LUNA",ALLORA BY GARRISON,ALLORA,EN,2023,8,2310.98,18464.73
GFALO7504,"EURO OAK 7.5"" LUNA",ALLORA BY GARRISON,ALLORA,EN,2023,9,563.18,3655.04
GFALO7504,"EURO OAK 7.5"" LUNA",ALLORA BY GARRISON,ALLORA,EN,2023,10,2213.88,14368.08
GFALO7504,"EURO OAK 7.5"" LUNA",ALLORA BY GARRISON,ALLORA,EN,2023,11,4350.08,27797.01
GFALO7504,"EURO OAK 7.5"" LUNA",ALLORA BY GARRISON,ALLORA,EN,2023,12,2835.32,21178.29
GFALO7504,"EURO OAK 7.5"" LUNA",ALLORA BY GARRISON,ALLORA,EN,2024,1,1281.72,9328.2
GFALO7504,"EURO OAK 7.5"" LUNA",ALLORA BY GARRISON,ALLORA,EN,2024,3,466.08,3024.86
GFALO7504,"EURO OAK 7.5"" LUNA",ALLORA BY GARRISON,ALLORA,EN,2024,4,-194.2,-1289.68
GFALO7504,"EURO OAK 7.5"" LUNA",ALLORA BY GARRISON,ALLORA,EN,2024,5,543.76,3529.0
GFALO7504,"EURO OAK 7.5"" LUNA",ALLORA BY GARRISON,ALLORA,EN,2024,7,2039.1,15136.92
GFALO7504,"EURO OAK 7.5"" LUNA",ALLORA BY GARRISON,ALLORA,EN,2024,8,2524.6,19085.98
GFALO7504,"EURO OAK 7.5"" LUNA",ALLORA BY GARRISON,ALLORA,EN,2024,9,19.42,155.17
GFALO7504,"EURO OAK 7.5"" LUNA",ALLORA BY GARRISON,ALLORA,EN,2024,10,990.42,6427.83
GFALO7504,"EURO OAK 7.5"" LUNA",ALLORA BY GARRISON,ALLORA,EN,2024,11,4408.34,28437.87
GFALO7504,"EURO OAK 7.5"" LUNA",ALLORA BY GARRISON,ALLORA,EN,2024,12,1262.3,8633.16
GFALO7504,"EURO OAK 7.5"" LUNA",ALLORA BY GARRISON,ALLORA,EN,2025,1,971.0,6360.05
GFALO7504,"EURO OAK 7.5"" LUNA",ALLORA BY GARRISON,ALLORA,EN,2025,2,38.84,310.33
GFALO7504,"EURO OAK 7.5"" LUNA",ALLORA BY GARRISON,ALLORA,EN,2025,5,19.42,126.04
GFALO7504,"EURO OAK 7.5"" LUNA",ALLORA BY GARRISON,ALLORA,EN,2025,6,310.72,2511.78
GFALO7504,"EURO OAK 7.5"" LUNA",ALLORA BY GARRISON,ALLORA,EN,2025,7,271.88,1929.57
GFALO7504,"EURO OAK 7.5"" LUNA",ALLORA BY GARRISON,ALLORA,EN,2025,8,1165.2,8144.75
GFALO7504,"EURO OAK 7.5"" LUNA",ALLORA BY GARRISON,ALLORA,EN,2025,9,1942.0,13234.34
GFALO7504,"EURO OAK 7.5"" LUNA",ALLORA BY GARRISON,ALLORA,EN,2025,10,194.2,1707.02
GFALO7504,"EURO OAK 7.5"" LUNA",ALLORA BY GARRISON,ALLORA,EN,2025,12,718.54,5022.59
GFALO7504,"EURO OAK 7.5"" LUNA",ALLORA BY GARRISON,ALLORA,EN,2026,3,174.78,1221.71
GFALO7504,"EURO OAK 7.5"" LUNA",ALLORA BY GARRISON,ALLORA,EN,2026,4,77.68,542.98
GFALO7504,"EURO OAK 7.5"" LUNA",ALLORA BY GARRISON,ALLORA,EN,2026,5,427.24,2996.31
GFALO7504,"EURO OAK 7.5"" LUNA",ALLORA BY GARRISON,ALLORA,EN,2026,6,-291.3,-2181.84
GFALO7504S,"EURO OAK 7.5"" LUNA SELECT",ALLORA BY GARRISON,ALLORA,EN,2023,8,1611.86,14775.71
GFALO7504S,"EURO OAK 7.5"" LUNA SELECT",ALLORA BY GARRISON,ALLORA,EN,2023,9,718.54,7723.92
GFALO7504S,"EURO OAK 7.5"" LUNA SELECT",ALLORA BY GARRISON,ALLORA,EN,2023,10,368.98,3427.82
GFALO7504S,"EURO OAK 7.5"" LUNA SELECT",ALLORA BY GARRISON,ALLORA,EN,2023,11,38.84,360.82
GFALO7504S,"EURO OAK 7.5"" LUNA SELECT",ALLORA BY GARRISON,ALLORA,EN,2023,12,2524.6,22307.75
GFALO7504S,"EURO OAK 7.5"" LUNA SELECT",ALLORA BY GARRISON,ALLORA,EN,2024,1,2718.8,29879.61
GFALO7504S,"EURO OAK 7.5"" LUNA SELECT",ALLORA BY GARRISON,ALLORA,EN,2024,2,2505.18,22527.39
GFALO7504S,"EURO OAK 7.5"" LUNA SELECT",ALLORA BY GARRISON,ALLORA,EN,2024,3,-310.72,-3661.25
GFALO7504S,"EURO OAK 7.5"" LUNA SELECT",ALLORA BY GARRISON,ALLORA,EN,2024,4,5204.56,48494.07
GFALO7504S,"EURO OAK 7.5"" LUNA SELECT",ALLORA BY GARRISON,ALLORA,EN,2024,5,3340.24,30889.45
GFALO7504S,"EURO OAK 7.5"" LUNA SELECT",ALLORA BY GARRISON,ALLORA,EN,2024,6,5864.84,57805.18
GFALO7504S,"EURO OAK 7.5"" LUNA SELECT",ALLORA BY GARRISON,ALLORA,EN,2024,7,951.58,8943.1
GFALO7504S,"EURO OAK 7.5"" LUNA SELECT",ALLORA BY GARRISON,ALLORA,EN,2024,10,2777.06,28109.87
GFALO7504S,"EURO OAK 7.5"" LUNA SELECT",ALLORA BY GARRISON,ALLORA,EN,2024,11,776.8,7216.47
GFALO7504S,"EURO OAK 7.5"" LUNA SELECT",ALLORA BY GARRISON,ALLORA,EN,2024,12,-776.8,-7216.47
GFALO7504S,"EURO OAK 7.5"" LUNA SELECT",ALLORA BY GARRISON,ALLORA,EN,2025,2,1825.48,18554.06
GFALO7504S,"EURO OAK 7.5"" LUNA SELECT",ALLORA BY GARRISON,ALLORA,EN,2025,3,349.56,3247.41
GFALO7504S,"EURO OAK 7.5"" LUNA SELECT",ALLORA BY GARRISON,ALLORA,EN,2025,4,3087.78,29273.9
GFALO7504S,"EURO OAK 7.5"" LUNA SELECT",ALLORA BY GARRISON,ALLORA,EN,2025,5,9768.26,95528.53
GFALO7504S,"EURO OAK 7.5"" LUNA SELECT",ALLORA BY GARRISON,ALLORA,EN,2025,6,135.94,1170.64
GFALO7504S,"EURO OAK 7.5"" LUNA SELECT",ALLORA BY GARRISON,ALLORA,EN,2025,7,19.42,219.25
GFALO7504S,"EURO OAK 7.5"" LUNA SELECT",ALLORA BY GARRISON,ALLORA,EN,2025,8,38.84,438.5
GFALO7504S,"EURO OAK 7.5"" LUNA SELECT",ALLORA BY GARRISON,ALLORA,EN,2025,9,77.68,789.62
GFALO7504S,"EURO OAK 7.5"" LUNA SELECT",ALLORA BY GARRISON,ALLORA,EN,2025,10,3689.8,40550.9
GFALO7504S,"EURO OAK 7.5"" LUNA SELECT",ALLORA BY GARRISON,ALLORA,EN,2025,11,1980.84,17887.37
GFALO7504S,"EURO OAK 7.5"" LUNA SELECT",ALLORA BY GARRISON,ALLORA,EN,2025,12,485.5,4753.05
GFALO7504S,"EURO OAK 7.5"" LUNA SELECT",ALLORA BY GARRISON,ALLORA,EN,2026,1,19.42,101.96
GFALO7504S,"EURO OAK 7.5"" LUNA SELECT",ALLORA BY GARRISON,ALLORA,EN,2026,2,2388.66,23384.98
GFALO7504S,"EURO OAK 7.5"" LUNA SELECT",ALLORA BY GARRISON,ALLORA,EN,2026,3,1475.92,13858.89
GFALO7504S,"EURO OAK 7.5"" LUNA SELECT",ALLORA BY GARRISON,ALLORA,EN,2026,6,233.04,2281.46
GFALO7504S,"EURO OAK 7.5"" LUNA SELECT",ALLORA BY GARRISON,ALLORA,EN,2026,7,2777.06,29131.36
GFALO7505,"EURO OAK 7.5"" SELLA",ALLORA BY GARRISON,ALLORA,EN,2023,8,4583.12,33624.56
GFALO7505,"EURO OAK 7.5"" SELLA",ALLORA BY GARRISON,ALLORA,EN,2023,9,2291.56,18262.96
GFALO7505,"EURO OAK 7.5"" SELLA",ALLORA BY GARRISON,ALLORA,EN,2023,10,951.58,7513.79
GFALO7505,"EURO OAK 7.5"" SELLA",ALLORA BY GARRISON,ALLORA,EN,2023,11,3301.4,22340.77
GFALO7505,"EURO OAK 7.5"" SELLA",ALLORA BY GARRISON,ALLORA,EN,2023,12,58.26,261.59
GFALO7505,"EURO OAK 7.5"" SELLA",ALLORA BY GARRISON,ALLORA,EN,2024,1,19.42,126.04
GFALO7505,"EURO OAK 7.5"" SELLA",ALLORA BY GARRISON,ALLORA,EN,2024,3,990.42,6427.83
GFALO7505,"EURO OAK 7.5"" SELLA",ALLORA BY GARRISON,ALLORA,EN,2024,4,5981.36,36578.74
GFALO7505,"EURO OAK 7.5"" SELLA",ALLORA BY GARRISON,ALLORA,EN,2024,5,3689.8,26481.11
GFALO7505,"EURO OAK 7.5"" SELLA",ALLORA BY GARRISON,ALLORA,EN,2024,6,5398.76,35067.08
GFALO7505,"EURO OAK 7.5"" SELLA",ALLORA BY GARRISON,ALLORA,EN,2024,7,1301.14,8314.28
GFALO7505,"EURO OAK 7.5"" SELLA",ALLORA BY GARRISON,ALLORA,EN,2024,8,718.54,5537.22
GFALO7505,"EURO OAK 7.5"" SELLA",ALLORA BY GARRISON,ALLORA,EN,2024,10,2893.58,19200.75
GFALO7505,"EURO OAK 7.5"" SELLA",ALLORA BY GARRISON,ALLORA,EN,2024,11,1359.4,9579.89
GFALO7505,"EURO OAK 7.5"" SELLA",ALLORA BY GARRISON,ALLORA,EN,2024,12,1670.12,13140.35
GFALO7505,"EURO OAK 7.5"" SELLA",ALLORA BY GARRISON,ALLORA,EN,2025,1,3243.14,22795.97
GFALO7505,"EURO OAK 7.5"" SELLA",ALLORA BY GARRISON,ALLORA,EN,2025,2,3534.44,25492.25
GFALO7505,"EURO OAK 7.5"" SELLA",ALLORA BY GARRISON,ALLORA,EN,2025,3,2330.4,15444.73
GFALO7505,"EURO OAK 7.5"" SELLA",ALLORA BY GARRISON,ALLORA,EN,2025,4,4486.02,30393.27
GFALO7505,"EURO OAK 7.5"" SELLA",ALLORA BY GARRISON,ALLORA,EN,2025,5,3767.48,26251.18
GFALO7505,"EURO OAK 7.5"" SELLA",ALLORA BY GARRISON,ALLORA,EN,2025,6,15341.8,106713.29
GFALO7505,"EURO OAK 7.5"" SELLA",ALLORA BY GARRISON,ALLORA,EN,2025,7,5631.8,45195.39
GFALO7505,"EURO OAK 7.5"" SELLA",ALLORA BY GARRISON,ALLORA,EN,2025,8,194.2,-180.61
GFALO7505,"EURO OAK 7.5"" SELLA",ALLORA BY GARRISON,ALLORA,EN,2025,9,621.44,4890.54
GFALO7505,"EURO OAK 7.5"" SELLA",ALLORA BY GARRISON,ALLORA,EN,2025,10,2990.68,23351.77
GFALO7505,"EURO OAK 7.5"" SELLA",ALLORA BY GARRISON,ALLORA,EN,2025,11,-38.84,-620.66
GFALO7505,"EURO OAK 7.5"" SELLA",ALLORA BY GARRISON,ALLORA,EN,2025,12,116.52,814.47
GFALO7505,"EURO OAK 7.5"" SELLA",ALLORA BY GARRISON,ALLORA,EN,2026,1,271.88,2308.26
GFALO7505,"EURO OAK 7.5"" SELLA",ALLORA BY GARRISON,ALLORA,EN,2026,2,2310.98,16324.84
GFALO7505,"EURO OAK 7.5"" SELLA",ALLORA BY GARRISON,ALLORA,EN,2026,3,524.34,3839.92
GFALO7505,"EURO OAK 7.5"" SELLA",ALLORA BY GARRISON,ALLORA,EN,2026,4,1728.38,11217.19
GFALO7505,"EURO OAK 7.5"" SELLA",ALLORA BY GARRISON,ALLORA,EN,2026,5,5088.04,35681.92
GFALO7505S,"EURO OAK 7.5"" SELLA SELECT",ALLORA BY GARRISON,ALLORA,EN,2023,8,4058.78,37049.67
GFALO7505S,"EURO OAK 7.5"" SELLA SELECT",ALLORA BY GARRISON,ALLORA,EN,2023,9,4621.96,45000.41
GFALO7505S,"EURO OAK 7.5"" SELLA SELECT",ALLORA BY GARRISON,ALLORA,EN,2023,10,3884.0,40468.95
GFALO7505S,"EURO OAK 7.5"" SELLA SELECT",ALLORA BY GARRISON,ALLORA,EN,2023,11,3748.06,36413.86
GFALO7505S,"EURO OAK 7.5"" SELLA SELECT",ALLORA BY GARRISON,ALLORA,EN,2023,12,2951.84,30652.14
GFALO7505S,"EURO OAK 7.5"" SELLA SELECT",ALLORA BY GARRISON,ALLORA,EN,2024,1,2446.92,22149.29
GFALO7505S,"EURO OAK 7.5"" SELLA SELECT",ALLORA BY GARRISON,ALLORA,EN,2024,2,2738.22,26690.65
GFALO7505S,"EURO OAK 7.5"" SELLA SELECT",ALLORA BY GARRISON,ALLORA,EN,2024,3,1961.42,18041.18
GFALO7505S,"EURO OAK 7.5"" SELLA SELECT",ALLORA BY GARRISON,ALLORA,EN,2024,4,563.18,5231.94
GFALO7505S,"EURO OAK 7.5"" SELLA SELECT",ALLORA BY GARRISON,ALLORA,EN,2024,5,5592.96,56706.79
GFALO7505S,"EURO OAK 7.5"" SELLA SELECT",ALLORA BY GARRISON,ALLORA,EN,2024,6,3223.72,30942.27
GFALO7505S,"EURO OAK 7.5"" SELLA SELECT",ALLORA BY GARRISON,ALLORA,EN,2024,7,757.38,7036.06
GFALO7505S,"EURO OAK 7.5"" SELLA SELECT",ALLORA BY GARRISON,ALLORA,EN,2024,8,2854.74,26049.02
GFALO7505S,"EURO OAK 7.5"" SELLA SELECT",ALLORA BY GARRISON,ALLORA,EN,2024,9,2835.32,26176.22
GFALO7505S,"EURO OAK 7.5"" SELLA SELECT",ALLORA BY GARRISON,ALLORA,EN,2024,10,4835.58,46606.25
GFALO7505S,"EURO OAK 7.5"" SELLA SELECT",ALLORA BY GARRISON,ALLORA,EN,2024,11,1437.08,13157.44
GFALO7505S,"EURO OAK 7.5"" SELLA SELECT",ALLORA BY GARRISON,ALLORA,EN,2024,12,407.82,2487.7
GFALO7505S,"EURO OAK 7.5"" SELLA SELECT",ALLORA BY GARRISON,ALLORA,EN,2025,1,990.42,10686.63
GFALO7505S,"EURO OAK 7.5"" SELLA SELECT",ALLORA BY GARRISON,ALLORA,EN,2025,2,5223.98,47987.99
GFALO7505S,"EURO OAK 7.5"" SELLA SELECT",ALLORA BY GARRISON,ALLORA,EN,2025,3,1534.18,16036.45
GFALO7505S,"EURO OAK 7.5"" SELLA SELECT",ALLORA BY GARRISON,ALLORA,EN,2025,4,38.84,2.72
GFALO7505S,"EURO OAK 7.5"" SELLA SELECT",ALLORA BY GARRISON,ALLORA,EN,2025,5,4097.62,37608.58
GFALO7505S,"EURO OAK 7.5"" SELLA SELECT",ALLORA BY GARRISON,ALLORA,EN,2025,6,3165.46,29548.89
GFALO7505S,"EURO OAK 7.5"" SELLA SELECT",ALLORA BY GARRISON,ALLORA,EN,2025,7,4835.58,48845.38
GFALO7505S,"EURO OAK 7.5"" SELLA SELECT",ALLORA BY GARRISON,ALLORA,EN,2025,8,1417.66,14269.23
GFALO7505S,"EURO OAK 7.5"" SELLA SELECT",ALLORA BY GARRISON,ALLORA,EN,2025,9,854.48,8365.36
GFALO7505S,"EURO OAK 7.5"" SELLA SELECT",ALLORA BY GARRISON,ALLORA,EN,2025,10,2893.58,28095.11
GFALO7505S,"EURO OAK 7.5"" SELLA SELECT",ALLORA BY GARRISON,ALLORA,EN,2025,11,1301.14,12767.29
GFALO7505S,"EURO OAK 7.5"" SELLA SELECT",ALLORA BY GARRISON,ALLORA,EN,2025,12,4486.02,40861.43
GFALO7505S,"EURO OAK 7.5"" SELLA SELECT",ALLORA BY GARRISON,ALLORA,EN,2026,1,6233.82,61941.06
GFALO7505S,"EURO OAK 7.5"" SELLA SELECT",ALLORA BY GARRISON,ALLORA,EN,2026,2,2369.24,24764.0
GFALO7505S,"EURO OAK 7.5"" SELLA SELECT",ALLORA BY GARRISON,ALLORA,EN,2026,3,7088.3,55580.23
GFALO7505S,"EURO OAK 7.5"" SELLA SELECT",ALLORA BY GARRISON,ALLORA,EN,2026,4,5670.64,56170.99
GFALO7505S,"EURO OAK 7.5"" SELLA SELECT",ALLORA BY GARRISON,ALLORA,EN,2026,5,1786.64,17324.19
GFALO7505S,"EURO OAK 7.5"" SELLA SELECT",ALLORA BY GARRISON,ALLORA,EN,2026,6,-194.2,-1872.09
GFALO7505S,"EURO OAK 7.5"" SELLA SELECT",ALLORA BY GARRISON,ALLORA,EN,2026,7,2330.4,23915.73
GFALO7506,"EURO OAK 7.5"" STRADA",ALLORA BY GARRISON,ALLORA,EN,2023,8,1883.74,14487.9
GFALO7506,"EURO OAK 7.5"" STRADA",ALLORA BY GARRISON,ALLORA,EN,2023,9,3359.66,21138.09
GFALO7506,"EURO OAK 7.5"" STRADA",ALLORA BY GARRISON,ALLORA,EN,2023,10,718.54,4517.67
GFALO7506,"EURO OAK 7.5"" STRADA",ALLORA BY GARRISON,ALLORA,EN,2023,11,6350.34,44730.67
GFALO7506,"EURO OAK 7.5"" STRADA",ALLORA BY GARRISON,ALLORA,EN,2023,12,19.42,162.93
GFALO7506,"EURO OAK 7.5"" STRADA",ALLORA BY GARRISON,ALLORA,EN,2024,1,1359.4,8822.51
GFALO7506,"EURO OAK 7.5"" STRADA",ALLORA BY GARRISON,ALLORA,EN,2024,2,5864.84,37476.33
GFALO7506,"EURO OAK 7.5"" STRADA",ALLORA BY GARRISON,ALLORA,EN,2024,4,116.52,760.1
GFALO7506,"EURO OAK 7.5"" STRADA",ALLORA BY GARRISON,ALLORA,EN,2024,5,4175.3,29360.13
GFALO7506,"EURO OAK 7.5"" STRADA",ALLORA BY GARRISON,ALLORA,EN,2024,6,679.7,4547.19
GFALO7506,"EURO OAK 7.5"" STRADA",ALLORA BY GARRISON,ALLORA,EN,2024,7,3786.9,24576.98
GFALO7506,"EURO OAK 7.5"" STRADA",ALLORA BY GARRISON,ALLORA,EN,2024,8,3359.66,25591.09
GFALO7506,"EURO OAK 7.5"" STRADA",ALLORA BY GARRISON,ALLORA,EN,2024,9,1320.56,8978.25
GFALO7506,"EURO OAK 7.5"" STRADA",ALLORA BY GARRISON,ALLORA,EN,2024,10,2058.52,14262.82
GFALO7506,"EURO OAK 7.5"" STRADA",ALLORA BY GARRISON,ALLORA,EN,2024,11,3359.66,27533.09
GFALO7506,"EURO OAK 7.5"" STRADA",ALLORA BY GARRISON,ALLORA,EN,2024,12,1514.76,13466.22
GFALO7506,"EURO OAK 7.5"" STRADA",ALLORA BY GARRISON,ALLORA,EN,2025,1,1068.1,5267.68
GFALO7506,"EURO OAK 7.5"" STRADA",ALLORA BY GARRISON,ALLORA,EN,2025,2,2796.48,20654.34
GFALO7506,"EURO OAK 7.5"" STRADA",ALLORA BY GARRISON,ALLORA,EN,2025,3,3126.62,24841.87
GFALO7506,"EURO OAK 7.5"" STRADA",ALLORA BY GARRISON,ALLORA,EN,2025,4,1922.58,16060.53
GFALO7506,"EURO OAK 7.5"" STRADA",ALLORA BY GARRISON,ALLORA,EN,2025,5,5515.28,37163.28
GFALO7506,"EURO OAK 7.5"" STRADA",ALLORA BY GARRISON,ALLORA,EN,2025,6,1087.52,8662.1
GFALO7506,"EURO OAK 7.5"" STRADA",ALLORA BY GARRISON,ALLORA,EN,2025,7,2019.68,13117.43
GFALO7506,"EURO OAK 7.5"" STRADA",ALLORA BY GARRISON,ALLORA,EN,2025,8,4893.84,34975.23
GFALO7506,"EURO OAK 7.5"" STRADA",ALLORA BY GARRISON,ALLORA,EN,2025,9,1942.0,13632.84
GFALO7506,"EURO OAK 7.5"" STRADA",ALLORA BY GARRISON,ALLORA,EN,2025,10,4000.52,28623.91
GFALO7506,"EURO OAK 7.5"" STRADA",ALLORA BY GARRISON,ALLORA,EN,2025,11,116.52,678.73
GFALO7506,"EURO OAK 7.5"" STRADA",ALLORA BY GARRISON,ALLORA,EN,2025,12,2369.24,15061.76
GFALO7506,"EURO OAK 7.5"" STRADA",ALLORA BY GARRISON,ALLORA,EN,2026,1,19.42,135.75
GFALO7506,"EURO OAK 7.5"" STRADA",ALLORA BY GARRISON,ALLORA,EN,2026,2,407.82,0.0
GFALO7506,"EURO OAK 7.5"" STRADA",ALLORA BY GARRISON,ALLORA,EN,2026,3,9943.04,71280.72
GFALO7506,"EURO OAK 7.5"" STRADA",ALLORA BY GARRISON,ALLORA,EN,2026,4,699.12,7858.11
GFALO7506,"EURO OAK 7.5"" STRADA",ALLORA BY GARRISON,ALLORA,EN,2026,5,3359.66,24305.49
GFALO7506,"EURO OAK 7.5"" STRADA",ALLORA BY GARRISON,ALLORA,EN,2026,6,3670.38,30549.8
GFALO7506,"EURO OAK 7.5"" STRADA",ALLORA BY GARRISON,ALLORA,EN,2026,7,485.5,3248.0
GFALO7507,"EURO OAK 7.5"" VENTASSO",ALLORA BY GARRISON,ALLORA,EN,2023,10,2058.52,13645.27
GFALO7507,"EURO OAK 7.5"" VENTASSO",ALLORA BY GARRISON,ALLORA,EN,2023,11,757.38,5066.87
GFALO7507,"EURO OAK 7.5"" VENTASSO",ALLORA BY GARRISON,ALLORA,EN,2024,2,2641.12,18461.43
GFALO7507,"EURO OAK 7.5"" VENTASSO",ALLORA BY GARRISON,ALLORA,EN,2024,3,155.36,1008.29
GFALO7507,"EURO OAK 7.5"" VENTASSO",ALLORA BY GARRISON,ALLORA,EN,2024,4,1029.26,6679.9
GFALO7507,"EURO OAK 7.5"" VENTASSO",ALLORA BY GARRISON,ALLORA,EN,2024,5,699.12,4595.55
GFALO7507,"EURO OAK 7.5"" VENTASSO",ALLORA BY GARRISON,ALLORA,EN,2024,7,1534.18,9956.83
GFALO7507,"EURO OAK 7.5"" VENTASSO",ALLORA BY GARRISON,ALLORA,EN,2024,10,1087.52,7058.0
GFALO7507,"EURO OAK 7.5"" VENTASSO",ALLORA BY GARRISON,ALLORA,EN,2024,11,2349.82,15034.77
GFALO7507,"EURO OAK 7.5"" VENTASSO",ALLORA BY GARRISON,ALLORA,EN,2024,12,368.98,2394.68
GFALO7507,"EURO OAK 7.5"" VENTASSO",ALLORA BY GARRISON,ALLORA,EN,2025,2,582.6,3781.07
GFALO7507,"EURO OAK 7.5"" VENTASSO",ALLORA BY GARRISON,ALLORA,EN,2025,3,2621.7,17043.96
GFALO7507,"EURO OAK 7.5"" VENTASSO",ALLORA BY GARRISON,ALLORA,EN,2025,5,252.46,2017.16
GFALO7507,"EURO OAK 7.5"" VENTASSO",ALLORA BY GARRISON,ALLORA,EN,2025,6,4155.88,26971.66
GFALO7507,"EURO OAK 7.5"" VENTASSO",ALLORA BY GARRISON,ALLORA,EN,2025,7,485.5,4121.9
GFALO7507,"EURO OAK 7.5"" VENTASSO",ALLORA BY GARRISON,ALLORA,EN,2025,8,1767.22,12352.87
GFALO7507,"EURO OAK 7.5"" VENTASSO",ALLORA BY GARRISON,ALLORA,EN,2025,9,-174.78,-1221.71
GFALO7507,"EURO OAK 7.5"" VENTASSO",ALLORA BY GARRISON,ALLORA,EN,2025,10,1281.72,10881.8
GFALO7507,"EURO OAK 7.5"" VENTASSO",ALLORA BY GARRISON,ALLORA,EN,2025,11,19.42,145.46
GFALO7507,"EURO OAK 7.5"" VENTASSO",ALLORA BY GARRISON,ALLORA,EN,2025,12,3068.36,21593.49
GFALO7507,"EURO OAK 7.5"" VENTASSO",ALLORA BY GARRISON,ALLORA,EN,2026,2,1378.82,10133.16
GFALO7507,"EURO OAK 7.5"" VENTASSO",ALLORA BY GARRISON,ALLORA,EN,2026,4,1339.98,9366.46
GFALO7507,"EURO OAK 7.5"" VENTASSO",ALLORA BY GARRISON,ALLORA,EN,2026,6,19.42,135.75
GFALO7507,"EURO OAK 7.5"" VENTASSO",ALLORA BY GARRISON,ALLORA,EN,2026,7,3689.8,26852.03
GFALO7508,"EURO OAK 7.5"" VOLTO",ALLORA BY GARRISON,ALLORA,EN,2023,8,3010.1,18844.2
GFALO7508,"EURO OAK 7.5"" VOLTO",ALLORA BY GARRISON,ALLORA,EN,2023,9,1903.16,12334.03
GFALO7508,"EURO OAK 7.5"" VOLTO",ALLORA BY GARRISON,ALLORA,EN,2023,11,737.96,4789.36
GFALO7508,"EURO OAK 7.5"" VOLTO",ALLORA BY GARRISON,ALLORA,EN,2023,12,2815.9,17745.03
GFALO7508,"EURO OAK 7.5"" VOLTO",ALLORA BY GARRISON,ALLORA,EN,2024,2,4330.66,29245.94
GFALO7508,"EURO OAK 7.5"" VOLTO",ALLORA BY GARRISON,ALLORA,EN,2024,3,1903.16,13303.09
GFALO7508,"EURO OAK 7.5"" VOLTO",ALLORA BY GARRISON,ALLORA,EN,2024,4,97.1,472.88
GFALO7508,"EURO OAK 7.5"" VOLTO",ALLORA BY GARRISON,ALLORA,EN,2024,5,2116.78,13737.9
GFALO7508,"EURO OAK 7.5"" VOLTO",ALLORA BY GARRISON,ALLORA,EN,2024,6,621.44,4334.16
GFALO7508,"EURO OAK 7.5"" VOLTO",ALLORA BY GARRISON,ALLORA,EN,2024,7,1611.86,10470.68
GFALO7508,"EURO OAK 7.5"" VOLTO",ALLORA BY GARRISON,ALLORA,EN,2024,8,2427.5,19395.73
GFALO7508,"EURO OAK 7.5"" VOLTO",ALLORA BY GARRISON,ALLORA,EN,2024,10,2699.38,18435.6
GFALO7508,"EURO OAK 7.5"" VOLTO",ALLORA BY GARRISON,ALLORA,EN,2024,12,1689.54,13499.42
GFALO7508,"EURO OAK 7.5"" VOLTO",ALLORA BY GARRISON,ALLORA,EN,2025,1,4913.26,34411.66
GFALO7508,"EURO OAK 7.5"" VOLTO",ALLORA BY GARRISON,ALLORA,EN,2025,2,1631.28,11666.76
GFALO7508,"EURO OAK 7.5"" VOLTO",ALLORA BY GARRISON,ALLORA,EN,2025,3,8952.62,69562.25
GFALO7508,"EURO OAK 7.5"" VOLTO",ALLORA BY GARRISON,ALLORA,EN,2025,4,5884.26,39130.72
GFALO7508,"EURO OAK 7.5"" VOLTO",ALLORA BY GARRISON,ALLORA,EN,2025,6,9224.5,60905.98
GFALO7508,"EURO OAK 7.5"" VOLTO",ALLORA BY GARRISON,ALLORA,EN,2025,7,6544.54,45807.7
GFALO7508,"EURO OAK 7.5"" VOLTO",ALLORA BY GARRISON,ALLORA,EN,2025,8,5457.02,49156.68
GFALO7508,"EURO OAK 7.5"" VOLTO",ALLORA BY GARRISON,ALLORA,EN,2025,9,2019.68,10376.49
GFALO7508,"EURO OAK 7.5"" VOLTO",ALLORA BY GARRISON,ALLORA,EN,2025,10,330.14,2200.87
GFALO7508,"EURO OAK 7.5"" VOLTO",ALLORA BY GARRISON,ALLORA,EN,2025,11,-19.42,-1052.18
GFALO7508,"EURO OAK 7.5"" VOLTO",ALLORA BY GARRISON,ALLORA,EN,2025,12,1650.7,12668.64
GFALO7508,"EURO OAK 7.5"" VOLTO",ALLORA BY GARRISON,ALLORA,EN,2026,1,38.84,145.46
GFALO7508,"EURO OAK 7.5"" VOLTO",ALLORA BY GARRISON,ALLORA,EN,2026,2,1339.98,9232.46
GFALO7508,"EURO OAK 7.5"" VOLTO",ALLORA BY GARRISON,ALLORA,EN,2026,3,38.84,271.49
GFALO7508,"EURO OAK 7.5"" VOLTO",ALLORA BY GARRISON,ALLORA,EN,2026,4,3379.08,23619.77
GFALO7508,"EURO OAK 7.5"" VOLTO",ALLORA BY GARRISON,ALLORA,EN,2026,5,1106.94,7766.64
GFALO7508,"EURO OAK 7.5"" VOLTO",ALLORA BY GARRISON,ALLORA,EN,2026,6,4796.74,35607.35
GFALO7508,"EURO OAK 7.5"" VOLTO",ALLORA BY GARRISON,ALLORA,EN,2026,7,6078.46,41400.92
GFALO9501,"EURO OAK 9.5"" ALTURA",ALLORA BY GARRISON,ALLORA,EN,2023,8,1175.52,9039.75
GFALO9501,"EURO OAK 9.5"" ALTURA",ALLORA BY GARRISON,ALLORA,EN,2023,10,24.49,188.33
GFALO9501,"EURO OAK 9.5"" ALTURA",ALLORA BY GARRISON,ALLORA,EN,2023,11,4775.55,35778.67
GFALO9501,"EURO OAK 9.5"" ALTURA",ALLORA BY GARRISON,ALLORA,EN,2024,4,391.84,3784.68
GFALO9501,"EURO OAK 9.5"" ALTURA",ALLORA BY GARRISON,ALLORA,EN,2024,5,4481.67,36704.88
GFALO9501,"EURO OAK 9.5"" ALTURA",ALLORA BY GARRISON,ALLORA,EN,2024,6,73.47,638.45
GFALO9501,"EURO OAK 9.5"" ALTURA",ALLORA BY GARRISON,ALLORA,EN,2024,7,24.49,188.33
GFALO9501,"EURO OAK 9.5"" ALTURA",ALLORA BY GARRISON,ALLORA,EN,2024,8,1983.69,15254.58
GFALO9501,"EURO OAK 9.5"" ALTURA",ALLORA BY GARRISON,ALLORA,EN,2024,9,342.86,3106.8
GFALO9501,"EURO OAK 9.5"" ALTURA",ALLORA BY GARRISON,ALLORA,EN,2024,10,4873.51,38633.22
GFALO9501,"EURO OAK 9.5"" ALTURA",ALLORA BY GARRISON,ALLORA,EN,2024,11,4726.57,40579.2
GFALO9501,"EURO OAK 9.5"" ALTURA",ALLORA BY GARRISON,ALLORA,EN,2024,12,2400.02,17792.47
GFALO9501,"EURO OAK 9.5"" ALTURA",ALLORA BY GARRISON,ALLORA,EN,2025,2,6881.69,48103.01
GFALO9501,"EURO OAK 9.5"" ALTURA",ALLORA BY GARRISON,ALLORA,EN,2025,3,220.41,1611.69
GFALO9501,"EURO OAK 9.5"" ALTURA",ALLORA BY GARRISON,ALLORA,EN,2025,4,1518.38,10613.48
GFALO9501,"EURO OAK 9.5"" ALTURA",ALLORA BY GARRISON,ALLORA,EN,2025,5,24.49,207.92
GFALO9501,"EURO OAK 9.5"" ALTURA",ALLORA BY GARRISON,ALLORA,EN,2025,7,906.13,8121.62
GFALO9501,"EURO OAK 9.5"" ALTURA",ALLORA BY GARRISON,ALLORA,EN,2025,8,8155.17,64344.29
GFALO9501,"EURO OAK 9.5"" ALTURA",ALLORA BY GARRISON,ALLORA,EN,2025,9,9085.79,73575.06
GFALO9501,"EURO OAK 9.5"" ALTURA",ALLORA BY GARRISON,ALLORA,EN,2025,10,342.86,3155.78
GFALO9501,"EURO OAK 9.5"" ALTURA",ALLORA BY GARRISON,ALLORA,EN,2025,12,734.7,5784.54
GFALO9501,"EURO OAK 9.5"" ALTURA",ALLORA BY GARRISON,ALLORA,EN,2026,1,1983.69,14196.61
GFALO9501,"EURO OAK 9.5"" ALTURA",ALLORA BY GARRISON,ALLORA,EN,2026,4,48.98,391.35
GFALO9501,"EURO OAK 9.5"" ALTURA",ALLORA BY GARRISON,ALLORA,EN,2026,5,48.98,403.6
GFALO9501,"EURO OAK 9.5"" ALTURA",ALLORA BY GARRISON,ALLORA,EN,2026,6,6073.52,50133.97
GFALO9501S,"EURO OAK 9.5"" ALTURA SELECT",ALLORA BY GARRISON,ALLORA,EN,2026,1,2718.39,29875.11
GFALO9501S,"EURO OAK 9.5"" ALTURA SELECT",ALLORA BY GARRISON,ALLORA,EN,2026,2,3600.03,38484.32
GFALO9501S,"EURO OAK 9.5"" ALTURA SELECT",ALLORA BY GARRISON,ALLORA,EN,2026,3,1983.69,21800.75
GFALO9502,"EURO OAK 9.5"" ARIA",ALLORA BY GARRISON,ALLORA,EN,2025,4,48.98,0.0
GFALO9502,"EURO OAK 9.5"" ARIA",ALLORA BY GARRISON,ALLORA,EN,2026,1,2326.55,16960.55
GFALO9502,"EURO OAK 9.5"" ARIA",ALLORA BY GARRISON,ALLORA,EN,2026,5,4310.24,34438.82
GFALO9502,"EURO OAK 9.5"" ARIA",ALLORA BY GARRISON,ALLORA,EN,2026,6,0.0,-2155.12
GFALO9502,"EURO OAK 9.5"" ARIA",ALLORA BY GARRISON,ALLORA,EN,2026,7,122.45,917.15
GFALO9503,"EURO OAK 9.5"" DOMA",ALLORA BY GARRISON,ALLORA,EN,2023,8,3183.7,27338.19
GFALO9503,"EURO OAK 9.5"" DOMA",ALLORA BY GARRISON,ALLORA,EN,2023,9,2032.67,16133.28
GFALO9503,"EURO OAK 9.5"" DOMA",ALLORA BY GARRISON,ALLORA,EN,2023,10,24.49,227.51
GFALO9503,"EURO OAK 9.5"" DOMA",ALLORA BY GARRISON,ALLORA,EN,2023,11,1322.46,10169.72
GFALO9503,"EURO OAK 9.5"" DOMA",ALLORA BY GARRISON,ALLORA,EN,2023,12,24.49,227.51
GFALO9503,"EURO OAK 9.5"" DOMA",ALLORA BY GARRISON,ALLORA,EN,2024,1,2669.41,21333.48
GFALO9503,"EURO OAK 9.5"" DOMA",ALLORA BY GARRISON,ALLORA,EN,2024,2,8326.6,60904.18
GFALO9503,"EURO OAK 9.5"" DOMA",ALLORA BY GARRISON,ALLORA,EN,2024,3,6195.97,51589.9
GFALO9503,"EURO OAK 9.5"" DOMA",ALLORA BY GARRISON,ALLORA,EN,2024,4,7004.14,51824.27
GFALO9503,"EURO OAK 9.5"" DOMA",ALLORA BY GARRISON,ALLORA,EN,2024,5,13322.56,99565.56
GFALO9503,"EURO OAK 9.5"" DOMA",ALLORA BY GARRISON,ALLORA,EN,2024,6,1738.79,16114.18
GFALO9503,"EURO OAK 9.5"" DOMA",ALLORA BY GARRISON,ALLORA,EN,2024,7,2008.18,15215.39
GFALO9503,"EURO OAK 9.5"" DOMA",ALLORA BY GARRISON,ALLORA,EN,2024,8,2473.49,18541.13
GFALO9503,"EURO OAK 9.5"" DOMA",ALLORA BY GARRISON,ALLORA,EN,2024,9,195.92,1560.5
GFALO9503,"EURO OAK 9.5"" DOMA",ALLORA BY GARRISON,ALLORA,EN,2024,10,2522.47,19021.14
GFALO9503,"EURO OAK 9.5"" DOMA",ALLORA BY GARRISON,ALLORA,EN,2024,11,5804.13,43188.85
GFALO9503,"EURO OAK 9.5"" DOMA",ALLORA BY GARRISON,ALLORA,EN,2024,12,6857.2,53878.0
GFALO9503,"EURO OAK 9.5"" DOMA",ALLORA BY GARRISON,ALLORA,EN,2025,1,2571.45,18628.32
GFALO9503,"EURO OAK 9.5"" DOMA",ALLORA BY GARRISON,ALLORA,EN,2025,2,6587.81,48506.12
GFALO9503,"EURO OAK 9.5"" DOMA",ALLORA BY GARRISON,ALLORA,EN,2025,3,10506.21,76793.54
GFALO9503,"EURO OAK 9.5"" DOMA",ALLORA BY GARRISON,ALLORA,EN,2025,4,13102.15,92563.63
GFALO9503,"EURO OAK 9.5"" DOMA",ALLORA BY GARRISON,ALLORA,EN,2025,5,17975.66,146327.26
GFALO9503,"EURO OAK 9.5"" DOMA",ALLORA BY GARRISON,ALLORA,EN,2025,6,5779.64,39591.51
GFALO9503,"EURO OAK 9.5"" DOMA",ALLORA BY GARRISON,ALLORA,EN,2025,7,5436.78,40219.93
GFALO9503,"EURO OAK 9.5"" DOMA",ALLORA BY GARRISON,ALLORA,EN,2025,8,3600.03,26482.02
GFALO9503,"EURO OAK 9.5"" DOMA",ALLORA BY GARRISON,ALLORA,EN,2025,9,3404.11,27198.84
GFALO9503,"EURO OAK 9.5"" DOMA",ALLORA BY GARRISON,ALLORA,EN,2025,10,122.45,917.15
GFALO9503,"EURO OAK 9.5"" DOMA",ALLORA BY GARRISON,ALLORA,EN,2025,12,293.88,2323.61
GFALO9503,"EURO OAK 9.5"" DOMA",ALLORA BY GARRISON,ALLORA,EN,2026,1,97.96,733.72
GFALO9503,"EURO OAK 9.5"" DOMA",ALLORA BY GARRISON,ALLORA,EN,2026,2,146.94,1032.01
GFALO9503,"EURO OAK 9.5"" DOMA",ALLORA BY GARRISON,ALLORA,EN,2026,3,6440.87,48756.41
GFALO9503,"EURO OAK 9.5"" DOMA",ALLORA BY GARRISON,ALLORA,EN,2026,4,8889.87,65659.4
GFALO9503,"EURO OAK 9.5"" DOMA",ALLORA BY GARRISON,ALLORA,EN,2026,5,5093.92,38290.6
GFALO9503,"EURO OAK 9.5"" DOMA",ALLORA BY GARRISON,ALLORA,EN,2026,6,808.17,6053.19
GFALO9503,"EURO OAK 9.5"" DOMA",ALLORA BY GARRISON,ALLORA,EN,2026,7,5828.62,45284.95
GFALO9503S,"EURO OAK 9.5"" DOMA SELECT",ALLORA BY GARRISON,ALLORA,EN,2023,8,48.98,550.54
GFALO9503S,"EURO OAK 9.5"" DOMA SELECT",ALLORA BY GARRISON,ALLORA,EN,2023,9,9771.51,104061.68
GFALO9503S,"EURO OAK 9.5"" DOMA SELECT",ALLORA BY GARRISON,ALLORA,EN,2023,11,269.39,3193.25
GFALO9503S,"EURO OAK 9.5"" DOMA SELECT",ALLORA BY GARRISON,ALLORA,EN,2023,12,24.49,293.64
GFALO9503S,"EURO OAK 9.5"" DOMA SELECT",ALLORA BY GARRISON,ALLORA,EN,2024,1,11093.97,116363.5
GFALO9503S,"EURO OAK 9.5"" DOMA SELECT",ALLORA BY GARRISON,ALLORA,EN,2024,2,269.39,2768.59
GFALO9503S,"EURO OAK 9.5"" DOMA SELECT",ALLORA BY GARRISON,ALLORA,EN,2024,3,7420.47,75212.95
GFALO9503S,"EURO OAK 9.5"" DOMA SELECT",ALLORA BY GARRISON,ALLORA,EN,2024,4,10163.35,107933.55
GFALO9503S,"EURO OAK 9.5"" DOMA SELECT",ALLORA BY GARRISON,ALLORA,EN,2024,5,5657.19,57996.73
GFALO9503S,"EURO OAK 9.5"" DOMA SELECT",ALLORA BY GARRISON,ALLORA,EN,2024,6,17559.33,179049.82
GFALO9503S,"EURO OAK 9.5"" DOMA SELECT",ALLORA BY GARRISON,ALLORA,EN,2024,7,8326.6,88891.6
GFALO9503S,"EURO OAK 9.5"" DOMA SELECT",ALLORA BY GARRISON,ALLORA,EN,2024,8,17387.9,184974.44
GFALO9503S,"EURO OAK 9.5"" DOMA SELECT",ALLORA BY GARRISON,ALLORA,EN,2024,9,13004.19,136862.12
GFALO9503S,"EURO OAK 9.5"" DOMA SELECT",ALLORA BY GARRISON,ALLORA,EN,2024,10,11216.42,112101.02
GFALO9503S,"EURO OAK 9.5"" DOMA SELECT",ALLORA BY GARRISON,ALLORA,EN,2024,11,16677.69,179515.13
GFALO9503S,"EURO OAK 9.5"" DOMA SELECT",ALLORA BY GARRISON,ALLORA,EN,2024,12,14498.08,150010.31
GFALO9503S,"EURO OAK 9.5"" DOMA SELECT",ALLORA BY GARRISON,ALLORA,EN,2025,1,1151.03,10624.74
GFALO9503S,"EURO OAK 9.5"" DOMA SELECT",ALLORA BY GARRISON,ALLORA,EN,2025,2,16285.85,200508.94
GFALO9503S,"EURO OAK 9.5"" DOMA SELECT",ALLORA BY GARRISON,ALLORA,EN,2025,3,3771.46,14974.17
GFALO9503S,"EURO OAK 9.5"" DOMA SELECT",ALLORA BY GARRISON,ALLORA,EN,2025,4,10334.78,108114.04
GFALO9503S,"EURO OAK 9.5"" DOMA SELECT",ALLORA BY GARRISON,ALLORA,EN,2025,5,7714.35,80841.73
GFALO9503S,"EURO OAK 9.5"" DOMA SELECT",ALLORA BY GARRISON,ALLORA,EN,2025,6,10996.01,110640.19
GFALO9503S,"EURO OAK 9.5"" DOMA SELECT",ALLORA BY GARRISON,ALLORA,EN,2025,7,15722.58,160066.15
GFALO9503S,"EURO OAK 9.5"" DOMA SELECT",ALLORA BY GARRISON,ALLORA,EN,2025,8,8498.03,97623.02
GFALO9503S,"EURO OAK 9.5"" DOMA SELECT",ALLORA BY GARRISON,ALLORA,EN,2025,9,7028.63,76042.18
GFALO9503S,"EURO OAK 9.5"" DOMA SELECT",ALLORA BY GARRISON,ALLORA,EN,2025,10,16530.75,182930.5
GFALO9503S,"EURO OAK 9.5"" DOMA SELECT",ALLORA BY GARRISON,ALLORA,EN,2025,11,4800.04,57709.22
GFALO9503S,"EURO OAK 9.5"" DOMA SELECT",ALLORA BY GARRISON,ALLORA,EN,2025,12,5265.35,55205.85
GFALO9503S,"EURO OAK 9.5"" DOMA SELECT",ALLORA BY GARRISON,ALLORA,EN,2026,1,3869.42,39734.78
GFALO9503S,"EURO OAK 9.5"" DOMA SELECT",ALLORA BY GARRISON,ALLORA,EN,2026,2,2130.63,25619.72
GFALO9503S,"EURO OAK 9.5"" DOMA SELECT",ALLORA BY GARRISON,ALLORA,EN,2026,3,3110.23,33738.16
GFALO9503S,"EURO OAK 9.5"" DOMA SELECT",ALLORA BY GARRISON,ALLORA,EN,2026,4,1763.28,19647.84
GFALO9503S,"EURO OAK 9.5"" DOMA SELECT",ALLORA BY GARRISON,ALLORA,EN,2026,5,8620.48,102367.71
GFALO9503S,"EURO OAK 9.5"" DOMA SELECT",ALLORA BY GARRISON,ALLORA,EN,2026,6,367.35,4135.14
GFALO9503S,"EURO OAK 9.5"" DOMA SELECT",ALLORA BY GARRISON,ALLORA,EN,2026,7,1077.56,11668.51
GFALO9504,"EURO OAK 9.5"" LUNA",ALLORA BY GARRISON,ALLORA,EN,2023,8,24.49,188.33
GFALO9504,"EURO OAK 9.5"" LUNA",ALLORA BY GARRISON,ALLORA,EN,2023,9,367.35,3412.68
GFALO9504,"EURO OAK 9.5"" LUNA",ALLORA BY GARRISON,ALLORA,EN,2024,4,24.49,227.51
GFALO9504,"EURO OAK 9.5"" LUNA",ALLORA BY GARRISON,ALLORA,EN,2024,7,2032.67,15224.7
GFALO9504,"EURO OAK 9.5"" LUNA",ALLORA BY GARRISON,ALLORA,EN,2024,8,171.43,1318.3
GFALO9504,"EURO OAK 9.5"" LUNA",ALLORA BY GARRISON,ALLORA,EN,2024,9,3551.05,25268.78
GFALO9504,"EURO OAK 9.5"" LUNA",ALLORA BY GARRISON,ALLORA,EN,2024,10,-171.43,-1189.72
GFALO9504,"EURO OAK 9.5"" LUNA",ALLORA BY GARRISON,ALLORA,EN,2024,11,685.72,5273.19
GFALO9504,"EURO OAK 9.5"" LUNA",ALLORA BY GARRISON,ALLORA,EN,2024,12,4408.2,32576.6
GFALO9504,"EURO OAK 9.5"" LUNA",ALLORA BY GARRISON,ALLORA,EN,2025,1,1322.46,9244.0
GFALO9504,"EURO OAK 9.5"" LUNA",ALLORA BY GARRISON,ALLORA,EN,2025,3,1102.05,7703.33
GFALO9504,"EURO OAK 9.5"" LUNA",ALLORA BY GARRISON,ALLORA,EN,2025,6,3036.76,21263.69
GFALO9504,"EURO OAK 9.5"" LUNA",ALLORA BY GARRISON,ALLORA,EN,2025,7,1640.83,12613.08
GFALO9504,"EURO OAK 9.5"" LUNA",ALLORA BY GARRISON,ALLORA,EN,2025,8,1836.75,13757.26
GFALO9504,"EURO OAK 9.5"" LUNA",ALLORA BY GARRISON,ALLORA,EN,2025,9,7322.51,59239.11
GFALO9504,"EURO OAK 9.5"" LUNA",ALLORA BY GARRISON,ALLORA,EN,2025,10,391.84,3169.99
GFALO9504,"EURO OAK 9.5"" LUNA",ALLORA BY GARRISON,ALLORA,EN,2025,12,1248.99,11228.42
GFALO9504,"EURO OAK 9.5"" LUNA",ALLORA BY GARRISON,ALLORA,EN,2026,1,2204.1,16067.89
GFALO9504,"EURO OAK 9.5"" LUNA",ALLORA BY GARRISON,ALLORA,EN,2026,2,808.17,6053.19
GFALO9504S,"EURO OAK 9.5"" LUNA SELECT",ALLORA BY GARRISON,ALLORA,EN,2023,8,1983.69,20808.91
GFALO9504S,"EURO OAK 9.5"" LUNA SELECT",ALLORA BY GARRISON,ALLORA,EN,2023,9,3453.09,35730.67
GFALO9504S,"EURO OAK 9.5"" LUNA SELECT",ALLORA BY GARRISON,ALLORA,EN,2023,10,1518.38,15766.17
GFALO9504S,"EURO OAK 9.5"" LUNA SELECT",ALLORA BY GARRISON,ALLORA,EN,2023,11,2228.59,25596.7
GFALO9504S,"EURO OAK 9.5"" LUNA SELECT",ALLORA BY GARRISON,ALLORA,EN,2023,12,661.23,6899.57
GFALO9504S,"EURO OAK 9.5"" LUNA SELECT",ALLORA BY GARRISON,ALLORA,EN,2024,1,1371.44,14312.94
GFALO9504S,"EURO OAK 9.5"" LUNA SELECT",ALLORA BY GARRISON,ALLORA,EN,2024,2,48.98,526.05
GFALO9504S,"EURO OAK 9.5"" LUNA SELECT",ALLORA BY GARRISON,ALLORA,EN,2024,3,2449.0,26914.51
GFALO9504S,"EURO OAK 9.5"" LUNA SELECT",ALLORA BY GARRISON,ALLORA,EN,2024,4,3110.23,32447.05
GFALO9504S,"EURO OAK 9.5"" LUNA SELECT",ALLORA BY GARRISON,ALLORA,EN,2024,5,1787.77,21188.01
GFALO9504S,"EURO OAK 9.5"" LUNA SELECT",ALLORA BY GARRISON,ALLORA,EN,2024,6,244.9,2275.12
GFALO9504S,"EURO OAK 9.5"" LUNA SELECT",ALLORA BY GARRISON,ALLORA,EN,2024,7,7004.14,72738.73
GFALO9504S,"EURO OAK 9.5"" LUNA SELECT",ALLORA BY GARRISON,ALLORA,EN,2024,8,1102.05,12111.53
GFALO9504S,"EURO OAK 9.5"" LUNA SELECT",ALLORA BY GARRISON,ALLORA,EN,2024,9,-244.9,-2569.0
GFALO9504S,"EURO OAK 9.5"" LUNA SELECT",ALLORA BY GARRISON,ALLORA,EN,2024,10,6710.26,68123.34
GFALO9504S,"EURO OAK 9.5"" LUNA SELECT",ALLORA BY GARRISON,ALLORA,EN,2024,11,3673.5,38194.6
GFALO9504S,"EURO OAK 9.5"" LUNA SELECT",ALLORA BY GARRISON,ALLORA,EN,2024,12,416.33,4203.22
GFALO9504S,"EURO OAK 9.5"" LUNA SELECT",ALLORA BY GARRISON,ALLORA,EN,2025,1,24.49,293.64
GFALO9504S,"EURO OAK 9.5"" LUNA SELECT",ALLORA BY GARRISON,ALLORA,EN,2025,2,2497.98,27154.02
GFALO9504S,"EURO OAK 9.5"" LUNA SELECT",ALLORA BY GARRISON,ALLORA,EN,2025,4,318.37,3026.72
GFALO9504S,"EURO OAK 9.5"" LUNA SELECT",ALLORA BY GARRISON,ALLORA,EN,2025,5,783.68,8233.05
GFALO9504S,"EURO OAK 9.5"" LUNA SELECT",ALLORA BY GARRISON,ALLORA,EN,2025,6,1126.54,12242.55
GFALO9504S,"EURO OAK 9.5"" LUNA SELECT",ALLORA BY GARRISON,ALLORA,EN,2025,7,48.98,611.76
GFALO9504S,"EURO OAK 9.5"" LUNA SELECT",ALLORA BY GARRISON,ALLORA,EN,2025,8,1616.34,16632.14
GFALO9504S,"EURO OAK 9.5"" LUNA SELECT",ALLORA BY GARRISON,ALLORA,EN,2025,9,4555.14,49558.94
GFALO9504S,"EURO OAK 9.5"" LUNA SELECT",ALLORA BY GARRISON,ALLORA,EN,2025,10,3257.17,26458.26
GFALO9504S,"EURO OAK 9.5"" LUNA SELECT",ALLORA BY GARRISON,ALLORA,EN,2025,11,122.45,924.5
GFALO9504S,"EURO OAK 9.5"" LUNA SELECT",ALLORA BY GARRISON,ALLORA,EN,2025,12,2400.02,29160.73
GFALO9504S,"EURO OAK 9.5"" LUNA SELECT",ALLORA BY GARRISON,ALLORA,EN,2026,1,1983.69,22813.66
GFALO9504S,"EURO OAK 9.5"" LUNA SELECT",ALLORA BY GARRISON,ALLORA,EN,2026,2,3453.09,37949.46
GFALO9504S,"EURO OAK 9.5"" LUNA SELECT",ALLORA BY GARRISON,ALLORA,EN,2026,3,1151.03,13166.56
GFALO9504S,"EURO OAK 9.5"" LUNA SELECT",ALLORA BY GARRISON,ALLORA,EN,2026,5,489.8,5382.9
GFALO9504S,"EURO OAK 9.5"" LUNA SELECT",ALLORA BY GARRISON,ALLORA,EN,2026,6,244.9,2698.8
GFALO9504S,"EURO OAK 9.5"" LUNA SELECT",ALLORA BY GARRISON,ALLORA,EN,2026,7,783.68,8833.05
GFALO9505,"EURO OAK 9.5"" SELLA",ALLORA BY GARRISON,ALLORA,EN,2023,9,24.49,227.51
GFALO9505,"EURO OAK 9.5"" SELLA",ALLORA BY GARRISON,ALLORA,EN,2023,10,7004.14,55963.08
GFALO9505,"EURO OAK 9.5"" SELLA",ALLORA BY GARRISON,ALLORA,EN,2023,11,-1053.07,-8414.03
GFALO9505,"EURO OAK 9.5"" SELLA",ALLORA BY GARRISON,ALLORA,EN,2023,12,979.6,8813.95
GFALO9505,"EURO OAK 9.5"" SELLA",ALLORA BY GARRISON,ALLORA,EN,2024,1,24.49,188.33
GFALO9505,"EURO OAK 9.5"" SELLA",ALLORA BY GARRISON,ALLORA,EN,2024,5,48.98,376.66
GFALO9505,"EURO OAK 9.5"" SELLA",ALLORA BY GARRISON,ALLORA,EN,2024,6,2865.33,22034.39
GFALO9505,"EURO OAK 9.5"" SELLA",ALLORA BY GARRISON,ALLORA,EN,2024,8,7224.55,55759.57
GFALO9505,"EURO OAK 9.5"" SELLA",ALLORA BY GARRISON,ALLORA,EN,2024,9,2889.82,24652.12
GFALO9505,"EURO OAK 9.5"" SELLA",ALLORA BY GARRISON,ALLORA,EN,2024,10,2522.47,19217.06
GFALO9505,"EURO OAK 9.5"" SELLA",ALLORA BY GARRISON,ALLORA,EN,2024,11,2326.55,18831.59
GFALO9505,"EURO OAK 9.5"" SELLA",ALLORA BY GARRISON,ALLORA,EN,2024,12,2155.12,16141.85
GFALO9505,"EURO OAK 9.5"" SELLA",ALLORA BY GARRISON,ALLORA,EN,2025,1,318.37,2281.73
GFALO9505,"EURO OAK 9.5"" SELLA",ALLORA BY GARRISON,ALLORA,EN,2025,2,24.49,171.19
GFALO9505,"EURO OAK 9.5"" SELLA",ALLORA BY GARRISON,ALLORA,EN,2025,3,4212.28,29257.71
GFALO9505,"EURO OAK 9.5"" SELLA",ALLORA BY GARRISON,ALLORA,EN,2025,4,3526.56,24982.49
GFALO9505,"EURO OAK 9.5"" SELLA",ALLORA BY GARRISON,ALLORA,EN,2025,5,48.98,415.84
GFALO9505,"EURO OAK 9.5"" SELLA",ALLORA BY GARRISON,ALLORA,EN,2025,6,979.6,8169.86
GFALO9505,"EURO OAK 9.5"" SELLA",ALLORA BY GARRISON,ALLORA,EN,2025,7,11828.67,106599.09
GFALO9505,"EURO OAK 9.5"" SELLA",ALLORA BY GARRISON,ALLORA,EN,2025,8,1126.54,9411.26
GFALO9505,"EURO OAK 9.5"" SELLA",ALLORA BY GARRISON,ALLORA,EN,2025,9,122.45,984.5
GFALO9505,"EURO OAK 9.5"" SELLA",ALLORA BY GARRISON,ALLORA,EN,2025,10,6416.38,49381.15
GFALO9505,"EURO OAK 9.5"" SELLA",ALLORA BY GARRISON,ALLORA,EN,2025,11,1665.32,12938.56
GFALO9505,"EURO OAK 9.5"" SELLA",ALLORA BY GARRISON,ALLORA,EN,2025,12,1542.87,14641.84
GFALO9505,"EURO OAK 9.5"" SELLA",ALLORA BY GARRISON,ALLORA,EN,2026,1,24.49,183.43
GFALO9505,"EURO OAK 9.5"" SELLA",ALLORA BY GARRISON,ALLORA,EN,2026,3,1102.05,8254.35
GFALO9505,"EURO OAK 9.5"" SELLA",ALLORA BY GARRISON,ALLORA,EN,2026,4,4751.06,39303.02
GFALO9505,"EURO OAK 9.5"" SELLA",ALLORA BY GARRISON,ALLORA,EN,2026,6,1126.54,10127.59
GFALO9505,"EURO OAK 9.5"" SELLA",ALLORA BY GARRISON,ALLORA,EN,2026,7,146.94,1056.5
GFALO9505S,"EURO OAK 9.5"" SELLA SELECT",ALLORA BY GARRISON,ALLORA,EN,2023,11,24.49,293.64
GFALO9505S,"EURO OAK 9.5"" SELLA SELECT",ALLORA BY GARRISON,ALLORA,EN,2023,12,24.49,256.9
GFALO9505S,"EURO OAK 9.5"" SELLA SELECT",ALLORA BY GARRISON,ALLORA,EN,2024,1,122.45,1468.18
GFALO9505S,"EURO OAK 9.5"" SELLA SELECT",ALLORA BY GARRISON,ALLORA,EN,2024,2,5020.45,52664.52
GFALO9505S,"EURO OAK 9.5"" SELLA SELECT",ALLORA BY GARRISON,ALLORA,EN,2024,3,-5020.45,-52664.52
GFALO9505S,"EURO OAK 9.5"" SELLA SELECT",ALLORA BY GARRISON,ALLORA,EN,2024,5,48.98,587.27
GFALO9505S,"EURO OAK 9.5"" SELLA SELECT",ALLORA BY GARRISON,ALLORA,EN,2024,6,8963.34,101734.64
GFALO9505S,"EURO OAK 9.5"" SELLA SELECT",ALLORA BY GARRISON,ALLORA,EN,2024,7,1469.4,15414.01
GFALO9505S,"EURO OAK 9.5"" SELLA SELECT",ALLORA BY GARRISON,ALLORA,EN,2024,8,-440.82,-5065.02
GFALO9505S,"EURO OAK 9.5"" SELLA SELECT",ALLORA BY GARRISON,ALLORA,EN,2024,9,1836.75,20700.17
GFALO9505S,"EURO OAK 9.5"" SELLA SELECT",ALLORA BY GARRISON,ALLORA,EN,2024,10,2081.65,21836.51
GFALO9505S,"EURO OAK 9.5"" SELLA SELECT",ALLORA BY GARRISON,ALLORA,EN,2024,11,-24.49,-256.9
GFALO9505S,"EURO OAK 9.5"" SELLA SELECT",ALLORA BY GARRISON,ALLORA,EN,2025,1,2742.88,28361.38
GFALO9505S,"EURO OAK 9.5"" SELLA SELECT",ALLORA BY GARRISON,ALLORA,EN,2025,2,12098.06,130989.17
GFALO9505S,"EURO OAK 9.5"" SELLA SELECT",ALLORA BY GARRISON,ALLORA,EN,2025,4,1420.42,14447.88
GFALO9505S,"EURO OAK 9.5"" SELLA SELECT",ALLORA BY GARRISON,ALLORA,EN,2025,5,5779.64,63567.22
GFALO9505S,"EURO OAK 9.5"" SELLA SELECT",ALLORA BY GARRISON,ALLORA,EN,2025,6,5706.17,67261.05
GFALO9505S,"EURO OAK 9.5"" SELLA SELECT",ALLORA BY GARRISON,ALLORA,EN,2025,7,4506.16,45112.05
GFALO9505S,"EURO OAK 9.5"" SELLA SELECT",ALLORA BY GARRISON,ALLORA,EN,2025,8,48.98,-24.98
GFALO9505S,"EURO OAK 9.5"" SELLA SELECT",ALLORA BY GARRISON,ALLORA,EN,2025,11,2032.67,22975.78
GFALO9505S,"EURO OAK 9.5"" SELLA SELECT",ALLORA BY GARRISON,ALLORA,EN,2025,12,0.0,-36.74
GFALO9505S,"EURO OAK 9.5"" SELLA SELECT",ALLORA BY GARRISON,ALLORA,EN,2026,1,587.76,7122.18
GFALO9505S,"EURO OAK 9.5"" SELLA SELECT",ALLORA BY GARRISON,ALLORA,EN,2026,3,1444.91,16577.53
GFALO9505S,"EURO OAK 9.5"" SELLA SELECT",ALLORA BY GARRISON,ALLORA,EN,2026,4,1077.56,12596.68
GFALO9505S,"EURO OAK 9.5"" SELLA SELECT",ALLORA BY GARRISON,ALLORA,EN,2026,5,1861.24,20222.62
GFALO9505S,"EURO OAK 9.5"" SELLA SELECT",ALLORA BY GARRISON,ALLORA,EN,2026,6,4604.12,57199.58
GFALO9505S,"EURO OAK 9.5"" SELLA SELECT",ALLORA BY GARRISON,ALLORA,EN,2026,7,489.8,6080.87
GFALO9508,"EURO OAK 9.5"" VOLTO",ALLORA BY GARRISON,ALLORA,EN,2023,9,48.98,415.84
GFALO9508,"EURO OAK 9.5"" VOLTO",ALLORA BY GARRISON,ALLORA,EN,2024,3,3012.27,27080.31
GFALO9508,"EURO OAK 9.5"" VOLTO",ALLORA BY GARRISON,ALLORA,EN,2024,4,4261.26,31289.89
GFALO9508,"EURO OAK 9.5"" VOLTO",ALLORA BY GARRISON,ALLORA,EN,2024,5,73.47,604.17
GFALO9508,"EURO OAK 9.5"" VOLTO",ALLORA BY GARRISON,ALLORA,EN,2024,8,4408.2,40952.18
GFALO9508,"EURO OAK 9.5"" VOLTO",ALLORA BY GARRISON,ALLORA,EN,2024,9,342.86,2477.41
GFALO9508,"EURO OAK 9.5"" VOLTO",ALLORA BY GARRISON,ALLORA,EN,2024,10,0.0,-376.66
GFALO9508,"EURO OAK 9.5"" VOLTO",ALLORA BY GARRISON,ALLORA,EN,2024,12,48.98,455.02
GFALO9508,"EURO OAK 9.5"" VOLTO",ALLORA BY GARRISON,ALLORA,EN,2025,1,24.49,227.51
GFALO9508,"EURO OAK 9.5"" VOLTO",ALLORA BY GARRISON,ALLORA,EN,2025,2,12342.96,90053.65
GFALO9508,"EURO OAK 9.5"" VOLTO",ALLORA BY GARRISON,ALLORA,EN,2025,4,5755.15,42434.07
GFALO9508,"EURO OAK 9.5"" VOLTO",ALLORA BY GARRISON,ALLORA,EN,2025,5,1297.97,9765.88
GFALO9508,"EURO OAK 9.5"" VOLTO",ALLORA BY GARRISON,ALLORA,EN,2025,6,6734.75,51530.63
GFALO9508,"EURO OAK 9.5"" VOLTO",ALLORA BY GARRISON,ALLORA,EN,2025,7,2277.57,15920.21
GFALO9508,"EURO OAK 9.5"" VOLTO",ALLORA BY GARRISON,ALLORA,EN,2025,8,3746.97,26863.33
GFALO9508,"EURO OAK 9.5"" VOLTO",ALLORA BY GARRISON,ALLORA,EN,2025,9,1983.69,15861.93
GFALO9508,"EURO OAK 9.5"" VOLTO",ALLORA BY GARRISON,ALLORA,EN,2025,10,6563.32,47743.74
GFALO9508,"EURO OAK 9.5"" VOLTO",ALLORA BY GARRISON,ALLORA,EN,2025,11,0.0,0.0
GFALO9508,"EURO OAK 9.5"" VOLTO",ALLORA BY GARRISON,ALLORA,EN,2025,12,48.98,366.86
GFALO9508,"EURO OAK 9.5"" VOLTO",ALLORA BY GARRISON,ALLORA,EN,2026,1,97.96,782.7
GFALO9508,"EURO OAK 9.5"" VOLTO",ALLORA BY GARRISON,ALLORA,EN,2026,2,2081.65,15189.92
GFALO9508,"EURO OAK 9.5"" VOLTO",ALLORA BY GARRISON,ALLORA,EN,2026,3,538.78,4317.1
GFALO9508,"EURO OAK 9.5"" VOLTO",ALLORA BY GARRISON,ALLORA,EN,2026,4,1689.81,15767.15
GFALO9508,"EURO OAK 9.5"" VOLTO",ALLORA BY GARRISON,ALLORA,EN,2026,5,3991.87,31388.1
GFALO9508,"EURO OAK 9.5"" VOLTO",ALLORA BY GARRISON,ALLORA,EN,2026,6,4628.61,35589.11
GFALO9508,"EURO OAK 9.5"" VOLTO",ALLORA BY GARRISON,ALLORA,EN,2026,7,4946.98,39830.05
GFALPH401-L,4-3/4 X 23-5/8 HB ALTURA (L),ALLORA BY GARRISON,ALLORA,EN,2025,7,193.75,1741.81
GFALPH401-L,4-3/4 X 23-5/8 HB ALTURA (L),ALLORA BY GARRISON,ALLORA,EN,2026,3,503.75,4679.84
GFALPH401-L,4-3/4 X 23-5/8 HB ALTURA (L),ALLORA BY GARRISON,ALLORA,EN,2026,4,23.25,170.35
GFALPH401-L,4-3/4 X 23-5/8 HB ALTURA (L),ALLORA BY GARRISON,ALLORA,EN,2026,5,7.75,85.17
GFALPH401-L,4-3/4 X 23-5/8 HB ALTURA (L),ALLORA BY GARRISON,ALLORA,EN,2026,6,2394.75,25590.58
GFALPH401-R,4-3/4 X 23-5/8 HB ALTURA (R),ALLORA BY GARRISON,ALLORA,EN,2025,7,193.75,1741.81
GFALPH401-R,4-3/4 X 23-5/8 HB ALTURA (R),ALLORA BY GARRISON,ALLORA,EN,2026,3,503.75,4679.84
GFALPH401-R,4-3/4 X 23-5/8 HB ALTURA (R),ALLORA BY GARRISON,ALLORA,EN,2026,4,23.25,170.35
GFALPH401-R,4-3/4 X 23-5/8 HB ALTURA (R),ALLORA BY GARRISON,ALLORA,EN,2026,5,7.75,85.17
GFALPH401-R,4-3/4 X 23-5/8 HB ALTURA (R),ALLORA BY GARRISON,ALLORA,EN,2026,6,2394.75,25590.58
GFALPH403-L,4-3/4 X 23-5/8 HB DOMA (L),ALLORA BY GARRISON,ALLORA,EN,2023,10,992.0,9939.53
GFALPH403-L,4-3/4 X 23-5/8 HB DOMA (L),ALLORA BY GARRISON,ALLORA,EN,2023,11,255.75,2968.02
GFALPH403-L,4-3/4 X 23-5/8 HB DOMA (L),ALLORA BY GARRISON,ALLORA,EN,2023,12,100.75,1006.49
GFALPH403-L,4-3/4 X 23-5/8 HB DOMA (L),ALLORA BY GARRISON,ALLORA,EN,2024,1,1519.0,14768.71
GFALPH403-L,4-3/4 X 23-5/8 HB DOMA (L),ALLORA BY GARRISON,ALLORA,EN,2024,2,286.75,2840.61
GFALPH403-L,4-3/4 X 23-5/8 HB DOMA (L),ALLORA BY GARRISON,ALLORA,EN,2024,3,7.75,77.42
GFALPH403-L,4-3/4 X 23-5/8 HB DOMA (L),ALLORA BY GARRISON,ALLORA,EN,2024,4,100.75,983.24
GFALPH403-L,4-3/4 X 23-5/8 HB DOMA (L),ALLORA BY GARRISON,ALLORA,EN,2024,5,829.25,8271.03
GFALPH403-L,4-3/4 X 23-5/8 HB DOMA (L),ALLORA BY GARRISON,ALLORA,EN,2024,6,1139.25,12073.96
GFALPH403-L,4-3/4 X 23-5/8 HB DOMA (L),ALLORA BY GARRISON,ALLORA,EN,2024,7,178.25,1699.34
GFALPH403-L,4-3/4 X 23-5/8 HB DOMA (L),ALLORA BY GARRISON,ALLORA,EN,2024,8,2139.0,21397.44
GFALPH403-L,4-3/4 X 23-5/8 HB DOMA (L),ALLORA BY GARRISON,ALLORA,EN,2024,9,1046.25,10882.16
GFALPH403-L,4-3/4 X 23-5/8 HB DOMA (L),ALLORA BY GARRISON,ALLORA,EN,2024,10,2022.75,21197.34
GFALPH403-L,4-3/4 X 23-5/8 HB DOMA (L),ALLORA BY GARRISON,ALLORA,EN,2024,11,-248.0,-3234.7
GFALPH403-L,4-3/4 X 23-5/8 HB DOMA (L),ALLORA BY GARRISON,ALLORA,EN,2024,12,2255.25,22458.65
GFALPH403-L,4-3/4 X 23-5/8 HB DOMA (L),ALLORA BY GARRISON,ALLORA,EN,2025,1,139.5,1393.61
GFALPH403-L,4-3/4 X 23-5/8 HB DOMA (L),ALLORA BY GARRISON,ALLORA,EN,2025,2,193.75,1990.59
GFALPH403-L,4-3/4 X 23-5/8 HB DOMA (L),ALLORA BY GARRISON,ALLORA,EN,2025,3,620.0,5848.93
GFALPH403-L,4-3/4 X 23-5/8 HB DOMA (L),ALLORA BY GARRISON,ALLORA,EN,2025,4,1914.25,18737.41
GFALPH403-L,4-3/4 X 23-5/8 HB DOMA (L),ALLORA BY GARRISON,ALLORA,EN,2025,5,806.0,7300.19
GFALPH403-L,4-3/4 X 23-5/8 HB DOMA (L),ALLORA BY GARRISON,ALLORA,EN,2025,6,550.25,5011.07
GFALPH403-L,4-3/4 X 23-5/8 HB DOMA (L),ALLORA BY GARRISON,ALLORA,EN,2025,7,1612.0,14774.76
GFALPH403-L,4-3/4 X 23-5/8 HB DOMA (L),ALLORA BY GARRISON,ALLORA,EN,2025,8,3224.0,30250.11
GFALPH403-L,4-3/4 X 23-5/8 HB DOMA (L),ALLORA BY GARRISON,ALLORA,EN,2025,9,1364.0,13541.11
GFALPH403-L,4-3/4 X 23-5/8 HB DOMA (L),ALLORA BY GARRISON,ALLORA,EN,2025,10,1581.0,14794.44
GFALPH403-L,4-3/4 X 23-5/8 HB DOMA (L),ALLORA BY GARRISON,ALLORA,EN,2025,11,480.5,4629.15
GFALPH403-L,4-3/4 X 23-5/8 HB DOMA (L),ALLORA BY GARRISON,ALLORA,EN,2025,12,620.0,6388.33
GFALPH403-L,4-3/4 X 23-5/8 HB DOMA (L),ALLORA BY GARRISON,ALLORA,EN,2026,1,348.75,3317.39
GFALPH403-L,4-3/4 X 23-5/8 HB DOMA (L),ALLORA BY GARRISON,ALLORA,EN,2026,2,7.75,72.77
GFALPH403-L,4-3/4 X 23-5/8 HB DOMA (L),ALLORA BY GARRISON,ALLORA,EN,2026,3,1426.0,13579.24
GFALPH403-L,4-3/4 X 23-5/8 HB DOMA (L),ALLORA BY GARRISON,ALLORA,EN,2026,4,558.0,5452.05
GFALPH403-L,4-3/4 X 23-5/8 HB DOMA (L),ALLORA BY GARRISON,ALLORA,EN,2026,5,2356.0,22963.72
GFALPH403-L,4-3/4 X 23-5/8 HB DOMA (L),ALLORA BY GARRISON,ALLORA,EN,2026,6,457.25,4788.8
GFALPH403-L,4-3/4 X 23-5/8 HB DOMA (L),ALLORA BY GARRISON,ALLORA,EN,2026,7,302.25,2895.48
GFALPH403-R,4-3/4 X 23-5/8 HB DOMA (R),ALLORA BY GARRISON,ALLORA,EN,2023,10,992.0,9939.53
GFALPH403-R,4-3/4 X 23-5/8 HB DOMA (R),ALLORA BY GARRISON,ALLORA,EN,2023,11,255.75,2968.02
GFALPH403-R,4-3/4 X 23-5/8 HB DOMA (R),ALLORA BY GARRISON,ALLORA,EN,2023,12,100.75,1006.49
GFALPH403-R,4-3/4 X 23-5/8 HB DOMA (R),ALLORA BY GARRISON,ALLORA,EN,2024,1,1519.0,14768.71
GFALPH403-R,4-3/4 X 23-5/8 HB DOMA (R),ALLORA BY GARRISON,ALLORA,EN,2024,2,286.75,2840.61
GFALPH403-R,4-3/4 X 23-5/8 HB DOMA (R),ALLORA BY GARRISON,ALLORA,EN,2024,3,7.75,77.42
GFALPH403-R,4-3/4 X 23-5/8 HB DOMA (R),ALLORA BY GARRISON,ALLORA,EN,2024,4,100.75,983.24
GFALPH403-R,4-3/4 X 23-5/8 HB DOMA (R),ALLORA BY GARRISON,ALLORA,EN,2024,5,829.25,8271.03
GFALPH403-R,4-3/4 X 23-5/8 HB DOMA (R),ALLORA BY GARRISON,ALLORA,EN,2024,6,1139.25,12073.96
GFALPH403-R,4-3/4 X 23-5/8 HB DOMA (R),ALLORA BY GARRISON,ALLORA,EN,2024,7,178.25,1699.34
GFALPH403-R,4-3/4 X 23-5/8 HB DOMA (R),ALLORA BY GARRISON,ALLORA,EN,2024,8,2139.0,21397.44
GFALPH403-R,4-3/4 X 23-5/8 HB DOMA (R),ALLORA BY GARRISON,ALLORA,EN,2024,9,1046.25,10882.16
GFALPH403-R,4-3/4 X 23-5/8 HB DOMA (R),ALLORA BY GARRISON,ALLORA,EN,2024,10,2022.75,21197.34
GFALPH403-R,4-3/4 X 23-5/8 HB DOMA (R),ALLORA BY GARRISON,ALLORA,EN,2024,11,-248.0,-3234.7
GFALPH403-R,4-3/4 X 23-5/8 HB DOMA (R),ALLORA BY GARRISON,ALLORA,EN,2024,12,2255.25,22458.65
GFALPH403-R,4-3/4 X 23-5/8 HB DOMA (R),ALLORA BY GARRISON,ALLORA,EN,2025,1,139.5,1393.61
GFALPH403-R,4-3/4 X 23-5/8 HB DOMA (R),ALLORA BY GARRISON,ALLORA,EN,2025,2,193.75,1990.59
GFALPH403-R,4-3/4 X 23-5/8 HB DOMA (R),ALLORA BY GARRISON,ALLORA,EN,2025,3,620.0,5848.93
GFALPH403-R,4-3/4 X 23-5/8 HB DOMA (R),ALLORA BY GARRISON,ALLORA,EN,2025,4,1914.25,18880.78
GFALPH403-R,4-3/4 X 23-5/8 HB DOMA (R),ALLORA BY GARRISON,ALLORA,EN,2025,5,806.0,7300.19
GFALPH403-R,4-3/4 X 23-5/8 HB DOMA (R),ALLORA BY GARRISON,ALLORA,EN,2025,6,550.25,5011.07
GFALPH403-R,4-3/4 X 23-5/8 HB DOMA (R),ALLORA BY GARRISON,ALLORA,EN,2025,7,1612.0,14774.76
GFALPH403-R,4-3/4 X 23-5/8 HB DOMA (R),ALLORA BY GARRISON,ALLORA,EN,2025,8,3224.0,30250.11
GFALPH403-R,4-3/4 X 23-5/8 HB DOMA (R),ALLORA BY GARRISON,ALLORA,EN,2025,9,1364.0,13541.11
GFALPH403-R,4-3/4 X 23-5/8 HB DOMA (R),ALLORA BY GARRISON,ALLORA,EN,2025,10,1581.0,14794.44
GFALPH403-R,4-3/4 X 23-5/8 HB DOMA (R),ALLORA BY GARRISON,ALLORA,EN,2025,11,480.5,4629.15
GFALPH403-R,4-3/4 X 23-5/8 HB DOMA (R),ALLORA BY GARRISON,ALLORA,EN,2025,12,620.0,6388.33
GFALPH403-R,4-3/4 X 23-5/8 HB DOMA (R),ALLORA BY GARRISON,ALLORA,EN,2026,1,348.75,3317.39
GFALPH403-R,4-3/4 X 23-5/8 HB DOMA (R),ALLORA BY GARRISON,ALLORA,EN,2026,2,7.75,72.77
GFALPH403-R,4-3/4 X 23-5/8 HB DOMA (R),ALLORA BY GARRISON,ALLORA,EN,2026,3,1426.0,13579.24
GFALPH403-R,4-3/4 X 23-5/8 HB DOMA (R),ALLORA BY GARRISON,ALLORA,EN,2026,4,558.0,5452.05
GFALPH403-R,4-3/4 X 23-5/8 HB DOMA (R),ALLORA BY GARRISON,ALLORA,EN,2026,5,2356.0,22963.72
GFALPH403-R,4-3/4 X 23-5/8 HB DOMA (R),ALLORA BY GARRISON,ALLORA,EN,2026,6,457.25,4788.8
GFALPH403-R,4-3/4 X 23-5/8 HB DOMA (R),ALLORA BY GARRISON,ALLORA,EN,2026,7,302.25,2895.48
GFALPH405-L,4-3/4 X 23-5/8 HB SELLA (L),ALLORA BY GARRISON,ALLORA,EN,2023,10,193.75,1935.56
GFALPH405-L,4-3/4 X 23-5/8 HB SELLA (L),ALLORA BY GARRISON,ALLORA,EN,2023,11,534.75,5342.15
GFALPH405-L,4-3/4 X 23-5/8 HB SELLA (L),ALLORA BY GARRISON,ALLORA,EN,2023,12,271.25,2709.79
GFALPH405-L,4-3/4 X 23-5/8 HB SELLA (L),ALLORA BY GARRISON,ALLORA,EN,2024,5,62.0,654.26
GFALPH405-L,4-3/4 X 23-5/8 HB SELLA (L),ALLORA BY GARRISON,ALLORA,EN,2024,6,1984.0,18674.17
GFALPH405-L,4-3/4 X 23-5/8 HB SELLA (L),ALLORA BY GARRISON,ALLORA,EN,2024,7,232.5,2671.43
GFALPH405-L,4-3/4 X 23-5/8 HB SELLA (L),ALLORA BY GARRISON,ALLORA,EN,2024,10,7.75,-309.69
GFALPH405-L,4-3/4 X 23-5/8 HB SELLA (L),ALLORA BY GARRISON,ALLORA,EN,2024,11,426.25,4258.24
GFALPH405-L,4-3/4 X 23-5/8 HB SELLA (L),ALLORA BY GARRISON,ALLORA,EN,2025,1,798.25,7974.52
GFALPH405-L,4-3/4 X 23-5/8 HB SELLA (L),ALLORA BY GARRISON,ALLORA,EN,2025,2,565.75,5664.24
GFALPH405-L,4-3/4 X 23-5/8 HB SELLA (L),ALLORA BY GARRISON,ALLORA,EN,2025,3,527.0,5074.86
GFALPH405-L,4-3/4 X 23-5/8 HB SELLA (L),ALLORA BY GARRISON,ALLORA,EN,2025,4,-69.75,-681.3
GFALPH405-L,4-3/4 X 23-5/8 HB SELLA (L),ALLORA BY GARRISON,ALLORA,EN,2025,5,7.75,81.3
GFALPH405-L,4-3/4 X 23-5/8 HB SELLA (L),ALLORA BY GARRISON,ALLORA,EN,2025,6,689.75,7046.69
GFALPH405-L,4-3/4 X 23-5/8 HB SELLA (L),ALLORA BY GARRISON,ALLORA,EN,2025,7,1519.0,15782.26
GFALPH405-L,4-3/4 X 23-5/8 HB SELLA (L),ALLORA BY GARRISON,ALLORA,EN,2025,8,713.0,7847.5
GFALPH405-L,4-3/4 X 23-5/8 HB SELLA (L),ALLORA BY GARRISON,ALLORA,EN,2025,9,1364.0,13421.76
GFALPH405-L,4-3/4 X 23-5/8 HB SELLA (L),ALLORA BY GARRISON,ALLORA,EN,2025,10,1774.75,18112.6
GFALPH405-L,4-3/4 X 23-5/8 HB SELLA (L),ALLORA BY GARRISON,ALLORA,EN,2025,12,-178.25,-2083.74
GFALPH405-L,4-3/4 X 23-5/8 HB SELLA (L),ALLORA BY GARRISON,ALLORA,EN,2026,3,201.5,1912.24
GFALPH405-L,4-3/4 X 23-5/8 HB SELLA (L),ALLORA BY GARRISON,ALLORA,EN,2026,5,255.75,2810.69
GFALPH405-L,4-3/4 X 23-5/8 HB SELLA (L),ALLORA BY GARRISON,ALLORA,EN,2026,6,627.75,5957.35
GFALPH405-L,4-3/4 X 23-5/8 HB SELLA (L),ALLORA BY GARRISON,ALLORA,EN,2026,7,1178.0,11004.07
GFALPH405-R,4-3/4 X 23-5/8 HB SELLA (R),ALLORA BY GARRISON,ALLORA,EN,2023,10,193.75,1935.56
GFALPH405-R,4-3/4 X 23-5/8 HB SELLA (R),ALLORA BY GARRISON,ALLORA,EN,2023,11,534.75,5342.15
GFALPH405-R,4-3/4 X 23-5/8 HB SELLA (R),ALLORA BY GARRISON,ALLORA,EN,2023,12,271.25,2709.79
GFALPH405-R,4-3/4 X 23-5/8 HB SELLA (R),ALLORA BY GARRISON,ALLORA,EN,2024,5,62.0,654.26
GFALPH405-R,4-3/4 X 23-5/8 HB SELLA (R),ALLORA BY GARRISON,ALLORA,EN,2024,6,1984.0,18674.17
GFALPH405-R,4-3/4 X 23-5/8 HB SELLA (R),ALLORA BY GARRISON,ALLORA,EN,2024,7,232.5,2671.43
GFALPH405-R,4-3/4 X 23-5/8 HB SELLA (R),ALLORA BY GARRISON,ALLORA,EN,2024,10,7.75,-309.69
GFALPH405-R,4-3/4 X 23-5/8 HB SELLA (R),ALLORA BY GARRISON,ALLORA,EN,2024,11,426.25,4258.24
GFALPH405-R,4-3/4 X 23-5/8 HB SELLA (R),ALLORA BY GARRISON,ALLORA,EN,2025,1,798.25,7974.52
GFALPH405-R,4-3/4 X 23-5/8 HB SELLA (R),ALLORA BY GARRISON,ALLORA,EN,2025,2,565.75,5664.24
GFALPH405-R,4-3/4 X 23-5/8 HB SELLA (R),ALLORA BY GARRISON,ALLORA,EN,2025,3,527.0,5074.86
GFALPH405-R,4-3/4 X 23-5/8 HB SELLA (R),ALLORA BY GARRISON,ALLORA,EN,2025,4,-69.75,-681.3
GFALPH405-R,4-3/4 X 23-5/8 HB SELLA (R),ALLORA BY GARRISON,ALLORA,EN,2025,5,7.75,81.3
GFALPH405-R,4-3/4 X 23-5/8 HB SELLA (R),ALLORA BY GARRISON,ALLORA,EN,2025,6,689.75,7046.69
GFALPH405-R,4-3/4 X 23-5/8 HB SELLA (R),ALLORA BY GARRISON,ALLORA,EN,2025,7,1519.0,15782.26
GFALPH405-R,4-3/4 X 23-5/8 HB SELLA (R),ALLORA BY GARRISON,ALLORA,EN,2025,8,713.0,7847.5
GFALPH405-R,4-3/4 X 23-5/8 HB SELLA (R),ALLORA BY GARRISON,ALLORA,EN,2025,9,2038.25,19820.39
GFALPH405-R,4-3/4 X 23-5/8 HB SELLA (R),ALLORA BY GARRISON,ALLORA,EN,2025,10,1038.5,11063.59
GFALPH405-R,4-3/4 X 23-5/8 HB SELLA (R),ALLORA BY GARRISON,ALLORA,EN,2025,12,-178.25,-2083.74
GFALPH405-R,4-3/4 X 23-5/8 HB SELLA (R),ALLORA BY GARRISON,ALLORA,EN,2026,3,201.5,1912.24
GFALPH405-R,4-3/4 X 23-5/8 HB SELLA (R),ALLORA BY GARRISON,ALLORA,EN,2026,5,255.75,2810.69
GFALPH405-R,4-3/4 X 23-5/8 HB SELLA (R),ALLORA BY GARRISON,ALLORA,EN,2026,6,627.75,5957.35
GFALPH405-R,4-3/4 X 23-5/8 HB SELLA (R),ALLORA BY GARRISON,ALLORA,EN,2026,7,1178.0,11004.07
GFBHO9501,"EURO OAK 9.5"" BURTON WAY",BEVERLY HILLS,BEVERLY HILLS,EN,2023,8,7140.36,32228.72
GFBHO9501,"EURO OAK 9.5"" BURTON WAY",BEVERLY HILLS,BEVERLY HILLS,EN,2023,9,12552.48,58411.78
GFBHO9501,"EURO OAK 9.5"" BURTON WAY",BEVERLY HILLS,BEVERLY HILLS,EN,2023,10,5025.54,23390.14
GFBHO9501,"EURO OAK 9.5"" BURTON WAY",BEVERLY HILLS,BEVERLY HILLS,EN,2023,11,15440.46,70921.28
GFBHO9501,"EURO OAK 9.5"" BURTON WAY",BEVERLY HILLS,BEVERLY HILLS,EN,2023,12,6685.56,32649.18
GFBHO9501,"EURO OAK 9.5"" BURTON WAY",BEVERLY HILLS,BEVERLY HILLS,EN,2024,1,8641.2,41514.14
GFBHO9501,"EURO OAK 9.5"" BURTON WAY",BEVERLY HILLS,BEVERLY HILLS,EN,2024,2,21807.66,105034.01
GFBHO9501,"EURO OAK 9.5"" BURTON WAY",BEVERLY HILLS,BEVERLY HILLS,EN,2024,3,10369.44,49969.79
GFBHO9501,"EURO OAK 9.5"" BURTON WAY",BEVERLY HILLS,BEVERLY HILLS,EN,2024,4,22830.96,105204.11
GFBHO9501,"EURO OAK 9.5"" BURTON WAY",BEVERLY HILLS,BEVERLY HILLS,EN,2024,5,19942.98,92711.66
GFBHO9501,"EURO OAK 9.5"" BURTON WAY",BEVERLY HILLS,BEVERLY HILLS,EN,2024,6,26310.18,125758.57
GFBHO9501,"EURO OAK 9.5"" BURTON WAY",BEVERLY HILLS,BEVERLY HILLS,EN,2024,7,22740.0,112690.34
GFBHO9501,"EURO OAK 9.5"" BURTON WAY",BEVERLY HILLS,BEVERLY HILLS,EN,2024,8,18510.36,85538.78
GFBHO9501,"EURO OAK 9.5"" BURTON WAY",BEVERLY HILLS,BEVERLY HILLS,EN,2024,9,11301.78,57789.84
GFBHO9501,"EURO OAK 9.5"" BURTON WAY",BEVERLY HILLS,BEVERLY HILLS,EN,2024,10,15531.42,84867.27
GFBHO9501,"EURO OAK 9.5"" BURTON WAY",BEVERLY HILLS,BEVERLY HILLS,EN,2024,11,15190.32,79417.63
GFBHO9501,"EURO OAK 9.5"" BURTON WAY",BEVERLY HILLS,BEVERLY HILLS,EN,2024,12,23035.62,114283.74
GFBHO9501,"EURO OAK 9.5"" BURTON WAY",BEVERLY HILLS,BEVERLY HILLS,EN,2025,1,6935.7,34170.26
GFBHO9501,"EURO OAK 9.5"" BURTON WAY",BEVERLY HILLS,BEVERLY HILLS,EN,2025,2,11051.64,53596.82
GFBHO9501,"EURO OAK 9.5"" BURTON WAY",BEVERLY HILLS,BEVERLY HILLS,EN,2025,3,19238.04,92714.16
GFBHO9501,"EURO OAK 9.5"" BURTON WAY",BEVERLY HILLS,BEVERLY HILLS,EN,2025,4,14599.08,71667.38
GFBHO9501,"EURO OAK 9.5"" BURTON WAY",BEVERLY HILLS,BEVERLY HILLS,EN,2025,5,39749.52,183951.36
GFBHO9501,"EURO OAK 9.5"" BURTON WAY",BEVERLY HILLS,BEVERLY HILLS,EN,2025,6,39931.44,197304.52
GFBHO9501,"EURO OAK 9.5"" BURTON WAY",BEVERLY HILLS,BEVERLY HILLS,EN,2025,7,14098.8,64582.96
GFBHO9501,"EURO OAK 9.5"" BURTON WAY",BEVERLY HILLS,BEVERLY HILLS,EN,2025,8,9709.98,46497.16
GFBHO9501,"EURO OAK 9.5"" BURTON WAY",BEVERLY HILLS,BEVERLY HILLS,EN,2025,9,29766.66,145225.14
GFBHO9501,"EURO OAK 9.5"" BURTON WAY",BEVERLY HILLS,BEVERLY HILLS,EN,2025,10,14826.48,65245.15
GFBHO9501,"EURO OAK 9.5"" BURTON WAY",BEVERLY HILLS,BEVERLY HILLS,EN,2025,11,30926.4,147025.47
GFBHO9501,"EURO OAK 9.5"" BURTON WAY",BEVERLY HILLS,BEVERLY HILLS,EN,2025,12,4002.24,18463.52
GFBHO9501,"EURO OAK 9.5"" BURTON WAY",BEVERLY HILLS,BEVERLY HILLS,EN,2026,1,12620.7,64660.05
GFBHO9501,"EURO OAK 9.5"" BURTON WAY",BEVERLY HILLS,BEVERLY HILLS,EN,2026,2,41409.54,199190.8
GFBHO9501,"EURO OAK 9.5"" BURTON WAY",BEVERLY HILLS,BEVERLY HILLS,EN,2026,3,18987.9,90410.83
GFBHO9501,"EURO OAK 9.5"" BURTON WAY",BEVERLY HILLS,BEVERLY HILLS,EN,2026,4,13462.08,74828.02
GFBHO9501,"EURO OAK 9.5"" BURTON WAY",BEVERLY HILLS,BEVERLY HILLS,EN,2026,5,4889.1,23273.25
GFBHO9501,"EURO OAK 9.5"" BURTON WAY",BEVERLY HILLS,BEVERLY HILLS,EN,2026,6,21784.92,118977.04
GFBHO9501,"EURO OAK 9.5"" BURTON WAY",BEVERLY HILLS,BEVERLY HILLS,EN,2026,7,29721.18,157185.47
GFBHO9502,"EURO OAK 9.5"" CANON",BEVERLY HILLS,BEVERLY HILLS,EN,2023,8,2023.86,9185.14
GFBHO9502,"EURO OAK 9.5"" CANON",BEVERLY HILLS,BEVERLY HILLS,EN,2023,9,2637.84,13162.82
GFBHO9502,"EURO OAK 9.5"" CANON",BEVERLY HILLS,BEVERLY HILLS,EN,2023,10,10846.98,52461.86
GFBHO9502,"EURO OAK 9.5"" CANON",BEVERLY HILLS,BEVERLY HILLS,EN,2023,11,3615.66,17014.3
GFBHO9502,"EURO OAK 9.5"" CANON",BEVERLY HILLS,BEVERLY HILLS,EN,2023,12,9709.98,46601.76
GFBHO9502,"EURO OAK 9.5"" CANON",BEVERLY HILLS,BEVERLY HILLS,EN,2024,1,2342.22,11114.63
GFBHO9502,"EURO OAK 9.5"" CANON",BEVERLY HILLS,BEVERLY HILLS,EN,2024,2,3638.4,16627.49
GFBHO9502,"EURO OAK 9.5"" CANON",BEVERLY HILLS,BEVERLY HILLS,EN,2024,3,2774.28,13088.69
GFBHO9502,"EURO OAK 9.5"" CANON",BEVERLY HILLS,BEVERLY HILLS,EN,2024,4,9937.38,50870.06
GFBHO9502,"EURO OAK 9.5"" CANON",BEVERLY HILLS,BEVERLY HILLS,EN,2024,5,7481.46,36659.38
GFBHO9502,"EURO OAK 9.5"" CANON",BEVERLY HILLS,BEVERLY HILLS,EN,2024,6,2751.54,12846.74
GFBHO9502,"EURO OAK 9.5"" CANON",BEVERLY HILLS,BEVERLY HILLS,EN,2024,7,14735.52,67721.54
GFBHO9502,"EURO OAK 9.5"" CANON",BEVERLY HILLS,BEVERLY HILLS,EN,2024,8,11142.6,60447.01
GFBHO9502,"EURO OAK 9.5"" CANON",BEVERLY HILLS,BEVERLY HILLS,EN,2024,9,3024.42,16501.74
GFBHO9502,"EURO OAK 9.5"" CANON",BEVERLY HILLS,BEVERLY HILLS,EN,2024,10,3706.62,17013.39
GFBHO9502,"EURO OAK 9.5"" CANON",BEVERLY HILLS,BEVERLY HILLS,EN,2024,11,18032.82,89917.83
GFBHO9502,"EURO OAK 9.5"" CANON",BEVERLY HILLS,BEVERLY HILLS,EN,2024,12,7549.68,35312.49
GFBHO9502,"EURO OAK 9.5"" CANON",BEVERLY HILLS,BEVERLY HILLS,EN,2025,1,3774.84,17890.47
GFBHO9502,"EURO OAK 9.5"" CANON",BEVERLY HILLS,BEVERLY HILLS,EN,2025,2,2205.78,10160.91
GFBHO9502,"EURO OAK 9.5"" CANON",BEVERLY HILLS,BEVERLY HILLS,EN,2025,3,8482.02,42916.52
GFBHO9502,"EURO OAK 9.5"" CANON",BEVERLY HILLS,BEVERLY HILLS,EN,2025,4,2364.96,11055.28
GFBHO9502,"EURO OAK 9.5"" CANON",BEVERLY HILLS,BEVERLY HILLS,EN,2025,5,5434.86,27119.95
GFBHO9502,"EURO OAK 9.5"" CANON",BEVERLY HILLS,BEVERLY HILLS,EN,2025,6,8982.3,45505.01
GFBHO9502,"EURO OAK 9.5"" CANON",BEVERLY HILLS,BEVERLY HILLS,EN,2025,7,4093.2,20227.23
GFBHO9502,"EURO OAK 9.5"" CANON",BEVERLY HILLS,BEVERLY HILLS,EN,2025,8,1341.66,5166.76
GFBHO9502,"EURO OAK 9.5"" CANON",BEVERLY HILLS,BEVERLY HILLS,EN,2025,9,818.64,3038.97
GFBHO9502,"EURO OAK 9.5"" CANON",BEVERLY HILLS,BEVERLY HILLS,EN,2025,10,3524.7,16978.82
GFBHO9502,"EURO OAK 9.5"" CANON",BEVERLY HILLS,BEVERLY HILLS,EN,2025,11,10551.36,53563.16
GFBHO9502,"EURO OAK 9.5"" CANON",BEVERLY HILLS,BEVERLY HILLS,EN,2025,12,2887.98,14411.02
GFBHO9502,"EURO OAK 9.5"" CANON",BEVERLY HILLS,BEVERLY HILLS,EN,2026,1,1227.96,4324.47
GFBHO9502,"EURO OAK 9.5"" CANON",BEVERLY HILLS,BEVERLY HILLS,EN,2026,2,11051.64,52130.31
GFBHO9502,"EURO OAK 9.5"" CANON",BEVERLY HILLS,BEVERLY HILLS,EN,2026,3,3092.64,17376.54
GFBHO9502,"EURO OAK 9.5"" CANON",BEVERLY HILLS,BEVERLY HILLS,EN,2026,4,1910.16,9386.16
GFBHO9502,"EURO OAK 9.5"" CANON",BEVERLY HILLS,BEVERLY HILLS,EN,2026,5,7617.9,41560.76
GFBHO9502,"EURO OAK 9.5"" CANON",BEVERLY HILLS,BEVERLY HILLS,EN,2026,6,1750.98,9437.78
GFBHO9502,"EURO OAK 9.5"" CANON",BEVERLY HILLS,BEVERLY HILLS,EN,2026,7,3433.74,21941.6
GFBHO9503,"EURO OAK 9.5"" HILLCREST",BEVERLY HILLS,BEVERLY HILLS,EN,2023,8,22.74,0.0
GFBHO9503,"EURO OAK 9.5"" HILLCREST",BEVERLY HILLS,BEVERLY HILLS,EN,2023,9,68.22,313.13
GFBHO9503,"EURO OAK 9.5"" HILLCREST",BEVERLY HILLS,BEVERLY HILLS,EN,2023,10,1364.4,6262.6
GFBHO9503,"EURO OAK 9.5"" HILLCREST",BEVERLY HILLS,BEVERLY HILLS,EN,2023,11,4161.42,22107.15
GFBHO9503,"EURO OAK 9.5"" HILLCREST",BEVERLY HILLS,BEVERLY HILLS,EN,2023,12,6935.7,31664.31
GFBHO9503,"EURO OAK 9.5"" HILLCREST",BEVERLY HILLS,BEVERLY HILLS,EN,2024,1,1955.64,8994.58
GFBHO9503,"EURO OAK 9.5"" HILLCREST",BEVERLY HILLS,BEVERLY HILLS,EN,2024,2,1728.24,8515.68
GFBHO9503,"EURO OAK 9.5"" HILLCREST",BEVERLY HILLS,BEVERLY HILLS,EN,2024,3,5866.92,27852.41
GFBHO9503,"EURO OAK 9.5"" HILLCREST",BEVERLY HILLS,BEVERLY HILLS,EN,2024,4,7777.08,37375.24
GFBHO9503,"EURO OAK 9.5"" HILLCREST",BEVERLY HILLS,BEVERLY HILLS,EN,2024,5,2478.66,11695.41
GFBHO9503,"EURO OAK 9.5"" HILLCREST",BEVERLY HILLS,BEVERLY HILLS,EN,2024,6,886.86,4248.06
GFBHO9503,"EURO OAK 9.5"" HILLCREST",BEVERLY HILLS,BEVERLY HILLS,EN,2024,7,159.18,871.62
GFBHO9503,"EURO OAK 9.5"" HILLCREST",BEVERLY HILLS,BEVERLY HILLS,EN,2024,8,2114.82,11371.59
GFBHO9503,"EURO OAK 9.5"" HILLCREST",BEVERLY HILLS,BEVERLY HILLS,EN,2024,9,4115.94,23341.25
GFBHO9503,"EURO OAK 9.5"" HILLCREST",BEVERLY HILLS,BEVERLY HILLS,EN,2024,10,11460.96,54095.28
GFBHO9503,"EURO OAK 9.5"" HILLCREST",BEVERLY HILLS,BEVERLY HILLS,EN,2024,11,3592.92,16443.75
GFBHO9503,"EURO OAK 9.5"" HILLCREST",BEVERLY HILLS,BEVERLY HILLS,EN,2024,12,9505.32,43897.75
GFBHO9503,"EURO OAK 9.5"" HILLCREST",BEVERLY HILLS,BEVERLY HILLS,EN,2025,1,4616.22,24419.8
GFBHO9503,"EURO OAK 9.5"" HILLCREST",BEVERLY HILLS,BEVERLY HILLS,EN,2025,2,4411.56,20869.86
GFBHO9503,"EURO OAK 9.5"" HILLCREST",BEVERLY HILLS,BEVERLY HILLS,EN,2025,3,2910.72,13537.58
GFBHO9503,"EURO OAK 9.5"" HILLCREST",BEVERLY HILLS,BEVERLY HILLS,EN,2025,4,10369.44,50611.05
GFBHO9503,"EURO OAK 9.5"" HILLCREST",BEVERLY HILLS,BEVERLY HILLS,EN,2025,5,9709.98,47147.52
GFBHO9503,"EURO OAK 9.5"" HILLCREST",BEVERLY HILLS,BEVERLY HILLS,EN,2025,6,5844.18,28389.3
GFBHO9503,"EURO OAK 9.5"" HILLCREST",BEVERLY HILLS,BEVERLY HILLS,EN,2025,7,2501.4,12868.57
GFBHO9503,"EURO OAK 9.5"" HILLCREST",BEVERLY HILLS,BEVERLY HILLS,EN,2025,8,2023.86,10099.06
GFBHO9503,"EURO OAK 9.5"" HILLCREST",BEVERLY HILLS,BEVERLY HILLS,EN,2025,9,1841.94,9216.29
GFBHO9503,"EURO OAK 9.5"" HILLCREST",BEVERLY HILLS,BEVERLY HILLS,EN,2025,10,2797.02,12870.16
GFBHO9503,"EURO OAK 9.5"" HILLCREST",BEVERLY HILLS,BEVERLY HILLS,EN,2025,11,1932.9,8678.95
GFBHO9503,"EURO OAK 9.5"" HILLCREST",BEVERLY HILLS,BEVERLY HILLS,EN,2025,12,5161.98,25073.81
GFBHO9503,"EURO OAK 9.5"" HILLCREST",BEVERLY HILLS,BEVERLY HILLS,EN,2026,1,363.84,1663.66
GFBHO9503,"EURO OAK 9.5"" HILLCREST",BEVERLY HILLS,BEVERLY HILLS,EN,2026,2,6867.48,33136.73
GFBHO9503,"EURO OAK 9.5"" HILLCREST",BEVERLY HILLS,BEVERLY HILLS,EN,2026,3,3206.34,15801.8
GFBHO9503,"EURO OAK 9.5"" HILLCREST",BEVERLY HILLS,BEVERLY HILLS,EN,2026,4,3456.48,17668.75
GFBHO9503,"EURO OAK 9.5"" HILLCREST",BEVERLY HILLS,BEVERLY HILLS,EN,2026,5,2683.32,14474.46
GFBHO9503,"EURO OAK 9.5"" HILLCREST",BEVERLY HILLS,BEVERLY HILLS,EN,2026,6,1159.74,6251.0
GFBHO9503,"EURO OAK 9.5"" HILLCREST",BEVERLY HILLS,BEVERLY HILLS,EN,2026,7,4889.1,27136.78
GFBHO9505,"EURO OAK 9.5"" RODEO DRIVE",BEVERLY HILLS,BEVERLY HILLS,EN,2023,8,7390.5,34018.13
GFBHO9505,"EURO OAK 9.5"" RODEO DRIVE",BEVERLY HILLS,BEVERLY HILLS,EN,2023,9,45.48,215.58
GFBHO9505,"EURO OAK 9.5"" RODEO DRIVE",BEVERLY HILLS,BEVERLY HILLS,EN,2023,10,2797.02,13591.02
GFBHO9505,"EURO OAK 9.5"" RODEO DRIVE",BEVERLY HILLS,BEVERLY HILLS,EN,2023,11,11347.26,52679.71
GFBHO9505,"EURO OAK 9.5"" RODEO DRIVE",BEVERLY HILLS,BEVERLY HILLS,EN,2023,12,31062.84,150156.77
GFBHO9505,"EURO OAK 9.5"" RODEO DRIVE",BEVERLY HILLS,BEVERLY HILLS,EN,2024,1,25059.48,117471.43
GFBHO9505,"EURO OAK 9.5"" RODEO DRIVE",BEVERLY HILLS,BEVERLY HILLS,EN,2024,2,12256.86,57784.84
GFBHO9505,"EURO OAK 9.5"" RODEO DRIVE",BEVERLY HILLS,BEVERLY HILLS,EN,2024,3,22148.76,106736.1
GFBHO9505,"EURO OAK 9.5"" RODEO DRIVE",BEVERLY HILLS,BEVERLY HILLS,EN,2024,4,23808.78,114055.43
GFBHO9505,"EURO OAK 9.5"" RODEO DRIVE",BEVERLY HILLS,BEVERLY HILLS,EN,2024,5,23308.5,108739.27
GFBHO9505,"EURO OAK 9.5"" RODEO DRIVE",BEVERLY HILLS,BEVERLY HILLS,EN,2024,6,16122.66,76629.48
GFBHO9505,"EURO OAK 9.5"" RODEO DRIVE",BEVERLY HILLS,BEVERLY HILLS,EN,2024,7,18260.22,84144.14
GFBHO9505,"EURO OAK 9.5"" RODEO DRIVE",BEVERLY HILLS,BEVERLY HILLS,EN,2024,8,19419.96,98639.53
GFBHO9505,"EURO OAK 9.5"" RODEO DRIVE",BEVERLY HILLS,BEVERLY HILLS,EN,2024,9,15099.36,69498.44
GFBHO9505,"EURO OAK 9.5"" RODEO DRIVE",BEVERLY HILLS,BEVERLY HILLS,EN,2024,10,12279.6,66928.6
GFBHO9505,"EURO OAK 9.5"" RODEO DRIVE",BEVERLY HILLS,BEVERLY HILLS,EN,2024,11,11688.36,62150.24
GFBHO9505,"EURO OAK 9.5"" RODEO DRIVE",BEVERLY HILLS,BEVERLY HILLS,EN,2024,12,8345.58,46551.74
GFBHO9505,"EURO OAK 9.5"" RODEO DRIVE",BEVERLY HILLS,BEVERLY HILLS,EN,2025,1,21580.26,104971.71
GFBHO9505,"EURO OAK 9.5"" RODEO DRIVE",BEVERLY HILLS,BEVERLY HILLS,EN,2025,2,9323.4,42455.81
GFBHO9505,"EURO OAK 9.5"" RODEO DRIVE",BEVERLY HILLS,BEVERLY HILLS,EN,2025,3,30107.76,147885.72
GFBHO9505,"EURO OAK 9.5"" RODEO DRIVE",BEVERLY HILLS,BEVERLY HILLS,EN,2025,4,27697.32,132224.46
GFBHO9505,"EURO OAK 9.5"" RODEO DRIVE",BEVERLY HILLS,BEVERLY HILLS,EN,2025,5,22262.46,104474.61
GFBHO9505,"EURO OAK 9.5"" RODEO DRIVE",BEVERLY HILLS,BEVERLY HILLS,EN,2025,6,6981.18,32207.34
GFBHO9505,"EURO OAK 9.5"" RODEO DRIVE",BEVERLY HILLS,BEVERLY HILLS,EN,2025,7,20488.74,99276.02
GFBHO9505,"EURO OAK 9.5"" RODEO DRIVE",BEVERLY HILLS,BEVERLY HILLS,EN,2025,8,6549.12,35431.65
GFBHO9505,"EURO OAK 9.5"" RODEO DRIVE",BEVERLY HILLS,BEVERLY HILLS,EN,2025,9,7708.86,35440.52
GFBHO9505,"EURO OAK 9.5"" RODEO DRIVE",BEVERLY HILLS,BEVERLY HILLS,EN,2025,10,12802.62,62343.53
GFBHO9505,"EURO OAK 9.5"" RODEO DRIVE",BEVERLY HILLS,BEVERLY HILLS,EN,2025,11,10233.0,48208.8
GFBHO9505,"EURO OAK 9.5"" RODEO DRIVE",BEVERLY HILLS,BEVERLY HILLS,EN,2025,12,11415.48,54243.54
GFBHO9505,"EURO OAK 9.5"" RODEO DRIVE",BEVERLY HILLS,BEVERLY HILLS,EN,2026,1,12006.72,57439.88
GFBHO9505,"EURO OAK 9.5"" RODEO DRIVE",BEVERLY HILLS,BEVERLY HILLS,EN,2026,2,10596.84,49429.03
GFBHO9505,"EURO OAK 9.5"" RODEO DRIVE",BEVERLY HILLS,BEVERLY HILLS,EN,2026,3,12711.66,64066.54
GFBHO9505,"EURO OAK 9.5"" RODEO DRIVE",BEVERLY HILLS,BEVERLY HILLS,EN,2026,4,13962.36,73410.63
GFBHO9505,"EURO OAK 9.5"" RODEO DRIVE",BEVERLY HILLS,BEVERLY HILLS,EN,2026,5,7777.08,42667.06
GFBHO9505,"EURO OAK 9.5"" RODEO DRIVE",BEVERLY HILLS,BEVERLY HILLS,EN,2026,6,18828.72,105211.61
GFBHO9505,"EURO OAK 9.5"" RODEO DRIVE",BEVERLY HILLS,BEVERLY HILLS,EN,2026,7,10710.54,59858.27
GFBHO9506,"EURO OAK 9.5"" WALDEN",BEVERLY HILLS,BEVERLY HILLS,EN,2023,8,1273.44,6231.9
GFBHO9506,"EURO OAK 9.5"" WALDEN",BEVERLY HILLS,BEVERLY HILLS,EN,2023,9,4820.88,22337.05
GFBHO9506,"EURO OAK 9.5"" WALDEN",BEVERLY HILLS,BEVERLY HILLS,EN,2023,10,4843.62,22232.22
GFBHO9506,"EURO OAK 9.5"" WALDEN",BEVERLY HILLS,BEVERLY HILLS,EN,2023,11,30539.82,144571.14
GFBHO9506,"EURO OAK 9.5"" WALDEN",BEVERLY HILLS,BEVERLY HILLS,EN,2023,12,32836.56,154872.13
GFBHO9506,"EURO OAK 9.5"" WALDEN",BEVERLY HILLS,BEVERLY HILLS,EN,2024,1,19624.62,93265.15
GFBHO9506,"EURO OAK 9.5"" WALDEN",BEVERLY HILLS,BEVERLY HILLS,EN,2024,2,27765.54,128274.29
GFBHO9506,"EURO OAK 9.5"" WALDEN",BEVERLY HILLS,BEVERLY HILLS,EN,2024,3,34905.9,159985.0
GFBHO9506,"EURO OAK 9.5"" WALDEN",BEVERLY HILLS,BEVERLY HILLS,EN,2024,4,17487.06,86681.47
GFBHO9506,"EURO OAK 9.5"" WALDEN",BEVERLY HILLS,BEVERLY HILLS,EN,2024,5,14371.68,63317.03
GFBHO9506,"EURO OAK 9.5"" WALDEN",BEVERLY HILLS,BEVERLY HILLS,EN,2024,6,16782.12,77689.39
GFBHO9506,"EURO OAK 9.5"" WALDEN",BEVERLY HILLS,BEVERLY HILLS,EN,2024,7,25059.48,115061.9
GFBHO9506,"EURO OAK 9.5"" WALDEN",BEVERLY HILLS,BEVERLY HILLS,EN,2024,8,6412.68,30641.7
GFBHO9506,"EURO OAK 9.5"" WALDEN",BEVERLY HILLS,BEVERLY HILLS,EN,2024,9,21443.82,106850.03
GFBHO9506,"EURO OAK 9.5"" WALDEN",BEVERLY HILLS,BEVERLY HILLS,EN,2024,10,11051.64,53144.29
GFBHO9506,"EURO OAK 9.5"" WALDEN",BEVERLY HILLS,BEVERLY HILLS,EN,2024,11,4957.32,26588.06
GFBHO9506,"EURO OAK 9.5"" WALDEN",BEVERLY HILLS,BEVERLY HILLS,EN,2024,12,3934.02,20776.86
GFBHO9506,"EURO OAK 9.5"" WALDEN",BEVERLY HILLS,BEVERLY HILLS,EN,2025,1,10255.74,54238.08
GFBHO9506,"EURO OAK 9.5"" WALDEN",BEVERLY HILLS,BEVERLY HILLS,EN,2025,2,12461.52,60777.65
GFBHO9506,"EURO OAK 9.5"" WALDEN",BEVERLY HILLS,BEVERLY HILLS,EN,2025,3,26241.96,123979.84
GFBHO9506,"EURO OAK 9.5"" WALDEN",BEVERLY HILLS,BEVERLY HILLS,EN,2025,4,15122.1,71402.46
GFBHO9506,"EURO OAK 9.5"" WALDEN",BEVERLY HILLS,BEVERLY HILLS,EN,2025,5,9709.98,44383.93
GFBHO9506,"EURO OAK 9.5"" WALDEN",BEVERLY HILLS,BEVERLY HILLS,EN,2025,6,20375.04,95241.71
GFBHO9506,"EURO OAK 9.5"" WALDEN",BEVERLY HILLS,BEVERLY HILLS,EN,2025,7,20261.34,96449.21
GFBHO9506,"EURO OAK 9.5"" WALDEN",BEVERLY HILLS,BEVERLY HILLS,EN,2025,8,15417.72,71247.6
GFBHO9506,"EURO OAK 9.5"" WALDEN",BEVERLY HILLS,BEVERLY HILLS,EN,2025,9,19010.64,91413.44
GFBHO9506,"EURO OAK 9.5"" WALDEN",BEVERLY HILLS,BEVERLY HILLS,EN,2025,10,17009.52,81955.41
GFBHO9506,"EURO OAK 9.5"" WALDEN",BEVERLY HILLS,BEVERLY HILLS,EN,2025,11,14530.86,67933.7
GFBHO9506,"EURO OAK 9.5"" WALDEN",BEVERLY HILLS,BEVERLY HILLS,EN,2025,12,14348.94,69111.18
GFBHO9506,"EURO OAK 9.5"" WALDEN",BEVERLY HILLS,BEVERLY HILLS,EN,2026,1,9186.96,42041.03
GFBHO9506,"EURO OAK 9.5"" WALDEN",BEVERLY HILLS,BEVERLY HILLS,EN,2026,2,4184.16,20638.14
GFBHO9506,"EURO OAK 9.5"" WALDEN",BEVERLY HILLS,BEVERLY HILLS,EN,2026,3,4638.96,25026.73
GFBHO9506,"EURO OAK 9.5"" WALDEN",BEVERLY HILLS,BEVERLY HILLS,EN,2026,4,6094.32,31929.69
GFBHO9506,"EURO OAK 9.5"" WALDEN",BEVERLY HILLS,BEVERLY HILLS,EN,2026,5,11210.82,60087.49
GFBHO9506,"EURO OAK 9.5"" WALDEN",BEVERLY HILLS,BEVERLY HILLS,EN,2026,6,12666.18,65038.67
GFBHO9506,"EURO OAK 9.5"" WALDEN",BEVERLY HILLS,BEVERLY HILLS,EN,2026,7,2160.3,16117.2
GFBHO9507,"EURO OAK 9.5"" ALPINE",BEVERLY HILLS,BEVERLY HILLS,EN,2024,7,1137.0,5218.83
GFBHO9507,"EURO OAK 9.5"" ALPINE",BEVERLY HILLS,BEVERLY HILLS,EN,2024,9,-250.14,-1116.31
GFBHO9507,"EURO OAK 9.5"" ALPINE",BEVERLY HILLS,BEVERLY HILLS,EN,2024,10,659.46,3026.92
GFBHO9507,"EURO OAK 9.5"" ALPINE",BEVERLY HILLS,BEVERLY HILLS,EN,2024,11,9709.98,45014.51
GFBHO9507,"EURO OAK 9.5"" ALPINE",BEVERLY HILLS,BEVERLY HILLS,EN,2024,12,2751.54,12220.25
GFBHO9507,"EURO OAK 9.5"" ALPINE",BEVERLY HILLS,BEVERLY HILLS,EN,2025,1,13052.76,63104.86
GFBHO9507,"EURO OAK 9.5"" ALPINE",BEVERLY HILLS,BEVERLY HILLS,EN,2025,2,3206.34,15699.47
GFBHO9507,"EURO OAK 9.5"" ALPINE",BEVERLY HILLS,BEVERLY HILLS,EN,2025,3,2592.36,12317.35
GFBHO9507,"EURO OAK 9.5"" ALPINE",BEVERLY HILLS,BEVERLY HILLS,EN,2025,4,909.6,369.75
GFBHO9507,"EURO OAK 9.5"" ALPINE",BEVERLY HILLS,BEVERLY HILLS,EN,2025,5,2364.96,11109.85
GFBHO9507,"EURO OAK 9.5"" ALPINE",BEVERLY HILLS,BEVERLY HILLS,EN,2025,6,7936.26,40456.96
GFBHO9507,"EURO OAK 9.5"" ALPINE",BEVERLY HILLS,BEVERLY HILLS,EN,2025,7,1500.84,7264.07
GFBHO9507,"EURO OAK 9.5"" ALPINE",BEVERLY HILLS,BEVERLY HILLS,EN,2025,8,181.92,907.78
GFBHO9507,"EURO OAK 9.5"" ALPINE",BEVERLY HILLS,BEVERLY HILLS,EN,2025,9,8663.94,41501.41
GFBHO9507,"EURO OAK 9.5"" ALPINE",BEVERLY HILLS,BEVERLY HILLS,EN,2025,10,1296.18,6467.94
GFBHO9507,"EURO OAK 9.5"" ALPINE",BEVERLY HILLS,BEVERLY HILLS,EN,2025,12,1182.48,5991.54
GFBHO9507,"EURO OAK 9.5"" ALPINE",BEVERLY HILLS,BEVERLY HILLS,EN,2026,1,1864.68,8863.6
GFBHO9507,"EURO OAK 9.5"" ALPINE",BEVERLY HILLS,BEVERLY HILLS,EN,2026,2,4297.86,20141.27
GFBHO9507,"EURO OAK 9.5"" ALPINE",BEVERLY HILLS,BEVERLY HILLS,EN,2026,3,1114.26,5580.62
GFBHO9507,"EURO OAK 9.5"" ALPINE",BEVERLY HILLS,BEVERLY HILLS,EN,2026,4,3524.7,18456.92
GFBHO9507,"EURO OAK 9.5"" ALPINE",BEVERLY HILLS,BEVERLY HILLS,EN,2026,5,2364.96,12834.0
GFBHO9507,"EURO OAK 9.5"" ALPINE",BEVERLY HILLS,BEVERLY HILLS,EN,2026,6,1955.64,10509.06
GFBHO9507,"EURO OAK 9.5"" ALPINE",BEVERLY HILLS,BEVERLY HILLS,EN,2026,7,272.88,1607.26
GFBHO9508,"EURO OAK 9.5"" DOHENY",BEVERLY HILLS,BEVERLY HILLS,EN,2024,7,2455.92,12609.78
GFBHO9508,"EURO OAK 9.5"" DOHENY",BEVERLY HILLS,BEVERLY HILLS,EN,2024,8,0.0,-472.99
GFBHO9508,"EURO OAK 9.5"" DOHENY",BEVERLY HILLS,BEVERLY HILLS,EN,2024,9,204.66,1148.6
GFBHO9508,"EURO OAK 9.5"" DOHENY",BEVERLY HILLS,BEVERLY HILLS,EN,2024,10,0.0,-131.66
GFBHO9508,"EURO OAK 9.5"" DOHENY",BEVERLY HILLS,BEVERLY HILLS,EN,2024,11,22.74,120.29
GFBHO9508,"EURO OAK 9.5"" DOHENY",BEVERLY HILLS,BEVERLY HILLS,EN,2024,12,886.86,4691.49
GFBHO9508,"EURO OAK 9.5"" DOHENY",BEVERLY HILLS,BEVERLY HILLS,EN,2025,1,2797.02,14796.24
GFBHO9508,"EURO OAK 9.5"" DOHENY",BEVERLY HILLS,BEVERLY HILLS,EN,2025,2,3092.64,15432.27
GFBHO9508,"EURO OAK 9.5"" DOHENY",BEVERLY HILLS,BEVERLY HILLS,EN,2025,3,-363.84,-1870.14
GFBHO9508,"EURO OAK 9.5"" DOHENY",BEVERLY HILLS,BEVERLY HILLS,EN,2025,4,977.82,4488.19
GFBHO9508,"EURO OAK 9.5"" DOHENY",BEVERLY HILLS,BEVERLY HILLS,EN,2025,6,1819.2,8759.45
GFBHO9508,"EURO OAK 9.5"" DOHENY",BEVERLY HILLS,BEVERLY HILLS,EN,2025,7,5161.98,25899.27
GFBHO9508,"EURO OAK 9.5"" DOHENY",BEVERLY HILLS,BEVERLY HILLS,EN,2025,8,2524.14,12104.27
GFBHO9508,"EURO OAK 9.5"" DOHENY",BEVERLY HILLS,BEVERLY HILLS,EN,2025,9,1750.98,8737.39
GFBHO9508,"EURO OAK 9.5"" DOHENY",BEVERLY HILLS,BEVERLY HILLS,EN,2025,10,1478.1,7348.43
GFBHO9508,"EURO OAK 9.5"" DOHENY",BEVERLY HILLS,BEVERLY HILLS,EN,2025,11,3729.36,18135.38
GFBHO9508,"EURO OAK 9.5"" DOHENY",BEVERLY HILLS,BEVERLY HILLS,EN,2025,12,3183.6,15340.4
GFBHO9508,"EURO OAK 9.5"" DOHENY",BEVERLY HILLS,BEVERLY HILLS,EN,2026,1,1705.5,8510.45
GFBHO9508,"EURO OAK 9.5"" DOHENY",BEVERLY HILLS,BEVERLY HILLS,EN,2026,2,977.82,4870.23
GFBHO9508,"EURO OAK 9.5"" DOHENY",BEVERLY HILLS,BEVERLY HILLS,EN,2026,3,2342.22,11114.63
GFBHO9508,"EURO OAK 9.5"" DOHENY",BEVERLY HILLS,BEVERLY HILLS,EN,2026,5,704.94,3872.39
GFBHO9508,"EURO OAK 9.5"" DOHENY",BEVERLY HILLS,BEVERLY HILLS,EN,2026,6,2069.34,11176.48
GFBHO9508,"EURO OAK 9.5"" DOHENY",BEVERLY HILLS,BEVERLY HILLS,EN,2026,7,4911.84,27579.98
GFBHO9509,"EURO OAK 9.5"" ROXBURY",BEVERLY HILLS,BEVERLY HILLS,EN,2024,7,363.84,1742.79
GFBHO9509,"EURO OAK 9.5"" ROXBURY",BEVERLY HILLS,BEVERLY HILLS,EN,2024,8,2751.54,13916.65
GFBHO9509,"EURO OAK 9.5"" ROXBURY",BEVERLY HILLS,BEVERLY HILLS,EN,2024,9,272.88,1525.4
GFBHO9509,"EURO OAK 9.5"" ROXBURY",BEVERLY HILLS,BEVERLY HILLS,EN,2024,10,4297.86,23952.27
GFBHO9509,"EURO OAK 9.5"" ROXBURY",BEVERLY HILLS,BEVERLY HILLS,EN,2024,11,45.48,158.73
GFBHO9509,"EURO OAK 9.5"" ROXBURY",BEVERLY HILLS,BEVERLY HILLS,EN,2024,12,1614.54,8056.55
GFBHO9509,"EURO OAK 9.5"" ROXBURY",BEVERLY HILLS,BEVERLY HILLS,EN,2025,1,3592.92,17696.72
GFBHO9509,"EURO OAK 9.5"" ROXBURY",BEVERLY HILLS,BEVERLY HILLS,EN,2025,2,704.94,3517.65
GFBHO9509,"EURO OAK 9.5"" ROXBURY",BEVERLY HILLS,BEVERLY HILLS,EN,2025,3,1387.14,6876.35
GFBHO9509,"EURO OAK 9.5"" ROXBURY",BEVERLY HILLS,BEVERLY HILLS,EN,2025,4,2797.02,13611.48
GFBHO9509,"EURO OAK 9.5"" ROXBURY",BEVERLY HILLS,BEVERLY HILLS,EN,2025,5,909.6,4538.9
GFBHO9509,"EURO OAK 9.5"" ROXBURY",BEVERLY HILLS,BEVERLY HILLS,EN,2025,6,1432.62,7148.77
GFBHO9509,"EURO OAK 9.5"" ROXBURY",BEVERLY HILLS,BEVERLY HILLS,EN,2025,9,682.2,3385.99
GFBHO9509,"EURO OAK 9.5"" ROXBURY",BEVERLY HILLS,BEVERLY HILLS,EN,2025,10,2615.1,13427.97
GFBHO9509,"EURO OAK 9.5"" ROXBURY",BEVERLY HILLS,BEVERLY HILLS,EN,2025,11,7390.5,36796.73
GFBHO9509,"EURO OAK 9.5"" ROXBURY",BEVERLY HILLS,BEVERLY HILLS,EN,2025,12,4911.84,23182.07
GFBHO9509,"EURO OAK 9.5"" ROXBURY",BEVERLY HILLS,BEVERLY HILLS,EN,2026,1,5275.68,26352.93
GFBHO9509,"EURO OAK 9.5"" ROXBURY",BEVERLY HILLS,BEVERLY HILLS,EN,2026,2,1341.66,6035.65
GFBHO9509,"EURO OAK 9.5"" ROXBURY",BEVERLY HILLS,BEVERLY HILLS,EN,2026,3,1500.84,8084.98
GFBHO9509,"EURO OAK 9.5"" ROXBURY",BEVERLY HILLS,BEVERLY HILLS,EN,2026,4,2319.48,13661.74
GFBHO9509,"EURO OAK 9.5"" ROXBURY",BEVERLY HILLS,BEVERLY HILLS,EN,2026,5,1728.24,10073.59
GFBHO9509,"EURO OAK 9.5"" ROXBURY",BEVERLY HILLS,BEVERLY HILLS,EN,2026,6,2569.62,14598.4
GFBHO9509,"EURO OAK 9.5"" ROXBURY",BEVERLY HILLS,BEVERLY HILLS,EN,2026,7,2387.7,14052.18
GFBHO9510,"EURO OAK 9.5"" CARMELITA",BEVERLY HILLS,BEVERLY HILLS,EN,2026,2,22.74,136.21
GFBHO9510,"EURO OAK 9.5"" CARMELITA",BEVERLY HILLS,BEVERLY HILLS,EN,2026,3,7504.2,38144.08
GFBHO9510,"EURO OAK 9.5"" CARMELITA",BEVERLY HILLS,BEVERLY HILLS,EN,2026,4,4047.72,22995.37
GFBHO9510,"EURO OAK 9.5"" CARMELITA",BEVERLY HILLS,BEVERLY HILLS,EN,2026,5,10028.34,54052.75
GFBHO9510,"EURO OAK 9.5"" CARMELITA",BEVERLY HILLS,BEVERLY HILLS,EN,2026,6,250.14,1348.25
GFBHO9510,"EURO OAK 9.5"" CARMELITA",BEVERLY HILLS,BEVERLY HILLS,EN,2026,7,12211.38,70208.16
GFBHO9511,"EURO OAK 9.5"" LOMA LINDA",BEVERLY HILLS,BEVERLY HILLS,EN,2026,2,22.74,113.47
GFBHO9511,"EURO OAK 9.5"" LOMA LINDA",BEVERLY HILLS,BEVERLY HILLS,EN,2026,3,2023.86,10149.09
GFBHO9511,"EURO OAK 9.5"" LOMA LINDA",BEVERLY HILLS,BEVERLY HILLS,EN,2026,4,8163.66,48116.02
GFBHO9511,"EURO OAK 9.5"" LOMA LINDA",BEVERLY HILLS,BEVERLY HILLS,EN,2026,5,6571.86,36145.46
GFBHO9511,"EURO OAK 9.5"" LOMA LINDA",BEVERLY HILLS,BEVERLY HILLS,EN,2026,6,5866.92,35490.77
GFBHO9511,"EURO OAK 9.5"" LOMA LINDA",BEVERLY HILLS,BEVERLY HILLS,EN,2026,7,22.74,133.94
GFCOO214PS,5/8 X 2-1/4 PREMIUM W/O S.E,CON.CHOICE,CONTRACTOR'S CHOICE,EN,2023,8,4611.64,24670.21
GFCOO214PS,5/8 X 2-1/4 PREMIUM W/O S.E,CON.CHOICE,CONTRACTOR'S CHOICE,EN,2023,9,3081.32,16817.18
GFCOO214PS,5/8 X 2-1/4 PREMIUM W/O S.E,CON.CHOICE,CONTRACTOR'S CHOICE,EN,2023,10,1757.8,9388.1
GFCOO214PS,5/8 X 2-1/4 PREMIUM W/O S.E,CON.CHOICE,CONTRACTOR'S CHOICE,EN,2023,11,1302.84,7063.67
GFCOO214PS,5/8 X 2-1/4 PREMIUM W/O S.E,CON.CHOICE,CONTRACTOR'S CHOICE,EN,2023,12,1282.16,6923.25
GFCOO214PS,5/8 X 2-1/4 PREMIUM W/O S.E,CON.CHOICE,CONTRACTOR'S CHOICE,EN,2024,1,2047.32,11004.03
GFCOO214PS,5/8 X 2-1/4 PREMIUM W/O S.E,CON.CHOICE,CONTRACTOR'S CHOICE,EN,2024,2,785.84,4305.99
GFCOO214PS,5/8 X 2-1/4 PREMIUM W/O S.E,CON.CHOICE,CONTRACTOR'S CHOICE,EN,2024,3,1819.84,9990.92
GFCOO214PS,5/8 X 2-1/4 PREMIUM W/O S.E,CON.CHOICE,CONTRACTOR'S CHOICE,EN,2024,4,1778.48,9827.96
GFCOO214PS,5/8 X 2-1/4 PREMIUM W/O S.E,CON.CHOICE,CONTRACTOR'S CHOICE,EN,2024,5,1426.92,8253.59
GFCOO214PS,5/8 X 2-1/4 PREMIUM W/O S.E,CON.CHOICE,CONTRACTOR'S CHOICE,EN,2024,6,1633.72,8685.81
GFCOO214PS,5/8 X 2-1/4 PREMIUM W/O S.E,CON.CHOICE,CONTRACTOR'S CHOICE,EN,2024,7,3536.28,20346.85
GFCOO214PS,5/8 X 2-1/4 PREMIUM W/O S.E,CON.CHOICE,CONTRACTOR'S CHOICE,EN,2024,8,289.52,1672.18
GFCOO214PS,5/8 X 2-1/4 PREMIUM W/O S.E,CON.CHOICE,CONTRACTOR'S CHOICE,EN,2024,9,1592.36,9108.09
GFCOO214PS,5/8 X 2-1/4 PREMIUM W/O S.E,CON.CHOICE,CONTRACTOR'S CHOICE,EN,2024,10,248.16,1449.25
GFCOO214PS,5/8 X 2-1/4 PREMIUM W/O S.E,CON.CHOICE,CONTRACTOR'S CHOICE,EN,2024,11,1509.64,8529.88
GFCOO214PS,5/8 X 2-1/4 PREMIUM W/O S.E,CON.CHOICE,CONTRACTOR'S CHOICE,EN,2024,12,641.08,3722.19
GFCOO214PS,5/8 X 2-1/4 PREMIUM W/O S.E,CON.CHOICE,CONTRACTOR'S CHOICE,EN,2025,1,310.2,1796.06
GFCOO214PS,5/8 X 2-1/4 PREMIUM W/O S.E,CON.CHOICE,CONTRACTOR'S CHOICE,EN,2025,2,723.8,4190.8
GFCOO214PS,5/8 X 2-1/4 PREMIUM W/O S.E,CON.CHOICE,CONTRACTOR'S CHOICE,EN,2025,3,2088.68,11683.99
GFCOO214PS,5/8 X 2-1/4 PREMIUM W/O S.E,CON.CHOICE,CONTRACTOR'S CHOICE,EN,2025,4,1592.36,8959.2
GFCOO214PS,5/8 X 2-1/4 PREMIUM W/O S.E,CON.CHOICE,CONTRACTOR'S CHOICE,EN,2025,5,41.36,235.34
GFCOO214PS,5/8 X 2-1/4 PREMIUM W/O S.E,CON.CHOICE,CONTRACTOR'S CHOICE,EN,2025,6,20.68,117.67
GFCOO214PS,5/8 X 2-1/4 PREMIUM W/O S.E,CON.CHOICE,CONTRACTOR'S CHOICE,EN,2025,8,62.04,353.01
GFCOO214PS,5/8 X 2-1/4 PREMIUM W/O S.E,CON.CHOICE,CONTRACTOR'S CHOICE,EN,2025,9,-20.68,-117.67
GFCOO214PS,5/8 X 2-1/4 PREMIUM W/O S.E,CON.CHOICE,CONTRACTOR'S CHOICE,EN,2025,10,62.04,353.01
GFCOO214PS,5/8 X 2-1/4 PREMIUM W/O S.E,CON.CHOICE,CONTRACTOR'S CHOICE,EN,2025,11,-62.04,-353.01
GFCOO214PS,5/8 X 2-1/4 PREMIUM W/O S.E,CON.CHOICE,CONTRACTOR'S CHOICE,EN,2026,2,827.2,4677.82
GFCOO214PS,5/8 X 2-1/4 PREMIUM W/O S.E,CON.CHOICE,CONTRACTOR'S CHOICE,EN,2026,3,682.44,3862.4
GFCOO214PS,5/8 X 2-1/4 PREMIUM W/O S.E,CON.CHOICE,CONTRACTOR'S CHOICE,EN,2026,4,1034.0,5765.79
GFCOO214PS,5/8 X 2-1/4 PREMIUM W/O S.E,CON.CHOICE,CONTRACTOR'S CHOICE,EN,2026,5,2130.04,11931.74
GFCOO214PS,5/8 X 2-1/4 PREMIUM W/O S.E,CON.CHOICE,CONTRACTOR'S CHOICE,EN,2026,6,517.0,2916.91
GFCOO214PS,5/8 X 2-1/4 PREMIUM W/O S.E,CON.CHOICE,CONTRACTOR'S CHOICE,EN,2026,7,1861.2,10307.12
GFCOO314PS,5/8 X 3 1/4 PREMIUM W/O S.E,CON.CHOICE,CONTRACTOR'S CHOICE,EN,2023,8,1545.6,8794.46
GFCOO314PS,5/8 X 3 1/4 PREMIUM W/O S.E,CON.CHOICE,CONTRACTOR'S CHOICE,EN,2023,9,358.4,1931.78
GFCOO314PS,5/8 X 3 1/4 PREMIUM W/O S.E,CON.CHOICE,CONTRACTOR'S CHOICE,EN,2023,10,604.8,3434.59
GFCOO314PS,5/8 X 3 1/4 PREMIUM W/O S.E,CON.CHOICE,CONTRACTOR'S CHOICE,EN,2023,11,1120.0,6231.68
GFCOO314PS,5/8 X 3 1/4 PREMIUM W/O S.E,CON.CHOICE,CONTRACTOR'S CHOICE,EN,2023,12,1276.8,7264.99
GFCOO314PS,5/8 X 3 1/4 PREMIUM W/O S.E,CON.CHOICE,CONTRACTOR'S CHOICE,EN,2024,1,3337.6,18881.18
GFCOO314PS,5/8 X 3 1/4 PREMIUM W/O S.E,CON.CHOICE,CONTRACTOR'S CHOICE,EN,2024,2,3808.0,21038.08
GFCOO314PS,5/8 X 3 1/4 PREMIUM W/O S.E,CON.CHOICE,CONTRACTOR'S CHOICE,EN,2024,3,739.2,4226.21
GFCOO314PS,5/8 X 3 1/4 PREMIUM W/O S.E,CON.CHOICE,CONTRACTOR'S CHOICE,EN,2024,4,470.4,2676.58
GFCOO314PS,5/8 X 3 1/4 PREMIUM W/O S.E,CON.CHOICE,CONTRACTOR'S CHOICE,EN,2024,5,1881.6,10706.3
GFCOO314PS,5/8 X 3 1/4 PREMIUM W/O S.E,CON.CHOICE,CONTRACTOR'S CHOICE,EN,2024,6,784.0,4575.2
GFCOO314PS,5/8 X 3 1/4 PREMIUM W/O S.E,CON.CHOICE,CONTRACTOR'S CHOICE,EN,2024,7,2240.0,13202.56
GFCOO314PS,5/8 X 3 1/4 PREMIUM W/O S.E,CON.CHOICE,CONTRACTOR'S CHOICE,EN,2024,8,649.6,3956.06
GFCOO314PS,5/8 X 3 1/4 PREMIUM W/O S.E,CON.CHOICE,CONTRACTOR'S CHOICE,EN,2024,9,67.2,402.53
GFCOO314PS,5/8 X 3 1/4 PREMIUM W/O S.E,CON.CHOICE,CONTRACTOR'S CHOICE,EN,2024,10,1814.4,10734.08
GFCOO314PS,5/8 X 3 1/4 PREMIUM W/O S.E,CON.CHOICE,CONTRACTOR'S CHOICE,EN,2024,11,672.0,3823.68
GFCOO314PS,5/8 X 3 1/4 PREMIUM W/O S.E,CON.CHOICE,CONTRACTOR'S CHOICE,EN,2024,12,1276.8,7659.23
GFCOO314PS,5/8 X 3 1/4 PREMIUM W/O S.E,CON.CHOICE,CONTRACTOR'S CHOICE,EN,2025,1,1590.4,9163.84
GFCOO314PS,5/8 X 3 1/4 PREMIUM W/O S.E,CON.CHOICE,CONTRACTOR'S CHOICE,EN,2025,2,112.0,650.72
GFCOO314PS,5/8 X 3 1/4 PREMIUM W/O S.E,CON.CHOICE,CONTRACTOR'S CHOICE,EN,2025,3,-22.4,-107.3
GFCOO314PS,5/8 X 3 1/4 PREMIUM W/O S.E,CON.CHOICE,CONTRACTOR'S CHOICE,EN,2025,4,1187.2,7050.85
GFCOO314PS,5/8 X 3 1/4 PREMIUM W/O S.E,CON.CHOICE,CONTRACTOR'S CHOICE,EN,2025,5,2553.6,15273.66
GFCOO314PS,5/8 X 3 1/4 PREMIUM W/O S.E,CON.CHOICE,CONTRACTOR'S CHOICE,EN,2025,6,0.0,-8.96
GFCOO314PS,5/8 X 3 1/4 PREMIUM W/O S.E,CON.CHOICE,CONTRACTOR'S CHOICE,EN,2025,7,1030.4,5876.42
GFCOO314PS,5/8 X 3 1/4 PREMIUM W/O S.E,CON.CHOICE,CONTRACTOR'S CHOICE,EN,2025,8,716.8,4221.95
GFCOO314PS,5/8 X 3 1/4 PREMIUM W/O S.E,CON.CHOICE,CONTRACTOR'S CHOICE,EN,2025,9,649.6,3826.14
GFCOO314PS,5/8 X 3 1/4 PREMIUM W/O S.E,CON.CHOICE,CONTRACTOR'S CHOICE,EN,2025,10,1232.0,7010.08
GFCOO314PS,5/8 X 3 1/4 PREMIUM W/O S.E,CON.CHOICE,CONTRACTOR'S CHOICE,EN,2025,11,179.2,1073.41
GFCOO314PS,5/8 X 3 1/4 PREMIUM W/O S.E,CON.CHOICE,CONTRACTOR'S CHOICE,EN,2025,12,44.8,263.87
GFCOO314PS,5/8 X 3 1/4 PREMIUM W/O S.E,CON.CHOICE,CONTRACTOR'S CHOICE,EN,2026,3,201.6,1187.42
GFCOO314PS,5/8 X 3 1/4 PREMIUM W/O S.E,CON.CHOICE,CONTRACTOR'S CHOICE,EN,2026,4,-22.4,-131.94
GFCOO314PS,5/8 X 3 1/4 PREMIUM W/O S.E,CON.CHOICE,CONTRACTOR'S CHOICE,EN,2026,5,22.4,131.94
GFCOO314PS,5/8 X 3 1/4 PREMIUM W/O S.E,CON.CHOICE,CONTRACTOR'S CHOICE,EN,2026,6,1209.6,7124.54
GFCOO314PS,5/8 X 3 1/4 PREMIUM W/O S.E,CON.CHOICE,CONTRACTOR'S CHOICE,EN,2026,7,985.6,5538.85
GFCOO5PS,5/8 X 5 PREMIUM W/O S.E,CON.CHOICE,CONTRACTOR'S CHOICE,EN,2023,8,945.0,5434.8
GFCOO5PS,5/8 X 5 PREMIUM W/O S.E,CON.CHOICE,CONTRACTOR'S CHOICE,EN,2023,9,1067.5,6170.33
GFCOO5PS,5/8 X 5 PREMIUM W/O S.E,CON.CHOICE,CONTRACTOR'S CHOICE,EN,2023,10,647.5,3733.28
GFCOO5PS,5/8 X 5 PREMIUM W/O S.E,CON.CHOICE,CONTRACTOR'S CHOICE,EN,2023,11,2257.5,12498.68
GFCOO5PS,5/8 X 5 PREMIUM W/O S.E,CON.CHOICE,CONTRACTOR'S CHOICE,EN,2023,12,1155.0,8362.2
GFCOO5PS,5/8 X 5 PREMIUM W/O S.E,CON.CHOICE,CONTRACTOR'S CHOICE,EN,2024,1,87.5,480.38
GFCOO5PS,5/8 X 5 PREMIUM W/O S.E,CON.CHOICE,CONTRACTOR'S CHOICE,EN,2024,2,1277.5,7375.73
GFCOO5PS,5/8 X 5 PREMIUM W/O S.E,CON.CHOICE,CONTRACTOR'S CHOICE,EN,2024,3,2345.0,12947.55
GFCOO5PS,5/8 X 5 PREMIUM W/O S.E,CON.CHOICE,CONTRACTOR'S CHOICE,EN,2024,4,52.5,303.98
GFCOO5PS,5/8 X 5 PREMIUM W/O S.E,CON.CHOICE,CONTRACTOR'S CHOICE,EN,2024,5,1575.0,8646.75
GFCOO5PS,5/8 X 5 PREMIUM W/O S.E,CON.CHOICE,CONTRACTOR'S CHOICE,EN,2024,6,6352.5,38291.23
GFCOO5PS,5/8 X 5 PREMIUM W/O S.E,CON.CHOICE,CONTRACTOR'S CHOICE,EN,2024,7,2800.0,16826.25
GFCOO5PS,5/8 X 5 PREMIUM W/O S.E,CON.CHOICE,CONTRACTOR'S CHOICE,EN,2024,8,735.0,4470.9
GFCOO5PS,5/8 X 5 PREMIUM W/O S.E,CON.CHOICE,CONTRACTOR'S CHOICE,EN,2024,9,35.0,218.4
GFCOO5PS,5/8 X 5 PREMIUM W/O S.E,CON.CHOICE,CONTRACTOR'S CHOICE,EN,2024,10,5250.0,30374.93
GFCOO5PS,5/8 X 5 PREMIUM W/O S.E,CON.CHOICE,CONTRACTOR'S CHOICE,EN,2024,11,595.0,3445.05
GFCOO5PS,5/8 X 5 PREMIUM W/O S.E,CON.CHOICE,CONTRACTOR'S CHOICE,EN,2025,5,17.5,104.83
GFCOO5PS,5/8 X 5 PREMIUM W/O S.E,CON.CHOICE,CONTRACTOR'S CHOICE,EN,2026,3,105.0,628.95
GFCOO5PS,5/8 X 5 PREMIUM W/O S.E,CON.CHOICE,CONTRACTOR'S CHOICE,EN,2026,4,140.0,817.6
GFCOO5PS,5/8 X 5 PREMIUM W/O S.E,CON.CHOICE,CONTRACTOR'S CHOICE,EN,2026,5,455.0,2746.45
GFCOO5PS,5/8 X 5 PREMIUM W/O S.E,CON.CHOICE,CONTRACTOR'S CHOICE,EN,2026,6,297.5,1778.53
GFCOO5PS,5/8 X 5 PREMIUM W/O S.E,CON.CHOICE,CONTRACTOR'S CHOICE,EN,2026,7,1995.0,11453.23
GFCOO7PS,5/8 X 7 PREMIUM W/O S.E,CON.CHOICE,CONTRACTOR'S CHOICE,EN,2023,8,1545.02,10094.78
GFCOO7PS,5/8 X 7 PREMIUM W/O S.E,CON.CHOICE,CONTRACTOR'S CHOICE,EN,2023,9,1713.94,11403.49
GFCOO7PS,5/8 X 7 PREMIUM W/O S.E,CON.CHOICE,CONTRACTOR'S CHOICE,EN,2023,10,892.18,6132.84
GFCOO7PS,5/8 X 7 PREMIUM W/O S.E,CON.CHOICE,CONTRACTOR'S CHOICE,EN,2023,11,1978.85,13238.51
GFCOO7PS,5/8 X 7 PREMIUM W/O S.E,CON.CHOICE,CONTRACTOR'S CHOICE,EN,2023,12,48.28,318.17
GFCOO7PS,5/8 X 7 PREMIUM W/O S.E,CON.CHOICE,CONTRACTOR'S CHOICE,EN,2024,1,168.98,1130.48
GFCOO7PS,5/8 X 7 PREMIUM W/O S.E,CON.CHOICE,CONTRACTOR'S CHOICE,EN,2024,2,531.08,3441.88
GFCOO7PS,5/8 X 7 PREMIUM W/O S.E,CON.CHOICE,CONTRACTOR'S CHOICE,EN,2024,3,265.54,1776.46
GFCOO7PS,5/8 X 7 PREMIUM W/O S.E,CON.CHOICE,CONTRACTOR'S CHOICE,EN,2024,4,3500.3,23081.46
GFCOO7PS,5/8 X 7 PREMIUM W/O S.E,CON.CHOICE,CONTRACTOR'S CHOICE,EN,2024,5,-1955.34,-12755.33
GFCOO7PS,5/8 X 7 PREMIUM W/O S.E,CON.CHOICE,CONTRACTOR'S CHOICE,EN,2024,6,1134.58,7488.95
GFCOO7PS,5/8 X 7 PREMIUM W/O S.E,CON.CHOICE,CONTRACTOR'S CHOICE,EN,2024,7,2389.86,16009.89
GFCOO7PS,5/8 X 7 PREMIUM W/O S.E,CON.CHOICE,CONTRACTOR'S CHOICE,EN,2024,8,1110.44,7419.19
GFCOO7PS,5/8 X 7 PREMIUM W/O S.E,CON.CHOICE,CONTRACTOR'S CHOICE,EN,2024,9,2631.26,17603.13
GFCOO7PS,5/8 X 7 PREMIUM W/O S.E,CON.CHOICE,CONTRACTOR'S CHOICE,EN,2024,10,2896.8,19413.39
GFCOO7PS,5/8 X 7 PREMIUM W/O S.E,CON.CHOICE,CONTRACTOR'S CHOICE,EN,2024,11,2076.04,13743.87
GFCOO7PS,5/8 X 7 PREMIUM W/O S.E,CON.CHOICE,CONTRACTOR'S CHOICE,EN,2024,12,965.6,6535.18
GFCOO7PS,5/8 X 7 PREMIUM W/O S.E,CON.CHOICE,CONTRACTOR'S CHOICE,EN,2025,1,1013.88,6786.72
GFCOO7PS,5/8 X 7 PREMIUM W/O S.E,CON.CHOICE,CONTRACTOR'S CHOICE,EN,2025,2,651.78,4350.75
GFCOO7PS,5/8 X 7 PREMIUM W/O S.E,CON.CHOICE,CONTRACTOR'S CHOICE,EN,2025,3,458.66,3068.44
GFCOO7PS,5/8 X 7 PREMIUM W/O S.E,CON.CHOICE,CONTRACTOR'S CHOICE,EN,2025,4,1858.78,11886.05
GFCOO7PS,5/8 X 7 PREMIUM W/O S.E,CON.CHOICE,CONTRACTOR'S CHOICE,EN,2025,5,1931.2,12873.86
GFCOO7PS,5/8 X 7 PREMIUM W/O S.E,CON.CHOICE,CONTRACTOR'S CHOICE,EN,2025,6,434.52,2856.24
GFCOO7PS,5/8 X 7 PREMIUM W/O S.E,CON.CHOICE,CONTRACTOR'S CHOICE,EN,2025,7,1062.16,6939.28
GFCOO7PS,5/8 X 7 PREMIUM W/O S.E,CON.CHOICE,CONTRACTOR'S CHOICE,EN,2025,8,724.2,4767.65
GFCOO7PS,5/8 X 7 PREMIUM W/O S.E,CON.CHOICE,CONTRACTOR'S CHOICE,EN,2025,9,434.52,2863.49
GFCOO7PS,5/8 X 7 PREMIUM W/O S.E,CON.CHOICE,CONTRACTOR'S CHOICE,EN,2025,10,241.4,1590.83
GFCOO7PS,5/8 X 7 PREMIUM W/O S.E,CON.CHOICE,CONTRACTOR'S CHOICE,EN,2025,11,482.8,3181.65
GFCOO7PS,5/8 X 7 PREMIUM W/O S.E,CON.CHOICE,CONTRACTOR'S CHOICE,EN,2025,12,772.48,5049.61
GFCOO7PS,5/8 X 7 PREMIUM W/O S.E,CON.CHOICE,CONTRACTOR'S CHOICE,EN,2026,2,144.84,954.5
GFCOO7PS,5/8 X 7 PREMIUM W/O S.E,CON.CHOICE,CONTRACTOR'S CHOICE,EN,2026,3,1351.84,8787.93
GFCOO7PS,5/8 X 7 PREMIUM W/O S.E,CON.CHOICE,CONTRACTOR'S CHOICE,EN,2026,4,1834.64,12042.0
GFCOO7PS,5/8 X 7 PREMIUM W/O S.E,CON.CHOICE,CONTRACTOR'S CHOICE,EN,2026,5,144.84,843.69
GFCOO7PS,5/8 X 7 PREMIUM W/O S.E,CON.CHOICE,CONTRACTOR'S CHOICE,EN,2026,6,458.66,3022.57
GFCOO7PS,5/8 X 7 PREMIUM W/O S.E,CON.CHOICE,CONTRACTOR'S CHOICE,EN,2026,7,941.46,6199.39
GFGLR9501,"OAK 9.5"" CASHMERE",GOLD LABEL,GOLD LABEL,EN,2024,10,22.74,156.68
GFGLR9501,"OAK 9.5"" CASHMERE",GOLD LABEL,GOLD LABEL,EN,2024,11,1068.78,7366.17
GFGLR9501,"OAK 9.5"" CASHMERE",GOLD LABEL,GOLD LABEL,EN,2024,12,932.34,6505.69
GFGLR9501,"OAK 9.5"" CASHMERE",GOLD LABEL,GOLD LABEL,EN,2025,2,1750.98,11925.54
GFGLR9501,"OAK 9.5"" CASHMERE",GOLD LABEL,GOLD LABEL,EN,2025,3,1932.9,12578.63
GFGLR9501,"OAK 9.5"" CASHMERE",GOLD LABEL,GOLD LABEL,EN,2025,4,909.6,6085.22
GFGLR9501,"OAK 9.5"" CASHMERE",GOLD LABEL,GOLD LABEL,EN,2025,5,181.92,1217.04
GFGLR9501,"OAK 9.5"" CASHMERE",GOLD LABEL,GOLD LABEL,EN,2025,6,1318.92,8559.79
GFGLR9501,"OAK 9.5"" CASHMERE",GOLD LABEL,GOLD LABEL,EN,2025,7,818.64,5722.29
GFGLR9501,"OAK 9.5"" CASHMERE",GOLD LABEL,GOLD LABEL,EN,2025,8,1296.18,8671.44
GFGLR9501,"OAK 9.5"" CASHMERE",GOLD LABEL,GOLD LABEL,EN,2025,9,136.44,551.22
GFGLR9501,"OAK 9.5"" CASHMERE",GOLD LABEL,GOLD LABEL,EN,2025,10,-45.48,-299.71
GFGLR9501,"OAK 9.5"" CASHMERE",GOLD LABEL,GOLD LABEL,EN,2026,1,2524.14,19258.28
GFGLR9501,"OAK 9.5"" CASHMERE",GOLD LABEL,GOLD LABEL,EN,2026,2,1637.28,10665.06
GFGLR9501,"OAK 9.5"" CASHMERE",GOLD LABEL,GOLD LABEL,EN,2026,4,477.54,2175.54
GFGLR9501,"OAK 9.5"" CASHMERE",GOLD LABEL,GOLD LABEL,EN,2026,5,250.14,1930.4
GFGLR9501,"OAK 9.5"" CASHMERE",GOLD LABEL,GOLD LABEL,EN,2026,6,22.74,-22.97
GFGLR9501,"OAK 9.5"" CASHMERE",GOLD LABEL,GOLD LABEL,EN,2026,7,90.96,483.68
GFGLR9502,"OAK 9.5"" CHAMPAGNE",GOLD LABEL,GOLD LABEL,EN,2024,7,45.48,0.0
GFGLR9502,"OAK 9.5"" CHAMPAGNE",GOLD LABEL,GOLD LABEL,EN,2024,8,3138.12,21153.43
GFGLR9502,"OAK 9.5"" CHAMPAGNE",GOLD LABEL,GOLD LABEL,EN,2024,9,795.9,5324.57
GFGLR9502,"OAK 9.5"" CHAMPAGNE",GOLD LABEL,GOLD LABEL,EN,2024,10,4775.4,33273.17
GFGLR9502,"OAK 9.5"" CHAMPAGNE",GOLD LABEL,GOLD LABEL,EN,2024,11,3342.78,23347.84
GFGLR9502,"OAK 9.5"" CHAMPAGNE",GOLD LABEL,GOLD LABEL,EN,2024,12,13348.38,88704.87
GFGLR9502,"OAK 9.5"" CHAMPAGNE",GOLD LABEL,GOLD LABEL,EN,2025,1,3342.78,21949.33
GFGLR9502,"OAK 9.5"" CHAMPAGNE",GOLD LABEL,GOLD LABEL,EN,2025,2,5389.38,38115.2
GFGLR9502,"OAK 9.5"" CHAMPAGNE",GOLD LABEL,GOLD LABEL,EN,2025,3,5844.18,40157.25
GFGLR9502,"OAK 9.5"" CHAMPAGNE",GOLD LABEL,GOLD LABEL,EN,2025,4,4252.38,31300.02
GFGLR9502,"OAK 9.5"" CHAMPAGNE",GOLD LABEL,GOLD LABEL,EN,2025,5,9982.86,67824.55
GFGLR9502,"OAK 9.5"" CHAMPAGNE",GOLD LABEL,GOLD LABEL,EN,2025,6,7026.66,44820.77
GFGLR9502,"OAK 9.5"" CHAMPAGNE",GOLD LABEL,GOLD LABEL,EN,2025,7,7276.8,48229.27
GFGLR9502,"OAK 9.5"" CHAMPAGNE",GOLD LABEL,GOLD LABEL,EN,2025,8,1273.44,8519.31
GFGLR9502,"OAK 9.5"" CHAMPAGNE",GOLD LABEL,GOLD LABEL,EN,2025,9,11006.16,73535.25
GFGLR9502,"OAK 9.5"" CHAMPAGNE",GOLD LABEL,GOLD LABEL,EN,2025,10,1182.48,7474.18
GFGLR9502,"OAK 9.5"" CHAMPAGNE",GOLD LABEL,GOLD LABEL,EN,2025,11,6026.1,43125.27
GFGLR9502,"OAK 9.5"" CHAMPAGNE",GOLD LABEL,GOLD LABEL,EN,2025,12,7367.76,48785.49
GFGLR9502,"OAK 9.5"" CHAMPAGNE",GOLD LABEL,GOLD LABEL,EN,2026,1,4889.1,32507.97
GFGLR9502,"OAK 9.5"" CHAMPAGNE",GOLD LABEL,GOLD LABEL,EN,2026,2,7504.2,50969.44
GFGLR9502,"OAK 9.5"" CHAMPAGNE",GOLD LABEL,GOLD LABEL,EN,2026,3,1819.2,12488.81
GFGLR9502,"OAK 9.5"" CHAMPAGNE",GOLD LABEL,GOLD LABEL,EN,2026,4,2319.48,16213.17
GFGLR9502,"OAK 9.5"" CHAMPAGNE",GOLD LABEL,GOLD LABEL,EN,2026,5,2956.2,19624.85
GFGLR9502,"OAK 9.5"" CHAMPAGNE",GOLD LABEL,GOLD LABEL,EN,2026,6,8595.72,59252.94
GFGLR9502,"OAK 9.5"" CHAMPAGNE",GOLD LABEL,GOLD LABEL,EN,2026,7,-1227.96,-8469.51
GFGLR9503,"OAK 9.5"" LINEN",GOLD LABEL,GOLD LABEL,EN,2024,11,2524.14,16242.95
GFGLR9503,"OAK 9.5"" LINEN",GOLD LABEL,GOLD LABEL,EN,2024,12,22.74,-118.48
GFGLR9503,"OAK 9.5"" LINEN",GOLD LABEL,GOLD LABEL,EN,2025,2,22.74,152.13
GFGLR9503,"OAK 9.5"" LINEN",GOLD LABEL,GOLD LABEL,EN,2025,3,3865.8,25089.04
GFGLR9503,"OAK 9.5"" LINEN",GOLD LABEL,GOLD LABEL,EN,2025,5,1796.46,11900.07
GFGLR9503,"OAK 9.5"" LINEN",GOLD LABEL,GOLD LABEL,EN,2025,6,45.48,304.26
GFGLR9503,"OAK 9.5"" LINEN",GOLD LABEL,GOLD LABEL,EN,2025,10,68.22,454.12
GFGLR9503,"OAK 9.5"" LINEN",GOLD LABEL,GOLD LABEL,EN,2025,11,2842.5,19277.84
GFGLR9503,"OAK 9.5"" LINEN",GOLD LABEL,GOLD LABEL,EN,2025,12,2501.4,16393.27
GFGLR9503,"OAK 9.5"" LINEN",GOLD LABEL,GOLD LABEL,EN,2026,1,3843.06,26483.23
GFGLR9503,"OAK 9.5"" LINEN",GOLD LABEL,GOLD LABEL,EN,2026,2,-68.22,-476.86
GFGLR9503,"OAK 9.5"" LINEN",GOLD LABEL,GOLD LABEL,EN,2026,3,3638.4,24636.52
GFGLR9503,"OAK 9.5"" LINEN",GOLD LABEL,GOLD LABEL,EN,2026,7,2205.78,14786.46
GFGLR9504,"OAK 9.5"" SILK",GOLD LABEL,GOLD LABEL,EN,2024,7,22.74,0.0
GFGLR9504,"OAK 9.5"" SILK",GOLD LABEL,GOLD LABEL,EN,2024,8,22.74,0.0
GFGLR9504,"OAK 9.5"" SILK",GOLD LABEL,GOLD LABEL,EN,2024,10,409.32,2861.15
GFGLR9504,"OAK 9.5"" SILK",GOLD LABEL,GOLD LABEL,EN,2024,11,45.48,317.91
GFGLR9504,"OAK 9.5"" SILK",GOLD LABEL,GOLD LABEL,EN,2025,2,2683.32,18535.83
GFGLR9504,"OAK 9.5"" SILK",GOLD LABEL,GOLD LABEL,EN,2025,3,2819.76,17565.74
GFGLR9504,"OAK 9.5"" SILK",GOLD LABEL,GOLD LABEL,EN,2025,4,-204.66,-1248.65
GFGLR9504,"OAK 9.5"" SILK",GOLD LABEL,GOLD LABEL,EN,2025,5,1500.84,10331.92
GFGLR9504,"OAK 9.5"" SILK",GOLD LABEL,GOLD LABEL,EN,2025,8,295.62,1918.57
GFGLR9504,"OAK 9.5"" SILK",GOLD LABEL,GOLD LABEL,EN,2025,9,113.7,794.76
GFGLR9504,"OAK 9.5"" SILK",GOLD LABEL,GOLD LABEL,EN,2026,2,2478.66,17945.5
GFGLR9504,"OAK 9.5"" SILK",GOLD LABEL,GOLD LABEL,EN,2026,5,3843.06,26094.38
GFGLR9505,"OAK 9.5"" SUEDE",GOLD LABEL,GOLD LABEL,EN,2024,9,386.58,2518.0
GFGLR9505,"OAK 9.5"" SUEDE",GOLD LABEL,GOLD LABEL,EN,2024,10,22.74,152.13
GFGLR9505,"OAK 9.5"" SUEDE",GOLD LABEL,GOLD LABEL,EN,2024,12,636.72,4259.66
GFGLR9505,"OAK 9.5"" SUEDE",GOLD LABEL,GOLD LABEL,EN,2025,1,1682.76,12603.87
GFGLR9505,"OAK 9.5"" SUEDE",GOLD LABEL,GOLD LABEL,EN,2025,2,1182.48,8265.54
GFGLR9505,"OAK 9.5"" SUEDE",GOLD LABEL,GOLD LABEL,EN,2025,3,2774.28,18744.13
GFGLR9505,"OAK 9.5"" SUEDE",GOLD LABEL,GOLD LABEL,EN,2025,4,113.7,760.65
GFGLR9505,"OAK 9.5"" SUEDE",GOLD LABEL,GOLD LABEL,EN,2025,6,3229.08,20795.28
GFGLR9505,"OAK 9.5"" SUEDE",GOLD LABEL,GOLD LABEL,EN,2025,7,4252.38,28053.2
GFGLR9505,"OAK 9.5"" SUEDE",GOLD LABEL,GOLD LABEL,EN,2025,8,1637.28,9807.31
GFGLR9505,"OAK 9.5"" SUEDE",GOLD LABEL,GOLD LABEL,EN,2025,9,-113.7,740.19
GFGLR9505,"OAK 9.5"" SUEDE",GOLD LABEL,GOLD LABEL,EN,2025,10,7413.24,49374.68
GFGLR9505,"OAK 9.5"" SUEDE",GOLD LABEL,GOLD LABEL,EN,2025,11,2728.8,18760.5
GFGLR9505,"OAK 9.5"" SUEDE",GOLD LABEL,GOLD LABEL,EN,2025,12,977.82,6346.05
GFGLR9505,"OAK 9.5"" SUEDE",GOLD LABEL,GOLD LABEL,EN,2026,1,2615.1,18259.08
GFGLR9505,"OAK 9.5"" SUEDE",GOLD LABEL,GOLD LABEL,EN,2026,2,-68.22,-431.38
GFGLR9505,"OAK 9.5"" SUEDE",GOLD LABEL,GOLD LABEL,EN,2026,3,5252.94,35849.38
GFGLR9505,"OAK 9.5"" SUEDE",GOLD LABEL,GOLD LABEL,EN,2026,4,13712.22,93176.47
GFGLR9505,"OAK 9.5"" SUEDE",GOLD LABEL,GOLD LABEL,EN,2026,5,409.32,2786.1
GFGLR9505,"OAK 9.5"" SUEDE",GOLD LABEL,GOLD LABEL,EN,2026,6,1500.84,10217.99
GFGLR9505,"OAK 9.5"" SUEDE",GOLD LABEL,GOLD LABEL,EN,2026,7,16031.7,109520.84
GFGLR9506,"OAK 9.5"" WHITE LOTUS",GOLD LABEL,GOLD LABEL,EN,2024,8,1273.44,8617.1
GFGLR9506,"OAK 9.5"" WHITE LOTUS",GOLD LABEL,GOLD LABEL,EN,2024,9,1114.26,7454.4
GFGLR9506,"OAK 9.5"" WHITE LOTUS",GOLD LABEL,GOLD LABEL,EN,2024,10,2887.98,19811.77
GFGLR9506,"OAK 9.5"" WHITE LOTUS",GOLD LABEL,GOLD LABEL,EN,2024,12,3001.68,20981.74
GFGLR9506,"OAK 9.5"" WHITE LOTUS",GOLD LABEL,GOLD LABEL,EN,2025,3,727.68,5341.17
GFGLR9506,"OAK 9.5"" WHITE LOTUS",GOLD LABEL,GOLD LABEL,EN,2025,4,1341.66,9378.2
GFGLR9506,"OAK 9.5"" WHITE LOTUS",GOLD LABEL,GOLD LABEL,EN,2025,6,2478.66,16327.55
GFGLR9506,"OAK 9.5"" WHITE LOTUS",GOLD LABEL,GOLD LABEL,EN,2025,7,750.42,5245.44
GFGLR9506,"OAK 9.5"" WHITE LOTUS",GOLD LABEL,GOLD LABEL,EN,2025,8,181.92,1271.62
GFGLR9506,"OAK 9.5"" WHITE LOTUS",GOLD LABEL,GOLD LABEL,EN,2025,9,3547.44,23536.81
GFGLR9506,"OAK 9.5"" WHITE LOTUS",GOLD LABEL,GOLD LABEL,EN,2025,10,773.16,4744.93
GFGLR9506,"OAK 9.5"" WHITE LOTUS",GOLD LABEL,GOLD LABEL,EN,2025,12,2978.94,17848.4
GFGLR9506,"OAK 9.5"" WHITE LOTUS",GOLD LABEL,GOLD LABEL,EN,2026,1,2569.62,16142.44
GFGLR9506,"OAK 9.5"" WHITE LOTUS",GOLD LABEL,GOLD LABEL,EN,2026,2,3956.76,26573.05
GFGLR9506,"OAK 9.5"" WHITE LOTUS",GOLD LABEL,GOLD LABEL,EN,2026,3,1114.26,7345.25
GFGLR9506,"OAK 9.5"" WHITE LOTUS",GOLD LABEL,GOLD LABEL,EN,2026,4,2933.46,20382.09
GFGLR9506,"OAK 9.5"" WHITE LOTUS",GOLD LABEL,GOLD LABEL,EN,2026,5,0.0,-2.27
GFGLR9506,"OAK 9.5"" WHITE LOTUS",GOLD LABEL,GOLD LABEL,EN,2026,6,227.4,1534.95
GFGLR9506,"OAK 9.5"" WHITE LOTUS",GOLD LABEL,GOLD LABEL,EN,2026,7,3115.38,20812.56
GFGLR9507,"OAK 9.5"" MERINO",GOLD LABEL,GOLD LABEL,EN,2026,7,1546.32,9155.81
GFLEO1001,"EURO OAK 10.25"" GLENWOOD",LEGENDS,LEGENDS,EN,2025,6,3103.38,21692.63
GFLEO1001,"EURO OAK 10.25"" GLENWOOD",LEGENDS,LEGENDS,EN,2025,7,73.89,0.0
GFLEO1001,"EURO OAK 10.25"" GLENWOOD",LEGENDS,LEGENDS,EN,2025,8,24.63,172.16
GFLEO1001,"EURO OAK 10.25"" GLENWOOD",LEGENDS,LEGENDS,EN,2025,9,1576.32,9927.37
GFLEO1001,"EURO OAK 10.25"" GLENWOOD",LEGENDS,LEGENDS,EN,2025,10,-24.63,-167.24
GFLEO1001,"EURO OAK 10.25"" GLENWOOD",LEGENDS,LEGENDS,EN,2025,11,1206.87,7081.62
GFLEO1001,"EURO OAK 10.25"" GLENWOOD",LEGENDS,LEGENDS,EN,2025,12,2536.89,17045.68
GFLEO1001,"EURO OAK 10.25"" GLENWOOD",LEGENDS,LEGENDS,EN,2026,1,2980.23,19822.22
GFLEO1001,"EURO OAK 10.25"" GLENWOOD",LEGENDS,LEGENDS,EN,2026,2,73.89,467.23
GFLEO1001,"EURO OAK 10.25"" GLENWOOD",LEGENDS,LEGENDS,EN,2026,3,2315.22,16158.76
GFLEO1001,"EURO OAK 10.25"" GLENWOOD",LEGENDS,LEGENDS,EN,2026,4,-2241.33,-14987.11
GFLEO1001,"EURO OAK 10.25"" GLENWOOD",LEGENDS,LEGENDS,EN,2026,5,1699.47,11538.17
GFLEO1001,"EURO OAK 10.25"" GLENWOOD",LEGENDS,LEGENDS,EN,2026,6,7906.23,49211.73
GFLEO1001,"EURO OAK 10.25"" GLENWOOD",LEGENDS,LEGENDS,EN,2026,7,1157.61,7365.36
GFLEO1002,"EURO OAK 10.25"" LODI",LEGENDS,LEGENDS,EN,2025,7,73.89,0.0
GFLEO1002,"EURO OAK 10.25"" LODI",LEGENDS,LEGENDS,EN,2025,8,98.52,172.16
GFLEO1002,"EURO OAK 10.25"" LODI",LEGENDS,LEGENDS,EN,2025,9,467.97,3271.11
GFLEO1002,"EURO OAK 10.25"" LODI",LEGENDS,LEGENDS,EN,2025,10,24.63,172.16
GFLEO1002,"EURO OAK 10.25"" LODI",LEGENDS,LEGENDS,EN,2026,1,24.63,0.0
GFLEO1002,"EURO OAK 10.25"" LODI",LEGENDS,LEGENDS,EN,2026,2,2167.44,17317.85
GFLEO1002,"EURO OAK 10.25"" LODI",LEGENDS,LEGENDS,EN,2026,4,73.89,504.18
GFLEO1002,"EURO OAK 10.25"" LODI",LEGENDS,LEGENDS,EN,2026,5,3522.09,22865.75
GFLEO1002,"EURO OAK 10.25"" LODI",LEGENDS,LEGENDS,EN,2026,6,4901.37,30494.65
GFLEO1002,"EURO OAK 10.25"" LODI",LEGENDS,LEGENDS,EN,2026,7,1995.03,12191.85
GFLEO1003,"EURO OAK 10.25"" PARIA",LEGENDS,LEGENDS,EN,2025,8,5393.97,36237.87
GFLEO1003,"EURO OAK 10.25"" PARIA",LEGENDS,LEGENDS,EN,2025,9,14211.51,97367.32
GFLEO1003,"EURO OAK 10.25"" PARIA",LEGENDS,LEGENDS,EN,2025,10,5541.75,35731.97
GFLEO1003,"EURO OAK 10.25"" PARIA",LEGENDS,LEGENDS,EN,2025,11,24.63,-2492.56
GFLEO1003,"EURO OAK 10.25"" PARIA",LEGENDS,LEGENDS,EN,2026,2,0.0,0.0
GFLEO1003,"EURO OAK 10.25"" PARIA",LEGENDS,LEGENDS,EN,2026,3,24.63,159.85
GFLEO1003,"EURO OAK 10.25"" PARIA",LEGENDS,LEGENDS,EN,2026,4,960.57,7170.04
GFLEO1003,"EURO OAK 10.25"" PARIA",LEGENDS,LEGENDS,EN,2026,5,24.63,0.0
GFLEO1003,"EURO OAK 10.25"" PARIA",LEGENDS,LEGENDS,EN,2026,7,1822.62,11668.96
GFLEO7501,"EURO OAK 7.5"" BIANCA",LEGENDS,LEGENDS,EN,2025,7,93.28,0.0
GFLEO7501,"EURO OAK 7.5"" BIANCA",LEGENDS,LEGENDS,EN,2025,8,1375.88,7845.78
GFLEO7501,"EURO OAK 7.5"" BIANCA",LEGENDS,LEGENDS,EN,2025,9,1352.56,8101.83
GFLEO7501,"EURO OAK 7.5"" BIANCA",LEGENDS,LEGENDS,EN,2025,10,69.96,419.06
GFLEO7501,"EURO OAK 7.5"" BIANCA",LEGENDS,LEGENDS,EN,2025,12,69.96,419.06
GFLEO7501,"EURO OAK 7.5"" BIANCA",LEGENDS,LEGENDS,EN,2026,2,46.64,116.37
GFLEO7501,"EURO OAK 7.5"" BIANCA",LEGENDS,LEGENDS,EN,2026,3,4011.04,23951.51
GFLEO7501,"EURO OAK 7.5"" BIANCA",LEGENDS,LEGENDS,EN,2026,4,1119.36,6704.97
GFLEO7501,"EURO OAK 7.5"" BIANCA",LEGENDS,LEGENDS,EN,2026,5,3428.04,18213.62
GFLEO7501,"EURO OAK 7.5"" BIANCA",LEGENDS,LEGENDS,EN,2026,6,1422.52,9801.16
GFLEO7501,"EURO OAK 7.5"" BIANCA",LEGENDS,LEGENDS,EN,2026,7,2705.12,17034.09
GFLEO7502,"EURO OAK 7.5"" BRIGITTE",LEGENDS,LEGENDS,EN,2025,5,8231.96,37668.1
GFLEO7502,"EURO OAK 7.5"" BRIGITTE",LEGENDS,LEGENDS,EN,2025,6,3171.52,14589.92
GFLEO7502,"EURO OAK 7.5"" BRIGITTE",LEGENDS,LEGENDS,EN,2025,7,6203.12,31615.86
GFLEO7502,"EURO OAK 7.5"" BRIGITTE",LEGENDS,LEGENDS,EN,2025,8,2332.0,11520.31
GFLEO7502,"EURO OAK 7.5"" BRIGITTE",LEGENDS,LEGENDS,EN,2025,10,1445.84,9103.66
GFLEO7502,"EURO OAK 7.5"" BRIGITTE",LEGENDS,LEGENDS,EN,2025,11,3824.48,20821.5
GFLEO7502,"EURO OAK 7.5"" BRIGITTE",LEGENDS,LEGENDS,EN,2025,12,186.56,651.09
GFLEO7502,"EURO OAK 7.5"" BRIGITTE",LEGENDS,LEGENDS,EN,2026,1,8605.08,44991.74
GFLEO7502,"EURO OAK 7.5"" BRIGITTE",LEGENDS,LEGENDS,EN,2026,2,-1259.28,-8293.99
GFLEO7502,"EURO OAK 7.5"" BRIGITTE",LEGENDS,LEGENDS,EN,2026,3,4920.52,25789.35
GFLEO7502,"EURO OAK 7.5"" BRIGITTE",LEGENDS,LEGENDS,EN,2026,4,6996.0,42148.57
GFLEO7502,"EURO OAK 7.5"" BRIGITTE",LEGENDS,LEGENDS,EN,2026,5,116.6,512.11
GFLEO7502,"EURO OAK 7.5"" BRIGITTE",LEGENDS,LEGENDS,EN,2026,6,956.12,5759.81
GFLEO7502,"EURO OAK 7.5"" BRIGITTE",LEGENDS,LEGENDS,EN,2026,7,1585.76,8109.06
GFLEO7503,"EURO OAK 7.5"" CAFFE",LEGENDS,LEGENDS,EN,2025,6,15997.52,96787.09
GFLEO7503,"EURO OAK 7.5"" CAFFE",LEGENDS,LEGENDS,EN,2025,7,5293.64,31289.84
GFLEO7503,"EURO OAK 7.5"" CAFFE",LEGENDS,LEGENDS,EN,2025,8,5830.0,33767.36
GFLEO7503,"EURO OAK 7.5"" CAFFE",LEGENDS,LEGENDS,EN,2025,9,816.2,4749.35
GFLEO7503,"EURO OAK 7.5"" CAFFE",LEGENDS,LEGENDS,EN,2025,10,1655.72,10146.3
GFLEO7503,"EURO OAK 7.5"" CAFFE",LEGENDS,LEGENDS,EN,2025,11,5247.0,32001.1
GFLEO7503,"EURO OAK 7.5"" CAFFE",LEGENDS,LEGENDS,EN,2025,12,4360.84,25407.84
GFLEO7503,"EURO OAK 7.5"" CAFFE",LEGENDS,LEGENDS,EN,2026,1,19052.44,106829.85
GFLEO7503,"EURO OAK 7.5"" CAFFE",LEGENDS,LEGENDS,EN,2026,2,1958.88,9219.33
GFLEO7503,"EURO OAK 7.5"" CAFFE",LEGENDS,LEGENDS,EN,2026,3,862.84,5168.41
GFLEO7503,"EURO OAK 7.5"" CAFFE",LEGENDS,LEGENDS,EN,2026,5,303.16,1815.93
GFLEO7503O,"EURO OAK 7.5"" CAFFE NAT.OIL",LEGENDS,LEGENDS,EN,2026,2,583.0,3478.18
GFLEO7503O,"EURO OAK 7.5"" CAFFE NAT.OIL",LEGENDS,LEGENDS,EN,2026,3,7065.96,36448.46
GFLEO7503O,"EURO OAK 7.5"" CAFFE NAT.OIL",LEGENDS,LEGENDS,EN,2026,4,3311.44,20752.23
GFLEO7503O,"EURO OAK 7.5"" CAFFE NAT.OIL",LEGENDS,LEGENDS,EN,2026,5,722.92,4330.29
GFLEO7503O,"EURO OAK 7.5"" CAFFE NAT.OIL",LEGENDS,LEGENDS,EN,2026,6,2588.52,13974.51
GFLEO7503O,"EURO OAK 7.5"" CAFFE NAT.OIL",LEGENDS,LEGENDS,EN,2026,7,5200.36,28804.63
GFLEO7504,"EURO OAK 7.5"" CHANTAL",LEGENDS,LEGENDS,EN,2025,6,2285.36,12285.44
GFLEO7504,"EURO OAK 7.5"" CHANTAL",LEGENDS,LEGENDS,EN,2025,7,4430.8,25524.44
GFLEO7504,"EURO OAK 7.5"" CHANTAL",LEGENDS,LEGENDS,EN,2025,8,233.2,1396.87
GFLEO7504,"EURO OAK 7.5"" CHANTAL",LEGENDS,LEGENDS,EN,2025,9,1375.88,7278.41
GFLEO7504,"EURO OAK 7.5"" CHANTAL",LEGENDS,LEGENDS,EN,2025,10,6133.16,34557.21
GFLEO7504,"EURO OAK 7.5"" CHANTAL",LEGENDS,LEGENDS,EN,2025,11,2821.72,16860.13
GFLEO7504,"EURO OAK 7.5"" CHANTAL",LEGENDS,LEGENDS,EN,2025,12,1375.88,5867.55
GFLEO7504,"EURO OAK 7.5"" CHANTAL",LEGENDS,LEGENDS,EN,2026,1,1119.36,6704.97
GFLEO7504,"EURO OAK 7.5"" CHANTAL",LEGENDS,LEGENDS,EN,2026,2,4081.0,23843.53
GFLEO7504,"EURO OAK 7.5"" CHANTAL",LEGENDS,LEGENDS,EN,2026,3,4687.32,28030.41
GFLEO7504,"EURO OAK 7.5"" CHANTAL",LEGENDS,LEGENDS,EN,2026,4,4524.08,25940.24
GFLEO7504,"EURO OAK 7.5"" CHANTAL",LEGENDS,LEGENDS,EN,2026,5,816.2,4749.35
GFLEO7504,"EURO OAK 7.5"" CHANTAL",LEGENDS,LEGENDS,EN,2026,6,2868.36,14963.74
GFLEO7504,"EURO OAK 7.5"" CHANTAL",LEGENDS,LEGENDS,EN,2026,7,8068.72,46589.86
GFLEO7505,"EURO OAK 7.5"" LUGANA",LEGENDS,LEGENDS,EN,2025,7,69.96,0.0
GFLEO7505,"EURO OAK 7.5"" LUGANA",LEGENDS,LEGENDS,EN,2025,10,1585.76,9365.78
GFLEO7505,"EURO OAK 7.5"" LUGANA",LEGENDS,LEGENDS,EN,2025,11,-23.32,-163.01
GFLEO7505,"EURO OAK 7.5"" LUGANA",LEGENDS,LEGENDS,EN,2025,12,2984.96,17478.81
GFLEO7505,"EURO OAK 7.5"" LUGANA",LEGENDS,LEGENDS,EN,2026,1,23.32,0.0
GFLEO7505,"EURO OAK 7.5"" LUGANA",LEGENDS,LEGENDS,EN,2026,2,769.56,3840.1
GFLEO7505,"EURO OAK 7.5"" LUGANA",LEGENDS,LEGENDS,EN,2026,3,4524.08,25333.92
GFLEO7505,"EURO OAK 7.5"" LUGANA",LEGENDS,LEGENDS,EN,2026,4,583.0,3492.17
GFLEO7505,"EURO OAK 7.5"" LUGANA",LEGENDS,LEGENDS,EN,2026,5,1585.76,7150.61
GFLEO7505,"EURO OAK 7.5"" LUGANA",LEGENDS,LEGENDS,EN,2026,6,862.84,5156.75
GFLEO7505,"EURO OAK 7.5"" LUGANA",LEGENDS,LEGENDS,EN,2026,7,1212.64,7089.05
GFLEO7506,"EURO OAK 7.5"" PINOT",LEGENDS,LEGENDS,EN,2025,6,1049.4,6285.91
GFLEO7506,"EURO OAK 7.5"" PINOT",LEGENDS,LEGENDS,EN,2025,7,2728.44,15003.16
GFLEO7506,"EURO OAK 7.5"" PINOT",LEGENDS,LEGENDS,EN,2025,8,536.36,3212.8
GFLEO7506,"EURO OAK 7.5"" PINOT",LEGENDS,LEGENDS,EN,2025,9,2984.96,17795.96
GFLEO7506,"EURO OAK 7.5"" PINOT",LEGENDS,LEGENDS,EN,2025,10,3871.12,23164.69
GFLEO7506,"EURO OAK 7.5"" PINOT",LEGENDS,LEGENDS,EN,2025,11,1002.76,5689.38
GFLEO7506,"EURO OAK 7.5"" PINOT",LEGENDS,LEGENDS,EN,2025,12,233.2,1373.55
GFLEO7506,"EURO OAK 7.5"" PINOT",LEGENDS,LEGENDS,EN,2026,1,5713.4,32679.72
GFLEO7506,"EURO OAK 7.5"" PINOT",LEGENDS,LEGENDS,EN,2026,2,676.28,3397.96
GFLEO7506,"EURO OAK 7.5"" PINOT",LEGENDS,LEGENDS,EN,2026,3,1305.92,7155.51
GFLEO7506,"EURO OAK 7.5"" PINOT",LEGENDS,LEGENDS,EN,2026,4,13455.64,75555.4
GFLEO7506,"EURO OAK 7.5"" PINOT",LEGENDS,LEGENDS,EN,2026,5,2238.72,13134.76
GFLEO7506,"EURO OAK 7.5"" PINOT",LEGENDS,LEGENDS,EN,2026,6,186.56,991.57
GFLEO7506,"EURO OAK 7.5"" PINOT",LEGENDS,LEGENDS,EN,2026,7,3777.84,22200.64
GFLEO7507,"EURO OAK 7.5"" PROVENCE",LEGENDS,LEGENDS,EN,2025,5,256.52,1536.55
GFLEO7507,"EURO OAK 7.5"" PROVENCE",LEGENDS,LEGENDS,EN,2025,6,6249.76,36773.77
GFLEO7507,"EURO OAK 7.5"" PROVENCE",LEGENDS,LEGENDS,EN,2025,7,536.36,2952.31
GFLEO7507,"EURO OAK 7.5"" PROVENCE",LEGENDS,LEGENDS,EN,2025,8,3917.76,23467.38
GFLEO7507,"EURO OAK 7.5"" PROVENCE",LEGENDS,LEGENDS,EN,2025,9,2868.36,16931.95
GFLEO7507,"EURO OAK 7.5"" PROVENCE",LEGENDS,LEGENDS,EN,2025,10,3428.04,20394.27
GFLEO7507,"EURO OAK 7.5"" PROVENCE",LEGENDS,LEGENDS,EN,2025,11,233.2,1257.18
GFLEO7507,"EURO OAK 7.5"" PROVENCE",LEGENDS,LEGENDS,EN,2025,12,2611.84,11400.68
GFLEO7507,"EURO OAK 7.5"" PROVENCE",LEGENDS,LEGENDS,EN,2026,1,3054.92,18263.99
GFLEO7507,"EURO OAK 7.5"" PROVENCE",LEGENDS,LEGENDS,EN,2026,2,2075.48,10484.91
GFLEO7507,"EURO OAK 7.5"" PROVENCE",LEGENDS,LEGENDS,EN,2026,3,3871.12,22570.03
GFLEO7507,"EURO OAK 7.5"" PROVENCE",LEGENDS,LEGENDS,EN,2026,4,5643.44,33518.54
GFLEO7507,"EURO OAK 7.5"" PROVENCE",LEGENDS,LEGENDS,EN,2026,5,373.12,2095.3
GFLEO7507,"EURO OAK 7.5"" PROVENCE",LEGENDS,LEGENDS,EN,2026,6,1445.84,8660.58
GFLEO7507,"EURO OAK 7.5"" PROVENCE",LEGENDS,LEGENDS,EN,2026,7,52050.24,311629.59
GFLEO9501,"EURO OAK 9.5"" BRESCIA",LEGENDS,LEGENDS,EN,2025,7,3251.82,20343.2
GFLEO9501,"EURO OAK 9.5"" BRESCIA",LEGENDS,LEGENDS,EN,2025,8,22.74,0.0
GFLEO9501,"EURO OAK 9.5"" BRESCIA",LEGENDS,LEGENDS,EN,2025,9,22.74,158.95
GFLEO9501,"EURO OAK 9.5"" BRESCIA",LEGENDS,LEGENDS,EN,2025,10,3001.68,20681.58
GFLEO9501,"EURO OAK 9.5"" BRESCIA",LEGENDS,LEGENDS,EN,2025,11,3774.84,23298.04
GFLEO9501,"EURO OAK 9.5"" BRESCIA",LEGENDS,LEGENDS,EN,2025,12,3115.38,19918.65
GFLEO9501,"EURO OAK 9.5"" BRESCIA",LEGENDS,LEGENDS,EN,2026,1,3979.5,27289.36
GFLEO9501,"EURO OAK 9.5"" BRESCIA",LEGENDS,LEGENDS,EN,2026,2,1023.3,7045.99
GFLEO9501,"EURO OAK 9.5"" BRESCIA",LEGENDS,LEGENDS,EN,2026,3,386.58,2176.9
GFLEO9501,"EURO OAK 9.5"" BRESCIA",LEGENDS,LEGENDS,EN,2026,4,1137.0,7454.4
GFLEO9501,"EURO OAK 9.5"" BRESCIA",LEGENDS,LEGENDS,EN,2026,5,22.74,140.76
GFLEO9501,"EURO OAK 9.5"" BRESCIA",LEGENDS,LEGENDS,EN,2026,6,864.12,5348.9
GFLEO9501,"EURO OAK 9.5"" BRESCIA",LEGENDS,LEGENDS,EN,2026,7,22.74,0.0
GFLEO9502,"EURO OAK 9.5"" LA BELLE",LEGENDS,LEGENDS,EN,2025,7,2433.18,16698.66
GFLEO9502,"EURO OAK 9.5"" LA BELLE",LEGENDS,LEGENDS,EN,2025,8,8800.38,61090.1
GFLEO9502,"EURO OAK 9.5"" LA BELLE",LEGENDS,LEGENDS,EN,2025,9,1205.22,8722.61
GFLEO9502,"EURO OAK 9.5"" LA BELLE",LEGENDS,LEGENDS,EN,2025,10,5457.6,33389.37
GFLEO9502,"EURO OAK 9.5"" LA BELLE",LEGENDS,LEGENDS,EN,2025,11,2160.3,11767.04
GFLEO9502,"EURO OAK 9.5"" LA BELLE",LEGENDS,LEGENDS,EN,2025,12,3638.4,24215.83
GFLEO9502,"EURO OAK 9.5"" LA BELLE",LEGENDS,LEGENDS,EN,2026,1,136.44,912.78
GFLEO9502,"EURO OAK 9.5"" LA BELLE",LEGENDS,LEGENDS,EN,2026,2,68.22,258.78
GFLEO9502,"EURO OAK 9.5"" LA BELLE",LEGENDS,LEGENDS,EN,2026,6,477.54,3194.74
GFLEO9502O,"EURO OAK 9.5"" LA BELLE NAT.OIL",LEGENDS,LEGENDS,EN,2026,2,886.86,5478.75
GFLEO9502O,"EURO OAK 9.5"" LA BELLE NAT.OIL",LEGENDS,LEGENDS,EN,2026,3,818.64,4896.83
GFLEO9502O,"EURO OAK 9.5"" LA BELLE NAT.OIL",LEGENDS,LEGENDS,EN,2026,4,1387.14,8597.77
GFLEO9502O,"EURO OAK 9.5"" LA BELLE NAT.OIL",LEGENDS,LEGENDS,EN,2026,5,2569.62,16274.56
GFLEO9502O,"EURO OAK 9.5"" LA BELLE NAT.OIL",LEGENDS,LEGENDS,EN,2026,6,4343.34,27772.13
GFLEO9502O,"EURO OAK 9.5"" LA BELLE NAT.OIL",LEGENDS,LEGENDS,EN,2026,7,45.48,140.76
GFLEO9503,"EURO OAK 9.5"" MONZA",LEGENDS,LEGENDS,EN,2025,6,1819.2,12170.45
GFLEO9503,"EURO OAK 9.5"" MONZA",LEGENDS,LEGENDS,EN,2025,7,773.16,4563.92
GFLEO9503,"EURO OAK 9.5"" MONZA",LEGENDS,LEGENDS,EN,2025,8,568.5,3803.27
GFLEO9503,"EURO OAK 9.5"" MONZA",LEGENDS,LEGENDS,EN,2025,9,3024.42,19958.22
GFLEO9503,"EURO OAK 9.5"" MONZA",LEGENDS,LEGENDS,EN,2025,10,5184.72,34831.31
GFLEO9503,"EURO OAK 9.5"" MONZA",LEGENDS,LEGENDS,EN,2025,12,977.82,5118.09
GFLEO9503,"EURO OAK 9.5"" MONZA",LEGENDS,LEGENDS,EN,2026,1,2501.4,15704.47
GFLEO9503,"EURO OAK 9.5"" MONZA",LEGENDS,LEGENDS,EN,2026,2,1864.68,10282.57
GFLEO9503,"EURO OAK 9.5"" MONZA",LEGENDS,LEGENDS,EN,2026,3,4593.48,28035.69
GFLEO9503,"EURO OAK 9.5"" MONZA",LEGENDS,LEGENDS,EN,2026,4,2160.3,12794.66
GFLEO9503,"EURO OAK 9.5"" MONZA",LEGENDS,LEGENDS,EN,2026,5,3024.42,19105.69
GFLEO9503,"EURO OAK 9.5"" MONZA",LEGENDS,LEGENDS,EN,2026,6,4866.36,28914.14
GFLEO9503,"EURO OAK 9.5"" MONZA",LEGENDS,LEGENDS,EN,2026,7,500.28,2971.66
GFLEO9504,"EURO OAK 9.5"" ROMANTIQUE",LEGENDS,LEGENDS,EN,2025,7,3479.22,23281.67
GFLEO9504,"EURO OAK 9.5"" ROMANTIQUE",LEGENDS,LEGENDS,EN,2025,8,4002.24,26870.04
GFLEO9504,"EURO OAK 9.5"" ROMANTIQUE",LEGENDS,LEGENDS,EN,2025,9,3888.54,26014.33
GFLEO9504,"EURO OAK 9.5"" ROMANTIQUE",LEGENDS,LEGENDS,EN,2025,10,8118.18,53166.8
GFLEO9504,"EURO OAK 9.5"" ROMANTIQUE",LEGENDS,LEGENDS,EN,2025,11,1182.48,7758.66
GFLEO9504,"EURO OAK 9.5"" ROMANTIQUE",LEGENDS,LEGENDS,EN,2025,12,2001.12,13387.49
GFLEO9504,"EURO OAK 9.5"" ROMANTIQUE",LEGENDS,LEGENDS,EN,2026,1,2910.72,19359.02
GFLEO9504,"EURO OAK 9.5"" ROMANTIQUE",LEGENDS,LEGENDS,EN,2026,2,5161.98,32560.04
GFLEO9504,"EURO OAK 9.5"" ROMANTIQUE",LEGENDS,LEGENDS,EN,2026,3,1478.1,10820.83
GFLEO9504,"EURO OAK 9.5"" ROMANTIQUE",LEGENDS,LEGENDS,EN,2026,4,227.4,1521.31
GFLEO9504,"EURO OAK 9.5"" ROMANTIQUE",LEGENDS,LEGENDS,EN,2026,5,1932.9,11985.34
GFLEO9504,"EURO OAK 9.5"" ROMANTIQUE",LEGENDS,LEGENDS,EN,2026,6,5457.6,36959.32
GFLEO9504,"EURO OAK 9.5"" ROMANTIQUE",LEGENDS,LEGENDS,EN,2026,7,5685.0,35472.35
GFLEO9505,"EURO OAK 9.5"" VERONA",LEGENDS,LEGENDS,EN,2025,6,22.74,152.13
GFLEO9505,"EURO OAK 9.5"" VERONA",LEGENDS,LEGENDS,EN,2025,7,12416.04,82638.52
GFLEO9505,"EURO OAK 9.5"" VERONA",LEGENDS,LEGENDS,EN,2025,8,1523.58,10022.2
GFLEO9505,"EURO OAK 9.5"" VERONA",LEGENDS,LEGENDS,EN,2025,9,4479.78,29969.73
GFLEO9505,"EURO OAK 9.5"" VERONA",LEGENDS,LEGENDS,EN,2025,10,4297.86,27220.46
GFLEO9505,"EURO OAK 9.5"" VERONA",LEGENDS,LEGENDS,EN,2025,11,545.76,3041.93
GFLEO9505,"EURO OAK 9.5"" VERONA",LEGENDS,LEGENDS,EN,2025,12,22.74,152.13
GFLEO9505,"EURO OAK 9.5"" VERONA",LEGENDS,LEGENDS,EN,2026,1,68.22,304.26
GFLEO9505,"EURO OAK 9.5"" VERONA",LEGENDS,LEGENDS,EN,2026,3,136.44,912.78
GFLEO9505,"EURO OAK 9.5"" VERONA",LEGENDS,LEGENDS,EN,2026,4,1864.68,12474.71
GFLEO9505,"EURO OAK 9.5"" VERONA",LEGENDS,LEGENDS,EN,2026,5,6344.46,39349.75
GFLEO9505,"EURO OAK 9.5"" VERONA",LEGENDS,LEGENDS,EN,2026,6,2956.2,17798.6
GFLEO9505,"EURO OAK 9.5"" VERONA",LEGENDS,LEGENDS,EN,2026,7,295.62,2103.0
GFLEPH501-L,5X24 HERRINGBONE CAFFE (L),LEGENDS,LEGENDS,EN,2025,6,371.11,2630.67
GFLEPH501-L,5X24 HERRINGBONE CAFFE (L),LEGENDS,LEGENDS,EN,2025,7,250.75,1501.99
GFLEPH501-L,5X24 HERRINGBONE CAFFE (L),LEGENDS,LEGENDS,EN,2025,8,310.93,1712.02
GFLEPH501-L,5X24 HERRINGBONE CAFFE (L),LEGENDS,LEGENDS,EN,2025,10,1755.25,9927.19
GFLEPH501-L,5X24 HERRINGBONE CAFFE (L),LEGENDS,LEGENDS,EN,2025,11,621.86,3885.42
GFLEPH501-L,5X24 HERRINGBONE CAFFE (L),LEGENDS,LEGENDS,EN,2025,12,-30.09,-180.24
GFLEPH501-L,5X24 HERRINGBONE CAFFE (L),LEGENDS,LEGENDS,EN,2026,1,2698.07,16164.45
GFLEPH501-L,5X24 HERRINGBONE CAFFE (L),LEGENDS,LEGENDS,EN,2026,2,80.24,480.64
GFLEPH501-L,5X24 HERRINGBONE CAFFE (L),LEGENDS,LEGENDS,EN,2026,3,902.7,4531.55
GFLEPH501-L,5X24 HERRINGBONE CAFFE (L),LEGENDS,LEGENDS,EN,2026,4,401.2,2202.59
GFLEPH501-L,5X24 HERRINGBONE CAFFE (L),LEGENDS,LEGENDS,EN,2026,5,240.72,1321.55
GFLEPH501-L,5X24 HERRINGBONE CAFFE (L),LEGENDS,LEGENDS,EN,2026,6,852.55,4610.29
GFLEPH501-L,5X24 HERRINGBONE CAFFE (L),LEGENDS,LEGENDS,EN,2026,7,50.15,270.31
GFLEPH501-R,5X24 HERRINGBONE CAFFE (R),LEGENDS,LEGENDS,EN,2025,6,371.11,2630.67
GFLEPH501-R,5X24 HERRINGBONE CAFFE (R),LEGENDS,LEGENDS,EN,2025,7,250.75,1501.99
GFLEPH501-R,5X24 HERRINGBONE CAFFE (R),LEGENDS,LEGENDS,EN,2025,8,310.93,1712.02
GFLEPH501-R,5X24 HERRINGBONE CAFFE (R),LEGENDS,LEGENDS,EN,2025,10,1755.25,9927.19
GFLEPH501-R,5X24 HERRINGBONE CAFFE (R),LEGENDS,LEGENDS,EN,2025,11,621.86,3885.42
GFLEPH501-R,5X24 HERRINGBONE CAFFE (R),LEGENDS,LEGENDS,EN,2025,12,-30.09,-180.24
GFLEPH501-R,5X24 HERRINGBONE CAFFE (R),LEGENDS,LEGENDS,EN,2026,1,2698.07,16164.45
GFLEPH501-R,5X24 HERRINGBONE CAFFE (R),LEGENDS,LEGENDS,EN,2026,2,80.24,480.64
GFLEPH501-R,5X24 HERRINGBONE CAFFE (R),LEGENDS,LEGENDS,EN,2026,3,902.7,4531.55
GFLEPH501-R,5X24 HERRINGBONE CAFFE (R),LEGENDS,LEGENDS,EN,2026,4,401.2,2202.59
GFLEPH501-R,5X24 HERRINGBONE CAFFE (R),LEGENDS,LEGENDS,EN,2026,5,240.72,1321.55
GFLEPH501-R,5X24 HERRINGBONE CAFFE (R),LEGENDS,LEGENDS,EN,2026,6,852.55,4610.29
GFLEPH501-R,5X24 HERRINGBONE CAFFE (R),LEGENDS,LEGENDS,EN,2026,7,50.15,270.31
GFLEPH501O-L,5X24 HERR.BONE CAFFE (L) N.OIL,LEGENDS,,EN,2026,7,10.03,55.06
GFLEPH501O-R,5X24 HERR.BONE CAFFE (R) N.OIL,LEGENDS,,EN,2026,7,10.03,55.06
GFLEW7501,"WALNUT 7.5"" NATURAL",LEGENDS,LEGENDS,EN,2025,8,2471.92,16567.69
GFLEW7501,"WALNUT 7.5"" NATURAL",LEGENDS,LEGENDS,EN,2025,9,3591.28,22071.45
GFLEW7501,"WALNUT 7.5"" NATURAL",LEGENDS,LEGENDS,EN,2025,10,23.32,543.12
GFLEW7501,"WALNUT 7.5"" NATURAL",LEGENDS,LEGENDS,EN,2025,11,4780.6,32845.29
GFLEW7501,"WALNUT 7.5"" NATURAL",LEGENDS,LEGENDS,EN,2025,12,956.12,6645.97
GFLEW7501,"WALNUT 7.5"" NATURAL",LEGENDS,LEGENDS,EN,2026,1,7462.4,51691.11
GFLEW7501,"WALNUT 7.5"" NATURAL",LEGENDS,LEGENDS,EN,2026,2,3288.12,20358.13
GFLEW7501,"WALNUT 7.5"" NATURAL",LEGENDS,LEGENDS,EN,2026,3,606.32,3156.13
GFLEW7501,"WALNUT 7.5"" NATURAL",LEGENDS,LEGENDS,EN,2026,4,5247.0,37056.65
GFLEW7501,"WALNUT 7.5"" NATURAL",LEGENDS,LEGENDS,EN,2026,5,4407.48,29068.61
GFLEW7501,"WALNUT 7.5"" NATURAL",LEGENDS,LEGENDS,EN,2026,6,7672.28,53797.14
GFLEW7501,"WALNUT 7.5"" NATURAL",LEGENDS,LEGENDS,EN,2026,7,163.24,1048.0
GHCCH588,"HICKORY 5"" BEAUFORT",CAROLINA CLASSIC,CAROLINA CLASSIC,EN,2023,8,1610.0,5737.9
GHCCH588,"HICKORY 5"" BEAUFORT",CAROLINA CLASSIC,CAROLINA CLASSIC,EN,2023,9,945.0,3390.8
GHCCH588,"HICKORY 5"" BEAUFORT",CAROLINA CLASSIC,CAROLINA CLASSIC,EN,2023,10,2292.5,8312.33
GHCCH588,"HICKORY 5"" BEAUFORT",CAROLINA CLASSIC,CAROLINA CLASSIC,EN,2023,11,3535.0,12730.9
GHCCH588,"HICKORY 5"" BEAUFORT",CAROLINA CLASSIC,CAROLINA CLASSIC,EN,2023,12,612.5,1999.38
GHCCH588,"HICKORY 5"" BEAUFORT",CAROLINA CLASSIC,CAROLINA CLASSIC,EN,2024,1,2047.5,7313.78
GHCCH588,"HICKORY 5"" BEAUFORT",CAROLINA CLASSIC,CAROLINA CLASSIC,EN,2024,2,1540.0,5523.35
GHCCH588,"HICKORY 5"" BEAUFORT",CAROLINA CLASSIC,CAROLINA CLASSIC,EN,2024,3,385.0,1380.4
GHCCH588,"HICKORY 5"" BEAUFORT",CAROLINA CLASSIC,CAROLINA CLASSIC,EN,2024,4,3202.5,11367.48
GHCCH588,"HICKORY 5"" BEAUFORT",CAROLINA CLASSIC,CAROLINA CLASSIC,EN,2024,5,1172.5,4207.53
GHCCH588,"HICKORY 5"" BEAUFORT",CAROLINA CLASSIC,CAROLINA CLASSIC,EN,2024,6,1680.0,5863.2
GHCCH588,"HICKORY 5"" BEAUFORT",CAROLINA CLASSIC,CAROLINA CLASSIC,EN,2024,7,122.5,427.53
GHCCH588,"HICKORY 5"" BEAUFORT",CAROLINA CLASSIC,CAROLINA CLASSIC,EN,2024,8,197.97,710.17
GHCCH588,"HICKORY 5"" BEAUFORT",CAROLINA CLASSIC,CAROLINA CLASSIC,EN,2024,9,3517.5,12508.83
GHCCH588,"HICKORY 5"" BEAUFORT",CAROLINA CLASSIC,CAROLINA CLASSIC,EN,2024,10,52.5,190.23
GHCCH588,"HICKORY 5"" BEAUFORT",CAROLINA CLASSIC,CAROLINA CLASSIC,EN,2024,11,2135.0,7498.4
GHCCH588,"HICKORY 5"" BEAUFORT",CAROLINA CLASSIC,CAROLINA CLASSIC,EN,2025,1,3062.5,10826.38
GHCCH588,"HICKORY 5"" BEAUFORT",CAROLINA CLASSIC,CAROLINA CLASSIC,EN,2025,2,1067.5,3767.58
GHCCH588,"HICKORY 5"" BEAUFORT",CAROLINA CLASSIC,CAROLINA CLASSIC,EN,2025,3,4287.5,15206.63
GHCCH588,"HICKORY 5"" BEAUFORT",CAROLINA CLASSIC,CAROLINA CLASSIC,EN,2025,4,945.0,3331.3
GHCCH588,"HICKORY 5"" BEAUFORT",CAROLINA CLASSIC,CAROLINA CLASSIC,EN,2025,5,3290.0,11713.1
GHCCH588,"HICKORY 5"" BEAUFORT",CAROLINA CLASSIC,CAROLINA CLASSIC,EN,2025,6,5600.0,19948.25
GHCCH588,"HICKORY 5"" BEAUFORT",CAROLINA CLASSIC,CAROLINA CLASSIC,EN,2025,7,4200.0,15967.0
GHCCH588,"HICKORY 5"" BEAUFORT",CAROLINA CLASSIC,CAROLINA CLASSIC,EN,2025,8,4497.5,15124.03
GHCCH588,"HICKORY 5"" BEAUFORT",CAROLINA CLASSIC,CAROLINA CLASSIC,EN,2025,9,2660.0,10287.9
GHCCH588,"HICKORY 5"" BEAUFORT",CAROLINA CLASSIC,CAROLINA CLASSIC,EN,2025,10,4655.0,15624.7
GHCCH588,"HICKORY 5"" BEAUFORT",CAROLINA CLASSIC,CAROLINA CLASSIC,EN,2025,11,1137.5,4073.13
GHCCH588,"HICKORY 5"" BEAUFORT",CAROLINA CLASSIC,CAROLINA CLASSIC,EN,2025,12,262.5,942.38
GHCCH588,"HICKORY 5"" BEAUFORT",CAROLINA CLASSIC,CAROLINA CLASSIC,EN,2026,2,595.0,2136.05
GHCCH588,"HICKORY 5"" BEAUFORT",CAROLINA CLASSIC,CAROLINA CLASSIC,EN,2026,3,315.0,1319.85
GHCCH588,"HICKORY 5"" BEAUFORT",CAROLINA CLASSIC,CAROLINA CLASSIC,EN,2026,4,717.5,3037.83
GHCCH588,"HICKORY 5"" BEAUFORT",CAROLINA CLASSIC,CAROLINA CLASSIC,EN,2026,5,2345.0,9888.55
GHCCH588,"HICKORY 5"" BEAUFORT",CAROLINA CLASSIC,CAROLINA CLASSIC,EN,2026,6,1312.5,5516.88
GHCCH588,"HICKORY 5"" BEAUFORT",CAROLINA CLASSIC,CAROLINA CLASSIC,EN,2026,7,3727.5,15955.98
GHCCH589,"HICKORY 5"" CHARLOTTE",CAROLINA CLASSIC,CAROLINA CLASSIC,EN,2023,8,2957.5,10458.18
GHCCH589,"HICKORY 5"" CHARLOTTE",CAROLINA CLASSIC,CAROLINA CLASSIC,EN,2023,9,2782.5,9989.18
GHCCH589,"HICKORY 5"" CHARLOTTE",CAROLINA CLASSIC,CAROLINA CLASSIC,EN,2023,10,-1540.0,-5502.35
GHCCH589,"HICKORY 5"" CHARLOTTE",CAROLINA CLASSIC,CAROLINA CLASSIC,EN,2023,11,1330.0,4676.7
GHCCH589,"HICKORY 5"" CHARLOTTE",CAROLINA CLASSIC,CAROLINA CLASSIC,EN,2023,12,1732.5,6704.43
GHCCH589,"HICKORY 5"" CHARLOTTE",CAROLINA CLASSIC,CAROLINA CLASSIC,EN,2024,1,2100.0,7014.0
GHCCH589,"HICKORY 5"" CHARLOTTE",CAROLINA CLASSIC,CAROLINA CLASSIC,EN,2024,2,1557.5,5538.93
GHCCH589,"HICKORY 5"" CHARLOTTE",CAROLINA CLASSIC,CAROLINA CLASSIC,EN,2024,3,1207.5,4401.43
GHCCH589,"HICKORY 5"" CHARLOTTE",CAROLINA CLASSIC,CAROLINA CLASSIC,EN,2024,4,875.0,3164.0
GHCCH589,"HICKORY 5"" CHARLOTTE",CAROLINA CLASSIC,CAROLINA CLASSIC,EN,2024,5,2747.5,10572.28
GHCCH589,"HICKORY 5"" CHARLOTTE",CAROLINA CLASSIC,CAROLINA CLASSIC,EN,2024,6,332.5,1193.68
GHCCH589,"HICKORY 5"" CHARLOTTE",CAROLINA CLASSIC,CAROLINA CLASSIC,EN,2024,7,1627.5,5819.98
GHCCH589,"HICKORY 5"" CHARLOTTE",CAROLINA CLASSIC,CAROLINA CLASSIC,EN,2024,8,734.95,2580.72
GHCCH589,"HICKORY 5"" CHARLOTTE",CAROLINA CLASSIC,CAROLINA CLASSIC,EN,2024,9,2940.0,10463.6
GHCCH589,"HICKORY 5"" CHARLOTTE",CAROLINA CLASSIC,CAROLINA CLASSIC,EN,2024,10,262.5,942.38
GHCCH589,"HICKORY 5"" CHARLOTTE",CAROLINA CLASSIC,CAROLINA CLASSIC,EN,2024,11,822.5,2875.78
GHCCH589,"HICKORY 5"" CHARLOTTE",CAROLINA CLASSIC,CAROLINA CLASSIC,EN,2024,12,2012.5,7048.48
GHCCH589,"HICKORY 5"" CHARLOTTE",CAROLINA CLASSIC,CAROLINA CLASSIC,EN,2025,1,3150.0,11361.0
GHCCH589,"HICKORY 5"" CHARLOTTE",CAROLINA CLASSIC,CAROLINA CLASSIC,EN,2025,2,735.0,2640.4
GHCCH589,"HICKORY 5"" CHARLOTTE",CAROLINA CLASSIC,CAROLINA CLASSIC,EN,2025,3,297.5,1048.78
GHCCH589,"HICKORY 5"" CHARLOTTE",CAROLINA CLASSIC,CAROLINA CLASSIC,EN,2025,4,1015.0,3587.85
GHCCH589,"HICKORY 5"" CHARLOTTE",CAROLINA CLASSIC,CAROLINA CLASSIC,EN,2025,5,87.5,314.13
GHCCH589,"HICKORY 5"" CHARLOTTE",CAROLINA CLASSIC,CAROLINA CLASSIC,EN,2025,6,945.0,3383.8
GHCCH589,"HICKORY 5"" CHARLOTTE",CAROLINA CLASSIC,CAROLINA CLASSIC,EN,2025,7,1155.0,4226.08
GHCCH589,"HICKORY 5"" CHARLOTTE",CAROLINA CLASSIC,CAROLINA CLASSIC,EN,2025,8,1837.5,6502.13
GHCCH589,"HICKORY 5"" CHARLOTTE",CAROLINA CLASSIC,CAROLINA CLASSIC,EN,2025,9,2082.5,7460.43
GHCCH589,"HICKORY 5"" CHARLOTTE",CAROLINA CLASSIC,CAROLINA CLASSIC,EN,2025,10,3045.0,10802.05
GHCCH589,"HICKORY 5"" CHARLOTTE",CAROLINA CLASSIC,CAROLINA CLASSIC,EN,2025,11,1715.0,6006.35
GHCCH589,"HICKORY 5"" CHARLOTTE",CAROLINA CLASSIC,CAROLINA CLASSIC,EN,2025,12,1837.5,9947.88
GHCCH589,"HICKORY 5"" CHARLOTTE",CAROLINA CLASSIC,CAROLINA CLASSIC,EN,2026,1,2187.5,7853.13
GHCCH589,"HICKORY 5"" CHARLOTTE",CAROLINA CLASSIC,CAROLINA CLASSIC,EN,2026,2,280.0,1561.7
GHCCH589,"HICKORY 5"" CHARLOTTE",CAROLINA CLASSIC,CAROLINA CLASSIC,EN,2026,3,2852.5,11292.58
GHCCH589,"HICKORY 5"" CHARLOTTE",CAROLINA CLASSIC,CAROLINA CLASSIC,EN,2026,4,980.0,4233.78
GHCCH589,"HICKORY 5"" CHARLOTTE",CAROLINA CLASSIC,CAROLINA CLASSIC,EN,2026,5,507.5,2334.68
GHCCH589,"HICKORY 5"" CHARLOTTE",CAROLINA CLASSIC,CAROLINA CLASSIC,EN,2026,6,525.0,2402.75
GHCCH589,"HICKORY 5"" CHARLOTTE",CAROLINA CLASSIC,CAROLINA CLASSIC,EN,2026,7,1540.0,6482.53
GHCCH590,"HICKORY 5"" SALEM",CAROLINA CLASSIC,CAROLINA CLASSIC,EN,2023,8,2467.5,8979.08
GHCCH590,"HICKORY 5"" SALEM",CAROLINA CLASSIC,CAROLINA CLASSIC,EN,2023,9,700.0,2443.0
GHCCH590,"HICKORY 5"" SALEM",CAROLINA CLASSIC,CAROLINA CLASSIC,EN,2023,10,5460.0,19510.4
GHCCH590,"HICKORY 5"" SALEM",CAROLINA CLASSIC,CAROLINA CLASSIC,EN,2023,11,1557.5,5500.43
GHCCH590,"HICKORY 5"" SALEM",CAROLINA CLASSIC,CAROLINA CLASSIC,EN,2023,12,1085.0,3786.65
GHCCH590,"HICKORY 5"" SALEM",CAROLINA CLASSIC,CAROLINA CLASSIC,EN,2024,1,1155.0,4085.2
GHCCH590,"HICKORY 5"" SALEM",CAROLINA CLASSIC,CAROLINA CLASSIC,EN,2024,2,2327.5,8290.98
GHCCH590,"HICKORY 5"" SALEM",CAROLINA CLASSIC,CAROLINA CLASSIC,EN,2024,3,2677.5,9585.98
GHCCH590,"HICKORY 5"" SALEM",CAROLINA CLASSIC,CAROLINA CLASSIC,EN,2024,4,1982.97,7011.57
GHCCH590,"HICKORY 5"" SALEM",CAROLINA CLASSIC,CAROLINA CLASSIC,EN,2024,5,3220.0,11302.55
GHCCH590,"HICKORY 5"" SALEM",CAROLINA CLASSIC,CAROLINA CLASSIC,EN,2024,6,805.0,2886.45
GHCCH590,"HICKORY 5"" SALEM",CAROLINA CLASSIC,CAROLINA CLASSIC,EN,2024,7,1837.5,6447.88
GHCCH590,"HICKORY 5"" SALEM",CAROLINA CLASSIC,CAROLINA CLASSIC,EN,2024,8,3797.5,13584.03
GHCCH590,"HICKORY 5"" SALEM",CAROLINA CLASSIC,CAROLINA CLASSIC,EN,2024,9,2205.0,7779.45
GHCCH590,"HICKORY 5"" SALEM",CAROLINA CLASSIC,CAROLINA CLASSIC,EN,2024,10,1767.5,6278.83
GHCCH590,"HICKORY 5"" SALEM",CAROLINA CLASSIC,CAROLINA CLASSIC,EN,2024,11,1942.5,6800.33
GHCCH590,"HICKORY 5"" SALEM",CAROLINA CLASSIC,CAROLINA CLASSIC,EN,2024,12,297.5,1068.03
GHCCH590,"HICKORY 5"" SALEM",CAROLINA CLASSIC,CAROLINA CLASSIC,EN,2025,1,1120.0,4082.05
GHCCH590,"HICKORY 5"" SALEM",CAROLINA CLASSIC,CAROLINA CLASSIC,EN,2025,2,1610.0,5697.65
GHCCH590,"HICKORY 5"" SALEM",CAROLINA CLASSIC,CAROLINA CLASSIC,EN,2025,3,2485.0,8791.65
GHCCH590,"HICKORY 5"" SALEM",CAROLINA CLASSIC,CAROLINA CLASSIC,EN,2025,4,2345.0,8227.8
GHCCH590,"HICKORY 5"" SALEM",CAROLINA CLASSIC,CAROLINA CLASSIC,EN,2025,5,1190.0,4153.1
GHCCH590,"HICKORY 5"" SALEM",CAROLINA CLASSIC,CAROLINA CLASSIC,EN,2025,6,1207.5,4334.93
GHCCH590,"HICKORY 5"" SALEM",CAROLINA CLASSIC,CAROLINA CLASSIC,EN,2025,7,892.5,3202.33
GHCCH590,"HICKORY 5"" SALEM",CAROLINA CLASSIC,CAROLINA CLASSIC,EN,2025,8,1470.0,5214.48
GHCCH590,"HICKORY 5"" SALEM",CAROLINA CLASSIC,CAROLINA CLASSIC,EN,2025,9,4427.5,16178.23
GHCCH590,"HICKORY 5"" SALEM",CAROLINA CLASSIC,CAROLINA CLASSIC,EN,2025,10,3115.0,11216.1
GHCCH590,"HICKORY 5"" SALEM",CAROLINA CLASSIC,CAROLINA CLASSIC,EN,2025,11,4305.0,15357.83
GHCCH590,"HICKORY 5"" SALEM",CAROLINA CLASSIC,CAROLINA CLASSIC,EN,2025,12,122.5,401.28
GHCCH590,"HICKORY 5"" SALEM",CAROLINA CLASSIC,CAROLINA CLASSIC,EN,2026,1,4042.5,14230.83
GHCCH590,"HICKORY 5"" SALEM",CAROLINA CLASSIC,CAROLINA CLASSIC,EN,2026,2,3290.0,11711.35
GHCCH590,"HICKORY 5"" SALEM",CAROLINA CLASSIC,CAROLINA CLASSIC,EN,2026,3,1242.5,5067.83
GHCCH590,"HICKORY 5"" SALEM",CAROLINA CLASSIC,CAROLINA CLASSIC,EN,2026,4,3255.0,13608.7
GHCCH590,"HICKORY 5"" SALEM",CAROLINA CLASSIC,CAROLINA CLASSIC,EN,2026,5,2852.5,12216.23
GHCCH590,"HICKORY 5"" SALEM",CAROLINA CLASSIC,CAROLINA CLASSIC,EN,2026,6,2257.5,9562.18
GHCCH590,"HICKORY 5"" SALEM",CAROLINA CLASSIC,CAROLINA CLASSIC,EN,2026,7,2100.0,8842.75
GHCCM592,"MAPLE 5"" DURHAM",CAROLINA CLASSIC,CAROLINA CLASSIC,EN,2023,8,2450.0,8365.0
GHCCM592,"MAPLE 5"" DURHAM",CAROLINA CLASSIC,CAROLINA CLASSIC,EN,2023,9,507.5,1744.93
GHCCM592,"MAPLE 5"" DURHAM",CAROLINA CLASSIC,CAROLINA CLASSIC,EN,2023,10,490.0,1752.1
GHCCM592,"MAPLE 5"" DURHAM",CAROLINA CLASSIC,CAROLINA CLASSIC,EN,2023,11,2220.32,7621.38
GHCCM592,"MAPLE 5"" DURHAM",CAROLINA CLASSIC,CAROLINA CLASSIC,EN,2023,12,229.68,673.62
GHCCM592,"MAPLE 5"" DURHAM",CAROLINA CLASSIC,CAROLINA CLASSIC,EN,2024,1,2345.0,8247.05
GHCCM592,"MAPLE 5"" DURHAM",CAROLINA CLASSIC,CAROLINA CLASSIC,EN,2024,2,2082.5,7327.43
GHCCM592,"MAPLE 5"" DURHAM",CAROLINA CLASSIC,CAROLINA CLASSIC,EN,2024,3,945.0,3635.8
GHCCM592,"MAPLE 5"" DURHAM",CAROLINA CLASSIC,CAROLINA CLASSIC,EN,2024,4,210.0,654.33
GHCCM592,"MAPLE 5"" DURHAM",CAROLINA CLASSIC,CAROLINA CLASSIC,EN,2024,5,261.41,905.43
GHCCM592,"MAPLE 5"" DURHAM",CAROLINA CLASSIC,CAROLINA CLASSIC,EN,2024,6,2345.0,8257.55
GHCCM592,"MAPLE 5"" DURHAM",CAROLINA CLASSIC,CAROLINA CLASSIC,EN,2024,7,4322.5,14795.03
GHCCM592,"MAPLE 5"" DURHAM",CAROLINA CLASSIC,CAROLINA CLASSIC,EN,2024,8,1750.0,6020.0
GHCCM592,"MAPLE 5"" DURHAM",CAROLINA CLASSIC,CAROLINA CLASSIC,EN,2024,9,1993.93,6876.57
GHCCM592,"MAPLE 5"" DURHAM",CAROLINA CLASSIC,CAROLINA CLASSIC,EN,2024,10,3412.5,11573.63
GHCCM592,"MAPLE 5"" DURHAM",CAROLINA CLASSIC,CAROLINA CLASSIC,EN,2024,11,4462.5,15283.63
GHCCM592,"MAPLE 5"" DURHAM",CAROLINA CLASSIC,CAROLINA CLASSIC,EN,2024,12,1102.5,3798.73
GHCCM592,"MAPLE 5"" DURHAM",CAROLINA CLASSIC,CAROLINA CLASSIC,EN,2025,1,52.5,190.23
GHCCM592,"MAPLE 5"" DURHAM",CAROLINA CLASSIC,CAROLINA CLASSIC,EN,2025,2,1470.0,5091.8
GHCCM592,"MAPLE 5"" DURHAM",CAROLINA CLASSIC,CAROLINA CLASSIC,EN,2025,3,2362.5,8234.63
GHCCM592,"MAPLE 5"" DURHAM",CAROLINA CLASSIC,CAROLINA CLASSIC,EN,2025,4,822.5,2870.53
GHCCM592,"MAPLE 5"" DURHAM",CAROLINA CLASSIC,CAROLINA CLASSIC,EN,2025,5,4480.0,15164.45
GHCCM592,"MAPLE 5"" DURHAM",CAROLINA CLASSIC,CAROLINA CLASSIC,EN,2025,6,2940.0,10192.35
GHCCM592,"MAPLE 5"" DURHAM",CAROLINA CLASSIC,CAROLINA CLASSIC,EN,2025,7,2257.5,7813.93
GHCCM592,"MAPLE 5"" DURHAM",CAROLINA CLASSIC,CAROLINA CLASSIC,EN,2025,8,2327.5,7965.48
GHCCM592,"MAPLE 5"" DURHAM",CAROLINA CLASSIC,CAROLINA CLASSIC,EN,2025,9,4235.0,14318.15
GHCCM592,"MAPLE 5"" DURHAM",CAROLINA CLASSIC,CAROLINA CLASSIC,EN,2025,10,2135.0,7417.9
GHCCM592,"MAPLE 5"" DURHAM",CAROLINA CLASSIC,CAROLINA CLASSIC,EN,2025,11,227.5,786.98
GHCCM592,"MAPLE 5"" DURHAM",CAROLINA CLASSIC,CAROLINA CLASSIC,EN,2025,12,735.0,2565.15
GHCCM592,"MAPLE 5"" DURHAM",CAROLINA CLASSIC,CAROLINA CLASSIC,EN,2026,1,2485.0,8583.4
GHCCM592,"MAPLE 5"" DURHAM",CAROLINA CLASSIC,CAROLINA CLASSIC,EN,2026,2,1225.0,4270.0
GHCCM592,"MAPLE 5"" DURHAM",CAROLINA CLASSIC,CAROLINA CLASSIC,EN,2026,3,1732.5,6809.43
GHCCM592,"MAPLE 5"" DURHAM",CAROLINA CLASSIC,CAROLINA CLASSIC,EN,2026,4,1645.0,6542.55
GHCCM592,"MAPLE 5"" DURHAM",CAROLINA CLASSIC,CAROLINA CLASSIC,EN,2026,5,2362.5,9900.63
GHCCM592,"MAPLE 5"" DURHAM",CAROLINA CLASSIC,CAROLINA CLASSIC,EN,2026,6,70.0,288.05
GHCCM592,"MAPLE 5"" DURHAM",CAROLINA CLASSIC,CAROLINA CLASSIC,EN,2026,7,4287.5,17815.88
GHCCM593,"MAPLE 5"" MONROE",CAROLINA CLASSIC,CAROLINA CLASSIC,EN,2023,8,4007.5,13800.68
GHCCM593,"MAPLE 5"" MONROE",CAROLINA CLASSIC,CAROLINA CLASSIC,EN,2023,9,2975.0,10472.0
GHCCM593,"MAPLE 5"" MONROE",CAROLINA CLASSIC,CAROLINA CLASSIC,EN,2023,10,3972.5,13960.28
GHCCM593,"MAPLE 5"" MONROE",CAROLINA CLASSIC,CAROLINA CLASSIC,EN,2023,11,2467.5,8382.33
GHCCM593,"MAPLE 5"" MONROE",CAROLINA CLASSIC,CAROLINA CLASSIC,EN,2023,12,4865.0,16835.35
GHCCM593,"MAPLE 5"" MONROE",CAROLINA CLASSIC,CAROLINA CLASSIC,EN,2024,1,3745.0,12896.8
GHCCM593,"MAPLE 5"" MONROE",CAROLINA CLASSIC,CAROLINA CLASSIC,EN,2024,2,3272.5,11421.03
GHCCM593,"MAPLE 5"" MONROE",CAROLINA CLASSIC,CAROLINA CLASSIC,EN,2024,3,3237.5,11297.13
GHCCM593,"MAPLE 5"" MONROE",CAROLINA CLASSIC,CAROLINA CLASSIC,EN,2024,4,6475.0,22141.18
GHCCM593,"MAPLE 5"" MONROE",CAROLINA CLASSIC,CAROLINA CLASSIC,EN,2024,5,245.0,886.55
GHCCM593,"MAPLE 5"" MONROE",CAROLINA CLASSIC,CAROLINA CLASSIC,EN,2024,6,3850.0,13914.6
GHCCM593,"MAPLE 5"" MONROE",CAROLINA CLASSIC,CAROLINA CLASSIC,EN,2024,7,2835.0,9857.4
GHCCM593,"MAPLE 5"" MONROE",CAROLINA CLASSIC,CAROLINA CLASSIC,EN,2024,8,2922.5,9734.03
GHCCM593,"MAPLE 5"" MONROE",CAROLINA CLASSIC,CAROLINA CLASSIC,EN,2024,9,280.0,977.2
GHCCM593,"MAPLE 5"" MONROE",CAROLINA CLASSIC,CAROLINA CLASSIC,EN,2024,10,4375.0,14894.25
GHCCM593,"MAPLE 5"" MONROE",CAROLINA CLASSIC,CAROLINA CLASSIC,EN,2024,11,2887.5,10196.38
GHCCM593,"MAPLE 5"" MONROE",CAROLINA CLASSIC,CAROLINA CLASSIC,EN,2024,12,5075.0,17741.5
GHCCM593,"MAPLE 5"" MONROE",CAROLINA CLASSIC,CAROLINA CLASSIC,EN,2025,1,1540.0,5306.35
GHCCM593,"MAPLE 5"" MONROE",CAROLINA CLASSIC,CAROLINA CLASSIC,EN,2025,2,1470.0,4983.3
GHCCM593,"MAPLE 5"" MONROE",CAROLINA CLASSIC,CAROLINA CLASSIC,EN,2025,3,4567.5,15835.58
GHCCM593,"MAPLE 5"" MONROE",CAROLINA CLASSIC,CAROLINA CLASSIC,EN,2025,4,6370.0,22225.18
GHCCM593,"MAPLE 5"" MONROE",CAROLINA CLASSIC,CAROLINA CLASSIC,EN,2025,5,2065.0,7082.6
GHCCM593,"MAPLE 5"" MONROE",CAROLINA CLASSIC,CAROLINA CLASSIC,EN,2025,6,3290.0,11455.85
GHCCM593,"MAPLE 5"" MONROE",CAROLINA CLASSIC,CAROLINA CLASSIC,EN,2025,7,5950.0,20776.0
GHCCM593,"MAPLE 5"" MONROE",CAROLINA CLASSIC,CAROLINA CLASSIC,EN,2025,8,1610.0,5477.15
GHCCM593,"MAPLE 5"" MONROE",CAROLINA CLASSIC,CAROLINA CLASSIC,EN,2025,9,5355.0,18480.7
GHCCM593,"MAPLE 5"" MONROE",CAROLINA CLASSIC,CAROLINA CLASSIC,EN,2025,10,4165.0,13951.53
GHCCM593,"MAPLE 5"" MONROE",CAROLINA CLASSIC,CAROLINA CLASSIC,EN,2025,11,2922.5,10078.78
GHCCM593,"MAPLE 5"" MONROE",CAROLINA CLASSIC,CAROLINA CLASSIC,EN,2025,12,4725.0,16656.5
GHCCM593,"MAPLE 5"" MONROE",CAROLINA CLASSIC,CAROLINA CLASSIC,EN,2026,1,3675.0,12902.75
GHCCM593,"MAPLE 5"" MONROE",CAROLINA CLASSIC,CAROLINA CLASSIC,EN,2026,2,1802.5,6260.1
GHCCM593,"MAPLE 5"" MONROE",CAROLINA CLASSIC,CAROLINA CLASSIC,EN,2026,3,2047.5,7469.53
GHCCM593,"MAPLE 5"" MONROE",CAROLINA CLASSIC,CAROLINA CLASSIC,EN,2026,4,3010.0,12387.9
GHCCM593,"MAPLE 5"" MONROE",CAROLINA CLASSIC,CAROLINA CLASSIC,EN,2026,5,2432.5,10087.18
GHCCM593,"MAPLE 5"" MONROE",CAROLINA CLASSIC,CAROLINA CLASSIC,EN,2026,6,262.5,1075.38
GHCCM593,"MAPLE 5"" MONROE",CAROLINA CLASSIC,CAROLINA CLASSIC,EN,2026,7,3902.5,15959.48
GHCVM31438,"MAPLE NAT. ENG 3-1/4"" 2MM",CRYSTAL VALLEY,CRYSTAL VALLEY,EN,2023,8,1097.6,4791.58
GHCVM31438,"MAPLE NAT. ENG 3-1/4"" 2MM",CRYSTAL VALLEY,CRYSTAL VALLEY,EN,2023,9,1747.2,7567.17
GHCVM31438,"MAPLE NAT. ENG 3-1/4"" 2MM",CRYSTAL VALLEY,CRYSTAL VALLEY,EN,2023,10,3516.8,15223.71
GHCVM31438,"MAPLE NAT. ENG 3-1/4"" 2MM",CRYSTAL VALLEY,CRYSTAL VALLEY,EN,2023,11,1187.2,5135.65
GHCVM31438,"MAPLE NAT. ENG 3-1/4"" 2MM",CRYSTAL VALLEY,CRYSTAL VALLEY,EN,2023,12,1008.0,4384.8
GHCVM31438,"MAPLE NAT. ENG 3-1/4"" 2MM",CRYSTAL VALLEY,CRYSTAL VALLEY,EN,2024,1,179.2,750.85
GHCVM31438,"MAPLE NAT. ENG 3-1/4"" 2MM",CRYSTAL VALLEY,CRYSTAL VALLEY,EN,2024,3,896.0,4609.92
GHCVM31438,"MAPLE NAT. ENG 3-1/4"" 2MM",CRYSTAL VALLEY,CRYSTAL VALLEY,EN,2024,4,22.4,0.0
GHCVM31438,"MAPLE NAT. ENG 3-1/4"" 2MM",CRYSTAL VALLEY,CRYSTAL VALLEY,EN,2024,5,470.4,2033.7
GHCVM31438,"MAPLE NAT. ENG 3-1/4"" 2MM",CRYSTAL VALLEY,CRYSTAL VALLEY,EN,2024,6,67.2,295.01
GHCVM31438,"MAPLE NAT. ENG 3-1/4"" 2MM",CRYSTAL VALLEY,CRYSTAL VALLEY,EN,2024,7,22.4,98.34
GHCVM31438,"MAPLE NAT. ENG 3-1/4"" 2MM",CRYSTAL VALLEY,CRYSTAL VALLEY,EN,2024,8,716.8,3146.75
GHCVM31438,"MAPLE NAT. ENG 3-1/4"" 2MM",CRYSTAL VALLEY,CRYSTAL VALLEY,EN,2024,9,1612.8,6896.51
GHCVM31438,"MAPLE NAT. ENG 3-1/4"" 2MM",CRYSTAL VALLEY,CRYSTAL VALLEY,EN,2024,10,1836.8,7888.83
GHCVM31438,"MAPLE NAT. ENG 3-1/4"" 2MM",CRYSTAL VALLEY,CRYSTAL VALLEY,EN,2024,11,448.0,1930.88
GHCVM31438,"MAPLE NAT. ENG 3-1/4"" 2MM",CRYSTAL VALLEY,CRYSTAL VALLEY,EN,2024,12,515.2,2194.53
GHCVM31438,"MAPLE NAT. ENG 3-1/4"" 2MM",CRYSTAL VALLEY,CRYSTAL VALLEY,EN,2025,2,44.8,196.67
GHCVM31438,"MAPLE NAT. ENG 3-1/4"" 2MM",CRYSTAL VALLEY,CRYSTAL VALLEY,EN,2025,4,44.8,196.67
GHCVM31438,"MAPLE NAT. ENG 3-1/4"" 2MM",CRYSTAL VALLEY,CRYSTAL VALLEY,EN,2025,5,22.4,84.9
GHCVM31438,"MAPLE NAT. ENG 3-1/4"" 2MM",CRYSTAL VALLEY,CRYSTAL VALLEY,EN,2025,6,44.8,169.79
GHCVM31438,"MAPLE NAT. ENG 3-1/4"" 2MM",CRYSTAL VALLEY,CRYSTAL VALLEY,EN,2025,7,89.6,393.34
GHCVM31438,"MAPLE NAT. ENG 3-1/4"" 2MM",CRYSTAL VALLEY,CRYSTAL VALLEY,EN,2025,8,2508.8,10834.66
GHCVM31438,"MAPLE NAT. ENG 3-1/4"" 2MM",CRYSTAL VALLEY,CRYSTAL VALLEY,EN,2025,9,2755.2,12059.49
GHCVM31438,"MAPLE NAT. ENG 3-1/4"" 2MM",CRYSTAL VALLEY,CRYSTAL VALLEY,EN,2025,10,3808.0,16367.68
GHCVM31438,"MAPLE NAT. ENG 3-1/4"" 2MM",CRYSTAL VALLEY,CRYSTAL VALLEY,EN,2025,11,4143.6,18040.32
GHCVM31438,"MAPLE NAT. ENG 3-1/4"" 2MM",CRYSTAL VALLEY,CRYSTAL VALLEY,EN,2025,12,1702.4,7195.78
GHCVM31438,"MAPLE NAT. ENG 3-1/4"" 2MM",CRYSTAL VALLEY,CRYSTAL VALLEY,EN,2026,1,1120.0,4805.02
GHCVM31438,"MAPLE NAT. ENG 3-1/4"" 2MM",CRYSTAL VALLEY,CRYSTAL VALLEY,EN,2026,2,1523.2,6570.37
GHCVM31438,"MAPLE NAT. ENG 3-1/4"" 2MM",CRYSTAL VALLEY,CRYSTAL VALLEY,EN,2026,3,3113.6,13157.98
GHCVM31438,"MAPLE NAT. ENG 3-1/4"" 2MM",CRYSTAL VALLEY,CRYSTAL VALLEY,EN,2026,4,12185.6,52258.53
GHCVM31438,"MAPLE NAT. ENG 3-1/4"" 2MM",CRYSTAL VALLEY,CRYSTAL VALLEY,EN,2026,5,560.0,2418.08
GHCVM31438,"MAPLE NAT. ENG 3-1/4"" 2MM",CRYSTAL VALLEY,CRYSTAL VALLEY,EN,2026,6,3360.0,14392.0
GHCVM31438,"MAPLE NAT. ENG 3-1/4"" 2MM",CRYSTAL VALLEY,CRYSTAL VALLEY,EN,2026,7,1926.4,8291.14
GHCVM538,"MAPLE NAT. ENG 5"" 2MM",CRYSTAL VALLEY,CRYSTAL VALLEY,EN,2025,9,385.0,2036.65
GHCVM538,"MAPLE NAT. ENG 5"" 2MM",CRYSTAL VALLEY,CRYSTAL VALLEY,EN,2025,10,3710.0,19415.9
GHCVM538,"MAPLE NAT. ENG 5"" 2MM",CRYSTAL VALLEY,CRYSTAL VALLEY,EN,2025,11,1995.0,10529.05
GHCVM538,"MAPLE NAT. ENG 5"" 2MM",CRYSTAL VALLEY,CRYSTAL VALLEY,EN,2025,12,2240.0,11639.6
GHCVM538,"MAPLE NAT. ENG 5"" 2MM",CRYSTAL VALLEY,CRYSTAL VALLEY,EN,2026,1,3097.5,16188.2
GHCVM538,"MAPLE NAT. ENG 5"" 2MM",CRYSTAL VALLEY,CRYSTAL VALLEY,EN,2026,2,2047.5,10749.2
GHCVM538,"MAPLE NAT. ENG 5"" 2MM",CRYSTAL VALLEY,CRYSTAL VALLEY,EN,2026,3,1890.0,10150.35
GHCVM538,"MAPLE NAT. ENG 5"" 2MM",CRYSTAL VALLEY,CRYSTAL VALLEY,EN,2026,4,840.0,4207.35
GHCVM538,"MAPLE NAT. ENG 5"" 2MM",CRYSTAL VALLEY,CRYSTAL VALLEY,EN,2026,5,1225.0,6266.75
GHCVM538,"MAPLE NAT. ENG 5"" 2MM",CRYSTAL VALLEY,CRYSTAL VALLEY,EN,2026,6,560.0,2958.9
GHCVM538,"MAPLE NAT. ENG 5"" 2MM",CRYSTAL VALLEY,CRYSTAL VALLEY,EN,2026,7,1505.0,7705.95
GHCVM538USA,"MAPLE NATURAL 5"" 3MM",CRYSTAL VALLEY USA,CRYSTAL VALLEY USA,EN,2025,2,4927.5,27487.69
GHCVM538USA,"MAPLE NATURAL 5"" 3MM",CRYSTAL VALLEY USA,CRYSTAL VALLEY USA,EN,2025,3,3780.0,20900.7
GHCVM538USA,"MAPLE NATURAL 5"" 3MM",CRYSTAL VALLEY USA,CRYSTAL VALLEY USA,EN,2025,4,3948.75,22046.85
GHCVM538USA,"MAPLE NATURAL 5"" 3MM",CRYSTAL VALLEY USA,CRYSTAL VALLEY USA,EN,2025,5,11036.25,62006.51
GHCVM538USA,"MAPLE NATURAL 5"" 3MM",CRYSTAL VALLEY USA,CRYSTAL VALLEY USA,EN,2025,6,10732.5,59623.43
GHCVM538USA,"MAPLE NATURAL 5"" 3MM",CRYSTAL VALLEY USA,CRYSTAL VALLEY USA,EN,2025,7,9956.25,55071.9
GHCVM538USA,"MAPLE NATURAL 5"" 3MM",CRYSTAL VALLEY USA,CRYSTAL VALLEY USA,EN,2025,8,6885.0,38470.28
GHCVM538USA,"MAPLE NATURAL 5"" 3MM",CRYSTAL VALLEY USA,CRYSTAL VALLEY USA,EN,2025,9,2868.75,16026.19
GHCVM538USA,"MAPLE NATURAL 5"" 3MM",CRYSTAL VALLEY USA,CRYSTAL VALLEY USA,EN,2025,10,6581.25,36023.06
GHCVM538USA,"MAPLE NATURAL 5"" 3MM",CRYSTAL VALLEY USA,CRYSTAL VALLEY USA,EN,2025,11,3611.25,20237.51
GHCVM538USA,"MAPLE NATURAL 5"" 3MM",CRYSTAL VALLEY USA,CRYSTAL VALLEY USA,EN,2025,12,101.25,576.11
GHCVM538USA,"MAPLE NATURAL 5"" 3MM",CRYSTAL VALLEY USA,CRYSTAL VALLEY USA,EN,2026,1,2598.75,14462.89
GHCVM538USA,"MAPLE NATURAL 5"" 3MM",CRYSTAL VALLEY USA,CRYSTAL VALLEY USA,EN,2026,2,3746.25,20658.04
GHCVM538USA,"MAPLE NATURAL 5"" 3MM",CRYSTAL VALLEY USA,CRYSTAL VALLEY USA,EN,2026,3,7526.25,42598.24
GHCVM538USA,"MAPLE NATURAL 5"" 3MM",CRYSTAL VALLEY USA,CRYSTAL VALLEY USA,EN,2026,4,1586.25,8995.39
GHCVM538USA,"MAPLE NATURAL 5"" 3MM",CRYSTAL VALLEY USA,CRYSTAL VALLEY USA,EN,2026,5,1248.75,7321.39
GHCVM538USA,"MAPLE NATURAL 5"" 3MM",CRYSTAL VALLEY USA,CRYSTAL VALLEY USA,EN,2026,6,3881.25,22685.06
GHCVM538USA,"MAPLE NATURAL 5"" 3MM",CRYSTAL VALLEY USA,CRYSTAL VALLEY USA,EN,2026,7,1046.25,5963.63
GHCVO31438,"W/O NAT. ENG 3-1/4"" 2MM",CRYSTAL V,CRYSTAL VALLEY,EN,2023,8,3987.2,18292.29
GHCVO31438,"W/O NAT. ENG 3-1/4"" 2MM",CRYSTAL V,CRYSTAL VALLEY,EN,2023,9,3292.8,14482.27
GHCVO31438,"W/O NAT. ENG 3-1/4"" 2MM",CRYSTAL V,CRYSTAL VALLEY,EN,2023,10,4435.2,20420.29
GHCVO31438,"W/O NAT. ENG 3-1/4"" 2MM",CRYSTAL V,CRYSTAL VALLEY,EN,2023,11,5488.0,24580.64
GHCVO31438,"W/O NAT. ENG 3-1/4"" 2MM",CRYSTAL V,CRYSTAL VALLEY,EN,2023,12,179.2,804.61
GHCVO31438,"W/O NAT. ENG 3-1/4"" 2MM",CRYSTAL V,CRYSTAL VALLEY,EN,2024,1,67.2,308.45
GHCVO31438,"W/O NAT. ENG 3-1/4"" 2MM",CRYSTAL V,CRYSTAL VALLEY,EN,2024,3,806.4,3719.3
GHCVO31438,"W/O NAT. ENG 3-1/4"" 2MM",CRYSTAL V,CRYSTAL VALLEY,EN,2024,4,6518.4,29304.58
GHCVO31438,"W/O NAT. ENG 3-1/4"" 2MM",CRYSTAL V,CRYSTAL VALLEY,EN,2024,5,4704.0,21260.74
GHCVO31438,"W/O NAT. ENG 3-1/4"" 2MM",CRYSTAL V,CRYSTAL VALLEY,EN,2024,6,3987.2,17819.65
GHCVO31438,"W/O NAT. ENG 3-1/4"" 2MM",CRYSTAL V,CRYSTAL VALLEY,EN,2024,7,6137.6,27594.56
GHCVO31438,"W/O NAT. ENG 3-1/4"" 2MM",CRYSTAL V,CRYSTAL VALLEY,EN,2024,8,4076.8,18376.51
GHCVO31438,"W/O NAT. ENG 3-1/4"" 2MM",CRYSTAL V,CRYSTAL VALLEY,EN,2024,9,4144.0,18738.72
GHCVO31438,"W/O NAT. ENG 3-1/4"" 2MM",CRYSTAL V,CRYSTAL VALLEY,EN,2024,10,2441.6,10231.65
GHCVO31438,"W/O NAT. ENG 3-1/4"" 2MM",CRYSTAL V,CRYSTAL VALLEY,EN,2024,11,2598.4,11617.54
GHCVO31438,"W/O NAT. ENG 3-1/4"" 2MM",CRYSTAL V,CRYSTAL VALLEY,EN,2024,12,2396.8,10781.79
GHCVO31438,"W/O NAT. ENG 3-1/4"" 2MM",CRYSTAL V,CRYSTAL VALLEY,EN,2025,1,515.2,2203.49
GHCVO31438,"W/O NAT. ENG 3-1/4"" 2MM",CRYSTAL V,CRYSTAL VALLEY,EN,2025,2,67.2,308.45
GHCVO31438,"W/O NAT. ENG 3-1/4"" 2MM",CRYSTAL V,CRYSTAL VALLEY,EN,2025,3,-67.2,-397.82
GHCVO31438,"W/O NAT. ENG 3-1/4"" 2MM",CRYSTAL V,CRYSTAL VALLEY,EN,2025,4,112.0,500.64
GHCVO31438,"W/O NAT. ENG 3-1/4"" 2MM",CRYSTAL V,CRYSTAL VALLEY,EN,2025,6,44.8,205.63
GHCVO31438,"W/O NAT. ENG 3-1/4"" 2MM",CRYSTAL V,CRYSTAL VALLEY,EN,2025,8,761.6,3352.83
GHCVO31438,"W/O NAT. ENG 3-1/4"" 2MM",CRYSTAL V,CRYSTAL VALLEY,EN,2025,9,1702.4,7666.18
GHCVO31438,"W/O NAT. ENG 3-1/4"" 2MM",CRYSTAL V,CRYSTAL VALLEY,EN,2025,10,3516.8,16870.11
GHCVO31438,"W/O NAT. ENG 3-1/4"" 2MM",CRYSTAL V,CRYSTAL VALLEY,EN,2025,11,2732.8,11743.87
GHCVO31438,"W/O NAT. ENG 3-1/4"" 2MM",CRYSTAL V,CRYSTAL VALLEY,EN,2025,12,3180.8,14532.67
GHCVO31438,"W/O NAT. ENG 3-1/4"" 2MM",CRYSTAL V,CRYSTAL VALLEY,EN,2026,1,2284.8,10232.32
GHCVO31438,"W/O NAT. ENG 3-1/4"" 2MM",CRYSTAL V,CRYSTAL VALLEY,EN,2026,2,1366.4,6303.14
GHCVO31438,"W/O NAT. ENG 3-1/4"" 2MM",CRYSTAL V,CRYSTAL VALLEY,EN,2026,3,1724.8,7571.87
GHCVO31438,"W/O NAT. ENG 3-1/4"" 2MM",CRYSTAL V,CRYSTAL VALLEY,EN,2026,4,1232.0,5645.92
GHCVO31438,"W/O NAT. ENG 3-1/4"" 2MM",CRYSTAL V,CRYSTAL VALLEY,EN,2026,5,1411.2,6419.17
GHCVO31438,"W/O NAT. ENG 3-1/4"" 2MM",CRYSTAL V,CRYSTAL VALLEY,EN,2026,6,3270.4,14737.86
GHCVO31438,"W/O NAT. ENG 3-1/4"" 2MM",CRYSTAL V,CRYSTAL VALLEY,EN,2026,7,1993.6,8984.86
GHCVO31438USA-33,"WHITE OAK NATURAL 3-1/4"" 3MM",CRYSTAL VALLEY USA,CRYSTAL VALLEY USA,EN,2025,3,8646.0,49301.34
GHCVO31438USA-33,"WHITE OAK NATURAL 3-1/4"" 3MM",CRYSTAL VALLEY USA,CRYSTAL VALLEY USA,EN,2025,4,231.0,1166.22
GHCVO31438USA-33,"WHITE OAK NATURAL 3-1/4"" 3MM",CRYSTAL VALLEY USA,CRYSTAL VALLEY USA,EN,2025,5,1122.0,6562.38
GHCVO31438USA-33,"WHITE OAK NATURAL 3-1/4"" 3MM",CRYSTAL VALLEY USA,CRYSTAL VALLEY USA,EN,2025,6,891.0,5287.59
GHCVO31438USA-33,"WHITE OAK NATURAL 3-1/4"" 3MM",CRYSTAL VALLEY USA,CRYSTAL VALLEY USA,EN,2025,7,1419.0,8239.11
GHCVO31438USA-33,"WHITE OAK NATURAL 3-1/4"" 3MM",CRYSTAL VALLEY USA,CRYSTAL VALLEY USA,EN,2025,8,6105.0,35612.28
GHCVO31438USA-33,"WHITE OAK NATURAL 3-1/4"" 3MM",CRYSTAL VALLEY USA,CRYSTAL VALLEY USA,EN,2025,9,1353.0,8358.57
GHCVO31438USA-33,"WHITE OAK NATURAL 3-1/4"" 3MM",CRYSTAL VALLEY USA,CRYSTAL VALLEY USA,EN,2025,10,2277.0,13411.53
GHCVO31438USA-33,"WHITE OAK NATURAL 3-1/4"" 3MM",CRYSTAL VALLEY USA,CRYSTAL VALLEY USA,EN,2025,11,429.0,1856.91
GHCVO31438USA-33,"WHITE OAK NATURAL 3-1/4"" 3MM",CRYSTAL VALLEY USA,CRYSTAL VALLEY USA,EN,2025,12,1287.0,7323.03
GHCVO31438USA-33,"WHITE OAK NATURAL 3-1/4"" 3MM",CRYSTAL VALLEY USA,CRYSTAL VALLEY USA,EN,2026,1,3333.0,18984.9
GHCVO31438USA-33,"WHITE OAK NATURAL 3-1/4"" 3MM",CRYSTAL VALLEY USA,CRYSTAL VALLEY USA,EN,2026,2,1617.0,8804.73
GHCVO31438USA-33,"WHITE OAK NATURAL 3-1/4"" 3MM",CRYSTAL VALLEY USA,CRYSTAL VALLEY USA,EN,2026,3,5082.0,29574.93
GHCVO31438USA-33,"WHITE OAK NATURAL 3-1/4"" 3MM",CRYSTAL VALLEY USA,CRYSTAL VALLEY USA,EN,2026,4,33.0,197.67
GHCVO31438USA-33,"WHITE OAK NATURAL 3-1/4"" 3MM",CRYSTAL VALLEY USA,CRYSTAL VALLEY USA,EN,2026,5,1749.0,8727.51
GHCVO31438USA-33,"WHITE OAK NATURAL 3-1/4"" 3MM",CRYSTAL VALLEY USA,CRYSTAL VALLEY USA,EN,2026,7,132.0,784.08
GHCVO31468,"W/O PR.WHEAT ENG 3-1/4"" 2MM",CRYSTAL VALLEY,CRYSTAL VALLEY,EN,2023,8,1657.6,7514.3
GHCVO31468,"W/O PR.WHEAT ENG 3-1/4"" 2MM",CRYSTAL VALLEY,CRYSTAL VALLEY,EN,2023,9,4748.8,21564.03
GHCVO31468,"W/O PR.WHEAT ENG 3-1/4"" 2MM",CRYSTAL VALLEY,CRYSTAL VALLEY,EN,2023,10,2598.4,11810.18
GHCVO31468,"W/O PR.WHEAT ENG 3-1/4"" 2MM",CRYSTAL VALLEY,CRYSTAL VALLEY,EN,2023,11,5062.4,22398.66
GHCVO31468,"W/O PR.WHEAT ENG 3-1/4"" 2MM",CRYSTAL VALLEY,CRYSTAL VALLEY,EN,2023,12,2822.4,12869.7
GHCVO31468,"W/O PR.WHEAT ENG 3-1/4"" 2MM",CRYSTAL VALLEY,CRYSTAL VALLEY,EN,2024,1,3270.4,14876.74
GHCVO31468,"W/O PR.WHEAT ENG 3-1/4"" 2MM",CRYSTAL VALLEY,CRYSTAL VALLEY,EN,2024,2,5488.0,24820.32
GHCVO31468,"W/O PR.WHEAT ENG 3-1/4"" 2MM",CRYSTAL VALLEY,CRYSTAL VALLEY,EN,2024,3,2598.4,11680.26
GHCVO31468,"W/O PR.WHEAT ENG 3-1/4"" 2MM",CRYSTAL VALLEY,CRYSTAL VALLEY,EN,2024,4,2262.4,10335.14
GHCVO31468,"W/O PR.WHEAT ENG 3-1/4"" 2MM",CRYSTAL VALLEY,CRYSTAL VALLEY,EN,2024,5,1904.0,8564.64
GHCVO31468,"W/O PR.WHEAT ENG 3-1/4"" 2MM",CRYSTAL VALLEY,CRYSTAL VALLEY,EN,2024,6,3404.8,14911.23
GHCVO31468,"W/O PR.WHEAT ENG 3-1/4"" 2MM",CRYSTAL VALLEY,CRYSTAL VALLEY,EN,2024,7,4278.4,19395.94
GHCVO31468,"W/O PR.WHEAT ENG 3-1/4"" 2MM",CRYSTAL VALLEY,CRYSTAL VALLEY,EN,2024,8,1030.4,4550.56
GHCVO31468,"W/O PR.WHEAT ENG 3-1/4"" 2MM",CRYSTAL VALLEY,CRYSTAL VALLEY,EN,2024,9,313.6,1336.61
GHCVO31468,"W/O PR.WHEAT ENG 3-1/4"" 2MM",CRYSTAL VALLEY,CRYSTAL VALLEY,EN,2024,10,6227.2,27935.49
GHCVO31468,"W/O PR.WHEAT ENG 3-1/4"" 2MM",CRYSTAL VALLEY,CRYSTAL VALLEY,EN,2024,11,3046.4,13865.6
GHCVO31468,"W/O PR.WHEAT ENG 3-1/4"" 2MM",CRYSTAL VALLEY,CRYSTAL VALLEY,EN,2024,12,784.0,3562.72
GHCVO31468,"W/O PR.WHEAT ENG 3-1/4"" 2MM",CRYSTAL VALLEY,CRYSTAL VALLEY,EN,2025,1,828.8,3214.18
GHCVO31468,"W/O PR.WHEAT ENG 3-1/4"" 2MM",CRYSTAL VALLEY,CRYSTAL VALLEY,EN,2025,2,-22.4,-102.82
GHCVO31468,"W/O PR.WHEAT ENG 3-1/4"" 2MM",CRYSTAL VALLEY,CRYSTAL VALLEY,EN,2025,3,-179.2,-820.29
GHCVO31468,"W/O PR.WHEAT ENG 3-1/4"" 2MM",CRYSTAL VALLEY,CRYSTAL VALLEY,EN,2025,4,268.8,1233.79
GHCVO31468,"W/O PR.WHEAT ENG 3-1/4"" 2MM",CRYSTAL VALLEY,CRYSTAL VALLEY,EN,2025,8,44.8,196.67
GHCVO31468,"W/O PR.WHEAT ENG 3-1/4"" 2MM",CRYSTAL VALLEY,CRYSTAL VALLEY,EN,2025,11,1232.0,5480.38
GHCVO31468,"W/O PR.WHEAT ENG 3-1/4"" 2MM",CRYSTAL VALLEY,CRYSTAL VALLEY,EN,2025,12,537.6,2467.58
GHCVO31468,"W/O PR.WHEAT ENG 3-1/4"" 2MM",CRYSTAL VALLEY,CRYSTAL VALLEY,EN,2026,1,112.0,411.26
GHCVO31468,"W/O PR.WHEAT ENG 3-1/4"" 2MM",CRYSTAL VALLEY,CRYSTAL VALLEY,EN,2026,2,3180.8,14499.07
GHCVO31468,"W/O PR.WHEAT ENG 3-1/4"" 2MM",CRYSTAL VALLEY,CRYSTAL VALLEY,EN,2026,3,1657.6,7411.26
GHCVO31468,"W/O PR.WHEAT ENG 3-1/4"" 2MM",CRYSTAL VALLEY,CRYSTAL VALLEY,EN,2026,4,560.0,2458.4
GHCVO31468,"W/O PR.WHEAT ENG 3-1/4"" 2MM",CRYSTAL VALLEY,CRYSTAL VALLEY,EN,2026,5,2217.6,10057.82
GHCVO31468,"W/O PR.WHEAT ENG 3-1/4"" 2MM",CRYSTAL VALLEY,CRYSTAL VALLEY,EN,2026,6,3360.0,15261.12
GHCVO31468,"W/O PR.WHEAT ENG 3-1/4"" 2MM",CRYSTAL VALLEY,CRYSTAL VALLEY,EN,2026,7,2262.4,10254.5
GHCVO31468USA-33,"WHITE OAK PR.WHEAT 3-1/4"" 3MM",CRYSTAL VALLEY USA,CRYSTAL VALLEY USA,EN,2025,3,1914.0,10920.36
GHCVO31468USA-33,"WHITE OAK PR.WHEAT 3-1/4"" 3MM",CRYSTAL VALLEY USA,CRYSTAL VALLEY USA,EN,2025,4,759.0,3946.47
GHCVO31468USA-33,"WHITE OAK PR.WHEAT 3-1/4"" 3MM",CRYSTAL VALLEY USA,CRYSTAL VALLEY USA,EN,2025,5,891.0,5030.19
GHCVO31468USA-33,"WHITE OAK PR.WHEAT 3-1/4"" 3MM",CRYSTAL VALLEY USA,CRYSTAL VALLEY USA,EN,2025,6,2838.0,16735.62
GHCVO31468USA-33,"WHITE OAK PR.WHEAT 3-1/4"" 3MM",CRYSTAL VALLEY USA,CRYSTAL VALLEY USA,EN,2025,7,627.0,3419.46
GHCVO31468USA-33,"WHITE OAK PR.WHEAT 3-1/4"" 3MM",CRYSTAL VALLEY USA,CRYSTAL VALLEY USA,EN,2025,8,165.0,945.45
GHCVO31468USA-33,"WHITE OAK PR.WHEAT 3-1/4"" 3MM",CRYSTAL VALLEY USA,CRYSTAL VALLEY USA,EN,2025,9,1089.0,6196.41
GHCVO31468USA-33,"WHITE OAK PR.WHEAT 3-1/4"" 3MM",CRYSTAL VALLEY USA,CRYSTAL VALLEY USA,EN,2025,10,2376.0,13493.04
GHCVO31468USA-33,"WHITE OAK PR.WHEAT 3-1/4"" 3MM",CRYSTAL VALLEY USA,CRYSTAL VALLEY USA,EN,2025,11,2211.0,12771.99
GHCVO31468USA-33,"WHITE OAK PR.WHEAT 3-1/4"" 3MM",CRYSTAL VALLEY USA,CRYSTAL VALLEY USA,EN,2025,12,462.0,2615.58
GHCVO31468USA-33,"WHITE OAK PR.WHEAT 3-1/4"" 3MM",CRYSTAL VALLEY USA,CRYSTAL VALLEY USA,EN,2026,2,1881.0,11079.09
GHCVO31468USA-33,"WHITE OAK PR.WHEAT 3-1/4"" 3MM",CRYSTAL VALLEY USA,CRYSTAL VALLEY USA,EN,2026,3,1617.0,9534.03
GHCVO31468USA-33,"WHITE OAK PR.WHEAT 3-1/4"" 3MM",CRYSTAL VALLEY USA,CRYSTAL VALLEY USA,EN,2026,4,429.0,2569.71
GHCVO31468USA-33,"WHITE OAK PR.WHEAT 3-1/4"" 3MM",CRYSTAL VALLEY USA,CRYSTAL VALLEY USA,EN,2026,5,33.0,204.27
GHCVO31468USA-33,"WHITE OAK PR.WHEAT 3-1/4"" 3MM",CRYSTAL VALLEY USA,CRYSTAL VALLEY USA,EN,2026,6,627.0,3917.43
GHCVO31468USA-33,"WHITE OAK PR.WHEAT 3-1/4"" 3MM",CRYSTAL VALLEY USA,CRYSTAL VALLEY USA,EN,2026,7,1980.0,12817.2
GHCVO538,"W/O NAT. ENG 5"" 2MM",CRYSTAL VALLEY,CRYSTAL VALLEY,EN,2023,8,9012.5,41869.28
GHCVO538,"W/O NAT. ENG 5"" 2MM",CRYSTAL VALLEY,CRYSTAL VALLEY,EN,2023,9,-927.5,-4216.98
GHCVO538,"W/O NAT. ENG 5"" 2MM",CRYSTAL VALLEY,CRYSTAL VALLEY,EN,2023,10,3552.5,16223.73
GHCVO538,"W/O NAT. ENG 5"" 2MM",CRYSTAL VALLEY,CRYSTAL VALLEY,EN,2023,11,2380.0,10756.2
GHCVO538,"W/O NAT. ENG 5"" 2MM",CRYSTAL VALLEY,CRYSTAL VALLEY,EN,2023,12,3657.5,17164.18
GHCVO538,"W/O NAT. ENG 5"" 2MM",CRYSTAL VALLEY,CRYSTAL VALLEY,EN,2024,1,1645.0,7545.3
GHCVO538,"W/O NAT. ENG 5"" 2MM",CRYSTAL VALLEY,CRYSTAL VALLEY,EN,2024,2,140.0,457.45
GHCVO538,"W/O NAT. ENG 5"" 2MM",CRYSTAL VALLEY,CRYSTAL VALLEY,EN,2024,3,1855.0,8573.95
GHCVO538,"W/O NAT. ENG 5"" 2MM",CRYSTAL VALLEY,CRYSTAL VALLEY,EN,2024,4,2835.0,13152.65
GHCVO538,"W/O NAT. ENG 5"" 2MM",CRYSTAL VALLEY,CRYSTAL VALLEY,EN,2024,5,2467.5,12213.08
GHCVO538,"W/O NAT. ENG 5"" 2MM",CRYSTAL VALLEY,CRYSTAL VALLEY,EN,2024,6,4830.0,21700.7
GHCVO538,"W/O NAT. ENG 5"" 2MM",CRYSTAL VALLEY,CRYSTAL VALLEY,EN,2024,7,997.5,4419.28
GHCVO538,"W/O NAT. ENG 5"" 2MM",CRYSTAL VALLEY,CRYSTAL VALLEY,EN,2024,8,5705.0,25800.95
GHCVO538,"W/O NAT. ENG 5"" 2MM",CRYSTAL VALLEY,CRYSTAL VALLEY,EN,2024,9,1960.0,9062.9
GHCVO538,"W/O NAT. ENG 5"" 2MM",CRYSTAL VALLEY,CRYSTAL VALLEY,EN,2024,10,2817.5,12923.58
GHCVO538,"W/O NAT. ENG 5"" 2MM",CRYSTAL VALLEY,CRYSTAL VALLEY,EN,2024,11,490.0,2277.1
GHCVO538,"W/O NAT. ENG 5"" 2MM",CRYSTAL VALLEY,CRYSTAL VALLEY,EN,2024,12,700.0,3143.0
GHCVO538,"W/O NAT. ENG 5"" 2MM",CRYSTAL VALLEY,CRYSTAL VALLEY,EN,2025,1,3797.5,17232.78
GHCVO538,"W/O NAT. ENG 5"" 2MM",CRYSTAL VALLEY,CRYSTAL VALLEY,EN,2025,2,157.5,756.18
GHCVO538,"W/O NAT. ENG 5"" 2MM",CRYSTAL VALLEY,CRYSTAL VALLEY,EN,2025,8,35.0,157.15
GHCVO538,"W/O NAT. ENG 5"" 2MM",CRYSTAL VALLEY,CRYSTAL VALLEY,EN,2025,9,1820.0,8535.8
GHCVO538,"W/O NAT. ENG 5"" 2MM",CRYSTAL VALLEY,CRYSTAL VALLEY,EN,2025,10,4830.0,22195.95
GHCVO538,"W/O NAT. ENG 5"" 2MM",CRYSTAL VALLEY,CRYSTAL VALLEY,EN,2025,11,612.5,2872.63
GHCVO538,"W/O NAT. ENG 5"" 2MM",CRYSTAL VALLEY,CRYSTAL VALLEY,EN,2025,12,297.5,1395.28
GHCVO538,"W/O NAT. ENG 5"" 2MM",CRYSTAL VALLEY,CRYSTAL VALLEY,EN,2026,1,1365.0,6316.28
GHCVO538,"W/O NAT. ENG 5"" 2MM",CRYSTAL VALLEY,CRYSTAL VALLEY,EN,2026,2,2870.0,12881.05
GHCVO538,"W/O NAT. ENG 5"" 2MM",CRYSTAL VALLEY,CRYSTAL VALLEY,EN,2026,3,1242.5,6322.58
GHCVO538,"W/O NAT. ENG 5"" 2MM",CRYSTAL VALLEY,CRYSTAL VALLEY,EN,2026,4,35.0,153.65
GHCVO538,"W/O NAT. ENG 5"" 2MM",CRYSTAL VALLEY,CRYSTAL VALLEY,EN,2026,5,945.0,4715.55
GHCVO538,"W/O NAT. ENG 5"" 2MM",CRYSTAL VALLEY,CRYSTAL VALLEY,EN,2026,6,1960.0,9453.15
GHCVO538,"W/O NAT. ENG 5"" 2MM",CRYSTAL VALLEY,CRYSTAL VALLEY,EN,2026,7,2870.0,13621.48
GHCVO538USA,"WHITE OAK NATURAL 5"" 3MM",CRYSTAL VALLEY USA,CRYSTAL VALLEY USA,EN,2025,2,3273.75,18435.6
GHCVO538USA,"WHITE OAK NATURAL 5"" 3MM",CRYSTAL VALLEY USA,CRYSTAL VALLEY USA,EN,2025,3,5501.25,30458.36
GHCVO538USA,"WHITE OAK NATURAL 5"" 3MM",CRYSTAL VALLEY USA,CRYSTAL VALLEY USA,EN,2025,4,3847.5,21993.86
GHCVO538USA,"WHITE OAK NATURAL 5"" 3MM",CRYSTAL VALLEY USA,CRYSTAL VALLEY USA,EN,2025,5,6041.25,34354.8
GHCVO538USA,"WHITE OAK NATURAL 5"" 3MM",CRYSTAL VALLEY USA,CRYSTAL VALLEY USA,EN,2025,6,472.5,2688.53
GHCVO538USA,"WHITE OAK NATURAL 5"" 3MM",CRYSTAL VALLEY USA,CRYSTAL VALLEY USA,EN,2025,7,1215.0,7007.85
GHCVO538USA,"WHITE OAK NATURAL 5"" 3MM",CRYSTAL VALLEY USA,CRYSTAL VALLEY USA,EN,2025,8,1282.5,7553.93
GHCVO538USA,"WHITE OAK NATURAL 5"" 3MM",CRYSTAL VALLEY USA,CRYSTAL VALLEY USA,EN,2025,9,371.25,2125.91
GHCVO538USA,"WHITE OAK NATURAL 5"" 3MM",CRYSTAL VALLEY USA,CRYSTAL VALLEY USA,EN,2025,10,540.0,3146.85
GHCVO538USA,"WHITE OAK NATURAL 5"" 3MM",CRYSTAL VALLEY USA,CRYSTAL VALLEY USA,EN,2025,11,708.75,4066.54
GHCVO538USA,"WHITE OAK NATURAL 5"" 3MM",CRYSTAL VALLEY USA,CRYSTAL VALLEY USA,EN,2025,12,2025.0,11350.13
GHCVO538USA,"WHITE OAK NATURAL 5"" 3MM",CRYSTAL VALLEY USA,CRYSTAL VALLEY USA,EN,2026,1,2193.75,12921.19
GHCVO538USA,"WHITE OAK NATURAL 5"" 3MM",CRYSTAL VALLEY USA,CRYSTAL VALLEY USA,EN,2026,2,405.0,2304.45
GHCVO538USA,"WHITE OAK NATURAL 5"" 3MM",CRYSTAL VALLEY USA,CRYSTAL VALLEY USA,EN,2026,3,978.75,5839.09
GHCVO538USA,"WHITE OAK NATURAL 5"" 3MM",CRYSTAL VALLEY USA,CRYSTAL VALLEY USA,EN,2026,4,2632.5,15768.68
GHCVO538USA,"WHITE OAK NATURAL 5"" 3MM",CRYSTAL VALLEY USA,CRYSTAL VALLEY USA,EN,2026,5,1248.75,7604.89
GHCVO538USA,"WHITE OAK NATURAL 5"" 3MM",CRYSTAL VALLEY USA,CRYSTAL VALLEY USA,EN,2026,6,6176.25,37582.99
GHCVO538USA,"WHITE OAK NATURAL 5"" 3MM",CRYSTAL VALLEY USA,CRYSTAL VALLEY USA,EN,2026,7,945.0,5451.3
GHCVO568,"W/O PR.WHEAT ENG 5"" 2MM",CRYSTAL VALLEY,CRYSTAL VALLEY,EN,2023,8,1785.0,8392.65
GHCVO568,"W/O PR.WHEAT ENG 5"" 2MM",CRYSTAL VALLEY,CRYSTAL VALLEY,EN,2023,9,1837.5,8551.38
GHCVO568,"W/O PR.WHEAT ENG 5"" 2MM",CRYSTAL VALLEY,CRYSTAL VALLEY,EN,2023,10,2765.0,12642.35
GHCVO568,"W/O PR.WHEAT ENG 5"" 2MM",CRYSTAL VALLEY,CRYSTAL VALLEY,EN,2023,11,1295.0,5832.05
GHCVO568,"W/O PR.WHEAT ENG 5"" 2MM",CRYSTAL VALLEY,CRYSTAL VALLEY,EN,2023,12,5302.5,23976.23
GHCVO568,"W/O PR.WHEAT ENG 5"" 2MM",CRYSTAL VALLEY,CRYSTAL VALLEY,EN,2024,1,1522.5,7077.53
GHCVO568,"W/O PR.WHEAT ENG 5"" 2MM",CRYSTAL VALLEY,CRYSTAL VALLEY,EN,2024,2,5355.0,25207.7
GHCVO568,"W/O PR.WHEAT ENG 5"" 2MM",CRYSTAL VALLEY,CRYSTAL VALLEY,EN,2024,3,3167.5,14369.08
GHCVO568,"W/O PR.WHEAT ENG 5"" 2MM",CRYSTAL VALLEY,CRYSTAL VALLEY,EN,2024,4,2572.5,11260.03
GHCVO568,"W/O PR.WHEAT ENG 5"" 2MM",CRYSTAL VALLEY,CRYSTAL VALLEY,EN,2024,5,752.5,3427.73
GHCVO568,"W/O PR.WHEAT ENG 5"" 2MM",CRYSTAL VALLEY,CRYSTAL VALLEY,EN,2024,6,1645.0,7505.05
GHCVO568,"W/O PR.WHEAT ENG 5"" 2MM",CRYSTAL VALLEY,CRYSTAL VALLEY,EN,2024,7,4672.5,21069.83
GHCVO568,"W/O PR.WHEAT ENG 5"" 2MM",CRYSTAL VALLEY,CRYSTAL VALLEY,EN,2024,8,595.0,2755.55
GHCVO568,"W/O PR.WHEAT ENG 5"" 2MM",CRYSTAL VALLEY,CRYSTAL VALLEY,EN,2024,9,4287.5,20454.88
GHCVO568,"W/O PR.WHEAT ENG 5"" 2MM",CRYSTAL VALLEY,CRYSTAL VALLEY,EN,2024,10,2712.5,12257.88
GHCVO568,"W/O PR.WHEAT ENG 5"" 2MM",CRYSTAL VALLEY,CRYSTAL VALLEY,EN,2024,11,1260.0,5667.9
GHCVO568,"W/O PR.WHEAT ENG 5"" 2MM",CRYSTAL VALLEY,CRYSTAL VALLEY,EN,2024,12,350.0,1641.5
GHCVO568,"W/O PR.WHEAT ENG 5"" 2MM",CRYSTAL VALLEY,CRYSTAL VALLEY,EN,2025,1,402.5,1887.73
GHCVO568,"W/O PR.WHEAT ENG 5"" 2MM",CRYSTAL VALLEY,CRYSTAL VALLEY,EN,2025,2,157.5,728.18
GHCVO568,"W/O PR.WHEAT ENG 5"" 2MM",CRYSTAL VALLEY,CRYSTAL VALLEY,EN,2025,12,2100.0,9271.5
GHCVO568,"W/O PR.WHEAT ENG 5"" 2MM",CRYSTAL VALLEY,CRYSTAL VALLEY,EN,2026,1,245.0,1030.23
GHCVO568,"W/O PR.WHEAT ENG 5"" 2MM",CRYSTAL VALLEY,CRYSTAL VALLEY,EN,2026,2,927.5,4127.9
GHCVO568,"W/O PR.WHEAT ENG 5"" 2MM",CRYSTAL VALLEY,CRYSTAL VALLEY,EN,2026,3,2607.5,12780.43
GHCVO568,"W/O PR.WHEAT ENG 5"" 2MM",CRYSTAL VALLEY,CRYSTAL VALLEY,EN,2026,4,4882.5,23306.68
GHCVO568,"W/O PR.WHEAT ENG 5"" 2MM",CRYSTAL VALLEY,CRYSTAL VALLEY,EN,2026,5,2257.5,10921.93
GHCVO568,"W/O PR.WHEAT ENG 5"" 2MM",CRYSTAL VALLEY,CRYSTAL VALLEY,EN,2026,6,1785.0,8623.65
GHCVO568,"W/O PR.WHEAT ENG 5"" 2MM",CRYSTAL VALLEY,CRYSTAL VALLEY,EN,2026,7,1890.0,10314.85
GHCVO568USA,"WHITE OAK PRAIRIE WHEAT 5"" 3MM",CRYSTAL VALLEY USA,CRYSTAL VALLEY USA,EN,2025,3,1620.0,9379.8
GHCVO568USA,"WHITE OAK PRAIRIE WHEAT 5"" 3MM",CRYSTAL VALLEY USA,CRYSTAL VALLEY USA,EN,2025,4,708.75,3975.75
GHCVO568USA,"WHITE OAK PRAIRIE WHEAT 5"" 3MM",CRYSTAL VALLEY USA,CRYSTAL VALLEY USA,EN,2025,5,2598.75,14402.14
GHCVO568USA,"WHITE OAK PRAIRIE WHEAT 5"" 3MM",CRYSTAL VALLEY USA,CRYSTAL VALLEY USA,EN,2025,6,3172.5,18193.28
GHCVO568USA,"WHITE OAK PRAIRIE WHEAT 5"" 3MM",CRYSTAL VALLEY USA,CRYSTAL VALLEY USA,EN,2025,7,4016.25,22637.14
GHCVO568USA,"WHITE OAK PRAIRIE WHEAT 5"" 3MM",CRYSTAL VALLEY USA,CRYSTAL VALLEY USA,EN,2025,8,2126.25,12688.99
GHCVO568USA,"WHITE OAK PRAIRIE WHEAT 5"" 3MM",CRYSTAL VALLEY USA,CRYSTAL VALLEY USA,EN,2025,9,1552.5,8769.6
GHCVO568USA,"WHITE OAK PRAIRIE WHEAT 5"" 3MM",CRYSTAL VALLEY USA,CRYSTAL VALLEY USA,EN,2025,10,2970.0,17763.3
GHCVO568USA,"WHITE OAK PRAIRIE WHEAT 5"" 3MM",CRYSTAL VALLEY USA,CRYSTAL VALLEY USA,EN,2025,11,4151.25,23107.61
GHCVO568USA,"WHITE OAK PRAIRIE WHEAT 5"" 3MM",CRYSTAL VALLEY USA,CRYSTAL VALLEY USA,EN,2025,12,843.75,4814.44
GHCVO568USA,"WHITE OAK PRAIRIE WHEAT 5"" 3MM",CRYSTAL VALLEY USA,CRYSTAL VALLEY USA,EN,2026,1,2227.5,13565.48
GHCVO568USA,"WHITE OAK PRAIRIE WHEAT 5"" 3MM",CRYSTAL VALLEY USA,CRYSTAL VALLEY USA,EN,2026,2,2193.75,12779.44
GHCVO568USA,"WHITE OAK PRAIRIE WHEAT 5"" 3MM",CRYSTAL VALLEY USA,CRYSTAL VALLEY USA,EN,2026,4,1080.0,6205.95
GHCVO568USA,"WHITE OAK PRAIRIE WHEAT 5"" 3MM",CRYSTAL VALLEY USA,CRYSTAL VALLEY USA,EN,2026,5,675.0,4178.25
GHCVO568USA,"WHITE OAK PRAIRIE WHEAT 5"" 3MM",CRYSTAL VALLEY USA,CRYSTAL VALLEY USA,EN,2026,7,776.25,4804.99
GHCVR31438,"R/O NAT. ENG 3-1/4"" 2MM",CRYSTAL VALLEY,CRYSTAL VALLEY,EN,2023,8,2195.2,10734.53
GHCVR31438,"R/O NAT. ENG 3-1/4"" 2MM",CRYSTAL VALLEY,CRYSTAL VALLEY,EN,2023,9,1724.8,8295.39
GHCVR31438,"R/O NAT. ENG 3-1/4"" 2MM",CRYSTAL VALLEY,CRYSTAL VALLEY,EN,2023,10,9273.6,44664.7
GHCVR31438,"R/O NAT. ENG 3-1/4"" 2MM",CRYSTAL VALLEY,CRYSTAL VALLEY,EN,2023,11,1120.0,5443.2
GHCVR31438,"R/O NAT. ENG 3-1/4"" 2MM",CRYSTAL VALLEY,CRYSTAL VALLEY,EN,2023,12,4816.0,22634.08
GHCVR31438,"R/O NAT. ENG 3-1/4"" 2MM",CRYSTAL VALLEY,CRYSTAL VALLEY,EN,2024,1,1254.4,5865.22
GHCVR31438,"R/O NAT. ENG 3-1/4"" 2MM",CRYSTAL VALLEY,CRYSTAL VALLEY,EN,2024,2,3964.8,19365.47
GHCVR31438,"R/O NAT. ENG 3-1/4"" 2MM",CRYSTAL VALLEY,CRYSTAL VALLEY,EN,2024,3,2979.2,14648.93
GHCVR31438,"R/O NAT. ENG 3-1/4"" 2MM",CRYSTAL VALLEY,CRYSTAL VALLEY,EN,2024,4,3427.2,16450.11
GHCVR31438,"R/O NAT. ENG 3-1/4"" 2MM",CRYSTAL VALLEY,CRYSTAL VALLEY,EN,2024,5,5936.0,27916.45
GHCVR31438,"R/O NAT. ENG 3-1/4"" 2MM",CRYSTAL VALLEY,CRYSTAL VALLEY,EN,2024,6,3136.0,14268.8
GHCVR31438,"R/O NAT. ENG 3-1/4"" 2MM",CRYSTAL VALLEY,CRYSTAL VALLEY,EN,2024,7,1635.2,7924.45
GHCVR31438,"R/O NAT. ENG 3-1/4"" 2MM",CRYSTAL VALLEY,CRYSTAL VALLEY,EN,2024,8,3964.8,18765.15
GHCVR31438,"R/O NAT. ENG 3-1/4"" 2MM",CRYSTAL VALLEY,CRYSTAL VALLEY,EN,2024,9,4547.2,22087.97
GHCVR31438,"R/O NAT. ENG 3-1/4"" 2MM",CRYSTAL VALLEY,CRYSTAL VALLEY,EN,2024,10,-268.8,-1457.79
GHCVR31438,"R/O NAT. ENG 3-1/4"" 2MM",CRYSTAL VALLEY,CRYSTAL VALLEY,EN,2024,11,4704.0,22657.6
GHCVR31438,"R/O NAT. ENG 3-1/4"" 2MM",CRYSTAL VALLEY,CRYSTAL VALLEY,EN,2024,12,3068.8,14831.71
GHCVR31438,"R/O NAT. ENG 3-1/4"" 2MM",CRYSTAL VALLEY,CRYSTAL VALLEY,EN,2025,1,828.8,3972.19
GHCVR31438,"R/O NAT. ENG 3-1/4"" 2MM",CRYSTAL VALLEY,CRYSTAL VALLEY,EN,2025,2,22.4,109.54
GHCVR31438,"R/O NAT. ENG 3-1/4"" 2MM",CRYSTAL VALLEY,CRYSTAL VALLEY,EN,2025,5,22.4,109.54
GHCVR31438,"R/O NAT. ENG 3-1/4"" 2MM",CRYSTAL VALLEY,CRYSTAL VALLEY,EN,2025,10,22.4,105.06
GHCVR31438,"R/O NAT. ENG 3-1/4"" 2MM",CRYSTAL VALLEY,CRYSTAL VALLEY,EN,2025,11,22.4,109.54
GHCVR31438,"R/O NAT. ENG 3-1/4"" 2MM",CRYSTAL VALLEY,CRYSTAL VALLEY,EN,2025,12,694.4,3391.14
GHCVR31438,"R/O NAT. ENG 3-1/4"" 2MM",CRYSTAL VALLEY,CRYSTAL VALLEY,EN,2026,1,1859.2,8619.07
GHCVR31438,"R/O NAT. ENG 3-1/4"" 2MM",CRYSTAL VALLEY,CRYSTAL VALLEY,EN,2026,2,2396.8,11487.39
GHCVR31438,"R/O NAT. ENG 3-1/4"" 2MM",CRYSTAL VALLEY,CRYSTAL VALLEY,EN,2026,3,-806.4,-3873.63
GHCVR31438,"R/O NAT. ENG 3-1/4"" 2MM",CRYSTAL VALLEY,CRYSTAL VALLEY,EN,2026,4,2172.8,10732.51
GHCVR31438,"R/O NAT. ENG 3-1/4"" 2MM",CRYSTAL VALLEY,CRYSTAL VALLEY,EN,2026,5,1164.8,5610.75
GHCVR31438,"R/O NAT. ENG 3-1/4"" 2MM",CRYSTAL VALLEY,CRYSTAL VALLEY,EN,2026,6,2217.6,10413.98
GHCVR31438,"R/O NAT. ENG 3-1/4"" 2MM",CRYSTAL VALLEY,CRYSTAL VALLEY,EN,2026,7,515.2,2537.25
GHCVR31438USA-33,"RED OAK NATURAL 3-1/4"" 3MM",CRYSTAL VALLEY USA,CRYSTAL VALLEY USA,EN,2025,3,3531.0,18111.39
GHCVR31438USA-33,"RED OAK NATURAL 3-1/4"" 3MM",CRYSTAL VALLEY USA,CRYSTAL VALLEY USA,EN,2025,4,3762.0,20907.81
GHCVR31438USA-33,"RED OAK NATURAL 3-1/4"" 3MM",CRYSTAL VALLEY USA,CRYSTAL VALLEY USA,EN,2025,5,66.0,362.34
GHCVR31438USA-33,"RED OAK NATURAL 3-1/4"" 3MM",CRYSTAL VALLEY USA,CRYSTAL VALLEY USA,EN,2025,6,5940.0,31462.2
GHCVR31438USA-33,"RED OAK NATURAL 3-1/4"" 3MM",CRYSTAL VALLEY USA,CRYSTAL VALLEY USA,EN,2025,7,1749.0,9084.24
GHCVR31438USA-33,"RED OAK NATURAL 3-1/4"" 3MM",CRYSTAL VALLEY USA,CRYSTAL VALLEY USA,EN,2025,8,1815.0,9858.75
GHCVR31438USA-33,"RED OAK NATURAL 3-1/4"" 3MM",CRYSTAL VALLEY USA,CRYSTAL VALLEY USA,EN,2025,9,2937.0,15903.03
GHCVR31438USA-33,"RED OAK NATURAL 3-1/4"" 3MM",CRYSTAL VALLEY USA,CRYSTAL VALLEY USA,EN,2025,10,2970.0,15985.2
GHCVR31438USA-33,"RED OAK NATURAL 3-1/4"" 3MM",CRYSTAL VALLEY USA,CRYSTAL VALLEY USA,EN,2025,11,3960.0,21331.2
GHCVR31438USA-33,"RED OAK NATURAL 3-1/4"" 3MM",CRYSTAL VALLEY USA,CRYSTAL VALLEY USA,EN,2025,12,66.0,362.34
GHCVR31438USA-33,"RED OAK NATURAL 3-1/4"" 3MM",CRYSTAL VALLEY USA,CRYSTAL VALLEY USA,EN,2026,1,1815.0,9720.15
GHCVR31438USA-33,"RED OAK NATURAL 3-1/4"" 3MM",CRYSTAL VALLEY USA,CRYSTAL VALLEY USA,EN,2026,2,4323.0,22881.87
GHCVR31438USA-33,"RED OAK NATURAL 3-1/4"" 3MM",CRYSTAL VALLEY USA,CRYSTAL VALLEY USA,EN,2026,3,1419.0,8032.86
GHCVR31438USA-33,"RED OAK NATURAL 3-1/4"" 3MM",CRYSTAL VALLEY USA,CRYSTAL VALLEY USA,EN,2026,4,264.0,1508.76
GHCVR31438USA-33,"RED OAK NATURAL 3-1/4"" 3MM",CRYSTAL VALLEY USA,CRYSTAL VALLEY USA,EN,2026,5,2013.0,11523.27
GHCVR31438USA-33,"RED OAK NATURAL 3-1/4"" 3MM",CRYSTAL VALLEY USA,CRYSTAL VALLEY USA,EN,2026,6,1254.0,7141.86
GHCVR31438USA-33,"RED OAK NATURAL 3-1/4"" 3MM",CRYSTAL VALLEY USA,CRYSTAL VALLEY USA,EN,2026,7,792.0,4532.88
GHCVR538,"R/O NAT. ENG 5"" 2MM",CRYSTAL VALLEY,CRYSTAL VALLEY,EN,2023,8,4935.0,26508.65
GHCVR538,"R/O NAT. ENG 5"" 2MM",CRYSTAL VALLEY,CRYSTAL VALLEY,EN,2023,9,1365.0,7220.85
GHCVR538,"R/O NAT. ENG 5"" 2MM",CRYSTAL VALLEY,CRYSTAL VALLEY,EN,2023,10,2380.0,12516.7
GHCVR538,"R/O NAT. ENG 5"" 2MM",CRYSTAL VALLEY,CRYSTAL VALLEY,EN,2023,11,3272.5,17001.78
GHCVR538,"R/O NAT. ENG 5"" 2MM",CRYSTAL VALLEY,CRYSTAL VALLEY,EN,2023,12,700.0,3615.5
GHCVR538,"R/O NAT. ENG 5"" 2MM",CRYSTAL VALLEY,CRYSTAL VALLEY,EN,2024,1,4847.5,25025.53
GHCVR538,"R/O NAT. ENG 5"" 2MM",CRYSTAL VALLEY,CRYSTAL VALLEY,EN,2024,2,210.0,1058.4
GHCVR538,"R/O NAT. ENG 5"" 2MM",CRYSTAL VALLEY,CRYSTAL VALLEY,EN,2024,3,857.5,4511.68
GHCVR538,"R/O NAT. ENG 5"" 2MM",CRYSTAL VALLEY,CRYSTAL VALLEY,EN,2024,4,1977.5,10376.98
GHCVR538,"R/O NAT. ENG 5"" 2MM",CRYSTAL VALLEY,CRYSTAL VALLEY,EN,2024,5,2712.5,13629.88
GHCVR538,"R/O NAT. ENG 5"" 2MM",CRYSTAL VALLEY,CRYSTAL VALLEY,EN,2024,6,2677.5,13761.48
GHCVR538,"R/O NAT. ENG 5"" 2MM",CRYSTAL VALLEY,CRYSTAL VALLEY,EN,2024,7,2922.5,15197.7
GHCVR538,"R/O NAT. ENG 5"" 2MM",CRYSTAL VALLEY,CRYSTAL VALLEY,EN,2024,8,2800.0,14386.75
GHCVR538,"R/O NAT. ENG 5"" 2MM",CRYSTAL VALLEY,CRYSTAL VALLEY,EN,2024,9,2327.5,12312.48
GHCVR538,"R/O NAT. ENG 5"" 2MM",CRYSTAL VALLEY,CRYSTAL VALLEY,EN,2024,10,2677.5,13833.23
GHCVR538,"R/O NAT. ENG 5"" 2MM",CRYSTAL VALLEY,CRYSTAL VALLEY,EN,2024,11,1505.0,7781.2
GHCVR538,"R/O NAT. ENG 5"" 2MM",CRYSTAL VALLEY,CRYSTAL VALLEY,EN,2024,12,1907.5,9863.18
GHCVR538,"R/O NAT. ENG 5"" 2MM",CRYSTAL VALLEY,CRYSTAL VALLEY,EN,2025,1,1855.0,9699.38
GHCVR538,"R/O NAT. ENG 5"" 2MM",CRYSTAL VALLEY,CRYSTAL VALLEY,EN,2025,2,490.0,2581.6
GHCVR538,"R/O NAT. ENG 5"" 2MM",CRYSTAL VALLEY,CRYSTAL VALLEY,EN,2025,3,0.0,-7.0
GHCVR538,"R/O NAT. ENG 5"" 2MM",CRYSTAL VALLEY,CRYSTAL VALLEY,EN,2025,4,122.5,623.53
GHCVR538,"R/O NAT. ENG 5"" 2MM",CRYSTAL VALLEY,CRYSTAL VALLEY,EN,2025,5,35.0,185.15
GHCVR538,"R/O NAT. ENG 5"" 2MM",CRYSTAL VALLEY,CRYSTAL VALLEY,EN,2025,8,385.0,1966.65
GHCVR538,"R/O NAT. ENG 5"" 2MM",CRYSTAL VALLEY,CRYSTAL VALLEY,EN,2025,9,0.0,0.0
GHCVR538,"R/O NAT. ENG 5"" 2MM",CRYSTAL VALLEY,CRYSTAL VALLEY,EN,2025,10,17.5,0.0
GHCVR538,"R/O NAT. ENG 5"" 2MM",CRYSTAL VALLEY,CRYSTAL VALLEY,EN,2025,11,17.5,92.58
GHCVR538,"R/O NAT. ENG 5"" 2MM",CRYSTAL VALLEY,CRYSTAL VALLEY,EN,2025,12,455.0,2861.95
GHCVR538,"R/O NAT. ENG 5"" 2MM",CRYSTAL VALLEY,CRYSTAL VALLEY,EN,2026,1,157.5,712.6
GHCVR538,"R/O NAT. ENG 5"" 2MM",CRYSTAL VALLEY,CRYSTAL VALLEY,EN,2026,2,3132.5,15659.35
GHCVR538,"R/O NAT. ENG 5"" 2MM",CRYSTAL VALLEY,CRYSTAL VALLEY,EN,2026,3,630.0,3210.2
GHCVR538,"R/O NAT. ENG 5"" 2MM",CRYSTAL VALLEY,CRYSTAL VALLEY,EN,2026,4,1137.5,5789.88
GHCVR538,"R/O NAT. ENG 5"" 2MM",CRYSTAL VALLEY,CRYSTAL VALLEY,EN,2026,5,52.5,277.73
GHCVR538,"R/O NAT. ENG 5"" 2MM",CRYSTAL VALLEY,CRYSTAL VALLEY,EN,2026,6,2642.5,13768.83
GHCVR538,"R/O NAT. ENG 5"" 2MM",CRYSTAL VALLEY,CRYSTAL VALLEY,EN,2026,7,1995.0,10098.55
GHCVR538USA,"RED OAK NATURAL 5"" 3MM",CRYSTAL VALLEY USA,CRYSTAL VALLEY USA,EN,2025,2,1620.0,8614.01
GHCVR538USA,"RED OAK NATURAL 5"" 3MM",CRYSTAL VALLEY USA,CRYSTAL VALLEY USA,EN,2025,3,1991.25,10594.46
GHCVR538USA,"RED OAK NATURAL 5"" 3MM",CRYSTAL VALLEY USA,CRYSTAL VALLEY USA,EN,2025,4,3206.25,17494.31
GHCVR538USA,"RED OAK NATURAL 5"" 3MM",CRYSTAL VALLEY USA,CRYSTAL VALLEY USA,EN,2025,5,2328.75,12343.05
GHCVR538USA,"RED OAK NATURAL 5"" 3MM",CRYSTAL VALLEY USA,CRYSTAL VALLEY USA,EN,2025,6,3003.75,16254.34
GHCVR538USA,"RED OAK NATURAL 5"" 3MM",CRYSTAL VALLEY USA,CRYSTAL VALLEY USA,EN,2025,7,2025.0,11029.5
GHCVR538USA,"RED OAK NATURAL 5"" 3MM",CRYSTAL VALLEY USA,CRYSTAL VALLEY USA,EN,2025,8,2835.0,15102.11
GHCVR538USA,"RED OAK NATURAL 5"" 3MM",CRYSTAL VALLEY USA,CRYSTAL VALLEY USA,EN,2025,9,3982.5,21418.43
GHCVR538USA,"RED OAK NATURAL 5"" 3MM",CRYSTAL VALLEY USA,CRYSTAL VALLEY USA,EN,2025,10,2092.5,12345.08
GHCVR538USA,"RED OAK NATURAL 5"" 3MM",CRYSTAL VALLEY USA,CRYSTAL VALLEY USA,EN,2025,11,4320.0,21789.68
GHCVR538USA,"RED OAK NATURAL 5"" 3MM",CRYSTAL VALLEY USA,CRYSTAL VALLEY USA,EN,2025,12,337.5,1852.88
GHCVR538USA,"RED OAK NATURAL 5"" 3MM",CRYSTAL VALLEY USA,CRYSTAL VALLEY USA,EN,2026,2,168.75,899.44
GHCVR538USA,"RED OAK NATURAL 5"" 3MM",CRYSTAL VALLEY USA,CRYSTAL VALLEY USA,EN,2026,3,438.75,2540.36
GHCVR538USA,"RED OAK NATURAL 5"" 3MM",CRYSTAL VALLEY USA,CRYSTAL VALLEY USA,EN,2026,4,-135.0,-714.15
GHCVR538USA,"RED OAK NATURAL 5"" 3MM",CRYSTAL VALLEY USA,CRYSTAL VALLEY USA,EN,2026,5,1653.75,9365.96
GHCVR538USA,"RED OAK NATURAL 5"" 3MM",CRYSTAL VALLEY USA,CRYSTAL VALLEY USA,EN,2026,6,1788.75,10019.36
GHCVR538USA,"RED OAK NATURAL 5"" 3MM",CRYSTAL VALLEY USA,CRYSTAL VALLEY USA,EN,2026,7,1755.0,9406.46
GHEXA5146,1/2 X 5 ACACIA DIST. BRONZE,DISTRESS,EXOTICS,EN,2023,8,2953.0,12083.68
GHEXA5146,1/2 X 5 ACACIA DIST. BRONZE,DISTRESS,EXOTICS,EN,2023,9,6172.77,23987.51
GHEXA5146,1/2 X 5 ACACIA DIST. BRONZE,DISTRESS,EXOTICS,EN,2023,10,1181.2,4890.17
GHEXA5146,1/2 X 5 ACACIA DIST. BRONZE,DISTRESS,EXOTICS,EN,2023,11,3809.37,15533.08
GHEXA5146,1/2 X 5 ACACIA DIST. BRONZE,DISTRESS,EXOTICS,EN,2023,12,2687.23,11043.92
GHEXA5146,1/2 X 5 ACACIA DIST. BRONZE,DISTRESS,EXOTICS,EN,2024,1,885.9,3511.12
GHEXA5146,1/2 X 5 ACACIA DIST. BRONZE,DISTRESS,EXOTICS,EN,2024,2,1328.85,5352.31
GHEXA5146,1/2 X 5 ACACIA DIST. BRONZE,DISTRESS,EXOTICS,EN,2024,3,3838.9,15890.09
GHEXA5146,1/2 X 5 ACACIA DIST. BRONZE,DISTRESS,EXOTICS,EN,2024,4,6437.54,25705.27
GHEXA5146,1/2 X 5 ACACIA DIST. BRONZE,DISTRESS,EXOTICS,EN,2024,5,3750.31,14718.64
GHEXA5146,1/2 X 5 ACACIA DIST. BRONZE,DISTRESS,EXOTICS,EN,2024,6,3218.77,13123.43
GHEXA5146,1/2 X 5 ACACIA DIST. BRONZE,DISTRESS,EXOTICS,EN,2024,7,5433.52,21307.67
GHEXA5146,1/2 X 5 ACACIA DIST. BRONZE,DISTRESS,EXOTICS,EN,2024,8,2362.4,9538.19
GHEXA5146,1/2 X 5 ACACIA DIST. BRONZE,DISTRESS,EXOTICS,EN,2024,9,5522.11,22172.01
GHEXA5146,1/2 X 5 ACACIA DIST. BRONZE,DISTRESS,EXOTICS,EN,2024,10,3395.95,13694.54
GHEXA5146,1/2 X 5 ACACIA DIST. BRONZE,DISTRESS,EXOTICS,EN,2024,11,3809.37,16123.68
GHEXA5146,1/2 X 5 ACACIA DIST. BRONZE,DISTRESS,EXOTICS,EN,2024,12,3307.36,13246.57
GHEXA5146,1/2 X 5 ACACIA DIST. BRONZE,DISTRESS,EXOTICS,EN,2025,1,6083.18,24248.26
GHEXA5146,1/2 X 5 ACACIA DIST. BRONZE,DISTRESS,EXOTICS,EN,2025,2,4547.62,19287.81
GHEXA5146,1/2 X 5 ACACIA DIST. BRONZE,DISTRESS,EXOTICS,EN,2025,3,2067.1,8135.52
GHEXA5146,1/2 X 5 ACACIA DIST. BRONZE,DISTRESS,EXOTICS,EN,2025,4,7884.51,31178.66
GHEXA5146,1/2 X 5 ACACIA DIST. BRONZE,DISTRESS,EXOTICS,EN,2025,5,2391.93,10779.63
GHEXA5146,1/2 X 5 ACACIA DIST. BRONZE,DISTRESS,EXOTICS,EN,2025,6,3277.83,14581.62
GHEXA5146,1/2 X 5 ACACIA DIST. BRONZE,DISTRESS,EXOTICS,EN,2025,7,3130.0,15226.3
GHEXA5146,1/2 X 5 ACACIA DIST. BRONZE,DISTRESS,EXOTICS,EN,2025,8,2214.75,10180.47
GHEXA5146,1/2 X 5 ACACIA DIST. BRONZE,DISTRESS,EXOTICS,EN,2025,9,3130.18,13428.47
GHEXA5146,1/2 X 5 ACACIA DIST. BRONZE,DISTRESS,EXOTICS,EN,2025,10,3366.42,14719.52
GHEXA5146,1/2 X 5 ACACIA DIST. BRONZE,DISTRESS,EXOTICS,EN,2025,11,2628.17,11759.14
GHEXA5146,1/2 X 5 ACACIA DIST. BRONZE,DISTRESS,EXOTICS,EN,2025,12,7500.62,34309.73
GHEXA5146,1/2 X 5 ACACIA DIST. BRONZE,DISTRESS,EXOTICS,EN,2026,1,4872.45,21992.76
GHEXA5146,1/2 X 5 ACACIA DIST. BRONZE,DISTRESS,EXOTICS,EN,2026,2,4931.51,23536.3
GHEXA5146,1/2 X 5 ACACIA DIST. BRONZE,DISTRESS,EXOTICS,EN,2026,3,561.07,2536.92
GHEXA5146,1/2 X 5 ACACIA DIST. BRONZE,DISTRESS,EXOTICS,EN,2026,4,5492.58,28819.51
GHEXA5146,1/2 X 5 ACACIA DIST. BRONZE,DISTRESS,EXOTICS,EN,2026,5,3248.3,17458.14
GHEXA5146,1/2 X 5 ACACIA DIST. BRONZE,DISTRESS,EXOTICS,EN,2026,6,1417.44,7356.51
GHEXA5146,1/2 X 5 ACACIA DIST. BRONZE,DISTRESS,EXOTICS,EN,2026,7,2155.69,11859.84
GHEXA5147,1/2 X 5 ACACIA DIST. GOLD,DISTRESS,EXOTICS,EN,2023,8,2893.94,11517.29
GHEXA5147,1/2 X 5 ACACIA DIST. GOLD,DISTRESS,EXOTICS,EN,2023,9,1122.14,4412.37
GHEXA5147,1/2 X 5 ACACIA DIST. GOLD,DISTRESS,EXOTICS,EN,2023,10,8504.64,34913.91
GHEXA5147,1/2 X 5 ACACIA DIST. GOLD,DISTRESS,EXOTICS,EN,2023,11,1181.2,4760.24
GHEXA5147,1/2 X 5 ACACIA DIST. GOLD,DISTRESS,EXOTICS,EN,2023,12,1387.91,5641.12
GHEXA5147,1/2 X 5 ACACIA DIST. GOLD,DISTRESS,EXOTICS,EN,2024,1,3602.66,14117.7
GHEXA5147,1/2 X 5 ACACIA DIST. GOLD,DISTRESS,EXOTICS,EN,2024,2,354.36,1307.59
GHEXA5147,1/2 X 5 ACACIA DIST. GOLD,DISTRESS,EXOTICS,EN,2024,3,6171.77,25375.72
GHEXA5147,1/2 X 5 ACACIA DIST. GOLD,DISTRESS,EXOTICS,EN,2024,4,2185.22,8565.47
GHEXA5147,1/2 X 5 ACACIA DIST. GOLD,DISTRESS,EXOTICS,EN,2024,5,2805.35,11290.8
GHEXA5147,1/2 X 5 ACACIA DIST. GOLD,DISTRESS,EXOTICS,EN,2024,6,6821.43,27645.69
GHEXA5147,1/2 X 5 ACACIA DIST. GOLD,DISTRESS,EXOTICS,EN,2024,7,2185.22,8978.89
GHEXA5147,1/2 X 5 ACACIA DIST. GOLD,DISTRESS,EXOTICS,EN,2024,8,3573.13,14259.74
GHEXA5147,1/2 X 5 ACACIA DIST. GOLD,DISTRESS,EXOTICS,EN,2024,9,3573.13,14395.58
GHEXA5147,1/2 X 5 ACACIA DIST. GOLD,DISTRESS,EXOTICS,EN,2024,10,6319.42,25117.92
GHEXA5147,1/2 X 5 ACACIA DIST. GOLD,DISTRESS,EXOTICS,EN,2024,11,7057.67,28529.23
GHEXA5147,1/2 X 5 ACACIA DIST. GOLD,DISTRESS,EXOTICS,EN,2024,12,6112.71,24439.91
GHEXA5147,1/2 X 5 ACACIA DIST. GOLD,DISTRESS,EXOTICS,EN,2025,1,3897.96,15656.51
GHEXA5147,1/2 X 5 ACACIA DIST. GOLD,DISTRESS,EXOTICS,EN,2025,2,885.9,3534.74
GHEXA5147,1/2 X 5 ACACIA DIST. GOLD,DISTRESS,EXOTICS,EN,2025,3,4311.38,21803.18
GHEXA5147,1/2 X 5 ACACIA DIST. GOLD,DISTRESS,EXOTICS,EN,2025,4,8918.06,31462.44
GHEXA5147,1/2 X 5 ACACIA DIST. GOLD,DISTRESS,EXOTICS,EN,2025,5,3720.78,16227.92
GHEXA5147,1/2 X 5 ACACIA DIST. GOLD,DISTRESS,EXOTICS,EN,2025,6,797.31,3223.79
GHEXA5147,1/2 X 5 ACACIA DIST. GOLD,DISTRESS,EXOTICS,EN,2025,7,2303.34,10708.17
GHEXA5147,1/2 X 5 ACACIA DIST. GOLD,DISTRESS,EXOTICS,EN,2025,8,6348.95,27916.19
GHEXA5147,1/2 X 5 ACACIA DIST. GOLD,DISTRESS,EXOTICS,EN,2025,9,3809.37,17594.27
GHEXA5147,1/2 X 5 ACACIA DIST. GOLD,DISTRESS,EXOTICS,EN,2025,10,6555.66,29379.1
GHEXA5147,1/2 X 5 ACACIA DIST. GOLD,DISTRESS,EXOTICS,EN,2025,11,1535.56,6764.73
GHEXA5147,1/2 X 5 ACACIA DIST. GOLD,DISTRESS,EXOTICS,EN,2025,12,2598.44,11959.3
GHEXA5147,1/2 X 5 ACACIA DIST. GOLD,DISTRESS,EXOTICS,EN,2026,1,3543.6,15072.11
GHEXA5147,1/2 X 5 ACACIA DIST. GOLD,DISTRESS,EXOTICS,EN,2026,2,6555.66,29198.67
GHEXA5147,1/2 X 5 ACACIA DIST. GOLD,DISTRESS,EXOTICS,EN,2026,3,2539.58,12185.26
GHEXA5147,1/2 X 5 ACACIA DIST. GOLD,DISTRESS,EXOTICS,EN,2026,4,3071.12,15998.17
GHEXA5147,1/2 X 5 ACACIA DIST. GOLD,DISTRESS,EXOTICS,EN,2026,5,5138.22,23935.54
GHEXA5147,1/2 X 5 ACACIA DIST. GOLD,DISTRESS,EXOTICS,EN,2026,6,4695.27,25531.93
GHEXA5147,1/2 X 5 ACACIA DIST. GOLD,DISTRESS,EXOTICS,EN,2026,7,1358.38,7684.89
GHEXA516,1/2 X 5 ACACIA BLACK WALNUT,DISTRESS,EXOTICS,EN,2023,8,3779.84,15164.25
GHEXA516,1/2 X 5 ACACIA BLACK WALNUT,DISTRESS,EXOTICS,EN,2023,9,5256.34,20896.02
GHEXA516,1/2 X 5 ACACIA BLACK WALNUT,DISTRESS,EXOTICS,EN,2023,10,3632.19,14879.28
GHEXA516,1/2 X 5 ACACIA BLACK WALNUT,DISTRESS,EXOTICS,EN,2023,11,2923.47,11956.99
GHEXA516,1/2 X 5 ACACIA BLACK WALNUT,DISTRESS,EXOTICS,EN,2023,12,502.01,1970.54
GHEXA516,1/2 X 5 ACACIA BLACK WALNUT,DISTRESS,EXOTICS,EN,2024,1,2893.94,11558.63
GHEXA516,1/2 X 5 ACACIA BLACK WALNUT,DISTRESS,EXOTICS,EN,2024,2,5699.29,22138.94
GHEXA516,1/2 X 5 ACACIA BLACK WALNUT,DISTRESS,EXOTICS,EN,2024,3,2214.75,9070.14
GHEXA516,1/2 X 5 ACACIA BLACK WALNUT,DISTRESS,EXOTICS,EN,2024,4,2716.76,10630.21
GHEXA516,1/2 X 5 ACACIA BLACK WALNUT,DISTRESS,EXOTICS,EN,2024,5,5374.46,21290.54
GHEXA516,1/2 X 5 ACACIA BLACK WALNUT,DISTRESS,EXOTICS,EN,2024,6,3484.54,14039.15
GHEXA516,1/2 X 5 ACACIA BLACK WALNUT,DISTRESS,EXOTICS,EN,2024,7,4901.98,19544.14
GHEXA516,1/2 X 5 ACACIA BLACK WALNUT,DISTRESS,EXOTICS,EN,2024,8,915.43,3566.93
GHEXA516,1/2 X 5 ACACIA BLACK WALNUT,DISTRESS,EXOTICS,EN,2024,9,4193.26,16748.83
GHEXA516,1/2 X 5 ACACIA BLACK WALNUT,DISTRESS,EXOTICS,EN,2024,10,7559.68,30665.13
GHEXA516,1/2 X 5 ACACIA BLACK WALNUT,DISTRESS,EXOTICS,EN,2024,11,1889.92,7384.57
GHEXA516,1/2 X 5 ACACIA BLACK WALNUT,DISTRESS,EXOTICS,EN,2024,12,3957.02,16473.61
GHEXA516,1/2 X 5 ACACIA BLACK WALNUT,DISTRESS,EXOTICS,EN,2025,1,2953.0,11841.53
GHEXA516,1/2 X 5 ACACIA BLACK WALNUT,DISTRESS,EXOTICS,EN,2025,2,8416.05,32844.74
GHEXA516,1/2 X 5 ACACIA BLACK WALNUT,DISTRESS,EXOTICS,EN,2025,3,295.3,1184.15
GHEXA516,1/2 X 5 ACACIA BLACK WALNUT,DISTRESS,EXOTICS,EN,2025,4,4045.61,16629.23
GHEXA516,1/2 X 5 ACACIA BLACK WALNUT,DISTRESS,EXOTICS,EN,2025,5,9095.24,37622.11
GHEXA516,1/2 X 5 ACACIA BLACK WALNUT,DISTRESS,EXOTICS,EN,2025,6,5699.29,25247.56
GHEXA516,1/2 X 5 ACACIA BLACK WALNUT,DISTRESS,EXOTICS,EN,2025,7,2126.16,9428.34
GHEXA516,1/2 X 5 ACACIA BLACK WALNUT,DISTRESS,EXOTICS,EN,2025,8,2391.93,10592.12
GHEXA516,1/2 X 5 ACACIA BLACK WALNUT,DISTRESS,EXOTICS,EN,2025,9,4252.32,18531.85
GHEXA516,1/2 X 5 ACACIA BLACK WALNUT,DISTRESS,EXOTICS,EN,2025,10,4488.56,20183.16
GHEXA516,1/2 X 5 ACACIA BLACK WALNUT,DISTRESS,EXOTICS,EN,2025,11,2657.7,12228.37
GHEXA516,1/2 X 5 ACACIA BLACK WALNUT,DISTRESS,EXOTICS,EN,2025,12,5522.11,23303.01
GHEXA516,1/2 X 5 ACACIA BLACK WALNUT,DISTRESS,EXOTICS,EN,2026,1,4518.09,20761.95
GHEXA516,1/2 X 5 ACACIA BLACK WALNUT,DISTRESS,EXOTICS,EN,2026,2,2953.0,12426.22
GHEXA516,1/2 X 5 ACACIA BLACK WALNUT,DISTRESS,EXOTICS,EN,2026,3,1417.44,7332.89
GHEXA516,1/2 X 5 ACACIA BLACK WALNUT,DISTRESS,EXOTICS,EN,2026,4,6142.24,32840.9
GHEXA516,1/2 X 5 ACACIA BLACK WALNUT,DISTRESS,EXOTICS,EN,2026,5,5994.59,32455.54
GHEXA516,1/2 X 5 ACACIA BLACK WALNUT,DISTRESS,EXOTICS,EN,2026,6,6260.36,32937.76
GHEXA516,1/2 X 5 ACACIA BLACK WALNUT,DISTRESS,EXOTICS,EN,2026,7,4459.03,24060.75
GHEXA538,1/2 X 5 ACACIA NATURAL,DISTRESS,EXOTICS,EN,2023,8,9095.24,37421.01
GHEXA538,1/2 X 5 ACACIA NATURAL,DISTRESS,EXOTICS,EN,2023,9,3100.65,12463.14
GHEXA538,1/2 X 5 ACACIA NATURAL,DISTRESS,EXOTICS,EN,2023,10,2953.0,11803.14
GHEXA538,1/2 X 5 ACACIA NATURAL,DISTRESS,EXOTICS,EN,2023,11,2569.11,10200.55
GHEXA538,1/2 X 5 ACACIA NATURAL,DISTRESS,EXOTICS,EN,2023,12,3897.96,15859.97
GHEXA538,1/2 X 5 ACACIA NATURAL,DISTRESS,EXOTICS,EN,2024,1,3897.96,15493.8
GHEXA538,1/2 X 5 ACACIA NATURAL,DISTRESS,EXOTICS,EN,2024,2,8445.58,33420.28
GHEXA538,1/2 X 5 ACACIA NATURAL,DISTRESS,EXOTICS,EN,2024,3,4222.79,16733.77
GHEXA538,1/2 X 5 ACACIA NATURAL,DISTRESS,EXOTICS,EN,2024,4,2687.23,10784.06
GHEXA538,1/2 X 5 ACACIA NATURAL,DISTRESS,EXOTICS,EN,2024,5,3868.43,15435.33
GHEXA538,1/2 X 5 ACACIA NATURAL,DISTRESS,EXOTICS,EN,2024,6,-383.89,-1493.33
GHEXA538,1/2 X 5 ACACIA NATURAL,DISTRESS,EXOTICS,EN,2024,7,9272.42,37522.59
GHEXA538,1/2 X 5 ACACIA NATURAL,DISTRESS,EXOTICS,EN,2024,8,2834.88,11405.67
GHEXA538,1/2 X 5 ACACIA NATURAL,DISTRESS,EXOTICS,EN,2024,9,3425.48,13304.45
GHEXA538,1/2 X 5 ACACIA NATURAL,DISTRESS,EXOTICS,EN,2024,10,4931.51,19464.4
GHEXA538,1/2 X 5 ACACIA NATURAL,DISTRESS,EXOTICS,EN,2024,11,5049.63,19694.15
GHEXA538,1/2 X 5 ACACIA NATURAL,DISTRESS,EXOTICS,EN,2024,12,5551.64,21907.13
GHEXA538,1/2 X 5 ACACIA NATURAL,DISTRESS,EXOTICS,EN,2025,1,4754.33,19161.72
GHEXA538,1/2 X 5 ACACIA NATURAL,DISTRESS,EXOTICS,EN,2025,2,3455.01,13753.01
GHEXA538,1/2 X 5 ACACIA NATURAL,DISTRESS,EXOTICS,EN,2025,3,5049.63,19755.27
GHEXA538,1/2 X 5 ACACIA NATURAL,DISTRESS,EXOTICS,EN,2025,4,5876.47,23677.45
GHEXA538,1/2 X 5 ACACIA NATURAL,DISTRESS,EXOTICS,EN,2025,5,4931.51,21073.49
GHEXA538,1/2 X 5 ACACIA NATURAL,DISTRESS,EXOTICS,EN,2025,6,6998.61,30399.07
GHEXA538,1/2 X 5 ACACIA NATURAL,DISTRESS,EXOTICS,EN,2025,7,3750.31,16213.15
GHEXA538,1/2 X 5 ACACIA NATURAL,DISTRESS,EXOTICS,EN,2025,8,1771.8,8014.44
GHEXA538,1/2 X 5 ACACIA NATURAL,DISTRESS,EXOTICS,EN,2025,9,5256.43,24035.44
GHEXA538,1/2 X 5 ACACIA NATURAL,DISTRESS,EXOTICS,EN,2025,10,4088.44,18720.02
GHEXA538,1/2 X 5 ACACIA NATURAL,DISTRESS,EXOTICS,EN,2025,11,5197.28,22680.22
GHEXA538,1/2 X 5 ACACIA NATURAL,DISTRESS,EXOTICS,EN,2025,12,6053.65,26906.26
GHEXA538,1/2 X 5 ACACIA NATURAL,DISTRESS,EXOTICS,EN,2026,1,6850.96,31434.09
GHEXA538,1/2 X 5 ACACIA NATURAL,DISTRESS,EXOTICS,EN,2026,2,4459.03,19530.85
GHEXA538,1/2 X 5 ACACIA NATURAL,DISTRESS,EXOTICS,EN,2026,3,6673.78,36317.18
GHEXA538,1/2 X 5 ACACIA NATURAL,DISTRESS,EXOTICS,EN,2026,4,6142.24,32657.82
GHEXA538,1/2 X 5 ACACIA NATURAL,DISTRESS,EXOTICS,EN,2026,5,3897.96,19185.05
GHEXA538,1/2 X 5 ACACIA NATURAL,DISTRESS,EXOTICS,EN,2026,6,6319.42,35027.3
GHEXA538,1/2 X 5 ACACIA NATURAL,DISTRESS,EXOTICS,EN,2026,7,2244.28,12453.98
GHEXB538,1/2 X 5 2MM BRAZILIAN CHERRY,SMOOTH,EXOTICS,EN,2023,8,6533.78,29141.01
GHEXB538,1/2 X 5 2MM BRAZILIAN CHERRY,SMOOTH,EXOTICS,EN,2023,9,6848.24,31751.38
GHEXB538,1/2 X 5 2MM BRAZILIAN CHERRY,SMOOTH,EXOTICS,EN,2023,10,4122.92,18679.62
GHEXB538,1/2 X 5 2MM BRAZILIAN CHERRY,SMOOTH,EXOTICS,EN,2023,11,2969.9,13288.73
GHEXB538,1/2 X 5 2MM BRAZILIAN CHERRY,SMOOTH,EXOTICS,EN,2023,12,5695.22,25858.05
GHEXB538,1/2 X 5 2MM BRAZILIAN CHERRY,SMOOTH,EXOTICS,EN,2024,1,2375.92,10744.75
GHEXB538,1/2 X 5 2MM BRAZILIAN CHERRY,SMOOTH,EXOTICS,EN,2024,2,559.04,2548.52
GHEXB538,1/2 X 5 2MM BRAZILIAN CHERRY,SMOOTH,EXOTICS,EN,2024,3,2096.4,9538.62
GHEXB538,1/2 X 5 2MM BRAZILIAN CHERRY,SMOOTH,EXOTICS,EN,2024,4,4332.56,19778.84
GHEXB538,1/2 X 5 2MM BRAZILIAN CHERRY,SMOOTH,EXOTICS,EN,2024,5,6918.12,31251.03
GHEXB538,1/2 X 5 2MM BRAZILIAN CHERRY,SMOOTH,EXOTICS,EN,2024,6,3983.16,18474.87
GHEXB538,1/2 X 5 2MM BRAZILIAN CHERRY,SMOOTH,EXOTICS,EN,2024,7,7057.88,31958.92
GHEXB538,1/2 X 5 2MM BRAZILIAN CHERRY,SMOOTH,EXOTICS,EN,2024,8,628.92,2757.46
GHEXB538,1/2 X 5 2MM BRAZILIAN CHERRY,SMOOTH,EXOTICS,EN,2024,9,4157.86,18812.74
GHEXB538,1/2 X 5 2MM BRAZILIAN CHERRY,SMOOTH,EXOTICS,EN,2024,10,1991.58,8733.6
GHEXB538,1/2 X 5 2MM BRAZILIAN CHERRY,SMOOTH,EXOTICS,EN,2024,11,6953.06,31209.11
GHEXB538,1/2 X 5 2MM BRAZILIAN CHERRY,SMOOTH,EXOTICS,EN,2024,12,3563.88,16117.12
GHEXB538,1/2 X 5 2MM BRAZILIAN CHERRY,SMOOTH,EXOTICS,EN,2025,1,5136.18,23823.14
GHEXB538,1/2 X 5 2MM BRAZILIAN CHERRY,SMOOTH,EXOTICS,EN,2025,2,8490.42,38010.18
GHEXB538,1/2 X 5 2MM BRAZILIAN CHERRY,SMOOTH,EXOTICS,EN,2025,3,5834.98,26653.28
GHEXB538,1/2 X 5 2MM BRAZILIAN CHERRY,SMOOTH,EXOTICS,EN,2025,4,8665.12,38728.19
GHEXB538,1/2 X 5 2MM BRAZILIAN CHERRY,SMOOTH,EXOTICS,EN,2025,5,3144.6,15743.96
GHEXB538,1/2 X 5 2MM BRAZILIAN CHERRY,SMOOTH,EXOTICS,EN,2025,6,5974.74,29499.49
GHEXB538,1/2 X 5 2MM BRAZILIAN CHERRY,SMOOTH,EXOTICS,EN,2025,7,3773.52,18297.73
GHEXB538,1/2 X 5 2MM BRAZILIAN CHERRY,SMOOTH,EXOTICS,EN,2025,8,5730.16,27671.08
GHEXB538,1/2 X 5 2MM BRAZILIAN CHERRY,SMOOTH,EXOTICS,EN,2025,9,3319.3,16819.42
GHEXB538,1/2 X 5 2MM BRAZILIAN CHERRY,SMOOTH,EXOTICS,EN,2025,10,2690.38,13442.47
GHEXB538,1/2 X 5 2MM BRAZILIAN CHERRY,SMOOTH,EXOTICS,EN,2025,11,6813.3,34704.16
GHEXB538,1/2 X 5 2MM BRAZILIAN CHERRY,SMOOTH,EXOTICS,EN,2025,12,10027.78,50056.79
GHEXB538,1/2 X 5 2MM BRAZILIAN CHERRY,SMOOTH,EXOTICS,EN,2026,1,3703.64,19111.83
GHEXB538,1/2 X 5 2MM BRAZILIAN CHERRY,SMOOTH,EXOTICS,EN,2026,2,6079.56,30490.74
GHEXB538,1/2 X 5 2MM BRAZILIAN CHERRY,SMOOTH,EXOTICS,EN,2026,3,11328.5,56567.49
GHEXB538,1/2 X 5 2MM BRAZILIAN CHERRY,SMOOTH,EXOTICS,EN,2026,4,6918.12,39849.77
GHEXB538,1/2 X 5 2MM BRAZILIAN CHERRY,SMOOTH,EXOTICS,EN,2026,5,733.74,5055.47
GHEXB538,1/2 X 5 2MM BRAZILIAN CHERRY,SMOOTH,EXOTICS,EN,2026,6,7826.56,44644.93
GHEXB538,1/2 X 5 2MM BRAZILIAN CHERRY,SMOOTH,EXOTICS,EN,2026,7,6009.68,35984.01
GHEXPR538,1/2 X 5 PATAGONIAN ROSEWOOD,SMOOTH,EXOTICS,EN,2023,8,3528.94,16725.78
GHEXPR538,1/2 X 5 PATAGONIAN ROSEWOOD,SMOOTH,EXOTICS,EN,2023,9,2026.52,9616.19
GHEXPR538,1/2 X 5 PATAGONIAN ROSEWOOD,SMOOTH,EXOTICS,EN,2023,10,1432.54,6729.09
GHEXPR538,1/2 X 5 PATAGONIAN ROSEWOOD,SMOOTH,EXOTICS,EN,2023,11,1187.96,5585.51
GHEXPR538,1/2 X 5 PATAGONIAN ROSEWOOD,SMOOTH,EXOTICS,EN,2023,12,6044.62,28806.98
GHEXPR538,1/2 X 5 PATAGONIAN ROSEWOOD,SMOOTH,EXOTICS,EN,2024,1,244.58,1171.54
GHEXPR538,1/2 X 5 PATAGONIAN ROSEWOOD,SMOOTH,EXOTICS,EN,2024,2,6219.32,29105.72
GHEXPR538,1/2 X 5 PATAGONIAN ROSEWOOD,SMOOTH,EXOTICS,EN,2024,3,1467.48,6840.55
GHEXPR538,1/2 X 5 PATAGONIAN ROSEWOOD,SMOOTH,EXOTICS,EN,2024,4,2061.46,9573.91
GHEXPR538,1/2 X 5 PATAGONIAN ROSEWOOD,SMOOTH,EXOTICS,EN,2024,5,1991.58,9127.38
GHEXPR538,1/2 X 5 PATAGONIAN ROSEWOOD,SMOOTH,EXOTICS,EN,2024,6,1502.42,7105.75
GHEXPR538,1/2 X 5 PATAGONIAN ROSEWOOD,SMOOTH,EXOTICS,EN,2024,7,3144.6,14839.02
GHEXPR538,1/2 X 5 PATAGONIAN ROSEWOOD,SMOOTH,EXOTICS,EN,2024,8,733.74,3444.73
GHEXPR538,1/2 X 5 PATAGONIAN ROSEWOOD,SMOOTH,EXOTICS,EN,2024,9,3878.34,17934.35
GHEXPR538,1/2 X 5 PATAGONIAN ROSEWOOD,SMOOTH,EXOTICS,EN,2024,10,1537.36,7168.64
GHEXPR538,1/2 X 5 PATAGONIAN ROSEWOOD,SMOOTH,EXOTICS,EN,2024,11,279.52,1317.94
GHEXPR538,1/2 X 5 PATAGONIAN ROSEWOOD,SMOOTH,EXOTICS,EN,2024,12,1013.26,4748.7
GHEXPR538,1/2 X 5 PATAGONIAN ROSEWOOD,SMOOTH,EXOTICS,EN,2025,1,2271.1,10357.96
GHEXPR538,1/2 X 5 PATAGONIAN ROSEWOOD,SMOOTH,EXOTICS,EN,2025,2,663.86,3103.02
GHEXPR538,1/2 X 5 PATAGONIAN ROSEWOOD,SMOOTH,EXOTICS,EN,2025,3,1397.6,6488.36
GHEXPR538,1/2 X 5 PATAGONIAN ROSEWOOD,SMOOTH,EXOTICS,EN,2025,4,5834.98,26800.03
GHEXPR538,1/2 X 5 PATAGONIAN ROSEWOOD,SMOOTH,EXOTICS,EN,2025,5,1222.9,5864.68
GHEXPR538,1/2 X 5 PATAGONIAN ROSEWOOD,SMOOTH,EXOTICS,EN,2025,6,6638.6,34761.81
GHEXPR538,1/2 X 5 PATAGONIAN ROSEWOOD,SMOOTH,EXOTICS,EN,2025,7,733.74,3339.91
GHEXPR538,1/2 X 5 PATAGONIAN ROSEWOOD,SMOOTH,EXOTICS,EN,2025,8,3808.46,17830.23
GHEXPR538,1/2 X 5 PATAGONIAN ROSEWOOD,SMOOTH,EXOTICS,EN,2025,9,908.44,4791.67
GHEXPR538,1/2 X 5 PATAGONIAN ROSEWOOD,SMOOTH,EXOTICS,EN,2025,10,4332.56,22077.19
GHEXPR538,1/2 X 5 PATAGONIAN ROSEWOOD,SMOOTH,EXOTICS,EN,2025,11,3004.84,15815.24
GHEXPR538,1/2 X 5 PATAGONIAN ROSEWOOD,SMOOTH,EXOTICS,EN,2025,12,489.16,2622.6
GHEXPR538,1/2 X 5 PATAGONIAN ROSEWOOD,SMOOTH,EXOTICS,EN,2026,1,1956.64,10427.49
GHEXPR538,1/2 X 5 PATAGONIAN ROSEWOOD,SMOOTH,EXOTICS,EN,2026,2,908.44,4896.49
GHEXPR538,1/2 X 5 PATAGONIAN ROSEWOOD,SMOOTH,EXOTICS,EN,2026,3,6778.36,37807.18
GHEXPR538,1/2 X 5 PATAGONIAN ROSEWOOD,SMOOTH,EXOTICS,EN,2026,4,6324.14,37558.4
GHEXPR538,1/2 X 5 PATAGONIAN ROSEWOOD,SMOOTH,EXOTICS,EN,2026,5,244.58,1604.79
GHEXPR538,1/2 X 5 PATAGONIAN ROSEWOOD,SMOOTH,EXOTICS,EN,2026,6,209.64,1360.56
GHEXPR538,1/2 X 5 PATAGONIAN ROSEWOOD,SMOOTH,EXOTICS,EN,2026,7,2515.68,15820.13
GHEXSM538,1/2 X 5 SANTOS MAHOGANY,SMOOTH,EXOTICS,EN,2023,8,3109.66,15887.57
GHEXSM538,1/2 X 5 SANTOS MAHOGANY,SMOOTH,EXOTICS,EN,2023,9,2341.98,11608.12
GHEXSM538,1/2 X 5 SANTOS MAHOGANY,SMOOTH,EXOTICS,EN,2023,10,2760.26,14304.79
GHEXSM538,1/2 X 5 SANTOS MAHOGANY,SMOOTH,EXOTICS,EN,2023,11,1747.0,8899.22
GHEXSM538,1/2 X 5 SANTOS MAHOGANY,SMOOTH,EXOTICS,EN,2024,1,1118.08,5628.14
GHEXSM538,1/2 X 5 SANTOS MAHOGANY,SMOOTH,EXOTICS,EN,2024,2,4996.42,24535.92
GHEXSM538,1/2 X 5 SANTOS MAHOGANY,SMOOTH,EXOTICS,EN,2024,3,1083.14,5836.03
GHEXSM538,1/2 X 5 SANTOS MAHOGANY,SMOOTH,EXOTICS,EN,2024,4,2865.08,14316.32
GHEXSM538,1/2 X 5 SANTOS MAHOGANY,SMOOTH,EXOTICS,EN,2024,5,8315.72,41645.68
GHEXSM538,1/2 X 5 SANTOS MAHOGANY,SMOOTH,EXOTICS,EN,2024,6,3354.24,17139.47
GHEXSM538,1/2 X 5 SANTOS MAHOGANY,SMOOTH,EXOTICS,EN,2024,7,8665.12,42833.64
GHEXSM538,1/2 X 5 SANTOS MAHOGANY,SMOOTH,EXOTICS,EN,2024,8,3424.12,17561.54
GHEXSM538,1/2 X 5 SANTOS MAHOGANY,SMOOTH,EXOTICS,EN,2024,9,3913.22,19949.73
GHEXSM538,1/2 X 5 SANTOS MAHOGANY,SMOOTH,EXOTICS,EN,2024,10,1851.82,9108.86
GHEXSM538,1/2 X 5 SANTOS MAHOGANY,SMOOTH,EXOTICS,EN,2024,11,1467.48,7469.47
GHEXSM538,1/2 X 5 SANTOS MAHOGANY,SMOOTH,EXOTICS,EN,2024,12,4227.74,21585.58
GHEXSM538,1/2 X 5 SANTOS MAHOGANY,SMOOTH,EXOTICS,EN,2025,1,2620.5,13223.04
GHEXSM538,1/2 X 5 SANTOS MAHOGANY,SMOOTH,EXOTICS,EN,2025,2,559.04,2929.37
GHEXSM538,1/2 X 5 SANTOS MAHOGANY,SMOOTH,EXOTICS,EN,2025,3,3109.66,15698.89
GHEXSM538,1/2 X 5 SANTOS MAHOGANY,SMOOTH,EXOTICS,EN,2025,4,6673.54,33650.36
GHEXSM538,1/2 X 5 SANTOS MAHOGANY,SMOOTH,EXOTICS,EN,2025,5,8665.12,43902.81
GHEXSM538,1/2 X 5 SANTOS MAHOGANY,SMOOTH,EXOTICS,EN,2025,6,5485.58,27474.37
GHEXSM538,1/2 X 5 SANTOS MAHOGANY,SMOOTH,EXOTICS,EN,2025,7,4786.78,26013.88
GHEXSM538,1/2 X 5 SANTOS MAHOGANY,SMOOTH,EXOTICS,EN,2025,8,1153.02,6392.97
GHEXSM538,1/2 X 5 SANTOS MAHOGANY,SMOOTH,EXOTICS,EN,2025,9,7721.74,42643.92
GHEXSM538,1/2 X 5 SANTOS MAHOGANY,SMOOTH,EXOTICS,EN,2025,10,1816.88,9716.12
GHEXSM538,1/2 X 5 SANTOS MAHOGANY,SMOOTH,EXOTICS,EN,2025,11,5241.0,28587.91
GHEXSM538,1/2 X 5 SANTOS MAHOGANY,SMOOTH,EXOTICS,EN,2025,12,1327.72,7512.8
GHEXSM538,1/2 X 5 SANTOS MAHOGANY,SMOOTH,EXOTICS,EN,2026,1,6778.36,38788.99
GHEXSM538,1/2 X 5 SANTOS MAHOGANY,SMOOTH,EXOTICS,EN,2026,2,4087.98,22565.3
GHEXSM538,1/2 X 5 SANTOS MAHOGANY,SMOOTH,EXOTICS,EN,2026,3,2061.46,11806.58
GHEXSM538,1/2 X 5 SANTOS MAHOGANY,SMOOTH,EXOTICS,EN,2026,4,2865.08,18926.3
GHEXSM538,1/2 X 5 SANTOS MAHOGANY,SMOOTH,EXOTICS,EN,2026,5,908.44,5874.81
GHEXSM538,1/2 X 5 SANTOS MAHOGANY,SMOOTH,EXOTICS,EN,2026,6,1572.3,10522.18
GHEXSM538,1/2 X 5 SANTOS MAHOGANY,SMOOTH,EXOTICS,EN,2026,7,3668.7,24767.22
GHEXS538,1/2 X 5 2MM SAPELE NATURAL,SMOOTH,EXOTICS,EN,2023,8,3144.6,12323.34
GHEXS538,1/2 X 5 2MM SAPELE NATURAL,SMOOTH,EXOTICS,EN,2023,9,3109.66,11701.76
GHEXS538,1/2 X 5 2MM SAPELE NATURAL,SMOOTH,EXOTICS,EN,2023,10,1537.36,6001.29
GHEXS538,1/2 X 5 2MM SAPELE NATURAL,SMOOTH,EXOTICS,EN,2023,11,1327.72,5136.88
GHEXS538,1/2 X 5 2MM SAPELE NATURAL,SMOOTH,EXOTICS,EN,2023,12,2760.26,11502.6
GHEXS538,1/2 X 5 2MM SAPELE NATURAL,SMOOTH,EXOTICS,EN,2024,1,1956.64,7806.99
GHEXS538,1/2 X 5 2MM SAPELE NATURAL,SMOOTH,EXOTICS,EN,2024,2,559.04,2272.5
GHEXS538,1/2 X 5 2MM SAPELE NATURAL,SMOOTH,EXOTICS,EN,2024,3,2655.44,10472.92
GHEXS538,1/2 X 5 2MM SAPELE NATURAL,SMOOTH,EXOTICS,EN,2024,4,1292.78,5200.12
GHEXS538,1/2 X 5 2MM SAPELE NATURAL,SMOOTH,EXOTICS,EN,2024,5,3178.66,12546.59
GHEXS538,1/2 X 5 2MM SAPELE NATURAL,SMOOTH,EXOTICS,EN,2024,6,3563.88,13618.91
GHEXS538,1/2 X 5 2MM SAPELE NATURAL,SMOOTH,EXOTICS,EN,2024,7,1048.2,4140.39
GHEXS538,1/2 X 5 2MM SAPELE NATURAL,SMOOTH,EXOTICS,EN,2024,8,3249.42,12993.14
GHEXS538,1/2 X 5 2MM SAPELE NATURAL,SMOOTH,EXOTICS,EN,2024,9,1642.18,6858.02
GHEXS538,1/2 X 5 2MM SAPELE NATURAL,SMOOTH,EXOTICS,EN,2024,10,2131.34,8112.72
GHEXS538,1/2 X 5 2MM SAPELE NATURAL,SMOOTH,EXOTICS,EN,2024,12,2550.62,9785.65
GHEXS538,1/2 X 5 2MM SAPELE NATURAL,SMOOTH,EXOTICS,EN,2025,1,4996.42,19132.1
GHEXS538,1/2 X 5 2MM SAPELE NATURAL,SMOOTH,EXOTICS,EN,2025,2,1502.42,5896.82
GHEXS538,1/2 X 5 2MM SAPELE NATURAL,SMOOTH,EXOTICS,EN,2025,3,4087.98,15898.75
GHEXS538,1/2 X 5 2MM SAPELE NATURAL,SMOOTH,EXOTICS,EN,2025,4,2096.4,8424.03
GHEXS538,1/2 X 5 2MM SAPELE NATURAL,SMOOTH,EXOTICS,EN,2025,5,174.7,609.7
GHEXS538,1/2 X 5 2MM SAPELE NATURAL,SMOOTH,EXOTICS,EN,2025,6,69.88,320.75
GHEXS538,1/2 X 5 2MM SAPELE NATURAL,SMOOTH,EXOTICS,EN,2025,7,3319.3,14704.5
GHEXS538,1/2 X 5 2MM SAPELE NATURAL,SMOOTH,EXOTICS,EN,2025,8,2795.2,10845.38
GHEXS538,1/2 X 5 2MM SAPELE NATURAL,SMOOTH,EXOTICS,EN,2025,9,454.22,2084.87
GHEXS538,1/2 X 5 2MM SAPELE NATURAL,SMOOTH,EXOTICS,EN,2025,10,2131.34,9056.1
GHEXS538,1/2 X 5 2MM SAPELE NATURAL,SMOOTH,EXOTICS,EN,2025,11,2725.32,11419.09
GHEXS538,1/2 X 5 2MM SAPELE NATURAL,SMOOTH,EXOTICS,EN,2025,12,4961.48,22016.74
GHEXS538,1/2 X 5 2MM SAPELE NATURAL,SMOOTH,EXOTICS,EN,2026,1,-454.22,-1826.31
GHEXS538,1/2 X 5 2MM SAPELE NATURAL,SMOOTH,EXOTICS,EN,2026,2,2166.28,9761.54
GHEXS538,1/2 X 5 2MM SAPELE NATURAL,SMOOTH,EXOTICS,EN,2026,3,1991.58,9424.37
GHEXS538,1/2 X 5 2MM SAPELE NATURAL,SMOOTH,EXOTICS,EN,2026,4,1467.48,8360.44
GHEXS538,1/2 X 5 2MM SAPELE NATURAL,SMOOTH,EXOTICS,EN,2026,5,559.04,2775.63
GHEXS538,1/2 X 5 2MM SAPELE NATURAL,SMOOTH,EXOTICS,EN,2026,6,1537.36,7825.16
GHEXS538,1/2 X 5 2MM SAPELE NATURAL,SMOOTH,EXOTICS,EN,2026,7,2830.14,15483.31
GHEXTI538,1/2 X 5 2MM TIGERWOOD NAT.,SMOOTH,EXOTICS,EN,2023,8,5904.86,25841.97
GHEXTI538,1/2 X 5 2MM TIGERWOOD NAT.,SMOOTH,EXOTICS,EN,2023,9,0.0,-167.71
GHEXTI538,1/2 X 5 2MM TIGERWOOD NAT.,SMOOTH,EXOTICS,EN,2023,10,3459.06,15363.47
GHEXTI538,1/2 X 5 2MM TIGERWOOD NAT.,SMOOTH,EXOTICS,EN,2023,11,1607.24,7244.46
GHEXTI538,1/2 X 5 2MM TIGERWOOD NAT.,SMOOTH,EXOTICS,EN,2023,12,1747.0,7802.1
GHEXTI538,1/2 X 5 2MM TIGERWOOD NAT.,SMOOTH,EXOTICS,EN,2024,1,1187.96,5110.32
GHEXTI538,1/2 X 5 2MM TIGERWOOD NAT.,SMOOTH,EXOTICS,EN,2024,2,2306.04,10130.5
GHEXTI538,1/2 X 5 2MM TIGERWOOD NAT.,SMOOTH,EXOTICS,EN,2024,3,3429.18,15355.09
GHEXTI538,1/2 X 5 2MM TIGERWOOD NAT.,SMOOTH,EXOTICS,EN,2024,4,698.8,3109.66
GHEXTI538,1/2 X 5 2MM TIGERWOOD NAT.,SMOOTH,EXOTICS,EN,2024,5,3983.16,15030.49
GHEXTI538,1/2 X 5 2MM TIGERWOOD NAT.,SMOOTH,EXOTICS,EN,2024,6,2096.4,9514.16
GHEXTI538,1/2 X 5 2MM TIGERWOOD NAT.,SMOOTH,EXOTICS,EN,2024,7,3074.72,13898.43
GHEXTI538,1/2 X 5 2MM TIGERWOOD NAT.,SMOOTH,EXOTICS,EN,2024,8,1712.06,7847.87
GHEXTI538,1/2 X 5 2MM TIGERWOOD NAT.,SMOOTH,EXOTICS,EN,2024,9,908.44,4162.75
GHEXTI538,1/2 X 5 2MM TIGERWOOD NAT.,SMOOTH,EXOTICS,EN,2024,10,279.52,1213.12
GHEXTI538,1/2 X 5 2MM TIGERWOOD NAT.,SMOOTH,EXOTICS,EN,2024,11,3074.72,13700.67
GHEXTI538,1/2 X 5 2MM TIGERWOOD NAT.,SMOOTH,EXOTICS,EN,2024,12,3004.84,13093.42
GHEXTI538,1/2 X 5 2MM TIGERWOOD NAT.,SMOOTH,EXOTICS,EN,2025,1,3528.94,15565.42
GHEXTI538,1/2 X 5 2MM TIGERWOOD NAT.,SMOOTH,EXOTICS,EN,2025,2,1537.36,6735.03
GHEXTI538,1/2 X 5 2MM TIGERWOOD NAT.,SMOOTH,EXOTICS,EN,2025,3,5765.1,25737.5
GHEXTI538,1/2 X 5 2MM TIGERWOOD NAT.,SMOOTH,EXOTICS,EN,2025,4,524.1,1414.02
GHEXTI538,1/2 X 5 2MM TIGERWOOD NAT.,SMOOTH,EXOTICS,EN,2025,5,1187.96,5096.35
GHEXTI538,1/2 X 5 2MM TIGERWOOD NAT.,SMOOTH,EXOTICS,EN,2025,6,2620.5,12632.56
GHEXTI538,1/2 X 5 2MM TIGERWOOD NAT.,SMOOTH,EXOTICS,EN,2025,7,1607.24,7090.72
GHEXTI538,1/2 X 5 2MM TIGERWOOD NAT.,SMOOTH,EXOTICS,EN,2025,8,2969.9,14355.1
GHEXTI538,1/2 X 5 2MM TIGERWOOD NAT.,SMOOTH,EXOTICS,EN,2025,9,7616.92,36729.63
GHEXTI538,1/2 X 5 2MM TIGERWOOD NAT.,SMOOTH,EXOTICS,EN,2025,10,6953.06,34659.08
GHEXTI538,1/2 X 5 2MM TIGERWOOD NAT.,SMOOTH,EXOTICS,EN,2025,11,2096.4,9950.91
GHEXTI538,1/2 X 5 2MM TIGERWOOD NAT.,SMOOTH,EXOTICS,EN,2025,12,2900.02,13992.42
GHEXTI538,1/2 X 5 2MM TIGERWOOD NAT.,SMOOTH,EXOTICS,EN,2026,1,7721.74,37937.5
GHEXTI538,1/2 X 5 2MM TIGERWOOD NAT.,SMOOTH,EXOTICS,EN,2026,2,3109.66,15352.99
GHEXTI538,1/2 X 5 2MM TIGERWOOD NAT.,SMOOTH,EXOTICS,EN,2026,3,2306.04,11786.66
GHEXTI538,1/2 X 5 2MM TIGERWOOD NAT.,SMOOTH,EXOTICS,EN,2026,4,1677.12,9654.62
GHEXTI538,1/2 X 5 2MM TIGERWOOD NAT.,SMOOTH,EXOTICS,EN,2026,5,5939.8,35226.51
GHEXTI538,1/2 X 5 2MM TIGERWOOD NAT.,SMOOTH,EXOTICS,EN,2026,6,593.98,3344.81
GHEXTI538,1/2 X 5 2MM TIGERWOOD NAT.,SMOOTH,EXOTICS,EN,2026,7,524.1,3139.36
GHNPO200,"EURO OAK 7.5"" CARMEL (1/2"")",NEWPORT BY GARRISON,NEWPORT,EN,2023,8,4757.28,18030.09
GHNPO200,"EURO OAK 7.5"" CARMEL (1/2"")",NEWPORT BY GARRISON,NEWPORT,EN,2023,9,163.24,611.68
GHNPO200,"EURO OAK 7.5"" CARMEL (1/2"")",NEWPORT BY GARRISON,NEWPORT,EN,2023,10,559.68,2093.2
GHNPO200,"EURO OAK 7.5"" CARMEL (1/2"")",NEWPORT BY GARRISON,NEWPORT,EN,2023,11,4500.76,19401.54
GHNPO200,"EURO OAK 7.5"" CARMEL (1/2"")",NEWPORT BY GARRISON,NEWPORT,EN,2023,12,3707.88,15165.23
GHNPO200,"EURO OAK 7.5"" CARMEL (1/2"")",NEWPORT BY GARRISON,NEWPORT,EN,2024,1,3404.72,12320.89
GHNPO200,"EURO OAK 7.5"" CARMEL (1/2"")",NEWPORT BY GARRISON,NEWPORT,EN,2024,2,233.2,879.16
GHNPO200,"EURO OAK 7.5"" CARMEL (1/2"")",NEWPORT BY GARRISON,NEWPORT,EN,2024,3,2122.12,8467.26
GHNPO200,"EURO OAK 7.5"" CARMEL (1/2"")",NEWPORT BY GARRISON,NEWPORT,EN,2024,4,1679.04,6662.06
GHNPO200,"EURO OAK 7.5"" CARMEL (1/2"")",NEWPORT BY GARRISON,NEWPORT,EN,2024,5,279.84,1072.25
GHNPO200,"EURO OAK 7.5"" CARMEL (1/2"")",NEWPORT BY GARRISON,NEWPORT,EN,2024,6,3777.84,13935.57
GHNPO200,"EURO OAK 7.5"" CARMEL (1/2"")",NEWPORT BY GARRISON,NEWPORT,EN,2024,7,0.0,-18.66
GHNPO200,"EURO OAK 7.5"" CARMEL (1/2"")",NEWPORT BY GARRISON,NEWPORT,EN,2024,9,396.44,1542.15
GHNPO200,"EURO OAK 7.5"" CARMEL (1/2"")",NEWPORT BY GARRISON,NEWPORT,EN,2024,10,1982.2,7603.49
GHNPO200,"EURO OAK 7.5"" CARMEL (1/2"")",NEWPORT BY GARRISON,NEWPORT,EN,2024,11,4290.88,17468.31
GHNPO200,"EURO OAK 7.5"" CARMEL (1/2"")",NEWPORT BY GARRISON,NEWPORT,EN,2024,12,466.4,1814.3
GHNPO200,"EURO OAK 7.5"" CARMEL (1/2"")",NEWPORT BY GARRISON,NEWPORT,EN,2025,1,746.24,2823.59
GHNPO200,"EURO OAK 7.5"" CARMEL (1/2"")",NEWPORT BY GARRISON,NEWPORT,EN,2025,3,1772.32,6523.54
GHNPO200,"EURO OAK 7.5"" CARMEL (1/2"")",NEWPORT BY GARRISON,NEWPORT,EN,2025,4,1212.64,5321.86
GHNPO200,"EURO OAK 7.5"" CARMEL (1/2"")",NEWPORT BY GARRISON,NEWPORT,EN,2025,5,1935.56,7144.55
GHNPO200,"EURO OAK 7.5"" CARMEL (1/2"")",NEWPORT BY GARRISON,NEWPORT,EN,2025,6,722.92,2791.17
GHNPO200,"EURO OAK 7.5"" CARMEL (1/2"")",NEWPORT BY GARRISON,NEWPORT,EN,2025,7,2891.68,10101.29
GHNPO200,"EURO OAK 7.5"" CARMEL (1/2"")",NEWPORT BY GARRISON,NEWPORT,EN,2025,8,1142.68,4230.95
GHNPO200,"EURO OAK 7.5"" CARMEL (1/2"")",NEWPORT BY GARRISON,NEWPORT,EN,2025,9,3498.0,13136.16
GHNPO200,"EURO OAK 7.5"" CARMEL (1/2"")",NEWPORT BY GARRISON,NEWPORT,EN,2025,10,233.2,907.15
GHNPO200,"EURO OAK 7.5"" CARMEL (1/2"")",NEWPORT BY GARRISON,NEWPORT,EN,2025,11,1865.6,7863.5
GHNPO200,"EURO OAK 7.5"" CARMEL (1/2"")",NEWPORT BY GARRISON,NEWPORT,EN,2025,12,1305.92,5080.03
GHNPO200,"EURO OAK 7.5"" CARMEL (1/2"")",NEWPORT BY GARRISON,NEWPORT,EN,2026,1,4430.8,16764.75
GHNPO200,"EURO OAK 7.5"" CARMEL (1/2"")",NEWPORT BY GARRISON,NEWPORT,EN,2026,2,1842.28,7012.56
GHNPO200,"EURO OAK 7.5"" CARMEL (1/2"")",NEWPORT BY GARRISON,NEWPORT,EN,2026,3,326.48,1204.71
GHNPO200,"EURO OAK 7.5"" CARMEL (1/2"")",NEWPORT BY GARRISON,NEWPORT,EN,2026,4,5923.28,22635.79
GHNPO200,"EURO OAK 7.5"" CARMEL (1/2"")",NEWPORT BY GARRISON,NEWPORT,EN,2026,5,303.16,1270.24
GHNPO200,"EURO OAK 7.5"" CARMEL (1/2"")",NEWPORT BY GARRISON,NEWPORT,EN,2026,6,1375.88,5077.0
GHNPO200,"EURO OAK 7.5"" CARMEL (1/2"")",NEWPORT BY GARRISON,NEWPORT,EN,2026,7,1562.44,5765.4
GHNPO201,"EURO OAK 7.5"" DEL MAR (1/2"")",NEWPORT BY GARRISON,NEWPORT,EN,2023,8,443.08,1763.23
GHNPO201,"EURO OAK 7.5"" DEL MAR (1/2"")",NEWPORT BY GARRISON,NEWPORT,EN,2023,9,4500.76,16841.0
GHNPO201,"EURO OAK 7.5"" DEL MAR (1/2"")",NEWPORT BY GARRISON,NEWPORT,EN,2023,10,3218.16,12299.43
GHNPO201,"EURO OAK 7.5"" DEL MAR (1/2"")",NEWPORT BY GARRISON,NEWPORT,EN,2023,11,1072.72,3953.67
GHNPO201,"EURO OAK 7.5"" DEL MAR (1/2"")",NEWPORT BY GARRISON,NEWPORT,EN,2023,12,233.2,860.51
GHNPO201,"EURO OAK 7.5"" DEL MAR (1/2"")",NEWPORT BY GARRISON,NEWPORT,EN,2024,1,3987.72,14952.55
GHNPO201,"EURO OAK 7.5"" DEL MAR (1/2"")",NEWPORT BY GARRISON,NEWPORT,EN,2024,2,2401.96,9539.51
GHNPO201,"EURO OAK 7.5"" DEL MAR (1/2"")",NEWPORT BY GARRISON,NEWPORT,EN,2024,3,1399.2,5314.63
GHNPO201,"EURO OAK 7.5"" DEL MAR (1/2"")",NEWPORT BY GARRISON,NEWPORT,EN,2024,4,3404.72,12941.67
GHNPO201,"EURO OAK 7.5"" DEL MAR (1/2"")",NEWPORT BY GARRISON,NEWPORT,EN,2024,5,6296.4,24493.0
GHNPO201,"EURO OAK 7.5"" DEL MAR (1/2"")",NEWPORT BY GARRISON,NEWPORT,EN,2024,6,4850.56,18771.2
GHNPO201,"EURO OAK 7.5"" DEL MAR (1/2"")",NEWPORT BY GARRISON,NEWPORT,EN,2024,7,6063.2,23219.96
GHNPO201,"EURO OAK 7.5"" DEL MAR (1/2"")",NEWPORT BY GARRISON,NEWPORT,EN,2024,8,2915.0,11173.78
GHNPO201,"EURO OAK 7.5"" DEL MAR (1/2"")",NEWPORT BY GARRISON,NEWPORT,EN,2024,9,116.6,453.57
GHNPO201,"EURO OAK 7.5"" DEL MAR (1/2"")",NEWPORT BY GARRISON,NEWPORT,EN,2024,10,349.8,1179.29
GHNPO201,"EURO OAK 7.5"" DEL MAR (1/2"")",NEWPORT BY GARRISON,NEWPORT,EN,2024,11,5293.64,20522.3
GHNPO201,"EURO OAK 7.5"" DEL MAR (1/2"")",NEWPORT BY GARRISON,NEWPORT,EN,2024,12,1096.04,4277.59
GHNPO201,"EURO OAK 7.5"" DEL MAR (1/2"")",NEWPORT BY GARRISON,NEWPORT,EN,2025,1,1002.76,3732.83
GHNPO201,"EURO OAK 7.5"" DEL MAR (1/2"")",NEWPORT BY GARRISON,NEWPORT,EN,2025,2,7788.88,29202.7
GHNPO201,"EURO OAK 7.5"" DEL MAR (1/2"")",NEWPORT BY GARRISON,NEWPORT,EN,2025,3,489.72,1905.01
GHNPO201,"EURO OAK 7.5"" DEL MAR (1/2"")",NEWPORT BY GARRISON,NEWPORT,EN,2025,4,4687.32,17173.31
GHNPO201,"EURO OAK 7.5"" DEL MAR (1/2"")",NEWPORT BY GARRISON,NEWPORT,EN,2025,5,3824.48,14270.91
GHNPO201,"EURO OAK 7.5"" DEL MAR (1/2"")",NEWPORT BY GARRISON,NEWPORT,EN,2025,6,4197.6,15610.41
GHNPO201,"EURO OAK 7.5"" DEL MAR (1/2"")",NEWPORT BY GARRISON,NEWPORT,EN,2025,7,1049.4,3613.67
GHNPO201,"EURO OAK 7.5"" DEL MAR (1/2"")",NEWPORT BY GARRISON,NEWPORT,EN,2025,8,699.6,2933.89
GHNPO201,"EURO OAK 7.5"" DEL MAR (1/2"")",NEWPORT BY GARRISON,NEWPORT,EN,2025,9,2401.96,8867.9
GHNPO201,"EURO OAK 7.5"" DEL MAR (1/2"")",NEWPORT BY GARRISON,NEWPORT,EN,2025,10,4384.16,17903.23
GHNPO201,"EURO OAK 7.5"" DEL MAR (1/2"")",NEWPORT BY GARRISON,NEWPORT,EN,2025,11,3754.52,13751.57
GHNPO201,"EURO OAK 7.5"" DEL MAR (1/2"")",NEWPORT BY GARRISON,NEWPORT,EN,2025,12,4081.0,15058.89
GHNPO201,"EURO OAK 7.5"" DEL MAR (1/2"")",NEWPORT BY GARRISON,NEWPORT,EN,2026,1,839.52,3151.7
GHNPO201,"EURO OAK 7.5"" DEL MAR (1/2"")",NEWPORT BY GARRISON,NEWPORT,EN,2026,2,6856.08,25131.03
GHNPO201,"EURO OAK 7.5"" DEL MAR (1/2"")",NEWPORT BY GARRISON,NEWPORT,EN,2026,3,11869.88,44280.25
GHNPO201,"EURO OAK 7.5"" DEL MAR (1/2"")",NEWPORT BY GARRISON,NEWPORT,EN,2026,4,4617.36,17150.23
GHNPO201,"EURO OAK 7.5"" DEL MAR (1/2"")",NEWPORT BY GARRISON,NEWPORT,EN,2026,5,-163.24,-602.36
GHNPO201,"EURO OAK 7.5"" DEL MAR (1/2"")",NEWPORT BY GARRISON,NEWPORT,EN,2026,6,1189.32,4540.17
GHNPO201,"EURO OAK 7.5"" DEL MAR (1/2"")",NEWPORT BY GARRISON,NEWPORT,EN,2026,7,1026.08,4299.28
GHNPO206,"EURO OAK 7.5"" PEB.BEACH (1/2"")",NEWPORT BY GARRISON,NEWPORT,EN,2023,8,12989.24,50833.64
GHNPO206,"EURO OAK 7.5"" PEB.BEACH (1/2"")",NEWPORT BY GARRISON,NEWPORT,EN,2023,9,2961.64,11257.5
GHNPO206,"EURO OAK 7.5"" PEB.BEACH (1/2"")",NEWPORT BY GARRISON,NEWPORT,EN,2023,10,6856.08,26066.4
GHNPO206,"EURO OAK 7.5"" PEB.BEACH (1/2"")",NEWPORT BY GARRISON,NEWPORT,EN,2023,11,9514.56,36822.75
GHNPO206,"EURO OAK 7.5"" PEB.BEACH (1/2"")",NEWPORT BY GARRISON,NEWPORT,EN,2023,12,1002.76,3791.13
GHNPO206,"EURO OAK 7.5"" PEB.BEACH (1/2"")",NEWPORT BY GARRISON,NEWPORT,EN,2024,1,11473.44,43297.78
GHNPO206,"EURO OAK 7.5"" PEB.BEACH (1/2"")",NEWPORT BY GARRISON,NEWPORT,EN,2024,2,8814.96,33154.51
GHNPO206,"EURO OAK 7.5"" PEB.BEACH (1/2"")",NEWPORT BY GARRISON,NEWPORT,EN,2024,3,11496.76,43141.53
GHNPO206,"EURO OAK 7.5"" PEB.BEACH (1/2"")",NEWPORT BY GARRISON,NEWPORT,EN,2024,4,7205.88,27075.69
GHNPO206,"EURO OAK 7.5"" PEB.BEACH (1/2"")",NEWPORT BY GARRISON,NEWPORT,EN,2024,5,10517.32,40007.56
GHNPO206,"EURO OAK 7.5"" PEB.BEACH (1/2"")",NEWPORT BY GARRISON,NEWPORT,EN,2024,6,3731.2,14337.14
GHNPO206,"EURO OAK 7.5"" PEB.BEACH (1/2"")",NEWPORT BY GARRISON,NEWPORT,EN,2024,7,3940.98,14857.02
GHNPO206,"EURO OAK 7.5"" PEB.BEACH (1/2"")",NEWPORT BY GARRISON,NEWPORT,EN,2024,8,4664.0,17816.71
GHNPO206,"EURO OAK 7.5"" PEB.BEACH (1/2"")",NEWPORT BY GARRISON,NEWPORT,EN,2024,9,8045.4,30594.67
GHNPO206,"EURO OAK 7.5"" PEB.BEACH (1/2"")",NEWPORT BY GARRISON,NEWPORT,EN,2024,10,10937.08,41643.46
GHNPO206,"EURO OAK 7.5"" PEB.BEACH (1/2"")",NEWPORT BY GARRISON,NEWPORT,EN,2024,11,6622.88,25221.05
GHNPO206,"EURO OAK 7.5"" PEB.BEACH (1/2"")",NEWPORT BY GARRISON,NEWPORT,EN,2024,12,2728.44,10282.49
GHNPO206,"EURO OAK 7.5"" PEB.BEACH (1/2"")",NEWPORT BY GARRISON,NEWPORT,EN,2025,1,10727.2,40707.39
GHNPO206,"EURO OAK 7.5"" PEB.BEACH (1/2"")",NEWPORT BY GARRISON,NEWPORT,EN,2025,2,2075.48,8036.31
GHNPO206,"EURO OAK 7.5"" PEB.BEACH (1/2"")",NEWPORT BY GARRISON,NEWPORT,EN,2025,3,7579.0,29403.02
GHNPO206,"EURO OAK 7.5"" PEB.BEACH (1/2"")",NEWPORT BY GARRISON,NEWPORT,EN,2025,4,8908.24,33508.27
GHNPO206,"EURO OAK 7.5"" PEB.BEACH (1/2"")",NEWPORT BY GARRISON,NEWPORT,EN,2025,5,792.88,2869.76
GHNPO206,"EURO OAK 7.5"" PEB.BEACH (1/2"")",NEWPORT BY GARRISON,NEWPORT,EN,2025,6,8488.48,31471.74
GHNPO206,"EURO OAK 7.5"" PEB.BEACH (1/2"")",NEWPORT BY GARRISON,NEWPORT,EN,2025,7,3707.88,14279.07
GHNPO206,"EURO OAK 7.5"" PEB.BEACH (1/2"")",NEWPORT BY GARRISON,NEWPORT,EN,2025,8,5596.8,21310.28
GHNPO206,"EURO OAK 7.5"" PEB.BEACH (1/2"")",NEWPORT BY GARRISON,NEWPORT,EN,2025,9,6226.44,23852.4
GHNPO206,"EURO OAK 7.5"" PEB.BEACH (1/2"")",NEWPORT BY GARRISON,NEWPORT,EN,2025,10,12406.24,44807.75
GHNPO206,"EURO OAK 7.5"" PEB.BEACH (1/2"")",NEWPORT BY GARRISON,NEWPORT,EN,2025,11,1749.0,6677.92
GHNPO206,"EURO OAK 7.5"" PEB.BEACH (1/2"")",NEWPORT BY GARRISON,NEWPORT,EN,2025,12,3078.24,11580.48
GHNPO206,"EURO OAK 7.5"" PEB.BEACH (1/2"")",NEWPORT BY GARRISON,NEWPORT,EN,2026,1,12849.32,48227.86
GHNPO206,"EURO OAK 7.5"" PEB.BEACH (1/2"")",NEWPORT BY GARRISON,NEWPORT,EN,2026,2,15601.08,59323.98
GHNPO206,"EURO OAK 7.5"" PEB.BEACH (1/2"")",NEWPORT BY GARRISON,NEWPORT,EN,2026,3,16160.76,60496.04
GHNPO206,"EURO OAK 7.5"" PEB.BEACH (1/2"")",NEWPORT BY GARRISON,NEWPORT,EN,2026,4,1096.04,4044.39
GHNPO206,"EURO OAK 7.5"" PEB.BEACH (1/2"")",NEWPORT BY GARRISON,NEWPORT,EN,2026,5,1375.88,5613.36
GHNPO206,"EURO OAK 7.5"" PEB.BEACH (1/2"")",NEWPORT BY GARRISON,NEWPORT,EN,2026,6,1399.2,5850.99
GHNPO206,"EURO OAK 7.5"" PEB.BEACH (1/2"")",NEWPORT BY GARRISON,NEWPORT,EN,2026,7,5200.36,19581.1
GHNPO207,"EUR.OAK 7.5"" SHELL BEACH (1/2""",NEWPORT BY GARRISON,NEWPORT,EN,2023,8,24136.2,91565.98
GHNPO207,"EUR.OAK 7.5"" SHELL BEACH (1/2""",NEWPORT BY GARRISON,NEWPORT,EN,2023,9,21920.8,83752.38
GHNPO207,"EUR.OAK 7.5"" SHELL BEACH (1/2""",NEWPORT BY GARRISON,NEWPORT,EN,2023,10,26025.12,97425.6
GHNPO207,"EUR.OAK 7.5"" SHELL BEACH (1/2""",NEWPORT BY GARRISON,NEWPORT,EN,2023,11,8231.96,33081.05
GHNPO207,"EUR.OAK 7.5"" SHELL BEACH (1/2""",NEWPORT BY GARRISON,NEWPORT,EN,2023,12,10097.56,37868.18
GHNPO207,"EUR.OAK 7.5"" SHELL BEACH (1/2""",NEWPORT BY GARRISON,NEWPORT,EN,2024,1,27097.84,105061.73
GHNPO207,"EUR.OAK 7.5"" SHELL BEACH (1/2""",NEWPORT BY GARRISON,NEWPORT,EN,2024,2,27610.88,101926.12
GHNPO207,"EUR.OAK 7.5"" SHELL BEACH (1/2""",NEWPORT BY GARRISON,NEWPORT,EN,2024,3,29010.08,104755.07
GHNPO207,"EUR.OAK 7.5"" SHELL BEACH (1/2""",NEWPORT BY GARRISON,NEWPORT,EN,2024,4,28520.36,109525.18
GHNPO207,"EUR.OAK 7.5"" SHELL BEACH (1/2""",NEWPORT BY GARRISON,NEWPORT,EN,2024,5,46803.24,189127.07
GHNPO207,"EUR.OAK 7.5"" SHELL BEACH (1/2""",NEWPORT BY GARRISON,NEWPORT,EN,2024,6,25885.2,97295.7
GHNPO207,"EUR.OAK 7.5"" SHELL BEACH (1/2""",NEWPORT BY GARRISON,NEWPORT,EN,2024,7,18142.76,69748.18
GHNPO207,"EUR.OAK 7.5"" SHELL BEACH (1/2""",NEWPORT BY GARRISON,NEWPORT,EN,2024,8,147312.44,578066.65
GHNPO207,"EUR.OAK 7.5"" SHELL BEACH (1/2""",NEWPORT BY GARRISON,NEWPORT,EN,2024,9,97314.36,376251.18
GHNPO207,"EUR.OAK 7.5"" SHELL BEACH (1/2""",NEWPORT BY GARRISON,NEWPORT,EN,2024,10,45893.76,181459.68
GHNPO207,"EUR.OAK 7.5"" SHELL BEACH (1/2""",NEWPORT BY GARRISON,NEWPORT,EN,2024,11,79474.56,312397.75
GHNPO207,"EUR.OAK 7.5"" SHELL BEACH (1/2""",NEWPORT BY GARRISON,NEWPORT,EN,2024,12,23270.04,86580.77
GHNPO207,"EUR.OAK 7.5"" SHELL BEACH (1/2""",NEWPORT BY GARRISON,NEWPORT,EN,2025,1,21159.0,78426.33
GHNPO207,"EUR.OAK 7.5"" SHELL BEACH (1/2""",NEWPORT BY GARRISON,NEWPORT,EN,2025,2,16044.16,60763.29
GHNPO207,"EUR.OAK 7.5"" SHELL BEACH (1/2""",NEWPORT BY GARRISON,NEWPORT,EN,2025,3,17629.92,67045.7
GHNPO207,"EUR.OAK 7.5"" SHELL BEACH (1/2""",NEWPORT BY GARRISON,NEWPORT,EN,2025,4,48062.52,175510.28
GHNPO207,"EUR.OAK 7.5"" SHELL BEACH (1/2""",NEWPORT BY GARRISON,NEWPORT,EN,2025,5,19122.4,71371.56
GHNPO207,"EUR.OAK 7.5"" SHELL BEACH (1/2""",NEWPORT BY GARRISON,NEWPORT,EN,2025,6,29849.6,109464.08
GHNPO207,"EUR.OAK 7.5"" SHELL BEACH (1/2""",NEWPORT BY GARRISON,NEWPORT,EN,2025,7,29219.96,109854.22
GHNPO207,"EUR.OAK 7.5"" SHELL BEACH (1/2""",NEWPORT BY GARRISON,NEWPORT,EN,2025,8,22667.04,83788.76
GHNPO207,"EUR.OAK 7.5"" SHELL BEACH (1/2""",NEWPORT BY GARRISON,NEWPORT,EN,2025,9,15531.2,60838.52
GHNPO207,"EUR.OAK 7.5"" SHELL BEACH (1/2""",NEWPORT BY GARRISON,NEWPORT,EN,2025,10,14971.44,54519.54
GHNPO207,"EUR.OAK 7.5"" SHELL BEACH (1/2""",NEWPORT BY GARRISON,NEWPORT,EN,2025,11,4244.24,16177.08
GHNPO207,"EUR.OAK 7.5"" SHELL BEACH (1/2""",NEWPORT BY GARRISON,NEWPORT,EN,2025,12,23226.72,87590.85
GHNPO207,"EUR.OAK 7.5"" SHELL BEACH (1/2""",NEWPORT BY GARRISON,NEWPORT,EN,2026,1,11776.6,46049.07
GHNPO207,"EUR.OAK 7.5"" SHELL BEACH (1/2""",NEWPORT BY GARRISON,NEWPORT,EN,2026,2,16300.68,61716.61
GHNPO207,"EUR.OAK 7.5"" SHELL BEACH (1/2""",NEWPORT BY GARRISON,NEWPORT,EN,2026,3,18422.8,72128.76
GHNPO207,"EUR.OAK 7.5"" SHELL BEACH (1/2""",NEWPORT BY GARRISON,NEWPORT,EN,2026,4,22970.2,87351.12
GHNPO207,"EUR.OAK 7.5"" SHELL BEACH (1/2""",NEWPORT BY GARRISON,NEWPORT,EN,2026,5,18865.88,60882.69
GHNPO207,"EUR.OAK 7.5"" SHELL BEACH (1/2""",NEWPORT BY GARRISON,NEWPORT,EN,2026,6,18632.68,73952.62
GHNPO207,"EUR.OAK 7.5"" SHELL BEACH (1/2""",NEWPORT BY GARRISON,NEWPORT,EN,2026,7,9980.96,37182.34
GHNPO208,"EURO OAK 7.5"" ZUMA BEACH (1/2""",NEWPORT BY GARRISON,NEWPORT,EN,2023,8,-583.0,-2550.04
GHNPO208,"EURO OAK 7.5"" ZUMA BEACH (1/2""",NEWPORT BY GARRISON,NEWPORT,EN,2023,9,2565.2,9857.36
GHNPO208,"EURO OAK 7.5"" ZUMA BEACH (1/2""",NEWPORT BY GARRISON,NEWPORT,EN,2023,10,2002.8,8000.77
GHNPO208,"EURO OAK 7.5"" ZUMA BEACH (1/2""",NEWPORT BY GARRISON,NEWPORT,EN,2023,11,5340.28,20531.16
GHNPO208,"EURO OAK 7.5"" ZUMA BEACH (1/2""",NEWPORT BY GARRISON,NEWPORT,EN,2023,12,1585.76,5949.4
GHNPO208,"EURO OAK 7.5"" ZUMA BEACH (1/2""",NEWPORT BY GARRISON,NEWPORT,EN,2024,1,886.16,2878.15
GHNPO208,"EURO OAK 7.5"" ZUMA BEACH (1/2""",NEWPORT BY GARRISON,NEWPORT,EN,2024,2,2332.0,9913.33
GHNPO208,"EURO OAK 7.5"" ZUMA BEACH (1/2""",NEWPORT BY GARRISON,NEWPORT,EN,2024,3,1212.64,5043.65
GHNPO208,"EURO OAK 7.5"" ZUMA BEACH (1/2""",NEWPORT BY GARRISON,NEWPORT,EN,2024,4,2052.16,7854.88
GHNPO208,"EURO OAK 7.5"" ZUMA BEACH (1/2""",NEWPORT BY GARRISON,NEWPORT,EN,2024,5,-69.96,-237.16
GHNPO208,"EURO OAK 7.5"" ZUMA BEACH (1/2""",NEWPORT BY GARRISON,NEWPORT,EN,2024,6,93.28,362.86
GHNPO208,"EURO OAK 7.5"" ZUMA BEACH (1/2""",NEWPORT BY GARRISON,NEWPORT,EN,2024,7,2215.4,8193.48
GHNPO208,"EURO OAK 7.5"" ZUMA BEACH (1/2""",NEWPORT BY GARRISON,NEWPORT,EN,2024,8,2798.4,10340.55
GHNPO208,"EURO OAK 7.5"" ZUMA BEACH (1/2""",NEWPORT BY GARRISON,NEWPORT,EN,2024,9,2984.96,11611.49
GHNPO208,"EURO OAK 7.5"" ZUMA BEACH (1/2""",NEWPORT BY GARRISON,NEWPORT,EN,2024,10,955.71,3717.71
GHNPO208,"EURO OAK 7.5"" ZUMA BEACH (1/2""",NEWPORT BY GARRISON,NEWPORT,EN,2024,12,1935.56,7524.66
GHNPO208,"EURO OAK 7.5"" ZUMA BEACH (1/2""",NEWPORT BY GARRISON,NEWPORT,EN,2025,1,6902.72,26179.96
GHNPO208,"EURO OAK 7.5"" ZUMA BEACH (1/2""",NEWPORT BY GARRISON,NEWPORT,EN,2025,2,886.16,3447.16
GHNPO208,"EURO OAK 7.5"" ZUMA BEACH (1/2""",NEWPORT BY GARRISON,NEWPORT,EN,2025,3,536.36,1983.83
GHNPO208,"EURO OAK 7.5"" ZUMA BEACH (1/2""",NEWPORT BY GARRISON,NEWPORT,EN,2025,4,2168.76,8084.58
GHNPO208,"EURO OAK 7.5"" ZUMA BEACH (1/2""",NEWPORT BY GARRISON,NEWPORT,EN,2025,5,1935.56,7554.98
GHNPO208,"EURO OAK 7.5"" ZUMA BEACH (1/2""",NEWPORT BY GARRISON,NEWPORT,EN,2025,6,1212.64,4691.52
GHNPO208,"EURO OAK 7.5"" ZUMA BEACH (1/2""",NEWPORT BY GARRISON,NEWPORT,EN,2025,7,6319.72,24443.09
GHNPO208,"EURO OAK 7.5"" ZUMA BEACH (1/2""",NEWPORT BY GARRISON,NEWPORT,EN,2025,8,139.92,544.29
GHNPO208,"EURO OAK 7.5"" ZUMA BEACH (1/2""",NEWPORT BY GARRISON,NEWPORT,EN,2025,9,5293.64,21101.8
GHNPO208,"EURO OAK 7.5"" ZUMA BEACH (1/2""",NEWPORT BY GARRISON,NEWPORT,EN,2025,10,8931.24,34676.06
GHNPO208,"EURO OAK 7.5"" ZUMA BEACH (1/2""",NEWPORT BY GARRISON,NEWPORT,EN,2025,11,23.32,90.71
GHNPO208,"EURO OAK 7.5"" ZUMA BEACH (1/2""",NEWPORT BY GARRISON,NEWPORT,EN,2025,12,7975.44,29648.58
GHNPO208,"EURO OAK 7.5"" ZUMA BEACH (1/2""",NEWPORT BY GARRISON,NEWPORT,EN,2026,2,4104.32,16659.57
GHNPO208,"EURO OAK 7.5"" ZUMA BEACH (1/2""",NEWPORT BY GARRISON,NEWPORT,EN,2026,3,2168.76,8800.27
GHNPO208,"EURO OAK 7.5"" ZUMA BEACH (1/2""",NEWPORT BY GARRISON,NEWPORT,EN,2026,4,4314.2,16864.09
GHNPO208,"EURO OAK 7.5"" ZUMA BEACH (1/2""",NEWPORT BY GARRISON,NEWPORT,EN,2026,5,2635.16,10817.45
GHNPO208,"EURO OAK 7.5"" ZUMA BEACH (1/2""",NEWPORT BY GARRISON,NEWPORT,EN,2026,6,4757.28,20924.1
GHNPO208,"EURO OAK 7.5"" ZUMA BEACH (1/2""",NEWPORT BY GARRISON,NEWPORT,EN,2026,7,3964.4,14908.48
GHNPO210,"EURO OAK 7.5""LAGUNA BEACH 1/2""",NEWPORT BY GARRISON,NEWPORT,EN,2023,8,10703.88,41454.33
GHNPO210,"EURO OAK 7.5""LAGUNA BEACH 1/2""",NEWPORT BY GARRISON,NEWPORT,EN,2023,9,8745.0,33589.43
GHNPO210,"EURO OAK 7.5""LAGUNA BEACH 1/2""",NEWPORT BY GARRISON,NEWPORT,EN,2023,10,9957.64,37219.42
GHNPO210,"EURO OAK 7.5""LAGUNA BEACH 1/2""",NEWPORT BY GARRISON,NEWPORT,EN,2023,11,7625.64,30188.44
GHNPO210,"EURO OAK 7.5""LAGUNA BEACH 1/2""",NEWPORT BY GARRISON,NEWPORT,EN,2023,12,15694.36,58171.27
GHNPO210,"EURO OAK 7.5""LAGUNA BEACH 1/2""",NEWPORT BY GARRISON,NEWPORT,EN,2024,1,6972.68,25457.74
GHNPO210,"EURO OAK 7.5""LAGUNA BEACH 1/2""",NEWPORT BY GARRISON,NEWPORT,EN,2024,2,4384.16,16889.04
GHNPO210,"EURO OAK 7.5""LAGUNA BEACH 1/2""",NEWPORT BY GARRISON,NEWPORT,EN,2024,3,3194.84,12868.68
GHNPO210,"EURO OAK 7.5""LAGUNA BEACH 1/2""",NEWPORT BY GARRISON,NEWPORT,EN,2024,4,1072.72,4896.27
GHNPO210,"EURO OAK 7.5""LAGUNA BEACH 1/2""",NEWPORT BY GARRISON,NEWPORT,EN,2024,5,5596.8,20894.72
GHNPO210,"EURO OAK 7.5""LAGUNA BEACH 1/2""",NEWPORT BY GARRISON,NEWPORT,EN,2024,6,3241.48,12156.95
GHNPO210,"EURO OAK 7.5""LAGUNA BEACH 1/2""",NEWPORT BY GARRISON,NEWPORT,EN,2024,7,3824.48,13924.61
GHNPO210,"EURO OAK 7.5""LAGUNA BEACH 1/2""",NEWPORT BY GARRISON,NEWPORT,EN,2024,8,14458.4,56175.55
GHNPO210,"EURO OAK 7.5""LAGUNA BEACH 1/2""",NEWPORT BY GARRISON,NEWPORT,EN,2024,9,5433.56,20891.69
GHNPO210,"EURO OAK 7.5""LAGUNA BEACH 1/2""",NEWPORT BY GARRISON,NEWPORT,EN,2024,10,6996.0,26424.13
GHNPO210,"EURO OAK 7.5""LAGUNA BEACH 1/2""",NEWPORT BY GARRISON,NEWPORT,EN,2024,11,1399.2,5288.98
GHNPO210,"EURO OAK 7.5""LAGUNA BEACH 1/2""",NEWPORT BY GARRISON,NEWPORT,EN,2024,12,10424.04,39378.85
GHNPO210,"EURO OAK 7.5""LAGUNA BEACH 1/2""",NEWPORT BY GARRISON,NEWPORT,EN,2025,1,9887.68,37248.34
GHNPO210,"EURO OAK 7.5""LAGUNA BEACH 1/2""",NEWPORT BY GARRISON,NEWPORT,EN,2025,2,4687.32,17585.38
GHNPO210,"EURO OAK 7.5""LAGUNA BEACH 1/2""",NEWPORT BY GARRISON,NEWPORT,EN,2025,3,1749.0,6614.72
GHNPO210,"EURO OAK 7.5""LAGUNA BEACH 1/2""",NEWPORT BY GARRISON,NEWPORT,EN,2025,4,5899.96,22447.13
GHNPO210,"EURO OAK 7.5""LAGUNA BEACH 1/2""",NEWPORT BY GARRISON,NEWPORT,EN,2025,5,10190.84,39606.69
GHNPO210,"EURO OAK 7.5""LAGUNA BEACH 1/2""",NEWPORT BY GARRISON,NEWPORT,EN,2025,6,2565.2,9470.25
GHNPO210,"EURO OAK 7.5""LAGUNA BEACH 1/2""",NEWPORT BY GARRISON,NEWPORT,EN,2025,7,6156.48,23036.9
GHNPO210,"EURO OAK 7.5""LAGUNA BEACH 1/2""",NEWPORT BY GARRISON,NEWPORT,EN,2025,8,2262.04,8699.29
GHNPO210,"EURO OAK 7.5""LAGUNA BEACH 1/2""",NEWPORT BY GARRISON,NEWPORT,EN,2025,9,4197.6,15866.93
GHNPO210,"EURO OAK 7.5""LAGUNA BEACH 1/2""",NEWPORT BY GARRISON,NEWPORT,EN,2025,10,7905.48,29185.21
GHNPO210,"EURO OAK 7.5""LAGUNA BEACH 1/2""",NEWPORT BY GARRISON,NEWPORT,EN,2025,11,3381.4,12419.3
GHNPO210,"EURO OAK 7.5""LAGUNA BEACH 1/2""",NEWPORT BY GARRISON,NEWPORT,EN,2025,12,2332.0,8644.96
GHNPO210,"EURO OAK 7.5""LAGUNA BEACH 1/2""",NEWPORT BY GARRISON,NEWPORT,EN,2026,1,13502.28,50123.08
GHNPO210,"EURO OAK 7.5""LAGUNA BEACH 1/2""",NEWPORT BY GARRISON,NEWPORT,EN,2026,2,3917.76,15454.86
GHNPO210,"EURO OAK 7.5""LAGUNA BEACH 1/2""",NEWPORT BY GARRISON,NEWPORT,EN,2026,3,16953.64,61985.26
GHNPO210,"EURO OAK 7.5""LAGUNA BEACH 1/2""",NEWPORT BY GARRISON,NEWPORT,EN,2026,4,10027.6,39998.7
GHNPO210,"EURO OAK 7.5""LAGUNA BEACH 1/2""",NEWPORT BY GARRISON,NEWPORT,EN,2026,5,93.28,362.86
GHNPO210,"EURO OAK 7.5""LAGUNA BEACH 1/2""",NEWPORT BY GARRISON,NEWPORT,EN,2026,6,3847.8,14466.56
GHNPO210,"EURO OAK 7.5""LAGUNA BEACH 1/2""",NEWPORT BY GARRISON,NEWPORT,EN,2026,7,11473.44,43726.4
GHNPO211,"EURO OAK 7.5"" MANHATTAN BEACH",NEWPORT BY GARRISON,NEWPORT,EN,2025,1,5830.0,20589.23
GHNPO211,"EURO OAK 7.5"" MANHATTAN BEACH",NEWPORT BY GARRISON,NEWPORT,EN,2025,2,1772.32,6024.49
GHNPO211,"EURO OAK 7.5"" MANHATTAN BEACH",NEWPORT BY GARRISON,NEWPORT,EN,2025,3,8395.2,29460.16
GHNPO211,"EURO OAK 7.5"" MANHATTAN BEACH",NEWPORT BY GARRISON,NEWPORT,EN,2025,4,-69.96,-239.5
GHNPO211,"EURO OAK 7.5"" MANHATTAN BEACH",NEWPORT BY GARRISON,NEWPORT,EN,2025,5,1912.24,7112.13
GHNPO211,"EURO OAK 7.5"" MANHATTAN BEACH",NEWPORT BY GARRISON,NEWPORT,EN,2025,6,909.48,3481.91
GHNPO211,"EURO OAK 7.5"" MANHATTAN BEACH",NEWPORT BY GARRISON,NEWPORT,EN,2025,7,3964.4,16095.46
GHNPO211,"EURO OAK 7.5"" MANHATTAN BEACH",NEWPORT BY GARRISON,NEWPORT,EN,2025,8,5386.92,20614.65
GHNPO211,"EURO OAK 7.5"" MANHATTAN BEACH",NEWPORT BY GARRISON,NEWPORT,EN,2025,9,46.64,521.9
GHNPO211,"EURO OAK 7.5"" MANHATTAN BEACH",NEWPORT BY GARRISON,NEWPORT,EN,2025,10,443.08,1723.58
GHNPO211,"EURO OAK 7.5"" MANHATTAN BEACH",NEWPORT BY GARRISON,NEWPORT,EN,2025,11,3498.0,13607.22
GHNPO211,"EURO OAK 7.5"" MANHATTAN BEACH",NEWPORT BY GARRISON,NEWPORT,EN,2025,12,4337.52,15919.4
GHNPO211,"EURO OAK 7.5"" MANHATTAN BEACH",NEWPORT BY GARRISON,NEWPORT,EN,2026,1,2984.96,11243.04
GHNPO211,"EURO OAK 7.5"" MANHATTAN BEACH",NEWPORT BY GARRISON,NEWPORT,EN,2026,2,1818.96,6830.89
GHNPO211,"EURO OAK 7.5"" MANHATTAN BEACH",NEWPORT BY GARRISON,NEWPORT,EN,2026,3,2518.56,9293.49
GHNPO211,"EURO OAK 7.5"" MANHATTAN BEACH",NEWPORT BY GARRISON,NEWPORT,EN,2026,4,4640.68,19006.03
GHNPO211,"EURO OAK 7.5"" MANHATTAN BEACH",NEWPORT BY GARRISON,NEWPORT,EN,2026,5,1259.28,4914.92
GHNPO211,"EURO OAK 7.5"" MANHATTAN BEACH",NEWPORT BY GARRISON,NEWPORT,EN,2026,6,1912.24,8012.29
GHNPO211,"EURO OAK 7.5"" MANHATTAN BEACH",NEWPORT BY GARRISON,NEWPORT,EN,2026,7,4057.68,15483.55
GHNPO212,"EURO OAK 7.5"" PARADISE COVE",NEWPORT BY GARRISON,NEWPORT,EN,2025,1,279.84,946.56
GHNPO212,"EURO OAK 7.5"" PARADISE COVE",NEWPORT BY GARRISON,NEWPORT,EN,2025,2,932.8,3442.03
GHNPO212,"EURO OAK 7.5"" PARADISE COVE",NEWPORT BY GARRISON,NEWPORT,EN,2025,5,279.84,1088.58
GHNPO212,"EURO OAK 7.5"" PARADISE COVE",NEWPORT BY GARRISON,NEWPORT,EN,2025,6,862.84,3428.74
GHNPO212,"EURO OAK 7.5"" PARADISE COVE",NEWPORT BY GARRISON,NEWPORT,EN,2025,7,3498.0,12991.57
GHNPO212,"EURO OAK 7.5"" PARADISE COVE",NEWPORT BY GARRISON,NEWPORT,EN,2025,9,1865.6,8936.22
GHNPO212,"EURO OAK 7.5"" PARADISE COVE",NEWPORT BY GARRISON,NEWPORT,EN,2025,10,23.32,-1966.11
GHNPO212,"EURO OAK 7.5"" PARADISE COVE",NEWPORT BY GARRISON,NEWPORT,EN,2025,11,3311.44,12244.87
GHNPO212,"EURO OAK 7.5"" PARADISE COVE",NEWPORT BY GARRISON,NEWPORT,EN,2025,12,3218.16,11875.01
GHNPO212,"EURO OAK 7.5"" PARADISE COVE",NEWPORT BY GARRISON,NEWPORT,EN,2026,1,3731.2,13973.34
GHNPO212,"EURO OAK 7.5"" PARADISE COVE",NEWPORT BY GARRISON,NEWPORT,EN,2026,3,2495.24,8957.91
GHNPO212,"EURO OAK 7.5"" PARADISE COVE",NEWPORT BY GARRISON,NEWPORT,EN,2026,4,1096.04,4592.41
GHNPO212,"EURO OAK 7.5"" PARADISE COVE",NEWPORT BY GARRISON,NEWPORT,EN,2026,5,303.16,1118.66
GHNPO212,"EURO OAK 7.5"" PARADISE COVE",NEWPORT BY GARRISON,NEWPORT,EN,2026,6,1749.0,8671.54
GHNPO212,"EURO OAK 7.5"" PARADISE COVE",NEWPORT BY GARRISON,NEWPORT,EN,2026,7,5899.96,22085.67
GNIIH502,"HICKORY 5"" SIERRA DISTRESSED",GII DIST,GII DISTRESSED,EN,2023,8,1050.0,5384.75
GNIIH502,"HICKORY 5"" SIERRA DISTRESSED",GII DIST,GII DISTRESSED,EN,2023,9,2835.0,16138.85
GNIIH502,"HICKORY 5"" SIERRA DISTRESSED",GII DIST,GII DISTRESSED,EN,2023,10,2782.5,16119.43
GNIIH502,"HICKORY 5"" SIERRA DISTRESSED",GII DIST,GII DISTRESSED,EN,2023,11,4077.5,24004.23
GNIIH502,"HICKORY 5"" SIERRA DISTRESSED",GII DIST,GII DISTRESSED,EN,2023,12,805.0,4877.95
GNIIH502,"HICKORY 5"" SIERRA DISTRESSED",GII DIST,GII DISTRESSED,EN,2024,1,3395.0,19611.55
GNIIH502,"HICKORY 5"" SIERRA DISTRESSED",GII DIST,GII DISTRESSED,EN,2024,2,1330.0,7826.7
GNIIH502,"HICKORY 5"" SIERRA DISTRESSED",GII DIST,GII DISTRESSED,EN,2024,3,6615.0,37441.95
GNIIH502,"HICKORY 5"" SIERRA DISTRESSED",GII DIST,GII DISTRESSED,EN,2024,4,1627.5,9435.48
GNIIH502,"HICKORY 5"" SIERRA DISTRESSED",GII DIST,GII DISTRESSED,EN,2024,5,980.0,5779.2
GNIIH502,"HICKORY 5"" SIERRA DISTRESSED",GII DIST,GII DISTRESSED,EN,2024,6,1557.5,10101.18
GNIIH502,"HICKORY 5"" SIERRA DISTRESSED",GII DIST,GII DISTRESSED,EN,2024,7,3622.5,20969.03
GNIIH502,"HICKORY 5"" SIERRA DISTRESSED",GII DIST,GII DISTRESSED,EN,2024,8,4165.0,24553.73
GNIIH502,"HICKORY 5"" SIERRA DISTRESSED",GII DIST,GII DISTRESSED,EN,2024,9,595.0,3473.05
GNIIH502,"HICKORY 5"" SIERRA DISTRESSED",GII DIST,GII DISTRESSED,EN,2024,10,1312.5,7513.63
GNIIH502,"HICKORY 5"" SIERRA DISTRESSED",GII DIST,GII DISTRESSED,EN,2024,11,1260.0,7312.9
GNIIH502,"HICKORY 5"" SIERRA DISTRESSED",GII DIST,GII DISTRESSED,EN,2024,12,1277.5,7492.98
GNIIH502,"HICKORY 5"" SIERRA DISTRESSED",GII DIST,GII DISTRESSED,EN,2025,1,2135.0,12270.65
GNIIH502,"HICKORY 5"" SIERRA DISTRESSED",GII DIST,GII DISTRESSED,EN,2025,2,1522.5,8901.03
GNIIH502,"HICKORY 5"" SIERRA DISTRESSED",GII DIST,GII DISTRESSED,EN,2025,3,2082.5,12150.43
GNIIH502,"HICKORY 5"" SIERRA DISTRESSED",GII DIST,GII DISTRESSED,EN,2025,4,280.0,1653.58
GNIIH502,"HICKORY 5"" SIERRA DISTRESSED",GII DIST,GII DISTRESSED,EN,2025,5,7087.5,40803.88
GNIIH502,"HICKORY 5"" SIERRA DISTRESSED",GII DIST,GII DISTRESSED,EN,2025,6,192.5,1133.83
GNIIH502,"HICKORY 5"" SIERRA DISTRESSED",GII DIST,GII DISTRESSED,EN,2025,7,4515.0,26565.35
GNIIH502,"HICKORY 5"" SIERRA DISTRESSED",GII DIST,GII DISTRESSED,EN,2025,8,612.5,3607.63
GNIIH502,"HICKORY 5"" SIERRA DISTRESSED",GII DIST,GII DISTRESSED,EN,2025,9,5022.5,29845.03
GNIIH502,"HICKORY 5"" SIERRA DISTRESSED",GII DIST,GII DISTRESSED,EN,2025,10,7980.0,46879.7
GNIIH502,"HICKORY 5"" SIERRA DISTRESSED",GII DIST,GII DISTRESSED,EN,2025,11,2607.5,14294.18
GNIIH502,"HICKORY 5"" SIERRA DISTRESSED",GII DIST,GII DISTRESSED,EN,2025,12,805.0,1004.33
GNIIH502,"HICKORY 5"" SIERRA DISTRESSED",GII DIST,GII DISTRESSED,EN,2026,1,945.0,5538.05
GNIIH502,"HICKORY 5"" SIERRA DISTRESSED",GII DIST,GII DISTRESSED,EN,2026,2,4567.5,26652.5
GNIIH502,"HICKORY 5"" SIERRA DISTRESSED",GII DIST,GII DISTRESSED,EN,2026,3,1942.5,11304.83
GNIIH502,"HICKORY 5"" SIERRA DISTRESSED",GII DIST,GII DISTRESSED,EN,2026,4,3850.0,22547.0
GNIIH502,"HICKORY 5"" SIERRA DISTRESSED",GII DIST,GII DISTRESSED,EN,2026,5,1172.5,6829.03
GNIIH502,"HICKORY 5"" SIERRA DISTRESSED",GII DIST,GII DISTRESSED,EN,2026,6,1137.5,6482.88
GNIIH502,"HICKORY 5"" SIERRA DISTRESSED",GII DIST,GII DISTRESSED,EN,2026,7,4217.5,23955.75
GNIIH538,"HICKORY 5"" NATURAL DISTRESSED",GII DIST,GII DISTRESSED,EN,2023,8,2572.5,14641.03
GNIIH538,"HICKORY 5"" NATURAL DISTRESSED",GII DIST,GII DISTRESSED,EN,2023,9,3062.5,17607.63
GNIIH538,"HICKORY 5"" NATURAL DISTRESSED",GII DIST,GII DISTRESSED,EN,2023,10,5267.5,31562.83
GNIIH538,"HICKORY 5"" NATURAL DISTRESSED",GII DIST,GII DISTRESSED,EN,2023,11,1435.0,8245.65
GNIIH538,"HICKORY 5"" NATURAL DISTRESSED",GII DIST,GII DISTRESSED,EN,2023,12,2380.0,13732.95
GNIIH538,"HICKORY 5"" NATURAL DISTRESSED",GII DIST,GII DISTRESSED,EN,2024,1,1855.0,10570.53
GNIIH538,"HICKORY 5"" NATURAL DISTRESSED",GII DIST,GII DISTRESSED,EN,2024,2,4987.5,29925.88
GNIIH538,"HICKORY 5"" NATURAL DISTRESSED",GII DIST,GII DISTRESSED,EN,2024,3,1592.5,9470.83
GNIIH538,"HICKORY 5"" NATURAL DISTRESSED",GII DIST,GII DISTRESSED,EN,2024,4,1837.5,10639.3
GNIIH538,"HICKORY 5"" NATURAL DISTRESSED",GII DIST,GII DISTRESSED,EN,2024,5,2817.5,16469.08
GNIIH538,"HICKORY 5"" NATURAL DISTRESSED",GII DIST,GII DISTRESSED,EN,2024,6,5722.5,33376.53
GNIIH538,"HICKORY 5"" NATURAL DISTRESSED",GII DIST,GII DISTRESSED,EN,2024,7,5040.0,28688.1
GNIIH538,"HICKORY 5"" NATURAL DISTRESSED",GII DIST,GII DISTRESSED,EN,2024,8,5127.5,29462.48
GNIIH538,"HICKORY 5"" NATURAL DISTRESSED",GII DIST,GII DISTRESSED,EN,2024,9,5880.0,33765.2
GNIIH538,"HICKORY 5"" NATURAL DISTRESSED",GII DIST,GII DISTRESSED,EN,2024,10,945.0,5653.55
GNIIH538,"HICKORY 5"" NATURAL DISTRESSED",GII DIST,GII DISTRESSED,EN,2024,11,1085.0,6394.15
GNIIH538,"HICKORY 5"" NATURAL DISTRESSED",GII DIST,GII DISTRESSED,EN,2024,12,1015.0,5971.35
GNIIH538,"HICKORY 5"" NATURAL DISTRESSED",GII DIST,GII DISTRESSED,EN,2025,1,6475.0,37982.0
GNIIH538,"HICKORY 5"" NATURAL DISTRESSED",GII DIST,GII DISTRESSED,EN,2025,2,1015.0,5387.73
GNIIH538,"HICKORY 5"" NATURAL DISTRESSED",GII DIST,GII DISTRESSED,EN,2025,3,2782.5,15863.93
GNIIH538,"HICKORY 5"" NATURAL DISTRESSED",GII DIST,GII DISTRESSED,EN,2025,4,17.5,-631.93
GNIIH538,"HICKORY 5"" NATURAL DISTRESSED",GII DIST,GII DISTRESSED,EN,2025,5,6545.0,37710.05
GNIIH538,"HICKORY 5"" NATURAL DISTRESSED",GII DIST,GII DISTRESSED,EN,2025,6,1715.0,9838.85
GNIIH538,"HICKORY 5"" NATURAL DISTRESSED",GII DIST,GII DISTRESSED,EN,2025,7,840.0,4779.6
GNIIH538,"HICKORY 5"" NATURAL DISTRESSED",GII DIST,GII DISTRESSED,EN,2025,8,52.5,309.23
GNIIH538,"HICKORY 5"" NATURAL DISTRESSED",GII DIST,GII DISTRESSED,EN,2025,10,5390.0,31220.53
GNIIH538,"HICKORY 5"" NATURAL DISTRESSED",GII DIST,GII DISTRESSED,EN,2025,11,1925.0,11338.25
GNIIH538,"HICKORY 5"" NATURAL DISTRESSED",GII DIST,GII DISTRESSED,EN,2025,12,1802.5,10473.23
GNIIH538,"HICKORY 5"" NATURAL DISTRESSED",GII DIST,GII DISTRESSED,EN,2026,1,1925.0,10984.75
GNIIH538,"HICKORY 5"" NATURAL DISTRESSED",GII DIST,GII DISTRESSED,EN,2026,2,3710.0,21168.18
GNIIH538,"HICKORY 5"" NATURAL DISTRESSED",GII DIST,GII DISTRESSED,EN,2026,3,1085.0,6178.9
GNIIH538,"HICKORY 5"" NATURAL DISTRESSED",GII DIST,GII DISTRESSED,EN,2026,4,1977.5,12308.98
GNIIH538,"HICKORY 5"" NATURAL DISTRESSED",GII DIST,GII DISTRESSED,EN,2026,5,3675.0,21043.75
GNIIH538,"HICKORY 5"" NATURAL DISTRESSED",GII DIST,GII DISTRESSED,EN,2026,6,-70.0,-412.3
GNIIH538,"HICKORY 5"" NATURAL DISTRESSED",GII DIST,GII DISTRESSED,EN,2026,7,5110.0,29686.83
GNIIH551,"HICKORY 5"" CHATEAU DISTRESSED",GII DIST,GII DISTRESSED,EN,2023,8,2800.0,16394.0
GNIIH551,"HICKORY 5"" CHATEAU DISTRESSED",GII DIST,GII DISTRESSED,EN,2023,9,2537.5,14950.25
GNIIH551,"HICKORY 5"" CHATEAU DISTRESSED",GII DIST,GII DISTRESSED,EN,2023,10,840.0,4989.6
GNIIH551,"HICKORY 5"" CHATEAU DISTRESSED",GII DIST,GII DISTRESSED,EN,2023,11,2502.5,14723.98
GNIIH551,"HICKORY 5"" CHATEAU DISTRESSED",GII DIST,GII DISTRESSED,EN,2023,12,6195.0,35316.05
GNIIH551,"HICKORY 5"" CHATEAU DISTRESSED",GII DIST,GII DISTRESSED,EN,2024,1,1925.0,11068.75
GNIIH551,"HICKORY 5"" CHATEAU DISTRESSED",GII DIST,GII DISTRESSED,EN,2024,2,4427.5,25736.73
GNIIH551,"HICKORY 5"" CHATEAU DISTRESSED",GII DIST,GII DISTRESSED,EN,2024,3,2712.5,15799.18
GNIIH551,"HICKORY 5"" CHATEAU DISTRESSED",GII DIST,GII DISTRESSED,EN,2024,4,3097.5,18188.28
GNIIH551,"HICKORY 5"" CHATEAU DISTRESSED",GII DIST,GII DISTRESSED,EN,2024,5,1172.5,6899.03
GNIIH551,"HICKORY 5"" CHATEAU DISTRESSED",GII DIST,GII DISTRESSED,EN,2024,6,2870.0,16897.3
GNIIH551,"HICKORY 5"" CHATEAU DISTRESSED",GII DIST,GII DISTRESSED,EN,2024,7,3325.0,19489.75
GNIIH551,"HICKORY 5"" CHATEAU DISTRESSED",GII DIST,GII DISTRESSED,EN,2024,8,1697.5,9935.28
GNIIH551,"HICKORY 5"" CHATEAU DISTRESSED",GII DIST,GII DISTRESSED,EN,2024,9,1085.0,6236.65
GNIIH551,"HICKORY 5"" CHATEAU DISTRESSED",GII DIST,GII DISTRESSED,EN,2024,10,2817.5,16203.08
GNIIH551,"HICKORY 5"" CHATEAU DISTRESSED",GII DIST,GII DISTRESSED,EN,2024,11,4410.0,25813.9
GNIIH551,"HICKORY 5"" CHATEAU DISTRESSED",GII DIST,GII DISTRESSED,EN,2024,12,2607.5,15130.68
GNIIH551,"HICKORY 5"" CHATEAU DISTRESSED",GII DIST,GII DISTRESSED,EN,2025,1,2817.5,16458.58
GNIIH551,"HICKORY 5"" CHATEAU DISTRESSED",GII DIST,GII DISTRESSED,EN,2025,2,2187.5,11482.63
GNIIH551,"HICKORY 5"" CHATEAU DISTRESSED",GII DIST,GII DISTRESSED,EN,2025,3,17.5,103.08
GNIIH551,"HICKORY 5"" CHATEAU DISTRESSED",GII DIST,GII DISTRESSED,EN,2025,4,105.0,597.45
GNIIH551,"HICKORY 5"" CHATEAU DISTRESSED",GII DIST,GII DISTRESSED,EN,2025,5,280.0,1593.2
GNIIH551,"HICKORY 5"" CHATEAU DISTRESSED",GII DIST,GII DISTRESSED,EN,2025,6,140.0,810.6
GNIIH551,"HICKORY 5"" CHATEAU DISTRESSED",GII DIST,GII DISTRESSED,EN,2025,7,46.0,261.74
GNIIH551,"HICKORY 5"" CHATEAU DISTRESSED",GII DIST,GII DISTRESSED,EN,2025,10,4970.0,29133.3
GNIIH551,"HICKORY 5"" CHATEAU DISTRESSED",GII DIST,GII DISTRESSED,EN,2025,11,1312.5,7501.38
GNIIH551,"HICKORY 5"" CHATEAU DISTRESSED",GII DIST,GII DISTRESSED,EN,2025,12,2222.5,12681.03
GNIIH551,"HICKORY 5"" CHATEAU DISTRESSED",GII DIST,GII DISTRESSED,EN,2026,1,1680.0,9854.6
GNIIH551,"HICKORY 5"" CHATEAU DISTRESSED",GII DIST,GII DISTRESSED,EN,2026,2,1085.0,6177.15
GNIIH551,"HICKORY 5"" CHATEAU DISTRESSED",GII DIST,GII DISTRESSED,EN,2026,3,157.5,927.68
GNIIH551,"HICKORY 5"" CHATEAU DISTRESSED",GII DIST,GII DISTRESSED,EN,2026,4,3710.0,21837.9
GNIIH551,"HICKORY 5"" CHATEAU DISTRESSED",GII DIST,GII DISTRESSED,EN,2026,5,4252.5,24679.73
GNIIH551,"HICKORY 5"" CHATEAU DISTRESSED",GII DIST,GII DISTRESSED,EN,2026,6,5110.0,29611.4
GNIIH551,"HICKORY 5"" CHATEAU DISTRESSED",GII DIST,GII DISTRESSED,EN,2026,7,3097.5,17770.2
GNIIM506,"MAPLE 5"" CHESTNUT DISTRESSED",GII DIST,GII DISTRESSED,EN,2023,8,6500.0,34969.75
GNIIM506,"MAPLE 5"" CHESTNUT DISTRESSED",GII DIST,GII DISTRESSED,EN,2023,9,700.0,3678.5
GNIIM506,"MAPLE 5"" CHESTNUT DISTRESSED",GII DIST,GII DISTRESSED,EN,2023,10,3255.0,16987.95
GNIIM506,"MAPLE 5"" CHESTNUT DISTRESSED",GII DIST,GII DISTRESSED,EN,2023,11,2660.0,13605.9
GNIIM506,"MAPLE 5"" CHESTNUT DISTRESSED",GII DIST,GII DISTRESSED,EN,2023,12,5005.0,25586.05
GNIIM506,"MAPLE 5"" CHESTNUT DISTRESSED",GII DIST,GII DISTRESSED,EN,2024,1,3377.5,17366.48
GNIIM506,"MAPLE 5"" CHESTNUT DISTRESSED",GII DIST,GII DISTRESSED,EN,2024,2,7420.0,38755.68
GNIIM506,"MAPLE 5"" CHESTNUT DISTRESSED",GII DIST,GII DISTRESSED,EN,2024,3,1207.5,5727.93
GNIIM506,"MAPLE 5"" CHESTNUT DISTRESSED",GII DIST,GII DISTRESSED,EN,2024,4,2765.0,14714.35
GNIIM506,"MAPLE 5"" CHESTNUT DISTRESSED",GII DIST,GII DISTRESSED,EN,2024,5,3010.0,15541.4
GNIIM506,"MAPLE 5"" CHESTNUT DISTRESSED",GII DIST,GII DISTRESSED,EN,2024,6,10.0,50.9
GNIIM506,"MAPLE 5"" CHESTNUT DISTRESSED",GII DIST,GII DISTRESSED,EN,2024,7,1190.0,6198.85
GNIIM506,"MAPLE 5"" CHESTNUT DISTRESSED",GII DIST,GII DISTRESSED,EN,2024,8,2432.5,12745.43
GNIIM506,"MAPLE 5"" CHESTNUT DISTRESSED",GII DIST,GII DISTRESSED,EN,2024,9,1960.0,10305.4
GNIIM506,"MAPLE 5"" CHESTNUT DISTRESSED",GII DIST,GII DISTRESSED,EN,2024,10,2415.0,12685.75
GNIIM506,"MAPLE 5"" CHESTNUT DISTRESSED",GII DIST,GII DISTRESSED,EN,2024,11,3657.5,19215.18
GNIIM506,"MAPLE 5"" CHESTNUT DISTRESSED",GII DIST,GII DISTRESSED,EN,2024,12,542.5,2880.33
GNIIM506,"MAPLE 5"" CHESTNUT DISTRESSED",GII DIST,GII DISTRESSED,EN,2025,1,4952.5,25510.98
GNIIM506,"MAPLE 5"" CHESTNUT DISTRESSED",GII DIST,GII DISTRESSED,EN,2025,2,473.0,2447.82
GNIIM506,"MAPLE 5"" CHESTNUT DISTRESSED",GII DIST,GII DISTRESSED,EN,2025,3,2572.48,13046.67
GNIIM506,"MAPLE 5"" CHESTNUT DISTRESSED",GII DIST,GII DISTRESSED,EN,2025,4,6930.0,36153.95
GNIIM506,"MAPLE 5"" CHESTNUT DISTRESSED",GII DIST,GII DISTRESSED,EN,2025,5,6090.0,31518.03
GNIIM506,"MAPLE 5"" CHESTNUT DISTRESSED",GII DIST,GII DISTRESSED,EN,2025,6,3045.0,15971.03
GNIIM506,"MAPLE 5"" CHESTNUT DISTRESSED",GII DIST,GII DISTRESSED,EN,2025,7,3044.5,15692.41
GNIIM506,"MAPLE 5"" CHESTNUT DISTRESSED",GII DIST,GII DISTRESSED,EN,2025,8,2852.5,14622.65
GNIIM506,"MAPLE 5"" CHESTNUT DISTRESSED",GII DIST,GII DISTRESSED,EN,2025,9,2625.0,14113.75
GNIIM506,"MAPLE 5"" CHESTNUT DISTRESSED",GII DIST,GII DISTRESSED,EN,2025,10,5337.5,27335.88
GNIIM506,"MAPLE 5"" CHESTNUT DISTRESSED",GII DIST,GII DISTRESSED,EN,2025,11,3045.0,17826.55
GNIIM506,"MAPLE 5"" CHESTNUT DISTRESSED",GII DIST,GII DISTRESSED,EN,2025,12,7700.0,40159.0
GNIIM506,"MAPLE 5"" CHESTNUT DISTRESSED",GII DIST,GII DISTRESSED,EN,2026,1,1102.5,5630.98
GNIIM506,"MAPLE 5"" CHESTNUT DISTRESSED",GII DIST,GII DISTRESSED,EN,2026,2,2310.0,11955.65
GNIIM506,"MAPLE 5"" CHESTNUT DISTRESSED",GII DIST,GII DISTRESSED,EN,2026,3,4147.5,21723.28
GNIIM506,"MAPLE 5"" CHESTNUT DISTRESSED",GII DIST,GII DISTRESSED,EN,2026,4,4445.0,23003.05
GNIIM506,"MAPLE 5"" CHESTNUT DISTRESSED",GII DIST,GII DISTRESSED,EN,2026,5,192.5,1011.33
GNIIM506,"MAPLE 5"" CHESTNUT DISTRESSED",GII DIST,GII DISTRESSED,EN,2026,6,9537.5,48111.88
GNIIM506,"MAPLE 5"" CHESTNUT DISTRESSED",GII DIST,GII DISTRESSED,EN,2026,7,2992.5,15454.25
GNIIM508,"MAPLE 5"" ESPRESSO DISTRESSED",GII DIST,GII DISTRESSED,EN,2023,8,7770.0,40734.05
GNIIM508,"MAPLE 5"" ESPRESSO DISTRESSED",GII DIST,GII DISTRESSED,EN,2023,9,12723.5,66798.03
GNIIM508,"MAPLE 5"" ESPRESSO DISTRESSED",GII DIST,GII DISTRESSED,EN,2023,10,6562.5,33087.08
GNIIM508,"MAPLE 5"" ESPRESSO DISTRESSED",GII DIST,GII DISTRESSED,EN,2023,11,3937.5,20139.88
GNIIM508,"MAPLE 5"" ESPRESSO DISTRESSED",GII DIST,GII DISTRESSED,EN,2023,12,5862.5,29892.63
GNIIM508,"MAPLE 5"" ESPRESSO DISTRESSED",GII DIST,GII DISTRESSED,EN,2024,1,4585.0,23797.9
GNIIM508,"MAPLE 5"" ESPRESSO DISTRESSED",GII DIST,GII DISTRESSED,EN,2024,2,3605.0,18792.2
GNIIM508,"MAPLE 5"" ESPRESSO DISTRESSED",GII DIST,GII DISTRESSED,EN,2024,3,6332.5,31942.18
GNIIM508,"MAPLE 5"" ESPRESSO DISTRESSED",GII DIST,GII DISTRESSED,EN,2024,4,7035.0,36532.13
GNIIM508,"MAPLE 5"" ESPRESSO DISTRESSED",GII DIST,GII DISTRESSED,EN,2024,5,12302.5,65171.93
GNIIM508,"MAPLE 5"" ESPRESSO DISTRESSED",GII DIST,GII DISTRESSED,EN,2024,6,8610.0,44364.08
GNIIM508,"MAPLE 5"" ESPRESSO DISTRESSED",GII DIST,GII DISTRESSED,EN,2024,7,7210.0,39891.25
GNIIM508,"MAPLE 5"" ESPRESSO DISTRESSED",GII DIST,GII DISTRESSED,EN,2024,8,4900.0,25803.75
GNIIM508,"MAPLE 5"" ESPRESSO DISTRESSED",GII DIST,GII DISTRESSED,EN,2024,9,5897.5,30991.28
GNIIM508,"MAPLE 5"" ESPRESSO DISTRESSED",GII DIST,GII DISTRESSED,EN,2024,10,9800.0,51118.9
GNIIM508,"MAPLE 5"" ESPRESSO DISTRESSED",GII DIST,GII DISTRESSED,EN,2024,11,3745.0,19882.8
GNIIM508,"MAPLE 5"" ESPRESSO DISTRESSED",GII DIST,GII DISTRESSED,EN,2024,12,4427.5,22882.83
GNIIM508,"MAPLE 5"" ESPRESSO DISTRESSED",GII DIST,GII DISTRESSED,EN,2025,1,1785.0,8767.85
GNIIM508,"MAPLE 5"" ESPRESSO DISTRESSED",GII DIST,GII DISTRESSED,EN,2025,2,3920.0,20666.8
GNIIM508,"MAPLE 5"" ESPRESSO DISTRESSED",GII DIST,GII DISTRESSED,EN,2025,3,2957.5,15596.18
GNIIM508,"MAPLE 5"" ESPRESSO DISTRESSED",GII DIST,GII DISTRESSED,EN,2025,4,3972.5,20640.55
GNIIM508,"MAPLE 5"" ESPRESSO DISTRESSED",GII DIST,GII DISTRESSED,EN,2025,5,2572.5,13192.2
GNIIM508,"MAPLE 5"" ESPRESSO DISTRESSED",GII DIST,GII DISTRESSED,EN,2025,6,2817.5,14904.58
GNIIM508,"MAPLE 5"" ESPRESSO DISTRESSED",GII DIST,GII DISTRESSED,EN,2025,7,5862.5,31010.88
GNIIM508,"MAPLE 5"" ESPRESSO DISTRESSED",GII DIST,GII DISTRESSED,EN,2025,8,2275.0,10892.18
GNIIM508,"MAPLE 5"" ESPRESSO DISTRESSED",GII DIST,GII DISTRESSED,EN,2025,9,3605.0,18394.95
GNIIM508,"MAPLE 5"" ESPRESSO DISTRESSED",GII DIST,GII DISTRESSED,EN,2025,10,5897.5,30239.13
GNIIM508,"MAPLE 5"" ESPRESSO DISTRESSED",GII DIST,GII DISTRESSED,EN,2025,11,6947.5,35677.78
GNIIM508,"MAPLE 5"" ESPRESSO DISTRESSED",GII DIST,GII DISTRESSED,EN,2025,12,9222.5,47597.03
GNIIM508,"MAPLE 5"" ESPRESSO DISTRESSED",GII DIST,GII DISTRESSED,EN,2026,1,5040.0,26259.1
GNIIM508,"MAPLE 5"" ESPRESSO DISTRESSED",GII DIST,GII DISTRESSED,EN,2026,2,7840.0,40297.6
GNIIM508,"MAPLE 5"" ESPRESSO DISTRESSED",GII DIST,GII DISTRESSED,EN,2026,3,5337.5,27640.38
GNIIM508,"MAPLE 5"" ESPRESSO DISTRESSED",GII DIST,GII DISTRESSED,EN,2026,4,4252.5,23379.48
GNIIM508,"MAPLE 5"" ESPRESSO DISTRESSED",GII DIST,GII DISTRESSED,EN,2026,5,8750.0,45305.93
GNIIM508,"MAPLE 5"" ESPRESSO DISTRESSED",GII DIST,GII DISTRESSED,EN,2026,6,4060.0,21261.28
GNIIM508,"MAPLE 5"" ESPRESSO DISTRESSED",GII DIST,GII DISTRESSED,EN,2026,7,7315.0,37593.33
GNIIM5171,"MAPLE 5"" LATTE DISTRESSED",GII DIST,GII DISTRESSED,EN,2023,8,7542.5,39080.83
GNIIM5171,"MAPLE 5"" LATTE DISTRESSED",GII DIST,GII DISTRESSED,EN,2023,9,1417.5,7491.58
GNIIM5171,"MAPLE 5"" LATTE DISTRESSED",GII DIST,GII DISTRESSED,EN,2023,10,4847.5,26703.78
GNIIM5171,"MAPLE 5"" LATTE DISTRESSED",GII DIST,GII DISTRESSED,EN,2023,11,2992.5,15364.83
GNIIM5171,"MAPLE 5"" LATTE DISTRESSED",GII DIST,GII DISTRESSED,EN,2023,12,5792.5,29756.83
GNIIM5171,"MAPLE 5"" LATTE DISTRESSED",GII DIST,GII DISTRESSED,EN,2024,1,6177.5,33111.23
GNIIM5171,"MAPLE 5"" LATTE DISTRESSED",GII DIST,GII DISTRESSED,EN,2024,2,6160.0,32337.9
GNIIM5171,"MAPLE 5"" LATTE DISTRESSED",GII DIST,GII DISTRESSED,EN,2024,3,9450.0,50157.8
GNIIM5171,"MAPLE 5"" LATTE DISTRESSED",GII DIST,GII DISTRESSED,EN,2024,4,2415.0,12649.35
GNIIM5171,"MAPLE 5"" LATTE DISTRESSED",GII DIST,GII DISTRESSED,EN,2024,5,6405.0,32911.2
GNIIM5171,"MAPLE 5"" LATTE DISTRESSED",GII DIST,GII DISTRESSED,EN,2024,6,4375.05,22454.5
GNIIM5171,"MAPLE 5"" LATTE DISTRESSED",GII DIST,GII DISTRESSED,EN,2024,7,2065.0,11401.6
GNIIM5171,"MAPLE 5"" LATTE DISTRESSED",GII DIST,GII DISTRESSED,EN,2024,8,3482.5,18081.18
GNIIM5171,"MAPLE 5"" LATTE DISTRESSED",GII DIST,GII DISTRESSED,EN,2024,9,2152.5,11068.23
GNIIM5171,"MAPLE 5"" LATTE DISTRESSED",GII DIST,GII DISTRESSED,EN,2024,10,10237.5,53243.75
GNIIM5171,"MAPLE 5"" LATTE DISTRESSED",GII DIST,GII DISTRESSED,EN,2024,11,4462.5,22917.13
GNIIM5171,"MAPLE 5"" LATTE DISTRESSED",GII DIST,GII DISTRESSED,EN,2024,12,2520.0,13564.43
GNIIM5171,"MAPLE 5"" LATTE DISTRESSED",GII DIST,GII DISTRESSED,EN,2025,1,3815.0,19675.78
GNIIM5171,"MAPLE 5"" LATTE DISTRESSED",GII DIST,GII DISTRESSED,EN,2025,2,700.0,3693.73
GNIIM5171,"MAPLE 5"" LATTE DISTRESSED",GII DIST,GII DISTRESSED,EN,2025,3,6877.5,35811.48
GNIIM5171,"MAPLE 5"" LATTE DISTRESSED",GII DIST,GII DISTRESSED,EN,2025,4,2887.5,14860.65
GNIIM5171,"MAPLE 5"" LATTE DISTRESSED",GII DIST,GII DISTRESSED,EN,2025,5,7945.0,41021.23
GNIIM5171,"MAPLE 5"" LATTE DISTRESSED",GII DIST,GII DISTRESSED,EN,2025,6,2852.5,14445.73
GNIIM5171,"MAPLE 5"" LATTE DISTRESSED",GII DIST,GII DISTRESSED,EN,2025,7,7350.0,37667.0
GNIIM5171,"MAPLE 5"" LATTE DISTRESSED",GII DIST,GII DISTRESSED,EN,2025,8,6213.5,32374.17
GNIIM5171,"MAPLE 5"" LATTE DISTRESSED",GII DIST,GII DISTRESSED,EN,2025,9,6072.5,31943.28
GNIIM5171,"MAPLE 5"" LATTE DISTRESSED",GII DIST,GII DISTRESSED,EN,2025,10,3377.5,16997.4
GNIIM5171,"MAPLE 5"" LATTE DISTRESSED",GII DIST,GII DISTRESSED,EN,2025,11,4252.5,22115.98
GNIIM5171,"MAPLE 5"" LATTE DISTRESSED",GII DIST,GII DISTRESSED,EN,2025,12,2975.0,15464.75
GNIIM5171,"MAPLE 5"" LATTE DISTRESSED",GII DIST,GII DISTRESSED,EN,2026,1,280.0,1477.7
GNIIM5171,"MAPLE 5"" LATTE DISTRESSED",GII DIST,GII DISTRESSED,EN,2026,2,2607.5,13526.1
GNIIM5171,"MAPLE 5"" LATTE DISTRESSED",GII DIST,GII DISTRESSED,EN,2026,3,2695.0,14088.55
GNIIM5171,"MAPLE 5"" LATTE DISTRESSED",GII DIST,GII DISTRESSED,EN,2026,4,1767.5,9148.83
GNIIM5171,"MAPLE 5"" LATTE DISTRESSED",GII DIST,GII DISTRESSED,EN,2026,5,4567.5,23836.58
GNIIM5171,"MAPLE 5"" LATTE DISTRESSED",GII DIST,GII DISTRESSED,EN,2026,6,5390.0,27494.6
GNIIM5171,"MAPLE 5"" LATTE DISTRESSED",GII DIST,GII DISTRESSED,EN,2026,7,4725.0,24571.75
GNIIM554,"MAPLE 5"" WHEAT DISTRESSED",GII DIST,GII DISTRESSED,EN,2023,8,3675.0,19269.25
GNIIM554,"MAPLE 5"" WHEAT DISTRESSED",GII DIST,GII DISTRESSED,EN,2023,9,3605.0,18748.45
GNIIM554,"MAPLE 5"" WHEAT DISTRESSED",GII DIST,GII DISTRESSED,EN,2023,10,5232.5,27774.43
GNIIM554,"MAPLE 5"" WHEAT DISTRESSED",GII DIST,GII DISTRESSED,EN,2023,11,6790.0,34853.35
GNIIM554,"MAPLE 5"" WHEAT DISTRESSED",GII DIST,GII DISTRESSED,EN,2023,12,2135.0,11194.4
GNIIM554,"MAPLE 5"" WHEAT DISTRESSED",GII DIST,GII DISTRESSED,EN,2024,1,2327.5,12147.98
GNIIM554,"MAPLE 5"" WHEAT DISTRESSED",GII DIST,GII DISTRESSED,EN,2024,2,962.5,5147.63
GNIIM554,"MAPLE 5"" WHEAT DISTRESSED",GII DIST,GII DISTRESSED,EN,2024,3,2135.0,10870.65
GNIIM554,"MAPLE 5"" WHEAT DISTRESSED",GII DIST,GII DISTRESSED,EN,2024,4,5600.0,29064.0
GNIIM554,"MAPLE 5"" WHEAT DISTRESSED",GII DIST,GII DISTRESSED,EN,2024,5,1610.0,8761.9
GNIIM554,"MAPLE 5"" WHEAT DISTRESSED",GII DIST,GII DISTRESSED,EN,2024,6,2205.0,11527.95
GNIIM554,"MAPLE 5"" WHEAT DISTRESSED",GII DIST,GII DISTRESSED,EN,2024,7,3832.5,19720.93
GNIIM554,"MAPLE 5"" WHEAT DISTRESSED",GII DIST,GII DISTRESSED,EN,2024,8,1487.5,7777.88
GNIIM554,"MAPLE 5"" WHEAT DISTRESSED",GII DIST,GII DISTRESSED,EN,2024,9,5845.0,30153.55
GNIIM554,"MAPLE 5"" WHEAT DISTRESSED",GII DIST,GII DISTRESSED,EN,2024,10,6405.0,33679.45
GNIIM554,"MAPLE 5"" WHEAT DISTRESSED",GII DIST,GII DISTRESSED,EN,2024,11,945.0,4950.05
GNIIM554,"MAPLE 5"" WHEAT DISTRESSED",GII DIST,GII DISTRESSED,EN,2024,12,4095.0,21394.98
GNIIM554,"MAPLE 5"" WHEAT DISTRESSED",GII DIST,GII DISTRESSED,EN,2025,1,3570.0,18596.73
GNIIM554,"MAPLE 5"" WHEAT DISTRESSED",GII DIST,GII DISTRESSED,EN,2025,2,840.0,4443.6
GNIIM554,"MAPLE 5"" WHEAT DISTRESSED",GII DIST,GII DISTRESSED,EN,2025,3,840.0,4443.6
GNIIM554,"MAPLE 5"" WHEAT DISTRESSED",GII DIST,GII DISTRESSED,EN,2025,4,6457.5,33143.6
GNIIM554,"MAPLE 5"" WHEAT DISTRESSED",GII DIST,GII DISTRESSED,EN,2025,5,3955.0,20834.45
GNIIM554,"MAPLE 5"" WHEAT DISTRESSED",GII DIST,GII DISTRESSED,EN,2025,6,840.0,4475.1
GNIIM554,"MAPLE 5"" WHEAT DISTRESSED",GII DIST,GII DISTRESSED,EN,2025,7,3150.0,16733.5
GNIIM554,"MAPLE 5"" WHEAT DISTRESSED",GII DIST,GII DISTRESSED,EN,2025,8,3727.5,19037.9
GNIIM554,"MAPLE 5"" WHEAT DISTRESSED",GII DIST,GII DISTRESSED,EN,2025,9,2152.5,11267.73
GNIIM554,"MAPLE 5"" WHEAT DISTRESSED",GII DIST,GII DISTRESSED,EN,2025,10,2327.5,12133.98
GNIIM554,"MAPLE 5"" WHEAT DISTRESSED",GII DIST,GII DISTRESSED,EN,2025,11,3342.5,17256.75
GNIIM554,"MAPLE 5"" WHEAT DISTRESSED",GII DIST,GII DISTRESSED,EN,2025,12,3010.0,15976.98
GNIIM554,"MAPLE 5"" WHEAT DISTRESSED",GII DIST,GII DISTRESSED,EN,2026,1,472.5,2552.03
GNIIM554,"MAPLE 5"" WHEAT DISTRESSED",GII DIST,GII DISTRESSED,EN,2026,2,2677.5,14093.98
GNIIM554,"MAPLE 5"" WHEAT DISTRESSED",GII DIST,GII DISTRESSED,EN,2026,3,2100.0,11095.0
GNIIM554,"MAPLE 5"" WHEAT DISTRESSED",GII DIST,GII DISTRESSED,EN,2026,4,3377.5,17616.73
GNIIM554,"MAPLE 5"" WHEAT DISTRESSED",GII DIST,GII DISTRESSED,EN,2026,5,2887.5,14945.88
GNIIM554,"MAPLE 5"" WHEAT DISTRESSED",GII DIST,GII DISTRESSED,EN,2026,6,2782.5,14330.93
GNIIM554,"MAPLE 5"" WHEAT DISTRESSED",GII DIST,GII DISTRESSED,EN,2026,7,3167.5,16875.08
GNIIM577,"MAPLE 5"" SYRUP DISTRESSED",GII DIST,GII DISTRESSED,EN,2023,8,7280.0,37798.95
GNIIM577,"MAPLE 5"" SYRUP DISTRESSED",GII DIST,GII DISTRESSED,EN,2023,9,4445.0,23069.55
GNIIM577,"MAPLE 5"" SYRUP DISTRESSED",GII DIST,GII DISTRESSED,EN,2023,10,5757.5,29951.43
GNIIM577,"MAPLE 5"" SYRUP DISTRESSED",GII DIST,GII DISTRESSED,EN,2023,11,3220.0,16765.18
GNIIM577,"MAPLE 5"" SYRUP DISTRESSED",GII DIST,GII DISTRESSED,EN,2023,12,3710.0,19253.15
GNIIM577,"MAPLE 5"" SYRUP DISTRESSED",GII DIST,GII DISTRESSED,EN,2024,1,4340.0,22788.85
GNIIM577,"MAPLE 5"" SYRUP DISTRESSED",GII DIST,GII DISTRESSED,EN,2024,2,3115.0,16037.35
GNIIM577,"MAPLE 5"" SYRUP DISTRESSED",GII DIST,GII DISTRESSED,EN,2024,3,3447.5,17796.28
GNIIM577,"MAPLE 5"" SYRUP DISTRESSED",GII DIST,GII DISTRESSED,EN,2024,4,7210.0,37575.13
GNIIM577,"MAPLE 5"" SYRUP DISTRESSED",GII DIST,GII DISTRESSED,EN,2024,5,5040.0,26847.1
GNIIM577,"MAPLE 5"" SYRUP DISTRESSED",GII DIST,GII DISTRESSED,EN,2024,6,5285.0,27681.15
GNIIM577,"MAPLE 5"" SYRUP DISTRESSED",GII DIST,GII DISTRESSED,EN,2024,7,5827.5,30598.23
GNIIM577,"MAPLE 5"" SYRUP DISTRESSED",GII DIST,GII DISTRESSED,EN,2024,8,3850.0,20233.5
GNIIM577,"MAPLE 5"" SYRUP DISTRESSED",GII DIST,GII DISTRESSED,EN,2024,9,5285.0,27446.65
GNIIM577,"MAPLE 5"" SYRUP DISTRESSED",GII DIST,GII DISTRESSED,EN,2024,10,2502.5,12993.23
GNIIM577,"MAPLE 5"" SYRUP DISTRESSED",GII DIST,GII DISTRESSED,EN,2024,11,6370.0,32614.05
GNIIM577,"MAPLE 5"" SYRUP DISTRESSED",GII DIST,GII DISTRESSED,EN,2024,12,1400.0,7378.0
GNIIM577,"MAPLE 5"" SYRUP DISTRESSED",GII DIST,GII DISTRESSED,EN,2025,1,4550.0,24087.88
GNIIM577,"MAPLE 5"" SYRUP DISTRESSED",GII DIST,GII DISTRESSED,EN,2025,2,1190.0,6295.1
GNIIM577,"MAPLE 5"" SYRUP DISTRESSED",GII DIST,GII DISTRESSED,EN,2025,3,4480.0,23408.7
GNIIM577,"MAPLE 5"" SYRUP DISTRESSED",GII DIST,GII DISTRESSED,EN,2025,4,5985.0,30875.08
GNIIM577,"MAPLE 5"" SYRUP DISTRESSED",GII DIST,GII DISTRESSED,EN,2025,5,3045.0,15786.05
GNIIM577,"MAPLE 5"" SYRUP DISTRESSED",GII DIST,GII DISTRESSED,EN,2025,6,4795.0,24737.3
GNIIM577,"MAPLE 5"" SYRUP DISTRESSED",GII DIST,GII DISTRESSED,EN,2025,7,5302.5,27170.33
GNIIM577,"MAPLE 5"" SYRUP DISTRESSED",GII DIST,GII DISTRESSED,EN,2025,8,3710.0,19484.15
GNIIM577,"MAPLE 5"" SYRUP DISTRESSED",GII DIST,GII DISTRESSED,EN,2025,9,5512.5,28387.63
GNIIM577,"MAPLE 5"" SYRUP DISTRESSED",GII DIST,GII DISTRESSED,EN,2025,10,4042.5,21150.33
GNIIM577,"MAPLE 5"" SYRUP DISTRESSED",GII DIST,GII DISTRESSED,EN,2025,11,5337.5,27567.05
GNIIM577,"MAPLE 5"" SYRUP DISTRESSED",GII DIST,GII DISTRESSED,EN,2025,12,5075.0,26082.0
GNIIM577,"MAPLE 5"" SYRUP DISTRESSED",GII DIST,GII DISTRESSED,EN,2026,1,2957.5,15585.68
GNIIM577,"MAPLE 5"" SYRUP DISTRESSED",GII DIST,GII DISTRESSED,EN,2026,2,5425.0,28312.38
GNIIM577,"MAPLE 5"" SYRUP DISTRESSED",GII DIST,GII DISTRESSED,EN,2026,3,6755.0,35114.45
GNIIM577,"MAPLE 5"" SYRUP DISTRESSED",GII DIST,GII DISTRESSED,EN,2026,4,3062.5,15947.05
GNIIM577,"MAPLE 5"" SYRUP DISTRESSED",GII DIST,GII DISTRESSED,EN,2026,5,2432.5,12724.43
GNIIM577,"MAPLE 5"" SYRUP DISTRESSED",GII DIST,GII DISTRESSED,EN,2026,6,5302.5,27651.23
GNIIM577,"MAPLE 5"" SYRUP DISTRESSED",GII DIST,GII DISTRESSED,EN,2026,7,2747.5,13939.28
GNIIO513,"WHITE OAK 5"" AUTUMN DISTRESSED",GII DIST,GII DISTRESSED,EN,2023,8,822.5,4060.53
GNIIO513,"WHITE OAK 5"" AUTUMN DISTRESSED",GII DIST,GII DISTRESSED,EN,2023,9,2590.0,12635.35
GNIIO513,"WHITE OAK 5"" AUTUMN DISTRESSED",GII DIST,GII DISTRESSED,EN,2023,10,4462.5,21809.38
GNIIO513,"WHITE OAK 5"" AUTUMN DISTRESSED",GII DIST,GII DISTRESSED,EN,2023,11,1890.0,9383.85
GNIIO513,"WHITE OAK 5"" AUTUMN DISTRESSED",GII DIST,GII DISTRESSED,EN,2023,12,2432.5,11971.93
GNIIO513,"WHITE OAK 5"" AUTUMN DISTRESSED",GII DIST,GII DISTRESSED,EN,2024,1,1750.0,8730.75
GNIIO513,"WHITE OAK 5"" AUTUMN DISTRESSED",GII DIST,GII DISTRESSED,EN,2024,2,3640.0,17484.6
GNIIO513,"WHITE OAK 5"" AUTUMN DISTRESSED",GII DIST,GII DISTRESSED,EN,2024,3,2817.5,14019.08
GNIIO513,"WHITE OAK 5"" AUTUMN DISTRESSED",GII DIST,GII DISTRESSED,EN,2024,4,2397.5,12151.83
GNIIO513,"WHITE OAK 5"" AUTUMN DISTRESSED",GII DIST,GII DISTRESSED,EN,2024,5,3045.0,14762.3
GNIIO513,"WHITE OAK 5"" AUTUMN DISTRESSED",GII DIST,GII DISTRESSED,EN,2024,6,1505.0,6898.5
GNIIO513,"WHITE OAK 5"" AUTUMN DISTRESSED",GII DIST,GII DISTRESSED,EN,2024,7,1312.5,6383.13
GNIIO513,"WHITE OAK 5"" AUTUMN DISTRESSED",GII DIST,GII DISTRESSED,EN,2024,8,3885.0,19274.15
GNIIO513,"WHITE OAK 5"" AUTUMN DISTRESSED",GII DIST,GII DISTRESSED,EN,2024,9,35.0,174.65
GNIIO513,"WHITE OAK 5"" AUTUMN DISTRESSED",GII DIST,GII DISTRESSED,EN,2024,10,2485.0,12393.15
GNIIO513,"WHITE OAK 5"" AUTUMN DISTRESSED",GII DIST,GII DISTRESSED,EN,2024,11,2170.0,10394.3
GNIIO513,"WHITE OAK 5"" AUTUMN DISTRESSED",GII DIST,GII DISTRESSED,EN,2024,12,6125.0,30003.75
GNIIO513,"WHITE OAK 5"" AUTUMN DISTRESSED",GII DIST,GII DISTRESSED,EN,2025,1,4620.0,22812.3
GNIIO513,"WHITE OAK 5"" AUTUMN DISTRESSED",GII DIST,GII DISTRESSED,EN,2025,2,1067.5,5351.33
GNIIO513,"WHITE OAK 5"" AUTUMN DISTRESSED",GII DIST,GII DISTRESSED,EN,2025,3,875.0,4362.75
GNIIO513,"WHITE OAK 5"" AUTUMN DISTRESSED",GII DIST,GII DISTRESSED,EN,2025,4,560.0,2794.4
GNIIO513,"WHITE OAK 5"" AUTUMN DISTRESSED",GII DIST,GII DISTRESSED,EN,2025,5,3640.0,17659.6
GNIIO513,"WHITE OAK 5"" AUTUMN DISTRESSED",GII DIST,GII DISTRESSED,EN,2025,6,1102.5,5440.23
GNIIO513,"WHITE OAK 5"" AUTUMN DISTRESSED",GII DIST,GII DISTRESSED,EN,2025,7,4060.0,19732.3
GNIIO513,"WHITE OAK 5"" AUTUMN DISTRESSED",GII DIST,GII DISTRESSED,EN,2025,8,4095.0,19978.0
GNIIO513,"WHITE OAK 5"" AUTUMN DISTRESSED",GII DIST,GII DISTRESSED,EN,2025,9,2065.0,10734.85
GNIIO513,"WHITE OAK 5"" AUTUMN DISTRESSED",GII DIST,GII DISTRESSED,EN,2025,10,4357.5,21323.93
GNIIO513,"WHITE OAK 5"" AUTUMN DISTRESSED",GII DIST,GII DISTRESSED,EN,2025,11,210.0,1074.15
GNIIO513,"WHITE OAK 5"" AUTUMN DISTRESSED",GII DIST,GII DISTRESSED,EN,2025,12,2082.5,10724.18
GNIIO513,"WHITE OAK 5"" AUTUMN DISTRESSED",GII DIST,GII DISTRESSED,EN,2026,1,3360.0,16381.4
GNIIO513,"WHITE OAK 5"" AUTUMN DISTRESSED",GII DIST,GII DISTRESSED,EN,2026,2,962.5,4839.63
GNIIO513,"WHITE OAK 5"" AUTUMN DISTRESSED",GII DIST,GII DISTRESSED,EN,2026,3,525.0,2619.75
GNIIO513,"WHITE OAK 5"" AUTUMN DISTRESSED",GII DIST,GII DISTRESSED,EN,2026,4,805.0,4009.95
GNIIO513,"WHITE OAK 5"" AUTUMN DISTRESSED",GII DIST,GII DISTRESSED,EN,2026,5,2485.0,12072.9
GNIIO513,"WHITE OAK 5"" AUTUMN DISTRESSED",GII DIST,GII DISTRESSED,EN,2026,6,2222.5,10768.28
GNIIO513,"WHITE OAK 5"" AUTUMN DISTRESSED",GII DIST,GII DISTRESSED,EN,2026,7,2957.5,14810.6
GNIIW523,"WALNUT 5"" ANTIQUE DISTRESSED",GII DIST,GII DISTRESSED,EN,2023,8,927.5,5538.23
GNIIW523,"WALNUT 5"" ANTIQUE DISTRESSED",GII DIST,GII DISTRESSED,EN,2023,9,4042.5,25845.58
GNIIW523,"WALNUT 5"" ANTIQUE DISTRESSED",GII DIST,GII DISTRESSED,EN,2023,10,1960.0,12167.4
GNIIW523,"WALNUT 5"" ANTIQUE DISTRESSED",GII DIST,GII DISTRESSED,EN,2023,11,3237.5,20104.88
GNIIW523,"WALNUT 5"" ANTIQUE DISTRESSED",GII DIST,GII DISTRESSED,EN,2023,12,490.0,3268.48
GNIIW523,"WALNUT 5"" ANTIQUE DISTRESSED",GII DIST,GII DISTRESSED,EN,2024,1,3220.0,20399.05
GNIIW523,"WALNUT 5"" ANTIQUE DISTRESSED",GII DIST,GII DISTRESSED,EN,2024,2,6037.5,37036.13
GNIIW523,"WALNUT 5"" ANTIQUE DISTRESSED",GII DIST,GII DISTRESSED,EN,2024,3,5495.0,33629.05
GNIIW523,"WALNUT 5"" ANTIQUE DISTRESSED",GII DIST,GII DISTRESSED,EN,2024,4,1995.0,12158.3
GNIIW523,"WALNUT 5"" ANTIQUE DISTRESSED",GII DIST,GII DISTRESSED,EN,2024,5,2870.0,17485.3
GNIIW523,"WALNUT 5"" ANTIQUE DISTRESSED",GII DIST,GII DISTRESSED,EN,2024,6,5145.0,31750.6
GNIIW523,"WALNUT 5"" ANTIQUE DISTRESSED",GII DIST,GII DISTRESSED,EN,2024,7,4217.5,26307.58
GNIIW523,"WALNUT 5"" ANTIQUE DISTRESSED",GII DIST,GII DISTRESSED,EN,2024,8,3027.5,18356.98
GNIIW523,"WALNUT 5"" ANTIQUE DISTRESSED",GII DIST,GII DISTRESSED,EN,2024,9,3150.0,19089.88
GNIIW523,"WALNUT 5"" ANTIQUE DISTRESSED",GII DIST,GII DISTRESSED,EN,2024,10,4847.5,30398.03
GNIIW523,"WALNUT 5"" ANTIQUE DISTRESSED",GII DIST,GII DISTRESSED,EN,2024,11,2992.5,18334.75
GNIIW523,"WALNUT 5"" ANTIQUE DISTRESSED",GII DIST,GII DISTRESSED,EN,2024,12,2257.5,13634.43
GNIIW523,"WALNUT 5"" ANTIQUE DISTRESSED",GII DIST,GII DISTRESSED,EN,2025,1,1102.5,6771.28
GNIIW523,"WALNUT 5"" ANTIQUE DISTRESSED",GII DIST,GII DISTRESSED,EN,2025,2,4620.0,28318.5
GNIIW523,"WALNUT 5"" ANTIQUE DISTRESSED",GII DIST,GII DISTRESSED,EN,2025,3,770.0,4701.55
GNIIW523,"WALNUT 5"" ANTIQUE DISTRESSED",GII DIST,GII DISTRESSED,EN,2025,4,927.5,5623.98
GNIIW523,"WALNUT 5"" ANTIQUE DISTRESSED",GII DIST,GII DISTRESSED,EN,2025,5,3867.5,23466.1
GNIIW523,"WALNUT 5"" ANTIQUE DISTRESSED",GII DIST,GII DISTRESSED,EN,2025,6,2765.0,17129.88
GNIIW523,"WALNUT 5"" ANTIQUE DISTRESSED",GII DIST,GII DISTRESSED,EN,2025,7,727.5,4380.23
GNIIW523,"WALNUT 5"" ANTIQUE DISTRESSED",GII DIST,GII DISTRESSED,EN,2025,9,2502.5,15871.98
GNIIW523,"WALNUT 5"" ANTIQUE DISTRESSED",GII DIST,GII DISTRESSED,EN,2025,10,4987.5,31108.88
GNIIW523,"WALNUT 5"" ANTIQUE DISTRESSED",GII DIST,GII DISTRESSED,EN,2025,11,2887.5,17719.63
GNIIW523,"WALNUT 5"" ANTIQUE DISTRESSED",GII DIST,GII DISTRESSED,EN,2025,12,3780.0,24448.2
GNIIW523,"WALNUT 5"" ANTIQUE DISTRESSED",GII DIST,GII DISTRESSED,EN,2026,1,2432.5,14675.68
GNIIW523,"WALNUT 5"" ANTIQUE DISTRESSED",GII DIST,GII DISTRESSED,EN,2026,2,647.5,3915.28
GNIIW523,"WALNUT 5"" ANTIQUE DISTRESSED",GII DIST,GII DISTRESSED,EN,2026,3,4340.0,27044.85
GNIIW523,"WALNUT 5"" ANTIQUE DISTRESSED",GII DIST,GII DISTRESSED,EN,2026,4,1050.0,6604.5
GNIIW523,"WALNUT 5"" ANTIQUE DISTRESSED",GII DIST,GII DISTRESSED,EN,2026,5,5250.0,33603.5
GNIIW523,"WALNUT 5"" ANTIQUE DISTRESSED",GII DIST,GII DISTRESSED,EN,2026,6,5862.5,36577.63
GNIIW523,"WALNUT 5"" ANTIQUE DISTRESSED",GII DIST,GII DISTRESSED,EN,2026,7,2205.0,13612.2
GNIIW538,"WALNUT 5"" NATURAL DISTRESSED",GII DIST,GII DISTRESSED,EN,2023,8,3482.5,21581.18
GNIIW538,"WALNUT 5"" NATURAL DISTRESSED",GII DIST,GII DISTRESSED,EN,2023,9,3080.0,19184.2
GNIIW538,"WALNUT 5"" NATURAL DISTRESSED",GII DIST,GII DISTRESSED,EN,2023,10,3867.5,24456.08
GNIIW538,"WALNUT 5"" NATURAL DISTRESSED",GII DIST,GII DISTRESSED,EN,2023,11,2660.0,16346.4
GNIIW538,"WALNUT 5"" NATURAL DISTRESSED",GII DIST,GII DISTRESSED,EN,2023,12,2485.0,15788.15
GNIIW538,"WALNUT 5"" NATURAL DISTRESSED",GII DIST,GII DISTRESSED,EN,2024,1,1172.5,7306.78
GNIIW538,"WALNUT 5"" NATURAL DISTRESSED",GII DIST,GII DISTRESSED,EN,2024,2,770.0,4843.3
GNIIW538,"WALNUT 5"" NATURAL DISTRESSED",GII DIST,GII DISTRESSED,EN,2024,3,5757.5,34514.9
GNIIW538,"WALNUT 5"" NATURAL DISTRESSED",GII DIST,GII DISTRESSED,EN,2024,4,7140.0,44917.6
GNIIW538,"WALNUT 5"" NATURAL DISTRESSED",GII DIST,GII DISTRESSED,EN,2024,5,1330.0,8241.45
GNIIW538,"WALNUT 5"" NATURAL DISTRESSED",GII DIST,GII DISTRESSED,EN,2024,6,927.5,5774.48
GNIIW538,"WALNUT 5"" NATURAL DISTRESSED",GII DIST,GII DISTRESSED,EN,2024,7,1155.0,7019.25
GNIIW538,"WALNUT 5"" NATURAL DISTRESSED",GII DIST,GII DISTRESSED,EN,2024,8,4760.0,29509.9
GNIIW538,"WALNUT 5"" NATURAL DISTRESSED",GII DIST,GII DISTRESSED,EN,2024,9,1942.5,11840.33
GNIIW538,"WALNUT 5"" NATURAL DISTRESSED",GII DIST,GII DISTRESSED,EN,2024,10,4182.5,25247.43
GNIIW538,"WALNUT 5"" NATURAL DISTRESSED",GII DIST,GII DISTRESSED,EN,2024,11,227.5,1430.98
GNIIW538,"WALNUT 5"" NATURAL DISTRESSED",GII DIST,GII DISTRESSED,EN,2024,12,17.5,110.08
GNIIW538,"WALNUT 5"" NATURAL DISTRESSED",GII DIST,GII DISTRESSED,EN,2025,1,1767.5,10774.75
GNIIW538,"WALNUT 5"" NATURAL DISTRESSED",GII DIST,GII DISTRESSED,EN,2025,2,997.5,5969.78
GNIIW538,"WALNUT 5"" NATURAL DISTRESSED",GII DIST,GII DISTRESSED,EN,2025,3,2940.0,17915.1
GNIIW538,"WALNUT 5"" NATURAL DISTRESSED",GII DIST,GII DISTRESSED,EN,2025,4,735.0,4612.65
GNIIW538,"WALNUT 5"" NATURAL DISTRESSED",GII DIST,GII DISTRESSED,EN,2025,5,752.5,4612.65
GNIIW538,"WALNUT 5"" NATURAL DISTRESSED",GII DIST,GII DISTRESSED,EN,2025,6,3062.5,18739.88
GNIIW538,"WALNUT 5"" NATURAL DISTRESSED",GII DIST,GII DISTRESSED,EN,2025,7,4410.0,26884.9
GNIIW538,"WALNUT 5"" NATURAL DISTRESSED",GII DIST,GII DISTRESSED,EN,2025,8,140.0,880.6
GNIIW538,"WALNUT 5"" NATURAL DISTRESSED",GII DIST,GII DISTRESSED,EN,2025,9,3710.0,22810.9
GNIIW538,"WALNUT 5"" NATURAL DISTRESSED",GII DIST,GII DISTRESSED,EN,2025,10,2555.0,15909.95
GNIIW538,"WALNUT 5"" NATURAL DISTRESSED",GII DIST,GII DISTRESSED,EN,2025,11,297.5,1598.28
GNIIW538,"WALNUT 5"" NATURAL DISTRESSED",GII DIST,GII DISTRESSED,EN,2025,12,2905.0,19313.0
GNIIW538,"WALNUT 5"" NATURAL DISTRESSED",GII DIST,GII DISTRESSED,EN,2026,1,2590.0,14821.1
GNIIW538,"WALNUT 5"" NATURAL DISTRESSED",GII DIST,GII DISTRESSED,EN,2026,2,2362.5,14366.63
GNIIW538,"WALNUT 5"" NATURAL DISTRESSED",GII DIST,GII DISTRESSED,EN,2026,3,735.0,4437.65
GNIIW538,"WALNUT 5"" NATURAL DISTRESSED",GII DIST,GII DISTRESSED,EN,2026,4,2660.0,16484.65
GNIIW538,"WALNUT 5"" NATURAL DISTRESSED",GII DIST,GII DISTRESSED,EN,2026,5,1837.5,11006.63
GNIIW538,"WALNUT 5"" NATURAL DISTRESSED",GII DIST,GII DISTRESSED,EN,2026,6,8347.5,52080.53
GNIIW538,"WALNUT 5"" NATURAL DISTRESSED",GII DIST,GII DISTRESSED,EN,2026,7,4042.5,24648.75
GNPSO85801,"EURO OAK 8-5/8"" MIRAGE",PRIVATE SELECTION,PRIVATE SELECTION,EN,2024,5,5115.0,21171.45
GNPSO85801,"EURO OAK 8-5/8"" MIRAGE",PRIVATE SELECTION,PRIVATE SELECTION,EN,2024,6,620.0,2473.8
GNPSO85801,"EURO OAK 8-5/8"" MIRAGE",PRIVATE SELECTION,PRIVATE SELECTION,EN,2024,7,-155.0,-618.45
GNPSO85801,"EURO OAK 8-5/8"" MIRAGE",PRIVATE SELECTION,PRIVATE SELECTION,EN,2024,8,3875.0,15461.25
GNPSO85801,"EURO OAK 8-5/8"" MIRAGE",PRIVATE SELECTION,PRIVATE SELECTION,EN,2024,9,1116.0,4465.24
GNPSO85801,"EURO OAK 8-5/8"" MIRAGE",PRIVATE SELECTION,PRIVATE SELECTION,EN,2025,2,1426.0,6049.34
GNPSO85801,"EURO OAK 8-5/8"" MIRAGE",PRIVATE SELECTION,PRIVATE SELECTION,EN,2025,3,2945.0,13353.25
GNPSO85801,"EURO OAK 8-5/8"" MIRAGE",PRIVATE SELECTION,PRIVATE SELECTION,EN,2025,4,3069.0,14340.91
GNPSO85801,"EURO OAK 8-5/8"" MIRAGE",PRIVATE SELECTION,PRIVATE SELECTION,EN,2025,5,31.0,136.09
GNPSO85801,"EURO OAK 8-5/8"" MIRAGE",PRIVATE SELECTION,PRIVATE SELECTION,EN,2025,6,3596.0,15178.84
GNPSO85801,"EURO OAK 8-5/8"" MIRAGE",PRIVATE SELECTION,PRIVATE SELECTION,EN,2025,7,93.0,408.27
GNPSO85801,"EURO OAK 8-5/8"" MIRAGE",PRIVATE SELECTION,PRIVATE SELECTION,EN,2025,8,0.0,0.0
GNPSO85801,"EURO OAK 8-5/8"" MIRAGE",PRIVATE SELECTION,PRIVATE SELECTION,EN,2025,9,961.0,3834.39
GNPSO85801,"EURO OAK 8-5/8"" MIRAGE",PRIVATE SELECTION,PRIVATE SELECTION,EN,2025,10,2573.0,10700.27
GNPSO85801,"EURO OAK 8-5/8"" MIRAGE",PRIVATE SELECTION,PRIVATE SELECTION,EN,2025,12,1705.0,6802.95
GNPSO85801,"EURO OAK 8-5/8"" MIRAGE",PRIVATE SELECTION,PRIVATE SELECTION,EN,2026,4,155.0,705.56
GNPSO85801,"EURO OAK 8-5/8"" MIRAGE",PRIVATE SELECTION,PRIVATE SELECTION,EN,2026,5,1612.0,9014.18
GNPSO85801,"EURO OAK 8-5/8"" MIRAGE",PRIVATE SELECTION,PRIVATE SELECTION,EN,2026,7,434.0,2453.96
GNPSO85802,"EURO OAK 8-5/8"" MESA",PRIVATE SELECTION,PRIVATE SELECTION,EN,2024,5,3875.0,16760.15
GNPSO85802,"EURO OAK 8-5/8"" MESA",PRIVATE SELECTION,PRIVATE SELECTION,EN,2024,6,3131.0,13125.09
GNPSO85802,"EURO OAK 8-5/8"" MESA",PRIVATE SELECTION,PRIVATE SELECTION,EN,2024,7,31.0,0.0
GNPSO85802,"EURO OAK 8-5/8"" MESA",PRIVATE SELECTION,PRIVATE SELECTION,EN,2024,10,5301.0,21718.29
GNPSO85802,"EURO OAK 8-5/8"" MESA",PRIVATE SELECTION,PRIVATE SELECTION,EN,2024,12,2170.0,9300.0
GNPSO85802,"EURO OAK 8-5/8"" MESA",PRIVATE SELECTION,PRIVATE SELECTION,EN,2025,1,4278.0,16945.53
GNPSO85802,"EURO OAK 8-5/8"" MESA",PRIVATE SELECTION,PRIVATE SELECTION,EN,2025,2,8339.0,34233.61
GNPSO85802,"EURO OAK 8-5/8"" MESA",PRIVATE SELECTION,PRIVATE SELECTION,EN,2025,3,1426.0,6489.54
GNPSO85802,"EURO OAK 8-5/8"" MESA",PRIVATE SELECTION,PRIVATE SELECTION,EN,2025,4,4123.0,18099.97
GNPSO85802,"EURO OAK 8-5/8"" MESA",PRIVATE SELECTION,PRIVATE SELECTION,EN,2025,5,4185.0,17442.46
GNPSO85802,"EURO OAK 8-5/8"" MESA",PRIVATE SELECTION,PRIVATE SELECTION,EN,2025,6,5053.0,20986.07
GNPSO85802,"EURO OAK 8-5/8"" MESA",PRIVATE SELECTION,PRIVATE SELECTION,EN,2025,7,3100.0,13609.0
GNPSO85802,"EURO OAK 8-5/8"" MESA",PRIVATE SELECTION,PRIVATE SELECTION,EN,2025,8,-217.0,-952.63
GNPSO85802,"EURO OAK 8-5/8"" MESA",PRIVATE SELECTION,PRIVATE SELECTION,EN,2025,9,4805.0,21782.15
GNPSO85802,"EURO OAK 8-5/8"" MESA",PRIVATE SELECTION,PRIVATE SELECTION,EN,2025,10,2790.0,14976.1
GNPSO85802,"EURO OAK 8-5/8"" MESA",PRIVATE SELECTION,PRIVATE SELECTION,EN,2025,11,5735.0,22783.45
GNPSO85802,"EURO OAK 8-5/8"" MESA",PRIVATE SELECTION,PRIVATE SELECTION,EN,2025,12,1922.0,4773.38
GNPSO85802,"EURO OAK 8-5/8"" MESA",PRIVATE SELECTION,PRIVATE SELECTION,EN,2026,1,1798.0,7174.02
GNPSO85802,"EURO OAK 8-5/8"" MESA",PRIVATE SELECTION,PRIVATE SELECTION,EN,2026,2,868.0,3488.12
GNPSO85802,"EURO OAK 8-5/8"" MESA",PRIVATE SELECTION,PRIVATE SELECTION,EN,2026,3,620.0,2511.0
GNPSO85802,"EURO OAK 8-5/8"" MESA",PRIVATE SELECTION,PRIVATE SELECTION,EN,2026,4,62.0,176.39
GNPSO85802,"EURO OAK 8-5/8"" MESA",PRIVATE SELECTION,PRIVATE SELECTION,EN,2026,5,4340.0,22044.1
GNPSO85802,"EURO OAK 8-5/8"" MESA",PRIVATE SELECTION,PRIVATE SELECTION,EN,2026,6,62.0,337.28
GNPSO85803,"EURO OAK 8-5/8"" DUNE",PRIVATE SELECTION,PRIVATE SELECTION,EN,2024,7,1581.0,6308.19
GNPSO85803,"EURO OAK 8-5/8"" DUNE",PRIVATE SELECTION,PRIVATE SELECTION,EN,2024,10,992.0,4354.88
GNPSO85803,"EURO OAK 8-5/8"" DUNE",PRIVATE SELECTION,PRIVATE SELECTION,EN,2024,11,31.0,136.09
GNPSO85803,"EURO OAK 8-5/8"" DUNE",PRIVATE SELECTION,PRIVATE SELECTION,EN,2024,12,279.0,1224.81
GNPSO85803,"EURO OAK 8-5/8"" DUNE",PRIVATE SELECTION,PRIVATE SELECTION,EN,2025,1,2170.0,8658.3
GNPSO85803,"EURO OAK 8-5/8"" DUNE",PRIVATE SELECTION,PRIVATE SELECTION,EN,2025,2,7161.0,30494.39
GNPSO85803,"EURO OAK 8-5/8"" DUNE",PRIVATE SELECTION,PRIVATE SELECTION,EN,2025,3,217.0,952.63
GNPSO85803,"EURO OAK 8-5/8"" DUNE",PRIVATE SELECTION,PRIVATE SELECTION,EN,2025,4,31.0,0.0
GNPSO85803,"EURO OAK 8-5/8"" DUNE",PRIVATE SELECTION,PRIVATE SELECTION,EN,2025,5,3844.0,16875.16
GNPSO85803,"EURO OAK 8-5/8"" DUNE",PRIVATE SELECTION,PRIVATE SELECTION,EN,2025,6,1147.0,4737.73
GNPSO85803,"EURO OAK 8-5/8"" DUNE",PRIVATE SELECTION,PRIVATE SELECTION,EN,2025,7,4495.0,18384.55
GNPSO85803,"EURO OAK 8-5/8"" DUNE",PRIVATE SELECTION,PRIVATE SELECTION,EN,2025,8,2294.0,9066.57
GNPSO85803,"EURO OAK 8-5/8"" DUNE",PRIVATE SELECTION,PRIVATE SELECTION,EN,2025,9,-868.0,-3066.52
GNPSO85803,"EURO OAK 8-5/8"" DUNE",PRIVATE SELECTION,PRIVATE SELECTION,EN,2025,10,2232.0,8967.68
GNPSO85803,"EURO OAK 8-5/8"" DUNE",PRIVATE SELECTION,PRIVATE SELECTION,EN,2025,11,4650.0,18553.5
GNPSO85803,"EURO OAK 8-5/8"" DUNE",PRIVATE SELECTION,PRIVATE SELECTION,EN,2025,12,3503.0,15204.57
GNPSO85803,"EURO OAK 8-5/8"" DUNE",PRIVATE SELECTION,PRIVATE SELECTION,EN,2026,1,1891.0,8227.09
GNPSO85803,"EURO OAK 8-5/8"" DUNE",PRIVATE SELECTION,PRIVATE SELECTION,EN,2026,2,7750.0,30646.6
GNPSO85803,"EURO OAK 8-5/8"" DUNE",PRIVATE SELECTION,PRIVATE SELECTION,EN,2026,3,3441.0,16442.09
GNPSO85803,"EURO OAK 8-5/8"" DUNE",PRIVATE SELECTION,PRIVATE SELECTION,EN,2026,4,620.0,3311.11
GNPSO85803,"EURO OAK 8-5/8"" DUNE",PRIVATE SELECTION,PRIVATE SELECTION,EN,2026,5,3131.0,17378.29
GNPSO85803,"EURO OAK 8-5/8"" DUNE",PRIVATE SELECTION,PRIVATE SELECTION,EN,2026,6,310.0,1856.9
GNPSO85803,"EURO OAK 8-5/8"" DUNE",PRIVATE SELECTION,PRIVATE SELECTION,EN,2026,7,341.0,2005.39
GNPSO85804,"EURO OAK 8-5/8"" ADOBE",PRIVATE SELECTION,PRIVATE SELECTION,EN,2024,11,3689.0,14719.11
GNPSO85804,"EURO OAK 8-5/8"" ADOBE",PRIVATE SELECTION,PRIVATE SELECTION,EN,2024,12,2604.0,10389.96
GNPSO85804,"EURO OAK 8-5/8"" ADOBE",PRIVATE SELECTION,PRIVATE SELECTION,EN,2025,1,5611.0,22425.09
GNPSO85804,"EURO OAK 8-5/8"" ADOBE",PRIVATE SELECTION,PRIVATE SELECTION,EN,2025,2,6014.0,25645.06
GNPSO85804,"EURO OAK 8-5/8"" ADOBE",PRIVATE SELECTION,PRIVATE SELECTION,EN,2025,3,5735.0,25651.26
GNPSO85804,"EURO OAK 8-5/8"" ADOBE",PRIVATE SELECTION,PRIVATE SELECTION,EN,2025,4,2294.0,9463.06
GNPSO85804,"EURO OAK 8-5/8"" ADOBE",PRIVATE SELECTION,PRIVATE SELECTION,EN,2025,6,279.0,1125.61
GNPSO85804,"EURO OAK 8-5/8"" ADOBE",PRIVATE SELECTION,PRIVATE SELECTION,EN,2025,7,4278.0,17924.82
GNPSO85804,"EURO OAK 8-5/8"" ADOBE",PRIVATE SELECTION,PRIVATE SELECTION,EN,2025,8,217.0,822.43
GNPSO85804,"EURO OAK 8-5/8"" ADOBE",PRIVATE SELECTION,PRIVATE SELECTION,EN,2025,9,4991.0,22755.24
GNPSO85804,"EURO OAK 8-5/8"" ADOBE",PRIVATE SELECTION,PRIVATE SELECTION,EN,2025,10,5859.0,23377.41
GNPSO85804,"EURO OAK 8-5/8"" ADOBE",PRIVATE SELECTION,PRIVATE SELECTION,EN,2025,11,558.0,2362.82
GNPSO85804,"EURO OAK 8-5/8"" ADOBE",PRIVATE SELECTION,PRIVATE SELECTION,EN,2025,12,1457.0,5962.23
GNPSO85804,"EURO OAK 8-5/8"" ADOBE",PRIVATE SELECTION,PRIVATE SELECTION,EN,2026,1,1085.0,4525.38
GNPSO85804,"EURO OAK 8-5/8"" ADOBE",PRIVATE SELECTION,PRIVATE SELECTION,EN,2026,2,1395.0,6124.05
GNPSO85804,"EURO OAK 8-5/8"" ADOBE",PRIVATE SELECTION,PRIVATE SELECTION,EN,2026,3,5456.0,25573.14
GNPSO85804,"EURO OAK 8-5/8"" ADOBE",PRIVATE SELECTION,PRIVATE SELECTION,EN,2026,4,2418.0,10506.83
GNPSO85804,"EURO OAK 8-5/8"" ADOBE",PRIVATE SELECTION,PRIVATE SELECTION,EN,2026,5,1829.0,9508.01
GNPSO85804,"EURO OAK 8-5/8"" ADOBE",PRIVATE SELECTION,PRIVATE SELECTION,EN,2026,6,3286.0,17870.88
GNPSO85804,"EURO OAK 8-5/8"" ADOBE",PRIVATE SELECTION,PRIVATE SELECTION,EN,2026,7,2790.0,14936.42
GNPSO85805,"EURO OAK 8-5/8"" SAHARA",PRIVATE SELECTION,PRIVATE SELECTION,EN,2024,12,1705.0,7484.95
GNPSO85805,"EURO OAK 8-5/8"" SAHARA",PRIVATE SELECTION,PRIVATE SELECTION,EN,2025,3,899.0,3537.41
GNPSO85805,"EURO OAK 8-5/8"" SAHARA",PRIVATE SELECTION,PRIVATE SELECTION,EN,2025,4,2108.0,8410.92
GNPSO85805,"EURO OAK 8-5/8"" SAHARA",PRIVATE SELECTION,PRIVATE SELECTION,EN,2025,5,5301.0,22917.99
GNPSO85805,"EURO OAK 8-5/8"" SAHARA",PRIVATE SELECTION,PRIVATE SELECTION,EN,2025,8,0.0,0.0
GNPSO85805,"EURO OAK 8-5/8"" SAHARA",PRIVATE SELECTION,PRIVATE SELECTION,EN,2025,9,2914.0,11850.06
GNPSO85805,"EURO OAK 8-5/8"" SAHARA",PRIVATE SELECTION,PRIVATE SELECTION,EN,2025,11,3906.0,15584.94
GNPSO85805,"EURO OAK 8-5/8"" SAHARA",PRIVATE SELECTION,PRIVATE SELECTION,EN,2026,2,3348.0,14697.72
GNPSO85805,"EURO OAK 8-5/8"" SAHARA",PRIVATE SELECTION,PRIVATE SELECTION,EN,2026,3,1705.0,8337.45
GNPSO85805,"EURO OAK 8-5/8"" SAHARA",PRIVATE SELECTION,PRIVATE SELECTION,EN,2026,4,31.0,0.0
GNPSO85805,"EURO OAK 8-5/8"" SAHARA",PRIVATE SELECTION,PRIVATE SELECTION,EN,2026,6,2170.0,11262.3
GNPSO85805,"EURO OAK 8-5/8"" SAHARA",PRIVATE SELECTION,PRIVATE SELECTION,EN,2026,7,682.0,3539.58
GNPSO85806,"EURO OAK 8-5/8"" GOBI",PRIVATE SELECTION,PRIVATE SELECTION,EN,2024,7,5208.0,22512.82
GNPSO85806,"EURO OAK 8-5/8"" GOBI",PRIVATE SELECTION,PRIVATE SELECTION,EN,2024,8,2108.0,8410.92
GNPSO85806,"EURO OAK 8-5/8"" GOBI",PRIVATE SELECTION,PRIVATE SELECTION,EN,2024,9,6975.0,29814.25
GNPSO85806,"EURO OAK 8-5/8"" GOBI",PRIVATE SELECTION,PRIVATE SELECTION,EN,2024,10,3162.0,12628.78
GNPSO85806,"EURO OAK 8-5/8"" GOBI",PRIVATE SELECTION,PRIVATE SELECTION,EN,2024,11,8277.0,32033.23
GNPSO85806,"EURO OAK 8-5/8"" GOBI",PRIVATE SELECTION,PRIVATE SELECTION,EN,2024,12,4929.0,19666.71
GNPSO85806,"EURO OAK 8-5/8"" GOBI",PRIVATE SELECTION,PRIVATE SELECTION,EN,2025,1,15934.0,63452.97
GNPSO85806,"EURO OAK 8-5/8"" GOBI",PRIVATE SELECTION,PRIVATE SELECTION,EN,2025,2,1240.0,4947.6
GNPSO85806,"EURO OAK 8-5/8"" GOBI",PRIVATE SELECTION,PRIVATE SELECTION,EN,2025,3,4898.0,19543.02
GNPSO85806,"EURO OAK 8-5/8"" GOBI",PRIVATE SELECTION,PRIVATE SELECTION,EN,2025,4,14415.0,59989.65
GNPSO85806,"EURO OAK 8-5/8"" GOBI",PRIVATE SELECTION,PRIVATE SELECTION,EN,2025,5,7564.0,30980.47
GNPSO85806,"EURO OAK 8-5/8"" GOBI",PRIVATE SELECTION,PRIVATE SELECTION,EN,2025,6,3038.0,11424.12
GNPSO85806,"EURO OAK 8-5/8"" GOBI",PRIVATE SELECTION,PRIVATE SELECTION,EN,2025,7,3534.0,14956.26
GNPSO85806,"EURO OAK 8-5/8"" GOBI",PRIVATE SELECTION,PRIVATE SELECTION,EN,2025,8,7161.0,28333.69
GNPSO85806,"EURO OAK 8-5/8"" GOBI",PRIVATE SELECTION,PRIVATE SELECTION,EN,2025,9,7006.0,29014.14
GNPSO85806,"EURO OAK 8-5/8"" GOBI",PRIVATE SELECTION,PRIVATE SELECTION,EN,2025,10,9827.0,39730.53
GNPSO85806,"EURO OAK 8-5/8"" GOBI",PRIVATE SELECTION,PRIVATE SELECTION,EN,2025,11,3751.0,14706.09
GNPSO85806,"EURO OAK 8-5/8"" GOBI",PRIVATE SELECTION,PRIVATE SELECTION,EN,2025,12,1116.0,4452.84
GNPSO85806,"EURO OAK 8-5/8"" GOBI",PRIVATE SELECTION,PRIVATE SELECTION,EN,2026,1,9145.0,39604.05
GNPSO85806,"EURO OAK 8-5/8"" GOBI",PRIVATE SELECTION,PRIVATE SELECTION,EN,2026,2,4867.0,20185.03
GNPSO85806,"EURO OAK 8-5/8"" GOBI",PRIVATE SELECTION,PRIVATE SELECTION,EN,2026,3,4247.0,18067.73
GNPSO85806,"EURO OAK 8-5/8"" GOBI",PRIVATE SELECTION,PRIVATE SELECTION,EN,2026,4,6882.0,37060.19
GNPSO85806,"EURO OAK 8-5/8"" GOBI",PRIVATE SELECTION,PRIVATE SELECTION,EN,2026,5,9021.0,45737.09
GNPSO85806,"EURO OAK 8-5/8"" GOBI",PRIVATE SELECTION,PRIVATE SELECTION,EN,2026,6,6417.0,34593.83
GNPSO85806,"EURO OAK 8-5/8"" GOBI",PRIVATE SELECTION,PRIVATE SELECTION,EN,2026,7,1023.0,5551.48
GNSSH538,"HICKORY 5"" SMOOTH NATURAL",GII SMOOTH,GII SMOOTH,EN,2023,8,5040.0,28240.1
GNSSH538,"HICKORY 5"" SMOOTH NATURAL",GII SMOOTH,GII SMOOTH,EN,2023,9,4322.5,24371.03
GNSSH538,"HICKORY 5"" SMOOTH NATURAL",GII SMOOTH,GII SMOOTH,EN,2023,10,4935.0,28487.9
GNSSH538,"HICKORY 5"" SMOOTH NATURAL",GII SMOOTH,GII SMOOTH,EN,2023,11,7700.0,42849.98
GNSSH538,"HICKORY 5"" SMOOTH NATURAL",GII SMOOTH,GII SMOOTH,EN,2023,12,1732.5,10031.18
GNSSH538,"HICKORY 5"" SMOOTH NATURAL",GII SMOOTH,GII SMOOTH,EN,2024,1,5582.5,31850.18
GNSSH538,"HICKORY 5"" SMOOTH NATURAL",GII SMOOTH,GII SMOOTH,EN,2024,2,2012.5,11237.63
GNSSH538,"HICKORY 5"" SMOOTH NATURAL",GII SMOOTH,GII SMOOTH,EN,2024,3,770.0,4365.9
GNSSH538,"HICKORY 5"" SMOOTH NATURAL",GII SMOOTH,GII SMOOTH,EN,2024,4,4130.0,23170.7
GNSSH538,"HICKORY 5"" SMOOTH NATURAL",GII SMOOTH,GII SMOOTH,EN,2024,5,5985.0,34478.15
GNSSH538,"HICKORY 5"" SMOOTH NATURAL",GII SMOOTH,GII SMOOTH,EN,2024,6,3815.0,21712.6
GNSSH538,"HICKORY 5"" SMOOTH NATURAL",GII SMOOTH,GII SMOOTH,EN,2024,7,1522.5,8598.28
GNSSH538,"HICKORY 5"" SMOOTH NATURAL",GII SMOOTH,GII SMOOTH,EN,2024,8,2345.0,13577.55
GNSSH538,"HICKORY 5"" SMOOTH NATURAL",GII SMOOTH,GII SMOOTH,EN,2024,9,3815.0,21726.6
GNSSH538,"HICKORY 5"" SMOOTH NATURAL",GII SMOOTH,GII SMOOTH,EN,2024,10,6930.0,38733.45
GNSSH538,"HICKORY 5"" SMOOTH NATURAL",GII SMOOTH,GII SMOOTH,EN,2024,11,4777.55,26872.76
GNSSH538,"HICKORY 5"" SMOOTH NATURAL",GII SMOOTH,GII SMOOTH,EN,2024,12,5477.5,31312.23
GNSSH538,"HICKORY 5"" SMOOTH NATURAL",GII SMOOTH,GII SMOOTH,EN,2025,1,2030.0,11715.2
GNSSH538,"HICKORY 5"" SMOOTH NATURAL",GII SMOOTH,GII SMOOTH,EN,2025,2,1592.5,9057.83
GNSSH538,"HICKORY 5"" SMOOTH NATURAL",GII SMOOTH,GII SMOOTH,EN,2025,3,4007.5,22134.35
GNSSH538,"HICKORY 5"" SMOOTH NATURAL",GII SMOOTH,GII SMOOTH,EN,2025,4,2380.0,13664.7
GNSSH538,"HICKORY 5"" SMOOTH NATURAL",GII SMOOTH,GII SMOOTH,EN,2025,5,175.0,1002.75
GNSSH538,"HICKORY 5"" SMOOTH NATURAL",GII SMOOTH,GII SMOOTH,EN,2025,6,-17.5,-96.08
GNSSH538,"HICKORY 5"" SMOOTH NATURAL",GII SMOOTH,GII SMOOTH,EN,2025,7,8400.0,45524.5
GNSSH538,"HICKORY 5"" SMOOTH NATURAL",GII SMOOTH,GII SMOOTH,EN,2025,8,367.5,2103.33
GNSSH538,"HICKORY 5"" SMOOTH NATURAL",GII SMOOTH,GII SMOOTH,EN,2025,9,5880.0,33772.2
GNSSH538,"HICKORY 5"" SMOOTH NATURAL",GII SMOOTH,GII SMOOTH,EN,2025,10,2835.0,15726.9
GNSSH538,"HICKORY 5"" SMOOTH NATURAL",GII SMOOTH,GII SMOOTH,EN,2025,11,2012.5,11505.38
GNSSH538,"HICKORY 5"" SMOOTH NATURAL",GII SMOOTH,GII SMOOTH,EN,2025,12,3010.0,16726.15
GNSSH538,"HICKORY 5"" SMOOTH NATURAL",GII SMOOTH,GII SMOOTH,EN,2026,1,1925.0,10825.5
GNSSH538,"HICKORY 5"" SMOOTH NATURAL",GII SMOOTH,GII SMOOTH,EN,2026,2,5845.0,31998.23
GNSSH538,"HICKORY 5"" SMOOTH NATURAL",GII SMOOTH,GII SMOOTH,EN,2026,3,6807.5,39317.43
GNSSH538,"HICKORY 5"" SMOOTH NATURAL",GII SMOOTH,GII SMOOTH,EN,2026,4,-350.0,-2255.75
GNSSH538,"HICKORY 5"" SMOOTH NATURAL",GII SMOOTH,GII SMOOTH,EN,2026,5,3027.5,16893.98
GNSSH538,"HICKORY 5"" SMOOTH NATURAL",GII SMOOTH,GII SMOOTH,EN,2026,6,1242.5,7201.08
GNSSH538,"HICKORY 5"" SMOOTH NATURAL",GII SMOOTH,GII SMOOTH,EN,2026,7,822.5,4688.78
GNSSH551,"HICKORY 5"" SMOOTH CHATEAU",GII SMOOTH,GII SMOOTH,EN,2023,8,2292.5,13273.58
GNSSH551,"HICKORY 5"" SMOOTH CHATEAU",GII SMOOTH,GII SMOOTH,EN,2023,9,1522.5,8692.78
GNSSH551,"HICKORY 5"" SMOOTH CHATEAU",GII SMOOTH,GII SMOOTH,EN,2023,10,2555.0,14462.7
GNSSH551,"HICKORY 5"" SMOOTH CHATEAU",GII SMOOTH,GII SMOOTH,EN,2023,11,3535.0,20637.4
GNSSH551,"HICKORY 5"" SMOOTH CHATEAU",GII SMOOTH,GII SMOOTH,EN,2023,12,805.0,4419.45
GNSSH551,"HICKORY 5"" SMOOTH CHATEAU",GII SMOOTH,GII SMOOTH,EN,2024,1,157.5,805.18
GNSSH551,"HICKORY 5"" SMOOTH CHATEAU",GII SMOOTH,GII SMOOTH,EN,2024,2,-17.5,-96.08
GNSSH551,"HICKORY 5"" SMOOTH CHATEAU",GII SMOOTH,GII SMOOTH,EN,2024,3,4777.5,27672.23
GNSSH551,"HICKORY 5"" SMOOTH CHATEAU",GII SMOOTH,GII SMOOTH,EN,2024,4,4567.5,25906.83
GNSSH551,"HICKORY 5"" SMOOTH CHATEAU",GII SMOOTH,GII SMOOTH,EN,2024,5,2625.0,14400.75
GNSSH551,"HICKORY 5"" SMOOTH CHATEAU",GII SMOOTH,GII SMOOTH,EN,2024,6,3500.0,20254.5
GNSSH551,"HICKORY 5"" SMOOTH CHATEAU",GII SMOOTH,GII SMOOTH,EN,2024,7,560.0,3242.4
GNSSH551,"HICKORY 5"" SMOOTH CHATEAU",GII SMOOTH,GII SMOOTH,EN,2024,8,4445.0,24602.55
GNSSH551,"HICKORY 5"" SMOOTH CHATEAU",GII SMOOTH,GII SMOOTH,EN,2024,9,367.5,1996.58
GNSSH551,"HICKORY 5"" SMOOTH CHATEAU",GII SMOOTH,GII SMOOTH,EN,2024,10,3045.0,17646.3
GNSSH551,"HICKORY 5"" SMOOTH CHATEAU",GII SMOOTH,GII SMOOTH,EN,2024,11,3202.5,18188.98
GNSSH551,"HICKORY 5"" SMOOTH CHATEAU",GII SMOOTH,GII SMOOTH,EN,2024,12,3902.5,21424.73
GNSSH551,"HICKORY 5"" SMOOTH CHATEAU",GII SMOOTH,GII SMOOTH,EN,2025,1,2187.5,12200.13
GNSSH551,"HICKORY 5"" SMOOTH CHATEAU",GII SMOOTH,GII SMOOTH,EN,2025,2,3290.0,18623.85
GNSSH551,"HICKORY 5"" SMOOTH CHATEAU",GII SMOOTH,GII SMOOTH,EN,2025,3,105.0,644.7
GNSSH551,"HICKORY 5"" SMOOTH CHATEAU",GII SMOOTH,GII SMOOTH,EN,2025,5,5390.0,30686.78
GNSSH551,"HICKORY 5"" SMOOTH CHATEAU",GII SMOOTH,GII SMOOTH,EN,2025,6,947.5,5454.53
GNSSH551,"HICKORY 5"" SMOOTH CHATEAU",GII SMOOTH,GII SMOOTH,EN,2025,7,6615.0,37042.95
GNSSH551,"HICKORY 5"" SMOOTH CHATEAU",GII SMOOTH,GII SMOOTH,EN,2025,8,17.5,101.33
GNSSH551,"HICKORY 5"" SMOOTH CHATEAU",GII SMOOTH,GII SMOOTH,EN,2025,9,787.5,4358.55
GNSSH551,"HICKORY 5"" SMOOTH CHATEAU",GII SMOOTH,GII SMOOTH,EN,2025,10,6982.5,39622.1
GNSSH551,"HICKORY 5"" SMOOTH CHATEAU",GII SMOOTH,GII SMOOTH,EN,2025,11,385.0,2134.65
GNSSH551,"HICKORY 5"" SMOOTH CHATEAU",GII SMOOTH,GII SMOOTH,EN,2025,12,5477.5,30906.23
GNSSH551,"HICKORY 5"" SMOOTH CHATEAU",GII SMOOTH,GII SMOOTH,EN,2026,1,402.5,2514.23
GNSSH551,"HICKORY 5"" SMOOTH CHATEAU",GII SMOOTH,GII SMOOTH,EN,2026,2,4147.5,24579.28
GNSSH551,"HICKORY 5"" SMOOTH CHATEAU",GII SMOOTH,GII SMOOTH,EN,2026,3,1207.5,6718.43
GNSSH551,"HICKORY 5"" SMOOTH CHATEAU",GII SMOOTH,GII SMOOTH,EN,2026,4,1050.0,6027.0
GNSSH551,"HICKORY 5"" SMOOTH CHATEAU",GII SMOOTH,GII SMOOTH,EN,2026,5,6002.5,34421.98
GNSSH551,"HICKORY 5"" SMOOTH CHATEAU",GII SMOOTH,GII SMOOTH,EN,2026,6,2520.0,14050.05
GNSSH551,"HICKORY 5"" SMOOTH CHATEAU",GII SMOOTH,GII SMOOTH,EN,2026,7,1522.5,8810.03
GNSSM506,"MAPLE 5"" SMOOTH CHESTNUT",GII SMOOTH,GII SMOOTH,EN,2023,8,910.0,4544.4
GNSSM506,"MAPLE 5"" SMOOTH CHESTNUT",GII SMOOTH,GII SMOOTH,EN,2023,9,6212.5,31819.38
GNSSM506,"MAPLE 5"" SMOOTH CHESTNUT",GII SMOOTH,GII SMOOTH,EN,2023,10,1050.0,5442.5
GNSSM506,"MAPLE 5"" SMOOTH CHESTNUT",GII SMOOTH,GII SMOOTH,EN,2023,11,1680.0,8493.45
GNSSM506,"MAPLE 5"" SMOOTH CHESTNUT",GII SMOOTH,GII SMOOTH,EN,2023,12,1137.5,5581.63
GNSSM506,"MAPLE 5"" SMOOTH CHESTNUT",GII SMOOTH,GII SMOOTH,EN,2024,1,525.0,2567.25
GNSSM506,"MAPLE 5"" SMOOTH CHESTNUT",GII SMOOTH,GII SMOOTH,EN,2024,2,2065.0,10580.85
GNSSM506,"MAPLE 5"" SMOOTH CHESTNUT",GII SMOOTH,GII SMOOTH,EN,2024,3,490.0,2522.1
GNSSM506,"MAPLE 5"" SMOOTH CHESTNUT",GII SMOOTH,GII SMOOTH,EN,2024,4,1592.5,7897.58
GNSSM506,"MAPLE 5"" SMOOTH CHESTNUT",GII SMOOTH,GII SMOOTH,EN,2024,5,3675.0,18369.75
GNSSM506,"MAPLE 5"" SMOOTH CHESTNUT",GII SMOOTH,GII SMOOTH,EN,2024,6,2100.0,10892.0
GNSSM506,"MAPLE 5"" SMOOTH CHESTNUT",GII SMOOTH,GII SMOOTH,EN,2024,7,1540.0,7992.6
GNSSM506,"MAPLE 5"" SMOOTH CHESTNUT",GII SMOOTH,GII SMOOTH,EN,2024,8,3430.0,17747.45
GNSSM506,"MAPLE 5"" SMOOTH CHESTNUT",GII SMOOTH,GII SMOOTH,EN,2024,9,5127.5,26191.73
GNSSM506,"MAPLE 5"" SMOOTH CHESTNUT",GII SMOOTH,GII SMOOTH,EN,2024,10,3307.5,16420.43
GNSSM506,"MAPLE 5"" SMOOTH CHESTNUT",GII SMOOTH,GII SMOOTH,EN,2024,11,210.0,1074.15
GNSSM506,"MAPLE 5"" SMOOTH CHESTNUT",GII SMOOTH,GII SMOOTH,EN,2024,12,315.0,1634.85
GNSSM506,"MAPLE 5"" SMOOTH CHESTNUT",GII SMOOTH,GII SMOOTH,EN,2025,1,2047.5,10514.7
GNSSM506,"MAPLE 5"" SMOOTH CHESTNUT",GII SMOOTH,GII SMOOTH,EN,2025,2,1260.0,6511.4
GNSSM506,"MAPLE 5"" SMOOTH CHESTNUT",GII SMOOTH,GII SMOOTH,EN,2025,3,3535.0,17498.08
GNSSM506,"MAPLE 5"" SMOOTH CHESTNUT",GII SMOOTH,GII SMOOTH,EN,2025,4,1242.5,7070.53
GNSSM506,"MAPLE 5"" SMOOTH CHESTNUT",GII SMOOTH,GII SMOOTH,EN,2025,5,3482.5,17283.18
GNSSM506,"MAPLE 5"" SMOOTH CHESTNUT",GII SMOOTH,GII SMOOTH,EN,2025,6,4112.5,20110.13
GNSSM506,"MAPLE 5"" SMOOTH CHESTNUT",GII SMOOTH,GII SMOOTH,EN,2025,7,2695.0,15542.8
GNSSM506,"MAPLE 5"" SMOOTH CHESTNUT",GII SMOOTH,GII SMOOTH,EN,2025,8,192.5,1009.58
GNSSM506,"MAPLE 5"" SMOOTH CHESTNUT",GII SMOOTH,GII SMOOTH,EN,2025,9,3132.5,14455.18
GNSSM506,"MAPLE 5"" SMOOTH CHESTNUT",GII SMOOTH,GII SMOOTH,EN,2025,10,1960.0,10172.4
GNSSM506,"MAPLE 5"" SMOOTH CHESTNUT",GII SMOOTH,GII SMOOTH,EN,2025,11,1907.5,9364.43
GNSSM506,"MAPLE 5"" SMOOTH CHESTNUT",GII SMOOTH,GII SMOOTH,EN,2025,12,525.0,2593.5
GNSSM506,"MAPLE 5"" SMOOTH CHESTNUT",GII SMOOTH,GII SMOOTH,EN,2026,1,3342.5,17148.08
GNSSM506,"MAPLE 5"" SMOOTH CHESTNUT",GII SMOOTH,GII SMOOTH,EN,2026,2,3937.5,20467.13
GNSSM506,"MAPLE 5"" SMOOTH CHESTNUT",GII SMOOTH,GII SMOOTH,EN,2026,3,1785.0,8791.65
GNSSM506,"MAPLE 5"" SMOOTH CHESTNUT",GII SMOOTH,GII SMOOTH,EN,2026,4,1680.0,8552.95
GNSSM506,"MAPLE 5"" SMOOTH CHESTNUT",GII SMOOTH,GII SMOOTH,EN,2026,6,1260.0,6434.4
GNSSM506,"MAPLE 5"" SMOOTH CHESTNUT",GII SMOOTH,GII SMOOTH,EN,2026,7,3150.0,15713.25
GNSSM508,"MAPLE 5"" SMOOTH ESPRESSO",GII SMOOTH,GII SMOOTH,EN,2023,8,2887.5,14926.63
GNSSM508,"MAPLE 5"" SMOOTH ESPRESSO",GII SMOOTH,GII SMOOTH,EN,2023,9,5757.5,28823.38
GNSSM508,"MAPLE 5"" SMOOTH ESPRESSO",GII SMOOTH,GII SMOOTH,EN,2023,10,5092.5,24910.2
GNSSM508,"MAPLE 5"" SMOOTH ESPRESSO",GII SMOOTH,GII SMOOTH,EN,2023,11,2590.0,12759.6
GNSSM508,"MAPLE 5"" SMOOTH ESPRESSO",GII SMOOTH,GII SMOOTH,EN,2023,12,2695.0,13630.05
GNSSM508,"MAPLE 5"" SMOOTH ESPRESSO",GII SMOOTH,GII SMOOTH,EN,2024,1,2887.5,14770.88
GNSSM508,"MAPLE 5"" SMOOTH ESPRESSO",GII SMOOTH,GII SMOOTH,EN,2024,2,402.5,1878.98
GNSSM508,"MAPLE 5"" SMOOTH ESPRESSO",GII SMOOTH,GII SMOOTH,EN,2024,3,1365.0,6737.85
GNSSM508,"MAPLE 5"" SMOOTH ESPRESSO",GII SMOOTH,GII SMOOTH,EN,2024,4,1697.5,8799.53
GNSSM508,"MAPLE 5"" SMOOTH ESPRESSO",GII SMOOTH,GII SMOOTH,EN,2024,5,-17.5,-90.83
GNSSM508,"MAPLE 5"" SMOOTH ESPRESSO",GII SMOOTH,GII SMOOTH,EN,2024,6,1137.5,5630.63
GNSSM508,"MAPLE 5"" SMOOTH ESPRESSO",GII SMOOTH,GII SMOOTH,EN,2024,7,1417.5,7299.08
GNSSM508,"MAPLE 5"" SMOOTH ESPRESSO",GII SMOOTH,GII SMOOTH,EN,2024,8,1715.0,8890.35
GNSSM508,"MAPLE 5"" SMOOTH ESPRESSO",GII SMOOTH,GII SMOOTH,EN,2024,9,2415.0,12035.1
GNSSM508,"MAPLE 5"" SMOOTH ESPRESSO",GII SMOOTH,GII SMOOTH,EN,2024,10,3290.0,17444.35
GNSSM508,"MAPLE 5"" SMOOTH ESPRESSO",GII SMOOTH,GII SMOOTH,EN,2024,11,2117.5,9969.58
GNSSM508,"MAPLE 5"" SMOOTH ESPRESSO",GII SMOOTH,GII SMOOTH,EN,2024,12,2135.0,10786.65
GNSSM508,"MAPLE 5"" SMOOTH ESPRESSO",GII SMOOTH,GII SMOOTH,EN,2025,1,1662.5,8518.13
GNSSM508,"MAPLE 5"" SMOOTH ESPRESSO",GII SMOOTH,GII SMOOTH,EN,2025,2,857.5,4287.68
GNSSM508,"MAPLE 5"" SMOOTH ESPRESSO",GII SMOOTH,GII SMOOTH,EN,2025,3,4165.0,20889.58
GNSSM508,"MAPLE 5"" SMOOTH ESPRESSO",GII SMOOTH,GII SMOOTH,EN,2025,4,2047.5,10165.4
GNSSM508,"MAPLE 5"" SMOOTH ESPRESSO",GII SMOOTH,GII SMOOTH,EN,2025,5,3325.0,16647.93
GNSSM508,"MAPLE 5"" SMOOTH ESPRESSO",GII SMOOTH,GII SMOOTH,EN,2025,6,2380.0,11895.45
GNSSM508,"MAPLE 5"" SMOOTH ESPRESSO",GII SMOOTH,GII SMOOTH,EN,2025,7,735.0,3513.83
GNSSM508,"MAPLE 5"" SMOOTH ESPRESSO",GII SMOOTH,GII SMOOTH,EN,2025,8,3517.5,17446.8
GNSSM508,"MAPLE 5"" SMOOTH ESPRESSO",GII SMOOTH,GII SMOOTH,EN,2025,9,1487.5,7541.63
GNSSM508,"MAPLE 5"" SMOOTH ESPRESSO",GII SMOOTH,GII SMOOTH,EN,2025,10,1750.0,9082.5
GNSSM508,"MAPLE 5"" SMOOTH ESPRESSO",GII SMOOTH,GII SMOOTH,EN,2025,11,1190.0,5777.45
GNSSM508,"MAPLE 5"" SMOOTH ESPRESSO",GII SMOOTH,GII SMOOTH,EN,2025,12,5425.0,27394.5
GNSSM508,"MAPLE 5"" SMOOTH ESPRESSO",GII SMOOTH,GII SMOOTH,EN,2026,1,2572.5,12668.78
GNSSM508,"MAPLE 5"" SMOOTH ESPRESSO",GII SMOOTH,GII SMOOTH,EN,2026,2,3185.0,16336.08
GNSSM508,"MAPLE 5"" SMOOTH ESPRESSO",GII SMOOTH,GII SMOOTH,EN,2026,3,2537.5,12264.88
GNSSM508,"MAPLE 5"" SMOOTH ESPRESSO",GII SMOOTH,GII SMOOTH,EN,2026,4,2922.5,14740.08
GNSSM508,"MAPLE 5"" SMOOTH ESPRESSO",GII SMOOTH,GII SMOOTH,EN,2026,5,2450.0,12085.5
GNSSM508,"MAPLE 5"" SMOOTH ESPRESSO",GII SMOOTH,GII SMOOTH,EN,2026,6,2257.5,11250.93
GNSSM508,"MAPLE 5"" SMOOTH ESPRESSO",GII SMOOTH,GII SMOOTH,EN,2026,7,2940.0,14518.35
GNSSM554,"MAPLE 5"" SMOOTH WHEAT",GII SMOOTH,GII SMOOTH,EN,2023,8,8382.5,44816.98
GNSSM554,"MAPLE 5"" SMOOTH WHEAT",GII SMOOTH,GII SMOOTH,EN,2023,9,6160.0,31127.95
GNSSM554,"MAPLE 5"" SMOOTH WHEAT",GII SMOOTH,GII SMOOTH,EN,2023,10,11165.0,56479.85
GNSSM554,"MAPLE 5"" SMOOTH WHEAT",GII SMOOTH,GII SMOOTH,EN,2023,11,5670.0,27926.68
GNSSM554,"MAPLE 5"" SMOOTH WHEAT",GII SMOOTH,GII SMOOTH,EN,2023,12,4532.5,23012.68
GNSSM554,"MAPLE 5"" SMOOTH WHEAT",GII SMOOTH,GII SMOOTH,EN,2024,1,840.0,4364.85
GNSSM554,"MAPLE 5"" SMOOTH WHEAT",GII SMOOTH,GII SMOOTH,EN,2024,2,3220.0,16566.55
GNSSM554,"MAPLE 5"" SMOOTH WHEAT",GII SMOOTH,GII SMOOTH,EN,2024,3,3605.0,18477.2
GNSSM554,"MAPLE 5"" SMOOTH WHEAT",GII SMOOTH,GII SMOOTH,EN,2024,4,4025.0,20345.5
GNSSM554,"MAPLE 5"" SMOOTH WHEAT",GII SMOOTH,GII SMOOTH,EN,2024,5,5250.0,28796.25
GNSSM554,"MAPLE 5"" SMOOTH WHEAT",GII SMOOTH,GII SMOOTH,EN,2024,6,3430.0,17134.95
GNSSM554,"MAPLE 5"" SMOOTH WHEAT",GII SMOOTH,GII SMOOTH,EN,2024,7,3955.0,20253.45
GNSSM554,"MAPLE 5"" SMOOTH WHEAT",GII SMOOTH,GII SMOOTH,EN,2024,8,5897.5,29867.78
GNSSM554,"MAPLE 5"" SMOOTH WHEAT",GII SMOOTH,GII SMOOTH,EN,2024,9,5092.5,25691.58
GNSSM554,"MAPLE 5"" SMOOTH WHEAT",GII SMOOTH,GII SMOOTH,EN,2024,10,6930.0,36083.95
GNSSM554,"MAPLE 5"" SMOOTH WHEAT",GII SMOOTH,GII SMOOTH,EN,2024,11,7437.5,37611.88
GNSSM554,"MAPLE 5"" SMOOTH WHEAT",GII SMOOTH,GII SMOOTH,EN,2024,12,3902.5,19658.98
GNSSM554,"MAPLE 5"" SMOOTH WHEAT",GII SMOOTH,GII SMOOTH,EN,2025,1,857.5,4121.43
GNSSM554,"MAPLE 5"" SMOOTH WHEAT",GII SMOOTH,GII SMOOTH,EN,2025,2,682.5,3689.18
GNSSM554,"MAPLE 5"" SMOOTH WHEAT",GII SMOOTH,GII SMOOTH,EN,2025,3,3412.5,17636.68
GNSSM554,"MAPLE 5"" SMOOTH WHEAT",GII SMOOTH,GII SMOOTH,EN,2025,4,6720.0,33644.45
GNSSM554,"MAPLE 5"" SMOOTH WHEAT",GII SMOOTH,GII SMOOTH,EN,2025,5,4847.5,25279.8
GNSSM554,"MAPLE 5"" SMOOTH WHEAT",GII SMOOTH,GII SMOOTH,EN,2025,6,5110.0,25875.15
GNSSM554,"MAPLE 5"" SMOOTH WHEAT",GII SMOOTH,GII SMOOTH,EN,2025,7,1977.5,10058.48
GNSSM554,"MAPLE 5"" SMOOTH WHEAT",GII SMOOTH,GII SMOOTH,EN,2025,8,2870.0,14632.98
GNSSM554,"MAPLE 5"" SMOOTH WHEAT",GII SMOOTH,GII SMOOTH,EN,2025,9,3552.5,17397.98
GNSSM554,"MAPLE 5"" SMOOTH WHEAT",GII SMOOTH,GII SMOOTH,EN,2025,10,2555.0,12898.2
GNSSM554,"MAPLE 5"" SMOOTH WHEAT",GII SMOOTH,GII SMOOTH,EN,2025,11,3080.0,15416.63
GNSSM554,"MAPLE 5"" SMOOTH WHEAT",GII SMOOTH,GII SMOOTH,EN,2025,12,2887.5,14576.63
GNSSM554,"MAPLE 5"" SMOOTH WHEAT",GII SMOOTH,GII SMOOTH,EN,2026,1,5900.5,30007.95
GNSSM554,"MAPLE 5"" SMOOTH WHEAT",GII SMOOTH,GII SMOOTH,EN,2026,2,5390.0,27323.1
GNSSM554,"MAPLE 5"" SMOOTH WHEAT",GII SMOOTH,GII SMOOTH,EN,2026,3,7350.0,36897.0
GNSSM554,"MAPLE 5"" SMOOTH WHEAT",GII SMOOTH,GII SMOOTH,EN,2026,4,5950.0,30752.75
GNSSM554,"MAPLE 5"" SMOOTH WHEAT",GII SMOOTH,GII SMOOTH,EN,2026,5,5005.0,25094.3
GNSSM554,"MAPLE 5"" SMOOTH WHEAT",GII SMOOTH,GII SMOOTH,EN,2026,6,5477.5,27217.23
GNSSM554,"MAPLE 5"" SMOOTH WHEAT",GII SMOOTH,GII SMOOTH,EN,2026,7,5320.0,26263.3
GNSSM577,"MAPLE 5"" SMOOTH SYRUP",GII SMOOTH,GII SMOOTH,EN,2023,8,2922.5,14669.03
GNSSM577,"MAPLE 5"" SMOOTH SYRUP",GII SMOOTH,GII SMOOTH,EN,2023,9,2065.0,10564.05
GNSSM577,"MAPLE 5"" SMOOTH SYRUP",GII SMOOTH,GII SMOOTH,EN,2023,10,3150.0,16917.25
GNSSM577,"MAPLE 5"" SMOOTH SYRUP",GII SMOOTH,GII SMOOTH,EN,2023,11,3605.0,18450.08
GNSSM577,"MAPLE 5"" SMOOTH SYRUP",GII SMOOTH,GII SMOOTH,EN,2023,12,4760.0,23183.65
GNSSM577,"MAPLE 5"" SMOOTH SYRUP",GII SMOOTH,GII SMOOTH,EN,2024,1,1890.0,9280.6
GNSSM577,"MAPLE 5"" SMOOTH SYRUP",GII SMOOTH,GII SMOOTH,EN,2024,2,1942.5,9404.33
GNSSM577,"MAPLE 5"" SMOOTH SYRUP",GII SMOOTH,GII SMOOTH,EN,2024,3,4042.5,20222.83
GNSSM577,"MAPLE 5"" SMOOTH SYRUP",GII SMOOTH,GII SMOOTH,EN,2024,4,3692.5,18591.83
GNSSM577,"MAPLE 5"" SMOOTH SYRUP",GII SMOOTH,GII SMOOTH,EN,2024,5,3185.0,16731.4
GNSSM577,"MAPLE 5"" SMOOTH SYRUP",GII SMOOTH,GII SMOOTH,EN,2024,6,3167.5,14919.98
GNSSM577,"MAPLE 5"" SMOOTH SYRUP",GII SMOOTH,GII SMOOTH,EN,2024,7,1662.5,8397.38
GNSSM577,"MAPLE 5"" SMOOTH SYRUP",GII SMOOTH,GII SMOOTH,EN,2024,8,1225.0,6490.75
GNSSM577,"MAPLE 5"" SMOOTH SYRUP",GII SMOOTH,GII SMOOTH,EN,2024,9,2065.0,10664.85
GNSSM577,"MAPLE 5"" SMOOTH SYRUP",GII SMOOTH,GII SMOOTH,EN,2024,10,5022.5,25484.03
GNSSM577,"MAPLE 5"" SMOOTH SYRUP",GII SMOOTH,GII SMOOTH,EN,2024,11,3202.5,16090.73
GNSSM577,"MAPLE 5"" SMOOTH SYRUP",GII SMOOTH,GII SMOOTH,EN,2024,12,2555.0,13215.3
GNSSM577,"MAPLE 5"" SMOOTH SYRUP",GII SMOOTH,GII SMOOTH,EN,2025,1,17.5,82.08
GNSSM577,"MAPLE 5"" SMOOTH SYRUP",GII SMOOTH,GII SMOOTH,EN,2025,2,1242.5,6242.25
GNSSM577,"MAPLE 5"" SMOOTH SYRUP",GII SMOOTH,GII SMOOTH,EN,2025,3,6860.0,34422.15
GNSSM577,"MAPLE 5"" SMOOTH SYRUP",GII SMOOTH,GII SMOOTH,EN,2025,4,4480.0,22159.2
GNSSM577,"MAPLE 5"" SMOOTH SYRUP",GII SMOOTH,GII SMOOTH,EN,2025,5,2800.0,14651.0
GNSSM577,"MAPLE 5"" SMOOTH SYRUP",GII SMOOTH,GII SMOOTH,EN,2025,6,-3570.0,-17200.05
GNSSM577,"MAPLE 5"" SMOOTH SYRUP",GII SMOOTH,GII SMOOTH,EN,2025,7,1435.0,7043.4
GNSSM577,"MAPLE 5"" SMOOTH SYRUP",GII SMOOTH,GII SMOOTH,EN,2025,8,6300.0,32238.5
GNSSM577,"MAPLE 5"" SMOOTH SYRUP",GII SMOOTH,GII SMOOTH,EN,2025,9,1785.0,8739.15
GNSSM577,"MAPLE 5"" SMOOTH SYRUP",GII SMOOTH,GII SMOOTH,EN,2025,10,3675.0,18594.8
GNSSM577,"MAPLE 5"" SMOOTH SYRUP",GII SMOOTH,GII SMOOTH,EN,2025,11,1697.5,8342.78
GNSSM577,"MAPLE 5"" SMOOTH SYRUP",GII SMOOTH,GII SMOOTH,EN,2025,12,875.0,4541.25
GNSSM577,"MAPLE 5"" SMOOTH SYRUP",GII SMOOTH,GII SMOOTH,EN,2026,1,2887.5,14986.13
GNSSM577,"MAPLE 5"" SMOOTH SYRUP",GII SMOOTH,GII SMOOTH,EN,2026,2,4340.0,21777.53
GNSSM577,"MAPLE 5"" SMOOTH SYRUP",GII SMOOTH,GII SMOOTH,EN,2026,3,2362.5,12679.63
GNSSM577,"MAPLE 5"" SMOOTH SYRUP",GII SMOOTH,GII SMOOTH,EN,2026,4,8505.0,43566.95
GNSSM577,"MAPLE 5"" SMOOTH SYRUP",GII SMOOTH,GII SMOOTH,EN,2026,5,1207.5,6207.43
GNSSM577,"MAPLE 5"" SMOOTH SYRUP",GII SMOOTH,GII SMOOTH,EN,2026,6,4480.0,22663.2
GNSSM577,"MAPLE 5"" SMOOTH SYRUP",GII SMOOTH,GII SMOOTH,EN,2026,7,1417.5,7253.75
GNSSW523,"WALNUT 5"" SMOOTH ANTIQUE",GII SMOOTH,GII SMOOTH,EN,2023,8,630.0,4025.7
GNSSW523,"WALNUT 5"" SMOOTH ANTIQUE",GII SMOOTH,GII SMOOTH,EN,2023,9,1120.0,7438.55
GNSSW523,"WALNUT 5"" SMOOTH ANTIQUE",GII SMOOTH,GII SMOOTH,EN,2023,10,385.0,2320.15
GNSSW523,"WALNUT 5"" SMOOTH ANTIQUE",GII SMOOTH,GII SMOOTH,EN,2023,11,1592.5,10176.08
GNSSW523,"WALNUT 5"" SMOOTH ANTIQUE",GII SMOOTH,GII SMOOTH,EN,2023,12,1960.0,12482.4
GNSSW523,"WALNUT 5"" SMOOTH ANTIQUE",GII SMOOTH,GII SMOOTH,EN,2024,1,1662.5,11431.88
GNSSW523,"WALNUT 5"" SMOOTH ANTIQUE",GII SMOOTH,GII SMOOTH,EN,2024,2,1137.5,6932.63
GNSSW523,"WALNUT 5"" SMOOTH ANTIQUE",GII SMOOTH,GII SMOOTH,EN,2024,3,927.5,5910.98
GNSSW523,"WALNUT 5"" SMOOTH ANTIQUE",GII SMOOTH,GII SMOOTH,EN,2024,4,367.5,2925.83
GNSSW523,"WALNUT 5"" SMOOTH ANTIQUE",GII SMOOTH,GII SMOOTH,EN,2024,5,1855.0,11051.95
GNSSW523,"WALNUT 5"" SMOOTH ANTIQUE",GII SMOOTH,GII SMOOTH,EN,2024,6,175.0,1065.75
GNSSW523,"WALNUT 5"" SMOOTH ANTIQUE",GII SMOOTH,GII SMOOTH,EN,2024,7,5127.5,32540.73
GNSSW523,"WALNUT 5"" SMOOTH ANTIQUE",GII SMOOTH,GII SMOOTH,EN,2024,8,1067.5,6821.33
GNSSW523,"WALNUT 5"" SMOOTH ANTIQUE",GII SMOOTH,GII SMOOTH,EN,2024,9,2922.5,18630.15
GNSSW523,"WALNUT 5"" SMOOTH ANTIQUE",GII SMOOTH,GII SMOOTH,EN,2024,10,822.5,5014.28
GNSSW523,"WALNUT 5"" SMOOTH ANTIQUE",GII SMOOTH,GII SMOOTH,EN,2024,11,1225.0,7698.25
GNSSW523,"WALNUT 5"" SMOOTH ANTIQUE",GII SMOOTH,GII SMOOTH,EN,2024,12,1592.5,10097.33
GNSSW523,"WALNUT 5"" SMOOTH ANTIQUE",GII SMOOTH,GII SMOOTH,EN,2025,1,2450.0,14661.5
GNSSW523,"WALNUT 5"" SMOOTH ANTIQUE",GII SMOOTH,GII SMOOTH,EN,2025,2,2012.5,12460.88
GNSSW523,"WALNUT 5"" SMOOTH ANTIQUE",GII SMOOTH,GII SMOOTH,EN,2025,3,280.0,1598.63
GNSSW523,"WALNUT 5"" SMOOTH ANTIQUE",GII SMOOTH,GII SMOOTH,EN,2025,4,297.5,2049.78
GNSSW523,"WALNUT 5"" SMOOTH ANTIQUE",GII SMOOTH,GII SMOOTH,EN,2025,5,770.0,4862.55
GNSSW523,"WALNUT 5"" SMOOTH ANTIQUE",GII SMOOTH,GII SMOOTH,EN,2025,6,630.0,3847.2
GNSSW523,"WALNUT 5"" SMOOTH ANTIQUE",GII SMOOTH,GII SMOOTH,EN,2025,7,612.5,3852.63
GNSSW523,"WALNUT 5"" SMOOTH ANTIQUE",GII SMOOTH,GII SMOOTH,EN,2025,8,682.5,4244.1
GNSSW523,"WALNUT 5"" SMOOTH ANTIQUE",GII SMOOTH,GII SMOOTH,EN,2025,9,2730.0,16783.2
GNSSW523,"WALNUT 5"" SMOOTH ANTIQUE",GII SMOOTH,GII SMOOTH,EN,2025,10,1837.5,11652.38
GNSSW523,"WALNUT 5"" SMOOTH ANTIQUE",GII SMOOTH,GII SMOOTH,EN,2025,11,857.5,5664.93
GNSSW523,"WALNUT 5"" SMOOTH ANTIQUE",GII SMOOTH,GII SMOOTH,EN,2025,12,3465.0,22141.35
GNSSW523,"WALNUT 5"" SMOOTH ANTIQUE",GII SMOOTH,GII SMOOTH,EN,2026,1,-945.0,-6054.3
GNSSW523,"WALNUT 5"" SMOOTH ANTIQUE",GII SMOOTH,GII SMOOTH,EN,2026,2,630.0,3862.95
GNSSW523,"WALNUT 5"" SMOOTH ANTIQUE",GII SMOOTH,GII SMOOTH,EN,2026,3,2240.0,14313.6
GNSSW523,"WALNUT 5"" SMOOTH ANTIQUE",GII SMOOTH,GII SMOOTH,EN,2026,4,4165.0,26094.6
GNSSW523,"WALNUT 5"" SMOOTH ANTIQUE",GII SMOOTH,GII SMOOTH,EN,2026,5,-157.5,-969.5
GNSSW523,"WALNUT 5"" SMOOTH ANTIQUE",GII SMOOTH,GII SMOOTH,EN,2026,6,3465.0,21938.35
GNSSW523,"WALNUT 5"" SMOOTH ANTIQUE",GII SMOOTH,GII SMOOTH,EN,2026,7,6195.0,37708.3
GNSSW538,"WALNUT 5"" NATURAL SMOOTH",GII SMOOTH,GII SMOOTH,EN,2023,8,1610.0,8943.9
GNSSW538,"WALNUT 5"" NATURAL SMOOTH",GII SMOOTH,GII SMOOTH,EN,2023,9,2065.0,13144.6
GNSSW538,"WALNUT 5"" NATURAL SMOOTH",GII SMOOTH,GII SMOOTH,EN,2023,10,6107.5,37899.93
GNSSW538,"WALNUT 5"" NATURAL SMOOTH",GII SMOOTH,GII SMOOTH,EN,2023,11,350.0,2183.13
GNSSW538,"WALNUT 5"" NATURAL SMOOTH",GII SMOOTH,GII SMOOTH,EN,2023,12,717.5,4625.08
GNSSW538,"WALNUT 5"" NATURAL SMOOTH",GII SMOOTH,GII SMOOTH,EN,2024,1,5967.5,37042.08
GNSSW538,"WALNUT 5"" NATURAL SMOOTH",GII SMOOTH,GII SMOOTH,EN,2024,2,962.5,6197.63
GNSSW538,"WALNUT 5"" NATURAL SMOOTH",GII SMOOTH,GII SMOOTH,EN,2024,3,367.5,2348.33
GNSSW538,"WALNUT 5"" NATURAL SMOOTH",GII SMOOTH,GII SMOOTH,EN,2024,4,3150.0,19643.75
GNSSW538,"WALNUT 5"" NATURAL SMOOTH",GII SMOOTH,GII SMOOTH,EN,2024,5,2415.0,14738.85
GNSSW538,"WALNUT 5"" NATURAL SMOOTH",GII SMOOTH,GII SMOOTH,EN,2024,6,140.0,894.6
GNSSW538,"WALNUT 5"" NATURAL SMOOTH",GII SMOOTH,GII SMOOTH,EN,2024,7,1960.0,11941.65
GNSSW538,"WALNUT 5"" NATURAL SMOOTH",GII SMOOTH,GII SMOOTH,EN,2024,8,1592.5,10086.83
GNSSW538,"WALNUT 5"" NATURAL SMOOTH",GII SMOOTH,GII SMOOTH,EN,2024,9,245.0,1479.8
GNSSW538,"WALNUT 5"" NATURAL SMOOTH",GII SMOOTH,GII SMOOTH,EN,2024,10,10885.0,65831.15
GNSSW538,"WALNUT 5"" NATURAL SMOOTH",GII SMOOTH,GII SMOOTH,EN,2024,11,927.5,5658.98
GNSSW538,"WALNUT 5"" NATURAL SMOOTH",GII SMOOTH,GII SMOOTH,EN,2024,12,560.0,3578.4
GNSSW538,"WALNUT 5"" NATURAL SMOOTH",GII SMOOTH,GII SMOOTH,EN,2025,1,280.0,1789.2
GNSSW538,"WALNUT 5"" NATURAL SMOOTH",GII SMOOTH,GII SMOOTH,EN,2025,2,-35.0,-223.65
GNSSW538,"WALNUT 5"" NATURAL SMOOTH",GII SMOOTH,GII SMOOTH,EN,2025,3,560.0,3461.33
GNSSW538,"WALNUT 5"" NATURAL SMOOTH",GII SMOOTH,GII SMOOTH,EN,2025,4,2485.0,15782.9
GNSSW538,"WALNUT 5"" NATURAL SMOOTH",GII SMOOTH,GII SMOOTH,EN,2025,5,2012.5,12140.63
GNSSW538,"WALNUT 5"" NATURAL SMOOTH",GII SMOOTH,GII SMOOTH,EN,2025,6,3202.5,19959.98
GNSSW538,"WALNUT 5"" NATURAL SMOOTH",GII SMOOTH,GII SMOOTH,EN,2025,7,4165.0,25863.6
GNSSW538,"WALNUT 5"" NATURAL SMOOTH",GII SMOOTH,GII SMOOTH,EN,2025,8,1855.0,11307.45
GNSSW538,"WALNUT 5"" NATURAL SMOOTH",GII SMOOTH,GII SMOOTH,EN,2025,9,4252.5,27173.48
GNSSW538,"WALNUT 5"" NATURAL SMOOTH",GII SMOOTH,GII SMOOTH,EN,2025,10,945.0,6038.55
GNSSW538,"WALNUT 5"" NATURAL SMOOTH",GII SMOOTH,GII SMOOTH,EN,2025,11,1120.0,7445.55
GNSSW538,"WALNUT 5"" NATURAL SMOOTH",GII SMOOTH,GII SMOOTH,EN,2025,12,1977.5,12331.73
GNSSW538,"WALNUT 5"" NATURAL SMOOTH",GII SMOOTH,GII SMOOTH,EN,2026,1,1050.0,6699.0
GNSSW538,"WALNUT 5"" NATURAL SMOOTH",GII SMOOTH,GII SMOOTH,EN,2026,2,3937.5,23433.38
GNSSW538,"WALNUT 5"" NATURAL SMOOTH",GII SMOOTH,GII SMOOTH,EN,2026,3,1347.5,7747.78
GNSSW538,"WALNUT 5"" NATURAL SMOOTH",GII SMOOTH,GII SMOOTH,EN,2026,4,4970.0,30741.55
GNSSW538,"WALNUT 5"" NATURAL SMOOTH",GII SMOOTH,GII SMOOTH,EN,2026,5,6422.5,39601.28
GNSSW538,"WALNUT 5"" NATURAL SMOOTH",GII SMOOTH,GII SMOOTH,EN,2026,6,2327.5,14646.98
GNSSW538,"WALNUT 5"" NATURAL SMOOTH",GII SMOOTH,GII SMOOTH,EN,2026,7,2030.0,12488.7
PFSHEO338,3/4 X 3.25 EN.W/O NATURAL   MB,30 SHEEN CLEAR SHEOGA,SHEOGA,EN,2026,4,1302.0,14959.98
PFSHEO338,3/4 X 3.25 EN.W/O NATURAL   MB,30 SHEEN CLEAR SHEOGA,SHEOGA,EN,2026,5,21.0,241.29
PFSHEO538,3/4 X 5.25 EN.W/O FRESH CUT MB,5 SHEEN CLEAR SHEOGA,SHEOGA,EN,2025,11,525.0,6819.75
PFSHEO538,3/4 X 5.25 EN.W/O FRESH CUT MB,5 SHEEN CLEAR SHEOGA,SHEOGA,EN,2025,12,1260.0,16367.4
PFSHEO538,3/4 X 5.25 EN.W/O FRESH CUT MB,5 SHEEN CLEAR SHEOGA,SHEOGA,EN,2026,2,21.0,272.79
PFSHEO538-205,3/4 X 5.25 EN.W/O FRESH CUT MB,5 SHEEN CLEAR SHEOGA,SHEOGA,EN,2026,6,20.5,266.3
PFSHEO538-205,3/4 X 5.25 EN.W/O FRESH CUT MB,5 SHEEN CLEAR SHEOGA,SHEOGA,EN,2026,7,553.5,6923.67
PFSHSO238-22,3/4 X 2.25 SOLID W/O NAT. MB,30 SHEEN CLEAR SHEOGA,SHEOGA,EN,2026,4,22.0,241.78
PFSHSO238-22,3/4 X 2.25 SOLID W/O NAT. MB,30 SHEEN CLEAR SHEOGA,SHEOGA,EN,2026,5,-22.0,-241.78
PFSHSO238-22,3/4 X 2.25 SOLID W/O NAT. MB,30 SHEEN CLEAR SHEOGA,SHEOGA,EN,2026,6,22.0,241.78
