file,sku,demand_class,forecast_method,hist_weeks,hist_mean_wk,recent_mean_wk,fc_mean_wk,ratio_fc_recent,ratio_fc_hist,max_fcst_backorders,min_fcst_ending_inventory,flags
sundries,AAFL026-5,INTERMITTENT,RANDOM_FOREST,59,0.03389830508474576,0.019230769230769232,0.0,0.0,0.0,0.0,9.0,
sundries,AAFL187,LUMPY,SBA,144,0.9236111111111112,1.3076923076923077,0.8803417385534174,0.6732025054378113,0.9531519564995354,0.0,11.65,
sundries,AALB113,INTERMITTENT,HOLT_DAMPED,239,0.200836820083682,0.15384615384615385,0.1826239583718066,1.1870557217008806,0.9093151215319888,0.0,20.24,
sundries,AALB128,INTERMITTENT,HISTORICAL_MEAN_CAPPED,275,0.03636363636363636,0.057692307692307696,0.1730769230769231,2.999999948000001,4.759615253725966,0.0,2.23,fc_vs_history_too_high
sundries,ABNO40811,INTERMITTENT,HISTORICAL_MEAN_CAPPED,30,3.3333333333333335,3.3333333333333335,10.0,2.9999999991,2.9999999991,0.0,94.29,
sundries,ABNO40813,INTERMITTENT,XGBOOST,28,10.714285714285714,10.714285714285714,0.0006665436667390168,6.221074222316856e-05,6.221074222316856e-05,0.0,-0.0,fc_vs_recent_too_low
sundries,ABNO69003,INTERMITTENT,HISTORICAL_MEAN_CAPPED,25,4.0,4.0,12.0,2.99999999925,2.99999999925,0.0,119.43,
sundries,ABNO69004,SMOOTH,HISTORICAL_MEAN_CAPPED,20,5.0,5.0,10.0,1.9999999996,1.9999999996,0.0,101.43,monthly_level_rare_in_history
sundries,AB3M20576,INTERMITTENT,RANDOM_FOREST,34,0.14705882352941177,0.14705882352941177,0.0,0.0,0.0,0.0,7.14,
sundries,AB3M27805,INTERMITTENT,COLD_START_RECENT_ZERO,9,0.2222222222222222,0.2222222222222222,0.0,0.0,0.0,0.0,16.0,
sundries,AB3M27806,SMOOTH,HISTORICAL_MEAN_CAPPED,10,0.6,0.6,1.2000000000000004,1.9999999966666675,1.9999999966666675,0.0,5.31,monthly_level_rare_in_history
sundries,AB3M27818,INTERMITTENT,RANDOM_FOREST,49,0.04081632653061224,0.04081632653061224,0.0,0.0,0.0,0.0,92.0,
sundries,AB3M27819,LUMPY,RECENT_AVG,285,0.10175438596491228,0.057692307692307696,0.07692307692307694,1.333333310222223,0.7559681623319311,0.0,80.89,
sundries,AB3M86395,LUMPY,SBA,297,0.494949494949495,0.38461538461538464,0.46927710843373505,1.2201204787553976,0.9481312987974442,0.0,29.93,
sundries,AB3M86396,LUMPY,HOLT_DAMPED,297,0.4612794612794613,0.6538461538461539,0.47671357423759636,0.7290913477188901,1.0334593521286766,0.0,28.53,
sundries,AB3M86434,INTERMITTENT,TSB,298,0.5704697986577181,1.1730769230769231,1.2869606025708886,1.097081168469475,2.2559662287873348,0.0,6.67,
sundries,AB36RRP,SMOOTH,RANDOM_FOREST,299,9.454849498327759,12.346153846153847,11.535624928992577,0.9343496826464608,1.2200749393010182,0.0,28.41,
sundries,ACBUKA1606,INTERMITTENT,RANDOM_FOREST,169,0.023668639053254437,0.019230769230769232,0.0,0.0,0.0,0.0,1.43,
sundries,ACBUPD0516,INTERMITTENT,RECENT_AVG,291,0.09965635738831616,0.09615384615384616,0.19230769230769226,1.9999999791999996,1.9297082034480468,0.0,2.73,
sundries,ACBUP809,INTERMITTENT,SBA,299,0.5785953177257525,0.8653846153846154,0.5474844461862538,0.6326486926397215,0.9462303417732199,0.0,2.79,
sundries,ACCEKA1296,INTERMITTENT,XGBOOST,299,0.43812709030100333,0.3076923076923077,0.582848262686569,1.8942568475750141,1.3303177873703749,0.0,2.42,
sundries,ACEDB50,INTERMITTENT,SAFE_MEAN,297,0.6026936026936027,0.6153846153846154,0.6026936026936027,0.9793771027856166,0.9999999983407821,0.0,15.8,
sundries,ACEDB60,INTERMITTENT,HOLT_DAMPED,298,1.3120805369127517,1.2307692307692308,1.2871454683545769,1.0458056921883765,0.9809957782028826,0.0,3.11,
sundries,ACEDB60V,INTERMITTENT,SBA,298,1.4563758389261745,1.9615384615384615,1.3813431343134306,0.704214146545875,0.9484798473335375,0.0,5.88,
sundries,ACNAMAB,INTERMITTENT,SBA,297,0.3434343434343434,0.34615384615384615,0.3237820823244552,0.9353704573462448,0.9427772369642976,0.0,16.7,
sundries,ACNAMAS,INTERMITTENT,RECENT_AVG,299,0.1939799331103679,0.1346153846153846,0.07692307692307694,0.5714285671836736,0.3965517220936386,0.0,31.89,
sundries,ACNAMASW,INTERMITTENT,CROSTON,299,1.4882943143812708,1.6153846153846154,1.9183767343896094,1.187566549125074,1.2889767262855936,0.0,7.1,
sundries,ACNAMAW,SMOOTH,HOLT_DAMPED,299,2.6153846153846154,3.1538461538461537,2.6163611796195,0.829577934738268,1.0003733918249602,0.0,6.86,
sundries,ACNAMAW16,INTERMITTENT,SBA,67,0.7910447761194029,0.7884615384615384,0.7749879749879748,0.9829115767869095,0.9797017784632887,0.0,4.69,
sundries,ACNAMHB,LUMPY,SBA,296,0.2668918918918919,0.17307692307692307,0.25247500961168784,1.4587444915503394,0.9459823109499852,0.0,38.51,
sundries,ACNAMHW,SMOOTH,CROSTON,299,5.839464882943144,6.5,6.706787362711581,1.0318134402584258,1.1485277325929857,0.0,15.49,
sundries,ACSAB10L,LUMPY,CROSTON,299,0.9826956521739131,0.7115384615384616,0.6403322688536913,0.8999264306377236,0.6516079182659905,0.0,23.79,
sundries,ACSAB1000,INTERMITTENT,SBA,298,0.4664429530201342,0.40384615384615385,0.4451748841129372,1.1023378055500557,0.9544037063398776,0.0,29.21,
sundries,ACSAB30X,LUMPY,HOLT_DAMPED,299,1.0033444816053512,0.7884615384615384,0.8770170115983922,1.112314257201855,0.8740936206885508,0.0,5.65,
sundries,ACSASC25BU,INTERMITTENT,SBA,298,1.5,1.4230769230769231,1.4270821157218003,1.0028144589917196,0.9513880765136081,0.0,7.75,
sundries,ACSASC26B,INTERMITTENT,CROSTON,298,0.46308724832214765,0.34615384615384615,0.3529115093593859,1.0195221352040509,0.7620842721883759,0.0,26.14,
sundries,ACSASC26G,INTERMITTENT,SBA,299,0.5083612040133779,0.46153846153846156,0.4829101829101828,1.0463053940384008,0.9499351605665398,0.0,19.2,
sundries,ACSASC26R,INTERMITTENT,TSB,298,0.5067114093959731,0.4423076923076923,0.37266345117067423,0.8425434529157739,0.7354550213887108,0.0,22.09,
sundries,ACSWCR552,INTERMITTENT,CROSTON,278,0.046762589928057555,0.11538461538461539,0.06356815784475162,0.550924029879839,1.3593805771487038,0.0,18.6,
sundries,ACSWCR556,SMOOTH,HOLT_DAMPED,299,2.20066889632107,1.8461538461538463,1.8258398722867193,0.9889965969529331,0.8296749567867117,0.0,4.12,
sundries,ACSWCR787,INTERMITTENT,SBA,294,0.3843537414965986,0.36538461538461536,0.3621498671028421,0.9911470019899024,0.9422306252320333,0.0,15.65,
sundries,ACSWCR789,INTERMITTENT,CROSTON,290,0.07241379310344828,0.057692307692307696,0.08166784157687011,1.4155758961290996,1.1277939871539082,0.0,22.64,
sundries,ACSWCR803,INTERMITTENT,SBA,299,0.05016722408026756,0.07692307692307693,0.04551393728222998,0.5916811769771344,0.9072444650747112,0.0,59.57,
sundries,ACSWCR805,INTERMITTENT,CROSTON,295,0.13220338983050847,0.038461538461538464,0.09563628598721322,2.486543371017416,0.7234026705852337,0.0,24.89,
sundries,ACSWCR821,ERRATIC,CROSTON,299,3.9866220735785953,2.1153846153846154,2.002540784020877,0.9466556429078136,0.5023151797584311,0.0,8.2,
sundries,ACSWCR822,INTERMITTENT,HOLT_DAMPED,290,0.16551724137931034,0.23076923076923078,0.16401544058905343,0.7107335728060526,0.9909266142386829,0.0,28.24,
sundries,ACSWCR836,INTERMITTENT,SBA,280,0.6357142857142857,0.7115384615384616,0.6007295334158024,0.8442685322626963,0.9449678038867062,0.0,4.9,
sundries,ACSWM711008,INTERMITTENT,HOLT_DAMPED,298,0.31208053691275167,0.2692307692307692,0.18847288807161963,0.7000421530944306,0.6039238759717562,0.0,13.93,
sundries,ACSWM711202,INTERMITTENT,RECENT_AVG,295,0.15593220338983052,0.17307692307692307,0.19230769230769226,1.1111111046913578,1.233277584064181,0.0,23.73,
sundries,ACVADH24,INTERMITTENT,HISTORICAL_MEAN_CAPPED,89,0.033707865168539325,0.019230769230769232,0.05769230769230768,2.9999998440000075,1.7115384107628218,0.0,10.92,
sundries,ACVAEA70131P,INTERMITTENT,SBA,299,0.7391304347826086,1.1153846153846154,0.7021580457822068,0.6295210059989595,0.949978531243603,0.0,3.48,
sundries,ACVAVAKITSP2,SMOOTH,RANDOM_FOREST,53,0.03773584905660377,0.019230769230769232,0.0,0.0,0.0,0.0,1.43,
sundries,ACVAVAKITSP4,INTERMITTENT,CROSTON,289,0.058823529411764705,0.038461538461538464,0.056242459008687934,1.4623038962059849,0.9561217868936245,0.0,1.69,
sundries,ACVAVA513R,INTERMITTENT,CROSTON,262,0.10305343511450382,0.21153846153846154,0.14951190202441972,0.7067835335015529,1.4508191833438273,0.0,20.01,
sundries,ACVAVA70120R,INTERMITTENT,RECENT_AVG,201,0.04477611940298507,0.019230769230769232,0.03846153846153847,1.9999998960000058,0.858974339790599,0.0,1.95,
sundries,ACVAVP01011,SMOOTH,CROSTON,299,8.89733779264214,9.692307692307692,9.338834523466113,0.9635305459724888,1.04962121704983,0.0,36.72,
sundries,ACVAVP1000,LUMPY,SBA,282,0.7198581560283688,0.8653846153846154,0.6851016588955496,0.7916730271422574,0.9517175740894613,0.0,3.9,
sundries,ACVAVP2511380A,INTERMITTENT,RANDOM_FOREST,31,0.06451612903225806,0.06451612903225806,0.0,0.0,0.0,0.0,2.86,
sundries,ACVAVP950,INTERMITTENT,RECENT_AVG,270,0.2037037037037037,0.21153846153846154,0.03846153846153847,0.18181818095867774,0.18881118788429757,0.0,24.95,
sundries,ADBOA38910,ERRATIC,TSB,299,75.75919732441471,85.67307692307692,86.62395486133063,1.0110989119498577,1.1434117297896864,0.0,689.76,
sundries,ADBOG621304G-,LUMPY,RECENT_AVG,299,4.494983277591973,0.038461538461538464,0.03846153846153847,0.9999999740000008,0.008556547617144044,0.0,51.95,
sundries,ADBOG62640,LUMPY,HISTORICAL_MEAN_CAPPED,299,18.57190635451505,0.038461538461538464,0.11538461538461536,2.9999999220000015,0.006212857914306203,0.0,7.34,
sundries,ADBOG626404G-,SMOOTH,RANDOM_FOREST,174,79.816091954023,108.36538461538461,93.29811464091469,0.8609586444157575,1.1689135906765382,0.0,277.87,
sundries,ADBOG641304G-,SMOOTH,SBA,146,24.506849315068493,23.807692307692307,23.275813157251154,0.9776593571294199,0.9497676693180555,0.0,55.93,
sundries,ADBOG68250,ERRATIC,TSB,299,48.36120401337793,68.5,62.44620023290972,0.911623361051067,1.2912457724241995,0.0,202.62,
sundries,ADBOG69931,SMOOTH,CROSTON,299,78.18060200668896,127.0576923076923,110.44377529786377,0.8692411556597117,1.4126749150256193,0.0,358.56,
sundries,ADBO70088,LUMPY,SAFE_MEAN,157,5.779834394904459,3.326923076923077,5.773464968152869,1.735376752911616,0.9988979913064459,0.0,324.53,
sundries,ADBO90122,LUMPY,TSB,228,13.153508771929825,31.634615384615383,27.463635721085442,0.8681514027059569,2.0879322920745023,0.0,100.74,
sundries,ADDO091488,SMOOTH,TSB,299,29.668896321070235,40.55769230769231,32.93926266315771,0.8121582069426122,1.1102287832208542,0.0,65.74,
sundries,ADDR41414,ERRATIC,HISTORICAL_MEAN_CAPPED,140,11.116757142857143,1.0576923076923077,2.6442307692307696,2.4999999976363636,0.23785990239895716,0.0,25.18,
sundries,ADDR605,SMOOTH,HOLT_DAMPED,299,78.68896321070234,81.63461538461539,48.44562607125962,0.5934446538691733,0.6156597328766806,0.0,251.54,
sundries,ADDR7700,ERRATIC,SAFE_MEAN_CAPPED,236,23.968300847457627,2.9615384615384617,7.403846153846152,2.4999999991558437,0.3089015863351279,0.0,55.46,
sundries,ADDR7900,LUMPY,HISTORICAL_MEAN_CAPPED,224,5.482142857142857,0.019230769230769232,0.05769230769230768,2.9999998440000075,0.010523678274201642,0.0,84.92,
sundries,ADDR8100,ERRATIC,SBA,299,10.110220735785953,10.557692307692308,9.598546084119898,0.9091519058778847,0.9493903579370595,0.0,56.77,
sundries,ADDUCO4,SMOOTH,TSB,299,36.096989966555185,35.19230769230769,31.837473423105948,0.9046713759314025,0.881998012901414,0.0,94.63,
sundries,ADFR1415,INTERMITTENT,CROSTON,299,1.1638795986622072,0.7692307692307693,0.8936608638429898,1.1617591214855998,0.7678293047686006,0.0,14.25,
sundries,ADFR1416,INTERMITTENT,HOLT_DAMPED,299,0.6387959866220736,0.5961538461538461,0.6065603426766812,1.0174560569767648,0.9495368700335926,0.0,3.59,
sundries,ADFR5065,SMOOTH,TSB,298,2.922818791946309,4.019230769230769,3.521479300079944,0.8761575289885019,1.20482299777817,0.0,17.94,
sundries,ADFR5066,SMOOTH,CROSTON,299,1.859531772575251,2.480769230769231,2.485115670934652,1.0017520529962076,1.336420117283941,0.0,9.15,
sundries,ADLN90210,ERRATIC,CROSTON,299,13.324414715719064,10.26923076923077,8.8406318096594,0.8608854944897428,0.6634911924924137,0.0,26.74,
sundries,ADOM9000,SMOOTH,TSB,299,109.07357859531773,110.48076923076923,86.55204985749722,0.7834128098431885,0.7935198511990436,0.0,440.18,
sundries,ADSI106403,SMOOTH,SBA,157,31.37579617834395,26.442307692307693,30.187743506493494,1.1416455725660335,0.962134740229075,0.0,55.55,
sundries,ADSI174759,ERRATIC,TSB,105,25.752380952380953,20.865384615384617,12.392337296413446,0.5939184694770648,0.4812113225121615,0.0,76.65,
sundries,ADSI184915,LUMPY,SBA,15,5.6,5.6,5.371153846153845,0.9591346152133412,0.9591346152133412,0.0,31.91,
sundries,ADSI414788,SMOOTH,SBA,105,79.22857142857143,76.1923076923077,75.26714285714287,0.9878575034124333,0.9499999999880095,0.0,206.08,
sundries,ADSI505423,LUMPY,SBA,155,3.9483870967741934,3.4615384615384617,3.738311688311688,1.0799567096447222,0.946794626701893,0.0,15.64,
sundries,ADSI525540,ERRATIC,RANDOM_FOREST,105,15.380114285714287,24.07523076923077,35.26707140598292,1.4648695060315249,2.293030516453799,0.0,116.16,
sundries,ADSI583769,SMOOTH,TSB,105,56.34285714285714,69.61538461538461,59.030624011491575,0.8479537150700188,1.0477037730048355,0.0,166.69,
sundries,ADSI749711,ERRATIC,COLD_START_CONSERVATIVE_MEAN,6,51.666666666666664,51.666666666666664,51.66666666666666,0.999999999980645,0.999999999980645,0.0,169.52,
sundries,ADSI776374,ERRATIC,CROSTON,18,12.11111111111111,12.11111111111111,14.888251861280754,1.2293051994537894,1.2293051994537894,0.0,41.36,monthly_level_rare_in_history
sundries,ADSI779240,INTERMITTENT,SBA,11,3.4545454545454546,3.4545454545454546,3.8678571428571424,1.1196428568187498,1.1196428568187498,0.0,17.36,monthly_level_rare_in_history
sundries,ADSI812628,LUMPY,TSB,12,1.0,1.0,1.3094505980981106,1.3094505967886598,1.3094505967886598,0.0,8.4,monthly_level_rare_in_history
sundries,ADSI813119,INTERMITTENT,RANDOM_FOREST,13,6.3076923076923075,6.3076923076923075,4.741811813186813,0.7517506531909246,0.7517506531909246,0.0,22.24,
sundries,ADSI861390,LUMPY,SBA,15,8.286933333333334,8.286933333333334,7.497701587301587,0.9047619046527253,0.9047619046527253,0.0,190.41,
sundries,ADWAFL007,LUMPY,HISTORICAL_MEAN_CAPPED,291,0.29896907216494845,0.038461538461538464,0.11538461538461536,2.9999999220000015,0.3859416432714259,0.0,46.84,
sundries,ADWAFL010,ERRATIC,CROSTON,299,11.250836120401338,6.9423076923076925,6.478367073881731,0.9331719883471609,0.5758120555643489,0.0,26.81,
sundries,ADWAFL014,INTERMITTENT,HISTORICAL_MEAN_CAPPED,21,0.19047619047619047,0.19047619047619047,0.5714285714285714,2.99999998425,2.99999998425,0.0,5.71,monthly_level_rare_in_history
sundries,ADWAFL017,SMOOTH,TSB,299,14.117056856187292,17.51923076923077,14.366682151799722,0.8200521096058647,1.0176825309367046,0.0,21.97,
sundries,ADWAFL049,LUMPY,RECENT_AVG,299,0.24749163879598662,0.23076923076923078,0.11538461538461536,0.4999999978333332,0.46621621433245064,0.0,17.84,
sundries,ADWAFL086,ERRATIC,HOLT_DAMPED,297,12.321313131313131,6.4423076923076925,2.3973315609372245,0.37212310790861275,0.19456786262903486,0.0,144.91,
sundries,ADWAFL088,ERRATIC,XGBOOST,299,25.025879598662204,25.96153846153846,21.32657049710934,0.8214679005977551,0.8521806561155678,0.0,128.74,
sundries,ADWAFL089,LUMPY,HISTORICAL_MEAN_CAPPED,299,0.6086956521739131,0.038461538461538464,0.11538461538461536,2.9999999220000015,0.1895604392490188,0.0,6.92,
sundries,ADWAFL092,LUMPY,RECENT_AVG,268,0.458955223880597,0.09615384615384616,0.11538461538461536,1.1999999875199998,0.2514071289081285,0.0,103.84,
sundries,ADWAFL106,INTERMITTENT,XGBOOST,290,0.2620689655172414,0.23076923076923078,0.039031513035297394,0.16913655575336362,0.14893603601374725,0.0,19.91,
sundries,ADWAFL112,LUMPY,SBA,297,11.019609427609428,9.005846153846154,10.449851636946228,1.1603409004852963,0.9482960085514485,0.0,48.83,
sundries,ADWAFL124,LUMPY,SAFE_MEAN,276,0.7753623188405797,0.5192307692307693,0.7717391304347825,1.4863123964933498,0.9953271015200453,0.0,13.58,
sundries,ADWAFL130,LUMPY,SBA,296,8.83445945945946,13.096153846153847,8.341741285577232,0.6369611553845728,0.9442276941687836,0.0,128.22,
sundries,ADWAFL180,LUMPY,CROSTON,166,0.4879518072289157,0.21153846153846154,0.41222815358162956,1.9487148986283238,0.8448132512877963,0.0,5.24,order_up_to_below_rop
sundries,ADWAFL188,LUMPY,RECENT_AVG,38,1.9210526315789473,1.9210526315789473,0.05263157894736843,0.02739726025971102,0.02739726025971102,0.0,52.21,fc_vs_recent_too_low
sundries,AGBO30618568,INTERMITTENT,RANDOM_FOREST,155,0.16129032258064516,0.057692307692307696,0.0,0.0,0.0,0.0,29.0,
sundries,AGDRWG1,INTERMITTENT,RECENT_AVG,263,0.06463878326996197,0.038461538461538464,0.03846153846153847,0.9999999740000008,0.5950226152290394,0.0,14.95,
sundries,APDT7718,SMOOTH,CROSTON,299,2.7123745819397995,3.326923076923077,2.879957906721323,0.8656520873092189,1.0617847272406928,0.0,4.21,
sundries,APDT7724,INTERMITTENT,SBA,103,0.13592233009708737,0.15384615384615385,0.12314814814814817,0.8004629577599539,0.9060185118528111,0.0,10.42,
sundries,APDT7818,INTERMITTENT,SBA,297,0.31313131313131315,0.4423076923076923,0.29455236486486486,0.6659444755801678,0.9406672267256633,0.0,13.26,
sundries,APDT8036,SMOOTH,CROSTON,299,16.48494983277592,17.25,15.904262897219228,0.9219862548578112,0.9647747222519946,0.0,25.57,
sundries,APDT8040,SMOOTH,SBA,299,6.418060200668896,6.076923076923077,6.096949823145291,1.0032955403524804,0.9499676898574266,0.0,24.94,
sundries,APLB004,LUMPY,CROSTON,299,0.5217391304347826,0.6730769230769231,0.6860247167364897,1.0192367204942043,1.314880704558084,0.0,27.35,
sundries,APLB020,LUMPY,SAFE_MEAN,293,0.34812286689419797,0.40384615384615385,0.3447098976109216,0.8535673633991627,0.9901960755869859,0.0,29.58,
sundries,APLB022,INTERMITTENT,RANDOM_FOREST,198,0.025252525252525252,0.019230769230769232,0.0,0.0,0.0,0.0,26.0,
sundries,APLB077,SMOOTH,HOLT_DAMPED,299,2.762541806020067,3.1346153846153846,3.0252019830248953,0.9650951108411633,1.0950791677929963,0.0,5.75,
sundries,APLB126,ERRATIC,CROSTON,299,2.5010903010033445,2.019230769230769,1.757592578154474,0.8704268001787662,0.7027305558486483,0.0,4.78,
sundries,APLB127,INTERMITTENT,HOLT_DAMPED,294,0.7721088435374149,1.0,1.0036982718223042,1.0036982708186057,1.2999440155664048,0.0,3.76,
sundries,APLP10,INTERMITTENT,RECENT_AVG,293,0.29692832764505117,0.1346153846153846,0.03846153846153847,0.2857142835918368,0.12953138771583994,0.0,44.95,
sundries,APLP12,INTERMITTENT,CROSTON,298,0.28859060402684567,0.21153846153846154,0.22334220390169499,1.055799504362415,0.7739067038614058,0.0,23.07,
sundries,APLP14,INTERMITTENT,SBA,299,0.391304347826087,0.4423076923076923,0.36914135473604087,0.834580452298954,0.9433612374701812,0.0,8.28,
sundries,APLP16,INTERMITTENT,SBA,299,0.5551839464882943,0.6346153846153846,0.5322999428779144,0.8387756662434914,0.9587812206856676,0.0,23.56,
sundries,APLP18,INTERMITTENT,SBA,294,0.6326530612244898,0.7307692307692307,0.5985711374866283,0.8190973449134634,0.9461285706607898,0.0,17.02,
sundries,APSH7,INTERMITTENT,RANDOM_FOREST,294,0.047619047619047616,0.019230769230769232,0.0,0.0,0.0,0.0,21.0,
sundries,APSH9,INTERMITTENT,RECENT_AVG,296,0.11148648648648649,0.057692307692307696,0.07692307692307694,1.333333310222223,0.6899766837878084,0.0,57.89,
sundries,APTAP2,SMOOTH,TSB,299,34.40468227424749,40.65384615384615,34.6807112167501,0.8530733127846005,1.0080230051041976,0.0,48.55,
sundries,APTAP26,LUMPY,SBA,120,0.8083333333333333,0.8653846153846154,0.7591860273521172,0.8772816305931432,0.9391992079335068,0.0,81.44,
sundries,APUN14,INTERMITTENT,RANDOM_FOREST,297,0.6464646464646465,0.038461538461538464,0.0,0.0,0.0,0.0,5.0,
sundries,ARDT8037,SMOOTH,HOLT_DAMPED,299,37.30434782608695,48.78846153846154,48.44583881540453,0.9929773820849037,1.2986646768350059,0.0,91.71,
sundries,ARDT8041,SMOOTH,CROSTON,299,13.08695652173913,15.76923076923077,16.00514499497682,1.0149604142512398,1.2229845011838478,0.0,20.06,
sundries,ARFP14,LUMPY,RANDOM_FOREST,299,0.38461538461538464,0.019230769230769232,0.0,0.0,0.0,0.0,13.0,
sundries,ARFP16,LUMPY,RANDOM_FOREST,299,0.7993311036789298,0.0,0.0,0.0,0.0,0.0,28.0,
sundries,ARLB031,SMOOTH,HOLT_DAMPED,299,11.474916387959865,16.25,16.4933076723066,1.0149727797717925,1.4373357603001777,0.0,20.97,
sundries,ARLB116,INTERMITTENT,XGBOOST,41,0.926829268292683,0.926829268292683,7.728964556008577e-05,8.339145959327544e-05,8.339145959327544e-05,0.0,70.0,fc_vs_recent_too_low
sundries,ARLP10,INTERMITTENT,HOLT_DAMPED,299,0.3277591973244147,0.28846153846153844,0.26284940962869585,0.9112112835539465,0.8019589106040239,0.0,33.96,
sundries,ARLP12,INTERMITTENT,SBA,290,0.30344827586206896,0.21153846153846154,0.2879448909299656,1.3611940234160111,0.948909296528481,0.0,28.62,
sundries,ARLP14,INTERMITTENT,SBA,296,0.5608108108108109,0.4807692307692308,0.5327886372254972,1.1082003631239774,0.9500327490213101,0.0,13.53,
sundries,ARLP16,LUMPY,SBA,298,1.4429530201342282,2.076923076923077,1.3711639058413256,0.6601900284205467,0.9502484736221883,0.0,7.27,
sundries,ARLP18,LUMPY,SBA,299,1.508361204013378,1.4230769230769231,1.434794794794795,1.008234179417583,0.9512275905969547,0.0,10.46,
sundries,ARNO70573,INTERMITTENT,RANDOM_FOREST,251,0.043824701195219126,0.019230769230769232,0.0,0.0,0.0,0.0,179.0,
sundries,ARPU350660,INTERMITTENT,TSB,141,3.0709219858156027,4.173076923076923,4.930288872574812,1.1814517111173028,1.6054751288837796,0.0,11.9,
sundries,ARPU350769,SMOOTH,CROSTON,62,5.903225806451613,6.403846153846154,6.987705834060287,1.091173283226408,1.1837097312523164,0.0,11.18,
sundries,ARSLP16,INTERMITTENT,CROSTON,250,0.052,0.07692307692307693,0.07412461181784741,0.963619941104957,1.4254732767764258,0.0,3.71,
sundries,ARSLP18,LUMPY,XGBOOST,237,0.029535864978902954,0.11538461538461539,1.837448849073553e-06,1.5924556553957968e-05,6.221076606949721e-05,0.0,5.0,
sundries,ARUN14,LUMPY,RECENT_AVG,299,2.732294314381271,0.25,0.30769230769230776,1.230769225846154,0.11261316394803231,0.0,6.19,
sundries,ARWP10,LUMPY,SBA,288,0.2777777777777778,0.3076923076923077,0.25543693159351516,0.8301700249808716,0.9195729504261918,0.0,8.35,
sundries,ARWP12,LUMPY,XGBOOST,299,0.3411371237458194,0.3076923076923077,0.10093512386083603,0.3280391514815898,0.29587845045021877,0.0,28.61,
sundries,ARWP16,LUMPY,HOLT_DAMPED,299,1.5785953177257526,0.2692307692307692,0.12113858884439072,0.4499433283222331,0.07673821618967816,0.0,6.77,
sundries,ARWP18,LUMPY,RANDOM_FOREST,299,1.2408026755852843,1.0,1.1620088615385158,1.1620088603765069,0.9364977070620036,0.0,7.4,
sundries,ARWP3121,INTERMITTENT,HOLT_DAMPED,215,0.3488372093023256,0.4230769230769231,0.3736056416124287,0.8830678780875801,1.071002836218754,0.0,76.04,
sundries,ARWP3141,INTERMITTENT,HOLT_DAMPED,219,0.817351598173516,0.9423076923076923,0.8656472085941418,0.9186460163086895,1.0590879243026636,0.0,23.75,
sundries,ARWP3161,ERRATIC,SBA,299,3.3571304347826083,3.663038461538462,3.187377843100988,0.8701458845431166,0.9494352108359329,0.0,6.41,
sundries,ARWP3181,ERRATIC,SBA,299,3.7324414715719065,3.8076923076923075,3.5437662850375045,0.9306860948159321,0.9494499273676776,0.0,6.68,
sundries,BD3M161002,LUMPY,HOLT_DAMPED,299,1.411371237458194,2.0576923076923075,1.2196868944762422,0.5927450325415127,0.8641857374170732,0.0,55.83,
sundries,BD3M161004,INTERMITTENT,RANDOM_FOREST,210,0.11904761904761904,0.15384615384615385,0.0,0.0,0.0,0.0,5.95,
sundries,BD3M161204,INTERMITTENT,RANDOM_FOREST,48,0.25,0.25,0.0,0.0,0.0,0.0,17.14,
sundries,BD3M16122,ERRATIC,CROSTON,299,10.66933110367893,14.25,13.762424615699246,0.9657841834900674,1.2899051009546296,0.0,29.61,
sundries,BD3M16162,LUMPY,XGBOOST,299,6.255779264214047,5.019230769230769,6.633097997078528,1.3215367654381747,1.0603152246695475,0.0,20.31,
sundries,BD3M16502,LUMPY,RECENT_AVG,285,0.5543859649122806,0.15384615384615385,0.15384615384615388,0.9999999935000002,0.27750730232319165,0.0,38.78,
sundries,BD3M16602,LUMPY,SAFE_MEAN,257,0.22957198443579765,0.21153846153846154,0.2295719844357976,1.0852493758389552,0.9999999956440676,0.0,24.73,
sundries,BELO8C021,LUMPY,SBA,184,3.027173913043478,2.8653846153846154,2.897609152691536,1.0112461468951346,0.9571994325298347,0.0,13.38,
sundries,BELO8C022,ERRATIC,RANDOM_FOREST,184,5.054347826086956,5.365384615384615,4.252867300270797,0.7926491024116978,0.8414275087043054,0.0,13.75,
sundries,BELO8C023,LUMPY,CROSTON,184,3.0652173913043477,3.0384615384615383,2.381929760461822,0.7839262500205733,0.7770834676985672,0.0,11.89,
sundries,BELO8C066,ERRATIC,TSB,184,5.271739130434782,6.134615384615385,6.335455510738457,1.0327388291683302,1.2017771275822158,0.0,11.18,
sundries,BELO8C067,LUMPY,TSB,184,3.293945652173913,2.5476538461538465,2.960328685895266,1.161982303523081,0.8987181324752012,0.0,13.9,
sundries,BELO8C068,LUMPY,SAFE_MEAN,176,0.6306818181818182,0.7307692307692307,0.5738636363636364,0.7852870802651096,0.9099099084671698,0.0,88.34,
sundries,BELO8C123,LUMPY,HOLT_DAMPED,181,3.020176795580111,3.269230769230769,2.863651415650527,0.8759404327545793,0.9481734376918513,0.0,17.73,
sundries,BELO8Z015,LUMPY,CROSTON,164,1.8109756097560976,2.230769230769231,2.242610902671642,1.0053083352297356,1.2383440667847165,0.0,11.71,
sundries,BELO8Z016,LUMPY,CROSTON,165,1.696969696969697,2.6153846153846154,3.0079183724417358,1.1500864360821013,1.7725233255729287,0.0,10.16,
sundries,BELO8Z017,LUMPY,SBA,164,1.4695121951219512,1.5961538461538463,1.3858732106339469,0.8682579145519977,0.9430838439390105,0.0,20.95,
sundries,BELO8Z018,LUMPY,HOLT_DAMPED,165,2.3625818181818183,3.3076923076923075,3.6047464958888797,1.0898070798229755,1.5257657815792527,0.0,9.46,
sundries,BELO8Z019,LUMPY,SAFE_MEAN,163,1.5582822085889572,1.1923076923076923,1.5582822085889576,1.306946367397816,0.999999999358268,0.0,54.74,order_up_to_below_rop
sundries,BELO8Z020,LUMPY,SAFE_MEAN,159,0.31446540880503143,0.38461538461538464,0.31446540880503143,0.8176100607672955,0.99999999682,0.0,112.2,
sundries,BELO8Z122,LUMPY,HOLT_DAMPED,164,1.3109756097560976,1.7307692307692308,1.2616459114031675,0.7289509706117695,0.9623717642432116,0.0,12.59,
sundries,BENO45027,LUMPY,CROSTON,298,0.06040268456375839,0.11538461538461539,0.06745994838745474,0.5846528809576161,1.1168369048135618,0.0,68.4,
sundries,BENO45028,LUMPY,RECENT_AVG,279,0.1971326164874552,0.09615384615384616,0.19230769230769226,1.9999999791999996,0.9755244705759057,0.0,4.74,
sundries,BENO45029,INTERMITTENT,HISTORICAL_MEAN_CAPPED,296,0.10472972972972973,0.09615384615384616,0.2884615384615385,2.9999999688000005,2.7543424054622596,0.0,9.59,
sundries,BENO45030,INTERMITTENT,HISTORICAL_MEAN_CAPPED,296,0.08108108108108109,0.038461538461538464,0.11538461538461536,2.9999999220000015,1.423076905525641,0.0,40.84,
sundries,BENO45031,LUMPY,SBA,279,0.17204301075268819,0.3269230769230769,0.15717761557177615,0.48077858733716894,0.9135948852006786,0.0,4.26,
sundries,BENO45032,LUMPY,CROSTON,292,0.24315068493150685,0.23076923076923078,0.22318121355314272,0.9671185878727712,0.9178720294295639,0.0,4.89,
sundries,BENO45033,LUMPY,CROSTON,298,0.30201342281879195,0.19230769230769232,0.2740299483214858,1.4249557238619563,0.9073436036601596,0.0,5.87,
sundries,BENO45035,INTERMITTENT,SBA,108,0.07407407407407407,0.038461538461538464,0.05066666666666667,1.3173332990826676,0.6839999907660003,0.0,3.94,
sundries,BENO45036,INTERMITTENT,RANDOM_FOREST,263,0.030418250950570342,0.07692307692307693,0.0,0.0,0.0,0.0,5.0,
sundries,BENO45037,SMOOTH,RANDOM_FOREST,45,0.1111111111111111,0.1111111111111111,0.0,0.0,0.0,0.0,5.0,
sundries,BENO45038,LUMPY,RANDOM_FOREST,51,0.09803921568627451,0.09803921568627451,0.0,0.0,0.0,0.0,8.0,order_up_to_below_rop
sundries,BENO45040,INTERMITTENT,RANDOM_FOREST,271,0.07011070110701106,0.019230769230769232,0.0,0.0,0.0,0.0,7.0,
sundries,BENO45041,LUMPY,HISTORICAL_MEAN_CAPPED,296,0.2939189189189189,0.019230769230769232,0.05769230769230768,2.9999998440000075,0.19628647148071582,0.0,7.97,
sundries,BENO50001,INTERMITTENT,COLD_START_RECENT_ZERO,5,2.0,2.0,0.0,0.0,0.0,0.0,14.29,fc_vs_recent_too_low
sundries,BENO50007,INTERMITTENT,HISTORICAL_MEAN_CAPPED,295,0.22372881355932203,0.038461538461538464,0.11538461538461536,2.9999999220000015,0.5157342634290898,0.0,5.73,
sundries,BENO50021,INTERMITTENT,HISTORICAL_MEAN_CAPPED,299,0.07692307692307693,0.09615384615384616,0.2884615384615385,2.9999999688000005,3.749999951250001,0.0,16.59,fc_vs_history_too_high
sundries,BENO50022,LUMPY,HISTORICAL_MEAN_CAPPED,243,0.21810699588477367,0.09615384615384616,0.2884615384615385,2.9999999688000005,1.3225689344296152,0.0,5.57,
sundries,BENO50024,INTERMITTENT,RANDOM_FOREST,280,0.19642857142857142,0.09615384615384616,0.0,0.0,0.0,0.0,4.91,
sundries,BE3MG12100,SMOOTH,HOLT_DAMPED,299,16.909698996655518,19.903846153846153,18.826604297643886,0.9458777037954555,1.1133612904791588,0.0,31.15,
sundries,BE3MG12120,LUMPY,HOLT_DAMPED,298,1.8053691275167785,1.6153846153846154,1.7072855430710272,1.0568910498182746,0.9456711738909964,0.0,8.93,
sundries,BE3MG1236,LUMPY,HOLT_DAMPED,299,7.120254180602007,0.1346153846153846,0.20058772240049816,1.4900802124773906,0.028171427210954895,0.0,18.01,
sundries,BE3MG1240,ERRATIC,TSB,299,12.719063545150501,17.0,16.467751014403344,0.9686912360843913,1.2947298324794836,0.0,38.99,
sundries,BE3MG1250,ERRATIC,SBA,299,10.367892976588628,9.326923076923077,9.8481163622758,1.0558805170792491,0.9498667071085336,0.0,35.7,
sundries,BE3MG1260,ERRATIC,HOLT_DAMPED,299,8.080267558528428,10.288461538461538,9.103201019719373,0.8847971083727064,1.1265964836751823,0.0,13.36,
sundries,BE3MG1280,ERRATIC,HOLT_DAMPED,299,8.746836120401339,9.153846153846153,8.679927817132667,0.9482274084907371,0.9923505707275155,0.0,26.68,
sundries,BE3MH12100,ERRATIC,SBA,297,7.589225589225589,9.884615384615385,7.206510470394057,0.7290633159972366,0.9495712552905999,0.0,21.9,
sundries,BE3MH1236,LUMPY,SBA,298,3.684563758389262,4.019230769230769,3.4950720800235358,0.869587311559834,0.9485714750130595,0.0,27.26,
sundries,BE3MH1240,LUMPY,RANDOM_FOREST,299,3.162715719063545,4.365384615384615,6.677828539516038,1.5297228368955436,2.111422312525094,0.0,7.61,
sundries,BE3MH1250,LUMPY,SBA,297,4.326599326599327,5.615384615384615,4.102896872387851,0.7306528675553915,0.9482960084183251,0.0,16.54,
sundries,BE3MH1260,ERRATIC,HOLT_DAMPED,299,4.207357859531773,6.576923076923077,6.058361551032628,0.9211543877362475,1.4399444382577204,0.0,21.96,
sundries,BE3MH1280,LUMPY,RANDOM_FOREST,299,2.4548494983277593,1.9807692307692308,5.37820863402588,2.7152121245451912,2.1908506552025524,0.0,10.58,
sundries,BE3M10120,LUMPY,XGBOOST,297,0.6363636363636364,0.4423076923076923,0.2576619524222154,0.5825400650288312,0.40489735317007125,0.0,4.77,
sundries,BE3M10150,INTERMITTENT,RECENT_AVG,208,0.038461538461538464,0.057692307692307696,0.03846153846153847,0.6666666551111115,0.9999999740000008,0.0,11.95,
sundries,BE3M1036,LUMPY,CROSTON,299,3.1894715719063544,2.769230769230769,2.674719444695224,0.9658709102355997,0.8386089618782615,0.0,21.09,
sundries,BE3M1040,LUMPY,SBA,299,2.5451505016722407,3.4038461538461537,2.41252889634601,0.7087655512606593,0.9478924306491947,0.0,40.1,
sundries,BE3M1050,ERRATIC,SBA,299,3.451505016722408,3.5384615384615383,3.2755033557046977,0.9256857306984164,0.9490072704185576,0.0,10.1,
sundries,BE3M1060,LUMPY,SBA,299,2.6588628762541804,2.076923076923077,2.5211959941275164,1.2139091817732182,0.9482233986925895,0.0,58.3,
sundries,BE3M1080,ERRATIC,CROSTON,299,3.842809364548495,6.153846153846154,6.106420313944694,0.9922933008547651,1.58905106474703,0.0,11.72,
sundries,BE3M8100,SMOOTH,CROSTON,299,26.431438127090303,32.17307692307692,33.99652019143306,1.056676060908292,1.2862153026513865,0.0,84.87,
sundries,BE3M8120,LUMPY,CROSTON,299,3.7781003344481605,3.326923076923077,3.635289246147742,1.0926880967795536,0.9622002920461141,0.0,14.65,
sundries,BE3M8150,LUMPY,RANDOM_FOREST,297,0.05723905723905724,0.019230769230769232,0.0,0.0,0.0,0.0,21.0,order_up_to_below_rop
sundries,BE3M836,SMOOTH,HOLT_DAMPED,299,16.775919732441473,15.903846153846153,16.429365997079888,1.0330435692798499,0.9793421915538403,0.0,42.87,
sundries,BE3M840,SMOOTH,CROSTON,299,21.418060200668897,23.307692307692307,21.61213626832114,0.9272533712083186,1.0090613279085434,0.0,42.22,
sundries,BE3M850,SMOOTH,RANDOM_FOREST,299,17.193979933110366,20.26923076923077,36.756552898490405,1.8134162719423181,2.13775711262584,0.0,25.51,monthly_level_rare_in_history
sundries,BE3M860,SMOOTH,TSB,299,20.1438127090301,23.115384615384617,21.219376007748654,0.9179763330742057,1.0533942264655292,0.0,32.27,
sundries,BE3M880,SMOOTH,CROSTON,299,21.765886287625417,21.865384615384617,20.625355876436746,0.943288043558188,0.9476000932346734,0.0,32.92,
sundries,BPDS86701,LUMPY,SAFE_MEAN,296,2.1554054054054053,1.9230769230769231,2.1554054054054053,1.120810810227989,0.9999999995360501,0.0,13.63,
sundries,BPLO004,INTERMITTENT,SBA,172,0.5406976744186046,0.4807692307692308,0.5112847222222222,1.0634722200101998,0.9456018501029969,0.0,26.68,
sundries,BPLO005,LUMPY,TSB,174,1.3275862068965518,1.4615384615384615,1.8524582376032421,1.2674714248613168,1.3953581519487954,0.0,10.48,
sundries,BPLO131,LUMPY,CROSTON,291,0.6460481099656358,0.6923076923076923,0.791539032609493,1.1433341565622295,1.225201373046962,0.0,53.71,
sundries,BPLO136,LUMPY,CROSTON,297,0.7609427609427609,1.2307692307692308,1.4753428117188614,1.198716033547618,1.9388354624100341,0.0,15.17,
sundries,BPLO137,LUMPY,HOLT_DAMPED,174,1.0919540229885059,0.8846153846153846,1.072259754240289,1.2121197208144523,0.9819641950892025,0.0,19.71,
sundries,BPNO94109,ERRATIC,SBA,298,2.9630872483221475,3.076923076923077,2.8218417937167937,0.9170985826599009,0.9523316582602601,0.0,6.82,
sundries,BPNO94114,ERRATIC,TSB,299,4.735785953177258,5.673076923076923,7.932867364102121,1.398335941900328,1.6750899303429958,0.0,12.67,
sundries,BPNO94115,ERRATIC,HOLT_DAMPED,298,9.570469798657719,14.192307692307692,12.360947135866715,0.8709610447422482,1.2915716150432652,0.0,41.4,
sundries,BPNO94117,ERRATIC,TSB,299,8.158789297658863,13.634615384615385,11.155742173622242,0.8181926558333011,1.3673281372097714,0.0,49.61,
sundries,BP3MMAR16,SMOOTH,RANDOM_FOREST,299,23.351170568561873,28.115384615384617,43.61721415708385,1.5513646621666821,1.8678812707547372,0.0,81.77,monthly_level_rare_in_history
sundries,BP3MMAR16S,ERRATIC,TSB,299,6.259123745819398,7.730769230769231,7.155532313460595,0.925591244407513,1.1432163035755143,0.0,16.05,
sundries,BP3MRED16,LUMPY,TSB,299,3.545003344481606,3.5576923076923075,3.4196517497332914,0.9611994104656691,0.9646399217343236,0.0,59.29,
sundries,BP3MWHDI16,SMOOTH,TSB,299,7.852842809364549,9.423076923076923,8.452129784997622,0.8969607117821109,1.0763146530632328,0.0,15.96,
sundries,BP3MWHI16,SMOOTH,XGBOOST,299,26.080989966555187,29.673076923076923,39.734725145193245,1.3390834137915855,1.523512918590258,0.0,53.45,
sundries,BRCR337,INTERMITTENT,CROSTON,255,0.10980392156862745,0.11538461538461539,0.1269421837105303,1.1001655826231607,1.1560805911208811,0.0,22.22,
sundries,BRFB2,LUMPY,TSB,299,2.313217391304348,2.7884615384615383,3.1565456318318845,1.1320025710096129,1.3645693838949748,0.0,13.46,
sundries,BRFB3,LUMPY,SBA,298,2.130140939597315,2.374576923076923,2.0255307530073425,0.8530070062037403,0.9508904854151864,0.0,6.31,
sundries,BRFB4,LUMPY,CROSTON,299,1.394648829431438,2.1346153846153846,2.3561487625055344,1.103781401737758,1.6894208141103548,0.0,6.41,
sundries,BRHH24,INTERMITTENT,RECENT_AVG,299,0.24749163879598662,0.17307692307692307,0.07692307692307694,0.44444444187654336,0.3108108095549672,0.0,23.89,
sundries,BRHH36,INTERMITTENT,SBA,234,0.01282051282051282,0.019230769230769232,0.008296943231441046,0.4314410256000011,0.647161521573803,0.0,3.56,
sundries,BRTA1,INTERMITTENT,SBA,294,1.1088435374149659,1.1153846153846154,1.05270139030873,0.9438012456375221,0.9493687376431048,0.0,255.76,
sundries,BRTA112,LUMPY,TSB,299,2.4347826086956523,2.0961538461538463,1.6144731734658366,0.7702073851391992,0.6630871959725577,0.0,47.74,
sundries,BRTA2,ERRATIC,HOLT_DAMPED,299,6.581939799331104,10.673076923076923,11.058009242923191,1.0360657307714063,1.680053233298627,0.0,15.76,
sundries,BRTA3,ERRATIC,RANDOM_FOREST,299,5.357859531772576,7.519230769230769,7.429760322550278,0.9881011169341003,1.3867030811659855,0.0,8.15,
sundries,BRTA4,ERRATIC,XGBOOST,299,4.518394648829432,5.711538461538462,8.730339366656084,1.528544265948256,1.9321772539248319,0.0,26.03,monthly_level_rare_in_history
sundries,CHAC1,INTERMITTENT,CROSTON,297,0.18518518518518517,0.15384615384615385,0.1405031089776341,0.9132702024183653,0.7587167843821535,0.0,2.08,
sundries,CHBLA,SMOOTH,SBA,299,9.558528428093645,10.096153846153847,9.080188829484701,0.899371083974166,0.9499567738739988,0.0,31.0,
sundries,CHBLB,SMOOTH,SBA,299,9.551839464882944,10.01923076923077,9.073834603571832,0.9056418413409633,0.9499567738739287,0.0,32.06,
sundries,CHLT1,LUMPY,XGBOOST,299,0.9230769230769231,0.09615384615384616,0.1365219452060186,1.41982821537638,0.14789877381296312,0.0,32.71,
sundries,CHPT1,LUMPY,RECENT_AVG,293,0.18088737201365188,0.15384615384615385,0.11538461538461536,0.7499999951249998,0.6378809834111919,0.0,25.84,
sundries,DAPCG537043,LUMPY,CROSTON,298,0.8422818791946308,0.5384615384615384,0.6292965649540035,1.168693618458433,0.7471329726440138,0.0,7.38,
sundries,DMHGKN95,LUMPY,RANDOM_FOREST,299,11.725752508361204,0.057692307692307696,0.0015,0.025999999549333342,0.00012792355960118394,0.0,514.92,
sundries,DM3M8210,SMOOTH,CROSTON,297,69.58922558922559,109.36538461538461,107.00736672447047,0.9784390838089653,1.5377002088596397,0.0,313.56,
sundries,DM3M8210D20DC,INTERMITTENT,SBA,228,8.728070175438596,11.634615384615385,8.527146675576343,0.7329117803171213,0.9769796189993242,0.0,37.52,
sundries,DM3M8511,ERRATIC,TSB,299,31.483344481605354,51.69230769230769,53.034539176183074,1.0259657876146464,1.684526852141926,0.0,135.97,
sundries,DM3M9205P,LUMPY,XGBOOST,228,6.0394736842105265,2.9038461538461537,3.8935891756644616,1.3408386560584662,0.6446901466263674,0.0,509.97,
sundries,DPNO12100C,LUMPY,HOLT_DAMPED,295,0.5457627118644067,0.34615384615384615,0.4218921051002619,1.218799411213114,0.7730321166244274,0.0,27.46,
sundries,DPNO12120C,INTERMITTENT,SBA,51,0.35294117647058826,0.35294117647058826,0.3181395348837209,0.9013953462832556,0.9013953462832556,0.0,5.82,
sundries,DPNO1236C,LUMPY,SAFE_MEAN,282,0.4645390070921986,0.8846153846153846,0.4645390070921986,0.5251310509019025,0.9999999978473282,0.0,7.06,
sundries,DPNO1240C,LUMPY,RECENT_AVG,295,0.5220338983050847,0.038461538461538464,0.07692307692307694,1.9999999480000017,0.14735264707038095,0.0,26.89,
sundries,DPNO1250C,INTERMITTENT,SBA,294,0.35714285714285715,0.40384615384615385,0.3318493150684931,0.8217221114681947,0.9291780795900819,0.0,31.27,
sundries,DPNO1260C,INTERMITTENT,RECENT_AVG,295,0.2711864406779661,0.4230769230769231,0.3461538461538462,0.818181816247934,1.2764423029854268,0.0,50.51,
sundries,DPNO1280C,LUMPY,RECENT_AVG,294,0.42517006802721086,0.9807692307692307,0.11538461538461536,0.11764705870357553,0.2713846147463187,0.0,5.35,fc_vs_recent_too_low
sundries,DPNO83292,INTERMITTENT,RECENT_AVG,258,0.023255813953488372,0.038461538461538464,0.03846153846153847,0.9999999740000008,1.6538460827307728,0.0,1.51,
sundries,DPNO83294,INTERMITTENT,RANDOM_FOREST,246,0.012195121951219513,0.019230769230769232,0.0,0.0,0.0,0.0,2.0,
sundries,DPNO83295,INTERMITTENT,CROSTON,195,0.020512820512820513,0.038461538461538464,0.055632823365785816,1.4464533699026436,2.712100006867183,0.0,1.49,
sundries,DPNO83296,INTERMITTENT,CROSTON,248,0.024193548387096774,0.057692307692307696,0.05302181953917674,0.919044856082286,2.1915684503678095,0.0,1.54,
sundries,DPNO83297,INTERMITTENT,RANDOM_FOREST,263,0.011406844106463879,0.019230769230769232,0.0,0.0,0.0,0.0,4.0,
sundries,DP3M12100,INTERMITTENT,HOLT_DAMPED,295,0.3016949152542373,0.34615384615384615,0.2931278887763807,0.8468138984631929,0.9716036730607776,0.0,1.63,
sundries,DP3M12100C,SMOOTH,SBA,299,16.244147157190636,15.634615384615385,15.430516155815404,0.9869456827196553,0.9499123595439123,0.0,38.83,
sundries,DP3M12120C,INTERMITTENT,SBA,298,1.0369127516778522,1.3846153846153846,0.9777560551754103,0.7061571504500161,0.9429492044054156,0.0,246.76,
sundries,DP3M12150,INTERMITTENT,RANDOM_FOREST,275,0.014545454545454545,0.019230769230769232,0.0,0.0,0.0,0.0,5.0,
sundries,DP3M12150C,INTERMITTENT,RANDOM_FOREST,297,0.19528619528619529,0.11538461538461539,0.0,0.0,0.0,0.0,413.0,
sundries,DP3M1224C,LUMPY,HOLT_DAMPED,293,1.4402730375426622,1.3846153846153846,1.2946486070309253,0.9350239932914842,0.8988910938310094,0.0,12.83,
sundries,DP3M1230,INTERMITTENT,RECENT_AVG,290,0.027586206896551724,0.019230769230769232,0.03846153846153847,1.9999998960000058,1.3942307186899061,0.0,1.55,
sundries,DP3M1230C,INTERMITTENT,SBA,297,0.2895622895622896,0.25,0.2634674447174448,1.0538697746543,0.909881753614491,0.0,34.92,
sundries,DP3M1236,INTERMITTENT,HOLT_DAMPED,296,0.17229729729729729,0.17307692307692307,0.15691140894408614,0.9065992464388132,0.9107015054486639,0.0,2.62,
sundries,DP3M1236C,SMOOTH,HOLT_DAMPED,299,14.381270903010034,15.692307692307692,14.877370661496501,0.9480677381722041,1.0344962389484045,0.0,37.71,
sundries,DP3M1240,INTERMITTENT,SBA,299,0.12040133779264214,0.19230769230769232,0.11495798319327731,0.5977815094965782,0.9547899080363259,0.0,1.83,
sundries,DP3M1240C,SMOOTH,SBA,299,8.812709030100335,8.51923076923077,8.369397939867737,0.98241239914681,0.9496963885147984,0.0,30.98,
sundries,DP3M1250,INTERMITTENT,HOLT_DAMPED,295,0.2033898305084746,0.09615384615384616,0.19078953589008377,1.984211152621075,0.9380485468475065,0.0,1.91,
sundries,DP3M1250C,SMOOTH,HOLT_DAMPED,299,12.073578595317725,12.038461538461538,12.202789972638667,1.0136502851829088,1.0107019948799894,0.0,32.32,
sundries,DP3M1260,INTERMITTENT,RECENT_AVG,295,0.15932203389830507,0.07692307692307693,0.07692307692307694,0.9999999870000004,0.48281505425270765,0.0,1.9,
sundries,DP3M1260C,SMOOTH,SBA,299,9.715719063545151,8.673076923076923,9.25817481383175,1.067461397480583,0.9529068051809894,0.0,19.11,
sundries,DP3M1280,INTERMITTENT,RECENT_AVG,295,0.13898305084745763,0.057692307692307696,0.07692307692307694,1.333333310222223,0.5534709153422872,0.0,4.89,
sundries,DP3M1280C,SMOOTH,HOLT_DAMPED,299,8.82943143812709,10.576923076923077,8.890698234356593,0.8405751057142418,1.0069389287013435,0.0,33.94,
sundries,DP3M8100C,INTERMITTENT,RANDOM_FOREST,101,0.0891089108910891,0.07692307692307693,0.0,0.0,0.0,0.0,13.0,
sundries,DP3M850C,INTERMITTENT,RANDOM_FOREST,193,0.11398963730569948,0.038461538461538464,0.0,0.0,0.0,0.0,38.0,
sundries,DP3M860C,LUMPY,HISTORICAL_MEAN_CAPPED,177,0.20903954802259886,0.15384615384615385,0.46153846153846145,2.9999999804999993,2.2079001973380903,0.0,71.34,
sundries,DP3M880C,INTERMITTENT,RANDOM_FOREST,225,0.1111111111111111,0.15384615384615385,0.0,0.0,0.0,0.0,34.0,
sundries,EDNO40286,INTERMITTENT,RANDOM_FOREST,190,1.5789473684210527,0.4807692307692308,0.0,0.0,0.0,0.0,75.0,
sundries,EDNO55958,INTERMITTENT,RANDOM_FOREST,246,0.4065040650406504,0.9615384615384616,0.0,0.0,0.0,0.0,125.0,fc_vs_recent_too_low
sundries,EDNO55961,INTERMITTENT,SAFE_MEAN,292,0.565068493150685,0.4807692307692308,0.5650684931506851,1.1753424633087126,0.9999999982303033,0.0,91.81,
sundries,EDNO55962,INTERMITTENT,RANDOM_FOREST,282,0.3546099290780142,0.4807692307692308,0.0,0.0,0.0,0.0,125.0,
sundries,EDNO55964,INTERMITTENT,HISTORICAL_MEAN_CAPPED,293,0.3412969283276451,0.4807692307692308,1.4423076923076923,2.99999999376,4.2259615260794705,0.0,35.58,fc_vs_history_too_high
sundries,ED3MN1506,LUMPY,XGBOOST,58,0.27586206896551724,0.019230769230769232,0.0002782080555334687,0.01446681813546583,0.0010085041976529963,0.0,48.99,
sundries,ED3M1005,SMOOTH,TSB,299,517.7123745819398,550.4423076923077,522.3135346879859,0.9488978724705979,1.0088874833419865,0.0,1600.22,
sundries,ED3M1007,SMOOTH,CROSTON,299,738.0234113712374,782.8269230769231,769.2694491990818,0.9826813903825179,1.0423374615837013,0.0,1923.37,
sundries,ED3M1205,ERRATIC,CROSTON,298,110.4261744966443,129.48076923076923,134.8824113694825,1.041717717385849,1.2214713765381768,0.0,220.1,
sundries,ED3M1207,SMOOTH,CROSTON,299,208.7458193979933,267.90384615384613,289.818534985363,1.081800575635821,1.3883800682561631,0.0,403.33,
sundries,ED3M125,LUMPY,SBA,299,28.829264214046827,32.55769230769231,27.35592391468649,0.8402292046780896,0.9488942801533118,0.0,1006.41,
sundries,ED3M127,ERRATIC,RANDOM_FOREST,299,30.682274247491637,38.01923076923077,51.1424561121097,1.3451733524328557,1.666840459671072,0.0,208.7,
sundries,ED3M1505,LUMPY,RANDOM_FOREST,299,1.3210702341137124,0.11538461538461539,0.0,0.0,0.0,0.0,326.0,
sundries,ED3M1507,LUMPY,SAFE_MEAN,298,24.033557046979865,26.442307692307693,24.03355704697987,0.9089054301059564,0.9999999999583916,0.0,285.49,
sundries,ED3M165,LUMPY,CROSTON,299,17.383732441471576,28.133769230769232,25.966665114615935,0.9229714262848876,1.4937335926302406,0.0,599.64,
sundries,ED3M167,LUMPY,HISTORICAL_MEAN_CAPPED,297,1.4107744107744107,0.19230769230769232,0.576923076923077,2.9999999844,0.4089407010136002,0.0,26.67,
sundries,ED3M207,LUMPY,SAFE_MEAN,277,1.1191335740072201,2.3461538461538463,1.1191335740072204,0.47700775265222173,0.9999999991064518,0.0,207.21,
sundries,ED3M245,LUMPY,SBA,298,12.130872483221477,16.923076923076923,11.901602821956802,0.7032765303467992,0.9811003155327134,0.0,1154.11,
sundries,ED3M247,INTERMITTENT,HOLT_DAMPED,299,15.047204013377929,16.792576923076926,14.635006284489434,0.8715164057700994,0.9726063573342508,0.0,462.07,
sundries,ED3M305,LUMPY,CROSTON,293,1.2320819112627985,3.076923076923077,1.8336473563289326,0.5959353906132241,1.4882511771975615,0.0,1567.03,
sundries,ED3M307,LUMPY,SAFE_MEAN,299,4.702341137123746,1.9807692307692308,3.364548494983277,1.6986070063184742,0.7155049785107139,0.0,2524.24,
sundries,ED3M365,SMOOTH,HOLT_DAMPED,299,217.25752508361205,249.90384615384616,238.26390328650385,0.9534223140322141,1.0966888405532134,0.0,452.06,
sundries,ED3M367,SMOOTH,HOLT_DAMPED,299,289.95652173913044,326.5769230769231,291.52006564308203,0.8926535987159255,1.0053923391464632,0.0,401.23,
sundries,ED3M405,SMOOTH,CROSTON,299,214.76923076923077,227.59615384615384,202.63867149798847,0.8903431278283991,0.9435181695779313,0.0,410.1,
sundries,ED3M407,SMOOTH,SBA,299,251.91973244147158,261.7692307692308,239.31833773981427,0.9142340260375259,0.9499785325250972,0.0,842.55,
sundries,ED3M505,SMOOTH,TSB,299,252.5351170568562,309.1730769230769,308.0293304450929,0.9963006271750342,1.2197485008571023,0.0,959.23,
sundries,ED3M507,SMOOTH,HOLT_DAMPED,299,586.8528428093646,558.2884615384615,566.4964592049431,1.0147020729084177,0.9653126267431248,0.0,973.21,
sundries,ED3M605,SMOOTH,CROSTON,299,203.5351170568562,245.65384615384616,251.8534181183578,1.02523702380627,1.2373954026162808,0.0,944.08,
sundries,ED3M607,SMOOTH,TSB,299,382.3511705685619,474.8269230769231,383.6598721117649,0.8079994066570718,1.0034227737298504,0.0,1265.6,
sundries,ED3M61007,INTERMITTENT,CROSTON,283,18.445229681978798,53.75,55.194155714676974,1.0268680132772114,2.9923268326449723,0.0,111.06,
sundries,ED3M61207,INTERMITTENT,SAFE_MEAN,128,2.1484375,1.4423076923076923,2.1484375,1.4895833323005554,0.9999999995345454,0.0,418.21,
sundries,ED3M6367,INTERMITTENT,CROSTON,297,3.6464646464646466,11.211538461538462,8.433454906664222,0.7522121013849478,2.312775721691948,0.0,99.41,
sundries,ED3M6407,LUMPY,HOLT_DAMPED,279,15.136200716845877,28.48076923076923,26.412163557824787,0.9273683355561552,1.7449665243064811,0.0,443.72,
sundries,ED3M6507,INTERMITTENT,SBA,225,12.666666666666666,31.25,11.888905152224826,0.3804449648590202,0.9385977751015444,0.0,115.0,
sundries,ED3M6607,INTERMITTENT,RANDOM_FOREST,299,6.765886287625418,18.71153846153846,37.869679674492176,2.0238677728348944,5.5971498868015885,0.0,57.87,fc_vs_history_too_high|monthly_level_rare_in_history
sundries,ED3M6807,LUMPY,CROSTON,292,12.965753424657533,19.384615384615383,18.862756333962366,0.9730786997177014,1.4548137477792409,0.0,177.84,
sundries,ED3M7RQC80,INTERMITTENT,CROSTON,299,1.0033444816053512,0.9615384615384616,1.678021288728649,1.7451421384628472,1.6724278827660335,0.0,60.35,
sundries,ED3M805,ERRATIC,HOLT_DAMPED,299,178.80163879598663,211.32692307692307,183.58271938859164,0.8687142968570019,1.0267395792553866,0.0,746.38,
sundries,ED3M807,SMOOTH,HOLT_DAMPED,299,307.2107023411371,310.9230769230769,307.2191485757899,0.9880873160495854,1.000027493292351,0.0,765.72,
sundries,EP3M03189,LUMPY,HOLT_DAMPED,297,0.9494949494949495,1.1538461538461537,1.2153469235239145,1.0533006661411988,1.2799930351292363,0.0,68.07,
sundries,EP3M03647,ERRATIC,HOLT_DAMPED,299,5.939652173913044,5.288461538461538,5.241263959630597,0.9910753667245641,0.8824193412819378,0.0,12.39,
sundries,EP3M03648,ERRATIC,SBA,299,5.740729096989967,6.5576923076923075,5.450618649066696,0.8311793833086418,0.9494645289872937,0.0,54.78,
sundries,EP3M09152,ERRATIC,SBA,299,11.302307692307693,13.192307692307692,10.736328554518714,0.8138324851204867,0.9499235771890987,0.0,35.07,
sundries,EP3M09153,ERRATIC,HOLT_DAMPED,299,8.74247491638796,8.653846153846153,7.664231770534875,0.8856445600483556,0.8766661435071936,0.0,38.11,
sundries,EP3M1100,LUMPY,CROSTON,293,3.1945392491467577,4.615384615384615,4.819999005540673,1.0443331176408737,1.5088244745527046,0.0,1100.47,
sundries,EP3M905434DC,INTERMITTENT,RANDOM_FOREST,298,0.3926174496644295,0.038461538461538464,0.0,0.0,0.0,0.0,5.0,
sundries,EP3M90545H1,INTERMITTENT,CROSTON,52,0.3269230769230769,0.3269230769230769,0.40070508365689156,1.2256861344954517,1.2256861344954517,0.0,3.18,
sundries,ES3M100T,INTERMITTENT,COLD_START_RECENT_ZERO,11,1.8181818181818181,1.8181818181818181,0.0,0.0,0.0,0.0,28.57,fc_vs_recent_too_low
sundries,ES3M1003,LUMPY,SAFE_MEAN,189,1.3544973544973544,1.2884615384615385,1.3544973544973544,1.0512516773014526,0.9999999992617187,0.0,566.63,
sundries,ES3M1005,LUMPY,SBA,298,7.906040268456376,10.884615384615385,7.61898320070734,0.6999772551243513,0.9636914233971168,0.0,58.05,
sundries,ES3M1007,INTERMITTENT,CROSTON,299,7.1404682274247495,11.23076923076923,9.7736036245902,0.8702523774545159,1.368762287280192,0.0,45.73,
sundries,ES3M607,INTERMITTENT,RANDOM_FOREST,291,0.048109965635738834,0.07692307692307693,0.0,0.0,0.0,0.0,331.0,
sundries,ES3M805,LUMPY,SBA,289,0.6124567474048442,0.19230769230769232,0.5612015018773465,2.9182477945873133,0.9163120552414632,0.0,492.02,
sundries,ES3M807,LUMPY,RECENT_AVG,227,0.2687224669603524,0.038461538461538464,0.07692307692307694,1.9999999480000017,0.28625472781243677,0.0,225.89,
sundries,FAAE5323P,LUMPY,SBA,299,1.4882943143812708,1.6346153846153846,1.430396766036257,0.875066256333905,0.9610980511403878,0.0,3.48,
sundries,FAAE5383P,LUMPY,HOLT_DAMPED,299,0.6755852842809364,0.4230769230769231,0.6246564145083949,1.4764606126209356,0.9246151864433176,0.0,8.63,
sundries,FAAE5453P,INTERMITTENT,RECENT_AVG,173,0.06936416184971098,0.057692307692307696,0.03846153846153847,0.6666666551111115,0.5544871714933229,0.0,24.95,
sundries,FAER125C,INTERMITTENT,HOLT_DAMPED,296,0.40878378378378377,0.2692307692307692,0.3670339711330089,1.3632690305733195,0.8978682247074515,0.0,5.39,
sundries,FAER150C,LUMPY,HISTORICAL_MEAN_CAPPED,293,0.27986348122866894,0.09615384615384616,0.2884615384615385,2.9999999688000005,1.0307223227710869,0.0,47.59,
sundries,FAER175C,INTERMITTENT,SBA,200,0.09,0.15384615384615385,0.08013120899718838,0.520852855096181,0.8903467567426848,0.0,67.72,
sundries,FAPNC112S,SMOOTH,HOLT_DAMPED,299,22.568561872909697,24.173076923076923,22.618988156916558,0.9357099316714432,1.0022343596055696,0.0,45.36,
sundries,FAPNC112S18,SMOOTH,HOLT_DAMPED,299,8.177257525083611,9.365384615384615,8.04202326457466,0.8586965291852774,0.9834621496170831,0.0,23.27,
sundries,FAPNC1141M,SMOOTH,HOLT_DAMPED,299,22.54180602006689,27.73076923076923,28.512575238602984,1.0281927270137927,1.2648753703210822,0.0,34.6,
sundries,FAPNC11420,INTERMITTENT,SBA,296,0.6317567567567568,0.6730769230769231,0.5933474576271185,0.881544792879138,0.9392023913348833,0.0,7.3,
sundries,FAPNC120,LUMPY,RANDOM_FOREST,298,0.12080536912751678,0.09615384615384616,0.30971723425679926,3.221059202771696,2.563770417903405,0.0,32.45,fc_vs_recent_too_high
sundries,FAPNC134S,SMOOTH,HOLT_DAMPED,299,22.274247491638796,24.23076923076923,21.942751135282812,0.9055738563393781,0.9851175058791307,0.0,48.96,
sundries,FAPNC134181M,ERRATIC,SBA,299,8.110367892976589,7.6923076923076925,7.700740726288952,1.0010962942874213,0.949493392526391,0.0,13.89,
sundries,FAPNC2S,SMOOTH,RANDOM_FOREST,299,12.57190635451505,15.48076923076923,22.778315685131858,1.4713943050314835,1.8118426148743507,0.0,24.22,monthly_level_rare_in_history
sundries,FAPNE1,INTERMITTENT,RANDOM_FOREST,288,0.03819444444444445,0.057692307692307696,0.0,0.0,0.0,0.0,64.0,
sundries,FAPNE112,INTERMITTENT,RANDOM_FOREST,168,0.017857142857142856,0.019230769230769232,0.0,0.0,0.0,0.0,12.0,
sundries,FAPNE114,INTERMITTENT,CROSTON,261,0.11494252873563218,0.21153846153846154,0.23121747897438058,1.0930280772573027,2.0115920495762603,0.0,5.65,
sundries,FAPN1505,INTERMITTENT,TSB,296,1.4189189189189189,1.5576923076923077,1.7552600097987028,1.1268335858140395,1.2370403869863145,0.0,4.6,
sundries,FAPN1755,LUMPY,HOLT_DAMPED,298,1.0765973154362416,1.0384615384615385,0.9729336015190518,0.9368990227828137,0.9037117097223147,0.0,2.7,
sundries,FAPN200,INTERMITTENT,CROSTON,296,0.7466216216216216,0.4807692307692308,0.5539385612644767,1.1521922050335516,0.7419267597949086,0.0,3.06,
sundries,FAPN2005,INTERMITTENT,SBA,63,0.2857142857142857,0.3076923076923077,0.25741935483870965,0.8366129005068142,0.9009677387820967,0.0,17.25,
sundries,FASEBAX13,LUMPY,HOLT_DAMPED,299,0.28762541806020064,0.5769230769230769,0.27157043873959746,0.47072209299938406,0.9441809407073203,0.0,48.49,
sundries,FASEBAX15,LUMPY,TSB,299,1.096408026755853,1.2466538461538461,0.7671329007515669,0.6153535742924613,0.6996782961556273,0.0,30.01,
sundries,FASEBAX17,SMOOTH,XGBOOST,299,3.6454849498327757,4.384615384615385,4.707825142603654,1.0737145059629685,1.291412584635193,0.0,14.88,
sundries,FASEBAX18,SMOOTH,SBA,299,3.2435652173913043,3.7884615384615383,3.080565711239793,0.813144248437491,0.949746807547667,0.0,6.0,
sundries,FASEBAY10EAA,INTERMITTENT,SBA,290,0.06551724137931035,0.09615384615384616,0.059584066901408446,0.6196742893300352,0.9094410072458188,0.0,120.82,
sundries,FASEBAY11EAA,INTERMITTENT,SBA,298,0.0436241610738255,0.038461538461538464,0.039672341792483135,1.0314808597860592,0.9094121217811663,0.0,43.88,
sundries,FASEFDA15,INTERMITTENT,SBA,299,0.25418060200668896,0.28846153846153844,0.23824384787472036,0.8259120031025357,0.9373014504511612,0.0,44.27,
sundries,FASEFDA17,INTERMITTENT,CROSTON,299,1.1705685618729098,1.1923076923076923,1.4702545137857308,1.2331166879473536,1.2560174264182407,0.0,4.92,
sundries,FASEFDA19,INTERMITTENT,HOLT_DAMPED,299,1.5719063545150502,1.3461538461538463,1.5780517590662577,1.1722670201498215,1.0039095226822172,0.0,2.96,
sundries,FASEFDA21,INTERMITTENT,SBA,299,1.0735785953177257,1.1730769230769231,1.01776061423986,0.8675992113993043,0.9480075494525355,0.0,2.58,
sundries,FASEFDA23,INTERMITTENT,XGBOOST,294,0.1054421768707483,0.09615384615384616,0.059787869453430176,0.6217938358490179,0.5670204339549827,0.0,24.81,
sundries,FASEFDA25,INTERMITTENT,RECENT_AVG,296,0.20608108108108109,0.09615384615384616,0.07692307692307694,0.7999999916800002,0.3732660763728527,0.0,32.89,
sundries,FASEL15BAB,INTERMITTENT,RECENT_AVG,281,0.10676156583629894,0.07692307692307693,0.07692307692307694,0.9999999870000004,0.7205128137640173,0.0,25.89,
sundries,FASEL17BAB,INTERMITTENT,SBA,259,0.11196911196911197,0.11538461538461539,0.10291050583657582,0.8918910428539347,0.9190972680561016,0.0,18.5,
sundries,FASTSX5035127M,INTERMITTENT,XGBOOST,254,0.007874015748031496,0.019230769230769232,3.8699567994626705e-07,2.0123774310769623e-05,4.914844511132339e-05,0.0,39.0,
sundries,FASTSX503534,INTERMITTENT,HISTORICAL_MEAN_CAPPED,267,0.011235955056179775,0.038461538461538464,0.11538461538461536,2.9999999220000015,10.26922985526931,0.0,2.13,fc_vs_history_too_high|monthly_level_rare_in_history
sundries,FCBOAR2000,SMOOTH,TSB,299,48.64882943143812,53.0,42.200290163607015,0.7962318898643544,0.8674471853883633,0.0,148.38,
sundries,FCBOG65631,ERRATIC,XGBOOST,299,4.505016722408027,3.75,3.1419001657229204,0.8378400439693547,0.6974225310635663,0.0,7.2,
sundries,FCBOG850832,INTERMITTENT,XGBOOST,24,1.875,1.875,5.331181526184082,2.843296812448419,2.843296812448419,0.0,18.08,monthly_level_rare_in_history
sundries,FCBO13408,INTERMITTENT,SBA,299,0.6688963210702341,0.5384615384615384,0.6350949104572293,1.1794619743729966,0.9494668897141049,0.0,2.77,
sundries,FCBO18159,INTERMITTENT,RECENT_AVG,285,0.02456140350877193,0.019230769230769232,0.03846153846153847,1.9999998960000058,1.565934002178182,0.0,1.95,
sundries,FCBO18174,INTERMITTENT,SBA,290,0.5827586206896552,0.8653846153846154,0.5526595426245211,0.6386288040725867,0.9483506928170972,0.0,2.47,
sundries,FCBO3053,LUMPY,RECENT_AVG,294,0.3741496598639456,0.11538461538461539,0.07692307692307694,0.666666660888889,0.20559440504490784,0.0,43.89,
sundries,FCBO51001,INTERMITTENT,RECENT_AVG,299,0.09698996655518395,0.09615384615384616,0.07692307692307694,0.7999999916800002,0.7931034400986923,0.0,13.89,
sundries,FCBO61005,LUMPY,HISTORICAL_MEAN_CAPPED,257,0.08560311284046693,0.038461538461538464,0.11538461538461536,2.9999999220000015,1.3479020821561505,0.0,33.84,
sundries,FCDS7101L,INTERMITTENT,HISTORICAL_MEAN_CAPPED,285,0.014035087719298246,0.019230769230769232,0.05769230769230768,2.9999998440000075,4.110576630198337,0.0,3.92,fc_vs_history_too_high
sundries,FCDS7106L,LUMPY,SBA,299,0.6187290969899666,0.5576923076923077,0.5914983883200607,1.0606177978445184,0.9559892855235533,0.0,9.4,
sundries,FCDS7236L,INTERMITTENT,HISTORICAL_MEAN_CAPPED,291,0.08247422680412371,0.019230769230769232,0.05769230769230768,2.9999998440000075,0.6995192222875601,0.0,2.64,
sundries,FCDS86700,INTERMITTENT,RANDOM_FOREST,297,0.48148148148148145,0.038461538461538464,0.0,0.0,0.0,0.0,3.0,
sundries,FCGA001,LUMPY,HOLT_DAMPED,292,0.6061643835616438,0.8461538461538461,0.25897987325000993,0.30606712257011426,0.4272436320013998,0.0,320.16,
sundries,FCGA002,INTERMITTENT,HOLT_DAMPED,115,2.1739130434782608,1.6538461538461537,0.8149671439656543,0.49277083093709234,0.3748848860517539,0.0,1698.46,
sundries,FCLB009,LUMPY,HOLT_DAMPED,298,0.9429530201342282,1.4038461538461537,1.23933524162646,0.8828141440913642,1.3143128171281846,0.0,38.78,
sundries,FCLOMA005,LUMPY,HISTORICAL_MEAN_CAPPED,298,1.3859060402684564,0.11538461538461539,0.3461538461538462,2.9999999740000005,0.2497671817903524,0.0,7.01,
sundries,FCLOMA008,LUMPY,RECENT_AVG,108,0.37037037037037035,0.038461538461538464,0.03846153846153847,0.9999999740000008,0.10384615356576925,0.0,3.95,
sundries,FCLOMA018,INTERMITTENT,SBA,94,0.14893617021276595,0.19230769230769232,0.12991452991452995,0.6755555520426668,0.8722832664265135,0.0,24.06,
sundries,FCLOMA019,LUMPY,HOLT_DAMPED,298,1.526261744966443,1.3620384615384613,1.5092440875826776,1.1080774362053372,0.9888501048861774,0.0,18.36,
sundries,FCLOMA042,INTERMITTENT,SBA,82,0.5609756097560976,0.6730769230769231,0.5472634508348794,0.8130771257466776,0.9755565845318362,0.0,52.76,
sundries,FCLOMA043,INTERMITTENT,TSB,55,0.6181818181818182,0.6346153846153846,0.5706068896029721,0.8991381276545264,0.9230405552175365,0.0,34.51,
sundries,FCSI503645,ERRATIC,SBA,54,4.882444444444444,4.4423076923076925,4.620819119496853,1.040184390301934,0.9464150941457818,0.0,11.6,
sundries,FCWO510900A,LUMPY,CROSTON,299,0.9464882943143813,0.5769230769230769,0.7146402691876561,1.2387097977781738,0.7550439585206751,0.0,8.82,
sundries,FCWO510901A,LUMPY,RECENT_AVG,299,0.43812709030100333,0.15384615384615385,0.11538461538461536,0.7499999951249998,0.2633587780248528,0.0,66.84,
sundries,FCWO511010A,LUMPY,HOLT_DAMPED,299,1.0869565217391304,0.5192307692307693,0.6835379074871126,1.3164433748472149,0.6288548743095971,0.0,5.21,
sundries,FCWO511025A,INTERMITTENT,SAFE_MEAN,296,0.6148648648648649,0.5576923076923077,0.6081081081081081,1.0904007436179581,0.9890109874024876,0.0,3.84,
sundries,FCWO511110A,INTERMITTENT,RECENT_AVG,299,0.34448160535117056,0.17307692307692307,0.23076923076923073,1.3333333256296294,0.6699029106766895,0.0,45.67,
sundries,FCWO511125A,LUMPY,HOLT_DAMPED,299,0.2976588628762542,0.11538461538461539,0.29630813599671274,2.5680038230488105,0.9954621614086956,0.0,3.1,
sundries,FCWO511205A,INTERMITTENT,SBA,281,0.05693950177935943,0.019230769230769232,0.05058883768561188,2.6306194228596076,0.8884664462498667,0.0,52.3,
sundries,FCWO511210A,LUMPY,SBA,299,0.6655518394648829,0.75,0.6325997425997426,0.8434663223417017,0.9504890590609388,0.0,4.56,
sundries,FCWO511225A,LUMPY,RECENT_AVG,293,0.27986348122866894,0.17307692307692307,0.07692307692307694,0.44444444187654336,0.2748592860722899,0.0,2.89,
sundries,FCWO511310A,LUMPY,HOLT_DAMPED,292,0.2979452054794521,0.21153846153846154,0.28835825692611733,1.3631481172067637,0.9678231119519758,0.0,4.59,
sundries,FCWO511325A,INTERMITTENT,RANDOM_FOREST,297,0.05723905723905724,0.0,0.0,0.0,0.0,0.0,15.0,
sundries,FCWO522072AA,LUMPY,CROSTON,298,0.39932885906040266,0.09615384615384616,0.23438119269623003,2.437564378690123,0.5869377751980596,0.0,2.88,
sundries,FCWO522073AA,LUMPY,HOLT_DAMPED,296,0.6858108108108109,0.8653846153846154,0.6863813366005116,0.793151765821838,1.0008318982143112,0.0,4.47,
sundries,FCWO522075AA,LUMPY,RECENT_AVG,296,0.10135135135135136,0.11538461538461539,0.07692307692307694,0.666666660888889,0.7589743514858122,0.0,2.51,
sundries,FCWO530225AA,INTERMITTENT,RECENT_AVG,255,0.027450980392156862,0.019230769230769232,0.03846153846153847,1.9999998960000058,1.401098850058872,0.0,2.02,
sundries,FCWO531825AA,LUMPY,HOLT_DAMPED,297,0.24579124579124578,0.038461538461538464,0.05891815037058733,1.5318718698066018,0.23970809025850867,0.0,16.85,
sundries,FCWO532325AA,INTERMITTENT,RECENT_AVG,280,0.02142857142857143,0.057692307692307696,0.07692307692307694,1.333333310222223,3.589743422222231,0.0,2.89,fc_vs_history_too_high
sundries,FCWO535325AA,INTERMITTENT,CROSTON,292,0.023972602739726026,0.038461538461538464,0.04184063829734709,1.0878565674467535,1.7453522675974984,0.0,3.76,
sundries,FCWO551510A,INTERMITTENT,RECENT_AVG,296,0.3141891891891892,0.2692307692307692,0.30769230769230776,1.142857138612245,0.9793217503983209,0.0,34.56,
sundries,FCWO551525A,INTERMITTENT,RECENT_AVG,297,0.17845117845117844,0.11538461538461539,0.11538461538461536,0.9999999913333332,0.6465892561734671,0.0,16.84,
sundries,FCWO551541A,INTERMITTENT,CROSTON,298,0.14093959731543623,0.07692307692307693,0.1284447177183386,1.6697813086312447,0.9113458478210439,0.0,33.14,
sundries,FCWO617951A,LUMPY,RECENT_AVG,296,0.10472972972972973,0.15384615384615385,0.30769230769230776,1.9999999870000005,2.937965232493077,0.0,4.91,
sundries,FCWWC101,LUMPY,RECENT_AVG,294,0.5680272108843537,0.3269230769230769,0.15384615384615388,0.47058823385467136,0.27084292904875107,0.0,34.78,
sundries,FCWWC132,LUMPY,HOLT_DAMPED,297,0.48148148148148145,0.19230769230769232,0.34451002177703605,1.7914521039250364,0.7155208129739162,0.0,63.59,
sundries,FCWWC232,LUMPY,CROSTON,299,0.7959866220735786,0.2692307692307692,0.33606334422282563,1.2482352739056213,0.42219722603524323,0.0,43.04,
sundries,FCWWTMK1,INTERMITTENT,RECENT_AVG,299,0.822742474916388,0.38461538461538464,0.2692307692307693,0.69999999818,0.3272357719599859,0.0,23.62,
sundries,FIBOW1006,SMOOTH,HOLT_DAMPED,106,12.037735849056604,16.942307692307693,15.567686707577671,0.9188645956257184,1.2932404317132833,0.0,34.32,
sundries,FIBOW1300,INTERMITTENT,CROSTON,41,0.926829268292683,0.926829268292683,0.9872518289650448,1.0651927616814194,1.0651927616814194,0.0,3.2,
sundries,FIBOW1303,SMOOTH,SBA,299,9.785953177257525,9.673076923076923,9.293809092245137,0.9607913971109066,0.9497091313388014,0.0,18.02,
sundries,FIBOW1306,SMOOTH,HOLT_DAMPED,299,19.558528428093645,31.98076923076923,33.23966063893203,1.0393640127302577,1.6994970127449602,0.0,70.11,
sundries,FIBOW1339,SMOOTH,CROSTON,299,9.441471571906355,10.365384615384615,8.396299974514047,0.8100326505243205,0.8892999263598297,0.0,30.59,
sundries,FIBOW1553,ERRATIC,HOLT_DAMPED,298,3.7583892617449663,4.75,4.72296465320095,0.9943083478329773,1.256645952035181,0.0,9.9,
sundries,FIBOW1556,SMOOTH,HOLT_DAMPED,299,11.050167224080267,18.384615384615383,22.051231152052083,1.1994393513016084,1.9955563298628636,0.0,28.33,
sundries,FIBOW1558,LUMPY,HOLT_DAMPED,190,0.6105263157894737,0.3076923076923077,0.33790918556985383,1.0982048495328591,0.5534719409751083,0.0,23.95,order_up_to_below_rop
sundries,FIBOW1559,ERRATIC,RANDOM_FOREST,299,7.993311036789297,9.884615384615385,10.17670420956655,1.0295498421088014,1.2731525348450736,0.0,32.17,
sundries,FIBOW18000,LUMPY,CROSTON,123,1.2439024390243902,1.5769230769230769,1.6916900858877697,1.07277907817536,1.3599861463850809,0.0,8.7,
sundries,FIBOW1948,LUMPY,HOLT_DAMPED,154,3.614623376623377,3.4423076923076925,3.419182863151747,0.9932821722471518,0.9459306007697731,0.0,18.37,
sundries,FIBOW2506,SMOOTH,RANDOM_FOREST,299,7.321070234113712,11.038461538461538,8.461040768526319,0.7665054354068124,1.1557109134051218,0.0,24.2,
sundries,FIBOW2516,INTERMITTENT,SBA,209,6.430622009569378,7.480769230769231,6.097263810015486,0.8150584012298772,0.9481608155469278,0.0,14.89,
sundries,FIBOW2520,ERRATIC,SBA,298,3.7538657718120807,4.480769230769231,3.5638095979879103,0.795356648300484,0.9493705459047896,0.0,7.71,
sundries,FIBOW3003,ERRATIC,HOLT_DAMPED,299,4.157190635451505,5.423076923076923,4.897203035019682,0.9030303467165456,1.1780078094277238,0.0,7.45,
sundries,FIBOW3006,ERRATIC,TSB,299,9.936454849498327,18.03846153846154,15.137536862491173,0.8391811479807073,1.5234343727463326,0.0,28.62,
sundries,FIBOW3009,ERRATIC,CROSTON,299,8.488294314381271,12.23076923076923,10.870748517367502,0.8888033378253025,1.2806752585933654,0.0,28.21,
sundries,FIBOW400318,INTERMITTENT,SBA,47,0.5106382978723404,0.5106382978723404,0.4646739130434781,0.9099864112614213,0.9099864112614213,0.0,18.17,
sundries,FIBOW400618,LUMPY,SAFE_MEAN,53,1.3396226415094339,1.3269230769230769,1.3018867924528303,0.9811320747322944,0.9718309851900417,0.0,10.03,
sundries,FIBOW400918,LUMPY,CROSTON,46,1.391304347826087,1.391304347826087,1.1515939406887563,0.8277081442751284,0.8277081442751284,0.0,10.97,
sundries,FIBOW5091,LUMPY,HISTORICAL_MEAN_CAPPED,297,0.15488215488215487,0.038461538461538464,0.11538461538461536,2.9999999220000015,0.7449832727819725,0.0,14.84,
sundries,FIBOW51153,LUMPY,HOLT_DAMPED,299,1.8388829431438127,3.076923076923077,2.448757564634143,0.7958462082474465,1.3316549443413805,0.0,12.54,
sundries,FIDSO33460,LUMPY,CROSTON,211,0.33649289099526064,0.3076923076923077,0.49812687999582145,1.6189123547249544,1.4803488924896437,0.0,75.39,
sundries,FIDSO33461,INTERMITTENT,XGBOOST,185,0.23783783783783785,0.07692307692307693,0.00023986042651813477,0.00311818550419934,0.0010085040618018563,0.0,15.99,
sundries,FIDSO33462,LUMPY,HISTORICAL_MEAN_CAPPED,284,0.46830985915492956,0.17307692307692307,0.5192307692307693,2.999999982666667,1.1087333695237458,0.0,8.21,
sundries,FIDSO560,ERRATIC,XGBOOST,299,113.62996655518396,95.73307692307692,78.7555868442242,0.8226580548192651,0.6930881811470371,0.0,788.22,
sundries,FIDSO81300,ERRATIC,SBA,299,91.56032107023411,62.85353846153846,87.20619302112028,1.3874508127031915,0.952445251401791,0.0,523.66,
sundries,FIDSO81305,ERRATIC,SBA,299,211.5921872909699,155.28246153846155,200.99640747448746,1.294392202968838,0.9499235772686558,0.0,1465.9,
sundries,FIDSO81410,LUMPY,HISTORICAL_MEAN_CAPPED,291,0.041237113402061855,0.1346153846153846,0.40384615384615385,2.9999999777142863,9.793268993282458,0.0,2.8,fc_vs_history_too_high|monthly_level_rare_in_history
sundries,FIDSO83300,LUMPY,RECENT_AVG,299,0.451505016722408,0.17307692307692307,0.15384615384615388,0.8888888837530867,0.3407407399860632,0.0,40.78,
sundries,FIDSO83305,LUMPY,CROSTON,299,1.2307692307692308,1.2307692307692308,0.9624659034142643,0.7820035458887118,0.7820035458887118,0.0,7.37,
sundries,FIDSO83310,LUMPY,HOLT_DAMPED,297,1.0707070707070707,0.9230769230769231,0.9802221835554269,1.0619073643679795,0.9154905290693744,0.0,6.13,
sundries,FIDSO835611,INTERMITTENT,CROSTON,298,0.7785234899328859,1.2307692307692308,1.1689035133996108,0.9497341038655247,1.5014364075243793,0.0,127.55,
sundries,FIDSO835613,LUMPY,HOLT_DAMPED,130,2.146153846153846,2.3653846153846154,2.3313337117790396,0.9856044956199888,1.086284524695549,0.0,316.44,order_up_to_below_rop
sundries,FIDSO85310,ERRATIC,HOLT_DAMPED,299,196.1543143812709,178.20876923076924,209.94782930335785,1.178100439211891,1.0703197121334063,0.0,1728.89,
sundries,FIDSO86315,LUMPY,XGBOOST,297,24.944484848484844,13.523384615384616,6.438879133990178,0.4761292617669827,0.2581283667649346,0.0,2263.98,
sundries,FIDSW80011,ERRATIC,HOLT_DAMPED,299,4.2274247491638794,3.8653846153846154,3.00708079833633,0.7779512511096304,0.7113268658938893,0.0,8.0,
sundries,FIDSW80111,ERRATIC,HOLT_DAMPED,298,3.2885906040268456,1.9807692307692308,1.6155389856426816,0.8156119146699768,0.49125573221951524,0.0,7.24,
sundries,FIDSW80600,ERRATIC,CROSTON,299,3.1359598662207357,1.25,1.6103290975016622,1.288263276970719,0.5135043704908209,0.0,7.1,
sundries,FIDSW80605,ERRATIC,TSB,299,11.709030100334449,7.519230769230769,7.561483624749466,1.0056193054595397,0.6457822346778067,0.0,21.0,
sundries,FIDSW80610,SMOOTH,RANDOM_FOREST,299,12.294314381270903,8.76923076923077,13.687838960926776,1.5608939164189162,1.1133470753493513,0.0,40.78,
sundries,FIDSW80615,ERRATIC,CROSTON,299,4.352769230769231,2.423076923076923,2.7413614714006687,1.1313555274127325,0.6297971074121043,0.0,9.54,
sundries,FIDSW80700,LUMPY,CROSTON,299,1.6688963210702341,1.0769230769230769,1.1026486980228603,1.02388807578476,0.6607053316859405,0.0,19.09,
sundries,FIDSW80705,ERRATIC,SBA,299,6.327759197324415,5.9423076923076925,6.009610738255034,1.011326078759459,0.9497217814240425,0.0,9.53,
sundries,FIDSW80710,SMOOTH,TSB,299,13.548494983277592,14.615384615384615,12.226413662644898,0.8365440926500453,0.9024185842658605,0.0,20.81,
sundries,FIDSW80711,ERRATIC,HOLT_DAMPED,146,4.13013698630137,5.0,4.856677215985376,0.971335443002808,1.175911896123021,0.0,9.27,
sundries,FIDSW80900,LUMPY,CROSTON,294,0.30272108843537415,0.09615384615384616,0.2185229920582746,2.2726390937706094,0.7218624657629794,0.0,14.32,
sundries,FIDSW80905,LUMPY,RECENT_AVG,293,0.7918088737201365,0.4423076923076923,0.2692307692307693,0.6086956507977317,0.3400198934697826,0.0,43.62,
sundries,FIDSW80910,LUMPY,XGBOOST,299,2.1861270903010035,1.3076923076923077,2.0311217649051776,1.5532107602103276,0.9290959217272315,0.0,12.09,
sundries,FIDSW80920,INTERMITTENT,HOLT_DAMPED,298,0.7550335570469798,0.5384615384615384,0.5473303486808611,1.0164706456624395,0.7249086386261059,0.0,5.76,
sundries,FIDSW83405,LUMPY,CROSTON,299,0.5183946488294314,0.5769230769230769,0.6101268531758306,1.0575532103383476,1.176954379017187,0.0,24.4,order_up_to_below_rop
sundries,FIDSW83410,INTERMITTENT,TSB,298,0.7449664429530202,0.6153846153846154,0.6064255593127839,0.9854415322819313,0.8140307046514794,0.0,29.6,
sundries,FIDSW99411,LUMPY,HOLT_DAMPED,293,1.8225255972696246,3.269230769230769,3.4879247645478966,1.0668946335353653,1.9137864334303263,0.0,6.49,
sundries,FIDSW99412,INTERMITTENT,HOLT_DAMPED,297,1.1346801346801347,1.5961538461538463,1.4796976701384874,0.9270395036023528,1.3040658980528876,0.0,9.94,
sundries,FIHAW5000G,LUMPY,HOLT_DAMPED,296,1.8277027027027026,0.8076923076923077,0.6367986916782242,0.7884174268159513,0.34841481078303804,0.0,13.98,order_up_to_below_rop
sundries,FIHAW6200G,SMOOTH,HOLT_DAMPED,299,3.4013377926421406,2.5,2.251284824578378,0.9005139294711456,0.6618821655369048,0.0,5.7,
sundries,FIHAW6201G,SMOOTH,HOLT_DAMPED,299,7.0,5.1923076923076925,4.356341978478494,0.8389991956935323,0.6223345682651656,0.0,10.22,
sundries,FIHAW6202G,SMOOTH,HOLT_DAMPED,299,8.19732441471572,7.480769230769231,6.444638440517376,0.8614940844784212,0.7861880430353427,0.0,14.31,
sundries,FIHAW6400G,LUMPY,HISTORICAL_MEAN_CAPPED,299,0.3879598662207358,0.038461538461538464,0.11538461538461536,2.9999999220000015,0.2974137923368385,0.0,41.84,
sundries,FIHAW6401G,INTERMITTENT,HISTORICAL_MEAN_CAPPED,299,0.34782608695652173,0.057692307692307696,0.1730769230769231,2.999999948000001,0.49759615241556493,0.0,23.75,
sundries,FIHAW6402G,LUMPY,HOLT_DAMPED,299,0.8193979933110368,0.09615384615384616,0.16061205557168773,1.6703653605737525,0.19601226349929374,0.0,7.42,
sundries,FIHAW6403G,LUMPY,HISTORICAL_MEAN_CAPPED,299,0.9431438127090301,0.15384615384615385,0.46153846153846145,2.9999999804999993,0.4893617016087973,0.0,7.67,order_up_to_below_rop
sundries,FIIO100MC4GAL,INTERMITTENT,RANDOM_FOREST,47,0.06382978723404255,0.06382978723404255,0.0,0.0,0.0,0.0,5.0,
sundries,FILBW001,ERRATIC,SBA,298,4.402684563758389,5.980769230769231,4.178925684410917,0.6987271239647391,0.9491767177374989,0.0,9.35,
sundries,FILBW002,LUMPY,SBA,297,2.8757104377104374,3.323576923076923,2.724022176942567,0.8196055753092358,0.9472519000084402,0.0,15.57,
sundries,FILBW003,LUMPY,SBA,298,1.2684563758389262,0.8269230769230769,1.195505617977528,1.4457277223175262,0.9424885552286818,0.0,8.5,
sundries,FILBW011,ERRATIC,SBA,299,3.3578595317725752,3.3846153846153846,3.1867551794572524,0.9415413027432783,0.9490436238784407,0.0,9.25,
sundries,FILBW012,SMOOTH,CROSTON,299,35.19397993311037,46.25,46.64327097975188,1.0085031562971543,1.3253195878123674,0.0,54.57,
sundries,FILBW014,SMOOTH,HOLT_DAMPED,299,12.294314381270903,13.307692307692308,12.493362470978765,0.9388075844538696,1.016190255309796,0.0,32.45,
sundries,FILBW015,SMOOTH,CROSTON,299,20.74247491638796,28.75,30.994389912896374,1.0780657360632455,1.4942474336519245,0.0,79.83,
sundries,FILBW067,LUMPY,RECENT_AVG,297,0.3333333333333333,0.019230769230769232,0.03846153846153847,1.9999998960000058,0.11538461503846156,0.0,35.95,
sundries,FILBW100,LUMPY,HISTORICAL_MEAN_CAPPED,296,0.19932432432432431,0.11538461538461539,0.3461538461538462,2.9999999740000005,1.736636236398206,0.0,20.51,
sundries,FILBW157,LUMPY,SBA,288,1.5069444444444444,2.230769230769231,1.4237587108013938,0.6382366631765877,0.9447984065407822,0.0,11.22,
sundries,FILBW159,INTERMITTENT,HOLT_DAMPED,288,0.4444444444444444,0.6346153846153846,0.5318212802579012,0.8380214099949622,1.1965978778879325,0.0,3.71,
sundries,FILBW261,LUMPY,CROSTON,297,1.7670909090909093,1.0769230769230769,1.1133719216453568,1.0338453548535462,0.6300592206589295,0.0,8.73,
sundries,FILBW288,ERRATIC,SBA,299,5.581939799331104,5.596153846153846,5.3010042348745605,0.9472584885368375,0.9496706206971492,0.0,10.49,
sundries,FILBW289,SMOOTH,TSB,299,9.103678929765886,11.961538461538462,12.083285899251116,1.01017824229667,1.3272970181775245,0.0,14.04,
sundries,FILBW330,SMOOTH,HOLT_DAMPED,170,8.064705882352941,12.865384615384615,15.360535137681294,1.1939429403547717,1.9046615412706256,0.0,26.34,monthly_level_rare_in_history
sundries,FILBW331,LUMPY,HOLT_DAMPED,184,3.233695652173913,5.1923076923076925,6.209415364943684,1.1958874033884646,1.92022256604423,0.0,14.05,
sundries,FILBW332,ERRATIC,HOLT_DAMPED,188,5.547872340425532,7.115384615384615,7.287258750483518,1.0241552837078023,1.3135231494189443,0.0,10.52,
sundries,FILBW421,INTERMITTENT,SBA,33,1.2424242424242424,1.2424242424242424,1.1517473118279566,0.9270161282861228,0.9270161282861228,0.0,6.67,
sundries,FILB008,LUMPY,SBA,297,1.3771043771043772,1.1153846153846154,1.312848122866894,1.1770362470322862,0.9533395897514074,0.0,14.67,order_up_to_below_rop
sundries,FILB026,LUMPY,RECENT_AVG,292,0.04794520547945205,0.019230769230769232,0.03846153846153847,1.9999998960000058,0.8021977854662486,0.0,2.95,
sundries,FILB058,INTERMITTENT,RANDOM_FOREST,299,0.12709030100334448,0.09615384615384616,0.0,0.0,0.0,0.0,3.39,
sundries,FILB191,LUMPY,XGBOOST,241,0.04564315352697095,0.019230769230769232,1.1946872291446198e-05,0.0006212373268508612,0.00026174510537799666,0.0,3.93,
sundries,FILB192,LUMPY,SBA,298,0.06711409395973154,0.038461538461538464,0.051700680272108834,1.3442176521251707,0.7703401245763538,0.0,5.78,
sundries,FILB237,LUMPY,HISTORICAL_MEAN_CAPPED,298,0.16778523489932887,0.11538461538461539,0.3461538461538462,2.9999999740000005,2.063076910780985,0.0,3.35,
sundries,FILB238,SMOOTH,TSB,299,57.74247491638796,64.40384615384616,54.66110644877295,0.8487242565816838,0.9466360166753587,0.0,107.08,
sundries,FILB294,ERRATIC,SBA,299,12.949832775919733,15.134615384615385,12.298409420557068,0.8126013847861655,0.9496963885492262,0.0,34.19,
sundries,FIPPW470010,INTERMITTENT,RANDOM_FOREST,254,0.8149606299212598,0.3076923076923077,0.0,0.0,0.0,0.0,7.99,
sundries,FIWT63081,INTERMITTENT,CROSTON,91,0.4065934065934066,0.40384615384615385,0.439522817371379,1.088342211748472,1.080988548173663,0.0,29.52,
sundries,FIWT63181,LUMPY,SBA,145,1.3172413793103448,1.2884615384615385,1.2448878848728244,0.9661816412409764,0.9450719537671419,0.0,5.83,
sundries,FIWT63281,LUMPY,HOLT_DAMPED,145,2.219489655172414,1.9423076923076923,2.3252662972719906,1.1971668058999092,1.047658091492074,0.0,4.59,
sundries,FPGL3003,INTERMITTENT,SAFE_MEAN,273,3.772893772893773,9.615384615384615,3.7728937728937737,0.39238095234014486,0.9999999997349517,0.0,568.42,
sundries,FPGL3020,INTERMITTENT,RECENT_AVG,297,0.21212121212121213,0.07692307692307693,0.03846153846153847,0.4999999935000002,0.1813186804638933,0.0,48.95,
sundries,FPGL3021,LUMPY,RECENT_AVG,298,0.20134228187919462,0.019230769230769232,0.03846153846153847,1.9999998960000058,0.19102564007688042,0.0,9.95,
sundries,FPGL3120,INTERMITTENT,CROSTON,298,0.09060402684563758,0.019230769230769232,0.06122173555945527,3.18353008354811,0.675706555383597,0.0,4.73,fc_vs_recent_too_high
sundries,FPPEO58,LUMPY,SAFE_MEAN,200,27.935,30.423076923076923,27.934999999999995,0.9182174462403618,0.9999999999642025,0.0,585.04,
sundries,FPPEW34,LUMPY,SAFE_MEAN,294,52.29251700680272,73.96153846153847,46.51020408163266,0.6288431128996875,0.8894237023376163,0.0,1855.03,
sundries,FPPEW58,INTERMITTENT,HOLT_DAMPED,299,53.25371237458194,54.324230769230766,50.032611769695336,0.9209999121996367,0.9395140646126382,0.0,9280.83,
sundries,FPWWFLT124,INTERMITTENT,CROSTON,143,0.2727272727272727,0.15384615384615385,0.26953169008711103,1.7519559741785078,0.9882828600290366,0.0,8.6,
sundries,FPWWFLT3424,INTERMITTENT,RECENT_AVG,144,0.09027777777777778,0.038461538461538464,0.03846153846153847,0.9999999740000008,0.42603549823941755,0.0,30.95,
sundries,FPWWFLT424,INTERMITTENT,SBA,148,0.13513513513513514,0.15384615384615385,0.13235294117647062,0.8602941120551473,0.9794117574582355,0.0,18.93,
sundries,FPWWFLT424B,INTERMITTENT,XGBOOST,148,0.08783783783783784,0.09615384615384616,0.002809812081977725,0.02922204534865907,0.03198862949218355,0.0,29.85,
sundries,FPWWFLT57824,INTERMITTENT,HOLT_DAMPED,134,0.16417910447761194,0.17307692307692307,0.13224912718083218,0.7641060637410843,0.80551740610419,0.0,20.93,
sundries,FPWWFLT57824B,INTERMITTENT,HOLT_DAMPED,136,0.17647058823529413,0.25,0.13917139872349377,0.5566855926672326,0.7886379216308498,0.0,20.56,
sundries,FWAS901XL,INTERMITTENT,RECENT_AVG,298,0.2684563758389262,0.25,0.23076923076923073,0.9230769193846151,0.8596153814133171,0.0,63.67,
sundries,GLLATEX8MIL,ERRATIC,TSB,298,1.6101543624161074,2.1346153846153846,2.121845091956038,0.9940175200903159,1.3177898592618946,0.0,579.63,
sundries,GLLATEX8MILM,INTERMITTENT,RANDOM_FOREST,255,0.047058823529411764,0.038461538461538464,0.0,0.0,0.0,0.0,4.0,
sundries,GP10002,LUMPY,HOLT_DAMPED,298,4.1644295302013425,1.8461538461538463,1.6564706476048783,0.8972549336332959,0.39776652124715495,0.0,27.59,
sundries,GP10003,LUMPY,SAFE_MEAN,298,1.9328859060402686,4.576923076923077,1.9328859060402688,0.4223112062694697,0.999999999482639,0.0,671.73,
sundries,GP10004,LUMPY,RECENT_AVG,292,1.6609589041095891,0.09615384615384616,0.19230769230769226,1.9999999791999996,0.115781126020697,0.0,516.73,
sundries,GP10005,LUMPY,RECENT_AVG,298,1.1140939597315436,0.6538461538461539,0.19230769230769226,0.2941176466089965,0.1726135308923297,0.0,727.73,
sundries,HB2321,INTERMITTENT,XGBOOST,290,0.041379310344827586,0.019230769230769232,0.0012878560228273273,0.06696850970465851,0.0311231864661834,0.0,19.93,
sundries,HB2323,INTERMITTENT,HISTORICAL_MEAN_CAPPED,289,0.03806228373702422,0.019230769230769232,0.05769230769230768,2.9999998440000075,1.5157342259117936,0.0,2.92,
sundries,HB2325,INTERMITTENT,HISTORICAL_MEAN_CAPPED,274,0.021897810218978103,0.038461538461538464,0.11538461538461536,2.9999999220000015,5.269230528602574,0.0,1.84,fc_vs_history_too_high
sundries,HB2623,INTERMITTENT,RECENT_AVG,260,0.011538461538461539,0.038461538461538464,0.07692307692307694,1.9999999480000017,6.666666088888941,0.0,1.56,fc_vs_history_too_high|monthly_level_rare_in_history
sundries,HB2625,INTERMITTENT,CROSTON,284,0.02112676056338028,0.019230769230769232,0.03953308266723383,2.055720191798709,1.87123249101073,0.0,7.89,
sundries,HB4720,INTERMITTENT,RANDOM_FOREST,297,0.030303030303030304,0.019230769230769232,0.0,0.0,0.0,0.0,17.0,
sundries,HB5269,INTERMITTENT,COLD_START_RECENT_ZERO,6,0.16666666666666666,0.16666666666666666,0.0,0.0,0.0,0.0,8.0,
sundries,HB9965,INTERMITTENT,SBA,263,0.034220532319391636,0.019230769230769232,0.02992125984251968,1.555905430903941,0.8743656787360559,0.0,14.4,
sundries,HILO178060,INTERMITTENT,SAFE_MEAN,127,17.716535433070867,14.423076923076923,17.716535433070867,1.228346456607748,0.9999999999435556,177.17,-177.17,negative_ending_inventory_fcst
sundries,HILO178100,INTERMITTENT,SAFE_MEAN,127,16.929133858267715,7.6923076923076925,16.92913385826772,2.200787401288701,0.9999999999409305,169.29,-169.29,negative_ending_inventory_fcst
sundries,HI3M5RQC1005,SMOOTH,CROSTON,298,158.78523489932886,241.57692307692307,264.68102073454617,1.0956386784062593,1.6669120456992692,0.0,606.3,
sundries,HI3M5RQC1008,SMOOTH,HOLT_DAMPED,299,82.80936454849498,93.34615384615384,87.35426638116627,0.9358100230267787,1.0548839114561108,0.0,230.52,
sundries,HI3M5RQC1205,SMOOTH,CROSTON,297,184.13804713804714,268.5,325.1407017444814,1.2109523342393687,1.7657442706501592,0.0,531.63,
sundries,HI3M5RQC1208,LUMPY,HOLT_DAMPED,297,83.46801346801347,150.0,131.83018361855713,0.8788678907845218,1.579409622196143,0.0,445.75,
sundries,HI3M5RQC805,ERRATIC,TSB,299,114.81939799331104,213.44230769230768,258.69829878599967,1.2120291500864004,2.25308879252979,0.0,523.65,monthly_level_rare_in_history
sundries,HI3M5RQC808,LUMPY,HOLT_DAMPED,294,53.8843537414966,74.4423076923077,63.836319132763606,0.8575274076102082,1.184691189539465,0.0,474.65,
sundries,HI3M8RQC100,LUMPY,SBA,296,10.489864864864865,20.057692307692307,9.957570939334637,0.49644648975990985,0.9492563599877851,0.0,1650.98,
sundries,HI3M8RQC120,LUMPY,CROSTON,296,8.621621621621621,27.25,19.78808525501107,0.7261682662122899,2.2951697628541954,0.0,1091.75,
sundries,HI3M8RQC80,LUMPY,CROSTON,290,8.296551724137931,14.903846153846153,15.008138036608232,1.006997648840341,1.8089609435127965,0.0,1414.14,
sundries,HI3M997523,LUMPY,HOLT_DAMPED,292,0.8116438356164384,0.5961538461538461,0.8318038315464331,1.3952838441245086,1.0248384747354669,0.0,100.56,
sundries,HI3M997547,LUMPY,SBA,299,2.290969899665552,3.1923076923076925,2.1684540291922847,0.679274755919738,0.9465222692634787,0.0,43.14,
sundries,HI3M997554,LUMPY,SBA,295,2.7456135593220337,2.3846153846153846,2.599756730158729,1.090220563802923,0.9468764168886911,0.0,74.1,
sundries,HI3M997561,LUMPY,SBA,294,2.0238095238095237,2.5961538461538463,1.9321889055472259,0.7442505411092941,0.9547286352104104,0.0,64.77,
sundries,HI3M997578,LUMPY,SBA,298,2.697986577181208,2.980769230769231,2.553606487409304,0.8566937890370047,0.9464859862760195,0.0,29.56,
sundries,HI3M997646,LUMPY,HOLT_DAMPED,298,1.4026845637583893,1.4615384615384615,1.3595071476481844,0.9301891003859968,0.9692180136610812,0.0,136.36,
sundries,HTCG537126,INTERMITTENT,XGBOOST,111,0.09009009009009009,0.09615384615384616,0.2329112499809036,2.4222769746097166,2.5853148460910353,0.0,5.56,
sundries,HTCR175,INTERMITTENT,RECENT_AVG,293,0.17406143344709898,0.19230769230769232,0.07692307692307694,0.39999999792000007,0.441930615862272,0.0,24.89,
sundries,HTCR280,INTERMITTENT,RANDOM_FOREST,186,0.026881720430107527,0.019230769230769232,0.0,0.0,0.0,0.0,1.43,
sundries,HTCR285,INTERMITTENT,SBA,294,0.3435374149659864,0.23076923076923078,0.32265860269022273,1.398187272265487,0.9392240486613228,0.0,3.09,
sundries,HTCR286C,INTERMITTENT,CROSTON,295,0.02711864406779661,0.019230769230769232,0.045586116102841495,2.370477914082906,1.680987969305849,0.0,1.43,
sundries,HTCR308C,INTERMITTENT,CROSTON,294,0.13945578231292516,0.057692307692307696,0.10283685106633514,1.7825053875863823,0.7374154633342046,0.0,26.51,
sundries,HTCR338,INTERMITTENT,HISTORICAL_MEAN_CAPPED,194,0.010309278350515464,0.019230769230769232,0.05769230769230768,2.9999998440000075,5.596153303326975,0.0,1.92,fc_vs_history_too_high|monthly_level_rare_in_history
sundries,HTCR420,INTERMITTENT,SBA,299,0.8595317725752508,1.1346153846153846,0.8141747063758389,0.7175777066818573,0.9472304938644122,0.0,31.5,
sundries,HTCR421,INTERMITTENT,CROSTON,294,0.17006802721088435,0.21153846153846154,0.1944989636160758,0.9194496418385963,1.143653899337841,0.0,43.61,
sundries,HTCR422,INTERMITTENT,SBA,295,0.19661016949152543,0.21153846153846154,0.18568181818181811,0.8777685908918705,0.9444161393971306,0.0,53.08,
sundries,HTCR423,INTERMITTENT,SBA,299,1.625418060200669,1.5961538461538463,1.5424122123681678,0.9663305420830787,0.9489326156673895,0.0,4.64,
sundries,HTCR424,INTERMITTENT,SBA,297,1.1683501683501682,1.5576923076923077,1.1078209459459458,0.7111936932371248,0.948192566756002,0.0,11.81,
sundries,HTCR425,SMOOTH,SBA,299,5.2842809364548495,4.653846153846154,5.019423471290082,1.0785538035165267,0.9498782390074183,0.0,8.55,
sundries,HTCR426,INTERMITTENT,CROSTON,299,1.0133779264214047,0.8461538461538461,0.9678049391395332,1.1437694721768117,0.9550286353701877,0.0,4.45,
sundries,HTCR427,INTERMITTENT,SBA,299,0.13043478260869565,0.2692307692307692,0.12273137924111627,0.4558594069166683,0.9409405669680138,0.0,40.44,
sundries,HTCR428,LUMPY,XGBOOST,281,0.199288256227758,0.17307692307692307,0.36204300838737535,2.091804036374412,1.8166800865422388,0.0,36.66,
sundries,HTCR430,INTERMITTENT,XGBOOST,299,0.46488294314381273,0.4230769230769231,0.03500569239258766,0.08274072727782002,0.07530001440912953,0.0,70.13,
sundries,HTCR431,INTERMITTENT,RECENT_AVG,276,0.2826086956521739,0.2692307692307692,0.15384615384615388,0.5714285693061225,0.5443786962985891,0.0,36.78,
sundries,HTCR434,INTERMITTENT,TSB,296,0.25,0.4230769230769231,0.6356264128671286,1.5023896995893828,2.5425056412984914,0.0,15.04,
sundries,HTCR560,LUMPY,SBA,299,1.0568561872909699,1.1346153846153846,1.001723097805595,0.882874593897991,0.9478329302546546,0.0,4.49,
sundries,HTCR563,SMOOTH,HOLT_DAMPED,299,2.217391304347826,2.0576923076923075,2.211790206133769,1.074888697785624,0.9974740140810741,0.0,4.67,
sundries,HTCR565,INTERMITTENT,CROSTON,292,0.7397260273972602,0.6538461538461539,0.6690701858556083,1.0232838120964962,0.9044837685450388,0.0,4.81,
sundries,HTCR576,INTERMITTENT,RECENT_AVG,296,0.2195945945945946,0.1346153846153846,0.03846153846153847,0.2857142835918368,0.17514792819648617,0.0,1.94,
sundries,HTCR672,INTERMITTENT,HISTORICAL_MEAN_CAPPED,35,0.08571428571428572,0.08571428571428572,0.25714285714285706,2.9999999649999993,2.9999999649999993,0.0,2.26,monthly_level_rare_in_history
sundries,HTCR673,INTERMITTENT,RANDOM_FOREST,299,0.4816053511705686,0.1346153846153846,0.0,0.0,0.0,0.0,1.76,
sundries,HTCR673-14,INTERMITTENT,SBA,43,0.37209302325581395,0.37209302325581395,0.34601626016260173,0.9299186966878356,0.9299186966878356,0.0,2.44,
sundries,HTCR674,INTERMITTENT,HISTORICAL_MEAN_CAPPED,288,0.1909722222222222,0.057692307692307696,0.1730769230769231,2.999999948000001,0.9062937015480231,0.0,11.75,
sundries,HTCR679,INTERMITTENT,XGBOOST,299,0.20735785953177258,0.07692307692307693,0.0642935112118721,0.835815634888734,0.31006064128454236,0.0,10.56,
sundries,HTCR681,INTERMITTENT,CROSTON,294,0.07482993197278912,0.07692307692307693,0.07196713936406401,0.9355727995703857,0.9617426677401125,0.0,15.15,
sundries,HTCR725,INTERMITTENT,XGBOOST,299,0.13377926421404682,0.038461538461538464,0.010604064911603928,0.2757056805333544,0.0792653846217306,0.0,27.43,
sundries,HTCR855,INTERMITTENT,HOLT_DAMPED,299,1.2173913043478262,1.1730769230769231,1.1359636494588063,0.9683624544508701,0.933112997003248,0.0,4.78,
sundries,HTCR856,INTERMITTENT,SBA,299,0.31438127090301005,0.3269230769230769,0.30522460937499996,0.9336282140559605,0.970874020349294,0.0,11.69,
sundries,HTDRSG1,INTERMITTENT,RECENT_AVG,296,0.037162162162162164,0.019230769230769232,0.03846153846153847,1.9999998960000058,1.0349650071150678,0.0,22.95,
sundries,HTDRTR11,LUMPY,HOLT_DAMPED,299,1.5919732441471572,0.057692307692307696,0.005501001264620873,0.09535068693401656,0.0034554608762362568,0.0,1.92,
sundries,HTDRTR12,INTERMITTENT,RANDOM_FOREST,299,0.27424749163879597,0.2692307692307692,0.5626994765280368,2.0900266193411805,2.051794425224347,0.0,2.14,
sundries,HTDRTR13,INTERMITTENT,SBA,270,0.05185185185185185,0.09615384615384616,0.046958174904942966,0.48836501393241066,0.905621927129763,0.0,13.49,
sundries,HTDRTR6,INTERMITTENT,CROSTON,293,0.4197952218430034,0.057692307692307696,0.15412379504867293,2.6714790678713602,0.36714042147714654,0.0,3.03,
sundries,HTDRTR8,INTERMITTENT,RECENT_AVG,299,0.21070234113712374,0.07692307692307693,0.03846153846153847,0.4999999935000002,0.18253968167334347,0.0,6.95,
sundries,HTFIBF106005,SMOOTH,SBA,299,8.612040133779264,8.75,8.181159872120439,0.9349896995640513,0.9499676898951344,0.0,34.14,
sundries,HTGLAF50018V,INTERMITTENT,RECENT_AVG,54,0.07407407407407407,0.057692307692307696,0.07692307692307694,1.333333310222223,1.038461524442308,0.0,1.89,
sundries,HTGLAV2,LUMPY,SBA,299,2.802675585284281,2.6153846153846154,2.659496794775332,1.0168664211429428,0.9489135338354405,0.0,7.45,
sundries,HTGLFLEX180,INTERMITTENT,HOLT_DAMPED,299,1.5518394648829432,1.2307692307692308,1.293355173081269,1.0508510772747144,0.8334336131510834,0.0,3.0,
sundries,HTGLFLEX40,SMOOTH,CROSTON,299,1.9364548494983278,1.4807692307692308,1.3357666924429699,0.9020762072743697,0.6898000705253847,0.0,4.53,
sundries,HTGLHB220,INTERMITTENT,HOLT_DAMPED,297,0.24242424242424243,0.1346153846153846,0.15353066152874606,1.1405134771697278,0.6333139761936574,0.0,2.09,
sundries,HTGLSL160,SMOOTH,CROSTON,298,4.3624161073825505,6.846153846153846,7.302865497509477,1.0667106904916401,1.6740414751991997,0.0,19.63,
sundries,HTGLSL161,LUMPY,XGBOOST,299,1.508361204013378,1.0384615384615385,1.88413588100901,1.8143530688541138,1.2491277783773942,0.0,4.18,
sundries,HTGLSL221,ERRATIC,SBA,297,2.723905723905724,3.4423076923076925,2.5853567509817514,0.7510533576089178,0.9491359144124681,0.0,6.3,
sundries,HTGLSNM2KIT,INTERMITTENT,RECENT_AVG,296,0.02364864864864865,0.019230769230769232,0.03846153846153847,1.9999998960000058,1.6263735576012592,0.0,33.95,
sundries,HTGLSNM2050,INTERMITTENT,CROSTON,279,0.03225806451612903,0.07692307692307693,0.06080418512787568,0.7904543963864766,1.884929680531326,0.0,26.75,
sundries,HTGLSNM3KIT,INTERMITTENT,SBA,297,0.03367003367003367,0.07692307692307693,0.028565292096219923,0.3713487924233247,0.848389150060574,0.0,27.47,
sundries,HTGLSNM3050,INTERMITTENT,CROSTON,290,0.05172413793103448,0.07692307692307693,0.06471367921426217,0.8412778188487966,1.2511311072872007,0.0,18.54,
sundries,HTML157,INTERMITTENT,TSB,296,0.6114864864864865,0.7115384615384616,0.7139221432178259,1.003350037706831,1.1675190831319935,0.0,5.86,
sundries,HTMTNT677,INTERMITTENT,SBA,121,1.0,1.3269230769230769,0.9498669467787114,0.7158417564531772,0.9498669458288443,0.0,15.25,
sundries,HTMTNT682,LUMPY,TSB,125,1.576,2.326923076923077,2.1658613753554055,0.9307834005791763,1.3742775215616292,0.0,4.56,
sundries,HTMT779SD,SMOOTH,CROSTON,131,4.603053435114504,5.25,5.67515883866923,1.0809826357310948,1.2329117872374091,0.0,8.4,
sundries,HTNO32R121,INTERMITTENT,CROSTON,220,0.2409090909090909,0.057692307692307696,0.121107210680168,2.0991916154035906,0.5027091743215272,0.0,2.31,
sundries,HTPKA112,INTERMITTENT,HOLT_DAMPED,290,0.3689655172413793,0.4423076923076923,0.3624078651774202,0.8193569107225778,0.9822269216505237,0.0,18.64,
sundries,HTPKA2,INTERMITTENT,HOLT_DAMPED,297,0.5252525252525253,0.5769230769230769,0.5283953183126234,0.915885216821013,1.0059833925645647,0.0,14.77,
sundries,HTPKA4,INTERMITTENT,HISTORICAL_MEAN_CAPPED,296,0.28716216216216217,0.019230769230769232,0.05769230769230768,2.9999998440000075,0.2009049766759435,0.0,6.92,
sundries,HTPKA5,INTERMITTENT,RANDOM_FOREST,298,0.1644295302013423,0.019230769230769232,0.0,0.0,0.0,0.0,13.0,
sundries,HTSO,INTERMITTENT,HISTORICAL_MEAN_CAPPED,21,0.23809523809523808,0.23809523809523808,0.7142857142857143,2.9999999874000003,2.9999999874000003,0.0,7.14,monthly_level_rare_in_history
sundries,HTST10099,INTERMITTENT,HOLT_DAMPED,298,0.2684563758389262,0.2692307692307692,0.22945366493368502,0.8522564665881631,0.8547148986941636,0.0,26.74,
sundries,HTST11921,INTERMITTENT,HISTORICAL_MEAN_CAPPED,298,0.1174496644295302,0.019230769230769232,0.05769230769230768,2.9999998440000075,0.49120878702649917,0.0,35.92,
sundries,HTST16304,INTERMITTENT,HISTORICAL_MEAN_CAPPED,298,0.11409395973154363,0.038461538461538464,0.11538461538461536,2.9999999220000015,1.0113122083307158,0.0,12.84,
sundries,HTST16312,INTERMITTENT,CROSTON,299,0.043478260869565216,0.07692307692307693,0.0556236170593784,0.723107012371528,1.2793431629408105,0.0,7.03,
sundries,HTST58111,INTERMITTENT,CROSTON,295,0.09830508474576272,0.07692307692307693,0.12194206480461664,1.5852468218518077,1.2404451293596757,0.0,15.48,
sundries,HTST58112,INTERMITTENT,CROSTON,289,0.15570934256055363,0.3076923076923077,0.23018576342147115,0.748103728688444,1.4783041155905616,0.0,12.7,
sundries,HTSWCR336,INTERMITTENT,HISTORICAL_MEAN_CAPPED,297,0.020202020202020204,0.019230769230769232,0.05769230769230768,2.9999998440000075,2.85576908940866,0.0,10.92,
sundries,HTWAFL021E,INTERMITTENT,HISTORICAL_MEAN_CAPPED,297,0.09427609427609428,0.019230769230769232,0.05769230769230768,2.9999998440000075,0.6119505429595025,0.0,10.92,
sundries,HTWAFL059,INTERMITTENT,RECENT_AVG,78,0.358974358974359,0.25,0.19230769230769226,0.7692307661538459,0.5357142842219386,0.0,30.73,
sundries,HTWAFL155,INTERMITTENT,SAFE_MEAN,220,0.7772727272727272,0.8269230769230769,0.7727272727272727,0.9344608868192144,0.9941520455045998,0.0,2.81,
sundries,HTWAFL157,INTERMITTENT,HOLT_DAMPED,299,1.0301003344481605,0.7884615384615384,0.6516773456847206,0.8265176081128428,0.6326348252291352,0.0,3.57,
sundries,HTWAFL162,INTERMITTENT,CROSTON,219,0.4794520547945205,0.6346153846153846,0.6616140378754802,1.0425433307670522,1.3799378475478457,0.0,2.76,
sundries,KP197,INTERMITTENT,HOLT_DAMPED,299,1.7023411371237458,1.1153846153846154,1.0915285868620614,0.9786118356196444,0.6411926272692333,0.0,6.23,
sundries,KP198,INTERMITTENT,RECENT_AVG,299,0.18394648829431437,0.11538461538461539,0.15384615384615388,1.333333321777778,0.8363636318168598,0.0,20.78,
sundries,KP199,INTERMITTENT,CROSTON,296,1.3074324324324325,1.1153846153846154,0.9747817290742206,0.8739422390761115,0.7455694873004669,0.0,3.13,
sundries,KP252,SMOOTH,HOLT_DAMPED,299,8.207357859531772,8.634615384615385,8.175369922890278,0.9468134430758577,0.9961025291957452,0.0,12.93,
sundries,KP309,INTERMITTENT,RECENT_AVG,297,0.7306397306397306,0.40384615384615385,0.30769230769230776,0.7619047600181407,0.42112725926055583,0.0,61.56,
sundries,LOFI005,INTERMITTENT,CROSTON,299,0.7424749163879598,0.46153846153846156,0.47434785966874327,1.0277536937221439,0.6388739182429322,0.0,2.62,
sundries,LOFI268,INTERMITTENT,SBA,299,0.27759197324414714,0.36538461538461536,0.26070617844453225,0.7135116443164774,0.939170446675942,0.0,1.78,
sundries,LOMISC,LUMPY,SBA,294,0.12585034013605442,0.46153846153846156,0.08369047619047619,0.18132936468648478,0.664999994715946,0.0,17.67,
sundries,MACOPC0947,INTERMITTENT,RANDOM_FOREST,131,0.10687022900763359,0.019230769230769232,0.0,0.0,0.0,0.0,3.0,
sundries,MANABR50,INTERMITTENT,HISTORICAL_MEAN_CAPPED,283,0.08480565371024736,0.019230769230769232,0.05769230769230768,2.9999998440000075,0.6802884535167267,0.0,8.92,
sundries,MANAPALMN,INTERMITTENT,RECENT_AVG,296,0.19256756756756757,0.11538461538461539,0.19230769230769226,1.6666666522222218,0.9986504671487083,0.0,9.73,
sundries,MANA10S0001N,INTERMITTENT,SBA,57,0.05263157894736842,0.038461538461538464,0.046341463414634146,1.2048780174536593,0.8804877881487808,0.0,1.5,
sundries,MANA445LS,INTERMITTENT,SBA,292,0.10616438356164383,0.11538461538461539,0.09964285714285716,0.863571421087143,0.9385714197306916,0.0,4.68,
sundries,MANA445LSFLEX,INTERMITTENT,SBA,252,0.047619047619047616,0.07692307692307693,0.043728423475258925,0.5684694977882625,0.9182968736962032,0.0,9.66,
sundries,MANA45,INTERMITTENT,XGBOOST,292,0.1917808219178082,0.21153846153846154,0.44844212096471053,2.119908198175429,2.3383053328376846,0.0,2.24,
sundries,MANA50PFLEXPRXLSW,INTERMITTENT,SBA,283,0.07773851590106007,0.057692307692307696,0.0748299319727891,1.2970521317127741,0.9625850216312616,0.0,6.0,
sundries,MANA50PFLEXW,INTERMITTENT,RECENT_AVG,288,0.125,0.07692307692307693,0.03846153846153847,0.4999999935000002,0.30769230523076935,0.0,11.95,
sundries,MAPJ330,INTERMITTENT,RECENT_AVG,284,0.1056338028169014,0.057692307692307696,0.03846153846153847,0.6666666551111115,0.3641025606557266,0.0,1.49,
sundries,MASO,INTERMITTENT,RANDOM_FOREST,116,0.02586206896551724,0.019230769230769232,0.0,0.0,0.0,0.0,2.14,
sundries,MAST445FS,INTERMITTENT,RANDOM_FOREST,264,0.011363636363636364,0.038461538461538464,0.0,0.0,0.0,0.0,4.0,
sundries,MAST445LSFLEX,INTERMITTENT,HISTORICAL_MEAN_CAPPED,47,0.0425531914893617,0.0425531914893617,0.1276595744680851,2.9999999295000017,2.9999999295000017,0.0,1.63,
sundries,MASW575,INTERMITTENT,RECENT_AVG,294,0.19727891156462585,0.17307692307692307,0.11538461538461536,0.6666666628148147,0.5848806336400346,0.0,11.84,
sundries,MASW775,INTERMITTENT,RANDOM_FOREST,298,0.020134228187919462,0.019230769230769232,0.0,0.0,0.0,0.0,1.43,
sundries,MASW777,INTERMITTENT,CROSTON,253,0.1067193675889328,0.19230769230769232,0.13334820171196315,0.693410645296473,1.249522026555467,0.0,2.88,
sundries,MASW812,INTERMITTENT,SBA,299,0.033444816053511704,0.019230769230769232,0.02942315137437088,1.5300037919070886,0.8797521997890986,0.0,1.58,
sundries,MASW835,INTERMITTENT,RECENT_AVG,296,0.17229729729729729,0.09615384615384616,0.03846153846153847,0.3999999958400001,0.22322775134392106,0.0,8.95,
sundries,MAVACCP,INTERMITTENT,SBA,298,1.4597315436241611,1.6346153846153846,1.3850895316804401,0.8473488894508323,0.948865931397722,0.0,3.69,
sundries,MAVAVE600,INTERMITTENT,RECENT_AVG,281,0.23487544483985764,0.11538461538461539,0.07692307692307694,0.666666660888889,0.32750582611144674,0.0,5.89,
sundries,MBBOG669004,LUMPY,TSB,299,3.5005083612040133,4.461538461538462,5.279479104490325,1.1833315231550157,1.5082035402327176,0.0,12.43,
sundries,MBBO607614,ERRATIC,SBA,161,5.068322981366459,5.269230769230769,4.811815068493151,0.9131911807086055,0.949389982689394,0.0,8.88,
sundries,MBBO619741,LUMPY,CROSTON,117,1.188034188034188,1.25,1.460354991241706,1.1682839920587376,1.2292196678522367,0.0,5.79,
sundries,MBGA10M,SMOOTH,CROSTON,209,71.23923444976077,75.84615384615384,68.38795106576327,0.9016666976097373,0.9599759401265288,499.88,-499.88,negative_ending_inventory_fcst
sundries,MBHD12,SMOOTH,SBA,299,4.337792642140468,5.153846153846154,4.120619831871178,0.7995232508049478,0.9499347181537792,0.0,19.27,
sundries,MBSI401521,ERRATIC,HOLT_DAMPED,154,5.1103896103896105,7.923076923076923,9.702117275622742,1.2245390734677344,1.8985083356461652,0.0,18.76,
sundries,MBSI740331,ERRATIC,CROSTON,156,4.211538461538462,6.6923076923076925,8.809708337627942,1.3163931996787372,2.0918028924560694,0.0,8.29,monthly_level_rare_in_history
sundries,MB1215ML,INTERMITTENT,RECENT_AVG,288,0.13194444444444445,0.11538461538461539,0.03846153846153847,0.3333333304444445,0.29149797349925427,0.0,25.95,
sundries,MB612C,LUMPY,CROSTON,299,0.7491638795986622,0.28846153846153844,0.34360962371333764,1.1911800247434798,0.45865748818370256,0.0,12.64,
sundries,MISC,LUMPY,RECENT_AVG,299,0.19732441471571907,0.019230769230769232,0.03846153846153847,1.9999998960000058,0.19491525324949732,0.0,56818.55,
sundries,MMCCTK,INTERMITTENT,SBA,299,0.47157190635451507,0.8846153846153846,0.4410155755350132,0.49853934569340524,0.9352032397542068,0.0,111.44,
sundries,MMJ4,INTERMITTENT,SBA,171,0.017543859649122806,0.019230769230769232,0.012179487179487174,0.6333333004000015,0.6942307296596174,0.0,2.35,
sundries,MPAA21066A,INTERMITTENT,HOLT_DAMPED,299,0.40468227424749165,0.5769230769230769,0.3922094739397928,0.6798297536506026,0.9691787803158146,0.0,3.06,
sundries,MPAA40818A,LUMPY,CROSTON,299,1.6153846153846154,3.1538461538461537,2.878133890755727,0.9125790382429494,1.7817019312696345,0.0,7.47,
sundries,MPAA467504,INTERMITTENT,RANDOM_FOREST,290,0.006896551724137931,0.019230769230769232,0.0,0.0,0.0,0.0,1.43,
sundries,MPAA47394A,INTERMITTENT,SBA,298,0.35570469798657717,0.7307692307692307,0.3358963393773521,0.4596476216768588,0.9443123476702437,0.0,2.88,
sundries,MPAA960140,INTERMITTENT,CROSTON,290,0.15862068965517243,0.2692307692307692,0.24030444559294753,0.8925593660300132,1.5149627996220776,0.0,8.16,
sundries,MPAA987300,INTERMITTENT,CROSTON,289,0.0657439446366782,0.09615384615384616,0.079656163967118,0.8284240966424166,1.211612159807431,0.0,13.74,
sundries,MPAB300904,INTERMITTENT,SBA,295,0.29152542372881357,0.46153846153846156,0.2650684931506849,0.5743150672488013,0.9092465722235384,0.0,7.03,
sundries,MPACE12,INTERMITTENT,CROSTON,275,0.08727272727272728,0.11538461538461539,0.11241706461366532,0.9742812182079955,1.2881121839386296,0.0,22.99,
sundries,MPAD13200A,LUMPY,HOLT_DAMPED,287,0.13937282229965156,0.23076923076923078,0.12209894364351734,0.529095420162495,0.8760599143565071,0.0,5.48,
sundries,MPAD40583A,INTERMITTENT,HOLT_DAMPED,297,0.16835016835016836,0.38461538461538464,0.1468575338738451,0.38182958707924025,0.8723337460289773,0.0,20.15,
sundries,MPAD40900A,INTERMITTENT,HOLT_DAMPED,295,0.3220338983050847,0.8846153846153846,0.7928200913355444,0.8962314065835713,2.461915012818112,0.0,6.26,
sundries,MPAD47320A,INTERMITTENT,RANDOM_FOREST,228,0.021929824561403508,0.019230769230769232,0.0,0.0,0.0,0.0,47.0,
sundries,MPAD47322A,INTERMITTENT,SBA,289,0.06920415224913495,0.07692307692307693,0.06316489361702127,0.8211436063464096,0.9127326995769698,0.0,5.63,
sundries,MPAD62411A,INTERMITTENT,HISTORICAL_MEAN_CAPPED,297,0.016835016835016835,0.019230769230769232,0.05769230769230768,2.9999998440000075,3.426922873363858,0.0,1.42,
sundries,MPAD68705A,INTERMITTENT,RANDOM_FOREST,273,0.018315018315018316,0.0,0.0,0.0,0.0,0.0,8.0,
sundries,MPAD85715A,INTERMITTENT,CROSTON,297,0.05723905723905724,0.11538461538461539,0.07973708030950309,0.6910546900265527,1.3930536728344398,0.0,13.74,
sundries,MPBABST,INTERMITTENT,HOLT_DAMPED,299,0.8762541806020067,1.2307692307692308,1.18278853127916,0.9610156808834921,1.349823551331571,0.0,5.63,
sundries,MPBAFSTP,INTERMITTENT,SBA,279,0.43010752688172044,0.8846153846153846,0.40806705081194344,0.46129318735290903,0.948755890931911,0.0,26.2,
sundries,MPBC100565,LUMPY,HOLT_DAMPED,299,0.7290969899665551,1.1153846153846154,1.1290531433351245,1.0122545413929178,1.5485637128173473,0.0,5.96,
sundries,MPDB29736,LUMPY,HISTORICAL_MEAN_CAPPED,288,0.041666666666666664,0.11538461538461539,0.3461538461538462,2.9999999740000005,8.307692108307698,0.0,2.45,fc_vs_history_too_high|monthly_level_rare_in_history
sundries,MPDB29737,INTERMITTENT,RANDOM_FOREST,249,0.028112449799196786,0.019230769230769232,0.0,0.0,0.0,0.0,9.0,
sundries,MPDC38,INTERMITTENT,RECENT_AVG,289,0.11072664359861592,0.07692307692307693,0.15384615384615388,1.9999999740000007,1.3894230643748502,0.0,2.78,
sundries,MPDC826,INTERMITTENT,HISTORICAL_MEAN_CAPPED,282,0.07092198581560284,0.019230769230769232,0.05769230769230768,2.9999998440000075,0.8134615269917307,0.0,3.92,
sundries,MPDD11S,INTERMITTENT,RANDOM_FOREST,299,0.07692307692307693,0.038461538461538464,0.0,0.0,0.0,0.0,24.0,
sundries,MPDD12,INTERMITTENT,XGBOOST,299,0.08361204013377926,0.057692307692307696,0.3992896584364084,6.9210206262667215,4.775504257784414,0.0,54.67,fc_vs_recent_too_high|fc_vs_history_too_high
sundries,MPDN2,INTERMITTENT,SBA,239,0.016736401673640166,0.038461538461538464,0.012284482758620692,0.3193965434198278,0.7339978009712178,0.0,1.43,
sundries,MPSO,LUMPY,HOLT_DAMPED,298,0.6879194630872483,1.5769230769230769,1.896249419333512,1.2024996310099103,2.7564991519021946,0.0,9.44,
sundries,MPVB3L340,INTERMITTENT,SBA,277,0.018050541516245487,0.038461538461538464,0.013649425287356324,0.35488504824425315,0.7561781190272726,0.0,1.81,
sundries,MTCR017,INTERMITTENT,RECENT_AVG,280,0.017857142857142856,0.038461538461538464,0.03846153846153847,0.9999999740000008,2.1538460332307765,0.0,1.48,
sundries,NSWWMP18,INTERMITTENT,HISTORICAL_MEAN_CAPPED,296,0.10472972972972973,0.019230769230769232,0.05769230769230768,2.9999998440000075,0.5508684810924517,0.0,1.66,
sundries,PCBND00708,NO_DEMAND,RANDOM_FOREST,48,0.0,0.0,0.0,0.0,0.0,0.0,2.0,
sundries,PP2,LUMPY,HOLT_DAMPED,299,1.9163879598662208,1.8846153846153846,1.893884565047744,1.0049183401043564,0.9882573903207442,0.0,6.23,
sundries,PP2L,LUMPY,CROSTON,288,0.3888888888888889,0.5,0.46064144919601513,0.9212828965494645,1.184506580601022,0.0,9.39,
sundries,PP312,INTERMITTENT,TSB,298,1.0,1.0961538461538463,1.431700562475386,1.3061127926456526,1.4317005610436853,0.0,3.3,
sundries,PP312L,LUMPY,SBA,293,0.21160409556313994,0.1346153846153846,0.20149999999999993,1.4968571317376322,0.9522499954998505,0.0,15.23,
sundries,PP450,LUMPY,RECENT_AVG,294,0.21428571428571427,0.25,0.11538461538461536,0.46153845969230756,0.5384615359487179,0.0,19.84,
sundries,PP460,LUMPY,RANDOM_FOREST,283,0.303886925795053,0.15384615384615385,0.0966574815244673,0.6282736258252589,0.3180705486210498,0.0,13.84,
sundries,PP5,LUMPY,TSB,288,0.46875,0.9230769230769231,1.1936021681385383,1.2930690140825916,2.5463512865966655,0.0,3.61,
sundries,PRDR30004,INTERMITTENT,RANDOM_FOREST,251,0.08764940239043825,0.09615384615384616,0.0,0.0,0.0,0.0,46.0,
sundries,PRSI187782,LUMPY,HISTORICAL_MEAN_CAPPED,50,0.5,0.5,1.5,2.9999999940000004,2.9999999940000004,0.0,7.5,monthly_level_rare_in_history
sundries,PRSI503598,LUMPY,SBA,156,3.4144358974358977,4.596153846153846,3.2362531051893417,0.7041220143649851,0.947814866482578,0.0,9.68,
sundries,PRSI536430,ERRATIC,TSB,157,4.424535031847134,6.5,5.51489380811053,0.8484452011172439,1.2464346574654113,0.0,10.54,
sundries,PRULK102500,ERRATIC,RANDOM_FOREST,299,8.612040133779264,15.25,13.506664469327365,0.885682915963389,1.5683466702368725,0.0,16.77,
sundries,PS660050,LUMPY,RANDOM_FOREST,291,0.09278350515463918,0.19230769230769232,0.0,0.0,0.0,0.0,566.0,order_up_to_below_rop
sundries,RAFL10,SMOOTH,HOLT_DAMPED,299,11.494983277591974,12.346153846153847,12.029718480508993,0.9743697210838013,1.046519006505464,0.0,18.7,
sundries,RAFL5,SMOOTH,TSB,299,8.97324414715719,11.173076923076923,9.27132763279995,0.8297918018286544,1.0332191434581635,0.0,29.23,
sundries,RAFL50,SMOOTH,SBA,298,2.174496644295302,2.0,2.0643356643356636,1.0321678316517477,0.94933954890297,0.0,3.75,
sundries,RATO10,SMOOTH,CROSTON,299,11.020066889632107,11.692307692307692,12.13359844397947,1.0377419720937004,1.1010458071079359,0.0,19.5,
sundries,RATO5,SMOOTH,CROSTON,299,10.525083612040135,11.0,10.735304231199333,0.975936748202127,1.0199732967345498,0.0,18.1,
sundries,RATO50,SMOOTH,TSB,299,1.5551839464882944,1.8076923076923077,1.5497545192851523,0.8573110101941249,0.996508819286676,0.0,3.97,
sundries,RFPU14B744009,INTERMITTENT,CROSTON,107,1.4018691588785046,2.25,2.118612247804104,0.9416054430499994,1.5112767356888834,0.0,3.13,
sundries,RKDTRS1,SMOOTH,TSB,299,3.4782608695652173,3.9615384615384617,3.5496720331731413,0.8960337168854834,1.0205307092438756,0.0,5.37,
sundries,RKDTRS2,ERRATIC,SBA,299,2.6053511705685617,2.980769230769231,2.4811925754722357,0.83240008955659,0.9523447750724614,0.0,7.36,
sundries,RKDTRS8,LUMPY,HOLT_DAMPED,299,1.9921471571906355,1.9230769230769231,1.9898509727895626,1.0347225053125169,0.9988473816346185,0.0,17.58,order_up_to_below_rop
sundries,RKDTSW1,INTERMITTENT,RANDOM_FOREST,297,0.5387205387205387,0.34615384615384615,0.5772454444782595,1.6675979458974668,1.0715118543237754,0.0,22.16,
sundries,RKDTSW2,INTERMITTENT,RANDOM_FOREST,297,0.026936026936026935,0.019230769230769232,0.0,0.0,0.0,0.0,13.0,
sundries,RKEP58237,LUMPY,CROSTON,293,0.5836177474402731,0.9230769230769231,0.6865440443180671,0.7437560472055037,1.176359091465032,0.0,49.32,
sundries,RKGU09441,INTERMITTENT,CROSTON,211,0.014218009478672985,0.019230769230769232,0.05189413596263621,2.698494929735346,3.649887305996673,0.0,1.49,fc_vs_history_too_high
sundries,RKLBFI293,INTERMITTENT,HISTORICAL_MEAN_CAPPED,17,0.058823529411764705,0.058823529411764705,0.17647058823529407,2.999999949,2.999999949,0.0,1.45,monthly_level_rare_in_history
sundries,RKSM50008,LUMPY,SBA,281,0.10320284697508897,0.11538461538461539,0.08258393285371704,0.7157274118625767,0.8002098243805355,0.0,6.9,
sundries,RKSYCR143,SMOOTH,HOLT_DAMPED,299,5.638795986622074,5.923076923076923,6.106366103247278,1.030944926348212,1.082920204357736,0.0,18.4,
sundries,RP36RRP,ERRATIC,CROSTON,299,7.6185819397993315,6.653846153846154,3.5357152467659385,0.5313791699543268,0.4640909915047755,0.0,64.09,
sundries,SBAW22B,LUMPY,HOLT_DAMPED,287,1.1254355400696865,1.4807692307692308,1.217772090183985,0.8223915408675695,1.082045168954355,0.0,15.94,
sundries,SBAW42B,LUMPY,HOLT_DAMPED,292,1.3150684931506849,1.3461538461538463,1.400433375968369,1.0403219356608349,1.0649128788328364,0.0,6.49,
sundries,SBCH498B15,LUMPY,XGBOOST,209,0.1722488038277512,0.038461538461538464,0.006847454234957695,0.17803380548002112,0.03975327574438121,0.0,11.63,
sundries,SBCH499B25,INTERMITTENT,RANDOM_FOREST,224,0.24553571428571427,0.038461538461538464,0.0,0.0,0.0,0.0,2.18,
sundries,SBCR351,LUMPY,RANDOM_FOREST,299,1.0668896321070234,0.9230769230769231,2.0157990044143896,2.183782252416491,1.8894166199215263,0.0,6.42,
sundries,SBCR351C,SMOOTH,HOLT_DAMPED,299,3.899665551839465,4.288461538461538,4.454866435925883,1.038802935489364,1.1423714099487734,0.0,5.82,
sundries,SBCR376,INTERMITTENT,SBA,298,0.5302013422818792,0.5,0.5020236486486488,1.004047295289203,0.9468547279438901,0.0,19.18,
sundries,SBCR377,LUMPY,CROSTON,299,0.9464882943143813,0.6923076923076923,0.661878982283112,0.9560474174724267,0.699299701390671,0.0,3.15,
sundries,SBMU134,LUMPY,HISTORICAL_MEAN_CAPPED,298,2.204697986577181,1.0576923076923077,3.1730769230769242,2.9999999971636373,1.4392342810472323,1.13,-1.13,order_up_to_below_rop|negative_ending_inventory_fcst
sundries,SBST28290,LUMPY,HOLT_DAMPED,299,12.240802675585284,23.442307692307693,22.01624506293749,0.9391671396422582,1.7985948834099807,0.0,72.54,
sundries,SBST28292,LUMPY,TSB,299,11.976588628762542,20.78846153846154,16.98682182009415,0.8171274140632795,1.418335583296305,0.0,98.51,
sundries,SBWWB08,LUMPY,RECENT_AVG,291,0.2508591065292096,0.09615384615384616,0.11538461538461536,1.1999999875199998,0.45995784853527855,0.0,44.84,
sundries,SCAWCBS10,INTERMITTENT,RECENT_AVG,293,0.6177474402730375,0.5192307692307693,0.15384615384615388,0.29629629572565164,0.24904377350250423,0.0,40.78,
sundries,SCAWF22,LUMPY,SBA,276,1.7572463768115942,1.9423076923076923,1.6729459105371514,0.8613186861697356,0.9520269506092666,0.0,9.62,
sundries,SCAWF4,LUMPY,SBA,281,1.1103202846975089,0.9423076923076923,1.0707736185383245,1.1363311858143603,0.9643826491611464,0.0,5.3,
sundries,SCAWF42,INTERMITTENT,CROSTON,288,0.8819444444444444,0.7115384615384616,0.6676626770397441,0.9383367339803563,0.7570348455488988,0.0,11.33,
sundries,SCCR350,INTERMITTENT,RANDOM_FOREST,297,0.8282828282828283,1.2884615384615385,2.1996057553557553,1.7071567043242852,2.65562157947943,0.0,8.93,monthly_level_rare_in_history
sundries,SCCR360,LUMPY,HOLT_DAMPED,299,2.1298528428093646,2.4615384615384617,2.1532794366090866,0.8747697707670662,1.01099916027899,0.0,9.17,
sundries,SCCR375,INTERMITTENT,RECENT_AVG,294,0.2857142857142857,0.21153846153846154,0.23076923076923073,1.090909085752066,0.8076923048653845,0.0,15.67,
sundries,SCCR375S,INTERMITTENT,RANDOM_FOREST,290,0.04827586206896552,0.038461538461538464,0.0,0.0,0.0,0.0,23.0,
sundries,SCWWS07,INTERMITTENT,TSB,293,0.24914675767918087,0.2692307692307692,0.4327563509562148,1.6073807261528121,1.7369535660444322,0.0,21.88,
sundries,SLKRGG600,INTERMITTENT,RECENT_AVG,120,0.6833333333333333,0.5576923076923077,0.3461538461538462,0.6206896540594531,0.5065666033862628,0.0,8.51,
sundries,SSNO26297,LUMPY,CROSTON,299,0.5250836120401338,0.11538461538461539,0.24416584234470975,2.116103948647917,0.465003737083007,0.0,7.95,
sundries,SSNO71017,LUMPY,RANDOM_FOREST,293,0.447098976109215,0.019230769230769232,0.23534307359307352,12.237839190472185,0.5263780183858151,0.0,82.43,fc_vs_recent_too_high
sundries,SS3M16100,SMOOTH,TSB,299,68.62541806020067,67.1923076923077,59.957902883210295,0.8923328419806908,0.8736981803118398,0.0,102.89,
sundries,SS3M16120,SMOOTH,SBA,299,30.96989966555184,28.98076923076923,29.42107337507318,1.0151929764107601,0.9499893022530059,0.0,126.64,
sundries,SS3M16150,ERRATIC,TSB,299,12.094515050167225,9.673076923076923,8.854644441711185,0.9153906777761059,0.7321206682740566,0.0,28.01,
sundries,SS3M16180,LUMPY,SBA,298,4.619489932885906,4.25,4.382715453601434,1.0312271653106369,0.948744453679262,0.0,144.84,
sundries,SS3M16220,ERRATIC,HOLT_DAMPED,299,13.809364548494983,14.403846153846153,13.90485644340163,0.9653571895950417,1.0069150099966142,0.0,46.51,
sundries,SS3M1660,ERRATIC,SBA,299,9.29372575250836,8.211538461538462,8.821601561315326,1.074293398436847,0.9491996853883053,0.0,33.78,
sundries,SS3M1680,SMOOTH,SBA,299,39.1438127090301,34.65384615384615,37.184066701788936,1.0730141334279846,0.9499347183485015,0.0,193.52,
sundries,SS3M1880,LUMPY,RANDOM_FOREST,275,0.05454545454545454,0.23076923076923078,0.0,0.0,0.0,0.0,7.14,
sundries,STDS101,SMOOTH,TSB,299,32.25418060200669,32.86538461538461,29.196761521956226,0.888374253420438,0.9052085954784586,0.0,49.73,
sundries,STDS102,ERRATIC,SBA,298,5.409395973154362,6.6923076923076925,5.135928842228054,0.7674376429768737,0.9494459024199908,0.0,10.53,
sundries,STDS104,ERRATIC,TSB,298,5.1879194630872485,7.9423076923076925,7.689405654987671,0.9681576126126263,1.4821752165230515,0.0,8.05,
sundries,STDS108,ERRATIC,HOLT_DAMPED,299,3.6722408026755855,4.788461538461538,4.218663213122689,0.8810059720344077,1.1487980877779538,0.0,9.37,
sundries,STDS110,SMOOTH,TSB,299,26.464882943143813,33.15384615384615,27.087915491820063,0.8170368941601842,1.0235418591871805,0.0,143.82,
sundries,STDS111,ERRATIC,SBA,299,4.852842809364549,6.288461538461538,4.607019241177742,0.7326146804377572,0.949344419592206,0.0,9.7,
sundries,STDS112,SMOOTH,TSB,299,16.57190635451505,18.903846153846153,16.55672201816012,0.8758388045765846,0.999083730198012,0.0,44.09,
sundries,STDS116,ERRATIC,HOLT_DAMPED,298,9.865771812080537,11.576923076923077,9.564271051550294,0.8261496588665375,0.9694397187323451,0.0,35.3,
sundries,STDS121,SMOOTH,CROSTON,299,15.752508361204013,16.5,17.697805981424104,1.0725943018394855,1.123491292592332,0.0,41.82,
sundries,STDS122,LUMPY,XGBOOST,297,0.6094276094276094,0.07692307692307693,0.23843749096760383,3.0996873422829143,0.39124825801755586,0.0,4.15,fc_vs_recent_too_high
sundries,STDS123,ERRATIC,SBA,299,7.3076923076923075,8.98076923076923,6.939900690953217,0.7727512545811226,0.9496706207373274,0.0,11.97,
sundries,STDS124,SMOOTH,TSB,299,7.103678929765886,7.5576923076923075,6.312979228178684,0.8353051394958161,0.8886915202258512,0.0,11.62,
sundries,STDS125,ERRATIC,TSB,299,3.939799331103679,4.903846153846154,4.152090578101046,0.8467008235969645,1.0538837712539062,0.0,11.16,
sundries,STDS128,ERRATIC,XGBOOST,299,6.535117056856187,7.019230769230769,8.75421903683589,1.247176410549625,1.339565758246367,0.0,9.62,
sundries,STDS130,ERRATIC,CROSTON,297,4.399501683501684,6.127923076923077,7.513139120405658,1.2260498418253756,1.707725024148194,0.0,9.5,
sundries,STDS131,SMOOTH,SBA,299,12.635451505016722,14.038461538461538,12.002854066930846,0.8549978238848549,0.9499347182975894,0.0,23.12,
sundries,STDS133,ERRATIC,SBA,298,3.936241610738255,4.9423076923076925,3.735847701149425,0.75589136350375,0.9490900380730604,0.0,9.43,
sundries,STDS135,LUMPY,SBA,299,1.6281806020066891,2.1923076923076925,1.5427242110099078,0.7036987625958145,0.9475141812652891,0.0,46.57,
sundries,STDS137,ERRATIC,CROSTON,299,4.617565217391305,3.9740769230769226,3.497889742744483,0.8801766572641153,0.7575182108555251,0.0,10.33,
sundries,STDS139,ERRATIC,HOLT_DAMPED,299,4.438127090301004,5.134615384615385,4.425577039148083,0.8619101347973069,0.9971722188448546,0.0,10.15,
sundries,STDS140,ERRATIC,HOLT_DAMPED,299,3.016722408026756,3.3846153846153846,2.79210515518735,0.8249401592434392,0.9255426176544127,0.0,5.86,
sundries,STDS141,ERRATIC,SBA,299,6.451505016722408,7.115384615384615,6.127134838316048,0.861110842020694,0.9497217814269214,0.0,13.2,
sundries,STDS143,ERRATIC,SBA,299,5.237458193979933,6.0576923076923075,4.974193901371461,0.8211367708844979,0.9497343398634076,0.0,8.75,
sundries,STDS145,ERRATIC,SBA,299,5.508361204013378,7.173076923076923,5.230690135494493,0.7292114933184842,0.949590983745553,0.0,12.95,
sundries,STDS150,ERRATIC,XGBOOST,298,4.429530201342282,5.173076923076923,4.43001494040856,0.8563597652665962,1.0001094332906955,0.0,10.27,
sundries,STDS170,ERRATIC,HOLT_DAMPED,299,8.722408026755852,10.5,8.766643924053426,0.8349184688779531,1.0050715233862952,0.0,14.98,
sundries,STDS171,ERRATIC,XGBOOST,299,9.404682274247492,9.826923076923077,9.552912556208097,0.9721163461296889,1.0157613278814042,0.0,20.82,
sundries,STDS172,ERRATIC,HOLT_DAMPED,299,6.063545150501672,6.211538461538462,4.678050332439853,0.753122654017678,0.7715041639100035,0.0,8.84,
sundries,STDS173,ERRATIC,HOLT_DAMPED,299,5.7725752508361206,7.403846153846154,8.35144589752438,1.1279874976950972,1.446745262414376,0.0,11.08,
sundries,STDS175,ERRATIC,CROSTON,298,4.016778523489933,3.673076923076923,3.2019760883598725,0.8717421808868209,0.7971502707549635,0.0,8.18,
sundries,STDS181,ERRATIC,HOLT_DAMPED,299,5.812709030100335,6.076923076923077,5.817080476961753,0.9572410909880842,1.0007520496618751,0.0,10.6,
sundries,STDS182,ERRATIC,SBA,299,3.5205752508361203,4.288461538461538,3.3526177482984343,0.7817763357437947,0.9522925966572964,0.0,6.87,
sundries,STDS183,LUMPY,CROSTON,299,2.635886287625418,1.9423076923076923,1.9154099366685264,0.986151650054292,0.7266663759108474,0.0,6.5,
sundries,STDS184,LUMPY,HOLT_DAMPED,298,2.8926174496644297,2.1153846153846154,1.9420666669994828,0.9180678785112143,0.6713873162015921,0.0,6.81,
sundries,STDS185,LUMPY,XGBOOST,299,1.4676454849498328,1.7115384615384615,2.140870127540368,1.2508454670455638,1.458710668233914,0.0,10.32,
sundries,STDS186,LUMPY,HOLT_DAMPED,299,2.0250100334448162,2.3586923076923076,1.7834594454135027,0.7561221270112496,0.8807163495871081,0.0,16.71,
sundries,STDS199,ERRATIC,HOLT_DAMPED,299,7.829431438127091,8.576923076923077,7.1236919260985925,0.8305649778339405,0.909860694417527,0.0,11.09,
sundries,STGCAL,INTERMITTENT,HISTORICAL_MEAN_CAPPED,23,0.43478260869565216,0.43478260869565216,1.3043478260869565,2.9999999931,2.9999999931,0.0,14.47,monthly_level_rare_in_history
sundries,STGCBH,INTERMITTENT,RANDOM_FOREST,43,0.023255813953488372,0.023255813953488372,0.0,0.0,0.0,0.0,1.43,
sundries,STGCSTAIN,LUMPY,RECENT_AVG,289,0.2906574394463668,0.46153846153846156,0.2692307692307693,0.5833333320694445,0.9262820480952,0.0,2.75,
sundries,STLA5083,LUMPY,RECENT_AVG,298,0.7013422818791947,0.21153846153846154,0.3461538461538462,1.6363636286280994,0.49355907180270603,0.0,7.01,
sundries,STLA5084,LUMPY,HISTORICAL_MEAN_CAPPED,297,0.4377104377104377,0.019230769230769232,0.05769230769230768,2.9999998440000075,0.1318047334266875,0.0,5.43,
sundries,STLB034,LUMPY,SAFE_MEAN,91,1.120879120879121,0.7115384615384616,1.1098901098901097,1.5598455576533443,0.9901960775479621,0.0,5.29,
sundries,STLB036,LUMPY,SBA,89,0.48314606741573035,0.4230769230769231,0.4675602409638554,1.1051423851205944,0.9677409618524229,0.0,21.02,
sundries,STLB038,INTERMITTENT,RECENT_AVG,89,0.2808988764044944,0.19230769230769232,0.2692307692307693,1.3999999927200002,0.9584615350494153,0.0,44.62,
sundries,STLB041,LUMPY,HOLT_DAMPED,82,0.4268292682926829,0.07692307692307693,0.11357958124134611,1.4765345369425504,0.26610073257057487,0.0,50.93,
sundries,STLB042,LUMPY,RECENT_AVG,92,0.31521739130434784,0.15384615384615385,0.19230769230769226,1.2499999918749998,0.6100795736613919,0.0,46.73,
sundries,STLB043,LUMPY,RECENT_AVG,89,0.48314606741573035,0.25,0.2692307692307693,1.0769230726153847,0.5572450793475268,0.0,46.62,
sundries,STLB045,LUMPY,HOLT_DAMPED,91,0.989010989010989,0.7884615384615384,0.2982249795023732,0.3782365588891489,0.3015385900808439,0.0,18.07,
sundries,STLB046,LUMPY,SBA,84,0.7261904761904762,0.6153846153846154,0.6664567360350494,1.082992194297093,0.9177437008172735,0.0,4.71,
sundries,STLB198,LUMPY,TSB,92,0.7391304347826086,0.5769230769230769,1.2193046806584227,2.1134614428112664,1.6496475068942253,0.0,4.61,
sundries,STLB200,INTERMITTENT,SBA,91,0.32967032967032966,0.17307692307692307,0.30497592295345105,1.7620831002167927,0.9250936301526841,0.0,52.71,
sundries,STLB201,LUMPY,RECENT_AVG,89,0.38202247191011235,0.40384615384615385,0.30769230769230776,0.7619047600181407,0.8054298621450627,0.0,33.56,
sundries,STLB202,INTERMITTENT,SBA,91,0.4175824175824176,0.36538461538461536,0.384398148148148,1.0520370341577774,0.9205324052029741,0.0,15.46,
sundries,STLB364,LUMPY,HOLT_DAMPED,83,0.7228915662650602,0.21153846153846154,0.1600218664836319,0.756467001619325,0.2213635816628045,0.0,36.45,
sundries,STLB365,INTERMITTENT,HOLT_DAMPED,87,0.3333333333333333,0.15384615384615385,0.1915799822470214,1.245269876511385,0.5747399450168444,0.0,56.76,
sundries,STLB366,INTERMITTENT,HOLT_DAMPED,92,0.44565217391304346,0.21153846153846154,0.12183486415767608,0.5759466278409029,0.27338554822816413,0.0,38.49,
sundries,STLB367,LUMPY,RECENT_AVG,90,0.4222222222222222,0.21153846153846154,0.30769230769230776,1.454545447669422,0.7287449375452804,0.0,58.56,
sundries,STLB368,LUMPY,HOLT_DAMPED,90,0.6888888888888889,0.40384615384615385,0.40529446708020955,1.0035862969516385,0.5883306771656307,0.0,50.35,
sundries,STLB369,LUMPY,SBA,90,0.3333333333333333,0.17307692307692307,0.32232142857142854,1.8623015765416224,0.9669642828133928,0.0,58.78,
sundries,STLB370,LUMPY,CROSTON,89,0.23595505617977527,0.23076923076923078,0.29982748875476556,1.2992524456405568,1.2706974469562886,0.0,46.98,
sundries,STLB371,LUMPY,SAFE_MEAN,80,0.6875,0.4423076923076923,0.6875,1.5543478225727787,0.9999999985454546,0.0,5.01,
sundries,STLB372,LUMPY,CROSTON,79,0.34177215189873417,0.36538461538461536,0.47106881119929783,1.2892409534380505,1.3783124435502905,0.0,7.83,
sundries,STZA109,INTERMITTENT,HISTORICAL_MEAN_CAPPED,275,0.03272727272727273,0.019230769230769232,0.05769230769230768,2.9999998440000075,1.762820458956554,0.0,42.92,
sundries,STZA110,LUMPY,SBA,278,0.03237410071942446,0.019230769230769232,0.02630769230769231,1.3679999288640037,0.8126153595145992,0.0,17.59,
sundries,STZA117,LUMPY,RECENT_AVG,294,0.08843537414965986,0.038461538461538464,0.03846153846153847,0.9999999740000008,0.43491123768570794,0.0,43.95,
sundries,STZA120,INTERMITTENT,RANDOM_FOREST,297,0.020202020202020204,0.019230769230769232,0.0,0.0,0.0,0.0,7.0,
sundries,STZA126,INTERMITTENT,HISTORICAL_MEAN_CAPPED,293,0.040955631399317405,0.019230769230769232,0.05769230769230768,2.9999998440000075,1.4086538117592153,0.0,10.92,
sundries,STZA128,LUMPY,HISTORICAL_MEAN_CAPPED,254,0.05511811023622047,0.019230769230769232,0.05769230769230768,2.9999998440000075,1.0467032777131084,0.0,7.92,
sundries,STZA138,INTERMITTENT,HISTORICAL_MEAN_CAPPED,291,0.044673539518900345,0.019230769230769232,0.05769230769230768,2.9999998440000075,1.291420089435253,0.0,2.92,
sundries,SWPL200,INTERMITTENT,CROSTON,293,0.2901023890784983,0.34615384615384615,0.3330262950262518,0.9620759606298412,1.1479612247804605,0.0,3.21,
sundries,SWP161,INTERMITTENT,XGBOOST,295,0.09152542372881356,0.019230769230769232,0.006419395096600056,0.33380852766515945,0.07013783454838353,0.0,2.28,
sundries,TAFBHEF107308,LUMPY,SBA,254,6.578740157480315,14.115384615384615,6.263201286261632,0.44371453251026116,0.9520365807711773,0.0,55.4,
sundries,TA3M02991,LUMPY,RANDOM_FOREST,276,0.06159420289855073,0.11538461538461539,0.0,0.0,0.0,0.0,25.0,
sundries,TA3M02993,ERRATIC,CROSTON,299,8.752508361204013,6.6923076923076925,5.644954400968198,0.8434989333519665,0.6449527572398358,0.0,19.98,
sundries,TA3M06817,LUMPY,HOLT_DAMPED,294,0.282312925170068,0.34615384615384615,0.23325526988403886,0.6738485554961052,0.8262295072650114,0.0,650.54,
sundries,TA3M06818,LUMPY,SBA,298,2.1374362416107378,2.2274230769230767,2.032799715305192,0.9126239803534055,0.9510457784800453,0.0,199.39,
sundries,TA3M06819,SMOOTH,HOLT_DAMPED,299,35.35872909698997,33.25,30.775369391059446,0.9255750192521466,0.8703754398460246,0.0,132.96,
sundries,TA3M06820,ERRATIC,TSB,299,18.69826755852843,27.307692307692307,24.80049167854023,0.9081870191808917,1.3263523799509531,0.0,45.07,
sundries,TA3M2080,INTERMITTENT,RANDOM_FOREST,294,0.027210884353741496,0.09615384615384616,0.0,0.0,0.0,0.0,124.0,
sundries,TA3M79749,LUMPY,SBA,298,4.953020134228188,5.461538461538462,4.7159192825112095,0.8634781783298663,0.9521300446508169,0.0,14.9,
sundries,TA3M8087CW,SMOOTH,HOLT_DAMPED,230,26.473913043478262,13.346153846153847,10.520453016768244,0.7882760184884126,0.39738942252673615,0.0,48.53,
sundries,TB200,SMOOTH,TSB,299,4.531772575250836,3.980769230769231,3.773909339155602,0.948035196071466,0.8327667100800942,0.0,6.44,
sundries,TB200E,ERRATIC,SBA,299,14.315250836120402,13.173076923076923,13.586561396434023,1.0313886022787402,0.9490969841201218,0.0,38.77,
sundries,TKWOTST01,INTERMITTENT,SBA,299,0.3377926421404682,0.3269230769230769,0.3203861565053426,0.9800047110186805,0.9484699060545042,0.0,1.68,
sundries,TK3M536,INTERMITTENT,HISTORICAL_MEAN_CAPPED,24,0.4166666666666667,0.4166666666666667,1.25,2.9999999928,2.9999999928,0.0,368.21,monthly_level_rare_in_history
sundries,TPGM006666,INTERMITTENT,RANDOM_FOREST,40,1.3,1.3,0.9877255799755802,0.7597889070890701,0.7597889070890701,0.0,23.23,
sundries,TPGM385000,INTERMITTENT,SBA,299,0.7591973244147158,0.8846153846153846,0.7215561868686868,0.8156722103207992,0.9504198219804486,0.0,41.45,
sundries,UBST11921A,INTERMITTENT,SBA,299,0.7123745819397993,1.1730769230769231,0.6856458860215585,0.5844850170938987,0.9624794348951392,0.0,34.37,
sundries,UNBERB2MF,LUMPY,CROSTON,299,4.8193979933110365,3.326923076923077,4.000965733233102,1.2026024165640805,0.8301795655714599,0.0,7.14,order_up_to_below_rop
sundries,UNBLHVL30G,ERRATIC,HOLT_DAMPED,299,19.03010033444816,26.673076923076923,38.78462508915829,1.454073903792804,2.038067293681713,0.0,89.37,
sundries,UNBLHV830,ERRATIC,XGBOOST,299,18.28428093645485,24.25,0.003081735223531723,0.00012708186488266562,0.00016854560669207793,0.0,30.64,fc_vs_recent_too_low
sundries,UNBLUE2,ERRATIC,HOLT_DAMPED,299,9.702341137123746,8.288461538461538,2.4924270014295526,0.3007104502522037,0.2568892359016292,0.0,17.8,
sundries,UNBLUE3,ERRATIC,HOLT_DAMPED,299,13.789297658862877,11.538461538461538,10.688154845428294,0.9263067531901722,0.7751050930272382,0.0,68.32,
sundries,UNBM0042,ERRATIC,CROSTON,185,11.762162162162163,10.884615384615385,10.455627176434303,0.9605876556972318,0.8889205089503197,0.0,21.56,
sundries,UNBOD00130,LUMPY,CROSTON,298,1.1140939597315436,0.8846153846153846,1.1219750884108728,1.2683196637263645,1.0070740242359397,0.0,17.05,
sundries,UNBOD63168952,LUMPY,XGBOOST,298,4.7502181208053695,9.241634615384616,12.03567111492157,1.3023314180354382,2.533709148991097,0.0,23.34,monthly_level_rare_in_history
sundries,UNBO602411,ERRATIC,HOLT_DAMPED,150,36.84,45.34615384615385,67.62936527565948,1.4914024572759712,1.8357591008095473,0.0,121.24,
sundries,UNBO602428,SMOOTH,TSB,283,187.51542049469964,260.9230769230769,221.87163491694088,0.8503335064590736,1.1832180752410661,0.0,495.42,
sundries,UNBO618682,LUMPY,SAFE_MEAN,106,3.509433962264151,1.6923076923076923,3.4905660377358485,2.062607202897824,0.994623655630564,0.0,163.5,
sundries,UNDR8302LT,LUMPY,HISTORICAL_MEAN_CAPPED,299,1.3846153846153846,0.2692307692307692,0.8076923076923077,2.9999999888571427,0.583333332912037,0.0,9.16,
sundries,UNFPGA01,ERRATIC,SBA,172,10.726744186046512,11.884615384615385,10.184713375796177,0.856966173943105,0.9494692143488529,0.0,24.15,
sundries,UNLO14,ERRATIC,CROSTON,299,31.137123745819398,44.26923076923077,40.73608513449538,0.9201895859886665,1.308280285158211,0.0,161.72,
sundries,UNLO18,SMOOTH,CROSTON,299,37.1505016722408,54.59615384615385,51.70282176916943,0.9470048368959374,1.3917126133026234,0.0,160.0,
sundries,UNM800100,SMOOTH,TSB,299,24.986622073578594,33.94230769230769,31.748648663924254,0.9353709521107206,1.2706258800874628,0.0,113.91,
sundries,UNPW12,ERRATIC,HOLT_DAMPED,299,75.40468227424749,103.34615384615384,101.86198950525369,0.9856389010461367,1.3508708800526452,0.0,304.38,
sundries,UNPW34,ERRATIC,TSB,299,85.5685618729097,118.96153846153847,87.94167694428906,0.7392446170489153,1.027733492516519,0.0,303.86,
sundries,UNPW38,ERRATIC,HOLT_DAMPED,299,28.682274247491637,24.423076923076923,26.552520572658295,1.0871898186785018,0.9257466943736046,0.0,96.86,
sundries,UNPW58,ERRATIC,HOLT_DAMPED,299,24.879598662207357,33.92307692307692,31.607382786593973,0.931736907513853,1.2704136917343385,0.0,126.39,
sundries,UNSI515280,ERRATIC,RANDOM_FOREST,115,27.347826086956523,34.84615384615385,55.32311995235158,1.5876392038850582,2.022943972746516,0.0,164.73,
sundries,UNSI532621,SMOOTH,CROSTON,158,149.5632911392405,204.3653846153846,162.41342981690607,0.7947208384716092,1.085917731407879,0.0,459.79,
sundries,UNSI582499,LUMPY,CROSTON,102,1.7450980392156863,0.9615384615384616,1.4394329209960146,1.4970102362789646,0.8248435834688732,0.0,7.89,
sundries,UNSI649187,LUMPY,HOLT_DAMPED,157,8.630573248407643,3.769230769230769,2.339603235713896,0.6207110623716613,0.27108317930961,0.0,19.26,
sundries,UNSO,LUMPY,SAFE_MEAN,271,6.531365313653136,19.78846153846154,6.5313653136531356,0.3300592772524781,0.9999999998468925,0.0,190.03,
sundries,UNWAFL051,LUMPY,RECENT_AVG,137,0.5328467153284672,0.09615384615384616,0.19230769230769226,1.9999999791999996,0.3609062163932834,0.0,84.73,
sundries,UNWAFL167,LUMPY,SAFE_MEAN,294,9.047619047619047,14.326923076923077,9.02721088435374,0.6300872026223221,0.9977443607919786,0.0,89.31,
sundries,UNWHITE3,ERRATIC,SBA,299,8.37458193979933,8.096153846153847,7.950491900487857,0.9820085006515537,0.9493598554161384,0.0,20.02,
sundries,UN15LB,SMOOTH,SBA,299,12.638795986622073,13.23076923076923,12.00672098103689,0.9074847252423388,0.9499893022085164,0.0,27.5,
sundries,WB10WB,INTERMITTENT,RECENT_AVG,288,0.0625,0.019230769230769232,0.03846153846153847,1.9999998960000058,0.6153846055384619,0.0,47.95,
sundries,WB12WB,INTERMITTENT,SBA,290,0.16551724137931034,0.1346153846153846,0.15906976744186044,1.181661120790052,0.9610465058215842,0.0,40.5,
sundries,WB14WB,INTERMITTENT,RECENT_AVG,296,0.3614864864864865,0.3269230769230769,0.19230769230769226,0.5882352923183389,0.5319913716411911,0.0,21.73,
sundries,WB16WB,INTERMITTENT,SBA,299,0.46153846153846156,0.5769230769230769,0.4355335570469798,0.7549248309062287,0.9436560382238681,0.0,3.73,
sundries,WB18WB,INTERMITTENT,SBA,298,0.3624161073825503,0.34615384615384615,0.3432797710763813,0.9916971135779765,0.9471978842453395,0.0,5.66,
sundries,WPCA20096,INTERMITTENT,RECENT_AVG,297,0.3164983164983165,0.17307692307692307,0.15384615384615388,0.8888888837530867,0.4860883781695686,0.0,28.78,
sundries,WPCA20096M,INTERMITTENT,SBA,298,0.9362416107382551,1.0384615384615385,0.8902632401187317,0.8572905266962024,0.950890484845938,0.0,9.43,
sundries,WPCP110,INTERMITTENT,COLD_START_RECENT_ZERO,6,0.16666666666666666,0.16666666666666666,0.0,0.0,0.0,0.0,6.0,
sundries,WPCP124,INTERMITTENT,RECENT_AVG,241,0.008298755186721992,0.019230769230769232,0.03846153846153847,1.9999998960000058,4.6346148261443,0.0,1.45,fc_vs_history_too_high|monthly_level_rare_in_history
sundries,WPCP134,INTERMITTENT,RANDOM_FOREST,283,0.024734982332155476,0.057692307692307696,0.0,0.0,0.0,0.0,2.0,
sundries,WPCRAB02,LUMPY,XGBOOST,298,1.8551208053691275,1.5192307692307692,1.6161324492154212,1.0637833835934831,0.8711736958945233,0.0,6.44,
sundries,WPCRAB09,INTERMITTENT,SBA,299,1.588628762541806,1.3269230769230769,1.5072186670828782,1.1358749366557126,0.948754486682322,0.0,3.04,
sundries,WPCRAB10,ERRATIC,SBA,299,2.769230769230769,2.6923076923076925,2.6384527089072547,0.9799967200872671,0.9527745889835623,0.0,9.27,
sundries,WPCRAB19,SMOOTH,TSB,299,6.083612040133779,4.480769230769231,4.1774839318833585,0.9323140103410056,0.6866782272830166,0.0,10.36,
sundries,WPCRAE10,SMOOTH,HOLT_DAMPED,299,17.140468227424748,30.615384615384617,31.511658308365522,1.0292752713451538,1.8384362602247024,0.0,99.67,
sundries,WPCRAE21,LUMPY,CROSTON,299,1.3110367892976589,0.9038461538461539,0.6855382133098359,0.7584678096313009,0.5228977694471798,0.0,39.37,
sundries,WPCRBA11,ERRATIC,SBA,299,2.1538461538461537,2.3846153846153846,2.0444300918255593,0.8573416510511881,0.9491996850497384,0.0,46.77,
sundries,WPCRBA12,LUMPY,TSB,298,1.2986577181208054,1.1153846153846154,0.9626055562382394,0.8630256703363984,0.741231151261262,0.0,4.63,
sundries,WPCRBA13,ERRATIC,HOLT_DAMPED,299,3.2803545150501674,4.019230769230769,3.2763694536264145,0.8151732609865289,0.9987851732475088,0.0,5.62,
sundries,WPCRBA14,SMOOTH,CROSTON,299,8.411371237458194,11.692307692307692,11.90831652975486,1.0184744399577172,1.4157402154963803,0.0,22.82,
sundries,WPCRBA17,SMOOTH,CROSTON,299,7.983277591973244,10.076923076923077,9.862684383507656,0.978739671548671,1.2354179431501462,0.0,36.13,
sundries,WPCRBA20,SMOOTH,HOLT_DAMPED,299,7.565217391304348,8.596153846153847,8.998187214768656,1.0467689823569084,1.1894155512202444,0.0,35.91,
sundries,WPCRBB05,ERRATIC,CROSTON,299,3.2290234113712377,1.6346153846153846,1.2139173261956921,0.742631775571284,0.37593946254612326,0.0,7.57,
sundries,WPCRBB15,SMOOTH,HOLT_DAMPED,299,6.351170568561873,8.26923076923077,7.686994391399322,0.9295900193126186,1.2103271841319165,0.0,13.06,
sundries,WPCRBC17,ERRATIC,SBA,299,2.3745819397993313,2.0576923076923075,2.2614613078748103,1.0990279247882306,0.9523618743236788,0.0,5.96,
sundries,WPCRBC21,SMOOTH,HOLT_DAMPED,299,9.043478260869565,10.557692307692308,10.24340768952183,0.9702316936333024,1.132684504004569,0.0,16.47,
sundries,WPCRBD15,INTERMITTENT,SBA,296,0.543918918918919,0.40384615384615385,0.5136290194836053,1.2718432831910296,0.9443117359480179,0.0,92.56,
sundries,WPCRBD18,SMOOTH,CROSTON,114,2.2017543859649122,2.673076923076923,2.330273608743476,0.8717570331606431,1.05837127998447,0.0,3.75,
sundries,WPCRBD23,SMOOTH,HOLT_DAMPED,299,2.5752508361204014,1.7115384615384615,1.551883764179899,0.9067186032607346,0.6026146042981922,0.0,4.58,
sundries,WPCRBD25,ERRATIC,CROSTON,299,2.6376321070234114,1.5192307692307692,1.266628214873754,0.8337299636719145,0.4802141326005239,0.0,50.33,
sundries,WPCRBD28,INTERMITTENT,TSB,260,0.36538461538461536,0.38461538461538464,0.38408747222002176,0.9986274251756252,1.051186763198917,0.0,75.48,
sundries,WPCRBE01,ERRATIC,SBA,298,2.8624161073825505,3.1153846153846154,2.717709244677747,0.8723511152955592,0.9494459022638144,0.0,5.67,
sundries,WPCRBE20,SMOOTH,HOLT_DAMPED,299,6.759197324414716,8.076923076923077,8.00542649994029,0.9911480427270366,1.1843753206966938,0.0,8.8,
sundries,WPCRCA13,ERRATIC,HOLT_DAMPED,299,2.220735785953177,2.7884615384615383,2.617738794273138,0.938775291402668,1.178770932432554,0.0,9.79,
sundries,WPCRCA17,SMOOTH,HOLT_DAMPED,299,2.076923076923077,1.2115384615384615,1.373907389923757,1.1340187970962918,0.6615109652003406,0.0,5.23,
sundries,WPCRCA18,SMOOTH,SBA,299,1.9698996655518395,2.0384615384615383,1.87658938466025,0.9205910184383232,0.9526319621877382,0.0,9.55,
sundries,WPCRCA19,INTERMITTENT,SBA,216,0.625,0.6153846153846154,0.5990109210797445,0.9733927451728216,0.9584174721941233,0.0,20.0,
sundries,WPCRCA28,ERRATIC,HOLT_DAMPED,299,2.904026755852843,3.4005,2.917478191464315,0.8579556508179266,1.0046319940337085,0.0,5.02,
sundries,WPCRCBO9,LUMPY,HOLT_DAMPED,290,1.5229379310344826,1.7884615384615385,1.7785117917879978,0.9944367002286577,1.1678163334024358,0.0,6.32,
sundries,WPCRCB03,SMOOTH,HOLT_DAMPED,299,2.0702341137123748,2.1538461538461537,2.067231128944744,0.959785880850159,0.9985494462938805,0.0,6.0,
sundries,WPCRCB12,LUMPY,SBA,298,1.9429530201342282,2.0576923076923075,1.843563488768968,0.8959373959756785,0.9488461474445532,0.0,10.45,
sundries,WPCRCB19,ERRATIC,CROSTON,299,3.3745819397993313,2.0961538461538463,2.1369184570769493,1.0194473368347714,0.6332394633069071,0.0,5.85,
sundries,WPCRCC10,SMOOTH,CROSTON,299,12.658862876254181,18.423076923076923,18.931749957068607,1.0276106447955446,1.4955332197401185,0.0,33.02,
sundries,WPCRCC11,SMOOTH,SBA,299,2.020066889632107,1.7692307692307692,1.9236590038314174,1.0872855232901615,0.9522749037431516,0.0,3.82,
sundries,WPCRCC12,LUMPY,HOLT_DAMPED,299,1.8689832775919732,1.4230769230769231,1.6497237510753173,1.1592653377788473,0.8826851315214342,0.0,5.16,
sundries,WPCRCC26,INTERMITTENT,RANDOM_FOREST,39,0.05128205128205128,0.05128205128205128,0.0,0.0,0.0,0.0,29.0,
sundries,WPCRCD09,INTERMITTENT,HOLT_DAMPED,299,1.3411371237458194,0.7692307692307693,0.7891906513465922,1.0259478454168376,0.5884488892186654,0.0,34.83,
sundries,WPCRCD26,ERRATIC,XGBOOST,299,2.4749163879598663,1.5,3.65309448998708,2.4353963250344557,1.4760476379254035,0.0,9.79,
sundries,WPCRCE14,ERRATIC,SBA,299,2.190635451505017,2.3461538461538463,2.0799306575083887,0.8865278208552193,0.9494645287192646,0.0,4.46,
sundries,WPCRDB05,ERRATIC,SBA,299,3.28980602006689,4.1505,3.123925312690665,0.752662404996507,0.9495773588734483,0.0,12.26,
sundries,WPCRDC14,LUMPY,CROSTON,299,2.020066889632107,1.2115384615384615,1.0911117074031287,0.9006001387004997,0.5401364244238984,0.0,6.9,
sundries,WPCRDD04,ERRATIC,SBA,299,3.8729096989966556,4.230769230769231,3.678426414189836,0.8694462431484558,0.9497836766483382,0.0,5.86,
sundries,WPCRDD09,LUMPY,HOLT_DAMPED,299,2.1939799331103678,1.0576923076923077,0.9936412367925851,0.9394426229884255,0.45289440497799927,0.0,34.91,
sundries,WPCRDD2,INTERMITTENT,CROSTON,297,0.7744107744107744,0.5,0.4695872387172458,0.9391744755561426,0.6063800422562049,0.0,34.91,
sundries,WPCRDD5,LUMPY,SBA,297,1.4707946127946128,1.75,1.3951364337508236,0.7972208188306301,0.9485596565732635,0.0,4.55,
sundries,WPCRDE10,INTERMITTENT,HOLT_DAMPED,299,0.8896321070234113,0.5961538461538461,0.6034528680132187,1.0122435188403456,0.6783173208012614,0.0,21.76,
sundries,WPCRDE12,LUMPY,HOLT_DAMPED,238,0.3067226890756303,0.23076923076923078,0.2862704733857243,1.2405053792959486,0.9333201704612627,0.0,66.7,
sundries,WPCRDE13,LUMPY,SBA,299,1.2240802675585285,1.5961538461538463,1.164577714315934,0.7296149530902238,0.9513899898797776,0.0,5.81,
sundries,WPCRDM01,INTERMITTENT,SBA,111,1.3063063063063063,1.2692307692307692,1.234383116883117,0.9725442731416634,0.9449415577181894,0.0,4.05,
sundries,WPCRDM3,LUMPY,TSB,298,1.6806241610738255,1.1538461538461537,1.0808136480206851,0.936705160806116,0.6431025284600232,0.0,4.58,
sundries,WPCRSO,INTERMITTENT,SAFE_MEAN,212,0.2830188679245283,0.6923076923076923,0.28301886792452835,0.4088050308560448,0.9999999964666668,0.0,42.86,
sundries,WPCR10AB09,INTERMITTENT,SBA,289,0.08304498269896193,0.057692307692307696,0.07686832740213524,1.3323843185423492,0.9256227646546711,0.0,54.89,
sundries,WPCR10AB10,INTERMITTENT,HISTORICAL_MEAN_CAPPED,295,0.1152542372881356,0.019230769230769232,0.05769230769230768,2.9999998440000075,0.5005656065165857,0.0,44.92,
sundries,WPCR10AB19,LUMPY,RECENT_AVG,296,0.13513513513513514,0.038461538461538464,0.03846153846153847,0.9999999740000008,0.28461538250923085,0.0,30.95,
sundries,WPCR10AE21,INTERMITTENT,HOLT_DAMPED,292,0.0958904109589041,0.019230769230769232,0.0326648978658098,1.6985746006962301,0.34064821704811366,0.0,66.25,
sundries,WPCR10BA13,LUMPY,SBA,298,0.17114093959731544,0.4230769230769231,0.16346153846153844,0.38636363545041313,0.9551281995472598,0.0,27.27,
sundries,WPCR10BA14,LUMPY,SBA,297,0.31986531986531985,0.15384615384615385,0.30276768241543195,1.967989922908373,0.9465473831185127,0.0,12.82,
sundries,WPCR10BA17,LUMPY,CROSTON,299,0.38461538461538464,0.3076923076923077,0.2764909957938992,0.8985957334097361,0.7188765871950586,0.0,3.19,
sundries,WPCR10BB15,INTERMITTENT,HISTORICAL_MEAN_CAPPED,299,0.23745819397993312,0.019230769230769232,0.05769230769230768,2.9999998440000075,0.2429577454557131,0.0,20.92,
sundries,WPCR10BE20,LUMPY,RECENT_AVG,297,0.3569023569023569,0.019230769230769232,0.03846153846153847,1.9999998960000058,0.1077648763308562,0.0,21.95,
sundries,WPCR10CC11,INTERMITTENT,RANDOM_FOREST,290,0.05862068965517241,0.019230769230769232,0.0,0.0,0.0,0.0,75.0,
sundries,WPDSFMO1,INTERMITTENT,HISTORICAL_MEAN_CAPPED,21,0.09523809523809523,0.09523809523809523,0.2857142857142857,2.9999999685000005,2.9999999685000005,0.0,2.33,monthly_level_rare_in_history
sundries,WPDSFRO1,SMOOTH,TSB,299,6.896321070234114,7.5,6.3155911831919465,0.8420788243133157,0.9157913499032834,0.0,21.88,
sundries,WPDSFWO1,SMOOTH,CROSTON,88,4.659090909090909,4.9423076923076925,5.0687906054869565,1.0255918732762292,1.0879355443588141,0.0,22.66,
sundries,WPDSMAQ,INTERMITTENT,SBA,297,1.4141414141414141,1.4615384615384615,1.3417611159546645,0.9180470787092646,0.9488167884684209,0.0,7.31,
sundries,WPDSMA1,ERRATIC,HOLT_DAMPED,299,1.8561872909698998,1.5576923076923077,1.3074718006242934,0.8393646122076085,0.7043857084253196,0.0,3.77,
sundries,WPDSMA35,INTERMITTENT,HOLT_DAMPED,298,0.07046979865771812,0.019230769230769232,0.04412578154752467,2.2945405211551755,0.6261658435507109,0.0,1.53,
sundries,WPDSROQ,SMOOTH,HOLT_DAMPED,298,2.7114093959731544,3.0961538461538463,3.015302451928266,0.9738865058983088,1.1120793692366628,0.0,11.55,
sundries,WPDSRO1,SMOOTH,HOLT_DAMPED,299,3.277591973244147,2.0576923076923075,2.324646930367953,1.1297349562653023,0.7092545224162763,0.0,5.43,
sundries,WPDSRO35,SMOOTH,TSB,299,4.705685618729097,3.980769230769231,3.372100124224087,0.8470976155343162,0.7166012344909298,0.0,12.71,
sundries,WPDSWOQ,ERRATIC,SBA,299,3.0334448160535117,3.519230769230769,2.900432701723464,0.8241666691079971,0.9561514636487612,0.0,4.53,
sundries,WPDSWO1,SMOOTH,HOLT_DAMPED,299,4.321070234113712,2.076923076923077,1.835575011728517,0.8837953755919029,0.4247963841949013,0.0,6.53,
sundries,WPDSWO35,SMOOTH,SBA,299,2.20066889632107,2.0961538461538463,2.089644705159076,0.9968947212516827,0.9495497972015932,0.0,3.64,
sundries,WPDS213,INTERMITTENT,RECENT_AVG,298,0.38926174496644295,0.3269230769230769,0.23076923076923073,0.7058823507820067,0.5928381947634911,0.0,28.67,
sundries,WPDS214,INTERMITTENT,RECENT_AVG,299,0.23745819397993312,0.19230769230769232,0.23076923076923073,1.1999999937599997,0.9718309818228524,0.0,31.67,
sundries,WPDS215,INTERMITTENT,CROSTON,299,0.2976588628762542,0.11538461538461539,0.208743850798503,1.8091133579080434,0.7012855188659327,0.0,21.85,
sundries,WPDS216,INTERMITTENT,RECENT_AVG,299,0.23411371237458195,0.11538461538461539,0.15384615384615388,1.333333321777778,0.6571428543359185,0.0,48.78,
sundries,WPDS217,INTERMITTENT,RECENT_AVG,293,0.2627986348122867,0.15384615384615385,0.07692307692307694,0.4999999967500001,0.29270729159348446,0.0,40.89,
sundries,WPDS218,INTERMITTENT,SBA,287,0.1672473867595819,0.1346153846153846,0.15729429581019685,1.168471903052814,0.940488804741796,0.0,37.6,
sundries,WPDS219,INTERMITTENT,HISTORICAL_MEAN_CAPPED,289,0.17647058823529413,0.07692307692307693,0.23076923076923073,2.999999961,1.307692300282051,0.0,29.67,
sundries,WPDS220,INTERMITTENT,CROSTON,298,0.22818791946308725,0.28846153846153844,0.2688105414857126,0.9318765405866316,1.1780226619366412,0.0,40.64,
sundries,WPDS221,INTERMITTENT,CROSTON,297,0.3468013468013468,0.23076923076923078,0.21468299133745997,0.930292958431057,0.6190373615861312,0.0,28.53,
sundries,WPDS222,INTERMITTENT,SBA,299,0.8093645484949833,0.6923076923076923,0.7692661605705085,1.111162230330167,0.9504569492826256,0.0,4.9,
sundries,WPDS223,INTERMITTENT,RANDOM_FOREST,298,0.8657718120805369,0.8269230769230769,0.7636867816727897,0.9235281999758512,0.8820878320760821,0.0,8.2,
sundries,WPDS224,INTERMITTENT,XGBOOST,297,0.5488215488215489,0.4807692307692308,0.6362544905680877,1.3234093376289309,1.1593103273276495,0.0,19.01,
sundries,WPWFC1,ERRATIC,RANDOM_FOREST,299,4.237458193979933,7.0,12.955538072420156,1.8507911529384806,3.0573842799837956,0.0,9.57,fc_vs_history_too_high|monthly_level_rare_in_history
sundries,WPWWCP138,INTERMITTENT,HOLT_DAMPED,299,0.29431438127090304,0.17307692307692307,0.23293275681457312,1.345833698263828,0.7914419778513204,0.0,22.55,
sundries,WPWWCP148,INTERMITTENT,RECENT_AVG,297,0.3265993265993266,0.2692307692307692,0.19230769230769226,0.7142857116326529,0.5888183962938714,0.0,30.73,
sundries,WPWWCP158,INTERMITTENT,SBA,299,0.6020066889632107,0.5384615384615384,0.5709595959595959,1.0603535333843073,0.9484273272685522,0.0,27.49,
sundries,WPWWCP168,INTERMITTENT,CROSTON,296,0.13175675675675674,0.17307692307692307,0.17707678376613897,1.0231103002930546,1.3439673742810974,0.0,37.54,
sundries,WPWWCP178,INTERMITTENT,RECENT_AVG,294,0.12585034013605442,0.09615384615384616,0.11538461538461536,1.1999999875199998,0.9168399095547562,0.0,24.84,
sundries,WPWWCP308,INTERMITTENT,CROSTON,299,0.3277591973244147,0.4230769230769231,0.3685670814306574,0.8711585540497245,1.124505683791218,0.0,23.31,
sundries,WPWWCP508,INTERMITTENT,HOLT_DAMPED,299,0.10367892976588629,0.057692307692307696,0.0935670683373668,1.6218291564026526,0.9024694568720745,0.0,49.0,
sundries,WPWWCP608,INTERMITTENT,HOLT_DAMPED,297,0.367003367003367,0.38461538461538464,0.34767579013059824,0.903957051989267,0.947336783370905,0.0,16.42,
sundries,WPWWCP708,INTERMITTENT,HISTORICAL_MEAN_CAPPED,284,0.04929577464788732,0.019230769230769232,0.05769230769230768,2.9999998440000075,1.1703296465886974,0.0,11.92,
sundries,WPWWCP908,INTERMITTENT,CROSTON,292,0.18493150684931506,0.09615384615384616,0.14078680262101992,1.4641827320311067,0.7612915952414939,0.0,16.48,
sundries,WPWWFT101,INTERMITTENT,SBA,299,1.2876254180602007,1.4615384615384615,1.2209896720798414,0.8354139855882925,0.9482491212164833,0.0,2.7,
sundries,WPWWFT201,INTERMITTENT,HOLT_DAMPED,296,0.3918918918918919,0.36538461538461536,0.38485843413290116,1.0532967642178646,0.9820525535573378,0.0,18.44,
sundries,WPWWFT301,INTERMITTENT,SBA,299,1.6321070234113713,1.4230769230769231,1.5481892163537916,1.0879167458625065,0.9485831463240928,0.0,3.84,
sundries,WPWWFT601,INTERMITTENT,SBA,299,0.6722408026755853,0.75,0.642528664007976,0.8567048842016949,0.9558013445402997,0.0,4.24,
sundries,WPWWFT701,INTERMITTENT,SBA,298,0.2080536912751678,0.23076923076923078,0.1961663832199547,0.8500543236029016,0.9428642244931122,0.0,12.52,
sundries,WPWWFT951,INTERMITTENT,RECENT_AVG,299,0.2040133779264214,0.17307692307692307,0.19230769230769226,1.1111111046913578,0.9426229461992742,0.0,2.38,
sundries,WPWWPQ1016E,INTERMITTENT,RANDOM_FOREST,282,0.0425531914893617,0.019230769230769232,0.0,0.0,0.0,0.0,40.0,
sundries,WPWWPQ2016E,INTERMITTENT,RANDOM_FOREST,294,0.061224489795918366,0.038461538461538464,0.0,0.0,0.0,0.0,7.0,
sundries,WPWWPQ3016E,LUMPY,RECENT_AVG,294,0.23129251700680273,0.1346153846153846,0.19230769230769226,1.4285714179591835,0.831447960206115,0.0,7.73,
sundries,WPWWPQ5016E,LUMPY,RECENT_AVG,295,0.19661016949152543,0.28846153846153844,0.23076923076923073,0.7999999972266665,1.1737400470805128,0.0,15.67,
sundries,WPWW101,INTERMITTENT,XGBOOST,299,0.8193979933110368,1.0192307692307692,0.6632505433204082,0.6507363814872252,0.809436376370533,0.0,11.56,
sundries,WPWW103,INTERMITTENT,SBA,299,1.0535117056856187,1.4423076923076923,1.0013943112102621,0.694300055291067,0.9505298373576506,0.0,4.5,
sundries,WPWW104,INTERMITTENT,SBA,296,0.42567567567567566,0.4807692307692308,0.40413960145326416,0.8406103692743199,0.949407315469378,0.0,26.41,
sundries,WPWW201,INTERMITTENT,XGBOOST,288,0.2569444444444444,0.34615384615384615,0.37178201557925117,1.074036930792841,1.4469354063527964,0.0,15.14,
sundries,WPWW203,LUMPY,CROSTON,298,0.3624161073825503,0.6538461538461539,0.5949011665152392,0.9098488415141264,1.641486547522021,0.0,9.22,
sundries,WPWW204,INTERMITTENT,CROSTON,299,0.21070234113712374,0.2692307692307692,0.31506636858417664,1.1702465075374546,1.4953149803106291,0.0,19.17,
sundries,WPWW301,LUMPY,SBA,299,0.8060200668896321,0.8461538461538461,0.7657702856378351,0.9050012455933492,0.950063548222588,0.0,3.93,
sundries,WPWW303,INTERMITTENT,CROSTON,299,0.7023411371237458,0.8076923076923077,0.8948518428377535,1.1079118040464708,1.2740985744168232,0.0,3.33,
sundries,WPWW304,LUMPY,SBA,296,0.6182432432432432,0.5384615384615384,0.5840128263857076,1.0845952469877802,0.9446327668336513,0.0,29.8,
sundries,WPWW601,INTERMITTENT,RECENT_AVG,296,0.20945945945945946,0.17307692307692307,0.03846153846153847,0.22222222093827168,0.18362282790746823,0.0,37.95,
sundries,WPWW603,INTERMITTENT,CROSTON,296,0.16216216216216217,0.1346153846153846,0.13856112603803222,1.029311214350499,0.8544602719653603,0.0,17.6,
sundries,WPWW604,INTERMITTENT,SBA,298,0.540268456375839,0.5576923076923077,0.517551996732884,0.9280242683397485,0.957953383484033,0.0,19.35,
sundries,WPWW701,INTERMITTENT,SBA,289,0.16608996539792387,0.15384615384615385,0.1542735042735043,1.0027777712597223,0.9288550513875757,0.0,21.76,
sundries,WPWW704,INTERMITTENT,RANDOM_FOREST,242,0.03305785123966942,0.019230769230769232,0.0,0.0,0.0,0.0,33.0,
sundries,WPWW805,INTERMITTENT,RECENT_AVG,209,0.03349282296650718,0.019230769230769232,0.03846153846153847,1.9999998960000058,1.1483516140651504,0.0,9.95,
sundries,WPWW913,INTERMITTENT,RECENT_AVG,283,0.13427561837455831,0.11538461538461539,0.03846153846153847,0.3333333304444445,0.2864372448303591,0.0,9.95,
sundries,WPWW944,INTERMITTENT,CROSTON,299,0.14381270903010032,0.07692307692307693,0.0954267245557372,1.2405474030974672,0.6635486149712648,0.0,4.9,
moulding,MOBS12H,LUMPY,HOLT_DAMPED,273,4.298534798534798,2.0288461538461537,4.207045213275147,2.0736147012557313,0.978716099665041,0.0,533.72,
moulding,MOBS12M,ERRATIC,SBA,299,148.0284280936455,159.40384615384616,140.6055565659173,0.8820712922405396,0.9498550945634431,0.0,1000.67,
moulding,MOBS12O,SMOOTH,XGBOOST,299,394.2140468227425,381.5192307692308,157.10056569026068,0.41177626976521714,0.39851590007015175,0.0,3282.84,
moulding,MOBS12R,ERRATIC,HOLT_DAMPED,299,309.8428093645485,294.9423076923077,283.88737036287245,0.9625183059802646,0.9162303005971839,0.0,1766.13,
moulding,MOBS12W,LUMPY,SBA,299,22.28428093645485,33.05769230769231,21.203402714154837,0.6414060157665495,0.951495934451118,0.0,1900.14,
moulding,MOBT58H,LUMPY,CROSTON,215,0.8093023255813954,0.75,0.9979981346642196,1.3306641777780739,1.2331586131475754,0.0,595.68,
moulding,MOBT58M,LUMPY,SBA,299,2.94314381270903,4.653846153846154,2.8048822814831955,0.602701977709858,0.9530225021346839,0.0,1565.64,order_up_to_below_rop
moulding,MOBT58O,ERRATIC,SBA,299,18.001327759197324,17.150903846153845,17.090013561744968,0.9964497331480882,0.9493751677324959,0.0,571.35,
moulding,MOBT58R,ERRATIC,SBA,299,16.598662207357858,12.711538461538462,15.809586953208354,1.2437193971288367,0.9524615149555737,0.0,1949.82,
moulding,MOBT58W,LUMPY,SAFE_MEAN,289,1.6072664359861593,1.0865384615384615,1.5968858131487889,1.4697002160586303,0.9935414417930386,0.0,845.68,order_up_to_below_rop
moulding,MOCV1234M,LUMPY,SBA,299,22.411371237458194,14.442307692307692,21.612549165735103,1.4964747756862966,0.9643563946077381,0.0,2292.27,order_up_to_below_rop
moulding,MOCV1234O,LUMPY,HOLT_DAMPED,299,74.3639331103679,70.53846153846153,69.25783837032844,0.981845036860966,0.9313364082909313,0.0,831.55,
moulding,MOCV1234R,LUMPY,SBA,299,39.69899665551839,37.97115384615385,37.57031399808245,0.9894435694347108,0.9463794343002263,0.0,381.17,
moulding,MOCV1234W,LUMPY,SBA,295,14.761016949152543,26.75,13.76226516634051,0.5144772024607863,0.9323385517959376,0.0,749.7,
moulding,MONO12H,LUMPY,SAFE_MEAN,296,5.27027027027027,2.394230769230769,5.189189189189189,2.167372190563329,0.98461538442856,0.0,650.75,order_up_to_below_rop
moulding,MONO12M,LUMPY,RANDOM_FOREST,299,14.796026755852845,12.529230769230768,20.19416037329352,1.6117637821209656,1.3648367027952626,0.0,660.05,
moulding,MONO12O,ERRATIC,SBA,299,100.18896321070234,99.09615384615384,95.17627794531107,0.9604437130033442,0.9499676899959598,0.0,579.46,
moulding,MONO12R,ERRATIC,SBA,299,41.618729096989966,47.71153846153846,39.52777026700786,0.8284740241198421,0.9497591859170181,0.0,262.64,
moulding,MONO12W,LUMPY,CROSTON,296,6.613175675675675,9.288461538461538,8.250657872172113,0.8882695844860452,1.247609057365851,0.0,324.68,order_up_to_below_rop
moulding,MONO34M,LUMPY,TSB,299,9.431197324414715,12.717346153846155,14.587614347616531,1.1470643458153948,1.5467404449598954,0.0,758.6,
moulding,MONO34O,ERRATIC,SBA,299,68.22742474916387,75.70192307692308,64.80616698737505,0.8560702866249172,0.949855094555938,0.0,540.76,
moulding,MONO34O5,LUMPY,CROSTON,299,28.07989966555184,23.471153846153847,26.313491117531555,1.1210991708753328,0.9370934878686767,0.0,201.81,
moulding,MONO34R,ERRATIC,SBA,299,40.41304347826087,45.96153846153846,38.377488918661726,0.8349913906807491,0.9496312480983091,0.0,132.0,
moulding,MONO34R5,LUMPY,SAFE_MEAN,298,11.149328859060402,11.798076923076923,10.74664429530201,0.9108810159875121,0.9638826184237057,0.0,624.82,
moulding,MONO34W,LUMPY,XGBOOST,298,5.1610738255033555,4.644230769230769,3.6107475402263494,0.7774694494879576,0.6996116819109024,0.0,2283.08,order_up_to_below_rop
moulding,MOQR34M,LUMPY,SBA,296,6.89527027027027,16.41346153846154,6.4893251867995,0.3953660336180609,0.9411270235247813,0.0,3805.78,order_up_to_below_rop
moulding,MOQR34O,LUMPY,HOLT_DAMPED,296,35.18074324324324,64.59615384615384,57.56129142670011,0.8910947169223188,1.636159049485661,0.0,1794.08,
moulding,MOQR34R,LUMPY,SAFE_MEAN,299,29.67056856187291,25.346153846153847,29.47658862876255,1.1629610080691795,0.9934622104157085,0.0,7295.61,
moulding,MOQR34W,LUMPY,RECENT_AVG,241,0.991701244813278,0.33653846153846156,0.2884615384615384,0.857142854595918,0.2908754422557731,0.0,3013.09,
moulding,MORE12M,LUMPY,HOLT_DAMPED,299,6.198996655518394,7.0673076923076925,5.368878471033142,0.7596780420522996,0.8660882992068784,0.0,828.65,order_up_to_below_rop
moulding,MORE12O,ERRATIC,CROSTON,299,71.42583277591973,64.08653846153847,68.16188450444866,1.0635912960768261,0.9543029721100323,0.0,451.2,
moulding,MORE12R,SMOOTH,SBA,299,52.23061872909699,55.28759615384615,49.61852904429981,0.8974622247154903,0.9499893022654927,0.0,308.73,
moulding,MORE12W,LUMPY,SBA,298,3.424496644295302,2.855769230769231,3.2357924943015304,1.1330721188199315,0.9448957991379491,0.0,560.12,order_up_to_below_rop
moulding,MORE34H,LUMPY,SAFE_MEAN,298,0.8959731543624161,1.0288461538461537,0.8372483221476512,0.8137740693338619,0.9344569277959996,0.0,835.27,
moulding,MORE34M,LUMPY,SBA,298,9.335570469798657,7.0576923076923075,8.85671044027899,1.254901751578345,0.9487058630195632,0.0,1239.8,order_up_to_below_rop
moulding,MORE34O,SMOOTH,SBA,299,64.9113712374582,61.89423076923077,61.66299681492436,0.9962640467063109,0.9499567739587472,0.0,395.9,
moulding,MORE34OLM,LUMPY,SAFE_MEAN,297,1.3181818181818181,0.46153846153846156,1.318181818181818,2.8560605998724737,0.9999999992413791,0.0,1788.57,order_up_to_below_rop
moulding,MORE34OLO,ERRATIC,TSB,299,18.97993311036789,14.201923076923077,11.973046816702238,0.8430581373387642,0.6308266075780357,0.0,413.3,
moulding,MORE34OLR,ERRATIC,TSB,299,15.615163879598663,14.325653846153845,7.879147673917486,0.5500026566314723,0.5045830920613694,0.0,652.48,
moulding,MORE34R,ERRATIC,SBA,299,49.20401337792642,50.14423076923077,46.74060059097053,0.9321231948924247,0.9499347183534638,0.0,281.91,
moulding,MORE34W,LUMPY,SAFE_MEAN,298,1.5771812080536913,2.230769230769231,1.5637583892617453,0.7009951396996466,0.9914893610734813,0.0,2133.95,
moulding,MORE38M,INTERMITTENT,CROSTON,297,2.0841750841750843,3.1634615384615383,2.7157808215820642,0.8584839068548704,1.3030483095684453,0.0,2583.4,
moulding,MORE38O,ERRATIC,SBA,299,21.33167892976589,19.770884615384617,20.323092729862733,1.0279303695404953,0.9527188551741931,0.0,550.67,
moulding,MORE38R,ERRATIC,SBA,299,17.0,14.903846153846153,16.13885513639316,1.0828651187563039,0.9493444197319892,0.0,635.22,
moulding,MORIM,LUMPY,CROSTON,299,35.72280936454849,41.05092307692308,43.06725404378527,1.0491177984484,1.2055953831369113,0.0,506.69,
moulding,MORIO,SMOOTH,TSB,299,237.89314381270904,268.9423076923077,216.49235493369568,0.8049769364683816,0.9100403292968711,0.0,1405.71,
moulding,MORIR,ERRATIC,HOLT_DAMPED,299,113.6443143812709,149.55769230769232,114.49845254436688,0.7655804979127256,1.0075158899654484,0.0,848.39,
moulding,MORIW,LUMPY,CROSTON,298,18.65771812080537,31.557692307692307,35.55739328080553,1.1267425049014606,1.9057739563151306,0.0,293.95,
moulding,MOSC316M,LUMPY,CROSTON,297,2.4797979797979797,3.3365384615384617,2.8678262359722098,0.8595214076418431,1.156475752532618,0.0,1233.28,order_up_to_below_rop
moulding,MOSC316O,LUMPY,CROSTON,298,10.776845637583893,41.375,42.45103172954207,1.0260068091484247,3.9390962024691536,0.0,289.3,fc_vs_history_too_high
moulding,MOSC316R,LUMPY,HOLT_DAMPED,299,4.448160535117057,6.653846153846154,5.723919526222461,0.8602422408058825,1.28680596838779,0.0,900.18,order_up_to_below_rop
moulding,MOSL152M,LUMPY,HOLT_DAMPED,290,4.963793103448276,3.4615384615384617,4.929576455120825,1.4240998644012761,0.9931067535234723,0.0,1369.62,order_up_to_below_rop
moulding,MOSL152O,ERRATIC,SBA,298,26.286912751677853,22.23076923076923,24.955205905205908,1.1225525147165523,0.9493395493034349,0.0,2341.68,
moulding,MOSL152R,ERRATIC,HOLT_DAMPED,299,23.907150501672238,27.653846153846153,23.90218617188367,0.8643349658504906,0.9997923495404435,0.0,1051.94,
moulding,MOST12,ERRATIC,SBA,299,94.66939130434783,105.08653846153847,89.89720043560843,0.8554587652314308,0.9495909839079125,0.0,6242.92,
moulding,MOST34,ERRATIC,XGBOOST,299,236.1221872909699,282.24038461538464,327.2910071152907,1.1596179177552424,1.3861086536124143,0.0,1470.34,
moulding,MOTHO58,LUMPY,HOLT_DAMPED,299,3.963210702341137,3.076923076923077,3.285110279089515,1.0676608403571026,0.8289012432066866,0.0,932.48,order_up_to_below_rop
moulding,MOTHR58,LUMPY,CROSTON,297,2.887205387205387,3.0384615384615383,2.7752306012117973,0.91336703300961,0.9612168959468482,0.0,1601.72,order_up_to_below_rop
moulding,MOTMH58,LUMPY,SBA,299,1.6421404682274248,1.7115384615384615,1.5423159861989655,0.9011284408481745,0.9392107527345552,0.0,328.6,
moulding,MOTMM58,LUMPY,RANDOM_FOREST,298,14.508389261744966,13.298076923076923,24.236277994064775,1.8225400659386786,1.6705009463937768,0.0,142.11,
moulding,MOTMO58,SMOOTH,SBA,299,54.468227424749166,56.52884615384615,51.742461608463195,0.9153284584427587,0.9499567739559412,0.0,254.08,
moulding,MOTMR58,ERRATIC,HOLT_DAMPED,299,36.934414715719065,34.49038461538461,35.78473950921893,1.0375279924312424,0.9688725212970626,0.0,123.53,
moulding,MOTMW58,LUMPY,TSB,298,4.800335570469799,5.009615384615385,9.451164919817067,1.886604897245236,1.968855047548946,0.0,646.04,order_up_to_below_rop
moulding,MOTRH,LUMPY,HOLT_DAMPED,298,8.845637583892618,6.490384615384615,7.5387877004843675,1.1615317344141851,0.8522605214303368,0.0,305.71,order_up_to_below_rop
moulding,MOTRM,LUMPY,TSB,299,38.70357190635452,42.449384615384616,46.06539923735271,1.0851841470411419,1.190210540454001,0.0,343.67,
moulding,MOTRO,ERRATIC,SBA,299,164.60739130434783,197.34615384615384,156.36627590077188,0.7923451906839736,0.9499347183669984,0.0,1189.77,
moulding,MOTROPC42,LUMPY,TSB,297,13.248424242424242,13.653846153846153,13.821587743743859,1.0122852994676645,1.0432627676913426,0.0,40.89,
moulding,MOTROPC48,ERRATIC,SBA,299,17.94314381270903,19.78846153846154,17.14388586956522,0.8663576921014002,0.9554560810278321,0.0,41.14,
moulding,MOTROPC54,LUMPY,SBA,299,9.821859531772574,9.98996153846154,9.310066308724831,0.9319421573295311,0.9478924309251172,0.0,32.73,
moulding,MOTROS,LUMPY,HOLT_DAMPED,291,31.419243986254294,66.45192307692308,63.253442989149285,0.9518677573104516,2.0132070337150387,0.0,406.75,
moulding,MOTRO2,LUMPY,SAFE_MEAN,298,3.7567114093959733,2.769230769230769,3.6828859060402688,1.3299310211453996,0.9803483695469908,0.0,54.89,
moulding,MOTRR,ERRATIC,CROSTON,299,143.2742474916388,194.7403846153846,172.2881112589305,0.8847066395515116,1.2025057836564972,0.0,1002.67,
moulding,MOTRW,LUMPY,SBA,298,14.837248322147651,15.682692307692308,14.1056565816569,0.8994410082150679,0.9506922223341513,0.0,827.35,
