ORDER_NUMBER,INVOICE_NUMBER,ORDER_DATE,ACCOUNT_NUMBER,SAMPLE_TYPE,SAMPLE_TYPE_SOURCE,SAMPLE_QTY,SAMPLE_QTY_SOURCE,SAMPLE_QTY_RULE,PRIOR_SUMMARY_TYPE,PRIOR_SUMMARY_QTY,PRIOR_SUMMARY_WORKBOOK_ROW,FREIGHT_DOLLAR_AMOUNT,FREIGHT_AMOUNT_SOURCE,CUSTOMER_NO_CHARGE_NOTE,DOLLAR_AMOUNTS_FOUND,REVIEW_NEEDED,REVIEW_FLAGS,MATCH_TERMS_FOUND,GARTMAN_ORDER_DATE,INVOICE_DATE,COMPANY_NUMBER,LOCATION_NUMBER,RELEASE_NUMBER,ORDER_INVOICE_KEY,NONSTOCK_LINE_COUNT,NONSTOCK_QTY_UNITS,NONSTOCK_NET_AMOUNT,NOTE_LINE_COUNT,FULL_ORDER_NOTES
440414,664013,2024-01-02,NOR119,sample chip,parsed_from_order_notes,,needs_review,,,,,,,Y,,Y,NO_SAMPLE_QUANTITY_FOUND,sample,2023-12-29,2024-01-02,1.00,1.00,0.00,440414|664013,1,1.00,0.00,4,12/29 NO CHARGE GROUND FLOOR  UPS  //WB KA//ES ( 1 BOX ) | SAMPLES CHIPS // AQUABLUE II LINE  DAKOTA // VISTA // HAVASU // ZION | ELEMENTS // GOLD/// SILVER//STEEL //COPPER// MERCURY // ALLOY// BRONZE | MERCURY OUT OF STOCK.
440486,060149,2024-01-02,GRE137,sample chip,parsed_from_order_notes,,needs_review,,,,,,,Y,,Y,NO_SAMPLE_QUANTITY_FOUND,sample,2024-01-02,2024-01-02,1.00,9.00,0.00,440486|060149,1,12.00,0.00,7,"UPS @ NO CHARGE, SAMPLE CHIP REPLENISHMENT CHRIS (603)234-3806 | KA//ES ( 2 BXS ) 1Z9380460318984161 | 1Z9380460311718158 | BELL- MELZI D.V.- MARCELLO | D.V.- VECCHIO F.C.- LIMOGE | F.C.- VINTAGE WW G.I.- SANTORINI | V.Y.- BORDEAUX"
440735,060165,2024-01-03,NEW126,sample chip,parsed_from_order_notes,,needs_review,,,,,,,Y,,Y,NO_SAMPLE_QUANTITY_FOUND,cut,2024-01-03,2024-01-03,1.00,9.00,0.00,440735|060165,1,2.00,0.00,2,1/3 PLEASE SEND 2 CUTS OF LEXINGTON OAK/NO CHARGE PER HP 1 PACKAGE | EG//KA//CG
440871,664761,2024-01-04,SAU115,sample chip,parsed_from_order_notes,,needs_review,,,,,4202.79,single_dollar_amount_in_order_notes,,4202.79,Y,NO_SAMPLE_QUANTITY_FOUND; VERIFY_AMOUNT_IS_FREIGHT_OR_SAMPLE_COST,sample,2024-01-03,2024-01-04,1.00,1.00,0.00,440871|664761,1,1.00,0.00,7,"01/03 5 DAY HOLD 01/10 // DG CONTACT RANDY 707/483-8618 1 HOUR B4 ARRIVING TO ESTES HUB | SHIPPING TO ESTES HUB B2B WITH FORKLIFT | 01/04 PAID MC ****5721 EXP 11/26 $4202.79 // DG EC / RP / SZ // ES / EL [ 1 PLT ] | PLEASE SEND 2 OF THE FOLLOWING SAMPLE CHIPS: GLIMMER, HUDSON , DRIFTWOOD , SANDALWOOD, SANDSTONE, | GREENWICH, | 70 CTN @ 21.45 SF/CTN= 1501.5 SF [ 70X #55911 ] | 3 RLL @ 500 SF/RLL= 1500 SF/TOTAL"
441104,060266,2024-01-04,ROD102,sample chip,parsed_from_order_notes,,needs_review,,,,,,,Y,,Y,NO_SAMPLE_QUANTITY_FOUND,sample,2024-01-04,2024-01-04,1.00,9.00,0.00,441104|060266,1,3.00,0.00,4,NO CHARGE // 1 BOX | EG//KA//CG | SAMPLE CHIPS: GLACIER | SANDSTONE SANDALWOOD
441235,664386,2024-01-05,FLO181,sample chip,parsed_from_order_notes,,needs_review,,,,,,,Y,,Y,NO_SAMPLE_QUANTITY_FOUND,sample,2024-01-04,2024-01-05,1.00,1.00,0.00,441235|664386,1,1.00,0.00,4,01.04 NO CHARGE UPS GROUND - MN SHOP DLV | COLLIN 805.486.8887 1 PACKAGE | EG//KA//CG | *** SAMPLE CHIPS SEND 2 *** 1/2 X 5 ACACIA NATURAL
441266,664396,2024-01-05,S&G100,sample chip,parsed_from_order_notes,,needs_review,,CHIP,,2286,,,Y,,Y,NO_SAMPLE_QUANTITY_FOUND,sample,2024-01-04,2024-01-05,1.00,1.00,0.00,441266|664396,1,1.00,0.00,3,"1/4 SEND SAMPLE CHIPS VIA GROUND NO CHARGE -MG 1 PACKAGE | EG//KA//CG | ***PLS SEND 2SAMPLE CHIPS*** GII: HICKORY 5"" SIERRA DISTRESSED"
441451,664385,2024-01-05,FAN104,sample panel; sample chip,parsed_from_order_notes,4,parsed_from_order_notes,number_before_sample_chip; number_before_generic_sample,CHIP,,1552,,,Y,,Y,MULTIPLE_SAMPLE_TYPES,sample; plank,2024-01-05,2024-01-05,1.00,6.00,0.00,441451|664385,1,1.00,0.00,5,SEND UPS GROUND NO CHRAGE ATT:SANDRA 360-326-8794 1 BOX | EG//KA//RM | 4 SAMPLE CHIPS F.C CAFFE 4 SAMPLE CHIPS N.P SHELL BEACH | 4 SAMPLE CHIPS MAPLE AGAVE 4 SAMPLE CHIPS NESSO PLANKS | 4 SAMPLE CHIPS N.P PEBBLE BEACH
442054,664660,2024-01-09,20,sample chip,parsed_from_order_notes,,needs_review,,,,2299,,,,,Y,NO_SAMPLE_QUANTITY_FOUND,sample,2024-01-08,2024-01-09,1.00,1.00,0.00,442054|664660,1,2.00,0.00,2,"TWO SAMPLES OF CV MAPLE NATURAL 5"" TO SHOW VARIAITON 1 PACKAGE | EG//KA"
442166,664662,2024-01-09,20,sample chip,parsed_from_order_notes,,needs_review,,,,1641,,,,,Y,NO_SAMPLE_QUANTITY_FOUND,sample,2024-01-09,2024-01-09,1.00,1.00,0.00,442166|664662,1,1.00,0.00,2,"ONE OF EACH SAMPLE: ACACIA BLACK WALNUT, ANTIQUE DISTRESSED, HICKORY ANTIQUE | 1 PACKAGE EG//KA"
442215,664555,2024-01-09,SCV100,sample panel,parsed_from_order_notes,,needs_review,,,,1546,219.21,single_dollar_amount_in_order_notes,,219.21,Y,NO_SAMPLE_QUANTITY_FOUND; VERIFY_AMOUNT_IS_FREIGHT_OR_SAMPLE_COST,sample,2024-01-09,2024-01-09,1.00,6.00,0.00,442215|664555,1,1.00,0.00,3,"PAID VISA5204 EXP.06/26 $219.21 JG 1/9 CHARGE CARD ON FILE AT TIME OF P/U. | 1/9 5D HOLD EXP ON 1/16 W/C BY GERARDO'S TEAM | SAMPLES OF BASE BOARD MDF IN  4"" AND 5"""
442275,664650,2024-01-09,FLO305,sample chip,parsed_from_order_notes,,needs_review,,CHIP,,2283,,,Y,,Y,NO_SAMPLE_QUANTITY_FOUND,sample,2024-01-09,2024-01-09,1.00,1.00,0.00,442275|664650,1,1.00,0.00,4,"1/9 NO CHARGE FOR SAMPLE CHIPS VIA GROUND -MG 1 PACKAGE | EG//KA | ***SEND 2SAMPLE CHIPS*** GII: MAPLE 5"" SMOOTH SYRUP | MAPLE 5"" SMOOTH CHESTNUT"
442743,664805,2024-01-10,20,sample chip,parsed_from_order_notes,,needs_review,,,,2282,,,,,Y,NO_SAMPLE_QUANTITY_FOUND,cut,2024-01-10,2024-01-10,1.00,1.00,0.00,442743|664805,1,2.00,0.00,5,SACHA 917.817.4987 RESIDENTIAL DELIVERY | 1 BOX EG//KA//CG | FC - PROVENCE CUTS FC - CANEWOOD CUTS | FC - WHITE WASH CUTS CLIFFSIDE - STILLWATER CUTS | CLIFFSIDE - BEACH BLONDE CUTS DB- ANASTASIA CUTS
443137,060318,2024-01-12,AVE101,sample chip,parsed_from_order_notes,,needs_review,,,,,,,Y,,Y,NO_SAMPLE_QUANTITY_FOUND,sample,2024-01-11,2024-01-12,1.00,9.00,0.00,443137|060318,1,1.00,0.00,3,"NO CHARGE // 1 PACKAGE | EG//KA//CG | 9.5"" DOMA SELECT SAMPLE CHIP"
443455,665408,2024-01-16,KRA101,sample chip,parsed_from_order_notes,,needs_review,,CHIP,,2281,,,,,Y,NO_SAMPLE_QUANTITY_FOUND,sample,2024-01-12,2024-01-16,1.00,1.00,0.00,443455|665408,1,1.00,0.00,4,"1/12: NO UPS GROUND CHARGE FOR SAMPLES  // B2B TARA 925 667 4767 | 1 PACKAGE EG//KA//CG | 2 CHIPS OF EA: W/O AUTUMN DIST., W ANTIQUE DIST., BRAZ. CHERRY, | H CHATEAU DIST., ACACIA BRONZE, M LATTE DIST., M. MONROE, M.SYRUP DIST., H. VINTAGE, BIRCH SPICE"
443656,665391,2024-01-16,AKH100,sample chip,parsed_from_order_notes,,needs_review,,,,,,,,,Y,NO_SAMPLE_QUANTITY_FOUND,sample,2024-01-15,2024-01-16,1.00,4.00,0.00,443656|665391,1,2.00,0.00,2,SAMPLE CHIPS 1 PACKAGE | EG//KA//CG
443746,665394,2024-01-16,CAS158,sample chip,parsed_from_order_notes,,needs_review,,,,,,,,,Y,NO_SAMPLE_QUANTITY_FOUND,pcs; cut,2024-01-15,2024-01-16,1.00,1.00,0.00,443746|665394,1,1.00,0.00,5,1.15: OK TO SEND PER TA COLOR APPROVAL MANJIT 209.535.0098 | RESIDENTIAL 1 BOX | EG//KA//CG | VINEYARD - BORDEAUX CUTS VINEYARD - CHABLIS CUTS | ** SEE DAVID FOR THESE PCS **
443835,665412,2024-01-16,OMP000,sample chip,parsed_from_order_notes,,needs_review,,,,,306.59,strict_freight_shipping_context,,306.59,Y,NO_SAMPLE_QUANTITY_FOUND,pcs; sample,2024-01-15,2024-01-16,1.00,1.00,0.00,443835|665412,1,3.00,0.00,5,"EVERGREEN WOOD INDUSTRY SDN BHD BLOCK D, LOT 211, FASA II | KAWASAN PERUSAHAAN KUALA KETIL KUALA KETIL, KEDAH, MALAYSIA ZIP: 09300 | CONT: JENNY TEL: 044163223 FED-EX $306.59 (6-LBS) | EG//AA ( 1 BOX ) SHIPPING CHARGES: $306.59 // | HILLCREST SAMPLE PCS 9.5""W X 12"" LONG"
443961,665397,2024-01-16,COL120,sample chip,parsed_from_order_notes,,needs_review,,,,,,,Y,,Y,NO_SAMPLE_QUANTITY_FOUND,sample,2024-01-15,2024-01-16,1.00,1.00,0.00,443961|665397,1,1.00,0.00,3,1/15 NO CHARGE FOR SAMPLE CHIPS VIA GROUND SHIPPING -MG 1 PACKAGE | EG//KA//JS | ***SEND 3CHIPS*** SUMMIT SKY: HIGH SIERRA
444017,060371,2024-01-16,PAT110,sample chip,parsed_from_order_notes,,needs_review,,,,,,,Y,,Y,NO_SAMPLE_QUANTITY_FOUND,sample,2024-01-16,2024-01-16,1.00,9.00,0.00,444017|060371,1,1.00,0.00,3,NO CHARGE // 1 PACKAGE | EG//KA//JS | 2 MAPLE MONROE SAMPLE CHIPS 2 BIRCH CHESTNUT SAMPLE CHIPS
444123,665416,2024-01-16,20,sample chip,parsed_from_order_notes,,needs_review,,,,1640,,,,,Y,NO_SAMPLE_QUANTITY_FOUND,sample,2024-01-16,2024-01-16,1.00,1.00,0.00,444123|665416,1,1.00,0.00,2,"ONE OF EACH SAMPLE: RED OAK NATURAL 5"", WHITE OAK NATURAL 5"" | 1 PACKAGE EG//KA//JS"
444153,665415,2024-01-16,TON107,sample chip,parsed_from_order_notes,,needs_review,,,,,,,,,Y,NO_SAMPLE_QUANTITY_FOUND,cut,2024-01-16,2024-01-16,1.00,1.00,0.00,444153|665415,1,2.00,0.00,3,CHELSEA 916.415.0100 RESIDENTIAL DELIVERY | 1 PACKAGE EG//KA//JS | GNII DIS - MAPLE LATTE CUTS GNII DIS - MAPLE SYRUP CUTS
444535,665588,2024-01-17,S&S103,sample chip,parsed_from_order_notes,,needs_review,,,,,,,,,Y,NO_SAMPLE_QUANTITY_FOUND,sample,2024-01-17,2024-01-17,1.00,1.00,0.00,444535|665588,1,2.00,0.00,3,SAMPLES NO COST // VERON 818.386.8075 RESIDENTIAL 1 PACKAGE | EG//KA//ES | RODEO DRIVE WALDEN
444832,665718,2024-01-18,20,sample chip,parsed_from_order_notes,,needs_review,,CHIP,,2280,,,,,Y,NO_SAMPLE_QUANTITY_FOUND,sample,2024-01-18,2024-01-18,1.00,1.00,0.00,444832|665718,1,1.00,0.00,3,1/18: NO UPS GROUND CHARGE   FOR SAMPLES RESIDENTIAL | 1 PACKAGE EG//KA | 2 CHIPS OF EA: SPARK AND DUSK
445099,665901,2024-01-19,20,sample chip,parsed_from_order_notes,,needs_review,,,,2298,,,,,Y,NO_SAMPLE_QUANTITY_FOUND,sample,2024-01-19,2024-01-19,1.00,1.00,0.00,445099|665901,1,2.00,0.00,2,PLEASE SEND TWO SAMPLES OF GNII SYRUP DISTRESSED 1 PACKAGE | EG//KA//CG
445169,665897,2024-01-19,PRO119,sample chip,parsed_from_order_notes,,needs_review,,,,,,,,,Y,NO_SAMPLE_QUANTITY_FOUND,sample; cut,2024-01-19,2024-01-19,1.00,1.00,0.00,445169|665897,1,2.00,0.00,3,1.19: TO SEND PER JP // JIMMY 925.609.9448 BTB W.FORKLIFT MON - FRI 9-3 | 1 PACKAGE EG//KA//CG | SAMPLE CUTS
444999,666165,2024-01-22,CAB114,sample chip,parsed_from_order_notes,,needs_review,,,,,,,,,Y,NO_SAMPLE_QUANTITY_FOUND,sample,2024-01-18,2024-01-22,1.00,4.00,0.00,444999|666165,2,4.00,0.00,2,1/18/24: 5 DAY HOLD EXPIRES 1/25 WILL CALL GARDENA 1/19 | SAMPLES CHIPS /  HAND SET MATERIAL FROM VN TR# 445003 (SAMPLE CHIPS//GCKEYSET50 1)
445523,665991,2024-01-22,FAN104,sample chip,parsed_from_order_notes,12,parsed_from_order_notes,number_before_sample_chip_times_3_listed_items; number_before_generic_sample_times_3_listed_items,CHIP,,1519,,,Y,,Y,EACH_PATTERN_MULTIPLIED_BY_LISTED_ITEMS,sample,2024-01-22,2024-01-22,1.00,6.00,0.00,445523|665991,1,1.00,0.00,4,SEND UPS GROUND NO CHARGE ATT:SANDRA 360-326-8794 KA//CG ( 1 PKG ) | 4 SAMPLE CHIPS OF EACH COLOR WALNUT NATURAL DISTR | WALNUT ANTIQUE DISTR HICKORY NATURAL DISTR | TIGERWOOD SHELL BEACH
445525,665997,2024-01-22,10,sample chip,parsed_from_order_notes,,needs_review,,,,,,,,,Y,NO_SAMPLE_QUANTITY_FOUND,sample,2024-01-22,2024-01-22,1.00,4.00,0.00,445525|665997,2,4.00,0.00,1,SAMPLE CHIPS KA//CG ( 1 PKG )
445666,665996,2024-01-22,PRO246,sample chip,parsed_from_order_notes,,needs_review,,CHIP,,2279,,,,,Y,NO_SAMPLE_QUANTITY_FOUND,sample,2024-01-22,2024-01-22,1.00,1.00,0.00,445666|665996,1,1.00,0.00,3,"1/22: NO UPS GROUND CHARGE FOR SAMPLES RESIDENTIAL | LINDSAY 707 799 6846 KA//CG ( 1 PKG ) | 2 CHIPS OF EACH:VERONA, COLOR#1, NATHALIE, MONZA, COLOR#6 ST TROPEZ"
445763,665998,2024-01-22,20,sample chip,parsed_from_order_notes,,needs_review,,,,1639,,,,,Y,NO_SAMPLE_QUANTITY_FOUND,sample,2024-01-22,2024-01-22,1.00,1.00,0.00,445763|665998,1,1.00,0.00,2,"ONE OF EACH SAMPLE: DRIFTWOOD, STEEL, WAVE, HAZELNUT, SANDSTONE, SILVERLEAF | KA//CG ( 1 PKG )"
442887,666134,2024-01-23,PRO239,sample chip,parsed_from_order_notes,,needs_review,,,,,,,,,Y,NO_SAMPLE_QUANTITY_FOUND,cut,2024-01-10,2024-01-23,1.00,1.00,0.00,442887|666134,1,2.00,0.00,4,1.10:OK TO SEND PER JP MINDY 805.781.2657 EXT:23 | SHOWROOM DELIVERY 9 -4 ORDER NEVER STAGED OR SHIPPED // REPRINTED | 1 PACKAGE EG//KA | NP- PEBBLE BEACH CUTS CC- MAPLE DURHAM
445888,666135,2024-01-23,SCV100,sample chip,parsed_from_order_notes,,needs_review,,CHIP,,2278,,,,,Y,NO_SAMPLE_QUANTITY_FOUND,sample,2024-01-23,2024-01-23,1.00,1.00,0.00,445888|666135,1,1.00,0.00,3,"1/23: RESIDENTIAL NO UPS GROUND CHARGE FOR SAMPLES | 1 PACKAGE EG//KA | 2 CHIPS OF CONT. CHOICE 5"" WHITE OAK"
446020,060500,2024-01-23,M&C100,sample chip,parsed_from_order_notes,,needs_review,,,,,,,Y,,Y,NO_SAMPLE_QUANTITY_FOUND,cut,2024-01-23,2024-01-23,1.00,9.00,0.00,446020|060500,1,3.00,0.00,2,PLEASE SEND 3 CUTS OF THE ZUMA BEACH NM. NO CHARGE PER DC 1 PACKAGE | EG//KA
446034,666064,2024-01-23,USF102,sample chip,parsed_from_order_notes,,needs_review,,CHIP,,1516,,,,,Y,NO_SAMPLE_QUANTITY_FOUND,sample,2024-01-23,2024-01-23,1.00,6.00,0.00,446034|666064,1,1.00,0.00,1,SAMPLE CHIPS UNFINISHED SOLID
446092,666141,2024-01-23,20,sample chip,parsed_from_order_notes,,needs_review,,CHIP,,1517,,,Y,,Y,NO_SAMPLE_QUANTITY_FOUND,sample,2024-01-23,2024-01-23,1.00,1.00,0.00,446092|666141,1,1.00,0.00,4,"01/23 NO CHARGE FOR UPS GROUND DLV PER C.DUFFY // DG | PLEASE SEND SAMPLE CHIPS OF THE FOLLOWING: COUNTRY CHARM: REGENCY, MELBA / SUMMIT SKY: H. SIERRA HIMALA | ALLORA 9.5: SELLA , LUNA NATURESTEP: SANDALWOOD,SANDSTONE,HAZELNUT, GLACIER,DRIFTWOOD | NEWPORT: SHELL BEACH, LAGUNA BEACH, ZUMA BEACH, PEBBLE BEACH BEVERLY HILLS: BURTON WAY, CANON, REXFORD, RODEO"
446658,666421,2024-01-25,20,sample panel; sample chip,parsed_from_order_notes,4,parsed_from_order_notes,number_before_sample_chip; number_before_generic_sample,CHIP,,1509,,,Y,,Y,MULTIPLE_SAMPLE_TYPES,sample; panel,2024-01-25,2024-01-25,1.00,6.00,0.00,446658|666421,1,1.00,0.00,3,SEND UPS GROUND NO CHARGE. BRANTLEY (361) 806-2132 PANEL NOT AVAILABLE ONLY SAMPLE CHIPS. | 1 PACKAGE EG//KA | 4 SAMPLE CHIPS LAGUNA BEACH
446810,666584,2024-01-26,FLO366,,,,,,,,2277,,,,,Y,NO_SAMPLE_TYPE_DETECTED; NO_SAMPLE_TYPE_FOR_QTY; NO_EXACT_NOTE_KEYWORD_AFTER_NORMALIZE,,2024-01-25,2024-01-26,1.00,1.00,0.00,446810|666584,1,1.00,0.00,4,1/25: NO UPS GROUND CHARGE RESIDENTIAL | MONICA 925 759 9302 1 PACKAGE | EG//KA//JS | 3PCS OF MAPLE NAT. WHITE 3-1/4
446868,666582,2024-01-26,FAN104,sample chip,parsed_from_order_notes,8,parsed_from_order_notes,number_before_sample_chip_times_2_listed_items; number_before_generic_sample_times_2_listed_items,CHIP,,1508,,,Y,,Y,EACH_PATTERN_MULTIPLIED_BY_LISTED_ITEMS,sample,2024-01-25,2024-01-26,1.00,6.00,0.00,446868|666582,1,1.00,0.00,4,SEND UPS GROUND NO CHARGE ATT:SURGEY 360-326-8794 1 BOX | EG//KA//JS | SEND 4 SAMPLE CHIPS OF EACH COMP. BUSTER BIRCH TRUFFLE | FRENCH CONNECTION VINTAGE WHITE CHEVRON FRENCH CONNECTION VINTAGE WHITE PLAN
447150,666560,2024-01-26,KAL102,sample panel,parsed_from_order_notes,,needs_review,,,,,,,Y,,Y,NO_SAMPLE_QUANTITY_FOUND,panel,2024-01-26,2024-01-26,1.00,1.00,0.00,447150|666560,1,1.00,0.00,2,1/26: MUST BE RETUNED BY 2/2 FOR NO CHARGE OKAY PER TONY A | 1/30: PANEL WAS BROUGHT BACK ON 1/29
447152,666577,2024-01-26,20,sample chip,parsed_from_order_notes,,needs_review,,,,,,,Y,,Y,NO_SAMPLE_QUANTITY_FOUND,sample,2024-01-26,2024-01-26,1.00,1.00,0.00,447152|666577,1,1.00,0.00,2,1/26 NO CHARGE FOR SAMPLE PANNEL PER HP -MG | OK PER HUGO NO CHARGE FOR PANNEL
447173,666723,2024-01-29,RAM107,sample chip,parsed_from_order_notes,,needs_review,,CHIP,,2276,,,,,Y,NO_SAMPLE_QUANTITY_FOUND,sample,2024-01-26,2024-01-29,1.00,1.00,0.00,447173|666723,1,1.00,0.00,3,1/26: NO UPS GROUND CHARGE FOR SAMPLES DAN 805 730 9266 | RESIDENTIAL KA / RP // JSA [ 1 PKG ] | 2 CHIPS OF G2 DIST. MAPLE WHEAT
445516,666869,2024-01-30,PRE124,sample panel; sample chip,parsed_from_order_notes,6,parsed_from_order_notes,number_before_sample_chip; number_before_generic_sample,,,,,,,,Y,MULTIPLE_SAMPLE_TYPES,sample; panel,2024-01-22,2024-01-30,1.00,6.00,0.00,445516|666869,1,1.00,0.00,3,"B2B UFS HUB *SUE 480 9913393* 6AM-4PM 1 PALLET* ON ACCOUNT KA//EL//CG ( 1 PLT ) | SHIP WITH FRONT LABEL | 1 LABELLE PANEL, IF NOT AVAIL SEND 6 SAMPLE CHIPS. 6 SAMPLE CHIPS"
447704,666874,2024-01-30,20,sample chip,parsed_from_order_notes,,needs_review,,,,,,,,,Y,NO_SAMPLE_QUANTITY_FOUND,sample,2024-01-30,2024-01-30,1.00,1.00,0.00,447704|666874,1,3.00,0.00,1,THREE SAMPLES OF CHATEAU DISTRESSED TO SHOW VARIATION KA//ES ( 1 PACKAGE )
448055,666859,2024-01-30,EXC106,sample chip,parsed_from_order_notes,,needs_review,,,,,,,,,Y,NO_SAMPLE_QUANTITY_FOUND,sample,2024-01-30,2024-01-30,1.00,1.00,0.00,448055|666859,1,1.00,0.00,1,ALLORA SAMPLE CHIPS BOX KA//ES ( 1 BOX )
447984,667013,2024-01-31,TOD101,sample chip,parsed_from_order_notes,,needs_review,,,,,,,,,Y,NO_SAMPLE_QUANTITY_FOUND,cut,2024-01-30,2024-01-31,1.00,1.00,0.00,447984|667013,1,2.00,0.00,4,1.30: OK TO SEND PER JP TODD 559.994.1415 | BTB MON-FRI 9 - 3 1 BOX | EG//KA//CG | CANYON CREST- PARIA CUTS CANYON CREST- GLENWOOD CUTS
448371,060688,2024-02-01,LAG105,sample chip,parsed_from_order_notes,,needs_review,,,,,,,Y,,Y,NO_SAMPLE_QUANTITY_FOUND,sample,2024-01-31,2024-02-01,1.00,9.00,0.00,448371|060688,1,1.00,0.00,3,NO CHARGE // 1 PACKAGE | EG//KA//ES | 2 LAGUNA BEACH SAMPLE CHIPS
448275,667298,2024-02-02,S&S103,sample chip,parsed_from_order_notes,,needs_review,,,,,,,Y,,Y,NO_SAMPLE_QUANTITY_FOUND,sample,2024-01-31,2024-02-02,1.00,1.00,0.00,448275|667298,1,1.00,0.00,3,"1/31 NO CHARGE FOR SAMPLE VIA GROUND -MG 1 PACKAGE | EG//KA | ***SEND 2SAMPLE CHIPS*** CRYSTAL VALLEY: W/O ENG 3-1/4"" NATURAL (1/2"")"
449086,CS0344,2024-02-02,BEL101,sample chip,parsed_from_order_notes,,needs_review,,CHIP,,1497,6.57,single_dollar_amount_in_order_notes,,6.57,Y,NO_SAMPLE_QUANTITY_FOUND; VERIFY_AMOUNT_IS_FREIGHT_OR_SAMPLE_COST,sample,2024-02-02,2024-02-02,1.00,1.00,0.00,449086|CS0344,1,1.00,6.00,5,2/2 CHARGE FOR SAMPLE CHIPS -MG PAID CASH $6.57 // MG | ***CHARGE FOR SAMPLE CHIPS*** BEVERLY HILLS: CANON | BEVERLY HILLS: RODEO DRIVE BEVERLY HILLS: REXFORD | BEVERLY HILLS: WALDEN FRENCH CONNECTION: PROVENCE | GREEK ISLES: SANTORINI
449279,667377,2024-02-05,20,sample chip,parsed_from_order_notes,,needs_review,number_before_sample_chip; number_before_generic_sample; number_before_pcs,CHIP,,1492,,,Y,,Y,MULTIPLE_QUANTITY_CANDIDATES_REVIEW_REQUIRED,pcs; sample,2024-02-05,2024-02-05,1.00,6.00,0.00,449279|667377,1,1.00,0.00,4,SEND UPS GROUND NO CHARGE ATT:MELANIE 970-846-3843 1 PACKAGE | EG//KA | SEND 1 SAMPLE CHIP 2 PCS ACACIA BRONZE | 2 PCS ACACIA GOLD
449304,667362,2024-02-05,CON101,sample chip,parsed_from_order_notes,,needs_review,,,,,,,,,Y,NO_SAMPLE_QUANTITY_FOUND,sample,2024-02-05,2024-02-05,1.00,4.00,0.00,449304|667362,1,3.00,0.00,2,SAMPLE CHIPS 1 PACKAGE | EG//KA//CG
449378,667519,2024-02-06,20,sample chip,parsed_from_order_notes,,needs_review,,,,2273,,,,,Y,NO_SAMPLE_QUANTITY_FOUND,cut,2024-02-05,2024-02-06,1.00,1.00,0.00,449378|667519,1,2.00,0.00,4,MIKE 310.948.5596 RESIDENTIAL DELIVERY | 1 PACKAGE EG//KA//CG | FC - PROVENCE CUTS BELLAGIO - ROVENZA CUTS | ** 2 OF EACH **
449511,667494,2024-02-06,CAS131,sample chip,parsed_from_order_notes,,needs_review,,,,,,,,,Y,NO_SAMPLE_QUANTITY_FOUND,sample,2024-02-06,2024-02-06,1.00,1.00,0.00,449511|667494,1,1.00,0.00,4,"2/6: NO UPS GROUND CHARGE FOR SAMPLES RESIDENTIAL | JANE 650 483 3720 1 BOX | EG//KA//CG | 1 PC OF EA ALLORA 9.5"" AND 7.5"""
449659,667514,2024-02-06,STU106,sample chip,parsed_from_order_notes,2,parsed_from_order_notes,number_before_sample_chip; number_before_generic_sample,CHIP,,1489,,,Y,,Y,EACH_PATTERN_ITEM_COUNT_NOT_CONFIDENT,sample,2024-02-06,2024-02-06,1.00,6.00,0.00,449659|667514,1,1.00,0.00,3,SEND UPS GROUND NO CHARGE . HEIDI 480 7345019 1 BOX | EG//KA//CG | 2 SAMPLE CHIPS EACH COLOR FOR BEVERLY HILLS COLLECTION.
449733,667659,2024-02-07,20,sample chip,parsed_from_order_notes,,needs_review,,CHIP,,1482,,,Y,,Y,NO_SAMPLE_QUANTITY_FOUND,sample,2024-02-06,2024-02-07,1.00,1.00,0.00,449733|667659,1,1.00,0.00,3,2/6 NO CHARGE FOR SAMPLE CHIPS VIA GROUND SHIPPING -MG 1 PACKAGE | EG//KA | ***SEND 2PCS*** HICKORY CHATEAU DISTRESSED
449940,667639,2024-02-07,BAS105,sample chip,parsed_from_order_notes,,needs_review,,,,,,,,,Y,NO_SAMPLE_QUANTITY_FOUND,sample; cut,2024-02-07,2024-02-07,1.00,1.00,0.00,449940|667639,1,4.00,0.00,4,2.7: OK TO SEND PER JP TERRY 530.582.7428 | BTB MON-FRI 9 -4 1 BOX | EG//KA | SAMPLE CUTS  ***
450017,667650,2024-02-07,GRE137,sample chip,parsed_from_order_notes,,needs_review,,,,,,,,,Y,NO_SAMPLE_QUANTITY_FOUND,pieces; sample,2024-02-07,2024-02-07,1.00,1.00,0.00,450017|667650,1,3.00,0.00,2,1 PACKAGE EG//KA | SAMPLE PIECES IN TONY'S OFFICE
450014,060825,2024-02-08,CLA114,sample chip,parsed_from_order_notes,,needs_review,,,,,,,Y,,Y,NO_SAMPLE_QUANTITY_FOUND,sample,2024-02-07,2024-02-08,1.00,9.00,0.00,450014|060825,1,2.00,0.00,3,NO CHARGE // 1 PACKAGE | EG//KA//CG | 2 GHEX ACACIA BRONZE SAMPLE CHIPS
450073,667797,2024-02-08,VIN119,sample chip,parsed_from_order_notes,,needs_review,,CHIP,,1478,,,,,Y,NO_SAMPLE_QUANTITY_FOUND,sample,2024-02-07,2024-02-08,1.00,6.00,0.00,450073|667797,1,1.00,0.00,2,TO DAVE'S HOUSE 2/8 RP//KA//CG ( 1 BND ) | BRAZILIAN CHERRY UNF SOLID SAMPLE CHIPS - SPEC ORD ITEM **ASK VERONICA**
450273,667817,2024-02-08,OMP000,sample panel,parsed_from_order_notes,,needs_review,,,,,,,,,Y,NO_SAMPLE_QUANTITY_FOUND,panel,2024-02-08,2024-02-08,1.00,1.00,0.00,450273|667817,2,406.00,0.00,3,KA//CG ( 2 PLTS ) | ALTURA // ARIA // DOMA // LUNA // LUNA SELECT SELLA SELECT // STRADA // VENTASSO | PANELS WERE NOT ORIGINALLY RECEIVED
450676,667968,2024-02-09,TIL125,sample chip,parsed_from_order_notes,,needs_review,,,,,,,,,Y,NO_SAMPLE_QUANTITY_FOUND,cut,2024-02-09,2024-02-09,1.00,1.00,0.00,450676|667968,1,2.00,0.00,3,2.9: OK PER HP NINA 916-586-9586 | BTB MON - FRI 9 - 4 OK TO PRINT PASSED CUT OFF PER KEVIN | 1 PACKAGE EG//KA//CG
451032,060870,2024-02-12,MAR205,sample chip,parsed_from_order_notes,,needs_review,,,,,,,Y,,Y,NO_SAMPLE_QUANTITY_FOUND,cut,2024-02-12,2024-02-12,1.00,9.00,0.00,451032|060870,1,2.00,0.00,2,PLEASE SEND 2 CUTS OF THE CRYSTAL VALLEY 3 1/4 W/O NATURAL NO CHARGE PER BRAD. NM | KA//JSA ( 1 PKG )
451065,668215,2024-02-13,FAN104,sample chip,parsed_from_order_notes,16,parsed_from_order_notes,number_before_sample_chip_times_4_listed_items; number_before_generic_sample_times_4_listed_items,CHIP,,1471,,,Y,,Y,EACH_PATTERN_MULTIPLIED_BY_LISTED_ITEMS,sample,2024-02-12,2024-02-13,1.00,6.00,0.00,451065|668215,1,1.00,0.00,6,SEND UPS GROUND NO CHARGE ATTN:SANDRA 360-326-8794 1 BOX | EG//KA//ES | SEND 4 SAMPLE CHIPS OF EACH MAPLE CHESTNUT DISTR | MAPLE LATTE DISTR LA BELLE | CHABLIS MAPLE SYRUP SMOOTH | SHELL BEACH
451411,668184,2024-02-13,CAR282,sample set; sample chip,parsed_from_order_notes,,needs_review,,,,,,,,,Y,MULTIPLE_SAMPLE_TYPES; NO_SAMPLE_QUANTITY_FOUND,sample,2024-02-13,2024-02-13,1.00,1.00,0.00,451411|668184,1,1.00,0.00,2,"02/13 TAKING SAMPLE SET FOR CUSTOMER SHOWROOM //WB APPROVED BY JACOB | SAMPLE CHIPS FOR  3/4 X 3-1/4 // 4 "" // 5"" // 6  WHITE OAK"
451420,668358,2024-02-14,20,sample chip,parsed_from_order_notes,,needs_review,,,,,,,Y,,Y,NO_SAMPLE_QUANTITY_FOUND,sample,2024-02-13,2024-02-14,1.00,1.00,0.00,451420|668358,1,1.00,0.00,3,"2/13 NO CHARGE FOR SAMPLE CHIP VIA GROUND SHIPPING -MG 1 PACKAGE | EG//KA//RM | ***SEND 2SAMPLE CHIPS*** CRYSTAL V: W/O ENG 3-1/4"" NATURAL (1/2"")"
451595,668359,2024-02-14,20,sample chip,parsed_from_order_notes,,needs_review,,,,1632,,,,,Y,NO_SAMPLE_QUANTITY_FOUND,sample,2024-02-14,2024-02-14,1.00,1.00,0.00,451595|668359,1,1.00,0.00,2,"ONE OF EACH SAMPLE: CANEWOOD, PROVENCE, ANASTASIA 1 PACKAGE | EG//KA//RM"
451624,060928,2024-02-14,PAT110,sample chip,parsed_from_order_notes,,needs_review,,,,,,,Y,,Y,NO_SAMPLE_QUANTITY_FOUND,sample,2024-02-14,2024-02-14,1.00,9.00,0.00,451624|060928,1,1.00,0.00,3,NO CHARGE // 1 PACKAGE | EG//KA//RM | 2 GARRISON DISTRESSED WALNUT NATURAL SAMPLE CHIPS
451781,060951,2024-02-15,INT155,sample chip,parsed_from_order_notes,,needs_review,,,,,,,Y,,Y,NO_SAMPLE_QUANTITY_FOUND,cut,2024-02-14,2024-02-15,1.00,9.00,0.00,451781|060951,1,2.00,0.00,4,PLEASE SEND 2 CUTS OF THE DUSK NO CHARGE. NM ***REVISED ADDED 2 COLORS | 1 BOX EG//KA | ES | CLIFFSIDE - NATURAL WALNUT ELEMENTS -GOLD
452085,668470,2024-02-15,FLO366,sample chip,parsed_from_order_notes,,needs_review,,,,,,,,,Y,NO_SAMPLE_QUANTITY_FOUND,sample,2024-02-15,2024-02-15,1.00,1.00,0.00,452085|668470,1,4.00,0.00,6,OK PER YD MONICA 925 759 9302 | BTB MON - FRI 9 -3 ** KEVIN HAS SAMPLES  ** | 1 BOX EG//KA | ES | MOSIAC FROST WHITE OAK PALM FROST WHITE OAK | RIDGE VINTAGE WHITE OAK MOSIAC WHITE OAK CARBON
452150,060993,2024-02-16,PAT110,sample chip,parsed_from_order_notes,,needs_review,,,,,,,Y,,Y,NO_SAMPLE_QUANTITY_FOUND,sample,2024-02-15,2024-02-16,1.00,9.00,0.00,452150|060993,1,1.00,0.00,3,VN SENT WRONG CHIPS YESTERDAY // NO CHARGE 1 PACKAGE | EG//KA//ES | *** VN SENT WRONG SAMPLE CHIPS YESTERDAT ** 2 GNII WALNUT NATURAL DISTRESSED SAMPLE CHIPS
452622,061013,2024-02-19,COR122,sample chip,parsed_from_order_notes,,needs_review,,,,,,,Y,,Y,NO_SAMPLE_QUANTITY_FOUND,sample,2024-02-17,2024-02-19,1.00,9.00,0.00,452622|061013,1,1.00,0.00,3,NO CHARGE // 1 PACKAGE | EG//KA//RM | 2 MAPLE MONROE SAMPLE CHIPS
452706,668799,2024-02-19,MIC107,sample chip,parsed_from_order_notes,,needs_review,,CHIP,,2271,,,,,Y,NO_SAMPLE_QUANTITY_FOUND,sample,2024-02-19,2024-02-19,1.00,1.00,0.00,452706|668799,1,1.00,0.00,4,2/19: NO UPS GROUND CHARGE FOR SAMPLES MICHAEL 805-965-0050 | MON-FRI 10 AM - 5 PM 1 PACKAGE | EG//KA//RM | 3 CHIPS OF ACACIA NATURAL
452740,668806,2024-02-19,20,sample chip,parsed_from_order_notes,,needs_review,,CHIP,,2272,,,,,Y,NO_SAMPLE_QUANTITY_FOUND,sample,2024-02-19,2024-02-19,1.00,1.00,0.00,452740|668806,1,1.00,0.00,3,2/19: RESIDENTIAL NO UPS GROUND CHARGE FOR SAMPLES | 1 PACKAGE EG//KA//RM | 2 CHIPS OF G2 ESPRESSO DIST
452791,668807,2024-02-19,20,sample chip,parsed_from_order_notes,,needs_review,,,,1629,,,,,Y,NO_SAMPLE_QUANTITY_FOUND,sample,2024-02-19,2024-02-19,1.00,1.00,0.00,452791|668807,1,1.00,0.00,2,"ONE OF EACH SAMPLE: FC CAFFE, BRIGITTE, PRIMO 1 PACKAGE | EG//KA//RM"
452817,668808,2024-02-19,20,sample chip,parsed_from_order_notes,,needs_review,,,,1630,,,,,Y,NO_SAMPLE_QUANTITY_FOUND,sample,2024-02-19,2024-02-19,1.00,1.00,0.00,452817|668808,1,1.00,0.00,2,ONE OF EACH SAMPLE: WSPC TAURUS AND CAPRICORN 1 PACKAGE | EG//KA//RM
452849,668795,2024-02-19,FLO366,sample chip,parsed_from_order_notes,,needs_review,,,,,,,,,Y,NO_SAMPLE_QUANTITY_FOUND,sample,2024-02-19,2024-02-19,1.00,1.00,0.00,452849|668795,1,1.00,0.00,4,OK PER YD MONICA 925 759 9302 | BTB MON - FRI 9 -3 1 PACKAGE | EG//KA//RM | ** ON SAMPLES DEPARTMENT DESK **
452850,668809,2024-02-19,20,sample chip,parsed_from_order_notes,,needs_review,,,,,,,Y,,Y,NO_SAMPLE_QUANTITY_FOUND,sample,2024-02-19,2024-02-19,1.00,1.00,0.00,452850|668809,1,1.00,0.00,5,02/19 SENDING SAMPLE CHIPS GROUND FLOOR UPS //WB NO CHARGE FOR UPS GROUND //WB | RESIDENTIAL  CONTACT SCHUMACHER : 949.716.8035 1 PACKAGE | EG//KA//RM | SAMPLES CHIPS OF SHELL BEACH // PROVENCE // COLOR # 6 CHABLIS // ROVENZA // SELLA // CARRERA // ANASTASIA // | BRECIA // CORFU
453017,668881,2024-02-20,JLK100,sample chip,parsed_from_order_notes,,needs_review,,CHIP,,1462,,,Y,,Y,NO_SAMPLE_QUANTITY_FOUND,sample,2024-02-19,2024-02-20,1.00,1.00,0.00,453017|668881,1,1.00,0.00,4,"02/19 NO CHARGE FOR UPS GROUND DLV // DG 1 BOX | EG//KA//CG | PLEASE SEND 2 OF THE FOLLOWING SAMPLE CHIPS: V. GIALLA : ROMANTIQUE, FLORENCE, LIVORNO | BEVERLY HILLS: RODEO DRIVE, WALDEN, REXFORD, BURTON WAY"
453150,061036,2024-02-20,GRE137,sample chip,parsed_from_order_notes,,needs_review,,,,,,,Y,,Y,NO_SAMPLE_QUANTITY_FOUND,sample,2024-02-20,2024-02-20,1.00,9.00,0.00,453150|061036,1,12.00,0.00,5,"UPS @ NO CHARGE REPLENISH SAMPLES CHRIS (603)234-3806 | *****REPRINTED ADDED GARRISON STICKERS***** 1 BOX | EG//KA//CG | NEWPORT COLLECTION 9/16""- DEL MAR, PEBBLE BEACH, ZUMA BEACH G2 SMOOTH- MAPLE ESPRESSO | GARRISON STICKERS ROUND CIRCLE"
453219,669020,2024-02-21,PRO119,sample chip,parsed_from_order_notes,,needs_review,,,,1461,,,Y,,Y,NO_SAMPLE_QUANTITY_FOUND,sample,2024-02-20,2024-02-21,1.00,1.00,0.00,453219|669020,1,1.00,0.00,5,"02.20 UPS GROUND DLV NO CHARGE - MN ** RESIDENTIAL GRACE GIN ** | 1 BOX EG//KA//ES | SAMPLES SEND 2 EACH MAPLE ENG. 3-1/4"" WHITE NAT.   CRYSTAL VALLEY | MAPLE ENG 5"" AMBER NATURAL 4MM W/O ENG 3-1/4"" NATURAL | R/O ENG 3-1/4"" NATURAL EURO OAK 10-1/4"" FRASER      CANYON CREST"
453521,669218,2024-02-22,COU100,sample chip,parsed_from_order_notes,1,parsed_from_order_notes,number_before_sample_chip; number_before_generic_sample,CHIP,,1456,,,,,Y,EACH_PATTERN_ITEM_COUNT_NOT_CONFIDENT,sample,2024-02-21,2024-02-22,1.00,6.00,0.00,453521|669218,1,1.00,0.00,3,"TO DAVE'S HOUSE 2/22 KA//CG ( 1 BOX ) | 30 GARRISON CATALOGS 30 ALLORA CATALOGS | 1 SAMPLE CHIP EACH COLOR FOR ALLORA 9 1/2"""
454182,061128,2024-02-23,COR122,sample chip,parsed_from_order_notes,,needs_review,,,,,,,Y,,Y,NO_SAMPLE_QUANTITY_FOUND,sample,2024-02-23,2024-02-23,1.00,9.00,0.00,454182|061128,1,2.00,0.00,3,NO CHARGE // 1 PACKAGE | EG//CG | 2 SANDSTONE SAMPLE CHIPS
454192,669439,2024-02-23,STE151,sample chip,parsed_from_order_notes,,needs_review,,CHIP,,2270,,,,,Y,NO_SAMPLE_QUANTITY_FOUND,sample,2024-02-23,2024-02-23,1.00,1.00,0.00,454192|669439,1,1.00,0.00,3,2/23: NO UPS GROUND CHARGE FOR SAMPLES KEVIN 703-777-5566 | 1 PACKAGE EG//CG | 2 CHIPS OF EA :CARMEL AND LIMOGE
454485,061152,2024-02-26,JAM101,sample chip,parsed_from_order_notes,,needs_review,,,,,,,Y,,Y,NO_SAMPLE_QUANTITY_FOUND,cut,2024-02-26,2024-02-26,1.00,9.00,0.00,454485|061152,1,2.00,0.00,2,PLEASE SEND 2 CUTS OF THE DOMA SELECT 9 1/2. NO CHARGE PER BRAD  NM | RP / JSA [ 1 PKG ]
454489,669573,2024-02-26,20,sample chip,parsed_from_order_notes,,needs_review,,,,1627,,,,,Y,NO_SAMPLE_QUANTITY_FOUND,sample,2024-02-26,2024-02-26,1.00,1.00,0.00,454489|669573,1,1.00,0.00,1,"ONE OF EACH SAMPLE: SPC SILVER, STEEL, ALLOY RP // JSA [ 1 PKG ]"
454495,669574,2024-02-26,20,sample chip,parsed_from_order_notes,,needs_review,,,,1628,,,,,Y,NO_SAMPLE_QUANTITY_FOUND,sample,2024-02-26,2024-02-26,1.00,1.00,0.00,454495|669574,1,1.00,0.00,1,"ONE OF EACH SAMPLE: DOMA 9 1/2"" AND DOMA SELECT 9 1/2"" RP // JSA [ 1 PKG ]"
1,000001,2024-02-27,GRE137,sample chip,parsed_from_order_notes,,needs_review,,,,,,,,,Y,NO_SAMPLE_QUANTITY_FOUND,sample,2024-02-27,2024-02-27,1.00,50.00,0.00,1|000001,2,6.00,0.00,3,SEE ANDRADE FOR SAMPLES CONTACT: BRANDON CHERRY 410/329-9680 | 1 BOX EG//KA | CG
454707,061177,2024-02-27,CLA114,sample chip,parsed_from_order_notes,,needs_review,,,,,,,Y,,Y,NO_SAMPLE_QUANTITY_FOUND,sample,2024-02-26,2024-02-27,1.00,9.00,0.00,454707|061177,1,2.00,0.00,4,02/26 SEND OUT UPS NO CHARGE FOR SAMPLES PER HUGO | APPROVED BY JACOB 1 PACKAGE | EG//KA CG | ACACIA GOLD
454734,061180,2024-02-27,GRE137,sample chip,parsed_from_order_notes,,needs_review,,,,,,,Y,,Y,NO_SAMPLE_QUANTITY_FOUND,cut,2024-02-26,2024-02-27,1.00,9.00,0.00,454734|061180,1,2.00,0.00,3,PLEASE SEND 2 CUTS OF THE CAROLINA CLASSIC MAPLE DURHAM NO CHARGE PER CHRIS NM | 1 PACKAGE EG//KA | CG
454971,061179,2024-02-27,EXC107,sample chip,parsed_from_order_notes,,needs_review,,,,,,,Y,,Y,NO_SAMPLE_QUANTITY_FOUND,cut,2024-02-27,2024-02-27,1.00,9.00,0.00,454971|061179,1,3.00,0.00,3,PLEASE SEND 3 CUTS OF THE GARRISON 2 DISTRESSED MAPLE WHEAT NO CHARGE. NM | 1 PACKAGE EG//KA | CG
455122,669819,2024-02-28,10,sample chip,parsed_from_order_notes,,needs_review,,,,,,,,,Y,NO_SAMPLE_QUANTITY_FOUND,sample,2024-02-27,2024-02-28,1.00,4.00,0.00,455122|669819,1,2.00,0.00,2,SAMPLE CHIPS GOING OUT FOR 2/28/24 1 PACKAGE | EG//KA CG
455417,669823,2024-02-28,20,sample chip,parsed_from_order_notes,2,parsed_from_order_notes,number_before_generic_sample_times_2_listed_items; singular_sample_of_times_2_listed_items,,,1625,,,,,Y,EACH_PATTERN_MULTIPLIED_BY_LISTED_ITEMS,sample,2024-02-28,2024-02-28,1.00,1.00,0.00,455417|669823,1,1.00,0.00,3,"ONE SAMPLE OF EACH: MAPLE NATURAL AMBER 3 1/4"" AND MAPLE NATURAL AMBER 5"" | 1 PACKAGE EG//KA | CG"
455523,669974,2024-02-29,PRO121,sample chip,parsed_from_order_notes,,needs_review,,,,,,,,,Y,NO_SAMPLE_QUANTITY_FOUND,cut,2024-02-28,2024-02-29,1.00,1.00,0.00,455523|669974,1,2.00,0.00,3,ASHLEY 707.573.9117 // BTB MON - FRI 9 -3 1 PACKAGE | EG//KA/JSO | EXOTICS - BRAZILIAN CHERRY  CUTS GNIIDISTRESSED - MAPLE WHEAT CUTS
455665,669958,2024-02-29,ASF100,sample chip,parsed_from_order_notes,,needs_review,,,,,,,Y,,Y,NO_SAMPLE_QUANTITY_FOUND,sample,2024-02-29,2024-02-29,1.00,1.00,0.00,455665|669958,1,1.00,0.00,3,"02.29 NO UPS CHARGE SAMPLES - MN 805/692-1975 | 1 PACKAGE EG//KA//JSA | W/O ENG 3-1/4"" NATURAL (1/2"")"
455747,670133,2024-03-01,LAN101,sample chip,parsed_from_order_notes,,needs_review,,,,,,,,,Y,NO_SAMPLE_QUANTITY_FOUND,sample,2024-02-29,2024-03-01,1.00,1.00,0.00,455747|670133,1,1.00,0.00,4,"2/29 :NO UPS GROUND CHARGE FOR SAMPLES HARRY 661-942-2813 | MON-SAT 7 AM - 3PM 1 PACKAGE | EG//KA//ES | 2 CHIPS OF CV MAPLE NAT 5"""
456638,670390,2024-03-05,S&G100,sample chip,parsed_from_order_notes,,needs_review,,,,,,,Y,,Y,NO_SAMPLE_QUANTITY_FOUND,sample,2024-03-04,2024-03-05,1.00,1.00,0.00,456638|670390,1,1.00,0.00,4,"3/4 NO CHARGE FOR SAMPLE CHIPS VIA GROUND SHIPPING -MG 1 PACKAGE | EG//KA//CG | ***SEND 2PCS*** GII: HICKORY 5"" CHATEAU DISTRESSED | GII: HICKORY 5"" SMOOTH CHATEAU"
456712,670393,2024-03-05,20,sample chip,parsed_from_order_notes,,needs_review,,CHIP,,1439,,,,,Y,NO_SAMPLE_QUANTITY_FOUND,sample,2024-03-05,2024-03-05,1.00,1.00,0.00,456712|670393,1,1.00,0.00,4,"03.05 CHERYL BASSAN 786/469-1583 CHERYL@PRESEHELBASSAN.COM | 1 PACKAGE EG//KA//CG | SAMPLE CHIPS EURO OAK 7.5"" DOMA SELECT | EURO OAK 9.5"" ALTURA EURO OAK 7.5"" STILLWATER"
456880,670394,2024-03-05,20,sample chip,parsed_from_order_notes,,needs_review,,,,1624,,,,,Y,NO_SAMPLE_QUANTITY_FOUND,sample,2024-03-05,2024-03-05,1.00,1.00,0.00,456880|670394,1,1.00,0.00,2,"ONE OF EACH SAMPLE: SHELL BEACH, ALTURA 9 1/2"", MARCELLO 1 PACKAGE | EG//KA//CG"
457005,670549,2024-03-06,BAY106,sample chip,parsed_from_order_notes,,needs_review,,CHIP,,2268,,,Y,,Y,NO_SAMPLE_QUANTITY_FOUND,sample,2024-03-05,2024-03-06,1.00,1.00,0.00,457005|670549,1,1.00,0.00,2,"3/5 NO CHARGE FOR SAMPLE CHIPS VIA GROUND -MG EG//KA//JS ( 1 PACKAGE ) | ***SEND 2PCS:*** CANTINA: MAPLE 7.5"" AGAVE"
457371,061362,2024-03-07,COR122,sample chip,parsed_from_order_notes,,needs_review,,,,,,,Y,,Y,NO_SAMPLE_QUANTITY_FOUND,sample,2024-03-06,2024-03-07,1.00,9.00,0.00,457371|061362,1,2.00,0.00,3,"NO CHARGE /// 1 PACKAGE | EG//KA//CG | 2 ALLORA DOMA CHARACTER 7.5"" SAMPLE CHIPS"
457750,061390,2024-03-08,PAT110,sample chip,parsed_from_order_notes,,needs_review,,,,,,,Y,,Y,NO_SAMPLE_QUANTITY_FOUND,sample; cut,2024-03-07,2024-03-08,1.00,9.00,0.00,457750|061390,1,2.00,0.00,2,PLEASE SEND 2 CUTS EACH OF THE SAMPLES. NO CHARGE PER BRAD. NM | 1 BOX EG//KA//CG
458383,671030,2024-03-11,FLO300,sample chip,parsed_from_order_notes,,needs_review,,,,,,,Y,,Y,NO_SAMPLE_QUANTITY_FOUND,sample,2024-03-11,2024-03-11,1.00,1.00,0.00,458383|671030,1,1.00,0.00,3,"3/11 NO CHARGE FOR SAMPLE CHIPS VIA GROUND SHIPPING -MG 1 PACKAGE | EG//KA//CG | ***SEND 2PCS:*** GII DIST: HICKORY 5"" SIERRA DISTRESSED"
458497,043166,2024-03-11,LIN102,sample chip,parsed_from_order_notes,2,parsed_from_order_notes,number_before_pcs,,,,,,Y,,Y,EACH_PATTERN_ITEM_COUNT_NOT_CONFIDENT,pcs,2024-03-11,2024-03-11,1.00,8.00,0.00,458497|043166,1,6.00,0.00,2,SEND 2 PCS. OF EACH COLOR UPS GROUND @ NO CHARGE OK JZ****** 1 PACKAGE | EG//KA//CG
458571,671177,2024-03-12,FAN104,sample panel; sample chip,parsed_from_order_notes,4,parsed_from_order_notes,number_before_sample_chip; number_before_generic_sample,CHIP,,1428,,,Y,,Y,MULTIPLE_SAMPLE_TYPES,sample; plank,2024-03-11,2024-03-12,1.00,6.00,0.00,458571|671177,1,1.00,0.00,7,SEND UPS GROUND NO CHARGE ATTN:SANDRA 360-326-8794 1 BOX | EG//KA//CG | SEND 4 SAMPLE CHIPS ALLORA COLLECTION | DOMA SELECT LUNA SELECT | NATURESTEP SPC SANDALWOOD HERRINGBONE | SANDSTONE HERRINGBONE SANDALWOOD PLANK | NEWPORT COLLECTION SHELL BEACH
459042,061468,2024-03-13,A&R102,sample chip,parsed_from_order_notes,,needs_review,,,,,,,Y,,Y,NO_SAMPLE_QUANTITY_FOUND,cut,2024-03-12,2024-03-13,1.00,9.00,0.00,459042|061468,1,2.00,0.00,2,3/12 PLEASE SEND 2 CUTS OF THE GARRISON SMOOTH MAPLE SYRUP. NO CHARGE PER BRAD. NM | 1 PACKAGE EG//KA//CG
459547,061484,2024-03-14,JAM101,sample chip,parsed_from_order_notes,,needs_review,,,,,,,Y,,Y,NO_SAMPLE_QUANTITY_FOUND,sample,2024-03-14,2024-03-14,1.00,9.00,0.00,459547|061484,1,2.00,0.00,3,SAMPLE CHIP TO SHIP OUT @ NO CHARGE 1 PACKAGE | EG//KA//CG | BEVERLY HILLS - HILLCREST
459584,671487,2024-03-14,WOO141,sample chip,parsed_from_order_notes,4,parsed_from_order_notes,number_before_sample_chip; number_before_generic_sample,CHIP,,1422,86.00,single_dollar_amount_in_order_notes,,86.00,Y,VERIFY_AMOUNT_IS_FREIGHT_OR_SAMPLE_COST,sample,2024-03-14,2024-03-14,1.00,6.00,0.00,459584|671487,1,1.00,0.00,3,SEND OVERNIGHT UPS ATTN:TRICIA 239-992-9300 PAID VISA5091 EXP.02/26 $86.00 JG 3/14 | 1 BOX EG//KA//CG | SEND 4 SAMPLE CHIPS VINTAGE WHITE WASH
459784,671689,2024-03-15,OMP000,sample chip,parsed_from_order_notes,,needs_review,,,,,262.04,strict_freight_shipping_context,,262.04,Y,NO_SAMPLE_QUANTITY_FOUND,sample,2024-03-14,2024-03-15,1.00,1.00,0.00,459784|671689,1,3.00,0.00,6,"VIETNAM MERIDA WOOD CO., LTD ADDRESS: SOUTHERN INDUSTRIAL PARL, | PHU THINH COMMUNE, YEN BINH DISTRICT, YEN BAI PROVENCE, VIETNAM. 320000 | CONT: MR.BAC TEL: 0978799826 | EMAIL: VIETNAMMERIDAWOOD@GMAIL.COM FED-EX $262.04 (3-LBS) | SHIPPING CHARGES: $262.04 | 2ND NEW COLOR FOR NEWPORT - (COOL MIST) 3PCS SAMPLE SPECS: 5/8"" X 7.5""W X 6""L"
459817,061508,2024-03-15,FIR103,sample chip,parsed_from_order_notes,,needs_review,,,,,,,Y,,Y,NO_SAMPLE_QUANTITY_FOUND,sample,2024-03-15,2024-03-15,1.00,9.00,0.00,459817|061508,1,2.00,0.00,3,"NO CHARGE // 1 PACKAGE | EG//KA//JS | 2 GNCV 5"" MAPLE NATURAL AMBER SAMPLE CHIPS"
460115,671781,2024-03-18,EME103,sample chip,parsed_from_order_notes,,needs_review,,,,,,,,,Y,NO_SAMPLE_QUANTITY_FOUND,sample,2024-03-15,2024-03-18,1.00,6.00,0.00,460115|671781,1,1.00,0.00,3,B2B W/FORKLIFT ARTHUR 425-482-1223  7AM-4PM /ON ACCOUNT. SHIPPING TO ADD FREIGHT* | REVISED- ADDED SAMPLE MH // JSA / CG [ 1 PLT ] // SAMPLES ON PLT | 23 CTN @ 34.94 SF= 803.62 SF [ 23X 55736 ]
460262,061531,2024-03-18,PRO099,sample chip,parsed_from_order_notes,,needs_review,,,,,,,Y,,Y,NO_SAMPLE_QUANTITY_FOUND,sample,2024-03-18,2024-03-18,1.00,9.00,0.00,460262|061531,1,1.00,0.00,3,NO CHARGE // 1 PACKAGE | EG//KA//CG | 2 VINEYARD CHIANTI SAMPLE CHIPS
460564,671998,2024-03-19,SAN113,sample chip,parsed_from_order_notes,,needs_review,,,,,,,Y,,Y,NO_SAMPLE_QUANTITY_FOUND,sample,2024-03-18,2024-03-19,1.00,1.00,0.00,460564|671998,1,1.00,0.00,4,03.18 UPS GROUND NO CHARGE - MN BRUCE 805.729.8006 | 1 PACKAGE EG//CG | SAMPLE CHIPS SANDALWOOD | SANDSTONE
461012,672161,2024-03-20,S&G100,sample chip,parsed_from_order_notes,,needs_review,,,,,,,Y,,Y,NO_SAMPLE_QUANTITY_FOUND,sample,2024-03-19,2024-03-20,1.00,1.00,0.00,461012|672161,1,1.00,0.00,4,"UPS GROUND NO CHARGE - MN 1 PACKAGE | EG//KA//CG | SAMPLE CHIPS MAPLE ENG 5"" AMBER NATURAL 4MM | MAPLE ENG. 3-1/4"" WHITE NAT."
461035,061592,2024-03-20,STE100,sample chip,parsed_from_order_notes,,needs_review,,,,,,,Y,,Y,NO_SAMPLE_QUANTITY_FOUND,cut,2024-03-19,2024-03-20,1.00,9.00,0.00,461035|061592,1,2.00,0.00,2,PLEASE SEND 2 CUTS OF THE DOMA SELECT 9 1/2. NO CHARGE PER BRAD. NM | 1 PACKAGE EG//KA//CG
461315,672154,2024-03-20,FLO286,sample panel; sample chip,parsed_from_order_notes,4,parsed_from_order_notes,number_before_pcs,,,,,,,,Y,MULTIPLE_SAMPLE_TYPES,pcs,2024-03-20,2024-03-20,1.00,1.00,0.00,461315|672154,1,4.00,0.00,3,"TO SHIP AT NO COT PER TONY JOEL 530.888.8889 | BTB W.FORKLIFT MON-FRI 9-4 PCS FOR A CLAIM OK TO SND 3 12"" BOARDS PPER TONY A | 1 BOX EG///KA//CG"
461330,672168,2024-03-20,20,sample chip,parsed_from_order_notes,,needs_review,,,,1622,,,,,Y,NO_SAMPLE_QUANTITY_FOUND,sample,2024-03-20,2024-03-20,1.00,1.00,0.00,461330|672168,1,1.00,0.00,2,"ONE OF EACH SAMPLE: CHABLIS, BORDEAUX, PINOT 1 PACKAGE | EG//KA//CG"
460656,672328,2024-03-21,PRO203,sample chip,parsed_from_order_notes,,needs_review,,,,,,,Y,,Y,NO_SAMPLE_QUANTITY_FOUND,sample,2024-03-18,2024-03-21,1.00,1.00,0.00,460656|672328,1,1.00,0.00,3,03.18 UPS GROUND NO CHARGE - MN MATERIAL FROM GARDENA TR# 460674 ****************** | 1 BOX EG//KA//CG | NOSINGS SAMPLE W/O 5/8 X 5
461482,672333,2024-03-21,20,sample chip,parsed_from_order_notes,,needs_review,,,,1619,,,,,Y,NO_SAMPLE_QUANTITY_FOUND,sample,2024-03-20,2024-03-21,1.00,1.00,0.00,461482|672333,1,1.00,0.00,2,"ONE OF EACH SAMPLE: STRADA 9.5"", VOLTO 9.5"" PLEASE PUT DAVE COURTNEY'S STICKER ON THE BACK OF EACH SMPL | 1 PACKAGE EG//KA//CG"
461484,672334,2024-03-21,20,sample chip,parsed_from_order_notes,,needs_review,,,,1620,,,,,Y,NO_SAMPLE_QUANTITY_FOUND,sample,2024-03-20,2024-03-21,1.00,1.00,0.00,461484|672334,1,1.00,0.00,2,"ONE OF EACH SAMPLE: ALTURA 9 1/2"", EURO OAK COLOR 5, CHABLIS DOMA SELECT 9.5"" | 1 BOX EG//KA//CG"
461567,672321,2024-03-21,DAN124,sample chip,parsed_from_order_notes,,needs_review,,,,,,,,,Y,NO_SAMPLE_QUANTITY_FOUND,sample,2024-03-21,2024-03-21,1.00,4.00,0.00,461567|672321,3,6.00,0.00,2,SAMPLE CHIPS 1 BOX | EG//KA//CG
461644,672324,2024-03-21,FAN104,sample panel; sample chip,parsed_from_order_notes,4,parsed_from_order_notes,number_before_sample_chip; number_before_generic_sample,CHIP,,1409,,,Y,,Y,MULTIPLE_SAMPLE_TYPES,sample; plank,2024-03-21,2024-03-21,1.00,6.00,0.00,461644|672324,1,1.00,0.00,7,"SEND UPS GROUND NO CHARGE ATTN:SANDRA 360-326-8794 1 BOX | EG//KA//CG | SEND 4 SAMPLE CHIPS MAPLE SYRUP DISTR | MAPLE WHEAT DISTR SANDALWOOD HERRINGBONE | SANDSTONE PLANK SANDALWOOD PLANK | COMO MAPLE NATURAL WHITE, 3 ¼? & 5"" | MAPLE NATURAL AMBER, 3 ¼? & 5"
461684,061613,2024-03-21,INT155,sample chip,parsed_from_order_notes,,needs_review,,,,,,,Y,,Y,NO_SAMPLE_QUANTITY_FOUND,sample,2024-03-21,2024-03-21,1.00,9.00,0.00,461684|061613,1,2.00,0.00,3,NO CHARGE // 1 PACKAGE | EG//KA//CG | 2 DISTRESSED MAPLE ESPRESSO SAMPLE CHIPS
461698,043260,2024-03-21,LIN102,sample chip,parsed_from_order_notes,2,parsed_from_order_notes,number_before_pcs,,,,,,Y,,Y,EACH_PATTERN_ITEM_COUNT_NOT_CONFIDENT,pcs,2024-03-21,2024-03-21,1.00,8.00,0.00,461698|043260,1,4.00,0.00,2,UPS GROUND @ N/C OK JZ PLZ SEND 2 PCS. OF EACH SHOWING ACTUAL CHARACTER TY | 1 BOX EG//KA//CG
461843,672525,2024-03-22,BID100,sample chip,parsed_from_order_notes,,needs_review,,,,,,,,,Y,NO_SAMPLE_QUANTITY_FOUND,cut,2024-03-21,2024-03-22,1.00,1.00,0.00,461843|672525,1,6.00,0.00,3,3.21: OK PER JP BTB MON-FRI 9 -3 | 1 BOX EG//CG | BH - WALDEN CUTS BH - RODEO DRIVE CUTS
461864,672523,2024-03-22,ANT119,sample chip,parsed_from_order_notes,4,parsed_from_order_notes,number_before_chip,,,,,,,,Y,EACH_PATTERN_ITEM_COUNT_NOT_CONFIDENT,sample,2024-03-21,2024-03-22,1.00,1.00,0.00,461864|672523,1,1.00,0.00,3,3/21: NO UPS GOUND CHARGE FOR SAMPLES RESIDENTIAL | 1 BOX EG//CG | SHELL BEACH AND PEBBLE BEACH 4 CHIPS OF EACH
461868,672524,2024-03-22,ANT119,sample chip,parsed_from_order_notes,,needs_review,,,,,,,,,Y,NO_SAMPLE_QUANTITY_FOUND,sample,2024-03-21,2024-03-22,1.00,1.00,0.00,461868|672524,1,1.00,0.00,3,3/21:NO UPS GROUND CHARGE FOR SAMPLES RESIDENTIAL | 1 BOX EG//CG | 4 CHIPS OF EA PEBBE BEACH AND SHELL BEACH
23,000019,2024-03-25,GRE137,sample chip,parsed_from_order_notes,,needs_review,,,,,,,,,Y,NO_SAMPLE_QUANTITY_FOUND,pcs,2024-03-25,2024-03-25,1.00,50.00,0.00,23|000019,1,3.00,0.00,3,"UPS NEXT DAY - EARLY AM 1 PACKAGE | EG//KA//CG | 12"" PCS NEWPORT SHELL BEACH (MUST BE LOT NO. 23919)"
453987,CS0982,2024-03-25,MEN101,sample panel,parsed_from_order_notes,,needs_review,,,,,200.00,single_dollar_amount_in_order_notes,,200.00,Y,NO_SAMPLE_QUANTITY_FOUND; VERIFY_AMOUNT_IS_FREIGHT_OR_SAMPLE_COST,panel,2024-02-22,2024-03-25,1.00,1.00,0.00,453987|CS0982,1,1.00,200.00,3,02.22 MUST RETURN 02.29 PAID $200.00 CASH - MN EXP 03.22 | ** PANELS NEVER RETURNED MUST BE BILLED ** ** ISSUE A REFUND CHECK WHEN RETURNED ** | SANDALWOOD  PANEL HIGH SIERRA PANEL
462159,061665,2024-03-25,SAN160,sample chip,parsed_from_order_notes,,needs_review,,,,,,,Y,,Y,NO_SAMPLE_QUANTITY_FOUND,sample,2024-03-22,2024-03-25,1.00,9.00,0.00,462159|061665,1,1.00,0.00,5,NO CHARGE // 1 BOX | EG//KA//CG | SAMPLE CHIPS: 2 REXFORD | COMO CHABLIS | BRESCIA
462599,672836,2024-03-26,20,sample chip,parsed_from_order_notes,,needs_review,,CHIP,,2265,,,,,Y,NO_SAMPLE_QUANTITY_FOUND,sample,2024-03-25,2024-03-26,1.00,1.00,0.00,462599|672836,1,1.00,0.00,3,3/25 NO UPS GROUND CHARG FOR SAMPLES 1 PACKAGE | EG//KA//CG | 2 CHIPS OF UNF. 2-1/4 R/O
462931,061685,2024-03-26,JAM101,sample chip,parsed_from_order_notes,,needs_review,,,,,,,Y,,Y,NO_SAMPLE_QUANTITY_FOUND,sample,2024-03-26,2024-03-26,1.00,9.00,0.00,462931|061685,1,1.00,0.00,3,NO CHARGE // 1 PACKAGE | EG//KA//CG | 1 WALDEN SAMPLE CHIP 1 RODEO DRIVE SAMPLE CHIP
462972,672837,2024-03-26,20,,,,,,,,1403,,,,,Y,NO_SAMPLE_TYPE_DETECTED; NO_SAMPLE_TYPE_FOR_QTY; NO_EXACT_NOTE_KEYWORD_AFTER_NORMALIZE,,2024-03-26,2024-03-26,1.00,1.00,0.00,462972|672837,1,1.00,0.00,3,3/26 NO COST VIA GROUND SHIPPING -MG 1 PACKAGE | EG//KA//CG | ** SEND 2SAMPLES: ** GII: MAPLE SYRUP SMOOTH
463018,672825,2024-03-26,PRO100,sample chip,parsed_from_order_notes,,needs_review,,CHIP,,2266,,,,,Y,NO_SAMPLE_QUANTITY_FOUND,sample,2024-03-26,2024-03-26,1.00,1.00,0.00,463018|672825,1,1.00,0.00,4,3/26: NO UPS GROUND CHARGE FOR SAMPLES B2B | NICOLE 805 983 1314 1 PACKAGE | EG//KA//CG | 2 CHIPS OF SHELL BEACH
460024,CS1018,2024-03-27,BAR110,sample panel,parsed_from_order_notes,,needs_review,,,,1398,100.00,single_dollar_amount_in_order_notes,,100.00,Y,NO_SAMPLE_QUANTITY_FOUND; VERIFY_AMOUNT_IS_FREIGHT_OR_SAMPLE_COST,sample,2024-03-15,2024-03-27,1.00,1.00,0.00,460024|CS1018,1,1.00,100.00,3,3/15 LENDING OUT SAMPLE FOR $100 WILL VOID DEPOSIT IF NOT RETURNED BY 3/19 -MG | 3/27 ORDER BILLED $100 // MATERIAL NEVER RETURNED MG | ***SAMPLE BOARD*** ALLORA: DOMA
463123,673010,2024-03-27,MOU104,sample chip,parsed_from_order_notes,,needs_review,,,,,,,,,Y,NO_SAMPLE_QUANTITY_FOUND,cut,2024-03-26,2024-03-27,1.00,1.00,0.00,463123|673010,1,2.00,0.00,4,3.26: OK PER B.O BTB MON - FRI 9- 4 | DAVID 949.851.1771 1 PACKAGE | EG//CG | CB- HICKORY VINTAGE CUTS CB- BIRCH CHESTNUT CUTS
463330,673017,2024-03-27,20,sample chip,parsed_from_order_notes,,needs_review,,CHIP,,2264,,,,,Y,NO_SAMPLE_QUANTITY_FOUND,sample,2024-03-27,2024-03-27,1.00,1.00,0.00,463330|673017,1,1.00,0.00,3,"3/27: NO UPS GROUND CHARGE FOR SAMPLES 1 PACKAGE | EG//CG | 2 CHIPS OF EA: LEXINGTON , SANDALWOOD, SANDSTONE"
463520,673118,2024-03-28,20,sample chip,parsed_from_order_notes,,needs_review,,,,1618,,,,,Y,NO_SAMPLE_QUANTITY_FOUND,sample,2024-03-27,2024-03-28,1.00,1.00,0.00,463520|673118,1,1.00,0.00,3,"ONE OF EACH SAMPLE: DOMA 9 /2"", DOMA SELECT 9 1/2"", BURTON WAY, WALDEN, CHABLIS, SHELL BEACH | PLEASE PUT WARREN'S STICKER ON THE BACK OF EACH SAMPLE 1 BOX | EG//CG"
464164,061804,2024-04-01,AVE101,sample chip,parsed_from_order_notes,,needs_review,,,,,,,Y,,Y,NO_SAMPLE_QUANTITY_FOUND,cut,2024-03-29,2024-04-01,1.00,9.00,0.00,464164|061804,1,2.00,0.00,2,PLEASE SEND 2 CUTS OF THE DOMA 9 1/2 SELECT CHARACTER NO CHARGE PER BRAD. NM | KA // JSA [ 1 PKG ]
464594,673588,2024-04-02,20,sample chip,parsed_from_order_notes,,needs_review,,,,1616,,,,,Y,NO_SAMPLE_QUANTITY_FOUND,sample,2024-04-02,2024-04-02,1.00,1.00,0.00,464594|673588,1,1.00,0.00,2,"ONE OF EACH SAMPLE: CORFU, SHELL BEACH, BORDEAUX 1 PACKAGE | EG//KA//CG"
464595,673578,2024-04-02,FLO137,sample chip,parsed_from_order_notes,,needs_review,,CHIP,,2263,,,,,Y,NO_SAMPLE_QUANTITY_FOUND,sample,2024-04-02,2024-04-02,1.00,1.00,0.00,464595|673578,1,1.00,0.00,3,4/2: NO UPS GROUND CHARGE FOR SAMPLES TINA 805 434 9744 | 1 PACKAGE EG//KA//CG | 2 CHIPS OF  MAPLE DURHAM
464598,673589,2024-04-02,20,sample chip,parsed_from_order_notes,,needs_review,,,,1617,,,,,Y,NO_SAMPLE_QUANTITY_FOUND,sample,2024-04-02,2024-04-02,1.00,1.00,0.00,464598|673589,1,1.00,0.00,2,ONE OF EACH SAMPLE: ANASTASIA AND VINTAGE WHITE WASH 1 PACKAGE | EG//KA//CG
464774,673577,2024-04-02,FIN102,sample chip,parsed_from_order_notes,,needs_review,,,,,,,,,Y,NO_SAMPLE_QUANTITY_FOUND,sample,2024-04-02,2024-04-02,1.00,1.00,0.00,464774|673577,1,1.00,0.00,2,4/2: NO UPS GROUND CHARGE FOR SAMPLES PER HP SHOP DLV | **** SHIP GSO **** EG//KA//CG ( 1 BOX )
465061,673728,2024-04-03,ANT119,sample chip,parsed_from_order_notes,,needs_review,,,,,,,,,Y,NO_SAMPLE_QUANTITY_FOUND,sample,2024-04-03,2024-04-03,1.00,1.00,0.00,465061|673728,1,1.00,0.00,4,"4/3: NO UPS GROUND CHARGE FOR SAMPLES 1 BOX | EG//KA//CG | 2 CHIPS OF EA : PROVENCE, CANEWOOD, PINOT, NESSO, COLOR 5, REXFORD, | CV MAPLE AMBER 5"" & 3-1/4"""
465217,673855,2024-04-04,ANT119,sample chip,parsed_from_order_notes,,needs_review,,,,,,,,,Y,NO_SAMPLE_QUANTITY_FOUND,sample,2024-04-03,2024-04-04,1.00,1.00,0.00,465217|673855,1,1.00,0.00,3,"4/3: NO UPS GROUND CHARGE FOR SAMPLES RESIDENTIAL | 1 BOX EG//KA//CG | 2 CHIPS OF EA:FRASER, CATANIA, DEL MAR, PROSECCO, CADO REEF, CHANTAL, NATHALIE"
465552,061917,2024-04-05,FAI100,sample chip,parsed_from_order_notes,,needs_review,,,,,,,Y,,Y,NO_SAMPLE_QUANTITY_FOUND,cut,2024-04-04,2024-04-05,1.00,9.00,0.00,465552|061917,1,2.00,0.00,2,PLEASE SEND 2 CUTS OF THE HIGH SIERRA HERRINGBONE. NO CHARGE PER BRAD NM | 1 PACKAGE EG//KA/CG
465773,674064,2024-04-05,20,sample chip,parsed_from_order_notes,,needs_review,,,,,,,,,Y,NO_SAMPLE_QUANTITY_FOUND,sample,2024-04-05,2024-04-05,1.00,1.00,0.00,465773|674064,1,1.00,0.00,3,"4/5: NO UPS GROUND CHARGE FOR SAMPLES. RESIDENTIAL | 1 PACKAGE EG//KA//CG | 2 CHIPS OF EA: CABO REEF, MONROE, SALEM, CHARLOTTE"
464602,674177,2024-04-08,20,sample chip,parsed_from_order_notes,,needs_review,,CHIP,,2262,,,,,Y,NO_SAMPLE_QUANTITY_FOUND,sample,2024-04-02,2024-04-08,1.00,1.00,0.00,464602|674177,1,1.00,0.00,3,4/2: NO UPS GROUND CHARGE FOR SAMPLES DAN 805 754 8277 | 1 PACKAGE EG//KA//JS | 2 CHIPS OF MAPLE WHEAT DIST.
465992,674173,2024-04-08,PRO100,sample chip,parsed_from_order_notes,,needs_review,,,,,,,,,Y,NO_SAMPLE_QUANTITY_FOUND,sample,2024-04-05,2024-04-08,1.00,1.00,0.00,465992|674173,1,1.00,0.00,3,4/5 : NO UPS GROUND CHARGE FOR SAMPLES B2B | 1 BOX EG//KA//JS | 2 CHIPS OF EA : CANON AND RODEO DRIVE
466501,674320,2024-04-09,SAN113,sample chip,parsed_from_order_notes,,needs_review,,,,,,,,,Y,NO_SAMPLE_QUANTITY_FOUND,cut,2024-04-08,2024-04-09,1.00,1.00,0.00,466501|674320,1,2.00,0.00,6,OK PER HP // BRUCE 805.729.8006 BTB MON - FRI 9-4 1 BOX | EG//KA//CG | CLIFFSIDE - STILLWATER/ WARMSAND CUTS DAVINCI - VECCHIO/ CARRERA CUTS | BEVERLY HILLS - RODEO/ WALDEN CUTS ALLORA - 9.5 ALTURA/ DOMA/ SELLA CHARACTER &. SELECT CUTS | VINEYARD - PROSECCO / CHABLIS CUTS GREEK ISLES - CORFU CUTS | VILLA GIALLA - ROMANTIQUE CUTS
466548,674325,2024-04-09,20,sample chip,parsed_from_order_notes,,needs_review,,,,,,,Y,,Y,NO_SAMPLE_QUANTITY_FOUND,sample,2024-04-09,2024-04-09,1.00,1.00,0.00,466548|674325,1,1.00,0.00,4,"04/09 NO CHARGE FOR UPS GROUND DLV // DG 1 BOX | EG//KA//CG | PLEASE SEND 2 OF THE FOLLOWING SAMPLE CHIPS: EXOTICS: ACACIA BRONZE, SANTOS MAHOGANY, BRAZILIAN CHERRY | CUMARU NATURAL, AND PANTAGONIA ROSEWOOD."
466751,674318,2024-04-09,OVA103,,,,,,,,2261,,,,,Y,NO_SAMPLE_TYPE_DETECTED; NO_SAMPLE_TYPE_FOR_QTY; NO_EXACT_NOTE_KEYWORD_AFTER_NORMALIZE,,2024-04-09,2024-04-09,1.00,1.00,0.00,466751|674318,1,1.00,0.00,3,4/9 OK TO SEND VIA GROUND SHIPPING NO COST PER DG -MG 1 PACKAGE | EG//KA//CG | ***SEND 2PCS*** GII: MAPLE ESPRESSO SMOOTH & DISTRESSED
26,500031,2024-04-10,FLO371,sample panel; sample chip,parsed_from_order_notes,6,parsed_from_order_notes,number_before_pcs_times_3_listed_items,,,,,,,,Y,MULTIPLE_SAMPLE_TYPES; EACH_PATTERN_MULTIPLIED_BY_LISTED_ITEMS,pcs; panel,2024-04-05,2024-04-10,1.00,50.00,0.00,26|500031,1,24.00,0.00,8,B2B // LIFTGATE SERVICE // APPOINTMENT // HOURS 10AM - 3PM CONTACT: OLESIA UMANSKY | 1 BOX EG//KA//CG | R-E-V-I-S-E-D // ADDED ARIA PANEL + CHIPS 3 BOXES | EG//KA//CG TRACKING #1Z9380460304729801 | #1Z9380460316655814 ALLORA RACK SETUP BY CHRIS FROM HIS STOCK | 2 PCS OF EACH COLOR ALTURA // ARIA // DOMA // DOMA SELECT | LUNA // LUNA SELECT // SELLA // SELLA SELECT STRADA // STRADA SELECT // VENTASSO // VOLTO | INCLUDES DOMA // LUNA // SELLA PULL FROM SAPLE SET 4 OF 4
466905,674475,2024-04-10,BAS104,sample chip,parsed_from_order_notes,,needs_review,,,,,,,,,Y,NO_SAMPLE_QUANTITY_FOUND,sample,2024-04-10,2024-04-10,1.00,1.00,0.00,466905|674475,1,1.00,0.00,2,4/10: NO UPS GROUND CHARGE FOR SAMPLES B2B  MON.- SAT. 10AM - 3PM | 1 BOX EG//KA//CG
467375,674585,2024-04-11,TIL125,sample chip,parsed_from_order_notes,,needs_review,,,,,,,,,Y,NO_SAMPLE_QUANTITY_FOUND,cut,2024-04-11,2024-04-11,1.00,1.00,0.00,467375|674585,1,2.00,0.00,3,4.11: OK PER JP - BTB MON - FRI 9 - 3 1 PACKAGE | EG//KA//CG | BH- RODE DRIVE CUTS CC - FARWELL CUTS
467793,674787,2024-04-12,OVA103,sample chip,parsed_from_order_notes,,needs_review,,,,,,,Y,,Y,NO_SAMPLE_QUANTITY_FOUND,sample,2024-04-12,2024-04-12,1.00,1.00,0.00,467793|674787,1,1.00,0.00,4,4/12 NO CHARGE FOR GROUND SHIPPING FOR SAMPLE CHIPS -MG 1 PACKAGE | EG//KA//JS | **SEND SAMPLE CHIPS** ALLORA: VENTASSO 7-1/2 | FRENCH CONNECTION: CAFFE
467830,674795,2024-04-12,20,sample chip,parsed_from_order_notes,,needs_review,,,,1612,,,,,Y,NO_SAMPLE_QUANTITY_FOUND,sample,2024-04-12,2024-04-12,1.00,1.00,0.00,467830|674795,1,1.00,0.00,4,"ONE OF EACH SAMPLE: NATURESTEP- SANDSTONE, SANDALWOOD, HAZELNUT, DRIFTWOOD, UMBER | ZODIAC- TAURUS, ARIES, AQUARIUS, VIRGO PLEASE PUT JOE PRYOR'S STICKER ON THE BACK OF EACH SAMPLE | IF YOU HAVE ONE 1 BOX | EG//KA//JS"
467831,674796,2024-04-12,20,sample chip,parsed_from_order_notes,,needs_review,,,,1613,,,,,Y,NO_SAMPLE_QUANTITY_FOUND,sample,2024-04-12,2024-04-12,1.00,1.00,0.00,467831|674796,1,1.00,0.00,2,"ONE OF EACH SAMPLE: WHEAT DISTRESSED, SYRUP DISTRESSED 1 PACKAGE | EG//KA//JS"
467915,062117,2024-04-15,COR122,sample chip,parsed_from_order_notes,,needs_review,,,,,,,Y,,Y,NO_SAMPLE_QUANTITY_FOUND,sample,2024-04-12,2024-04-15,1.00,9.00,0.00,467915|062117,1,1.00,0.00,3,NO CHARGE // 1 PACKAGE | EG//KA//CG | 2 GHEX SANTOS MAHOGANY SAMPLE CHIPS
468152,674960,2024-04-15,TIM110,sample chip,parsed_from_order_notes,,needs_review,,,,,,,,,Y,NO_SAMPLE_QUANTITY_FOUND,sample,2024-04-15,2024-04-15,1.00,1.00,0.00,468152|674960,1,1.00,0.00,4,"4/15: NO UPS GROUND CHARGE FOR SAMPLES RUBI 805 827 7073 | RESIDENTIAL 1 BOX | EG//KA//CG | 3 CHIPS OF EA: PRIMO, SPANISH COFFEE, CHARLOTTE, SALEM"
468304,674950,2024-04-15,MIC107,sample chip,parsed_from_order_notes,,needs_review,,,,,,,,,Y,NO_SAMPLE_QUANTITY_FOUND,sample,2024-04-15,2024-04-15,1.00,1.00,0.00,468304|674950,1,1.00,0.00,3,4/15:  NO UPS GROUND CHARGE FOR SAMPLES MIKE  805-965-0050 | 1 PACKAGE EG//KA//CG | 3 CHIPS: CUMARU
468520,675100,2024-04-16,20,sample chip,parsed_from_order_notes,,needs_review,,,,1609,,,,,Y,NO_SAMPLE_QUANTITY_FOUND,sample,2024-04-16,2024-04-16,1.00,1.00,0.00,468520|675100,1,1.00,0.00,2,"ONE OF EACH SAMPLE: HICKORY NATURAL SMOOTH, BEAUFORT 1 PACKAGE | EG//KA//CG"
468521,675101,2024-04-16,20,sample chip,parsed_from_order_notes,,needs_review,,,,1610,,,,,Y,NO_SAMPLE_QUANTITY_FOUND,sample,2024-04-16,2024-04-16,1.00,1.00,0.00,468521|675101,1,1.00,0.00,2,"ONE OF EACH SAMPLE: BURTON WAY, RODEO DRIVE, WALDEN 1 PACKAGE | EG//KA//CG"
468683,062146,2024-04-16,COR122,sample chip,parsed_from_order_notes,2,parsed_from_order_notes,number_before_sample_chip_times_2_listed_items; number_before_generic_sample_times_2_listed_items,,,,,,Y,,Y,EACH_PATTERN_MULTIPLIED_BY_LISTED_ITEMS,sample,2024-04-16,2024-04-16,1.00,9.00,0.00,468683|062146,1,1.00,0.00,4,NO CHARGE // 1 PACKAGE | EG//KA//CG | 1 SAMPLE CHIPS OF EACH : SANDSTONE HERRINGBONE | SANDALWOOD HERRINGBONE HIGH SIERRA HERRINGBONE
32,000027,2024-04-19,GRE137,sample chip,parsed_from_order_notes,36,parsed_from_order_notes,number_before_generic_sample_times_3_listed_items,,,,,,,,Y,EACH_PATTERN_MULTIPLIED_BY_LISTED_ITEMS,pcs; sample,2024-04-12,2024-04-19,1.00,50.00,0.00,32|000027,1,12.00,0.00,6,5 BOXES EG//KA//CG | TRACKING #1Z9380460325950513 #1Z9380460328699148 | #1Z9380460328566335 #1Z9380460323822129 | 12 SAMPLE PCS OF EACH COLOR CAFFE // CANEWOOD // COGNAC // LIMOGE // PROVENCE | LA BELLE // ROMANTIQUE // PRIMO // CARRERA // GLENWOOD CATANIA // LIVORNO // CLIFFSIDE WALNUT NATURAL | (20-PCS) SHELL BEACH FROM MIKE'S MATERIAL
470377,675634,2024-04-22,20,sample chip,parsed_from_order_notes,,needs_review,,,,1608,,,,,Y,NO_SAMPLE_QUANTITY_FOUND,sample,2024-04-22,2024-04-22,1.00,1.00,0.00,470377|675634,1,1.00,0.00,3,"ONE OF EACH SAMPLE: DOMA SELECT 9.5"", DOMA SELECT 7.5"", SELLA SELECT 9.5"" | THIS IS AN ALLORA PACKAGE, SO PLEASE PUT A STICKER OR PACK HOW YONI LIKES | RP / KA // CG [ 1 PKG ]"
470365,675836,2024-04-23,VIC103,sample chip,parsed_from_order_notes,,needs_review,,CHIP,,1370,,,Y,,Y,NO_SAMPLE_QUANTITY_FOUND,sample,2024-04-22,2024-04-23,1.00,1.00,0.00,470365|675836,1,1.00,0.00,2,4/22 NO CHARGE FOR SAMPLE CHIPS VIA GROUND SHIPPING -MG KA//CG ( 1 PKG ) | ***PLS SEND 2 SAMPLES*** GII: MAPLE WHEAT (SMOOTH & DISTRESSED)
470368,675837,2024-04-23,VIC103,sample chip,parsed_from_order_notes,,needs_review,,,,,,,Y,,Y,NO_SAMPLE_QUANTITY_FOUND,sample,2024-04-22,2024-04-23,1.00,1.00,0.00,470368|675837,1,1.00,0.00,2,4/22 NO CHARGE FOR SAMPLE CHIPS VIA GROUND SHIPPING -MG KA//CG ( 1 PACKAGE ) | ***SEND SAMPLES*** GII: MAPLE WHEAT (SMOOTH & DISTRESSED)
471208,675986,2024-04-24,COU100,sample chip,parsed_from_order_notes,,needs_review,,,,1369,,,,,Y,NO_SAMPLE_QUANTITY_FOUND,sample,2024-04-24,2024-04-24,1.00,6.00,0.00,471208|675986,1,1.00,0.00,2,O/A JG 4/24 | ILLUMINATE FRONT SAMPLE LABELS
471212,676114,2024-04-25,ARR100,sample panel; sample chip,parsed_from_order_notes,2,parsed_from_order_notes,number_before_sample_chip; number_before_generic_sample,CHIP,,1359,,,Y,,Y,MULTIPLE_SAMPLE_TYPES,sample; plank,2024-04-24,2024-04-25,1.00,6.00,0.00,471212|676114,1,1.00,0.00,4,SEND UPS GROUND NO CHARGE ATTN:ZONDRA 626-857-0733 1 PACKAGE | EG//KA//JSA | SEND 2 SAMPLE CHIPS HIGH SIERRA PLANK | ALPS PLANK
471412,676129,2024-04-25,INT113,sample chip,parsed_from_order_notes,,needs_review,,,,,,,,,Y,NO_SAMPLE_QUANTITY_FOUND,sample,2024-04-25,2024-04-25,1.00,1.00,0.00,471412|676129,1,1.00,0.00,4,04/25 SENDING SAMPLE CHIPS GROUND DLV  //WB LAURA 408 460 7048 | 1 BOX EG//KA//JSA | 2 SAMPLES EACH GII DISTRESSED LATTE // GII DISTRESSED WALNUT NATURAL | GII DISTRESSED CHESTNUT // GII DISTRESSED WHEAT
471502,043554,2024-04-25,10,sample chip,parsed_from_order_notes,,needs_review,,,,,,,Y,,Y,NO_SAMPLE_QUANTITY_FOUND,sample,2024-04-25,2024-04-25,1.00,8.00,0.00,471502|043554,1,4.00,0.00,3,SAMPLE CHIPS TO BE UPS AT NO CHARGE PER RENE FIVE BROTHERS DISCOUNT LLC | 928-772-3366 PHONE 1 BOX | EG//KA//JSA
471505,676116,2024-04-25,BAS105,sample chip,parsed_from_order_notes,,needs_review,,,,,,,,,Y,NO_SAMPLE_QUANTITY_FOUND,cut,2024-04-25,2024-04-25,1.00,1.00,0.00,471505|676116,1,2.00,0.00,3,4.25: RESIDENTIAL DELIVERY // DENISE 530.582.7428 1 BOX | EG//KA//JSA | CLIFFSIDE - SUNRISE CUTS DU BOIS - CHANTAL CUTS
471598,676362,2024-04-26,20,sample chip,parsed_from_order_notes,5,parsed_from_order_notes,number_before_cut,,,,,,,,Y,EACH_PATTERN_ITEM_COUNT_NOT_CONFIDENT,cut,2024-04-25,2024-04-26,1.00,1.00,0.00,471598|676362,1,1.00,0.00,6,SARA 818.388.0186 RESIDENTIAL | 1 BOX EG//KA//MH | NP - ZUMA BEACH CUTS FC - CAFFE  CUTS | DB- BRIGITTE CUTS BH- HILLCREST CUTS | CS- WALNUTNATURAL 7.5 CUTS VY- CHIANTI CUTS | ** 2 OF EACH
471958,043581,2024-04-29,10,sample chip,parsed_from_order_notes,,needs_review,,,,,,,Y,,Y,NO_SAMPLE_QUANTITY_FOUND,sample,2024-04-26,2024-04-29,1.00,8.00,0.00,471958|043581,10,20.00,0.00,2,SAMPLE CHIPS TO BE UPS AT NO CHARGE PER RENE LISA FRANK 520-906-9988 | 1 BOX EG//KA//CG
472111,341842,2024-04-29,FLO365,sample panel,parsed_from_order_notes,2,parsed_from_order_notes,number_before_sample_panel; number_before_generic_sample,,,1357,200.00,single_dollar_amount_in_order_notes,,200.00,Y,VERIFY_AMOUNT_IS_FREIGHT_OR_SAMPLE_COST,sample; panel,2024-04-27,2024-04-29,1.00,3.00,0.00,472111|341842,1,1.00,0.00,3,4/27 5 DAY HOLD /EXP 5/4 SM GRAMERCY PARK PANEL. | GOLD PANEL . 100EA | 2 SAMPLE PANEL DEPOSIT $200.00 SM
472510,676655,2024-04-30,MAD103,sample chip,parsed_from_order_notes,,needs_review,,,,,,,Y,,Y,NO_SAMPLE_QUANTITY_FOUND,sample,2024-04-29,2024-04-30,1.00,1.00,0.00,472510|676655,1,1.00,0.00,4,4/29 NO CHARGE FOR GROUND SHIPPING FOR SAMPLE CHIPS -MG 1 BOX | EG//KA//CG | ***SEND 2 SAMPLES*** CANTINA: HICKORY SPANISH COFFEE | MAPLE PALOMA MAPLE AGAVE
473435,676943,2024-05-02,FAL102,sample chip,parsed_from_order_notes,,needs_review,,,,,,,,,Y,NO_SAMPLE_QUANTITY_FOUND,sample,2024-05-02,2024-05-02,1.00,1.00,0.00,473435|676943,1,1.00,0.00,4,05/02  SENDING SAMPLES UPS GROUND  //WB ATTN:MONICA | 1 BOX EG//KA//CG | ******2 SAMPLES EACH ******* ACACIA NATURAL // ACACIA GOLD //WALNUT NATURAL SMOOTH // | WALNUT NATURAL DISTRESSED
473840,677079,2024-05-03,ABI101,sample chip,parsed_from_order_notes,,needs_review,number_before_sample_chip; number_before_generic_sample; number_before_piece,CHIP,,1342,,,Y,,Y,MULTIPLE_QUANTITY_CANDIDATES_REVIEW_REQUIRED,pieces; sample,2024-05-03,2024-05-03,1.00,6.00,0.00,473840|677079,1,1.00,0.00,5,SEND UPS GROUND NO CHARGE ATTN:ALEX 407-422-0169 APPROVED BY JB | 1 BOX EG//KA//MH | SEND 1 SAMPLE CHIP ALLORA 9 1/2 PIECES SELECT AND CHARACTER | DOMA SELLA | LUNA VOLTO
473824,062554,2024-05-06,PRO236,sample chip,parsed_from_order_notes,,needs_review,,,,,,,Y,,Y,NO_SAMPLE_QUANTITY_FOUND,cut,2024-05-03,2024-05-06,1.00,9.00,0.00,473824|062554,1,2.00,0.00,2,PLEASE SEND 2 CUTS OF THE GNIIW523 WALNUT ANTIQUE NO CHARGE PER BRAD. NM | 1 BOX EG//KA//CG
474208,677291,2024-05-06,20,sample chip,parsed_from_order_notes,,needs_review,,,,1605,,,,,Y,NO_SAMPLE_QUANTITY_FOUND,sample,2024-05-06,2024-05-06,1.00,1.00,0.00,474208|677291,1,1.00,0.00,2,"ONE OF EACH SAMPLE: SYRUP SMOOTH, ANTIQUE SMOOTH 1 BOX | EG//KA//CG"
474577,677386,2024-05-07,FAN104,sample chip,parsed_from_order_notes,20,parsed_from_order_notes,number_before_sample_chip_times_5_listed_items; number_before_generic_sample_times_5_listed_items,CHIP,,1335,,,Y,,Y,EACH_PATTERN_MULTIPLIED_BY_LISTED_ITEMS,sample,2024-05-07,2024-05-07,1.00,6.00,0.00,474577|677386,1,1.00,0.00,5,SEND UPS GROUND NO CHARGE. SANDRA 360 3268794 1 BOX | EG//KA//CG | 4 SAMPLE CHIPS EACH COLOR :  SHOWROOM USE. -CHIANTI | -SHELL BEACH -SPANISH COFFEE | -MAPLE AGAVE
474784,677565,2024-05-08,FAN104,sample panel; sample chip,parsed_from_order_notes,2,parsed_from_order_notes,number_before_sample_chip; number_before_generic_sample,CHIP,,1324,,,Y,,Y,MULTIPLE_SAMPLE_TYPES,sample; plank,2024-05-07,2024-05-08,1.00,6.00,0.00,474784|677565,1,1.00,0.00,3,SEND UPS GROUND NO CHARGE ATTN:LINDSEY 360-326-8794 1 BOX | EG//KA//CG | SEND 2 SAMPLE CHIPS VINTAGE WHITE WASH PLANKS AND HERRINGBONE-(IF AVAILABLE)
475103,677581,2024-05-08,20,sample chip,parsed_from_order_notes,,needs_review,,,,2258,,,,,Y,NO_SAMPLE_QUANTITY_FOUND,sample,2024-05-08,2024-05-08,1.00,1.00,0.00,475103|677581,1,1.00,0.00,4,"5/8: NO UPS GROUND FOR SAMPLES RESIDENIAL | 617 281 7764 1 BOX | EG//KA//CG | 2 PC EA: HIMALAYA , SILVERLEAF , DRIFTWOOD"
475082,677711,2024-05-09,20,sample chip,parsed_from_order_notes,,needs_review,,,,,,,,,Y,NO_SAMPLE_QUANTITY_FOUND,pcs,2024-05-08,2024-05-09,1.00,1.00,0.00,475082|677711,1,2.00,0.00,4,RESIDENTIAL DELIVERY KATIE OK TO SHIP PER ND | MATERIAL FROM VERNON TR# 475088 (GFFCOB787 1 CTN) PCS MUST BE FROM BX ON TRANSFER | ** SEE ANGIE BEFORE PACKING ORDER ** 1 BOX | EG//KA//CG
475250,062635,2024-05-09,PRO235,sample chip,parsed_from_order_notes,,needs_review,,,,,,,Y,,Y,NO_SAMPLE_QUANTITY_FOUND,cut,2024-05-08,2024-05-09,1.00,9.00,0.00,475250|062635,1,2.00,0.00,2,PLEASE SEND 2 CUTS OF THE CONTRACTORS CHOICE W/O 2 1/4 NO CHARGE PER BRAD. NM | 1 BOX EG//KA//CG
475289,062633,2024-05-09,HOW104,sample panel; sample chip,parsed_from_order_notes,,needs_review,,,,,,,Y,,Y,MULTIPLE_SAMPLE_TYPES; NO_SAMPLE_QUANTITY_FOUND,plank,2024-05-08,2024-05-09,1.00,9.00,0.00,475289|062633,1,1.00,0.00,3,NO CHARGE // 1 BOX | EG//KA//CG | 2 HIGH SIERRA PLANK CHIPS 2 HIGH SIERRA HERRINGBONE CHIPS
475292,062634,2024-05-09,HOW104,sample panel; sample chip,parsed_from_order_notes,,needs_review,,,,,,,Y,,Y,MULTIPLE_SAMPLE_TYPES; NO_SAMPLE_QUANTITY_FOUND,plank,2024-05-08,2024-05-09,1.00,9.00,0.00,475292|062634,1,1.00,0.00,3,NO CHARGE // 1 BOX | EG//KA//CG | 1 HIGH SIERRA PLANK  CHIP 1 HIGH SIERRA HERRINGBONE  CHIP
475503,677707,2024-05-09,S&G100,sample chip,parsed_from_order_notes,,needs_review,,CHIP,,2257,,,,,Y,NO_SAMPLE_QUANTITY_FOUND,sample,2024-05-09,2024-05-09,1.00,6.00,0.00,475503|677707,1,1.00,0.00,3,"5/9: NO UPS GROUND CHARGE FOR SAMPLES 1 BOX | EG//KA//CG | 2 CHIPS OF EA: DIST ESPRESSO & LATTE CV: MAPLE NAT. 5"""
475604,678034,2024-05-10,UMR100,sample chip,parsed_from_order_notes,,needs_review,,,,,,,Y,,Y,NO_SAMPLE_QUANTITY_FOUND,sample,2024-05-09,2024-05-10,1.00,1.00,0.00,475604|678034,1,1.00,0.00,5,5/9 NO CHARGE FOR SAMPLE CHIPS VIA GROUND SHIPPING -MG 1 BOX | EG//MH | ***SEND OUT SAMPLE CHIPS*** NEWPORT: PEBBLE BEACH | SUMMIT SKY: HIGH SIERRA ALPS | NATURESTEP: WAVE
475607,678032,2024-05-10,S&G100,sample chip,parsed_from_order_notes,,needs_review,,,,,,,Y,,Y,NO_SAMPLE_QUANTITY_FOUND,sample,2024-05-09,2024-05-10,1.00,1.00,0.00,475607|678032,1,1.00,0.00,3,"5/9 NO CHARGE FOR SAMPLE CHIP VIA GROUND SHIP -MG 1 BOX | EG//MH | ***SEND OUT SAMPLE CHIPS*** CRYSTAL VALLEY: W/O ENG 5"" PRAIRIE WHEAT"
476397,678012,2024-05-13,S&G100,sample chip,parsed_from_order_notes,,needs_review,,,,,,,,,Y,NO_SAMPLE_QUANTITY_FOUND,sample,2024-05-13,2024-05-13,1.00,4.00,0.00,476397|678012,1,1.00,0.00,2,SAMPLE CHIP 1 BOX | EG//KA//MH
476389,678124,2024-05-14,20,sample chip,parsed_from_order_notes,,needs_review,,CHIP,,2255,,,,,Y,NO_SAMPLE_QUANTITY_FOUND,sample,2024-05-13,2024-05-14,1.00,1.00,0.00,476389|678124,1,1.00,0.00,2,"5/13: NO UPS GROUND CHARGE FOR SAMPLES// RESIDENTIAL RP // JSA [ 1 PKG ] | 2 CHIPS OF EA: BEACH BLONDE, BORDEAUX, PEBBLE BEACH"
476453,062712,2024-05-14,PRO235,sample chip,parsed_from_order_notes,,needs_review,,,,,,,Y,,Y,NO_SAMPLE_QUANTITY_FOUND,cut,2024-05-13,2024-05-14,1.00,9.00,0.00,476453|062712,1,2.00,0.00,2,5/13 PLEASE SEND 2 CUTS OF THE SELLA SELECT 7 1/2. NO CHARGE PER BRAD NM | RP // JSA [ 1 PKG ]
476451,062768,2024-05-15,BIX100,sample chip,parsed_from_order_notes,,needs_review,,,,,,,Y,,Y,NO_SAMPLE_QUANTITY_FOUND,sample,2024-05-13,2024-05-15,1.00,9.00,0.00,476451|062768,1,1.00,0.00,4,"PLEASE WRITE ATT: DEBBIE // NO CHARGE 1 BOX | EG//KA//CG | 2 HICKORY BEAUFORT SAMPLE CHIPS 2 MAPLE DURHAM SAMPLE CHIPS | 1 HERRINGBONE SELLA CHIP 2 CRYSTAL VALLEY MAPLE NAT. AMBER 3 1/4"""
476935,678372,2024-05-15,20,sample chip,parsed_from_order_notes,,needs_review,,,,1601,,,,,Y,NO_SAMPLE_QUANTITY_FOUND,sample,2024-05-15,2024-05-15,1.00,1.00,0.00,476935|678372,1,1.00,0.00,2,"ONE OF EACH SAMPLE: WHITECAP, WARM SAND, SUNRISE 1 BOX | EG//KA//CG"
477299,678392,2024-05-16,20,sample chip,parsed_from_order_notes,,needs_review,,CHIP,,2254,,,,,Y,NO_SAMPLE_QUANTITY_FOUND,sample,2024-05-16,2024-05-16,1.00,1.00,0.00,477299|678392,1,1.00,0.00,3,"5/16: NO UPS GROUND CHARGE FOR SAMPLES RESIDENTIAL | 1 BOX EG//KA//CG | 2 CHIPS OF EA : COGNAC, CHIANTI, HILLCREST"
42,500038,2024-05-17,FLO385,sample chip,parsed_from_order_notes,2,parsed_from_order_notes,number_before_sample_chip_times_2_listed_items; number_before_generic_sample_times_2_listed_items,,,,,,,,Y,EACH_PATTERN_MULTIPLIED_BY_LISTED_ITEMS,sample,2024-05-17,2024-05-17,1.00,50.00,0.00,42|500038,1,8.00,0.00,3,1 BOX EG//KA//CG | 1 SAMPLE CHIP OF EACH ALTURA // ARIA // DOMA // LUNA | SELLA // STRADA // VENTASSO // VOLTO
477612,678594,2024-05-17,20,sample chip,parsed_from_order_notes,,needs_review,,,,1645,,,,,Y,NO_SAMPLE_QUANTITY_FOUND,sample,2024-05-16,2024-05-17,1.00,1.00,0.00,477612|678594,1,1.00,0.00,3,"ONE OF EACH SAMPLE: PEBBLE BEACH, SHELL BEACH, LAGUNA BEACH, ROVENZA, COMO, BURTON WAY, CANON, RODEO DRIVE, WALDEN, | CHABLIS, BORDEAUX 1 BOX | EG//KA//CG"
477536,678774,2024-05-20,OMP000,sample chip,parsed_from_order_notes,3,parsed_from_order_notes,number_before_generic_sample,,,,,multiple_shipping_amounts_needs_review,,323.29; 325.61; 91.90,Y,MULTIPLE_SHIPPING_DOLLAR_CANDIDATES,pieces; sample,2024-05-16,2024-05-20,1.00,1.00,0.00,477536|678774,2,6.00,0.00,7,"FLO.IT SRL VIA CAL LONGA 26 | VAZZOLA (TV) ITALY | ATT: STIVEN BIANCHI (PRODUCTION MANAGER) TEL: +39 0438 442195 | EG//TA//EL  ( 2 BXS ) FEDEX: 776464526499 // 776464526503 | FEDEX 2 PACKAGES $323.29 (7-LBS) (9-LBS) FED-EX $325.61 // $91.90 DUTIES & TAXES | 3 SAMPLE PIECES @5/8*7.5*24.25""L | 3 SAMPLES PIECES @5/8*9.5*14-5/16""L"
478185,678736,2024-05-20,CAR159,sample set; sample chip,parsed_from_order_notes,,needs_review,,CHIP,,2253,,,Y,,Y,MULTIPLE_SAMPLE_TYPES; NO_SAMPLE_QUANTITY_FOUND,sample,2024-05-20,2024-05-20,1.00,1.00,0.00,478185|678736,1,1.00,0.00,3,5/20 NO CHARGE FOR SAMPLE SETS VIA GOUND SHIPPING -MG 1 BOX | EG//KA//CG | SEND HANDSET OF GII SMOOT & DISTRESSED HAND SET GII DISTRESSED // GII SMOOTH CHIPS
478441,678945,2024-05-21,20,sample chip,parsed_from_order_notes,,needs_review,,,,,,,,,Y,NO_SAMPLE_QUANTITY_FOUND,sample,2024-05-21,2024-05-21,1.00,1.00,0.00,478441|678945,1,3.00,0.00,2,PLEASE SEND 3 SAMPLES CHATEAU DISTRESSED TO SHOW VARIATION 1 PACKAGE | EG//KA//CG
478464,678933,2024-05-21,MOU108,sample chip,parsed_from_order_notes,,needs_review,,,,,,,,,Y,NO_SAMPLE_QUANTITY_FOUND,cut,2024-05-21,2024-05-21,1.00,1.00,0.00,478464|678933,1,2.00,0.00,3,CAPRICE 530.386.2286 BTB MON -FRI  9 - 4 | 1 BOX EG//KA//CG | VG - LA BELLE CUTS BH - HILLCREST CUTS
478693,678940,2024-05-21,RAF106,sample chip,parsed_from_order_notes,,needs_review,,,,,,,,,Y,NO_SAMPLE_QUANTITY_FOUND,cut,2024-05-21,2024-05-21,1.00,1.00,0.00,478693|678940,1,2.00,0.00,5,5.21: OK PER CESAR TO PRINT AFTER CUT OFF ***** LISA 707.939.1940 | BTB MON - FRI 9 -3 ***** OK PER CESAR TO PRINT AFTER CUT OFF ***** | 1 BOX EG//KA//CG | NP - LAGUNA CUTS NP- DELMAR CUTS | NP - ZUMA BEACH
477240,342615,2024-05-22,SIE106,sample chip,parsed_from_order_notes,,needs_review,number_before_generic_sample; number_before_sample_chip,,,,,,,,Y,MULTIPLE_QUANTITY_CANDIDATES_REVIEW_REQUIRED,sample,2024-05-15,2024-05-22,1.00,3.00,0.00,477240|342615,1,1.00,0.00,2,05/15 SAMPLES CHIP AT NO COST ***** SE EG//KA//CG  ( 1 PKG ) | PLEASE SEND 6 SAMPLE CHIPS OF: -  GHEXB538 1/2 X 5 2MM BRAZILIAN CHERRY
478908,679071,2024-05-22,SAN160,sample chip,parsed_from_order_notes,,needs_review,,CHIP,,2252,,,Y,,Y,NO_SAMPLE_QUANTITY_FOUND,sample,2024-05-22,2024-05-22,1.00,1.00,0.00,478908|679071,1,1.00,0.00,4,"5/22 NO CHARGE FOR SAMPLE CHIPS VIA GROUND SHIPPING -MG 1 PACKAGE | EG//KA//CG | ***SEND 2SAMPLES CHIPS OF EACH*** CONTRACTOR CHOICE:  5/8 X 5 PREMIUM W/O S.E | CRYSTAL VALLEY:  W/O ENG 5"" NATURAL (1/2"")"
479216,679187,2024-05-23,FLO287,sample chip,parsed_from_order_notes,,needs_review,,,,,,,,,Y,NO_SAMPLE_QUANTITY_FOUND,sample,2024-05-23,2024-05-23,1.00,1.00,0.00,479216|679187,1,1.00,0.00,3,"05.23 ON HOLD EXP 05.30 - MN 1 PACKAGE | EG//KA//CG | SAMPLE CHIPS EUR.OAK 7.5"" SHELL BEACH"
479246,679211,2024-05-23,QUA115,sample chip,parsed_from_order_notes,,needs_review,,,,,,,,,Y,NO_SAMPLE_QUANTITY_FOUND,sample,2024-05-23,2024-05-23,1.00,4.00,0.00,479246|679211,1,2.00,0.00,2,SAMPLE CHIPS FLASH 1 PACKAGE | EG//KA//CG
479346,679184,2024-05-23,FLO254,sample chip,parsed_from_order_notes,,needs_review,,,,,,,,,Y,NO_SAMPLE_QUANTITY_FOUND,cut,2024-05-23,2024-05-23,1.00,1.00,0.00,479346|679184,1,2.00,0.00,4,BTB MON - FRI 9 -3 FRANK 916.635.9602 | 1 BOX EG//KA//CG | ALLORA - ARIA 7.5 CUTS VY - CHABLIS CUTS | VY - BORDEAUX CUTS DB - NESSO CUTS
479429,679425,2024-05-24,OAK125,sample panel,parsed_from_order_notes,,needs_review,,,,1293,,,,,Y,NO_SAMPLE_QUANTITY_FOUND,sample; panel,2024-05-23,2024-05-24,1.00,1.00,0.00,479429|679425,1,1.00,0.00,2,"05/23 PROMO, OK PER HUGO | SAMPLE PANELS: 1 OF ELEMENTS GOLD/BRONZE/STEEL"
480282,679708,2024-05-29,BAI107,sample chip,parsed_from_order_notes,,needs_review,,,,,,,,,Y,NO_SAMPLE_QUANTITY_FOUND,sample,2024-05-28,2024-05-29,1.00,4.00,0.00,480282|679708,4,4.00,0.00,1,SAMPLE CHIPS KA//CG 1 PKG
480584,342831,2024-05-30,10,sample chip,parsed_from_order_notes,,needs_review,number_before_sample_chip_times_7_listed_items; number_before_generic_sample_times_7_listed_items,,,,,,,,Y,EACH_PATTERN_MULTIPLIED_BY_LISTED_ITEMS; MULTIPLE_QUANTITY_CANDIDATES_REVIEW_REQUIRED,sample,2024-05-29,2024-05-30,1.00,3.00,0.00,480584|342831,1,1.00,0.00,4,05/29 SAMPLE CHIPS AT NO COST VIA UPS // SE 1 BOX | EG//KA//CG | PLEASE SEND 2 SAMPLES CHIPS OF EACH ONE: - VINEYARD - CHABLIS | - PRIVATE SELECTION - DUNE - ALLORA - LUNA SELECT
480975,063041,2024-05-31,EUF100,sample chip,parsed_from_order_notes,,needs_review,,,,,,,Y,,Y,NO_SAMPLE_QUANTITY_FOUND,cut,2024-05-30,2024-05-31,1.00,9.00,0.00,480975|063041,1,2.00,0.00,2,PLEASE SEND 2 CUTS OF THE NEWPORT CARMEL. NO CHARGE PER BRAD NM | 1 PACKAGE RP//KA//CG//EG
480995,680090,2024-05-31,20,sample chip,parsed_from_order_notes,,needs_review,,,,1597,,,,,Y,NO_SAMPLE_QUANTITY_FOUND,sample,2024-05-30,2024-05-31,1.00,1.00,0.00,480995|680090,1,1.00,0.00,2,"ONE OF EACH SAMPLE: LUNA 7 1/2"", LUNA SELECT 7 1/2"" 1 PACKAGE | RP//KA//CG"
481082,680079,2024-05-31,GAR100,sample panel; sample chip,parsed_from_order_notes,2,parsed_from_order_notes,number_before_sample_chip; number_before_generic_sample,CHIP,,1279,,,Y,,Y,MULTIPLE_SAMPLE_TYPES,sample; plank,2024-05-30,2024-05-31,1.00,6.00,0.00,481082|680079,1,1.00,0.00,3,SEND UPS GROUND NO CHARGE. GREG 310 4330534 1 PACKAGE | RP//KA//CG | 2 SAMPLE CHIPS ALPS PLANK
481122,680072,2024-05-31,CAP110,sample chip,parsed_from_order_notes,,needs_review,,,,,,,,,Y,NO_SAMPLE_QUANTITY_FOUND,cut,2024-05-30,2024-05-31,1.00,1.00,0.00,481122|680072,1,2.00,0.00,3,5.30: WAREHOUSE DELIVERY 1 PACKAGE | EG//KA//CG | GNSS - MAPLE ESPRESSO CUTS GNSS - WALNUT ANTIQUE CUTS
481690,680302,2024-06-03,20,sample chip,parsed_from_order_notes,,needs_review,,,,1596,,,,,Y,NO_SAMPLE_QUANTITY_FOUND,sample,2024-06-03,2024-06-03,1.00,1.00,0.00,481690|680302,1,1.00,0.00,2,"ONE OF EACH SAMPLE: LUNA SELECT 7 1/2"", PRAIRIE WHEAT 3 1/4"" AND WHITE OAK NATURAL 3 1/4"" | 1 PACKAGE EG//KA//CG"
481792,680303,2024-06-03,20,sample chip,parsed_from_order_notes,6,parsed_from_order_notes,number_before_sample_chip_times_6_listed_items; number_before_generic_sample_times_6_listed_items,CHIP,,1272,,,Y,,Y,EACH_PATTERN_MULTIPLIED_BY_LISTED_ITEMS,sample,2024-06-03,2024-06-03,1.00,6.00,0.00,481792|680303,1,1.00,0.00,5,"SEND UPS GROUND NO CHARGE. 1 PACKAGE | EG//KA//CG | 1 SAMPLE CHIP EACH COLOR: - MAPLE ESPRESSO - DISTRESSED | , - WALNUT ANTIQUE - DISTRESSED | , - HICKORY SIERRA - DISTRESSED"
481832,063080,2024-06-03,FIN106,sample chip,parsed_from_order_notes,,needs_review,,,,,,,Y,,Y,NO_SAMPLE_QUANTITY_FOUND,cut,2024-06-03,2024-06-03,1.00,9.00,0.00,481832|063080,1,2.00,0.00,3,PLEASE SEND 2 CUTS OF THE WALNUT ANTIQUE DISTRESSED. NO CHARGE PER BRAD NM | S/M GRANGER 1 PACKAGE | EG//KA//CG
481406,680387,2024-06-04,BIL102,sample chip,parsed_from_order_notes,,needs_review,,,,2251,,,,,Y,NO_SAMPLE_QUANTITY_FOUND,sample,2024-05-31,2024-06-04,1.00,1.00,0.00,481406|680387,1,1.00,0.00,3,"5/31: NO UPS GROUND CHARGE FOR SAMPLES 1 PACKAGE | EG//KA//CG | 2 PC OF EA: UMBER, SANDALWOOD HB, SANDSTONE HB, BRONZE, NOLITA"
481887,680389,2024-06-04,BUF100,sample chip,parsed_from_order_notes,2,parsed_from_order_notes,number_before_sample_chip; number_before_generic_sample,CHIP,,1267,,,,,Y,EACH_PATTERN_ITEM_COUNT_NOT_CONFIDENT,sample,2024-06-03,2024-06-04,1.00,6.00,0.00,481887|680389,1,1.00,0.00,4,SEND UPS GROUND    KURT 713 6269100 1 PACKAGE | EG//KA//CG | 2 SAMPLE CHIPS EACH COLOR: (SEE EMAIL TO TA) PEBBLE BEACH LOT 56029 | PEBBLE BEACH LOT 43030
481903,063105,2024-06-04,PAT110,sample chip,parsed_from_order_notes,,needs_review,,,,,,,Y,,Y,NO_SAMPLE_QUANTITY_FOUND,cut,2024-06-03,2024-06-04,1.00,9.00,0.00,481903|063105,2,4.00,0.00,2,"PLEASE SEND 2 CUTS OF THE CRYSTAL VALLEY 5"" MAPLE NATURAL AMBER. NM NO CHARGE PER BRAD. | 1 PACKAGE EG//KA//CG"
481940,680455,2024-06-04,20,sample chip,parsed_from_order_notes,2,parsed_from_order_notes,number_before_sample_chip_times_2_listed_items; number_before_generic_sample_times_2_listed_items,CHIP,,1269,,,Y,,Y,EACH_PATTERN_MULTIPLIED_BY_LISTED_ITEMS,sample,2024-06-03,2024-06-04,1.00,6.00,0.00,481940|680455,1,1.00,0.00,4,SEND UPS GROUND NO CHARGE. 1 PACKAGE | EG//KA//CG | 1 SAMPLE CHIP EACH COLOR: -DOMA SELECT 7 1/2 | -VOLTO 7 1/2 -DOMA SELECT 9 1/2
482183,680408,2024-06-04,INT110,sample chip,parsed_from_order_notes,,needs_review,,CHIP,,1271,,,Y,,Y,NO_SAMPLE_QUANTITY_FOUND,sample,2024-06-04,2024-06-04,1.00,1.00,0.00,482183|680408,1,1.00,0.00,3,S/M: DAVID 6/4 NO CHARGE FOR GROUND SHIPPING FOR SAMPLE CHIPS -MG | 1 PACKAGE EG//KA//CG | ***SEND SAMPLE CHIPS OF*** ALLORA: DOMA SELECT 7.5
482298,680530,2024-06-05,HAR166,sample chip,parsed_from_order_notes,,needs_review,,,,,,,,,Y,NO_SAMPLE_QUANTITY_FOUND,cut,2024-06-04,2024-06-05,1.00,1.00,0.00,482298|680530,1,2.00,0.00,3,6.4: OK ER JP // CRAIG 775.856.1800 1 PACKAGE | EG//KA//RP//MH | CUTS
482557,063131,2024-06-05,KOA100,sample chip,parsed_from_order_notes,,needs_review,,,,,,,Y,,Y,NO_SAMPLE_QUANTITY_FOUND,cut,2024-06-05,2024-06-05,1.00,9.00,0.00,482557|063131,1,2.00,0.00,2,6/5 PLEASE SEND 2 CUTS OF THE COMPETITION BUSTER: HICKORY ANTIQUE. NO CHARGE PER BRAD NM | 1 PACKAGE EG//KA//CG
482577,680673,2024-06-06,DAN124,sample chip,parsed_from_order_notes,,needs_review,,,,,,,,,Y,NO_SAMPLE_QUANTITY_FOUND,sample,2024-06-05,2024-06-06,1.00,4.00,0.00,482577|680673,8,8.00,0.00,6,GOING OUT FOR 06/06 1 BOX | EG//KA//CG | **** SAMPLE CHIPS*** | *** SAMPLE CHIP*** | ** SAMPLE CHIPS** | *** SAMPLE CHIPS**
483204,063240,2024-06-10,PAT110,sample chip,parsed_from_order_notes,,needs_review,,,,,,,Y,,Y,NO_SAMPLE_QUANTITY_FOUND,cut,2024-06-07,2024-06-10,1.00,9.00,0.00,483204|063240,1,2.00,0.00,2,PLEASE SEND 2 CUTS OF HICKORY NATURAL/NO CHARGE PER BRAD. GNSS | 1 PACKAGE EG//KA//CG
483362,681021,2024-06-10,10,sample chip,parsed_from_order_notes,,needs_review,,,,,,,,,Y,NO_SAMPLE_QUANTITY_FOUND,sample,2024-06-07,2024-06-10,1.00,4.00,0.00,483362|681021,1,1.00,0.00,2,SAMPLE CHIPS 1 PACKAGE | EG//KA//CG
483934,681141,2024-06-11,S&G100,sample panel; sample chip,parsed_from_order_notes,,needs_review,,,,,,,,,Y,MULTIPLE_SAMPLE_TYPES; NO_SAMPLE_QUANTITY_FOUND,cut,2024-06-10,2024-06-11,1.00,1.00,0.00,483934|681141,1,4.00,0.00,4,6.10: WAREHOUSE DELIVERY ***REPRINT MATERIAL ADDED ** | 1 PACKAGE EG//KA//JS | GNII - HICKORY NATURAL SMOOTH CUTS GNII-  HICKORY CHATEAU SMOOTH CUTS | ** PLS SEND FULL BOARDS IF AVAILABLE // IF NOT CUTS OK **
484113,681144,2024-06-11,SAU115,sample chip,parsed_from_order_notes,,needs_review,,CHIP,,2250,,,,,Y,NO_SAMPLE_QUANTITY_FOUND,sample,2024-06-11,2024-06-11,1.00,1.00,0.00,484113|681144,1,1.00,0.00,3,"6/11 NO UPS GROUND CHARGE FOR SAMPLES 1 PACKAGE | EG//KA//JS | 2 CHIPS OF EA: BRONZE, UMBER ,"
484138,681153,2024-06-11,VIC103,sample chip,parsed_from_order_notes,,needs_review,,CHIP,,1254,,,Y,,Y,NO_SAMPLE_QUANTITY_FOUND,sample,2024-06-11,2024-06-11,1.00,1.00,0.00,484138|681153,1,1.00,0.00,3,"S/M: BERG 6/11 NO CHARGE FOR SAMPLE CHIPS VIA GROUND SHIPPING -MG | 1 PACKAGE EG//KA//JS | ***SEND OUT 2PCS*** CRYSTAL VALLY: W/O ENG 5"" PRAIRIE WHEAT (1/2"""
484492,063291,2024-06-12,CAL113,sample chip,parsed_from_order_notes,,needs_review,,,,,,,Y,,Y,NO_SAMPLE_QUANTITY_FOUND,cut,2024-06-12,2024-06-12,1.00,9.00,0.00,484492|063291,1,1.00,0.00,2,PLEASE SEND 2 CUTS OF GARRISON II DISTRESSED AND SMOOTH HICKORY NATURAL. NO CHARGE PER BRAD NM | 1 PACKAGE EG//KA//CG
484867,681448,2024-06-13,20,sample chip,parsed_from_order_notes,,needs_review,,,,1588,,,,,Y,NO_SAMPLE_QUANTITY_FOUND,sample,2024-06-13,2024-06-13,1.00,1.00,0.00,484867|681448,1,1.00,0.00,2,"ONE OF EACH SAMPLE: HICKORY NATURAL DISTRESSED, BEAUFORT, CHATEAU DISTRESSED | 1 PACKAGE EG//KA//CG"
485676,063427,2024-06-17,COR122,sample chip,parsed_from_order_notes,,needs_review,,,,,,,Y,,Y,NO_SAMPLE_QUANTITY_FOUND,sample,2024-06-17,2024-06-17,1.00,9.00,0.00,485676|063427,1,1.00,0.00,3,NO CHARGE // 1 PACKAGE | EG//RP//MH | 2 GNSS SMOOTH HICKORY NATURAL SAMPLE CHIPS
485877,682016,2024-06-17,OMP000,sample chip,parsed_from_order_notes,,needs_review,,,,,,,,,Y,NO_SAMPLE_QUANTITY_FOUND,sample,2024-06-17,2024-06-17,1.00,1.00,0.00,485877|682016,1,1.00,0.00,3,"MUST SHIP UPS OR FEDEX - NO USPS! COLLECT ITEM FROM DILAN / PURCHASING | 1 PACKAGE EG//MH | APPROX 15.5MM STAIRNOSE SAMPLE FOR 5/8"" FLOORING"
486362,682140,2024-06-19,PAL113,sample chip,parsed_from_order_notes,,needs_review,,,,,,,,,Y,NO_SAMPLE_QUANTITY_FOUND,cut,2024-06-18,2024-06-19,1.00,1.00,0.00,486362|682140,1,2.00,0.00,3,OK PER JP WAREHOUSE DELIVERY 1 BOX | EG//RP//CG | BH- CANON CUTS VG - VERONA CUTS
486397,682131,2024-06-19,EZE100,sample chip,parsed_from_order_notes,,needs_review,,,,,,,,,Y,NO_SAMPLE_QUANTITY_FOUND,sample,2024-06-18,2024-06-19,1.00,4.00,0.00,486397|682131,5,5.00,0.00,3,DELIVERY FOR 06/18 1 BOX | EG//RP//CG | *** SAMPLE CHIP**
486543,063465,2024-06-19,PRO236,sample chip,parsed_from_order_notes,,needs_review,,,,,,,Y,,Y,NO_SAMPLE_QUANTITY_FOUND,cut,2024-06-19,2024-06-19,1.00,9.00,0.00,486543|063465,1,2.00,0.00,2,PLEASE SEND 2 CUTS OF THE VINEYARD CHABLIS. NO CHARGE PER BRAD NM | 1 PACKAGE EG//RP//CG
486621,682142,2024-06-19,20,sample chip,parsed_from_order_notes,,needs_review,,,,1585,,,,,Y,NO_SAMPLE_QUANTITY_FOUND,sample,2024-06-19,2024-06-19,1.00,1.00,0.00,486621|682142,1,1.00,0.00,2,"ONE OF EACH SAMPLE: DOMA SELECT 7.5"", VOLTO 7.5"" 1 PACKAGE | EG//RP//CG"
486177,682242,2024-06-20,OMP000,sample chip,parsed_from_order_notes,,needs_review,number_before_generic_sample,,,,327.17,single_dollar_amount_in_order_notes,,327.17,Y,MULTIPLE_QUANTITY_CANDIDATES_REVIEW_REQUIRED; VERIFY_AMOUNT_IS_FREIGHT_OR_SAMPLE_COST,pieces; sample,2024-06-18,2024-06-20,1.00,1.00,0.00,486177|682242,3,8.00,0.00,8,"MUST USE FEDEX - NO OTHER CARRIER. SAMPLES HEADING VIETNAM VIETNAM LECHEN FLOOR CO., LTD. | KHU CONG NGHIEP THANH BINH, XA THANH HUYEN CHO MOI, TINH BAC, CAN, BAC CAN, CHO MOI-THANH BINH COMMUNE, | VIETNAM. ZIP. 35000 CONT: POPPY | TEL: +84868825893 EMAIL: POPPY@LECHENVIETNAMFLOORING.COM | FED-EX $327.17 (2-LBS) RP//AA ( 1 BOX ) | 3 SAMPLE PIECES @ 9/16 X 7.5"" X 9.5"" L | 2 SAMPLE PIECES @ 5/8"" X 7.5"" X 7"" L | 3 SAMPLE PIECES @ 1/2"" X 7.5"" X 7"" L"
486812,682249,2024-06-20,VIC103,sample chip,parsed_from_order_notes,,needs_review,,,,,,,,,Y,NO_SAMPLE_QUANTITY_FOUND,sample,2024-06-19,2024-06-20,1.00,1.00,0.00,486812|682249,1,1.00,0.00,6,"06.19 UPS GROUND NO DLV FEE - MN 831-662-3000 | 1 BOX EG//ES | 2 SAMPLES MAPLE 5"" LATTE DISTRESSED | 3/8 X 5 DIST BIRCH HARVEST 3/8 X 5 DIST BIRCH SPICE | WALNUT 5"" ANTIQUE DISTRESSED MAPLE 5"" SYRUP DISTRESSED | 3/8 X 5 DIST BIRCH CHESTNUT"
486627,682518,2024-06-21,CAR153,sample chip,parsed_from_order_notes,8,parsed_from_order_notes,number_before_sample_chip_times_2_listed_items; number_before_generic_sample_times_2_listed_items,,,,,,Y,,Y,EACH_PATTERN_MULTIPLIED_BY_LISTED_ITEMS,sample,2024-06-19,2024-06-21,1.00,1.00,0.00,486627|682518,1,1.00,0.00,3,06/21 NO CHARGE FOR UPS GROUND DLV // DG 1 BOX | EG//RP//CG | PLEASE SEND 4 SAMPLE CHIPS OF EACH: CLIFFSIDE WHITECAP AND CLIFFSIDE COOLMIST
486978,682521,2024-06-21,COP100,sample panel; sample chip,parsed_from_order_notes,2,parsed_from_order_notes,number_before_sample_chip; number_before_generic_sample,CHIP,,1234,,,Y,,Y,MULTIPLE_SAMPLE_TYPES,sample; plank,2024-06-20,2024-06-21,1.00,6.00,0.00,486978|682521,1,1.00,0.00,3,SEND UPS GROUND NO CHARGE ATTN:ALEX 480-500-5690 EG//ES ( 1 BOX ) | SEND 2 SAMPLE CHIPS FRENCH CONNECTION VINTAGE WHITE WASH | IN THE CHEVRON AND STRAIGHT PLANK
487374,682519,2024-06-21,CAR272,sample chip,parsed_from_order_notes,,needs_review,,,,,,,,,Y,NO_SAMPLE_QUANTITY_FOUND,sample,2024-06-21,2024-06-21,1.00,1.00,0.00,487374|682519,1,1.00,0.00,3,6/21 NO COST FOR GROUND SHIPING FOR SAMPLE CHIPS -MG 1 PACKAGE | EG//RP//CG | ***SEND 3PCS*** FRENCH CONNECTION: COGNAC
488624,683020,2024-06-26,20,sample chip,parsed_from_order_notes,,needs_review,,,,,,,Y,,Y,NO_SAMPLE_QUANTITY_FOUND,sample,2024-06-26,2024-06-26,1.00,1.00,0.00,488624|683020,1,1.00,0.00,4,6/26 NO CHARGE FOR SAMPLE CHIPS VIA GROUND SHIPPING -MG 1 PACKAGE | EG//RP//CG | ***SEND SAMPLE CHIPS*** EXOTICS: ACACIA NATURAL | BLACK WALNUT
489022,343740,2024-06-28,TIL120,sample chip,parsed_from_order_notes,,needs_review,number_before_sample_chip; number_before_generic_sample; number_before_pcs,,,,,,,,Y,MULTIPLE_QUANTITY_CANDIDATES_REVIEW_REQUIRED,pcs; sample,2024-06-27,2024-06-28,1.00,3.00,0.00,489022|343740,1,1.00,0.00,3,06/27 SAMPLES CHIPS AT NO COST VIA UPS // SE 1 PACKAGE | EG//RP//CG | 3 PCS OF: - UNFINISHED RED OAK 3/4 X 2 1/4
489314,063681,2024-06-28,PRO099,sample chip,parsed_from_order_notes,,needs_review,,,,,,,Y,,Y,NO_SAMPLE_QUANTITY_FOUND,cut,2024-06-28,2024-06-28,1.00,9.00,0.00,489314|063681,1,2.00,0.00,2,PLEASE SEND 2 CUTS OF THE VINEYARD CHABLIS. NO CHARGE PER BRAD. NM | 1 PACKAGE EG//RP//CG
489840,683545,2024-07-01,MON134,sample chip,parsed_from_order_notes,,needs_review,,CHIP,,2243,,,,,Y,NO_SAMPLE_QUANTITY_FOUND,sample,2024-07-01,2024-07-01,1.00,1.00,0.00,489840|683545,1,1.00,0.00,3,7/1: NO UPS GROUND CHARGE FOR SAMPLES 1 PACKAGE | RP//KA//CG | 2 CHIPS OF UNF. ALLORA
489973,063732,2024-07-02,CAL168,sample chip,parsed_from_order_notes,,needs_review,,,,,,,Y,,Y,NO_SAMPLE_QUANTITY_FOUND,cut,2024-07-01,2024-07-02,1.00,9.00,0.00,489973|063732,1,1.00,0.00,2,*PLEASE SEND 2 CUTS OF THE DUSK & BEAM NO CHARGE PER BRAD. NM | 1 PACKAGE EG//KA//CG
490003,063733,2024-07-02,COR122,sample chip,parsed_from_order_notes,,needs_review,,,,,,,Y,,Y,NO_SAMPLE_QUANTITY_FOUND,cut,2024-07-01,2024-07-02,1.00,9.00,0.00,490003|063733,1,2.00,0.00,2,PLEASE SEND 2 CUTS OF THE DOMA CHACTER 7.5 NO CHARGE PER BRAD NM | 1 PACKAGE EG//KA//CG
490328,683719,2024-07-02,20,sample chip,parsed_from_order_notes,,needs_review,,,,1582,,,,,Y,NO_SAMPLE_QUANTITY_FOUND,sample,2024-07-02,2024-07-02,1.00,1.00,0.00,490328|683719,1,1.00,0.00,2,"ONE OF EACH SAMPLE: CATANIA, COGNAC, LIVORNO 1 PACKAGE | EG//KA//CG"
490854,684036,2024-07-05,CAP114,sample chip,parsed_from_order_notes,,needs_review,,,,,,,,,Y,NO_SAMPLE_QUANTITY_FOUND,sample,2024-07-03,2024-07-05,1.00,4.00,0.00,490854|684036,2,4.00,0.00,2,SAMPLE CHIPS 1 PACKAGE | EG//KA//CG
490954,684046,2024-07-05,OMP000,sample chip,parsed_from_order_notes,,needs_review,,,,,,,,,Y,NO_SAMPLE_QUANTITY_FOUND,sample,2024-07-05,2024-07-05,1.00,1.00,0.00,490954|684046,1,1.00,0.00,3,"WAREHOUSE: PLEASE COLLECT SAMPLE FROM DILAN / PURCHAISNG 1 PACKAGE | EG//KA//CG | REFERENCE FOR OMP 9/16"" NOSING FOR FINISHING"
491047,684219,2024-07-08,ROY118,sample chip,parsed_from_order_notes,,needs_review,,,,,,,,,Y,NO_SAMPLE_QUANTITY_FOUND,cut,2024-07-05,2024-07-08,1.00,1.00,0.00,491047|684219,1,2.00,0.00,3,7.5: OK PE HP NO COST TONYA 805-203-2200  BTB | 1 PACKAGE EG//KA//CG | NP- DEL MAR CUTS NP - SHELL BEACH CUTS
491391,344008,2024-07-09,DAL100,sample chip,parsed_from_order_notes,24,parsed_from_order_notes,number_before_sample_chip_times_3_listed_items; number_before_generic_sample_times_3_listed_items,,,,,,,,Y,EACH_PATTERN_MULTIPLIED_BY_LISTED_ITEMS,sample,2024-07-08,2024-07-09,1.00,3.00,0.00,491391|344008,1,1.00,0.00,4,"07/08 SAMPLES CHIPS AT NO COST VIA UPS // SE 1 PACKAGE | EG//KA//CG | TWO SAMPLES OF EACH ONE: -CRYSTAL VAL. R/O ENG 3-1/4"" NATURAL (1/2"") | -CRYSTAL VAL. R/O ENG 5"" NATURAL 2.2M (1/2"")"
492261,684536,2024-07-10,WHO105,sample chip,parsed_from_order_notes,,needs_review,,,,,,,,,Y,NO_SAMPLE_QUANTITY_FOUND,cut,2024-07-10,2024-07-10,1.00,1.00,0.00,492261|684536,1,2.00,0.00,4,7.10:WAREHOUSE DELIVERY // VICTOR 650.654.8880 1 BOX | EG//KA//CG | GNII- MAPLE SYRUP DISTRESSED CUTS GNII- MAPLE CHESTNUT DISTRESSED CUTS | GNII- MAPLE LATTE DISTRESSED CUTS GNII-  MAPLE WHEAT DISTRESSED CUTS
492350,684519,2024-07-10,DFS100,sample chip,parsed_from_order_notes,,needs_review,,,,,,,Y,,Y,NO_SAMPLE_QUANTITY_FOUND,sample,2024-07-10,2024-07-10,1.00,1.00,0.00,492350|684519,1,1.00,0.00,3,07/10 SENDING SAMPLES VIA UPS GROUND  NO CHARGE VIA GROUND ATTN: JOHN | 1 PACKAGE EG//KA//CG | PLEASE SEND 3 CHIPS OF CONTRACTORS CHOICE RED OAK 2 1/4
492347,684664,2024-07-11,DFS100,sample chip,parsed_from_order_notes,,needs_review,,,,,,,Y,,Y,NO_SAMPLE_QUANTITY_FOUND,sample,2024-07-10,2024-07-11,1.00,1.00,0.00,492347|684664,1,1.00,0.00,4,"07.10 UPS GROUND NO DLV CHARGE SAMPLES - MN 1 PACKAGE | EG//KA//CG | 2 CHIPS W/O ENG 3-1/4"" NATURAL | 5/8 X 2-1/4 PREMIUM W/O S.E"
492829,684843,2024-07-12,AEG100,sample chip,parsed_from_order_notes,,needs_review,,,,,,,,,Y,NO_SAMPLE_QUANTITY_FOUND,sample,2024-07-11,2024-07-12,1.00,4.00,0.00,492829|684843,1,1.00,0.00,2,SAMPLE CHIPS 1 PACKAGE | EG//KA//CG
492832,063926,2024-07-12,AVE101,sample chip,parsed_from_order_notes,,needs_review,,,,,,,Y,,Y,NO_SAMPLE_QUANTITY_FOUND,cut,2024-07-11,2024-07-12,1.00,9.00,0.00,492832|063926,1,2.00,0.00,2,PLEASE SEND 2 CUTS OF THE STRADA SELECT. NO CHARGE PER BRAD. NM | 1 PACKAGE EG//KA//CG
492856,684855,2024-07-12,MAN122,sample chip,parsed_from_order_notes,,needs_review,,CHIP,,2238,,,Y,,Y,NO_SAMPLE_QUANTITY_FOUND,sample,2024-07-11,2024-07-12,1.00,1.00,0.00,492856|684855,1,1.00,0.00,4,7/11 NO CHARGE FOR SAMPLE CHIPS VIA GROUND SHIPPING -MG 1 PACKAGE | EG//KA//CG | ***PLEASE SEND OUT 2CHIPS*** AQUABLUE: RIVER ROCK WASH | ELEMENTS: STEEL
80,500074,2024-07-15,GRE137,sample panel; sample chip,parsed_from_order_notes,,needs_review,,,,,389.24,single_dollar_amount_in_order_notes,,389.24,Y,MULTIPLE_SAMPLE_TYPES; NO_SAMPLE_QUANTITY_FOUND; VERIFY_AMOUNT_IS_FREIGHT_OR_SAMPLE_COST,pcs; cut; plank,2024-07-12,2024-07-15,1.00,50.00,0.00,80|500074,1,4.00,0.00,5,"3F, KD CENTER, 355 HYORYEONG- RO, SEOCHO-GU, SEOUL, KOREA ZIP: 06643 | ATTENTION: SOJUNG BYUN T: +82 2 820 7687 | M: +82 10 8526 9335 EG//TA ( 1 BOX ) | FED-EX $389.24 | 4-PCS @ 30"" (2 FULL PLANKS CUT IN HALF)"
493600,685042,2024-07-15,20,sample chip,parsed_from_order_notes,,needs_review,,,,1580,,,,,Y,NO_SAMPLE_QUANTITY_FOUND,sample,2024-07-15,2024-07-15,1.00,1.00,0.00,493600|685042,1,1.00,0.00,2,"ONE OF EACH SAMPLE: CHATEAU SMOOTH, CHATEAU DISTRESSED, WHEAT SMOOTH, WHEAT DISTRESSED, COASTAL BREEZE | EG//KA//CG ( 1 PKG )"
493695,685039,2024-07-15,WES143,sample chip,parsed_from_order_notes,4,parsed_from_order_notes,number_before_sample_chip_times_4_listed_items; number_before_generic_sample_times_4_listed_items,CHIP,,1186,,,Y,,Y,EACH_PATTERN_MULTIPLIED_BY_LISTED_ITEMS,sample,2024-07-15,2024-07-15,1.00,6.00,0.00,493695|685039,1,1.00,0.00,4,"SEND UPS GROUND NO CHARGE. DAN 310-770-6112 KA // CG [ 1 PKG ] | 1 SAMPLE CHIP EACH COLOR: - SHELL BEACH | - LAGUNA BEACH - BEACH BLONDE | - DOMA 7 1/2"" CHARACTER"
493812,685197,2024-07-16,RED109,sample chip,parsed_from_order_notes,,needs_review,,,,,,,,,Y,NO_SAMPLE_QUANTITY_FOUND,cut,2024-07-15,2024-07-16,1.00,1.00,0.00,493812|685197,1,1.00,0.00,3,"TAMIVH 805.807.3604 RESIDENTIAL DELIVERY 1 BOX | RP//KA//CG | PRIVATE SELECTION - 1 OF EACH NOVA- LUNA, ASTRO, STARDUST CUTS"
494917,685544,2024-07-18,BAS105,sample chip,parsed_from_order_notes,,needs_review,,,,2235,,,,,Y,NO_SAMPLE_QUANTITY_FOUND,cut,2024-07-18,2024-07-18,1.00,1.00,0.00,494917|685544,1,2.00,0.00,2,NO COST // RESIDENTIAL DELIVERY KA // CG [ 1 PKG ] | BH- RODEO CUTS CLIFFSIDE - WARM SAND CUTS
494610,685753,2024-07-19,CLP100,sample chip,parsed_from_order_notes,,needs_review,,,,,3566.09,single_dollar_amount_in_order_notes,,3566.09,Y,NO_SAMPLE_QUANTITY_FOUND; VERIFY_AMOUNT_IS_FREIGHT_OR_SAMPLE_COST,cut,2024-07-17,2024-07-19,1.00,1.00,0.00,494610|685753,1,1.00,0.00,5,07.17 DRIVER TO COLLECT CHECK UPON DLV $3566.09 CROSS CHECK B2B W/FORKLIFT  CONTACT: SCOTT THOMPSON : 951.892.5095 | HOURS 10AM - 4PM MATERIAL FROM SANTA ANA TR# 494495 (NONSTOCK 1) | JS//EC//MH ( 1 PLT / 2 BXS / 1 BND ) | 26 CTNS @ 29.53 SF = 767.78 SF ( 26 X 57173 ) | RETURNING CUSTOMER'S NOSING - CUT NOSING
494978,685751,2024-07-19,BAS105,sample chip,parsed_from_order_notes,,needs_review,,,,2234,,,,,Y,NO_SAMPLE_QUANTITY_FOUND,cut,2024-07-18,2024-07-19,1.00,1.00,0.00,494978|685751,1,2.00,0.00,3,TERRY 530.582.7428 BTB 1 PACKAGE | EG//KA//CG | VG- LA BELLE CUTS
495051,685757,2024-07-19,EST109,sample chip,parsed_from_order_notes,,needs_review,,,,,,,Y,,Y,NO_SAMPLE_QUANTITY_FOUND,sample,2024-07-18,2024-07-19,1.00,1.00,0.00,495051|685757,1,1.00,0.00,3,7/18 NO CHARGE FOR GROUND SHIP FOR SAMPLE CHIPS -MG 1 PACKAGE | EG//KA//CG | ***SEND 2PCS*** NEWPORT: DEL MAR
495298,344374,2024-07-19,EZR101,sample chip,parsed_from_order_notes,,needs_review,number_before_generic_sample_times_2_listed_items; number_before_generic_sample,CHIP,,1174,,,,,Y,EACH_PATTERN_MULTIPLIED_BY_LISTED_ITEMS; MULTIPLE_QUANTITY_CANDIDATES_REVIEW_REQUIRED,sample,2024-07-19,2024-07-19,1.00,3.00,0.00,495298|344374,1,1.00,0.00,4,"07/19 SAMPLES CHIP AT NO COST VIA UPS //// SE 1 BOX | EG//KA//CG | PLESE SEND 3 SAMPLES OF EACH COLOR: 3 SAMPLES: GFCSW7501 WALNUT 7.5"" NATURAL CLIFFSIDE | 3 SAMPLES: GFFCOB7167 CAFFE FRENCH CONNECTION 3 SAMPLES: GHEXA5146 ACACIA DIST. BRONZE DISTRESS"
495451,685971,2024-07-22,GRA118,sample chip,parsed_from_order_notes,,needs_review,,,,,,,,,Y,NO_SAMPLE_QUANTITY_FOUND,sample,2024-07-19,2024-07-22,1.00,1.00,0.00,495451|685971,1,1.00,0.00,2,7/19: NO UPS GROUND CHARGE FOR SAMPLES TONY 831-372-0521 | 1 BOX EG//KA//CG
495656,685979,2024-07-22,20,sample chip,parsed_from_order_notes,,needs_review,,,,2297,,,,,Y,NO_SAMPLE_QUANTITY_FOUND,sample,2024-07-22,2024-07-22,1.00,1.00,0.00,495656|685979,1,2.00,0.00,2,TWO SAMPLES OF ROMANTIQUE TO SHOW VARIATION 1 PACKAGE | EG//KA//CG
495657,685980,2024-07-22,20,sample chip,parsed_from_order_notes,,needs_review,,,,1578,,,,,Y,NO_SAMPLE_QUANTITY_FOUND,sample,2024-07-22,2024-07-22,1.00,1.00,0.00,495657|685980,1,1.00,0.00,2,"ONE OF EACH SAMPLE: CANEWOOD, COGNAC, VINTAGE WHITE WASH 1 PACKAGE | EG//KA//CG"
495848,685898,2024-07-22,D&B100,sample chip,parsed_from_order_notes,,needs_review,,,,,,multiple_dollar_amounts_needs_review,,234.69; 50.35,Y,NO_SAMPLE_QUANTITY_FOUND; MULTIPLE_DOLLAR_AMOUNTS_REVIEW_REQUIRED,sample; cut,2024-07-22,2024-07-22,1.00,1.00,0.00,495848|685898,1,2.00,0.00,2,7.22:AM****7007 EXP:09/27 $234.69/$50.35 AR | SAMPLE CUTS
496440,686137,2024-07-23,NEW126,sample chip,parsed_from_order_notes,,needs_review,,,,,,,,,Y,NO_SAMPLE_QUANTITY_FOUND,sample,2024-07-23,2024-07-23,1.00,1.00,0.00,496440|686137,1,1.00,0.00,4,7/23: NO UPS GROUND CHARGE FOR SAMPLES// OK TO SHIP 7/26 PER CG | 2 BOXES EG//KA//CG | TRACKING #1Z9380460333666351 | *CG HAS *
496903,686428,2024-07-25,SOC115,sample chip,parsed_from_order_notes,,needs_review,,,,,,,,,Y,NO_SAMPLE_QUANTITY_FOUND,sample,2024-07-24,2024-07-25,1.00,4.00,0.00,496903|686428,1,2.00,0.00,3,SAMPLE CHIPS 1 PACKAGE | EG//KA//CG | SAMPLE CHIPS
497262,686657,2024-07-26,CRA101,sample chip,parsed_from_order_notes,,needs_review,,,,2233,,,,,Y,NO_SAMPLE_QUANTITY_FOUND,sample,2024-07-25,2024-07-26,1.00,1.00,0.00,497262|686657,1,1.00,0.00,3,"7/25: NO UPS GROUND CHARGE FOR SAMPLES 1 PACKAGE | EG//KA//CG | 3PCS CONT. CHOICE 7"" WALNUT"
497842,686851,2024-07-29,20,sample chip,parsed_from_order_notes,,needs_review,,,,2296,,,,,Y,NO_SAMPLE_QUANTITY_FOUND,sample,2024-07-28,2024-07-29,1.00,1.00,0.00,497842|686851,1,2.00,0.00,2,"TWO SAMPLES OF MAPLE AMBER 5"" TO SHOW VARIATION 1 PACKAGE | EG//KA//CG"
497846,686852,2024-07-29,20,sample chip,parsed_from_order_notes,,needs_review,,,,1574,,,,,Y,NO_SAMPLE_QUANTITY_FOUND,sample,2024-07-28,2024-07-29,1.00,1.00,0.00,497846|686852,1,1.00,0.00,2,"ONE OF EACH SAMPLE: LUNA 9 1/2"" 1 PACKAGE | EG//KA//CG"
495222,687051,2024-07-30,PAC125,sample set; sample chip,parsed_from_order_notes,19,parsed_from_order_notes,number_before_sample_set; number_before_generic_sample,,,,,,,,Y,MULTIPLE_SAMPLE_TYPES,sample,2024-07-19,2024-07-30,1.00,1.00,0.00,495222|687051,1,1.00,0.00,3,07.19 SAMPLE SET/ HANDSET - MN UPS GROUND FLOOR DLV | 1 BOX EG//KA//CG | ALLORA COLLECTION CHIPS
498137,687057,2024-07-30,10,sample chip,parsed_from_order_notes,,needs_review,,,,,,,,,Y,NO_SAMPLE_QUANTITY_FOUND,sample,2024-07-29,2024-07-30,1.00,4.00,0.00,498137|687057,3,3.00,0.00,2,SAMPLE CHIPS 1 PACKAGE | EG//KA//CG
498441,687058,2024-07-30,10,sample chip,parsed_from_order_notes,,needs_review,,,,,,,,,Y,NO_SAMPLE_QUANTITY_FOUND,sample,2024-07-30,2024-07-30,1.00,4.00,0.00,498441|687058,4,4.00,0.00,2,SAMPLE CHIPS 1 PACKAGE | EG//KA//CG
498641,687244,2024-07-31,TIL136,sample chip,parsed_from_order_notes,,needs_review,,CHIP,,2232,,,Y,,Y,NO_SAMPLE_QUANTITY_FOUND,sample,2024-07-30,2024-07-31,1.00,1.00,0.00,498641|687244,1,1.00,0.00,4,7/30 NO CHARGE FOR SAMPLE CHIPS VIA GROUND SHIPPING -MG 1 PACKAGE | EG//KA//CG | **PLEASE SEND 2CHPS*** GII SMOOTH: ESPRESSO | WALNUT NATURAL WALNUT ANTIQUE
498645,687246,2024-07-31,20,sample chip,parsed_from_order_notes,,needs_review,,,,2300,,,,,Y,NO_SAMPLE_QUANTITY_FOUND,sample,2024-07-30,2024-07-31,1.00,1.00,0.00,498645|687246,1,2.00,0.00,2,TWO SAMPLES OF PEBBLE BEACH TO SHOW VARIATION 1 PACKAGE | EG//KA//CG
498997,344773,2024-07-31,EZR101,sample chip,parsed_from_order_notes,,needs_review,number_before_generic_sample_times_2_listed_items; number_before_generic_sample,CHIP,,1144,,,,,Y,EACH_PATTERN_MULTIPLIED_BY_LISTED_ITEMS; MULTIPLE_QUANTITY_CANDIDATES_REVIEW_REQUIRED,sample,2024-07-31,2024-07-31,1.00,3.00,0.00,498997|344773,1,1.00,0.00,4,"07/31 SAMPLES CHIP AT NO COST VIA UPS //// SE 1 BOX | EG//KA//CG | PLESE SEND 3 SAMPLES OF EACH COLOR: 3 SAMPLES: GFCSW7501 WALNUT 7.5"" NATURAL CLIFFSIDE | 3 SAMPLES: GFFCOB7167 CAFFE FRENCH CONNECTION 3 SAMPLES: GHEXA5146 ACACIA DIST. BRONZE DISTRESS"
499009,687238,2024-07-31,NAT105,sample chip,parsed_from_order_notes,6,parsed_from_order_notes,number_before_sample_chip_times_3_listed_items; number_before_generic_sample_times_3_listed_items,CHIP,,1145,,,,,Y,EACH_PATTERN_MULTIPLIED_BY_LISTED_ITEMS,sample,2024-07-31,2024-07-31,1.00,6.00,0.00,499009|687238,1,1.00,0.00,4,"***SHIP UPS OVERNIGHT/NEXT DAY*** O/A * B2B   ANDREW  801-977-1171*  SHIPPING TO ADD FREIGHT* | 1 BOX EG//KA//CG | 2 SAMPLE CHIPS EACH COLOR: -GNPSO85801         EURO OAK 8-5/8"" MIRAGE | -GNDVO702           EURO OAK 7.5"" CARRERA -GHNPO207           EUR.OAK 7.5"" SHELL BEACH (1/2"")"
499357,687378,2024-08-01,GLE100,sample chip,parsed_from_order_notes,,needs_review,,,,,,,,,Y,NO_SAMPLE_QUANTITY_FOUND,cut,2024-08-01,2024-08-01,1.00,1.00,0.00,499357|687378,1,3.00,0.00,4,8.1: DAVID  626.335.1311 - BTB MON- FRI 9-3 1 BOX | EG//KA//CG | ACACIA BRONZE CUTS ACACIA GOLD CUTS | ACACIA NATURAL CUTS
499346,687559,2024-08-02,20,sample panel; sample chip,parsed_from_order_notes,2,parsed_from_order_notes,number_before_sample_chip; number_before_generic_sample,CHIP,,1142,,,Y,,Y,MULTIPLE_SAMPLE_TYPES,sample; plank,2024-08-01,2024-08-02,1.00,6.00,0.00,499346|687559,1,1.00,0.00,3,SEND UPS GROUND NO CHARGE ATTN:LEXA 630-532-0823 1 PACKAGE | EG//KA//CG | SEND 2 SAMPLE CHIPS EUROPEAN OAK NESSO PLANK
499418,064361,2024-08-02,PAC122,sample chip,parsed_from_order_notes,,needs_review,,,,,,,Y,,Y,NO_SAMPLE_QUANTITY_FOUND,sample,2024-08-01,2024-08-02,1.00,9.00,0.00,499418|064361,1,4.00,0.00,2,8/1 PLEASE SEND 4 SAMPLES OF THE NEBULA NO CHARGE PER BRAD. 1 PACKAGE | EG//KA//CG
499518,064358,2024-08-02,A&R102,sample chip,parsed_from_order_notes,,needs_review,,,,,,,Y,,Y,NO_SAMPLE_QUANTITY_FOUND,cut,2024-08-01,2024-08-02,1.00,9.00,0.00,499518|064358,1,2.00,0.00,2,8/1 NO CHARGE PER BRAD/PLEASE SEND 2 CUTS OF ACACIA NATURAL 1 PACKAGE | EG//KA//CG
499721,687548,2024-08-02,DIG102,sample chip,parsed_from_order_notes,,needs_review,,,,,,,Y,,Y,NO_SAMPLE_QUANTITY_FOUND,sample; cut,2024-08-02,2024-08-02,1.00,1.00,0.00,499721|687548,1,2.00,0.00,2,8.2: NO CHARGE SAMPLE CUTS // PAUL 510.809.5883  BTB | 1 PACKAGE EG//KA//CG
500058,687771,2024-08-05,20,sample chip,parsed_from_order_notes,,needs_review,,,,1572,,,,,Y,NO_SAMPLE_QUANTITY_FOUND,sample,2024-08-04,2024-08-05,1.00,1.00,0.00,500058|687771,1,1.00,0.00,2,"ONE OF EACH SAMPLE: TWILIGHT, NEBULA 1 PACKAGE | EG//KA//CG"
500372,687923,2024-08-06,20,sample chip,parsed_from_order_notes,,needs_review,,,,,,,,,Y,NO_SAMPLE_QUANTITY_FOUND,sample; cut,2024-08-05,2024-08-06,1.00,1.00,0.00,500372|687923,1,2.00,0.00,3,8.5: NO COST SAMPLES 1 PACKAGE | EG//KA//CG | GNII- MAPLE WHEAT DIS  CUTS GNII - MAPLE SYRUP DIS CUTS
500427,687915,2024-08-06,PRO239,sample chip,parsed_from_order_notes,,needs_review,,,,,,,,,Y,NO_SAMPLE_QUANTITY_FOUND,cut,2024-08-05,2024-08-06,1.00,1.00,0.00,500427|687915,1,2.00,0.00,3,CHERYL 805.781.2657 - BTB MON-FRI 9-3 1 BOX | EG//KA//CG | BH- RODEO DRIVE CUTS BH- WALDEN CUTS
500463,687912,2024-08-06,M&L100,sample chip,parsed_from_order_notes,,needs_review,,,,,,,,,Y,NO_SAMPLE_QUANTITY_FOUND,cut,2024-08-05,2024-08-06,1.00,1.00,0.00,500463|687912,1,1.00,0.00,3,8.5:LAWRENCE 775.884.4438 -   BTB 1 BOX | EG//KA//CG | CRYSTAL VALLEY ENG. CUTS
500749,687919,2024-08-06,STO114,sample chip,parsed_from_order_notes,6,parsed_from_order_notes,number_before_sample_chip_times_2_listed_items; number_before_generic_sample_times_2_listed_items,CHIP,,1138,,,Y,,Y,EACH_PATTERN_MULTIPLIED_BY_LISTED_ITEMS,sample,2024-08-06,2024-08-06,1.00,1.00,0.00,500749|687919,1,1.00,0.00,5,08/06 SENDING SAMPLE CHIPS UPS GROUND NO CHARGE FOR UPS GROUND //WB | OPEN MON-FRI 8-5   CONTACT MIKE 505.595.2861 SM: BUILDERS UNIQUE | 1 BOX EG//KA//CG | ****PLEASE SEND 3 SAMPLE CHIPS OF EACH  **** G2 DISTRESSED OF HICKORY SIERRA // HICKORY CHATEAU // | WHITE OAK AUTUMN
499015,688029,2024-08-07,FLO366,sample chip,parsed_from_order_notes,,needs_review,,,,,179.00,single_dollar_amount_in_order_notes,,179.00,Y,NO_SAMPLE_QUANTITY_FOUND; VERIFY_AMOUNT_IS_FREIGHT_OR_SAMPLE_COST,sample; cut,2024-07-31,2024-08-07,1.00,1.00,0.00,499015|688029,1,1.00,0.00,4,8.7: MC****2149 EXP:07/27 $179 AR MONICA 415.289.0465 NOTIFICATION NEEDED | BTB W.FORKLIFT  MON - FRI 9 - 3 8.6: OK PER JB | EG // EL / CG [ 1 PLT ] | SAMPLE CUTS
500339,688048,2024-08-07,PRE160,sample chip,parsed_from_order_notes,,needs_review,,,,,,,,,Y,NO_SAMPLE_QUANTITY_FOUND,sample,2024-08-05,2024-08-07,1.00,1.00,0.00,500339|688048,1,1.00,0.00,3,08.05 UPS GROUND CHARGE NO DLV FEE - MN 1 PACKAGE | EG//KA//CG | RODEO DRIVE SAMPLE
500725,688070,2024-08-07,20,sample chip,parsed_from_order_notes,,needs_review,,CHIP,,2229,,,,,Y,NO_SAMPLE_QUANTITY_FOUND,sample,2024-08-06,2024-08-07,1.00,1.00,0.00,500725|688070,1,1.00,0.00,3,8/6: NO UPS GROUND CHARGE FOR SAMPLES 1 PACKAGE | EG//KA//CG | 2 CHIPS OF EA: SALEM AND  CHARLOTEE
501018,688071,2024-08-07,20,sample chip,parsed_from_order_notes,2,parsed_from_order_notes,number_before_pcs,,,2230,110.00,single_dollar_amount_in_order_notes,,110.00,Y,VERIFY_AMOUNT_IS_FREIGHT_OR_SAMPLE_COST,pcs,2024-08-07,2024-08-07,1.00,1.00,0.00,501018|688071,1,1.00,0.00,4,"8/7 : VIKTORIYA 904 472 8780 ***UPS EXPRESS SHIPPING NEXT DAY *** | 8/7: PAID AMEX XXXXX4009 $110.00 JB 1 PACKAGE | EG//KA//CG | 2 PCS OF EA: WALNUT DIST NATURAL , MAPLE DIST. ESPRESSO, WALNUT DIST. ANTIQUE"
501549,688458,2024-08-09,TIL132,sample chip,parsed_from_order_notes,,needs_review,,,,2292,,,,,Y,NO_SAMPLE_QUANTITY_FOUND,sample,2024-08-08,2024-08-09,1.00,1.00,0.00,501549|688458,1,1.00,0.00,3,8/8: NO UPS GROUND CHARGE FOR SAMPLES 1 PACKAGE | EG//KA//CG | 2PCS DOMA SELECT 9.5
501717,688444,2024-08-09,CEN119,sample chip,parsed_from_order_notes,,needs_review,,CHIP,,2227,,,,,Y,NO_SAMPLE_QUANTITY_FOUND,sample,2024-08-09,2024-08-09,1.00,1.00,0.00,501717|688444,1,1.00,0.00,3,8/9: NO UPS GROUND CHARGE FOR SAMPLES DEVIN 559-281-2000 | 1 PACKAGE EG//KA//CG | 3 CHIPS EA: SALEM
501818,688461,2024-08-09,20,sample chip,parsed_from_order_notes,,needs_review,,,,,,,,,Y,NO_SAMPLE_QUANTITY_FOUND,cut,2024-08-09,2024-08-09,1.00,1.00,0.00,501818|688461,1,2.00,0.00,4,"8.9: NOCOST 1 PACKAGE | EG//KA//CG | CV - MAPLE NATURAL 5"" CV - RED OAK NATURAL 5"" | CV - WHITE OAK NATURAL 5"" CV - PRAIRIE WHEAT CUTS 5"""
501994,688463,2024-08-09,20,sample chip,parsed_from_order_notes,,needs_review,,,,,,,,,Y,NO_SAMPLE_QUANTITY_FOUND,cut,2024-08-09,2024-08-09,1.00,1.00,0.00,501994|688463,1,2.00,0.00,2,8.9: JIM 916.616.2191 **** OK PER CESAR G TO PRINT AFTER CUT OFF **** | 1 BOX EG//KA//CG
501373,688594,2024-08-12,THE117,sample chip,parsed_from_order_notes,,needs_review,,,,,,,,,Y,NO_SAMPLE_QUANTITY_FOUND,sample,2024-08-08,2024-08-12,1.00,1.00,0.00,501373|688594,1,1.00,0.00,2,8.8: NO COST SAMPLES SHOWROOM DELIVERY / LIFTGATE/ NOIFICATION NEEDED | JULIE 925.683.3995 KA//CG ( 1 BOX )
502174,688599,2024-08-12,20,sample chip,parsed_from_order_notes,,needs_review,,CHIP,,2226,,,Y,,Y,NO_SAMPLE_QUANTITY_FOUND,sample,2024-08-10,2024-08-12,1.00,1.00,0.00,502174|688599,1,1.00,0.00,5,8/10 NO CHARGE FOR SAMPLE CHIPS VIA GROUND SHIPPING -MG KA//CG ( 1 BOX ) | ***SEND 2SAMPLE CHIPS*** NEW PORT: LAGUNA BEACH | DEL MAR DU BOIS:  CHANTAL | FRENCH CONNECTION: ST. TROPEZ PRIVATE SELECTION: DUNE | MIRAGE
502338,688600,2024-08-12,20,sample chip,parsed_from_order_notes,,needs_review,,,,,,,,,Y,NO_SAMPLE_QUANTITY_FOUND,cut,2024-08-12,2024-08-12,1.00,1.00,0.00,502338|688600,1,2.00,0.00,3,DESTINY 310-227-2763 KA // CG [ 1 PKG ] | BH- BURTON WAY CUTS BH - RODEO DRIVE CUTS | BH- WALDEN CUTS
502647,688737,2024-08-13,BLL100,sample chip,parsed_from_order_notes,,needs_review,,,,,,,,,Y,NO_SAMPLE_QUANTITY_FOUND,sample,2024-08-13,2024-08-13,1.00,1.00,0.00,502647|688737,1,2.00,0.00,2,8.13: NO COST SAMPLES BTB MON-FRI 9-4 1 PACKAGE | EG//KA//CG
502769,688750,2024-08-13,S&G100,sample chip,parsed_from_order_notes,,needs_review,,,,,,,Y,,Y,NO_SAMPLE_QUANTITY_FOUND,sample,2024-08-13,2024-08-13,1.00,1.00,0.00,502769|688750,1,1.00,0.00,3,8/13 NO CHARGE FOR SAMPLE CHIPS VIA GROUND SHIPPING -MG 1 PACKAGE | EG//KA//CG | ***SEND 2SAMPLE CHIPS*** GII: HICKORY NATURAL SMOOTH
503016,044541,2024-08-14,COM112,sample chip,parsed_from_order_notes,,needs_review,,,,,,,Y,,Y,NO_SAMPLE_QUANTITY_FOUND,pcs,2024-08-13,2024-08-14,1.00,8.00,0.00,503016|044541,1,2.00,0.00,2,UPS GROUND @ N/C OK JZ PLZ SHOW CHARACTER ON PCS. 1 PACKAGE | EG//KA//CG
503376,689046,2024-08-15,HTH100,sample chip,parsed_from_order_notes,,needs_review,,,,,,,,,Y,NO_SAMPLE_QUANTITY_FOUND,sample; cut,2024-08-14,2024-08-15,1.00,1.00,0.00,503376|689046,1,2.00,0.00,3,GABBY 209.547.0480 - BTB 1 PACKAGE | EG//KA//CG | AQUABLUE - WEATHERED ASH SAMPLE CUTS ZODIAC - SCORPIO SAMPLE CUTS
503380,689041,2024-08-15,CSC101,sample chip,parsed_from_order_notes,,needs_review,,,,,,,,,Y,NO_SAMPLE_QUANTITY_FOUND,cut,2024-08-14,2024-08-15,1.00,1.00,0.00,503380|689041,1,1.00,0.00,3,8.14: WAREHOUSE CRAIG 707.800.7988 1 BOX | EG//KA//CG | AZUL WATERS- OCEAN MIST -CUTS AZUL WATERS- BOARDWALK -  CUTS
504054,064631,2024-08-16,STE100,sample chip,parsed_from_order_notes,,needs_review,,,,,,,Y,,Y,NO_SAMPLE_QUANTITY_FOUND,cut,2024-08-16,2024-08-16,1.00,9.00,0.00,504054|064631,1,2.00,0.00,2,8/16 PLEASE SEND 2 CUTS OF THE HICKORY SIERRA NO CHARGE PER BRAD. NM | 1 PACKAGE EG//KA//CG
504074,689251,2024-08-16,20,sample chip,parsed_from_order_notes,,needs_review,,,,,,,,,Y,NO_SAMPLE_QUANTITY_FOUND,sample,2024-08-16,2024-08-16,1.00,1.00,0.00,504074|689251,1,1.00,0.00,3,8/16: NO UPS GROUND CHARGE FOR SAMPLES JAMIE 805 689 1561 | 1 PACKAGE EG//KA//CG | 2 CHIPS OF EA : AURORA
501132,690839,2024-08-19,20,sample chip,parsed_from_order_notes,,needs_review,,,,,,,,,Y,NO_SAMPLE_QUANTITY_FOUND,sample,2024-08-07,2024-08-19,1.00,1.00,0.00,501132|690839,1,20.00,0.00,6,8.7: OK OER JB/YD NO COST O PER YD SETS FOR ACC104 | TO SHIP W.501190 // 503847 JIM TO CONFIRM WHAT ELSE IS NEEDED PRIOR TO SHIPPING OUT | BTB W.FORKLIFT MON-FRI 9-4 JIM MCCONELL 916.616.2191 | JS//KA//ES ( 4 PLTS ) | 20 OF EACH COLLECTION | * IN STOCK PER SAMPLES **
505251,064724,2024-08-22,PAT110,sample chip,parsed_from_order_notes,,needs_review,,,,,,,Y,,Y,NO_SAMPLE_QUANTITY_FOUND,cut,2024-08-21,2024-08-22,1.00,9.00,0.00,505251|064724,1,2.00,0.00,2,NO CHARGE PER BRAD/PLEASE SEND 2 CUTS OF THE G2 DISTRESSED HICKORY SIERRA AND HICKORY CHATEAU. NM | 1 PACKAGE EG//KA//CG
505328,689793,2024-08-22,20,sample chip,parsed_from_order_notes,,needs_review,,,,1571,,,,,Y,NO_SAMPLE_QUANTITY_FOUND,sample,2024-08-21,2024-08-22,1.00,1.00,0.00,505328|689793,1,1.00,0.00,2,"ONE OF EACH SAMPLE: RED OAK NATURAL 5"", RED OAK NATURAL 3 1/4"", RED OAK UNFINISHED 2 1/4"" | 1 PACKAGE EG//KA//CG"
505682,064761,2024-08-23,COR122,sample chip,parsed_from_order_notes,,needs_review,,,,,,,,,Y,NO_SAMPLE_QUANTITY_FOUND,sample,2024-08-22,2024-08-23,1.00,9.00,0.00,505682|064761,1,3.00,0.00,1,1/2 X 5 ACACIA NATURAL  SAMPLE CHIPS KA//CG ( 1 PKG )
505743,690084,2024-08-23,FLO181,sample chip,parsed_from_order_notes,,needs_review,,CHIP,,2221,,,,,Y,NO_SAMPLE_QUANTITY_FOUND,sample,2024-08-22,2024-08-23,1.00,1.00,0.00,505743|690084,1,1.00,0.00,2,8/22: NO UPS GROUND CHARGE FOR SAMPLES JB KA//CG 1 PKG | 2 CHIPS OF MAPLE MONROE
505765,690082,2024-08-23,FAM108,sample chip,parsed_from_order_notes,,needs_review,,,,,,,,,Y,NO_SAMPLE_QUANTITY_FOUND,sample,2024-08-22,2024-08-23,1.00,1.00,0.00,505765|690082,1,1.00,0.00,3,"08.22 UPS GROUND NO DLV FEE SAMPLE CHIPS - MN ANNETTE | 916/685-2002 KA//CG ( 1 PKG ) | 2 CHIPS 12MM 7.72"" X 48"" DUSK"
506558,345669,2024-08-27,10,sample chip,parsed_from_order_notes,,needs_review,number_before_sample_chip; number_before_generic_sample,,,,,,,,Y,EACH_PATTERN_ITEM_COUNT_NOT_CONFIDENT; MULTIPLE_QUANTITY_CANDIDATES_REVIEW_REQUIRED,sample,2024-08-26,2024-08-27,1.00,3.00,0.00,506558|345669,1,1.00,0.00,3,08/26 SAMPLE CHIPS WITHOUT FEE VIA UPS - SE 1 BOX | EG//KA//MH | SEND 1 SAMPLE CHIP OF EACH COLOR FROM THE BEVERLY HILLLS COLLECTION
506627,690416,2024-08-27,MIC107,sample chip,parsed_from_order_notes,,needs_review,,,,,,,Y,,Y,NO_SAMPLE_QUANTITY_FOUND,sample,2024-08-26,2024-08-27,1.00,1.00,0.00,506627|690416,1,1.00,0.00,4,"08/26 NO CHARGE FOR UPS GROUND DLV // DG 1 PACKAGE | EG//KA//MH | PLEASE SEND SAMPLE CHIPS OF THE FOLLOWING: GNSS AND GNII: | MAPLE ESPRESSO, MAPLE SYRUP, MAPLE CHESTNUT"
507010,690658,2024-08-28,20,sample chip,parsed_from_order_notes,,needs_review,,,,,,,,,Y,NO_SAMPLE_QUANTITY_FOUND,cut,2024-08-27,2024-08-28,1.00,1.00,0.00,507010|690658,1,2.00,0.00,3,OK PER JZ - RESIDENTIAL DELIVERY JAMIE 626.588.7643 1 PACKAGE | EG//KA//CG | NOVA - STARDUST CUTS NOVA - LUNAR CUTS
507101,064850,2024-08-28,FIN106,sample chip,parsed_from_order_notes,,needs_review,,,,,,,,,Y,NO_SAMPLE_QUANTITY_FOUND,sample,2024-08-27,2024-08-28,1.00,9.00,0.00,507101|064850,2,4.00,0.00,2,SAMPLE CHIPS S/M:JEFF JOHNSON | 1 PACKAGE EG//KA//CG
507245,064880,2024-08-29,STE100,sample chip,parsed_from_order_notes,,needs_review,,,,,,,Y,,Y,NO_SAMPLE_QUANTITY_FOUND,cut,2024-08-28,2024-08-29,1.00,9.00,0.00,507245|064880,1,2.00,0.00,2,PLEASE SEND 2 CUTS OF THE COMPETITION BUSTER HICKORY ANTIQUE. NO CHARGE PER BRAD NM | 1 PACKAGE EG//KA//CG
507346,064878,2024-08-29,MAR205,sample chip,parsed_from_order_notes,,needs_review,,,,,,,Y,,Y,NO_SAMPLE_QUANTITY_FOUND,cut,2024-08-28,2024-08-29,1.00,9.00,0.00,507346|064878,1,2.00,0.00,2,PLEASE SEND 2 CUTS OF THE BRESIA. NO CHARGE PER BRAD NM 1 PACKAGE | EG//KA//ES
507354,690818,2024-08-29,BLL100,sample chip,parsed_from_order_notes,,needs_review,,,,,,,,,Y,NO_SAMPLE_QUANTITY_FOUND,sample,2024-08-28,2024-08-29,1.00,1.00,0.00,507354|690818,1,1.00,0.00,3,08.28 UPS GROUND SAMPLE CHIPS - MN 1 PACKAGE | EG//KA//ES | 3 CHIPS 1/2 X 5 CUMARU NATURAL
507698,064879,2024-08-29,PRO236,sample chip,parsed_from_order_notes,,needs_review,,,,,,,Y,,Y,NO_SAMPLE_QUANTITY_FOUND,cut,2024-08-29,2024-08-29,1.00,9.00,0.00,507698|064879,1,2.00,0.00,2,PLEASE SEND 2 CUTS OF  THE CLIFFSIDE WALNUT NATURAL NO CHARGE PER BRAD NM | 1 PACKAGE EG//KA//CG
113,500115,2024-08-30,GRE137,sample chip,parsed_from_order_notes,,needs_review,,,,,,,,,Y,NO_SAMPLE_QUANTITY_FOUND,cut,2024-08-30,2024-08-30,1.00,50.00,0.00,113|500115,1,10.00,0.00,5,"**CUT A BOX OF PROVENCE UV OIL,OK PER TA*** 2 BOXES | EG//KA//CG TRACKING #1Z9380460310111064 | SEND 10 EACH OF THE FOLLOWING COLORS: VINEYARD:PINOT, COMO | EXOTICS: BRAZILIAN CHERRRY,SAPELE,TIGERWOOD GII:WHITE OAK AUTUMN | FC:PROVENCE  (UV OIL FINISH)"
507820,691040,2024-08-30,TRU100,sample chip,parsed_from_order_notes,,needs_review,,CHIP,,2220,,,Y,,Y,NO_SAMPLE_QUANTITY_FOUND,sample,2024-08-29,2024-08-30,1.00,1.00,0.00,507820|691040,1,1.00,0.00,4,"8/29 NO CHARGE FOR SAMPLE CHIPS 1 PACKAGE | EG//KA//CG | **SEND 2PCS** CRYSTAL VALLEY: MAPLE ENG. 3-1/4"" AMBER NAT. | CRYSTAL VALLEY: MAPLE ENG. 3-1/4"" WHITE NAT."
508213,691230,2024-09-03,20,sample chip,parsed_from_order_notes,,needs_review,,,,,,,,,Y,NO_SAMPLE_QUANTITY_FOUND,cut,2024-08-30,2024-09-03,1.00,1.00,0.00,508213|691230,1,1.00,0.00,4,RESIDENTIAL DELIVERY 1 BOX | EG//KA//CG | DAVINCI - NESSO CUTS BELLAGIO- COMO CUTS | FC - PROVENCE CUTS DUBOIS - ANASTASIA CUTS
508682,691376,2024-09-04,20,sample chip,parsed_from_order_notes,,needs_review,,CHIP,,2219,,,Y,,Y,NO_SAMPLE_QUANTITY_FOUND,sample,2024-09-04,2024-09-04,1.00,1.00,0.00,508682|691376,1,1.00,0.00,6,9/4 NO CHARGE FOR SAMPLE CHIPS -MG 1 BOX | RP//KA//CG | ***SEND 2PCS*** DU BOIS: ANASTASIA | NEWPORT: SHELL BEACH DAVINCI: NESSO | FRENCH CONNECTION: PROVENCE FRENCH CONNECTION: VINTAGE WHITE WASH | VINEYARD: CHABLIS
508983,691530,2024-09-05,20,sample chip,parsed_from_order_notes,,needs_review,,,,,,,Y,,Y,NO_SAMPLE_QUANTITY_FOUND,sample,2024-09-04,2024-09-05,1.00,1.00,0.00,508983|691530,1,1.00,0.00,4,"09/04 NO CHARGE FOR UPS GOUND DLV 1 BOX | RP//KA//CG | PLEASE SEND 2 OF THE FOLLOWING SAMPLE CHIPS: CLIFFSIDE WAL. NATURAL | DOMA 7.5"" SELECT & CHARACTER PEBBLE BEACH, BRESCIA, CATANIA, VECCHIO"
509759,691616,2024-09-07,ING101,sample chip,parsed_from_order_notes,,needs_review,,CHIP,,1067,,,,,Y,NO_SAMPLE_QUANTITY_FOUND,sample,2024-09-07,2024-09-07,1.00,6.00,0.00,509759|691616,1,1.00,0.00,2,O/A JG 9/7 | ALL VINYLNOVA SAMPLE CHIPS
509448,691834,2024-09-09,ONP101,sample panel,parsed_from_order_notes,,needs_review,,,,,,,,,Y,NO_SAMPLE_QUANTITY_FOUND,panel,2024-09-06,2024-09-09,1.00,1.00,0.00,509448|691834,1,1.00,0.00,3,SHERRI 916.542.3333 MON-FRI 9-4 1 BOX | RP//KA//CG | PANEL
509934,691840,2024-09-09,VOG100,sample chip,parsed_from_order_notes,,needs_review,number_before_sample_chip; number_before_generic_sample; number_before_pcs,CHIP,,1065,,,Y,,Y,MULTIPLE_QUANTITY_CANDIDATES_REVIEW_REQUIRED,pcs; sample,2024-09-09,2024-09-09,1.00,6.00,0.00,509934|691840,1,1.00,0.00,4,"SEND UPS GROUND NO CHARGE ATTN:DAISY 786-606-9301 2 BOXES | 1Z9380460325936002 RP//KA//CG | SEND 3 SAMPLE CHIPS G2 SMOOTH WALNUT 5"" | CLIFFSIDE WALNUT 7.5 2 PCS ALL ALORA 7 1/2 AND 9 1/2"
510016,691776,2024-09-09,MIR113,sample chip,parsed_from_order_notes,,needs_review,,,,,,,,,Y,NO_SAMPLE_QUANTITY_FOUND,sample,2024-09-09,2024-09-09,1.00,6.00,0.00,510016|691776,1,1.00,0.00,1,SAMPLES
510089,691768,2024-09-09,GAR101,sample chip,parsed_from_order_notes,,needs_review,,CHIP,,1066,,,,,Y,NO_SAMPLE_QUANTITY_FOUND,sample,2024-09-09,2024-09-09,1.00,6.00,0.00,510089|691768,1,1.00,0.00,2,O/A JG 9/9 | ALL VINYLNOVA SAMPLE CHIPS
510013,691989,2024-09-10,S&G100,sample chip,parsed_from_order_notes,,needs_review,number_before_sample_chip; number_before_generic_sample,,,,,,,,Y,MULTIPLE_QUANTITY_CANDIDATES_REVIEW_REQUIRED,sample,2024-09-09,2024-09-10,1.00,1.00,0.00,510013|691989,1,1.00,0.00,4,"09.09 SAMPLE CHIPS UPS GROUND NO DLV FEE - MN 1 BOX | RP//KA//CG | 3 SAMPLE CHIPS EACH HICKORY 5"" NATURAL DISTRESSED | HICKORY 5"" SMOOTH NATURAL"
510123,346029,2024-09-10,MOD107,sample chip,parsed_from_order_notes,,needs_review,number_before_sample_chip; number_before_generic_sample,,,,,,,,Y,MULTIPLE_QUANTITY_CANDIDATES_REVIEW_REQUIRED,sample,2024-09-09,2024-09-10,1.00,3.00,0.00,510123|346029,1,1.00,0.00,4,"09/09 SAMPLES CHIPS AT NO COST VIA UPS - SE KATY CARDENAS | CELL (805)-708-6199 1 BOX | RP//KA//CG | PLEASE SEND 6 SAMPLES CHIPS COLOR: GNIIH502 HICKORY 5"" SIERRA DISTRESSED"
510478,692163,2024-09-11,20,sample chip,parsed_from_order_notes,2,parsed_from_order_notes,number_before_sample_chip; number_before_generic_sample,,,,,,Y,,Y,EACH_PATTERN_ITEM_COUNT_NOT_CONFIDENT,sample,2024-09-10,2024-09-11,1.00,1.00,0.00,510478|692163,1,1.00,0.00,3,09/10 NO CHARGE FOR UPS GROUND DLV // DG 1 BOX | RP//KA//MH | PLEASE SEND 2 SAMPLE CHIPS: CAROLINA CLASSIC 1 OF EACH COLOR
510932,065125,2024-09-12,CAR126,sample chip,parsed_from_order_notes,,needs_review,,,,,,,Y,,Y,NO_SAMPLE_QUANTITY_FOUND,cut,2024-09-11,2024-09-12,1.00,9.00,0.00,510932|065125,1,2.00,0.00,2,PLEASE SEND 2 CUTS OF THE WALNUT ANTIQUE DISTRESSED. NO CHARGE PER BRAD NM | 1 PACKAGE RP//KA//CG
510933,065126,2024-09-12,COR122,sample chip,parsed_from_order_notes,,needs_review,,,,,,,Y,,Y,NO_SAMPLE_QUANTITY_FOUND,cut,2024-09-11,2024-09-12,1.00,9.00,0.00,510933|065126,1,2.00,0.00,2,PLEASE SEND 2 CUTS OF THE SELLA 9.5 CHARACTER. NO CHARGE PER BRAD NM | 1 PACKAGE RP//KA//CG
510964,065124,2024-09-12,ALL129,sample chip,parsed_from_order_notes,,needs_review,,,,,,,,,Y,NO_SAMPLE_QUANTITY_FOUND,sample,2024-09-11,2024-09-12,1.00,9.00,0.00,510964|065124,3,6.00,0.00,2,SAMPLE CHIPS GOING OUT 9/12 1 BOX | RP//KA//CG
511091,692280,2024-09-12,KER100,sample chip,parsed_from_order_notes,,needs_review,,,,2217,,,,,Y,NO_SAMPLE_QUANTITY_FOUND,cut,2024-09-12,2024-09-12,1.00,1.00,0.00,511091|692280,1,2.00,0.00,3,JOHN 714.453.9400 - BTB MON- FRI 9 - 3 1 BOX | RP//KA//CG | GNII - MAPLE SYRUP DIS. CUTS GNII - MAPLE WHEAT DIS . CUTS
510449,693291,2024-09-13,POZ100,sample chip,parsed_from_order_notes,,needs_review,,,,,,,,,Y,NO_SAMPLE_QUANTITY_FOUND,sample,2024-09-10,2024-09-13,1.00,4.00,0.00,510449|693291,1,2.00,0.00,2,9/10 5 DAY HOLD WILL CALL GARDENA 9/11 APPROVAL BY JACOB 9/10  AA | MATERIAL FROM VN TR# 510454 (IPE SAMPLE CHIPS 2)
511436,692443,2024-09-13,IVA100,sample chip,parsed_from_order_notes,,needs_review,,,,,252.88,single_dollar_amount_in_order_notes,,252.88,Y,NO_SAMPLE_QUANTITY_FOUND; VERIFY_AMOUNT_IS_FREIGHT_OR_SAMPLE_COST,sample,2024-09-13,2024-09-13,1.00,1.00,0.00,511436|692443,1,1.00,0.00,2,"09.13 PAID VISA****6291 $252.88 EXP 09.23 - MN | SAMPLE CHIPS MAPLE ENG. 3-1/4"" WHITE NAT."
123,500124,2024-09-16,GRE137,sample set; sample chip,parsed_from_order_notes,12,parsed_from_order_notes,number_before_chip,,,,,,,,Y,MULTIPLE_SAMPLE_TYPES,sample,2024-09-13,2024-09-16,1.00,50.00,0.00,123|500124,1,12.00,0.00,5,"ORIGINAL SET SENT ON OD#114 WAS RETURNED TO VN FOR SOME REASON.TA LOOKING INTO IT. RE-SHIPPING SAMPLE SET AND | CHIPS OK PER TA. VG | RESIDENTIAL / NEEDS LIFTGATE / DELIVERY APPOINTMENT CONTACT: CHRIS PHILLIPS  603-234-3806 | KA//BJ//CG ( 1 PLT ) | 12 CHIPS EACH OF THE FOLLOWING COLORS: CASHMERE,CHAMPAGNE LINEN, SILK, SUEDE & WHITE LOTUS"
511310,065189,2024-09-16,PRO236,sample chip,parsed_from_order_notes,,needs_review,,,,,,,Y,,Y,NO_SAMPLE_QUANTITY_FOUND,cut,2024-09-12,2024-09-16,1.00,9.00,0.00,511310|065189,1,2.00,0.00,2,"9/12 PLEASE SEND 2 CUTS OF THE WALNUT CONTRACTORS CHOICE 7"". NO CHARGE PER BRAD NM | 1 PACKAGE RP//KA//CG"
511327,065190,2024-09-16,50,sample chip,parsed_from_order_notes,,needs_review,,,,,,,Y,,Y,NO_SAMPLE_QUANTITY_FOUND,cut,2024-09-12,2024-09-16,1.00,9.00,0.00,511327|065190,1,2.00,0.00,2,PLEASE SEND 2 CUTS OF THE BEVERLY HILLS DOHENY. NO CHARGE PER BRAD. NM | 1 PACKAGE RP//KA//CG
511776,065191,2024-09-16,50,sample chip,parsed_from_order_notes,,needs_review,,,,,,,,,Y,NO_SAMPLE_QUANTITY_FOUND,sample,2024-09-14,2024-09-16,1.00,9.00,0.00,511776|065191,2,4.00,0.00,2,SAMPLE CHIPS 1 PACKAGE | RP//KA//CG
511884,065192,2024-09-16,50,sample chip,parsed_from_order_notes,,needs_review,,,,,,,,,Y,NO_SAMPLE_QUANTITY_FOUND,sample,2024-09-16,2024-09-16,1.00,9.00,0.00,511884|065192,1,2.00,0.00,2,SAMPLE CHIPS TO GO OUT 9/16 1 PACKAGE | RP//KA/CG
127,500125,2024-09-18,GRE137,sample panel,parsed_from_order_notes,,needs_review,,,,,,,,,Y,NO_SAMPLE_QUANTITY_FOUND,plank,2024-09-18,2024-09-18,1.00,50.00,0.00,127|500125,3,4.00,0.00,4,"MAT FRM VER TR#512468 (GVVN504-1 CT) MAT FRM SA TR#512472 (GVWPC106-1 CT) | 9/18-PER CP SEND 2ND DAY, END OF DAY PLANK TWILIGHT IN STOCK PER ERIC, SEE TA FOR ANY QUESTIONS | 2 BOXES RP//KA//CG | 1Z9380460213901877"
512260,692794,2024-09-18,INT110,sample chip,parsed_from_order_notes,8,parsed_from_order_notes,number_before_pcs_times_2_listed_items,,,1047,,,,,Y,EACH_PATTERN_MULTIPLIED_BY_LISTED_ITEMS,pcs,2024-09-17,2024-09-18,1.00,6.00,0.00,512260|692794,1,1.00,0.00,3,"W/C 9/18 MATERIAL FROM VN TR# 512276********** | 4 PCS OF EA COLOR GFALO7503S         EURO OAK 7.5"" DOMA SELECT | GFALO7504S         EURO OAK 7.5"" LUNA SELECT GFALO7505S         EURO OAK 7.5"" SELLA SELECT"
512907,693825,2024-09-19,RAP101,sample chip,parsed_from_order_notes,4,parsed_from_order_notes,number_before_sample_chip; number_before_generic_sample,,,,39.00,single_dollar_amount_in_order_notes,,39.00,Y,VERIFY_AMOUNT_IS_FREIGHT_OR_SAMPLE_COST,sample,2024-09-18,2024-09-19,1.00,1.00,0.00,512907|693825,1,1.00,0.00,4,CHUCK 209.815.4007 RESIDENTIAL DLV | 09/19 PAID MC ****8519 EXP 07/27 $39.00 // DG 2 BOXES | RP//KA//CG 1Z9380460337849923 | PLEASE SEND 4 SAMPLE CHIPS OF : G2 DISTRESSED MAPLE ESPRESSO
512927,693020,2024-09-19,FLO211,sample chip,parsed_from_order_notes,,needs_review,,CHIP,,2216,,,Y,,Y,NO_SAMPLE_QUANTITY_FOUND,sample,2024-09-18,2024-09-19,1.00,1.00,0.00,512927|693020,1,1.00,0.00,3,9/18 NO CHARGE FOR SAMPLE CHIPS -MG 1 PACKAGE | RP//KA//CG | ***SEND 2PCS*** BEVERLY HILLS: BURTON WAY
513165,693052,2024-09-19,TIL125,sample chip,parsed_from_order_notes,,needs_review,,,,,,,,,Y,NO_SAMPLE_QUANTITY_FOUND,cut,2024-09-19,2024-09-19,1.00,1.00,0.00,513165|693052,1,2.00,0.00,5,RESIDENTIAL DELIVERY OK PER JM 1 BOX | RP//KA//CG | ALLORA - 9.5 CUTS LUNA | SELLA STRADA | DOMA
513256,693227,2024-09-20,PRO121,sample chip,parsed_from_order_notes,,needs_review,,,,1029,,,,,Y,NO_SAMPLE_QUANTITY_FOUND,sample,2024-09-19,2024-09-20,1.00,1.00,0.00,513256|693227,1,1.00,0.00,3,9/19:NO UPS GROUND CHARGE FOR SAMPLES 1 PACKAGE | RP//KA//CG | 2PCS OF EA MAPLE NAT. WHITE 3-1/4 CV
513661,693445,2024-09-23,BOB106,sample chip,parsed_from_order_notes,,needs_review,,CHIP,,2215,,,Y,,Y,NO_SAMPLE_QUANTITY_FOUND,sample,2024-09-20,2024-09-23,1.00,1.00,0.00,513661|693445,1,1.00,0.00,2,9/20 NO CHARGE FOR SAMPLE CHIPS -MG KA//ES 1 PKG | ***SEND 5PCS*** ALLORA: DOMA SELECT 9.5
514000,693628,2024-09-24,OLD111,sample chip,parsed_from_order_notes,,needs_review,,CHIP,,2212,,,Y,,Y,NO_SAMPLE_QUANTITY_FOUND,sample,2024-09-23,2024-09-24,1.00,1.00,1.00,514000|693628,1,1.00,0.00,3,9/23 NO CHARGE FOR SAMPLE CHIPS VIA GROUND SHIPPING -MG CONTACT: PAULO 786/227.1351 | RP//CG ( 1 PACKAGE ) | ***SEND OUT 2CHIPS*** BEVERLY HILLS: BURTON WAY
514368,693622,2024-09-24,FLO181,sample chip,parsed_from_order_notes,,needs_review,,CHIP,,2214,,,Y,,Y,NO_SAMPLE_QUANTITY_FOUND,sample,2024-09-24,2024-09-24,1.00,1.00,0.00,514368|693622,1,1.00,0.00,3,"9/24 NO CHARGE FOR SAMPLE CHIPS VIA GROUND SHIPPING -MG 1 PACKAGE | RP//KA//CG | ***SEND 2PCS*** GII: MAPLE 5"" WHEAT DISTRESSED"
514463,693800,2024-09-25,BOB106,sample chip,parsed_from_order_notes,,needs_review,,,,,,,,,Y,NO_SAMPLE_QUANTITY_FOUND,cut,2024-09-24,2024-09-25,1.00,1.00,0.00,514463|693800,1,2.00,0.00,4,RESIDENTIAL DELIVERY 1 BOX | RP//KA//CG | ALLORA 7.5 STELLA- SELECT CUTS | 7.5 DOMA- SELECT CUTS
514343,693925,2024-09-26,20,sample set; sample chip,parsed_from_order_notes,6,parsed_from_order_notes,number_before_sample_chip; number_before_generic_sample,CHIP,,1020; 1021,,,Y,,Y,MULTIPLE_SAMPLE_TYPES,sample,2024-09-24,2024-09-26,1.00,1.00,0.00,514343|693925,2,2.00,0.00,5,"09/24 PROMO PER JACOB // DG JIM 916. 616.2191 | BTB W. FORKLIFT MON-FRI 8:30-2:30 NO FREIGHT CHARGE, SAMPLE SETS ARE FOR JIM MCCONNELL | KA//JS//ES ( 6 PLTS ) | PLEASE SEND 6 SAMPLE CHIPS OF THE 2 FOLLOWING COLLECTIONS: PRIVATE SELECTION & GOLD LABEL | PLEASE SEND CHIPS OF ALL THE CONTOURS AVAILABLE"
515195,693916,2024-09-26,GRE137,sample chip,parsed_from_order_notes,,needs_review,,,,,,,,,Y,NO_SAMPLE_QUANTITY_FOUND,cut,2024-09-26,2024-09-26,1.00,1.00,0.00,515195|693916,7,70.00,0.00,8,"*****PLEASE BE SURE TO ENTER CORRECT ADDRESS INTO UPS, OD# 113 WAS RETURNED DUE TO WRONG ADDRESS******** | 2 BOXES RP//KA//CG | 1Z9380460314806137 | SEND 10 EACH OF THE FOLLOWING:VINEYARD:PINOT, COMO, BORDEAUX | SEND 10 EA-EXOTICS: BRAZILIAN CHERRRY,SAPELE,TIGERWOOD | 10 EACH-GII:WHITE OAK AUTUMN | 10 EACH OF FC:PROVENCE  (UV OIL FINISH) A BOX WAS CUT OK PER TONY 8/30 | 10 EACH OF LUNAR AND NEBULA"
514129,065442,2024-09-27,MER117,sample chip,parsed_from_order_notes,,needs_review,,,,,6629.74,single_dollar_amount_in_order_notes,,6629.74,Y,NO_SAMPLE_QUANTITY_FOUND; VERIFY_AMOUNT_IS_FREIGHT_OR_SAMPLE_COST,sample,2024-09-23,2024-09-27,1.00,9.00,0.00,514129|065442,1,2.00,0.00,5,*SHOP DELIVERY* CONTACT:DAVID  909-590-7717 FORKLIFT ON SITE/HELP AVAILABLE | DRIVER TO COLLECT CHECK AND CROSSCHECK $$6629.74 GOING OUT TOMORROW 9/27 | EC//YM//CG//RP ( 1 PLT / 1 BND ) REVISED ADDED SAMPLE CHIPS CABO REEF | 40 CTNS @ 34.94 SF = 1397.60 SF ( 40 X 57173 ) | SAMPLE CHIPS
515460,065482,2024-09-30,50,sample chip,parsed_from_order_notes,,needs_review,,,,,,,,,Y,NO_SAMPLE_QUANTITY_FOUND,sample,2024-09-27,2024-09-30,1.00,9.00,0.00,515460|065482,2,4.00,0.00,1,SAMPLE CHIPS KA // CG [ 1 PKG ]
516176,694536,2024-10-01,20,sample chip,parsed_from_order_notes,,needs_review,,,,,,,,,Y,NO_SAMPLE_QUANTITY_FOUND,cut,2024-09-30,2024-10-01,1.00,1.00,0.00,516176|694536,1,2.00,0.00,4,9.30: OK PER JM - RESIDENTIAL DELIVERY REPRINT DATE REVISED/MATERIAL ADDED | 1 BOX RP//KA//JSA | CANTINA - HICKORY SPANISH COFFEE CUTS COMPETITION BUSTER -HICKORY VINTAGE CUTS | GARRISON II DISTRESSED -HICKORY SIERRA CUTS
516715,694672,2024-10-02,SIM109,sample chip,parsed_from_order_notes,,needs_review,,,,,,,,,Y,NO_SAMPLE_QUANTITY_FOUND,cut,2024-10-02,2024-10-02,1.00,1.00,0.00,516715|694672,1,2.00,0.00,4,10.2: OK PER JM - BTB 1 BOX | RP//KA//CG | GII SMOOTH- HICKORY NATURAL CUTS GNII DIS - HICKORY NATURAL CUTS | CAROLINA - HICKORY BEAUFORT CUTS
516937,065570,2024-10-03,COR122,sample chip,parsed_from_order_notes,,needs_review,,,,,,,Y,,Y,NO_SAMPLE_QUANTITY_FOUND,cut,2024-10-03,2024-10-03,1.00,9.00,0.00,516937|065570,1,3.00,0.00,2,PLEASE SEND OVER 3 CUTS OF THE NEWPORT LAGUNA TO SHOP. NO CHARGE PER BRAD. NM | 1 PACKAGE RP//KA//CG
517168,695029,2024-10-04,20,sample chip,parsed_from_order_notes,,needs_review,,,,2209,,,,,Y,NO_SAMPLE_QUANTITY_FOUND,sample,2024-10-03,2024-10-04,1.00,1.00,0.00,517168|695029,1,1.00,0.00,3,"NO UPS GROUND CHARGE FOR SAMPLES 1 BOX | RP//JSA | 2PCS OF EA : H.CHARLOTTE , M.MONROE, H.SALEM"
516564,695297,2024-10-08,PRE160,sample chip,parsed_from_order_notes,,needs_review,,,,,,,,,Y,NO_SAMPLE_QUANTITY_FOUND,sample,2024-10-02,2024-10-08,1.00,1.00,0.00,516564|695297,1,1.00,0.00,5,10.02 UPS GROUND NO DLV FEE - MN 1 BOX | RP//KA//CG | SAMPLE CHIPS ** 2 OF EACH ** HB LUNA | HB DOMA HB SHELL BEACH | HB NESSO
518006,695290,2024-10-08,FAL100,sample chip,parsed_from_order_notes,,needs_review,,,,,,,Y,,Y,NO_SAMPLE_QUANTITY_FOUND,sample,2024-10-07,2024-10-08,1.00,1.00,0.00,518006|695290,1,1.00,0.00,4,10/7 NO CHARGE FOR SAMPLE CHIPS -MG *** REVISED ADDRESS *** | 1 PACKAGE RP//KA//CG | ***SEND SAMPLE CHIPS*** CAROLINA CLASSIC: HICKORY SALEM | GII: HICKORY SMOOTH CHATEAU CANTINA: HICKORY CABO REEF
518059,695293,2024-10-08,JEP100,sample panel; sample chip,parsed_from_order_notes,1,parsed_from_order_notes,number_before_sample_chip; number_before_generic_sample,CHIP,,990,,,Y,,Y,MULTIPLE_SAMPLE_TYPES,sample; plank,2024-10-07,2024-10-08,1.00,6.00,0.00,518059|695293,1,1.00,0.00,3,"SEND UPS GROUND NO CHARGE *CATERINA 786 7425507 1 BOX | RP//KA//CG | 1 SAMPLE CHIP EACH: DOMA 7 1/2"" CHARACTER GR, FLOORING PLANK AND HERRINGBONE."
518073,065647,2024-10-08,VIL101,sample chip,parsed_from_order_notes,,needs_review,,,,,,,Y,,Y,NO_SAMPLE_QUANTITY_FOUND,cut,2024-10-07,2024-10-08,1.00,9.00,0.00,518073|065647,1,2.00,0.00,2,PLEASE SEND 2 CUTS OF THE DOMA CHARACTER 7.5 @ NO CHARGE. 1 PACKAGE | RP//KA//CG
518158,695303,2024-10-08,20,sample chip,parsed_from_order_notes,,needs_review,,CHIP,,2208,,,,,Y,NO_SAMPLE_QUANTITY_FOUND,sample,2024-10-08,2024-10-08,1.00,1.00,0.00,518158|695303,1,1.00,0.00,4,"NO UPS GOPUND CHARGE FOR SAMPLES 1 BOX | RP//KA//CG | 2 CHIPS OF EA STRADA SELECT 7-1/2 | VOLTO - 7-1/2"""
518471,065672,2024-10-09,PRO236,sample chip,parsed_from_order_notes,,needs_review,,,,,,,Y,,Y,NO_SAMPLE_QUANTITY_FOUND,cut,2024-10-08,2024-10-09,1.00,9.00,0.00,518471|065672,1,2.00,0.00,2,PLEASE SEND 2 CUTS OF THE RODEO DR/NO CHARGE PER BRAD 1 PACKAGE | RP//KA//CG
514726,697017,2024-10-10,FIN102,sample panel,parsed_from_order_notes,,needs_review,,,,,,,,,Y,NO_SAMPLE_QUANTITY_FOUND,sample,2024-09-25,2024-10-10,1.00,1.00,0.00,514726|697017,1,1.00,0.00,3,9/25: PENDING SAMPLES TO ADVISE ON BOARDS NO UPS GROUND CHARGE FOR SAMPLES | CHRIS  805-688-0831 2 BOXES | RP//KA//CG 1Z9380460318864540
518758,695710,2024-10-10,PRO239,sample chip,parsed_from_order_notes,,needs_review,,,,,,,,,Y,NO_SAMPLE_QUANTITY_FOUND,cut,2024-10-09,2024-10-10,1.00,1.00,0.00,518758|695710,1,2.00,0.00,3,10/9 OK PER JM **REPRINT MATERIAL CHANGED ** | 1 PACKAGE RP//KA//CG | * FRENCH CONNECTION: PROVENCE  - CUTS
518846,065749,2024-10-10,COR122,sample chip,parsed_from_order_notes,,needs_review,,,,,,,,,Y,NO_SAMPLE_QUANTITY_FOUND,sample,2024-10-09,2024-10-10,1.00,9.00,0.00,518846|065749,1,2.00,0.00,2,GOING OUT FOR DELIVERY TOMORROW SAMPLE CHIPS 1 PACKAGE | RP//KA//CG
519500,065752,2024-10-11,PAC122,sample chip,parsed_from_order_notes,8,parsed_from_order_notes,number_before_pcs_times_2_listed_items,,,,,,Y,,Y,EACH_PATTERN_MULTIPLIED_BY_LISTED_ITEMS,pcs; sample,2024-10-11,2024-10-11,1.00,9.00,0.00,519500|065752,3,12.00,0.00,3,OVER NIGHT TODAY 4 PCS OF EACH SAMPLE CHIPS ATTEN: MANI | PER YONI NO CHARGE 1 BOX | RP//KA//CG
519607,695952,2024-10-14,LET100,sample chip,parsed_from_order_notes,,needs_review,,CHIP,,981,,,Y,,Y,NO_SAMPLE_QUANTITY_FOUND,sample,2024-10-11,2024-10-14,1.00,1.00,0.00,519607|695952,1,1.00,0.00,3,"GEORGE 650.863.8310 NO CHARGE FOR UPS GROUND DLV | 1 PACKAGE RP//KA//CG | PLEASE SEND 2 LUNA SELECT SAMPLE CHIPS 7.5"" & 9.5"""
520542,696249,2024-10-16,CSC101,sample chip,parsed_from_order_notes,,needs_review,,,,,,,Y,,Y,NO_SAMPLE_QUANTITY_FOUND,sample,2024-10-15,2024-10-16,1.00,1.00,0.00,520542|696249,1,1.00,0.00,3,10/15 NO CHARGE FOR SAMPLE CHIPS -MG 1 PACKAGE | RP//KA//CG | ***SEND 2SAMPLE CHIPS*** ALLORA: VENTASSO 7.5
520887,696400,2024-10-17,PRO245,sample panel; sample chip,parsed_from_order_notes,2,parsed_from_order_notes,number_before_sample_chip; number_before_generic_sample,CHIP,,972,,,Y,,Y,MULTIPLE_SAMPLE_TYPES,sample; panel,2024-10-16,2024-10-17,1.00,6.00,0.00,520887|696400,1,1.00,0.00,4,SEND UPS GROUND NO CHARGE ATTN:JONATHAN 512-337-9469 1 BOX | RP//KA//CG | SEND 2 SAMPLE CHIPS CAFFE HERRINGBONE | CAFFE PANEL
521288,696655,2024-10-18,ANT119,sample chip,parsed_from_order_notes,,needs_review,,CHIP,,2207,,,,,Y,NO_SAMPLE_QUANTITY_FOUND,sample,2024-10-17,2024-10-18,1.00,1.00,0.00,521288|696655,1,1.00,0.00,3,10/17: NO UPS GROUND CHARGE FOR SAMPLES 1 PACKAGE | RP//KA//ES | 2 CHIPS OF BRIGITTE
521829,696819,2024-10-21,20,sample chip,parsed_from_order_notes,,needs_review,,CHIP,,2206,,,,,Y,NO_SAMPLE_QUANTITY_FOUND,sample,2024-10-21,2024-10-21,1.00,1.00,0.00,521829|696819,1,1.00,0.00,2,"10/21: NO PS GROUNF CHARGE FOR SAMPLES KA // CG [ 1 PKG ] | 2 CHIPS OF EA: H.NATURAL SMOOTH, H. BEAUFORT, MAPLE AMBER NAT. 3-1/4"
522713,697145,2024-10-23,20,sample chip,parsed_from_order_notes,5,parsed_from_order_notes,number_before_sample_chip_times_5_listed_items; number_before_generic_sample_times_5_listed_items,CHIP,,963,,,Y,,Y,EACH_PATTERN_MULTIPLIED_BY_LISTED_ITEMS,sample,2024-10-23,2024-10-23,1.00,6.00,0.00,522713|697145,1,1.00,0.00,4,SHIP UPS GOROUND AT NO CHARGE PER DC 1 PACKAGE | RP//KA//CG | 1 SAMPLE  CHIP EACH COLOR MAPLE SYRUP - SMOOTH | MAPLE CHESTNUT - SMOOTH MAPLE WHEAT - SMOOTH
522925,697275,2024-10-24,FOU109,sample panel; sample chip,parsed_from_order_notes,4,parsed_from_order_notes,number_before_sample_chip; number_before_generic_sample,CHIP,,956,,,Y,,Y,MULTIPLE_SAMPLE_TYPES,sample; plank,2024-10-23,2024-10-24,1.00,1.00,0.00,522925|697275,1,1.00,0.00,3,"10/23 NO CHARGE FOR UPS GROUND DLV // DG 1 PACKAGE | RP//KA//CG | PLEASE SEND 4 SAMPLE CHIPS OF ROVENZA CHEVRON. IF NOT AVAILABLE, SEND PLANK CHIPS"
522935,697280,2024-10-24,TOT107,sample chip,parsed_from_order_notes,,needs_review,number_before_sample_chip; number_before_generic_sample; number_before_pcs,CHIP,,957,,,Y,,Y,MULTIPLE_QUANTITY_CANDIDATES_REVIEW_REQUIRED,pcs; sample,2024-10-23,2024-10-24,1.00,6.00,0.00,522935|697280,1,1.00,0.00,3,"SHIP UPS GROUND AT NO CHARGE  PER DC 1 PACKAGE | RP//KA//CG | 1 SAMPLE CHIP  EA . 3 PCS - CV WHITE  OAK PRAIRE WHEAT 5 """
523077,697282,2024-10-24,WES151,sample chip,parsed_from_order_notes,,needs_review,number_before_sample_chip; number_before_generic_sample; number_before_pcs,CHIP,,959,,,Y,,Y,MULTIPLE_QUANTITY_CANDIDATES_REVIEW_REQUIRED,pcs; sample,2024-10-24,2024-10-24,1.00,6.00,0.00,523077|697282,1,1.00,0.00,4,SHIP UPS GROUND AT NO CHARGE  PER DC 626 967 1432 - PHILLIP | REPRINT** 1 PACKAGE | RP//KA//CG | 1 SAMPLE CHIP  EA . 2 PCS  BRAZ CHERRY EXOTICS
523242,697507,2024-10-25,20,sample chip,parsed_from_order_notes,,needs_review,,,,2205,,,,,Y,NO_SAMPLE_QUANTITY_FOUND,sample,2024-10-24,2024-10-25,1.00,1.00,0.00,523242|697507,1,1.00,0.00,3,10/24: NO UPS GROUND CHARGE FOR SAMPLES 1 PACKAGE | RP//KA//CG | 2 XHIPS OF BIRCH CHESTNUT
523550,697648,2024-10-28,20,sample chip,parsed_from_order_notes,,needs_review,number_before_sample_chip; number_before_generic_sample; number_before_pcs,CHIP,,953,,,Y,,Y,MULTIPLE_QUANTITY_CANDIDATES_REVIEW_REQUIRED,pcs; sample,2024-10-25,2024-10-28,1.00,6.00,0.00,523550|697648,1,1.00,0.00,3,"SHIP UPS GROUND  NO CHARGE PER  - DC 1 PACKAGE | EG//KA//ES | 1 SAMPLE CHIP EA . 2 PCS  RED OAK NATURAL  - 3 1/4 """
524396,697982,2024-10-30,20,sample chip,parsed_from_order_notes,,needs_review,,,,1565,,,,,Y,NO_SAMPLE_QUANTITY_FOUND,sample,2024-10-29,2024-10-30,1.00,1.00,0.00,524396|697982,1,1.00,0.00,2,"ONE OF EACH SAMPLE: ESPRESSO DISTRESSED, ANTIQUE DISTRESSED LATTE DISTRESSED | 1 PACKAGE RP//KA//CG"
524402,066125,2024-10-30,FIN122,sample chip,parsed_from_order_notes,,needs_review,,,,,,,,,Y,NO_SAMPLE_QUANTITY_FOUND,sample,2024-10-29,2024-10-30,1.00,9.00,0.00,524402|066125,1,2.00,0.00,2,SAMPLE CHIPS TO GO OUT 10/30 1 PACKAGE | RP//KA//CG
524450,697973,2024-10-30,NEW150,sample chip,parsed_from_order_notes,5,parsed_from_order_notes,number_before_sample_chip_times_5_listed_items; number_before_generic_sample_times_5_listed_items,CHIP,,947,44.00,single_dollar_amount_in_order_notes,,44.00,Y,EACH_PATTERN_MULTIPLIED_BY_LISTED_ITEMS; VERIFY_AMOUNT_IS_FREIGHT_OR_SAMPLE_COST,sample,2024-10-29,2024-10-30,1.00,6.00,0.00,524450|697973,1,1.00,0.00,8,******UPS OVERNIGHT*** ALBERT 602-843-9040 | PAID VISA  ( 9174 ) 4/28 $ 44.00 MC 10/30 1 PACKAGE | RP//KA//CG | 1 SAMPLE CHIP EACH COLOR MAPLE MONROE | MAPLE DURHAM MAPLE SYRUP DIST | MAPLE SYRUP SMOOTH MAPLE WHEAT DISTRESSED | MAPLE WHEAT SMOOTH MAPLE CHESTNUT DISTRESSED | MAPLE CHESTNUT SMOOTH
524792,697970,2024-10-30,FLO286,sample chip,parsed_from_order_notes,,needs_review,,,,,,,,,Y,NO_SAMPLE_QUANTITY_FOUND,cut,2024-10-30,2024-10-30,1.00,1.00,0.00,524792|697970,1,2.00,0.00,2,10.30: OK PER JM BTB OK PER CESAR G AFTER CUT OFF **** | 1 PACKAGE RP//KA//CG
525495,698458,2024-11-04,PRO239,sample chip,parsed_from_order_notes,,needs_review,,,,,,,,,Y,NO_SAMPLE_QUANTITY_FOUND,cut,2024-11-01,2024-11-04,1.00,1.00,0.00,525495|698458,1,2.00,0.00,3,11.1: OK PER JM 1 PACKAGE | RP//KA//CG | GOLD - CASHMERE CUTS
525810,698453,2024-11-04,FUL102,sample panel; sample chip,parsed_from_order_notes,,needs_review,,,,,,,,,Y,MULTIPLE_SAMPLE_TYPES; NO_SAMPLE_QUANTITY_FOUND,cut; panel,2024-11-04,2024-11-04,1.00,1.00,0.00,525810|698453,1,2.00,0.00,4,11.4/: OK PER JM - CORY 775.853.1330 1 PACKAGE | RP//KA//CG | ACACIA GOLD ACACIA BRONZE | ** IF PANELS ARE NOT AVAIALBLE CUTS ARE OK ***
525910,698605,2024-11-05,20,sample chip,parsed_from_order_notes,,needs_review,,,,1564,,,,,Y,NO_SAMPLE_QUANTITY_FOUND,sample,2024-11-04,2024-11-05,1.00,1.00,0.00,525910|698605,1,1.00,0.00,2,"ONE OF EACH SAMPLE: NESSO, DOMA 7 1/2"" 1 PACKAGE | RP//KA//CG"
525986,698549,2024-11-05,BLL100,sample chip,parsed_from_order_notes,,needs_review,,,,,,,,,Y,NO_SAMPLE_QUANTITY_FOUND,sample,2024-11-04,2024-11-05,1.00,1.00,0.00,525986|698549,1,1.00,0.00,4,11/4: NO UPS GROUND CHARGE FOR SAMPLES 925-837-3716 | RESIDENTIAL 1 PACKAGE | RP//KA//CG | 2PCS G2 DIST HICKORY SIERRA
526245,698606,2024-11-05,20,sample chip,parsed_from_order_notes,,needs_review,,,,,,,,,Y,NO_SAMPLE_QUANTITY_FOUND,sample,2024-11-05,2024-11-05,1.00,1.00,0.00,526245|698606,1,3.00,0.00,2,THREE SAMPLES OF CUMARU TO SHOW VARIATION 1 PACKAGE | RP//KA//CG
526411,698735,2024-11-06,FAN104,sample chip,parsed_from_order_notes,,needs_review,number_before_pcs,,,939,,,Y,,Y,MULTIPLE_QUANTITY_CANDIDATES_REVIEW_REQUIRED,pcs,2024-11-05,2024-11-06,1.00,6.00,0.00,526411|698735,1,1.00,0.00,4,SHIP UPS  GROUND  AT NO CHARGE PER DC ATT ; SANDRA  STERLING ( 360 ) 326- 8794 | 1 BOX RP//KA//CG | FRENCH CONECTION - LIMOGE  ( 4 PCS ) EXOTICS  COLLECTION - SANTOS ( 4 PCS ) | NEWPORT COLLECTION - SHELL BEACH ( 6 PCS )
526628,698747,2024-11-06,S&G100,sample chip,parsed_from_order_notes,,needs_review,number_before_sample_chip; number_before_generic_sample,,,,,,,,Y,MULTIPLE_QUANTITY_CANDIDATES_REVIEW_REQUIRED,sample,2024-11-06,2024-11-06,1.00,1.00,0.00,526628|698747,1,1.00,0.00,3,"11.05 SAMPLE CHIPS UPS GROUND - MN 1 PACKAGE | RP//KA//CG | W/O ENG 5"" PRAIRIE WHEAT (1/2"" 3 SAMPLE CHIPS"
526695,066290,2024-11-07,PRO235,sample chip,parsed_from_order_notes,,needs_review,,,,,,,Y,,Y,NO_SAMPLE_QUANTITY_FOUND,cut,2024-11-06,2024-11-07,1.00,9.00,0.00,526695|066290,1,3.00,0.00,2,PLEASE SEND 3 CUTS OF FRENCH CONNECTION VINTAGE WHITE WASH. CHEVRON. NO CHARGE PER BRAD NM | 1 PACKAGE RP//KA//CG
526949,698924,2024-11-07,ART141,sample chip,parsed_from_order_notes,,needs_review,number_before_sample_chip; number_before_generic_sample; number_before_pcs,CHIP,,936,,,Y,,Y,MULTIPLE_QUANTITY_CANDIDATES_REVIEW_REQUIRED,pcs; sample,2024-11-07,2024-11-07,1.00,6.00,0.00,526949|698924,1,1.00,0.00,3,SHIP UPS GROUND   AT NO CHARGE PER DC ATTN : ADRIENNE | 1 PACKAGE RP//KA//CG | 1 SAMPLE CHIP EA . 2 PCS-BURTONWAY
527023,698887,2024-11-07,GAR101,sample chip,parsed_from_order_notes,3,parsed_from_order_notes,number_before_generic_sample_times_3_listed_items,,,,,,,,Y,EACH_PATTERN_MULTIPLIED_BY_LISTED_ITEMS,sample,2024-11-07,2024-11-07,1.00,1.00,0.00,527023|698887,1,1.00,0.00,3,11/07 PROMO PLEASE GIVE 1 SAMPLE PC OF EACH COLOR IF HANDSET IS NOT | AVAILABLE | BH- 1 OF EACH VN - 1 OF EACH
527048,698948,2024-11-07,20,sample chip,parsed_from_order_notes,2,parsed_from_order_notes,number_before_sample_chip; number_before_generic_sample,,,,,,,,Y,EACH_PATTERN_ITEM_COUNT_NOT_CONFIDENT,sample,2024-11-07,2024-11-07,1.00,1.00,0.00,527048|698948,1,1.00,0.00,3,11/07 SENDING SAMPLE CHIPS VIA UPS GROUND //WB CONTACT    ALYSS SWANSON 4083914268 | 1 BOX RP//KA//CG | PLEASE SEND 2 SAMPLE CHIPS  OF EACH HILL CREST /// PRIMO /// CHIANTI
527139,699132,2024-11-08,BRI115,sample chip,parsed_from_order_notes,,needs_review,,,,,,,Y,,Y,NO_SAMPLE_QUANTITY_FOUND,sample,2024-11-07,2024-11-08,1.00,1.00,0.00,527139|699132,1,1.00,0.00,4,"11/7 NO CHARGE FOR SAMPLE CHIPS VIA GROUND SHIPPING -MG 1 PACKAGE | RP//KA//CG | ***SEND 2PCS*** CC: MAPLE 5"" DURHAM | GII:  MAPLE 5"" SYRUP DISTRESSED GII:  MAPLE 5"" LATTE DISTRESSED"
527156,699137,2024-11-08,FLO239,sample chip,parsed_from_order_notes,,needs_review,number_before_sample_chip; number_before_generic_sample; number_before_pcs,CHIP,,932,,,Y,,Y,MULTIPLE_QUANTITY_CANDIDATES_REVIEW_REQUIRED,pcs; sample,2024-11-07,2024-11-08,1.00,6.00,0.00,527156|699137,1,1.00,0.00,3,SHIP UPS GROUND  AT NO  CHARGE PER DC 1 PACKAGE | RP//KA//CG | 1 SAMPLE CHIP EA. 3 PCS  - VINTAGE WHITE WASH
527408,699232,2024-11-11,20,sample chip,parsed_from_order_notes,,needs_review,number_before_sample_chip; number_before_generic_sample; number_before_pcs,CHIP,,926,,,Y,,Y,MULTIPLE_QUANTITY_CANDIDATES_REVIEW_REQUIRED,pcs; sample,2024-11-08,2024-11-11,1.00,6.00,0.00,527408|699232,1,1.00,0.00,4,SHIP UPS GROUND  AT NO CHARGE PER DC 1 BOX | RP//KA//CG | 1  SAMPLE  CHIP EA . 2 PCS  - ROXBURY | 2 PCS - CANNON
527585,699223,2024-11-11,FAN104,sample chip,parsed_from_order_notes,,needs_review,number_before_sample_chip; number_before_generic_sample; number_before_pcs,CHIP,,929,,,Y,,Y,MULTIPLE_QUANTITY_CANDIDATES_REVIEW_REQUIRED,pcs; sample,2024-11-08,2024-11-11,1.00,6.00,0.00,527585|699223,1,1.00,0.00,3,SHIP UPS GROUND AT NO CHARGE PER DC ATTN : SANDRA | 1 PACKAGE RP//KA//CG | 1 SAMPLE CHIP EA. CAROLINA CLASSIC - BEAUFORT ( 4 PCS )
527805,699234,2024-11-11,20,sample chip,parsed_from_order_notes,,needs_review,number_before_sample_chip; number_before_generic_sample; number_before_pcs,CHIP,,930,,,Y,,Y,MULTIPLE_QUANTITY_CANDIDATES_REVIEW_REQUIRED,pcs; sample,2024-11-11,2024-11-11,1.00,6.00,0.00,527805|699234,1,1.00,0.00,3,SEND UPS GROUND  AT NO CHARGE PER DC 1 PACKAGE | RP//KA//CG | 1 SAMPLE CHIP EA. EUROPEAN  OAK - VINTAGE WHITE WASH ( 2 PCS )
527812,699235,2024-11-11,20,sample chip,parsed_from_order_notes,,needs_review,number_before_sample_chip; number_before_generic_sample; number_before_pcs,CHIP,,931,,,Y,,Y,MULTIPLE_QUANTITY_CANDIDATES_REVIEW_REQUIRED,pcs; sample,2024-11-11,2024-11-11,1.00,6.00,0.00,527812|699235,1,1.00,0.00,3,SHIP UPS GROUND AT NO CHARGE  PER DC 1 PACKAGE | RP//KA//CG | 1 SAMPLE  CHIP EA . G2 HICKORY NATURAL DISTRESSED  - 2 PCS
528133,699427,2024-11-12,20,sample chip,parsed_from_order_notes,,needs_review,,,,,,,,,Y,NO_SAMPLE_QUANTITY_FOUND,cut,2024-11-12,2024-11-12,1.00,1.00,0.00,528133|699427,1,2.00,0.00,4,11.12: RESIDENTIAL DELIVERY - OK PER JM 1 PACKAGE | RP//KA//CG | CANTINA - SPANISH COFFEE CUTS CANTINA - AGAVE CUTS | CB - BIRCH TRUFFLE CUTS
528189,066374,2024-11-12,FIN122,sample chip,parsed_from_order_notes,,needs_review,,,,,,,,,Y,NO_SAMPLE_QUANTITY_FOUND,sample,2024-11-12,2024-11-12,1.00,9.00,0.00,528189|066374,1,2.00,0.00,2,SAMPLE CHIPS 1 PACKAGE | RP//KA//CG
528281,066375,2024-11-12,KDI100,sample chip,parsed_from_order_notes,,needs_review,,,,,,,,,Y,NO_SAMPLE_QUANTITY_FOUND,sample,2024-11-12,2024-11-12,1.00,9.00,0.00,528281|066375,1,2.00,0.00,2,SAMPLE CHIPS 1 PACKAGE | RP//KA//CG
528603,699577,2024-11-13,20,sample panel; sample chip,parsed_from_order_notes,2,parsed_from_order_notes,number_before_panel,,,,,,Y,,Y,MULTIPLE_SAMPLE_TYPES,pcs; plank,2024-11-13,2024-11-13,1.00,1.00,0.00,528603|699577,1,2.00,0.00,2,"SEND @ NO CHARGE. SEE TONY ANDRADE FOR PCS. KA // JSA [ 1 PKG ] | 2 PLANKS OF YESTERYEAR 2-1/4"" W/O- T&G TOO LOOSE"
528591,348181,2024-11-14,AST100,sample chip,parsed_from_order_notes,,needs_review,number_before_sample_chip; number_before_generic_sample,,,,,,,,Y,MULTIPLE_QUANTITY_CANDIDATES_REVIEW_REQUIRED,sample,2024-11-13,2024-11-14,1.00,3.00,0.00,528591|348181,1,5.00,0.00,3,11/13 SAMPLE CHIPS AT NO COST VIA UPS - SE 1 BOX | RP//KA//CG | PLEASE SEND 5 SAMPLE CHIPS PROVENCE
528924,066431,2024-11-14,STE100,sample chip,parsed_from_order_notes,,needs_review,,,,,,,Y,,Y,NO_SAMPLE_QUANTITY_FOUND,cut,2024-11-14,2024-11-14,1.00,9.00,0.00,528924|066431,1,2.00,0.00,2,PLEASE SEND 2 CUTS OF THE G2 MAPLE CHESTNUT DISTRESSED. NO CHARGE PER BRAD NM | 1 PACKAGE RP//KA//CG
529122,066462,2024-11-15,SLA105,sample chip,parsed_from_order_notes,,needs_review,,,,,,,Y,,Y,NO_SAMPLE_QUANTITY_FOUND,cut,2024-11-14,2024-11-15,1.00,9.00,0.00,529122|066462,1,2.00,0.00,2,PLEASE SEND  2 CUTS OF THE DOMA SELECT 9.5 NO CHARGE PER BRAD NM | 1 PACKAGE RP//KA//CG
529130,066463,2024-11-15,SLA105,sample chip,parsed_from_order_notes,,needs_review,,,,,,,Y,,Y,NO_SAMPLE_QUANTITY_FOUND,cut,2024-11-14,2024-11-15,1.00,9.00,0.00,529130|066463,1,2.00,0.00,2,PLEASE SEND 2 CUTS DOMA SELECT 9.5 NO CHARGE PER BRAD. 1 PACKAGE | RP//KA//CG
529732,700063,2024-11-18,20,sample chip,parsed_from_order_notes,,needs_review,,,,,,,,,Y,NO_SAMPLE_QUANTITY_FOUND,cut,2024-11-18,2024-11-18,1.00,1.00,0.00,529732|700063,1,2.00,0.00,4,OK PER JM - MELISSA 916.716.7768 RESIDNETIAL 1 PACKAGE | RP//KA//CG | GNSS-  MAPLE CHESTNUT - SMOOTH CUTS GNII - MAPLE CHESTNUT - DISTRESSED CUTS | CC-  MAPLE MONROE - CUTS
529184,066539,2024-11-19,PRO235,sample chip,parsed_from_order_notes,,needs_review,,,,,,,,,Y,NO_SAMPLE_QUANTITY_FOUND,sample,2024-11-15,2024-11-19,1.00,9.00,0.00,529184|066539,5,6.00,0.00,2,SAMPLE CHIPS 1 PACKAGE | RP//KA//CG
529985,045408,2024-11-19,FLO303,sample chip,parsed_from_order_notes,,needs_review,,,,,,,Y,,Y,NO_SAMPLE_QUANTITY_FOUND,sample,2024-11-18,2024-11-19,1.00,8.00,0.00,529985|045408,3,6.00,0.00,2,SAMPLES CHIPS TO BE AT NO CHARGE NO U.P.S. CHARGE 1 PACKAGE | RP//KA//CFG
530063,066536,2024-11-19,FIN122,sample chip,parsed_from_order_notes,,needs_review,,,,,,,,,Y,NO_SAMPLE_QUANTITY_FOUND,sample,2024-11-19,2024-11-19,1.00,9.00,0.00,530063|066536,2,4.00,0.00,2,REVISED SAMPLE CHIPS 1 PACKAGE | RP//KA//CG
529296,CS4361,2024-11-20,NOR119,sample panel,parsed_from_order_notes,,needs_review,,,,909,200.00,single_dollar_amount_in_order_notes,,200.00,Y,NO_SAMPLE_QUANTITY_FOUND; VERIFY_AMOUNT_IS_FREIGHT_OR_SAMPLE_COST,sample; panel,2024-11-15,2024-11-20,1.00,1.00,0.00,529296|CS4361,1,1.00,183.00,2,10/23 TAKING SAMPLE PANEL LEFT $200 DEPOSIT //WB HAS TILL 10/30 TO RETURN PANELS  AND DEPOSIT //WB | DOMA 9.5 // FARWELL BILLING ORDER OUT IF NOT RETURNED BY THE END OF THE DAY///WB
530980,066652,2024-11-22,CAL113,sample chip,parsed_from_order_notes,,needs_review,,,,,,,Y,,Y,NO_SAMPLE_QUANTITY_FOUND,cut,2024-11-21,2024-11-22,1.00,9.00,0.00,530980|066652,1,2.00,0.00,2,11/21 PLEASE SEND 2 CUTS OF THE DOMA SELECT 9 1/2 NO CHARGE PER BRAD NM | KA//JS ( 1 PACKAGE )
531512,701378,2024-11-25,20,sample chip,parsed_from_order_notes,,needs_review,number_before_pcs,,,,,,,,Y,MULTIPLE_QUANTITY_CANDIDATES_REVIEW_REQUIRED,pcs,2024-11-22,2024-11-25,1.00,1.00,0.00,531512|701378,1,180.00,0.00,6,"EVERGREEN WOOD INDUSTRY SDN BHD BLOCK D, LOT 211, FASA II | KAWASAN PERUSAHAAN KUALA KETIL KUALA KETIL, KEDAH, MALAYSIA ZIP: 09300 | CONT: JENNY TEL: 044163223 EMAIL: MIYOO@YUHUAWOOD@163.COM | 5 BOXES: 15"" X 10"" X 12"" BOX 1A - BH / CA / CY :  34 PCS (29-LBS) | BOX 1B - CV / GSS / DB : 58 PCS (33-LBS) BOX 1C - VG / GII : 36 PCS (23-LBS) | BOX 1D - CONT. CH / FC : 28 PCS (16-LBS) BOX 1E - VY / DV : 24 PCS (18-LBS)"
531513,701379,2024-11-25,20,sample chip,parsed_from_order_notes,,needs_review,number_before_pcs,,,,,,,,Y,MULTIPLE_QUANTITY_CANDIDATES_REVIEW_REQUIRED,pcs,2024-11-22,2024-11-25,1.00,1.00,0.00,531513|701379,1,190.00,0.00,6,"VIETNAM LECHEN FLOOR CO., LTD KHU CONG NGHIEP THANH BINH, XA THANH HUYEN CHO MOI, | TINH BAC, CAN, BAC CAN, CHO MOI-THANH BINH COMMUNE | VIETNAM ZIP: 35000 POPPY@LECHENVIETNAMFLOORING.COM | 5 BOXES: 15"" X 10"" X 12"" BOX 2A - BH / CA / CY :  34 PCS (29-LBS) | BOX 2B - CV / GSS / DB : 58 PCS (33-LBS) BOX 2C - VG / GII : 36 PCS (23-LBS) | BOX 2D - CONT. CH / FC : 28 PCS (16-LBS) BOX 2E - CC / DV / VY : 34 PCS (21-LBS)"
531514,701380,2024-11-25,20,sample chip,parsed_from_order_notes,,needs_review,number_before_pcs,,,,,,,,Y,MULTIPLE_QUANTITY_CANDIDATES_REVIEW_REQUIRED,pcs,2024-11-22,2024-11-25,1.00,1.00,0.00,531514|701380,1,180.00,0.00,6,"ZHEJIANG YUHUA TIMBER CO., LTD NO.398, HENGXING ROAD, WEITANG STREET, JIASHAN COUNTY, | JIAXING CITY, ZHEJIANG PROVINCE, PR CHINA ZIP 314100 | CONT: MIYOO TEL: +8619173677209 | 5 BOXES: 15"" X 10"" X 12"" BOX 3A - BH / CA / CY :  34 PCS (29-LBS) | BOX 3B - CV / GSS / DB : 58 PCS (33-LBS) BOX 3C - VG / GII : 36 PCS (23-LBS) | BOX 3D - CONT. CH / FC : 28 PCS (16-LBS) BOX 3E - VY / DV : 24 PCS (18-LBS)"
531867,701381,2024-11-25,20,sample chip,parsed_from_order_notes,,needs_review,number_before_pcs,,,,,,,,Y,MULTIPLE_QUANTITY_CANDIDATES_REVIEW_REQUIRED,pcs,2024-11-25,2024-11-25,1.00,1.00,0.00,531867|701381,1,180.00,0.00,6,"CAMBODIAN TROPIC FLOORING CO., LTD. A-02-01 SIHANOUK SPECIAL ECONOMIC ZONE | BUTENG VILLAGE, BRENO COUNTY, SIHANOUK PROVINCE CAMBODIA ZIP 180103 | ATTN: YUAN 076 234 6988 RACHELWORK666@126.COM | 5 BOXES: 15"" X 10"" X 12"" BOX 4A - BH / CA / CY : 34 PCS (29-LBS) | BOX 4B - CV / GSS / DB : 58 PCS (33-LBS) BOX 4C - VG / GII : 36 PCS (23-LBS) | BOX 4D - CONT. CH / FC : 28 PCS (16-LBS) BOX 4E - VY / DV : 24 PCS (18-LBS)"
532121,701094,2024-11-26,PRO100,sample chip,parsed_from_order_notes,,needs_review,,CHIP,,2198,,,,,Y,NO_SAMPLE_QUANTITY_FOUND,sample,2024-11-26,2024-11-26,1.00,1.00,0.00,532121|701094,1,1.00,0.00,3,11/26: NO UPS GROUND CHARGE FOR SAMPLES 1 PACKAGE | EG//KA//CG | 2 CHIPS OF EA: BIRCH HARVEST  & BIRCH CHESTNUT
532134,701100,2024-11-26,20,sample chip,parsed_from_order_notes,,needs_review,,,,,,,,,Y,NO_SAMPLE_QUANTITY_FOUND,cut,2024-11-26,2024-11-26,1.00,1.00,0.00,532134|701100,1,2.00,0.00,4,OK PER JM 1 BOX | EG//KA//CG | ALTURA 9-1/2 - CUTS SELLA 9-1/2 - CUTS | SELLA SELECT 9-1/2 - CUTS DOMA SELECT 9-1/2 - CUTS
532137,701080,2024-11-26,BLL100,sample panel,parsed_from_order_notes,,needs_review,,,,,,,,,Y,NO_SAMPLE_QUANTITY_FOUND,sample,2024-11-26,2024-11-26,1.00,1.00,0.00,532137|701080,1,1.00,0.00,3,11.26: OK PER JM 1 BOX | RP//KA//CG | SAMPLE BOARD
532209,701096,2024-11-26,PRO246,sample chip,parsed_from_order_notes,,needs_review,,CHIP,,2199,,,,,Y,NO_SAMPLE_QUANTITY_FOUND,sample,2024-11-26,2024-11-26,1.00,1.00,0.00,532209|701096,1,1.00,0.00,3,"11/26 : NO UPS GROUND CHARGE FOR SAMPLES 1 BOX | EG//KA//CG | 1 CHIPS EA: STRADA 9 1/2, SELLA 9 1/2, SELLA SEL. 9 1/2 DOMA 9 1/2 , ALTURA 9 1/2"
532367,066740,2024-11-27,ARR115,sample chip,parsed_from_order_notes,,needs_review,,,,,10.96,strict_freight_shipping_context,,10.96,Y,NO_SAMPLE_QUANTITY_FOUND,sample,2024-11-26,2024-11-27,1.00,9.00,0.00,532367|066740,2,4.00,0.00,2,SAMPLE CHIPS 1 PACKAGE | RP//KA//CG PACKAGE RETURNED INSUFFICIENT ADDRESS POSTAGE DUE $10.96
532402,701196,2024-11-27,CAP110,sample chip,parsed_from_order_notes,,needs_review,,,,,,,,,Y,NO_SAMPLE_QUANTITY_FOUND,cut,2024-11-26,2024-11-27,1.00,1.00,0.00,532402|701196,1,1.00,0.00,3,11.26: OK PER JM 1 BOX | RP//KA//CG | BEVERLY HILLS -CUTS CANYON CREST - CUTS
532739,066784,2024-12-02,CEJ101,sample chip,parsed_from_order_notes,,needs_review,,,,,,,Y,,Y,NO_SAMPLE_QUANTITY_FOUND,cut,2024-11-27,2024-12-02,1.00,9.00,0.00,532739|066784,1,1.00,0.00,2,PLEASE SEND 2 CUTS OF  THE 9.5 DOMA SELECT NO CHARGE PER JSG/NM | KA//JS ( 1 PKG )
533024,701395,2024-12-02,BLL100,sample panel; sample chip,parsed_from_order_notes,,needs_review,,,,,,,,,Y,MULTIPLE_SAMPLE_TYPES; NO_SAMPLE_QUANTITY_FOUND,panel,2024-12-02,2024-12-02,1.00,1.00,0.00,533024|701395,1,2.00,0.00,3,12.2: OK PER JM - BTB SHARON 925.837.3716 | KA // JSA [ 1 PKG ] | GNSS- HICKORY CHATEAU SMOOTH PANEL CANTINA - CABO REEF CHIPS
533193,701398,2024-12-02,CAR159,sample chip,parsed_from_order_notes,,needs_review,,,,2196,,,,,Y,NO_SAMPLE_QUANTITY_FOUND,sample,2024-12-02,2024-12-02,1.00,1.00,0.00,533193|701398,1,1.00,0.00,2,"12/2: NO UPS GROUND CHARGE FOR SAMPLES KA // JSA [ 1 PKG ] | CV R/O 5"""
533216,701677,2024-12-03,20,sample chip,parsed_from_order_notes,,needs_review,,,,1662,,,,,Y,NO_SAMPLE_QUANTITY_FOUND,pcs; sample; cut,2024-12-02,2024-12-03,1.00,1.00,0.00,533216|701677,1,1.00,0.00,3,"12/2: NO UPS GROUND CHARGE FOR SAMPLES 12/3: *** REPRINT ADDED ATTN TO NAME*** | 1 PACKAGE EG//KA//CG | TWO 6"" PCS OF EA 5/8 NOSING: NATHALIE AND CANEWOOD (CUT OFF DAMAGED NOSING)"
533501,701678,2024-12-03,20,sample chip,parsed_from_order_notes,,needs_review,,,,,,,,,Y,NO_SAMPLE_QUANTITY_FOUND,cut,2024-12-03,2024-12-03,1.00,1.00,0.00,533501|701678,1,2.00,0.00,4,12.3: OK PER JM - RESIDENTIAL DELIVERY KELSEY 415.802.8181 | 1 BOX EG//KA//CG | DAVINCI - MARCELLO CUTS DAVINCI - VECCHIO CUTS | FRENCH CONNECTION - PROVENCE CUTS
533946,066913,2024-12-05,FIN106,sample chip,parsed_from_order_notes,,needs_review,,,,,,,Y,,Y,NO_SAMPLE_QUANTITY_FOUND,cut,2024-12-04,2024-12-05,1.00,9.00,0.00,533946|066913,1,4.00,0.00,2,PLEASE SEND 4 CUTS OF THE IPE DECKING. NO CHARGE PER BRAD. NM | 1 PACKAGE RP//KA//CG
534182,701942,2024-12-05,SNO101,sample chip,parsed_from_order_notes,,needs_review,,CHIP,,882,,,Y,,Y,NO_SAMPLE_QUANTITY_FOUND,sample,2024-12-05,2024-12-05,1.00,1.00,0.00,534182|701942,1,1.00,0.00,3,"12/05 NO CHARGE FOR UPS GROUND DLV // DG 1 BOX | RP//KA//CG | PLEASE SEND 2 OF THE SAMPLE CHIPS: DUBOIS NATHALIE, CHANTAL, ANASTASIA"
534409,702108,2024-12-06,DAN104,sample chip,parsed_from_order_notes,,needs_review,,CHIP,,877,,,Y,,Y,NO_SAMPLE_QUANTITY_FOUND,sample,2024-12-05,2024-12-06,1.00,1.00,0.00,534409|702108,1,1.00,0.00,3,12/5 NO CHARGE FOR SAMPLE CHIPS VIA GROUND SHIPPING -MG CONTACT: ANGELO 909/241.9198 | 1 PACKAGE RP//KA//CG | ***SEND 2PCS*** PRIVATE SELECTION: DUNE #3
534474,066945,2024-12-06,PRO236,sample chip,parsed_from_order_notes,,needs_review,,,,,,,Y,,Y,NO_SAMPLE_QUANTITY_FOUND,cut,2024-12-05,2024-12-06,1.00,9.00,0.00,534474|066945,1,2.00,0.00,2,PLEASE SEND 2 CUTS OF VINEYARD  PINOT/NO CHARGE PER BRAD. NM | 1 PACKAGE RP//KA//CG
534794,066971,2024-12-09,PRO236,sample chip,parsed_from_order_notes,,needs_review,,,,,,,Y,,Y,NO_SAMPLE_QUANTITY_FOUND,cut,2024-12-06,2024-12-09,1.00,9.00,0.00,534794|066971,1,2.00,0.00,2,PLEASE SEND 2 CUTS OF THE MAPLE ESPRESSO G2 DISTRESSED NM NO CHARGE PER BRAD | 1 PACKAGE RP//KA//CG
535863,702879,2024-12-13,OMP000,sample chip,parsed_from_order_notes,,needs_review,number_before_pcs,,,,,multiple_shipping_amounts_needs_review,,531.80; 559.07; 39.56,Y,MULTIPLE_QUANTITY_CANDIDATES_REVIEW_REQUIRED; MULTIPLE_SHIPPING_DOLLAR_CANDIDATES,pcs,2024-12-11,2024-12-13,1.00,1.00,0.00,535863|702879,8,25.00,0.00,13,"SHIPPING ADDRESS: ATTN: STIVEN BIANCHI | FLO.IT SRL VIA CAL LONGA 26 | 31028 VAZZOLA (TV) | ITALY FED-EX $531.80 (26-LBS) 15"" X 10"" X 12"" | EG//AA ( 1 BX) SHIPPING CHARGES $559.07 + $39.56 DUTY & TAXES | 3 PCS @ 7"" X 9.75"" | 3 PCS @ 7"" X 7.75"" | 3 PCS @ 7"" X 7.5"" | 3 PCS @ 7"" X 7.75"" | 3 @ 7"" X 9.75"" | 3 PCS @ 7"" X 7.75"" | 2 PCS @ 7"" X 9.75"" 2 PCS @ 7"" X 7.5"" | 3 PCS @ 9.75"" X 9.75"""
536440,702874,2024-12-13,FLO181,,,,,,,,2190,,,Y,,Y,NO_SAMPLE_TYPE_DETECTED; NO_SAMPLE_TYPE_FOR_QTY; NO_EXACT_NOTE_KEYWORD_AFTER_NORMALIZE,,2024-12-13,2024-12-13,1.00,1.00,0.00,536440|702874,1,1.00,0.00,4,12/13 NO CHARGE FOR GORUND SHIPPING -MG CONTACT: RICHARD 661/755.1966 | 1 BOX RP//KA//CG | ***PLS SEND OUT 2PCS*** COMPETITION BUSTER: BIRCH HARVEST | BIRCH SPICE BIRCH CHESTNUT
536946,702991,2024-12-16,FMP100,sample chip,parsed_from_order_notes,1,parsed_from_order_notes,number_before_generic_sample,,,867,,,,,Y,EACH_PATTERN_ITEM_COUNT_NOT_CONFIDENT,sample,2024-12-16,2024-12-16,1.00,1.00,0.00,536946|702991,1,1.00,0.00,2,12/16 PROMO // DG | 1 SAMPLE PC OF EACH COLOR G2 SMOOTH
535678,703188,2024-12-17,RED102,sample panel,parsed_from_order_notes,,needs_review,,,,,,,Y,,Y,NO_SAMPLE_QUANTITY_FOUND,sample,2024-12-10,2024-12-17,1.00,1.00,0.00,535678|703188,1,1.00,0.00,2,12/16 NO CHARGE FOR SAMPLE BOARD VIA GROUND SHIPPING -MG 1 BOX | RP//KA//CG
537805,703467,2024-12-19,TIL125,sample chip,parsed_from_order_notes,2,parsed_from_order_notes,number_before_sample_chip; number_before_generic_sample,CHIP,,852,,,,,Y,EACH_PATTERN_ITEM_COUNT_NOT_CONFIDENT,sample,2024-12-19,2024-12-19,1.00,1.00,0.00,537805|703467,1,1.00,0.00,3,12/19 RAMA 859.779.0686 1 BOX | RP//KA//CG | 2 SAMPLE CHIPS OF EACH COLOR IN THE GOLD LABEL COLLECTION
537951,703866,2024-12-19,JRE100,sample panel,parsed_from_order_notes,,needs_review,,,,853,,,Y,,Y,NO_SAMPLE_QUANTITY_FOUND,panel,2024-12-19,2024-12-19,1.00,1.00,0.00,537951|703866,1,1.00,0.00,4,12/19 OK PER DH NO CHARGE // DG | 1 CTN @ 22.68 SF | 1 CTN @ 22.68 SF | PANEL OF WINDSWEPT SANDS *** NO PART # ***
538159,703660,2024-12-20,LUM104,sample chip,parsed_from_order_notes,,needs_review,,,,,,,Y,,Y,NO_SAMPLE_QUANTITY_FOUND,sample,2024-12-20,2024-12-20,1.00,5.00,0.00,538159|703660,3,6.00,0.00,3,"SHIP UPS GROUND, NO CHARGE ATTN MARIA FEDOROVA | PLEASE MAKE SURE SAMPLES ARE LABELED THAT THEY ALSO COME IN 9.5"" | 1 BOX RP//KA//CG"
538182,067219,2024-12-20,PRO099,sample chip,parsed_from_order_notes,,needs_review,,,,,,,Y,,Y,NO_SAMPLE_QUANTITY_FOUND,cut,2024-12-20,2024-12-20,1.00,9.00,0.00,538182|067219,1,2.00,0.00,2,PLEASE SEND 2 CUTS OF THE MAPLE NATURAL 3 1/4 CRYSTAL VALLEY NO CHARGE PER BRAD NM | 1 PACKAGE RP//KA//CG
538188,067220,2024-12-20,PRO099,sample chip,parsed_from_order_notes,,needs_review,,,,,,,Y,,Y,NO_SAMPLE_QUANTITY_FOUND,cut,2024-12-20,2024-12-20,1.00,9.00,0.00,538188|067220,1,2.00,0.00,2,PLEASE SEND 2 CUTS OF THE CRYSTAL VALLEY MAPLE NATURAL 3 1/4 NO CHARGE PER BRAD NM | 1 PACKAGE RP//KA//CG
538304,067216,2024-12-20,FAM107,sample chip,parsed_from_order_notes,,needs_review,,,,,,,Y,,Y,NO_SAMPLE_QUANTITY_FOUND,cut,2024-12-20,2024-12-20,1.00,9.00,0.00,538304|067216,1,3.00,0.00,2,PLEASE SEND 3 CUTS GARRISON SMOOTH WHEAT/NO CHARGE PER BRAD 1 PACKAGE | RP//KA//CG
539510,067331,2024-12-30,DMF100,sample chip,parsed_from_order_notes,,needs_review,,,,,,,Y,,Y,NO_SAMPLE_QUANTITY_FOUND,cut,2024-12-27,2024-12-30,1.00,9.00,0.00,539510|067331,1,2.00,0.00,2,12/27 PLEASE SEND 2 CUTS OF THE GOLD LABEL LOTUS. NO CHARGE PER BRAD NM. | 1 PACKAGE EG//KA//CG
539845,067361,2025-01-02,COR122,sample chip,parsed_from_order_notes,,needs_review,,,,,,,Y,,Y,NO_SAMPLE_QUANTITY_FOUND,cut,2024-12-30,2025-01-02,1.00,9.00,0.00,539845|067361,1,2.00,0.00,2,PLEASE SEND 2 CUTS OF THE VINYL NOVA LUNAR/NO CHARGE PER BRAD NM | 1 PACKAGE RP//KA//CG
540136,704430,2025-01-02,MON134,sample chip,parsed_from_order_notes,,needs_review,,,,,,,,,Y,NO_SAMPLE_QUANTITY_FOUND,cut,2025-01-02,2025-01-02,1.00,1.00,0.00,540136|704430,1,2.00,0.00,3,1.2: BRANDON - 831.760.9876 BTB 1 PACKAGE | RP//KA//CG | NOVA - COMET CUTS NOVA - NEBULA CUTS
540236,704626,2025-01-03,20,sample chip,parsed_from_order_notes,,needs_review,,CHIP,,823,,,Y,,Y,NO_SAMPLE_QUANTITY_FOUND,sample,2025-01-02,2025-01-03,1.00,1.00,0.00,540236|704626,1,1.00,0.00,3,01/02 NO CHARGE FOR UPS GROUND DLV // DG EMIL 407.341.1115 | 1 PACKAGE RP//KA//CG | PLEASE SEND 2 OF THE FOLLOWING SAMPLE CHIPS: GNII MAPLE WHEAT & HICKORY NATURAL
537658,704834,2025-01-07,FLO327,sample chip,parsed_from_order_notes,,needs_review,number_before_chip; number_before_pcs,CHIP,,816,1586.86,single_dollar_amount_in_order_notes,Y,1586.86,Y,MULTIPLE_QUANTITY_CANDIDATES_REVIEW_REQUIRED; VERIFY_AMOUNT_IS_FREIGHT_OR_SAMPLE_COST; NO_CUSTOMER_CHARGE_LANGUAGE_PRESENT_WITH_DOLLAR_AMOUNT,pcs,2024-12-18,2025-01-07,1.00,1.00,1.00,537658|704834,1,1.00,0.00,6,FAROK 408.573.9400 BTB.FORKLIFT MON-FRI 9-3 | PAID ON SPLIT NO FREIGHT CHARGE AS MATERIAL WAS NOT AVAILABLE AT TIME | OF ORIGINAL ORDER JS//BJ//ES (  3 TUBES / 1 BX ) | 2.12:MC****1380 EXP:0429 AC:00763Q $1586.86 AR | PLEASE SEND 4 CHIPS OF CABO REEF | 10 PCS @ 8'
538778,704838,2025-01-07,MCC101,sample panel; sample chip,parsed_from_order_notes,,needs_review,,,,,,,Y,,Y,MULTIPLE_SAMPLE_TYPES; NO_SAMPLE_QUANTITY_FOUND,sample,2024-12-23,2025-01-07,1.00,1.00,0.00,538778|704838,1,1.00,0.00,3,1/6 NO CHARGE FOR SAMPLE CHIPS -MG 1 BOX | EG//KA//CG | CHAMPAGNE BOARD
540879,067432,2025-01-07,HER108,sample chip,parsed_from_order_notes,,needs_review,,,,,,,,,Y,NO_SAMPLE_QUANTITY_FOUND,sample,2025-01-06,2025-01-07,1.00,9.00,0.00,540879|067432,1,2.00,0.00,2,SAMPLE CHIPS 1 PACKAGE | EG//KA//CG
541134,705001,2025-01-08,20,sample chip,parsed_from_order_notes,6,parsed_from_order_notes,number_before_pcs,,,,,,,,Y,EACH_PATTERN_ITEM_COUNT_NOT_CONFIDENT,pcs,2025-01-07,2025-01-08,1.00,1.00,0.00,541134|705001,1,6.00,0.00,3,1.7: RESIDNETIAL DELIVERY 2 BOXES | RP//KA//CG 1Z9380460328234505 | VINEYARD - 6 PCS OF EACH COLOR CRYSTAL VALLEY - 6 PCS OF EACH COLOR
541395,705002,2025-01-08,20,sample chip,parsed_from_order_notes,,needs_review,,,,,,,,,Y,NO_SAMPLE_QUANTITY_FOUND,sample,2025-01-08,2025-01-08,1.00,1.00,0.00,541395|705002,1,1.00,0.00,10,"01.08 UPS GROUND NO DLV FEE SAMPLE CHIPS - MN 1 BOX | RP//KA//CG | SAMPLE CHIPS EURO OAK 9.5"" DOMA | EURO OAK 9.5"" DOMA SELECT EURO OAK 7.5"" VENTASSO | EURO OAK 9-1/2"" VERONA EURO OAK 8-5/8"" GOBI | EURO OAK 8-5/8"" MIRAGE EURO OAK 7.5"" ZUMA BEACH | EURO OAK 7.5"" PEBBLE BEACH EURO OAK 7.5"" DEL MAR | EURO OAK 7.5"" LAGUNA BEACH 5X24-1/16 CHEVRON ROVENZA | EURO OAK 9.5"" CANON EURO OAK 9-1/2"" ROMANTIQUE | OAK 9.5"" SUEDE"
541566,067495,2025-01-10,COA125,sample chip,parsed_from_order_notes,,needs_review,,,,,,,,,Y,NO_SAMPLE_QUANTITY_FOUND,sample,2025-01-08,2025-01-10,1.00,9.00,0.00,541566|067495,3,9.00,0.00,2,"SEND OUT ON 1/10 EMAILED SAMPLES, COLOR ARE AVAILABLE 1/8 AA | 1 BOX EG//KA//CG"
541928,705283,2025-01-10,NAT105,sample panel; sample chip,parsed_from_order_notes,3,parsed_from_order_notes,number_before_sample_chip; number_before_generic_sample,CHIP,,803,,,Y,,Y,MULTIPLE_SAMPLE_TYPES,sample; plank,2025-01-10,2025-01-10,1.00,6.00,0.00,541928|705283,1,1.00,0.00,4,SHIP UPS GROUND AT NO CHARGE PER DC ATTN : GINO  801-977-1171 | 1 PACKAGE EG//KA//CG | 3 SAMPLE CHIPS EA. ALLORA : - 9.5  UNFINISHED AB SELECT PLANK | -
541950,705288,2025-01-10,SAN113,sample chip,parsed_from_order_notes,,needs_review,,CHIP,,2188,,,Y,,Y,NO_SAMPLE_QUANTITY_FOUND,sample,2025-01-10,2025-01-10,1.00,1.00,0.00,541950|705288,1,1.00,0.00,4,1/10 NO CHARGE FOR SAMPLE CHIPS VIA GROUND SHIPPING -MG 1 PACKAGE | EG//KA//CG | ***SEND 2SAMPLES*** GII: CHATEAU DISTRESSED | SIERRA DISTRESSED
542322,705410,2025-01-13,20,sample chip,parsed_from_order_notes,,needs_review,,,,,,,,,Y,NO_SAMPLE_QUANTITY_FOUND,cut,2025-01-13,2025-01-13,1.00,1.00,0.00,542322|705410,1,2.00,0.00,2,ABDELAZIZ 916.684.5124 RESIDENTIAL DELIVERY KA//EL ( 1 PACKAGE ) | EXOTICS - ACACIA BRONZE CUTS EXOTICS - ACACIA GOLD CUTS
542838,067557,2025-01-15,PRO236,sample chip,parsed_from_order_notes,,needs_review,,,,,,,,,Y,NO_SAMPLE_QUANTITY_FOUND,sample,2025-01-14,2025-01-15,1.00,9.00,0.00,542838|067557,2,4.00,0.00,2,SAMPLE CHIP FOR PARALLELLS NATURAL OAK AND IVORY 2.0 | 1 BOX RP//KA//CG
543181,705816,2025-01-16,SHA113,sample panel,parsed_from_order_notes,,needs_review,,,,,,,Y,,Y,NO_SAMPLE_QUANTITY_FOUND,sample,2025-01-15,2025-01-16,1.00,1.00,0.00,543181|705816,1,1.00,0.00,3,1/15 NO CHARGE FOR SAMPLE BOARD VIA GROUND SHIPPING -MG 1 BOX | RP//KA//CG | ***SEND SAMPLE BOARD*** GII: WALNUT ANTIQUE DISTRESSED
543263,705803,2025-01-16,FLO137,,,,,,,,2186,,,,,Y,NO_SAMPLE_TYPE_DETECTED; NO_SAMPLE_TYPE_FOR_QTY; NO_EXACT_NOTE_KEYWORD_AFTER_NORMALIZE,,2025-01-15,2025-01-16,1.00,1.00,0.00,543263|705803,1,1.00,0.00,3,1/15 SEND OUT NO COST GROUND SHIPPING -MG 1 PACKAGE | RP//KA//CG | ***SEND 2PCS*** COMPETITION BUSTER: BIRCH HARVEST
544076,067645,2025-01-21,MAR205,sample chip,parsed_from_order_notes,,needs_review,,,,,,,,,Y,NO_SAMPLE_QUANTITY_FOUND,sample,2025-01-20,2025-01-21,1.00,9.00,0.00,544076|067645,3,4.00,0.00,2,SAMPLE CHIP EXOTIC 1 BOX | RP//KA//CG
544175,706264,2025-01-21,GRE137,sample chip,parsed_from_order_notes,,needs_review,,,,,,,,,Y,NO_SAMPLE_QUANTITY_FOUND,sample,2025-01-20,2025-01-21,1.00,1.00,0.00,544175|706264,1,10.00,0.00,4,"10 EACH SAMPLE CHIPS OF COLORS LISTED 3 BOXES | RP//KA//CG 1Z9380460334645014 | 1Z9380460337420000 | FC CAFFE, BH HILLCREST, BH ROXBURY, NP MONTERREY, PS ADOBE, PS DUNE,PS MESA,PS MIRAGE, VY CHABLIS, VY PRIMO, VY ROVENZA"
544237,706275,2025-01-21,SAN113,sample chip,parsed_from_order_notes,,needs_review,,CHIP,,777,,,Y,,Y,NO_SAMPLE_QUANTITY_FOUND,sample,2025-01-20,2025-01-21,1.00,1.00,0.00,544237|706275,1,1.00,0.00,3,01/20 NO CHARGE FOR UPS GROUND DLV // DG BRUCE 805.729.8006 | 1 BOX RP//KA//CG | PLEASE SEND SAMPLE CHIP OF: NEWPORT PARADISE COVE & MANHATTAN BEACH
544238,067644,2025-01-21,CAL168,sample chip,parsed_from_order_notes,,needs_review,,,,,,,Y,,Y,NO_SAMPLE_QUANTITY_FOUND,cut,2025-01-20,2025-01-21,1.00,9.00,0.00,544238|067644,1,3.00,0.00,2,PLEASE SEND 3 CUTS OF THE G2 DISTRESSED MAPLE SYRUP. NO NO CHARGE PER BRAD NM | 1 PACKAGE RP//KA//CG
544520,706276,2025-01-21,SAN113,sample panel,parsed_from_order_notes,,needs_review,,,,1661,,,Y,,Y,NO_SAMPLE_QUANTITY_FOUND,sample,2025-01-21,2025-01-21,1.00,1.00,0.00,544520|706276,1,1.00,0.00,5,1/21 NO CHARGE FOR SAMPLES VIA GROUND SHIPPING -MG 1 BOX | RP//KA//CG | ***SEND SAMPLE BOARD*** ALLORA: ALTURA | VOLTO SELLA | BEVERLY HILLS: BURTON WAY
544680,706410,2025-01-22,ATI100,sample chip,parsed_from_order_notes,2,parsed_from_order_notes,number_before_sample_chip; number_before_generic_sample,CHIP,,773,,,,,Y,EACH_PATTERN_ITEM_COUNT_NOT_CONFIDENT,sample,2025-01-21,2025-01-22,1.00,1.00,0.00,544680|706410,1,1.00,0.00,3,01/21 NO DLV FEE PER HP YVONNE 818.398.2873 | KA // CG [ 1 BX ] | PLEASE SEND 2 SAMPLE CHIPS OF EACH COLOR IN VINYLNOVA & AQUABLUE II NEW
544364,067777,2025-01-23,COM113,sample chip,parsed_from_order_notes,,needs_review,,,,,,,,,Y,NO_SAMPLE_QUANTITY_FOUND,sample,2025-01-20,2025-01-23,1.00,9.00,0.00,544364|067777,2,2.00,0.00,3,1/20: 5 DAY HOLD EXPIRES 1/27 WILL CALL SANTA ANA 1/21 | HANDSETS  AND ALLORA 7.5 ALL SAMPLE CHIPS ALLORA 9.5 ALL SAMPLE CHIPS | PRIVATE SELECTION ALL SAMPLE CHIPS MATERIAL FROM VN TR# 544366 **********
545253,706594,2025-01-23,NAR103,sample chip,parsed_from_order_notes,,needs_review,,,,2185,,,,,Y,NO_SAMPLE_QUANTITY_FOUND,sample,2025-01-23,2025-01-23,1.00,1.00,0.00,545253|706594,1,1.00,0.00,3,"1/23: NO UPS GROUND CHARGE FOR SAMPLES 1 BOX | RP//KA//CG | 2PCS OF EA: M.LATTE DIST., M. WHEAT DIST, M.SYRUP DIST"
545369,706716,2025-01-24,BRI115,sample chip,parsed_from_order_notes,,needs_review,,,,,,,Y,,Y,NO_SAMPLE_QUANTITY_FOUND,sample,2025-01-23,2025-01-24,1.00,1.00,0.00,545369|706716,1,1.00,0.00,4,"01.23 UPS GROUND NO DLV CHARGE - MN OMAR 510-415-2966 | 1 PACKAGE RP//KA//CG | SAMPLE CHIPS MAPLE 5"" WHEAT DISTRESSED | MAPLE 5"" DURHAM"
545592,706721,2025-01-24,FLO181,sample chip,parsed_from_order_notes,4,parsed_from_order_notes,number_before_sample_chip_times_2_listed_items; number_before_generic_sample_times_2_listed_items,CHIP,,767,,,Y,,Y,EACH_PATTERN_MULTIPLIED_BY_LISTED_ITEMS,sample,2025-01-24,2025-01-24,1.00,4.00,0.00,545592|706721,1,1.00,0.00,3,"PLEASE SEND GROUDN UPS @ NO CHARGE PER HUGO, THANK YOU MON-SAT 9AM-5PM - 805-946-1292 / ATT:ROMAN | 1 PACKAGE RP//KA//CG | SEND 2 SAMPLE CHIPS OF EACH BIRCH SPICE AND HICKORY VINTAGE / COMPETITION BUSTER"
545674,706730,2025-01-24,S&G100,sample chip,parsed_from_order_notes,4,parsed_from_order_notes,number_before_pcs_times_2_listed_items,,,2184,,,,,Y,EACH_PATTERN_MULTIPLIED_BY_LISTED_ITEMS,pcs; sample,2025-01-24,2025-01-24,1.00,1.00,0.00,545674|706730,1,1.00,0.00,3,"1/24: NO UPS GROUND CHARGE FOR SAMPLES 1 BOX | RP//KA//CG | 2 PCS OF EACH:W.NAT DIST, W. ANTIQUE DIST."
546115,706907,2025-01-27,DGS100,sample chip,parsed_from_order_notes,,needs_review,,,,,,,Y,,Y,NO_SAMPLE_QUANTITY_FOUND,sample,2025-01-27,2025-01-27,1.00,1.00,0.00,546115|706907,1,1.00,0.00,3,"1/27 NO CHARGE FOR SAMPLE CHIPS VIA GROUND SHIPPING -MG 1 PACKAGE | RP//KA//CG | ***SEND 2SAMPLES CHIPS*** CRYSTA VALLEY:  R/O ENG 5"" NATURAL 2.2M (1/2"")"
546214,067770,2025-01-28,COR122,sample chip,parsed_from_order_notes,,needs_review,,,,,,,,,Y,NO_SAMPLE_QUANTITY_FOUND,sample,2025-01-27,2025-01-28,1.00,9.00,0.00,546214|067770,1,1.00,0.00,2,SAMPLE CHIPS 1 PACKAGE | RP//KA//CG
546215,067771,2025-01-28,COR122,sample chip,parsed_from_order_notes,,needs_review,,,,,,,,,Y,NO_SAMPLE_QUANTITY_FOUND,sample,2025-01-27,2025-01-28,1.00,9.00,0.00,546215|067771,1,1.00,0.00,2,SAMPLE CHIPS 1 PACKAGE | RP//KA//CG
546647,707212,2025-01-29,NEW126,sample chip,parsed_from_order_notes,,needs_review,,CHIP,,2183,,,,,Y,NO_SAMPLE_QUANTITY_FOUND,sample,2025-01-29,2025-01-29,1.00,1.00,0.00,546647|707212,1,1.00,0.00,3,"1/29: NO UPS GROUND CHARGE FOR SAMPLES 1 BOX | RP//KA//CG | 2 CHIPS OF EA: MAPLE MONROE, G2 M.SYRUP DIST."
546752,707214,2025-01-29,OMP000,sample chip,parsed_from_order_notes,3,parsed_from_order_notes,number_before_chip,,,,,multiple_shipping_amounts_needs_review,,307.81; 312.79,Y,MULTIPLE_SHIPPING_DOLLAR_CANDIDATES,sample; cut,2025-01-29,2025-01-29,1.00,1.00,0.00,546752|707214,1,3.00,0.00,6,"VIETNAM LECHEN FLOOR CO., LTD. KHU CONG NGHIEP THANH BINH, XA THANH HUYEN CHO MOI, | TINH BAC, CAN, BAC CAN, CHO MOI-THANH BINH COMMUNE, VIETNAM. ZIP: 35000 | CONT: POPPY TEL: +84868825893 POPPY@LECHENVIETNAMFLOORING.COM | FED-EX $307.81 (4-LBS) 12 X 10 X 3 RP//AA ( 1 PACKAGE ) | SHIPPING CHARGES: $312.79 | 3 CHIPS @ 9.5*7-3/8L (SAMPLES DEPARTMENT CUT THE CHIPS UNEVEN, NOT EXACT 7""L)"
546767,707215,2025-01-29,OMP000,sample chip,parsed_from_order_notes,3,parsed_from_order_notes,number_before_chip,,,,,multiple_shipping_amounts_needs_review,,251.79; 25.03,Y,MULTIPLE_SHIPPING_DOLLAR_CANDIDATES,sample; cut,2025-01-29,2025-01-29,1.00,1.00,0.00,546767|707215,1,3.00,0.00,6,"EVERGREEN WOOD INDUSTRY SDN BHD | BLOCK D, LOT 211, FASA II KAWASAN PERUSAHAAN KUALA KETIL | KUALA KETIL, KEDAH, MALAYSIA ZIP: 09300 CONT: JENNY TEL: 044163223 | MIYOO@YUHUAWOOD.COM FED-EX $251.79 (4-LBS) 11 X 10 X 3 | RP//AA ( 1 PACKAGE ) SHIPPING CHARGES: OUTBOUND $251.79 // DUTIES/CUSTOM $25.03 | 3 CHIPS @ 9.5*7-3/8""L (SAMPLES DEPT DIDN'T CUT THE CHIPS EVEN)"
546770,707207,2025-01-29,GRE137,sample chip,parsed_from_order_notes,,needs_review,,,,,,,,,Y,NO_SAMPLE_QUANTITY_FOUND,sample,2025-01-29,2025-01-29,1.00,1.00,0.00,546770|707207,1,10.00,0.00,2,1 BOX RP//KA//CG | IN STOCK PER SAMPLES
547211,707539,2025-01-31,AST100,sample panel; sample chip,parsed_from_order_notes,4,parsed_from_order_notes,number_before_sample_chip; number_before_generic_sample,,,,,,,,Y,MULTIPLE_SAMPLE_TYPES,sample; panel,2025-01-30,2025-01-31,1.00,1.00,0.00,547211|707539,1,1.00,0.00,5,01/30  SENDING SAMPLE CHIPS VIA UPS GROUND //WB NO STOCK PER SAMPLE DEPARTMENT | SAMPLES CHECKING STOCK ON PANEL CABO REEF //WB FRED 209.571.8583 | MON - FRI 9-3 1 PACKAGE | EG//KA//CG | CABO REEF SAMPLE CHIPS PLEASE SEND 4 SAMPLE CHIPS
547263,067864,2025-01-31,CHR111,sample chip,parsed_from_order_notes,,needs_review,,,,,,,Y,,Y,NO_SAMPLE_QUANTITY_FOUND,cut,2025-01-30,2025-01-31,1.00,9.00,0.00,547263|067864,1,2.00,0.00,2,PLEASE SEND 2 CUTS OF THE COMPETITION BUSTER TRUFFLE. NO CHARGE PER BRAD NM | KA//CG ( 1 PKG )
547336,067865,2025-01-31,COA125,sample chip,parsed_from_order_notes,,needs_review,,,,,,,,,Y,NO_SAMPLE_QUANTITY_FOUND,sample,2025-01-31,2025-01-31,1.00,9.00,0.00,547336|067865,3,6.00,0.00,3,"PLEASE SEND SAMPLE CHIPS OF THE FOLLOWING EURO OAK 7.5"" DEL MAR (1/2"") | EURO OAK 7.5"" PEB.BEACH (1/2"") EURO OAK 8-5/8"" PINOT | 1 BOX EG//KA//CG"
547531,707424,2025-01-31,HER107,sample chip,parsed_from_order_notes,1,parsed_from_order_notes,number_before_piece,,,,,,,,Y,EACH_PATTERN_ITEM_COUNT_NOT_CONFIDENT,pieces; sample,2025-01-31,2025-01-31,1.00,6.00,0.00,547531|707424,1,1.00,0.00,2,SAMPLES | 1 PIECE FOR EACH COLOR
547575,707740,2025-02-03,SNO101,sample chip,parsed_from_order_notes,,needs_review,,CHIP,,2182,,,,,Y,NO_SAMPLE_QUANTITY_FOUND,sample,2025-01-31,2025-02-03,1.00,1.00,0.00,547575|707740,1,1.00,0.00,3,"1/31: NO UPS GROUNF CHARGE FOR SAMPLES 1 PACKAGE | RP//KA//CG | 2 CHIPS OF EA: MAPLE WHEAT DIST. MAPLE SYRUP DIST. CB CHESTNUT, CB HARVEST"
547990,707901,2025-02-04,RED109,sample chip,parsed_from_order_notes,,needs_review,,CHIP,,1660,,,,,Y,NO_SAMPLE_QUANTITY_FOUND,sample,2025-02-03,2025-02-04,1.00,1.00,0.00,547990|707901,1,1.00,0.00,3,"2/3: NO UPS GROUND CHARGE FOR SAMPLES 1 BOX | RP//KA//CG | 2 CHIPS OF EA: W.ANTIQUE DIST, M. ESPRESSO DIST, M. SYRUP DIST."
548043,707897,2025-02-04,INT113,sample chip,parsed_from_order_notes,,needs_review,,CHIP,,2181,,,,,Y,NO_SAMPLE_QUANTITY_FOUND,sample,2025-02-03,2025-02-04,1.00,1.00,0.00,548043|707897,1,1.00,0.00,3,"2/3: NO UPS GROUND CHARGE FOR SAMPLES 1 BOX | RP//KA//CG | 2 CHIPS OF EA: GLIMMER, FLASH ,AURORA"
548435,708027,2025-02-05,FLO211,sample panel; sample chip,parsed_from_order_notes,,needs_review,,,,,,,,,Y,MULTIPLE_SAMPLE_TYPES; NO_SAMPLE_QUANTITY_FOUND,sample; cut,2025-02-04,2025-02-05,1.00,1.00,0.00,548435|708027,1,1.00,0.00,4,2.4: OK PER JM BTB 1 BOX | RP//KA//CG | CANTINA- PALOMA BOARD CB - HICKORY ANTIQUE | ** OK TO SEND SAMPLE CUTS IF NO BOARDA AVAILABLE **
549194,708343,2025-02-07,FLO251,sample chip,parsed_from_order_notes,,needs_review,,CHIP,,2179,,,,,Y,NO_SAMPLE_QUANTITY_FOUND,sample,2025-02-07,2025-02-07,1.00,1.00,0.00,549194|708343,1,1.00,0.00,3,"2/7: NO GROUND CHARGE FOR SAMPLES 1 PACKAGE | RP//KA//CG | 2 CHIPS OF EA: CC H. BEAUFORT , G2D HICKORY NAT."
549419,708465,2025-02-10,GRI103,sample chip,parsed_from_order_notes,1,parsed_from_order_notes,number_before_cut; singular_cut_of,,,,,,,,Y,EACH_PATTERN_ITEM_COUNT_NOT_CONFIDENT,cut,2025-02-07,2025-02-10,1.00,1.00,0.00,549419|708465,1,2.00,0.00,3,2.7: OK PER JM - BTB 1 BOX | RP//KA//CG | DB- NATHALIE CUTS BH- 1 CUT OF EACH
549675,708476,2025-02-10,20,sample chip,parsed_from_order_notes,,needs_review,,,,,,,,,Y,NO_SAMPLE_QUANTITY_FOUND,sample; cut,2025-02-10,2025-02-10,1.00,1.00,0.00,549675|708476,1,2.00,0.00,3,RESDIENTIAL DELIVERY 1 PACKAGE | RP//KA//CG | SAMPLE CUTS
549961,708635,2025-02-11,20,sample chip,parsed_from_order_notes,,needs_review,,CHIP,,2178,,,,,Y,NO_SAMPLE_QUANTITY_FOUND,sample,2025-02-11,2025-02-11,1.00,1.00,0.00,549961|708635,1,1.00,0.00,3,"2/11: NO UPS GROUND CHARGE FOR SAMPLES 1 BOX | RP//KA//CG | 2 CHIPS OF EA: RODEO DRIVE, WALDEN"
550162,708778,2025-02-12,RED109,sample chip,parsed_from_order_notes,,needs_review,,CHIP,,2177,,,Y,,Y,NO_SAMPLE_QUANTITY_FOUND,sample,2025-02-11,2025-02-12,1.00,1.00,0.00,550162|708778,1,1.00,0.00,3,2/11: NO UPS CHARGE FOR SAMPLES 1 PACKAGE | RP//KA//CG | 2 CHIPS OF EA :  ACACIA BLACK WALNUT
550447,708767,2025-02-12,FLO327,sample panel; sample chip,parsed_from_order_notes,,needs_review,,,,,4372.05,single_dollar_amount_in_order_notes,,4372.05,Y,MULTIPLE_SAMPLE_TYPES; NO_SAMPLE_QUANTITY_FOUND; VERIFY_AMOUNT_IS_FREIGHT_OR_SAMPLE_COST,panel,2025-02-12,2025-02-12,1.00,1.00,0.00,550447|708767,1,4.00,0.00,4,2.12:MC****1380 EXP:0429 AC:03095Q $4372.05 AR FAROK 408.573.9400 | BTB.FORKLIFT MON-FRI 9-3 COMBINED W. 549724 | IF NO PANELS AVAILABLE PLEASE SEND 4 CHIPS OF EACH JL // JSA // ES [ 1 PLT ] | 15 CTN @ 29.53 SF/CTN= 442.95 SF [ 15X 58490 ]
550511,068095,2025-02-13,COR122,sample chip,parsed_from_order_notes,,needs_review,,,,,,,,,Y,NO_SAMPLE_QUANTITY_FOUND,sample,2025-02-12,2025-02-13,1.00,9.00,0.00,550511|068095,1,2.00,0.00,2,SAMPLE CHIPS REVISED ADDRESS AND DATE | 1 PACKAGE RP//KA//CG
550552,708862,2025-02-13,PRO119,sample chip,parsed_from_order_notes,,needs_review,,,,,,,,,Y,NO_SAMPLE_QUANTITY_FOUND,cut,2025-02-12,2025-02-13,1.00,1.00,0.00,550552|708862,1,2.00,0.00,3,OK PER JM 1 PACKAGE | RP//KA//CG | CANTINA - MAPLE AGAVE CUTS CANTINA - SPANISH COFFEE CUTS
550743,708863,2025-02-13,PRO121,sample chip,parsed_from_order_notes,,needs_review,,CHIP,,2176,,,,,Y,NO_SAMPLE_QUANTITY_FOUND,sample,2025-02-13,2025-02-13,1.00,1.00,0.00,550743|708863,1,1.00,0.00,3,"2/13: NO UPS GROUND CHARGE FOR SAMPLES 1 PACKAGE | RP//KA//CG | 2 CHIPS OF EA : 5"" W/O NAT."
550750,068098,2025-02-13,PRO244,sample chip,parsed_from_order_notes,,needs_review,,,,,,,Y,,Y,NO_SAMPLE_QUANTITY_FOUND,cut,2025-02-13,2025-02-13,1.00,9.00,0.00,550750|068098,1,3.00,0.00,2,PLEASE SEND 3 CUTS EACH OF THE FRENCH CONNECTION COGNAC// NO CHARGE PER DAVE NM | 1 PACKAGE RP//KA//CG
550809,709079,2025-02-14,OMP000,sample chip,parsed_from_order_notes,,needs_review,number_before_chip; number_before_chip_times_4_listed_items,,,,,multiple_shipping_amounts_needs_review,,681.38; 98.55,Y,EACH_PATTERN_MULTIPLIED_BY_LISTED_ITEMS; MULTIPLE_QUANTITY_CANDIDATES_REVIEW_REQUIRED; MULTIPLE_SHIPPING_DOLLAR_CANDIDATES; NO_EXACT_NOTE_KEYWORD_AFTER_NORMALIZE,,2025-02-13,2025-02-14,1.00,1.00,0.00,550809|709079,2,41.00,0.00,13,"VIETNAM MERIDA WOOD CO., LTD SOUTHERN INDUSTRIAL PARK, PHU THINH COMMUNE, YEN BINH | DISTRICT, YEN BAI PROVINCE, VIETNAM. 320000 CONT: MR.BAC | TEL: 0978799826 EMAL: VIETNAMMERIDAWOODS@GMAIL.COM | RP//AA ( 1 BOX ) FEDEX $681.38 | SHIPPING CHARGES: $681.38  // DUTIES,CUSTOM $98.55 | 31 CHIPS FOR GII/GSS ALL @9/16*5*7""L 2PCS SIERRA DIST | 4PCS [2 EA] CHATEAU DIST/SS 4PCS [2 EA] CHESTNUT DIST/SS | 2PCS ESPRESSO SMOOTH 2PCS LATTE DIST | 3PCS WHEAT SMOOTH 4PCS [2 EA] SYRUP DIST/SS | 2PCS AUTUMN DIST 4PCS [2 EA] ANTIQUE DIST/SS | 4PCS [2 EA] WALNUT NATURAL DIST/SS | 10 CHIPS FOR CV 2PCS @1/2*5*7""L & 8PCS @1/2*3.25*7""L | 2PCS OF EACH KIND: PW 3.25/5, W/O 3.25, R/O 3.25, AND MAPLE NAT 3.25"
550893,709063,2025-02-14,CAR144,sample chip,parsed_from_order_notes,,needs_review,,CHIP,,2174,,,Y,,Y,NO_SAMPLE_QUANTITY_FOUND,sample,2025-02-13,2025-02-14,1.00,1.00,0.00,550893|709063,1,1.00,0.00,3,2/13 NO CHARGE FOR SAMPLE CHIPS VIA GROUND SHIPPING -MG 1 PACKAGE | RP//KA//CG | ***SEND SAMPLE CHIPS*** DU BOIS: WALNUT NATURAL 7.5
551048,709078,2025-02-14,NEW126,sample chip,parsed_from_order_notes,,needs_review,,CHIP,,2175,,,Y,,Y,NO_SAMPLE_QUANTITY_FOUND,sample,2025-02-14,2025-02-14,1.00,1.00,0.00,551048|709078,1,1.00,0.00,3,2/14 NO CHARGE FOR SAMPLE CHIPS VIA GROUND SHIPPING -MG 1 PACKAGE | RP//KA//CG | ***SEND 2PCS** GII: WALNUT NATURAL SMOOTH/DISTRESS
550695,709216,2025-02-17,20,sample chip,parsed_from_order_notes,,needs_review,,,,719,,,,,Y,NO_SAMPLE_QUANTITY_FOUND,cut,2025-02-13,2025-02-17,1.00,1.00,0.00,550695|709216,1,2.00,0.00,2,OK PER JM KA // JSA [ 1 PKG ] | ALLORA - DOMA SELECT 7.5/9.5 CUTS
551221,709214,2025-02-17,S&G100,sample chip,parsed_from_order_notes,,needs_review,,CHIP,,2173,,,Y,,Y,NO_SAMPLE_QUANTITY_FOUND,sample,2025-02-14,2025-02-17,1.00,1.00,0.00,551221|709214,1,1.00,0.00,3,2/14 NO CHARGE FOR SAMPLE CHIPS VIA GROUND SHIPPING -MG KA // JSA [ 1 PKG ] | ***SEND 2SAMPLES CHIPS*** GII: WALNUT NATURAL DISTRESSED | WALNUT ANTIQUE
551237,709205,2025-02-17,HEN110,sample chip,parsed_from_order_notes,,needs_review,,,,,,,,,Y,NO_SAMPLE_QUANTITY_FOUND,cut,2025-02-14,2025-02-17,1.00,1.00,0.00,551237|709205,1,2.00,0.00,2,2.14: OK PER JM KA // JSA [ 1 PKG ] | GII- DISTRESSED - HICKORY SIERRA CUTS GII- DISTRESSED - HICKORY CHATEAU CUTS
551746,709354,2025-02-18,DAM105,sample chip,parsed_from_order_notes,,needs_review,,CHIP,,718,,,Y,,Y,NO_SAMPLE_QUANTITY_FOUND,sample,2025-02-17,2025-02-18,1.00,6.00,0.00,551746|709354,1,1.00,0.00,3,SHIP UPS GROUND AT NO CHARGE PER DC ATTN : DAVID SANTIAGO  480-815-0880 | 1 BOX RP//KA//CG | ILLUMIN8 SAMPLE CHIP 1 FOR EA. COLOR **
551900,068166,2025-02-18,PRO236,sample chip,parsed_from_order_notes,,needs_review,,,,,,,Y,,Y,NO_SAMPLE_QUANTITY_FOUND,cut,2025-02-18,2025-02-18,1.00,9.00,0.00,551900|068166,1,2.00,0.00,2,PLEASE SEND 2 CUTS OF THE WINDSWEPT AQUABLUE II. NO CHARGE PER BRAD NM | 1 PACKAGE RP//KA//CG
552029,068185,2025-02-19,CAL168,sample chip,parsed_from_order_notes,,needs_review,,,,,,,Y,,Y,NO_SAMPLE_QUANTITY_FOUND,cut,2025-02-18,2025-02-19,1.00,9.00,0.00,552029|068185,1,3.00,0.00,2,PLEASE SEND 3 CUTS OF SMOOTH MAPLE WHEAT. NO CHARGE PER BRAD NM | 1 PACKAGE RP//KA//CG
552202,709495,2025-02-19,FLO328,sample chip,parsed_from_order_notes,,needs_review,,,,,,,,,Y,NO_SAMPLE_QUANTITY_FOUND,cut,2025-02-19,2025-02-19,1.00,1.00,0.00,552202|709495,1,2.00,0.00,5,2.19: OKK PER JM - BTB 1 BOX | RP//KA//CG | CC-CHARLOTTE CUTS CC- SALEM CUTS | CC-MAPLE MONROE CUTS CB- HICKORY ANTIQUE CUTS | CB- BIRCH TRUFFLE CUTS
552437,709713,2025-02-20,MOD107,sample chip,parsed_from_order_notes,,needs_review,number_before_sample_chip; number_before_generic_sample,,,,,,Y,,Y,MULTIPLE_QUANTITY_CANDIDATES_REVIEW_REQUIRED,sample,2025-02-19,2025-02-20,1.00,1.00,0.00,552437|709713,1,1.00,0.00,3,"02.19 SAMPLE CHIPS UPS GROUND NO CHARGE - MN 1 PACAKEG | RP//LKA//CG | 2 SAMPLE CHIPS MAPLE 5"" NATURAL 3MM ** USA **"
552506,709718,2025-02-20,20,sample chip,parsed_from_order_notes,,needs_review,,,,,,,,,Y,NO_SAMPLE_QUANTITY_FOUND,cut,2025-02-19,2025-02-20,1.00,1.00,0.00,552506|709718,1,2.00,0.00,4,RESIDENTIAL DELIVERY 1 BOX | RP//KA//CG | VG- VERONA CUTS VG - MONZA CUTS | PRIVATE SELECTION- GOBI CUTS
552594,709720,2025-02-20,20,sample chip,parsed_from_order_notes,,needs_review,,,,,,,,,Y,NO_SAMPLE_QUANTITY_FOUND,cut,2025-02-20,2025-02-20,1.00,1.00,0.00,552594|709720,1,2.00,0.00,4,OK PER JM - RESIDENTIAL 1 BOX | RP//KA//CG | FC -  PROVENCE CUTS FC - CANEWOOD CUTS | NP - PEBBLE BEACH CUTS
553166,068258,2025-02-21,SOU117,sample chip,parsed_from_order_notes,,needs_review,,,,,,,,,Y,NO_SAMPLE_QUANTITY_FOUND,sample,2025-02-21,2025-02-21,1.00,9.00,0.00,553166|068258,1,2.00,0.00,2,MUST SHIP OUT NEW APPALACHIAN CRY. VALLEY MAPLE 3MM NAT 5INC SAMPLE CHIPS | 1 PACKAGE RP//KA//MH
553397,068279,2025-02-24,COR122,sample chip,parsed_from_order_notes,,needs_review,,,,,,,,,Y,NO_SAMPLE_QUANTITY_FOUND,sample,2025-02-24,2025-02-24,1.00,9.00,0.00,553397|068279,1,2.00,0.00,2,SAMPLE CHIPS -  CAROLINA CLASSICS MONROE 1 PACKAGE | RP//KA//CG
553434,710077,2025-02-24,BAS105,sample chip,parsed_from_order_notes,,needs_review,,,,,,,,,Y,NO_SAMPLE_QUANTITY_FOUND,cut,2025-02-24,2025-02-24,1.00,1.00,0.00,553434|710077,1,2.00,0.00,4,OK PER JM 1 BOX | RP//KA//CG | GNII- MAPLE LATTE CUTS GNII - MAPLE SYRUP  CUTS | CC - MAPLE MONROE CUTS
553531,710236,2025-02-25,FIN102,sample chip,parsed_from_order_notes,,needs_review,,,,,,,,,Y,NO_SAMPLE_QUANTITY_FOUND,sample,2025-02-24,2025-02-25,1.00,1.00,0.00,553531|710236,1,1.00,0.00,2,2/24: NO GROUND CHARGE FOR SAMPLES 1 BOX | RP//KA//CG
553721,710237,2025-02-25,FLO254,sample chip,parsed_from_order_notes,,needs_review,number_before_sample_chip; number_before_generic_sample,,,,,,,,Y,MULTIPLE_QUANTITY_CANDIDATES_REVIEW_REQUIRED,sample,2025-02-24,2025-02-25,1.00,1.00,0.00,553721|710237,1,1.00,0.00,3,02.24 SAMPLE CHIPS UPS GROUND NO DLV FEE - MN RESIDENTIAL DLV | 1 PACKAGE RP//KA//CG | 1/2 X 5 CUMARU NATURAL ** SEND 4 SAMPLE CHIPS **
553989,710221,2025-02-25,REC103,sample panel,parsed_from_order_notes,,needs_review,,,,,,,,,Y,NO_SAMPLE_QUANTITY_FOUND,panel,2025-02-25,2025-02-25,1.00,1.00,0.00,553989|710221,1,2.00,0.00,2,2.25: OK PER HP NO COST | VINYLNOVA- TWILIGHT  PANEL VINYLNOVA- LUNAR PANEL
553947,068329,2025-02-26,COR122,sample chip,parsed_from_order_notes,,needs_review,,,,,,,,,Y,NO_SAMPLE_QUANTITY_FOUND,sample,2025-02-25,2025-02-26,1.00,9.00,0.00,553947|068329,2,4.00,0.00,2,SAMPLE CHIPS 1 BOX | RP//KA/C/G
554032,710440,2025-02-26,SLA103,sample chip,parsed_from_order_notes,,needs_review,,,,,,,,,Y,NO_SAMPLE_QUANTITY_FOUND,cut,2025-02-25,2025-02-26,1.00,1.00,0.00,554032|710440,1,2.00,0.00,3,2.25: OK PER JM - BTB 1 PACKAGE | RP//KA//CG | EXOTIC- ACACIA GOLD CUTS EXOTIC- ACACIA NATURAL CUTS
554307,710425,2025-02-26,BAY103,sample chip,parsed_from_order_notes,,needs_review,,,,,,,Y,,Y,NO_SAMPLE_QUANTITY_FOUND,sample,2025-02-26,2025-02-26,1.00,1.00,0.00,554307|710425,1,1.00,0.00,4,"02.26 UPS GROUND NO DLV CHARGE SENDING SAMPLES - MN 650/358-2580 | 1 BOX RP//KA//CG | **** 3 CHIPS OF EACH **** HICKORY 5"" SALEM | HICKORY 7.5"" CABO REEF"
554467,068363,2025-02-27,AVE101,sample chip,parsed_from_order_notes,,needs_review,,,,,,,Y,,Y,NO_SAMPLE_QUANTITY_FOUND,cut,2025-02-26,2025-02-27,1.00,9.00,0.00,554467|068363,1,2.00,0.00,2,PLEASE SEND 2 CUTS OF THE MAPLE DURHAM/NO CHARGE PER BRAD NM | 1 PACKAGE RP//KA//CG
554680,710570,2025-02-27,PLA119,sample chip,parsed_from_order_notes,,needs_review,,CHIP,,2170,,,,,Y,NO_SAMPLE_QUANTITY_FOUND,sample,2025-02-27,2025-02-27,1.00,1.00,0.00,554680|710570,1,1.00,0.00,3,2/27: NO UPS GROUND CHARGE FOR SAMPLES 1 BOX | RP//KA//CG | 2 CHIPS OF EA : MIDNIGHT PARALLELS
554685,046230,2025-02-27,LIN102,sample chip,parsed_from_order_notes,,needs_review,,,,,,,Y,,Y,NO_SAMPLE_QUANTITY_FOUND,pcs,2025-02-27,2025-02-27,1.00,8.00,0.00,554685|046230,1,3.00,0.00,2,UPS GROUND @ N/C OK JOSE Z******** PLZ SEND PCS. W/ VARIATION SHOWING******************************* | 1 PACKAGE RP//KA//CG
554860,710731,2025-02-28,PRO198,sample chip,parsed_from_order_notes,,needs_review,,CHIP,,688,,,Y,,Y,NO_SAMPLE_QUANTITY_FOUND,sample,2025-02-27,2025-02-28,1.00,1.00,0.00,554860|710731,1,1.00,0.00,3,"2/27 NO CHARGE FOR SAMPLE CHIPS VIA GROUND SHIPPING -MG 1 PACKAGE | RP//KA//CG | ***SEND 2SAMPLE CHIPS*** GII: WALNUT 5"" NATURAL DISTRESSED"
555445,068418,2025-03-03,COR122,sample chip,parsed_from_order_notes,,needs_review,,,,,,,,,Y,NO_SAMPLE_QUANTITY_FOUND,sample,2025-03-03,2025-03-03,1.00,9.00,0.00,555445|068418,1,2.00,0.00,2,SAMPLE CHIPS 1 PACKAGE | RP//KA//CG
555521,710901,2025-03-03,A1C101,sample chip,parsed_from_order_notes,,needs_review,,CHIP,,2169,,,,,Y,NO_SAMPLE_QUANTITY_FOUND,sample,2025-03-03,2025-03-03,1.00,1.00,0.00,555521|710901,1,1.00,0.00,3,"3/3: NO UPS GROUND CHARGE FOR SAMPLES 1 PACKAGE | RP//KA//CG | 2 CHIPS OF :5"" W/O USA CV"
555361,711023,2025-03-04,BAY103,sample panel,parsed_from_order_notes,,needs_review,,,,,,,,,Y,NO_SAMPLE_QUANTITY_FOUND,panel,2025-03-03,2025-03-04,1.00,1.00,0.00,555361|711023,1,2.00,0.00,4,OK PER JM **REPRINT PLS USE EXPEDITED SHIPPING CUSTOMER TO PAY // | SHIPPING TO ADD UPS FEE COST TO ORDER ** 1 BOX | RP//KA//CG | NP - LAGUNA BEACH PANEL FC - CANEWOOD PANEL
555761,068448,2025-03-04,50,sample chip,parsed_from_order_notes,,needs_review,,,,,,,Y,,Y,NO_SAMPLE_QUANTITY_FOUND,cut,2025-03-04,2025-03-04,1.00,9.00,0.00,555761|068448,1,2.00,0.00,3,PLEASE SEND 2 CUTS OF THE MAPLE WHEAT DISTRESSED/NO CHARGE PER BRAD NM | 1 PACKAGE | RP//KA//CG
555886,711038,2025-03-04,FLE106,sample chip,parsed_from_order_notes,,needs_review,,,,,,,,,Y,NO_SAMPLE_QUANTITY_FOUND,cut,2025-03-04,2025-03-04,1.00,1.00,0.00,555886|711038,1,2.00,0.00,4,OK PER JM 1 BOX | RP//KA//CG | CC- DURHAM CUTS CC- MONROE CUTS | GNII- MAPLE LATTE CUTS GNII- MAPLE SYRUP CUTS
556338,711354,2025-03-06,FLO286,sample panel,parsed_from_order_notes,,needs_review,,,,2167,,,,,Y,NO_SAMPLE_QUANTITY_FOUND,panel,2025-03-05,2025-03-06,1.00,1.00,0.00,556338|711354,1,2.00,0.00,3,3.5: OK PER JM 1 BOX | RP//KA//CG | ILLUMIN8 BEAM PANEL ILLUMIN8 DUSK PANEL
556200,711567,2025-03-07,OMP000,sample chip,parsed_from_order_notes,,needs_review,number_before_pcs,,,,,multiple_shipping_amounts_needs_review,,378.11; 26.01,Y,MULTIPLE_QUANTITY_CANDIDATES_REVIEW_REQUIRED; MULTIPLE_SHIPPING_DOLLAR_CANDIDATES,pcs,2025-03-05,2025-03-07,1.00,1.00,0.00,556200|711567,1,12.00,0.00,8,"EVERGREEN WOOD INDUSTRY SDN BHD BLOCK D, LOT 211, FASA II | KAWASAN PERUSAHAAN KUALA KETIL KUALA KETIL, KEDAH, MALAYSIA ZIP: 09300 | CONT: JENNY TEL: 044163223 EMAIL: MIYOO@YUHUAWOOD.COM KA//TA ( 1 BX ) | FEDEX $378.11 (12-LBS) 12"" X 9"" X 9"" SHIPPING CHARGES: $378.11 // DUTIES,CUSTOMS $26.01 | 12 PCS @ 5/8"" T X 9-1/2"" W X 7"" L CASHMERE CHIP X 2 PCS | CHAMPAGNE CHIP X 2 PCS LINEN CHIP X 2 PCS | SILK CHIP X 2 PCS SUEDE CHIP X 2 PCS | WHITE LOTUS CHIP X 2 PCS"
556749,711568,2025-03-07,OMP000,sample chip,parsed_from_order_notes,,needs_review,number_before_pcs,,,,,multiple_shipping_amounts_needs_review,,609.06; 614.01,Y,MULTIPLE_QUANTITY_CANDIDATES_REVIEW_REQUIRED; MULTIPLE_SHIPPING_DOLLAR_CANDIDATES,pcs,2025-03-06,2025-03-07,1.00,1.00,0.00,556749|711568,2,17.00,0.00,12,"SHIP TO: VIETNAM LECHEN FLOOR CO., LTD. KHU CONG NGHIEP THANH BINH, | XA THANH HUYEN CHO MOI, TINH BAC, CAN, BAC CAN, CHO MOI-THANH BINH COMMUNE, VIETNAM. ZIP: 35000 | CONT: POPPY TEL: +84868825893 EMAIL: POPPY@LECHENVIETNAMFLOORING.COM | KA//CG ( 1 BX ) FED-EX $609.06 (14-LBS) 12"" X 9"" X 9"" | SHIPPING CHARGES: $614.01 | GII DISTRESSED HICKORY CHATEAU CHIPS - 5 PCS SIZE: | 5""W X 7-1/16""L X 9/16""T PCS COLLECT FROM PURCHASING / ILSY | LINEN X 2 PCS SILK X 2 PCS | CHAPMAGNE X 2 PCS WHITE LOTUS X 2 PCS | SUEDE X 2 PCS CASHMERE X 2 PCS | SIZE: 9-1/2""W X 7""L X 5/8""T PCS | COLLECT FROM PURCHASING / ISLY"
556775,711563,2025-03-07,GAL122,sample chip,parsed_from_order_notes,,needs_review,,,,,,,,,Y,NO_SAMPLE_QUANTITY_FOUND,cut,2025-03-07,2025-03-07,1.00,1.00,0.00,556775|711563,1,2.00,0.00,2,3.7: OK PER JM KA//CG ( 1 BX ) | BH - REXFORD CUTS BH - RODEO DRIVE CUTS
556971,711569,2025-03-07,OMP000,,,,,,,,,,multiple_shipping_amounts_needs_review,,433.79; 438.74; 62.01,Y,NO_SAMPLE_TYPE_DETECTED; NO_SAMPLE_TYPE_FOR_QTY; MULTIPLE_SHIPPING_DOLLAR_CANDIDATES; NO_EXACT_NOTE_KEYWORD_AFTER_NORMALIZE,,2025-03-07,2025-03-07,1.00,1.00,0.00,556971|711569,1,20.00,0.00,10,"VIETNAM MERIDA WOOD CO., LTD ADDRESS: SOUTHERN INDUSTRIAL PARK, PHU THINH COMMUNE, | YEN BINH DISTRICT,YEN BAI PROVINCE, VIETNAM.320000 CONT: MR.BAC TEL:0978799826 | EMAIL: VIETNAMMERIDAWOODS@GMAIL.COM FED-EX $433.79 (12-LBS) 12"" X 9"" X 9"" | KA/TA ( 1 BX ) SHIPPING CHARGES: $438.74 // DUTIES,TAX,CUSTOM $62.01 | CONTRACTORS CHOICE - 2PCS EACH - R/O 5/8*2.25""*7""L | W/O 5/8*2.25""*7""L W/O 5/8*3.25""*7""L | E/O HB 5/8*5""*7""L WALNUT 5/8*5""*7""L | WALNUT 5/8*7""*7""L W/O 5/8*5""*7""L | W/O 5/8*7""*7""L E/O MB 5/8*9.5""*7""L | E/O SE 5/8*9.5""*7""L"
557433,711722,2025-03-10,GRE137,sample chip,parsed_from_order_notes,,needs_review,,,,,,,Y,,Y,NO_SAMPLE_QUANTITY_FOUND,sample,2025-03-10,2025-03-10,1.00,1.00,0.00,557433|711722,2,8.00,0.00,2,SAMPLE CHIPS @ NO CHARGE PER CP CONTACT: BENJAMIN SUZUKI PHONE:(914) 356-0695 | KA // JSA [ 1 PKG ]
557635,712003,2025-03-12,PLA119,sample chip,parsed_from_order_notes,,needs_review,,,,664,207.92,single_dollar_amount_in_order_notes,,207.92,Y,NO_SAMPLE_QUANTITY_FOUND; VERIFY_AMOUNT_IS_FREIGHT_OR_SAMPLE_COST,sample,2025-03-11,2025-03-12,1.00,1.00,0.00,557635|712003,1,1.00,0.00,5,"03/11 DRIVER TO COLLECT CHECK FOR $207.92 // DG SHOP DLV , NO DLV PER HP | MATERIAL FROM VERNON TR# 557719 (GFALO9508 1 CTN) TO GO OUT WITH ORDER #556185 | MH // CG [ 2 BX, 1 BND ] CUSTOMER REFUSE 1 9.5"" VOLTO | PLEASE SEND 1 OF THE FOLLOWING SAMPLES: SET OF ALL LAMINATE UNDERLAYMENTS | SET OF CORK"
558218,712139,2025-03-13,EXC107,sample chip,parsed_from_order_notes,,needs_review,,,,,,,Y,,Y,NO_SAMPLE_QUANTITY_FOUND,sample,2025-03-12,2025-03-13,1.00,1.00,0.00,558218|712139,2,4.00,0.00,2,SAMPLES AND FREIGHT @ NO CHARGE OK PER TONY B2B // FORKLIFT AVAILABLE // HOURS: 8AM - 3PM | CONTACT: NORA RITTER 973-585-7635 JS//KA//CG ( 1 PLT )
558251,712149,2025-03-13,TOT106,sample chip,parsed_from_order_notes,2,parsed_from_order_notes,number_before_pcs,,,,,,,,Y,EACH_PATTERN_ITEM_COUNT_NOT_CONFIDENT,pcs; cut,2025-03-12,2025-03-13,1.00,1.00,0.00,558251|712149,1,2.00,0.00,4,OK PER HP 1 PACKAGE | RP//KA//CG | GNII- MAPLE SYRUP DIS. CUTS CC - MONROE CUTS | 2 PCS OF EACH
558287,068614,2025-03-13,50,sample chip,parsed_from_order_notes,,needs_review,,,,,,,Y,,Y,NO_SAMPLE_QUANTITY_FOUND,cut,2025-03-12,2025-03-13,1.00,9.00,0.00,558287|068614,1,2.00,0.00,2,PLEASE SEND 2 CUTS OF THE ILLUMIN8 BEAM. NO CHARGE PER BRAD NM | 1 PACKAGE RP//KA//CG
558512,712142,2025-03-13,GRE137,sample chip,parsed_from_order_notes,,needs_review,,,,,,,Y,,Y,NO_SAMPLE_QUANTITY_FOUND,sample,2025-03-13,2025-03-13,1.00,1.00,0.00,558512|712142,3,65.00,0.00,8,"SAMPLE CHIPS @ NO CHARGE OK PER TONY 4 BOXES | RP//KA//CG | 1Z9380460300818990 1Z9380460312420986 | 1Z9380460301626972 | FC LIMOGE;CARLINA CLASSIC:H.BEAUFORT, CHARLOTTE, SALEM M DURHAM,MONROE;NEWPORT:SHELL BEACH, ZUMA BEACH;VG LA BELLE | MONZA, VERONA, ROMANTIQUE; GII:ESPRESSO, LATTE; GSS:HICKORY CHATEAU, WALNUT ANTIQUE,WALNUT NATURAL | EXOTICS:P.ROSEWOOD, SANTOS MAHOGANY, TIGERWOOD | CV 5"" RED OAK, 5"" W/O, 5"" MAPLE"
558549,712265,2025-03-14,INT155,sample chip,parsed_from_order_notes,,needs_review,,CHIP,,648,,,,,Y,NO_SAMPLE_QUANTITY_FOUND,sample,2025-03-13,2025-03-14,1.00,1.00,0.00,558549|712265,1,1.00,0.00,4,"03/13 CO CHARGE FOR UPS GROUND DLV JULIE 714.916.4175 | 1 BOX RP//KA//CG | PLEASE SEND 2 OF FOLLOWING SAMPLE CHIPS: GHEX ACAICA NATURAL & GOLD, TIGERWOOD | GNII HICKORY SIERRA & CHATEAU"
201,500198,2025-03-17,SOU146,sample chip,parsed_from_order_notes,,needs_review,,,,,,,,,Y,NO_SAMPLE_QUANTITY_FOUND,sample,2025-03-17,2025-03-17,1.00,50.00,0.00,201|500198,1,1.00,0.00,3,"SAMPLE IN TONY'S OFFICE 1 PACKAGE | EG//KA//CG | 1 PC @ 9/16"" X 7.5"" X 26.5"""
559334,712505,2025-03-17,GRE137,sample chip,parsed_from_order_notes,3,parsed_from_order_notes,number_before_pcs,,,,,,,,Y,EACH_PATTERN_ITEM_COUNT_NOT_CONFIDENT,pcs,2025-03-17,2025-03-17,1.00,1.00,0.00,559334|712505,1,9.00,0.00,3,1 BOX EG//KA//CG | 3 PCS OF EACH LOT 3 PCS LOT NO. 58294 (MARK CUSTOM) | 3 PCS LOT NO. 57429 (POPPY) 3 PCS LOT NO. 58650 (POPPY)
203,500200,2025-03-19,SOU146,sample chip,parsed_from_order_notes,,needs_review,,,,,,,,,Y,NO_SAMPLE_QUANTITY_FOUND,sample,2025-03-19,2025-03-19,1.00,50.00,0.00,203|500200,1,1.00,0.00,3,"SAMPLE IN TONY'S OFFICE 1 PACKAGE | RP//KA//CG | 1 PC @ 9/16"" X 7.5"" X 19"""
559787,712787,2025-03-19,DES142,sample chip,parsed_from_order_notes,,needs_review,,,,,,,Y,,Y,NO_SAMPLE_QUANTITY_FOUND,sample,2025-03-18,2025-03-19,1.00,1.00,0.00,559787|712787,1,1.00,0.00,4,03.18 UPS GROUND NO DLV CHARGE SENDING SAMPLES - MN HEATHER@DESINGINGDREAMSHOME.COM | 916-358-8800 1 PACKAGE | RP//KA//CG | *** SEND 3 CHIPS *** EURO OAK 5/8 X 7 VNT. WHITE
559850,068714,2025-03-19,1ST100,sample chip,parsed_from_order_notes,,needs_review,,,,,,,,,Y,NO_SAMPLE_QUANTITY_FOUND,sample,2025-03-18,2025-03-19,1.00,9.00,0.00,559850|068714,3,6.00,0.00,2,SAMPLE CHIPS 1 PACKAGE | RP//KA//CG
560226,068741,2025-03-20,COR122,sample chip,parsed_from_order_notes,,needs_review,,,,,,,,,Y,NO_SAMPLE_QUANTITY_FOUND,sample,2025-03-19,2025-03-20,1.00,9.00,0.00,560226|068741,1,2.00,0.00,2,SAMPLE CHIPS 1 BOX | RP//KA//CG
560409,068743,2025-03-20,PRO236,sample chip,parsed_from_order_notes,,needs_review,,,,,,,,,Y,NO_SAMPLE_QUANTITY_FOUND,sample,2025-03-20,2025-03-20,1.00,9.00,0.00,560409|068743,2,8.00,0.00,4,SEND OUT FOR 3/20 ** PLEASE MUST BE USA SAMPLE CHIPS** | 1 BOX RP//KA//CG | *** MUST BE USA** ***GHCVR538USA*** | ** MUST BE USA** **GHCVR31438USA-33**
560392,713106,2025-03-21,MCC112,sample chip,parsed_from_order_notes,,needs_review,,,,,,,,,Y,NO_SAMPLE_QUANTITY_FOUND,sample,2025-03-20,2025-03-21,1.00,1.00,0.00,560392|713106,1,3.00,0.00,4,OK PER YD /JB BTB W.FORKLIFT MON-FRI 9-4 | JIM MCCONELL 916.616.2191 REPRINT ADDRESS REVISED | KA // JSA // ES [ 2 PLT ] | & SAMPLE RACK
560639,713125,2025-03-21,20,sample chip,parsed_from_order_notes,6,parsed_from_order_notes,number_before_sample_chip_times_2_listed_items; number_before_generic_sample_times_2_listed_items,CHIP,,634,,,,,Y,EACH_PATTERN_MULTIPLIED_BY_LISTED_ITEMS,sample,2025-03-20,2025-03-21,1.00,1.00,0.00,560639|713125,1,1.00,0.00,5,03.20 UPS GROUND FLOOR DLV SENDING SAMPLES - MN DANIE 201.819.3074 | ** RESIDENTIAL DLV ** 1 PACKAGEW | RP//KA//CG | 3 SAMPLE CHIPS OF EACH 3/8 X 5 DIST BIRCH TRUFFLE | 3/8 X 5 DIST HICKORY ANTIQUE
560812,713061,2025-03-21,ARI100,sample chip,parsed_from_order_notes,,needs_review,,,,,,,,,Y,NO_SAMPLE_QUANTITY_FOUND,cut,2025-03-21,2025-03-21,1.00,1.00,0.00,560812|713061,1,2.00,0.00,3,RESIDENTIAL DELIVERY 1 PACKAGE | RP//KA//CG | GNSS- HICKORY NAT SMOOTH CUTS CC - HICKORY BEAUFORT CUTS
560865,713790,2025-03-21,20,sample chip,parsed_from_order_notes,,needs_review,,,,,,,,,Y,NO_SAMPLE_QUANTITY_FOUND,sample,2025-03-21,2025-03-21,1.00,1.00,0.00,560865|713790,1,1.00,0.00,7,03.21 UPS GROUND FLOOR DLV - MN JIM 916.616.2191    ** GOING TO JIM MCCONNEL'S HOME ** | 1 BOX 1 PACKAGE | RP//KA//CG 1Z9380460309557363 | SAMPLE CHIPS 2 LUNA 7.5 SEL | CHARACTER | CHARACTER | SELECT
560890,713066,2025-03-21,BOB106,sample chip,parsed_from_order_notes,,needs_review,,,,,,,,,Y,NO_SAMPLE_QUANTITY_FOUND,cut,2025-03-21,2025-03-21,1.00,1.00,0.00,560890|713066,1,2.00,0.00,4,OK PER JM **REPRINT ADDRESS REVISED ** | 1 BOX RP//KA//CG | GNII- SMOOTH MAPLE WHEAT CUTS GNII- DISTRESSED HICKORY NATURAL CUTS | BEVERELY HILLS- ROXBURY CUTS
560988,068815,2025-03-24,50,sample chip,parsed_from_order_notes,,needs_review,,,,,,,,,Y,NO_SAMPLE_QUANTITY_FOUND,sample,2025-03-21,2025-03-24,1.00,9.00,0.00,560988|068815,1,2.00,0.00,2,SAMPLE CHIPS DU BOIS 1 PACKAGE | RP//KA//CG
560989,713301,2025-03-24,AUT102,sample chip,parsed_from_order_notes,,needs_review,,,,,,,,,Y,NO_SAMPLE_QUANTITY_FOUND,sample; cut,2025-03-21,2025-03-24,1.00,1.00,0.00,560989|713301,1,1.00,0.00,4,OK PER JM - 1 PACKAGE | RP//KA//CG | FRENCH CONNECTION - SAMPLE CUTS VINEYARD COLLECTION - SAMPLE CUTS | 1 OF EACH COLOR
561339,713305,2025-03-24,VIC103,sample chip,parsed_from_order_notes,,needs_review,,CHIP,,2163,,,,,Y,NO_SAMPLE_QUANTITY_FOUND,sample,2025-03-24,2025-03-24,1.00,1.00,0.00,561339|713305,1,1.00,0.00,3,3/24 : NO UPS GROUND CHARGE FOR SAMPLES RESIDENTIAL | 1 PACKAGE RP//KA//CG | 2 CHIPS OF EA : PEBBLE BEACH
561309,068835,2025-03-25,AVE101,sample chip,parsed_from_order_notes,,needs_review,,,,,,,Y,,Y,NO_SAMPLE_QUANTITY_FOUND,cut,2025-03-24,2025-03-25,1.00,9.00,0.00,561309|068835,1,2.00,0.00,2,PLEASE SEND 2 CUTS OF THE LUNA 9.5 CHARACTER AT NO CHARGE PER BRAD. NM | 1 PACKAGE RP//KA//CG
561459,713428,2025-03-25,CUS102,sample chip,parsed_from_order_notes,,needs_review,,,,2162,,,Y,,Y,NO_SAMPLE_QUANTITY_FOUND,sample,2025-03-24,2025-03-25,1.00,1.00,0.00,561459|713428,1,1.00,0.00,3,3/24 NO CHARGE FOR SAMPLES VIA GROUND SHIPPING -MG 1 PACKAGE | RP//KA//CG | ***SEND 2PCS*** VINYLNOVA: LUNAR
561503,713484,2025-03-25,20,sample chip,parsed_from_order_notes,,needs_review,,CHIP,,630,,,Y,,Y,NO_SAMPLE_QUANTITY_FOUND,sample,2025-03-24,2025-03-25,1.00,1.00,0.00,561503|713484,1,1.00,0.00,4,3/24 NO CHARGE FOR SAMPLE CHIPS VIA GROUND SHIPPING -MG 1 BOX | RP//KA//CG | ***SEND OUT 2CHIPS*** FRENCH CONNECTION: LIMOGE | NEWPORT: ZUMA BEACH
561561,713485,2025-03-25,20,sample chip,parsed_from_order_notes,,needs_review,,,,,,,,,Y,NO_SAMPLE_QUANTITY_FOUND,sample,2025-03-24,2025-03-25,1.00,1.00,0.00,561561|713485,1,1.00,0.00,3,"03/04 SENDING SAMPLE  CHIPS UPS GROUND //WB CONTACT: NIC 209-404-5998 | 1 PACKAGE RP//KA//CG | PLEASE SEND SAMPLE CHIPS OF MAPLE NATURAL 1/2"" X 5"" 3MM USA   3 EA"
561733,713418,2025-03-25,BAY103,sample chip,parsed_from_order_notes,6,parsed_from_order_notes,number_before_sample_chip_times_2_listed_items; number_before_generic_sample_times_2_listed_items,,,,,,Y,,Y,EACH_PATTERN_MULTIPLIED_BY_LISTED_ITEMS,sample,2025-03-25,2025-03-25,1.00,1.00,0.00,561733|713418,1,1.00,0.00,4,"03.25 UPS GROUND NO DLV CHARGE - MN 1 BOX | RP//KA//CG | *** SEND 3 SAMPLE CHIPS OF EACH *** EURO OAK 5/8 X 7"" CANEWOOD | EURO OAK 7.5""LAGUNA BEACH 1/2"""
562982,713981,2025-03-28,CAS121,sample chip,parsed_from_order_notes,,needs_review,,,,,,,,,Y,NO_SAMPLE_QUANTITY_FOUND,cut,2025-03-28,2025-03-28,1.00,1.00,0.00,562982|713981,1,2.00,0.00,2,3.28: OK PER JM  // OK PASSED CUT OFF PER CG 1 PACKAGE | RP//KA//CG
562812,714143,2025-03-31,PRO119,sample panel,parsed_from_order_notes,,needs_review,,,,,,,,,Y,NO_SAMPLE_QUANTITY_FOUND,panel,2025-03-28,2025-03-31,1.00,1.00,0.00,562812|714143,1,1.00,0.00,3,3.28: OK PER JM KA//CG ( 1 BOX ) | BH- DOHENY PANEL EXOTIC - TIGERWOOD PANEL | GNII- DIS HICKORY NATURAL PANEL
563015,714159,2025-03-31,20,sample chip,parsed_from_order_notes,,needs_review,,CHIP,,2156,,,,,Y,NO_SAMPLE_QUANTITY_FOUND,sample,2025-03-28,2025-03-31,1.00,1.00,0.00,563015|714159,1,1.00,0.00,4,3/28: NO UPS GROUND CHARGE FOR SAMPLES KA//CG ( 1 BOX ) | 2 CHIPS OF EA SMOOTH: MAPLE CHESTNUT | MAPLE SYRUP MAPLE EXPRESSO | HICKORY CHATEAU WALNUT ANTIQUE
563316,068949,2025-03-31,FAM107,sample chip,parsed_from_order_notes,,needs_review,,,,,,,Y,,Y,NO_SAMPLE_QUANTITY_FOUND,cut,2025-03-31,2025-03-31,1.00,9.00,0.00,563316|068949,1,2.00,0.00,2,PLEASE SEND 2 CUTS OF THE G2 DISTRESSED MAPLE WHEAT USA NO CHARGE PER BRAD. NM | KA//CG ( 1 PACKAGE )
563351,714138,2025-03-31,NAT119,sample chip,parsed_from_order_notes,,needs_review,,,,,,,Y,,Y,NO_SAMPLE_QUANTITY_FOUND,sample,2025-03-31,2025-03-31,1.00,1.00,0.00,563351|714138,1,1.00,0.00,2,"3/31 NO CHARGE FOR SAMPLE CHIPS VIA GROUND SHIPPING -MG KA//CG ( 1 PACKAGE ) | ***SEND 2SAMPLE CHIPS*** CAROLINA CLASSIC: HICKORY 5"" BEAUFORT"
563451,714265,2025-04-01,ANT119,sample chip,parsed_from_order_notes,12,parsed_from_order_notes,number_before_generic_sample_times_3_listed_items,CHIP,,619,,,Y,,Y,EACH_PATTERN_MULTIPLIED_BY_LISTED_ITEMS,sample,2025-03-31,2025-04-01,1.00,1.00,0.00,563451|714265,1,1.00,0.00,3,"03/31 NO CHARGE FOR DLV SAMPLE CHIPS PER DG ASHLEY 805.253.0103 | KA//MH ( 1 BX // 1 BNDL ) | PLEASE SEND 4 SAMPLES EACH COLOR BEVERLY HILLS: RODEO DRIVE, WALDEN, REXFORD"
563557,714257,2025-04-01,A.S100,sample chip,parsed_from_order_notes,,needs_review,,CHIP,,620,,,Y,,Y,NO_SAMPLE_QUANTITY_FOUND,sample,2025-03-31,2025-04-01,1.00,1.00,0.00,563557|714257,1,1.00,0.00,3,03/31 NO CHARGE FOR UPD GROUND DLV // DG JAMES 650.533.1335 | 1 BOX RP//KA//CG | PLEASE SEND 2 OF THE FOLLOWING SAMPLE CHIPS: EVERY COLOR IN THE PRIVATE SELECTION
563688,068979,2025-04-01,FOU111,sample chip,parsed_from_order_notes,,needs_review,,,,,,,Y,,Y,NO_SAMPLE_QUANTITY_FOUND,cut,2025-04-01,2025-04-01,1.00,9.00,0.00,563688|068979,1,2.00,0.00,2,PLEASE SEND 2 CUTS OF THE AQUABLUE II MOONLIGHT NO CHARGE PER NM/JSG | 1 PACKAGE RP//KA//CG
563696,068982,2025-04-01,TOM102,sample chip,parsed_from_order_notes,,needs_review,,,,,,,Y,,Y,NO_SAMPLE_QUANTITY_FOUND,cut,2025-04-01,2025-04-01,1.00,9.00,0.00,563696|068982,1,3.00,0.00,2,PLEASE SEND 2 CUTS OF  THE CABO REEF NO CHARGE PER BRAD NM 1 PACKAGE | RP//KA//CG
564140,714460,2025-04-02,CAS121,sample chip,parsed_from_order_notes,,needs_review,,,,,,,,,Y,NO_SAMPLE_QUANTITY_FOUND,cut,2025-04-02,2025-04-02,1.00,1.00,0.00,564140|714460,1,2.00,0.00,4,OKPER JM 1 PACKAGE | RP//KA//CG | CC- MAPLE MONROE CUTS CB - BIRCH CHESTNUT CUTS | CB - BIRCH HARVEST CUTS
565227,714995,2025-04-07,LUM104,,,,,,,,,,,Y,,Y,NO_SAMPLE_TYPE_DETECTED; NO_SAMPLE_TYPE_FOR_QTY; NO_EXACT_NOTE_KEYWORD_AFTER_NORMALIZE,,2025-04-07,2025-04-07,1.00,5.00,0.00,565227|714995,1,2.00,0.00,2,"SHIP UPS GROUND, NO CHARGE ATTN COURTNEY CAMPANELLI | 1 PACKAGE RP//KA//CG"
565547,715137,2025-04-08,PRO100,sample chip,parsed_from_order_notes,,needs_review,,CHIP,,2148,,,,,Y,NO_SAMPLE_QUANTITY_FOUND,sample,2025-04-08,2025-04-08,1.00,1.00,0.00,565547|715137,1,1.00,0.00,3,4/8: NO UPS GROUND CHARGE FOR SAMPLES 1 PACKAGE | RP//KA//CG | 2 CHIPS OF EA: SANTOS MAHOGANY AND SAPELE
565565,715155,2025-04-08,20,sample chip,parsed_from_order_notes,,needs_review,,CHIP,,2149,,,,,Y,NO_SAMPLE_QUANTITY_FOUND,sample,2025-04-08,2025-04-08,1.00,1.00,0.00,565565|715155,1,1.00,0.00,3,"4/8: NO UPS GROUND CHARGE FOR SAMPLES 1 BOX | RP//KA//CG | 2 CHIPS OF EA: RODEO DRIVE , CHAPAGNE 1 PC OF EA: DOMA 9-1/2 SEL. , DOMA 9-1/2 CHARAC."
565568,715156,2025-04-08,20,sample chip,parsed_from_order_notes,,needs_review,,CHIP,,2150,,,,,Y,NO_SAMPLE_QUANTITY_FOUND,sample,2025-04-08,2025-04-08,1.00,1.00,0.00,565568|715156,1,1.00,0.00,3,"4/8: NO UPS GROUND CHARGE FOR SAMPLES 1 PACKAGE | RP//KA//CG | 2 CHIPS OF "" ALTURA SEL. 7-1/2"
565569,715157,2025-04-08,20,sample chip,parsed_from_order_notes,,needs_review,,CHIP,,2151,,,,,Y,NO_SAMPLE_QUANTITY_FOUND,sample,2025-04-08,2025-04-08,1.00,1.00,0.00,565569|715157,1,1.00,0.00,3,4/8: NO UPS GROUND CHARGE FOR SAMPLES 1 PACKAGE | RP//KA//CG | 2 CHIPS OF GLENWOOD
565570,715158,2025-04-08,20,sample chip,parsed_from_order_notes,,needs_review,,,,2152,,,,,Y,NO_SAMPLE_QUANTITY_FOUND,sample,2025-04-08,2025-04-08,1.00,1.00,0.00,565570|715158,1,1.00,0.00,3,"4/8: NO UPS GROUND CHARGE FOR SAMPLES 1 BOX | RP//KA//CG | 2 CIPS OF EA : CASHMERE , CHAMPAGNE"
565574,715160,2025-04-08,20,sample chip,parsed_from_order_notes,,needs_review,,CHIP,,2154,,,,,Y,NO_SAMPLE_QUANTITY_FOUND,sample,2025-04-08,2025-04-08,1.00,1.00,0.00,565574|715160,1,1.00,0.00,3,"4/8: NO UPS GROUND CHARGE FOR SAMPLES 1 PACKAGE | RP/KA//G | 2 CHIPS OF EA: CV MAPLE 5"" USA"
565728,715114,2025-04-08,GRE137,sample chip,parsed_from_order_notes,,needs_review,,,,,,,Y,,Y,NO_SAMPLE_QUANTITY_FOUND,sample,2025-04-08,2025-04-08,1.00,1.00,0.00,565728|715114,1,4.00,0.00,2,SAMPLES AND UPS @ NO CHARGE CONTACT: TROY WEATHERSBY PHONE: 973-784-4142 | 1 PACKAGE RP//KA//CG
566193,715470,2025-04-10,PRE126,sample chip,parsed_from_order_notes,,needs_review,,,,2147,,,,,Y,NO_SAMPLE_QUANTITY_FOUND,sample,2025-04-09,2025-04-10,1.00,1.00,0.00,566193|715470,1,1.00,0.00,3,4/9: NO UPS GROUND CHARGE FOR SAMPLES 1 PACKAGE | RP//KA//CG | 2 PC : ALLORA UNF. 9.5 SELECT
566295,046619,2025-04-10,WHO103,sample chip,parsed_from_order_notes,,needs_review,,,,,,,Y,,Y,NO_SAMPLE_QUANTITY_FOUND,pcs,2025-04-09,2025-04-10,1.00,8.00,0.00,566295|046619,1,1.00,0.00,2,UPS GROUND @ N/C OK JOSE Z******************* SEND FOR PCS. PLEASE. THNX!!!!!!!!!! | 1 PACKAGE RP/KA//CG
566364,715450,2025-04-10,ABS111,sample chip,parsed_from_order_notes,2,parsed_from_order_notes,number_before_pcs,,,,,,,,Y,EACH_PATTERN_ITEM_COUNT_NOT_CONFIDENT,pcs,2025-04-10,2025-04-10,1.00,1.00,0.00,566364|715450,1,2.00,0.00,4,OK PER JM 1 PACKAGE | RP//KA//CG | CB- BIRCH HARVEST CB- BIRCH SPICE | 2 PCS OF EACH
566159,715504,2025-04-11,TON109,sample chip,parsed_from_order_notes,,needs_review,number_before_sample_chip; number_before_generic_sample; singular_sample_of,CHIP,,597,,,,,Y,MULTIPLE_QUANTITY_CANDIDATES_REVIEW_REQUIRED,sample,2025-04-09,2025-04-11,1.00,1.00,0.00,566159|715504,1,1.00,0.00,3,"04/09 SAMPLE CHIPS TRANSFER FOR 04/10 // W.C 04/10 | MATERIAL FROM VN TR# 566163**** | PLEASE SEND 2 OF SAMPLE CHIPS OF ILLUMIN8 : FLASH, SPARK, LUSTER, BEAM & 1 SAMPLE OF THE 1/2"" AND 1/4"" CORK"
566543,352263,2025-04-11,PAC131,sample chip,parsed_from_order_notes,,needs_review,number_before_sample_chip_times_3_listed_items; number_before_generic_sample_times_3_listed_items; number_before_pcs_times_3_listed_items,,,,,,,,Y,EACH_PATTERN_MULTIPLIED_BY_LISTED_ITEMS; MULTIPLE_QUANTITY_CANDIDATES_REVIEW_REQUIRED,pcs; sample,2025-04-10,2025-04-11,1.00,3.00,0.00,566543|352263,1,1.00,0.00,5,"04/10 SAMPLE CHIPS AT NO COST VIA UPS - SE * WAREHOUSE DLV **** ALOHA FREIGHT FORWARDERS | * SHIP TO: PACIFIC AMERICAN LUMBER 142 MOKAUEA ST HONOLULU, BUSINESS HRS: 7:00 A.M. TO 3:30 P.M. | 1 BOX RP//KA//CG | PLEASE SEND 4 PCS OF EACH COLOR: - GHEXA5146 1/2 X 5 ACACIA DIST. BRONZE | - GHEXA516 1/2 X 5 ACACIA BLACK WALNUT"
566563,715656,2025-04-11,20,sample chip,parsed_from_order_notes,,needs_review,,,,,,,,,Y,NO_SAMPLE_QUANTITY_FOUND,cut,2025-04-10,2025-04-11,1.00,1.00,0.00,566563|715656,1,2.00,0.00,2,OK PER CESAR G AFTER CUT OFF 1 PACKAGE | RP//KA//CG
566953,069213,2025-04-14,BES113,sample chip,parsed_from_order_notes,,needs_review,,,,,,,Y,,Y,NO_SAMPLE_QUANTITY_FOUND,cut,2025-04-11,2025-04-14,1.00,9.00,0.00,566953|069213,1,2.00,0.00,2,PLEASE SEND 2 CUTS EACH OF THE VINYL LEXINGTON AND SECRET GARDEN ORCHID NM. NO CHARGE PER JSG/NM | 1 PACKAGE RP//KA//CG
567464,715958,2025-04-15,COU100,sample panel,parsed_from_order_notes,,needs_review,,,,592,,,,,Y,NO_SAMPLE_QUANTITY_FOUND,panel,2025-04-15,2025-04-15,1.00,6.00,0.00,567464|715958,1,1.00,0.00,1,"PANELS: OCEAN TIDE,DESERT... 2 OF EACH"
567647,715959,2025-04-15,CWJ100,sample chip,parsed_from_order_notes,,needs_review,,CHIP,,2146,,,,,Y,NO_SAMPLE_QUANTITY_FOUND,sample,2025-04-15,2025-04-15,1.00,1.00,0.00,567647|715959,1,1.00,0.00,3,4/15: NO UPS GROUND CHARGE FOR SAMPLES 1 PACKAGE | RP//KA//CG | 3 CHIPS OF DUNE
567720,716160,2025-04-16,S&G100,sample chip,parsed_from_order_notes,,needs_review,,,,,,,Y,,Y,NO_SAMPLE_QUANTITY_FOUND,sample,2025-04-15,2025-04-16,1.00,1.00,0.00,567720|716160,1,1.00,0.00,3,"4/15 NO CHARGE FOR SAMPLE CHIPS VIA GROUND SHIPPING -MG ***REVISED//REPRINT*** | SC//CG ( 1 PACKAGE ) | ***SEND 2SAMPLES CHIPS*** CRYSTAL VALLEY USA: RED OAK 3-1/4"" NATURAL 3MM"
567725,069279,2025-04-16,PRO235,sample chip,parsed_from_order_notes,,needs_review,,,,,,,Y,,Y,NO_SAMPLE_QUANTITY_FOUND,cut,2025-04-15,2025-04-16,1.00,9.00,0.00,567725|069279,1,2.00,0.00,2,PLEASE SEND 2 CUTS OF THE HICKORY CHATEAU DISTRESSED. NO NO CHARGE PER BRAD NM. | SC//CG ( 1 PACKAGE )
567736,069278,2025-04-16,OCF100,sample chip,parsed_from_order_notes,,needs_review,,,,,,,Y,,Y,NO_SAMPLE_QUANTITY_FOUND,cut,2025-04-15,2025-04-16,1.00,9.00,0.00,567736|069278,1,2.00,0.00,2,PLEASE SEND 2 CUTS OF THE NEBULA HERRINGBONE. NO CHARGE PER BRAD. NM | SC//CG ( 1 PACKAGE )
567850,716110,2025-04-16,DES158,sample chip,parsed_from_order_notes,,needs_review,,,,,,,,,Y,NO_SAMPLE_QUANTITY_FOUND,sample,2025-04-16,2025-04-16,1.00,1.00,0.00,567850|716110,1,1.00,0.00,2,04.16 HANDSET - MN | GOLD SAMPLES ** ONE OF EACH **
568218,716285,2025-04-17,LUM104,sample chip,parsed_from_order_notes,,needs_review,,,,,,,Y,,Y,NO_SAMPLE_QUANTITY_FOUND,sample,2025-04-17,2025-04-17,1.00,5.00,0.00,568218|716285,1,3.00,0.00,3,"SHIP UPS GROUND, NO CHARGE ATTN MARIAH GONZALEZ | PLEASE DOUBLE CHECK THAT SAMPLES ARE SMOOTH, CUSTOMER RECIEVED DISTRESSED ON LAST ORDER (565980) | 1 PACKAGE RP//KA//CG"
568798,716426,2025-04-18,CER116,sample chip,parsed_from_order_notes,,needs_review,,CHIP,,582,,,,,Y,NO_SAMPLE_QUANTITY_FOUND,sample,2025-04-18,2025-04-18,1.00,1.00,0.00,568798|716426,1,1.00,0.00,2,04.18 HANDSET - MN | SAMPLE CHIP OF EACH COLOR IN VINYLNOVA
568731,069361,2025-04-21,COR122,sample chip,parsed_from_order_notes,,needs_review,,,,,,,,,Y,NO_SAMPLE_QUANTITY_FOUND,sample,2025-04-18,2025-04-21,1.00,9.00,0.00,568731|069361,2,2.00,0.00,2,SAMPLE CHIPS 1 PACKAGE | RP//KA//CG
568732,069362,2025-04-21,COR122,sample chip,parsed_from_order_notes,,needs_review,,,,,,,,,Y,NO_SAMPLE_QUANTITY_FOUND,sample,2025-04-18,2025-04-21,1.00,9.00,0.00,568732|069362,1,2.00,0.00,2,SAMPLE CHIPS 1 PACKAGE | RP//KA//CG
568779,716585,2025-04-21,EXC102,sample chip,parsed_from_order_notes,,needs_review,number_before_sample_chip_times_2_listed_items; number_before_generic_sample_times_2_listed_items,,,,,,,,Y,EACH_PATTERN_MULTIPLIED_BY_LISTED_ITEMS; MULTIPLE_QUANTITY_CANDIDATES_REVIEW_REQUIRED,sample,2025-04-18,2025-04-21,1.00,1.00,0.00,568779|716585,1,1.00,0.00,4,04.18 SAMPLE CHIPS UPS GROUND FLOOR DLV - MN 1 PACKAGE | RP//KA//CG | ** 2 SAMPLE CHIPS OF EACH ** GOLDLABEL CHAMPAGNE | GOLD LABEL CASHMERE
568835,716567,2025-04-21,ART104,sample chip,parsed_from_order_notes,,needs_review,,CHIP,,2144,,,,,Y,NO_SAMPLE_QUANTITY_FOUND,sample,2025-04-21,2025-04-21,1.00,1.00,0.00,568835|716567,1,1.00,0.00,3,4/21: NO UPS GROUND CHARGE FOR SAMPLES 1 PACKAGE | RP//KA//CG | 2 CHIPS: MELZI
568966,716578,2025-04-21,DEV105,sample chip,parsed_from_order_notes,,needs_review,,CHIP,,580,,,,,Y,NO_SAMPLE_QUANTITY_FOUND,sample,2025-04-21,2025-04-21,1.00,1.00,0.00,568966|716578,1,1.00,0.00,2,04/21 PROMO | SAMPLE CHIPS NEWPORT COLLECTION
569162,716807,2025-04-22,UNI109,sample chip,parsed_from_order_notes,,needs_review,,CHIP,,2142,,,,,Y,NO_SAMPLE_QUANTITY_FOUND,sample,2025-04-21,2025-04-22,1.00,1.00,0.00,569162|716807,1,1.00,0.00,3,4/21: NO UPS GROUND CHARGE FOR SAMPLES 1 PACKAGE | RP//KA//CG | 2 CHIPS OF PARIA
569359,716801,2025-04-22,LUM104,,,,,,,,,,,Y,,Y,NO_SAMPLE_TYPE_DETECTED; NO_SAMPLE_TYPE_FOR_QTY; NO_EXACT_NOTE_KEYWORD_AFTER_NORMALIZE,,2025-04-22,2025-04-22,1.00,5.00,0.00,569359|716801,2,4.00,0.00,3,"SHIP UPS GROUND, NO CHARGE ATTN NAIRA SANOYAN | 1 PACKAGE RP//KA//CG | HANDCUTS"
569446,716795,2025-04-22,GRE137,sample chip,parsed_from_order_notes,,needs_review,,,,,,,Y,,Y,NO_SAMPLE_QUANTITY_FOUND,sample,2025-04-22,2025-04-22,1.00,1.00,0.00,569446|716795,1,2.00,0.00,2,SAMPLE CHIPS AND UPS AT NO CHARGE PER TA CONTACT: MICHAEL SMITH 508-221-8564 | 1 PACKAGE RP//KA//CG
569301,716934,2025-04-23,INT113,sample chip,parsed_from_order_notes,,needs_review,,,,,,,,,Y,NO_SAMPLE_QUANTITY_FOUND,sample,2025-04-22,2025-04-23,1.00,1.00,0.00,569301|716934,1,1.00,0.00,2,4/22: NO UPS GROUND CHARGE FOR SAMPLES PER HP 1 BOX | RP//KA//CG
569624,716938,2025-04-23,ROS110,sample chip,parsed_from_order_notes,,needs_review,number_before_sample_chip; number_before_generic_sample; number_before_chip,,,,,,,,Y,MULTIPLE_QUANTITY_CANDIDATES_REVIEW_REQUIRED,sample,2025-04-22,2025-04-23,1.00,1.00,0.00,569624|716938,1,1.00,0.00,3,"04.22 SAMPLE CHIPS GROUND FLOOR DLV - MN DEBBIE 916 782 1188 | 1 PACKAEG RP//KA//CG | ** SEND 3 CHIPS ** MAPLE 5"" SMOOTH CHESTNUT"
570338,069486,2025-04-25,MAR205,sample chip,parsed_from_order_notes,,needs_review,,,,,,,,,Y,NO_SAMPLE_QUANTITY_FOUND,sample,2025-04-24,2025-04-25,1.00,9.00,0.00,570338|069486,2,4.00,0.00,2,SAMPLE CHIPS REVISED SHIPPING | 1 PCKAEG RP//KA//C
570342,069488,2025-04-25,50,sample chip,parsed_from_order_notes,,needs_review,,,,,,,,,Y,NO_SAMPLE_QUANTITY_FOUND,sample,2025-04-24,2025-04-25,1.00,9.00,0.00,570342|069488,8,8.00,0.00,2,SAMPLE CHIPS 1 BOX | RP//KA//CG
571708,717753,2025-04-30,20,sample chip,parsed_from_order_notes,,needs_review,,,,,,,,,Y,NO_SAMPLE_QUANTITY_FOUND,cut,2025-04-30,2025-04-30,1.00,1.00,0.00,571708|717753,1,2.00,0.00,4,4.30: OK PER JM // RESIDENTIAL 1 BOX | RP//KA//CG | GNSS- WALNUT ANTIQUE CUTS GNII- SMOOTH MAPLE LATTE CUTS | GNII- SMOOTH/DISTRESSED MAPLE SYRUP CUTS
570718,069597,2025-05-01,OCF100,sample chip,parsed_from_order_notes,,needs_review,,,,,,,,,Y,NO_SAMPLE_QUANTITY_FOUND,sample,2025-04-25,2025-05-01,1.00,9.00,0.00,570718|069597,1,4.00,0.00,3,SEND OUT  5/01 1 PACKAGE | RP//KA//CG | ** NEBULA  SAMPLE CHIPS**
571931,069594,2025-05-01,A&R102,sample chip,parsed_from_order_notes,,needs_review,,,,,,,Y,,Y,NO_SAMPLE_QUANTITY_FOUND,cut,2025-04-30,2025-05-01,1.00,9.00,0.00,571931|069594,1,2.00,0.00,2,PLEASE SEND 2 CUTS OF THE BEVERLY HILLS BURTON WAY. NO CHARGE PER BRAD NM | 1 PACKAGE RP//KA//CG
560746,718032,2025-05-03,NAT104,,,,,,,,,33.00,single_dollar_amount_in_order_notes,,33.00,Y,NO_SAMPLE_TYPE_DETECTED; NO_SAMPLE_TYPE_FOR_QTY; VERIFY_AMOUNT_IS_FREIGHT_OR_SAMPLE_COST; NO_EXACT_NOTE_KEYWORD_AFTER_NORMALIZE,,2025-03-21,2025-05-03,1.00,6.00,0.00,560746|718032,1,1.00,0.00,5,"SENDING 13"" CUTTER #673 TO CRAIN FOR REPAIR SERIAL #2304-052 | CUSTOMER WILL BE RESPONSIBLE FOR THE FREIGHT CHARGE TO CRAIN CRAIN WILL DETERMINE IF UNDER WARRANTY OR NOT. WILL ADVISE. | 4/8 PER CARLOS - COVERED BY WARRANTY- OK TO RELEASE JUST CHARGE THE 33 | PAID CC ON FILE $33.00 JG 5/3 #00283G | SENDING 13"" CUTTER #673 TO CRAIN FOR REPAIR SERIAL #2304-052"
572625,718258,2025-05-05,AVL100,sample chip,parsed_from_order_notes,3,parsed_from_order_notes,number_before_sample_chip; number_before_generic_sample,CHIP,,554,,,,,Y,EACH_PATTERN_ITEM_COUNT_NOT_CONFIDENT,sample,2025-05-02,2025-05-05,1.00,1.00,0.00,572625|718258,1,1.00,0.00,3,05/02 PROMO // DG SHOP DLV | NO DLV FEE FOR SAMPLES RP//CG ( 1 BX ) | *** PLEASE SEND 3 SAMPLE CHIPS OF EACH COLOR IN THE EXOTICS COLLECTION ***
572659,718264,2025-05-05,INF106,sample panel,parsed_from_order_notes,,needs_review,,,,555,,,Y,,Y,NO_SAMPLE_QUANTITY_FOUND,plank,2025-05-02,2025-05-05,1.00,6.00,0.00,572659|718264,1,1.00,0.00,4,SEND UPS GROUND NO CHARGE ATTN:AMBER 317-336-9270 OK PER T.A // DC | MAERIAL FORM SA TR# 572697 (GFFCPC587-L 1 CTN//GFFCPC587-R 1 CTN) | 1 BOX RP//KA//CG | SEND 2 FULL PLANKS OF EACH  R&L VINTAGE WHITE WASH CHEVRON
572988,718273,2025-05-05,S&G100,sample chip,parsed_from_order_notes,,needs_review,,CHIP,,2138,,,Y,,Y,NO_SAMPLE_QUANTITY_FOUND,sample,2025-05-05,2025-05-05,1.00,1.00,0.00,572988|718273,1,1.00,0.00,3,"5/5 NO CHARGE FOR SAMPLE CHIPS VIA GROUND SHIPPING -MG 1 PACKAGE | RP//KA//CG | ***SEND 2SAMPLE CHIPS*** CAROLINA CLASSIC: MAPLE 5"" DURHAM"
572949,718417,2025-05-06,ROS110,sample panel,parsed_from_order_notes,,needs_review,,,,,,,,,Y,NO_SAMPLE_QUANTITY_FOUND,panel,2025-05-05,2025-05-06,1.00,1.00,0.00,572949|718417,1,2.00,0.00,3,5.5: OK PER JM AWARE NEW MATERIAL MAY BE DIFFERENT// STILL WANTS PANELS | 1 BOX RP//KA//CG | FC- CAFFE PANEL FC - PROVENCE PANEL
573288,718405,2025-05-06,DES142,sample panel; sample chip,parsed_from_order_notes,,needs_review,,,,,,,,,Y,MULTIPLE_SAMPLE_TYPES; NO_SAMPLE_QUANTITY_FOUND,cut; plank,2025-05-06,2025-05-06,1.00,1.00,0.00,573288|718405,1,2.00,0.00,3,OK PER JM 1 BOX | RP//KA//CG | OK TO SEND PLANK IF NO HERRINGBONE CUTS
573290,069671,2025-05-06,CAL168,sample chip,parsed_from_order_notes,,needs_review,,,,,,,Y,,Y,NO_SAMPLE_QUANTITY_FOUND,cut,2025-05-06,2025-05-06,1.00,9.00,0.00,573290|069671,1,2.00,0.00,2,PLEASE SEND 2 CUTS OF THE MAPLE ESPRESSO NO CHARGE PER BRAD NM | 1 PACKAGE RP//KA//CG
573405,718403,2025-05-06,CAL167,sample chip,parsed_from_order_notes,,needs_review,,,,,,,,,Y,NO_SAMPLE_QUANTITY_FOUND,cut,2025-05-06,2025-05-06,1.00,1.00,0.00,573405|718403,1,2.00,0.00,3,OK PER JM 1 PACKAGE | RP//KA//CG | GNII- MAPLE WHEAT DIS  CUTS GNII - HICKORY SIERRA CUTS
573494,069694,2025-05-07,PAT110,sample chip,parsed_from_order_notes,,needs_review,,,,,,,,,Y,NO_SAMPLE_QUANTITY_FOUND,sample,2025-05-06,2025-05-07,1.00,9.00,0.00,573494|069694,2,4.00,0.00,1,SAMPLE CHIPS GII AND  APPALACHIAN KA//CG ( 1 PKG )
573529,718581,2025-05-07,S&G100,sample chip,parsed_from_order_notes,,needs_review,,CHIP,,2137,,,Y,,Y,NO_SAMPLE_QUANTITY_FOUND,sample,2025-05-06,2025-05-07,1.00,1.00,0.00,573529|718581,1,1.00,0.00,2,"5/6 NO CHARGE FOR SAMPLES CHIPS VIA GROUND SHIPPING -MG KA//CG ( 1 PKG ) | ***SEND 4SAMPLES*** CRYSTAL VALLEY:  MAPLE NATURAL 1/2"" X 5"" 3MM"
573505,718675,2025-05-08,CAR100,sample chip,parsed_from_order_notes,,needs_review,,CHIP,,547,,,,,Y,NO_SAMPLE_QUANTITY_FOUND,sample,2025-05-06,2025-05-08,1.00,6.00,0.00,573505|718675,1,1.00,0.00,2,KA//ES ( 1 BNDL ) | SAMPLE CHIPS 1EA COLOR VINYLNOVA
573893,069721,2025-05-08,CAR288,sample chip,parsed_from_order_notes,,needs_review,,,,,,,,,Y,NO_SAMPLE_QUANTITY_FOUND,sample,2025-05-07,2025-05-08,1.00,9.00,0.00,573893|069721,5,10.00,0.00,3,SEND OUT FOR 5/8 KA//ES ( 1 PKG ) | ** SAMPLE CHIPS** | ** SAMPLE CHIPS**
573948,069722,2025-05-08,FIN122,sample chip,parsed_from_order_notes,,needs_review,,,,,,,,,Y,NO_SAMPLE_QUANTITY_FOUND,sample,2025-05-07,2025-05-08,1.00,9.00,0.00,573948|069722,5,10.00,0.00,1,SAMPLE CHIPS KA//ES ( 1 PKG )
573836,718873,2025-05-09,GRE137,sample panel; sample chip,parsed_from_order_notes,4,parsed_from_order_notes,number_before_pcs,,,,672.85,strict_freight_shipping_context,,672.85,Y,MULTIPLE_SAMPLE_TYPES,pcs; sample; plank,2025-05-07,2025-05-09,1.00,1.00,0.00,573836|718873,1,4.00,0.00,5,"KD CENTER 355 HYORYEONG- RO, SEOCHO-GU, | SEOUL, KOREA (ZIP: 06643) + ATTN. SOJUNG BYUN    EM:SJBYUN@NOXGLOBAL.COM | 82 10 8526 9335 SEE TONY A FOR SAMPLE PCS | 4 PCS EACH OF VINYLNOVA COPPER PLANKS FOR SAMPLES TO NOX MOLEEM | FED-EX $672.85 (31-LBS) 38 X 10 X 3 SHIPPING CHARGES $672.85"
574681,719048,2025-05-12,LEA110,sample chip,parsed_from_order_notes,,needs_review,,,,2135,,,,,Y,NO_SAMPLE_QUANTITY_FOUND,sample,2025-05-09,2025-05-12,1.00,1.00,0.00,574681|719048,1,1.00,0.00,2,5/9: NO UPS GROUND CHARGE FOR SAMPLES KA//CG ( 1 PKG ) | G2 DIST CHESNUT
574689,719037,2025-05-12,INF106,sample panel,parsed_from_order_notes,,needs_review,,,,543,,,Y,,Y,NO_SAMPLE_QUANTITY_FOUND,plank,2025-05-09,2025-05-12,1.00,6.00,0.00,574689|719037,1,1.00,0.00,2,"SHIP AT NO CHARGE, AMBER 317-3369270 KA // JSA - 1 PKG | 2 PLANKS EACH-VINTAGE WHITE WASH CHEVRON. OK PER TONY A,TO OPEN A BOX OF EACH TAKE FROM TR#572696"
574716,719031,2025-05-12,GAL122,sample chip,parsed_from_order_notes,,needs_review,,CHIP,,2136,,,Y,,Y,NO_SAMPLE_QUANTITY_FOUND,sample,2025-05-09,2025-05-12,1.00,1.00,0.00,574716|719031,1,1.00,0.00,3,5/9 NO CHARGE FOR SAMPLE CHIPS VIA GROUND SHIPPING -MG KA//CG ( 1 PKG ) | ***SEND 2SAMPLE CHIPS*** DU BOIS: EVELIEN | GABRIEL
574819,069788,2025-05-12,FAM107,sample chip,parsed_from_order_notes,,needs_review,,,,,,,Y,,Y,NO_SAMPLE_QUANTITY_FOUND,cut,2025-05-10,2025-05-12,1.00,9.00,0.00,574819|069788,1,2.00,0.00,2,PLEASE SEND 2 CUTS EACH OF THE EXOTICS ACACIA NATURAL & GOLD NO CHARGE PER BRAD NM | KA//CG ( 1 PKG )
575332,069815,2025-05-13,MAR205,sample chip,parsed_from_order_notes,,needs_review,,,,,,,,,Y,NO_SAMPLE_QUANTITY_FOUND,sample,2025-05-13,2025-05-13,1.00,9.00,0.00,575332|069815,4,8.00,0.00,2,SAMPLE CHIPS 1 BOX | RP//KA//CG
575443,069857,2025-05-14,EUF100,sample chip,parsed_from_order_notes,,needs_review,,,,,,,Y,,Y,NO_SAMPLE_QUANTITY_FOUND,cut,2025-05-13,2025-05-14,1.00,9.00,0.00,575443|069857,1,2.00,0.00,2,PLEASE SEND 2 CUTS EACH OF ZUMA BEACH & CARMEL. NO CHARGE PER BRAD/ NM | 1 PACKAGE RP//KA//CG
575867,069881,2025-05-15,CAL168,sample chip,parsed_from_order_notes,,needs_review,,,,,,,,,Y,NO_SAMPLE_QUANTITY_FOUND,sample,2025-05-14,2025-05-15,1.00,9.00,0.00,575867|069881,1,2.00,0.00,2,SAMPLE CHIPS 5/15 1 PACKAGE | RP//KA//CG
576265,069917,2025-05-16,FAM107,sample chip,parsed_from_order_notes,,needs_review,,,,,,,Y,,Y,NO_SAMPLE_QUANTITY_FOUND,cut,2025-05-15,2025-05-16,1.00,9.00,0.00,576265|069917,1,2.00,0.00,2,PLEASE SEND 2 CUTS OF PRAIRIE WHEAT 3 1/4 NO CHARGE PER BRAD NM | 1 PACKAGE RP//KA//CG
576427,719716,2025-05-16,JAC113,sample chip,parsed_from_order_notes,,needs_review,,CHIP,,1658,,,,,Y,NO_SAMPLE_QUANTITY_FOUND,sample,2025-05-16,2025-05-16,1.00,1.00,0.00,576427|719716,1,1.00,0.00,3,"5/16: NO UPS GROUND FOR SAMPLES 1 BOX | RP//KA//CG | 2 CHIPS OF EA: REXFORD, PARIA, MARCELLO, DUNE, SAHARA, ROMANTIQUE"
576467,719647,2025-05-16,NOE101,sample chip,parsed_from_order_notes,,needs_review,,,,,124.34,single_dollar_amount_in_order_notes,,124.34,Y,NO_SAMPLE_QUANTITY_FOUND; VERIFY_AMOUNT_IS_FREIGHT_OR_SAMPLE_COST,sample,2025-05-16,2025-05-16,1.00,1.00,0.00,576467|719647,1,1.00,0.00,2,05.16 PAID VISA****5314 $124.34 EXP 09.26 - MN APV#063813 | ALL ALLORA SAMPLES
576609,069947,2025-05-19,PRO235,sample chip,parsed_from_order_notes,,needs_review,,,,,,,Y,,Y,NO_SAMPLE_QUANTITY_FOUND,cut,2025-05-16,2025-05-19,1.00,9.00,0.00,576609|069947,1,2.00,0.00,2,"PLEASE SEND 2 CUTS EACH OF THE CRYSTAL VALLEY WHITE OAK 5"". NO CHARGE PER BRAD NM | 1 PACKAGE RP//KA//CG"
577278,069974,2025-05-20,COR122,sample chip,parsed_from_order_notes,,needs_review,,,,,,,,,Y,NO_SAMPLE_QUANTITY_FOUND,sample,2025-05-20,2025-05-20,1.00,9.00,0.00,577278|069974,1,2.00,0.00,2,SAMPLE CHIPS 1 PACKAGE | RP//KA//CG
577868,720185,2025-05-21,20,sample chip,parsed_from_order_notes,,needs_review,,CHIP,,529,,,,,Y,NO_SAMPLE_QUANTITY_FOUND,sample,2025-05-21,2025-05-21,1.00,1.00,0.00,577868|720185,1,1.00,0.00,2,05.21 HANDSET - MN | ALL SAMPLE CHIPS OF VINYLNOVA
578056,720385,2025-05-22,ALP116,sample chip,parsed_from_order_notes,,needs_review,number_before_sample_chip; number_before_generic_sample,,,,,,Y,,Y,MULTIPLE_QUANTITY_CANDIDATES_REVIEW_REQUIRED,sample,2025-05-22,2025-05-22,1.00,1.00,0.00,578056|720385,1,1.00,0.00,6,05.22 SAMPLE CHIPS * UPS GROUND FLOOR DLV NO CHARGE * 1 BOX | RP//KA//CG | 2 SAMPLE CHIPS EACH 5X24 HERRINGBONE S.BEACH | 4-3/4 X 23-5/8 HB SELLA 4-3/4 X 23-5/8 HB ALTURA | 4-3/4 X 23-5/8 HB DOMA 5X24-1/16 HERRINGBONE CAFFE | 5X24 HERRINGBONE NESSO
578182,070054,2025-05-22,AVE101,sample chip,parsed_from_order_notes,,needs_review,,,,,,,Y,,Y,NO_SAMPLE_QUANTITY_FOUND,cut,2025-05-22,2025-05-22,1.00,9.00,0.00,578182|070054,1,2.00,0.00,2,PLEASE SEND 2 CUTS EACH OF THE CAROLINA CLASSICS HICKORY CHARLOTTE & SALEM/NO CHARGE PER BRAD NM | 1 PACKAGE RP//KA//CG
578499,721181,2025-05-23,CON115,sample chip,parsed_from_order_notes,,needs_review,,CHIP,,524,,,,,Y,NO_SAMPLE_QUANTITY_FOUND,sample,2025-05-23,2025-05-23,1.00,1.00,0.00,578499|721181,1,1.00,0.00,2,05/23 PROMO PER HP | *** LA BELLE SAMPLE CHIPS ***
579013,720918,2025-05-28,20,sample chip,parsed_from_order_notes,,needs_review,,,,,,,,,Y,NO_SAMPLE_QUANTITY_FOUND,cut,2025-05-27,2025-05-28,1.00,1.00,0.00,579013|720918,1,2.00,0.00,3,OK PER JM 1 PACKAGE | RP//KA//CG | GNSS- WALNUT ANTIQUE SMOOTH CUTS GNSS - MAPLE SYRUP SMOOTH CUTS
579040,070146,2025-05-28,OCF100,sample chip,parsed_from_order_notes,,needs_review,,,,,,,,,Y,NO_SAMPLE_QUANTITY_FOUND,sample,2025-05-27,2025-05-28,1.00,9.00,0.00,579040|070146,1,2.00,0.00,2,"APPALACHIAN USA SAMPLE CHIPS 3-1/4"" PR.WHEAT 3MM 1 PACKAGE | RP//KA//CG"
578914,721227,2025-05-30,SIE106,sample chip,parsed_from_order_notes,,needs_review,,CHIP,,519,,,Y,,Y,NO_SAMPLE_QUANTITY_FOUND,sample,2025-05-27,2025-05-30,1.00,4.00,0.00,578914|721227,1,1.00,0.00,3,PLEASE SEND GROUND FLOOR UPS @ NO CHARGE PER HUGO SAMPLE CHIPS | MON-FRI 9AM-4PM | BRAZILIAN CHERRY SAMPLE CHIPS EXOTICS
579810,070201,2025-05-30,20,sample chip,parsed_from_order_notes,,needs_review,,,,,,,,,Y,NO_SAMPLE_QUANTITY_FOUND,sample,2025-05-29,2025-05-30,1.00,9.00,0.00,579810|070201,1,2.00,0.00,2,SAMPLE CHIPS 1 PACKAGE | RP//KA//CG
579862,721216,2025-05-30,MON115,sample chip,parsed_from_order_notes,,needs_review,,,,2130,,,,,Y,NO_SAMPLE_QUANTITY_FOUND,sample,2025-05-29,2025-05-30,1.00,1.00,0.00,579862|721216,1,1.00,0.00,3,5/29: NO UPS GROUND CHARGE FOR SAMPLES 1 PACKAGE | RP//KA//CG | 2PCS OF EACH : ASTRO JUPITER NEBULA LUNAR
579801,070246,2025-06-02,20,sample chip,parsed_from_order_notes,,needs_review,,,,,,,,,Y,NO_SAMPLE_QUANTITY_FOUND,sample,2025-05-29,2025-06-02,1.00,9.00,0.00,579801|070246,2,4.00,0.00,1,SAMPLE CHIPS LEGENDS KA // JSA - 1 PACKAGE
580585,070243,2025-06-02,PRO235,sample chip,parsed_from_order_notes,,needs_review,,,,,,,,,Y,NO_SAMPLE_QUANTITY_FOUND,sample,2025-06-02,2025-06-02,1.00,9.00,0.00,580585|070243,1,4.00,0.00,2,SEND OUT FOR 6/2 KA // JSA - 1 PACKAGE | 7.50 SELECT CHARACTER SAMPLE CHIPS
580590,070244,2025-06-02,PRO235,sample chip,parsed_from_order_notes,,needs_review,,,,,,,,,Y,NO_SAMPLE_QUANTITY_FOUND,sample,2025-06-02,2025-06-02,1.00,9.00,0.00,580590|070244,1,4.00,0.00,2,SEND OUT FOR 6/2 AA ***7.50 VOLD SELECT CHARCHATER SAMPLE CHIPS** | KA // JSA 1 PACKAGE
581067,070274,2025-06-03,PRO236,sample chip,parsed_from_order_notes,,needs_review,,,,,,,Y,,Y,NO_SAMPLE_QUANTITY_FOUND,sample,2025-06-03,2025-06-03,1.00,9.00,0.00,581067|070274,4,7.00,0.00,7,"SEND OUT 6/3 (OVERNIGHT) PER RENE NO OVERNIGHT FEE | CHEVRON ROVENZA VINEYARD NO CHARGE FOR OVERNIGHT PER TONY A | 1 BOX RP//KA//CG | ***MUST BE USA*** | *** MUST BE USA*** | **MUST BE LEFT, RIGHT SAMPLE CHIPS* | **MUST VE LEFT, RIGHT SAMPLE CHIP*"
580472,721805,2025-06-04,MCC112,sample chip,parsed_from_order_notes,,needs_review,number_before_sample_chip; number_before_generic_sample,,,,,,,,Y,EACH_PATTERN_ITEM_COUNT_NOT_CONFIDENT; MULTIPLE_QUANTITY_CANDIDATES_REVIEW_REQUIRED,sample,2025-06-02,2025-06-04,1.00,1.00,0.00,580472|721805,1,1.00,0.00,5,"06/02 OK PER JACOB BTB W.FORKLIFT MON-FRI 9-4 | JIM MCCONELL 916.616.2191 TRANSFER FOR 06/02, LTL 06/03 | MATERIAL FROM SA TR# 580598 (GCRACK09 4) REPRINT MATERFIAL REVISED | BJ//KA//ES (  6 PLTS ) | PLEASE SEND 3 SAMPLES CHIPS OF EACH COLOR VINYLNOVA & 5 SAMPLE CHIPS OF EACH COLOR EXOTICS"
581081,070297,2025-06-04,CHR111,sample chip,parsed_from_order_notes,,needs_review,,,,,,,,,Y,NO_SAMPLE_QUANTITY_FOUND,sample,2025-06-03,2025-06-04,1.00,9.00,0.00,581081|070297,3,6.00,0.00,2,SAMPLE CHIPS 1 BOX | RP//KA//CG
581323,721789,2025-06-04,HOB100,sample panel,parsed_from_order_notes,,needs_review,,,,,,,,,Y,NO_SAMPLE_QUANTITY_FOUND,panel,2025-06-04,2025-06-04,1.00,1.00,0.00,581323|721789,1,3.00,0.00,4,OK PER JM 1 BOX | RP//KA//CG | EXOTICS - TIGERWOOD PANEL EXOTICS - SANTOS PANEL | EXOTICS - PATAGONIAN PANEL
581326,070296,2025-06-04,CAL113,sample chip,parsed_from_order_notes,,needs_review,,,,,,,,,Y,NO_SAMPLE_QUANTITY_FOUND,sample,2025-06-04,2025-06-04,1.00,9.00,0.00,581326|070296,2,6.00,0.00,4,SEND OUT FOR 6/4 1 BOX | RP//KA//CG | ***DISTRESS SAMPLE CHIPS*** | ***SMOOTH SAMPLE CHIPS**
581338,047066,2025-06-04,EVE113,sample chip,parsed_from_order_notes,,needs_review,,,,,,,Y,,Y,NO_SAMPLE_QUANTITY_FOUND,sample,2025-06-04,2025-06-04,1.00,8.00,0.00,581338|047066,1,5.00,0.00,2,"SAMPLE CHIPS, NO CHARGE PER RR 1 BOX | RP//KA//CG"
581790,070319,2025-06-05,PRO236,sample chip,parsed_from_order_notes,,needs_review,,,,,,,,,Y,NO_SAMPLE_QUANTITY_FOUND,sample,2025-06-05,2025-06-05,1.00,9.00,0.00,581790|070319,2,4.00,0.00,3,5X24 CHEVRON V.WHITE 5X24-1/16 CHEVRON ROVENZA | SAMPLE CHIP OKAY PER TONY TO OVERNIGHT 2 PACKAGES | RP//KA//CG 1Z9380461319230016
581917,722089,2025-06-06,CAR141,sample chip,parsed_from_order_notes,,needs_review,,CHIP,,2127,,,,,Y,NO_SAMPLE_QUANTITY_FOUND,sample,2025-06-06,2025-06-06,1.00,1.00,0.00,581917|722089,1,1.00,0.00,3,6/6: NO UPS GROUND CHARGE FOR SAMPLES 1 PACKAGE | RP//KA//CG | 2 CHIPS OF G2 WHEAT SMOOTH
582548,722282,2025-06-09,ABS111,sample panel,parsed_from_order_notes,,needs_review,,,,506,,,,,Y,NO_SAMPLE_QUANTITY_FOUND,sample; panel,2025-06-09,2025-06-09,1.00,1.00,0.00,582548|722282,1,1.00,0.00,4,"06/09 OK PER JIM TO SEND OUT. 650-726-8141 | KA//CG ( 1 BX ) | PLEASE SEND SAMPLE PANELS OF: CHESNUT, LATTE, | DURHAM, MONROE SYRUP, WHEAT"
582525,722412,2025-06-10,WHI100,sample chip,parsed_from_order_notes,,needs_review,,,,2125,,,Y,,Y,NO_SAMPLE_QUANTITY_FOUND,sample,2025-06-09,2025-06-10,1.00,1.00,0.00,582525|722412,1,1.00,0.00,2,"6/9: NO CHARGE FOR SAMPLES KA//MH ( 1 BND ) | 1PC OF EA : DOMA 7-1/2"" , SELLA 7-1/2"", VECCHIO"
582904,722403,2025-06-10,MCC101,sample panel,parsed_from_order_notes,,needs_review,,,,,,,,,Y,NO_SAMPLE_QUANTITY_FOUND,panel,2025-06-10,2025-06-10,1.00,1.00,0.00,582904|722403,1,1.00,0.00,2,CUSTOMER AWARE NEW MATERIAL MAY BE DIFFERENT PANEL NEEDED BY FRIDAY 6/13 | 1 BOX RP//KA//CG
583433,070488,2025-06-12,CLA111,sample chip,parsed_from_order_notes,,needs_review,,,,,,,,,Y,NO_SAMPLE_QUANTITY_FOUND,sample,2025-06-11,2025-06-12,1.00,9.00,0.00,583433|070488,2,4.00,0.00,2,SAMPLE CHIPS 1 BOX | RP//KA//CG
583444,070489,2025-06-12,PRO236,sample panel,parsed_from_order_notes,,needs_review,,,,,,,,,Y,NO_SAMPLE_QUANTITY_FOUND,panel,2025-06-11,2025-06-12,1.00,9.00,0.00,583444|070489,1,1.00,0.00,3,SEND OUT FOR 6/12 MUST BE HERRINGBONE NEBULA  PANEL * | 1 BOX RP//KA//CG | ** MUST BE HERRINGBONE NEBULA  PANEL**
583733,722939,2025-06-13,YVC100,sample panel; sample chip,parsed_from_order_notes,,needs_review,number_before_pcs_times_2_listed_items; number_before_panel,,,2117,,,,,Y,MULTIPLE_SAMPLE_TYPES; EACH_PATTERN_MULTIPLIED_BY_LISTED_ITEMS; MULTIPLE_QUANTITY_CANDIDATES_REVIEW_REQUIRED,pcs; sample; panel,2025-06-12,2025-06-13,1.00,1.00,0.00,583733|722939,2,2.00,0.00,4,6/12: NO UPS GROUND CHARGE FOR SAMPLES 1 BOX | RP//KA//CG | 2 PCS OF EA COLOR IN ILLUMIN8 | 1 PANEL FLASH 1 PANEL AURORA
583808,722872,2025-06-13,ABS111,sample chip,parsed_from_order_notes,,needs_review,,,,,,,,,Y,NO_SAMPLE_QUANTITY_FOUND,cut,2025-06-13,2025-06-13,1.00,1.00,0.00,583808|722872,1,2.00,0.00,5,6.13: OK PER JM 1 BOX | RP//KA//CG | CB- BIRCH HARVEST CUTS CB- BIRCH CHESTNUT CUTS | CB- BIRCH TRUFFLE CUTS CB- HICKORY VINTAGE CUTS | ** 2 OF EACH **
583820,722923,2025-06-13,NAP101,sample chip,parsed_from_order_notes,,needs_review,,CHIP,,2118,,,,,Y,NO_SAMPLE_QUANTITY_FOUND,sample,2025-06-13,2025-06-13,1.00,1.00,0.00,583820|722923,1,1.00,0.00,3,"6/13: NO UPS GROUND CHARGE FOR SAMPLES 1 PACKAGE | RP//KA//CG | 2 CHIPS OF EA: HICKORY SALEM , G2 DIST. H SIERRA"
583917,722924,2025-06-13,NAT119,sample chip,parsed_from_order_notes,,needs_review,,CHIP,,2120,,,,,Y,NO_SAMPLE_QUANTITY_FOUND,sample,2025-06-13,2025-06-13,1.00,1.00,0.00,583917|722924,1,1.00,0.00,3,"6/13: NO UPS GROUND CHARGE FOR SAMPLES 1 BOX | RP//KA//CG | 2 CHIPS OF EA 9-1/2 SELECT: LUNA , DOMA , SELLA"
583994,722905,2025-06-13,JRE100,sample chip,parsed_from_order_notes,,needs_review,,,,,,,Y,,Y,NO_SAMPLE_QUANTITY_FOUND,sample,2025-06-13,2025-06-13,1.00,1.00,0.00,583994|722905,1,1.00,0.00,4,6/13 NO CHARGE FOR SAMPLE CHIPS VIA GROUND SHIPPING -MG 1 PACKAGE | RP//KA//CG | ***SEND 3PS OF EACH*** ALLORA 7.5 SELECT:  DOMA | ALTURA SELLA
584042,070518,2025-06-16,50,sample chip,parsed_from_order_notes,,needs_review,,,,,,,Y,,Y,NO_SAMPLE_QUANTITY_FOUND,cut,2025-06-13,2025-06-16,1.00,9.00,0.00,584042|070518,1,2.00,0.00,2,PLEASE SEND 2 CUTS OF THE COPPER VINYL NOVA @ NO CHARGE PER JSG/NM | 1 PACKAGE RP//KA//CG
584108,723062,2025-06-16,20,sample chip,parsed_from_order_notes,,needs_review,,CHIP,,2113,,,,,Y,NO_SAMPLE_QUANTITY_FOUND,sample,2025-06-13,2025-06-16,1.00,1.00,0.00,584108|723062,1,1.00,0.00,3,6/13: NO UPS GROUND CHARGE FOR SAMPLES 1 PACKAGE | RP//KA//CG | 2 CHIPS OF MONZA
584113,723054,2025-06-16,S&S103,sample chip,parsed_from_order_notes,,needs_review,,,,,,,Y,,Y,NO_SAMPLE_QUANTITY_FOUND; NO_EXACT_NOTE_KEYWORD_AFTER_NORMALIZE,,2025-06-13,2025-06-16,1.00,1.00,0.00,584113|723054,1,1.00,0.00,3,6/13 NO CHARGE FOR SAPLE CHIPS VIA GROUND SHIPPING -MG 1 PACKAGE | RP//KA//CG | ***2SAMPLE CHIPS*** GII: ESPRESSO DISTRESSED
584117,723063,2025-06-16,20,sample chip,parsed_from_order_notes,,needs_review,,CHIP,,2114,,,,,Y,NO_SAMPLE_QUANTITY_FOUND,sample,2025-06-13,2025-06-16,1.00,1.00,0.00,584117|723063,1,1.00,0.00,3,"6/13: NO UPS GROUND CHARGE FOR SAMPLES 1 PACKAGE | RP//KA//CG | 2 CHIPS OF ACAIA NATURAL 5"""
584128,723064,2025-06-16,20,sample chip,parsed_from_order_notes,,needs_review,,CHIP,,2115,,,,,Y,NO_SAMPLE_QUANTITY_FOUND,sample,2025-06-13,2025-06-16,1.00,1.00,0.00,584128|723064,1,1.00,0.00,3,6/13: NO UPS GOUND CHARGE FOR SAMPLES 1 PACKAGE | RP//KA//CG | 2 CHIPS OF EA: HICKORY CHARLOTTE
584132,723065,2025-06-16,20,sample chip,parsed_from_order_notes,,needs_review,,CHIP,,2116,,,,,Y,NO_SAMPLE_QUANTITY_FOUND,sample,2025-06-13,2025-06-16,1.00,1.00,0.00,584132|723065,1,1.00,0.00,3,"6/13: NO UPS GROUND CHARGE FOR SAMPLES 1 BOX | RP//KA//CG | 2 CHIPS OF EA : WALDEN, CANON"
583632,723228,2025-06-17,VIN117,,,,,,,,2112,,,,,Y,NO_SAMPLE_TYPE_DETECTED; NO_SAMPLE_TYPE_FOR_QTY; NO_EXACT_NOTE_KEYWORD_AFTER_NORMALIZE,,2025-06-12,2025-06-17,1.00,1.00,0.00,583632|723228,1,1.00,0.00,2,6/12: DROPPING OF AT DAVES HOUSE KA//ES ( 2 BXS ) | 2PCS OF EA COLOR IN ALLORA 7-1/2 AND 9-1/2
584623,723170,2025-06-17,COU100,sample chip,parsed_from_order_notes,,needs_review,,,,,,,,,Y,NO_SAMPLE_QUANTITY_FOUND,sample,2025-06-16,2025-06-17,1.00,1.00,0.00,584623|723170,1,1.00,0.00,3,6/16 GOING OUT W/ ORDER #584568 -MG RP // CG | 1 BUNDLE | G SOUND 12MM SAMPLE CHIP ***REFER W/KEVIN***
584731,723179,2025-06-17,GEN113,sample chip,parsed_from_order_notes,,needs_review,,,,,,,Y,,Y,NO_SAMPLE_QUANTITY_FOUND,sample,2025-06-17,2025-06-17,1.00,1.00,0.00,584731|723179,1,1.00,0.00,4,6/17 NO CHARGE FOR SAMPLE CHIPS VIA GROUND SHIPPING -MG KA // JSA | 1 PACKAGE | ***SAMPLE CHIPS**** VILLA GIALLA: BRESCIA | GOLD LABEL: SUEDE BEVERLY HILLS: CANON
584732,723231,2025-06-17,20,sample chip,parsed_from_order_notes,,needs_review,,,,,,,Y,,Y,NO_SAMPLE_QUANTITY_FOUND,sample,2025-06-17,2025-06-17,1.00,1.00,0.00,584732|723231,1,1.00,0.00,3,6/17 NO CHARGE FOR SAMPLE CHIPS VIA GROUND SHIPPING -MG ATTN: CATHY ELDRIDGE | KA // JSA 1 PACKAGE | ***2SAMPLE CHIPS*** EXOTICS: ACACIA GOLD
584741,723157,2025-06-17,ATL112,sample chip,parsed_from_order_notes,,needs_review,,,,,,,Y,,Y,NO_SAMPLE_QUANTITY_FOUND,sample,2025-06-17,2025-06-17,1.00,1.00,0.00,584741|723157,1,1.00,0.00,3,"6/17 NO CHARGE FOR SAMPLE VIA GROUND SHIPPING -MG KA // JSA | 1 PACKAGE | ***2SAMPLE CHIPS// MUST BE ""LEGENDS""*** LEGENDS: CAFFE"
584612,723364,2025-06-18,ANT119,sample panel,parsed_from_order_notes,,needs_review,,,,490,,,Y,,Y,NO_SAMPLE_QUANTITY_FOUND,sample; panel,2025-06-16,2025-06-18,1.00,1.00,0.00,584612|723364,1,1.00,0.00,4,"06/16 PROMO PER JACOB NO DLV CHARGE PER HP | SHOP DLV KA//CG ( 1 PLT ) | PLEASE SEND SAMPLE PANELS OF: LAGUNA, MANHATTAN, ZUMA, PEBBLE BEACH, SHELL BEACH H.B. | BRESCIA,  MONZA, ROMANTIQUE, VERONA"
585215,070574,2025-06-18,PRO236,sample chip,parsed_from_order_notes,,needs_review,,,,,,,Y,,Y,NO_SAMPLE_QUANTITY_FOUND,sample,2025-06-18,2025-06-18,1.00,9.00,0.00,585215|070574,2,8.00,0.00,3,"SAMPLE CHIPS OKAY PER TONY A TO OVERNIGHT AT NO CHARGE | EURO OAK 7.5"" LUGANA     4PCS SAMPLE CHIPS EURO OAK 7.5"" BIANCA     4PCS  SAMPLE CHIPS | 1 BOX RP//KA//CG"
585278,723382,2025-06-18,20,sample chip,parsed_from_order_notes,,needs_review,number_before_cut; number_before_pcs,,,493,,,,,Y,EACH_PATTERN_ITEM_COUNT_NOT_CONFIDENT; MULTIPLE_QUANTITY_CANDIDATES_REVIEW_REQUIRED,pcs; cut,2025-06-18,2025-06-18,1.00,1.00,0.00,585278|723382,1,2.00,0.00,4,6.18: RESIDENTIAL DELIVERY 1 BOX | RP//KA//CG | GOLD - CASHMERE CUTS DUBOIS - CHANTAL CUTS | ALLORA - DOMA 9.5 CUTS 2 PCS OF EACH
585745,723774,2025-06-20,CRE118,sample chip,parsed_from_order_notes,,needs_review,,,,,,,Y,,Y,NO_SAMPLE_QUANTITY_FOUND,sample,2025-06-19,2025-06-20,1.00,1.00,0.00,585745|723774,1,1.00,0.00,3,6/19 NO CHARGE FOR SAMPLE CHIPS VIA GROUND SHIPPING -MG 1 BOX | RP//KA//CG | ***3SAMPLE CHIPS*** ALLORA: DOMA SELECT / 7.5 & 9.5
586108,723877,2025-06-23,BLU112,sample chip,parsed_from_order_notes,,needs_review,,CHIP,,2111,,,Y,,Y,NO_SAMPLE_QUANTITY_FOUND,sample,2025-06-20,2025-06-23,1.00,1.00,0.00,586108|723877,1,1.00,0.00,3,6/20 NO CHARGE FOR SAMPLE CHIPS VIA GROUND SHIPPING -MG 1 PACKAGE | RP//KA//CG | ***SEND SAMPLES*** PRIVATE SELECTION: GOBI
586543,724050,2025-06-24,DES112,sample chip,parsed_from_order_notes,,needs_review,,CHIP,,2109,,,Y,,Y,NO_SAMPLE_QUANTITY_FOUND,sample,2025-06-23,2025-06-24,1.00,1.00,0.00,586543|724050,1,1.00,0.00,3,6/23 NO CHARGE FOR SAMPLE CHIPS VIA GROUND SHIPPING -MG 1 BOX | RP//KA//CG | ***2PCS OF EACH*** GII: ESPRESSO DISTRESSED/SMOOTH
586666,070698,2025-06-24,COR122,sample chip,parsed_from_order_notes,,needs_review,,,,,,,,,Y,NO_SAMPLE_QUANTITY_FOUND,sample,2025-06-23,2025-06-24,1.00,9.00,0.00,586666|070698,1,2.00,0.00,2,"SAMPLE CHIPS EURO OAK 9.5"" DOMA CHARACTER 1 PACKAGE | RP//KA//CG"
586925,724069,2025-06-24,WHO101,sample chip,parsed_from_order_notes,,needs_review,,CHIP,,2110,,,Y,,Y,NO_SAMPLE_QUANTITY_FOUND,sample,2025-06-24,2025-06-24,1.00,1.00,0.00,586925|724069,1,1.00,0.00,3,6/24 NO CHARGE FOR SAMPLE CHIPS VIA GROUND SHIPPING -MG 1 PACKAGE | RP//KA//CG | ***SEND 2SAMPLES*** GII: MAPLE SYRUP SMOOTH
586934,724256,2025-06-25,20,sample chip,parsed_from_order_notes,,needs_review,,CHIP,,2106,,,Y,,Y,NO_SAMPLE_QUANTITY_FOUND,sample,2025-06-24,2025-06-25,1.00,1.00,0.00,586934|724256,1,1.00,0.00,4,6/24 NO CHARGE FOR SAMPLE CHIPS VIA GROUND SHIPPING -MG 1 BOX | RP//KA//CG | ***SEND 2SAMPLE CHIPS*** CANTINA: SPANISH COFFEE | DU BOIS: WALNUT NATURAL
587006,724221,2025-06-25,HUR101,sample chip,parsed_from_order_notes,,needs_review,,,,,,,Y,,Y,NO_SAMPLE_QUANTITY_FOUND,sample,2025-06-24,2025-06-25,1.00,1.00,0.00,587006|724221,1,1.00,0.00,3,6/24 NO CHARGE FOR SAMPLE CHIPS VIA GROUND SHIPPING -MG 1 PACKAGE | RP//KA//CG | ***2SAMPLE CHIPS*** EXOTICS: ACACIA NATURAL
587045,724204,2025-06-25,COP100,sample chip,parsed_from_order_notes,,needs_review,,CHIP,,2107,,,Y,,Y,NO_SAMPLE_QUANTITY_FOUND,sample,2025-06-24,2025-06-25,1.00,1.00,0.00,587045|724204,1,1.00,0.00,3,6/24 NO CHARGE FOR SAMPLES VIA GROUND SHIPPING -MG 1 PACKAGE | RP//KA//CG | ***2SAMPLE CHIPS*** VINEYARD: CHABLIS
587107,724257,2025-06-25,20,sample chip,parsed_from_order_notes,,needs_review,,,,2108,,,Y,,Y,NO_SAMPLE_QUANTITY_FOUND,sample,2025-06-25,2025-06-25,1.00,1.00,0.00,587107|724257,1,1.00,0.00,3,6/25 NO CHARGE FOR SAMPLES VIA GROUND SHIPPING -MG 1 BOX | RP//KA//CG | ***2SEND SAMPLES*** NEWPORT COLLECTION; ALL COLORS
587275,070757,2025-06-26,CRE108,sample chip,parsed_from_order_notes,,needs_review,,,,,,,,,Y,NO_SAMPLE_QUANTITY_FOUND,sample,2025-06-25,2025-06-26,1.00,9.00,0.00,587275|070757,1,2.00,0.00,2,SAMPLE CHIPS THANK YOU 1 PACKAGE | RP//KA//CG
587478,724376,2025-06-26,CSC101,sample panel,parsed_from_order_notes,,needs_review,,,,,,,,,Y,NO_SAMPLE_QUANTITY_FOUND,panel,2025-06-26,2025-06-26,1.00,1.00,0.00,587478|724376,1,2.00,0.00,3,OK PER JM 1 BOX | RP//KA//CG | EXOTICS- ACACIA NATURAL PANEL GNII DIS - HICKORY CHATEAU PANEL
586119,724632,2025-06-27,NAT105,sample chip,parsed_from_order_notes,,needs_review,,,,2104,,,Y,,Y,NO_SAMPLE_QUANTITY_FOUND,pieces; sample,2025-06-20,2025-06-27,1.00,1.00,0.00,586119|724632,1,1.00,0.00,7,6/20 NO CHARGE FOR SAMPLES VIA GROUND SHIPPING -MG 6/27 APPROVED BY JACOB//NO CHARGE VIA GROUND SHIPPING -MG | B2B W/FORKLIFT//HRS: MON-FRI 8AM-5PM CONTACT: VIVAN 801/977.1171 | ***REVISED//REPRINT*** RP//EL//ES - 1 PLT | APPROVED BY RENE TO SHIP AT NO COST | ***INCLUDE HB*** | ***ALL PIECES*** CAROLINA CLASSIC | NEWPORT
587720,724615,2025-06-27,BLU112,sample chip,parsed_from_order_notes,4,parsed_from_order_notes,number_before_sample_chip_times_2_listed_items; number_before_generic_sample_times_2_listed_items,,,,,,,,Y,EACH_PATTERN_MULTIPLIED_BY_LISTED_ITEMS,sample,2025-06-26,2025-06-27,1.00,1.00,0.00,587720|724615,1,1.00,0.00,4,"06.26 UPS GROUND NO DLV FEE - MN 1 BOX | RP//KA//CG | ***2 SAMPLE CHIPS OF EACH*** EURO OAK 9.5"" VOLTO | EURO OAK 7.5"" VOLTO"
587762,724633,2025-06-27,20,sample chip,parsed_from_order_notes,,needs_review,,CHIP,,2105,,,Y,,Y,NO_SAMPLE_QUANTITY_FOUND; NO_EXACT_NOTE_KEYWORD_AFTER_NORMALIZE,,2025-06-26,2025-06-27,1.00,1.00,0.00,587762|724633,1,1.00,0.00,3,6/26 NO CHARGE VIA GROUND SHIPPING -MG 1 PACKAGE | RP//KA//CG | ***SEND 2SAMPLE CHIPS*** EXOTICS: SANTOS MAHOGANY
587798,724619,2025-06-27,CGI100,sample panel,parsed_from_order_notes,,needs_review,,,,,,,,,Y,NO_SAMPLE_QUANTITY_FOUND,panel,2025-06-27,2025-06-27,1.00,1.00,0.00,587798|724619,1,1.00,0.00,4,6.27: OK PER JM 1 BOX | RP//KA//CG | GNII- WALNUT NATURAL DIS. PANEL GNSS- MAPLE SYRUP SMOOTH PANEL | GNSS- MAPLE CHESTNUT SMOOTH PANEL GNSS- MAPLE WHEAT SMOOTH PANEL
588381,724822,2025-06-30,SUR106,sample chip,parsed_from_order_notes,,needs_review,,,,,,,Y,,Y,NO_SAMPLE_QUANTITY_FOUND,sample,2025-06-30,2025-06-30,1.00,1.00,0.00,588381|724822,1,1.00,0.00,2,6/30 NO CHARGE FOR SAMPLE CHIPS VIA GROUND SHIPPING -MG KA//CG - 1 PKG | ***SEND 4SAMPLE CHIPS*** ALLORA: DOMA 9 1/2 CHARACTER
588463,724805,2025-06-30,CON131,sample chip,parsed_from_order_notes,,needs_review,,CHIP,,2103,,,Y,,Y,NO_SAMPLE_QUANTITY_FOUND,sample,2025-06-30,2025-06-30,1.00,1.00,0.00,588463|724805,1,1.00,0.00,2,6/30 NO CHARGE FOR SAMPLE CHIPS VIA GROUND SHIPPING -MG KA//CG - 1 PKG | ***SEND 4SAMPLE CHIPS*** NEWPORT: PEBBLE BEACH
588543,070849,2025-06-30,CRE108,sample chip,parsed_from_order_notes,,needs_review,,,,,,,,,Y,NO_SAMPLE_QUANTITY_FOUND,sample,2025-06-30,2025-06-30,1.00,9.00,0.00,588543|070849,1,2.00,0.00,1,"SAMPLE CHIPS EURO OAK 7.5"" NESSO UV OIL KA//CG ( 1 PACKAGE )"
588556,070880,2025-07-01,COR122,sample chip,parsed_from_order_notes,,needs_review,,,,,,,,,Y,NO_SAMPLE_QUANTITY_FOUND,pieces; sample,2025-06-30,2025-07-01,1.00,9.00,0.00,588556|070880,2,4.00,0.00,4,SEND OUT FOR 07/01 1 BOX | RP//KA//CG | **IVORY PARALLEL SAMPLE PIECES** | ** NATURAL OAK SAMPLE PIECES**
589400,725240,2025-07-03,20,sample chip,parsed_from_order_notes,,needs_review,,CHIP,,2100,,,Y,,Y,NO_SAMPLE_QUANTITY_FOUND,sample,2025-07-03,2025-07-03,1.00,1.00,0.00,589400|725240,1,1.00,0.00,4,7/3 NO CHARGE FOR SAMPLE CHIPS VIA GROUND SHIPPING -MG `1 | 1 PACKAGE RP//KA//CG | ***SEND 2SAMPLE CHIPS*** EXOTICS: SANTOS MAHOGANY | SAPELE
589414,725236,2025-07-03,SUT104,sample chip,parsed_from_order_notes,,needs_review,,CHIP,,2101,,,,,Y,NO_SAMPLE_QUANTITY_FOUND,sample,2025-07-03,2025-07-03,1.00,1.00,0.00,589414|725236,1,1.00,0.00,3,"7/3 SEND SAMPLE CHIPS VIA GROUND SHIPPING -MG 1 PACKAGE | RP//KA//CG | ***SEND 2 SAMPLES*** CRYSTAL VALLEY USA: WHITE OAK 5"" PR.WHEAT 3MM"
589506,354886,2025-07-03,10,sample chip,parsed_from_order_notes,12,parsed_from_order_notes,number_before_sample_chip_times_4_listed_items; number_before_generic_sample_times_4_listed_items,,,,,,,,Y,EACH_PATTERN_MULTIPLIED_BY_LISTED_ITEMS,sample,2025-07-03,2025-07-03,1.00,3.00,0.00,589506|354886,1,1.00,0.00,4,07/03 SAMPLE CHIPS AT NO COST VIA UPS - SE 1 BOX | RP//KA//CG | 3 SAMPLES CHIPS OF EACH COLOR: - LUNAR | - ASTRO - STARDUST
589731,725443,2025-07-07,20,sample chip,parsed_from_order_notes,,needs_review,,,,,,,,,Y,NO_SAMPLE_QUANTITY_FOUND,sample,2025-07-03,2025-07-07,1.00,1.00,0.00,589731|725443,1,1.00,0.00,3,7/3: NO UPS GROUND CHARGE FOR SAMPLES 1 PACKAGE | RP//KA//CG | *AT JACKIE'S DESK*
589862,047333,2025-07-07,EVE113,sample chip,parsed_from_order_notes,,needs_review,,,,,,,Y,,Y,NO_SAMPLE_QUANTITY_FOUND,sample,2025-07-07,2025-07-07,1.00,8.00,0.00,589862|047333,3,6.00,0.00,2,SAMPLE CHIPS AT NO CHARGE PER RENE R. 1 BOX | RP//KA//CG
589904,725435,2025-07-07,HAD103,sample chip,parsed_from_order_notes,,needs_review,,CHIP,,2099,,,Y,,Y,NO_SAMPLE_QUANTITY_FOUND,sample,2025-07-07,2025-07-07,1.00,1.00,0.00,589904|725435,1,1.00,0.00,4,7/7 NO CHARGE FOR SAMPLE CHIPS VIA GROUND SHIPPING -MG 1 BOX | RP//KA//CG | ***SEND 2SAMPLES CHIPS*** GII SMOOTH: MAPLE CHESTNUT | MAPLE SYRUP MAPLE WHEAT
590052,725554,2025-07-08,20,sample chip,parsed_from_order_notes,2,parsed_from_order_notes,number_before_cut,,,,,,,,Y,EACH_PATTERN_ITEM_COUNT_NOT_CONFIDENT,cut,2025-07-07,2025-07-08,1.00,1.00,0.00,590052|725554,1,2.00,0.00,4,OK PER BRAD 1 BOX | RP//KA//CG | GNII - WALNUT NATURAL - DISTRESSED CUTS GNII - MAPLE ESPRESSO - DISTRESSED CUTS | GNII - WALNUT ANTIQUE - DISTRESSED CUTS ** 2 CUTS OF EACH **
590068,725555,2025-07-08,20,sample chip,parsed_from_order_notes,,needs_review,,,,2094,,,Y,,Y,NO_SAMPLE_QUANTITY_FOUND,sample,2025-07-07,2025-07-08,1.00,1.00,0.00,590068|725555,1,1.00,0.00,4,7/7 NO CHARGE FOR SAMPLES VIA GROUND SHIPPING -MG 1 PACKAGE | RP//KA//CG | ***SEND 2SAMPLES*** EXOTICS: SANTOS MAHOGANY | SAPELE
590149,725556,2025-07-08,20,sample chip,parsed_from_order_notes,,needs_review,,CHIP,,2095,,,,,Y,NO_SAMPLE_QUANTITY_FOUND,sample,2025-07-08,2025-07-08,1.00,1.00,0.00,590149|725556,1,1.00,0.00,2,"7/8: NO UPS GROUND CHARGE FOR SAMPLES RP//CG ( 1 PACKAGE ) | 2 CHIPS OF: USA CV MAPLE 5"""
590243,725529,2025-07-08,DAN104,sample chip,parsed_from_order_notes,,needs_review,,CHIP,,2096,,,Y,,Y,NO_SAMPLE_QUANTITY_FOUND,sample,2025-07-08,2025-07-08,1.00,1.00,0.00,590243|725529,1,1.00,0.00,3,7/8 NO CHARGE FOR SAMPLE CHIPS VIA GROUND SHIPPING -MG 1 PACKAGE | RP//KA//CG | ***SEND 3SAMPLE CHIPS*** NEWPORT: PARADISE COVE
590305,725547,2025-07-08,NAT105,sample chip,parsed_from_order_notes,,needs_review,,,,2097,,,Y,,Y,NO_SAMPLE_QUANTITY_FOUND,sample,2025-07-08,2025-07-08,1.00,1.00,0.00,590305|725547,1,1.00,0.00,4,7/8 NO CHARGE FOR SAMPLES VIA GROUND SHIPPING -MG ***REVISED//REPRINT*** | 1 BOX | RP//KA//CG | ***SEND 4SAMPLES OF EACH*** COMPETITION BUSTER LINE
590387,725538,2025-07-08,GAL114,sample chip,parsed_from_order_notes,,needs_review,,CHIP,,2098,,,Y,,Y,NO_SAMPLE_QUANTITY_FOUND,sample,2025-07-08,2025-07-08,1.00,1.00,0.00,590387|725538,1,1.00,0.00,4,7/8 NO CHARGE FOR SAMPLE CHIPS VIA GROUND SHIPPING -MG 1 BOX | RP//KA//CG | ***SEND 2PCS EACH*** BEVERLY HILLS: ALPHINE | ROXBURY
590406,725768,2025-07-09,SER116,sample chip,parsed_from_order_notes,,needs_review,,,,2092,,,,,Y,NO_SAMPLE_QUANTITY_FOUND,sample,2025-07-08,2025-07-09,1.00,1.00,0.00,590406|725768,1,1.00,0.00,3,"7/8: NO UPS GROUND CHARGE FOR SAMPLES 1 BOX | RP//KA//CG | 1 EA: M.DURHAM,M. MONROE,M WHEAT DIST & SMOOTH, BIRCH HARVEST"
590437,725755,2025-07-09,DAV138,sample chip,parsed_from_order_notes,,needs_review,,,,,,,,,Y,NO_SAMPLE_QUANTITY_FOUND,cut,2025-07-08,2025-07-09,1.00,1.00,0.00,590437|725755,1,2.00,0.00,2,7.8: OK PER CG TO PRINT AFTER CUT OFF 1 PACKAGE | RP//KA//CG
590604,725753,2025-07-09,COP100,sample chip,parsed_from_order_notes,,needs_review,,CHIP,,2093,,,Y,,Y,NO_SAMPLE_QUANTITY_FOUND,sample,2025-07-09,2025-07-09,1.00,1.00,0.00,590604|725753,1,1.00,0.00,3,7/9 NO CHARGE FOR SAMPLE CHIPS VIA GROUND SHIPPING -MG 1 PACKAGE | RP//KA//CG | ***SEND 2SAMPLE CHIPS*** PRIVATE SELECTION: GOBI
590662,725751,2025-07-09,CAR159,sample chip,parsed_from_order_notes,,needs_review,,,,,,,,,Y,NO_SAMPLE_QUANTITY_FOUND,cut,2025-07-09,2025-07-09,1.00,1.00,0.00,590662|725751,1,2.00,0.00,4,OK PERDC 1 BOX | RP//KA//CG | GNII- MAPLE LATTE CUTS GNII - ANTIQUE CUTS | GNII - SYRUP DIS CUTS
590677,071025,2025-07-09,STA103,sample chip,parsed_from_order_notes,,needs_review,,,,,,,,,Y,NO_SAMPLE_QUANTITY_FOUND,sample,2025-07-09,2025-07-09,1.00,9.00,0.00,590677|071025,1,2.00,0.00,2,"SAMPLE CHIPS CRY VALLEY USA WHITE OAK 3-1/4"" NATURAL 3MM | 1 PACKAGE RP//KA//CG"
590764,071023,2025-07-09,CAL168,sample chip,parsed_from_order_notes,,needs_review,,,,,,,,,Y,NO_SAMPLE_QUANTITY_FOUND,sample,2025-07-09,2025-07-09,1.00,9.00,0.00,590764|071023,2,4.00,0.00,2,SAMPLE CHIPS USA MAPLE AND WHEAT SMOOTH 1 PACKAGE | RP//KA//CG
590401,725909,2025-07-10,HAS101,sample chip,parsed_from_order_notes,3,parsed_from_order_notes,number_before_chip_times_3_listed_items,CHIP,,2089,,,,,Y,EACH_PATTERN_MULTIPLIED_BY_LISTED_ITEMS,sample,2025-07-08,2025-07-10,1.00,1.00,0.00,590401|725909,1,1.00,0.00,3,"7/8: NO UPS GROUND CHARGE FOR SAMPLES 1 BOX | RP//KA//CG | 1 CHIP OF EA COLOR IN : BEVERLY HILLS , ALLORA 7.5, ALLORA 9.5"
590879,725916,2025-07-10,WES151,,,,,,,,2090,,,,,Y,NO_SAMPLE_TYPE_DETECTED; NO_SAMPLE_TYPE_FOR_QTY; NO_EXACT_NOTE_KEYWORD_AFTER_NORMALIZE,,2025-07-09,2025-07-10,1.00,1.00,0.00,590879|725916,1,1.00,0.00,2,7/9 GOING TO DAVE'S HOUSE -MG RP//CG - 1 BND | ***SEND 3PCS*** CRYSTAL VALLEY: 3 1/4 PRAIREWHEAT USA
590917,725906,2025-07-10,ESQ101,sample chip,parsed_from_order_notes,12,parsed_from_order_notes,number_before_sample_chip_times_4_listed_items; number_before_generic_sample_times_4_listed_items,,,,52.00,single_dollar_amount_in_order_notes,,52.00,Y,EACH_PATTERN_MULTIPLIED_BY_LISTED_ITEMS; VERIFY_AMOUNT_IS_FREIGHT_OR_SAMPLE_COST,sample,2025-07-09,2025-07-10,1.00,1.00,0.00,590917|725906,1,1.00,0.00,5,07/09 CUSTOMER WANTS TO OVERNIGHT SAMPLES //WB OVERNIGHT CHARGE $52 | CONTACT:AARON  510-303-3178 07/10 PAID VISA ****4039 EXP 04/27 $52 //WB AP:03378G | 1 BOX RP//KA//CG | ******PLEASE SEND  3 SAMPLE CHIPS OF EACH COLOR ******* -BIRCH HARVEST | -BIRCH SPICE -HICKORY ANTIQUE
590919,725911,2025-07-10,OMP000,sample chip,parsed_from_order_notes,,needs_review,number_before_pcs,,,,,multiple_shipping_amounts_needs_review,,547.48; 0.57,Y,MULTIPLE_QUANTITY_CANDIDATES_REVIEW_REQUIRED; MULTIPLE_SHIPPING_DOLLAR_CANDIDATES,pcs,2025-07-09,2025-07-10,1.00,1.00,0.00,590919|725911,1,7.00,0.00,5,"VIETNAM MERIDA WOOD CO., LTD SOUTHERN INDUSTRIAL PARK, VAN PHU WARD, | LAO CAI PROVINCE, VIETNAM. 320000 CONT: MS. ANH | TEL: 0369448816 EMAIL: VIETNAMMERIDAWOODS@GMAIL.COM | FED-EX $547.48 (11-LBS) 15 X 10 X 12 SHIPPING CHARGES: $547.48 // TAXES,DUTIES,CUSTOM $0.57 | 4 PCS CHIPS BIANCA 7-1/2"" @ 5/8""X 7-1/2""W X 11"" L 3 PCS CHIPS BRESCIA 9-1/2"" @ 9/16""X 9-1/2""W X 12"" L"
591012,725917,2025-07-10,20,sample chip,parsed_from_order_notes,,needs_review,,CHIP,,2091,,,Y,,Y,NO_SAMPLE_QUANTITY_FOUND,sample,2025-07-10,2025-07-10,1.00,1.00,0.00,591012|725917,1,1.00,0.00,3,7/10 NO CHARGE FOR SAMPLE CHIPS VIA GROUND SHIPPING -MG 1 PACKAGE | RP//KA//CG | ***SEND 2SAMPLES*** GII: SYRUP SMOOTH
590384,728485,2025-07-11,OLD111,sample chip,parsed_from_order_notes,,needs_review,,CHIP,,2087,,,Y,,Y,NO_SAMPLE_QUANTITY_FOUND,sample,2025-07-08,2025-07-11,1.00,1.00,0.00,590384|728485,1,1.00,0.00,4,7/8 NO CHARGE FOR SAMPLE CHIPS VIA GROUND SHIPPING -MG 7/11 WAITING FOR SAMPLE FROM SAMPLE GUY PER TONY A TO BE | ABLE TO SEND OUT -MG 1 PACKAGE | RP//KA//CG | ***SEND 2SAMPLES CHIPS*** LEGENDS: CAFFE
591027,726043,2025-07-11,BAS102,sample chip,parsed_from_order_notes,,needs_review,,CHIP,,2088,,,Y,,Y,NO_SAMPLE_QUANTITY_FOUND,sample,2025-07-10,2025-07-11,1.00,1.00,0.00,591027|726043,1,1.00,0.00,6,7/10 NO CHARGE FOR SAMPLE CHIPS -MG RESIDENTIAL DLV//GROUND FLOOR NO STEPS | ***OK TO LEAVE OUTSIDE DOOR*** KA // CG | 1 BOX | ***SEND 3SAMPLES*** ALLORA: LUNA SELECT 7.5 | LUNA SELECT 9.5 DOMA SELECT 9.5 | SELLA SELECT 9.5
591460,071095,2025-07-11,MIC107,sample chip,parsed_from_order_notes,,needs_review,,,,,,,,,Y,NO_SAMPLE_QUANTITY_FOUND,sample,2025-07-11,2025-07-11,1.00,9.00,0.00,591460|071095,4,8.00,0.00,2,SAMPLE CHIPS 1 BOX | RP//KA//CG
591472,726048,2025-07-11,CAS158,sample chip,parsed_from_order_notes,,needs_review,,,,,,,,,Y,NO_SAMPLE_QUANTITY_FOUND,cut,2025-07-11,2025-07-11,1.00,1.00,0.00,591472|726048,1,2.00,0.00,7,OK PER JM 1 BOX | RP//KA//CG | GOLD LABEL CASHMERE CUTS | CHAMPAGNE CUTS ALLORA | DOMA 7.5 CHARACTER CUTS ARIA 7.5 CHARACTER CUTS | BEVERLY HILLS ALPINE CUTS | WALDEN CUTS ** PLS SEND 2 OF EACH
591548,071124,2025-07-14,AVE101,sample chip,parsed_from_order_notes,,needs_review,,,,,,,Y,,Y,NO_SAMPLE_QUANTITY_FOUND,cut,2025-07-11,2025-07-14,1.00,9.00,0.00,591548|071124,1,2.00,0.00,2,PLEASE SEND 2 CUTS OF THE MAPLE DURHAM NO CHARGE PER BRAD NM | 1 PACKAGE RP//KA//CG
591605,726280,2025-07-14,20,sample chip,parsed_from_order_notes,,needs_review,,,,2084,,,Y,,Y,NO_SAMPLE_QUANTITY_FOUND,sample,2025-07-11,2025-07-14,1.00,1.00,0.00,591605|726280,1,1.00,0.00,3,"7/11 NO CHARGE FOR SAMPLES VIA GROUND SHIPPING -MG 1 PACKAGE | RP//KA//CG | ***SEND 2SAMPLES*** CAROLINA CLASSIC: MAPLE 5"" DURHAM"
591935,726275,2025-07-14,MOC100,sample chip,parsed_from_order_notes,,needs_review,,,,2085,,,Y,,Y,NO_SAMPLE_QUANTITY_FOUND,sample,2025-07-14,2025-07-14,1.00,1.00,0.00,591935|726275,1,1.00,0.00,4,"7/14 NO CHARGE FOR SAMPLES VIA GROUND SHIPPING -MG 1 BOX | RP//KA//CG | ***SEND 2SAMPLE*** CAROLINA CLASSIC: MAPLE 5"" DURHAM | COMPETITION BUSTER: BIRCH HARVEST"
591964,726270,2025-07-14,COP100,sample chip,parsed_from_order_notes,,needs_review,,CHIP,,2086,,,Y,,Y,NO_SAMPLE_QUANTITY_FOUND,sample,2025-07-14,2025-07-14,1.00,1.00,0.00,591964|726270,1,1.00,0.00,4,7/14 NO CHARGE FOR SAMPLE CHIPS VIA GROUND SHIPPING -MG CONTACT: LAURA 616/795.8585 | 1 BOX RP//KA//CG | ***SEND 2SAMPLE*** PRIVATE SELECTION: GOBI | SAHARA
591600,726374,2025-07-15,LAR110,,,,,,,,2080,,,,,Y,NO_SAMPLE_TYPE_DETECTED; NO_SAMPLE_TYPE_FOR_QTY; NO_EXACT_NOTE_KEYWORD_AFTER_NORMALIZE,,2025-07-11,2025-07-15,1.00,1.00,0.00,591600|726374,1,1.00,0.00,4,7/11 DLV TO DAVE'S HOUSE -MG KA//CG - 1 BND | ***SEND 1PCS*** GII MAPLE DISTRESSED: CHESTNUT | LATTE SYRUP | ESPRESSO
592107,071146,2025-07-15,FAM107,sample chip,parsed_from_order_notes,,needs_review,,,,,,,Y,,Y,NO_SAMPLE_QUANTITY_FOUND,cut,2025-07-14,2025-07-15,1.00,9.00,0.00,592107|071146,1,2.00,0.00,2,7/14 PLEASE SEND 2 CUTS OF 9.5 1 CHARACTER & 1 SELECT NM NO CHARGE PER BRAD NM | 1 BOX RP//KA//CG
592261,726385,2025-07-15,TAN102,sample chip,parsed_from_order_notes,,needs_review,,CHIP,,2081,,,Y,,Y,NO_SAMPLE_QUANTITY_FOUND,sample,2025-07-15,2025-07-15,1.00,1.00,0.00,592261|726385,1,1.00,0.00,3,7/15 NO CHARGE FOR SAMPLE CHIPS VIA GROUND SHIPPING -MG 1 PACKAGE | RP//KA//CG | ***SEND 3PCS*** NEWPORT: SHELL BEACH
592262,726388,2025-07-15,20,sample chip,parsed_from_order_notes,,needs_review,,CHIP,,2082,,,Y,,Y,NO_SAMPLE_QUANTITY_FOUND,sample,2025-07-15,2025-07-15,1.00,1.00,0.00,592262|726388,1,1.00,0.00,4,7/15 NO CHARGE FOR SAMPLE CHIPS VIA GROUND SHIPPING -MG 1 BOX | RP//KA//CG | ***SEND 2SAMPLES*** EXOTICS: TIGERWOOD | ACACIA GOLD ACACIA BRONZE
592317,726386,2025-07-15,WAL123,sample chip,parsed_from_order_notes,,needs_review,,CHIP,,2083,,,Y,,Y,NO_SAMPLE_QUANTITY_FOUND,sample,2025-07-15,2025-07-15,1.00,1.00,0.00,592317|726386,1,1.00,0.00,3,7/15 NO CHARGE FOR SAMPLE CHIPS VIA GROUND SHIPPING -MG 1 PACKAGE | RP//KA//CG | ***SEND 2SAMPLES*** LEGENDS: CAFFE
592357,726366,2025-07-15,CAS131,sample chip,parsed_from_order_notes,,needs_review,,,,,,,,,Y,NO_SAMPLE_QUANTITY_FOUND,cut,2025-07-15,2025-07-15,1.00,1.00,0.00,592357|726366,1,1.00,0.00,3,OK PER JM 1 BOX | RP//KA//CG | BEVERLY HILLS CUTS - 1 OF EACH COLOR GOLD COLLECTION CUTS - 1 OF EACH COLOR
592510,726601,2025-07-16,SAM109,sample chip,parsed_from_order_notes,,needs_review,,CHIP,,2075,,,,,Y,NO_SAMPLE_QUANTITY_FOUND,sample,2025-07-15,2025-07-16,1.00,1.00,0.00,592510|726601,1,1.00,0.00,2,"7/15: NO UPS GROUND CHARGE FOR SAMPLES KA//CG - 1 PKG | 2 CHIPS OF EA: DIST. CHESTNUT , DIST SYRUP"
592536,726600,2025-07-16,RUD100,sample chip,parsed_from_order_notes,,needs_review,,CHIP,,2291,,,,,Y,NO_SAMPLE_QUANTITY_FOUND,sample,2025-07-15,2025-07-16,1.00,1.00,0.00,592536|726600,1,1.00,0.00,2,7/15: NO UPS GROUND CHARGE FOR SAMPLES KA//CG - 1 PKG | 2 CHIPS OF DIST. ESPRESSO
592555,726597,2025-07-16,NOR123,sample chip,parsed_from_order_notes,,needs_review,,CHIP,,2076,,,Y,,Y,NO_SAMPLE_QUANTITY_FOUND,sample,2025-07-15,2025-07-16,1.00,1.00,0.00,592555|726597,1,1.00,0.00,2,7/15 NO CHARGE FOR SAMPLE CHIPS VIA GROUND SHIPPING -MG KA//CG - 1 PKG | ***SEND 2SAMPLES*** LEGENDS: CAFFE
592557,726599,2025-07-16,PRO223,sample chip,parsed_from_order_notes,,needs_review,,CHIP,,2077,,,Y,,Y,NO_SAMPLE_QUANTITY_FOUND,sample,2025-07-15,2025-07-16,1.00,1.00,0.00,592557|726599,1,1.00,0.00,2,7/15 NO CHARGE FOR SAMPLE CHIPS VIA GROUND SHIPING -MG KA//CG - 1 PKG | ***SEND 2SAMPLES*** CAROLINA CLASSIC: DURHAM
592765,726602,2025-07-16,STO114,sample chip,parsed_from_order_notes,,needs_review,,CHIP,,2078,,,Y,,Y,NO_SAMPLE_QUANTITY_FOUND,sample,2025-07-16,2025-07-16,1.00,1.00,0.00,592765|726602,1,1.00,0.00,2,7/16 NO CHARGE FOR SAMPLE CHIPS VIA GROUND SHIPPING -MG KA//CG ( 1 PACKAGE ) | ***SEND 2SAMPLES*** EXOTICS: ACACIA NATURAL
592841,726596,2025-07-16,MIC107,sample chip,parsed_from_order_notes,,needs_review,,CHIP,,2079,,,Y,,Y,NO_SAMPLE_QUANTITY_FOUND,sample,2025-07-16,2025-07-16,1.00,1.00,0.00,592841|726596,1,1.00,0.00,3,7/16 NO CHARGE FOR SAMPLE CHIPS VIA GROUND SHIPPING -MG KA//CG ( 1 PACKAGE ) | ***SEND 2SAMPLS*** GII DISTRESSED: CHESTNUT | LATTE WHEAT
592264,726731,2025-07-17,MOR109,,,,,,,,2072,,,,,Y,NO_SAMPLE_TYPE_DETECTED; NO_SAMPLE_TYPE_FOR_QTY; NO_EXACT_NOTE_KEYWORD_AFTER_NORMALIZE,,2025-07-15,2025-07-17,1.00,1.00,0.00,592264|726731,1,1.00,0.00,4,7/15 DLV TO DAVE'S HOUSE -MG KA // ES | 1 BUNDLE | ***SEND 2PCS*** CONTRACTOR CHOICE: 2 1/4 RED OAK | 3 1/4 WHITE OAK
592856,726726,2025-07-17,CON131,sample chip,parsed_from_order_notes,,needs_review,,,,460,,,Y,,Y,NO_SAMPLE_QUANTITY_FOUND,sample,2025-07-16,2025-07-17,1.00,1.00,0.00,592856|726726,1,1.00,0.00,3,7/16 NO CHARGE PER JIM H FOR SAMPLES -MG ***WAITING FOR JBEN APPROVAL*** | KA // JSA // CG 1 PALLET | CONTACT: STUART 480/861.8011
592973,071200,2025-07-17,PRO235,sample chip,parsed_from_order_notes,,needs_review,,,,,,,,,Y,NO_SAMPLE_QUANTITY_FOUND,sample,2025-07-16,2025-07-17,1.00,9.00,0.00,592973|071200,1,2.00,0.00,2,"SAMPLE CHIPS MAPLE 5"" WHEAT DISTRESSED | 1 PACKAGE RP//KA//CG"
593135,726732,2025-07-17,OLD111,sample chip,parsed_from_order_notes,,needs_review,,CHIP,,2073,,,Y,,Y,NO_SAMPLE_QUANTITY_FOUND,pcs; pieces; sample,2025-07-17,2025-07-17,1.00,1.00,0.00,593135|726732,1,1.00,0.00,3,7/17 NO CHARGE FOR SAMPLE CHIPS -MG 1 BOX | RP//KA//CG | ***SEND SAMPLES PCS*** GOLD LABEL; ALL PIECES
593207,726727,2025-07-17,DES155,sample chip,parsed_from_order_notes,,needs_review,,CHIP,,2074,,,,,Y,NO_SAMPLE_QUANTITY_FOUND,sample,2025-07-17,2025-07-17,1.00,1.00,0.00,593207|726727,1,1.00,0.00,3,7/17 : NO UPS GROUND CHARGE FOR SAMPLES JB | 1 BOX RP//KA//CG | 5 CHIPS OF RODEO DRIVE
592858,726881,2025-07-18,OMP000,sample chip,parsed_from_order_notes,3,parsed_from_order_notes,number_before_generic_sample,,,,,multiple_shipping_amounts_needs_review,,344.01; 339.00; 10.13,Y,MULTIPLE_SHIPPING_DOLLAR_CANDIDATES,pieces; sample,2025-07-16,2025-07-18,1.00,1.00,0.00,592858|726881,1,3.00,0.00,6,"FLO.IT SRL VIA CAL LONGA 26 | 31028 VAZZOLA (TV) | ITALY ATT:ATT. STIVEN BIANCHI ( PRODUCTION MANAGER) | +39 0438 442195 FED-EX $344.01 (6-LBS) 15 X 10 X 12 | KA//TA ( 1 BX ) SHIPPING CHARGES: $339.00  // DUTIES,TAXES,CUSTOM $10.13 | SAMPLES WITH ILSY (PURCHASING) 3 SAMPLE PIECES @ 5/8"" X 9-1/2"" X 10-1/2"" L"
593335,726850,2025-07-18,COP100,sample chip,parsed_from_order_notes,,needs_review,,CHIP,,2069,,,Y,,Y,NO_SAMPLE_QUANTITY_FOUND,sample,2025-07-17,2025-07-18,1.00,1.00,0.00,593335|726850,1,1.00,0.00,5,7/17 NO CHARGE FOR SAMPLES CHIPS VIA GROUND SHIPPING -MG 1 BOX | RP//KA//CG | ***SEND 2SAMPLES*** BEVERLY HILLS: WALDEN | PRIVATE SELECTION: MIRAGE LEGENDS: PINOT | NESSO
593422,726900,2025-07-18,20,sample panel; sample chip,parsed_from_order_notes,,needs_review,,CHIP,,2070,,,Y,,Y,MULTIPLE_SAMPLE_TYPES; NO_SAMPLE_QUANTITY_FOUND,sample; plank,2025-07-18,2025-07-18,1.00,1.00,0.00,593422|726900,1,1.00,0.00,3,7/18 NO CHARGE FOR SAMPLE CHIPS VIA GROUND SHIPPING -MG 1 PACKAGE | RP//KA//CG | ***SENDS 3PCS*** BELLAGIO: ROVENZA PLANK
593425,726878,2025-07-18,MOC100,sample chip,parsed_from_order_notes,,needs_review,,,,2071,,,Y,,Y,NO_SAMPLE_QUANTITY_FOUND,sample,2025-07-18,2025-07-18,1.00,1.00,0.00,593425|726878,1,1.00,0.00,4,7/18 NO CHARGE FOR SAMPLES VIA GROUND SHIPPING -MG 1 PACKAGE | RP//KA//CG | ***SEND 2SAMPLES*** CAROLINA CLASSIC: SALEM | CHARLOTTE
593444,726854,2025-07-18,DIR118,sample chip,parsed_from_order_notes,,needs_review,,,,,,,,,Y,NO_SAMPLE_QUANTITY_FOUND,cut,2025-07-18,2025-07-18,1.00,1.00,0.00,593444|726854,1,2.00,0.00,3,OK PER JM 1 PACKAGE | RP//KA//CG | BELLISIMO - COLLINE CUTS
593685,727123,2025-07-21,SUR106,sample chip,parsed_from_order_notes,,needs_review,,CHIP,,2067,,,Y,,Y,NO_SAMPLE_QUANTITY_FOUND,pcs; sample,2025-07-18,2025-07-21,1.00,1.00,0.00,593685|727123,1,1.00,0.00,3,7/8 NO CHARGE FOR SAMPLE CHIPS VIA GROUND SHIPPING -MG 1 BOX | RP//KA//CG | ***SEND ALL PCS*** GOLD LABEL
593688,727111,2025-07-21,FLO239,sample chip,parsed_from_order_notes,,needs_review,,CHIP,,2068,,,Y,,Y,NO_SAMPLE_QUANTITY_FOUND,sample,2025-07-18,2025-07-21,1.00,1.00,0.00,593688|727111,1,1.00,0.00,3,7/18 NO CHARGE FOR SAMPLE CHIPS VIA GROUND SHIPPING -MG 1 PACKAGE | RP//KA//CG | ***SEND 3PCS*** LEGENDS: CAFFE
594091,071292,2025-07-22,FAM107,sample chip,parsed_from_order_notes,,needs_review,,,,,,,Y,,Y,NO_SAMPLE_QUANTITY_FOUND,cut,2025-07-21,2025-07-22,1.00,9.00,0.00,594091|071292,1,2.00,0.00,2,PLEAS SEND 2 CUTS OF THE ACACIA NATURAL EXOTICS. NO CHARGE PER BRAD NM | 1 PACKAGE RP//KA//CG
594119,727267,2025-07-22,TOP111,sample chip,parsed_from_order_notes,42,parsed_from_order_notes,number_before_sample_chip_times_2_listed_items; number_before_generic_sample_times_2_listed_items,CHIP,,449,,,,,Y,EACH_PATTERN_MULTIPLIED_BY_LISTED_ITEMS,sample,2025-07-21,2025-07-22,1.00,1.00,0.00,594119|727267,1,1.00,0.00,4,"07.21 SAMPLE CHIPS NO DLV FEE - MN 1 PACKAGE | RP//KA//CG | *** SEND 3 CHIPS OF EACH *** RED OAK 5"" NATURAL 3MM USA | WHITE OAK 5"" NATURAL 3MM USA"
594161,728488,2025-07-22,20,sample chip,parsed_from_order_notes,,needs_review,,,,2065,,,,,Y,NO_SAMPLE_QUANTITY_FOUND,pcs,2025-07-21,2025-07-22,1.00,1.00,0.00,594161|728488,1,1.00,0.00,2,7/21: DLV TO DC HOUSE KA//CG - 1 BND | ALL PCS IN COUNTRY CHARM COLLECTION REGENCY + HANNA
594389,727249,2025-07-22,ALL168,sample chip,parsed_from_order_notes,,needs_review,,,,,,,Y,,Y,NO_SAMPLE_QUANTITY_FOUND,sample,2025-07-22,2025-07-22,1.00,1.00,0.00,594389|727249,1,2.00,0.00,3,"SAMPLES AND UPS AT NO CHARGE OK PER TONY CONTACT:MELISSA ROSS PHONE:203-521-7631 | 2ND DAY AIR AUTHORIZED BY TA, PER VERONICA 1 PACKAGE | RP//KA//CG"
594611,727391,2025-07-23,ANT119,sample chip,parsed_from_order_notes,,needs_review,,CHIP,,2063,,,,,Y,NO_SAMPLE_QUANTITY_FOUND,sample,2025-07-23,2025-07-23,1.00,1.00,0.00,594611|727391,1,1.00,0.00,3,7/23: NO UPS GROUND CHARGE FOR SAMPLES 1 PACKAGE | RP//KA//CG | 2 CHIPS OF EA: NEBULA
594691,071314,2025-07-23,FIN106,sample chip,parsed_from_order_notes,,needs_review,,,,,,,,,Y,NO_SAMPLE_QUANTITY_FOUND,sample,2025-07-23,2025-07-23,1.00,9.00,0.00,594691|071314,1,3.00,0.00,3,SEND FOR 7/23 1 PACKAGE | RP//KA//CG | ** SAMPLE CHIPS**
594823,727407,2025-07-23,PRO100,sample chip,parsed_from_order_notes,,needs_review,,CHIP,,2064,,,,,Y,NO_SAMPLE_QUANTITY_FOUND,sample,2025-07-23,2025-07-23,1.00,1.00,0.00,594823|727407,1,1.00,0.00,3,"7/23"": NO UPS GROUND CHARGE FOR SAMPLES 1 PACKAGE | RP//KA//CG | 2 CHIPS OF CAFFE 7.5"
594841,727526,2025-07-24,PRO203,sample chip,parsed_from_order_notes,,needs_review,,CHIP,,2058,,,Y,,Y,NO_SAMPLE_QUANTITY_FOUND,sample,2025-07-23,2025-07-24,1.00,1.00,0.00,594841|727526,1,1.00,0.00,3,7/23 NO CHARGE FOR SAMPLE CHIPS VIA GROUND SHIPPING -MG 1 PACKAGE | RP//KA//CG | ***SEND 2SAMPLES*** BEVERLY HILLS: HILLCREST
594843,727539,2025-07-24,20,sample chip,parsed_from_order_notes,,needs_review,,CHIP,,2059,,,Y,,Y,NO_SAMPLE_QUANTITY_FOUND,sample,2025-07-23,2025-07-24,1.00,1.00,0.00,594843|727539,1,1.00,0.00,3,7/23 NO CHARGE FOR SAMPLE CHIPS VIA GROUND SHIPPING -MG 1 PACKAGE | RP//KA//CG | ***SEND 2SAMPLES*** DU BOIS: WALNUT NATURAL 7.5
594846,727527,2025-07-24,PRO203,sample chip,parsed_from_order_notes,,needs_review,,CHIP,,2060,,,Y,,Y,NO_SAMPLE_QUANTITY_FOUND,sample,2025-07-23,2025-07-24,1.00,1.00,0.00,594846|727527,1,1.00,0.00,3,7/23 NO CHARGE FOR SAMPLE CHIPS VIA GOUND SHIPPING -MG 1 BOX | RP//KA//CG | ***SEND 3SAMPLES*** ALLORA: VOLTO 9.5
594894,727536,2025-07-24,UND105,sample chip,parsed_from_order_notes,,needs_review,,CHIP,,2061,,,Y,,Y,NO_SAMPLE_QUANTITY_FOUND,sample,2025-07-23,2025-07-24,1.00,1.00,0.00,594894|727536,1,1.00,0.00,3,7/23 NO CHARGE FOR SAMPLE CHIP VIA GROUND SHIPPING -MG 1 PACKAGE | RP//KA//CG | ***SEND SAMPLES*** PARALLEL: WARM OAK
595044,727541,2025-07-24,20,sample chip,parsed_from_order_notes,,needs_review,,CHIP,,2062,,,Y,,Y,NO_SAMPLE_QUANTITY_FOUND,sample,2025-07-24,2025-07-24,1.00,1.00,0.00,595044|727541,1,1.00,0.00,3,7/24 NO CHARGE FOR SAMPLE CHIPS VIA GROUND SHIPPING -MG 1 PACKAGE | RP//KA//CG | ***SEND 2SAMPLE CHIPS*** ALLORA: ALTURA 9.5
595067,727523,2025-07-24,PRO124,sample chip,parsed_from_order_notes,,needs_review,,,,,,,Y,,Y,NO_SAMPLE_QUANTITY_FOUND,sample,2025-07-24,2025-07-24,1.00,5.00,0.00,595067|727523,3,6.00,0.00,3,SAMPLES CHIPS 07/24 PLEASE SHIP UPS GROUND TO SHIP TO ADDRESS NO CHARGE | M-F 8AM TO 5PM SAT 9AM TO 3PM 1 BOX | RP//KA//CG
587970,071388,2025-07-25,FLO125,sample panel; sample chip,parsed_from_order_notes,2,parsed_from_order_notes,number_before_cut,,,,,,Y,,Y,MULTIPLE_SAMPLE_TYPES,cut; plank,2025-06-27,2025-07-25,1.00,9.00,0.00,587970|071388,1,2.00,0.00,3,PLEASE SEND 2 CUTS EACH OF THE NEBULA PLANK & HERRINGBONE NO CHARGE PER JSG/BRAD NM | 1 PACKAGE RP//KA//CG | SENDING NEBULA PLANK ONLY
595286,727785,2025-07-25,BAS102,sample chip,parsed_from_order_notes,,needs_review,,CHIP,,2057,,,Y,,Y,NO_SAMPLE_QUANTITY_FOUND,sample,2025-07-24,2025-07-25,1.00,1.00,0.00,595286|727785,1,1.00,0.00,6,7/24 NO CHARGE FOR SAMPLE CHIPS VIA GROUND SHIPPING -MG ***REVISED//REPRINTED*** | 1 BOX RP//KA//CG | ***SEND SAMPLES*** BEVERLY HILLS: DOENY | CAROLINA CLASSIC: DURHAM BEAUFORT | CRYSTAL VALLEY: WHITE OAK PRAIRIE WHEAT EXOTICS: BRAZILIAN CHERRY | GII SMOOTH: HICKORY CHATEAU GII SMOOTH: MAPLE WHEAT
595317,071389,2025-07-25,STA103,sample panel,parsed_from_order_notes,,needs_review,,,,,,,,,Y,NO_SAMPLE_QUANTITY_FOUND,plank,2025-07-24,2025-07-25,1.00,9.00,0.00,595317|071389,1,1.00,0.00,2,ATTEN SAL: DOMA PLANKS MUST GO OUT TOMORROW | NOSING WITH CUSTOMER. CUSTOMER NEEDS TO MATCH TO PLANKS THERE WILL BE HELP FOR THE DRIVER
595676,071387,2025-07-25,FIN106,sample chip,parsed_from_order_notes,,needs_review,,,,,,,,,Y,NO_SAMPLE_QUANTITY_FOUND,sample,2025-07-25,2025-07-25,1.00,9.00,0.00,595676|071387,1,3.00,0.00,3,SEND FOR 7/28 1 PACKAGE | RP//KA//CG | ** SAMPLE CHIPS***
595609,727962,2025-07-28,CAR143,sample chip,parsed_from_order_notes,,needs_review,,,,,,,,,Y,NO_SAMPLE_QUANTITY_FOUND,cut,2025-07-25,2025-07-28,1.00,1.00,0.00,595609|727962,1,2.00,0.00,3,OK PER HP KA // JSA | 1 PACKAGE | GNII- MAPLE WHEAT DIS. CUTS GNII - HICKORY NAT DIS. CUTS
595694,727974,2025-07-28,PRO134,sample chip,parsed_from_order_notes,,needs_review,,,,,,,,,Y,NO_SAMPLE_QUANTITY_FOUND,cut,2025-07-25,2025-07-28,1.00,1.00,0.00,595694|727974,1,1.00,0.00,4,OK PER JM KA // JSA | 1 PACKAGE | LEGENDS - PROVENCE CUTS DB- GABRIELLE CUTS | DAVINCI - NESSO CUTS
595796,071413,2025-07-28,FAM107,sample chip,parsed_from_order_notes,,needs_review,,,,,,,,,Y,NO_SAMPLE_QUANTITY_FOUND,sample,2025-07-26,2025-07-28,1.00,9.00,0.00,595796|071413,3,6.00,0.00,4,SEND FOR 7/28 KA // JSA | 1 PACKAGE | ** SAMPLE CHIPS*** | *** SMAPLE CHIPS***
595912,727969,2025-07-28,LAT101,sample chip,parsed_from_order_notes,,needs_review,,,,,,,,,Y,NO_SAMPLE_QUANTITY_FOUND,cut,2025-07-28,2025-07-28,1.00,1.00,0.00,595912|727969,1,2.00,0.00,3,OK PER JM KA // JSA | 1 PACKAGE | NEWPORT - SHELL BEACH CUTS LEGENDS - BRIGITTE CUTS
596199,728083,2025-07-29,FAS100,sample chip,parsed_from_order_notes,,needs_review,,,,2054,,,Y,,Y,NO_SAMPLE_QUANTITY_FOUND,sample,2025-07-28,2025-07-29,1.00,1.00,0.00,596199|728083,1,1.00,0.00,3,7/28 NO CHARGE FOR SAMPLES VIA GROUND SHIPPING -MG 1 PACKAGE | RP//KA//CG | ***SEND 2SAMPLES*** BEVERLY HILLS: WALDEN
596217,728090,2025-07-29,TIL125,sample chip,parsed_from_order_notes,,needs_review,,,,,,,,,Y,NO_SAMPLE_QUANTITY_FOUND,sample; cut,2025-07-29,2025-07-29,1.00,1.00,0.00,596217|728090,1,2.00,0.00,2,7.29: NO COST SAMPLE CUTS - RESIDENTIAL DELIVERY 1 PACKAGE | RP//KA//CG
596283,728094,2025-07-29,20,sample chip,parsed_from_order_notes,,needs_review,,CHIP,,2055,,,Y,,Y,NO_SAMPLE_QUANTITY_FOUND,sample,2025-07-29,2025-07-29,1.00,1.00,0.00,596283|728094,1,1.00,0.00,3,7/29 NO CHARGE FOR SAMPLE CHIPS VIA GROUND SHIPPING -MG 1 PACKAGE | RP//KA//CG | ***SEND 2SAMPLES*** LEGENDS: PROVENCE
596289,728095,2025-07-29,20,sample chip,parsed_from_order_notes,,needs_review,,CHIP,,2056,,,Y,,Y,NO_SAMPLE_QUANTITY_FOUND,sample,2025-07-29,2025-07-29,1.00,1.00,0.00,596289|728095,1,1.00,0.00,3,7/29 NO CHARGE FOR SAMPLE CHIPS VIA GROUND SHIPPING -MG 1 PACKAGE | RP//KA//CG | ***SEND 2SAMPLES*** GII: WALNUT NATURAL DISTRESSED
594878,728308,2025-07-30,OMP000,sample chip,parsed_from_order_notes,,needs_review,,,,,401.07,strict_freight_shipping_context,,401.07,Y,NO_SAMPLE_QUANTITY_FOUND,sample,2025-07-23,2025-07-30,1.00,1.00,0.00,594878|728308,1,3.00,0.00,6,"LECHENWOOD VIET NAM COMPANY LIMITED THANH BINH INDUSTRIAL PARK, THANH THINH COMMUNE,CHO MOI | DISTRICT, BAC KAN PROVINCE, VIETNAM ZIP CODE: 26000 CONT: POPPY TEL: +84868825893 | EMAIL: POPPY@LECHENVIETNAMFLOORING.COM FED-EX $401.07 (3-LBS) 12 X 9 X 9 | RP//TA ( 1 BX ) 12 X 9 X 9 ( 4LBS ) | SHIPPING CHARGES $401.07 | SAMPLES TEAM, PICK UP SELECTED SAMPLES WITH ILSY PEBBLE BEACH 3PIECES @ 1/2"" X 7-1/2"" X 11-1/2""L"
596466,071480,2025-07-30,50,sample chip,parsed_from_order_notes,,needs_review,,,,,,,Y,,Y,NO_SAMPLE_QUANTITY_FOUND,cut,2025-07-29,2025-07-30,1.00,9.00,0.00,596466|071480,1,2.00,0.00,2,PLEASE SEND 2 CUTS; OF THE BRESCIA LEGENDS/NO CHARGE PER BRAD NM | 1 PACKAGE RP//KA//CG
596491,728294,2025-07-30,FLO181,sample chip,parsed_from_order_notes,,needs_review,,CHIP,,2051,,,,,Y,NO_SAMPLE_QUANTITY_FOUND,sample,2025-07-29,2025-07-30,1.00,1.00,0.00,596491|728294,1,1.00,0.00,3,7/29: NO UPS GROUND CHARGE FOR SAMPLES 1 PACKAGE | RP//KA//CG | 2 CHIPS OF G2 SMOOTH HICKORY NAT.
596601,728313,2025-07-30,20,sample chip,parsed_from_order_notes,8,parsed_from_order_notes,number_before_sample_chip_times_4_listed_items; number_before_generic_sample_times_4_listed_items,,,,,,,,Y,EACH_PATTERN_MULTIPLIED_BY_LISTED_ITEMS,sample,2025-07-29,2025-07-30,1.00,1.00,0.00,596601|728313,1,1.00,0.00,5,07/29 SENDING SAMPLE CHIPS VIA UPS GROUND //WB CONTACT:310-658-6283 PHIL | 1 BOX RP//KA//CG | ***PLEASE SEND 2 SAMPLE CHIPS OF EACH **** *****ALL DISTRESSED ***** | -MAPLE ESPRESSO -WALNUT ANTIQUE | -MAPLE LATTE
596635,728314,2025-07-30,20,sample chip,parsed_from_order_notes,,needs_review,,,,,,,,,Y,NO_SAMPLE_QUANTITY_FOUND,cut,2025-07-30,2025-07-30,1.00,1.00,0.00,596635|728314,1,2.00,0.00,3,7.30: OK PER JM 1 BOX | RP//KA//CG | ALLORA - ARIA CUTS 7 ½ ALLORA - ALTURA CUTS 9 ½
596677,071481,2025-07-30,50,sample chip,parsed_from_order_notes,,needs_review,,,,,,,Y,,Y,NO_SAMPLE_QUANTITY_FOUND,cut,2025-07-30,2025-07-30,1.00,9.00,0.00,596677|071481,1,2.00,0.00,2,PLEASE SEND 2 CUTS OF THE COMPETITION BUSTER BIRCH TRUFFLE AT NO CHARGE PER BRAD NM | 1 PACKAGE RP//KA//CG
596746,728244,2025-07-30,MER115,sample panel; sample chip,parsed_from_order_notes,,needs_review,,CHIP,,2052,,,Y,,Y,MULTIPLE_SAMPLE_TYPES; NO_SAMPLE_QUANTITY_FOUND,sample,2025-07-30,2025-07-30,1.00,1.00,0.00,596746|728244,1,1.00,0.00,2,7/30 NO CHARGE FOR SAMPLE BOARD OK PER HP -MG | ***SAMPLE CHIPS OF ALLORA 1EACH***
596768,728279,2025-07-30,ABI101,sample chip,parsed_from_order_notes,,needs_review,,CHIP,,2053,,,Y,,Y,NO_SAMPLE_QUANTITY_FOUND,sample,2025-07-30,2025-07-30,1.00,1.00,0.00,596768|728279,1,1.00,0.00,3,7/30 NO CHARGE FOR SAMPLE CHIPS VIA GROUND SHIPPING -MG 1 PACKAGE | RP//KA//CG | ***SEND 3SAMPLES*** CAROLINA CLASSIC: MAPLE DURHAM
596924,728466,2025-07-31,PIN111,sample chip,parsed_from_order_notes,120,parsed_from_order_notes,number_before_sample_chip_times_4_listed_items; number_before_generic_sample_times_4_listed_items,,,,,,,,Y,EACH_PATTERN_MULTIPLIED_BY_LISTED_ITEMS,sample,2025-07-30,2025-07-31,1.00,1.00,0.00,596924|728466,1,1.00,0.00,7,"07.30 SAMPLE CHIPS - MN JAIME 714.496.7345 | ****REPRINT ADDED SAMPLES**** 1 BOX | RP//KA//CG | ** 2 OF EACH ** EURO OAK 9.5"" ARIA | EURO OAK 9.5"" ALTURA EURO OAK 9.5"" ALTURA SELECT | EURO OAK 9.5"" LUNA EURO OAK 9.5"" LUNA SELECT | EURO OAK 9.5"" DOMA EURO OAK 9.5"" DOMA SELECT"
597009,071511,2025-07-31,PRO136,sample chip,parsed_from_order_notes,,needs_review,,,,,,,,,Y,NO_SAMPLE_QUANTITY_FOUND,sample,2025-07-31,2025-07-31,1.00,9.00,0.00,597009|071511,1,4.00,0.00,3,SEND FOR 7/31 1 PACKAGE | RP//KA//CG | 1/2 X 5 PATAGONIAN ROSEWOOD  SAMPLE CHIPS**
597028,728483,2025-07-31,20,sample chip,parsed_from_order_notes,,needs_review,,CHIP,,2047,,,Y,,Y,NO_SAMPLE_QUANTITY_FOUND,sample,2025-07-31,2025-07-31,1.00,1.00,0.00,597028|728483,1,1.00,0.00,5,7/31 NO CHARGE FOR SAMPLE CHIPS VIA GROUND SHIPPING -MG 1 BOX | RP//KA//CG | ***SEND 2SAMPLES*** GOLD LABEL: CASHMERE | CHAMPAGNE ALLORA: DOMA SELECT 9.5 | BEVERLY HILLS: ALPINE
597044,728421,2025-07-31,ABI101,sample chip,parsed_from_order_notes,,needs_review,,CHIP,,2048,,,Y,,Y,NO_SAMPLE_QUANTITY_FOUND,sample,2025-07-31,2025-07-31,1.00,1.00,0.00,597044|728421,1,1.00,0.00,3,7/31 NO CHARGE FOR SAMPLE CHIPS VIA GROUND SHIPPING -MG 1 PACKAGE | RP//KA//CG | ***SEND 3PCS*** GII: HICKORY NATURAL DISTRESSED
597063,728459,2025-07-31,MOC100,sample chip,parsed_from_order_notes,,needs_review,,,,2049,,,Y,,Y,NO_SAMPLE_QUANTITY_FOUND,sample,2025-07-31,2025-07-31,1.00,1.00,0.00,597063|728459,1,1.00,0.00,4,7/31 NO CHARGE FOR SAMPLE VIA GOUND SHIPPING -MG 1 BOX | RP//KA//CG | ***SEND 2SAMPLES*** CAROLINA CLASSIC: MAPLE MONROE | HICKORY BEAUFORT HICKORY SALEM
597078,728429,2025-07-31,AYH100,sample chip,parsed_from_order_notes,,needs_review,,CHIP,,2050,,,,,Y,NO_SAMPLE_QUANTITY_FOUND,sample,2025-07-31,2025-07-31,1.00,1.00,0.00,597078|728429,1,1.00,0.00,3,7/31: NO UPS GROUND CHARGE FOR SAMPLES 1 PACKAGE | RP//KA//CG | 2 CHIPS : ACACIA BRONZE
597252,071551,2025-08-01,LAN100,sample chip,parsed_from_order_notes,,needs_review,,,,,,,,,Y,NO_SAMPLE_QUANTITY_FOUND,sample,2025-07-31,2025-08-01,1.00,9.00,0.00,597252|071551,1,2.00,0.00,2,"SAMPLE CHIPS EURO OAK 7.5"" LUGANA 1 PACKAGE | RP//KA//CG"
597272,728662,2025-08-01,20,sample chip,parsed_from_order_notes,,needs_review,,CHIP,,2044,,,Y,,Y,NO_SAMPLE_QUANTITY_FOUND,sample,2025-07-31,2025-08-01,1.00,1.00,0.00,597272|728662,1,1.00,0.00,4,7/31 NO CHARGE FOR SAMPLE CHIPS VIA GROUND SHIPPING -MG 1 BOX | RP//KA//CG | ***SEND 2SAMPLES*** ALLORA: LUNA SELECT 9.5 | ALTURA 9.5 ARIA 7.5
597410,728661,2025-08-01,WAL123,sample chip,parsed_from_order_notes,,needs_review,,CHIP,,2045,,,Y,,Y,NO_SAMPLE_QUANTITY_FOUND,sample,2025-08-01,2025-08-01,1.00,1.00,0.00,597410|728661,1,1.00,0.00,3,8/1 NO CHARGE FOR SAMPLE CHIPS VIA GROUND SHIPPING -MG 1 PACKAGE | RP//KA//CG | ***SEND 3SAMPLES*** BEVERLY HILLS: HILLCREST
597495,729954,2025-08-04,FIN102,sample chip,parsed_from_order_notes,,needs_review,,,,,,,,,Y,NO_SAMPLE_QUANTITY_FOUND,sample,2025-08-01,2025-08-04,1.00,1.00,0.00,597495|729954,2,2.00,0.00,2,8/1: NO UPS GROUND CHARGE FOR SAMPLES CASEY   805-245-8840 | HUGO TO TAKE
597763,728830,2025-08-04,20,sample chip,parsed_from_order_notes,,needs_review,,,,,,,,,Y,NO_SAMPLE_QUANTITY_FOUND,cut,2025-08-04,2025-08-04,1.00,1.00,0.00,597763|728830,1,2.00,0.00,4,8.4: OK PER JM 1 BOX | RP//KA//CG | LEGENDS- BRIGITTE CUTS LEGENDS- CAFFE CUTS | ALLORA - 7.5 VENTASSO CUTS
597994,728819,2025-08-04,CWJ100,sample chip,parsed_from_order_notes,,needs_review,,CHIP,,2043,,,,,Y,NO_SAMPLE_QUANTITY_FOUND,sample,2025-08-04,2025-08-04,1.00,1.00,0.00,597994|728819,1,1.00,0.00,3,8/4: NO UPS GROUND CHARGE FOR SAMPLES 1 PACKAGE | RP//KA//CG | 3 CHIPS OF PATAGONIAN ROSEWOOD
597038,728968,2025-08-05,20,sample chip,parsed_from_order_notes,,needs_review,,CHIP,,2038,,,Y,,Y,NO_SAMPLE_QUANTITY_FOUND,sample,2025-07-31,2025-08-05,1.00,1.00,0.00,597038|728968,1,1.00,0.00,3,7/31 NO CHARGE FOR SAMPLE CHIPS VIA GORUND SHIPPING -MG 1 BOX | RP//KA//CG | ***SEND 2SAMPLES*** ALL OF VINYLNOVA
597996,071606,2025-08-05,GOL132,sample chip,parsed_from_order_notes,,needs_review,,,,,,,Y,,Y,NO_SAMPLE_QUANTITY_FOUND,cut,2025-08-04,2025-08-05,1.00,9.00,0.00,597996|071606,1,1.00,0.00,2,8/4 PLEASE SEND 2 CUTS OF THE NEWPORT DEL MAR. NO CHARGE PER WC. NM | 1 PACKAGE RP//KA//CG
598003,728913,2025-08-05,COP100,sample panel,parsed_from_order_notes,,needs_review,,,,,,,Y,,Y,NO_SAMPLE_QUANTITY_FOUND,sample,2025-08-04,2025-08-05,1.00,1.00,0.00,598003|728913,1,1.00,0.00,4,8/4 NO CHARGE FOR SAMPLES VIA GROUND SHIPPING -MG ATTN: RANDY | B2B W/FORKLIFT//HRS: MON-FRI 9AM-5PM ***JBEN APPROVED*** | 1 BOX RP//KA//CG | ***SEND SAMPLE BOARD*** PRIVATE SELECTION: GOBI
598047,728970,2025-08-05,20,sample chip,parsed_from_order_notes,,needs_review,,CHIP,,2039,,,Y,,Y,NO_SAMPLE_QUANTITY_FOUND,sample,2025-08-04,2025-08-05,1.00,1.00,0.00,598047|728970,1,1.00,0.00,4,8/4 NO CHARGE FOR SAMPLE CHIPS VIA GROUND SHIPPNG -MG 1 PACKAGE | RP//KA//CG | ***SEND 2SAMPLES*** CRYSTAL VALLEY: WHITE OAK PRAIRIE WHEAT 3 1/4 | WHITE OAK NATURAL 3 1/4 GII: MAPLE WHEAT SMOOTH
598053,728971,2025-08-05,20,sample chip,parsed_from_order_notes,,needs_review,,CHIP,,2040,,,Y,,Y,NO_SAMPLE_QUANTITY_FOUND,sample,2025-08-04,2025-08-05,1.00,1.00,0.00,598053|728971,1,1.00,0.00,4,"8/4 NO CHARGE FOR SAMPLES CHIPS VIA GROUND SHIPPING -MG ***REVISED//REPRINT*** | 1 PACKAGE RP//KA//CG | ***SEND 2SAMPLES CHIPS*** DAVINCI: VECCHIO | CONTRACTOR CHOICE: PREMIUM W/O S.E 7"""
598095,728972,2025-08-05,20,sample chip,parsed_from_order_notes,,needs_review,,CHIP,,2041,,,Y,,Y,NO_SAMPLE_QUANTITY_FOUND,sample,2025-08-04,2025-08-05,1.00,1.00,0.00,598095|728972,1,1.00,0.00,3,8/4 NO CHARGE FOR SAMPLE CHIPS VIA GROUND SHIPPING -MG 1 PACKAGE | RP//KA//CG | ***SEND 2SAMPLES*** PRIVATE SELECTION: MIRAGE
598316,728966,2025-08-05,WAT105,sample chip,parsed_from_order_notes,,needs_review,,CHIP,,2042,,,Y,,Y,NO_SAMPLE_QUANTITY_FOUND,sample,2025-08-05,2025-08-05,1.00,1.00,0.00,598316|728966,1,1.00,0.00,3,"8/5 NO CHARGE FOR SAMPLES CHIPS VIA GROUND SHIPPING -MG 1 PACKAGE | RP//KA//CG | ***SEND 2SAMPLE CHIPS*** CRYSTAL VALLEY: RED OAK 5"" NATURAL 3MM USA"
598420,728937,2025-08-05,MEN101,sample chip,parsed_from_order_notes,6,parsed_from_order_notes,number_before_sample_chip_times_2_listed_items; number_before_generic_sample_times_2_listed_items,,,,,,,,Y,EACH_PATTERN_MULTIPLIED_BY_LISTED_ITEMS,sample,2025-08-05,2025-08-05,1.00,1.00,0.00,598420|728937,1,1.00,0.00,3,"08.05 ON ACCOUNT - MN | 3 SAMPLE CHIPS OF EACH WHITE OAK 5"" NATURAL 3MM USA | WHITE OAK 3 1/4"" NATURAL 3MM USA"
596833,729120,2025-08-06,OMP000,sample chip,parsed_from_order_notes,,needs_review,,,,,432.84,strict_freight_shipping_context,,432.84,Y,NO_SAMPLE_QUANTITY_FOUND,sample,2025-07-30,2025-08-06,1.00,1.00,0.00,596833|729120,1,7.00,0.00,7,"VIETNAM MERIDA WOOD CO., LTD SOUTHERN INDUSTRIAL PARK, VAN PHU WARD, | LAO CAI PROVINCE, VIETNAM. 320000 CONT: MS. ANH | TEL: 0369448816 EMAIL: VIETNAMMERIDAWOODS@GMAIL.COM | FED-EX $432.84 (10-LBS) 12 X 9 X 9 RP//AA ( 1 BX ) | SHIPPING CHARGES: $432.84 | ALL SAMPLES WITH ILSY PARIA PARIA 3PCS @ 5/8""X 10-1/4"" X 11-1/2""L | WALNUT NATURAL 4PCS @9/16""X7-1/2""X10-3/4"""
598402,071634,2025-08-06,FAM107,sample chip,parsed_from_order_notes,,needs_review,,,,,,,Y,,Y,NO_SAMPLE_QUANTITY_FOUND,cut,2025-08-05,2025-08-06,1.00,9.00,0.00,598402|071634,1,2.00,0.00,2,8/5 PLEASE SEND 2 CUTS OF THE CRYSTAL VALLEY MAPLE NATURAL 3 1/4. USA. NO CHARGE PER BRAD. NM | 1 PACKAGE RP//KA//CG
598440,047643,2025-08-06,TOR116,sample chip,parsed_from_order_notes,,needs_review,,,,,,,Y,,Y,NO_SAMPLE_QUANTITY_FOUND,sample,2025-08-05,2025-08-06,1.00,8.00,0.00,598440|047643,1,3.00,0.00,2,SAMPLE CHIPS AND U.P.S. AT NO CHARGE PER RENE R CONTACT JESUS VILLAFUERTE 951 546 7647 | 1 PACKAGE RP//KA//CG
598468,729123,2025-08-06,THE121,sample chip,parsed_from_order_notes,,needs_review,,CHIP,,2035,,,Y,,Y,NO_SAMPLE_QUANTITY_FOUND,sample,2025-08-05,2025-08-06,1.00,1.00,0.00,598468|729123,1,1.00,0.00,3,"8/5 NO CHARGE FOR SAMPLE CHIPS VIA GROUND SHIPPING -MG 1 PACKAGE | RP//KA//CG | ***SEND 2SAMPLES*** CRYSTAL VALLEY: WHITE OAK 5"" PR.WHEAT 3MM"
598477,729105,2025-08-06,COP100,sample chip,parsed_from_order_notes,,needs_review,,CHIP,,2036,,,Y,,Y,NO_SAMPLE_QUANTITY_FOUND,sample,2025-08-05,2025-08-06,1.00,1.00,0.00,598477|729105,1,1.00,0.00,4,"8/5 NO CHARGE FOR SAMPLE CHIPS VIA GROUND SHIPPING -MG 1 PACKAGE | RP//KA//CG | ***SEND 2SAMPLES*** GII: MAPLE WHEAT SMOOTH | CRYSTAL VALLEY: WHITE OAK 3-1/4"" WHITE OAK 3-1/4"" PR.WHEAT"
598551,CS7713,2025-08-06,20,sample chip,parsed_from_order_notes,,needs_review,,CHIP,,2037,,,Y,,Y,NO_SAMPLE_QUANTITY_FOUND,sample,2025-08-06,2025-08-06,1.00,1.00,0.00,598551|CS7713,1,1.00,0.00,3,8/6 NO CHARGE FOR SAMPLE CHIPS VIA GROUND SHIPPING -MG 1 PACKAGE | RP//KA//CG | ***SEND 2SAMPLES*** EXOTICS: ALL ACACIA
598782,071666,2025-08-07,DEL114,sample chip,parsed_from_order_notes,,needs_review,,,,,,,Y,,Y,NO_SAMPLE_QUANTITY_FOUND,cut,2025-08-06,2025-08-07,1.00,9.00,0.00,598782|071666,1,2.00,0.00,2,PLEASE SEND 2 CUTS EACH OF THE EXOTICS ACACIA GOLD. NM NO CHARGE PER BRAD NM | 1 PACKAGE RP//KA//CG
598852,729214,2025-08-07,ENM101,sample chip,parsed_from_order_notes,,needs_review,,CHIP,,2033,,,Y,,Y,NO_SAMPLE_QUANTITY_FOUND,sample,2025-08-06,2025-08-07,1.00,1.00,0.00,598852|729214,1,1.00,0.00,3,"S/M: MALE, LEISL 8/6 NO CHARGE FOR SAMPLE CHIPS VIA GOUND SHIPPING -MG | 1 BOX RP//KA//CG | ***SEND 4SAMPLES*** NEWPORT: MANHATTAN"
598929,729230,2025-08-07,20,sample chip,parsed_from_order_notes,,needs_review,,,,,,,,,Y,NO_SAMPLE_QUANTITY_FOUND,cut,2025-08-07,2025-08-07,1.00,1.00,0.00,598929|729230,1,2.00,0.00,3,8.7: OK PER JM 1 PACKAGE | RP//KA//CG | GOLD - CASHMERE CUTS
598949,729225,2025-08-07,PRO203,sample chip,parsed_from_order_notes,,needs_review,,CHIP,,2034,,,Y,,Y,NO_SAMPLE_QUANTITY_FOUND,sample,2025-08-07,2025-08-07,1.00,1.00,0.00,598949|729225,1,1.00,0.00,4,8/7 NO CHARGE FOR SAMPLE CHIPS VIA GROUND SHIPPING -MG 1 BOX | RP//KA//CG | ***SEND 2PCS*** BEVERLY HILLS: DOHENY | ROXBURY
599123,729400,2025-08-08,COP100,sample chip,parsed_from_order_notes,,needs_review,,CHIP,,2029,,,Y,,Y,NO_SAMPLE_QUANTITY_FOUND,sample,2025-08-07,2025-08-08,1.00,1.00,0.00,599123|729400,1,1.00,0.00,4,8/7 NO CHARGE FOR SAMPLE CHIPS VIA GROUND SHIPPING -MG 1 PACKAGE | RP//KA//CG | ***SEND 3SAMPLES*** CRYSTAL VALLEY: W/O NATURAL 3 1/4 | (NOT THE USA)
599125,729414,2025-08-08,20,sample chip,parsed_from_order_notes,,needs_review,,CHIP,,439,,,Y,,Y,NO_SAMPLE_QUANTITY_FOUND,sample,2025-08-07,2025-08-08,1.00,1.00,0.00,599125|729414,1,1.00,0.00,4,8/7 NO CHARGE FOR SAMPLE CHIPS VIA GROUND SHIPPING -MG 1 PACKAGE | RP//KA//CG | ***SEND 2SAMPLES EACH*** CAROLINA CLASSIC: MAPLE MONROE | HICKORY CHALOTTE
599128,729415,2025-08-08,20,sample chip,parsed_from_order_notes,,needs_review,,CHIP,,2030,,,Y,,Y,NO_SAMPLE_QUANTITY_FOUND,sample,2025-08-07,2025-08-08,1.00,1.00,0.00,599128|729415,1,1.00,0.00,4,8/7 NO CHARGE FOR SAMPLE CHIPS VIA GROUND SHIPPING -MG 1 PACKAGE | RP//KA//CG | ***SEND 2SAMPLES EACH*** CAROLINA CLASSIC: MAPLE MONROE | HICKORY CHARLOTTE
599180,729416,2025-08-08,20,,,,,,,,2031,,,,,Y,NO_SAMPLE_TYPE_DETECTED; NO_SAMPLE_TYPE_FOR_QTY; NO_EXACT_NOTE_KEYWORD_AFTER_NORMALIZE,,2025-08-07,2025-08-08,1.00,1.00,0.00,599180|729416,1,1.00,0.00,3,8/7 USE CUSTOMER FEDEX ACT//OVERNIGHT TO SHIP TO ADDRESS -MG FEDEX #: 330093480 | CONTACT: SHANNON 203/300.0395 KA//RP ( 1 BX ) | ***SEND 4SAMPLES*** GOLD LABEL: WHITE LOTUS
599283,071693,2025-08-08,CAL168,sample chip,parsed_from_order_notes,,needs_review,,,,,,,,,Y,NO_SAMPLE_QUANTITY_FOUND,sample,2025-08-08,2025-08-08,1.00,9.00,0.00,599283|071693,1,2.00,0.00,3,SEND FOR 8/8 1 PACKAGE | RP//KA//CG | ** DEL MAR SAMPLE CHIPS **
599286,729418,2025-08-08,20,sample chip,parsed_from_order_notes,,needs_review,,CHIP,,2032,,,Y,,Y,NO_SAMPLE_QUANTITY_FOUND,sample,2025-08-08,2025-08-08,1.00,1.00,0.00,599286|729418,1,1.00,0.00,3,8/8 NO CHARGE FOR SAMPLE CHIPS VIA GROUND SHIPPING -MG 1 PACKAGE | RP//KA//CG | ***SEND 2SAMPLES*** COMPETITION BUSTER: HICKORY VINTAGE
599341,729403,2025-08-08,FAN104,sample chip,parsed_from_order_notes,,needs_review,number_before_sample_chip; number_before_generic_sample; number_before_piece,CHIP,,440,,,Y,,Y,MULTIPLE_QUANTITY_CANDIDATES_REVIEW_REQUIRED,pieces; sample,2025-08-08,2025-08-08,1.00,6.00,0.00,599341|729403,1,1.00,0.00,7,"SHIP  UPS  GROUND AT  NO CHARGE PER  DC MICHAEL CAMACHO ( 360-326-8794  ) | 1 BOX RP//KA//CG | 6  SAMPLE  CHIPS EA. CRYSTAL VALLEY AMERICA  : | - RED OAK NATURAL 5"" - WHITE OAK NATURAL 3.5"" | - WHITE OAK PRAIRIE WHEAT 3.5"" - WHITE OAK NATURAL 5"" | - WHITE OAK PRAIRIE WHEAT 5"" - MAPLE NATURAL 5""   (4 PIECES PLEASE) | - RED OAK NATURAL 3.5""  (  8 PIECES PLEASE )"
599527,071717,2025-08-11,COR122,sample chip,parsed_from_order_notes,,needs_review,,,,,,,Y,,Y,NO_SAMPLE_QUANTITY_FOUND,cut,2025-08-08,2025-08-11,1.00,9.00,0.00,599527|071717,1,1.00,0.00,3,PLEASE SEND CUTS OF THE ENTIRE LINE OF THE BEVERLY HILLS TO CUSTOMER PER BRAD AT NO CHARGE NM | *BURTON WAY/CANON/HILLCREST/REXFORD/RODEO DR/WALDEN/ALPINE DOHENY/ROXBURY | KA//CG ( 1 BX )
599552,729579,2025-08-11,20,sample chip,parsed_from_order_notes,,needs_review,,CHIP,,2027,,,Y,,Y,NO_SAMPLE_QUANTITY_FOUND,sample,2025-08-09,2025-08-11,1.00,1.00,0.00,599552|729579,1,1.00,0.00,2,8/9 NO CHARGE FOR SAMPLE CHIPS VIA GROUND SHIPPING -MG KA//CG ( 1 PK ) | ***SEND 2PCS*** VINYLNOVA: COPPER
599695,071719,2025-08-11,LAG105,sample chip,parsed_from_order_notes,,needs_review,,,,,,,,,Y,NO_SAMPLE_QUANTITY_FOUND,sample,2025-08-11,2025-08-11,1.00,9.00,0.00,599695|071719,2,4.00,0.00,1,SAMPLE CHIPS KA//CG ( 1 BX )
599893,729575,2025-08-11,MAC111,sample chip,parsed_from_order_notes,,needs_review,,CHIP,,2028,,,Y,,Y,NO_SAMPLE_QUANTITY_FOUND,sample,2025-08-11,2025-08-11,1.00,1.00,0.00,599893|729575,1,1.00,0.00,3,8/11 NO CHARGE FOR SAMPLES CHIPS VIA GROUND SHIPPING -MG KA // JSA | 1 PACKAGE | ***SEND 2PCS*** GII: WALNUT NATURAL SMOOTH
600049,729751,2025-08-12,BAS102,sample chip,parsed_from_order_notes,,needs_review,,CHIP,,2025,,,Y,,Y,NO_SAMPLE_QUANTITY_FOUND,sample,2025-08-11,2025-08-12,1.00,1.00,0.00,600049|729751,1,1.00,0.00,3,8/11 NO CHARGE FOR SAMPLE CHIPS VIA GROUND SHIPPING -MG ***REVISED//REPRINT*** | 1 BOX RP//KA//CG | ***SEND 4SAMPLES*** LEGNEDS: LA BELLE
600128,729716,2025-08-12,OBF100,sample chip,parsed_from_order_notes,2,parsed_from_order_notes,number_before_pcs,,,2026,300.89,single_dollar_amount_in_order_notes,,300.89,Y,VERIFY_AMOUNT_IS_FREIGHT_OR_SAMPLE_COST,pcs,2025-08-12,2025-08-12,1.00,1.00,0.00,600128|729716,1,1.00,0.00,2,8/12 PAID MC****0905 $300.89 EXP 02.28 - MN APV#884175 | 2 PCS : G2 SMOOTH WALNUT NAT.
600207,729770,2025-08-12,S&G100,sample chip,parsed_from_order_notes,,needs_review,,,,,,,Y,,Y,NO_SAMPLE_QUANTITY_FOUND,sample,2025-08-12,2025-08-12,1.00,1.00,0.00,600207|729770,1,1.00,0.00,6,"08.12 UPS GROUND NO DLV CHARGE SENDING SAMPLES - MN ATTN: SHAWNA | 1 BOX RP//KA//CG | SAMPLES 1 OF EACH WHITE OAK 3-1/4"" PR.WHEAT 3MM  USA | WHITE OAK 3-1/4"" NATURAL 3MM  USA MAPLE 5"" SMOOTH CHESTNUT | MAPLE 5"" SMOOTH SYRUP MAPLE 5"" SMOOTH WHEAT | WALNUT 5"" NATURAL SMOOTH"
600228,071738,2025-08-12,ACE112,sample chip,parsed_from_order_notes,,needs_review,,,,,,,Y,,Y,NO_SAMPLE_QUANTITY_FOUND,cut,2025-08-12,2025-08-12,1.00,9.00,0.00,600228|071738,1,2.00,0.00,2,PLEASE SEND 2 CUTS EACH OF THE LAGUNA BEACH AND THE MAPLE DURHAM. NO CHARGE PER BRAD/JSG. NM | 1 BOX RP//KA//CG
598856,729925,2025-08-13,INT155,sample chip,parsed_from_order_notes,,needs_review,,,,2022,,,,,Y,NO_SAMPLE_QUANTITY_FOUND,cut,2025-08-06,2025-08-13,1.00,1.00,0.00,598856|729925,1,2.00,0.00,4,NO COST GROUND SHIPPING REPRINT | 1 BOX RP//KA//CG | EXOTICS- BRAZILIAN CHE. CUTS EXOTICS - SAPELE CUTS | EXOTICS - SANTOS MAH. CUTS CB- HICKORY VINTAGE CUTS
600325,729928,2025-08-13,NAT105,sample chip,parsed_from_order_notes,,needs_review,,CHIP,,2023,,,Y,,Y,NO_SAMPLE_QUANTITY_FOUND,sample,2025-08-12,2025-08-13,1.00,1.00,0.00,600325|729928,1,1.00,0.00,5,"8/12 NO CHARGE FOR SAMPLE CHIPS VIA GROUND SHIPPING -MG 1 BOX | RP//KA//CG | ***SEND 2SAMPLES*** CAROLINA CLASSIC: HICKORY CHARLOTTE 5"" | EXOTICS: ACACIA BRONZE ACACIA BLACK WALNUT | ACACIA GOLD"
600231,730110,2025-08-14,GRE137,sample chip,parsed_from_order_notes,,needs_review,,,,,,,Y,,Y,NO_SAMPLE_QUANTITY_FOUND,sample,2025-08-12,2025-08-14,1.00,1.00,0.00,600231|730110,2,12.00,0.00,8,"SAMPLES, CHIPS AND FREIGHT AT NO CHARGE SAMPLES APPROVED BY JACOB | ***REVISED TO INCLUDE CONTACT INFO*** RESIDENTIAL ADDRESS, NEEDS LIFTGATE AMD DEL APPT | CONTACT: CHRIS PHILLIPS PHONE:603-234-3806 KA // JSA // CG | 1 PALLET | 6 EACH OF THE FOLLOWING LEGENDS COLORS:BIANCA,BRIGITTE, PROVENCE,WALNUT NATURAL,BRESCIA,LA BELLE,ROMANTIQUE,VERONA | GLENWOOD,LODI,PARIA | 6 EACH OF CRYSTAL VALLEY AMERICA:WHITE OAK NAT.3-1/4"" PRARIE W 3-1/4"",R/O NAT. 3-1/4"", W/O NAT.5"", PRARIE W 5"", | R/O NAT.5"", MAPLE 5"""
600655,730104,2025-08-14,FAN104,sample chip,parsed_from_order_notes,,needs_review,number_before_piece,,,431,,,Y,,Y,MULTIPLE_QUANTITY_CANDIDATES_REVIEW_REQUIRED,pieces,2025-08-13,2025-08-14,1.00,6.00,0.00,600655|730104,1,1.00,0.00,4,"SHIP UPS  GROUND AT NO CHARGE PER DC ATTN  : MICHAEL CAMACHO 360-326-8794 | 1 BOX RP//KA//CG | EXOTIC  : - TIGERWOOD NATURAL ENG 5"" (9 PIECES) | ALLORA : -VOLTO ENG 7.5"" (6 PIECES)"
600660,730102,2025-08-14,EME103,sample chip,parsed_from_order_notes,,needs_review,,CHIP,,2018,,,Y,,Y,NO_SAMPLE_QUANTITY_FOUND,sample,2025-08-13,2025-08-14,1.00,1.00,0.00,600660|730102,1,1.00,0.00,4,"8/13 NO CHARGE FOR SAMPLE CHIPS VIA GROUND SHIPPING -MG ***REVISED//REPRINTED*** | 1 PACKAGE RP//KA//CG | ***SEND 2 SAMPLES*** CRYSTAL VALLEY: RED OAK 5"" NATURAL 3MM | ***MUST BE USA***"
600671,071798,2025-08-14,PRO236,sample chip,parsed_from_order_notes,,needs_review,,,,,,,,,Y,NO_SAMPLE_QUANTITY_FOUND,sample,2025-08-13,2025-08-14,1.00,9.00,0.00,600671|071798,1,2.00,0.00,3,SEND OUT FOR 8/14 1 PACKAGE | RP//KA//CG | ** MUST BE SMOOTH SAMPLE CHIPSS***
600672,730107,2025-08-14,FLO239,sample chip,parsed_from_order_notes,,needs_review,,CHIP,,2019,,,Y,,Y,NO_SAMPLE_QUANTITY_FOUND,sample,2025-08-13,2025-08-14,1.00,1.00,0.00,600672|730107,1,1.00,0.00,4,8/13 NO CHARGE FOR SAMPLE CHIPS VIA GROUND SHIPPING -MG 1 BOX | RP//KA//CG | ***SEND 10PCS EA*** NEWPORT: SHELL BEACH | PEBBLE BEACH LAGUNA BEACH
600729,730120,2025-08-14,20,sample chip,parsed_from_order_notes,,needs_review,,CHIP,,2020,,,Y,,Y,NO_SAMPLE_QUANTITY_FOUND,sample,2025-08-13,2025-08-14,1.00,1.00,0.00,600729|730120,1,1.00,0.00,4,8/13 NO CHARGE FOR SAMPLE CHIPS VIA GROUND SHIPPING -MG 1 BOX | RP//KA//CG | ***SEND 2SAMPLES** GII DISTRESSED: MAPLE SYRUP | MAPLE LATTE HICKORY CHATEAU
600733,730109,2025-08-14,FLO303,sample chip,parsed_from_order_notes,,needs_review,number_before_sample_chip; number_before_generic_sample,,,,,,,,Y,MULTIPLE_QUANTITY_CANDIDATES_REVIEW_REQUIRED,sample,2025-08-13,2025-08-14,1.00,1.00,0.00,600733|730109,1,1.00,0.00,3,"08.13 SAMPLE CHIPS GROUND FLOOR DLV - MN 1 PACKAGE | RP//KA//CG | *** 2 SAMPLE CHIPS *** HICKORY 5"" CHATEAU DISTRESSED"
600914,730105,2025-08-14,FAN104,sample chip,parsed_from_order_notes,,needs_review,number_before_sample_chip; number_before_generic_sample; number_before_piece,CHIP,,432,,,Y,,Y,MULTIPLE_QUANTITY_CANDIDATES_REVIEW_REQUIRED,pieces; sample,2025-08-14,2025-08-14,1.00,6.00,0.00,600914|730105,1,1.00,0.00,7,"SHIP  UPS  GROUND AT  NO CHARGE PER  DC MICHAEL CAMACHO ( 360-326-8794  ) | 1 BOX RP//KA//CG | 6 SAMPLE CHIPS  EA. *****  CRYSTAL VALLEY USA   **** | *MAPLE NATURAL 5"" USA  (6 PIECES PLEASE) *RED OAK NATURAL 5""USA   (6 PIECES, PLEASE) | *WHITE OAK NATURAL 5"" USA (6 PIECES, PLEASE) *WHITE OAK PRAIRIE WHEAT 5"" USA (6 PIECES, PLEASE) | *RED OAK NATURAL 3.5"" USA (8 PIECES PLEASE) *WHITE OAK NATURAL 3.5"" USA  (6 PIECES PLEASE) | *WHITE OAK PRAIRIE WHEAT 3.5"" USA  (6 PIECES PLEASE) ***** PLEASE SEND  USA  SAMPLES ****"
600998,730122,2025-08-14,20,sample chip,parsed_from_order_notes,,needs_review,,CHIP,,2021,,,Y,,Y,NO_SAMPLE_QUANTITY_FOUND,sample,2025-08-14,2025-08-14,1.00,1.00,0.00,600998|730122,1,1.00,0.00,3,8/14 NO CHARGE FOR SAMPLE CHIPS VIA GROUND SHIPPING -MG 1 PACKAGE | RP//KA//CG | ***SEND 2SAMPLES*** CAROLINA CLASSIC: MAPLE MONROE
601018,730106,2025-08-14,FIN102,sample chip,parsed_from_order_notes,,needs_review,,,,,,,,,Y,NO_SAMPLE_QUANTITY_FOUND,sample,2025-08-14,2025-08-14,1.00,1.00,0.00,601018|730106,1,1.00,0.00,2,8/15: NO UPS GROUND CHARGE FOR SAMPLES 1 BOX | RP//KA//CG
601053,730296,2025-08-15,CAR160,sample chip,parsed_from_order_notes,,needs_review,,,,,,,,,Y,NO_SAMPLE_QUANTITY_FOUND,sample,2025-08-14,2025-08-15,1.00,1.00,0.00,601053|730296,2,2.00,0.00,2,8/14: NO UPS GROIUND CGARGE FOR SAMPLES. ED   661-259-8635 | 1 PACKAGE RP//KA//CG
601102,730315,2025-08-15,PRO100,sample chip,parsed_from_order_notes,,needs_review,,CHIP,,2015,,,,,Y,NO_SAMPLE_QUANTITY_FOUND,sample,2025-08-14,2025-08-15,1.00,1.00,0.00,601102|730315,1,1.00,0.00,3,8/14: NO UPS GROUND CHARGE FOR SAMPLES 1 BOX | RP//KA//CG | 3 CHIPS OF BIANCA
601129,071836,2025-08-15,MAR205,sample chip,parsed_from_order_notes,,needs_review,,,,,,,,,Y,NO_SAMPLE_QUANTITY_FOUND,sample,2025-08-14,2025-08-15,1.00,9.00,0.00,601129|071836,1,2.00,0.00,2,LEGENDS SAMPLE CHIPS WALNUT 1 PACKAGE | RP//KA//CG
601151,730299,2025-08-15,EDE102,sample chip,parsed_from_order_notes,4,parsed_from_order_notes,number_before_sample_chip_times_2_listed_items; number_before_generic_sample_times_2_listed_items,,,,,,,,Y,EACH_PATTERN_MULTIPLIED_BY_LISTED_ITEMS,sample,2025-08-14,2025-08-15,1.00,1.00,0.00,601151|730299,1,1.00,0.00,4,08/14 SENDING SAMPLE CHIPS VIA UPS GORUND //WB CONTACT 310.869.7097 | 1 BOX RP//KA//CG | *****PLEASE SEND  2 SAMPLE CHIPS OF EACH***** MARCELLO (DA VINCI) | CHAMPAGNE (GOLD LABEL)
601171,730319,2025-08-15,USF106,sample chip,parsed_from_order_notes,,needs_review,,,,2016,,,Y,,Y,NO_SAMPLE_QUANTITY_FOUND,sample,2025-08-14,2025-08-15,1.00,1.00,0.00,601171|730319,1,1.00,0.00,4,8/14 NO CHARGE FOR SAMPLES VIA GROUND SHIPPING -MG 1 BOX | RP//KA//CG | ***SEND 2SAMPLES*** BELLAGIO: MELZI | NEWPORT: CARMEL
601477,730274,2025-08-15,MAN122,sample chip,parsed_from_order_notes,,needs_review,,,,,,,Y,,Y,NO_SAMPLE_QUANTITY_FOUND,sample,2025-08-15,2025-08-15,1.00,1.00,0.00,601477|730274,1,1.00,0.00,2,8/15 NO CHARGE FOR SAMPLES -MG | ***ALL COLORS***
601416,730429,2025-08-18,ENM101,sample chip,parsed_from_order_notes,,needs_review,,CHIP,,2012,,,Y,,Y,NO_SAMPLE_QUANTITY_FOUND,sample,2025-08-15,2025-08-18,1.00,1.00,0.00,601416|730429,1,1.00,0.00,3,8/15 NO CHARGE FOR SAMPLE CHIPS VIA GROUND SHIPPING -MG 1 PACKAGE | RP//KA//CG | ***SEND 2SAMPLES*** NEWPORT: LAGUNA BEACH
601524,730440,2025-08-18,ROS110,sample chip,parsed_from_order_notes,,needs_review,,CHIP,,2013,,,Y,,Y,NO_SAMPLE_QUANTITY_FOUND,sample,2025-08-15,2025-08-18,1.00,1.00,0.00,601524|730440,1,1.00,0.00,3,8/15 NO CHARGE FOR SAMPLE CHIPS VIA GROUND SHIPPING -MG 1 BOX | RP//KA//CG | ***SEND 2SAMPLES*** GII: CHESTNUT -SMOOTH/DISTRESSED
601788,730427,2025-08-18,CAR326,sample chip,parsed_from_order_notes,,needs_review,,,,2014,,,Y,,Y,NO_SAMPLE_QUANTITY_FOUND,sample,2025-08-18,2025-08-18,1.00,1.00,0.00,601788|730427,1,1.00,0.00,3,8/18 NO CHARGE FOR SAMPLES VIA GROUND SHIPPING -MG 1 PACKAGE | RP//KA//CG | ***SEND 2 SAMPLES*** EXOTICS: BRAZILIAN CHERRY
601931,730623,2025-08-19,20,sample chip,parsed_from_order_notes,,needs_review,,,,,,,,,Y,NO_SAMPLE_QUANTITY_FOUND,cut,2025-08-18,2025-08-19,1.00,1.00,0.00,601931|730623,1,2.00,0.00,4,OK PER JM 1 BOX | RP//KA//CG | CC- MONROE CUTS GNSS MAPLE SYRUP CUTS SMOOTH | GNSS- MAPLE CHESTNUT CUTS SMOOTH
601946,730609,2025-08-19,CON125,sample chip,parsed_from_order_notes,,needs_review,,CHIP,,2010,,,,,Y,NO_SAMPLE_QUANTITY_FOUND,sample,2025-08-18,2025-08-19,1.00,1.00,0.00,601946|730609,1,1.00,0.00,3,"8/185: NO UPS GROUND CHARGE FOR SAMPLES 1 BOX | RP//KA//CG | 2 CHIPS OF EA: SALEM, BEAUFORT, DURHAM G2SMOOTH CHESTNUT AND WHEAT"
602077,730610,2025-08-19,CON131,sample chip,parsed_from_order_notes,,needs_review,,CHIP,,2011,,,Y,,Y,NO_SAMPLE_QUANTITY_FOUND,sample,2025-08-19,2025-08-19,1.00,1.00,0.00,602077|730610,1,1.00,0.00,3,8/19 NO CHARGE FOR SAMPLE CHIPS VIA GROUND SHIPPING -MG 1 BOX | RP//KA//CG | ***SEND 5PCS*** PRIVATE SELECTION: ALL COLORS
602387,730732,2025-08-20,CAR191,sample chip,parsed_from_order_notes,,needs_review,,,,,,,Y,,Y,NO_SAMPLE_QUANTITY_FOUND,sample; cut,2025-08-19,2025-08-20,1.00,5.00,0.00,602387|730732,3,6.00,0.00,2,"08/20 PLEASE SEND UPS GROUND NO CHARGE TO SHIP TO ADDRESS SAMPLES MUST BE CUT TO 10"" LONG | 1 BOX RP//KA//CG"
602603,730748,2025-08-20,20,sample chip,parsed_from_order_notes,,needs_review,,CHIP,,2009,,,Y,,Y,NO_SAMPLE_QUANTITY_FOUND,sample,2025-08-20,2025-08-20,1.00,1.00,0.00,602603|730748,1,1.00,0.00,3,8/20 NO CHARGE FOR SAMPLE CHIPS VIA GROUND SHIPPING -MG 1 PACKAGE | RP//KA//CG | ***SEND 2SAMPLES*** FENCH CONNECTION: EURO OAK 5/8 X 7 VNT. WHITE
602649,730880,2025-08-21,MCC101,sample chip,parsed_from_order_notes,,needs_review,,,,,,,,,Y,NO_SAMPLE_QUANTITY_FOUND,sample,2025-08-20,2025-08-21,1.00,1.00,0.00,602649|730880,1,1.00,0.00,3,08/20 SENDING SAMPLE CHIPS VIA UPS GROUND //WB CASEY :925-866-2200 | 1 PACKAGE RP//KA//CG | ******PLEASE SEND 2 TO SAMPLE CHIPS OF HARVEST****** (COMPETITION BUSTER)
602680,730890,2025-08-21,20,sample chip,parsed_from_order_notes,2,parsed_from_order_notes,number_before_cut,,,,,,,,Y,EACH_PATTERN_ITEM_COUNT_NOT_CONFIDENT,cut,2025-08-20,2025-08-21,1.00,1.00,0.00,602680|730890,1,2.00,0.00,4,RESIDENTIAL DELIVERY 1 BOX | RP//KA//CG | MAPLE WHEAT - DISTRESSED WHITE OAK AUTUMN - DISTRESSED | MAPLE SYRUP - DISTRESSED 2 CUTS OF EACH
602871,730882,2025-08-21,NAT105,sample chip,parsed_from_order_notes,,needs_review,,CHIP,,2008,,,Y,,Y,NO_SAMPLE_QUANTITY_FOUND,sample,2025-08-21,2025-08-21,1.00,1.00,0.00,602871|730882,1,1.00,0.00,3,8/21 NO CHARGE FOR SAMPLE CHIPS VIA GROUND SHIPPING -MG 1 BOX | RP//KA//CG | ***SEND 2SAMPLES*** COMPETITION BUSTER: ALL BIRCH
602704,731237,2025-08-22,MWF100,sample chip,parsed_from_order_notes,,needs_review,,,,1656,2379.84,single_dollar_amount_in_order_notes,,2379.84,Y,NO_SAMPLE_QUANTITY_FOUND; VERIFY_AMOUNT_IS_FREIGHT_OR_SAMPLE_COST,sample,2025-08-20,2025-08-22,1.00,1.00,0.00,602704|731237,1,1.00,0.00,2,"8/22: PAID VISA XXX0241 $2379.84 JB # 03747D | 5/8X 5"" SQ NOSING SAMPLE"
603132,731204,2025-08-22,20,sample chip,parsed_from_order_notes,,needs_review,,,,,,,,,Y,NO_SAMPLE_QUANTITY_FOUND,cut,2025-08-21,2025-08-22,1.00,1.00,0.00,603132|731204,1,2.00,0.00,5,OK PER JM 1 BOX | RP//KA//CG | LEGENDS - WALNUT NATURAL CUTS GNII- DISTRESSED/SMOOTH WALNUT NATURAL | GNII -DISTRESSED/SMOOTH WALNUT ANTIQUE EXOTICS- ACACIA BLACK WALNUT | ** 2 OF EACH **
603317,071986,2025-08-22,LAG105,sample chip,parsed_from_order_notes,,needs_review,,,,,,,,,Y,NO_SAMPLE_QUANTITY_FOUND,sample,2025-08-22,2025-08-22,1.00,9.00,0.00,603317|071986,1,2.00,0.00,2,PLEASE SEND CRY VALLEY USA SAMPLE CHIPS 2 OF EACH COLOR 1 BOX | RP//KA//CG
603357,731192,2025-08-22,FIN102,sample chip,parsed_from_order_notes,,needs_review,,,,2007,,,,,Y,NO_SAMPLE_QUANTITY_FOUND,sample,2025-08-22,2025-08-22,1.00,1.00,0.00,603357|731192,1,1.00,0.00,4,8/22: NO UPS GROUND CHARGE FOR SAMPLES OKAY PER JBEN | CASEY 805-688-0831 1 BOX | RP//KA//CG | 4 CHPS OF 7.5 DOMA CHARAC.
603284,731273,2025-08-25,GRE137,sample chip,parsed_from_order_notes,,needs_review,,,,,,,Y,,Y,NO_SAMPLE_QUANTITY_FOUND,sample,2025-08-22,2025-08-25,1.00,1.00,0.00,603284|731273,1,12.00,0.00,3,SAMPLE CHIPS AND UPS @ NO CHARGE 2 BOXES | RP//KA//CG 1Z9380460306874945 | 12 EACH OF ALL NEWPORT COLLECTION COLORS
603379,731262,2025-08-25,CON131,sample chip,parsed_from_order_notes,,needs_review,,CHIP,,2005,,,Y,,Y,NO_SAMPLE_QUANTITY_FOUND,sample,2025-08-22,2025-08-25,1.00,1.00,0.00,603379|731262,1,1.00,0.00,3,8/22 NO CHARGE FOR SAMPLE CHIPS VIA GROUND SHIPPING -MG 1 BOX | RP//KA//CG | ***SEND 5PCS EA*** NEWPORT: ALL COLORS
603443,731261,2025-08-25,CAR329,sample chip,parsed_from_order_notes,,needs_review,,CHIP,,2006,,,Y,,Y,NO_SAMPLE_QUANTITY_FOUND,sample,2025-08-22,2025-08-25,1.00,1.00,0.00,603443|731261,1,1.00,0.00,3,"8/22 NO CHARGE FOR SAMPLE CHIPS VIA GROUND SHIPPING -MG 1 PACKAGE | RP//KA//CG | ***SEND 2SAMPLES*** CRYSTAL VALLEY: WHITE OAK 5"" PR.WHEAT 3MM"
603504,731287,2025-08-25,MDC100,sample chip,parsed_from_order_notes,,needs_review,,,,,,,,,Y,NO_SAMPLE_QUANTITY_FOUND,pieces; sample,2025-08-22,2025-08-25,1.00,1.00,0.00,603504|731287,1,1.00,0.00,4,08/22 SENDING SAMPLE CHIPS UPS GROUND //WB B2B W. FORKLIFT// HRS: 9AM-5PM | CONTACT: DANIELLE 707/449.8376 1 PACKAGE | RP//KA//CG | PLEASE SEND 3 PIECES OF CRYSTAL VALLEY USA RED OAK 3-1/4
603682,731974,2025-08-25,20,sample chip,parsed_from_order_notes,,needs_review,,,,,,,,,Y,NO_SAMPLE_QUANTITY_FOUND,cut,2025-08-25,2025-08-25,1.00,1.00,0.00,603682|731974,1,2.00,0.00,3,OK PER JM 1 PACKAGE | RP//KA//CG | VINYLNOVA- COMET  CUTS AQUABLUE II - SUNKISSED CUTS
603690,731295,2025-08-25,PRO124,sample chip,parsed_from_order_notes,,needs_review,,,,,,,Y,,Y,NO_SAMPLE_QUANTITY_FOUND,sample,2025-08-25,2025-08-25,1.00,5.00,0.00,603690|731295,2,4.00,0.00,3,SAMPLE CHIPS PLEASE SHIP UPS GROUND TO SHIP TO ADDRESS B TO B | NO CHARGE M-S 8AM TO 4:30PM 1 PACKAGE | RP//KA//CG
604146,731462,2025-08-26,NEW134,sample chip,parsed_from_order_notes,,needs_review,,,,2004,,,Y,,Y,NO_SAMPLE_QUANTITY_FOUND,sample,2025-08-26,2025-08-26,1.00,1.00,0.00,604146|731462,1,1.00,0.00,4,8/26 NO CHARGE FOR SAMPLES VIA GROUND SHIPPIG -MG 1 BOX | RP//KA//CG | ***SEND 3PCS*** CAROLINA CLASSIC: MAPLE MONROE | HICKORY SALEM CHARLOTTE
604218,731444,2025-08-26,GRE137,sample chip,parsed_from_order_notes,,needs_review,,,,,,,Y,,Y,NO_SAMPLE_QUANTITY_FOUND,sample,2025-08-26,2025-08-26,1.00,1.00,0.00,604218|731444,1,2.00,0.00,3,"SAMPLES & UPS @ NO CHARGE CONTACT: SALLIE SMITH PHONE:203 206 1587 | 1 BOX RP//KA//CG | CONTRACTORS CHOICE 5/8"" X 7"" W/O SAMPLE CHIPS"
604306,731639,2025-08-27,DAL108,sample chip,parsed_from_order_notes,,needs_review,,CHIP,,1998,,,Y,,Y,NO_SAMPLE_QUANTITY_FOUND,sample,2025-08-26,2025-08-27,1.00,1.00,0.00,604306|731639,1,1.00,0.00,3,8/26 NO CHARGE FOR SAMPLE CHIPS VIA GROUND SHIPPING -MG 1 BOX | RP//KA//CG | ***SEND 2SAMPLES*** ALLORA: DOMA 9.5 SELECT/CHARACTER
604311,731645,2025-08-27,NAT105,sample chip,parsed_from_order_notes,,needs_review,,CHIP,,1999,,,Y,,Y,NO_SAMPLE_QUANTITY_FOUND,sample,2025-08-26,2025-08-27,1.00,1.00,0.00,604311|731645,1,1.00,0.00,2,8/26 NO CHARGE FOR SAMPE CHIPS VIA GROUND SHIPPING -MG RP//CG ( 1 PACKAGE ) | ***SEND 2SAMPLES*** ALLORA: DOMA SELECT 9.5
604424,731652,2025-08-27,20,sample chip,parsed_from_order_notes,,needs_review,,CHIP,,2000,,,Y,,Y,NO_SAMPLE_QUANTITY_FOUND,sample,2025-08-27,2025-08-27,1.00,1.00,0.00,604424|731652,1,1.00,0.00,3,8/27 NO CHARGE FOR SAMPLES CHIPS VIA GROUND SHIPPING -MG 1 PACKAGE | RP//KA//CG | ***SEND 2SAMPLES*** EXOTICS: SANTOS MAHOGANY
604427,731653,2025-08-27,20,sample chip,parsed_from_order_notes,,needs_review,,CHIP,,2001,,,Y,,Y,NO_SAMPLE_QUANTITY_FOUND,sample,2025-08-27,2025-08-27,1.00,1.00,0.00,604427|731653,1,1.00,0.00,3,8/27 NO CHARGE FOR SAMPLE CHIPS VIA GROUND SHIPPING -MG 1 PACKAGE | RP//KA//CG | ***SEND 2SAMPLES*** EXOTICS: SANTOS MAHOGANY
604432,731654,2025-08-27,20,sample chip,parsed_from_order_notes,,needs_review,,,,2002,,,Y,,Y,NO_SAMPLE_QUANTITY_FOUND,sample,2025-08-27,2025-08-27,1.00,1.00,0.00,604432|731654,1,1.00,0.00,5,8/27 NO CHARGE NO SAMPLES VIA GROUND SHIPPING -MG 1 BOX | RP//KA//CG | ***SEND 2SAMPLES*** ALLORA: DOMA/DOMA SELECT 9.5 | LUNA SELECT 9.5 SELLA SELECT 9.5 | VOLTO 9.5 ALTURA 9.5
604467,731655,2025-08-27,20,sample chip,parsed_from_order_notes,,needs_review,,,,,,,,,Y,NO_SAMPLE_QUANTITY_FOUND,cut,2025-08-27,2025-08-27,1.00,1.00,0.00,604467|731655,1,2.00,0.00,3,OK PER JM 1 PACKAGE | RP//KA//CG | CB- BIRCH HARVEST CUTS CB- BIRCH CHESTNUT CUTS
604470,731656,2025-08-27,20,sample chip,parsed_from_order_notes,,needs_review,,,,,,,,,Y,NO_SAMPLE_QUANTITY_FOUND,cut,2025-08-27,2025-08-27,1.00,1.00,0.00,604470|731656,1,2.00,0.00,5,OK PER JM 1 BOX | RP//KA//CG | CAROLINA CLASSICS- HICKORY BEAUFORT CUTS CAROLINA CLASSICS - MAPLE DURHAM CUTS | G2DISTRESSED - HICKORY NATURAL CUTS G2DISTRESSED - MAPLE WHEAT CUTS | G2DISTRESSED - MAPLE CHESTNUT CUTS
604555,731640,2025-08-27,DES112,sample chip,parsed_from_order_notes,,needs_review,,,,2003,,,Y,,Y,NO_SAMPLE_QUANTITY_FOUND,sample,2025-08-27,2025-08-27,1.00,1.00,0.00,604555|731640,1,1.00,0.00,3,8/27 NO CHARGE FOR SAMPLES VIA GROUND SHIPPING -MG 1 BOX | RP//KA//CG | ***SEND 4PCS*** ALLORA: LUNA SELECT 9.5
604599,731806,2025-08-28,FLO327,sample panel; sample chip,parsed_from_order_notes,,needs_review,number_before_panel; number_before_sample_chip; number_before_generic_sample,,,,,,,,Y,MULTIPLE_SAMPLE_TYPES; MULTIPLE_QUANTITY_CANDIDATES_REVIEW_REQUIRED,sample; panel,2025-08-27,2025-08-28,1.00,1.00,0.00,604599|731806,1,1.00,0.00,4,08/27 OK PER JACOB TO SEND FAROK 408.573.9400 | BTB.FORKLIFT MON-FRI 9-3 1 PACKAGE | 1 BOX RP//KA//CG | PLEASE SEND 1 PANEL AND 6 SAMPLE CHIPS OF: VINYLNOVA LEXINGTON OAK
604654,731803,2025-08-28,DIG102,sample chip,parsed_from_order_notes,,needs_review,,CHIP,,1996,,,Y,,Y,NO_SAMPLE_QUANTITY_FOUND,sample,2025-08-27,2025-08-28,1.00,1.00,0.00,604654|731803,1,1.00,0.00,4,8/27 NO CHARGE FOR SAMPLE CHIPS VIA GROUND SHIPPING -MG 1 BOX | RP//KA//CG | ***SEND 2SAMPLES*** NEWPORT: SHELL BEACH | PEBBLE BEACH MANHTTAN BEACH
604738,731814,2025-08-28,NAT105,sample chip,parsed_from_order_notes,,needs_review,,,,1997,,,Y,,Y,NO_SAMPLE_QUANTITY_FOUND,sample,2025-08-27,2025-08-28,1.00,1.00,0.00,604738|731814,1,1.00,0.00,4,8/27 NO CHARGE FOR SAMPLES VIA GROUND SHIPPING -MG 1 BOX | RP//KA//CG | ***SEND 3PCS*** ALLORA: SELLA SELECT 7.5 | UNFINISHED 9.5
605090,732127,2025-09-02,INT113,sample chip,parsed_from_order_notes,,needs_review,,CHIP,,1992,,,,,Y,NO_SAMPLE_QUANTITY_FOUND,sample,2025-08-28,2025-09-02,1.00,1.00,0.00,605090|732127,1,1.00,0.00,3,"8/28: SENDING SAMPLE CHIPS VIA UPS GROUND  //WB 1 BOX | RP//KA//CG | 2 CHIPS OF EACH 7.5"" : SELLA SEL, ALTURA, VOLTO, LUNA SEL. GLIMMER ,  FLASH ,AURORA"
605374,732130,2025-09-02,NAT119,sample chip,parsed_from_order_notes,,needs_review,,CHIP,,1993,,,,,Y,NO_SAMPLE_QUANTITY_FOUND,sample,2025-08-29,2025-09-02,1.00,1.00,0.00,605374|732130,1,1.00,0.00,3,"8/29: NO UPS GROUND CHARGE FOR SAMPLES 1 PACKAGE | RP//KA//CG | 2 CHIPS OF : DOMA SEL 9.5 """
605409,732138,2025-09-02,20,sample chip,parsed_from_order_notes,,needs_review,,CHIP,,1994,,,,,Y,NO_SAMPLE_QUANTITY_FOUND,sample,2025-08-29,2025-09-02,1.00,1.00,0.00,605409|732138,1,1.00,0.00,3,8/29: NO UPS GROUND CHARGE FOR SAMPLES 1 PACKAGE | RP//KA//CG | 2 CHIPS OF : HICKORY BEAUFORT
605550,732133,2025-09-02,PRO121,sample chip,parsed_from_order_notes,,needs_review,,,,,,,,,Y,NO_SAMPLE_QUANTITY_FOUND,cut,2025-09-02,2025-09-02,1.00,1.00,0.00,605550|732133,1,2.00,0.00,3,OK PER JM 1 PACKAGE | RP//KA//CG | GNII DISTRESSED -MAPLE SYRUP  CUTS GNII DISTRESSED -MAPLE LATTE CUTS
605635,732123,2025-09-02,CON131,sample chip,parsed_from_order_notes,,needs_review,,CHIP,,1995,,,Y,,Y,NO_SAMPLE_QUANTITY_FOUND,sample,2025-09-02,2025-09-02,1.00,1.00,0.00,605635|732123,1,1.00,0.00,3,9/2 NO CHARGE FOR SAMPLE CHIPS VIA GROUND SHIPPING -MG 1 BOX | RP//KA//CG | ***SEND 4SAMPLES ECH*** BEVERLY HILLS: ALL COLORS
605836,072168,2025-09-03,CAR329,sample chip,parsed_from_order_notes,,needs_review,,,,,,,,,Y,NO_SAMPLE_QUANTITY_FOUND,sample,2025-09-02,2025-09-03,1.00,9.00,0.00,605836|072168,1,1.00,0.00,4,1/2 X 5 ACACIA DIST. BRONZE 1/2 X 5 ACACIA DIST. GOLD | 1/2 X 5 ACACIA BLACK WALNUT 1/2 X 5 ACACIA NATURAL | PLEASE SEND 1 OF EACH THANK YOU SAMPLE CHIPS 1 PACKAGE | RP//KA//CG
605847,732251,2025-09-03,CAR143,sample chip,parsed_from_order_notes,,needs_review,,CHIP,,1988,,,Y,,Y,NO_SAMPLE_QUANTITY_FOUND,sample,2025-09-02,2025-09-03,1.00,1.00,0.00,605847|732251,1,1.00,0.00,4,9/2 NO CHARGE FOR SAMPLE CHIPS VIA GROUND SHIPPING -M 1 BOX | RP//KA//CG | ***SEND 2SAMPLES*** GII: HICKORY SIERRA DISTRESSED | HICKORY CHATEAU DISTRESSED WHITE OAK AUTUMN DISTRESSED
605913,732266,2025-09-03,GAL114,sample chip,parsed_from_order_notes,,needs_review,,CHIP,,1989,,,Y,,Y,NO_SAMPLE_QUANTITY_FOUND,sample,2025-09-02,2025-09-03,1.00,1.00,0.00,605913|732266,1,1.00,0.00,3,9/2 NO CHARGE FOR SAMPLE CHIPS VIA GROUND SHIPPING -MG 1 BOX | RP//KA//CG | ***SEND 3SAMPLES ECH*** GII: HICKORY NATURAL; DISTRESSED/SMOOTH
605997,732306,2025-09-03,SEM100,sample chip,parsed_from_order_notes,,needs_review,,CHIP,,1990,,,Y,,Y,NO_SAMPLE_QUANTITY_FOUND,sample,2025-09-03,2025-09-03,1.00,1.00,0.00,605997|732306,1,1.00,0.00,4,9/3 NO CHARGE FOR SAMPLE CHIPS -MG 1 BOX | RP//KA//CG | ***SEND 2SAMPLES*** PRIVATE SELECTION: GOBI | MESA
606001,732259,2025-09-03,DAL108,sample chip,parsed_from_order_notes,,needs_review,,,,1991,,,Y,,Y,NO_SAMPLE_QUANTITY_FOUND,sample,2025-09-03,2025-09-03,1.00,1.00,0.00,606001|732259,1,1.00,0.00,3,9/3 NO CHARGE FOR SAMPLES VIA GROUND SHIPPING -MG 1 BOX | RP//KA//CG | ***SEND 2PCS ECH*** ALLORA: DOMA 9.5 SELECT/CHARACTER
606073,732313,2025-09-03,20,sample chip,parsed_from_order_notes,10,parsed_from_order_notes,number_before_cut,,,,,,Y,,Y,EACH_PATTERN_ITEM_COUNT_NOT_CONFIDENT,cut,2025-09-03,2025-09-03,1.00,1.00,0.00,606073|732313,1,1.00,0.00,4,09.03 UPS GROUND DLV NO CHARGE - MN CONTACT JIM MCCONNELL 916.616.2191 | 2 BOXES RP//KA//CG | 1Z9380460320959096 | ** SEND 10 CUTS OF EACH ** GARRISON II DISTRESS
605670,732437,2025-09-04,FLO239,sample chip,parsed_from_order_notes,,needs_review,,CHIP,,1982,,,Y,,Y,NO_SAMPLE_QUANTITY_FOUND,sample,2025-09-02,2025-09-04,1.00,1.00,0.00,605670|732437,1,1.00,0.00,2,9/2 NO CHARGE FOR SAMPLE CHIPS VIA GROUND SHIPPING -MG KA//CG - 1 PKG | ***SEND 4PCS*** BEVERLY HILLS: ALL COLORS
605689,732444,2025-09-04,LAR110,sample chip,parsed_from_order_notes,,needs_review,,,,423,,,,,Y,NO_SAMPLE_QUANTITY_FOUND,sample,2025-09-02,2025-09-04,1.00,6.00,0.00,605689|732444,1,1.00,0.00,2,NONSTOCK AB 08/29 DEL. TO DAVES HOUSE KA//ES ( 1 BNDL ) | 1 SS OF ALL THE AQUABLUE COLLECTION 1 SS OF NEBULA AND 1 SS OF ECLIPSE   (SS-SMALL SAMPLE)
606060,732435,2025-09-04,CON131,sample chip,parsed_from_order_notes,,needs_review,,,,,,,,,Y,NO_SAMPLE_QUANTITY_FOUND,sample,2025-09-03,2025-09-04,1.00,1.00,0.00,606060|732435,1,1.00,0.00,3,09.03 UPS GROUND DLV SAMPLE CHIPS - MN KA//CG - 1 PKG | ALL COLOR SAMPLES ILLUMIN8 | VINYLNOVA AQUA BLUE II
606282,732449,2025-09-04,NAT105,sample chip,parsed_from_order_notes,,needs_review,,CHIP,,1983,,,Y,,Y,NO_SAMPLE_QUANTITY_FOUND,sample,2025-09-03,2025-09-04,1.00,1.00,0.00,606282|732449,1,1.00,0.00,3,9/3 NO CHARGE FOR SAMPLE CHIPS VIA GROUND SHIPPING -MG KA // JSA | 1 PACKAGE | ***SEND SAMPLES 2EA*** BEVERLY HILLS: ALL COLORS
606339,732458,2025-09-04,20,sample chip,parsed_from_order_notes,,needs_review,,,,1984,,,Y,,Y,NO_SAMPLE_QUANTITY_FOUND,sample,2025-09-03,2025-09-04,1.00,1.00,0.00,606339|732458,1,1.00,0.00,2,9/3 NO CHARGE FOR SAMPLES VIA GROUND SHIPPING -MG KA//JS ( 1 BX ) | ***SEND 3SAMPLES*** GII: HICKORY CHATEAU SMOOTH
606340,732459,2025-09-04,20,sample chip,parsed_from_order_notes,,needs_review,,CHIP,,1985,,,Y,,Y,NO_SAMPLE_QUANTITY_FOUND,sample,2025-09-03,2025-09-04,1.00,1.00,0.00,606340|732459,1,1.00,0.00,2,9/3 NO CHARGE FOR SAMPLE CHIPS VIA GROUND SHIPPING -MG KA//CG - 1 PKG | ***SEND 2SAMPLES*** BEVERLY HILLS: WALDEN
606341,732430,2025-09-04,ABI101,sample chip,parsed_from_order_notes,,needs_review,,CHIP,,1986,,,Y,,Y,NO_SAMPLE_QUANTITY_FOUND,sample,2025-09-03,2025-09-04,1.00,1.00,0.00,606341|732430,1,1.00,0.00,3,9/3 NO CHARGE FOR SAMPLE CHIPS VIA GROUND SHIPPING -MG KA//JS ( 1 BX ) | ***SEND 2SAMPLES EA*** GII DISTRESSED: WALNUT ANTIQUE | WALNUT NATURAL
606446,732460,2025-09-04,20,sample chip,parsed_from_order_notes,,needs_review,,CHIP,,1987,,,Y,,Y,NO_SAMPLE_QUANTITY_FOUND,sample,2025-09-04,2025-09-04,1.00,1.00,0.00,606446|732460,1,1.00,0.00,4,9/4 NO CHARGE FOR SAMPLE CHIPS VIA GROUND SHIPPING -MG KA // JSA | 1 PACKAGE | ***SEND 2SAMPLES*** GII DISTRESSED: MAPLE ESPRESSO | MAPLE LATTE MAPLE CHESTNUT
606602,732629,2025-09-05,HOM142,sample chip,parsed_from_order_notes,,needs_review,,,,,,,,,Y,NO_SAMPLE_QUANTITY_FOUND,sample,2025-09-04,2025-09-05,1.00,1.00,0.00,606602|732629,1,1.00,0.00,3,09.04 UPS GROUND FLOOR DLV SAMPLE CHIPS - MN ATTN: KELLY 661.313.0489 | 1 PACKAGE RP//KA//CG | ** SEND 2 CHIPS ** LEGENDS VERONA
606905,732622,2025-09-05,CAR326,sample chip,parsed_from_order_notes,,needs_review,,CHIP,,422,,,,,Y,NO_SAMPLE_QUANTITY_FOUND,sample,2025-09-05,2025-09-05,1.00,1.00,0.00,606905|732622,1,1.00,0.00,3,9/5 SEND SAMPLE CHIPS VIA FEDEX OVER NIGHT -MG FEDEX ACCOUNT #: 2767-9010-2 | KA//EL ( 1 BX ) | ***SEND 3SAMPLES*** ALLORA: DOMA 9.5
607067,732807,2025-09-08,20,sample chip,parsed_from_order_notes,,needs_review,,,,1976,,,Y,,Y,NO_SAMPLE_QUANTITY_FOUND,sample,2025-09-05,2025-09-08,1.00,1.00,0.00,607067|732807,1,1.00,0.00,3,9/5 NO CHARGE FOR SAMPLES VIA GROUND SHIPPING -MG 1 BOX | RP//KA//CG | ***SEND 2SAMPLES*** EXOTICS: PATAGONIAN ROSEWOOD
607068,732808,2025-09-08,20,sample chip,parsed_from_order_notes,,needs_review,,,,1977,,,Y,,Y,NO_SAMPLE_QUANTITY_FOUND,sample,2025-09-05,2025-09-08,1.00,1.00,0.00,607068|732808,1,1.00,0.00,3,9/5 NO CHARGE FOR SAMPLES VIA GROUND SHIPPING -MG 1 PACKAGE | RP//KA//CG | ***SEND 2SAMPLES*** EXOTICS: ACACIA BLACK WALNUT
607069,732809,2025-09-08,20,sample chip,parsed_from_order_notes,,needs_review,,,,1978,,,Y,,Y,NO_SAMPLE_QUANTITY_FOUND,sample,2025-09-05,2025-09-08,1.00,1.00,0.00,607069|732809,1,1.00,0.00,4,9/5 NO CHARGE FOR SAMPLES VIA GROUND SHIPPING -MG 1 BOX | RP//KA//CG | ***SEND 2SAMPLES*** EXOTICS: ACACIA BLACK WALNUT | GII SMOOTH: WALNUT NATURAL
607349,732784,2025-09-08,DAM105,sample chip,parsed_from_order_notes,,needs_review,,CHIP,,1979,,,Y,,Y,NO_SAMPLE_QUANTITY_FOUND,sample,2025-09-08,2025-09-08,1.00,1.00,0.00,607349|732784,1,1.00,0.00,4,9/8 NO CHARGE FOR SAMPLE CHIPS VIA GROUND SHIPPING -MG 1 BOX | RP//KA//CG | ***SEND 2SAMPLES*** PRIVATE SELECTION: GOBI | MESA
607352,732798,2025-09-08,NAT105,sample chip,parsed_from_order_notes,,needs_review,,CHIP,,1980,,,Y,,Y,NO_SAMPLE_QUANTITY_FOUND,sample,2025-09-08,2025-09-08,1.00,1.00,0.00,607352|732798,1,1.00,0.00,4,9/8 NO CHARGE FOR SAMPLE CHIPS VIA GROUND SHIPPING -MG 1 BOX | RP//KA//CG | ***SEND 2SAMPLES ECH*** NEWPORT: PEBBLE BEACH | SHELL BEACH LAGUNA BEACH
607432,732795,2025-09-08,MIK113,sample chip,parsed_from_order_notes,,needs_review,,,,1981,,,Y,,Y,NO_SAMPLE_QUANTITY_FOUND,sample,2025-09-08,2025-09-08,1.00,1.00,0.00,607432|732795,1,1.00,0.00,3,9/8 NO CHARGE FOR SAMPLES VIA GROUND SHIPPING -MG 1 PACKAGE | RP//KA//CG | ***SEND 3PCS*** LEGENDS: CHANTAL
607519,072287,2025-09-09,AVE101,sample chip,parsed_from_order_notes,,needs_review,,,,,,,Y,,Y,NO_SAMPLE_QUANTITY_FOUND,cut,2025-09-08,2025-09-09,1.00,9.00,0.00,607519|072287,1,2.00,0.00,2,PLEASE SEND 2 CUTS EACH OF THE CAROLINA CLASSIC SALEM & CHARLOTTE NM. NO CHARGE PER BRAD | 1 BOX RP//KA//CG
607561,072289,2025-09-09,50,sample chip,parsed_from_order_notes,,needs_review,,,,,,,Y,,Y,NO_SAMPLE_QUANTITY_FOUND,cut,2025-09-08,2025-09-09,1.00,9.00,0.00,607561|072289,1,2.00,0.00,2,PLEASE SEND 2 CUTS EACH OF THE GOLD LABE CHAMPAGNE. NO CHARGE PER BRAD/NM | 1 PACKAGE RP//KA//CG
607593,732972,2025-09-09,MAR186,sample chip,parsed_from_order_notes,,needs_review,,,,,,,,,Y,NO_SAMPLE_QUANTITY_FOUND,cut,2025-09-08,2025-09-09,1.00,1.00,0.00,607593|732972,1,2.00,0.00,3,9.8: OK PER JM 1 BOX | RP/KA//CG | GII - SM/DIS HICKORY NATURAL CUTS
607700,732988,2025-09-09,20,sample chip,parsed_from_order_notes,,needs_review,,,,1973,,,Y,,Y,NO_SAMPLE_QUANTITY_FOUND,sample,2025-09-09,2025-09-09,1.00,1.00,0.00,607700|732988,1,1.00,0.00,3,9/9 NO CHARGE FOR SAMPLES VIA GROUND SHIPPING -MG 1 BOX | RP//KA//CG | ***SEND 2SAMPLES**** ALLORA: UNFINSIHED 9.5
607708,732989,2025-09-09,20,sample chip,parsed_from_order_notes,,needs_review,,,,1974,,,Y,,Y,NO_SAMPLE_QUANTITY_FOUND,sample,2025-09-09,2025-09-09,1.00,1.00,0.00,607708|732989,1,1.00,0.00,3,9/9 NO CHARGE FOR SAMPLES VIA GROUND SHIPPING -MG 1 PACKAGE | RP//KA//CG | ***SEND 2SAMPLES*** LEGENDS: VERONA
607759,732974,2025-09-09,MIK113,sample chip,parsed_from_order_notes,,needs_review,,,,1975,,,Y,,Y,NO_SAMPLE_QUANTITY_FOUND,sample,2025-09-09,2025-09-09,1.00,1.00,0.00,607759|732974,1,1.00,0.00,3,9/9 NO CHARGE FOR SAMPLE VIA GROUND SHIPPING -MG 1 BOX | RP//KA//CG | ***SEND 2PCS ECH*** LEGENDS: ALL COLORS
607772,072288,2025-09-09,PIN111,sample chip,parsed_from_order_notes,,needs_review,,,,,,,,,Y,NO_SAMPLE_QUANTITY_FOUND,sample,2025-09-09,2025-09-09,1.00,9.00,0.00,607772|072288,1,5.00,0.00,3,"SEND FOR 9/9 1 BOX | RP//KA//CG | ***GHCVO31468USA-33   WHITE OAK 3-1/4"" PR.WHEAT 3MM USA** **SAMPLE CHIPS**"
606632,733125,2025-09-10,NEW150,sample chip,parsed_from_order_notes,,needs_review,,,,,,,Y,,Y,NO_SAMPLE_QUANTITY_FOUND,sample,2025-09-04,2025-09-10,1.00,1.00,0.00,606632|733125,1,1.00,0.00,3,"09.04 UPS GROUND DLV SENDING SAMPLES NO CHARGE - MN 1 BOX | RP//KA//CG | ** SEND 4 CHIPS ** HICKORY 5"" SMOOTH NATURAL"
607920,072318,2025-09-10,GEN100,sample chip,parsed_from_order_notes,,needs_review,,,,,,,Y,,Y,NO_SAMPLE_QUANTITY_FOUND,cut,2025-09-09,2025-09-10,1.00,9.00,0.00,607920|072318,2,4.00,0.00,2,PLEASE SEND 2 CUTS OF THE MAPLE MONROE CAROLINA CLASSIC. NO CHARGE PER WARREN. NM | 1 BOX RP//KA//CG
607933,072317,2025-09-10,COR122,sample chip,parsed_from_order_notes,,needs_review,,,,,,,,,Y,NO_SAMPLE_QUANTITY_FOUND,sample,2025-09-09,2025-09-10,1.00,9.00,0.00,607933|072317,1,3.00,0.00,2,"LEGENDS WALNUT 7.5"" NATURAL  SAMPLE CHIPS 3 PLEASE 1 BOX | RP//KA//CG"
608181,733107,2025-09-10,ABI101,sample chip,parsed_from_order_notes,,needs_review,,,,418,,,Y,,Y,NO_SAMPLE_QUANTITY_FOUND,sample,2025-09-10,2025-09-10,1.00,1.00,0.00,608181|733107,1,1.00,0.00,4,9/10 NO CHARGE FOR SAMPLES VIA GROUND SHIPPING -MG 1 BOX | RP//KA//CG | ***SEND 2SAMPLES*** GII DISTRESSED: WHEAT | CHESTNUT
608256,733131,2025-09-10,THR102,sample chip,parsed_from_order_notes,,needs_review,,,,1971,,,Y,,Y,NO_SAMPLE_QUANTITY_FOUND,sample,2025-09-10,2025-09-10,1.00,1.00,0.00,608256|733131,1,1.00,0.00,4,9/10 NO CHARGE FOR SAMPLES VIA GROUND SHIPPING -MG 1 BOX | RP//KA//CG | ***SEND 2SAMPLES**** EXOTICS: ACACIA BLACK WALNUT | GII DISTRESSED: MAPLE ESPRESSO
608258,734583,2025-09-10,LAF104,sample chip,parsed_from_order_notes,,needs_review,,CHIP,,419,,,,,Y,NO_SAMPLE_QUANTITY_FOUND,sample,2025-09-10,2025-09-10,1.00,1.00,0.00,608258|734583,1,1.00,0.00,3,09/10 PROMO | SAMPLE CHIP OF EACH COLOR IN NEWPORT COLLECTION | *** IN STOCK PER RUSSELL *** PLEASE MAKE SURE PARADISE COVE AND MANHATTAN BEACH IS INCLD.
608278,733133,2025-09-10,20,sample chip,parsed_from_order_notes,,needs_review,,,,1972,,,Y,,Y,NO_SAMPLE_QUANTITY_FOUND,sample,2025-09-10,2025-09-10,1.00,1.00,0.00,608278|733133,1,1.00,0.00,3,9/10 NO CHARGE FOR SAMPLES VIA GROUND SHIPPING -MG 1 BOX | RP//KA//CG | ***SEND 2SAMPLES*** LEGENDS: VERONA
608307,072343,2025-09-11,PRO198,sample chip,parsed_from_order_notes,,needs_review,,,,,,,Y,,Y,NO_SAMPLE_QUANTITY_FOUND,cut,2025-09-10,2025-09-11,1.00,9.00,0.00,608307|072343,1,2.00,0.00,2,PLEASE SEND  CUSTOMER 2 CUTS OF THE TWILIGHT VINYL NOVA. NO CHARGE PER BRAD NM | 1 PACKAGE RP//KA//CG
608411,733266,2025-09-11,SSF100,sample chip,parsed_from_order_notes,,needs_review,,,,1968,,,Y,,Y,NO_SAMPLE_QUANTITY_FOUND,sample,2025-09-10,2025-09-11,1.00,1.00,0.00,608411|733266,1,1.00,0.00,3,9/10 NO CHARGE FOR SAMPLES VIA GROUND SHIPPING -MG 1 PACKAGE | RP//KA//CG | ***SEND 2PCS ECH*** ALLORA: DOMA SELECT 7.5
608412,733267,2025-09-11,SSF100,sample chip,parsed_from_order_notes,,needs_review,,,,1969,,,Y,,Y,NO_SAMPLE_QUANTITY_FOUND,sample,2025-09-10,2025-09-11,1.00,1.00,0.00,608412|733267,1,1.00,0.00,3,9/10 NO CHARGE FOR SAMPLE VIA GROUND SHIPPING -MG 1 PACKAGE | RP//KA//CG | ***SEND 2SAMPLES ECH*** ALLORA: DOMA SELECT 7.5
608413,733258,2025-09-11,NAP101,sample chip,parsed_from_order_notes,,needs_review,,,,1970,,,Y,,Y,NO_SAMPLE_QUANTITY_FOUND,sample,2025-09-10,2025-09-11,1.00,1.00,0.00,608413|733258,1,1.00,0.00,3,9/11 NO CHARGE FOR SAMPLE VIA GROUND SHIPPING -MG 1 BOX | RP//KA//CG | ***SEND 3SAMPLES ECH*** ALLORA: ALTURA 7.5 SELECT/CHARACTER
606902,733476,2025-09-12,OMP000,,,,,,,,,,multiple_shipping_amounts_needs_review,,272.54; 273.18; 84.73,Y,NO_SAMPLE_TYPE_DETECTED; NO_SAMPLE_TYPE_FOR_QTY; MULTIPLE_SHIPPING_DOLLAR_CANDIDATES; NO_EXACT_NOTE_KEYWORD_AFTER_NORMALIZE,,2025-09-05,2025-09-12,1.00,1.00,0.00,606902|733476,1,6.00,0.00,6,"FLO.IT SRL VIA CAL LONGA 26 | 31028 VAZZOLA (TV) | ITALY ATT:ATT. STIVEN BIANCHI ( PRODUCTION MANAGER) | +39 0438 442195 RP//AA ( 1 BX ) | FED-EX $272.54 SHIPPING CHARGES: $273.18  // $84.73 TAXES,DUTIES,CUSTOM | LOT# 59182, 3PCS @ 5/8 X 7.5 X 12""L LOT# 60036, 3PCS @ 5/8 X 7.5 X 12""L"
608699,733475,2025-09-12,NAP101,sample chip,parsed_from_order_notes,,needs_review,,,,1966,,,Y,,Y,NO_SAMPLE_QUANTITY_FOUND,sample,2025-09-11,2025-09-12,1.00,1.00,0.00,608699|733475,1,1.00,0.00,3,9/11 NO CHARGE FOR SAMPLE VIA GROUND SHIPPING -MG 1 BOX | RP//KA//CG | ***SEND 2PCS ECH*** ALLORA: DOMA 9.5 SELECT/CHARACTER
608752,733471,2025-09-12,FLO211,sample panel,parsed_from_order_notes,,needs_review,,,,,,,,,Y,NO_SAMPLE_QUANTITY_FOUND,panel,2025-09-11,2025-09-12,1.00,1.00,0.00,608752|733471,1,1.00,0.00,3,09.11 UPS GROUND NO DLV FEE - MN ** SEND OUT PER JIM MC ** | 1 BOX RP//KA//CG | DISTRESS MAPLE LATTE PANEL
608925,733472,2025-09-12,FLO286,sample chip,parsed_from_order_notes,,needs_review,,,,416,,,,,Y,NO_SAMPLE_QUANTITY_FOUND,cut,2025-09-12,2025-09-12,1.00,1.00,0.00,608925|733472,1,2.00,0.00,3,OK PER JM 1 PACKAGE | RP//KA//CG | CB- HICKORY VINTAGE CUTS
608995,733393,2025-09-12,ARY101,sample chip,parsed_from_order_notes,6,parsed_from_order_notes,number_before_sample_chip_times_3_listed_items; number_before_generic_sample_times_3_listed_items,CHIP,,417,,,Y,,Y,EACH_PATTERN_MULTIPLIED_BY_LISTED_ITEMS,sample,2025-09-12,2025-09-12,1.00,6.00,0.00,608995|733393,1,1.00,0.00,3,NO CHARGE | 2 SAMPLE CHIPS EACH COLOR :LEGENDS -CHANTAL | -PROVENCE
608992,733585,2025-09-15,GLA105,sample chip,parsed_from_order_notes,,needs_review,,,,,,,,,Y,NO_SAMPLE_QUANTITY_FOUND,sample,2025-09-12,2025-09-15,1.00,1.00,0.00,608992|733585,1,1.00,0.00,3,9.12: ORDER EXP:9/19 | SPLIT ORDER WITH: 1-1-609245-00 | *** IN SAMPLE ***
609061,733635,2025-09-15,20,sample chip,parsed_from_order_notes,,needs_review,,,,1963,,,Y,,Y,NO_SAMPLE_QUANTITY_FOUND,sample,2025-09-12,2025-09-15,1.00,1.00,0.00,609061|733635,1,1.00,0.00,3,9/12 NO CHARGE FOR SAMPLES VIA GROUND SHIPPING -MG 1 PACKAGE | RP//KA//CG | ***SEND 2SAMPLES*** BEVERLY HILLS: DOHENY
609251,733636,2025-09-15,20,sample chip,parsed_from_order_notes,,needs_review,,CHIP,,1964,,,,,Y,NO_SAMPLE_QUANTITY_FOUND,sample,2025-09-13,2025-09-15,1.00,1.00,0.00,609251|733636,1,1.00,0.00,3,9/13: NO UPS GOUND CHARGE FOR SAMPLES 1 PACKAGE | RP//KA//CG | 2 CHIPC OF EA : ACACIA NATURAL
609459,733637,2025-09-15,20,sample chip,parsed_from_order_notes,,needs_review,,,,1965,,,,,Y,NO_SAMPLE_QUANTITY_FOUND,sample,2025-09-15,2025-09-15,1.00,1.00,0.00,609459|733637,1,1.00,0.00,3,"9/15: NO UPS GROUND CHARGE FOR SAMPLES 1 BOX | RP//KA//CG | 2 PC OF EA: ROVENZA CHEVRON (1) , NESSO, MONZA"
609609,072431,2025-09-16,PRO136,sample chip,parsed_from_order_notes,,needs_review,,,,,,,Y,,Y,NO_SAMPLE_QUANTITY_FOUND,cut,2025-09-15,2025-09-16,1.00,9.00,0.00,609609|072431,1,2.00,0.00,2,9/15 PLEASE SEND 2 CUTS OF THE USA PRAIRIE WHEAT 3 1/4 AMERICA NO CHARGE PER BRAD NM. | 1 PACKAGE RP//KA//CG
610041,733970,2025-09-17,COV104,sample chip,parsed_from_order_notes,,needs_review,,,,,,,,,Y,NO_SAMPLE_QUANTITY_FOUND,sample,2025-09-16,2025-09-17,1.00,1.00,0.00,610041|733970,1,1.00,0.00,3,09/16 SENDING SAMPLE VIA UPS GROUND  //WB 1 PACKAGE | RP//KA//CG | ****PLEASE SEND 5 WHISPER STEP SAMPLE *****
610155,733985,2025-09-17,PRO119,sample chip,parsed_from_order_notes,,needs_review,,,,1962,,,,,Y,NO_SAMPLE_QUANTITY_FOUND,sample,2025-09-17,2025-09-17,1.00,1.00,0.00,610155|733985,1,1.00,0.00,3,9/17: NO UPS GROUND CHARGE FOR SAMPLES 1 PACKAGE | RP//KA//CG | 3PCS OF G2 AUTUMN
610494,734122,2025-09-18,20,sample chip,parsed_from_order_notes,,needs_review,,,,1961,,,Y,,Y,NO_SAMPLE_QUANTITY_FOUND,sample,2025-09-18,2025-09-18,1.00,1.00,0.00,610494|734122,1,1.00,0.00,3,9/18 NO CHARGE FOR SAMPLES VIA GROUND SHIPPING -MG 1 PACKAGE | RP//KA//CG | ***SEND 2SAMPLES*** LEGENDS: CAFFE HB
610679,734270,2025-09-19,20,sample chip,parsed_from_order_notes,,needs_review,,CHIP,,1960,,,Y,,Y,NO_SAMPLE_QUANTITY_FOUND,sample,2025-09-18,2025-09-19,1.00,1.00,0.00,610679|734270,1,1.00,0.00,3,9/18 NO CHARGE FOR SAMPLE CHIPS VIA GROUND SHIPPING -MG 1 PACKAGE | RP//KA//CG | ***SEND 2SAMPLES*** COMPETITION BUSTER: HICKORY ANTIQUE
611227,734484,2025-09-22,20,sample chip,parsed_from_order_notes,,needs_review,,,,1958,,,Y,,Y,NO_SAMPLE_QUANTITY_FOUND,sample,2025-09-22,2025-09-22,1.00,1.00,0.00,611227|734484,1,1.00,0.00,2,9/22 NO CHARGE FOR SAMPLES VIA GROUND SHIPPING -MG KA//CG ( 1 BX ) | ***SEND 2SAMPLES*** PRIVATE SELECTION: GOBI
611327,072562,2025-09-23,FAM107,sample chip,parsed_from_order_notes,,needs_review,,,,,,,Y,,Y,NO_SAMPLE_QUANTITY_FOUND,cut,2025-09-22,2025-09-23,1.00,9.00,0.00,611327|072562,1,2.00,0.00,2,PLEASE SEND 2 CUTS EACH OF THE ACACIA GOLD EXOTICS/NO CHARGE PER BRAD NM | 1 PACKAGE RP//KA//CG
611660,734654,2025-09-23,20,sample chip,parsed_from_order_notes,,needs_review,,,,1956,,,Y,,Y,NO_SAMPLE_QUANTITY_FOUND,sample,2025-09-23,2025-09-23,1.00,1.00,0.00,611660|734654,1,1.00,0.00,3,9/23 NO CHARGE FOR SAMPLES VIA GROUND SHIPPING -MG 1 PACKAGE | RP//KA//CG | ***SEND 2SAMPLES ECH*** EXOTICS: TIGERWOOD
611663,734655,2025-09-23,20,sample chip,parsed_from_order_notes,,needs_review,,,,1957,,,Y,,Y,NO_SAMPLE_QUANTITY_FOUND,sample,2025-09-23,2025-09-23,1.00,1.00,0.00,611663|734655,1,1.00,0.00,3,9/23 NO CHARGE FOR SAMPLES VIA GROUND SHIPPING -MG 1 PACKAGE | RP//KA//CG | ***SEND 2SAMPLES*** CAROLINA CLASSICS: HICKORY CHARLOTTE
611804,734635,2025-09-23,ALJ100,sample chip,parsed_from_order_notes,12,parsed_from_order_notes,number_before_sample_chip_times_3_listed_items; number_before_generic_sample_times_3_listed_items,CHIP,,408,,,Y,,Y,EACH_PATTERN_MULTIPLIED_BY_LISTED_ITEMS,sample,2025-09-23,2025-09-23,1.00,1.00,0.00,611804|734635,1,1.00,0.00,3,"TOMAS 805.415.2915 NO CHARGE FOR UPS GROUND DLV | 1 BOX RP//KA//CG | PLEASE SEND 4 SAMPLE CHIPS OF EACH LEGENDS: PARIA, GLENWOOD, LODI"
611655,734820,2025-09-24,20,sample chip,parsed_from_order_notes,,needs_review,,,,1951,,,Y,,Y,NO_SAMPLE_QUANTITY_FOUND,sample,2025-09-23,2025-09-24,1.00,1.00,0.00,611655|734820,1,1.00,0.00,5,9/23 NO CHARGE FOR SAMPLES VIA GROUND SHIPPING -MG 1 BOX | RP//KA//CG | ***SEND 2SAMPLES ECH*** GOLD LABEL: CHAMPAGNE 9.5 | CASHMERE 9.5 ALLORA: LUNA SELECT 9.5 | SELLA SELECT 9.5
611911,734811,2025-09-24,NAT105,sample chip,parsed_from_order_notes,,needs_review,,,,1952,,,Y,,Y,NO_SAMPLE_QUANTITY_FOUND,sample,2025-09-23,2025-09-24,1.00,1.00,0.00,611911|734811,1,1.00,0.00,3,ATTN: NICK 9/23 NO CHARGE FOR SAMPLES VIA GROUND SHIPPING -MG | 1 BOX RP//KA//CG | ***SEND 4PCS*** LEGENDS: LA BELLE
611916,072592,2025-09-24,RED102,sample chip,parsed_from_order_notes,,needs_review,,,,,,,,,Y,NO_SAMPLE_QUANTITY_FOUND,sample,2025-09-23,2025-09-24,1.00,9.00,0.00,611916|072592,1,3.00,0.00,2,USA SAMPLE CHIPS 1 PACKAGE | RP//KA//CG
612015,734822,2025-09-24,20,sample chip,parsed_from_order_notes,,needs_review,,,,1953,,,Y,,Y,NO_SAMPLE_QUANTITY_FOUND,sample,2025-09-24,2025-09-24,1.00,1.00,0.00,612015|734822,1,1.00,0.00,3,9/24 NO CHARGE FOR SAMPLES VIA GROUND SHIPPING -MG 1 PCAKAGE | RP//KA//CG | ***SEND 2SAMPLES ECH*** GOLD LABEL: CASHMERE
612018,734823,2025-09-24,20,sample chip,parsed_from_order_notes,,needs_review,,,,1954,,,Y,,Y,NO_SAMPLE_QUANTITY_FOUND,sample,2025-09-24,2025-09-24,1.00,1.00,0.00,612018|734823,1,1.00,0.00,3,9/24 NO CHARGE FOR SAMPLE VIA GROUND SHIPPING -MG 1 PACKAGE | RP//KA//CG | ***SEND 2SAMPLES*** LEGENDS: LA BELLE
612082,072746,2025-09-24,CAL168,sample chip,parsed_from_order_notes,,needs_review,,,,,,,,,Y,NO_SAMPLE_QUANTITY_FOUND,sample,2025-09-24,2025-09-24,1.00,9.00,0.00,612082|072746,2,4.00,0.00,4,"SEND FOR 9/24 1 BOX | RP//KA//CG | **WALNUT 5"" NATURAL DISTRESSED SAMPLE CHIPS** | **WALNUT 5"" NATURAL SMOOTH SAMPLE CHIPS*"
612176,734803,2025-09-24,CUS100,sample chip,parsed_from_order_notes,,needs_review,,,,1955,,,Y,,Y,NO_SAMPLE_QUANTITY_FOUND,sample,2025-09-24,2025-09-24,1.00,1.00,0.00,612176|734803,1,1.00,0.00,3,9/24 NO CHARGE FOR SAMPLE VIA GROUND SHIPPING -MG 1 PACKAGE | RP//KA//CG | ***SEND 2SAMPLES*** GII DISTRESSD: ESPRESSO
612235,735195,2025-09-25,20,sample chip,parsed_from_order_notes,,needs_review,,,,,,,,,Y,NO_SAMPLE_QUANTITY_FOUND,cut,2025-09-24,2025-09-25,1.00,1.00,0.00,612235|735195,1,1.00,0.00,4,BTB PAM 1 PACKAGE | RP//KA//CG | CC - MONROE CUTS CC- DURHAM CUTS | CC - SALEM CUTS
612292,072667,2025-09-25,FAM107,sample chip,parsed_from_order_notes,,needs_review,,,,,,,,,Y,NO_SAMPLE_QUANTITY_FOUND,cut,2025-09-24,2025-09-25,1.00,9.00,0.00,612292|072667,1,2.00,0.00,2,PLEASE SEND 2 CUTS OF THE MAPLE ESPRESSO DISTRESSED NM 1 PACKAGE | RP//KA//CG
612332,735193,2025-09-25,SNO101,sample chip,parsed_from_order_notes,,needs_review,,CHIP,,1949,,,,,Y,NO_SAMPLE_QUANTITY_FOUND,sample,2025-09-25,2025-09-25,1.00,1.00,0.00,612332|735193,1,1.00,0.00,3,"9/25: NO UPS GROUND CHARGE FOR SAMPLES 1 PACKAGE | RP//KA//CG | 2 CHIPS: CV 5"" PRAIRIE WHEAT"
612368,072668,2025-09-25,50,sample chip,parsed_from_order_notes,,needs_review,,,,,,,,,Y,NO_SAMPLE_QUANTITY_FOUND,sample,2025-09-25,2025-09-25,1.00,9.00,0.00,612368|072668,3,6.00,0.00,2,SAMPLE CHIPS 1 BOX | RP//KA//CG
612395,735179,2025-09-25,AUS101,sample chip,parsed_from_order_notes,,needs_review,,,,1950,,,Y,,Y,NO_SAMPLE_QUANTITY_FOUND,sample,2025-09-25,2025-09-25,1.00,1.00,0.00,612395|735179,1,1.00,0.00,4,9/25 NO CHARGE FOR SAMPLES VIA GROUND SHIPPING -MG 1 PACKAGE | RP//KA//CG | ***SEND 2SAMPLES ECH*** GII SMOOTH: MAPLE | CHESTNUT SYRUP
612748,735162,2025-09-26,ENM101,sample chip,parsed_from_order_notes,,needs_review,,,,1947,,,Y,,Y,NO_SAMPLE_QUANTITY_FOUND,sample,2025-09-26,2025-09-26,1.00,1.00,0.00,612748|735162,1,1.00,0.00,3,9/26 NO CHARGE FOR SAMPLES VIA GROUND SHIPPING -MG 1 BOX | RP//KA//CG | ***SEND 2PCS ECH*** NEWPORT: ALL COLORS
612935,735166,2025-09-26,FLO366,sample chip,parsed_from_order_notes,,needs_review,,,,,,,,,Y,NO_SAMPLE_QUANTITY_FOUND,cut,2025-09-26,2025-09-26,1.00,1.00,0.00,612935|735166,1,2.00,0.00,2,OK PER JM // OK PER CG AFTER CUT OFF 1 PACKAGE | RP//KA//CG
612903,735335,2025-09-29,DIS114,sample chip,parsed_from_order_notes,,needs_review,,CHIP,,1943,,,,,Y,NO_SAMPLE_QUANTITY_FOUND,sample,2025-09-26,2025-09-29,1.00,1.00,0.00,612903|735335,1,1.00,0.00,3,9/26: NO UPS GROUND CHARGE FOR SAMPLES 1 PACKAGE | RP//KA//CG | 2 CHIPS OF H.ANTIQUE
612905,735343,2025-09-29,ONP101,sample chip,parsed_from_order_notes,,needs_review,,,,1944,,,,,Y,NO_SAMPLE_QUANTITY_FOUND,sample,2025-09-26,2025-09-29,1.00,1.00,0.00,612905|735343,1,1.00,0.00,3,9/26: NO UPS GROUND CHARGE FOR SAMPLES 1 PACKAGE | RP//KA//CG | 2 CHOPS OF M.MONROE
613126,735346,2025-09-29,20,sample chip,parsed_from_order_notes,6,parsed_from_order_notes,number_before_sample_chip_times_3_listed_items; number_before_generic_sample_times_3_listed_items,,,,,,,,Y,EACH_PATTERN_MULTIPLIED_BY_LISTED_ITEMS,sample,2025-09-27,2025-09-29,1.00,1.00,0.00,613126|735346,1,1.00,0.00,5,09.27 UPS GROUND NO DLV FEE SENDING SAMPLES - MN 1 BOX | RP//KA//CG | ** 2 SAMPLE CHIPS OF EACH ** MOONLIGHT | ATRO GALAXY | STARDUST
613324,735344,2025-09-29,S&G100,sample chip,parsed_from_order_notes,,needs_review,,,,1945,,,Y,,Y,NO_SAMPLE_QUANTITY_FOUND,sample,2025-09-29,2025-09-29,1.00,1.00,0.00,613324|735344,1,1.00,0.00,5,9/29 NO CHARGE FOR SAMPLES VIA GROUND SHIPPING -MG 1 BOX | RP//KA//CG | ***SEND 2SAMPLES ECH*** EXOTICS: ACACIA BLACK WALNUT | GII DISTRESSED: WALNUT ANTIQUE MAPLE ESPRESSO | GII SMOOTH: MAPLE ESPRESSO
613003,735533,2025-09-30,SER101,sample chip,parsed_from_order_notes,,needs_review,,CHIP,,1939,,,,,Y,NO_SAMPLE_QUANTITY_FOUND,sample,2025-09-26,2025-09-30,1.00,1.00,0.00,613003|735533,1,1.00,0.00,3,"9/26: NO UPS GROUNFD CHARGE FOR SAMPLES 1 BOX | RP//KA//CG | 3 CHIPS OF EA : CV 5"" W/O NAT., CV 5"" PRAIRIE WHEAT"
613367,735513,2025-09-30,NEM101,sample chip,parsed_from_order_notes,,needs_review,,,,1940,,,Y,,Y,NO_SAMPLE_QUANTITY_FOUND,sample,2025-09-29,2025-09-30,1.00,1.00,0.00,613367|735513,1,1.00,0.00,3,9/29 NO CHARGE FOR SAMPLES VIA GROUND SHIPPING -MG 1 PACKAGE | RP//KA//CG | ***SEND 2SAMPLES*** GII DISTRESSED: HICKORY NATURAL
613639,735531,2025-09-30,S&G100,sample chip,parsed_from_order_notes,,needs_review,,,,1941,,,Y,,Y,NO_SAMPLE_QUANTITY_FOUND,sample,2025-09-30,2025-09-30,1.00,1.00,0.00,613639|735531,1,1.00,0.00,3,9/30 NO CHARGE FOR SAMPLES VIA GROUND SHIPPING -MG 1 PACKAGE | RP//KA//CG | ***SEND 2SAMPLES*** EXOTICS: BRAZILIAN CHERRY
613647,735478,2025-09-30,CAR203,sample chip,parsed_from_order_notes,,needs_review,,CHIP,,1942,,,,,Y,NO_SAMPLE_QUANTITY_FOUND,sample,2025-09-30,2025-09-30,1.00,1.00,0.00,613647|735478,1,1.00,0.00,3,9/30: NO UPS GROUND CHARGE FOR SAMPLES 1 PACKAGE | RP//KA//CG | 2 CHIPS OF LEGENDS BIANCA
613866,735696,2025-10-01,FLO239,sample chip,parsed_from_order_notes,,needs_review,,,,1935,,,Y,,Y,NO_SAMPLE_QUANTITY_FOUND,sample,2025-09-30,2025-10-01,1.00,1.00,0.00,613866|735696,1,1.00,0.00,4,9/30 NO CHARGE FOR SAMPLES VIA GROUND SHIPPING -MG 1 BOX | RP//KA//CG | ***SEND 3PCS ECH*** GII SMOOTH: SYRUP | CHESTNUT
613941,735708,2025-10-01,20,sample chip,parsed_from_order_notes,,needs_review,,,,1936,,,Y,,Y,NO_SAMPLE_QUANTITY_FOUND,sample,2025-09-30,2025-10-01,1.00,1.00,0.00,613941|735708,1,1.00,0.00,3,9/30 NO CHARGE FOR SAMPLES VIA GROUND SHIPPING -MG 1 PACKAGE | RP//KA//CG | ***SEND 2PCS*** BEVERLY HILLS: BURTON WAY
613943,735709,2025-10-01,20,sample chip,parsed_from_order_notes,,needs_review,,,,1937,,,Y,,Y,NO_SAMPLE_QUANTITY_FOUND,sample,2025-09-30,2025-10-01,1.00,1.00,0.00,613943|735709,1,1.00,0.00,3,9/30 NO CHARGE FOR SAMPLES VIA GROUND SHIPPING -MG 1 PACKAGE | RP//KA//CG | ***SEND 2SAMPLES*** NEWPORT: ZUMA BEACH
613944,735710,2025-10-01,20,sample chip,parsed_from_order_notes,,needs_review,,,,1938,,,Y,,Y,NO_SAMPLE_QUANTITY_FOUND,sample,2025-09-30,2025-10-01,1.00,1.00,0.00,613944|735710,1,1.00,0.00,4,9/30 NO CHARGE FOR SAMPLES VIA GROUND SHIPPING -MG 1 BOX | RP//KA//CG | ***SEND 2SAMPLES*** BEVERLY HILLS: RODEO DRIVE | LEGENDS: ROMANTIQUE
614191,735694,2025-10-01,ENM101,,,,,,,,402,,,Y,,Y,NO_SAMPLE_TYPE_DETECTED; NO_SAMPLE_TYPE_FOR_QTY; NO_EXACT_NOTE_KEYWORD_AFTER_NORMALIZE,,2025-10-01,2025-10-01,1.00,6.00,0.00,614191|735694,1,1.00,0.00,3,SHIP  UPS  GROUND  AT  NO  CHARGE PER DC 480-497-1633  BRIAN  FLYN | 1 BOX RP//KA//CG | *SEND 2PCS ECH*** NEWPORT: ALL COLORS
614268,072799,2025-10-02,PRO236,sample chip,parsed_from_order_notes,,needs_review,,,,,,,,,Y,NO_SAMPLE_QUANTITY_FOUND,cut,2025-10-01,2025-10-02,1.00,9.00,0.00,614268|072799,1,2.00,0.00,2,PLEASE SEND 2 CUTS EACH OF: HERRINGBONE NEBULA & TWILIGHT NO CHARGER PER BRAD. NM | 1 PACKAGE RP//KA//CG
614363,072796,2025-10-02,HOW104,sample chip,parsed_from_order_notes,,needs_review,,,,,,,,,Y,NO_SAMPLE_QUANTITY_FOUND,sample,2025-10-02,2025-10-02,1.00,9.00,0.00,614363|072796,1,2.00,0.00,2,SAMPLE SHIPS 1/2 X 5 SANTOS MAHOGANY 1 PACKGE | RP//KA//CG
614643,072834,2025-10-03,FAM107,sample chip,parsed_from_order_notes,,needs_review,,,,,,,Y,,Y,NO_SAMPLE_QUANTITY_FOUND,cut,2025-10-02,2025-10-03,1.00,9.00,0.00,614643|072834,1,2.00,0.00,2,PLEASE SEND 2 CUTS EACH OF THE HICKORY NATURAL DISTRESSED NO CHARGE PER BRAD NM | 1 PACKAGE RP//KA//CG
614812,072835,2025-10-03,MOD125,sample chip,parsed_from_order_notes,,needs_review,,,,,,,Y,,Y,NO_SAMPLE_QUANTITY_FOUND,cut,2025-10-03,2025-10-03,1.00,9.00,0.00,614812|072835,1,2.00,0.00,2,PLEASE SEND 2 CUTS OF THE ACACIA BRONZE TO CUSTOMER. NO CHARGE PER BRAD NM | 1 PACKAGE RP//KA//CGK
615366,736234,2025-10-06,S&G100,sample chip,parsed_from_order_notes,,needs_review,,,,1934,,,Y,,Y,NO_SAMPLE_QUANTITY_FOUND,sample,2025-10-06,2025-10-06,1.00,1.00,0.00,615366|736234,1,1.00,0.00,4,10/6 NO CHARGE FOR SAMPLE VIA GROUND SHIPPING -MG KA//CG ( 1 BX ) | ***SEND 2SAMPLES ECH*** GII SMOOTH/DISTRESSED: MAPLE ESPRESSO | WALNUT ANTIQUE EXOTICS: ACACIA BLACK WALNUT | ACACIA BRONZE
615422,736232,2025-10-06,PRO203,sample chip,parsed_from_order_notes,2,parsed_from_order_notes,number_before_sample_chip_times_2_listed_items; number_before_generic_sample_times_2_listed_items,CHIP,,401,,,Y,,Y,EACH_PATTERN_MULTIPLIED_BY_LISTED_ITEMS,sample,2025-10-06,2025-10-06,1.00,6.00,0.00,615422|736232,1,1.00,0.00,3,SEND UPS GROUND NO CHARGE   *AMANDA 512-8367888 KA//CG ( 1 PKG ) | 1 SAMPLE CHIP EACH COLOR CAROLINA CLASSIC MAPLE MONROE GHCCM593 | LEGACY GARRISON II SMOOTH MAPLE CHESTNUT GNSSM506 LEGACY GARRISON II SMOOTH MAPLE SYRUP GNSSM577
614283,736365,2025-10-07,CAR100,sample chip,parsed_from_order_notes,,needs_review,,,,395,,,,,Y,NO_SAMPLE_QUANTITY_FOUND,sample,2025-10-01,2025-10-07,1.00,6.00,0.00,614283|736365,1,1.00,0.00,2,TO DAVES HOUSE 10/7 | SAMPLE GUIDE - NOSING TEMPLATE (PC TO MATCH LEGENDS-PROVENCE **COMING FROM GARDENA TR# 614255****
615737,736383,2025-10-07,20,sample chip,parsed_from_order_notes,,needs_review,,,,1933,,,Y,,Y,NO_SAMPLE_QUANTITY_FOUND,sample,2025-10-07,2025-10-07,1.00,1.00,0.00,615737|736383,1,1.00,0.00,3,10/7 NO CHARGE FOR SAMPLE VIA GROUND SHIPPING -MG KA // JSA | 1 PACKAGE | ***SEND 2SAMPLES*** EXOTICS: ACACIA BRONZE
615770,736384,2025-10-07,20,sample chip,parsed_from_order_notes,,needs_review,,,,,,,,,Y,NO_SAMPLE_QUANTITY_FOUND,sample,2025-10-07,2025-10-07,1.00,1.00,0.00,615770|736384,1,1.00,0.00,3,10/7:  DAN  310 953 5577 NO UPS GROUND CHARGE FOR SAMPLES | UPS STORE KA./CG - 1 PKG | 2 CHIPS OF :BURTON WAY
615790,736523,2025-10-08,TOP111,sample chip,parsed_from_order_notes,,needs_review,,,,,,,Y,,Y,NO_SAMPLE_QUANTITY_FOUND,sample,2025-10-07,2025-10-08,1.00,1.00,0.00,615790|736523,1,1.00,0.00,6,10.07 UPS GROUND DLV NO CHARGE - MN MICHAEL 925.435.9871 | ** ADDRESS REVISED & REPRINTED ** 1 BOX | RP//KA//CG | ** SEND 2 SAMPLES OF EACH ** ** SMOOTH ** | CHESTNUT SYRUP | WHEAT
615883,736525,2025-10-08,UNI131,sample chip,parsed_from_order_notes,,needs_review,,,,1929,,,Y,,Y,NO_SAMPLE_QUANTITY_FOUND,pieces; sample,2025-10-07,2025-10-08,1.00,1.00,0.00,615883|736525,1,1.00,0.00,4,10/7 NO CHARGE FOR SAMPLES VIA GROUND SHIPPING -MG 1 BOX | RP//KA//CG | ***SEND ALL PIECES*** ALLORA | BEVERLY HILLS
615889,736511,2025-10-08,PRI124,sample chip,parsed_from_order_notes,,needs_review,,,,1930,,,Y,,Y,NO_SAMPLE_QUANTITY_FOUND,sample,2025-10-07,2025-10-08,1.00,1.00,0.00,615889|736511,1,1.00,0.00,3,10/7 NO CHARGE FOR SAMPLE VIA GROUND SHIPPING -MG PABLO 669/263-4012  BTB | 1 PACKAGE RP//KA//CG | ***SEND 2SAMPLES*** LEGENDS: WALNUT NATURAL
616022,736527,2025-10-08,20,sample chip,parsed_from_order_notes,,needs_review,,,,1931,,,Y,,Y,NO_SAMPLE_QUANTITY_FOUND,sample,2025-10-08,2025-10-08,1.00,1.00,0.00,616022|736527,1,1.00,0.00,3,10/8 NO CHARGE FOR SAMPLE VIA GROUND SHIPPING -MG 1 PACKAGE | RP//KA//CG | ***SEND 4PCS*** CAROLINA CLASSIC: HICKORY CHARLOTTE
616086,736528,2025-10-08,20,sample chip,parsed_from_order_notes,,needs_review,,,,1932,,,Y,,Y,NO_SAMPLE_QUANTITY_FOUND,sample,2025-10-08,2025-10-08,1.00,1.00,0.00,616086|736528,1,1.00,0.00,3,10/8 NO CHARGE FOR SAMPLE VIA GROUND SHIPPING -MG 1 PACKAGE | RP//KA//CG | ***SEND 3SAMPLES*** CAROLINA CLASSIC: HICKORY CHARLOTTE
615660,736697,2025-10-09,20,sample chip,parsed_from_order_notes,,needs_review,,,,1925,,,Y,,Y,NO_SAMPLE_QUANTITY_FOUND,sample,2025-10-07,2025-10-09,1.00,1.00,0.00,615660|736697,1,1.00,0.00,4,S/M: JOSE 10/7 NO CHARGE FOR SAMPLES -MG | DLV TO DAVE'S HOUSE -MG CONTACT: DAVE 626/831.2421 | KA//CG - 1 BND | ***SEND 3PCS*** VINYLNOVA: ECLIPSE
615712,736685,2025-10-09,RAL105,sample chip,parsed_from_order_notes,,needs_review,,,,1926,,,Y,,Y,NO_SAMPLE_QUANTITY_FOUND,sample,2025-10-07,2025-10-09,1.00,1.00,0.00,615712|736685,1,1.00,0.00,4,10/7 NO CHARGE FOR SAMPLES -MG DLV TO DAVE'S HOUSE | CONTACT: DAVE 626/831.2421 ***REVISED//REPRINT*** | KA//CG - 1 BND | ***SEND 3PCS*** LEGENDS: CAFFE
616126,072946,2025-10-09,COR122,sample chip,parsed_from_order_notes,,needs_review,,,,,,,Y,,Y,NO_SAMPLE_QUANTITY_FOUND,cut,2025-10-08,2025-10-09,1.00,9.00,0.00,616126|072946,1,2.00,0.00,2,PLEASE SEND 2 CUTS OF THE BEVERLY HILLS HILLCREST NM NO CHARGE PER BRAD | KA // JSA 1 PACKAGE
616181,072947,2025-10-09,FAM107,sample chip,parsed_from_order_notes,,needs_review,,,,,,,Y,,Y,NO_SAMPLE_QUANTITY_FOUND,cut,2025-10-08,2025-10-09,1.00,9.00,0.00,616181|072947,1,2.00,0.00,2,PLEASE SEND 2 CUTS OF THE ALLORA STRADA CHARACTER @ NO CHARGE PER BRAD NM | KA // JSA 1 PACKAGE
616197,736648,2025-10-09,FLO181,sample chip,parsed_from_order_notes,12,parsed_from_order_notes,number_before_sample_chip_times_3_listed_items; number_before_generic_sample_times_3_listed_items,CHIP,,393,,,Y,,Y,EACH_PATTERN_MULTIPLIED_BY_LISTED_ITEMS,sample,2025-10-08,2025-10-09,1.00,1.00,0.00,616197|736648,1,1.00,0.00,3,"10/08 NO CHARGE FOR UPS GROUND DLV ADOLFO 805.863.6973 | KA // JSA 1 PACKAGE | PLEASE SEND 4 SAMPLE CHIPS OF EACH FROM THE EXOTICS: ACACIA BRONZE, ACACIA GOLD, AND ACACIA BLACK WALNUT"
616213,736689,2025-10-09,S&G100,sample chip,parsed_from_order_notes,,needs_review,,,,1927,,,Y,,Y,NO_SAMPLE_QUANTITY_FOUND,sample,2025-10-08,2025-10-09,1.00,1.00,0.00,616213|736689,1,1.00,0.00,3,"10/8 NO CHARGE FOR SAMPLES VIA GROUND SHIPPING -MG KA // JSA | 1 PACKAGE | ***SEND 2SAMPLES*** CRYSTAL VALLEY USA: WHITE OAK 3-1/4"" NATURAL 3MM"
616303,736650,2025-10-09,FLO366,sample chip,parsed_from_order_notes,,needs_review,,,,,,,,,Y,NO_SAMPLE_QUANTITY_FOUND,cut,2025-10-09,2025-10-09,1.00,1.00,0.00,616303|736650,1,2.00,0.00,4,OK PER JM MONICA 415.289.0465 BTB KA // JSA | 1 PACKAGE | COMPETITION BUSTER / HICKORY VINTAGE CUTS CAROLINA CLASSIC / HICKORY SALEM CUTS | COMPETITION BUSTER / HICKORY ANTIQUE CUTS
616466,072976,2025-10-10,FIN106,sample chip,parsed_from_order_notes,,needs_review,,,,,,,Y,,Y,NO_SAMPLE_QUANTITY_FOUND,cut,2025-10-09,2025-10-10,1.00,9.00,0.00,616466|072976,1,2.00,0.00,2,PLEASE SEND 2 CUTS OF THE LEGENDS PARIA/NO CHARGE PER BRAD NM | 1 PACKAGE RP//KA//CG
614676,737019,2025-10-13,OMP000,,,,,,,,,,multiple_shipping_amounts_needs_review,,182.52; 143.54; 56.12,Y,NO_SAMPLE_TYPE_DETECTED; NO_SAMPLE_TYPE_FOR_QTY; MULTIPLE_SHIPPING_DOLLAR_CANDIDATES; NO_EXACT_NOTE_KEYWORD_AFTER_NORMALIZE,,2025-10-02,2025-10-13,1.00,1.00,0.00,614676|737019,1,1.00,0.00,6,"PICK UP EMBLEM FROM ILSY IN PURCHASING NO.1 XISHAN RD, HENGLIN TOWN, | CHANGZHOU CITY, JIANGSU PROVINCE, CHINA | ATTN: JOYCE TEL: +8613685263917 | EMAIL: JOYCE.CHEN@UNICHOIS.COM DHL - PADDED MAILER $182.52 | SHIPPING CHARGES: $143.54 // IMPORT,DUTIES,TAXES $56.12 | 1PCS DIMENSIONS 2.3MM THICK X 3.5""W X 2.5""H"
616431,736983,2025-10-13,DIC105,sample chip,parsed_from_order_notes,,needs_review,,,,1922,,,Y,,Y,NO_SAMPLE_QUANTITY_FOUND,sample,2025-10-09,2025-10-13,1.00,1.00,0.00,616431|736983,1,1.00,0.00,4,10/9 NO CHARGE FOR SAMPLES VIA GROUND SHIPPING -MG 1 BOX | RP//KA//CG | ***SEND ALL COLORS*** NEWPORT | BEVERLY HILLS ALLORA SELECT/CHARACTER 7.5
617046,737016,2025-10-13,NAT105,sample chip,parsed_from_order_notes,,needs_review,,,,1923,,,Y,,Y,NO_SAMPLE_QUANTITY_FOUND,sample,2025-10-13,2025-10-13,1.00,1.00,0.00,617046|737016,1,1.00,0.00,4,10/13 NO CHARGE FOR SAMPLES VIA GROUND SHIPPING -MG 1 BOX | RP//KA//CG | ***SEND 2ECH*** GII: HICKORY ANTIQUE | HICKORY CHARLOTTE EXOTICS: ACACIA BRONZE
617060,736992,2025-10-13,FLO239,sample chip,parsed_from_order_notes,,needs_review,,,,1924,,,Y,,Y,NO_SAMPLE_QUANTITY_FOUND,sample,2025-10-13,2025-10-13,1.00,1.00,0.00,617060|736992,1,1.00,0.00,5,10/1 NO CHARGE FOR SAMPLES VIA GROUND SHIPPING -MG 1 BOX | RP//KA//CG | ***SEND 3PCS ECH*** NEWPORT: SHELL BEACH | PEBBLE BEACH DEL MAR | MANHATTAN BEACH LAGUNA BEACH
617198,737022,2025-10-13,PRO100,sample chip,parsed_from_order_notes,,needs_review,,,,,,,,,Y,NO_SAMPLE_QUANTITY_FOUND,cut,2025-10-13,2025-10-13,1.00,1.00,0.00,617198|737022,1,2.00,0.00,3,RESIDENTIAL DELIVERY 1 PACKAGE | RP//KA//CG | CV- 1/2 X 5 MAPLE CUTS CV - 1/2 X  MAPLE USA CUTS
616535,737116,2025-10-14,CAR100,,,,,,,,1920,,,,,Y,NO_SAMPLE_TYPE_DETECTED; NO_SAMPLE_TYPE_FOR_QTY; NO_EXACT_NOTE_KEYWORD_AFTER_NORMALIZE,,2025-10-09,2025-10-14,1.00,1.00,0.00,616535|737116,1,1.00,0.00,6,10/9 O/A -MG DLV TO DAVE'S HOUSE | CONTACT: DAVE 626/831.2421 ***REVISED//REPRINTED*** | CL//CG ( 3 BNDLS ) | 1 @ 3 | 4PCS @16 | ***SEND 2PCS ECH*** CONTRACTOR CHOICE: R/O 2 1/4
617309,073013,2025-10-14,NEW141,sample chip,parsed_from_order_notes,,needs_review,,,,,,,,,Y,NO_SAMPLE_QUANTITY_FOUND,sample,2025-10-13,2025-10-14,1.00,9.00,0.00,617309|073013,2,10.00,0.00,4,"SEND FOR 10/14 1 BOX | RP//KA//CG | **GHCVR538USA  RED OAK 5"" NATURAL 3M CRYSTAL VALLEY USA** | **GHCVR538  R/O ENG 5"" NATURAL 2.2M (1/2"") SAMPLE CHIPS**"
617595,737141,2025-10-14,NAT105,sample chip,parsed_from_order_notes,,needs_review,,CHIP,,1921,,,,,Y,NO_SAMPLE_QUANTITY_FOUND,sample,2025-10-14,2025-10-14,1.00,1.00,0.00,617595|737141,1,1.00,0.00,4,"10/14: NO UPS GROUND CHARGE FOR SAMPLES ANGELA  801 977 1171 | HRS MON - FRI 8 AM - 5 PM 1 PACKAGE | RP//KA//CG | 2 CHIPS OF EA: LEGENDS BRIGITTE , NEWPORT LAGUNA BEACH"
617618,737164,2025-10-14,20,sample chip,parsed_from_order_notes,,needs_review,,,,,,,,,Y,NO_SAMPLE_QUANTITY_FOUND,sample,2025-10-14,2025-10-14,1.00,1.00,0.00,617618|737164,1,1.00,0.00,4,CONTACT: 714/826-9570 REFERENCE: WASHINGTON STATE JOB - WOOD FLOORING SAMPLE | REQUEST: FUNGAL DECAY ANALYSIS AND MOLD IDENTIFICATION (MICROSCOPIC AND SPECIES-LEVEL IF POSSIBLE) | NOTE THAT THE SAMPLE WAS PREVIOUSLY INSPECTED AND WE'RE SEEKING TO CONFIRM OR RULE OUT BIOLOGICAL DEGRADATION | JSA 1 PACKAGE
617655,737254,2025-10-15,CAR302,sample chip,parsed_from_order_notes,,needs_review,,CHIP,,1917,,,,,Y,NO_SAMPLE_QUANTITY_FOUND,sample,2025-10-14,2025-10-15,1.00,1.00,0.00,617655|737254,1,1.00,0.00,4,10/14: NO UPS GROUND CHARGE FOR SAMPLES HRS MON-FRI 9AM - 5PM | LORI   480-515-9999 | 1 PACKAGE RP//KA//CFG | 3 CHIPS OF : SHELL BEACH
617664,737264,2025-10-15,FLO254,sample chip,parsed_from_order_notes,,needs_review,number_before_sample_chip; number_before_generic_sample,,,,,,,,Y,MULTIPLE_QUANTITY_CANDIDATES_REVIEW_REQUIRED,sample,2025-10-14,2025-10-15,1.00,1.00,0.00,617664|737264,1,1.00,0.00,3,"10.14 SAMPLE CHIPS UPS GROUND NO DLV FEE - MN 916/635-9602 | 1 PACKACGE RP//KA//CG | ** SEND 4 SAMPLE CHIPS ** HICKORY 5"" SIERRA DISTRESSED"
617699,737322,2025-10-15,20,sample chip,parsed_from_order_notes,,needs_review,,CHIP,,1919,,,,,Y,NO_SAMPLE_QUANTITY_FOUND,sample,2025-10-14,2025-10-15,1.00,1.00,0.00,617699|737322,1,1.00,0.00,3,"10/14: NO UPS GROUND CHARGE FOR SAMPLES LINDA #   (703) 439-7619 | 1 BOX RP//KA//CG | 2 CHIPS OF EA : BRESCIA, MONZA , VERONA"
617703,737307,2025-10-15,S&G100,sample chip,parsed_from_order_notes,,needs_review,,,,,,,,,Y,NO_SAMPLE_QUANTITY_FOUND,cut,2025-10-14,2025-10-15,1.00,1.00,0.00,617703|737307,1,2.00,0.00,4,RESIDENTIAL DLV 1 BOX | RP//KA//CG | LEGENDS - LODI CUTS LEGENDS - CHANTAL CUTS | LEGENDS - PINOT CUTS LEGENDS- LUGANA CUTS
618110,737471,2025-10-16,20,sample chip,parsed_from_order_notes,,needs_review,,CHIP,,1915,,,,,Y,NO_SAMPLE_QUANTITY_FOUND,sample,2025-10-16,2025-10-16,1.00,1.00,0.00,618110|737471,1,1.00,0.00,3,10/16 : NO UPS GROUND CHARGE FOR SAMPLES COURTNEY : (262) 758-2033 | 1 PACKAGE RP//KA//CG | 3 CHIPS OF EA: LODI 10-1/4
618113,737472,2025-10-16,20,sample chip,parsed_from_order_notes,,needs_review,,CHIP,,1916,,,,,Y,NO_SAMPLE_QUANTITY_FOUND,sample,2025-10-16,2025-10-16,1.00,1.00,0.00,618113|737472,1,1.00,0.00,3,10/16: NO UPS GROUND CHARGE FOR SAMPLES SOYEON: (908) 295-0776 | 1 PACKAGE RP//KA//CG | 2 CHIPS OF: 5-1/4 PRE.ENG. W/O (SHEOGA)
618442,737630,2025-10-17,DIS114,sample chip,parsed_from_order_notes,,needs_review,,,,1910,,,,,Y,NO_SAMPLE_QUANTITY_FOUND,cut,2025-10-16,2025-10-17,1.00,1.00,0.00,618442|737630,1,2.00,0.00,3,OK PER JM // BTB 1 PACKAGE | RP//KA//CG | CB- BIRCH CHESTNUT CUTS CB- BIRCH HARVEST CUTS
618908,737809,2025-10-20,20,sample chip,parsed_from_order_notes,,needs_review,,CHIP,,1905,,,,,Y,NO_SAMPLE_QUANTITY_FOUND,sample,2025-10-20,2025-10-20,1.00,1.00,0.00,618908|737809,1,1.00,0.00,3,10/20: NO UPS GROUND CHARGE OR SAMPLES LAUREB 516- 987-0590 | 1 PACKAGE RP//KA//CG | 2 CHIPS OF EA : SELLA SEL. 7-1/2
618913,737810,2025-10-20,20,sample chip,parsed_from_order_notes,,needs_review,,CHIP,,1906,,,,,Y,NO_SAMPLE_QUANTITY_FOUND,sample,2025-10-20,2025-10-20,1.00,1.00,0.00,618913|737810,1,1.00,0.00,3,10/20: NO UPS GROUND CHARGE FOR SAMPLE ANDREW : (970) 401-2912 | 1 PACKAGE RP//KA//CG | 2 CHIPS OF: LAGUNA BEACH
618918,737811,2025-10-20,20,sample chip,parsed_from_order_notes,,needs_review,,CHIP,,1907,,,,,Y,NO_SAMPLE_QUANTITY_FOUND,sample,2025-10-20,2025-10-20,1.00,1.00,0.00,618918|737811,1,1.00,0.00,3,"10/20: NO UPS GROUND CHARGE FOR SAMPLES SYDNEE (406) 391- 2430 | 1 PACKAGE RP//KA//CG | 2 CHIPS OF EA: M.SYRUP SMOOTH, BIRCH SPICE"
619005,737789,2025-10-20,NAT105,sample chip,parsed_from_order_notes,,needs_review,,,,1908,,,Y,,Y,NO_SAMPLE_QUANTITY_FOUND,sample,2025-10-20,2025-10-20,1.00,1.00,0.00,619005|737789,1,1.00,0.00,3,10/20 NO CHARGE FOR SAMPLES VIA GROUND SHIPPING -MG 1 PACKAGE | RP//KA//CG | ***SEND 2SAMPLES*** LEGENDS: VERONA
619108,737790,2025-10-20,NAT105,sample chip,parsed_from_order_notes,,needs_review,,,,1909,,,Y,,Y,NO_SAMPLE_QUANTITY_FOUND,sample,2025-10-20,2025-10-20,1.00,1.00,0.00,619108|737790,1,1.00,0.00,4,10/20 NO CHARGE FOR SAMPLES VIA GROUND SHIPPING -MG ATTN: DANNY T | ***REVISED//REPRINTED*** 1 PACKAGE | RP//KA//CG | ***SEND 2SAMPLES*** VILLA GIALLA: VERONA
619331,737957,2025-10-21,NAT105,sample chip,parsed_from_order_notes,8,parsed_from_order_notes,number_before_sample_chip_times_4_listed_items; number_before_generic_sample_times_4_listed_items,CHIP,,387,,,Y,,Y,EACH_PATTERN_MULTIPLIED_BY_LISTED_ITEMS,sample,2025-10-21,2025-10-21,1.00,1.00,0.00,619331|737957,1,1.00,0.00,4,"10/21 TIM 801.510.3432 NO CHARGE FOR UPS GROUND DLV | 1 BOX RP//KA//CGH | PLEASE SEND 2 SAMPLE CHIPS OF EACH: ACACIA BLACK WALNUT, LEGENDS CAFFE & LA BELLE, | WAL. ANTIQUE DIS., BIRCH TRUFFLE"
619594,738123,2025-10-22,FLO238,sample chip,parsed_from_order_notes,,needs_review,,CHIP,,1902,,,Y,,Y,NO_SAMPLE_QUANTITY_FOUND,sample,2025-10-21,2025-10-22,1.00,1.00,0.00,619594|738123,1,1.00,0.00,3,10/21 NO CHARGE FOR SAMPLE CHIPS VIA GROUND SHIPPIGNG -MG ATTN: PENNY | 1 PACKAGE RP//KA//CG | ***SEND 2SAMPLES*** NEWPORT: SHELL BEACH
619677,738139,2025-10-22,20,sample chip,parsed_from_order_notes,,needs_review,,,,1903,,,Y,,Y,NO_SAMPLE_QUANTITY_FOUND,sample,2025-10-22,2025-10-22,1.00,1.00,0.00,619677|738139,1,1.00,0.00,4,10/22 NO CHARGE FOR SAMPLES VIA GROUND SHIPPING -MG 1 BOXES | RP//KA//CG | ***SEND 2SAMPLES*** ALLORA HB: ALTURA | SELLA PRIVATE SELECTION: CASHMERE
619848,738119,2025-10-22,CON131,sample chip,parsed_from_order_notes,,needs_review,,,,1904,,,Y,,Y,NO_SAMPLE_QUANTITY_FOUND,pieces; sample,2025-10-22,2025-10-22,1.00,1.00,0.00,619848|738119,1,1.00,0.00,3,10/22 NO CHARGE FOR SAMPLES VIA GROUND SHIPPING -MG 1 PACKAGE | RP//KA//CG | ***SEND SAMPLES*** COMPETITION BUSTER: ALL PIECES
617395,738270,2025-10-23,OMP000,sample chip,parsed_from_order_notes,3,parsed_from_order_notes,number_before_generic_sample,,,,,multiple_shipping_amounts_needs_review,,438.42; 420.68,Y,MULTIPLE_SHIPPING_DOLLAR_CANDIDATES,pieces; sample; cut,2025-10-13,2025-10-23,1.00,1.00,0.00,617395|738270,1,3.00,0.00,6,"VIETNAM MERIDA WOOD CO., LTD SOUTHERN INDUSTRIAL PARK, VAN PHU WARD, | LAO CAI PROVINCE, VIETNAM. 320000 CONT: MS. ANH | TEL: 0369448816 EMAIL: VIETNAMMERIDAWOODS@GMAIL.COM | FED-EX $438.42 (8-LBS) 17 X 11 X 3 KA//AA ( 1 BX ) | SHIPPING CHARGES: $420.68 | 3 SAMPLES @ 5/8""X10-1/4""X16""L SAMPLES DEPARTMENT HAS TO CUT PIECES TO GIVE TO TONY"
619547,738227,2025-10-23,APR100,sample chip,parsed_from_order_notes,,needs_review,,,,1898,,,Y,,Y,NO_SAMPLE_QUANTITY_FOUND,sample,2025-10-21,2025-10-23,1.00,1.00,0.00,619547|738227,1,1.00,0.00,4,10/21 NO CHARGE FOR SAMPLES -MG DLV TO DAVE'S HOUSE | CONTACT: DAVE 626/831.2421 ***REVISED//REPRINTED*** | RP//CG ( 1 PKG ) | ***SEND 3PCS*** LEGENDS: MONZA
619561,738237,2025-10-23,COR142,sample chip,parsed_from_order_notes,,needs_review,,,,1899,,,Y,,Y,NO_SAMPLE_QUANTITY_FOUND,sample,2025-10-21,2025-10-23,1.00,1.00,0.00,619561|738237,1,1.00,0.00,6,10/21 NO CHARGE FOR SAMPLES VIA GROUND SHIPPING -MG 1 BOX | RP//KA//CG | ***SEND 2PCS ECH** PRIVATE SELECTION: SAHARA | NEWPORT: MANHATTAN BEACH BEVERLY HILLS: BURTON WAY | RODEO DRIVE WALDEN | REXFORD ALLORA: DOMA 7.5 CHARACTER
620006,738279,2025-10-23,SEM100,sample chip,parsed_from_order_notes,,needs_review,,,,1900,,,Y,,Y,NO_SAMPLE_QUANTITY_FOUND,sample,2025-10-22,2025-10-23,1.00,1.00,0.00,620006|738279,1,1.00,0.00,3,10/22 NO CHARGE FOR SAMPLES VIA GROUND SHIPPING -MG 1 PACKAGE | RP//KA//CG | ***SEND 2SAMPLES*** PRIAVTE SELECTION: GOBI
620113,738290,2025-10-23,20,sample chip,parsed_from_order_notes,,needs_review,,,,1901,,,Y,,Y,NO_SAMPLE_QUANTITY_FOUND,sample,2025-10-23,2025-10-23,1.00,1.00,0.00,620113|738290,1,1.00,0.00,3,10/23 NO CHARGE FOR SAMPLES VIA GROUND SHIPPING -MG 1 PACKAGE | RP/KA//CG | ***SEND 2SAMPLES*** GII DISTRESSED: MAPLE ESPRESSO
620153,073230,2025-10-23,DES101,sample chip,parsed_from_order_notes,,needs_review,,,,,,,Y,,Y,NO_SAMPLE_QUANTITY_FOUND,cut,2025-10-23,2025-10-23,1.00,9.00,0.00,620153|073230,1,2.00,0.00,2,PLEASE SEND 2 CUTS OF THE G2 LATTE/NO CHARGE PER BRAD NM 1 PACKAGE | RP//KA//CG
620254,738512,2025-10-24,OMP000,sample panel,parsed_from_order_notes,,needs_review,,,,,,,,,Y,NO_SAMPLE_QUANTITY_FOUND,sample; plank,2025-10-23,2025-10-24,1.00,1.00,0.00,620254|738512,1,1.00,0.00,4,CUSTOMER APPROVED PLANK TO BE SENT BACK TO PACIFIC FOR ANOTHER ROUND OF SAMPLES FOR COR136 [QT]#1153 | DROP OFF HOURS: 7AM-3:30PM ****REVISED TO INCLUDE DROP-OFF HOURS**** | KA//CG - 1 BND | PLANK LOCATED WITH TONY A IN QC
620309,073250,2025-10-24,FAM107,sample chip,parsed_from_order_notes,,needs_review,,,,,,,,,Y,NO_SAMPLE_QUANTITY_FOUND,cut,2025-10-23,2025-10-24,1.00,9.00,0.00,620309|073250,1,2.00,0.00,3,"PLEASE SEND 2 CUTS OF THE USA CRYSTAL VALLEY MAPLE NATURAL 5"" | AMERICA ONLY. 1 PACKAGE | RP//KA//CG"
620438,738521,2025-10-24,20,sample chip,parsed_from_order_notes,,needs_review,,,,1897,,,Y,,Y,NO_SAMPLE_QUANTITY_FOUND,sample,2025-10-24,2025-10-24,1.00,1.00,0.00,620438|738521,1,1.00,0.00,4,10/24 NO CHARGE FOR SAMPLES VIA GROUND SHIPING -MG 1BOX | RP//KA//CG | ***SEND 2SAMPLES ECH*** DU BOIS: BRIGITTE | FRENCH CONNECTION: CAFFE BELLAGIO: PRIMO
618754,738642,2025-10-27,SIG108,sample chip,parsed_from_order_notes,2,parsed_from_order_notes,number_before_sample_chip; number_before_generic_sample,CHIP,,376,10644.25,single_dollar_amount_in_order_notes,Y,10644.25,Y,VERIFY_AMOUNT_IS_FREIGHT_OR_SAMPLE_COST; NO_CUSTOMER_CHARGE_LANGUAGE_PRESENT_WITH_DOLLAR_AMOUNT,sample,2025-10-17,2025-10-27,1.00,1.00,2.00,618754|738642,1,1.00,0.00,5,"10/17 5 DAY HOLD EXP 10/24 // DG B2B W/FORKLIFT//HRS: MON-FRI 8AM-4:30PM | CONTACT: BECKY 831/970.3450 10/23 PAID MC ****1948 $10,644.25 // DG #07196Q | NO CHARGE FOR UPS GROUND DLV KA // JSA | 1 PACKAGE | 2 SAMPLE CHIPS OF BH ROXBURY"
620622,738597,2025-10-27,CAR107,sample chip,parsed_from_order_notes,,needs_review,,,,1890,,,Y,,Y,NO_SAMPLE_QUANTITY_FOUND,sample,2025-10-24,2025-10-27,1.00,1.00,0.00,620622|738597,1,1.00,0.00,3,10/24 NO CHARGE FOR SAMPLES VIA GROUND SHIPPING -MG KA // JSA | 1 PACKAGE | ***SEND 3PCS*** VINYL NOVA: NEBULA
620643,738634,2025-10-27,PER130,sample chip,parsed_from_order_notes,,needs_review,,CHIP,,1891,,,,,Y,NO_SAMPLE_QUANTITY_FOUND,sample,2025-10-24,2025-10-27,1.00,1.00,0.00,620643|738634,1,1.00,0.00,3,10/24: NO UPS GROUND CHARGE FOR SAMPLES ALLEN:  925-753-5733 | KA // JSA 1 PACKAGE | 2 CHIPS OF ROXBURY
620696,738601,2025-10-27,COP100,sample chip,parsed_from_order_notes,,needs_review,,CHIP,,1892,,,Y,,Y,NO_SAMPLE_QUANTITY_FOUND,sample,2025-10-24,2025-10-27,1.00,1.00,0.00,620696|738601,1,1.00,0.00,3,10/24 NO CHARGE FOR SAMPLE CHIPS VIA GROUND SHIPPING -MG KA // JSA | 1 PACKAGE | ***SEND 3SAMPLES*** PRIVATE SELECTION: SAHARA
620860,738607,2025-10-27,EME103,sample chip,parsed_from_order_notes,,needs_review,,,,1893,,,Y,,Y,NO_SAMPLE_QUANTITY_FOUND,sample,2025-10-27,2025-10-27,1.00,1.00,0.00,620860|738607,1,1.00,0.00,3,10/27 NO CHARGE FOR SAMPLES VIA GROUND SHIPPING -MG KA // JSA | 1 PACKAGE | ***SEND 3PCS*** CAROLINA CLASSIC: HICKORY CHARLOTTE
620872,738645,2025-10-27,20,sample chip,parsed_from_order_notes,,needs_review,,,,1894,,,Y,,Y,NO_SAMPLE_QUANTITY_FOUND,sample,2025-10-27,2025-10-27,1.00,1.00,0.00,620872|738645,1,1.00,0.00,3,10/27 NO CHARGE FOR SAMPLES VIA GROUND SHIPPNG -MG KA // JSA | 1 PACKAGE | ***SEND 3SAMPLES*** LEGENDS: CAFFE
620990,738633,2025-10-27,OVA103,sample chip,parsed_from_order_notes,,needs_review,,,,1895,,,Y,,Y,NO_SAMPLE_QUANTITY_FOUND,sample,2025-10-27,2025-10-27,1.00,1.00,0.00,620990|738633,1,1.00,0.00,3,10/27 NO CHARGE FOR SAMPLES VIA GROUND SHIPPING -MG KA // JSA | 1 PACKAGE | ***SEND 2SAMPLES*** CAROLINA CLASSIC: MAPLE DURHAM
621014,738604,2025-10-27,DAN107,sample chip,parsed_from_order_notes,,needs_review,,,,1896,,,Y,,Y,NO_SAMPLE_QUANTITY_FOUND,sample,2025-10-27,2025-10-27,1.00,1.00,0.00,621014|738604,1,1.00,0.00,3,10/27 NO CHARGE FOR SAMPLE VIA GROUND SHIPPING -MG KA // JSA | 1 PACKAGE | ***SEND 2SAMPLES*** LEGENDS: CAFFE
621069,738772,2025-10-28,20,sample chip,parsed_from_order_notes,,needs_review,,,,,,,,,Y,NO_SAMPLE_QUANTITY_FOUND,cut,2025-10-27,2025-10-28,1.00,1.00,0.00,621069|738772,1,2.00,0.00,3,OK PER CG AFTER CUT OFF  // RESIDENTIAL 1 PACKAGE | RP//KA//CG | NOVA - NEBULA CUTS NOVA - LEXINGTON CUTS
621145,738749,2025-10-28,CAR107,sample chip,parsed_from_order_notes,,needs_review,,,,1887,,,Y,,Y,NO_SAMPLE_QUANTITY_FOUND,sample,2025-10-27,2025-10-28,1.00,1.00,0.00,621145|738749,1,1.00,0.00,3,"10/27 NO CHARGE FOR SAMPLES VIA GROUND SHIPPING -MG 1 PACKAGE | RP//KA//CG | ***SEND 2SAMPLES*** CRYSTAL VALLEY: MAPLE NATURAL 1/2"" X 5"""
621148,738773,2025-10-28,20,sample chip,parsed_from_order_notes,,needs_review,,,,1888,,,Y,,Y,NO_SAMPLE_QUANTITY_FOUND,sample,2025-10-27,2025-10-28,1.00,1.00,0.00,621148|738773,1,1.00,0.00,3,"10/27 NO CHARGE FOR SAMPLES VIA GROUND SHIPPING -MG 1 PACKAGE | RP//KA//CG | ***SEND 3PCS*** CRYSTAL VALLEY USA: RED OAK 3-1/4"" NATURAL 3MM"
621306,738774,2025-10-28,20,sample chip,parsed_from_order_notes,,needs_review,,,,1889,,,Y,,Y,NO_SAMPLE_QUANTITY_FOUND,sample,2025-10-28,2025-10-28,1.00,1.00,0.00,621306|738774,1,1.00,0.00,3,10/28 NO CHARGE FOR SAMPLES VIA GROUND SHIPPING -MG 1 PACKAGE | RP//KA//CG | ***SEND 2SAMPLES*** CAROLINA CLASSIC: HICKORY SALEM
621456,738938,2025-10-29,NAT119,sample chip,parsed_from_order_notes,,needs_review,,,,1885,,,Y,,Y,NO_SAMPLE_QUANTITY_FOUND,sample,2025-10-28,2025-10-29,1.00,1.00,0.00,621456|738938,1,1.00,0.00,3,"10/28 NO CHARGE FOR SAMPLES VIA GROUND SHIPPING -MG 1 PACKAGE | RP//KA//CG | ***SEND 2SAMPLES*** CRYSTAL VALLEY: MAPLE ENG. 3-1/4"" AMBER NAT"
621495,738920,2025-10-29,BER110,sample chip,parsed_from_order_notes,,needs_review,,,,,,,Y,,Y,NO_SAMPLE_QUANTITY_FOUND,sample,2025-10-28,2025-10-29,1.00,1.00,0.00,621495|738920,1,1.00,0.00,5,"10.28 UPS GROUND NO DLV CHARGE - MN TOM 831.373-7759 | *** MON - FRI *** 9AM - 5AM *** 1 PACKAGE | RP/KA//CG | ** 2 SAMPLES OF EACH ** LEGENDS | EURO OAK 7.5"" CAFFE EURO OAK 7.5"" BRIGITTE"
621603,738922,2025-10-29,CON115,sample chip,parsed_from_order_notes,3,parsed_from_order_notes,number_before_sample_chip; number_before_generic_sample,CHIP,,375,,,Y,,Y,EACH_PATTERN_ITEM_COUNT_NOT_CONFIDENT,sample,2025-10-29,2025-10-29,1.00,1.00,0.00,621603|738922,1,1.00,0.00,4,ANGELA 805.660.5078 NO CHARGE FOR UPS GROUND DLV PER DG | 2 BOX RP//KA//CG | 1Z9380460319835472 | PLEASE SEND 3 SAMPLE CHIPS OF EACH COLOR IN LEGENDS
621750,738943,2025-10-29,20,sample chip,parsed_from_order_notes,,needs_review,,,,1886,,,Y,,Y,NO_SAMPLE_QUANTITY_FOUND,sample,2025-10-29,2025-10-29,1.00,1.00,0.00,621750|738943,1,1.00,0.00,4,10/29 NO CHARGE FOR SAMPLES VIA GOURND SHIPPING -MG 1 PACKAGE | RP//KA//CGH | ***SEND 2PCS*** CAROLINA CLASSIC: MONROE | COMPETITION BUSTER: CHESTNUT
621453,739056,2025-10-30,HOL100,sample chip,parsed_from_order_notes,,needs_review,,,,1883,,,Y,,Y,NO_SAMPLE_QUANTITY_FOUND,sample,2025-10-28,2025-10-30,1.00,1.00,0.00,621453|739056,1,1.00,0.00,6,10/28 NO CHARGE FOR SAMPLES VIA GROUND SHIPPING -MG 1 BOX | RP//KA//CG | ***SEND 2SAMPLES*** CAROLINA CLASSIC: MAPLE DURHAM | GII DISTRESSED: CHESTNUT WHEAT | GII SMOOTH: WHEAT CHESNUT | MAPLE NATURAL
621786,739082,2025-10-30,TOP111,sample chip,parsed_from_order_notes,,needs_review,,,,1884,,,Y,,Y,NO_SAMPLE_QUANTITY_FOUND,sample,2025-10-29,2025-10-30,1.00,1.00,0.00,621786|739082,1,1.00,0.00,4,"10/29 NO CHARGE FOR SAMPLES VIA GROUND SHIPPING -MG 1 BOX | RP//KA//CG | ***SEND 4SAMPLES*** GII DISTRESSED: WALNUT 5"" ANTIQUE DISTRESSED | MAPLE 5"" ESPRESSO DISTRESSED"
622163,739265,2025-10-31,PER130,sample chip,parsed_from_order_notes,,needs_review,number_before_sample_chip; number_before_generic_sample,CHIP,,1882,,,Y,,Y,MULTIPLE_QUANTITY_CANDIDATES_REVIEW_REQUIRED,sample,2025-10-30,2025-10-31,1.00,1.00,0.00,622163|739265,1,1.00,0.00,3,10.30 SAMPLE CHIPS UPS GROUND DLV NO CHARGE - MN ALLEN 925-753-5733 | 1 PACKAGE RP//KA//CG | 2 SAMPLE CHIPS ** ROXBURY **
622831,739519,2025-11-03,S&S103,sample chip,parsed_from_order_notes,,needs_review,,,,1881,,,Y,,Y,NO_SAMPLE_QUANTITY_FOUND,sample,2025-11-03,2025-11-03,1.00,1.00,0.00,622831|739519,1,1.00,0.00,4,11/3 NO CHARGE FOR SAMPLES VIA GROUND SHIPPING -MG 1 PACKAGE | RP/KA//CG | ***SEND 2SAMPLES*** GII DISTRESSED: WHEAT | CAROLINA CLASSIC: DURHAM
623007,739652,2025-11-04,20,sample chip,parsed_from_order_notes,,needs_review,,,,,,,,,Y,NO_SAMPLE_QUANTITY_FOUND,cut,2025-11-03,2025-11-04,1.00,1.00,0.00,623007|739652,1,2.00,0.00,3,OK PER JM - RESIDENTIAL DLV SIRI 831.334.4758 1 PACKAGE | RP//KA//CG | CB- BIRCH HARVEST CUTS CB-BIRCH CHESTNUT CUTS
623142,739655,2025-11-04,20,sample chip,parsed_from_order_notes,,needs_review,,,,1877,,,Y,,Y,NO_SAMPLE_QUANTITY_FOUND,sample,2025-11-04,2025-11-04,1.00,1.00,0.00,623142|739655,1,1.00,0.00,3,11/4 NO CHARGE FOR SAMPLES VIA GROUND SHIPPING -MG 1 PACKAGE | RP//KA//CG | ***SEND 2PCS*** GII DISTRESSED: WALNUT ANTIQUE
623146,739656,2025-11-04,20,sample chip,parsed_from_order_notes,,needs_review,,,,1878,,,Y,,Y,NO_SAMPLE_QUANTITY_FOUND,sample,2025-11-04,2025-11-04,1.00,1.00,0.00,623146|739656,1,1.00,0.00,3,11/4 NO CHARGE FOR SAMPLES VIA GROUND SHIPPING -MG 1 PACKAGE | RP//KA//CFG | ***SEND 2SAMPLES*** PRIVATE COLLECTION: GOBI
623158,739657,2025-11-04,20,sample chip,parsed_from_order_notes,,needs_review,,,,1879,,,Y,,Y,NO_SAMPLE_QUANTITY_FOUND,sample,2025-11-04,2025-11-04,1.00,1.00,0.00,623158|739657,1,1.00,0.00,3,11/4 NO CHARGE FOR SAMPLES VIA GROUND SHIPPING -MG 1 PACKAGE | RP//KA//CG | ***SEND 2SAMPLES*** BEVERLY HILLS: ROXBURY
623189,739646,2025-11-04,PRO134,sample chip,parsed_from_order_notes,,needs_review,,CHIP,,1880,,,,,Y,NO_SAMPLE_QUANTITY_FOUND,sample,2025-11-04,2025-11-04,1.00,1.00,0.00,623189|739646,1,1.00,0.00,3,11/4: NO UPS GROUND CHARGE FOR SAMPLES SHANE  775-358-2220 | 1 PACKAGE RP//KA//CG | 2 CHIPS OF AB MOONLIGHT
623202,739650,2025-11-04,SOL115,sample chip,parsed_from_order_notes,,needs_review,number_before_sample_chip_times_2_listed_items; number_before_generic_sample_times_2_listed_items,,,,,,,,Y,EACH_PATTERN_MULTIPLIED_BY_LISTED_ITEMS; MULTIPLE_QUANTITY_CANDIDATES_REVIEW_REQUIRED,sample,2025-11-04,2025-11-04,1.00,1.00,0.00,623202|739650,1,1.00,0.00,4,"11.04 SAMPLE CHIPS UPS GROUND DLV - MN GEORGE 707.429.3350 | 1 PACKAGE RP//KA//CG | 2 SAMPLE CHIPS OF EACH USA WHITE OAK 3-1/4"" NATURAL 3MM | RED OAK 3-1/4"" NATURAL 3MM"
623534,739788,2025-11-05,CWJ100,sample chip,parsed_from_order_notes,,needs_review,,CHIP,,1875,,,,,Y,NO_SAMPLE_QUANTITY_FOUND,sample,2025-11-05,2025-11-05,1.00,1.00,0.00,623534|739788,1,1.00,0.00,3,11/5: NO UPS GROUND CHARGE FOR SAMPLES CHARLIE 818-266-5454 | 1 PACKAGE RP//KA//CG | 2 CHIPS OF 9.5 VOLTO
623582,739795,2025-11-05,HOL100,sample chip,parsed_from_order_notes,,needs_review,,,,1876,,,Y,,Y,NO_SAMPLE_QUANTITY_FOUND,sample,2025-11-05,2025-11-05,1.00,1.00,0.00,623582|739795,1,1.00,0.00,3,"11/5 NO CHARGE FOR SAMPLES VIA GROUND SHIPPING -MG 1 PACKAGE | RP//KA//CG | ***SEND 2SAMPLES*** CRYSTAL VALLEY USA: MAPLE 5"" NATURAL"
621161,739976,2025-11-06,20,sample chip,parsed_from_order_notes,,needs_review,,,,,,,,,Y,NO_SAMPLE_QUANTITY_FOUND,sample,2025-10-27,2025-11-06,1.00,1.00,0.00,621161|739976,1,1.00,0.00,5,CONTACT: MATT ANDERSON 914/489-6727 1 BOX | RP//KA//CG | REFERENCE: WASHINGTON STATE JOB - WOOD FLOORING SAMPLE REQUEST: FUNGAL DECAY ANALYSIS AND MOLD IDENTIFICATION | (MICROSCOPIC AND SPECIES-LEVEL IF POSSIBLE) NOTE THAT THE SAMPLE WAS PREVIOUSLY INSPECTED AND WE'RE | SEEKING TO CONFIRM OR RULE OUT BIOLOGICAL DEGRADATION (NOTES INCLUDED INSIDE BOX)
622915,739954,2025-11-06,OMP000,sample chip,parsed_from_order_notes,4,parsed_from_order_notes,number_before_generic_sample,,,,,multiple_shipping_amounts_needs_review,,484.60; 26.60,Y,MULTIPLE_SHIPPING_DOLLAR_CANDIDATES,sample,2025-11-03,2025-11-06,1.00,1.00,0.00,622915|739954,1,4.00,0.00,5,"EVERGREEN WOOD INDUSTRY SDN BHD BLOCK D, LOT 211, FASA II | KAWASAN PERUSAHAAN KUALA KETIL KUALA KETIL, KEDAH, MALAYSIA ZIP: 09300 | CONT: JENNY TEL: 044163223 EMAIL: AMANDA72LUCKY@126.COM RM//AA ( 1 BX ) | FEDEX $484.60 (9-LBS) SHIPPING CHARGES: $484.60 // CUSTOM $26.60 | 4 SAMPLES @ 5/8"" X 9.5"" X 14"" LONG (LOT# 56018)"
623773,739930,2025-11-06,COU100,sample chip,parsed_from_order_notes,,needs_review,,,,1873,,,,,Y,NO_SAMPLE_QUANTITY_FOUND,cut,2025-11-05,2025-11-06,1.00,1.00,0.00,623773|739930,1,1.00,0.00,4,11/5 DLV TO DAVE'S HOUSE -MG CONTACT: DAVE 626/831.2421 | ***OK PER CESAR TO PRINT AFTER CUT OFF TIME*** KA//CG - 1 BND | ***SEND 3SAMPLES*** SHEOGA: 3/4 X 2 1/4 W/O NATURAL SOLID | 3/4 X 3 1/4 ENG W/O NATURAL 3/4 X 5 1/4 FRESH CUT W/O ENG
623832,739970,2025-11-06,STO108,sample chip,parsed_from_order_notes,,needs_review,,,,1874,,,Y,,Y,NO_SAMPLE_QUANTITY_FOUND,sample; cut,2025-11-06,2025-11-06,1.00,1.00,0.00,623832|739970,1,1.00,0.00,3,11/6 NO CHARGE FOR SAMPLES VIA GROUND SHIPPING -MG 1 PACKAGE | RP//KA//CG | ***SEND 3SAMPLES*** SHEOGA: 3/4 5 1/4 FRESH CUT
624421,740137,2025-11-07,EDE102,sample chip,parsed_from_order_notes,,needs_review,,CHIP,,370,264.39,single_dollar_amount_in_order_notes,,264.39,Y,NO_SAMPLE_QUANTITY_FOUND; VERIFY_AMOUNT_IS_FREIGHT_OR_SAMPLE_COST,sample,2025-11-07,2025-11-07,1.00,1.00,0.00,624421|740137,1,1.00,0.00,2,"11/07 PAID VISA ****9289 $264.39 // DG #208807 | SAMPLE CHIPS: WALDEN, BURTON WAY, RODEO DRIVE GNSS MAPLE ESPRESSO"
624427,073561,2025-11-10,50,sample chip,parsed_from_order_notes,,needs_review,,,,,,,,,Y,NO_SAMPLE_QUANTITY_FOUND,sample,2025-11-07,2025-11-10,1.00,9.00,0.00,624427|073561,1,3.00,0.00,2,"SAMPLE CHIPS WALNUT 5"" NATURAL SMOOTH 1 PACKAGE | RP//KA//CG"
624442,740657,2025-11-12,20,sample chip,parsed_from_order_notes,9,parsed_from_order_notes,number_before_sample_chip_times_3_listed_items; number_before_generic_sample_times_3_listed_items,,,,,,,,Y,EACH_PATTERN_MULTIPLIED_BY_LISTED_ITEMS,sample,2025-11-07,2025-11-12,1.00,1.00,0.00,624442|740657,1,1.00,0.00,4,11/07 SENDING SAMPLE CHIPS VIA UPS GORUND //WB CONTACT:ANU 623-707-7356 | KA//CG - 1 PKG | *****PLEASE SEND 3 SAMPLE CHIPS OF EACH ***** -HICKORY CHATEAU  G2 SMOOTH & DISTRESSED | -HICKORY SIERRA DISTRESSED -HICKORY CHARLOTTE (CB)
625140,740645,2025-11-12,PRI110,sample chip,parsed_from_order_notes,,needs_review,,,,1861,,,Y,,Y,NO_SAMPLE_QUANTITY_FOUND,sample,2025-11-11,2025-11-12,1.00,1.00,0.00,625140|740645,1,1.00,0.00,2,11/11 NO CHARGE FOR SAMPLES VIA GROUND SHIPPING -MG KA//CG ( 1 BX ) | ***SEND 3SAMPLES*** LEGENDS: MONZA
625144,740642,2025-11-12,NAT105,sample chip,parsed_from_order_notes,,needs_review,,,,1862,,,Y,,Y,NO_SAMPLE_QUANTITY_FOUND,sample,2025-11-11,2025-11-12,1.00,1.00,0.00,625144|740642,1,1.00,0.00,2,11/11 NO CHARGE FOR SAMPLES VIA GROUND SHIPPING -MG KA//CG ( 1 PKG ) | ***SEND 3PCS*** BEVERLY HILLS: RODEO DRIVE
625149,073620,2025-11-12,CAL113,sample chip,parsed_from_order_notes,,needs_review,,,,,,,Y,,Y,NO_SAMPLE_QUANTITY_FOUND,cut,2025-11-11,2025-11-12,1.00,9.00,0.00,625149|073620,1,2.00,0.00,2,PLEASE SEND 2 CUTS OF THE MAPLE WHEAT DISTRESSED AT NO CHARGE PER BRAD NM | KA//CG ( 1 PKG )
625156,740659,2025-11-12,20,sample chip,parsed_from_order_notes,,needs_review,,,,1863,,,Y,,Y,NO_SAMPLE_QUANTITY_FOUND,sample,2025-11-11,2025-11-12,1.00,1.00,0.00,625156|740659,1,1.00,0.00,2,11/11 NO CHARGE FOR SAMPLES VIA GROUND SHIPPING -MG KA//CG ( 1 PKG ) | ***SEND 2SAMPLES*** GII DISTRESSED: MAPLE ESPRESSO
625165,740660,2025-11-12,20,sample chip,parsed_from_order_notes,,needs_review,,,,1864,,,Y,,Y,NO_SAMPLE_QUANTITY_FOUND,sample,2025-11-11,2025-11-12,1.00,1.00,0.00,625165|740660,1,1.00,0.00,2,11/11 NO CHARGE FOR SAMPLES VIA GROUND SHIPPING -MG KA//CG - 1 PKG | ***SEND 2SAMPLES*** EXOTICS: ACACIA BLACK WALNUT
625170,740661,2025-11-12,20,sample chip,parsed_from_order_notes,,needs_review,,,,1865,,,Y,,Y,NO_SAMPLE_QUANTITY_FOUND,sample,2025-11-11,2025-11-12,1.00,1.00,0.00,625170|740661,1,1.00,0.00,2,11/11 NO CHARGE FOR SAMPLES VIA GROUND SHIPPING -MG KA//CG - 1 PKG | ***SEND 2SAMPLES*** LEGENDS: CHANTAL
625290,740656,2025-11-12,THE115,sample chip,parsed_from_order_notes,,needs_review,,CHIP,,1866,,,,,Y,NO_SAMPLE_QUANTITY_FOUND,sample,2025-11-11,2025-11-12,1.00,1.00,0.00,625290|740656,1,1.00,0.00,3,11/11:NO UPS GROUND CHARGE FOR SAMPLES MON -FRI 9 - 4 | JAMES  209-549-7600 KA//CG - 1 PKG | 2 CHIPS OF PEBBLE BEACH
625293,740653,2025-11-12,SIM109,sample chip,parsed_from_order_notes,,needs_review,,CHIP,,1867,,,,,Y,NO_SAMPLE_QUANTITY_FOUND,sample,2025-11-11,2025-11-12,1.00,1.00,0.00,625293|740653,1,1.00,0.00,3,11/11: NO UPS GROUND CHARGE FOR SAMPLES BTB W. FORKLIFT MON -FRI 9 - 3 | 916/452-4933 KA//CG - 1 PKG | 2 CHIPS H. NATURAL DIST.
625339,740646,2025-11-12,PRI110,sample chip,parsed_from_order_notes,,needs_review,,,,1868,,,Y,,Y,NO_SAMPLE_QUANTITY_FOUND,sample,2025-11-11,2025-11-12,1.00,1.00,0.00,625339|740646,1,1.00,0.00,3,11/11 NO CHARGE FOR SAMPLES VIA GROUND SHIPPING -MG 1 BOX | RP//KA/C/G | ***SEND 2PCS ECH*** LEGENDS: ALL COLORS
625346,740632,2025-11-12,BAY103,sample chip,parsed_from_order_notes,,needs_review,,,,1869,,,Y,,Y,NO_SAMPLE_QUANTITY_FOUND,sample,2025-11-11,2025-11-12,1.00,1.00,0.00,625346|740632,1,1.00,0.00,3,11/11 NO CHARGE FOR SAMPLES VIA GROUND SHIPPING -MG 1 PACKAGE | RP//KA//CG | ***SEND 2SAMPLES*** GII SMOOTH: WHEAT
625363,740662,2025-11-12,20,sample chip,parsed_from_order_notes,,needs_review,,,,1870,,,Y,,Y,NO_SAMPLE_QUANTITY_FOUND,sample,2025-11-11,2025-11-12,1.00,1.00,0.00,625363|740662,1,1.00,0.00,3,11/11 NO CHARGE FOR SAMPLES VIA GROUND SHIPPING -MG 1 PACKAGE | RP//KA//CG | ***SEND 2SAMPLES*** VINYLNOVA: LEXINGTON
625388,740663,2025-11-12,20,sample chip,parsed_from_order_notes,,needs_review,,,,1871,,,Y,,Y,NO_SAMPLE_QUANTITY_FOUND,sample,2025-11-11,2025-11-12,1.00,1.00,0.00,625388|740663,1,1.00,0.00,3,11/11 NO CHARGE FOR SAMPLES VIA GROUND SHIPPING -MG 1 PACKAGE | RP//KA//CG | ***SEND 2SAMPLES*** NEWPORT: PEBBLE BEACH
625639,740664,2025-11-12,20,sample chip,parsed_from_order_notes,,needs_review,,,,1872,,,Y,,Y,NO_SAMPLE_QUANTITY_FOUND,sample,2025-11-12,2025-11-12,1.00,1.00,0.00,625639|740664,1,1.00,0.00,5,11/12 NO CHARGE FOR SAMPLES VIA GROUND SHIPPING -MG 1 BOX | RP//KA//CG | ***SEND 2SAMPLES*** VINYLNOVA: TWILIGHT | ASTRO COSMO | GALAXY LUNAR
625783,073649,2025-11-13,STE100,sample chip,parsed_from_order_notes,,needs_review,,,,,,,Y,,Y,NO_SAMPLE_QUANTITY_FOUND,cut,2025-11-12,2025-11-13,1.00,9.00,0.00,625783|073649,1,2.00,0.00,2,PLEASE SEND 2 CUTS OF MAPLE ESPRESSO DISTRESSED  @ NO CHARGE PER BRAD. NM | 1 PACKAGE RP//KA//CG
625834,740804,2025-11-13,20,sample chip,parsed_from_order_notes,,needs_review,,,,1860,,,Y,,Y,NO_SAMPLE_QUANTITY_FOUND,sample,2025-11-13,2025-11-13,1.00,1.00,0.00,625834|740804,1,1.00,0.00,3,11/13 NO CHARGE FOR SAMPLES VIA GROUND SHIPPING -MG 1 PACKAGE | RP//KA//CG | ***SEND 2SAMPLES*** BERERLY HILLS: WALDEN
625864,740769,2025-11-13,JPI100,sample chip,parsed_from_order_notes,2,parsed_from_order_notes,number_before_sample_chip; number_before_generic_sample,CHIP,,365,,,Y,,Y,EACH_PATTERN_ITEM_COUNT_NOT_CONFIDENT,sample,2025-11-13,2025-11-13,1.00,4.00,0.00,625864|740769,1,1.00,0.00,5,"PLEASE SEND GROUND UPS @ NO CHARGE PER BRAD, THANK YOU. MON-FRI 8AM-3PM | MICHELLE PICINI  702-699-5300 MPICINI@JRFLOORS.NET | 1 PACKAGE RP//KA//CG | WHITE LOTUS - 2EA WHITECAP - 2EA | PLEASE SEND 2 SAMPLE CHIPS OF EACH."
625555,740988,2025-11-14,OMP000,sample panel; sample chip,parsed_from_order_notes,5,parsed_from_order_notes,number_before_panel,,,,,multiple_shipping_amounts_needs_review,,339.68; 99.13,Y,MULTIPLE_SAMPLE_TYPES; MULTIPLE_SHIPPING_DOLLAR_CANDIDATES,pieces; sample; plank,2025-11-12,2025-11-14,1.00,1.00,0.00,625555|740988,1,5.00,0.00,9,"FLO.IT SRL VIA CAL LONGA 26 | 31028 VAZZOLA (TV) | ITALY ATT:ATT. STIVEN BIANCHI ( PRODUCTION MANAGER) | +39 0438 442195 SAMPLES ARE WITH ILSY IN PURCHASING | RP//AA ( 1 BX ) 11.14.25 PICK UP CONFIRMATION # VNYA3223 | FEDEX $339.68 (9-LBS) SHIPPING CHARGES: $339.68 // $99.13 DUTES,TAXES,CUSTOM | 5 PLANK PIECES AT DIFFERENCT SIZES 1) 5/8*7.5*15""L | 2) 5/8*7.5*11-5/8""L 3) 5/8*7.5*16""L | 4) 5/8*7.5*15""L 5) 5/8*7.5*13-1/4""L"
626020,740983,2025-11-14,FAN104,sample panel; sample chip,parsed_from_order_notes,4,parsed_from_order_notes,number_before_sample_chip; number_before_generic_sample,CHIP,,364,,,Y,,Y,MULTIPLE_SAMPLE_TYPES,sample; plank,2025-11-13,2025-11-14,1.00,6.00,0.00,626020|740983,1,1.00,0.00,8,SHIP  UPS  GROUND   AT  NO CHRAGE  PER DC JESSICA BUSH  360-326-8794 | 1 BOX RP//KA//CG | 4  SAMPLE  CHIPS   EA. VINYLNOVA COLLECTION: | - TWILIGHT PLANK - TWILIGHT HERRINGBONE | GII DISTRESSED COLLECTION: - MAPLE WHEAT | EXOTICS COLLECTION: - ACACIA BLACK WALNUT | - ACACIA NATURAL CAROLINA CLASSIC COLLECTION: | - MAPLE DURHAM
626171,740992,2025-11-14,20,sample chip,parsed_from_order_notes,,needs_review,,,,1655,,,Y,,Y,NO_SAMPLE_QUANTITY_FOUND,sample,2025-11-13,2025-11-14,1.00,1.00,0.00,626171|740992,1,1.00,0.00,3,11/13 NO CHARGE FOR SAMPLES VIA GROUND SHIPPING -MG 1 PACKAGE | RP//KA//CG | ***SEND 2SAMPLES*** GII DISTRESSED: MAPLE CHESTNUT
626459,073711,2025-11-17,STA103,sample chip,parsed_from_order_notes,,needs_review,,,,,,,Y,,Y,NO_SAMPLE_QUANTITY_FOUND,cut,2025-11-14,2025-11-17,1.00,9.00,0.00,626459|073711,1,2.00,0.00,2,PLEASE SEND 2 CUTS EACH OF THE G2 LATTE & ESPRESSO NM NO CHARGE PER BRAD NM | 1 PACKAGE RP//KA//CG
626709,741150,2025-11-17,AAA106,sample chip,parsed_from_order_notes,,needs_review,,,,1858,,,Y,,Y,NO_SAMPLE_QUANTITY_FOUND,sample,2025-11-17,2025-11-17,1.00,1.00,0.00,626709|741150,1,1.00,0.00,3,11/17 NO CHARGE FOR SAMPLES VIA GROUND SHIPPING -MG 1 PACKAGE | RP//KA//CG | ***SEND 2SAMPLES*** CAROLINA CLASSIC: MAPLE DURHAM
626711,741168,2025-11-17,20,sample chip,parsed_from_order_notes,,needs_review,,,,1859,,,Y,,Y,NO_SAMPLE_QUANTITY_FOUND,sample,2025-11-17,2025-11-17,1.00,1.00,0.00,626711|741168,1,1.00,0.00,4,11/17 NO CHARGE FOR SAMPLES VIA GROUND SHIPPING -MG 1 BOX | RP//KA//CG | ***SEND 2SAMPLES*** NEWPORT: ZUMA BEACH | CAROLINA CLASSIC: HICKORY CHARLOTTE
626742,741159,2025-11-17,FLO366,sample chip,parsed_from_order_notes,,needs_review,,,,,,,,,Y,NO_SAMPLE_QUANTITY_FOUND,sample,2025-11-17,2025-11-17,1.00,1.00,0.00,626742|741159,1,4.00,0.00,3,OK PER JM // BTB 1 PACKAGE | RP//KA//CG | ** SEND SAMPLES W. VARIATION **
626968,741319,2025-11-18,20,sample chip,parsed_from_order_notes,,needs_review,,,,1854,,,Y,,Y,NO_SAMPLE_QUANTITY_FOUND,sample,2025-11-17,2025-11-18,1.00,1.00,0.00,626968|741319,1,1.00,0.00,4,11/17 NO CHARGE FOR SAMPLES VIA GROUND SHIPPING -MG 1 PACKAGE | RP//KA//CG | ***SEND 2SAMPLES*** NEWPORT: LAGUNA BEACH | DEL MAR
626994,741320,2025-11-18,20,sample chip,parsed_from_order_notes,,needs_review,,,,1855,,,Y,,Y,NO_SAMPLE_QUANTITY_FOUND,sample,2025-11-17,2025-11-18,1.00,1.00,0.00,626994|741320,1,1.00,0.00,3,11/17 NO CHARGE FOR SAMPLES VIA GROUND SHIPPING -MG 1 PACKAGE | RP//KA//CG | ***SEND 2SAMPLES*** EXOTICS: TIGERWOOD
627014,741321,2025-11-18,20,sample chip,parsed_from_order_notes,,needs_review,,,,1856,,,Y,,Y,NO_SAMPLE_QUANTITY_FOUND,sample,2025-11-18,2025-11-18,1.00,1.00,0.00,627014|741321,1,1.00,0.00,5,11/18 NO CHARGE FOR SAMPLES VIA GROUND SHIPPING -MG 2 BOXES | RP//KA//CG 1Z9380460315390405 | ***SEND 2SAMPLES*** LEGENDS: PARIA | GLENWOOD BRESCIA | BEVERLY HILLS: ALL COLORS
627018,741322,2025-11-18,20,sample chip,parsed_from_order_notes,,needs_review,,,,1857,,,Y,,Y,NO_SAMPLE_QUANTITY_FOUND,sample,2025-11-18,2025-11-18,1.00,1.00,0.00,627018|741322,1,1.00,0.00,3,11/18 NO CHARGE FOR SAMPLES VIA GROUND SHIPPING -MG 1 PACKAGE | RP//KA//CG | ***SEND 2SAMPLES*** COMPETITION BUSTER: BIRCH TRUFFLE
627244,741473,2025-11-19,ROS110,sample panel; sample chip,parsed_from_order_notes,6,parsed_from_order_notes,number_before_sample_chip; number_before_generic_sample,CHIP,,361,,,Y,,Y,MULTIPLE_SAMPLE_TYPES,sample; panel,2025-11-18,2025-11-19,1.00,1.00,0.00,627244|741473,1,1.00,0.00,4,11/18 NO CHARGE FOR UPS GROUND DLV RICK 916.248.2765 | SENDING 6 SAMPLE CHIPS SINCE NO PANELS ARE AVAILABLE 1 PACKAGE | RP/KA//CG | PLEASE SEND 6 SAMPLE CHIPS OF G2 DIS. MAPLE LATTE
627486,741461,2025-11-19,NAT105,sample chip,parsed_from_order_notes,,needs_review,,,,1852,,,Y,,Y,NO_SAMPLE_QUANTITY_FOUND,sample,2025-11-19,2025-11-19,1.00,1.00,0.00,627486|741461,1,1.00,0.00,4,11/19 NO CHARGE FOR SAMPLES VIA GROUND SHIPPING -MG 1 BOX | RP//KA//CG | ***SEND 2SAMPLES*** BEVERLY HILLS: RODEO DRIVE | WALDEN
627508,741467,2025-11-19,QUA115,sample chip,parsed_from_order_notes,,needs_review,,,,1853,,,Y,,Y,NO_SAMPLE_QUANTITY_FOUND,sample,2025-11-19,2025-11-19,1.00,1.00,0.00,627508|741467,1,1.00,0.00,3,11/19 NO CHARGE FOR SAMPLES VIA GORUND SHIPPING -MG 1 PACKAGE | RP//KA//CG | ***SEND 2SAMPLES*** ILLUMINATE: SPARK
627633,073797,2025-11-20,COR122,sample chip,parsed_from_order_notes,,needs_review,,,,,,,,,Y,NO_SAMPLE_QUANTITY_FOUND,sample,2025-11-19,2025-11-20,1.00,9.00,0.00,627633|073797,1,4.00,0.00,3,"SEND OUT  FOR 11/20 1 PACAKGE | RP//KA//CG | **3-1/4"" PR.WHEAT  CRYSTAL VALLEY USA SAMPLE CHIPS**"
627641,073799,2025-11-20,PRO236,sample chip,parsed_from_order_notes,,needs_review,,,,,,,Y,,Y,NO_SAMPLE_QUANTITY_FOUND,cut,2025-11-19,2025-11-20,1.00,9.00,0.00,627641|073799,1,2.00,0.00,2,PLEASE SEND 2 CUTS EACH OF SELECT & CHARACTER LUNA ALLORA NO CHARGE PER BRAD NM | 1 BOX RP//KA//CG
627818,741622,2025-11-20,20,sample chip,parsed_from_order_notes,,needs_review,,,,360,,,Y,,Y,NO_SAMPLE_QUANTITY_FOUND,sample,2025-11-20,2025-11-20,1.00,1.00,0.00,627818|741622,1,1.00,0.00,3,11/20 NO CHARGE FOR SAMPLES VIA GROUND SHIPPING -MG 1 PACKAGE | RP//KA//CG | ***SEND 3PCS*** LEGENDS: BIANCA
627845,741572,2025-11-20,CAR325,sample chip,parsed_from_order_notes,,needs_review,,,,1851,,,Y,,Y,NO_SAMPLE_QUANTITY_FOUND,sample,2025-11-20,2025-11-20,1.00,1.00,0.00,627845|741572,1,1.00,0.00,3,11/20 NO CHARGE FOR SAMPLES VIA GROUND SHIPPING -MG 1 PACKAGE | RP//KA//CG | ***SEND 4PCS*** CAROLINA CLASSIC: HICKORY BEAUFORT
628031,073843,2025-11-21,PRO136,sample chip,parsed_from_order_notes,,needs_review,,,,,,,Y,,Y,NO_SAMPLE_QUANTITY_FOUND,cut,2025-11-20,2025-11-21,1.00,9.00,0.00,628031|073843,1,2.00,0.00,2,PLEASE SEND 2 CUTS OF THE PARALLEL MIDNIGHT @ NO CHARGE PER BRAD. NM | 1 PACKAGE RP//KA//CG
628141,073845,2025-11-21,STE100,sample chip,parsed_from_order_notes,,needs_review,,,,,,,Y,,Y,NO_SAMPLE_QUANTITY_FOUND,cut,2025-11-21,2025-11-21,1.00,9.00,0.00,628141|073845,1,2.00,0.00,2,PLEASE SEND 2 CUTS OF THE EXOTICS ACACIA GOLD @ NO CHARGE PER BRAD NM | 1 PACKAGE RP//KA//CG
628192,741873,2025-11-21,BAY122,sample chip,parsed_from_order_notes,42,parsed_from_order_notes,number_before_sample_chip_times_2_listed_items; number_before_generic_sample_times_2_listed_items,,,,,,Y,,Y,EACH_PATTERN_MULTIPLIED_BY_LISTED_ITEMS,sample,2025-11-21,2025-11-21,1.00,1.00,0.00,628192|741873,1,1.00,0.00,5,11.21 SAMPLE CHIPS - MN CHRIS 925.406.3000 | BTB SAMPLES UPS NO CHARGE 1 BOX | RP//KA//CG | ** SEND 4 CHIPS OF EACH ** 1/2 X 5 ACACIA DIST. BRONZE | 1/2 X 5 ACACIA DIST. GOLD 1/2 X 5 ACACIA NATURAL
628305,742023,2025-11-24,INT113,sample chip,parsed_from_order_notes,,needs_review,,,,,,,Y,,Y,NO_SAMPLE_QUANTITY_FOUND,sample,2025-11-21,2025-11-24,1.00,1.00,0.00,628305|742023,1,1.00,0.00,4,11.21 SENDING SAMPLE CHIPS UPS NO CHARGE - MN LAURA 408.378.2075 | KA // JSA 1 PACKAGE | 2 OF EACH AURORA | GLAZE FLASH
628646,742012,2025-11-24,CAR326,sample chip,parsed_from_order_notes,,needs_review,,CHIP,,1848,,,Y,,Y,NO_SAMPLE_QUANTITY_FOUND,sample,2025-11-24,2025-11-24,1.00,1.00,0.00,628646|742012,1,1.00,0.00,4,11/24 NO CHARGE FOR SAMPLE CHIPS VIA GROUND SHIPPING -MG KA // JSA | 1 PACKAGE | ***SEND 3SAMPLES*** LEGENDDS: CAFFE | LA BELLE
628652,742025,2025-11-24,KEY108,sample chip,parsed_from_order_notes,,needs_review,,,,1849,,,Y,,Y,NO_SAMPLE_QUANTITY_FOUND,sample,2025-11-24,2025-11-24,1.00,1.00,0.00,628652|742025,1,1.00,0.00,3,11/24 NO CHARGE FOR SAMPLES VIA GROUND SHIPPING -MG KA // JSA | 1 PACKAGE | ***SEND 3PCS*** CRYSAL VALLEY USA: W/O PRAIRE WHEAT USA 3 1/4
628702,742017,2025-11-24,DES112,sample chip,parsed_from_order_notes,,needs_review,,,,1850,,,Y,,Y,NO_SAMPLE_QUANTITY_FOUND,sample,2025-11-24,2025-11-24,1.00,1.00,0.00,628702|742017,1,1.00,0.00,3,11/24 NO CHARGE FOR SAMPLES VIA GROUND SHIPPING -MG KA // JSA | 1 PACKAGE | ***SEND 4PCS*** ALLORA: DOMA 9.5 SELECT
628611,073894,2025-11-25,AVE101,sample chip,parsed_from_order_notes,,needs_review,,,,,,,Y,,Y,NO_SAMPLE_QUANTITY_FOUND,cut,2025-11-24,2025-11-25,1.00,9.00,0.00,628611|073894,1,2.00,0.00,2,PLEASE SEND 2 CUTS OF PEBBLE BEACH NEWPORT @ NO CHARGE PER BRAD NM | 1 PACKAGE RP//KA//CG
628764,742151,2025-11-25,20,sample chip,parsed_from_order_notes,,needs_review,,,,1842,,,Y,,Y,NO_SAMPLE_QUANTITY_FOUND,sample,2025-11-24,2025-11-25,1.00,1.00,0.00,628764|742151,1,1.00,0.00,3,11/27 NO CHARGE FOR SAMPLES VIA GROUND SHIPPING -MG 1 PACKAGE | RP//KA//CG | ***SEND 2SAMPLES*** GII DISTRESSED: MAPLE CHESTNUT
628766,742131,2025-11-25,ABB116,sample chip,parsed_from_order_notes,,needs_review,,,,1843,,,Y,,Y,NO_SAMPLE_QUANTITY_FOUND,sample,2025-11-24,2025-11-25,1.00,1.00,0.00,628766|742131,1,1.00,0.00,4,11/24 NO CHARGE FOR SAMPLES VIA GROUND SHIPPING -MG 1 PACKAGE | RP//KA//CG | ***SEND 2SAMPLES*** EXOTICS: ACACIA BRONZE | ACACIA BLACK WALNUT
628798,742139,2025-11-25,GRE137,sample chip,parsed_from_order_notes,,needs_review,,,,,,,Y,,Y,NO_SAMPLE_QUANTITY_FOUND,pieces,2025-11-24,2025-11-25,1.00,1.00,0.00,628798|742139,1,2.00,0.00,3,UPS AND CHIPS @ NO CHARGE DELIVERY CONTACT: KAYLA JAMES 609-379-1889 | 1 PACKAGE RP//KA//CG | 2 PIECES EACH: BIRCH CHESTNUT AND BIRCH SPICE
628805,742140,2025-11-25,GRE137,sample chip,parsed_from_order_notes,,needs_review,,,,,,,Y,,Y,NO_SAMPLE_QUANTITY_FOUND,sample,2025-11-24,2025-11-25,1.00,1.00,0.00,628805|742140,1,1.00,0.00,3,UPS AND CHIPS AT NO CHARGE DELIVERY CONTACT:ERIC BIPPUS 765-639-5233 | 1 PACKAGE RP//KA//CG | 2 EA LEGENDS WALNUT NATURAL SAMPLE CHIPS
628821,073897,2025-11-25,COR122,sample chip,parsed_from_order_notes,,needs_review,,,,,,,Y,,Y,NO_SAMPLE_QUANTITY_FOUND,cut,2025-11-24,2025-11-25,1.00,9.00,0.00,628821|073897,1,2.00,0.00,2,"PLEASE SEND 2 CUTS EACH OF THE USA PRAIRIE WHEAT 3 1/4"" & 5"" AMERICA ONLY. NO CHARGE PER BRAD NM | 1 PACKAGE RP//KA//CG"
628831,742144,2025-11-25,NAT105,sample chip,parsed_from_order_notes,,needs_review,,,,1844,,,Y,,Y,NO_SAMPLE_QUANTITY_FOUND,sample,2025-11-24,2025-11-25,1.00,1.00,0.00,628831|742144,1,1.00,0.00,4,"11/24 NO CHARGE FOR SAMPLES VIA GROUND SHIPPING -MG 1 BOX | RP//KA//CG | ***SEND 2SAMPLES*** CONTR CHOICE: W/O 7"" | LEGENDS: GLENWOOD PARIA"
628932,742152,2025-11-25,20,sample chip,parsed_from_order_notes,,needs_review,,,,1845,,,Y,,Y,NO_SAMPLE_QUANTITY_FOUND,sample,2025-11-25,2025-11-25,1.00,1.00,0.00,628932|742152,1,1.00,0.00,3,11/25 NO CHARGE FOR SAMPLES VIA GROUND SHIPPING -MG 1 PACKAGE | RP//KA//CG | ***SEND 2PCS*** PARALLEL: WARM OAK
628945,742153,2025-11-25,20,sample chip,parsed_from_order_notes,,needs_review,,,,1846,,,Y,,Y,NO_SAMPLE_QUANTITY_FOUND,sample,2025-11-25,2025-11-25,1.00,1.00,0.00,628945|742153,1,1.00,0.00,3,11/25 NO CHARGE FOR SAMPLES VIA GROUND SHIPPING -MG 1 PACKAGE | RP//KA//CG | ***SEND 2PCS*** GII SMOOTH/DISTRESSED: WALNUT NATURAL
629016,742154,2025-11-25,20,sample chip,parsed_from_order_notes,,needs_review,,,,1847,,,Y,,Y,NO_SAMPLE_QUANTITY_FOUND,sample,2025-11-25,2025-11-25,1.00,1.00,0.00,629016|742154,1,1.00,0.00,3,11/25 NO CHARGE FOR SAMPLES VIA GROUND SHIPPING -MG 1 PACKAGE | RP//KA//CG | ***SEND 3PCS*** BEVERLY HILLS: HILLCREST
629039,073895,2025-11-25,AVE101,sample chip,parsed_from_order_notes,,needs_review,,,,,,,Y,,Y,NO_SAMPLE_QUANTITY_FOUND,cut,2025-11-25,2025-11-25,1.00,9.00,0.00,629039|073895,1,2.00,0.00,2,PLEASE SEND 2 CUTS OF THE WHITE OAK AUTUMN @ NO CHARGE PER BRAD.  NM | 1 PACKAGE RP//KA//CG
629202,073932,2025-11-26,PRO136,sample chip,parsed_from_order_notes,,needs_review,,,,,,,,,Y,NO_SAMPLE_QUANTITY_FOUND,sample,2025-11-25,2025-11-26,1.00,9.00,0.00,629202|073932,4,12.00,0.00,6,"SEND OUT FOR 11/28 1 BOX | RP//KA//CG | **W/O ENG 3-1/4 CV-SAMPLE CHIPS** | **W/O ENG 5"" NATURAL  CRYSTAL VALLEY SAMPLE CHIPS** | **GHCVO31438USA-33   WHITE OAK 3-1/4"" SAMPLE CHIPS** | **GHCVO538USA   WHITE OAK 5"" NATURAL    SAMPLE CHIPSS*"
629217,742317,2025-11-26,20,sample chip,parsed_from_order_notes,,needs_review,,,,1840,,,Y,,Y,NO_SAMPLE_QUANTITY_FOUND,sample,2025-11-25,2025-11-26,1.00,1.00,0.00,629217|742317,1,1.00,0.00,3,11/25 NO CHARGE FOR SAMPLES VIA GROND SHIPPING -MG 1 PACKAGE | RP//KA//CG | ***SEND 2SAMPLES*** ALLORA: DOMA 7.5
629221,742318,2025-11-26,20,sample chip,parsed_from_order_notes,,needs_review,,,,1841,,,Y,,Y,NO_SAMPLE_QUANTITY_FOUND,sample,2025-11-25,2025-11-26,1.00,1.00,0.00,629221|742318,1,1.00,0.00,4,11/25 NO CHARGE FOR SAMPLE VIA GROUND SHIPPING -MG 1 BOX | RP//KA//CG | ***SEND 2SAMPLES*** PRIVATE SELECTION: GOBI | LEGENDS: MONZA
629713,742426,2025-11-28,BAR113,sample chip,parsed_from_order_notes,,needs_review,,CHIP,,355,,,,,Y,NO_SAMPLE_QUANTITY_FOUND,sample,2025-11-28,2025-11-28,1.00,1.00,0.00,629713|742426,1,1.00,0.00,3,11/28 USING CREDIT O/A PER DG | IPE SAMPLE CHIP | 5 CTNS @ 20.51 SF
629799,073953,2025-12-01,FAM107,sample chip,parsed_from_order_notes,,needs_review,,,,,,,,,Y,NO_SAMPLE_QUANTITY_FOUND,sample,2025-12-01,2025-12-01,1.00,9.00,0.00,629799|073953,1,3.00,0.00,3,SEND OUT FOR 12/01 1 PACKAGE | RP//KA//CG | ** GARRISON II DISTRESSED MAPLE CHESTNUT SAMPLE CHIPS**
630360,742718,2025-12-02,CRE118,sample chip,parsed_from_order_notes,,needs_review,,,,1839,,,Y,,Y,NO_SAMPLE_QUANTITY_FOUND,sample,2025-12-02,2025-12-02,1.00,1.00,0.00,630360|742718,1,1.00,0.00,3,12/2 NO CHARGE FOR SAMPLES VIA GROUND SHIPPING -MG 1 PACKAGE | RP//KA//CG | ***SEND 3PCS*** LEGENDS: LODI
630696,074040,2025-12-03,FAM107,sample chip,parsed_from_order_notes,,needs_review,,,,,,,Y,,Y,NO_SAMPLE_QUANTITY_FOUND,cut,2025-12-03,2025-12-03,1.00,9.00,0.00,630696|074040,1,2.00,0.00,2,PLEASE SEND 2 CUTS OF THE STRADA SELECT 7.5 NO CHARGE PER BRAD NM | 1 PACKAGE RP//KA//CG
630822,743000,2025-12-04,COP100,sample chip,parsed_from_order_notes,6,parsed_from_order_notes,number_before_sample_chip_times_2_listed_items; number_before_generic_sample_times_2_listed_items,,,,,,,,Y,EACH_PATTERN_MULTIPLIED_BY_LISTED_ITEMS,sample,2025-12-03,2025-12-04,1.00,1.00,0.00,630822|743000,1,1.00,0.00,4,"12.03 SAMPLE CHIPS UPS GROUND - MN ATTN DANI | 1 BOX RP//KA//CG | 4 CHIPS  OF EACH LEGENDS EURO OAK 7.5"" PINOT | EURO OAK 7.5"" PROVENCE"
630852,742997,2025-12-04,CAR326,sample chip,parsed_from_order_notes,,needs_review,,,,1832,,,Y,,Y,NO_SAMPLE_QUANTITY_FOUND,sample,2025-12-03,2025-12-04,1.00,1.00,0.00,630852|742997,1,1.00,0.00,4,12/3 NO CHARGE FOR SAMPLES VIA GROUND SHIPPING -MG 1 BOX | RP//KA//CG | ***SEND 2SAMPLES ECH*** LEGENDS: CAFFE | BRIGITTE
630897,743009,2025-12-04,EME103,sample chip,parsed_from_order_notes,,needs_review,,,,1833,,,Y,,Y,NO_SAMPLE_QUANTITY_FOUND,sample,2025-12-03,2025-12-04,1.00,1.00,0.00,630897|743009,1,1.00,0.00,3,12/3 NO CHARGE FOR SAMPLES VIA GROUND SHIPPING -MG 1 PACKAGE | RP//KA//CG | ***SEND 3PS*** LEGENFS: CAFFE
630907,743037,2025-12-04,PRO203,sample chip,parsed_from_order_notes,,needs_review,,,,1834,,,Y,,Y,NO_SAMPLE_QUANTITY_FOUND,sample,2025-12-03,2025-12-04,1.00,1.00,0.00,630907|743037,1,1.00,0.00,3,12/3 NO CHARGE FOR SAMPLES VIA GROUND SHIPPING -MG 1 BOX | RP//KA//CG | ***SEND 4PCS*** ALLORA: DOMA SELECT 9.5
630918,743004,2025-12-04,DES112,sample panel; sample chip,parsed_from_order_notes,,needs_review,,,,1835,,,,,Y,MULTIPLE_SAMPLE_TYPES; NO_SAMPLE_QUANTITY_FOUND,pieces; sample; cut; plank,2025-12-03,2025-12-04,1.00,1.00,0.00,630918|743004,1,1.00,0.00,4,"12/3 OK PER TA TO CUT PLANKS INTO BIGGER SAMPLE PIECES -MG 1 BOX | RP//KA//CG | ***SEND 4PCS*** ALLORA: DOMA 9.5 SELECT @24"" EACH | ***USING LOT #60046 FROM MARCO'S PALLET***"
631030,743058,2025-12-04,20,sample chip,parsed_from_order_notes,,needs_review,,,,1836,,,Y,,Y,NO_SAMPLE_QUANTITY_FOUND,sample,2025-12-04,2025-12-04,1.00,1.00,0.00,631030|743058,1,1.00,0.00,4,12/4 NO CHARGE FOR SAMPLES VIA GROUND SHIPPING -MG 1 BOX | RP//KA//CG | ***SEND 2PCS*** GOLD LABEL: CASHMERE | CHAMPAGNE ALLORA: DOMA SELECT 7.5
631033,743059,2025-12-04,20,sample chip,parsed_from_order_notes,,needs_review,,,,1837,,,Y,,Y,NO_SAMPLE_QUANTITY_FOUND,sample,2025-12-04,2025-12-04,1.00,1.00,0.00,631033|743059,1,1.00,0.00,3,12/4 NO CHARGE FOR SAMPLES VIA GROUND SHIPPING -MG 1 PACKAGE | RP//KA//CG | ***SEND 2PCS*** NEWPORT: PEBBLE BEACH
631035,743060,2025-12-04,20,sample chip,parsed_from_order_notes,,needs_review,,,,1838,,,Y,,Y,NO_SAMPLE_QUANTITY_FOUND,sample,2025-12-04,2025-12-04,1.00,1.00,0.00,631035|743060,1,1.00,0.00,4,12/4 NO CHARGE FOR SAMPLES VIA GROUND SHIPPING -MG 1 PACKAGE | RP//KA//CG | ***SEND 2PCS*** CAROLINA CLASSIC: MAPLE MONROE | HICKORY SALEM
631177,743030,2025-12-04,PAL113,sample chip,parsed_from_order_notes,,needs_review,,,,,,,,,Y,NO_SAMPLE_QUANTITY_FOUND,cut,2025-12-04,2025-12-04,1.00,1.00,0.00,631177|743030,1,2.00,0.00,2,OK PER JM BTB // OK PER CESAR G AFTER CUT OFF 1 PACKAGE | RP//KA//CG
631171,743255,2025-12-05,20,sample chip,parsed_from_order_notes,,needs_review,,,,,,,,,Y,NO_SAMPLE_QUANTITY_FOUND,sample,2025-12-04,2025-12-05,1.00,1.00,0.00,631171|743255,1,1.00,0.00,3,12/4: NO UPS GROUND CHARGE FOR SAMPLES 1 PACKAGE | RP//KA//CG | 3 CHIPS OF : WALNUT ANTIQUE SMOOTH
631203,743256,2025-12-05,20,sample chip,parsed_from_order_notes,,needs_review,,,,1830,,,Y,,Y,NO_SAMPLE_QUANTITY_FOUND,sample,2025-12-04,2025-12-05,1.00,1.00,0.00,631203|743256,1,1.00,0.00,4,12/4 NO CHARGE FOR SAMPLES VIA GROUND SHIPPING -MG 1 BOX | RP//KA//CG | ***SEND 2PCS*** BEVERLY HILLS: BURTON WAY | WALDEN LEGENDS: PARIA
631213,743252,2025-12-05,OMP000,sample panel,parsed_from_order_notes,,needs_review,,,,,,,,,Y,NO_SAMPLE_QUANTITY_FOUND,sample; plank,2025-12-04,2025-12-05,1.00,1.00,0.00,631213|743252,1,5.00,0.00,3,SAMPLE PLANKS TO GO BACK TO PACIFIC FOR PRODUCTION OF PO#62298 | SEE KEVIN FOR BUNDLE WITH PLANKS LABELED:COR136 [QT]#1153 CG | 1 BUNDLE
631340,743257,2025-12-05,20,sample chip,parsed_from_order_notes,,needs_review,,,,1831,,,Y,,Y,NO_SAMPLE_QUANTITY_FOUND,sample,2025-12-05,2025-12-05,1.00,1.00,0.00,631340|743257,1,1.00,0.00,4,"12/5 NO CHARGE FOR SAMPLES VIA GROUND SHIPPING -MG 1 PACKAGE | RP//KA//CG | ***SEND 2PCS*** CRYSTAL VALLEY: RED OAK 5"" | WHITE OAK 5"" GII SMOOTH: HICKOY CHATEAU"
631934,074124,2025-12-08,STA103,sample chip,parsed_from_order_notes,,needs_review,,,,,,,,,Y,NO_SAMPLE_QUANTITY_FOUND,sample,2025-12-08,2025-12-08,1.00,9.00,0.00,631934|074124,1,2.00,0.00,2,SAMPLE CHIPS 1 PACKAGE | RP//KA//CG
631942,743537,2025-12-09,20,sample chip,parsed_from_order_notes,,needs_review,,,,1826,,,Y,,Y,NO_SAMPLE_QUANTITY_FOUND,sample,2025-12-08,2025-12-09,1.00,1.00,0.00,631942|743537,1,1.00,0.00,3,12/8 NO CHARGE FOR SAMPLES VIA GROUND SHIPPING -MG 1 PACKAGE | RP//KA//CG | ***SEND 2SAMPLES*** EXOTICS: ACACIA BRONZE
631973,074145,2025-12-09,FAM107,sample chip,parsed_from_order_notes,,needs_review,,,,,,,Y,,Y,NO_SAMPLE_QUANTITY_FOUND,cut,2025-12-08,2025-12-09,1.00,9.00,0.00,631973|074145,1,2.00,0.00,2,PLEASE SEND 2 CUTS OF MAPLE MONROE NO CHARGE PER BRAD. NM 1 PACKAGE | RP//KA//CG
631993,743535,2025-12-09,UNI109,sample chip,parsed_from_order_notes,,needs_review,,CHIP,,1827,,,,,Y,NO_SAMPLE_QUANTITY_FOUND,sample,2025-12-08,2025-12-09,1.00,1.00,0.00,631993|743535,1,1.00,0.00,3,"12/8: NO UPS GROUND CHARGE FOR SAMPLES 1 PACKAGE | RP//KA//CG | 2 CHIPS OF EA: CV MAPLE NAT 5"" & CV MAPLE NAT. 5"" USA"
632118,074147,2025-12-09,PRO236,sample chip,parsed_from_order_notes,,needs_review,,,,,,,,,Y,NO_SAMPLE_QUANTITY_FOUND,sample,2025-12-09,2025-12-09,1.00,9.00,0.00,632118|074147,1,3.00,0.00,2,"SAMPLE CHIPS OF EURO OAK 9.5"" CRETE (L) GREEK ISLES 1 PACKAGE | RP//KA//CG"
632241,743494,2025-12-09,CAR325,sample chip,parsed_from_order_notes,,needs_review,,,,1828,,,Y,,Y,NO_SAMPLE_QUANTITY_FOUND,sample,2025-12-09,2025-12-09,1.00,1.00,0.00,632241|743494,1,1.00,0.00,3,12/9 NO CHARGE FOR SAMPLES VIA GROUND SHIPPING -MG **REPRINTED//REVISED*** | 1 PACKAGE RP//KA//CG | ***SEND 3PCS*** LEGENGS: PROVENCE
632257,074148,2025-12-09,SLA105,sample chip,parsed_from_order_notes,,needs_review,,,,,,,,,Y,NO_SAMPLE_QUANTITY_FOUND,sample,2025-12-09,2025-12-09,1.00,9.00,0.00,632257|074148,4,4.00,0.00,2,SAMPLE CHIPS 1 BOX | RP//KA//CG
632260,074146,2025-12-09,GAG100,sample chip,parsed_from_order_notes,,needs_review,,,,,,,,,Y,NO_SAMPLE_QUANTITY_FOUND,sample,2025-12-09,2025-12-09,1.00,9.00,0.00,632260|074146,3,3.00,0.00,2,SAMPLE CHIPS 1 PACKAGE | RP//KA//CG
632277,743538,2025-12-09,20,sample chip,parsed_from_order_notes,,needs_review,,,,1829,,,Y,,Y,NO_SAMPLE_QUANTITY_FOUND,sample,2025-12-09,2025-12-09,1.00,1.00,0.00,632277|743538,1,1.00,0.00,3,12/9 NO CHARGE FOR SAMPLES VIA GROUND SHIPPING -MG 1 PACKAGE | RP//KA//CG | ***SEND 4PCS*** COMPETITION BUSTER: BIRCH HARVEST
632294,743533,2025-12-09,SKY102,sample chip,parsed_from_order_notes,,needs_review,,CHIP,,349,,,,,Y,NO_SAMPLE_QUANTITY_FOUND,sample,2025-12-09,2025-12-09,1.00,1.00,0.00,632294|743533,1,1.00,0.00,3,"12/09 INBAL BITAN 818.239.6685 1 PACKAGE | RP//KA//CG | PLEASE SEND SAMPLE CHIPS: VINYLNOVA GALAXY, APLINE, COOL MIST"
630690,745149,2025-12-10,MCC112,sample panel,parsed_from_order_notes,,needs_review,,,,,,,,,Y,NO_SAMPLE_QUANTITY_FOUND,panel,2025-12-03,2025-12-10,1.00,1.00,0.00,630690|745149,2,2.00,0.00,10,12.3: OK PER LANG/ RENE/TONY BTB W.FORKLIFT MON-FRI 9-4 | JIM MCCONELL 916.616.2191 KA // JSA // ES | 2 PALLETS | ** IN STOCK PER KEVIN ** | ** IN STOCK PER KEVIN ** | ** IN STOCK PER KEVIN ** | EXOTIC- BLACK WALNUT PANEL EXOTIC- ACACIA GOLD PANEL | GNII DIS - MAPLE ESPRESSO PANEL GNII DIS - MAPLE CHESTNUT PANEL | CC - MAPLE DURHAM PANEL CB - BIRCH SPICE PANEL | CB - BIRCH HARVEST PANEL
632339,743701,2025-12-10,20,sample chip,parsed_from_order_notes,,needs_review,,CHIP,,1654,,,,,Y,NO_SAMPLE_QUANTITY_FOUND,sample,2025-12-09,2025-12-10,1.00,1.00,0.00,632339|743701,1,1.00,0.00,3,"12/9:NO UPS GROUND CHARGE FOR SAMPLES // 1 BOX | RP//KA//CG | 2 CHIPS OF EA: DOMA SEL. 9.5"" ,  SELLA SEL. 9.5"""
632596,743703,2025-12-10,20,sample chip,parsed_from_order_notes,,needs_review,,,,1823,,,Y,,Y,NO_SAMPLE_QUANTITY_FOUND,sample,2025-12-10,2025-12-10,1.00,1.00,0.00,632596|743703,1,1.00,0.00,4,12/10 NO CHARGE FOR SAMPLES VIA GROUND SHIPPING -MG 1 BOX | RP//KA//CG | ***SEND 2SAMPLES*** BEVERLY HILLS: BURTON WAY | CANON WALDEN
632677,743650,2025-12-10,DES100,sample chip,parsed_from_order_notes,,needs_review,,,,1824,,,Y,,Y,NO_SAMPLE_QUANTITY_FOUND,sample,2025-12-10,2025-12-10,1.00,1.00,0.00,632677|743650,1,1.00,0.00,5,12/10 NO CHARGE FOR SAMPLES VIA GROUND SHIPPING -MG 1 BOX | RP//KA//CG | ***SEND 2PCS*** PRIVATE SELECTION: MIRAGE | MESA DUNE | SAHARA
632694,743689,2025-12-10,PRO242,sample chip,parsed_from_order_notes,,needs_review,,,,1825,,,Y,,Y,NO_SAMPLE_QUANTITY_FOUND,sample,2025-12-10,2025-12-10,1.00,1.00,0.00,632694|743689,1,1.00,0.00,3,12/10 NO CHARGE FOR SAMPLES VIA GROUND SHIPPING -MG 1 PACKAGE | RP//KA//CG | ***SEND 2SAMPLES*** ALLORA: DOMA 9.5 SELECT
632994,743832,2025-12-11,20,sample chip,parsed_from_order_notes,,needs_review,,,,,,,,,Y,NO_SAMPLE_QUANTITY_FOUND,cut,2025-12-11,2025-12-11,1.00,1.00,0.00,632994|743832,1,2.00,0.00,4,OK PER JM 1 BOX | RP//KA//CG | LG- BRESCIA CUTS LG - LUGANA CUTS | LG- PROVENCE CUTS
633047,743828,2025-12-11,PRO203,sample chip,parsed_from_order_notes,,needs_review,,,,1822,,,Y,,Y,NO_SAMPLE_QUANTITY_FOUND,pieces; sample,2025-12-11,2025-12-11,1.00,1.00,0.00,633047|743828,1,1.00,0.00,3,12/11 NO CHARGE FOR SAMPLES VIA GROUND SHIPPING -MG 1 BOX | RP//KA//CG | ***SEND 2SAMPLES*** EXOTICS: ALL PIECES
633223,744075,2025-12-12,20,sample chip,parsed_from_order_notes,,needs_review,,,,,,,,,Y,NO_SAMPLE_QUANTITY_FOUND,sample,2025-12-11,2025-12-12,1.00,1.00,0.00,633223|744075,1,1.00,0.00,4,"12.11 UPS GROUND DLV - MN ** SAMPLE CHIPS ** 1 BOX | RP//KA//CG | SEND 3 CHIPS OF EACH MAPLE 5"" MONROE | EURO OAK 7.5"" VENTASSO 1/2 X 5 SANTOS MAHOGANY"
633519,744139,2025-12-15,BAM104,sample chip,parsed_from_order_notes,,needs_review,,,,,,,,,Y,NO_SAMPLE_QUANTITY_FOUND,sample,2025-12-12,2025-12-15,1.00,1.00,0.00,633519|744139,1,1.00,0.00,5,"12.12 UPS GROUND, SAMPLE CHIPS NO DLV FEE - MN MICHELLE 808.244.2299 | KA // JSA 1 PACKAGE | 2 CHIPS OAK 9.5"" CASHMERE | OAK 9.5"" CHAMPAGNE OAK 9.5"" WHITE LOTUS | OAK 9.5"" SILK OAK 9.5"" SUEDE"
633586,744204,2025-12-15,20,sample chip,parsed_from_order_notes,,needs_review,,,,1817,,,Y,,Y,NO_SAMPLE_QUANTITY_FOUND,sample,2025-12-12,2025-12-15,1.00,1.00,0.00,633586|744204,1,1.00,0.00,4,12/12 NO CHARGE FOR SAMPLES VIA GROUND SHIPPING -MG KA // JSA | 1 PACKAGE | ***SEND 2SAMPLES*** PRIVATE SELECTION: MESA | LEGENDS: MONZA BEVERLY HILLS: CANON
633587,744163,2025-12-15,FLO362,sample chip,parsed_from_order_notes,,needs_review,,,,1818,,,Y,,Y,NO_SAMPLE_QUANTITY_FOUND,sample,2025-12-12,2025-12-15,1.00,1.00,0.00,633587|744163,1,1.00,0.00,3,12/12 NO CHARGE FOR SAMPLES VIA GROUND SHIPPING -MG KA // JSA | 1 PACKAGE | ***SEND 3PCS*** GII DISTRESSED: WALNUT NATURAL
633588,744205,2025-12-15,20,sample chip,parsed_from_order_notes,,needs_review,,,,1819,,,Y,,Y,NO_SAMPLE_QUANTITY_FOUND,sample,2025-12-12,2025-12-15,1.00,1.00,0.00,633588|744205,1,1.00,0.00,3,12/12 NO CHARGE FOR SAMPLES VIA GROUND SHIPPING -MG KA // JSA | 1 PACKAGE | **SEND 2SAMPLES*** NEWPORT: SHELL BEACH
633647,744206,2025-12-15,20,sample chip,parsed_from_order_notes,,needs_review,,,,1820,,,Y,,Y,NO_SAMPLE_QUANTITY_FOUND,sample,2025-12-13,2025-12-15,1.00,1.00,0.00,633647|744206,1,1.00,0.00,3,12/13 NO CHARGE FOR SAMPLES VIA GROUND SHIPPING -MG KA // JSA | 1 PACKAGE | ***SEND 2SAMPLES*** NEWPORT: SHELL BEACH
633875,744184,2025-12-15,MTF101,sample chip,parsed_from_order_notes,,needs_review,,,,1821,,,Y,,Y,NO_SAMPLE_QUANTITY_FOUND,sample,2025-12-15,2025-12-15,1.00,1.00,0.00,633875|744184,1,1.00,0.00,3,12/15 NO CHARGE FOR SAMPLES VIA GROUND SHIPPING -MG KA // JSA | 1 PACKAGE | ***SEND 3SAMPLES*** LEGENDS: MONZA
634007,744280,2025-12-16,FLO305,sample chip,parsed_from_order_notes,,needs_review,,,,1816,,,Y,,Y,NO_SAMPLE_QUANTITY_FOUND,sample,2025-12-15,2025-12-16,1.00,1.00,0.00,634007|744280,1,1.00,0.00,3,12/15 NO CHARGE FOR SAMPLES VIA GROUND SHIPPING -MG 1 PACKAGE | RP//KA//CG | ***SEND 2SAMPLES*** ALLORA: SELLA SELECT 7.5
634118,744319,2025-12-16,20,sample chip,parsed_from_order_notes,,needs_review,,,,,,,,,Y,NO_SAMPLE_QUANTITY_FOUND,cut,2025-12-16,2025-12-16,1.00,1.00,0.00,634118|744319,1,2.00,0.00,4,OK PER JM 1 PACKAGE | RP//KA//CG | NP - PEBBLE BEACH CUTS NP - DEL MAR CUTS | VY - PROSECCO CUTS
634289,744452,2025-12-17,GRE137,sample chip,parsed_from_order_notes,,needs_review,,,,,,,Y,,Y,NO_SAMPLE_QUANTITY_FOUND,sample,2025-12-16,2025-12-17,1.00,1.00,0.00,634289|744452,1,10.00,0.00,2,SAMPLES AND UPS @ NO CHARGE OK PER TONY. 1 BOX | RP//KA//CG
634496,744445,2025-12-17,FLO173,sample chip,parsed_from_order_notes,,needs_review,,,,1814,,,Y,,Y,NO_SAMPLE_QUANTITY_FOUND,sample,2025-12-17,2025-12-17,1.00,1.00,0.00,634496|744445,1,1.00,0.00,3,12/17 NO CHARGE FOR SAMPLES VIA GROUND SHIPPING -MG 1 PACKAGE | RP//KA//CG | ***SEND 2SAMPLES*** LEGENDS: CHANTAL
634621,744482,2025-12-17,SEQ101,sample chip,parsed_from_order_notes,,needs_review,,CHIP,,1815,,,,,Y,NO_SAMPLE_QUANTITY_FOUND,sample,2025-12-17,2025-12-17,1.00,1.00,0.00,634621|744482,1,1.00,0.00,3,12/17: NO UPS GROUND CHARGE FOR SAMPLES 1 PACKAGE | RP//KA//CG | 2 CHIPS OF 3-1/4 W/O CV USA AND OVERSEAS
634607,744616,2025-12-18,MON134,sample chip,parsed_from_order_notes,,needs_review,,,,1810,,,Y,,Y,NO_SAMPLE_QUANTITY_FOUND,sample,2025-12-17,2025-12-18,1.00,1.00,0.00,634607|744616,1,1.00,0.00,4,12/17 NO CHARGE FOR SAMPLES VIA GROUND SHIPPING -MG 1 BOX | RP//KA//CG | ***SEND 3PCS*** GII SMOOTH/DISTRESSED: CHATEAU | CHESTNUT SYRUP
634684,744619,2025-12-18,PRO100,sample chip,parsed_from_order_notes,,needs_review,,CHIP,,1811,,,,,Y,NO_SAMPLE_QUANTITY_FOUND,sample,2025-12-17,2025-12-18,1.00,1.00,0.00,634684|744619,1,1.00,0.00,3,"12.17 UPS GROUND DLV SAMPLE CHIPS - MN 1 PACKAGE | RP//KA//CG | 3 PC MAPLE 5"" LATTE DISTRESSED"
634742,744592,2025-12-18,FOR117,sample chip,parsed_from_order_notes,,needs_review,,,,,,,,,Y,NO_SAMPLE_QUANTITY_FOUND,cut,2025-12-18,2025-12-18,1.00,1.00,0.00,634742|744592,1,2.00,0.00,3,OK PER JM 1 BOX | RP//KA//CG | PRIVATE SELECTION CUTS NOVA CUTS
634806,744633,2025-12-18,20,,,,,,,,1812,,,Y,,Y,NO_SAMPLE_TYPE_DETECTED; NO_SAMPLE_TYPE_FOR_QTY; NO_EXACT_NOTE_KEYWORD_AFTER_NORMALIZE,,2025-12-18,2025-12-18,1.00,1.00,0.00,634806|744633,1,1.00,0.00,3,12/18 NO CHARGE FOR SAMPPLES VIA GROUND SHIPPING -MG 1 PACKAGHE | RP//KA//CG | ***SEND 2SAMPLES*** GII DISTRESSED: HICKORY SIERRA
634808,744634,2025-12-18,20,sample chip,parsed_from_order_notes,,needs_review,,,,1813,,,Y,,Y,NO_SAMPLE_QUANTITY_FOUND,sample,2025-12-18,2025-12-18,1.00,1.00,0.00,634808|744634,1,1.00,0.00,3,12/18 NO CHARGE FOR SAMPLES VIA GROUND SHIPPING -MG 1 PACKAGE | RP//KA//CG | ***SEND 2SAMPLES*** EXOTICS: ACACIA NATURAL
635025,074367,2025-12-19,COR122,sample chip,parsed_from_order_notes,,needs_review,,,,,,,,,Y,NO_SAMPLE_QUANTITY_FOUND,sample,2025-12-18,2025-12-19,1.00,9.00,0.00,635025|074367,2,4.00,0.00,2,SAMPLE CHIPS NEW CRY VALLEY NO USA KA // JSA | 1 PACKAGE
635074,744838,2025-12-19,EIS100,sample chip,parsed_from_order_notes,,needs_review,,,,1807,,,Y,,Y,NO_SAMPLE_QUANTITY_FOUND,sample,2025-12-18,2025-12-19,1.00,1.00,0.00,635074|744838,1,1.00,0.00,3,12/18 NO CHARGE FOR SAMPLES VIA GROUND SHIPPING -MG KA // JSA | 1 PACKAGE | ***SEND 3PCS*** LEGENDS: CAFFE
635157,744845,2025-12-19,MET116,sample chip,parsed_from_order_notes,,needs_review,,,,1808,,,Y,,Y,NO_SAMPLE_QUANTITY_FOUND,sample,2025-12-19,2025-12-19,1.00,1.00,0.00,635157|744845,1,1.00,0.00,3,12/19 NO CHARGE FOR SAMPLES VIA GROUND SHIPPING -MG RP // JSA | 1 PACKAGE | ***SEND 2SAMPLES*** LEGENDS: CAFE
635186,744839,2025-12-19,EIS100,sample chip,parsed_from_order_notes,,needs_review,,,,1809,,,Y,,Y,NO_SAMPLE_QUANTITY_FOUND,sample,2025-12-19,2025-12-19,1.00,1.00,0.00,635186|744839,1,1.00,0.00,3,12/19 NO CHARGE FOR SAMPLES VIA GROUND SHIPPING  -MG RP // JSA | 1 PACKAGE | ***SEND 3SAMPLES*** LEGENDS: CAFFE
636119,745044,2025-12-23,BAS102,sample chip,parsed_from_order_notes,,needs_review,,CHIP,,341,,,Y,,Y,NO_SAMPLE_QUANTITY_FOUND,sample,2025-12-23,2025-12-23,1.00,1.00,0.00,636119|745044,1,1.00,0.00,5,ASHLEY 813.884.5793 NO CHARGE FOR UPS SAMPLE CHIPS | OK PER CESAR TO SEND AFTER CUTOFF 1 BOX | RP//KA//CG | SAMPLE CHIPS LA BELLE ******** SEE ILSY FOR CHIPS ******** | FOR DAVE C
634385,745495,2025-12-30,MIS108,sample chip,parsed_from_order_notes,,needs_review,,,,1806,,,Y,,Y,NO_SAMPLE_QUANTITY_FOUND,sample,2025-12-16,2025-12-30,1.00,1.00,0.00,634385|745495,1,1.00,0.00,3,12/16 NO CHARGE FOR SAMPLES VIA GROUND SHIPPING -MG 1 BOX | RP//KA//CG | ***SEND 5PCS*** LEGENDS: WALNUT NATURAL
637011,745524,2025-12-31,CEN100,sample chip,parsed_from_order_notes,1,parsed_from_order_notes,number_before_sample_chip; number_before_generic_sample,CHIP,,336,,,Y,,Y,EACH_PATTERN_ITEM_COUNT_NOT_CONFIDENT,sample,2025-12-30,2025-12-31,1.00,6.00,0.00,637011|745524,1,1.00,0.00,7,"1 SAMPLE CHIP EACH COLOR - DROP OFF @NO CHARGE AND PICK UP 2 CHECKS**** | **OK PER CESAR** | KA//CG - 1 BND | GFLEO1001          EURO OAK 10.25"" GLENWOOD GFLEO1002          EURO OAK 10.25"" LODI | GFLEO1003          EURO OAK 10.25"" PARIA GFLEO9501          EURO OAK 9.5"" BRESCIA | GFLEO9503          EURO OAK 9.5"" MONZA GFLEO9504          EURO OAK 9.5"" ROMANTIQUE | GFLEO9505          EURO OAK 9.5"" VERONA GFLEO9502          EURO OAK 9.5"" LA BELLE"
637137,745761,2026-01-05,20,sample chip,parsed_from_order_notes,,needs_review,,CHIP,,1802,,,,,Y,NO_SAMPLE_QUANTITY_FOUND,sample,2025-12-31,2026-01-05,1.00,1.00,0.00,637137|745761,1,1.00,0.00,3,"12/31: NO UPS GROUND CHARGE FOR SAMPLES 1 PACKAGE | RP//KA//CG | 2 CHIPS OF EA : ACACIA BRONZE, PATAGONIAN ROSEWOOD, SANTOS MAHOGANY"
637140,745762,2026-01-05,20,sample chip,parsed_from_order_notes,,needs_review,,CHIP,,1803,,,,,Y,NO_SAMPLE_QUANTITY_FOUND,sample,2025-12-31,2026-01-05,1.00,1.00,0.00,637140|745762,1,1.00,0.00,3,12/31: NO UPS GROUND CHARGE FOR SAMPLES CARMEN 626.840.7118 | 1 PACKAGE RP//KA//CG | 2 CHIPS OF EA: PROVENCE
637141,745763,2026-01-05,20,sample chip,parsed_from_order_notes,,needs_review,,CHIP,,1804,,,,,Y,NO_SAMPLE_QUANTITY_FOUND,sample,2025-12-31,2026-01-05,1.00,1.00,0.00,637141|745763,1,1.00,0.00,3,12/31: NO UPS GROUND CHARGE FOR SAMPLES ADAN : 915.317.6743 | 1 PACKAGE RP//KA//CG | 2 CHIPS OF : HICKOY CHATEAU DIST.
637301,745758,2026-01-05,PRO203,sample chip,parsed_from_order_notes,,needs_review,,CHIP,,1805,,,,,Y,NO_SAMPLE_QUANTITY_FOUND,sample,2026-01-02,2026-01-05,1.00,1.00,0.00,637301|745758,1,1.00,0.00,3,1/2: NO UPS GROUND CHAGE FOR SAMPLES 1 PACKAGE | RP//KA//CG | 2 CHIPS OF MAPLE ESPRESSO DIST.
637316,745751,2026-01-05,EME103,sample chip,parsed_from_order_notes,5,parsed_from_order_notes,number_before_sample_chip_times_5_listed_items; number_before_generic_sample_times_5_listed_items,CHIP,,335,,,Y,,Y,EACH_PATTERN_MULTIPLIED_BY_LISTED_ITEMS,sample,2026-01-02,2026-01-05,1.00,6.00,0.00,637316|745751,1,1.00,0.00,5,SEND UPS GROUND NO CHARGE   CONNER 503-3050147 1 PACKAGE | RP//KA//CG | 1 SAMPLE CHIP EACH COLOR: COMPETITION BUSTER COLLECTION -BIRCH HARVEST | -BIRCH CHESNUT -BIRCH SPICE | -HICKORY VINTAGE
637619,745926,2026-01-06,20,sample chip,parsed_from_order_notes,,needs_review,,CHIP,,1800,,,,,Y,NO_SAMPLE_QUANTITY_FOUND,sample,2026-01-05,2026-01-06,1.00,1.00,0.00,637619|745926,1,1.00,0.00,3,"1/5: NO UPS GROUND CHARGE FOR SAMPLES 1 BOX | RP//KA//CG | 2 CHIPS OF EA: ROMANTIQUE, PINOT, PROVENCE"
637684,745881,2026-01-06,CLA122,sample chip,parsed_from_order_notes,,needs_review,,,,1801,,,Y,,Y,NO_SAMPLE_QUANTITY_FOUND,sample,2026-01-05,2026-01-06,1.00,1.00,0.00,637684|745881,1,1.00,0.00,6,1/5 NO CHARGE FOR SAMPLES VIA GROUND SHIPPING -MG 1 BOX | RP//KA//CG | ***SEND 2PCS*** ALLORA 7.5/9.5 CHARACTER/SELECT: SELLA | STRADA ARIA | VOLTO BEVERLY HILLS: REXFORD | ROXBURY
637846,745914,2026-01-06,PRO203,sample chip,parsed_from_order_notes,,needs_review,,,,333,,,Y,,Y,NO_SAMPLE_QUANTITY_FOUND,sample,2026-01-06,2026-01-06,1.00,1.00,0.00,637846|745914,1,1.00,0.00,3,1/6 NO CHARGE FOR SAMPLES VIA GROUND SHIPPING -MG 1 BOX | RP//KA//CG | ***SEND 4PCS*** LEGENGS: WALNUT NATURAL
638105,746072,2026-01-07,20,sample chip,parsed_from_order_notes,,needs_review,,,,1795,,,Y,,Y,NO_SAMPLE_QUANTITY_FOUND,sample,2026-01-07,2026-01-07,1.00,1.00,0.00,638105|746072,1,1.00,0.00,3,1/7 NO CHARGE FOR SAMPLES VIA GROUND SHIPPING -MG 1 PACKAGE | RP//KA//CG | ***SEND 2PCS*** COMPETITION BUSTER: BIRCH SPICE
638135,746073,2026-01-07,20,sample chip,parsed_from_order_notes,,needs_review,,,,1796,,,Y,,Y,NO_SAMPLE_QUANTITY_FOUND,sample,2026-01-07,2026-01-07,1.00,1.00,0.00,638135|746073,1,1.00,0.00,4,1/7 NO CHARGE FOR SAMPLES VIA GROUND SHIPPING -MG 1 PACKAGE | RP//KA//CG | ***SEND 2PCS*** EXOTICS: ACACIA GOLD | ACACIA NATURAL
638137,746074,2026-01-07,20,sample chip,parsed_from_order_notes,,needs_review,,,,1797,,,Y,,Y,NO_SAMPLE_QUANTITY_FOUND,sample,2026-01-07,2026-01-07,1.00,1.00,0.00,638137|746074,1,1.00,0.00,3,1/7 NO CHARGE FOR SAMPLES VIA GROUND SHIPPING -MG 1 PACKAGE | RP//KA/CG | ***SEND 2SAMPLES*** BEVERLY HILLS: ALPINE
638141,746056,2026-01-07,NAT105,sample chip,parsed_from_order_notes,,needs_review,,,,1798,,,Y,,Y,NO_SAMPLE_QUANTITY_FOUND,sample,2026-01-07,2026-01-07,1.00,1.00,0.00,638141|746056,1,1.00,0.00,4,1/7 NO CHARGE FOR SAMPLES VIA GROUND SHIPPING -MG 1 BOX | RP//KA//CG | ***SEND 2PCS*** LEGENDS: BRIGITTE | CAFFE
638205,746075,2026-01-07,20,sample chip,parsed_from_order_notes,,needs_review,,,,1799,,,Y,,Y,NO_SAMPLE_QUANTITY_FOUND,sample,2026-01-07,2026-01-07,1.00,1.00,0.00,638205|746075,1,1.00,0.00,3,1/7 NO CHARGE FOR SAMPLES VIA GROUND SHIPPING -MG 1 PACKAGE | RP//KA//CG | ***SEND 2SAMPLES*** PRIVATE SELECTION: GOBI
638817,746346,2026-01-09,20,sample chip,parsed_from_order_notes,,needs_review,,CHIP,,328,,,Y,,Y,NO_SAMPLE_QUANTITY_FOUND,sample,2026-01-09,2026-01-09,1.00,6.00,0.00,638817|746346,1,1.00,0.00,3,SHIP UPS GROUND NO CHARGE PER DC 1/9 AB PATRICK BARNES LAKBARNES@GMAIL.COM (602)-509-2571 | 1 PACKAGE RP//KA/CG | SAMPLE CHIPS NEEDED OF 2 MAPLE WHEAT - DISTRESSED
638904,746344,2026-01-09,20,sample chip,parsed_from_order_notes,6,parsed_from_order_notes,number_before_sample_chip_times_2_listed_items; number_before_generic_sample_times_2_listed_items,,,,,,,,Y,EACH_PATTERN_MULTIPLIED_BY_LISTED_ITEMS,sample,2026-01-09,2026-01-09,1.00,1.00,0.00,638904|746344,1,1.00,0.00,4,01/09 SENDING SAMPLE CHIPS UPS GROUND //WB SAM 260.446.7414 | 1 BOX RP//KA//CG | ****PLEASE SEND 3 SAMPLE CHIPS OF EACH **** -ACACIA GOLD | -ACACIA NATURAL
639324,746538,2026-01-12,CAR331,sample chip,parsed_from_order_notes,,needs_review,,,,326,,,Y,,Y,NO_SAMPLE_QUANTITY_FOUND,sample,2026-01-12,2026-01-12,1.00,6.00,0.00,639324|746538,1,1.00,0.00,3,SHIP UPS GROUND NO CHARGE PER DC 1/9 AB TAMI KARANASOS 760-872-3484 TKARANASOS@VERIZON.NET | 1 PACKAGE RP//KA//CG | 2 EA OF SMALL SAMPLES NEEDED FOR MAPLE DURHAM AND BIRCH HARVEST
638627,746700,2026-01-13,GOL119,sample chip,parsed_from_order_notes,,needs_review,,,,,,,,,Y,NO_SAMPLE_QUANTITY_FOUND,cut,2026-01-08,2026-01-13,1.00,1.00,0.00,638627|746700,1,2.00,0.00,3,OK PER JM // RESIDENTIAL DLV | 1 PACKAGE RP//KA//CG | GNSS- HICKORY NATURAL SMOOTH CUTS GNSS- HICKORY CHESTNUT SMOOTH CUTS
639462,746705,2026-01-13,NAT114,sample panel,parsed_from_order_notes,,needs_review,,,,,,,,,Y,NO_SAMPLE_QUANTITY_FOUND,panel,2026-01-12,2026-01-13,1.00,1.00,0.00,639462|746705,1,2.00,0.00,3,OK PR JM 1 BOX | RP//KA//CG | GNII - DIS HICKORY CHATEAU PANEL GNII - DIS HICKORY SIERRA PANEL
639492,746690,2026-01-13,CLA122,sample chip,parsed_from_order_notes,,needs_review,,,,324,,,Y,,Y,NO_SAMPLE_QUANTITY_FOUND,sample,2026-01-12,2026-01-13,1.00,1.00,0.00,639492|746690,1,1.00,0.00,4,1/12 NO CHARGE FOR SAMPLES VIA GROUND SHIPPING -MG MELLISSA A | STEVEN 831-760-0016 1 PACKAGE | RP//KA//CG | ***SEND 2PCS**** LEGENDS: ROMANTIQUE
639990,746855,2026-01-14,GRA118,sample panel,parsed_from_order_notes,,needs_review,,,,,,,,,Y,NO_SAMPLE_QUANTITY_FOUND,panel,2026-01-14,2026-01-14,1.00,1.00,0.00,639990|746855,1,2.00,0.00,3,OK PER JM  // BTB 1 BOX | RP//KA//CG | GNII- WALNUT ANTIQUE DISTRESSED PANEL GNSS- WALNUT ESPRESSO SMOOTH PANEL
639992,746854,2026-01-14,FLO249,sample panel,parsed_from_order_notes,,needs_review,,,,,,,,,Y,NO_SAMPLE_QUANTITY_FOUND,panel,2026-01-14,2026-01-14,1.00,1.00,0.00,639992|746854,1,2.00,0.00,3,OK PER JM  // BTB 1 BOX | RP//KA//CG | GNII- DIS. HICKORY NATUAL PANEL GNII- DIS. HICKORY CHATEAU PANEL
639998,746866,2026-01-14,20,sample chip,parsed_from_order_notes,,needs_review,,,,1794,,,Y,,Y,NO_SAMPLE_QUANTITY_FOUND,sample,2026-01-14,2026-01-14,1.00,1.00,0.00,639998|746866,1,1.00,0.00,3,1/14 NO CHARGE FOR SAMPLES VIA GROUND SHIPPING -MG 1 PACKAGE | RP//KA//CG | ***SEND 2SAMPLES*** LEGENDS: PARIA
640202,074730,2026-01-15,PRO236,sample chip,parsed_from_order_notes,,needs_review,,,,,,,Y,,Y,NO_SAMPLE_QUANTITY_FOUND,cut,2026-01-14,2026-01-15,1.00,9.00,0.00,640202|074730,1,2.00,0.00,2,"PLEASE SEND 2 CUTS OF CRYSTAL VALLEY USA PRAIRE WHEAT 5"" NO CHARGE PER BRAD. EG | 1 PACKAGE RP//KA//CG"
640213,746996,2026-01-15,PAS108,sample chip,parsed_from_order_notes,,needs_review,,,,1792,,,Y,,Y,NO_SAMPLE_QUANTITY_FOUND,sample,2026-01-14,2026-01-15,1.00,1.00,0.00,640213|746996,1,1.00,0.00,3,1/14 NO CHARGE FOR SAMPLES VIA GROUND SHIPPING -MG 1 PACKAGE | RP//KA//CG | ***SEND 2SAMPLES*** NEWPORT: LAGUNA BEACH
640375,746992,2026-01-15,CON102,sample chip,parsed_from_order_notes,,needs_review,,,,1793,,,Y,,Y,NO_SAMPLE_QUANTITY_FOUND,sample,2026-01-15,2026-01-15,1.00,1.00,0.00,640375|746992,1,1.00,0.00,4,1/15 NO CHARGE FOR SAMPLES VIA GROUND SHIPPING -MG 2 BOXES | RP//KA//CG 1Z9380460330719184 | ***SEND 2SAMPLES*** ALLORA: ALL 9.5 | LEGENDS
639572,747208,2026-01-16,SEM100,sample chip,parsed_from_order_notes,,needs_review,,,,1788,,,Y,,Y,NO_SAMPLE_QUANTITY_FOUND,sample,2026-01-13,2026-01-16,1.00,1.00,0.00,639572|747208,1,1.00,0.00,3,1/13 NO CHARGE FOR SAMPLES -MG ***GOING W/ ORDERS #63913/#638967/#628845*** | KA // CG 1 BUNDLE | ***SEND 3PCS*** LEGENDS: CAFFE
640166,747202,2026-01-16,OLD116,sample chip,parsed_from_order_notes,,needs_review,,,,1789,,,Y,,Y,NO_SAMPLE_QUANTITY_FOUND,sample,2026-01-14,2026-01-16,1.00,1.00,0.00,640166|747202,1,1.00,0.00,2,1/14 NO CHARGE FOR SAMPLES VIA GROUND SHIPPING -MG KA//ES ( 1 PKG ) | ***SEND 2SAMPLES*** GOLD LABEL: ALL COLORS
640474,747212,2026-01-16,20,sample chip,parsed_from_order_notes,,needs_review,,,,1790,,,Y,,Y,NO_SAMPLE_QUANTITY_FOUND,sample,2026-01-15,2026-01-16,1.00,1.00,0.00,640474|747212,1,1.00,0.00,3,1/15 NO CHARGE FOR SAMPLES VIA GROUND SHIPPING -MG | ***SEND 3SAMPLES*** LEGENDS: BIANCA | PINOT
640483,747210,2026-01-16,THE116,sample chip,parsed_from_order_notes,,needs_review,,,,1791,,,Y,,Y,NO_SAMPLE_QUANTITY_FOUND,sample,2026-01-15,2026-01-16,1.00,1.00,0.00,640483|747210,1,1.00,0.00,3,1/15 NO CHARGE FOR SAMPLES VIA GROUND SHIPPING -MG KA//ES ( 1 PKG ) | ***SEND 2SAMPLES*** LEGENDS: PINOT | VINEYARD: CHABLIS
640546,747187,2026-01-16,ABB117,sample chip,parsed_from_order_notes,,needs_review,,,,,,,,,Y,NO_SAMPLE_QUANTITY_FOUND,sample,2026-01-15,2026-01-16,1.00,1.00,0.00,640546|747187,1,1.00,0.00,3,01/15 SENDING SAMPLE CHIPS UPS GROUND //WB JANICE 707/261-8000 | BTB W.FORKLIFT MON- FRI 9 - 5 KA//ES ( 1 PKG ) | *****PLEASE SEND  3 SAMPLES OF MAPLE SYRUP SMOOTH GII******
640669,747195,2026-01-16,FOR109,sample chip,parsed_from_order_notes,,needs_review,,,,,,,,,Y,NO_SAMPLE_QUANTITY_FOUND,cut,2026-01-16,2026-01-16,1.00,1.00,0.00,640669|747195,1,2.00,0.00,4,OK PER JM KA//ES ( 1 PKG ) | ALLORA - ALTURA CUTS LEGENDS - BRESCIA | VY - CHABLIS CC- FARWELL | LEGENDS- PARIA
640686,747214,2026-01-16,20,sample chip,parsed_from_order_notes,,needs_review,,,,,,,,,Y,NO_SAMPLE_QUANTITY_FOUND,sample,2026-01-16,2026-01-16,1.00,1.00,0.00,640686|747214,1,1.00,0.00,4,01/16 SENDING SAMPLE VIA UPS GROUND ///WB BETH 443-474-2377 | KA//ES - 1 PKG | ****PLEASE SEND 3 SAMPLES EACH **** CAROLINA CLASSIC | -HICKORY SALEM -HICKORY CHARLOTTE
640832,747367,2026-01-19,PAS108,sample chip,parsed_from_order_notes,,needs_review,,,,1653,,,,,Y,NO_SAMPLE_QUANTITY_FOUND,pcs,2026-01-16,2026-01-19,1.00,1.00,0.00,640832|747367,1,1.00,0.00,2,1/16 DLV TO SHOP/WH SENT WRONG PCS/CUSTOMER NEEDS ASAP -MG KA//ES - 1 BND | ***SEND 3SAMPLES*** NEWPORT: LAGUNA BEACH
640902,747370,2026-01-19,20,sample chip,parsed_from_order_notes,,needs_review,,,,1785,,,Y,,Y,NO_SAMPLE_QUANTITY_FOUND,sample,2026-01-16,2026-01-19,1.00,1.00,0.00,640902|747370,1,1.00,0.00,4,1/16 NO CHARGE FOR SAMPLES VIA GROUND SHIPPING -MG KA // JSA | 1 PACKAGE | ***SEND 2PCS*** ALLORA: DOMA SELECT 9.5 | GOLD LABEL: SUEDE
640903,747371,2026-01-19,20,sample chip,parsed_from_order_notes,,needs_review,,,,1786,,,Y,,Y,NO_SAMPLE_QUANTITY_FOUND,sample,2026-01-16,2026-01-19,1.00,1.00,0.00,640903|747371,1,1.00,0.00,4,1/16 NO CHARGE FOR SAMPLES VIA GROUND SHIPPING -MG KA // JSA | 1 PACKAGE | ***SEND 2SAMPLES ECH*** CAROLINA CLASSIC: HICKORY SALEM | CHARLOTTE
641242,747355,2026-01-19,INT139,sample chip,parsed_from_order_notes,,needs_review,,,,1787,,,Y,,Y,NO_SAMPLE_QUANTITY_FOUND,sample,2026-01-19,2026-01-19,1.00,1.00,0.00,641242|747355,1,1.00,0.00,4,1/19 NO CHARGE FOR SAMPLES VIA GROUND SHIPPING -MG KA // JSA | 1 PACKAGE | ***SEND 2PCS EACH*** EXOTICS: ACAICA BRONZE | ACACIA GOLD SANTOS MAHOGANY
641318,074820,2026-01-20,PRO236,sample chip,parsed_from_order_notes,,needs_review,,,,,,,,,Y,NO_SAMPLE_QUANTITY_FOUND,sample,2026-01-19,2026-01-20,1.00,9.00,0.00,641318|074820,2,6.00,0.00,4,"SEND FOR 1/20 AA 1 PACKAGE | RP//KA//CG | **GHCVO31468USA-33   WHITE OAK 3-1/4"" PR.WHEAT 3MM USA ONLY* | *GHCVO568USA  WHITE OAK 5"" PR.WHEAT 3MM SAMPLE CHIPS**"
641701,747650,2026-01-21,NAP101,sample chip,parsed_from_order_notes,,needs_review,,,,1784,,,Y,,Y,NO_SAMPLE_QUANTITY_FOUND,sample,2026-01-20,2026-01-21,1.00,1.00,0.00,641701|747650,1,1.00,0.00,3,1/20 NO CHARGE FOR SAMPLES VIA GROUND SHIPPING -MG 1 PACKAGE | RP//KA//CG | ***SEND 3PCS*** BEVERLY HILLS: WALDEN
641717,074873,2026-01-21,STE100,sample chip,parsed_from_order_notes,,needs_review,,,,,,,,,Y,NO_SAMPLE_QUANTITY_FOUND,sample,2026-01-20,2026-01-21,1.00,9.00,0.00,641717|074873,1,2.00,0.00,2,"SAMPLE CHIPS EURO OAK 10.25"" PARIA 1 PACKAGE | RP/KA//CG"
638215,747995,2026-01-23,20,sample chip,parsed_from_order_notes,,needs_review,,,,,,,,,Y,NO_SAMPLE_QUANTITY_FOUND,sample,2026-01-07,2026-01-23,1.00,1.00,0.00,638215|747995,1,1.00,0.00,3,01/07 SENDING SAMPLE CHIPS  VIA UPS GROUND  //WB JENCIS 8054561016 | MUST MAKE SURE WHAT UNIT ASK FOR PATRICK | 1 PACKAGE RP//KA//CG
642355,747941,2026-01-23,CAR107,sample chip,parsed_from_order_notes,,needs_review,,,,1783,,,Y,,Y,NO_SAMPLE_QUANTITY_FOUND,sample,2026-01-22,2026-01-23,1.00,1.00,0.00,642355|747941,1,1.00,0.00,3,1/22 NO CHARGE FOR SAMPLES VIA GROUND SHIPPING -MG 1 PACKAGE | RP//KA//CG | ***SEND 2SAMPLES*** LEGENDS: PINOT
642614,748154,2026-01-26,CRA101,sample chip,parsed_from_order_notes,46,parsed_from_order_notes,number_before_sample_chip_times_2_listed_items; number_before_generic_sample_times_2_listed_items,,,,,,,,Y,EACH_PATTERN_MULTIPLIED_BY_LISTED_ITEMS,sample,2026-01-23,2026-01-26,1.00,1.00,0.00,642614|748154,1,1.00,0.00,4,01.23 SAMPLE CHIPS - MN 661.714.6781 | 1 BOX RP//KA//CG | ** 3 CHIPS OF EACH ** DUSK | GLAZE
642854,748157,2026-01-26,DIX100,sample chip,parsed_from_order_notes,,needs_review,number_before_sample_chip_times_3_listed_items; number_before_generic_sample_times_3_listed_items,,,,,,,,Y,EACH_PATTERN_MULTIPLIED_BY_LISTED_ITEMS; MULTIPLE_QUANTITY_CANDIDATES_REVIEW_REQUIRED,sample,2026-01-26,2026-01-26,1.00,1.00,0.00,642854|748157,1,1.00,0.00,5,01.26 SAMPLE CHIPS - MN ** RESIDENTIAL DLV ** CHARLES 818.763.6100 | 1 BOX RP//KA//CG | 2 SAMPLE CHIPS OF EACH ** EXOTICS ** | PATAGONIAN SANTOS MAHOGANY | SAPELE
641356,748286,2026-01-27,OMP000,sample chip,parsed_from_order_notes,,needs_review,number_before_pcs,,,,,,,,Y,MULTIPLE_QUANTITY_CANDIDATES_REVIEW_REQUIRED,pcs; sample,2026-01-19,2026-01-27,1.00,1.00,0.00,641356|748286,1,46.00,0.00,13,"VENDOR ADDRESS: EVERGREEN WOOD INDUSTRY SDN BHD | BLOCK D, LOT 211, FASA II KAWASAN PERUSAHAAN KUALA KETIL | KUALA KETIL, KEDAH, MALAYSIA ZIP: 09300 CONT: JENNY TEL: 044163223 | EMAIL: AMANDA72LUCKY@126.COM (J)JD014600012460667873 | (J)JD014600012460667874 | 12 LEGENDS COLORS (SAMPLES) LIST: - CAFFE 4 PCS @ 5/8""X7""X7""L | - CHANTAL 4 PCS @ 5/8""X7-1/2""X7""L - BRIGITTE 4 PCS @ 5/8""X7-1/2""X7""L | - PROVENCE 4 PCS @ 5/8""X7-1/2""X7""L - PINOT 5 PCS @ 5/8""X7-1/2""X7""L | - LUGANA 4 PCS @ 5/8""X7-1/2""X6-1/2""L - WALNUT NATURAL 4 PCS @ 5/8""X7-1/2""X11-1/4""L | - MONZA 4 PCS @ 5/8""X9-1/2""X7""L - VERONA 3 PCS @ 5/8""X9-1/2""X9-1/4""L | - ROMANTIQUE 4 PCS @ 5/8""X9-1/2""X7""L - GLENWOOD 3 PCS @ 5/8X10-1/4""X7""L | - LODI 3 PCS @ 5/8""X10-1/4""X7""L NO. OF PACKAGES: 2 | BOX 1: 15"" X 10"" X 12"" (25-LBS) BOX 2: 15"" X 10"" X 12"" (15-LBS)"
642956,748283,2026-01-27,MON134,sample chip,parsed_from_order_notes,,needs_review,,,,1781,,,Y,,Y,NO_SAMPLE_QUANTITY_FOUND,sample,2026-01-26,2026-01-27,1.00,1.00,0.00,642956|748283,1,1.00,0.00,3,"1/26 NO CHARGE FOR SAMPLES VIA GROUND SHIPPING -MG 1 PACKAGE | RP//KA//CG | ***SEND 2SAMPLES*** CRYSTAL VALLEY: MAPLE NATURAL 5"""
643087,748301,2026-01-27,VIN117,sample chip,parsed_from_order_notes,8,parsed_from_order_notes,number_before_sample_chip_times_4_listed_items; number_before_generic_sample_times_4_listed_items,CHIP,,317,,,,,Y,EACH_PATTERN_MULTIPLIED_BY_LISTED_ITEMS,sample,2026-01-26,2026-01-27,1.00,6.00,0.00,643087|748301,1,1.00,0.00,4,"O/A YM / RR // CG | 1 BUNDLE, 2 BOXES | 2 SAMPLE CHIPS EA COLOR  - SMOOTH** -HICKORY CHATEAU | -CHESTNUT -ESPRESSO"
643216,748305,2026-01-27,20,sample chip,parsed_from_order_notes,,needs_review,,CHIP,,1782,,,,,Y,NO_SAMPLE_QUANTITY_FOUND,sample,2026-01-27,2026-01-27,1.00,1.00,0.00,643216|748305,1,1.00,0.00,3,AGRANDE@AGRANDEDESIGN.COM 1/27: NO UPS GROUND CHARGE FOR SAMPLES | 1 BOX RP//KA//CG | 3 CHIPS OF COUNTRY CHARM : HARPER
643264,074964,2026-01-27,AVE101,sample chip,parsed_from_order_notes,,needs_review,,,,,,,Y,,Y,NO_SAMPLE_QUANTITY_FOUND,cut,2026-01-27,2026-01-27,1.00,9.00,0.00,643264|074964,1,2.00,0.00,2,PLEASE SEND 2 CUTS OF THE CAROLINA CLASSIC MAPLE DURHAM. NM NO CHARGE PER BRAD. | 1 PACKAGE RP//KA//CG
643597,748472,2026-01-28,20,sample chip,parsed_from_order_notes,,needs_review,,,,1780,,,Y,,Y,NO_SAMPLE_QUANTITY_FOUND,sample,2026-01-28,2026-01-28,1.00,1.00,0.00,643597|748472,1,1.00,0.00,4,1/28 NO CHARGE FOR SAMPLES VIA GROUND SHIPPING -MG ***REVISED//REPRINTED*** | 1 BOX RP//KA//CG | ***SEND 2SAMPLES*** ILLUMIN8: LUSTER | FLASH BEAM
643402,748536,2026-01-29,GON123,sample chip,parsed_from_order_notes,,needs_review,,,,314,50.00,single_dollar_amount_in_order_notes,,50.00,Y,NO_SAMPLE_QUANTITY_FOUND; VERIFY_AMOUNT_IS_FREIGHT_OR_SAMPLE_COST,sample,2026-01-27,2026-01-29,1.00,4.00,0.00,643402|748536,1,2.00,0.00,3,$50 DEPSOIT 1/29 CUSTOMER PICKED UP HIS DEPOSIT SMG AND DROPPED OFF | SAMPLES. | PEBBLE BEACH DEL MAR
644089,748789,2026-01-30,MOU109,sample chip,parsed_from_order_notes,8,parsed_from_order_notes,number_before_generic_sample_times_2_listed_items,,,312,,,Y,,Y,EACH_PATTERN_MULTIPLIED_BY_LISTED_ITEMS,sample,2026-01-29,2026-01-30,1.00,6.00,0.00,644089|748789,1,1.00,0.00,4,SEND UPS GROUND NO CHARGE ATTN:ANDREA 417-883-4720 *****REPRINT***** | 1 BOX RP//KA//CG | SEND 4 SAMPLE OF EACH DOMA 7 1/2 CHARACTER | LUNA 7 1/2 CHARACTER ALTURA 7 1/2  CHARACTER
644298,748754,2026-01-30,CLA122,sample chip,parsed_from_order_notes,,needs_review,,,,,,,,,Y,NO_SAMPLE_QUANTITY_FOUND,sample,2026-01-30,2026-01-30,1.00,1.00,0.00,644298|748754,1,1.00,0.00,3,1//30: NO UPS GROUND CHARGE FOR SAMPLES 1 BOX | RP//KA//CG | 1 PC OF EA: NEWPORT
644109,748961,2026-02-02,20,sample chip,parsed_from_order_notes,10,parsed_from_order_notes,number_before_sample_chip_times_5_listed_items; number_before_generic_sample_times_5_listed_items,,,,,,,,Y,EACH_PATTERN_MULTIPLIED_BY_LISTED_ITEMS,sample,2026-01-29,2026-02-02,1.00,1.00,0.00,644109|748961,1,1.00,0.00,6,01/29  SENDING SAMPLE CHIPS VIA UPS GROUND ///WB CONTACT: ALESSANDRA 626-610-5412 | KA // JSA 1 PACKAGE | *****PLEASE SEND  2 SAMPLE CHIPS OF EACH ***** (LEGENDS) | -CAFFE -LA BELLE | -BRIGITTE (NEW-PORT) | -ZUMA -CARMEL
644378,748950,2026-02-02,PRO239,sample chip,parsed_from_order_notes,60,parsed_from_order_notes,number_before_sample_chip_times_2_listed_items; number_before_generic_sample_times_2_listed_items,,,,,,,,Y,EACH_PATTERN_MULTIPLIED_BY_LISTED_ITEMS,sample,2026-01-30,2026-02-02,1.00,1.00,0.00,644378|748950,1,1.00,0.00,4,"01.30 SAMPLE CHIPS - MN ** SEND OUT PER JIM MC ** KA // JSA | 1 PACKAGE | 3 CHIPS OF EACH LEGENDS EURO OAK 9.5"" LA BELLE | LEGENDS EURO OAK 9.5"" VERONA"
644738,075083,2026-02-02,CAR331,sample chip,parsed_from_order_notes,,needs_review,,,,,,,,,Y,NO_SAMPLE_QUANTITY_FOUND,sample,2026-02-02,2026-02-02,1.00,9.00,0.00,644738|075083,1,3.00,0.00,2,SAMPLE CHIPS 1/2 X 5 2MM TIGERWOOD NAT. KA // JSA | 1 PACKAGE
643824,749062,2026-02-03,EIG101,sample chip,parsed_from_order_notes,,needs_review,number_before_sample_chip_times_8_listed_items; number_before_generic_sample_times_8_listed_items; number_before_sample_chip; number_before_generic_sample,,,,,,,,Y,EACH_PATTERN_MULTIPLIED_BY_LISTED_ITEMS; MULTIPLE_QUANTITY_CANDIDATES_REVIEW_REQUIRED,sample,2026-01-28,2026-02-03,1.00,1.00,0.00,643824|749062,2,2.00,0.00,7,01/28 SENDING SAMPLE CHIPS UPS GROUND //WB 805-450-7325 | KA // JSA 1 PKG | PLEASE SEND 1 SAMPLE CHIP OF EACH COLOR IN THE COLLECTIION 9.5 SELECT & CHARACTER  ALLORA COLLECTION | 7.5 SELECT & CHARACTER  ALLORA COLLECTION LEGENDS COLLECTION | PLEASE SEND 1 SAMPLE CHIP EACH -GALAXY | -JUPITER -COSMOS | -TWILIGHT -ASTRO
644988,749104,2026-02-03,20,sample chip,parsed_from_order_notes,,needs_review,,,,1778,,,,,Y,NO_SAMPLE_QUANTITY_FOUND,cut,2026-02-03,2026-02-03,1.00,1.00,0.00,644988|749104,1,2.00,0.00,4,OK PER JM // RESIDENTIAL KA // JSA | 1 PKG | BH - WALDEN CUTS BH - RODEO DRIVE | BH - ALPINE
645022,749098,2026-02-03,THE144,sample chip,parsed_from_order_notes,,needs_review,,,,,,,Y,,Y,NO_SAMPLE_QUANTITY_FOUND,sample,2026-02-03,2026-02-03,1.00,1.00,0.00,645022|749098,1,1.00,0.00,4,"02.03 SEND SAMPLE CHIPS PER DC - MN UPS GROUND NO DLV CHARGE, SAMPLE CHIPS | 602.361.2990 KA // JSA | 1 PKG | *** SEND 3 CHIPS *** GOLD LABEL SUEDE 9.5"""
645155,749109,2026-02-03,20,sample chip,parsed_from_order_notes,,needs_review,,CHIP,,1779,,,,,Y,NO_SAMPLE_QUANTITY_FOUND,sample,2026-02-03,2026-02-03,1.00,1.00,0.00,645155|749109,1,1.00,0.00,3,2/3: NO UPS GROUND CHARGE FOR SAMPLES KA // JSA | 1 PKG | 2 CHIPS OF LEGENDS: BIANCA
645161,075109,2026-02-03,50,sample chip,parsed_from_order_notes,,needs_review,,,,,,,Y,,Y,NO_SAMPLE_QUANTITY_FOUND,cut,2026-02-03,2026-02-03,1.00,9.00,0.00,645161|075109,1,2.00,0.00,2,PLEASE SEND 2 CUTS OF THE BRAZILIAN CHERRY AT NO CHARGE PER BRAD. NM | KA // JSA 1 PKG
645213,749222,2026-02-04,THE116,sample chip,parsed_from_order_notes,,needs_review,,,,,,,,,Y,NO_SAMPLE_QUANTITY_FOUND,sample,2026-02-03,2026-02-04,1.00,1.00,0.00,645213|749222,1,1.00,0.00,3,"02.03 SEND CHIPS PER DC - MN UPS GROUND NO DLV FEE, SAMPLE CHIPS | KA // JSA 1 PKG | ** SEND 3 CHIPS ** LEGENDS LODI 10.25"""
645606,749325,2026-02-05,FLO388,sample chip,parsed_from_order_notes,,needs_review,,,,,,,Y,,Y,NO_SAMPLE_QUANTITY_FOUND,sample,2026-02-04,2026-02-05,1.00,1.00,0.00,645606|749325,1,1.00,0.00,4,"02.04 SEND SAMPLES PER DC - MN UPS GROUND NO DLV CHARGE. SAMPLE CHIPS | KA // JSA 1 PACKAGE | ** SEND 3 CHIPS ** LEGENDS BRIGITTE 7.5"" | LEGENDS CAFFE 7.5"""
645890,749609,2026-02-09,GRE137,sample chip,parsed_from_order_notes,,needs_review,,,,,,,Y,,Y,NO_SAMPLE_QUANTITY_FOUND,cut,2026-02-05,2026-02-09,1.00,1.00,0.00,645890|749609,1,10.00,0.00,7,"NO CHARGE FOR SETS, CHIPS NOR FREIGHT OK PER TA REQUIRES LIFTGATE AND APPT | KA // JSA // CG 1 PALLET | EXOTICS:ACACIA BLACK WALNUT, BRONZE AND NATURAL  & CUMARU GII SMOOTH:HICKORY NATURAL | GII DISTRESSED:HICKORY NAT.,HICKORY SIERRA,MAPLE SYRUP, MAPLE WHEAT | LEGENDS:PROVENCE, BRESCIA,CHANTAL,VERONA,GLENWOOD,LODI PARIA | PRIVATE SELECTION:SAHARA SHEOGA: 3.25 ENG. W/O NATURAL, 5.25 ENG W/O FRESH CUT, | 2.25 SOLID W/O NATURAL"
646312,749632,2026-02-09,QUA115,sample chip,parsed_from_order_notes,,needs_review,,,,,,,Y,,Y,NO_SAMPLE_QUANTITY_FOUND,sample,2026-02-07,2026-02-09,1.00,1.00,0.00,646312|749632,1,1.00,0.00,3,"02.07 UPS GROUND NO DLV CHARGE, SENDING SAMPLES - MN SEND PER DC | 1 PACKAGE RP//KA//CG | ** SEND 2 CHIPS ** EXOTICS TIGERWOOD"
646315,749621,2026-02-09,MOC100,sample chip,parsed_from_order_notes,,needs_review,,,,,,,Y,,Y,NO_SAMPLE_QUANTITY_FOUND,sample,2026-02-07,2026-02-09,1.00,1.00,0.00,646315|749621,1,1.00,0.00,3,"02.07 UPS GROUND NO DLV CHARGE, SEND SAMPLES - MN SEND PER DC | 1 BOX RP//KA//CG | ** 2 CHIPS ** NEWPORT LAGUNA BEACH"
646398,749645,2026-02-09,20,sample chip,parsed_from_order_notes,,needs_review,,,,,,,Y,,Y,NO_SAMPLE_QUANTITY_FOUND,sample,2026-02-09,2026-02-09,1.00,1.00,0.00,646398|749645,1,1.00,0.00,3,"02.09 UPS GROUND NO DLV CHARGE, SAMPLE CHIPS - MN SAMPLE CHIPS PER DC | 1 PACKAGE RP//KA//CG | ** SEND 3 CHIPS ** HICKORY VINTAGE"
646430,749646,2026-02-09,20,sample chip,parsed_from_order_notes,,needs_review,,,,,,,,,Y,NO_SAMPLE_QUANTITY_FOUND,cut,2026-02-09,2026-02-09,1.00,1.00,0.00,646430|749646,1,2.00,0.00,4,OK PER JM / RESIDENTIAL 1 BOX | RP//KA//CG | NP- PEBBLE BEACH CUTS NP- MANHATTAN BEACH CUTS | NP- DELMAR CUTS NP- LAGUNA BEACH CUTS
646580,749585,2026-02-09,CAR160,sample chip,parsed_from_order_notes,,needs_review,,,,,,,,,Y,NO_SAMPLE_QUANTITY_FOUND,cut,2026-02-09,2026-02-09,1.00,1.00,0.00,646580|749585,1,2.00,0.00,3,OK PER AA BTB 1 PACKAGE | RP//KA//CG | CC - MAPLE DURHAM CUTS GSS - MAPLE WHEAT SMOOTH CUTS
646603,075257,2026-02-10,FAM107,sample chip,parsed_from_order_notes,,needs_review,,,,,,,,,Y,NO_SAMPLE_QUANTITY_FOUND,sample,2026-02-09,2026-02-10,1.00,9.00,0.00,646603|075257,3,6.00,0.00,3,SAMPLE CHIPS 3 1/4 MAPLE NATUTAL CRYSTAL VALLEY FROM MIKE | GOLD LABEL -SUEDE ALLORA SELLA 7 1 /2 CHARACTER | 1 BOX RP//KA//CG
646902,749788,2026-02-10,BIL102,sample chip,parsed_from_order_notes,,needs_review,,CHIP,,1777,,,,,Y,NO_SAMPLE_QUANTITY_FOUND,sample,2026-02-10,2026-02-10,1.00,1.00,0.00,646902|749788,1,1.00,0.00,4,"2/10: NO UPS GROUND CHARGE FOR SAMPLES PAULETTE 707 319 9191 | 1 BOX RP//KA//CG | 2 CHIPS OF EA: DOMA CHARAC. 7.5"" & 9.5"" SELLA CHARAC. 7.5"" & 9.5 "" | LINEN , SUEDE , PROVENCE"
646590,749971,2026-02-11,NGU102,sample chip,parsed_from_order_notes,1,parsed_from_order_notes,number_before_chip,CHIP,,1776,,,,,Y,EACH_PATTERN_ITEM_COUNT_NOT_CONFIDENT,sample,2026-02-09,2026-02-11,1.00,1.00,0.00,646590|749971,1,1.00,0.00,3,2/9: NO UPS GROUND CHARGE FOR SAMPLES 1 BOX | RP//KA//CG | 1 CHIP OF EA COLOR IN G2 DIST.
647038,749970,2026-02-11,NAT114,sample panel,parsed_from_order_notes,,needs_review,,,,,,,,,Y,NO_SAMPLE_QUANTITY_FOUND,sample; panel,2026-02-10,2026-02-11,1.00,1.00,0.00,647038|749970,1,1.00,0.00,4,"2/10: NO UPS GROUNG CHARGE FOR SAMPLES B2B | OK PER JM 1 BOX | RP//KA//CG | SAMPLE PANEL : EXOTIC ROSEWOOD , EXOTIC SAPELE"
647251,749986,2026-02-11,SHA115,sample chip,parsed_from_order_notes,,needs_review,,,,,,,,,Y,NO_SAMPLE_QUANTITY_FOUND,sample,2026-02-11,2026-02-11,1.00,6.00,0.00,647251|749986,1,1.00,0.00,2,O/A REPRINTED ADDED SAMPLE CHIPS | 1440
647342,749942,2026-02-11,CIT106,sample chip,parsed_from_order_notes,,needs_review,,,,,,,,,Y,NO_SAMPLE_QUANTITY_FOUND,cut,2026-02-11,2026-02-11,1.00,1.00,0.00,647342|749942,1,1.00,0.00,2,OK PER CG AFTER CUT OFF 1 BOX | RP//KA//CG
647451,750117,2026-02-12,GIL106,sample chip,parsed_from_order_notes,,needs_review,,,,,,,,,Y,NO_SAMPLE_QUANTITY_FOUND,cut,2026-02-12,2026-02-12,1.00,1.00,0.00,647451|750117,1,2.00,0.00,3,OK PER JM // BTB 1 PACKAGE | RP//KA//CG | GNII - DIS. MAPLE LATTE CUTS GNSS - SMOOTH MAPLE SYRUP CUTS
647496,750111,2026-02-12,BIL102,sample chip,parsed_from_order_notes,,needs_review,,CHIP,,1775,,,,,Y,NO_SAMPLE_QUANTITY_FOUND,sample,2026-02-12,2026-02-12,1.00,1.00,0.00,647496|750111,1,1.00,0.00,4,"2/10: NO UPS GROUND CHARGE FOR SAMPLES PAULETTE 707 319 9191 | 1 BOX RP//KA//CG | 2 CHIPS OF EA CHARACTER GRADE: VOLTO 7.5"" & 9.5"" | SELLA 7.5"" & 9.5"" STRADA 7.5"""
647665,750248,2026-02-13,GRE137,sample chip,parsed_from_order_notes,,needs_review,,,,,,,Y,,Y,NO_SAMPLE_QUANTITY_FOUND,sample,2026-02-12,2026-02-13,1.00,1.00,0.00,647665|750248,1,2.00,0.00,3,"NO CHARGE FOR UPS OR SAMPLE CHIPS OK PER CP CONTACT:DYLAN HUBER PHONE:(631) 707-0634 | 1 BOX RP//KA//CG | LEGENDS: ROMANTIQUE, PROVENCE BH: REXFORD-MUST SHOW FILL"
647669,750260,2026-02-13,MIS103,sample chip,parsed_from_order_notes,,needs_review,,CHIP,,1774,,,,,Y,NO_SAMPLE_QUANTITY_FOUND,sample,2026-02-12,2026-02-13,1.00,1.00,0.00,647669|750260,1,1.00,0.00,3,2/12: NO UPS GROUND CHARGE FOR SAMPLES 1 PACKAGE | RP//KA//CG | 2 CHIPS OF ACACIA BLACK WALNUT
647809,750231,2026-02-13,BIL102,sample chip,parsed_from_order_notes,,needs_review,,,,,,,,,Y,NO_SAMPLE_QUANTITY_FOUND,cut,2026-02-13,2026-02-13,1.00,1.00,0.00,647809|750231,1,2.00,0.00,6,BTB 1 BOX | RP//KA//CG | CC -MONROE CUTS CC - DURHAM CUTS | LG - CHANTAL  CUTS LG - CAFFE CUTS | LG - BRIGITTE CUTS GII - MAPLE ESPRESSO CUTS | GNII- HICKORY SIERRA CUTS
647958,075374,2026-02-16,FAM107,sample chip,parsed_from_order_notes,,needs_review,,,,,,,Y,,Y,NO_SAMPLE_QUANTITY_FOUND,cut,2026-02-13,2026-02-16,1.00,9.00,0.00,647958|075374,1,2.00,0.00,2,PLEASE SEND 2 CUTS OF THE WHITE LOTUS. NO CHARGE PER BRAD. NM | 1 PACKAGE RP//KA//CG
648011,075373,2026-02-16,CAL113,sample chip,parsed_from_order_notes,,needs_review,,,,,,,,,Y,NO_SAMPLE_QUANTITY_FOUND,sample,2026-02-13,2026-02-16,1.00,9.00,0.00,648011|075373,1,2.00,0.00,2,SAMPLE CHIPS 3/4 X 2-1/4 SEL/BTR WHITE OAK 1 PACKAGE | RP//KA//CG
648254,750388,2026-02-16,20,sample panel; sample chip,parsed_from_order_notes,3,parsed_from_order_notes,number_before_sample_chip; number_before_generic_sample,,,,,,,,Y,MULTIPLE_SAMPLE_TYPES,sample; panel,2026-02-16,2026-02-16,1.00,1.00,0.00,648254|750388,1,1.00,0.00,4,02/16 SENDING SAMPLE PANEL  VIA UPS GROUND //WB SENDING PANEL FOR JIM MCCONNEL | JIM:916-616-2191 NO SAMPLE PANELS PER KEVIN SENDING SAMPLE CHIPS | 1 PACKAGE RP//KA//CG | **PLEASE SEND 3 SAMPLE CHIPS BRAZILIAN CHRERRY (EXOTICS)**
648526,750505,2026-02-17,TIM110,sample chip,parsed_from_order_notes,,needs_review,,CHIP,,1773,,,,,Y,NO_SAMPLE_QUANTITY_FOUND,sample,2026-02-17,2026-02-17,1.00,1.00,0.00,648526|750505,1,1.00,0.00,3,"2/17: NO UPS GROUND CHARGE FOR SAMPLES 1 PACKAGE | RP//KA//CG | 2 CHIPS OF EA: CB BIRCH CHESTNUT, CB BIRCH SPICE, CB BIRCH HARVEST"
648634,750477,2026-02-17,EME103,sample chip,parsed_from_order_notes,4,parsed_from_order_notes,number_before_pcs_times_2_listed_items,,,275,,,Y,,Y,EACH_PATTERN_MULTIPLIED_BY_LISTED_ITEMS,pcs,2026-02-17,2026-02-17,1.00,6.00,0.00,648634|750477,1,1.00,0.00,4,"SEND UPS NO CHARGE. ARTHUR 503 2276414 1 PACKAGE | RP//KA//CG | 2 PCS OF EACH : CV RED OAK 3 1/4"" USA | CV RED OAK 5"" USA"
648946,075415,2026-02-18,S&G100,sample chip,parsed_from_order_notes,,needs_review,,,,,,,Y,,Y,NO_SAMPLE_QUANTITY_FOUND,cut,2026-02-18,2026-02-18,1.00,9.00,0.00,648946|075415,1,2.00,0.00,2,PLEASE SEND 2 CUTS OF THE COMPETITION BUSTER TRUFFLE @ NO CHARGE PER SALES REP. NM | 1 PACKAGE RP//KA//CG
647351,750943,2026-02-20,FLO267,sample chip,parsed_from_order_notes,33,parsed_from_order_notes,number_before_sample_chip_times_3_listed_items; number_before_generic_sample_times_3_listed_items,,,,,,Y,,Y,EACH_PATTERN_MULTIPLIED_BY_LISTED_ITEMS,sample,2026-02-11,2026-02-20,1.00,1.00,0.00,647351|750943,1,1.00,0.00,5,02.11 SAMPLE CHIPS UPS NO DLV CHARGE - MN 1 BOX | RP//KA//CG | 2 CHIPS OF EACH 3050MM X605MM X21MM  NATURAL OAK 2.0 | 3050MM X605MM X21MM  WARM OAK 2.0 3050MM X605MM X21MM  IVORY 2.0 | 3050MM X605MM X21MM  MIDNIGHT 2.0
649353,075491,2026-02-20,50,sample chip,parsed_from_order_notes,,needs_review,,,,,,,Y,,Y,NO_SAMPLE_QUANTITY_FOUND,cut,2026-02-19,2026-02-20,1.00,9.00,0.00,649353|075491,1,2.00,0.00,2,PLEASE SEND 2 CUTS OF THE LEGENDS LODI @ NO CHARGE PER JSG/NM | 1 PACKAGE RP//KA//CG
650458,751411,2026-02-25,STR107,sample chip,parsed_from_order_notes,,needs_review,,,,,,,,,Y,NO_SAMPLE_QUANTITY_FOUND,sample,2026-02-24,2026-02-25,1.00,1.00,0.00,650458|751411,1,1.00,0.00,3,"02.24 UPS GROUND NO DLV FEE ** SENDING SAMPLES ** 435.640.1654 | 1 PACKAGE RP//KA//CG | ** SEND 2 CHIPS ** EURO OAK 7.5"" CARMEL (1/2"")"
650470,751417,2026-02-25,20,sample chip,parsed_from_order_notes,,needs_review,,,,,,,Y,,Y,NO_SAMPLE_QUANTITY_FOUND,sample,2026-02-24,2026-02-25,1.00,1.00,0.00,650470|751417,1,1.00,0.00,4,"02.24 UPS GROUND DLV NO CHARGE ** SAMPLE CHIPS ** 1 PACKAGE | RP//KA//CG | *** SEND 2 CHIPS *** EURO OAK 9.5"" LA BELLE NAT.OIL | ** NEW MATERIAL **"
650519,751418,2026-02-25,20,sample chip,parsed_from_order_notes,,needs_review,,,,,,,Y,,Y,NO_SAMPLE_QUANTITY_FOUND,sample,2026-02-25,2026-02-25,1.00,1.00,0.00,650519|751418,1,1.00,0.00,4,"02.25 UPS GROUND DLV, NO CHARGE ** SENDING SAMPLES ** MN 1 PACKAGE | RP//KA//CG | ** SEND 2 CHIPS EACH ** CHAMPAGNE | CASHMERE"
650754,751534,2026-02-26,FLO239,sample chip,parsed_from_order_notes,,needs_review,,,,,,,Y,,Y,NO_SAMPLE_QUANTITY_FOUND,sample,2026-02-25,2026-02-26,1.00,1.00,0.00,650754|751534,1,1.00,0.00,3,"02.25 UPS GROUND DLV NO CHARGE ** SENDING SAMPLES ** MN 1 PACKAGE | RP//KA//CG | *** SEND 4 CHIPS *** CRYSTAL VALLEY USA 5"" WHITE OAK NAT"
650770,075606,2026-02-26,ACM102,sample chip,parsed_from_order_notes,,needs_review,,,,,,,Y,,Y,NO_SAMPLE_QUANTITY_FOUND,cut,2026-02-25,2026-02-26,1.00,9.00,0.00,650770|075606,1,2.00,0.00,2,PLEASE SEND 2 CUTS OF COMPETITION BUSTER HICKORY ANTIQUE @ NO CHARGE PER BRAD    EG | 1 PACKAGE RP//KA//CG
651018,751569,2026-02-26,RAD107,sample chip,parsed_from_order_notes,,needs_review,,,,,,,,,Y,NO_SAMPLE_QUANTITY_FOUND,cut,2026-02-26,2026-02-26,1.00,1.00,0.00,651018|751569,1,2.00,0.00,4,OK PER JM ** MUST SHIP 2/26 | 1 BOX RP//KA//CG | BH - CARMELITA CUTS NP - SHELL BEACH CUTS | NP - PEBBLE BEACH CUTS
651262,751761,2026-02-27,STR107,sample chip,parsed_from_order_notes,,needs_review,,,,,,,,,Y,NO_SAMPLE_QUANTITY_FOUND,sample,2026-02-27,2026-02-27,1.00,1.00,0.00,651262|751761,1,1.00,0.00,3,02.27 UPS GROUND NO DLV FEE ** SENDING SAMPLES ** 435.640.1654 | 1 PACKAGE RP//KA//CG | ** 2 SAMPLES ** NEWPORT ZUMA
651364,751747,2026-02-27,MOU109,sample chip,parsed_from_order_notes,,needs_review,,,,253,,,Y,,Y,NO_SAMPLE_QUANTITY_FOUND,pcs; pieces,2026-02-27,2026-02-27,1.00,6.00,0.00,651364|751747,1,1.00,0.00,4,"SEE TA FOR APPROVAL OF PCS FROM BOXES SHELLY 417-883-4720     SEND UPS GROUND NO CHARGE | 1 BOX RP//KA//CG | COUPLE OF PIECES EACH  (DAVE EMAILED TO TA/JH) GFFCPH5167-L/R 5X24-1/16 HERRINGBONE CAFFE FRENCH CONNECTION | GFLEO7503O     EURO OAK 7.5"" CAFFE NAT.OIL    LEGENDS"
651436,751870,2026-03-02,ABB107,sample chip,parsed_from_order_notes,,needs_review,,,,,,,,,Y,NO_SAMPLE_QUANTITY_FOUND,sample,2026-02-27,2026-03-02,1.00,1.00,0.00,651436|751870,1,1.00,0.00,4,02.27 UPS GROUND NO DLV FEE - MN *** SAMPLE CHIPS *** 1 PACKAGE | RP//KA//CG | ** 2 SAMPLES OF EACH ** W/O ENG 5 PRAIRIE WHEAT | W/O ENG 3 1/4 PRAIRIE WHEAT
651478,075671,2026-03-02,PRO198,sample chip,parsed_from_order_notes,,needs_review,,,,,,,,,Y,NO_SAMPLE_QUANTITY_FOUND,sample,2026-02-27,2026-03-02,1.00,9.00,0.00,651478|075671,2,4.00,0.00,2,SAMPLE CHIPS OF UNFINISH 1 PACKAGE | RP//KA//CG
651489,752059,2026-03-03,MCC112,sample chip,parsed_from_order_notes,,needs_review,,,,,,,,,Y,NO_SAMPLE_QUANTITY_FOUND,sample,2026-02-27,2026-03-03,1.00,1.00,0.00,651489|752059,1,1.00,0.00,3,02.27 SAMPLES TO JIM - MN 1 PACKAGE | RP//KA//CG | ** SEND 2 CHIPS ** LEGENDS ROMANTIQUE
652013,752076,2026-03-03,20,sample chip,parsed_from_order_notes,,needs_review,,CHIP,,1772,,,,,Y,NO_SAMPLE_QUANTITY_FOUND,sample,2026-03-03,2026-03-03,1.00,1.00,0.00,652013|752076,1,1.00,0.00,3,"3/3: NO UPS GROUND CHARGE FOR SAMPLES SAMPLES GIVEN TO KEVIN | 1 BOX RP//KA//CG | 2 CHIPS OF EA: WHITE LOTUS, SILK, ALPINE, PARIA,"
652860,075746,2026-03-05,ROD102,sample chip,parsed_from_order_notes,,needs_review,,,,,,,Y,,Y,NO_SAMPLE_QUANTITY_FOUND,pieces,2026-03-05,2026-03-05,1.00,9.00,0.00,652860|075746,1,2.00,0.00,2,PLEASE SEND 2 PIECES OF THE CONTRACTORS CHOICE WHITE OAK 3 1/4. NM NO CHARGE PER JSG/NM | 1 PACKAGE RP//KA//CG
653299,752647,2026-03-09,ANT119,sample chip,parsed_from_order_notes,,needs_review,,,,1771,,,,,Y,NO_SAMPLE_QUANTITY_FOUND,sample,2026-03-06,2026-03-09,1.00,1.00,0.00,653299|752647,1,1.00,0.00,3,3/6: NO UPS GROUND CHARGE FOR SAMPLES KA // CG | 1 PACKAGE | SAMPLES GIVEN TO KEVIN // RUSSELLE
653319,752644,2026-03-09,ABB107,sample chip,parsed_from_order_notes,,needs_review,number_before_sample_chip; number_before_generic_sample,,,,,,,,Y,MULTIPLE_QUANTITY_CANDIDATES_REVIEW_REQUIRED,sample,2026-03-06,2026-03-09,1.00,1.00,0.00,653319|752644,1,1.00,0.00,4,"03.06 SAMPLE CHIPS UPS GROUND NO DLV FEE - MN 650.347.0800 | KA // JSA 1 PACKAGE | 2 SAMPLE CHIPS EACH MAPLE 5"" DURHAM | MAPLE 5"" SMOOTH SYRUP MAPLE 5"" SMOOTH WHEAT"
653807,752812,2026-03-10,CAR153,sample chip,parsed_from_order_notes,,needs_review,,,,,,,Y,,Y,NO_SAMPLE_QUANTITY_FOUND,sample,2026-03-09,2026-03-10,1.00,1.00,0.00,653807|752812,1,1.00,0.00,4,03.09 UPS GROUND NO DLV CHARGE - MN ** SAMPLES ** 831.372.2300 | 1 PACKAGE RP//KA//CG | ** SAMPLE CHIPS ** 1/2 X 5 ACACIA DIST. BRONZE | 1/2 X 5 ACACIA DIST. GOLD
653964,752815,2026-03-10,COP100,sample panel; sample chip,parsed_from_order_notes,4,parsed_from_order_notes,number_before_sample_chip; number_before_generic_sample,CHIP,,223,,,Y,,Y,MULTIPLE_SAMPLE_TYPES,sample; panel,2026-03-10,2026-03-10,1.00,6.00,0.00,653964|752815,1,1.00,0.00,5,SHIP UPS GROUND  @  NO CHARGE PER DC BENJAMIN  480-603-6782 | *****  REVISED  // ADDED  PANEL  // ****  REPRINT 2 BOXES | RP//KA//CG 1Z9380460313282642 | 4  SAMPLE  CHIPS  EA. BEVERLY HILLS | - CANON
653967,049368,2026-03-10,LIN102,sample chip,parsed_from_order_notes,,needs_review,,,,,,,,,Y,NO_SAMPLE_QUANTITY_FOUND,sample; cut,2026-03-10,2026-03-10,1.00,8.00,0.00,653967|049368,5,5.00,0.00,3,UPS GROUND SHIPPING TO ADD FREIGHT 858.449.3567 JOHN GOLDING | RESIDENTIAL DLV OK PER RENE TO SEND SAMPLE CUTS OUT FOR FREE | 1 PACKAGE RP//KA//CG
654005,752989,2026-03-11,GRE137,sample chip,parsed_from_order_notes,,needs_review,,,,,,,Y,,Y,NO_SAMPLE_QUANTITY_FOUND,sample,2026-03-10,2026-03-11,1.00,1.00,0.00,654005|752989,1,12.00,0.00,5,"SAMPLES & UPS @ NO CHARGE OK PER TA 3 BOXES | RP//KA//CG 1Z9380460339295241 | 1Z9380460329418654 | ALLORA: ARIA 7.5"",ALTURA 7.5"",STRADA SELECT 7.5"",ALTURA 9.5"" LEGENDS: MONZA, PINOY, LA BELLE | BH:WALDEN NEWPORT: MANHATTAN BEACH"
654178,752977,2026-03-11,CUS102,sample chip,parsed_from_order_notes,,needs_review,,,,,,,,,Y,NO_SAMPLE_QUANTITY_FOUND,cut,2026-03-10,2026-03-11,1.00,1.00,0.00,654178|752977,1,2.00,0.00,3,3.10: OK PER JM // BTB 1 PACKAGE | RP//KA//CG | CV - 3-1/4 RED OAK CUTS USA &. REGULAR CV
654494,753099,2026-03-12,CAL168,sample chip,parsed_from_order_notes,,needs_review,,CHIP,,1770,,,,,Y,NO_SAMPLE_QUANTITY_FOUND,sample,2026-03-11,2026-03-12,1.00,1.00,0.00,654494|753099,1,1.00,0.00,3,"3/11: NO UPS GROUND CHARGE FOR SAMPLES | 1 PACKAGE RP//KA//CG | 2 CHIPS OF EA: CB HICKORY VINTAGE, G2 DIST H. SIERRA"
654161,753171,2026-03-13,VAF100,sample panel,parsed_from_order_notes,,needs_review,,,,209,,,,,Y,NO_SAMPLE_QUANTITY_FOUND,panel,2026-03-10,2026-03-13,1.00,6.00,0.00,654161|753171,1,1.00,0.00,4,3/10   5  DAY HOLD  EXP  3/17 MATERIAL FROM VN TR# 654167 (GCSBDV701-2228 1) | CUSTOMER  REQUESTING  A  2ND PANEL  **** FROM 1 TO 6  W/C  3/13 | MATERIAL FROM VN TR# 654552 (GCSBDV701-2228 1) | LEGENDS PANEL BIANCA
654784,753314,2026-03-13,FLO286,sample chip,parsed_from_order_notes,,needs_review,,CHIP,,1769,,,,,Y,NO_SAMPLE_QUANTITY_FOUND,sample,2026-03-12,2026-03-13,1.00,1.00,0.00,654784|753314,1,1.00,0.00,3,3/12:NO UPS GROUND CHARGE FOR SAMPLES 1 PACKAGE | RP//KA//CG | 2 CHIPS OF : WHITE LOTUS
654891,753308,2026-03-13,BAY103,sample panel,parsed_from_order_notes,,needs_review,,,,,,,,,Y,NO_SAMPLE_QUANTITY_FOUND,panel,2026-03-13,2026-03-13,1.00,1.00,0.00,654891|753308,1,2.00,0.00,3,3.13: OK PER JM 1 BOX | RP//KA//CG | NP - LAGUNA BEACH PANEL NP - PEBBLE BEACH PANEL
655130,753455,2026-03-16,FLO268,sample chip,parsed_from_order_notes,3,parsed_from_order_notes,number_before_sample_chip; number_before_generic_sample,CHIP,,206,,,Y,,Y,EACH_PATTERN_ITEM_COUNT_NOT_CONFIDENT,sample,2026-03-13,2026-03-16,1.00,4.00,0.00,655130|753455,1,1.00,0.00,4,"PLEASE SEND GROUND UPS @ NO CHARGE PER JIM, THANK YOU. 1 PACKAGE | RP//KA//CG | GHCVO31468         W/O ENG 3-1/4"" PR.WHEAT (1/2"") GHCVO568           W/O ENG 5"" PRAIRIE WHEAT (1/2"" | PLEASE SEND 3 SAMPLE CHIPS OF EACH, THANK YOU !"
655507,753495,2026-03-16,TRI104,sample chip,parsed_from_order_notes,,needs_review,,,,,,,,,Y,NO_SAMPLE_QUANTITY_FOUND,cut,2026-03-16,2026-03-16,1.00,1.00,0.00,655507|753495,1,2.00,0.00,3,BTB 1 PACKAGE | RP//KA//CG | EXOTICS - SANTOS MAHOGANY CUTS EXOTICS - BRAZILIAN CHERRY CUTS
655317,753651,2026-03-17,NAR103,sample chip,parsed_from_order_notes,,needs_review,,CHIP,,1768,,,,,Y,NO_SAMPLE_QUANTITY_FOUND,sample,2026-03-16,2026-03-17,1.00,1.00,0.00,655317|753651,1,1.00,0.00,3,3/16: NO UPS GROUND CHARGE FOR SAMPLES 1 PACKAGE | RP//KA//CG | 2 CHIPS: HERRINGBONE CAFFE
655969,753772,2026-03-18,DAM105,sample chip,parsed_from_order_notes,,needs_review,,CHIP,,1766,,,,,Y,NO_SAMPLE_QUANTITY_FOUND,sample,2026-03-17,2026-03-18,1.00,1.00,0.00,655969|753772,1,1.00,0.00,3,3/17: NO UPS GROUND CHARGE FOR SAMPLES 1 PACKAGE | RP//KA//CG | 2 CHIPS OF EA: BURTON WAY
656358,076012,2026-03-19,50,sample chip,parsed_from_order_notes,,needs_review,,,,,,,Y,,Y,NO_SAMPLE_QUANTITY_FOUND,cut,2026-03-18,2026-03-19,1.00,9.00,0.00,656358|076012,1,2.00,0.00,2,PLEASE SEND 2 CUTS OF  THE NEWPORT ZUMA  BEACH. NO CHARGE PER BRAD. NM | 1 PACKAGE RP//KA//CG
656797,754144,2026-03-20,20,sample chip,parsed_from_order_notes,,needs_review,,,,195,,,,,Y,NO_SAMPLE_QUANTITY_FOUND,pcs; sample,2026-03-20,2026-03-20,1.00,1.00,0.00,656797|754144,1,1.00,0.00,3,3/20: NO UPS GROUND CHARGE FOR SAMPLES 1 PACKAGE | RP//KA//CG | PCS GIVEN TO KEVIN
656881,076040,2026-03-20,CRE108,sample chip,parsed_from_order_notes,,needs_review,,,,,,,,,Y,NO_SAMPLE_QUANTITY_FOUND,sample,2026-03-20,2026-03-20,1.00,9.00,0.00,656881|076040,1,2.00,0.00,2,MEGACLIC SAMPLE CHIPS 1PACKAGE | RP//KA//CG
657329,754288,2026-03-23,SNO101,sample chip,parsed_from_order_notes,,needs_review,,,,1765,,,,,Y,NO_SAMPLE_QUANTITY_FOUND,sample,2026-03-23,2026-03-23,1.00,1.00,0.00,657329|754288,1,1.00,0.00,3,3/23; NO UPS GROUND CHARGE FOR SAMPLES 1 BOX | RP//KA//CG | SAMPLES GIVEN TO KEVIN
658017,754556,2026-03-25,LUX117,sample chip,parsed_from_order_notes,,needs_review,,,,,,,,,Y,NO_SAMPLE_QUANTITY_FOUND,cut,2026-03-25,2026-03-25,1.00,1.00,0.00,658017|754556,1,2.00,0.00,3,OK PER JM 1 BOX | RP//KA//CG | DB- EVLIEN/GABRIELLE CUTS
658197,754765,2026-03-26,PRO230,sample chip,parsed_from_order_notes,,needs_review,,,,184,,,Y,,Y,NO_SAMPLE_QUANTITY_FOUND,sample,2026-03-25,2026-03-26,1.00,6.00,0.00,658197|754765,1,1.00,0.00,5,SHIP  UPS  GROOUND @   NO  CHARGE  PER DC 239-597-0077 ATTN  :  CENDRIC | 1 BOX RP//KA//CG | 10  SAMPLES   EA. BEVERLY  HILLS  : | - WALDEN - RODEO DRIVE | - BURTON WAY - LOMA LINDA
657974,362951,2026-03-27,WHO106,sample chip,parsed_from_order_notes,,needs_review,number_before_sample_chip_times_3_listed_items; number_before_generic_sample_times_3_listed_items; number_before_sample_chip; number_before_generic_sample,,,,992.72,single_dollar_amount_in_order_notes,,992.72,Y,EACH_PATTERN_MULTIPLIED_BY_LISTED_ITEMS; MULTIPLE_QUANTITY_CANDIDATES_REVIEW_REQUIRED; VERIFY_AMOUNT_IS_FREIGHT_OR_SAMPLE_COST,sample,2026-03-25,2026-03-27,1.00,3.00,0.00,657974|362951,1,20.00,0.00,10,"03/25 PAID VISA3780 $992.72 AP05941D - SE ** RESIDENTIAL DLV ** | * PLEASE CALL SCOTT 408-309-8114 FOR DELIVERY APPOINTMENT* ** REQUESTING A POWERED PALLET JACK, IN ORDER TO GET IT | UP THE DRIVEWAY TR 03-01 FOR 03/26 (GALAXY) | TR 08-01 FOR 03/26 (TWILIGHT TMOLD AND GALAXY TMOLD) MATERIAL FROM ROBERTSON TR# 658058 (GVVN906 10 CTNS) | MATERIAL FROM VERNON TR# 658059 (GVVNTM906 1//GVVNTM912 2) TR 08-01 03/26(ANOTHER TWILIGHT TMOLD, 2 TMOLD IN TOTAL) | * PAID JSA//JSE//EC//YM//ES - 1 PLT / 1 TUBE | 14 CTNS @ 22.88 SF = 320.32 SF ( 14 X 60778 ) | PLS SEND 5 SAMPLES CHIPS OF EACH COLOR: - 5 SAMPLES CHIPS: GLIL807 LUSTER | - 5 SAMPLES CHIPS: GLIL808 SPARK - 5 SAMPLES CHIPS: GLIL805 GLAZE | - 5 SAMPLES CHIPS: GVVN904 COSMOS"
658698,754977,2026-03-27,TON109,sample chip,parsed_from_order_notes,,needs_review,,,,180,12.50,single_dollar_amount_in_order_notes,,12.50,Y,NO_SAMPLE_QUANTITY_FOUND; VERIFY_AMOUNT_IS_FREIGHT_OR_SAMPLE_COST,sample,2026-03-27,2026-03-27,1.00,1.00,0.00,658698|754977,1,1.00,0.00,2,03/27 PAID VISA ****9726 $12.50 // DG #283463 | WHISPERSTEP AND LAMINATE UNDERLAYMENT HANDSET/SAMPLE
658752,076225,2026-03-27,AVE101,sample chip,parsed_from_order_notes,,needs_review,,,,,,,Y,,Y,NO_SAMPLE_QUANTITY_FOUND,cut,2026-03-27,2026-03-27,1.00,9.00,0.00,658752|076225,1,2.00,0.00,2,PLEASE SEND 2 CUTS OF THE NEWPORT CARMEL AT NO CHARGE PER BRAD. NM | 1 PACKAGE RP//KA//CG
658887,076260,2026-03-30,BIX100,sample chip,parsed_from_order_notes,,needs_review,,,,,,,Y,,Y,NO_SAMPLE_QUANTITY_FOUND,cut,2026-03-27,2026-03-30,1.00,9.00,0.00,658887|076260,1,2.00,0.00,2,"PLEASE SEND 2 CUTS OF THE CRYSTAL VALLEY (CHINA) W/O NATURAL 5"".  AT NO CHARGE PER BRAD NM | 1 PACKAGE RP//KA//CG"
659562,755307,2026-03-31,PRO100,sample chip,parsed_from_order_notes,,needs_review,,CHIP,,1764,,,,,Y,NO_SAMPLE_QUANTITY_FOUND,sample,2026-03-31,2026-03-31,1.00,1.00,0.00,659562|755307,1,1.00,0.00,3,3/31: NO UPS GROUND CHARGE FOR SAMPLES KA // JSA | 1 PACKAGE | 3 CHIPS : G2 SMOOTH HICKORY NATURAL
659614,755288,2026-03-31,HYD102,sample chip,parsed_from_order_notes,8,parsed_from_order_notes,number_before_piece,,,,,,,,Y,EACH_PATTERN_ITEM_COUNT_NOT_CONFIDENT,pieces,2026-03-31,2026-03-31,1.00,1.00,0.00,659614|755288,1,24.00,0.00,2,"GATED COMMUNITY JL // AA      (3 BUNDLES) | 8 PIECES OF EACH 4"",5"",7"" (36"" LENGTH)"
656857,755732,2026-04-01,ABB104,sample panel; sample chip,parsed_from_order_notes,,needs_review,,,,,,,,,Y,MULTIPLE_SAMPLE_TYPES; NO_SAMPLE_QUANTITY_FOUND,sample; panel,2026-03-20,2026-04-01,1.00,1.00,0.00,656857|755732,1,1.00,0.00,3,03.28 PER ANDY SEND SAMPLE PANEL - MN 805.966.1606 | 1 BOX RP//KA//CG | ** SEND 4 CHIPS ** 1/2 X 5 ACACIA DIST. GOLD
655171,755586,2026-04-02,OMP000,sample set; sample chip,parsed_from_order_notes,,needs_review,number_before_pcs,,,,,,,,Y,MULTIPLE_SAMPLE_TYPES; MULTIPLE_QUANTITY_CANDIDATES_REVIEW_REQUIRED,pcs; sample,2026-03-13,2026-04-02,1.00,1.00,0.00,655171|755586,1,720.00,0.00,5,"EMBLEMS BEING SENT FOR CVA SAMPLE SET PO# 62524 APPALACHIAN'S SAMPLES DEPARTMENT ADDRESS: | 55, RUE DE MONTGOLFIER, BOUCHERVILLE (QC) J4B 8C4 CONTACT: CHRISTINE BEAUDRY | TEL: 450-641-0670 EMAIL: CBEAUDRY@PRESENTATIONULTIMA.COM | 1Z9380466815561411 1Z9380466817395400 | 1Z9380466830997235 RP//KA//EL ( 3 BXS )2 @ 42 LBS 320 PCS // 12 LBS 80 PCS"
659972,755590,2026-04-02,PRO121,sample chip,parsed_from_order_notes,,needs_review,,,,,,,,,Y,NO_SAMPLE_QUANTITY_FOUND,cut,2026-04-01,2026-04-02,1.00,1.00,0.00,659972|755590,1,2.00,0.00,4,OK PER JM 1 PACKAGE | RP//KA//CG | GNSS- SMOOTH MAPLE CHESTNUT CUTS GNSS- SMOOTH MAPLE CHESTNUT CUTS | GNSS- SMOOTH WALNUT ANTIQUE CUTS GNSS- DIST WALNUT ESPRESSO CUTS
660319,755776,2026-04-06,FAN104,sample chip,parsed_from_order_notes,6,prior_summary_manual_qty,number_before_sample_chip; number_before_generic_sample,CHIP,6,163,,,Y,,Y,PRIOR_QTY_DIFFERS_FROM_PARSED_QTY,sample,2026-04-02,2026-04-06,1.00,6.00,0.00,660319|755776,1,1.00,0.00,5,"SHIP UPS GROUND @ NO CHARGE PER DC ALEX+19896980735 | 1 BOX RP//KA//CG | 2   SAMPLE  CHIPS EA. ALLORA : | - ARIA 7-1/2"" -SELLA SELECT 9-1/2"" | -VOLTO 9-1/2"
660454,755833,2026-04-06,20,sample chip,parsed_from_order_notes,4,prior_summary_manual_qty,number_before_sample_chip; number_before_generic_sample,CHIP,4,164,,,Y,,Y,PRIOR_QTY_DIFFERS_FROM_PARSED_QTY,sample,2026-04-03,2026-04-06,1.00,6.00,0.00,660454|755833,1,1.00,0.00,4,SHIP  UPS  GROUND @  NO CHARGE PER DC BRYAN W(618) 382-3149 | 1 PACKAGE RP//KA//CG | 2  SAMPLE  CHIPS EA. CAROLINA  CLASSIC  : | - MAPLE MONROE - HICKORY  SALEM
660520,755772,2026-04-06,DES152,sample chip,parsed_from_order_notes,,needs_review,number_before_sample_chip; number_before_generic_sample; number_before_chip,,,,,,,,Y,EACH_PATTERN_ITEM_COUNT_NOT_CONFIDENT; MULTIPLE_QUANTITY_CANDIDATES_REVIEW_REQUIRED,sample,2026-04-03,2026-04-06,1.00,1.00,0.00,660520|755772,1,1.00,0.00,4,04.03 SAMPLE CHIPS UPS GROUND DO DLV FEE - MN 1 BOX | RP//KA//CG | SAMPLE CHIPS EXOTICS COLLECTION | ** 2 CHIPS OF EACH COLOR *
660618,755778,2026-04-06,FLO388,sample chip,parsed_from_order_notes,,needs_review,,,,,,,Y,,Y,NO_SAMPLE_QUANTITY_FOUND,sample,2026-04-03,2026-04-06,1.00,1.00,0.00,660618|755778,1,1.00,0.00,6,04.03 GROUND FLOOR DLV NO CHARGE SENDING SAMPLES - MN 1 BOX | RP//KA//CG | ** 2 CHIPS ** LUNA SELECT 9.5 | ALTURA SELECT 9.5 LUNA HERRINGBONE | LINEN SILK | PARADISE COVE
652344,756041,2026-04-07,SPE114,sample chip,parsed_from_order_notes,,needs_review,,,,,,multiple_dollar_amounts_needs_review,,217.31; 1579.07,Y,NO_SAMPLE_QUANTITY_FOUND; MULTIPLE_DOLLAR_AMOUNTS_REVIEW_REQUIRED,cut,2026-03-03,2026-04-07,1.00,1.00,2.00,652344|756041,1,1.00,0.00,12,03/03 O/A //WB TO SEND EVERYTHING TOGETHER | SENDING TEMPLATE SENDING TEMPLATE @ NO COST | 1 PACKAGE RP//KA//CG | TO SHIP OUT APRIL 6TH PER JIM MC  PRICE BREAK OF .10 CENTS  (4.59) | MOULDING TAKE UP 2 TO 3 WEEKS TO MAKE MOULDING CUT TO 7'10 INCHES TO FIT IN TUBE | B2B W/FORKLIFT//HRS: MON-FRI 9AM-3PM CONTACT: APRIL 209/835.5537 | MUST SIGN CUSTOM ORDER FORM AND  MUST BE PAID IN FULL FOR BASESHOE | 03/05 PAID VISA ****6829 EXP 07/29 $217.31 //WB AP:005556 ****MUST BE LOT #61398-2****** | TRIMS ARE HERE CAN SHIP THIS OUT AS SOON  THEY READY MATERIAL FROM SA TR# 659092 (GHCVO568 97 CTNS) | CREDIT LIMIT ONLY 8000 CUSTOMER PAID 217.31 TOTAL BALANCE  $1579.07 | 03/30 PAID VISA ****6829 EXP 07.29 $1579.07 //WB AP:037013 PER RENE OK TO PRICE NOSING @ 57.50 | TEMPLATE IN WALTERS DRAWER
660589,756029,2026-04-07,MTF101,sample chip,parsed_from_order_notes,,needs_review,,,,,,,,,Y,NO_SAMPLE_QUANTITY_FOUND,sample,2026-04-03,2026-04-07,1.00,1.00,0.00,660589|756029,1,1.00,0.00,4,"04.03 UPS GROUND NO DLV FEE - MN 406.924.6442 | ** REVISED ** 1 BOX | RP//KA//CG | SAMPLE CHIPS 4 PC EURO OAK 7.5"" VOLTO"
660614,756031,2026-04-07,OMP000,sample chip,parsed_from_order_notes,,needs_review,,,,,,,,,Y,NO_SAMPLE_QUANTITY_FOUND,sample,2026-04-03,2026-04-07,1.00,1.00,0.00,660614|756031,1,3.00,0.00,2,"1 PACKAGE RP//KA//CG | SAMPLE CHIPS, ANY COLOR MUST BE AMERICA"
661045,756032,2026-04-07,PAC131,sample chip,parsed_from_order_notes,,needs_review,,,,,,,,,Y,NO_SAMPLE_QUANTITY_FOUND,sample,2026-04-07,2026-04-07,1.00,1.00,0.00,661045|756032,1,1.00,0.00,4,04.07 UPS GROUND NO DLV FEE SENDING SAMPLES - MN DJ 808.845.8700 | 1 PACKAGE RP//KA//CG | *** SEND 2 CHIPS OF EACH *** GNII MAPLE SYRUP SMOOTH | GNII MAPLE WHEAT SMOOTH
661208,076405,2026-04-07,MCC101,sample chip,parsed_from_order_notes,,needs_review,,,,,,,,,Y,NO_SAMPLE_QUANTITY_FOUND,sample,2026-04-07,2026-04-07,1.00,9.00,0.00,661208|076405,1,3.00,0.00,2,"SAMPLE CHIPS HICKORY 5"" SMOOTH NATURAL GNSSH538 1 PACKAGE | RP//KA//CG"
661331,363280,2026-04-09,WHO106,sample chip,parsed_from_order_notes,,needs_review,number_before_sample_chip_times_4_listed_items; number_before_generic_sample_times_4_listed_items,,,,,,,,Y,EACH_PATTERN_MULTIPLIED_BY_LISTED_ITEMS; MULTIPLE_QUANTITY_CANDIDATES_REVIEW_REQUIRED,sample,2026-04-07,2026-04-09,1.00,3.00,0.00,661331|363280,1,30.00,0.00,8,04/07 SAMPLES CHIPS AT NO COST VIA UPS - SE SEND 6 SAMPLES OF EACH COLOR: | GVVN904 - COSMOS GLIL802 - BEAM | GLIL805 - GLAZE GLIL807 - LUSTER | GLIL808 - SPARK *** DELIVERY CONTACT: SCOTT 408-309-8114 **** | 1 BOX RP//KA//CG | SEND 6 SAMPLES OF EACH COLOR: GVVN904 - COSMOS | GLIL802 - BEAM GLIL805 - GLAZE | GLIL807 - LUSTER GLIL808 - SPARK
661918,076508,2026-04-10,WAL126,sample chip,parsed_from_order_notes,,needs_review,,,,,,,,,Y,NO_SAMPLE_QUANTITY_FOUND,sample,2026-04-09,2026-04-10,1.00,9.00,0.00,661918|076508,1,3.00,0.00,2,SAMPLE CHIPS 1 PACKAGE | RP//KA//CG
662026,756517,2026-04-10,OLD101,sample chip,parsed_from_order_notes,12,prior_summary_manual_qty,number_before_sample_chip; number_before_generic_sample,CHIP,12,156,,,Y,,Y,PRIOR_QTY_DIFFERS_FROM_PARSED_QTY,sample,2026-04-09,2026-04-10,1.00,6.00,0.00,662026|756517,1,1.00,0.00,4,"SEND UPS GROUND NO CHARGE ATTN: BRAD 831-754-2036 1 BOX | RP//KA//CG | SEND 4 SAMPLE CHIPS HICKORY 5"" SMOOTH CHATEAU | C.V PR.WHEAT 3 1/4 AND 5"""
662129,756521,2026-04-10,20,sample chip,parsed_from_order_notes,4,prior_summary_manual_qty,number_before_sample_chip; number_before_generic_sample,CHIP,4,157,,,Y,,Y,PRIOR_QTY_DIFFERS_FROM_PARSED_QTY,sample,2026-04-10,2026-04-10,1.00,6.00,0.00,662129|756521,1,1.00,0.00,4,SHIP UPS GROUND @ NO CHARGE PER  DC LAUREN M .(214) 402-6083 | 1 PACKAGE RP//KA//CG | 2 SAMPLE CHIPS EA. GII DISTRESSED  : | - MAPLE ESPRESSO
662133,756522,2026-04-10,20,sample chip,parsed_from_order_notes,4,prior_summary_manual_qty,number_before_sample_chip; number_before_generic_sample,CHIP,4,158,,,Y,,Y,PRIOR_QTY_DIFFERS_FROM_PARSED_QTY,sample,2026-04-10,2026-04-10,1.00,6.00,0.00,662133|756522,1,1.00,0.00,5,"SHIP UPS  GROUND @ NO CHARGE PER DC JULIE V(714)916-4175 | 2058 N MILLS AVENUE UNIT #534 CLAREMONT CA,91711 1 PACKAGE | RP//KA//CG | 2 SAMPLE CHIPS EA. CRYSTAL VALLEY : | -3-1/4"" PREFINISHED ENGINEERED WHITE OAK NATURAL"
662148,756511,2026-04-10,BAS102,sample chip,parsed_from_order_notes,4,prior_summary_manual_qty,number_before_sample_chip; number_before_generic_sample,CHIP,4,159,,,Y,,Y,PRIOR_QTY_DIFFERS_FROM_PARSED_QTY,sample,2026-04-10,2026-04-10,1.00,6.00,0.00,662148|756511,1,1.00,0.00,4,SHIP UPS GROUND @ NO CHARGE PER DC ATTN : PRESTON  813/884-5793 | 1 PACKAGE RP//KA//CG | 2 SAMPLE CHIPS EA. CAROLINA CLASSIC : | - CHARLOTTE - SALEM
662282,756658,2026-04-13,20,sample chip,parsed_from_order_notes,,needs_review,,,,,,,,,Y,NO_SAMPLE_QUANTITY_FOUND,sample,2026-04-10,2026-04-13,1.00,1.00,0.00,662282|756658,1,1.00,0.00,4,04.10 UPS GROUND NO DLV FEE SENDING SAMPLES - MN SAMMIE 321.208.6034 | 1 PACKAGE RP//KA//CG | *** SEND 3 CHIPS *** CONTRACTORS CHOICE | 5/8 X 2-1/4 PREMIUM W/O S.E
662284,756659,2026-04-13,20,sample chip,parsed_from_order_notes,,needs_review,,,,,,,Y,,Y,NO_SAMPLE_QUANTITY_FOUND,sample,2026-04-10,2026-04-13,1.00,1.00,0.00,662284|756659,1,1.00,0.00,3,04.10 UPS GROUND NO CHARGE SENDING SAMPLES - MN CARMEN 407.340.4120 | 1 PACKAGE RP//KA//CG | *** SEND 3 CHIPS *** G2 WALNUT NAT SMOOTH
662286,756665,2026-04-13,20,sample chip,parsed_from_order_notes,10,prior_summary_manual_qty,number_before_sample_chip; number_before_generic_sample,CHIP,10,153,,,Y,,Y,PRIOR_QTY_DIFFERS_FROM_PARSED_QTY,sample,2026-04-10,2026-04-13,1.00,6.00,0.00,662286|756665,1,1.00,0.00,7,SHIP UPS GROUND @ NO CHARGE PER DC SUSAN (828) 508-5580 | 1 BOX RP//KA//CGG | 2  SAMPLE CHIPS EA. PRIVATE SELECTION  : | - MIRAGE ALLORA  : | - ALTURA 7 1/2 CHARACTER LEGENDS : | - LAGUNA - CHANTAL | - PROVENCE
662289,756666,2026-04-13,20,sample chip,parsed_from_order_notes,4,prior_summary_manual_qty,number_before_sample_chip; number_before_generic_sample,CHIP,4,154,,,Y,,Y,PRIOR_QTY_DIFFERS_FROM_PARSED_QTY,sample,2026-04-10,2026-04-13,1.00,6.00,0.00,662289|756666,1,1.00,0.00,5,SHIP UPS GROUND @  NO CHARGE PER DC BETH N (314) 497-5079 | 128 GOLDEN GATE POINT UNIT #702 SARASOTA  FL 34236 1 BOX | RP//KA//CG | 2 SAMPLE CHIPS EA. ALLORA : | - EUROPEAN OAK DOMA SELECT 7-1/2 - EUROPEAN OAK DOMA SELECT 9 1/2
662386,756660,2026-04-13,20,sample chip,parsed_from_order_notes,,needs_review,,,,,,,,,Y,NO_SAMPLE_QUANTITY_FOUND,sample,2026-04-10,2026-04-13,1.00,1.00,0.00,662386|756660,1,3.00,0.00,3,"SAMPLES IN TONY'S OFFICE CG | 1 BUNDLE | 1 PC EA 3/4 X 3"",4"",6"" SOLID UNF. CHERRY SQUARE EDGE"
662492,756661,2026-04-13,20,sample chip,parsed_from_order_notes,,needs_review,,,,,,,Y,,Y,NO_SAMPLE_QUANTITY_FOUND,sample,2026-04-11,2026-04-13,1.00,1.00,0.00,662492|756661,1,1.00,0.00,3,UPS GRUND NO DLV CHARGE SENDING SAMPLES - MN KATIEKROLL@GMAIL.COM | 1 PACKAGE RP//KA//CG | ** SEND 3 CHIPS ** EUROPEAN OAK PARIA 10 1/4
662841,756772,2026-04-14,FAN104,sample chip,parsed_from_order_notes,6,prior_summary_manual_qty,number_before_sample_chip; number_before_generic_sample,CHIP,6,152,,,Y,,Y,PRIOR_QTY_DIFFERS_FROM_PARSED_QTY,sample,2026-04-13,2026-04-14,1.00,6.00,0.00,662841|756772,1,1.00,0.00,5,SHIP UPS  GROUND  @ NO  CHARGE PER DC ALEX +19896980735 | 1 BOX RP//KA//CG | 2  SAMPLE  CHIPS EA. ALLORA : | -ALLORA ARIA  7.5 -ALLORA SELLA SELECT 7.5 | -ALLORA VOLTO 7.5
661740,756897,2026-04-15,COM119,sample chip,parsed_from_order_notes,16,parsed_from_order_notes,number_before_sample_chip_times_2_listed_items; number_before_generic_sample_times_2_listed_items,,,,,,,,Y,EACH_PATTERN_MULTIPLIED_BY_LISTED_ITEMS,sample,2026-04-08,2026-04-15,1.00,1.00,0.00,661740|756897,1,1.00,0.00,4,"04.08 SAMPLE CHIPS UPS GROUND NO DLV FEE - MN RACHEL 847.219.0218 OR TRAVIS 520.237.4525 | 1 PACKAGE RP//KA//CG | ** SEND 3 CHIPS OF EACH ** ACACIA GOLD 5"" | ACACIA NATURAL 5"""
663343,757070,2026-04-16,20,sample chip,parsed_from_order_notes,6,prior_summary_manual_qty,number_before_sample_chip; number_before_generic_sample,CHIP,6,142,,,Y,,Y,PRIOR_QTY_DIFFERS_FROM_PARSED_QTY,sample,2026-04-15,2026-04-16,1.00,6.00,0.00,663343|757070,1,1.00,0.00,5,SHIP UPS GROUND  @  NO CHARGE PER DC LISA C.(512) 426-8391 | 1 BOX RP//KA//CG | 2  SAMPLE CHIPS EA. LEGENDS  : | - BRIGITTE 7.5 - CAFFE | - LA BELLE
663372,757035,2026-04-16,FAN104,sample chip,parsed_from_order_notes,68,prior_summary_manual_qty,number_before_sample_chip; number_before_generic_sample,CHIP,68,143,,,Y,,Y,PRIOR_QTY_DIFFERS_FROM_PARSED_QTY,sample,2026-04-15,2026-04-16,1.00,6.00,0.00,663372|757035,1,1.00,0.00,12,SHIP  UPS GROUND @  NO CHARGE PER DC BRYCE LINDSAY 360-326-8794 | 2 BOXES RP//KA//CG | 1Z9380460320467831 | 4  SAMPLE CHIP EA. LEGENDS  : | -GLENWOOD        -PROVENCE - LODI           -LA BELLE NAT.OIL | - PARIA           -MONZA     - BIANCA          -ROMANTIQUE | - BRIGITTE        -VERONA - CAFFE | - CAFFE NAT.OIL - CHANTAL | - LUGANA       - PINOT | CAROLINA CLASSIC : - DURHAM | - MONROE GII SMOOTH  : | -  MAPLE ESSPRESSO
663212,757274,2026-04-17,HAR100,sample chip,parsed_from_order_notes,,needs_review,,,,,,,,,Y,NO_SAMPLE_QUANTITY_FOUND,sample,2026-04-14,2026-04-17,1.00,1.00,0.00,663212|757274,1,1.00,0.00,4,04.14 UPS GROUND NO DLV FEE SENDING SAMPLES - MN 406.586.9212 | SHOP DLV 1 PACKAGE | RP//KA//CG | SEND 3 SHORT PLANTS FROM BOX FARWELL CANYON CREST ** MUST BE LOT #50086 ** OK PER TONY A
664094,757282,2026-04-17,20,sample chip,parsed_from_order_notes,4,prior_summary_manual_qty,number_before_sample_chip; number_before_generic_sample,CHIP,4,141,,,Y,,Y,PRIOR_QTY_DIFFERS_FROM_PARSED_QTY,sample,2026-04-17,2026-04-17,1.00,6.00,0.00,664094|757282,1,1.00,0.00,4,SHIP UPS GROUND @ NO CHARGE PER DC LAUREN(214) 402-6083 | RP//ES ( 1 PKG ) | 2  SAMPLE CHIPS EA. GII DISTRESSED  : | -MAPLE LATTE- DISTRESSED -MAPLE SYRUP DISTRESSED.
664322,757410,2026-04-20,20,sample chip,parsed_from_order_notes,4,prior_summary_manual_qty,number_before_sample_chip; number_before_generic_sample,CHIP,4,139,,,Y,,Y,EACH_PATTERN_ITEM_COUNT_NOT_CONFIDENT; PRIOR_QTY_DIFFERS_FROM_PARSED_QTY,sample,2026-04-20,2026-04-20,1.00,1.00,0.00,664322|757410,1,1.00,0.00,3,NICOLE 859.486.3100 NO CHARGE FOR UPS GROUND DLV | KA // JSA 1 PACKAGE | PLEASE SEND 2 SAMPLE CHIPS OF EACH: ACACIA BLACK WALNUT & ACACIA BRONZE
664143,757540,2026-04-21,WAR105,sample chip,parsed_from_order_notes,,needs_review,number_before_sample_chip; number_before_generic_sample,,,,,,,,Y,MULTIPLE_QUANTITY_CANDIDATES_REVIEW_REQUIRED,sample,2026-04-17,2026-04-21,1.00,1.00,0.00,664143|757540,1,1.00,0.00,6,"04.17 SAMPLE CHIPS - MN LAURA 831.429.8221 | 1 BOX RP//KA//CG | SEND 2 SAMPLE CHIPS MAPLE 5"" DURHAM | MAPLE 5"" MONROE MAPLE 5"" SYRUP DISTRESSED | MAPLE 5"" SYRUP SMOOTH WHITE OAK 5"" AUTUMN DISTRESSED | MAPLE 5"" SMOOTH CHESTNUT"
664596,076684,2026-04-21,PRO239,sample chip,parsed_from_order_notes,,needs_review,,,,,,,,,Y,NO_SAMPLE_QUANTITY_FOUND,sample,2026-04-20,2026-04-21,1.00,9.00,0.00,664596|076684,1,2.00,0.00,2,"SAMPLE CHIPS EURO OAK 7.5"" CHANTAL LEGENDS 1 PACKAGE | RP//KA//CG"
664886,757528,2026-04-21,PRO230,sample chip,parsed_from_order_notes,6,parsed_from_order_notes,number_before_sample_chip_times_2_listed_items; number_before_generic_sample_times_2_listed_items,,,,,,,,Y,EACH_PATTERN_MULTIPLIED_BY_LISTED_ITEMS,pcs; sample,2026-04-21,2026-04-21,1.00,1.00,0.00,664886|757528,1,1.00,0.00,5,04.21 UPS GROUND DLV SENDING CHIPS - MN NEIL 239.597.0077 | 1 BOX | RP//KA//CG | 3 SAMPLE CHIPS PCS OF EACH *** SILK | *** CHAMPAGNE
664909,757501,2026-04-21,FRO101,sample chip,parsed_from_order_notes,8,prior_summary_manual_qty,number_before_sample_chip; number_before_generic_sample,CHIP,8,137,,,Y,,Y,PRIOR_QTY_DIFFERS_FROM_PARSED_QTY,sample,2026-04-21,2026-04-21,1.00,6.00,0.00,664909|757501,1,1.00,0.00,5,SHIP UPS GROUND @ NO CHARGE PER DC EILEEN PLUNKETT PSENKA   727/724-3862 | 1 BOX RP//KA//CG | 2  SAMPLE CHIPS EA. ALLORA : | -DOMA 7.5 SELECT -DOMA 7.5 CHARACTER | -DOMA 9.5 SELECT -DOMA 9.5 CHARACTER
665125,757681,2026-04-22,NAT105,sample chip,parsed_from_order_notes,9,prior_summary_manual_qty,number_before_sample_chip; number_before_generic_sample,CHIP,9,131,,,Y,,Y,PRIOR_QTY_DIFFERS_FROM_PARSED_QTY,sample,2026-04-22,2026-04-22,1.00,6.00,0.00,665125|757681,1,1.00,0.00,5,SHIP UPS GROUND  @  NO CHARGE PER  DC ATTN  :  TJ  801/977-1171 | 1 BOX RP//KA//CG | 3  SAMPLE CHIPS EA. EXOTIC: | - ACACIA NATURAL - ACACIA GOLD | - ACACIA BRONZE - ACACIA BLACK WALNUT
665177,757658,2026-04-22,GRE137,sample chip,parsed_from_order_notes,,needs_review,,,,,,,Y,,Y,NO_SAMPLE_QUANTITY_FOUND,sample,2026-04-22,2026-04-22,1.00,1.00,0.00,665177|757658,1,15.00,0.00,3,"NO CHARGE FOR UPS OR SAMPLE CHIPS OK PER TONY 1 BOX | RP//KA//CG | ALLORA: VENTASSO 7.5"" LEGENDS: CAFFE (UV OIL)"
665574,757871,2026-04-23,MDC100,sample chip,parsed_from_order_notes,,needs_review,,CHIP,,1760,,,,,Y,NO_SAMPLE_QUANTITY_FOUND,sample,2026-04-23,2026-04-23,1.00,1.00,0.00,665574|757871,1,1.00,0.00,3,4/23: NO UPS GROUND CHARGE FOR SAMPLES 1 PACKAGE | RP//KA//CG | 2 CHIPS : HICKORY VINTAGE
665963,758181,2026-04-27,THR102,sample chip,parsed_from_order_notes,8,prior_summary_manual_qty,number_before_sample_chip; number_before_generic_sample,CHIP,8,124,,,Y,,Y,PRIOR_QTY_DIFFERS_FROM_PARSED_QTY,pieces; sample,2026-04-24,2026-04-27,1.00,6.00,0.00,665963|758181,1,1.00,0.00,4,SHIP UPS  GROUND  @  NO  CHARGE  PER  DC VINCENT TACCETTA  407-550-4766 | 1 BOX RP//KA//CG | 1  SAMPLE  CHIPS  EA. ALL PIECES OF G2 DISTRESSED****** | ALL PIECES OF CAROLINA CLASSIC. *******
666244,076795,2026-04-27,PRO099,sample chip,parsed_from_order_notes,,needs_review,,,,,,,,,Y,NO_SAMPLE_QUANTITY_FOUND,sample,2026-04-27,2026-04-27,1.00,9.00,0.00,666244|076795,1,5.00,0.00,3,SEND FOR 4/27 AA 1 PACKAGE | RP//KA//CG | ** SAMPLE CHIPS**
666523,758373,2026-04-28,20,sample chip,parsed_from_order_notes,,needs_review,,,,,,,,,Y,NO_SAMPLE_QUANTITY_FOUND,sample,2026-04-28,2026-04-28,1.00,1.00,0.00,666523|758373,1,1.00,0.00,4,"04.28 UPS GROUND NO DLV ** SENDING SAMPLES - MN MARIA 813.505.4280 | LKAVOUKLIS@AOL.COM 1 PACKAGE | RP//KA//CG | ** SEND 3 CHIPS ** SANTOS MAHOGANY 5"""
666525,758374,2026-04-28,20,sample chip,parsed_from_order_notes,,needs_review,,,,,,,,,Y,NO_SAMPLE_QUANTITY_FOUND,sample,2026-04-28,2026-04-28,1.00,1.00,0.00,666525|758374,1,1.00,0.00,4,04.28 UPS GROUND NO DLV FEE ** SENDING SAMPLES ** MN SUE MILLER 202.823.6995 | SUE@LINDEN-CREEK.COM 1 PACKAGE | RP//KA//CG | ** SEND 3 CHIPS ** SANTOS MAHOGANY
666533,758375,2026-04-28,20,sample chip,parsed_from_order_notes,,needs_review,,,,,,,,,Y,NO_SAMPLE_QUANTITY_FOUND,sample,2026-04-28,2026-04-28,1.00,1.00,0.00,666533|758375,1,1.00,0.00,4,04.28 UPS GROUND NO DLV FEE ** SENDING SAMPLES ** MN JODI 307.200.1336 | JODIEPEDERSON@GMAIL.COM 1 PACKAGE | RP//KA//CG | ** SEND 3 CHIPS ** NEWPORT LAGUNA BEACH
666639,758336,2026-04-28,HAW101,sample chip,parsed_from_order_notes,4,prior_summary_manual_qty,number_before_sample_chip; number_before_generic_sample,CHIP,4,122,,,Y,,Y,PRIOR_QTY_DIFFERS_FROM_PARSED_QTY,sample,2026-04-28,2026-04-28,1.00,6.00,0.00,666639|758336,1,1.00,0.00,5,SHIP  UPS  GROUND @  NO CHARGE PER DC 808-842-7755    HAWAII  HARDWOOD | 1 PACKAGE RP//KA//CG | 2  SAMPLE  CHIPS EA. GII SMOOTH  : | -  WALNUT  NATURAL  SMOOTH LEGENDS  : | - WALNUT  NATURAL
666642,076830,2026-04-28,PRO099,sample chip,parsed_from_order_notes,,needs_review,,,,,,,,,Y,NO_SAMPLE_QUANTITY_FOUND,sample,2026-04-28,2026-04-28,1.00,9.00,0.00,666642|076830,2,4.00,0.00,2,SAMPLE CHIPS ATTEN: TROY 1 PACKAGE | RP//KA//CG
666701,758330,2026-04-28,FLO305,sample chip,parsed_from_order_notes,,needs_review,,,,,,,,,Y,NO_SAMPLE_QUANTITY_FOUND,cut,2026-04-28,2026-04-28,1.00,1.00,0.00,666701|758330,1,2.00,0.00,3,"4.28:OK PER JM 1 PACKAGE | RP//KA//CG | CV - PRAIRIE WHEAT 3-1/4"" / 5"" CUTS"
666799,758533,2026-04-29,URB104,sample chip,parsed_from_order_notes,,needs_review,,,,,,,,,Y,NO_SAMPLE_QUANTITY_FOUND,sample,2026-04-28,2026-04-29,1.00,1.00,0.00,666799|758533,1,1.00,0.00,3,04.28 UPS GROUND NO DLV FEE ** SENDING SAMPLES ** MN 800.401.3690 | 1 PACKAGE RP//KA//CG | *** SEND 4 CHIPS *** LEGENDS CHANTAL
666931,758537,2026-04-29,20,sample chip,parsed_from_order_notes,,needs_review,,,,,,,,,Y,NO_SAMPLE_QUANTITY_FOUND,sample,2026-04-29,2026-04-29,1.00,1.00,0.00,666931|758537,1,1.00,0.00,4,04.29 UPS GROUND NO DLV FEE ** SENDING SAMPLES ** MN BRITTANY 713.819.5242 | BRITTANY@MEGLONERGAN.COM 1 PACKAGE | RP//KA//CG | *** SEND 3 CHIPS *** NEWPORT DEL MAR
666935,758538,2026-04-29,20,sample chip,parsed_from_order_notes,,needs_review,,,,,,,,,Y,NO_SAMPLE_QUANTITY_FOUND,sample,2026-04-29,2026-04-29,1.00,1.00,0.00,666935|758538,1,1.00,0.00,5,04.29 UPS GROUND NO DLV FEE ** SENDING SAMPLES ** MN KARI 941.807.5253 | KFURTEK@GMAIL.COM 1 BOX | RP//KA//CG | *** SEND 3 CHIPS OF EACH ** SAHARA COLOR #5 | ALPINE CARMELITA
666941,758539,2026-04-29,20,sample chip,parsed_from_order_notes,,needs_review,,,,,,,,,Y,NO_SAMPLE_QUANTITY_FOUND,sample,2026-04-29,2026-04-29,1.00,1.00,0.00,666941|758539,1,1.00,0.00,4,04.29 UPS GROUND NO DLV FEE ** SENDING SAMPLES ** MN BRITTANY 510.219.1524 | BRITTANYSNOW0898@GMAIL.COM 1 PACKAGE | RP//KA//CG | ** SEND 3 CHIPS ** WALDEN
666948,758541,2026-04-29,20,sample chip,parsed_from_order_notes,,needs_review,,,,,,,,,Y,NO_SAMPLE_QUANTITY_FOUND,sample,2026-04-29,2026-04-29,1.00,1.00,0.00,666948|758541,1,1.00,0.00,4,"04.29 GROUND FLOOR DLV NO FEE ** SENDING SAMPLES ** MN MELODIE ROWBOTHAM 636.399.4818 | MROWBOTHAM@CHARTER.NET 1 PACKAGE | RP//KA//CG | ** SEND 3 CHIPS ** MAPLE SYRUP DISTRESS 5"""
667094,758494,2026-04-29,DON115,sample chip,parsed_from_order_notes,,needs_review,,,,,,,Y,,Y,NO_SAMPLE_QUANTITY_FOUND,sample,2026-04-29,2026-04-29,1.00,1.00,0.00,667094|758494,1,2.00,0.00,3,SAMPLES AND UPS @ NO CHARGE CONTACT: AARON SAGE PHONE:248-437-8146 | 1 PACKAGE RP//KA//CG | COMP BUSTER:BIRCH TRUFFLE CAROLINA CLASSIC:HICKORY CHARLOTTE
667131,758678,2026-04-30,MOC100,sample chip,parsed_from_order_notes,,needs_review,,,,,,,,,Y,NO_SAMPLE_QUANTITY_FOUND,sample,2026-04-29,2026-04-30,1.00,1.00,0.00,667131|758678,1,1.00,0.00,4,04.29 UPS GROUND DLV NO FEE ** SENDING SAMPLES ** MN CRIS 602.657.8725 | 1 PACKAGE RP//KA//CG | ** SEND 3 CHIPS ** GNII NATURAL WALNUT SMOOTH | GNII NATURAL WALNUT DIRSTRESS
667234,758697,2026-04-30,20,sample chip,parsed_from_order_notes,,needs_review,,,,,,,,,Y,NO_SAMPLE_QUANTITY_FOUND,sample,2026-04-29,2026-04-30,1.00,1.00,0.00,667234|758697,1,1.00,0.00,3,4/29 : NO UPS GROUND CHARGE FOR SAMPLES 1 PACKAGE | RP//KA/CG | 2 CHIPS : LUSTER
667445,758675,2026-04-30,MCC112,sample chip,parsed_from_order_notes,4,prior_summary_manual_qty,number_before_sample_chip; number_before_generic_sample,CHIP,4,121,,,Y,,Y,PRIOR_QTY_DIFFERS_FROM_PARSED_QTY,sample,2026-04-30,2026-04-30,1.00,1.00,0.00,667445|758675,1,1.00,0.00,4,"04/30 NO CHARGE JIM 916.616.2191 | 1 BOX | RP//KA//CG | PLEASE SEND 2 SAMPLE CHIPS OF THE FOLLOWING: ALLORA SELLA 9.5"" CHARACTER, SELLA SELECT 7.5"""
667475,758662,2026-04-30,FRO101,sample panel,parsed_from_order_notes,,needs_review,,,,,,,,,Y,NO_SAMPLE_QUANTITY_FOUND,panel,2026-04-30,2026-04-30,1.00,1.00,0.00,667475|758662,1,1.00,0.00,2,4.30: OK PER DC CHANGED FROM PANEL TO CTS PER DC - REPRINT | 1 PACKAGE RP//KA//CG
666424,CM9588,2026-05-01,WIL103,sample panel,parsed_from_order_notes,,needs_review,,,,,,,,,Y,NO_SAMPLE_QUANTITY_FOUND,sample,2026-04-30,2026-05-01,1.00,3.00,0.00,666424|CM9588,1,-1.00,0.00,3,04/27 CUSTOMER RETURNED CTN AND SAMPLE BOARD. NO BTS REFERENCE IS AVAILABLE BECAUSE THE BOX WAS | TAKEN UNDER ORDER 362733 MATERIALS WHERE RETURNED IN JANUARY - SABRINA FOUND THE PHOT | 1 CTN @ 23.32 SF
667326,758801,2026-05-01,BUL102,sample panel,parsed_from_order_notes,,needs_review,,,,117,50.00,single_dollar_amount_in_order_notes,,50.00,Y,NO_SAMPLE_QUANTITY_FOUND; VERIFY_AMOUNT_IS_FREIGHT_OR_SAMPLE_COST,sample; panel,2026-04-30,2026-05-01,1.00,4.00,0.00,667326|758801,1,1.00,0.00,4,DEPOSIT OF $50.00 9499036643 M | MIRAGE MESA | CANNON CUSTOMER RETURNED SAMPLE PANELS AND HER CASH WAS RETURNED | AS WELL. 5/1 SMG
667332,758802,2026-05-01,BUL102,sample panel,parsed_from_order_notes,,needs_review,,,,118,100.00,single_dollar_amount_in_order_notes,,100.00,Y,NO_SAMPLE_QUANTITY_FOUND; VERIFY_AMOUNT_IS_FREIGHT_OR_SAMPLE_COST,sample; panel,2026-04-30,2026-05-01,1.00,4.00,0.00,667332|758802,1,1.00,0.00,4,$100.00 DEPOSIT 4/30 CS AARON 310 890 9815 | CUSTOMER RETURNED SAMPLE PANELS AND WILL ADVISE ON ANY ORDER HIS CASH WAS RETURNED AS WELL. | DOMA LODI | RODEO DRIVE
667498,758889,2026-05-01,OMP000,sample chip,parsed_from_order_notes,,needs_review,,,,,,,,,Y,NO_SAMPLE_QUANTITY_FOUND,sample,2026-04-30,2026-05-01,1.00,1.00,0.00,667498|758889,1,5.00,0.00,6,MUST SHIP UPS ATTN: GLENN | COLLECT FROM DILAN 1 PACKAGE | RP//KA//CG | SAMPLES FOR: DF8520 | OM6 MORET_ | MONO916_3S MONO12_3S
667553,758868,2026-05-01,FLO239,sample chip,parsed_from_order_notes,10,prior_summary_manual_qty,number_before_sample_chip; number_before_generic_sample,CHIP,10,119,,,Y,,Y,PRIOR_QTY_DIFFERS_FROM_PARSED_QTY,sample,2026-04-30,2026-05-01,1.00,6.00,0.00,667553|758868,1,1.00,0.00,4,"SHIP  UPS   GROUND  @  NO CHARGE PER DC JEFF FRYE    :  602-759-0019 | 1 PACKAGE RP//KA//CG | 2 SAMPLE CHIPS EA. CRYSTAL VALLEY : (  CHINA ) | -MAPLE 5"" NATURAL - CHINA. 1/2 X 5 WITH A 2.2 WEAR  LAYER"
667655,758902,2026-05-01,20,sample chip,parsed_from_order_notes,,needs_review,,,,,,,,,Y,NO_SAMPLE_QUANTITY_FOUND,sample,2026-05-01,2026-05-01,1.00,1.00,0.00,667655|758902,1,1.00,0.00,5,05.01 UPS GROUND NO DLV FEE ** SENDING SAMPLES ** MN LEO 707.338.1552 | LEO.STEARNS@COMCAST.NET 1 BOX | RP//KA//CG | *** SEND 2 CHIPS EACH *** DOMA SELECT 9.5 | DOMA 9.5 SELLA 9.5
667768,758887,2026-05-01,NAT119,sample chip,parsed_from_order_notes,,needs_review,,,,,,,,,Y,NO_SAMPLE_QUANTITY_FOUND,sample,2026-05-01,2026-05-01,1.00,1.00,0.00,667768|758887,1,1.00,0.00,3,05.01 UPS GROUND NO DLV FEE ** SENDING SAMPLES ** MN MITCH 813.616.1600 | 1 PACKAGE RP//KA//CG | *** SEND 3 CHIPS *** PATAGONIAN ROSEWOOD
667861,759061,2026-05-04,20,sample chip,parsed_from_order_notes,,needs_review,,,,,,,,,Y,NO_SAMPLE_QUANTITY_FOUND,sample,2026-05-01,2026-05-04,1.00,1.00,0.00,667861|759061,1,1.00,0.00,3,"05.01 UPS GROUND NO DLV FEE ** SENDING SAMPLES ** MN SL.GILPIN88@GMAIL.COM | SARAH 248.320.4007 KA//CG ( 1 PKG ) | ** SEND 3 CHIPS ** ACACIA BRONZE 5"""
668293,759141,2026-05-05,GRE137,sample chip,parsed_from_order_notes,,needs_review,,,,,,,Y,,Y,NO_SAMPLE_QUANTITY_FOUND,sample,2026-05-04,2026-05-05,1.00,1.00,0.00,668293|759141,1,12.00,0.00,3,"SAMPLE CHIPS AND UPS @ NO CHARGE OK PER TONY 1 BOX | RP//KA//CG | CHIPS OF LEGENDS LA BELLE, NATURAL OIL.PART#GFLEO9502O"
668299,759140,2026-05-05,EKO101,sample chip,parsed_from_order_notes,,needs_review,,,,,,,Y,,Y,NO_SAMPLE_QUANTITY_FOUND,sample,2026-05-04,2026-05-05,1.00,1.00,0.00,668299|759140,1,6.00,0.00,3,SAMPLES AND UPS 2ND DAY AT NO CHARGE CONTACT:AMANDA POZNANSKI PHONE:347-628-3965 | 1 BOX RP//KA//CG | LEGENDS-NATURAL OIL LA BELLE
668394,759175,2026-05-05,20,sample chip,parsed_from_order_notes,,needs_review,,,,,,,,,Y,NO_SAMPLE_QUANTITY_FOUND,sample,2026-05-05,2026-05-05,1.00,1.00,0.00,668394|759175,1,1.00,0.00,4,05.05 UPS GROUND NO DLV FEE ** SENDING SAMPLES ** MN SCOT 480.304.1793 | SGTEASDALE@AZAG.GOV 1 PACKAGE | RP//KA//CG | ** SEND 3 PC ** G2 WALNUT NAT SMOOTH
668398,759160,2026-05-05,PAR132,sample chip,parsed_from_order_notes,,needs_review,,,,,,,,,Y,NO_SAMPLE_QUANTITY_FOUND,sample,2026-05-05,2026-05-05,1.00,1.00,0.00,668398|759160,1,1.00,0.00,6,ATTN: JAMES ROMANO UPS GROUND NO DLV FEE ** SENDING SAMPLES ** MN | 808.853.1717 1 PACKAGE | RP//KA//CG | ** SEND 3 CHIPS ** EXOTICS | PATAGONIAN ROSEWOOD SAPELE | SANTOS MAHOGANY
668554,759137,2026-05-05,CEN119,sample panel,parsed_from_order_notes,,needs_review,,,,,,,,,Y,NO_SAMPLE_QUANTITY_FOUND,panel,2026-05-05,2026-05-05,1.00,1.00,0.00,668554|759137,1,1.00,0.00,3,5.5: OK PER JM 1 BOX | RP//KA//CG | PANEL
669080,759448,2026-05-07,HAS101,sample chip,parsed_from_order_notes,,needs_review,,CHIP,,1759,,,,,Y,NO_SAMPLE_QUANTITY_FOUND,sample,2026-05-07,2026-05-07,1.00,1.00,0.00,669080|759448,1,1.00,0.00,3,"5/7: NO UPS GROUND CHARGE FOR SAMPLES 1 BOX | RP//KA//CG | 2 CHIPS OF EA: RODEO DR, BURTON, WALDEN, LOMA LINDA"
668999,759641,2026-05-08,JZF100,sample panel,parsed_from_order_notes,,needs_review,,,,,,,,,Y,NO_SAMPLE_QUANTITY_FOUND,panel,2026-05-06,2026-05-08,1.00,1.00,0.00,668999|759641,1,1.00,0.00,4,OK PER JM 1 BOX | RP//KA//CG | GNII- HICKORY NATURAL SMOOTH PANEL GNII- HICKORY CHATEAU SMOOTH PANEL | GNII -AUTUMN DISTRESSED PANEL
669272,077102,2026-05-08,PRO099,sample chip,parsed_from_order_notes,,needs_review,,,,,,,,,Y,NO_SAMPLE_QUANTITY_FOUND,sample,2026-05-07,2026-05-08,1.00,9.00,0.00,669272|077102,3,6.00,0.00,2,SAMPLE CHIPS 1 BOX | RP//KA//CG
669292,759634,2026-05-08,HAS101,sample chip,parsed_from_order_notes,,needs_review,,CHIP,,1758,,,,,Y,NO_SAMPLE_QUANTITY_FOUND,sample,2026-05-07,2026-05-08,1.00,1.00,0.00,669292|759634,1,1.00,0.00,3,5/7: NO UPS GROUND CHARGE FOR SAMPLES | 1 PACKAGE RP//KA//CG | 2 CHIPS : REXFORD
669451,759670,2026-05-08,20,sample chip,parsed_from_order_notes,,needs_review,,,,,,,,,Y,NO_SAMPLE_QUANTITY_FOUND,sample,2026-05-08,2026-05-08,1.00,1.00,0.00,669451|759670,1,1.00,0.00,5,05.08 UPS GROUND NO DLV FEE ** SENDING SAMPLES ** MN LORI WIER 202.409.4846 | LORI@ANDERSONWIERSTUDIO.COM 1 BOX | RP//KA//CG | ** SEND 3 CHIPS ** ROMANTIQUE 9 1/2 | VOLTO 9 1/2
669671,077124,2026-05-11,50,sample chip,parsed_from_order_notes,,needs_review,,,,,,,Y,,Y,NO_SAMPLE_QUANTITY_FOUND,cut,2026-05-08,2026-05-11,1.00,9.00,0.00,669671|077124,1,2.00,0.00,2,PLEASE SEND 2 CUTS OF THE LEGENDS GLENWOOD. NO CHARGE PER BRAD. NM | 1 PACKAGE RP//KA//CG
670338,759892,2026-05-12,RAM107,sample chip,parsed_from_order_notes,10,prior_summary_manual_qty,number_before_sample_chip; number_before_generic_sample,CHIP,10,113,,,,,Y,EACH_PATTERN_ITEM_COUNT_NOT_CONFIDENT; PRIOR_QTY_DIFFERS_FROM_PARSED_QTY,sample,2026-05-12,2026-05-12,1.00,1.00,0.00,670338|759892,1,1.00,0.00,3,"HENRY 805.965.0095 1 PACKAGE | RP//KA//CG | PLEASE SEND 2 SAMPLE CHIPS OF EACH CYSTAL VALLEY MAPLE 5"" & RED OAK 5"" *** NOT AMERICA ***"
670383,760091,2026-05-13,AST100,sample panel,parsed_from_order_notes,,needs_review,,,,,,,,,Y,NO_SAMPLE_QUANTITY_FOUND,sample; panel,2026-05-12,2026-05-13,1.00,1.00,0.00,670383|760091,1,1.00,0.00,4,05.12 SEND SAMPLE PANELS PER JIM - MN ** UPS GROUND NO DLV FRED 209.571.8583 | 1 BOX RP//KA//CG | **** SEND SAMPLE PANEL **** DIST HICKORY SIERRA | SMOOTH MAPLE ESPRESSO SMOOTH HICKORY CHATEAU
670456,760095,2026-05-13,DOR103,sample chip,parsed_from_order_notes,,needs_review,,,,,,,,,Y,NO_SAMPLE_QUANTITY_FOUND,sample,2026-05-12,2026-05-13,1.00,1.00,0.00,670456|760095,1,1.00,0.00,3,05.12 UPS GROUND NO DLV FEE SENDING SAMPLES - MN 305.716.4997 | 1 PACKAGE RP//KA//CG | ** SEND 3 CHIPS ** ALLORA VENTASSO 7.5
670512,760101,2026-05-13,20,sample chip,parsed_from_order_notes,,needs_review,,,,,,,,,Y,NO_SAMPLE_QUANTITY_FOUND,sample,2026-05-13,2026-05-13,1.00,1.00,0.00,670512|760101,1,1.00,0.00,4,05.13 UPS GROUND NO DLV SENDING SAMPLES - MN LES@DEALERSHIP-SOLUTIONS.COM | 727.674.3088 1 PACKAGE | RP//KA//CG | *** SEND 3 CHIPS **** SMOOTH WALNUT ANTIQUE
670546,760258,2026-05-14,20,sample chip,parsed_from_order_notes,,needs_review,,,,,,,,,Y,NO_SAMPLE_QUANTITY_FOUND,sample,2026-05-13,2026-05-14,1.00,1.00,0.00,670546|760258,1,1.00,0.00,4,05.13 UPS GROUND NO DLV FEE ** SENDING SAMPLES ** MN JDCBR@EARTHLINK.NET | 225.931.0183 1 PACKAGE | RP//KA//CG | ** 3 CHIPS ** VENTASSO 7.5
670734,760231,2026-05-14,NAT119,sample chip,parsed_from_order_notes,,needs_review,,CHIP,,1754,,,,,Y,NO_SAMPLE_QUANTITY_FOUND,sample,2026-05-13,2026-05-14,1.00,1.00,0.00,670734|760231,1,1.00,0.00,3,5/13: NO UPS GROUND CHARGE FOR SAMPLES 1 PACKAGE | RP//KA//CG | 3 CHIPS OF EA: EXOTICS SAPELE
670805,760201,2026-05-14,CAL169,sample chip,parsed_from_order_notes,,needs_review,,,,,,,,,Y,NO_SAMPLE_QUANTITY_FOUND,cut,2026-05-13,2026-05-14,1.00,1.00,0.00,670805|760201,1,2.00,0.00,4,OK PER JM 1 BOX | RP//KA//CG | MEGA CLICK AC4 - ARDEN CUTS MEGA CLICK DIANA - BUCKHEAD | MEGA CLICK AC5 - HONEYCOMB
670873,760230,2026-05-14,NAT105,sample chip,parsed_from_order_notes,4,parsed_from_order_notes,number_before_pcs_times_2_listed_items,,,1755,,,,,Y,EACH_PATTERN_MULTIPLIED_BY_LISTED_ITEMS,pcs; sample,2026-05-14,2026-05-14,1.00,1.00,0.00,670873|760230,1,1.00,0.00,4,05.14 UPS GROUND NO DLV FEE ** SENDING SAMPLES - MN 801.977.1171 | 1 BOX RP//KA//CG | ** 2 PCS OF EACH ** ALL ALLORA 9.5 SELECT COLLECTION | ALL ALLORA 7.5 SELECT COLLECTION ALL GOLD LABEL COLLECTION
671027,760247,2026-05-14,SHE103,sample chip,parsed_from_order_notes,,needs_review,,,,,,,,,Y,NO_SAMPLE_QUANTITY_FOUND,cut,2026-05-14,2026-05-14,1.00,1.00,0.00,671027|760247,1,2.00,0.00,3,OK PER JM 1 PACKAGE | RP//KA//CG | EXOTICS - SANTOS MAHOGANY CUTS EXOTICS - BRAZILIAN CHERRY CUTS
671064,760212,2026-05-14,FLO181,sample chip,parsed_from_order_notes,,needs_review,,,,1757,,,,,Y,NO_SAMPLE_QUANTITY_FOUND,sample,2026-05-14,2026-05-14,1.00,1.00,0.00,671064|760212,1,1.00,0.00,3,5/14:NO UPS GROUND CHARGE FOR SAMPLES 1 BOX | RP//KA//CG | 2 CHPS OF EA: ALL COLOR COMP. BUSTER
318,500319,2026-05-15,GRE137,sample chip,parsed_from_order_notes,,needs_review,,,,,,,Y,,Y,NO_SAMPLE_QUANTITY_FOUND,sample,2026-05-15,2026-05-15,1.00,50.00,0.00,318|500319,1,12.00,0.00,6,"SAMPLE CHIPS AND UPS @ NO CHARGE OK PER TA 4 BOXES | RP//KA//CG 1Z9380460309035097 | 1Z9380460303077106 1Z9380460313923119 | BEVERLY HILLS:CARMELITA, LOMA LINDA,DOHENY NEWPORT:DEL MAR,LAGUNA BEACH,MANHATTAN BEACH,SHELL BEACH, | PEBBLE BEACH LEGENDS:PROVENCE,BRIGITTE,PINOT,BIANCA,WALNUT NATURAL,LUGANA | PRIVATE SELECTION:DUNE GOLD LABEL:CHAMPAGNE"
670661,760447,2026-05-15,MCC112,sample chip,parsed_from_order_notes,,needs_review,number_before_pcs_times_5_listed_items; number_before_pcs_times_4_listed_items; number_before_pcs_times_3_listed_items; number_before_pcs_times_2_listed_items; number_before_pcs,,,,,,,,Y,EACH_PATTERN_MULTIPLIED_BY_LISTED_ITEMS; EACH_PATTERN_ITEM_COUNT_NOT_CONFIDENT; MULTIPLE_QUANTITY_CANDIDATES_REVIEW_REQUIRED,pcs; cut,2026-05-13,2026-05-15,1.00,1.00,0.00,670661|760447,1,1.00,0.00,7,OK PER JM // RESIDENTIAL RP / KA // JSA // CG | 1 PALLET OK PER AA SHIP @ NC | EXOTICS CUTS - 2 PCS OF EACH COLOR PRIVATE SELECTION CUTS - 3 PCS OF EACH COLOR | GOLD LABEL - 5 PCS OF EACH COLOR GNSS SMOOTH - 5 PCS OF EACH COLOR | CVUSA- 5 PCS OF EACH COLOR CV CHINA -  5 PCS OF EACH COLOR | BEVERLY HILLS -  5 PCS OF EACH COLOR LEGENDS -  5 PCS OF EACH COLOR | ALLORA 7.5/9.5 -  5 PCS OF EACH COLOR CONTRACTORS CHOICE -  5 PCS OF EACH COLOR
671198,760454,2026-05-15,20,sample chip,parsed_from_order_notes,,needs_review,,,,,,,,,Y,NO_SAMPLE_QUANTITY_FOUND,sample,2026-05-15,2026-05-15,1.00,1.00,0.00,671198|760454,1,1.00,0.00,4,05.15 SENDING SAMPLES UPS GROUND NO DLV FEE - MN 1 BOX | RP//KA//CG | *** SEND 3PC EACH *** ALTURA 9.5 | SAHARA DUNE
672075,077317,2026-05-19,COR122,sample chip,parsed_from_order_notes,,needs_review,,,,,,,Y,,Y,NO_SAMPLE_QUANTITY_FOUND,cut,2026-05-19,2026-05-19,1.00,9.00,0.00,672075|077317,1,3.00,0.00,2,"PLEASE SEND 3 CUTS OF THE CRYSTAL VALLEY MAPLE NATURAL 5"" CHINA VERSION. NO CHARGE PER BRAD NM | 1 PACKAGE RP//KA//CG"
672076,077320,2026-05-19,THE114,sample chip,parsed_from_order_notes,,needs_review,,,,,,,,,Y,NO_SAMPLE_QUANTITY_FOUND,sample,2026-05-19,2026-05-19,1.00,9.00,0.00,672076|077320,1,2.00,0.00,2,"SAMPLE CHIPS HICKORY 5"" SMOOTH NATURAL  GII 1 PACKAGE | RP//KA//CG"
672119,760717,2026-05-19,JTW100,sample chip,parsed_from_order_notes,,needs_review,,,,1652,,,,,Y,NO_SAMPLE_QUANTITY_FOUND,sample,2026-05-19,2026-05-19,1.00,1.00,0.00,672119|760717,1,1.00,0.00,3,5/19: NO UPS GROUND CHARGE FOR SAMPLES 1 PACKAGE | RP//KA//CG | 1 FLYER OF EL AND EL
672402,760888,2026-05-20,FLO239,sample chip,parsed_from_order_notes,20,prior_summary_manual_qty,number_before_sample_chip; number_before_generic_sample,CHIP,20,109,,,Y,,Y,PRIOR_QTY_DIFFERS_FROM_PARSED_QTY,sample,2026-05-20,2026-05-20,1.00,6.00,0.00,672402|760888,1,1.00,0.00,5,SHIP UPS  GROUND  @  NO CHARGE PER DC JEFF FRYE 602-759-0019 | 1 BOX RP//KA/CG | 5  SAMPLE  CHIPS EA. NEWPORT : | - SHELL  BEACH - PEBBLE BEACH | - LAGUNA  BEACH - DEL MAR
672556,761031,2026-05-21,20,sample chip,parsed_from_order_notes,,needs_review,,CHIP,,1750,,,,,Y,NO_SAMPLE_QUANTITY_FOUND,sample,2026-05-20,2026-05-21,1.00,1.00,0.00,672556|761031,1,1.00,0.00,3,5/20: NO UPS GROUND CHARGE FOR SAMPLES 1 PACKAGE | RP//KA//CG | 2 CHIPS OF SAPELE
672557,761032,2026-05-21,20,sample chip,parsed_from_order_notes,,needs_review,,CHIP,,1751,,,,,Y,NO_SAMPLE_QUANTITY_FOUND,sample,2026-05-20,2026-05-21,1.00,1.00,0.00,672557|761032,1,1.00,0.00,3,5/20: NO UPS GROUND CHARGE FOR SAMPLES 1 PACKAGE | RP//KA//CG | 2 CHIPS : CV 3-1/4 MAPLE NAT.
672700,761017,2026-05-21,AJA100,sample panel; sample chip,parsed_from_order_notes,8,parsed_from_order_notes,number_before_chip_times_4_listed_items,CHIP,,1752,,,,,Y,MULTIPLE_SAMPLE_TYPES; EACH_PATTERN_MULTIPLIED_BY_LISTED_ITEMS,sample,2026-05-21,2026-05-21,1.00,1.00,0.00,672700|761017,1,1.00,0.00,7,05.21 UPS GROUND NO DLV FEE ** SENDING SAMPLES ** 3 BOXES | RP///KA//CG 1Z9380460311717202 | 1Z9380460318603214 | ** SEND 2 CHIPS OF EACH COLLECTION ** ALLORA 9.5 | BEVERLY HILLS GOLD LABEL | NEWPORT EXOTICS | 1 EA TOTE BOARD PARALLELS
673330,761402,2026-05-26,NOR114,sample chip,parsed_from_order_notes,,needs_review,,CHIP,,1749,,,,,Y,NO_SAMPLE_QUANTITY_FOUND,sample,2026-05-22,2026-05-26,1.00,1.00,0.00,673330|761402,1,1.00,0.00,3,"5/22 NO UPS GROUND CHARGE FOR SAMPLES 1 PACKAGE | RP//KA//CG | 2 CHIPS: 2-1/4 CONT. CHOICE W/O. SHEOGA  2.25"" W/O"
673661,077458,2026-05-27,COR122,sample chip,parsed_from_order_notes,,needs_review,,,,,,,,,Y,NO_SAMPLE_QUANTITY_FOUND,sample,2026-05-26,2026-05-27,1.00,9.00,0.00,673661|077458,1,3.00,0.00,2,SAMPLE CHIPS SEND FOR 5/27 | 1 PACKAGE RP//KA//CG
673761,761577,2026-05-27,OLD101,sample chip,parsed_from_order_notes,,needs_review,,,,,,,,,Y,NO_SAMPLE_QUANTITY_FOUND,sample,2026-05-26,2026-05-27,1.00,1.00,0.00,673761|761577,1,1.00,0.00,4,05/26 SENDING SAMPLE VIA UPS GROUND //WB BRAD 831.754.2036 | MON-FRI 9- TO SEND TO SHOWROOM LOCATION 22752 PORTOLA | 1 PACKAGE RP//KA//CG | GII SMOOTH NOSING TEMPLATE IN WALTERS DRAWER
673943,761594,2026-05-27,WES102,sample chip,parsed_from_order_notes,2,prior_summary_manual_qty,number_before_sample_chip; number_before_generic_sample,CHIP,2,104,,,Y,,Y,PRIOR_QTY_DIFFERS_FROM_PARSED_QTY,sample,2026-05-27,2026-05-27,1.00,6.00,0.00,673943|761594,1,1.00,0.00,4,SHIP UPS  GROUND   @  NO CHARGE JOHNNIE KELLEY 626-398-3040 | 1 PACKAGE RP//KA//CG | 1 SAMPLE CHIP  EA. ALLORA : | - LUNA  7.5  CHARACTER - LUNA 7.5 SELECT
673987,761599,2026-05-27,20,sample chip,parsed_from_order_notes,4,prior_summary_manual_qty,number_before_sample_chip_times_2_listed_items; number_before_generic_sample_times_2_listed_items,CHIP,4,105,,,,,Y,EACH_PATTERN_MULTIPLIED_BY_LISTED_ITEMS,sample,2026-05-27,2026-05-27,1.00,1.00,0.00,673987|761599,1,1.00,0.00,4,"SUZY 415.278.1424 1 PACKAGE | RP//KA//CG | PLEASE SEND 2 SAMPLE CHIPS OF EACH: CONTR. CHOICE WHITE OAK 2 1/4"" | SHELL BEACH H.B. CRYSTAL VALLEY RED OAK 3 1/4"""
674140,761743,2026-05-28,20,sample chip,parsed_from_order_notes,,needs_review,,,,,,,,,Y,NO_SAMPLE_QUANTITY_FOUND,sample,2026-05-28,2026-05-28,1.00,1.00,0.00,674140|761743,1,1.00,0.00,5,05.28 UPS GROUND NO DLV FEE ** SENDING SAMPLES ** MN MATTHEW LOHRY 617.513.2110 | MATT.LOHRY@JLSDESIGNBUILD.COM 1 BOX | RP//KA//CG | ** SEND 2 CHIPS ** LEGENDS PINOT 7.5 | BH BURTON WAY 9.5 BH WALDEN 9.5
674441,049992,2026-05-29,CON101,sample chip,parsed_from_order_notes,,needs_review,,,,,,,Y,,Y,NO_SAMPLE_QUANTITY_FOUND,pieces,2026-05-28,2026-05-29,1.00,8.00,0.00,674441|049992,1,4.00,0.00,2,UPS GROUND @ N/C OK JOSE Z*********PLEASE SEND 4 PIECES 1 BOX | RP//KA//CG
674499,761969,2026-05-29,COP100,sample chip,parsed_from_order_notes,,needs_review,,,,,,,,,Y,NO_SAMPLE_QUANTITY_FOUND,sample,2026-05-29,2026-05-29,1.00,1.00,0.00,674499|761969,1,1.00,0.00,3,05.29 UPS GROUND NO DLV FEE ** SENDING SAMPLES ** MN 1 PACKAEG | RP//KA//CG | ** SEND 3 PC ** C.C PREMIUM WHITE OAK 2 1/4
674774,762159,2026-06-01,20,sample chip,parsed_from_order_notes,,needs_review,,,,,,,,,Y,NO_SAMPLE_QUANTITY_FOUND,sample,2026-05-29,2026-06-01,1.00,1.00,0.00,674774|762159,1,1.00,0.00,4,05.29 UPS GROUND NO DLV FEE ** SENDING SAMPLES ** MN COLE HENDRYX 941.599.1980 | COLE@ERIDELCONSTRUCTION.COM 1 PACKAGE | RP//KA//CG | SEND 3 CHIPS CHAMPAGNE GOLD LABEL
675216,762262,2026-06-02,GRE137,sample chip,parsed_from_order_notes,,needs_review,,,,,,,Y,,Y,NO_SAMPLE_QUANTITY_FOUND,sample,2026-06-01,2026-06-02,1.00,1.00,0.00,675216|762262,1,12.00,0.00,3,"SAMPLE CHIPS MISSING FROM OG ORDER#318 UPS AND CHIPS @ NO CHARGE | 1 BOX RP//KA//CG | NEWPORT: SHELL BEACH, PEBBLE BEACH, MANHATTAN BEACH, LAGUNA BEACH"
675819,762414,2026-06-03,20,sample chip,parsed_from_order_notes,,needs_review,,CHIP,,1746,,,,,Y,NO_SAMPLE_QUANTITY_FOUND,sample,2026-06-03,2026-06-03,1.00,1.00,0.00,675819|762414,1,1.00,0.00,5,06.03 UPS GROUND NO DLV FEE - MN 209.756.9258 | BEVERLYSHICK@AOL.COM 1 PACKAGE | RP//KA//CG | *** SAMPLE CHIPS *** VENTASSO 7.5 | '
675998,762577,2026-06-04,20,sample chip,parsed_from_order_notes,,needs_review,,CHIP,,1745,,,,,Y,NO_SAMPLE_QUANTITY_FOUND,sample,2026-06-04,2026-06-04,1.00,1.00,0.00,675998|762577,1,1.00,0.00,4,06.04 UPS GROUND NO DLV FEE ** SENDING SAMPLES ** MN LUKE 919.525.1246 | ONUS.HEATHS-6O@ICLOUD.COM 1 PACKAGE | RP//KA/CG | ** SEND 2 CHIPS *** ACACIA BLACK WALNUT 5'
676045,762540,2026-06-04,FLO328,sample panel,parsed_from_order_notes,,needs_review,,,,,,,,,Y,NO_SAMPLE_QUANTITY_FOUND,panel,2026-06-04,2026-06-04,1.00,1.00,0.00,676045|762540,1,1.00,0.00,3,OK PER JM 1 BOX | RP//KA//CG | CB - BIRCH HARVEST PANEL CB - BIRCH CHESTNUT PANEL
676189,077644,2026-06-05,NOB102,sample chip,parsed_from_order_notes,,needs_review,,,,,,,Y,,Y,NO_SAMPLE_QUANTITY_FOUND,cut,2026-06-04,2026-06-05,1.00,9.00,0.00,676189|077644,1,3.00,0.00,2,PLEASE SEND 3 CUTS OF THE BEVERLY HILLS REXFORD @ NO CHARGE PER BRAD. NM | KA//CG ( 1 PKG )
676618,762841,2026-06-08,GAR100,sample chip,parsed_from_order_notes,4,prior_summary_manual_qty,number_before_sample_chip; number_before_generic_sample,CHIP,4,96,,,Y,,Y,PRIOR_QTY_DIFFERS_FROM_PARSED_QTY,sample,2026-06-05,2026-06-08,1.00,6.00,0.00,676618|762841,1,1.00,0.00,5,SHIP UPS  GROUND  @  NO CHARGE PER  DC MONICA S. 310-433-0534 | KA // JSA 1 PACKAGE | 2   SAMPLE  CHIPS EA . GII  DISTRESSED  : | - WALNUT  NATURAL - MAPLE ESPRESSO | - MAPLE  CHESTNUT
676665,762855,2026-06-08,NAT105,sample chip,parsed_from_order_notes,,needs_review,,,,,,,Y,,Y,NO_SAMPLE_QUANTITY_FOUND,sample,2026-06-06,2026-06-08,1.00,1.00,0.00,676665|762855,1,1.00,0.00,7,06.06 UPS GROUND NO DLV CHARGE ** SENDING SAMPLES ** MN 801.977.1171 | KA//CG - 2 BXS 1Z9380460310517788 | 1Z9380460317635790 | ** ALL SAMPLE CHIPS OF EACH OR CHAINSETS ** BEVERLY HILLS | CAROLINA C. C.V AMERICA | EXOTICS GOLD LABEL | LEGENDS
676688,762856,2026-06-08,NAT105,sample chip,parsed_from_order_notes,,needs_review,,,,,,,Y,,Y,NO_SAMPLE_QUANTITY_FOUND,sample,2026-06-06,2026-06-08,1.00,1.00,0.00,676688|762856,1,1.00,0.00,7,06.06 UPS GROUND NO DLV CHARGE ** SENDING SAMPLES ** MN 801.977.1171 | KA//CG - 2 BXS 1Z9380460320450447 | 1Z9380460328205859 | ** ALL SAMPLE CHIPS OF EACH OR CHAINSETS ** BEVERLY HILLS | CAROLINA C. C.V AMERICA | EXOTICS GOLD LABEL | LEGENDS
676690,762857,2026-06-08,NAT105,sample chip,parsed_from_order_notes,,needs_review,,,,,,,Y,,Y,NO_SAMPLE_QUANTITY_FOUND,sample,2026-06-06,2026-06-08,1.00,1.00,0.00,676690|762857,1,1.00,0.00,7,06.06 UPS GROUND NO DLV CHARGE ** SENDING SAMPLES ** MN 801.977.1171 | KA//CG - 2 BXS 1Z9380460328897424 | 1Z9380460338639630 | ** ALL SAMPLE CHIPS OF EACH OR CHAINSETS ** BEVERLY HILLS | CAROLINA C. C.V AMERICA | EXOTICS GOLD LABEL | LEGENDS
676692,762858,2026-06-08,NAT105,sample chip,parsed_from_order_notes,,needs_review,,,,,,,Y,,Y,NO_SAMPLE_QUANTITY_FOUND,sample,2026-06-06,2026-06-08,1.00,1.00,0.00,676692|762858,1,1.00,0.00,7,06.06 UPS GROUND NO DLV CHARGE ** SENDING SAMPLES ** MN 801.977.1171 | KA//CG - 2 BXS 1Z9380460311957800 | 1Z9380460315083818 | ** ALL SAMPLE CHIPS OF EACH OR CHAINSETS ** BEVERLY HILLS | CAROLINA C. C.V AMERICA | EXOTICS GOLD LABEL | LEGENDS
676811,762840,2026-06-08,FEL100,sample chip,parsed_from_order_notes,6,prior_summary_manual_qty,number_before_sample_chip; number_before_generic_sample,CHIP,6,98,,,Y,,Y,PRIOR_QTY_DIFFERS_FROM_PARSED_QTY,sample,2026-06-08,2026-06-08,1.00,6.00,0.00,676811|762840,1,1.00,0.00,4,SHIP UPS  GROUND @ NO  CHARGE PER DC CRISTINA B. 626-358-3145 | KA // JSA 1 PACKAGE | 3  SAMPLE  CHIPS EA. ALLORA  : | -  STRADA 7.5  & 9.5   ( MAKE SURE THERE ARE KNOTS) ******
676926,762833,2026-06-08,CAT101,sample chip,parsed_from_order_notes,,needs_review,,CHIP,,1744,,,,,Y,NO_SAMPLE_QUANTITY_FOUND,sample,2026-06-08,2026-06-08,1.00,1.00,0.00,676926|762833,1,1.00,0.00,3,06.08 UPS GROUND NO DLV FEE ** SENDING SAMPLES ** MN KA//CG - 1 PKG | *** SEND 3 CHIPS *** MAPLE ESPRESSO DIST | HICKORY CHATEAU DIST WALNUT ANTIQUE DIST
676941,762873,2026-06-08,20,sample chip,parsed_from_order_notes,,needs_review,,,,,,,,,Y,NO_SAMPLE_QUANTITY_FOUND,sample,2026-06-08,2026-06-08,1.00,1.00,0.00,676941|762873,1,1.00,0.00,4,"06.08 UPS GROUND NO DLV FEE ** SENDING SAMPLES ** MN KA // JSA | 1 PACKAGE | ** SEND 2 CHIPS ** WHITE OAK PRAIRIE WHEAT 3 1/4"" | WHITE OAK PRAIRIE WHEAT 5"" APPALCHIAN RED OAK NAT 3 1/4"""
677054,762984,2026-06-09,FAN104,sample chip,parsed_from_order_notes,18,prior_summary_manual_qty,number_before_sample_chip; number_before_generic_sample,CHIP,18,95,,,Y,,Y,PRIOR_QTY_DIFFERS_FROM_PARSED_QTY,sample,2026-06-08,2026-06-09,1.00,6.00,0.00,677054|762984,1,1.00,0.00,6,"SHIP  UPS  GROUND  @  NO  CHARGE PER DC BRYCE LINDSAY 360-326-8794 | UPS KA//CG ( 1 PKG ) | 6  SAMPLE CHIPS EA. GII  DISTRESSED : | - WALNUT  NATURAL  5 "" BEVERLY  HILLS : | - WALDEN CAROLINA CLASSIC : | -MAPLE  DURHAM"
677218,077709,2026-06-09,FLO181,sample chip,parsed_from_order_notes,,needs_review,,,,,,,,,Y,NO_SAMPLE_QUANTITY_FOUND,sample,2026-06-09,2026-06-09,1.00,9.00,0.00,677218|077709,1,2.00,0.00,1,SAMPLE CHIPS CRY VALLEY USA KA//CG ( 1 PKG )
677244,763010,2026-06-09,TER106,sample chip,parsed_from_order_notes,,needs_review,,,,,,,,,Y,NO_SAMPLE_QUANTITY_FOUND,cut,2026-06-09,2026-06-09,1.00,1.00,0.00,677244|763010,1,2.00,0.00,3,OK PER JM ** REPRINT MATERIAL REVISED ** | KA // JSA 1 PACKAGE | LGS - BRESCIA CUTS DUBOIS - VECCHIO CUTS
677328,763011,2026-06-09,TER106,sample chip,parsed_from_order_notes,,needs_review,,,,,,,,,Y,NO_SAMPLE_QUANTITY_FOUND,cut,2026-06-09,2026-06-09,1.00,1.00,0.00,677328|763011,1,2.00,0.00,4,6.9: OK PER JM KA // JSA | 1 PACKAGE | CB - HICKORY ANTIQUE CUTS CB- BIRCH CHESTNUT CUTS | CB- BIRCH TRFUFFLE CUTS
677368,763122,2026-06-10,ROY113,sample chip,parsed_from_order_notes,4,parsed_from_order_notes,number_before_pcs_times_2_listed_items,,,,,,,,Y,EACH_PATTERN_MULTIPLIED_BY_LISTED_ITEMS,pcs; sample,2026-06-09,2026-06-10,1.00,1.00,0.00,677368|763122,1,1.00,0.00,4,06.09 UPS GROUND NO DLV ** SENDING SAMPLES ** MN KA // JSA | 1 PKG | *** SEND 2 PCS OF EACH *** MAPLE SYRUP DIST | MAPLE WHEAT DIST
677377,077730,2026-06-10,FLO378,sample chip,parsed_from_order_notes,,needs_review,,,,,,,,,Y,NO_SAMPLE_QUANTITY_FOUND,sample,2026-06-09,2026-06-10,1.00,9.00,0.00,677377|077730,1,3.00,0.00,2,"SAMPLE CHIPS  EURO OAK 7.5"" VOLTO KA // JSA | 1 PKG"
677381,077731,2026-06-10,LAP100,sample chip,parsed_from_order_notes,,needs_review,,,,,,,,,Y,NO_SAMPLE_QUANTITY_FOUND,sample,2026-06-09,2026-06-10,1.00,9.00,0.00,677381|077731,1,2.00,0.00,2,"SAMPLE CHIPS EUR.OAK 7.5"" SHELL BEACH (1/2"" KA // JSA | 1 PKG"
677597,763097,2026-06-10,GAR100,sample chip,parsed_from_order_notes,6,prior_summary_manual_qty,number_before_sample_chip; number_before_generic_sample,CHIP,6,94,,,Y,,Y,PRIOR_QTY_DIFFERS_FROM_PARSED_QTY,sample,2026-06-10,2026-06-10,1.00,1.00,0.00,677597|763097,1,1.00,0.00,4,"NO CHARGE FOR UPS GROUND GROUND DLV GREG 310.433.0534 | ****** MUST GOT OUT TODAY 06/10 ****** KA // JSA | 1 PKG | PLEASE SEND 2 SAMPLE CHIPS OF THE FOLLOWING FOR MEGA CLICK: VALENTINE, DAWSON, STERLING, COPEN HILL, SUN-KISSED, OZARK"
677883,763234,2026-06-11,20,sample chip,parsed_from_order_notes,6,prior_summary_manual_qty,,CHIP,6,93,,,Y,,Y,NO_SAMPLE_QUANTITY_FOUND,sample,2026-06-11,2026-06-11,1.00,1.00,0.00,677883|763234,1,1.00,0.00,6,"06.11 UPS GROUND NO CHARGE ** SENDING SAMPLES ** MN TWINACTOR@AOL.COM | 661.951.2200 KA//ES - 1 PKG | ** SEND 2 CHIPS EACH ** HICKORY 5"" SIERRA DISTRESSED | HICKORY 5"" NATURAL DISTRESSED HICKORY 5"" CHATEAU DISTRESSED | HICKORY 5"" SIERRA SMOOTH HICKORY 5"" NATURAL SMOOTH | HICKORY 5"" CHATEAU SMOOTH"
678762,763734,2026-06-16,VIN119,sample chip,parsed_from_order_notes,,needs_review,,,,1736,,,,,Y,NO_SAMPLE_QUANTITY_FOUND,sample,2026-06-15,2026-06-16,1.00,1.00,0.00,678762|763734,1,1.00,0.00,5,06.15 SENDING SAMPLES - MN ** SENDING TO DAVES HOUSE ** | 626.646.8667 KA//CG - 3 BXS | ** 2 PC OF EACH COLLECTION ** BEVERLY HILLS | LEGENDS ALLORA 9.5 | NEWPORT PRIVATE SELECTION
678930,763684,2026-06-16,FLO211,sample chip,parsed_from_order_notes,,needs_review,,,,,,,,,Y,NO_SAMPLE_QUANTITY_FOUND,cut,2026-06-16,2026-06-16,1.00,1.00,0.00,678930|763684,1,2.00,0.00,3,OK PER JM ** REPRINT MATERIAL ADDED | KA//CG ( 1 PKG ) | ALLORA - SELLA 7.5 SELECT CUTS GNII - WALNUT NATURAL DIS CUTS
679077,077842,2026-06-17,COR122,sample chip,parsed_from_order_notes,,needs_review,,,,,,,Y,,Y,NO_SAMPLE_QUANTITY_FOUND,cut,2026-06-16,2026-06-17,1.00,9.00,0.00,679077|077842,1,3.00,0.00,2,"6/16 PLEASE SEND 3 CUTS OF THE CRYSTAL VALLEY AMERICA MAPLE 5"". NO CHARGE PER BRAD NM | KA//CG ( 1 PKG )"
679225,763901,2026-06-17,20,sample chip,parsed_from_order_notes,,needs_review,,CHIP,,1734,,,,,Y,NO_SAMPLE_QUANTITY_FOUND,sample,2026-06-17,2026-06-17,1.00,1.00,0.00,679225|763901,1,1.00,0.00,3,06.17 UPS GROUND NO DLV FEE ** SENDING SAMPLES ** MN DELODDERA@GMAIL.COM | ANDREW DELODDER 616.560.3546 KA//CG ( 1 PKG ) | ** SEND 2 CHIPS ** HICKORY CHARLOTTE
679282,077843,2026-06-17,DES101,sample chip,parsed_from_order_notes,,needs_review,,,,,,,Y,,Y,NO_SAMPLE_QUANTITY_FOUND,cut,2026-06-17,2026-06-17,1.00,9.00,0.00,679282|077843,1,3.00,0.00,2,6/17 PLEASE SEND 3 CUTS OF THE LEGENDS LODI/NO CHARGE PER BRAD NM | KA//CG ( 1 PKG )
679452,764097,2026-06-18,S&G100,sample chip,parsed_from_order_notes,,needs_review,,CHIP,,1649,,,,,Y,NO_SAMPLE_QUANTITY_FOUND,sample,2026-06-17,2026-06-18,1.00,1.00,0.00,679452|764097,1,1.00,0.00,2,6/17: NO UPS GROUND CHARGE FOR SAMPLES KA//CG ( 1 PKG ) | 3 CHIPS OF WHITE LOTUS
679745,764095,2026-06-18,RED116,sample panel,parsed_from_order_notes,,needs_review,,,,,,,,,Y,NO_SAMPLE_QUANTITY_FOUND,panel,2026-06-18,2026-06-18,1.00,1.00,0.00,679745|764095,1,1.00,0.00,3,OK PER JM KA // JSA | 1 PACKAGE | GNII - HICKORY NATURAL SMOOTH PANEL
679748,764092,2026-06-18,MCC112,sample chip,parsed_from_order_notes,,needs_review,,,,,,,,,Y,NO_SAMPLE_QUANTITY_FOUND,cut,2026-06-18,2026-06-18,1.00,1.00,0.00,679748|764092,1,5.00,0.00,4,OK PER JM/ RESIDENTIAL KA // JSA | 2 PACKAGES 1Z9380460335250877 | 1Z9380460339154269 | SHEOGA STOCK CUTS APPALACHAIN STOCK CUTS
679896,764246,2026-06-19,PAR132,sample chip,parsed_from_order_notes,,needs_review,,,,,,,,,Y,NO_SAMPLE_QUANTITY_FOUND,sample,2026-06-19,2026-06-19,1.00,1.00,0.00,679896|764246,1,1.00,0.00,4,"06.19 UPS GROUND NO DLV FEE ** SENDING SAMPLES ** MN MARY 808.853.1717 | KA//CG ( 1 PKG ) | ** 3 PC OF EACH ** EURO OAK 7.5"" COMO | EURO OAK 9.5"" CRETE"
680032,764242,2026-06-19,NAT105,sample chip,parsed_from_order_notes,4,prior_summary_manual_qty,number_before_sample_chip; number_before_generic_sample,CHIP,4,89,,,Y,,Y,PRIOR_QTY_DIFFERS_FROM_PARSED_QTY,sample,2026-06-19,2026-06-19,1.00,6.00,0.00,680032|764242,1,1.00,0.00,3,SEND UPS GROUND NO CHARGE (CCC) TJ 801 9771171 REPRINTED | KA//CG ( 1 PKG ) | 2 SAMPLE CHIPS EACH ALTURA SELECT 7.5 AND 9.5
680049,764237,2026-06-19,MCC112,sample chip,parsed_from_order_notes,5,parsed_from_order_notes,number_before_pcs,,,90,,,,,Y,EACH_PATTERN_ITEM_COUNT_NOT_CONFIDENT,pcs,2026-06-19,2026-06-19,1.00,1.00,0.00,680049|764237,1,1.00,0.00,2,JIM 916.616.2191 KA//CG ( 1 PKG ) | PLEASE SEND 5 PCS OF EACH: G2 SMOOTH WALNUT NATURAL // MAPLE SYRUP
680335,764410,2026-06-22,THR102,sample chip,parsed_from_order_notes,9,prior_summary_manual_qty,number_before_sample_chip; number_before_generic_sample,CHIP,9,85,,,Y,,Y,PRIOR_QTY_DIFFERS_FROM_PARSED_QTY,sample,2026-06-22,2026-06-22,1.00,6.00,0.00,680335|764410,1,1.00,0.00,5,SHIP  UPS  GROUND  @  NO CHARGE PER DC LANCE DUTREIL407-550-4766 | KA//CG ( 1 PKG ) | 4  SAMPLE  CHIPS EA. EXOTIC COLLECTION : | - ACACIA BLACK WALNUT - ACACIA BRONZE | - ACACIA GOLD - ACACIA NATURAL
680370,764404,2026-06-22,MCC112,sample chip,parsed_from_order_notes,,needs_review,,,,,,,,,Y,NO_SAMPLE_QUANTITY_FOUND,sample,2026-06-22,2026-06-22,1.00,1.00,0.00,680370|764404,1,1.00,0.00,3,06/22 SENDING SAMPLE LABELS VIA UPS GROUND //WB JIM 916.616.2191 | KA // JSA 1 PACKAGE | ***NEWPORT  FRONT LABELS  ALL COLORS  2 SETS OF LABELS***
680139,764563,2026-06-23,20,sample chip,parsed_from_order_notes,,needs_review,,,,1730,,,,,Y,NO_SAMPLE_QUANTITY_FOUND,sample,2026-06-19,2026-06-23,1.00,1.00,0.00,680139|764563,1,1.00,0.00,3,06.19 UPS GROUND NO DLV FEE ** SENDING SAMPLES ** KAREN HEIZLER 772.233.5601 | KHEIZLER44@GMAIL.COM KA//CG ( 1 PKG ) | ** 3 PC ** ACACIA BRONZE
680429,050149,2026-06-23,AAA106,sample chip,parsed_from_order_notes,,needs_review,,,,,,,,,Y,NO_SAMPLE_QUANTITY_FOUND,sample,2026-06-22,2026-06-23,1.00,8.00,0.00,680429|050149,1,4.00,0.00,3,TO SEND SAMPLE CHIPS AT NO COST PER RENE UPS AT OF VAN NUYS | CONTACT INFO - YAYA 602.973.9894 OPEN BETWEEN 8AM TO 3PM MON-FRI | REVISED SHIP ADDRES*********** KA//CG ( 1 PKG )
680765,764554,2026-06-23,NAT105,sample chip,parsed_from_order_notes,4,prior_summary_manual_qty,number_before_sample_chip; number_before_generic_sample,CHIP,4,83,,,Y,,Y,PRIOR_QTY_DIFFERS_FROM_PARSED_QTY,sample,2026-06-23,2026-06-23,1.00,6.00,0.00,680765|764554,1,1.00,0.00,4,SHIP  UPS  GROUND  @  NO  CHARGE PER DC 801-977-1171  NICK | KA // JSA 1 PACKAGE | 2  SAMPLE  CHIPS  EA. CAROLINA CLASSICS | - HICKORY  SALEM -HICKORY  CHARLOTTE
681073,077963,2026-06-24,FLO394,sample chip,parsed_from_order_notes,,needs_review,,,,,,,Y,,Y,NO_SAMPLE_QUANTITY_FOUND,cut,2026-06-24,2026-06-24,1.00,9.00,0.00,681073|077963,1,4.00,0.00,2,PLEASE SEND 4 CUTS OF THE GARRISON 2 DISTRESSED MAPLE CHESTNUT AT NO CHARGE PER BRAD NM | KA//CG ( 1 PKG )
681077,077962,2026-06-24,BIX100,sample chip,parsed_from_order_notes,,needs_review,,,,,,,Y,,Y,NO_SAMPLE_QUANTITY_FOUND,cut,2026-06-24,2026-06-24,1.00,9.00,0.00,681077|077962,1,2.00,0.00,2,PLEASE SEND 2 CUTS EACH OF THE PRAIRIE WHEAT 3 1/4 & 5 CHINA VERSION. NO CHARGE PER BRAD NM | KA//CG ( 1 PKG )
680939,764784,2026-06-25,GAR100,sample chip,parsed_from_order_notes,3,prior_summary_manual_qty,number_before_sample_chip; number_before_generic_sample,CHIP,3,80,,,,,Y,EACH_PATTERN_ITEM_COUNT_NOT_CONFIDENT; PRIOR_QTY_DIFFERS_FROM_PARSED_QTY,sample,2026-06-23,2026-06-25,1.00,6.00,0.00,680939|764784,1,1.00,0.00,3,"DROP OFF AT GREG'S HOUSE *LEAVE AT THE FRONT DOOR STEPS KA//CG - 1 BX | 1 SAMPLE CHIP EACH COLOR: -ALL MEGA CLIC (AQUASHIELD, CENTENNIAL, AQUASHIELD AC4 | AND DIANA) COLLECTIONS."
681334,764791,2026-06-25,20,sample chip,parsed_from_order_notes,,needs_review,,,,1729,,,,,Y,NO_SAMPLE_QUANTITY_FOUND,sample,2026-06-25,2026-06-25,1.00,1.00,0.00,681334|764791,1,1.00,0.00,4,"06.25 UPS GROUND NO DLV FEE ** SENDING SAMPLES ** MN JESSE ROTZ | 301.654.4728 JESSE@CELIAWELCHINTERIORS.COM | KA // JSA 1 PACKAGE | ** 3 PC ** CONT CHOICE 5"" WHITE OAK"
681378,764776,2026-06-25,DES112,sample chip,parsed_from_order_notes,,needs_review,,,,,,,,,Y,NO_SAMPLE_QUANTITY_FOUND,sample,2026-06-25,2026-06-25,1.00,1.00,0.00,681378|764776,1,1.00,0.00,3,06.25 UPS GROUND NO DLV FEE ** SENDING SAMPLES ** MN DONNA 561.994.6870 | KA // JSA 1 PACKAGE | ** 3 PC ** BEVELY HILLS RODEO DRIVE
682236,078027,2026-06-29,50,sample chip,parsed_from_order_notes,,needs_review,,,,,,,,,Y,NO_SAMPLE_QUANTITY_FOUND,sample,2026-06-29,2026-06-29,1.00,9.00,0.00,682236|078027,2,4.00,0.00,1,SAMPLE CHIPS KA//CG ( 1 BX )
682807,765511,2026-07-01,20,sample chip,parsed_from_order_notes,,needs_review,,,,,,,,,Y,NO_SAMPLE_QUANTITY_FOUND,sample; cut,2026-07-01,2026-07-01,1.00,1.00,0.00,682807|765511,1,2.00,0.00,2,OK PER JM KA//CG ( 1 PKG ) | SAMPLE CUTS
683278,765625,2026-07-02,CSC101,sample chip,parsed_from_order_notes,,needs_review,,,,,,,,,Y,NO_SAMPLE_QUANTITY_FOUND,cut,2026-07-02,2026-07-02,1.00,1.00,0.00,683278|765625,1,2.00,0.00,5,OK PER JM KA // JSA | 1 PACKAGE | BH - ALPINE CUTS BH - WALDEN CUTS | BH - ROXBURY CUTS BH - BURTON WAY CUTS | BH - CARMELITA CUTS BH - LOMA LINDA CUTS
683828,765965,2026-07-07,20,sample chip,parsed_from_order_notes,,needs_review,,,,,,,,,Y,NO_SAMPLE_QUANTITY_FOUND,cut,2026-07-07,2026-07-07,1.00,1.00,0.00,683828|765965,1,2.00,0.00,2,OK PER JM KA//CG ( 1 PKG ) | LG- ROMANTIQUE CUTS LG-CHANTAL CUTS
684980,078251,2026-07-10,STE100,sample chip,parsed_from_order_notes,,needs_review,,,,,,,,,Y,NO_SAMPLE_QUANTITY_FOUND,sample,2026-07-10,2026-07-10,1.00,9.00,0.00,684980|078251,1,2.00,0.00,1,"SAMPLE CHIPS GII WALNUT 5"" NATURAL DISTRESSED KA//CG ( 1 PKG )"
685094,766610,2026-07-13,20,sample chip,parsed_from_order_notes,4,prior_summary_manual_qty,number_before_sample_chip; number_before_generic_sample,CHIP,4,72,,,Y,,Y,PRIOR_QTY_DIFFERS_FROM_PARSED_QTY,sample,2026-07-10,2026-07-13,1.00,6.00,0.00,685094|766610,1,1.00,0.00,6,SHIP  @  NO CHARGE PER  DC AMY D.(502) 457-1316 | KA // JSA 1 PKG | 2  SAMPLE  CHIPS EA. GOLD LABEL  : | - CHAMPAGNE BEVERLY  HILLS  : | -RODEO  DRIVE LEGENDS  : | - LAGUNA  7.5
685294,766602,2026-07-13,TIL125,sample chip,parsed_from_order_notes,,needs_review,,,,,,,,,Y,NO_SAMPLE_QUANTITY_FOUND,cut,2026-07-13,2026-07-13,1.00,1.00,0.00,685294|766602,1,2.00,0.00,5,OK PER JM // RESIDENTIAL KA // JSA | 1 PKG | BH- REXFORD CUTS BH- DOHNEY CUTS | NP- DELMAR CUTS NP- MANHATTAN CUTS | PS- ADOBE CUTS PS- MIRAGE CUTS
685328,766587,2026-07-13,NAT105,sample chip,parsed_from_order_notes,,needs_review,,,,1711,,,,,Y,NO_SAMPLE_QUANTITY_FOUND,sample,2026-07-13,2026-07-13,1.00,1.00,0.00,685328|766587,1,1.00,0.00,3,07.13 UPS GROUND NO DLV FEE *** SENDING SAMPLES *** MN KA // JSA | 1 PKG | ** 3PC ** ACACIA NATURAL
685355,766589,2026-07-13,NAT105,sample chip,parsed_from_order_notes,,needs_review,,,,75,,,Y,,Y,NO_SAMPLE_QUANTITY_FOUND,sample,2026-07-13,2026-07-13,1.00,6.00,0.00,685355|766589,1,1.00,0.00,4,SHIP  UPS  GROUND  @  NO CHARGE PER  DC PARK FOWLER PLUS   801-977-1171 | KA // JSA 1 PKG | 2  SAMPLES EA . ALLORA  : | -  SELLA  SELECT 7.5 - SELLA  SELECT 9.5
685524,766711,2026-07-14,FAN104,sample panel; sample chip,parsed_from_order_notes,2,prior_summary_manual_qty,number_before_panel; number_before_sample_chip; number_before_generic_sample,CHIP,2,70,,,Y,,Y,MULTIPLE_SAMPLE_TYPES; MULTIPLE_QUANTITY_CANDIDATES_REVIEW_REQUIRED,sample; panel; plank,2026-07-13,2026-07-14,1.00,6.00,0.00,685524|766711,1,1.00,0.00,4,"JOBE 360-7729099  **SEND UPS GROUND NO CHARGE** SENDING A PANEL PER KEVIN | KA // JSA 1 PKG | 2 SAMPLE CHIPS OF 6.5MM 4.72X28.34 HB SANDSTONE  NATURESTEP - CLEARANCE ITEM | HERRINGBONE IF AVAIL, IF NOT PLANK IS FINE FOR THE COLOR.."
685096,766861,2026-07-15,OMP000,sample chip,parsed_from_order_notes,,needs_review,number_before_generic_sample,,,,,multiple_shipping_amounts_needs_review,,718.54; 700.10; 27.43,Y,MULTIPLE_QUANTITY_CANDIDATES_REVIEW_REQUIRED; MULTIPLE_SHIPPING_DOLLAR_CANDIDATES,sample,2026-07-10,2026-07-15,1.00,1.00,0.00,685096|766861,1,7.00,0.00,8,"EVERGREEN WOOD INDUSTRY SDN BHD BLOCK D, LOT 211, FASA II | KAWASAN PERUSAHAAN KUALA KETIL KUALA KETIL, KEDAH, MALAYSIA ZIP: 09300 | CONT: JENNY TEL: 044163223 EMAIL: AMANDA72LUCKY@126.COM | ***GET THE SAMPLES FROM ILSY*** FED-EX $718.54 (12-LBS) 15 X 10 X 12 | SHIPPING CHARGES: $700.10 // CUSTOMS $27.43 | MONZA 9.5"" SAMPLES 1 SAMPLE @ 5/8 X 3-1/4 X 13"" L | 3 SAMPLES@ 5/8 X 7-1/2 X 13"" L CHANTAL 7.5"" SAMPLES | 1 SAMPLE @ 5/8 X 7-1/8 X 13-3/16"" L 2 SAMPLES @ 5/8 X 9-1/2"" X 13"" L"
685960,766869,2026-07-15,THE123,sample chip,parsed_from_order_notes,2,prior_summary_manual_qty,number_before_sample_chip; number_before_generic_sample,CHIP,2,69,,,,,Y,EACH_PATTERN_ITEM_COUNT_NOT_CONFIDENT,sample,2026-07-15,2026-07-15,1.00,1.00,0.00,685960|766869,1,1.00,0.00,2,"JACKSON 254.753.7021 KA//BJ - 1 PKG | PLEASE SEND 2 SAMPLE CHIPS OF EACH: C.V. MAPLE 5"" USA & ORIGINAL"
686127,767032,2026-07-16,20,sample chip,parsed_from_order_notes,10,prior_summary_manual_qty,number_before_sample_chip; number_before_generic_sample,CHIP,10,68,,,,,Y,PRIOR_QTY_DIFFERS_FROM_PARSED_QTY,sample,2026-07-15,2026-07-16,1.00,1.00,0.00,686127|767032,1,1.00,0.00,3,"KAREN 805.895.9517 KA//CG - 1 PKG | PLEASE SEND 2 SAMPLE CHIPS OF: ALPINE, SHELL BEACH, MANHATTAN, LAGUNA, BURTON WAY, | REXFORD, WALDEN, RODEO DRIVE"
686377,767034,2026-07-16,20,sample chip,parsed_from_order_notes,,needs_review,,CHIP,,1708,,,,,Y,NO_SAMPLE_QUANTITY_FOUND,sample,2026-07-16,2026-07-16,1.00,1.00,0.00,686377|767034,1,1.00,0.00,2,7/16: NO UPS GROUND CHARGE FOR SAMPLES KA//CG - 1 PKG | 2 CHIPS OF SUEDE
686796,767192,2026-07-17,FAN104,sample chip,parsed_from_order_notes,4,prior_summary_manual_qty,number_before_sample_chip; number_before_generic_sample,CHIP,4,67,,,Y,,Y,PRIOR_QTY_DIFFERS_FROM_PARSED_QTY,sample,2026-07-17,2026-07-17,1.00,6.00,0.00,686796|767192,1,1.00,0.00,4,"SHIP  UPS  GROUND   @  NO CHARGE PER DC CLINT (360) 662-6932 | KA // CG 1 PACKAGE | 2  SAMPLE  CHIPS EA. EXOTIC  : | -  PATAGONIAN ROSEWOOD  5  "" - ACACIA BRONZE   5 """
686921,767371,2026-07-20,S&G100,sample chip,parsed_from_order_notes,6,parsed_from_order_notes,number_before_sample_chip_times_3_listed_items; number_before_generic_sample_times_3_listed_items,,,,,,,,Y,EACH_PATTERN_MULTIPLIED_BY_LISTED_ITEMS,sample,2026-07-17,2026-07-20,1.00,1.00,0.00,686921|767371,1,1.00,0.00,4,07/18  SENDING SAMPLE CHIPS UPS GROUND // WB KA//CG - 1 PKG | ****PLEASE SEND 2 SAMPLE CHIPS OF EACH ****** (BEVERLY HILLS )   CANON & BURTON WAY | (NEWPORT) SHELL BEACH (LEGENDS)BRESCIA | (ALLORA) SELLA 7.5 // SELLA 7.5 SELECT // SELLA 9.5 SELLA 9.5 SELECT // VOLTO 7.5
687115,767477,2026-07-21,ARR100,sample chip,parsed_from_order_notes,6,prior_summary_manual_qty,number_before_sample_chip; number_before_generic_sample,CHIP,6,57,,,,,Y,PRIOR_QTY_DIFFERS_FROM_PARSED_QTY,sample,2026-07-20,2026-07-21,1.00,6.00,0.00,687115|767477,1,1.00,0.00,3,DELIVERY  TO  DAVE'S  HOUSE KA//CG - 1 BND | 3  SAMPLE CHIPS EA. CAROLINA CLASSIC : | - MAPLE  MONROE
687344,767497,2026-07-21,SOC107,sample chip,parsed_from_order_notes,,needs_review,,CHIP,,1700,,,,,Y,NO_SAMPLE_QUANTITY_FOUND,sample,2026-07-20,2026-07-21,1.00,1.00,0.00,687344|767497,1,1.00,0.00,3,"7/20:NO UPS GROUND CHARGE FOR SAMPLES KA // CG | 1 PKG | 2 CHIPS OF EA: W/O PRAIRIE WHEAT, W/O AUTUMN, MAPLE CHESTNUT DIST."
687437,767504,2026-07-21,20,sample chip,parsed_from_order_notes,,needs_review,,,,,,,,,Y,NO_SAMPLE_QUANTITY_FOUND,cut,2026-07-21,2026-07-21,1.00,1.00,0.00,687437|767504,1,2.00,0.00,3,"OK PER JM KA // CG | 1 PKG | GII - MAPLE SYRUP SM. CUTS CV - PRAIRIE WHEAT 5"" CUTS"
687483,767509,2026-07-21,20,sample chip,parsed_from_order_notes,4,prior_summary_manual_qty,number_before_sample_chip; number_before_generic_sample,CHIP,4,60,,,Y,,Y,PRIOR_QTY_DIFFERS_FROM_PARSED_QTY,sample,2026-07-21,2026-07-21,1.00,6.00,0.00,687483|767509,1,1.00,0.00,5,SHIP  UPS  GROUND  @  NO CHARGE PER DC HEEJIN 201) 906-6686 | KA // CG 1 PKG | 2  SAMPLE CHIPS EA. GOLD  LABEL  : | - CASHMERE VINYARD  : | - COMO  7.5 - CHABLIS
687514,767484,2026-07-21,HAR150,sample chip,parsed_from_order_notes,,needs_review,,CHIP,,1704,,,,,Y,NO_SAMPLE_QUANTITY_FOUND,sample,2026-07-21,2026-07-21,1.00,1.00,0.00,687514|767484,1,1.00,0.00,2,"7/21: NO UPS GROUND CHARGE FOR SAMPLES KA//ES - 1 PKG | 2 CHIPS OF EA: M.ESPRESSO DIST., M.CHESTNUT DIST., W. NAT. DIST."
687547,767508,2026-07-21,20,sample chip,parsed_from_order_notes,4,prior_summary_manual_qty,number_before_sample_chip; number_before_generic_sample,CHIP,4,61,,,,,Y,PRIOR_QTY_DIFFERS_FROM_PARSED_QTY,sample,2026-07-21,2026-07-21,1.00,1.00,0.00,687547|767508,1,1.00,0.00,2,"TONY 314.262.2897 KA//ES - 1 PKG | PLEASE SEND 2 SAMPLE CHIPS OF: EXOTICS ACACIA BRONZE, GOLD, BLACK WALNUT, NATURAL"
687553,767511,2026-07-21,20,sample chip,parsed_from_order_notes,4,prior_summary_manual_qty,number_before_sample_chip; number_before_generic_sample,CHIP,4,63,,,Y,,Y,PRIOR_QTY_DIFFERS_FROM_PARSED_QTY,sample,2026-07-21,2026-07-21,1.00,6.00,0.00,687553|767511,1,1.00,0.00,5,SHIP  UPS  GROUND  @  NO CHARGE PER DC BEN TRAMER +17609535619 | KA // CG 1 PKG | 2  SAMPLE  CHIPS EA. ALLORA   : | -ALTURA 7.5 -  VOLTO 7.5 | -  DOMA 7.5
687642,767677,2026-07-22,S&G100,sample chip,parsed_from_order_notes,,needs_review,,CHIP,,1698,,,,,Y,NO_SAMPLE_QUANTITY_FOUND,sample,2026-07-21,2026-07-22,1.00,1.00,0.00,687642|767677,1,1.00,0.00,2,7/21: NO UPS GROUND CHARGE FOR SAMPLES KA//CG ( 1 PKG ) | 2 CHIPS OF EA : SALEM
688252,767769,2026-07-23,GUL101,sample chip,parsed_from_order_notes,4,prior_summary_manual_qty,number_before_sample_chip; number_before_generic_sample,CHIP,4,56,,,,,Y,PRIOR_QTY_DIFFERS_FROM_PARSED_QTY,sample,2026-07-23,2026-07-23,1.00,6.00,0.00,688252|767769,1,1.00,0.00,5,****SHIP UPS  2ND DAY ***  MUST BE DELIVERED ON 7/27*** DARIAN  239-260-5760    O/A | REPRINTED** SC//CG- 1 PKG | 2  SAMPLE   CHIPS    EA. GII  SMOOTH  : | -MAPLE  ESPRESSO COMPETITION  BUSTER  :  L | -  BIRCH TRUFFLE
688163,366513,2026-07-24,PAC131,sample chip,parsed_from_order_notes,,needs_review,number_before_sample_chip; number_before_generic_sample,,,,,,,,Y,MULTIPLE_QUANTITY_CANDIDATES_REVIEW_REQUIRED,sample,2026-07-23,2026-07-24,1.00,3.00,0.00,688163|366513,1,6.00,0.00,3,07/23 SAMPLES CHIPS AT NO COST VIA UPS - SE NATASCHA ROBLEE 808-845-8700 | KA // MH 1 PKG | 6 SAMPLE CHIPS CHANTAL LEGENDS
688426,767989,2026-07-24,20,sample chip,parsed_from_order_notes,,needs_review,,,,,,,,,Y,NO_SAMPLE_QUANTITY_FOUND,cut,2026-07-24,2026-07-24,1.00,1.00,0.00,688426|767989,1,2.00,0.00,3,OK ER JM // RESIDENTIAL LIUDY 206.247.6886 KA//ES - 1 PKG | LG- CAFFE CUTS BH- BURTON WAY CUTS | LG - PINOT CUTS
688693,767948,2026-07-24,DAM105,sample chip,parsed_from_order_notes,4,prior_summary_manual_qty,,CHIP,4,55,,,,,Y,NO_SAMPLE_QUANTITY_FOUND,sample,2026-07-24,2026-07-24,1.00,1.00,0.00,688693|767948,1,1.00,0.00,2,DAVID 480.815.0880 KA//MH - 1 PKG | PLEASE SEND SAMPLE CHIPS OF EXOTICS COLLECTION : ACACIA GOLD AND ACACIA BRONZE
689070,768140,2026-07-27,TAM100,sample chip,parsed_from_order_notes,4,prior_summary_manual_qty,number_before_sample_chip; number_before_generic_sample,CHIP,4,54,,,Y,,Y,PRIOR_QTY_DIFFERS_FROM_PARSED_QTY,sample,2026-07-27,2026-07-27,1.00,6.00,0.00,689070|768140,1,1.00,0.00,6,SHIP  UPS GROUND  @  NO CHARGE PER  DC OPEN MON - FRI HOUR 10AM - 4PM ** SATURDAYS OPEN 11AM-3PM | O/A SHIPPING  TO ADD FREIGHT ** | UPS 2ND DAY AIR**** KA // JSA | 1 PACKAGE | 2  SAMPLE  CHIPS  EA. LEGENDS   : | - CAFE - LA BELLE
689177,768247,2026-07-28,EME103,sample chip,parsed_from_order_notes,4,prior_summary_manual_qty,number_before_sample_chip; number_before_generic_sample,CHIP,4,50,,,Y,,Y,PRIOR_QTY_DIFFERS_FROM_PARSED_QTY,sample,2026-07-27,2026-07-28,1.00,6.00,0.00,689177|768247,1,1.00,0.00,4,SHIP  UPS  GROUND  @  NO CHARGE CONNER RICHARDS 503) 305-0147 | KA//JS ( 1 PKG ) | 2  SAMPLE  CHIPS EA. LEGENDS  : | -  LA BELLE
689182,768249,2026-07-28,FAN104,sample chip,parsed_from_order_notes,12,prior_summary_manual_qty,number_before_sample_chip; number_before_generic_sample,CHIP,12,51,,,Y,,Y,PRIOR_QTY_DIFFERS_FROM_PARSED_QTY,sample,2026-07-27,2026-07-28,1.00,6.00,0.00,689182|768249,1,1.00,0.00,4,"SHIP  UPS  GROUND @  NO CHARGE PER DC KATHRYN(804) 300-4215 | KA//JS ( 1 PKG ) | 2  SAMPLE  CHIPS  EA. CRYSTAL VALLEY AMERICA   : | -   WHITE OAK NATURAL  3-1/4 ""  USA   ****"
689275,768298,2026-07-28,20,sample chip,parsed_from_order_notes,10,prior_summary_manual_qty,number_before_sample_chip; number_before_generic_sample,CHIP,10,52,,,Y,,Y,PRIOR_QTY_DIFFERS_FROM_PARSED_QTY,sample,2026-07-28,2026-07-28,1.00,6.00,0.00,689275|768298,1,1.00,0.00,4,SHIP  UPS  GROUND  @  NO CHARGE PER DC R WENZ  (303) 947-9919 | KA//JS ( 1 PKG ) | 3  SAMPLE  CHIPS  EA. LEGENDS  : | - CHANTAL  7.5
689184,768424,2026-07-29,JRC103,sample chip,parsed_from_order_notes,1,prior_summary_manual_qty,number_before_sample_chip; number_before_generic_sample,CHIP,1,48,,,,,Y,EACH_PATTERN_ITEM_COUNT_NOT_CONFIDENT,sample,2026-07-27,2026-07-29,1.00,6.00,0.00,689184|768424,1,1.00,0.00,3,TO DAVE'S JOUSE 7/28 KA//CG - 1 BND | KA//JS ( 1 BNDL ) | 1 SAMPLE CHIP FOR EACH COLOR: - LAMINATE DIANA COLLECTION
689747,768446,2026-07-29,20,sample chip,parsed_from_order_notes,,needs_review,,CHIP,,1692,,,,,Y,NO_SAMPLE_QUANTITY_FOUND,sample,2026-07-29,2026-07-29,1.00,1.00,0.00,689747|768446,1,1.00,0.00,3,07.29 UPS GROUND NO DLV FEE ** SENDING SAMPLES ** MN 1 BOX | RP//KA//CG | ** SAMPLE CHIPS ** ALL EXOTIC COLLECTION
690073,768553,2026-07-30,20,sample chip,parsed_from_order_notes,,needs_review,,,,1691,,,,,Y,NO_SAMPLE_QUANTITY_FOUND,sample,2026-07-30,2026-07-30,1.00,1.00,0.00,690073|768553,1,1.00,0.00,4,07.30 UPS GROUND NO DLV FEE ** SENDING SAMPLES ** MN 1 PACKAGE | RP//KA//CG | ** SAMPLES ** MAPLE WHEAT SMOOTH | HICKORY NAT SMOOTH
690132,078658,2026-07-31,COR122,sample chip,parsed_from_order_notes,,needs_review,,,,,,,Y,,Y,NO_SAMPLE_QUANTITY_FOUND,cut,2026-07-30,2026-07-31,1.00,9.00,0.00,690132|078658,1,2.00,0.00,2,PLEASE SEND 2 CUTS OF THE CARMELITA @ NO CHARGE PER BRAD. NM BEVERLY HILLS | 1 PACKAGE RP//KA//CG
690197,768680,2026-07-31,DIA114,sample chip,parsed_from_order_notes,,needs_review,,,,,,,,,Y,NO_SAMPLE_QUANTITY_FOUND,sample,2026-07-30,2026-07-31,1.00,1.00,0.00,690197|768680,1,1.00,0.00,3,7/30: NO UPS GROUND CHARGE FOR SAMPLES 1 PACKAGE | RP//KA//CG | 3 CHIPS OF EA: G2 ANTIQUE DIST AND ESPRESSO DIST
690208,078659,2026-07-31,CRO114,sample chip,parsed_from_order_notes,,needs_review,,,,,,,Y,,Y,NO_SAMPLE_QUANTITY_FOUND,cut,2026-07-30,2026-07-31,1.00,9.00,0.00,690208|078659,2,4.00,0.00,2,PLEASE SEND 2 CUTS OF THE GNSS HICKORY NATURAL NO CHARGE PER BRAD NM | 1 PACKAGE RP//KA//CG
690400,768675,2026-07-31,COP100,sample chip,parsed_from_order_notes,6,prior_summary_manual_qty,number_before_sample_chip; number_before_generic_sample,CHIP,6,44,,,Y,,Y,PRIOR_QTY_DIFFERS_FROM_PARSED_QTY,sample,2026-07-31,2026-07-31,1.00,6.00,0.00,690400|768675,1,1.00,0.00,4,SHIP UPS   GROUND  @  NO CHARGE PER DC 480-500-5690   MATT  LANO | 1 BOX RP//KA//CG | 3  SAMPLE  CHIPS EA. NEWPORT : | - LAGUNA BEACH - PEBBLE   BEACH
690413,768719,2026-07-31,20,sample chip,parsed_from_order_notes,10,prior_summary_manual_qty,number_before_sample_chip; number_before_generic_sample,CHIP,10,45,,,Y,,Y,PRIOR_QTY_DIFFERS_FROM_PARSED_QTY,sample,2026-07-31,2026-07-31,1.00,6.00,0.00,690413|768719,1,1.00,0.00,9,SHIP    @   NO CHARGE PER DC JEAN KILLPACK 303-549-7113 | 1 BOX | RP//KA//CG | 2  SAMPLE  CHIPS EA. BEVERLY  HILLS : | - BURTON WAY - CANON | - REXFORD - CARMELITA | - ALPINE - RODEO DRIVE | - WALDEN - REXFORD | - LOMA LINDA
690419,768720,2026-07-31,20,sample chip,parsed_from_order_notes,4,prior_summary_manual_qty,number_before_sample_chip; number_before_generic_sample,CHIP,4,46,,,Y,,Y,PRIOR_QTY_DIFFERS_FROM_PARSED_QTY,sample,2026-07-31,2026-07-31,1.00,6.00,0.00,690419|768720,1,1.00,0.00,4,SHIP   UPS   GROUND @  NO CHARGE PER DC DENISE H  (337) 224-5420 | 1 PACKAGE RP//KA//CG | 2  SAMPLE  CHIPS EA. GII  SMOOTH  : | -HICKORY  CHATEAU  -  SMOOTH
690428,768721,2026-07-31,20,sample chip,parsed_from_order_notes,6,prior_summary_manual_qty,number_before_sample_chip; number_before_generic_sample,CHIP,6,47,,,Y,,Y,PRIOR_QTY_DIFFERS_FROM_PARSED_QTY,sample,2026-07-31,2026-07-31,1.00,6.00,0.00,690428|768721,1,1.00,0.00,5,SHIP UPS  GROUND @  NO CHARGE PER DC JENNIFER C. 850) 819-8832 | 1 PACKAGE RP//KA//CG | 2  SAMPLE CHIPS  EA. GII  DISTREESED : | -MAPLE CHESTNUT - DISTRESSED -WALNUT ANTIQUE - DISTRESSED | -MAPLE LATTE - DISTRESSED
689817,768854,2026-08-03,CEN100,sample chip,parsed_from_order_notes,,needs_review,,,,41,,,,,Y,NO_SAMPLE_QUANTITY_FOUND,sample,2026-07-29,2026-08-03,1.00,6.00,0.00,689817|768854,1,1.00,0.00,4,"DRIVER TO PICK UP OLD AND DISCONTINUED SAMPLE DISPLAYS. MEET CRISTINA IN THE AFTERNOON TO SET THIS UP. | ERIC AWARE. WILL ADVISE BY NOON. KA // CG | 1 PALLET, 2 BOXES, 2 BUNDLES | 2 EACH CV ENG CHINA COLLECTION"
691015,768987,2026-08-04,DIG102,sample chip,parsed_from_order_notes,,needs_review,,,,,,,,,Y,NO_SAMPLE_QUANTITY_FOUND,cut,2026-08-04,2026-08-04,1.00,1.00,0.00,691015|768987,1,2.00,0.00,3,RESIDENTIAL 1 PACKAGE | RP//KA//CG | NP - SHELLBEACH CUTS NP - PEBBLE BEACH CUTS
691162,769283,2026-08-06,CEN100,sample chip,parsed_from_order_notes,,needs_review,,,,,,,,,Y,NO_SAMPLE_QUANTITY_FOUND,sample,2026-08-04,2026-08-06,1.00,6.00,0.00,691162|769283,3,3.00,0.00,8,"DROP OFF @ CENTURY. *SHOP DELIVERY***  DELIVER BETWEEN 7:30AM-8:00AM** | DRIVER TO SET UP CV AMERICA SAMPLE ON THE SAME RACK AS CAROLINA CLASSIC - REMOVE ILLUM8 SAMPLES.  THANKS TEAM. | DELIVER W/ORD  691598 KA//CG ( 2 BXS // 2 BNDLS ) | 1 PC OF EACH CRYSTAL VALLEY ENG CHINA 3 1/4"" AND 5"" (PUT IN A SMALL BOX INSTEAD OF SHRINK WRAP) | **CHINA COLLECTION CRYSTAL VALLEY ENG** | 1PC OF EA:  UNF ENG CONTRACTORS CHOICE COLLECTION. (PUT IN A SMALL BOX INSTEAD OF SHRINK WRAP) | 2PCS EACH: -UNF SOLID WO RIFT & QUARTER 3/4 X 2 1/4 | -UNF SOLID WO RIFT & QUARTER 1/2 X 2"
691625,769319,2026-08-06,MOD107,sample chip,parsed_from_order_notes,4,prior_summary_manual_qty,number_before_sample_chip; number_before_generic_sample,CHIP,4,39,,,,,Y,PRIOR_QTY_DIFFERS_FROM_PARSED_QTY,sample,2026-08-05,2026-08-06,1.00,1.00,0.00,691625|769319,1,1.00,0.00,3,"DEYSY 805-688-9796 1 PACKAGE | RP//KA//CG | PLEASE SEND 2 SAMPLE CHIPS OF BIRCH CHESTNUT, SPICE, HARVEST"
691968,769427,2026-08-07,INT112,sample chip,parsed_from_order_notes,2,parsed_from_order_notes,number_before_generic_sample,,,35,,,,,Y,EACH_PATTERN_ITEM_COUNT_NOT_CONFIDENT,pcs; sample,2026-08-06,2026-08-07,1.00,1.00,0.00,691968|769427,1,1.00,0.00,3,MATT 415.652.6506 1 BOX | RP//KA//CG | SEND 2 SAMPLE PCS OF EACH COLOR IN G2 DISTRESSED COLLECTION
692067,769416,2026-08-07,EXC106,sample chip,parsed_from_order_notes,,needs_review,,,,,,,,,Y,NO_SAMPLE_QUANTITY_FOUND,sample,2026-08-07,2026-08-07,1.00,1.00,0.00,692067|769416,1,1.00,0.00,6,08.07 UPS GROUND NO DLV FEE ** SENDING SAMPLES ** MN 1 BOX | RP//KA//CG | ** 2 PC EACH ** ALLORA 9.5  ALL COLORS | ALLORA 7.5  ALL COLORS GLENWOOD | LODI PARIA | GOLD LABEL ALL COLORS
692131,769636,2026-08-10,MCC112,sample panel,parsed_from_order_notes,,needs_review,,,,,,,,,Y,NO_SAMPLE_QUANTITY_FOUND,sample; panel,2026-08-07,2026-08-10,1.00,1.00,0.00,692131|769636,1,1.00,0.00,3,08.07 UPS GROUND NO DLV FEE ** SENDING SAMPLE PANEL ** MN 916.616.2191 | 1 BOX RP//KA//CG | ** PANEL ** LEGENDS BRIGITTE
692554,769645,2026-08-10,PAS108,sample chip,parsed_from_order_notes,,needs_review,,,,,,,,,Y,NO_SAMPLE_QUANTITY_FOUND,pieces,2026-08-10,2026-08-10,1.00,1.00,0.00,692554|769645,1,1.00,0.00,2,08.10 DAVE TO PICK UP - MN | CRYSTAL VALLEY CHINA - ALL PIECES CRYSTAL VALLEY USA -ALL PIECES
691843,078896,2026-08-11,TIM113,sample panel; sample chip,parsed_from_order_notes,,needs_review,,,,,,,,,Y,MULTIPLE_SAMPLE_TYPES; NO_SAMPLE_QUANTITY_FOUND,sample; plank,2026-08-06,2026-08-11,1.00,9.00,0.00,691843|078896,4,8.00,0.00,4,REVISED *** SEND FOR 8/11 PER BRAD | NOT ALL SAMPLES IN STOCK OK TO SEND PLANKS PER BRAD | 1 BOX RP//KA//CG | SAMPLES CHIPS ARE ALL SUBSTITUTED**
692626,769764,2026-08-11,PRO108,sample chip,parsed_from_order_notes,,needs_review,,,,,,,,,Y,NO_SAMPLE_QUANTITY_FOUND,pieces; cut,2026-08-10,2026-08-11,1.00,1.00,0.00,692626|769764,1,1.00,0.00,5,08.10 DLV TO DAVES HOUSE - MN DAVE 818.638.8888 | OK PER CESAR AFTER CUT OFF KA // CG | 1 BUNDLE | CRYSTAL VALLEY CHINA - ALL PIECES CRYSTAL VALLEY USA - ALL PIECES | *** RUSS PULLED MATERIAL ALREADY ***
692681,769769,2026-08-11,20,sample chip,parsed_from_order_notes,,needs_review,,,,,,,,,Y,NO_SAMPLE_QUANTITY_FOUND,cut,2026-08-10,2026-08-11,1.00,1.00,0.00,692681|769769,1,2.00,0.00,5,8.10: OK PER CG PAST CUT OFF RESIDENTIAL  // OK PER JM | 1 BOX RP//KA//CG | ALLORA - ARIA 7.5 ALLORA - LUNA 7.5 | GII SMOOTH- WHEAT NP - SHELLBEACH | NP - MANHATTAN BEACH PS - SAHARA
692876,769773,2026-08-11,20,sample chip,parsed_from_order_notes,6,prior_summary_manual_qty,number_before_sample_chip; number_before_generic_sample,CHIP,6,29,,,Y,,Y,PRIOR_QTY_DIFFERS_FROM_PARSED_QTY,sample,2026-08-11,2026-08-11,1.00,6.00,0.00,692876|769773,1,1.00,0.00,5,SHIP  UPS  GROUND @  NO CHARGE PER DC RACHAEL BOWEN 5014509633 | 1 BOX RP//KA//CG | 2 SAMPLE CHIPS EA. ALLORA  : | - ARIA 7.5 - LUNA 7.5 | - ALTURA 7.5
692886,769774,2026-08-11,20,sample chip,parsed_from_order_notes,130.59,prior_summary_manual_qty,number_before_sample_chip; number_before_generic_sample,CHIP,130.59,30,,,Y,,Y,PRIOR_QTY_DIFFERS_FROM_PARSED_QTY,sample,2026-08-11,2026-08-11,1.00,6.00,0.00,692886|769774,1,1.00,0.00,4,SHIP UPS  GROUND @  NO CHARGE  PER DC CHEREE  (281) 541-7459 | 1 PACKAEG RP//KA//CG | 2  SAMPLE  CHIPS EA. NEWPORT  : | - PEBBLE  BEACH
692890,769763,2026-08-11,PRO100,sample chip,parsed_from_order_notes,6,prior_summary_manual_qty,number_before_sample_chip_times_2_listed_items; number_before_generic_sample_times_2_listed_items,CHIP,6,31,,,,,Y,EACH_PATTERN_MULTIPLIED_BY_LISTED_ITEMS,sample,2026-08-11,2026-08-11,1.00,1.00,0.00,692890|769763,1,1.00,0.00,5,08/11 SENDING SAMPLE CHIPS VIA UPS GROUND //WB ATTN:NICOLE | CONTACT NICOLE :805-983-1314 1 PACKAGE | RP//KA//CG | ****PLEASE SEND 3 SAMPLE CHIPS OF EACH ****** MAPLE SYRUP DISTRESSED | MAPLE SYRUP SMOOTH
693364,770094,2026-08-13,20,sample chip,parsed_from_order_notes,8,prior_summary_manual_qty,number_before_sample_chip_times_3_listed_items; number_before_generic_sample_times_3_listed_items,CHIP,8,27,,,,,Y,EACH_PATTERN_MULTIPLIED_BY_LISTED_ITEMS; PRIOR_QTY_DIFFERS_FROM_PARSED_QTY,sample,2026-08-12,2026-08-13,1.00,1.00,0.00,693364|770094,1,1.00,0.00,5,08/12 SENDING SAMPLE CHIPS UPS GROUND //WB CONTACT LADY:914-320-3625 | 1 BOX RP//KA//CG | *****PLEASE SEND 2 SAMPLE CHIPS OF EACH********* ALLORA- | -ALTURA 7.5 -SELLA  7.5 | -DOMA   7.5 -LUNA   7.5
694366,770383,2026-08-17,FLO181,sample panel,parsed_from_order_notes,,needs_review,,,,,,,,,Y,NO_SAMPLE_QUANTITY_FOUND,panel,2026-08-17,2026-08-17,1.00,1.00,0.00,694366|770383,1,1.00,0.00,5,OK PER AA - BTB 1 BOX | RP//KA//CG | GNII DIS -SYRUP PANLES GNII DIS -WHEAT PANELS | GNII DIS -ESPRESSO PANELS GNII DIS -LATTE PANELS | GNII DIS -CHESTNUT PANELS
694643,770628,2026-08-18,20,sample chip,parsed_from_order_notes,,needs_review,,,,,,,,,Y,NO_SAMPLE_QUANTITY_FOUND,sample,2026-08-18,2026-08-18,1.00,1.00,0.00,694643|770628,1,1.00,0.00,4,08.18 UPS GROUND NO DLV FEE ** SENDING SAMPLES ** KELSEY FERGUSON 479.466.1223 | KELSEYMARIEFERGUSON@GMAIL.COM 1 PACKAGE | RP//KA//CG | ** SEND 3 PC ** HICKORY BEAUFORT
694826,770758,2026-08-19,MCC101,sample chip,parsed_from_order_notes,,needs_review,,,,,,,,,Y,NO_SAMPLE_QUANTITY_FOUND,sample,2026-08-18,2026-08-19,1.00,1.00,0.00,694826|770758,1,1.00,0.00,3,8/18:NO UPS GROUND CHARGE FOR SAMPLES 1 PACKAGE | RP//KA//CG | 2 CHIPS OF EA: CV 3-1/4 RED OAK * BOTH USA AND OVERSEAS *
694853,770773,2026-08-19,S&G100,sample chip,parsed_from_order_notes,,needs_review,,CHIP,,1672,,,,,Y,NO_SAMPLE_QUANTITY_FOUND,sample,2026-08-18,2026-08-19,1.00,1.00,0.00,694853|770773,1,1.00,0.00,3,08.18 UPS GROUND NO DLV FEE ** SENDING SAMPLES ** MN CYNTHIA 916-577-1400 | 1 PACKAGE RP//KA//CG | ** SEND 3 CHIPS ** ALLORA LUNA 7.5
695066,770735,2026-08-19,CRA104,sample chip,parsed_from_order_notes,,needs_review,,CHIP,,1673,,,,,Y,NO_SAMPLE_QUANTITY_FOUND,sample,2026-08-19,2026-08-19,1.00,1.00,0.00,695066|770735,1,1.00,0.00,4,08.19 UPS GROUND NO DLV FEE ** SENDING SAMPLES ** MN MAGGIE 707.778.6608 | 1 PACKAGE RP//KA//CG | ** SAMPLE CHIPS ** APPALACHIAN GUNSTOCK 3 1/4 | APPALACHIAN RED OAK TREEBARK 3 1/4
695150,770901,2026-08-20,S&G100,sample chip,parsed_from_order_notes,,needs_review,,CHIP,,1669,,,,,Y,NO_SAMPLE_QUANTITY_FOUND,sample,2026-08-19,2026-08-20,1.00,1.00,0.00,695150|770901,1,1.00,0.00,3,8/19: NO UPS GROUND CHARGE FOR SAMPLES 1 BOX | RP//KA//CG | 3 CHIPS OF EA : BRAZ. CHERRY // CASHMERE
695201,079116,2026-08-20,NOB102,sample chip,parsed_from_order_notes,,needs_review,,,,,,,,,Y,NO_SAMPLE_QUANTITY_FOUND,sample,2026-08-19,2026-08-20,1.00,9.00,0.00,695201|079116,3,6.00,0.00,2,SAMPLE CHIPS 1 BOX | RP//KA//CG
696093,771195,2026-08-24,GRE137,sample chip,parsed_from_order_notes,,needs_review,,,,,,,Y,,Y,NO_SAMPLE_QUANTITY_FOUND,sample,2026-08-24,2026-08-24,1.00,1.00,0.00,696093|771195,1,1.00,0.00,3,NO CHARGE FOR BROCHURES OR UPS. 1 BOX | RP//KA//CG | IN STOCK PER SAMPLES
696113,771184,2026-08-24,CRA101,sample chip,parsed_from_order_notes,,needs_review,,,,,,,,,Y,NO_SAMPLE_QUANTITY_FOUND,sample,2026-08-24,2026-08-24,1.00,1.00,0.00,696113|771184,1,1.00,0.00,3,8/24: NO UPS GROUND CHARGE FOR SAMPLES 1 PACKAGE | RP//KA//CG | 3 CHIPS OF RODEO DRIVE
695797,771335,2026-08-25,CEN100,sample panel; sample chip,parsed_from_order_notes,,needs_review,number_before_sample_chip; number_before_generic_sample; number_before_panel,,,,,,,,Y,MULTIPLE_SAMPLE_TYPES; MULTIPLE_QUANTITY_CANDIDATES_REVIEW_REQUIRED,sample; panel,2026-08-21,2026-08-25,1.00,6.00,0.00,695797|771335,3,3.00,0.00,6,DRIVER TO SET UP ON A NEW RACK NEXT TO BEVERLY HILLS DROP OFF | O/A CALL MISHEL HALF HOUR BEFORE DELIVERY 818-2663444 GROUND FLOOR DELIVERY** | **REPRINTED** K//CG - 1 PLT / 2 BNDS / 1 BX | 3 SAMPLE CHIPS ILLUMIN8 GLAZE | 7 TSHIRTS LONG SLEEVE | 4 SAMPLE CHIPS WALNUT NATURAL LEGENDS OR 1 PANEL IF AVAILABLE.
696295,771375,2026-08-25,20,sample chip,parsed_from_order_notes,,needs_review,,CHIP,,1666,,,,,Y,NO_SAMPLE_QUANTITY_FOUND,sample,2026-08-25,2026-08-25,1.00,1.00,0.00,696295|771375,1,1.00,0.00,4,08.25 UPS GROUND NO DLV FEE ** SENDING SAMPLES ** MN CDBROWN61@GMAIL.COM | CHARLES BROWN 610.937.1619 1 PACKAGE | RP//KA//CG | ** SAMPLE CHIPS ** HICKORY SMOOTH CHATEAU
696322,771376,2026-08-25,20,sample chip,parsed_from_order_notes,,needs_review,,,,,,,,,Y,NO_SAMPLE_QUANTITY_FOUND,sample,2026-08-25,2026-08-25,1.00,1.00,0.00,696322|771376,2,4.00,0.00,2,OK PER JM // JACKIE 530.906.0422 ** REPRINT SAMPLE ADDED ** | 1 PACKAGE RP//KA//CG
696581,771612,2026-08-27,OLD111,sample panel; sample chip,parsed_from_order_notes,,needs_review,number_before_sample_chip; number_before_generic_sample; number_before_sample_panel,,,,,,Y,,Y,MULTIPLE_SAMPLE_TYPES; MULTIPLE_QUANTITY_CANDIDATES_REVIEW_REQUIRED,sample; panel,2026-08-25,2026-08-27,1.00,6.00,0.00,696581|771612,1,1.00,0.00,7,SHIP UPS GROUND  @ NO CHARGE PER DC APPROVED BY  NU | 305-859-4848  FABIAN 1 BOX | 1 PACKAGE RP//KA//CG | 1Z9380460328302431 | 2 SAMPLE CHIPS EA. LEGENDS: | - LA BELLE *** 1 SAMPLE PANEL    LEGENDS  > LA BELLE  > *** | **  STOCK  CONF BY SAMPLES
696921,771611,2026-08-27,NAT114,sample chip,parsed_from_order_notes,,needs_review,,,,,,,,,Y,NO_SAMPLE_QUANTITY_FOUND,cut,2026-08-26,2026-08-27,1.00,1.00,0.00,696921|771611,1,2.00,0.00,3,"OK PER JM BTB | 1 PACKAGE RP//KA//CG | CV- PRAIRE WHEAT 5"" CUTS GNII - MAPLE WHEAT CUTS"
697002,771613,2026-08-27,PAC125,sample panel,parsed_from_order_notes,,needs_review,,,,,,,,,Y,NO_SAMPLE_QUANTITY_FOUND,panel,2026-08-27,2026-08-27,1.00,1.00,0.00,697002|771613,1,1.00,0.00,3,OK PER JM 1 BOX | RP//KA//CG | CB - HICKORY ANTIQUE PANEL CC - HICKORY CHARLOTTE PANEL
697923,772085,2026-09-01,20,sample chip,parsed_from_order_notes,,needs_review,,,,,,,,,Y,NO_SAMPLE_QUANTITY_FOUND,sample,2026-09-01,2026-09-01,1.00,1.00,0.00,697923|772085,1,1.00,0.00,5,09.01 UPS GROUND NO DLV FEE ** SENDING SAMPLES ** WILLIAM DUGAN 805.540.4718 | HELLOWILLIAMDUGAN@ICLOUD.COM 1 BOX | RP//KA//CG | ** 3 PC EACH ** VOLTO 9.5 | SELLA SEL 9.5 DOMA SEL 9.5
697986,772047,2026-09-01,CLA114,sample chip,parsed_from_order_notes,,needs_review,,,,,,,,,Y,NO_SAMPLE_QUANTITY_FOUND,sample,2026-09-01,2026-09-01,1.00,1.00,0.00,697986|772047,1,1.00,0.00,3,09.01 UPS GROUND NO DLV FEE ** SENDING SAMPLES ** MN 408.866.5485 | 1 PACKAGE RP//KA//CG | ** SEND 3 PC ** HICKORY CHATEAU SMOOTH
698110,772082,2026-09-01,SPE106,sample chip,parsed_from_order_notes,,needs_review,,,,,,,,,Y,NO_SAMPLE_QUANTITY_FOUND,sample,2026-09-01,2026-09-01,1.00,1.00,0.00,698110|772082,1,1.00,0.00,3,9/1: NO UPS GROUND CHAGE FOR SAMPLES 1 BOX | RP//KA//CG | 2 CHIPS OF EA: PRIVATE SELECTION
697861,772169,2026-09-02,CAP107,sample panel,parsed_from_order_notes,,needs_review,,,,,,,,,Y,NO_SAMPLE_QUANTITY_FOUND,panel,2026-08-31,2026-09-02,1.00,1.00,0.00,697861|772169,1,2.00,0.00,3,OK PER JM // BTB 1 BOX | RP//KA//CG | CB - HICKORY VINTAGE PANEL CB - HICKORY ANTIQUE PANEL
698210,772174,2026-09-02,FLO388,sample panel,parsed_from_order_notes,,needs_review,,,,,,,Y,,Y,NO_SAMPLE_QUANTITY_FOUND,panel,2026-09-01,2026-09-02,1.00,1.00,0.00,698210|772174,1,1.00,0.00,2,09.01 UPS GROUND NO DLV FEE ** SENDING PANELS ** MN KENNETH 845.578.0017 | NO CHARGE PER JIM KA//EL//CG - 1 PLT
698280,772184,2026-09-02,20,sample chip,parsed_from_order_notes,,needs_review,,,,,,,,,Y,NO_SAMPLE_QUANTITY_FOUND,sample,2026-09-02,2026-09-02,1.00,1.00,0.00,698280|772184,1,1.00,0.00,5,"09.02 UPS GROUND NO DLV FEE ** SENDING SAMPLES ** MN WENDYSTEU@SBCGLOBAL.NET | WENDY 214.208.5597 1 PACKAGE | RP//KA//CG | ** 2 EACH ** SMOOTH HICKORY CHATEAU 5"" | WHITE OAK PRAIRIE WHEAT 3 1/4 SMOOTH HICKORY NATURAL 5"""
698252,772310,2026-09-03,CLA106,sample panel,parsed_from_order_notes,,needs_review,,,,,,,,,Y,NO_SAMPLE_QUANTITY_FOUND,sample; panel,2026-09-01,2026-09-03,1.00,1.00,0.00,698252|772310,1,1.00,0.00,4,WARREN 909-921-7901 NO DLV FEE PER DC | SAMPLE PANEL MATERIAL IN PURCHASING WITH DILAN | KA//CG ( 1 BX ) | AUBURN APPALACHIAN PANEL
698556,079400,2026-09-03,PRO099,sample chip,parsed_from_order_notes,,needs_review,,,,,,,Y,,Y,NO_SAMPLE_QUANTITY_FOUND,cut,2026-09-02,2026-09-03,1.00,9.00,0.00,698556|079400,1,2.00,0.00,3,PLEASE SEND 2 CUTS OF THE BEVERLY HILLS CARMELITA. ATTN: MATT//NO CHARGE PER BRAD NM | 1 PACKAGE | RP//KA//CG
698640,772350,2026-09-03,20,sample chip,parsed_from_order_notes,,needs_review,,,,,,,,,Y,NO_SAMPLE_QUANTITY_FOUND,sample,2026-09-03,2026-09-03,1.00,1.00,0.00,698640|772350,1,1.00,0.00,4,09.03 UPS GROUND NO DLV FEE ** SENDING SAMPLES ** NIKHILA JUVVADI 317.664.4395 | GOPAL1008@GMAIL.COM 1 PACKAGE | RP//KA//CG | ** SEND 3 PC ** EURO OAK ADOBE COLOR #4
