CATALOG_ALIAS,CATALOG_ITEMS,CATALOG_ITEM_COUNT
BAMBOO STRAND NATURAL CARBONIZ,TIGER - BAMBOO STRAND NATURAL/CARBONIZ - [BA72SNC],1
CUSTOM TREAD AUSTRALIAN CYPRES,CUSTOM TREAD AUSTRALIAN CYPRES - [MOTRSOALF],1
GARRSION STRAND BAMBOO NATURAL,LIGHT - GARRSION STRAND BAMBOO NATURAL - [GFBA36SN]; DARK - GARRSION STRAND BAMBOO NATURAL - [GFBA36SND],2
LAMINATE END CAP ACACIA BRONZE,LAMINATE END CAP ACACIA BRONZE - [LALXECME01],1
LAMINATE END CAP CHOCOLATE WAL,LAMINATE END CAP CHOCOLATE WAL - [LALXECHS07],1
LAMINATE END CAP COLONIAL BRWN,LAMINATE END CAP COLONIAL BRWN - [LALXECCS02],1
LAMINATE END CAP ELEGANT CHERR,LAMINATE END CAP ELEGANT CHERR - [LAEC6927],1
LAMINATE END CAP EXOTIC WALNUT,LAMINATE END CAP EXOTIC WALNUT - [LAECSRCEW143],1
LAMINATE END CAP GOLDEN AUBURN,LAMINATE END CAP GOLDEN AUBURN - [LALXECHG01],1
LAMINATE END CAP GOLDN HARVEST,LAMINATE END CAP GOLDN HARVEST - [LALXECME04],1
LAMINATE END CAP MIDNIGHT HICK,MIDNIGHT H - LAMINATE END CAP MIDNIGHT HICK - [LAECPEMH12],1
LAMINATE END CAP SIERRA WALNUT,LAMINATE END CAP SIERRA WALNUT - [LALXECRH01],1
LAMINATE END CAP VINTAGE CHERR,LAMINATE END CAP VINTAGE CHERR - [LALXECCS04],1
LAMINATE END CAP WALNUT NATURA,LAMINATE END CAP WALNUT NATURA - [LAECL12NDWN],1
LAMINATE ENDCAP COASTAL BREEZE,COASTAL BREEZE - LAMINATE ENDCAP COASTAL BREEZE - [LALXECCS07],1
LAMINATE GLOSSY CHERRY NATURAL,CHERRY NAT - LAMINATE GLOSSY CHERRY NATURAL - [LAEDHD32],1
LAMINATE QTR CANTERBURY WALNUT,LAMINATE QTR CANTERBURY WALNUT - [LALXQRRH04],1
LAMINATE QTR ROUND HICK GOLDEN,LAMINATE QTR ROUND HICK GOLDEN - [LAQRL8CWD7933],1
LAMINATE QTR ROUND IOWA WALNUT,LAMINATE QTR ROUND IOWA WALNUT - [LAQRCW87329],1
LAMINATE QTR ROUND ROASTEDPINE,ROAST PINE - LAMINATE QTR ROUND ROASTEDPINE - [LAQRL8CVRP],1
LAMINATE QTR ROUND SANTOS MAHO,LAMINATE QTR ROUND SANTOS MAHO - [LAQRCRCSM12],1
LAMINATE QTR ROUND SPANISH PEC,SPANISH - LAMINATE QTR ROUND SPANISH PEC - [LAQRL8CW619],1
LAMINATE REDUCE CANTERBURY WAL,LAMINATE REDUCE CANTERBURY WAL - [LALXRERH04],1
LAMINATE SPECIAL ORDER MOULDIN,LAMINATE SPECIAL ORDER MOULDIN - [LASOMO],1
LAMINATE TREAD CHOCOLATE WALNU,LAMINATE TREAD CHOCOLATE WALNU - [LALXTRHS07],1
LAMINATE TREAD ESPRESSO WALNUT,LAMINATE TREAD ESPRESSO WALNUT - [LALXTRRH02],1
MEGACLIC QUARTER ROUND ASTORIA,MEGACLIC QUARTER ROUND ASTORIA - [LAMCQRCT3301],1
MEGACLIC QUARTER ROUND CRIMSON,MEGACLIC QUARTER ROUND CRIMSON - [LAMCQRAS3101],1
PANNEL SUMMIT SKY PL HIMALAYAS,WATERFALL ORIGINAL - PANNEL-SUMMIT SKY PL HIMALAYAS - [GCSBSS503-2228]; WATERFALL ORIGINAL - PANNEL-SUMMIT SKY PL HIMALAYAS - [GCSBSS503-2424],2
PARADISE VALLEY END CAP RUSSIA,RUSSIAN BLACK OAK - PARADISE VALLEY END CAP RUSSIA - [LAPVECO02],1
PARADISE VALLEY END CAP SILVER,SILVER OAK - PARADISE VALLEY END CAP SILVER - [LAPVECO03],1
PARADISE VALLEY FLUSH NO RUSSI,RUSSIAN BLACK OAK - PARADISE VALLEY FLUSH NO.RUSSI - [LAPVFNOO02],1
PARADISE VALLEY FLUSH NO SILVE,SILVER OAK - PARADISE VALLEY FLUSH NO.SILVE - [LAPVFNOO03],1
PARADISE VALLEY QTR RND RUSSIA,RUSSIAN BLACK OAK - PARADISE VALLEY QTR RND RUSSIA - [LAPVQRO02],1
PARADISE VALLEY QTR RND SILVER,SILVER OAK - PARADISE VALLEY QTR RND SILVER - [LAPVQRO03],1
QUARTER ROUND WOVEN BAMBOO HDF,CARBONIZED - QUARTER ROUND WOVEN BAMBOO HDF - [TECLBQW-C],1
SPECIAL ORDER GENUINE MAHOGANY,SPECIAL ORDER GENUINE MAHOGANY - [LQSOGM],1
B HILLS ADD ON ALPINE ROXBURY,B.HILLS ADD-ON ALPINE/ROXBURY - [GCSETBH-2828ADD],1
BAMBOO QTR ROUND HORIZONTAL C,CARBONIZED - BAMBOO QTR ROUND HORIZONTAL C - [BAQRBHC],1
COMPETITION BUSTER PREF RISER,COMPETITION BUSTER PREF.RISER - [GCRICB],1
HARRISS TARKETT SPECIAL ORDER,HARRISS TARKETT SPECIAL ORDER - [HT0SO],1
ILLUMIN QUARTER ROUND GLIMMER,ILLUMIN8 QUARTER ROUND GLIMMER - [GLILQR806],1
LAM END CAP GOL STRIPE BAMBOO,LAM. END CAP GOL.STRIPE BAMBOO - [LAECL1204],1
LAMINATE CHINESE CHICKEN WING,LAMINATE CHINESE CHICKEN WING - [LACWD7878],1
LAMINATE E CAP CANTERBURY WAL,LAMINATE E-CAP CANTERBURY WAL. - [LALXECRH04],1
LAMINATE END CAP ANT CHARCOAL,LAMINATE END CAP ANT. CHARCOAL - [LALXECHS03],1
LAMINATE END CAP BURNT BRONZE,LAMINATE END CAP BURNT BRONZE - [LALXECHS05],1
LAMINATE END CAP CITRUS AMBER,LAMINATE END CAP CITRUS AMBER - [LALXECCS01],1
LAMINATE END CAP DARK SCARLET,LAMINATE END CAP DARK SCARLET - [LALXECSS02],1
LAMINATE END CAP DELUXE COPPE,*LAMINATE END CAP DELUXE COPPE - [LALXECMP01],1
LAMINATE END CAP ESPRESSO WAL,LAMINATE END CAP ESPRESSO WAL. - [LALXECRH02],1
LAMINATE END CAP FLRSCNT GOLD,*LAMINATE END CAP FLRSCNT GOLD - [LALXECHG03],1
LAMINATE END CAP GINGER TAUPE,LAMINATE END CAP GINGER TAUPE - [LALXECHS06],1
LAMINATE END CAP HAMPTON LAVA,LAMINATE END CAP HAMPTON LAVA - [LALXECSS03],1
LAMINATE END CAP ISLAND SHORE,ISALND SHORE - LAMINATE END CAP ISLAND SHORE - [LALXECHS02],1
LAMINATE END CAP MOCHA WALNUT,LAMINATE END CAP MOCHA WALNUT - [LALXECRH03],1
LAMINATE END CAP ROYAL MAHOGA,*LAMINATE END CAP ROYAL MAHOGA - [LALXECHS01],1
LAMINATE END CAP RUSTIC OLIVE,LAMINATE END CAP RUSTIC OLIVE - [LAECHXM50],1
LAMINATE END CAP SIENNA CYPRE,*LAMINATE END CAP SIENNA CYPRE - [LALXECHS04],1
LAMINATE QTR CHOCOLATE WALNUT,LAMINATE QTR CHOCOLATE WALNUT - [LALXQRHS07],1
LAMINATE QTR COLUMBIAN WALNUT,LAMINATE QTR COLUMBIAN WALNUT - [LAQRCW212],1
LAMINATE QTR JAMESTOWN AUTUMN,LAMINATE QTR JAMESTOWN AUTUMN - [LAQRCWL90183],1
LAMINATE TREAD COASTAL BREEZE,COASTAL BREEZE - LAMINATE TREAD COASTAL BREEZE - [LALXTRCS07],1
LAMINATE TREAD WALNUT NATURAL,LAMINATE TREAD WALNUT NATURAL - [LALXTRHS08],1
MEGACLIC QUARTER ROUND PRINCE,MEGACLIC QUARTER ROUND PRINCE - [LAMCQRDN8710],1
OASIS END CAP SANTOS MAHOGANY,NATURAL - OASIS END CAP SANTOS MAHOGANY - [OAECSM],1
OSHKOSH POST MODERN MEDALLION,PREFIN. - OSHKOSH POST MODERN MEDALLION - [OK4303PF],1
PANNEL SUMMIT SKY PL H SIERRA,WATERFALL ORIGINAL - PANNEL- SUMMIT SKY PL H.SIERRA - [GCSBSS502-2228]; WATERFALL ORIGINAL - PANNEL- SUMMIT SKY PL H.SIERRA - [GCSBSS502-2424],2
PARADISE VALLEY FLUSH NO GRAY,GREY CHERRY - PARADISE VALLEY FLUSH NO.GRAY - [LAPVFNOC01],1
PARADISE VALLEY FLUSH NO NEON,NEON OAK - PARADISE VALLEY FLUSH NO.NEON - [LAPVFNOO01],1
PARADISE VALLEY TREAD GREY CH,GREY CHERRY - PARADISE VALLEY TREAD GREY CH - [LAPVTRC01],1
PARADISE VALLEY TREAD RUSSIAN,RUSSIAN BLACK OAK - PARADISE VALLEY TREAD RUSSIAN - [LAPVTRO02],1
SPECIAL ORDER GLUE DOWN VINYL,SPECIAL ORDER GLUE DOWN VINYL - [GVGD000],1
SPECIAL ORDER SANTOS MAHOGANY,SPECIAL ORDER SANTOS MAHOGANY - [LQSOSM],1
APPALACHIAN SPECIAL ORDER EA,APPALACHIAN SPECIAL ORDER EA - [PFAPSOEA],1
C CLASSIC B THOLD WILMINGTON,C.CLASSIC B-THOLD WILMINGTON - [GCBT7WF101],1
FRENCH CONN B SHOE CHAMBOARD,FRENCH CONN. B.SHOE CHAMBOARD - [GCBSOH90],1
FRENCH CONNECTION PREF RISER,FRENCH CONNECTION PREF.RISER - [GCRIFC],1
HANDSET FRENCH CONNECTION II,HANDSET - FRENCH CONNECTION II - [GCKEYSET18],1
ILLUMIN QUARTER ROUND AURORA,ILLUMIN8 QUARTER ROUND AURORA - [GLILQR801],1
ILLUMIN QUARTER ROUND LUSTER,ILLUMIN8 QUARTER ROUND LUSTER - [GLILQR807],1
LAMINATE END CAP BRAZIL GOLD,*LAMINATE END CAP BRAZIL.GOLD - [LALXECHG04],1
LAMINATE END CAP DARK RUSSET,*LAMINATE END CAP DARK RUSSET - [LALXECME02],1
LAMINATE END CAP NATURAL WAL,LAMINATE END CAP NATURAL WAL. - [LALXECHS08],1
LAMINATE END CAP OLIVE BROWN,LAMINATE END CAP OLIVE BROWN - [LAECL12NDOB],1
LAMINATE END CAP RICH WALNUT,LAMINATE END CAP RICH WALNUT - [LALXECCS05],1
LAMINATE END CAP SAND NUTMEG,LAMINATE END CAP SAND NUTMEG - [LALXECSS01],1
LAMINATE END CAP WILD WALNUT,LAMINATE END CAP WILD WALNUT - [LALXECPEWW12],1
LAMINATE GLOSSY RUSTIC OLIVE,LAMINATE GLOSSY RUSTIC OLIVE - [LAEDHD33],1
LAMINATE MOLD ANCIENT CHERRY,LAMINATE T-MOLD ANCIENT CHERRY - [LATMED948],1
LAMINATE MOLD CANTERBURY WAL,LAMINATE T-MOLD CANTERBURY WAL - [LALXTMRH04],1
LAMINATE MOLD CHERRY NATURAL,CHERRY NAT - LAMINATE T-MOLD CHERRY NATURAL - [LATMCW24190]; CHERRY NAT - LAMINATE T-MOLD CHERRY NATURAL - [LATMED733]; CHERRY NAT - LAMINATE T-MOLD CHERRY NATURAL - [LATMEDHD32],3
LAMINATE MOLD CLASSIC CHERRY,LAMINATE T-MOLD CLASSIC CHERRY - [LATML8MECC],1
LAMINATE MOLD EXOCTIC ACACIA,HI-GLOSS - LAMINATE T-MOLD EXOCTIC ACACIA - [LATML12PSSEA],1
LAMINATE MOLD GOL STRIP BAMB,LAMINATE T-MOLD GOL.STRIP BAMB - [LATML1204],1
LAMINATE MOLD JATOBA NATURAL,LAMINATE T-MOLD JATOBA NATURAL - [LATML12CVJN]; JATOBA NAT - LAMINATE T-MOLD JATOBA NATURAL - [LATMJTB624]; JATOBA NAT - LAMINATE T-MOLD JATOBA NATURAL - [LAMLTML12CVJN],3
LAMINATE MOLD MAHOGANY SPICE,LAMINATE T-MOLD MAHOGANY SPICE - [LATML12NDMS],1
LAMINATE MOLD MERBAU NATURAL,LAMINATE T-MOLD MERBAU NATURAL - [LATML8CVMN],1
LAMINATE MOLD ROSEWOOD TRAIL,LAMINATE T-MOLD ROSEWOOD TRAIL - [LATML8MERT],1
LAMINATE MOLD SANTOS MAHOGAN,LAMINATE T-MOLD SANTOS MAHOGAN - [LATML12PSSSSM],1
LAMINATE MOLD VINTAGE CYPRES,LAMINATE T-MOLD VINTAGE CYPRES - [LATMCW7609],1
LAMINATE MOLD WALNUT NATURAL,WALNUT NAT - LAMINATE T-MOLD WALNUT NATURAL - [LATMCW7630]; LAMINATE T-MOLD WALNUT NATURAL - [LATMED228],2
LAMINATE MOLDING ANTIQUE WAL,ANT WALNUT - LAMINATE T-MOLDING ANTIQUE WAL - [LACYTM001],1
LAMINATE MOUL CATHEDRAL GRAY,RUSTIQUE - LAMINATE T-MOUL.CATHEDRAL GRAY - [LATMETF75TM],1
LAMINATE MOULDIG SAND DOLLAR,LAMINATE - LAMINATE T-MOULDIG SAND DOLLAR - [GCLAETCHSD12],1
LAMINATE QTR ESPRESSO WALNUT,LAMINATE QTR ESPRESSO WALNUT - [LALXQRRH02],1
LAMINATE QTR ROUND BEECH NAT,LAMINATE QTR ROUND BEECH NAT. - [LAQRCW87634],1
LAMINATE QTR ROUND OLIVE BRN,LAMINATE QTR ROUND OLIVE BRN - [LAQRL12NDOB],1
LAMINATE QTR ROUND SANDOLLAR,AVIGNON/TOULON - LAMINATE QTR ROUND SANDOLLAR - [LAQRETC36QR],1
LAMINATE QTR VINTAGE CYPRESS,LAMINATE QTR VINTAGE CYPRESS - [LAQRCW7609],1
LAMINATE TREAD SIERRA WALNUT,LAMINATE TREAD SIERRA WALNUT - [LALXTRRH01],1
LAMINATE WILLIAMSBURG GOLDEN,LAMINATE WILLIAMSBURG GOLDEN - [LACWL90182],1
MAX WINDSOR MOLDING B CHERRY,NATURAL - MAX WINDSOR T-MOLDING B.CHERRY - [MWTM82],1
MEGACLIC QTR ROUND HONEYCOMB,MEGACLIC QTR ROUND HONEYCOMB - [LAMCQRAS3111],1
MW QTR ROUND SANTOS MAHOGANY,MAX WINDSO - MW QTR ROUND SANTOS MAHOGANY - [MWQR88],1
NP ADD ON MANHATTAN PARADISE,WATERFALL - NP ADD-ON MANHATTAN/PARADISE - [GCSETNP-2228ADD],1
OSHKOSH CHARLESTON MEDALLION,PREFINISH - OSHKOSH CHARLESTON MEDALLION - [OK38605PF],1
PANNEL SUMMIT SKY PL ROCKIES,WATERFALL ORIGINAL - PANNEL- SUMMIT SKY PL ROCKIES - [GCSBSS504-2228]; WATERFALL ORIGINAL - PANNEL- SUMMIT SKY PL ROCKIES - [GCSBSS504-2424],2
PARADISE VALLEY END CAP GREY,GREY CHERRY - PARADISE VALLEY END CAP GREY - [LAPVECC01],1
PARADISE VALLEY END CAP NEON,NEON OAK - PARADISE VALLEY END CAP NEON - [LAPVECO01],1
PARADISE VALLEY MOLD RUSSIAN,RUSSIAN BLACK OAK - PARADISE VALLEY T-MOLD RUSSIAN - [LAPVTMO02],1
PARADISE VALLEY QTR RND GREY,GREY CHERRY - PARADISE VALLEY QTR RND GREY - [LAPVQRC01],1
PARADISE VALLEY QTR RND NEON,NEON OAK - PARADISE VALLEY QTR RND NEON - [LAPVQRO01],1
PARADISE VALLEY TREAD SILVER,SILVER OAK - PARADISE VALLEY TREAD SILVER - [LAPVTRO03],1
QUATER ROUND BRAZILIAN TIGER,NATURAL - QUATER ROUND BRAZILIAN TIGER - [YHQR52804],1
SATIN FINISH DISPLAY RACK SA,SATIN FINISH DISPLAY RACK & SA - [SARACK],1
SILVERLINE PREFINISHED RISER,SILVERLINE PREFINISHED RISER - [GCRISL],1
SPECIAL ORDER AMER CHERRY LL,SPECIAL ORDER AMER.CHERRY LL - [LQSOC],1
SPECIAL ORDER BRAZ CHERRY LL,SPECIAL ORDER BRAZ. CHERRY LL - [LQSOB],1
SPECIAL ORDER ROYAL MAHOGANY,SPECIAL ORDER ROYAL MAHOGANY - [LQSORM],1
SPECIAL ORDER YELLOW PINE LL,SPECIAL ORDER YELLOW PINE LL - [LQSOYP],1
BAMBOO QTR ROUND HORIZONTAL,NATURAL - BAMBOO QTR ROUND HORIZONTAL - [BAQRBHN],1
BEVERLY H PREFINISHED RISER,BEVERLY H. PREFINISHED RISER - [GCRIBH],1
CAROLINA CLASSIC PREF RISER,CAROLINA CLASSIC PREF.RISER - [GCRICC],1
CLIFFSIDE PREF RISER WALNUT,CLIFFSIDE PREF.RISER WALNUT - [GCRICSW],1
DA VINCI BASE SHOE COLLEONI,DA VINCI BASE SHOE COLLEONI - [GCDVBSO706],1
DA VINCI BASE SHOE MARCELLO,DA VINCI BASE SHOE MARCELLO - [GCDVBSO707],1
END CAP V GROOVE COLLECTION,ANTQ. OAK - END CAP V GROOVE COLLECTION - [LAECXM32],1
GARRSION STRAND BAMBOO CARB,LIGHT - GARRSION STRAND BAMBOO CARB. - [GFBA36SC]; DARK - GARRSION STRAND BAMBOO CARB. - [GFBA36SCD],2
HANDSET CONTRACTOR S CHOICE,HANDSET - CONTRACTOR'S CHOICE - [GCKEYSET16],1
HANDSET FRENCH CONNECTION I,HANDSET - FRENCH CONNECTION I - [GCKEYSET17],1
HANDSET OMP CALI COLLECTION,HANDSET - OMP CALI. COLLECTION - [GCKEYSET22],1
HAWA BAMBOO HORIZ WALL BASE,CARBONIZED - HAWA BAMBOO HORIZ. WALL BASE - [HABBBHC]; NATURAL - HAWA BAMBOO HORIZ. WALL BASE - [HABBBHN],2
HAWA BAMBOO QTR ROUND HORIZ,NATURAL - HAWA BAMBOO QTR ROUND HORIZ. - [HAQRBHN],1
ILLUMIN QUARTER ROUND FLASH,ILLUMIN8 QUARTER ROUND FLASH - [GLILQR804],1
ILLUMIN QUARTER ROUND GLAZE,ILLUMIN8 QUARTER ROUND GLAZE - [GLILQR805],1
ILLUMIN QUARTER ROUND SPARK,ILLUMIN8 QUARTER ROUND SPARK - [GLILQR808],1
LAMINATE END CAP BEACH SAND,BEACH SAND - LAMINATE END CAP BEACH SAND - [LALXECHS10],1
LAMINATE END CAP DEEP CORAL,LAMINATE END CAP DEEP CORAL - [LALXECME03],1
LAMINATE END CAP HORIZ CARB,LAMINATE END CAP HORIZ/CARB - [LALXECBA01],1
LAMINATE END CAP OCEAN MIST,OCEAN MIST - LAMINATE END CAP OCEAN MIST - [LALXECSS05],1
LAMINATE MOLD BEECH NATURAL,BEECH NAT - LAMINATE T-MOLD BEECH NATURAL - [LATMCW87634],1
LAMINATE MOLD CLASS CYPRESS,LAMINATE T-MOLD CLASS. CYPRESS - [LATML12NDCC],1
LAMINATE MOLD CLASSIC BEECH,LAMINATE T-MOLD CLASSIC BEECH - [LAMLTML12CVCB],1
LAMINATE MOLD COLUMBIAN WAL,LAMINATE T-MOLD COLUMBIAN WAL - [LATMCW212],1
LAMINATE MOLD DARK MAHOGANY,LAMINATE T-MOLD DARK MAHOGANY - [LATMCWD7212]; LAMINATE T-MOLD DARK MAHOGANY - [LATML8CVDM],2
LAMINATE MOLD DEEP MAHOGANY,LAMINATE T-MOLD DEEP MAHOGANY - [LATML12HDDM],1
LAMINATE MOLD GOLDEN WALNUT,GOLDEN WAL - LAMINATE T MOLD GOLDEN WALNUT - [LATMPEGW12],1
LAMINATE MOLD JAMESTOWN AUT,LAMINATE T-MOLD JAMESTOWN AUT. - [LATMCWL90183],1
LAMINATE MOLD MIDNIGHT HICK,MIDNIGHT H - LAMINATE T MOLD MIDNIGHT HICK. - [LATMPEMH12],1
LAMINATE MOLD RICH MAHOGANY,LAMINATE T-MOLD RICH MAHOGANY - [LATML12NDEA]; LAMINATE T-MOLD RICH MAHOGANY - [LATML8MERM],2
LAMINATE MOLD ROYAL MAHOGAN,*LAMINATE T-MOLD ROYAL MAHOGAN - [LALXTMHS01],1
LAMINATE MOLD SIENNA CYPRES,*LAMINATE T-MOLD SIENNA CYPRES - [LALXTMHS04],1
LAMINATE MOLD SMOKEY WALNUT,LAMINATE T-MOLD SMOKEY WALNUT - [LATM12PSSSW],1
LAMINATE MOLD SPANISH PECAN,SPANISH P. - LAMINATE T-MOLD SPANISH PECAN - [LATMCW619],1
LAMINATE MOLD TOATED WALNUT,HI-GLOSS - LAMINATE T-MOLD TOATED WALNUT - [LATML12PSSTW],1
LAMINATE MOLDING ANT WALNUT,ANT WALNUT - LAMINATE T MOLDING ANT. WALNUT - [LATMHM45TM],1
LAMINATE QTR BRAZILIAN GOLD,*LAMINATE QTR BRAZILIAN GOLD - [LALXQRHG04],1
LAMINATE QTR COASTAL BREEZE,COASTAL BREEZE - LAMINATE QTR COASTAL BREEZE - [LALXQRCS07],1
LAMINATE QTR COLONIAL BROWN,LAMINATE QTR COLONIAL BROWN - [LALXQRCS02],1
LAMINATE QTR GOLDEN HARVEST,LAMINATE QTR GOLDEN HARVEST - [LALXQRME04],1
LAMINATE QTR NATURAL WALNUT,LAMINATE QTR NATURAL WALNUT - [LALXQRHS08],1
LAMINATE QTR ROYAL MAHOGANY,*LAMINATE QTR ROYAL MAHOGANY - [LALXQRHS01],1
LAMINATE QTR SIENNA CYPRESS,*LAMINATE QTR SIENNA CYPRESS - [LALXQRHS04],1
LAMINATE QTR VINTAGE CHERRY,LAMINATE QTR VINTAGE CHERRY - [LALXQRCS04],1
LAMINATE TREAD BURNT BRONZE,LAMINATE TREAD BURNT BRONZE - [LALXTRHS05],1
LAMINATE TREAD ISLAND SHORE,ISLAND SHORE - LAMINATE TREAD ISLAND SHORE - [LALXTRHS02],1
LAMINATE TREAD MOCHA WALNUT,LAMINATE TREAD MOCHA WALNUT - [LALXTRRH03],1
LOOSE LAY VINYL HUCKLEBERRY,*LOOSE LAY VINYL HUCKLEBERRY - [GVLL203],1
LUXURY LAMINATE RACK PURPLE,LUXURY LAMINATE RACK - PURPLE - [GCRACK10],1
M W MOLD B CHERRY DISTRESSE,NATURAL - M.W. T-MOLD B.CHERRY DISTRESSE - [MWTM0302],1
MEGACLIC END CAP COPEN HILL,MEGACLIC END CAP COPEN HILL - [LAMCECAS3212],1
NYTAE CHERRY ARETHA Q ROUND,NYTAE CHERRY ARETHA Q-ROUND - [NT3030CQR],1
OSHKOSH BRENTO COVE CORNERS,PREFINISH - OSHKOSH BRENTO COVE CORNERS - [OK175C],1
PARADISE VALLEY MOLD SILVER,SILVER OAK - PARADISE VALLEY T-MOLD SILVER - [LAPVTMO03],1
SPECIAL ORDER HICK PECAN LL,SPECIAL ORDER HICK/PECAN LL - [LQSOHP],1
SPECIAL ORDER STONE CORNERS,SPECIAL ORDER STONE CORNERS - [TSCORNERS],1
TIME INSPIRED II BIRMINGHAM,"WALNUT - TIME INSPIRED II BIRMINGHAM - [GHTI2W5132]; WALNUT 7"" - TIME INSPIRED II 7""BIRMINGHAM* - [GHTI2W7132]",2
TIME INSPIRED II PREF RISER,TIME INSPIRED II PREF.RISER - [GCRITI2],1
TIME INSPIRED II WINCHESTER,CHERRY - TIME INSPIRED II WINCHESTER  * - [GHTI2C5139],1
TREAD NATURESTEP SANDALWOOD,TREAD - NATURESTEP SANDALWOOD - [GVNSTR805],1
TREAD NATURESTEP SILVERLEAF,TREAD - NATURESTEP SILVERLEAF - [GVNSTR807],1
WALNUT RANDOM WIDTH CARRERA,DAVINCI - *WALNUT RANDOM WIDTH CARRERA - [GNDVW23563],1
APPALACHIAN GREEN MOUNTAIN,APPALACHIAN - GREEN MOUNTAIN - [GCKEYSET909],1
BAMBOO SPECIAL ORDER RISER,BAMBOO SPECIAL ORDER RISER - [BARISOEA],1
BAMBOO SPECIAL ORDER TREAD,BAMBOO SPECIAL ORDER TREAD - [BATRSOEA],1
BAMBOO WALL BASE HORI CARB,"BAMBOO WALL BASE HORI/CARB 72"" - [UWWBBHC]",1
BRAZ CHERRY CUSTOM PATTERN,BRAZ/CHERRY CUSTOM PATTERN - [PASOB],1
CHARCOAL BAMBOO HORIZONTAL,GEO FANG - CHARCOAL BAMBOO HORIZONTAL 3' - [BABA36H27],1
CUSTOM RISER HICK PECAN EA,CUSTOM RISER HICK/PECAN EA) - [MORISOHEA],1
DA VINCI BASE SHOE CARRERA,DA VINCI BASE SHOE CARRERA - [GCDVBSO702],1
DA VINCI BASE SHOE CASCINA,DA VINCI BASE SHOE CASCINA - [GCDVBSO703],1
DA VINCI BASE SHOE CAVALLO,DA VINCI BASE SHOE CAVALLO - [GCDVBSO704],1
DA VINCI BASE SHOE CELLINI,DA VINCI BASE SHOE CELLINI - [GCDVBSO705],1
DA VINCI BASE SHOE PALAZZO,DA VINCI BASE SHOE PALAZZO - [GCDVBSO710],1
DA VINCI BASE SHOE VECCHIO,DA VINCI BASE SHOE VECCHIO - [GCDVBSO709],1
DA VINCI PREFINISHED TREAD,DA VINCI PREFINISHED TREAD - [GCTRDV],1
GAO FENG BAMBOO HORIZONTAL,CHERRY - GAO FENG BAMBOO HORIZONTAL 3' - [BABA36H22],1
GAR QTR ROUND BLACK CANYON,GAR.QTR.ROUND BLACK CANYON - [GCLAQR7502],1
GAR QTR ROUND BRYCE CANYON,GAR.QTR.ROUND BRYCE CANYON - [GCLAQR7503],1
GAR QTR ROUND CANYON LANDS,GAR.QTR.ROUND CANYON LANDS - [GCLAQR7504],1
HANDSET COMPETITION BUSTER,HANDSET - COMPETITION BUSTER - [GCKEYSET28],1
HAWA BAMBOO VERTICAL RISER,NATURAL - HAWA BAMBOO VERTICAL RISER 4' - [HARIBVN]; CARBONIZED - HAWA BAMBOO VERTICAL RISER 4' - [HARIBVC],2
ILLUMIN QUARTER ROUND BEAM,ILLUMIN8 QUARTER ROUND BEAM - [GLILQR802],1
ILLUMIN QUARTER ROUND DUSK,ILLUMIN8 QUARTER ROUND DUSK - [GLILQR803],1
LAMINATE END CAP BOARDWALK,BOARDWALK - LAMINATE END CAP BOARDWALK - [LALXECRH08],1
LAMINATE END CAP CLASSIQUE,*LAMINATE END CAP CLASSIQUE - [LALXECRH06],1
LAMINATE END CAP SANDOLLAR,AVIGNON/TOULON - LAMINATE END CAP SANDOLLAR - [LAECETC36EC],1
LAMINATE END CAP SEA SHELL,SEA SHELL - LAMINATE END CAP SEA SHELL - [LALXECRH07],1
LAMINATE END CAP VERT CARB,LAMINATE END CAP VERT/CARB - [LALXECBA02],1
LAMINATE MMV GROOVE JATOBA,NATURAL - LAMINATE 12.3MMV GROOVE JATOBA - [LAJTB624],1
LAMINATE MOLD ANCIENT MAHO,LAMINATE T-MOLD ANCIENT MAHO. - [LATMED292],1
LAMINATE MOLD ANT CHARCOAL,LAMINATE T-MOLD ANT. CHARCOAL - [LALXTMHS03],1
LAMINATE MOLD B CHERRY NAT,HI-GLOSS - LAMINATE T-MOLD B-CHERRY NAT - [LATML12PSSBC],1
LAMINATE MOLD BLACK FOREST,LAMINATE T-MOLD BLACK FOREST - [LATMCWD7283N],1
LAMINATE MOLD BURNT BRONZE,LAMINATE T-MOLD BURNT BRONZE - [LALXTMHS05],1
LAMINATE MOLD CHERRY SPICE,LAMINATE T-MOLD CHERRY SPICE - [LATML12HDCS],1
LAMINATE MOLD DARK SCARLET,LAMINATE T-MOLD DARK SCARLET - [LALXTMSS02],1
LAMINATE MOLD FRENCH ROAST,LAMINATE T-MOLD FRENCH ROAST - [LATMCWD7901],1
LAMINATE MOLD HAMPTON BARN,LAMINATE T-MOLD HAMPTON BARN - [LATMCWL90181],1
LAMINATE MOLD HAMPTON LAVA,LAMINATE T-MOLD HAMPTON LAVA - [LALXTMSS03],1
LAMINATE MOLD ISLAND SHORE,ISLAND SHORE - LAMINATE T-MOLD ISLAND SHORE - [LALXTMHS02],1
LAMINATE MOLD ROASTED PINE,LAMINATE T-MOLD ROASTED PINE - [LATML8CVRP],1
LAMINATE MOLD RUSSET OLIVE,LAMINATE T-MOLD RUSSET OLIVE - [LATMCWD7891],1
LAMINATE MOLD SMOKY WALNUT,HI-GLOSS - LAMINATE T-MOLD SMOKY WALNUT - [LATML12PSSSW],1
LAMINATE MOLD WILLIAMSBURG,LAMINATE T-MOLD WILLIAMSBURG - [LATMCWL90182],1
LAMINATE MOLDING EL CHERRY,LAMINATE T MOLDING EL.CHERRY - [LATM6927],1
LAMINATE QTR ACACIA BROZNE,LAMINATE QTR ACACIA BROZNE - [LALXQRME01],1
LAMINATE QTR DELUXE COPPER,*LAMINATE QTR DELUXE COPPER - [LALXQRMP01],1
LAMINATE QTR FLRSCENT GOLD,*LAMINATE QTR FLRSCENT. GOLD - [LALXQRHG03],1
LAMINATE QTR GOLDEN AUBURN,LAMINATE QTR GOLDEN AUBURN - [LALXQRHG01],1
LAMINATE QTR ROUND NATURAL,LAMINATE QTR ROUND NATURAL OAK - [LAQRCW87025],1
LAMINATE QTR SIERRA WALNUT,LAMINATE QTR SIERRA WALNUT - [LALXQRRH01],1
LUXURY VINYL SPECIAL ORDER,LUXURY VINYL SPECIAL ORDER - [GVLX999],1
M W STAIR NOSE BRAZ WALNUT,NATURAL - M.W STAIR NOSE BRAZ/WALNUT - [MWTWMEM8104],1
MAX W MOLD SANTOS MAHOGANY,NATURAL - MAX W. T-MOLD SANTOS MAHOGANY - [MWTM88],1
MAX WINDSOR MOLDING CHERRY,NATURAL - MAX WINDSOR T-MOLDING A.CHERRY - [MWTM89],1
MEGACLIC END CAP VALENTINE,MEGACLIC END CAP VALENTINE - [LAMCECAS3102],1
NOUVELLE PREFINISHED RISER,NOUVELLE PREFINISHED RISER - [GCRINV],1
NYTAE WALL BASE REAL BEECH,NYTAE WALL BASE REAL BEECH - [NTNY108WB],1
OSHKOSH BRENTO COVE BORDER,PREFINISH - OSHKOSH BRENTO COVE BORDER - [OK175],1
OSHKOSH CRESCENT MEDALLION,"PRE.FINISH - OSHKOSH CRESCENT 36"" MEDALLION - [OK30405]",1
OSHKOSH LA JOLLA MEDALLION,OSHKOSH LA JOLLA MEDALLION - [OK4307],1
OSHKOSH OCEAN DRIVE BORDER,PREFINSHED - OSHKOSH OCEAN DRIVE BORDER - [OK117PF],1
OSHKOSH OCEAN DRIVE CORNER,PREFINSHED - OSHKOSH OCEAN DRIVE CORNER - [OK117C],1
PANNEL CLIFFSIDE SEA GLASS,"22.5"" X 28"" - PANNEL-CLIFFSIDE SEA GLASS - [GCSBCS7503-2228]",1
PARADISE VALLEY TREAD NEON,NEON OAK - PARADISE VALLEY TREAD NEON OAK - [LAPVTRO01],1
SPORTS FLOOR SPECIAL ORDER,SPORTS FLOOR SPECIAL ORDER - [SFSO],1
TIGERWOOD FAS ROUGH LUMBER,5/4 TIGERWOOD FAS ROUGH LUMBER - [LUTF54],1
TIME INSPIRED II CAMBRIDGE,WALNUT - TIME INSPIRED II CAMBRIDGE - [GHTI2W5133],1
TIME INSPIRED II NEWCASTLE,"WALNUT - *TIME INSPIRED II NEWCASTLE - [GHTI2W5134]; WALNUT - *TIME INSPIRED II NEWCASTLE - [GHTI2W357134]; HICKORY 7"" - TIME INSPIRED II 7"" NEWCASTLE - [GHTI2H7134]",3
TIME INSPIRED II SHEFFIELD,"HICKORY - *TIME INSPIRED II SHEFFIELD - [GHTI2H5136]; HICKORY - TIME INSPIRED II SHEFFIELD - [GHTI2H357136]; HICKORY 7"" - TIME INSPIRED II 7"" SHEFFIELD* - [GHTI2H7136]",3
TREAD NATURESTEP DRIFTWOOD,TREAD - NATURESTEP DRIFTWOOD - [GVNSTR801],1
TREAD NATURESTEP SANDSTONE,TREAD - NATURESTEP SANDSTONE - [GVNSTR806],1
ULTRA MDF FLUTE REED CASIN,MDF - NONSTOCK - ULTRA MDF 4-FLUTE & REED CASIN - [MOBBMD158MUL2],1
VINEYARD PREFINISHED RISER,VINEYARD PREFINISHED RISER - [GCRIVY],1
WALNUT RANDOM WIDTH BIANCA,DAVINCI - *WALNUT RANDOM WIDTH BIANCA - [GNDVW23562],1
WALNUT RUSTIC ROUGH LUMBER,4/4 WALNUT RUSTIC ROUGH LUMBER - [LUWR44],1
WALNUT SM FRUITWOOD CALCOR,"GII SMOOTH - WALNUT 5"" SM. FRUITWOOD CALCOR - [GNSSW528SB]",1
APPALACHIAN ALTA MODA W O,"APPALACHIAN - ALTA MODA W/O - [GCKEYSET905]; APPALACHIAN - ALTA MODA W/O 7"" - [GCKEYSET906]",2
APPALACHIAN SPECIAL ORDER,APPALACHIAN SPECIAL ORDER - [PFAPSO],1
BIG SKY PREFINISHED RISER,BIG SKY PREFINISHED RISER - [GCRIBS],1
BRAZ CHERRY VENEER SHEETS,B CHERRY - BRAZ. CHERRY VENEER SHEETS 4X8 - [MOVESB],1
CONT CHOICE SPECIAL ORDER,CONT. CHOICE SPECIAL ORDER - [GFCOSO],1
CRYSTAL VALLEY PREF RISER,CRYSTAL VALLEY PREF.RISER - [GCRICV],1
DA VINCI BASE SHOE BIANCA,DA VINCI BASE SHOE BIANCA - [GCDVBSO701],1
DA VINCI BASE SHOE MILANO,DA VINCI BASE SHOE MILANO - [GCDVBSO708],1
DA VINCI BASE SHOE PISANI,DA VINCI BASE SHOE PISANI - [GCDVBSO712],1
DA VINCI BASE SHOE TRENTO,DA VINCI 8' BASE SHOE TRENTO - [GCDV2BSO705],1
DA VINCI BASE SHOE VERONA,DA VINCI 8' BASE SHOE VERONA - [GCDV2BSO709],1
DAVINCI PREFINISHED RISER,DAVINCI PREFINISHED RISER - [GCRIDV],1
DS DIAMOND WALNUT NATURAL,DESIGNER SAMPLE - DS - DIAMOND WALNUT NATURAL - [GWC-DSDIW103],1
DU BOIS PREFINISHED RISER,DU BOIS PREFINISHED RISER - [GCDBRI]; DU BOIS PREFINISHED RISER - [GCRIDB],2
DU BOIS PREFINISHED TREAD,DU BOIS PREFINISHED TREAD - [GCDBTR]; DU BOIS PREFINISHED TREAD - [GCTRDB],2
FINGER JOINT TREAD WALNUT,FINGER JOINT TREAD WALNUT - [MOTRWFJ],1
FLUSH STAIR NOSE MASTER S,RENAISSANC - FLUSH STAIR NOSE MASTER'S - [AWDMLSNF530B],1
FRENCH CONN SPECIAL ORDER,FRENCH CONN. SPECIAL ORDER - [GFFCSO],1
HANDSET DU BOIS NEW COLOR,HANDSET - DU BOIS (4)NEW COLOR - [GCKEYSET99],1
HANDSET FRENCH CONNECTION,BIRCH PLY - HANDSET - FRENCH CONNECTION - [GCKEYSET25],1
HANDSET SECRET GARDEN SPC,HANDSET - SECRET GARDEN SPC - [GCKEYSET63],1
LAMINATE ANCIENT MAHOGANY,LAMINATE ANCIENT MAHOGANY DIST - [LAED292],1
LAMINATE BEJORK GOLDENOAK,GOLDEN OAK - LAMINATE BEJORK DIST GOLDENOAK - [LAHXM67],1
LAMINATE BRAZILIAN CHERRY,DISTRESSED - LAMINATE 12MM BRAZILIAN CHERRY - [LAL12PSSBC]; LAMINATE BRAZILIAN CHERRY DIST - [LAED608],2
LAMINATE COLUMBIAN WALNUT,LAMINATE COLUMBIAN WALNUT - [LACW212],1
LAMINATE END CAP BORDEAUX,LAMINATE END CAP BORDEAUX - [LALXECET1013],1
LAMINATE GOL STRIPE BAMBO,LAMINATE 12MM GOL.STRIPE BAMBO - [LAL1204],1
LAMINATE JAMESTOWN AUTUMN,LAMINATE JAMESTOWN AUTUMN - [LACWL90183],1
LAMINATE MOLD DARK WALNUT,LAMINATE T-MOLD DARK WALNUT - [LATMED25235],1
LAMINATE MOLD DEEP WALNUT,LAMINATE T-MOLD DEEP WALNUT - [LATML8CVDW],1
LAMINATE MOLD HICK GOLDEN,LAMINATE T-MOLD HICK GOLDEN - [LATMCWD7933],1
LAMINATE MOLD IOWA WALNUT,LAMINATE T-MOLD IOWA WALNUT - [LATMCW87329],1
LAMINATE MOLD OLIVE BROWN,LAMINATE T-MOLD OLIVE BROWN - [LATML12NDOB],1
LAMINATE MOLD RICH ACACIA,LAMINATE T-MOLD RICH ACACIA - [LATML12HDRA],1
LAMINATE MOLD WILD WALNUT,LAMINATE T-MOLD WILD WALNUT - [LALXTMPEWW12],1
LAMINATE NEWPORT MAHOGANY,DISTRESSED - LAMINATE 12MM NEWPORT MAHOGANY - [LAL12NDNM],1
LAMINATE Q ROUND CINNAMON,CINNAMON O - LAMINATE Q-ROUND CINNAMON OAK - [LAQRL8MECO],1
LAMINATE QROUND DRIFTWOOD,DRIFTWOOD - LAMINATE QROUND DRIFTWOOD - [LAQRCHDW12],1
LAMINATE QTR ANT CHARCOAL,LAMINATE QTR ANT. CHARCOAL - [LALXQRHS03],1
LAMINATE QTR BURNT BRONZE,LAMINATE QTR BURNT BRONZE - [LALXQRHS05],1
LAMINATE QTR CITRUS AMBER,*LAMINATE QTR CITRUS AMBER - [LALXQRCS01],1
LAMINATE QTR DARK SCARLET,LAMINATE QTR DARK SCARLET - [LALXQRSS02],1
LAMINATE QTR FRENCH ROAST,LAMINATE QTR FRENCH ROAST - [LAQRCWD7901],1
LAMINATE QTR GINGER TAUPE,LAMINATE QTR GINGER TAUPE - [LALXQRHS06],1
LAMINATE QTR HAMPTON LAVA,LAMINATE QTR HAMPTON LAVA - [LALXQRSS03],1
LAMINATE QTR ISLAND SHORE,ISLAND SHORE - LAMINATE QTR ISLAND SHORE - [LALXQRHS02],1
LAMINATE QTR MOCHA WALNUT,LAMINATE QTR MOCHA WALNUT - [LALXQRRH03],1
LAMINATE QTR ROUND CHERRY,LAMINATE QTR ROUND RED CHERRY - [LAQRCW87637],1
LAMINATE TREAD BEACH SAND,BEACH SAND - LAMINATE TREAD BEACH SAND - [LALXTRHS10],1
LAMINATE TREAD OCEAN MIST,OCEAN MIST - LAMINATE TREAD OCEAN MIST - [LALXTRSS05],1
LONG LENGTH SPECIAL ORDER,LONG LENGTH SPECIAL ORDER - [L345FWM]; LONG LENGTH SPECIAL ORDER - [LLSO],2
LOOSE LAY VINYL ARKANSANA,LOOSE LAY VINYL ARKANSANA - [GVLL201],1
LOOSE LAY VINYL INTRICATA,LOOSE LAY VINYL INTRICATA - [GVLL204],1
MEGACLIC END CAP ASHVILLE,MEGACLIC END CAP ASHVILLE - [LAMCECAS3211],1
MEGACLIC MOLD MORNING DEW,MEGACLIC T-MOLD MORNING DEW - [LAMCTMCT3303],1
MOLD CHINESE CHICKEN WING,T-MOLD CHINESE CHICKEN WING - [LATMCWD7878],1
NEWPORT PREFINISHED TREAD,NEWPORT PREFINISHED TREAD - [GCTRNP],1
OASIS MOLD CHERRY NATURAL,NATURAL - OASIS T-MOLD CHERRY NATURAL - [OATMFCN],1
OSHKOSH ARIZONA MEDALLION,"UNFINISHED - OSHKOSH ARIZONA 36"" MEDALLION - [OK379U]",1
OSHKOSH MARISOL MEDALLION,PREFINISH - OSHKOSH MARISOL MEDALLION - [OK32505PF],1
P CHERRY CHOCOLATE CHERRY,"GII DIST - P. CHERRY 5"" CHOCOLATE CHERRY - [GNIIC524]",1
PARADISE VALLEY MOLD GREY,GREY CHERRY - PARADISE VALLEY T-MOLD GREY - [LAPVTMC01],1
PARADISE VALLEY MOLD NEON,NEON OAK - PARADISE VALLEY T-MOLD NEON - [LAPVTMO01],1
QTR ROUND RIVER ROCK WASH,AQUA BLUE BY GARRISON - QTR. ROUND - RIVER ROCK WASH - [GVWPCQR108],1
QTR ROUND WINDSWEPT SANDS,AQUA BLUE II BY GARRISON - QTR. ROUND - WINDSWEPT SANDS - [GVWPCIIQR904],1
SAND DOLLAR QUARTER ROUND,SAND DOLLAR QUARTER ROUND - [GCLAETCQR],1
SB DIAMOND WALNUT NATURAL,SAMPLE BOARD - SB - DIAMOND WALNUT NATURAL - [GWC-SBDIW103],1
SPECIAL ORDER BRAZ CHERRY,"SPECIAL ORDER 1/2"" BRAZ/CHERRY - [RHSOB]",1
SPECIAL ORDER DOUGLAS FIR,DOUG FIR - SPECIAL ORDER DOUGLAS FIR - [LQSOD],1
SPORTS FLOOR INTERLOCKING,SPORTS FLOOR 8MM INTERLOCKING - [SFIL08]; SPORTS FLOOR 9MM INTERLOCKING - [SFIL09]; SPORTS FLOOR 12MM INTERLOCKING - [SFIL12]; SPORTS FLOOR 12MM INTERLOCKING - [SFIL12-GREY],4
SRC LAMINATE EXOTIC WALNU,12MM SRC LAMINATE EXOTIC WALNU - [LASRCEW143],1
TIME INSPIRED II BRADFORD,HICKORY - *TIME INSPIRED II BRADFORD - [GHTI2H5135]; HICKORY - TIME INSPIRED II BRADFORD    * - [GHTI2H357135],2
TIME INSPIRED II KINGSTON,CHERRY - TIME INSPIRED II KINGSTON    * - [GHTI2C5137],1
TREAD NATURESTEP HAZELNUT,TREAD - NATURESTEP HAZELNUT - [GVNSTR803],1
WALNUT SM ANTIQUE CALCORE,"GII SMOOTH - WALNUT 5"" SM. ANTIQUE CALCORE - [GNSSW523SB]",1
WALNUT SM NATURAL CALCORE,"GII SMOOTH - WALNUT 5"" SM. NATURAL CALCORE - [GNSSW538SB]",1
B SHOE WALNUT BIRMINGHAM,"TI - 1/2"" B-SHOE WALNUT BIRMINGHAM - [GCBSWH132]",1
BAMBOO HORIZONTAL TREADS,"UNFINISHED - BAMBOO HORIZONTAL TREADS 96"" - [BA965HUN]",1
BAMBOO WALL BASE NAT HOR,NATURAL - BAMBOO WALL BASE NAT/HOR. - [BAWBBHN],1
BRAZ CHERRY VENEER STRIP,BRAZ/CHERR - BRAZ. CHERRY VENEER STRIP - [MOVE734SB],1
BRAZILIAN CHERRY NATURAL,"GII DIST - *BRAZILIAN CHERRY 5"" NATURAL - [GNIIB538]",1
CLEAR SANTOS MAHOGANY SE,UNFIN - 3/4X3 CLEAR SANTOS MAHOGANY SE - [RQ3CSS],1
COLUMBIA WITHERSPOON MAP,NATURAL - COLUMBIA 1/2X3 WITHERSPOON MAP - [COWIM310F],1
COMPETITION BUSTER TREAD,COMPETITION BUSTER TREAD - [GCTRCB],1
CUSTOM RISER BRAZ WALNUT,CUSTOM RISER BRAZ. WALNUT - [MORISOBWEA],1
CUSTOM TREAD BRAZ WALNUT,CUSTOM TREAD BRAZ. WALNUT (EA) - [MOTRSOBWEA],1
DA VINCI BASE SHOE GENOA,DA VINCI 8' BASE SHOE GENOA - [GCDV2BSO701],1
DA VINCI BASE SHOE LUCCA,DA VINCI 8' BASE SHOE LUCCA - [GCDV2BSO708],1
DA VINCI BASE SHOE PAOLO,DA VINCI BASE SHOE PAOLO - [GCDVBSO711],1
DA VINCI BASE SHOE PARMA,DA VINCI 8' BASE SHOE PARMA - [GCDV2BSO703],1
DA VINCI BASE SHOE PRATO,DA VINCI 8' BASE SHOE PRATO - [GCDV2BSO704],1
DA VINCI BASE SHOE SIENA,DA VINCI 8' BASE SHOE SIENA - [GCDV2BSO711],1
DELUXE PREFINISHED RISER,DELUXE PREFINISHED RISER - [GCRIDX],1
DS CLOVER WALNUT NATURAL,DESIGNER SAMPLE - DS - CLOVER WALNUT NATURAL - [GWC-DSCLW103],1
DS MOSAIC WALNUT NATURAL,DESIGNER SAMPLE - DS - MOSAIC WALNUT NATURAL - [GWC-DSMOW103],1
DS OYSTER WALNUT NATURAL,DESIGNER SAMPLE - DS - OYSTER WALNUT NATURAL - [GWC-DSOYW103],1
DS TUXEDO WALNUT NATURAL,DESIGNER SAMPLE - DS - TUXEDO WALNUT NATURAL - [GWC-DSTUW103],1
ENGINEER CUSTOM B CHERRY,CUSTOM - ENGINEER CUSTOM B. CHERRY - [AMSOB],1
EXOTIC PREFINISHED RISER,EXOTIC PREFINISHED RISER - [GCRIEX],1
FLEXTRIM PAINT GRADE BAS,FLEXTRIM 2 1/2 PAINT GRADE BAS - [MOSL125P]; FLEXTRIM 3 1/2 PAINT GRADE BAS - [MOSL126P],2
GC EXOTICS SANTOS MAHOGA,NATURAL - GC EXOTICS 3-5/8 SANTOS MAHOGA - [GNEXSM35838],1
GLUE DOWN VINYL CRESTONE,*GLUE DOWN VINYL CRESTONE - [GVGD103],1
HANDSET CAROLINA CLASSIC,HANDSET - CAROLINA CLASSIC - [GCKEYSET04],1
HANDSET MDF CROWN CASING,HANDSET - MDF CROWN/CASING - [GCKEYSET999],1
HANDSET METROPOLITAN SPC,HANDSET - METROPOLITAN SPC - [GCKEYSET60],1
HANDSET TIME INSPIRED II,HANDSET - TIME INSPIRED II - [GCKEYSET23],1
LAMINATE ANCIENT CYPRESS,LAMINATE ANCIENT CYPRESS - [LAED8420],1
LAMINATE BAMBOO HOR CARB,LAMINATE 12MM BAMBOO HOR/CARB - [LAED5056],1
LAMINATE CLASSIC CYPRESS,DISTRESSED - LAMINATE 12MM CLASSIC CYPRESS - [LAL12NDCC],1
LAMINATE END CAP BERMUDA,LAMINATE END CAP BERMUDA - [LALXECHS09],1
LAMINATE END CAP CLASSIC,LAMINATE END CAP CLASSIC MAPLE - [LALXECCS03],1
LAMINATE END CAP JAMAICA,*LAMINATE END CAP JAMAICA - [LALXECHS11],1
LAMINATE END CAP NATURAL,LAMINATE END CAP NATURAL OAK - [LALXECCW87025]; LAMINATE END CAP NATURAL OAK - [LAXM29EC]; LAMINATE END CAP MAPLE NATURAL - [LALXECCS08],3
LAMINATE END CAP VANDAGE,*LAMINATE END CAP VANDAGE - [LALXECRH09],1
LAMINATE END CAP VINTAGE,LAMINATE END CAP VINTAGE WHITE - [LALXECHG05],1
LAMINATE MOLD CAFE CREME,LAMINATE T-MOLD CAFE CREME - [LATMCWL90186],1
LAMINATE MOLD OCEAN MIST,OCEAN MIST - LAMINATE T-MOLD OCEAN MIST - [LALXTMSS05],1
LAMINATE QTR DARK RUSSET,*LAMINATE QTR DARK RUSSET - [LALXQRME02],1
LAMINATE QTR RICH WALNUT,LAMINATE QTR RICH WALNUT - [LALXQRCS05],1
LAMINATE QTR SAND NUTMEG,LAMINATE QTR SAND NUTMEG - [LALXQRSS01],1
LAMINATE SANTOS MAHOGANY,HI GLOSS - LAMINATE 12MM SANTOS MAHOGANY - [LAL12PSSSM],1
LAMINATE SANTOS MAHOHANY,LAMINATE 12MM SANTOS MAHOHANY - [LAED808],1
LAMINATE TREAD BOARDWALK,BOARDWALK - LAMINATE TREAD BOARDWALK - [LALXTRRH08],1
LAMINATE TREAD CLASSIQUE,*LAMINATE TREAD CLASSIQUE - [LALXTRRH06],1
LAMINATE TREAD SEA SHELL,SEA SHELL - LAMINATE TREAD SEA SHELL - [LALXTRRH07],1
LAMINATE TROPICAL WALNUT,HI DEF - LAMINATE 12MM TROPICAL WALNUT - [LAL12HDTW],1
LAMINATE V GROOVE COFFEE,C MAPLE - LAMINATE V GROOVE COFFEE MAPLE - [LAVG1020],1
LAMINATE V GROOVE JATOBA,JATOBA - LAMINATE V GROOVE JATOBA - [LAET1090],1
LAMINATE VINTAGE CYPRESS,LAMINATE VINTAGE CYPRESS - [LACW7609],1
LEGENDS MOUDING BRIGITTE,LEGENDS T-MOUDING 8' BRIGITTE - [GCLETM8O7502],1
LOOSE LAY VINYL PACIFICA,LOOSE LAY VINYL PACIFICA - [GVLL206],1
LUXURY VINYL DARK WALNUT,DEEP EMBOSSED - LUXURY VINYL DARK WALNUT - [GVLX005],1
LUXURY VINYL FUSION GREY,DEEP EMBOSSED - LUXURY VINYL FUSION GREY - [GVLX007],1
LUXURY VINYL WILD CHERRY,DEEP EMBOSSED - LUXURY VINYL WILD CHERRY - [GVLX003],1
MEGACLIC END CAP CRIMSON,MEGACLIC END CAP CRIMSON - [LAMCECAS3101],1
MEGACLIC MOLD COPEN HILL,MEGACLIC T-MOLD COPEN HILL - [LAMCTMAS3212],1
MEGACLIC MOLD SPRINGTIME,MEGACLIC T-MOLD SPRINGTIME - [LAMCTMAS3201],1
NO CANYON CREST GENESSEE,"28.5"" X 28"" - NO LABEL CANYON CREST GENESSEE - [GCSBCY1004-2828PL]",1
OSHKOSH CHIRAZ MEDALLION,"PREFINISH - OSHKOSH CHIRAZ 25"" MEDALLION - [OK33501MPF]",1
P CHERRY CHOC CHERRY PLY,"GII DIST - P.CHERRY 5"" CHOC.CHERRY 2PLY - [GNIIC5242P]",1
P CHERRY WILD CHERRY PLY,"GII DIST - P. CHERRY 5"" WILD CHERRY 2PLY - [GNIIC5332P]",1
PARADISE VALLEY FLUSH NO,WHITE CHERRY - PARADISE VALLEY FLUSH NO.WHITE - [LAPVFNOC02]; OAK - PARADISE VALLEY FLUSH NO. OAK - [LAPVFNOO701],2
PARADISE VALLEY TREAD CH,WHITE CHERRY - PARADISE VALLEY TREAD WHITE CH - [LAPVTRC02],1
SB CLOVER WALNUT NATURAL,SAMPLE BOARD - SB - CLOVER WALNUT NATURAL - [GWC-SBCLW103],1
SB MOSAIC WALNUT NATURAL,SAMPLE BOARD - SB - MOSAIC WALNUT NATURAL - [GWC-SBMOW103],1
SB OYSTER WALNUT NATURAL,SAMPLE BOARD - SB - OYSTER WALNUT NATURAL - [GWC-SBOYW103],1
SB TUXEDO WALNUT NATURAL,SAMPLE BOARD - SB - TUXEDO WALNUT NATURAL - [GWC-SBTUW103],1
SPECIAL ORDER AUSTRALIAN,SPECIAL ORDER AUSTRALIAN - [TQSOACY],1
SRC LAMINATE DARK WALNUT,12MM SRC LAMINATE DARK WALNUT - [LASRCDW143],1
TIME INSPIRED II NORWICH,CHERRY - TIME INSPIRED II NORWICH     * - [GHTI2C5138],1
TREAD NATURESTEP GLACIER,TREAD - NATURESTEP GLACIER - [GVNSTR802],1
TREADS DISTRESSING LABOR,UNFIN/DIST - TREADS DISTRESSING LABOR - [GCTRDIST],1
APPALACHIAN ALTA MODA O,APPALACHIAN - ALTA MODA R/O - [GCKEYSET904],1
APPALACHIAN SIGNATURE O,APPALACHIAN - SIGNATURE R/O - [GCKEYSET900],1
ASIAN MAHOGANY CHESTNUT,"CRYSTAL VALLEY - *ASIAN MAHOGANY 3-1/2""CHESTNUT - [GQCVAM31206]",1
AUSTRALIAN CYPRES RISER,AUSTRALIAN CYPRES RISER - [MORISOALF],1
B SHOE WALNUT CAMBRIDGE,"TI - 1/2"" B-SHOE WALNUT CAMBRIDGE - [GCBSWH133]",1
BAMBOO HORIZONTAL TREAD,CARBONIZED - BAMBOO HORIZONTAL TREAD - [BATRBHC],1
BAMBOO QTR ROUND STRAND,NATURAL - BAMBOO QTR ROUND STRAND - [BAQRBS],1
BASE SHOE SANTOS MAHOGA,"1/2"" BASE SHOE - SANTOS MAHOGA - [MOBS12S]",1
BRAZILIAN CHERRY SEDONA,"GII DIST - *BRAZILIAN CHERRY 5"" SEDONA - [GNIIB542]",1
CAROLINA CLASSIC TREADS,CAROLINA CLASSIC TREADS - [GCTRCC],1
CHERRY CHOCOLATE CHERRY,"GII DIST - P. CHERRY 5"" CHOCOLATE CHERRY - [GNIIC524]",1
CUMARU FAS ROUGH LUMBER,5/4 CUMARU FAS ROUGH LUMBER - [LUCUF54],1
CUSTOM TREAD HICK PECAN,CUSTOM TREAD HICK/PECAN (EA) - [MOTRSOHEA],1
DA VINCI BASE SHOE ATRI,DA VINCI 8' BASE SHOE ATRI - [GCDV2BSO712],1
DA VINCI BASE SHOE BARI,DA VINCI 8' BASE SHOE BARI - [GCDV2BSO702],1
DA VINCI BASE SHOE FANO,DA VINCI 8' BASE SHOE FANO - [GCDV2BSO710],1
DA VINCI BASE SHOE PISA,DA VINCI 8' BASE SHOE PISA - [GCDV2BSO707],1
DA VINCI BASE SHOE SORA,DA VINCI 8' BASE SHOE SORA - [GCDV2BSO706],1
DAVINCI RANDOM MARCELLO,MAPLE - SAMPLE-DAVINCI RANDOM MARCELLO - [GNDV235SBM64],1
DS DIAMOND WALNUT PEARL,DESIGNER SAMPLE - DS - DIAMOND WALNUT PEARL - [GWC-DSDIW104],1
DS RIDGE WALNUT NATURAL,DESIGNER SAMPLE - DS - RIDGE WALNUT NATURAL - [GWC-DSRIW103],1
ELEGANCE AFRICAN WALNUT,NATURAL - ELEGANCE 9/16X5 AFRICAN WALNUT - [YHSEW0098],1
END CAP COFFEE LAMINATE,END CAP COFFEE MAPLE LAMINATE - [LAECVG1040],1
END CAP RIVER ROCK WASH,AQUA BLUE BY GARRISON - END CAP - RIVER ROCK WASH - [GVWPCEC108],1
END CAP WINDSWEPT SANDS,AQUA BLUE II BY GARRISON - END CAP - WINDSWEPT SANDS - [GVWPCIIEC904],1
FAS SANTOS ROUGH LUMBER,5/4 FAS SANTOS ROUGH LUMBER - [LUSF54],1
FIERCE STRANDWOVEN CARB,12.3MM FIERCE STRANDWOVEN CARB - [LAETSWC12],1
FRENCH CONNECTION TREAD,FRENCH CONNECTION TREAD - [GCTRFC],1
HANDSET AQUABLUE II NEW,"HANDSET - AQUABLUE II ""NEW"" - [GCKEYSET73]",1
HANDSET AQUABLUE II OLD,"HANDSET - AQUABLUE II ""OLD"" - [GCKEYSET51]",1
HANDSET GLUE DOWN VINYL,HANDSET - GLUE DOWN VINYL - [GCKEYSET44],1
HANDSET LOOSE LAY VINYL,HANDSET - LOOSE LAY VINYL - [GCKEYSET45],1
HANDSET LUXURY LAMINATE,HANDSET - LUXURY LAMINATE - [GCKEYSET32],1
HANDSET OMP APPALACHIAN,SIGNATURE - HANDSET - OMP APPALACHIAN - [GCKEYSET74],1
HAWA BAMBOO HORIZ RISER,CARBONIZED - HAWA BAMBOO HORIZ. RISER 4' - [HARIBHC]; NATURAL - HAWA BAMBOO HORIZ. RISER 4' - [HARIBHN],2
ILLUMIN END CAP GLIMMER,ILLUMIN8 END CAP GLIMMER - [GLILEC806],1
LAMINAT RUSTIC OLIVE HD,LAMINAT NOSING RUSTIC OLIVE HD - [LANOEDHD33],1
LAMINATE ANCIENT CHERRY,LAMINATE ANCIENT CHERRY DIST - [LAED948],1
LAMINATE CANTERBURY WAL,LAMINATE NOSING CANTERBURY WAL - [LALXNORH04],1
LAMINATE CHERRY NATURAL,CHERRY NAT - LAMINATE CHERRY NATURAL - [LACW24190]; CHERRY NAT - LAMINATE NOSING CHERRY NATURAL - [LANOCW24190]; CHERRY NAT - LAMINATE BABY-T CHERRY NATURAL - [LABTCW24190]; LAMINATE 12MM CHERRY NATURAL - [LAED733]; CHERRY NAT - LAMINATE NOSING CHERRY NATURAL - [LANOED733]; CHERRY NAT - LAMINATE BABY-T CHERRY NATURAL - [LABTED733]; CHERRY NAT - LAMINATE BABY-T CHERRY NATURAL - [LABTEDHD32],7
LAMINATE CLASSIC CHERRY,3 STRIP - LAMINATE 8MM CLASSIC CHERRY - [LAL8MECC]; LAMINATE BABY-T CLASSIC CHERRY - [LABTL8MECC],2
LAMINATE CLASSIC CYPRES,LAMINATE NOSING CLASSIC CYPRES - [LANOL12NDCC]; CL CYPRESS - LAMINATE BABY-T CLASSIC CYPRES - [LABTL12NDCC],2
LAMINATE COLONIAL BROWN,LAMINATE NOSING COLONIAL BROWN - [LALXNOCS02],1
LAMINATE END CAP BEAUTE,*LAMINATE END CAP BEAUTE - [LALXECRH05],1
LAMINATE END CAP CHERRY,LAMINATE END CAP RED CHERRY - [LALXECHG02],1
LAMINATE END CAP SMOKEY,SMOKEY OAK - LAMINATE END CAP SMOKEY OAK - [LAECREHX66EC],1
LAMINATE GOLDEN HARVEST,LAMINATE NOSING GOLDEN HARVEST - [LALXNOME04],1
LAMINATE JAMESTOWN AUTU,LAMINATE NOSING JAMESTOWN AUTU - [LANOCWL90183],1
LAMINATE JATOBA NATURAL,STANDARD - LAMINATE 12MM JATOBA NATURAL - [LAL12CVJN]; LAMINATE NOSING JATOBA NATURAL - [LAMLSNL12CVJN]; LAMINATE 12.MM JATOBA NATURAL - [LAJTV624]; JATOBA NAT - LAMINATE BABY-T JATOBA NATURAL - [LABTJTB624]; JATOBA NAT - LAMINATE BABY-T JATOBA NATURAL - [LAMBTML12CVJN]; LAMINATE NOSING JATOBA NATURAL - [LANOL12CVJN],6
LAMINATE MAHOGANY SPICE,DISTRESSED - LAMINATE 12MM MAHOGANY SPICE - [LAL12NDMS]; LAMINATE NOSING MAHOGANY SPICE - [LANOL12NDMS],2
LAMINATE MERBAU NATURAL,SNGL STRIP - LAMINATE 8MM MERBAU NATURAL - [LAL8CVMN]; DARK - LAMINATE BABY T MERBAU NATURAL - [LABTL8CVMM],2
LAMINATE MOLDING EXOTIC,WALNUT - LAMINATE T MOLDING EXOTIC - [LATM143],1
LAMINATE MOLDING GOLDEN,LAMINATE T MOLDING GOLDEN OAK - [LATMHXM67],1
LAMINATE MOLDING SMOKEY,LAMINATE T MOLDING SMOKEY OAK - [LATMREHXM66],1
LAMINATE NATURAL WALNUT,LAMINATE NOSING NATURAL WALNUT - [LALXNOHS08],1
LAMINATE NEWPORT MAHOGA,LAMINATE NOSING NEWPORT MAHOGA - [LANOL12NDNM],1
LAMINATE PHOENIX SANDAL,LAMINATE 12.3MM PHOENIX SANDAL - [LAVG1007],1
LAMINATE Q ROUND COFFEE,LAMINATE Q-ROUND COFFEE MAPLE - [LAQRVG1020],1
LAMINATE QTR BEACH SAND,BEACH SAND - LAMINATE QTR BEACH SAND - [LALXQRHS10],1
LAMINATE QTR DEEP CORAL,LAMINATE QTR DEEP CORAL - [LALXQRME03],1
LAMINATE QTR OCEAN MIST,OCEAN MIST - LAMINATE QTR OCEAN MIST - [LALXQRSS05],1
LAMINATE ROSEWOOD TRAIL,3 STRIP - LAMINATE 8MM ROSEWOOD TRAIL - [LAL8MERT]; LAMINATE NOSING ROSEWOOD TRAIL - [LANOL8MERT]; LAMINATE BABY-T ROSEWOOD TRAIL - [LABTL8MERT],3
LAMINATE TOASTED WALNUT,HI GLOSS - LAMINATE 12MM TOASTED WALNUT - [LAL12PSSTW]; HI-GLOSS - LAMINATE BABY-T TOASTED WALNUT - [LABTL12PSSTW]; NATURAL - LAMINATE BABY-T TOASTED WALNUT - [LABT12PSSTW],3
LAMINATE V GROOVE MOCHA,MOCHA - LAMINATE V GROOVE MAPLE MOCHA - [LAET1080],1
LAMINATE VINTAGE CHERRY,LAMINATE NOSING VINTAGE CHERRY - [LALXNOCS04],1
LAMINATE VINTAGE CYPRES,LAMINATE NOSING VINTAGE CYPRES - [LANOCW7609]; LAMINATE BABY-T VINTAGE CYPRES - [LABTCW7609],2
LAMINATE WALNUT NATURAL,WALNUT NAT - LAMINATE WALNUT NATURAL - [LACW7630]; WALNUT NAT - LAMINATE NOSING WALNUT NATURAL - [LANOCW7630]; WALNUT NAT - LAMINATE BABY-T WALNUT NATURAL - [LABTCW7630]; WALNUT NAT - LAMINATE 12MM WALNUT NATURAL - [LAED228]; WALNUT NAT - LAMINATE NOSING WALNUT NATURAL - [LANOED228]; LAMINATE BABY-T WALNUT NATURAL - [LABTED228]; DISTRESSED - LAMINATE 12MM WALNUT NATURAL - [LAL12NDWN],7
LOOSE LAY VINYL PALMERI,*LOOSE LAY VINYL PALMERI - [GVLL208],1
LUXURY BAMBOO VERT CARB,VERT/CARB - SAMPLE-LUXURY BAMBOO VERT/CARB - [LALXSBBA02],1
MEGACLIC END CAP PRINCE,MEGACLIC END CAP PRINCE - [LAMCECDN8710],1
MEGACLIC MOLD ARROWHEAD,MEGACLIC T-MOLD ARROWHEAD - [LAMCTMAS3203],1
MEGACLIC MOLD HILLCREST,MEGACLIC T-MOLD HILLCREST - [LAMCTMAS3103],1
MEGACLIC MOLD HONEYCOMB,MEGACLIC T-MOLD HONEYCOMB - [LAMCTMAS3111],1
MEGACLIC MOLD MOONLIGHT,MEGACLIC T-MOLD MOONLIGHT - [LAMCTMAS3109],1
MEGACLIC MOLD VALENTINE,MEGACLIC T-MOLD VALENTINE - [LAMCTMAS3102],1
MOLD SANTOS MAHOGANY SW,NATURAL - T-MOLD SANTOS MAHOGANY 7' SW - [SWTMSN],1
MOLD V GROOVE COLLETION,ANTQ. OAK - T-MOLD V GROOVE COLLETION - [LATMXM32],1
MOUNT LAMINATE MAHOGANY,MOUNT LAMINATE MAHOGANY - [MTGVL705],1
MOUNT LAMINATE ROSEWOOD,MOUNT LAMINATE ROSEWOOD - [MTGVL702],1
NYTAE CLICK HONEY BEECH,NYTAE CLICK HONEY BEECH - [NTNY003],1
OSHKOSH CUSTOM ORDER EA,OSHKOSH CUSTOM ORDER EA - [OKSOEA],1
OSHKOSH CUSTOM ORDER LF,OSHKOSH CUSTOM ORDER LF - [OKSOLF],1
OSHKOSH LA JOLLA CORNER,UNFINISHED - OSHKOSH LA JOLLA CORNER - [OK4107CNU],1
PARADISE VALLEY END CAP,WHITE CHERRY - PARADISE VALLEY END CAP WHITE - [LAPVECC02]; OAK - PARADISE VALLEY END CAP OAK - [LAPVECO701],2
PARADISE VALLEY GREY CH,GREY CHERRY - PANEL-PARADISE VALLEY GREY CH - [GCSBPVC01-1924],1
PARADISE VALLEY QTR RND,WHITE CHERRY - PARADISE VALLEY QTR RND WHITE - [LAPVQRC02]; OAK - PARADISE VALLEY QTR RND OAK - [LAPVQRO701],2
PARADISE VALLEY RUSSIAN,RUSSIAN BLACK OAK - PANEL-PARADISE VALLEY RUSSIAN - [GCSBPVO02-1924],1
QTR ROUND GRAMERCY PARK,METROPOLITAN - QTR.ROUND - GRAMERCY PARK - [GVMPQR702],1
QTR ROUND WEATHERED ASH,AQUA BLUE BY GARRISON - QTR. ROUND - WEATHERED ASH - [GVWPCQR110],1
QUARTER ROUND APHRODITE,MYTHOLOGY - QUARTER ROUND - APHRODITE - [GVGAQR701],1
QUARTER ROUND CAPRICORN,ZODIAC WSPC - QUARTER ROUND - CAPRICORN - [GVZOQR7503],1
RISER DISTRESSING LABOR,UNFIN/DIST - RISER DISTRESSING LABOR - [GCRIDIST],1
SANTOS MAHOGANY NATURAL,"GII DIST - *SANTOS MAHOGANY 5"" NATURAL - [GNIIS538]",1
SB RIDGE WALNUT NATURAL,SAMPLE BOARD - SB - RIDGE WALNUT NATURAL - [GWC-SBRIW103],1
SELECT BRAZILIAN WALNUT,NATURAL - 3/4X3 SELECT BRAZILIAN WALNUT - [NOQ3SBWM]; NATURAL - 3/4X5 SELECT BRAZILIAN WALNUT - [NOQ5SBWM],2
SPECIAL ORDER CUMARU LL,SPECIAL ORDER CUMARU LL - [LQSOCU],1
SPECIAL ORDER CUMARU RL,SPECIAL ORDER CUMARU RL - [RHSOCU],1
SPECIAL ORDER PREFINISH,SPECIAL ORDER SOLID PREFINISH - [PFQSO]; BIRCH - SPECIAL ORDER SOLID PREFINISH - [PFQSOBI]; WALNUT - SPECIAL ORDER SOLID PREFINISH - [PFQSW],3
SPECIAL ORDER WALNUT LL,"3/4"" SPECIAL ORDER WALNUT LL - [LQSOW]; 1/2"" SPECIAL ORDER WALNUT LL - [LHSOW]",2
SPECIAL ORDER WALNUT RL,SPECIAL ORDER WALNUT RL - [RQSOW],1
STRAND NATURAL CARBONIZ,TIGER - BAMBOO STRAND NATURAL/CARBONIZ - [BA72SNC],1
TARKETT HADDON HALL W O,UNFIN. - TARKETT HADDON HALL W/O - [HT0BS1511],1
TARKETT WEBBAC PARALLEL,UNFIN. - TARKETT WEBBAC PARALLEL - [HT0AT0661],1
TREAD AUSTRALIAN CYPRES,CUSTOM TREAD AUSTRALIAN CYPRES - [MOTRSOALF],1
VILLA GIALLA PREF RISER,VILLA GIALLA PREF.RISER - [GCRIVG],1
VINCI PREFINISHED TREAD,DA VINCI PREFINISHED TREAD - [GCTRDV],1
WALNUT FAS ROUGH LUMBER,5/4 WALNUT FAS ROUGH LUMBER - [LUWF54],1
3.25 EN W O NATURAL MB,SHEOGA - 3/4 X 3.25 EN.W/O NATURAL MB - [PFSHEO338],1
APPALACHIAN HERITAGE O,APPALACHIAN - HERITAGE R/O - [GCKEYSET908],1
ASIAN MAHOGANY NATURAL,"CRYSTAL VALLEY - *ASIAN MAHOGANY 3-1/2"" NATURAL - [GQCVAM31238]",1
BAMBOO B END CAP HORIZ,CARBONIZED - BAMBOO B.T-HOLD/ END CAP HORIZ - [BABTCH]; NATURAL - BAMBOO B.T-HOLD/ END CAP HORIZ - [BABTNH],2
BAMBOO BASE SHOE HRZTL,NATURAL - BAMBOO BASE SHOE 1/2X3/4 HRZTL - [UWBSBHN],1
BAMBOO HORIZ WALL BASE,CARBONIZED - BAMBOO HORIZ. WALL BASE - [BABBBHC]; NATURAL - BAMBOO HORIZ. WALL BASE - [BABBBHN],2
BAMBOO STRAND CARBONIZ,BAMBOO STRAND T-MOULD CARBONIZ - [BATMBSC],1
BAMBOO VERT CARBONIZED,BAMBOO T-MOULD VERT/CARBONIZED - [BATMBVC],1
BEAD BARREL CHAIR RAIL,MDF - NONSTOCK - 3/4 X 3 BEAD&BARREL CHAIR RAIL - [MOCRMD649MUL],1
BLOODWOOD ROUGH LUMBER,4/4 BLOODWOOD ROUGH LUMBER - [LUB144]; 5/4 BLOODWOOD ROUGH LUMBER - [LUB154],2
BOIS PREFINISHED RISER,DU BOIS PREFINISHED RISER - [GCDBRI]; DU BOIS PREFINISHED RISER - [GCRIDB],2
BOIS PREFINISHED TREAD,DU BOIS PREFINISHED TREAD - [GCDBTR]; DU BOIS PREFINISHED TREAD - [GCTRDB],2
BRAZILIAN CHERRY WENGE,"GII DIST - BRAZILIAN CHERRY 5"" WENGE - [GNIIB552]",1
CANTINA SPANISH COFFEE,"22.5"" X 28"" - PANEL - CANTINA SPANISH COFFEE - [GCSBCAH75103-2228]",1
CAROLINA CL CHARLESTON,WALNUT - SAMPLE-CAROLINA CL. CHARLESTON - [GHCC5WSB98],1
CAROLINA CL GREENSBORO,WALNUT - SAMPLE-CAROLINA CL. GREENSBORO - [GHCC5WSB100],1
CAROLINA CL WILMINGTON,WALNUT - SAMPLE-CAROLINA CL. WILMINGTON - [GHCC5WSB101],1
CLEAR SAN MAHOGANY S E,UNFIN - 3/4 X 4 CLEAR SAN.MAHOGANY S.E - [RQ4CSS],1
CLIFFSIDE TREAD WALNUT,CLIFFSIDE TREAD WALNUT - [GCTRCSW],1
COLUMBIA HAYWARD PECAN,HONEY - COLUMBIA 1/2 X 3 HAYWARD PECAN - [COHAP311F]; NATURAL - COLUMBIA 1/2X3 HAYWARD PECAN - [COHAP310F],2
COMP BUSTER DESERT WHI,WHITORY - DESERT WHITE - *COMP.BUSTER NOSING DESERT WHI - [GCNO7HT179],1
DAVINCI RANDOM CARRERA,WALNUT - SAMPLE-DAVINCI RANDOM CARRERA - [GNDV235SBW63],1
DIAMOND WALNUT NATURAL,DESIGNER SAMPLE - DS - DIAMOND WALNUT NATURAL - [GWC-DSDIW103]; SAMPLE BOARD - SB - DIAMOND WALNUT NATURAL - [GWC-SBDIW103],2
DS CLOVER WALNUT PEARL,DESIGNER SAMPLE - DS - CLOVER WALNUT PEARL - [GWC-DSCLW104],1
DS DIAMOND WALNUT JAVA,DESIGNER SAMPLE - DS - DIAMOND WALNUT JAVA - [GWC-DSDIW101],1
DS DIAMOND WALNUT MINK,DESIGNER SAMPLE - DS - DIAMOND WALNUT MINK - [GWC-DSDIW102],1
DS MOSAIC WALNUT PEARL,DESIGNER SAMPLE - DS - MOSAIC WALNUT PEARL - [GWC-DSMOW104],1
DS OYSTER WALNUT PEARL,DESIGNER SAMPLE - DS - OYSTER WALNUT PEARL - [GWC-DSOYW104],1
DS PALM WALNUT NATURAL,DESIGNER SAMPLE - DS - PALM WALNUT NATURAL - [GWC-DSPAW103],1
DS TIDE WALNUT NATURAL,DESIGNER SAMPLE - DS - TIDE WALNUT NATURAL - [GWC-DSTIW103],1
DS TUXEDO WALNUT PEARL,DESIGNER SAMPLE - DS - TUXEDO WALNUT PEARL - [GWC-DSTUW104],1
EN W O NATURAL MB 3.25,SHEOGA - 3/4 X 3.25 EN.W/O NATURAL MB - [PFSHEO338],1
END CAP CORONADO BEACH,LAMINATE - END CAP CORONADO BEACH - [GCLAECETCHCB12],1
FENG BAMBOO HORIZONTAL,CHERRY - GAO FENG BAMBOO HORIZONTAL 3' - [BABA36H22],1
FLEXTRIM SPECIAL ORDER,FLEXTRIM SPECIAL ORDER - [MOSLSO],1
FLUSH CHOCOLATE WALNUT,FLUSH NOSING CHOCOLATE WALNUT - [LALXFNOHS07],1
FRENCH CONN ANT CARAME,FRENCH CONN. NOSING ANT.CARAME - [GCNOFOF79],1
G P CHERRY CHOC CHERRY,"GIII DIST - *G3 P.CHERRY 5"" CHOC.CHERRY - [GHIIIC524]",1
G P CHERRY WILD CHERRY,"GIII DIST - *G3 P.CHERRY 5"" WILD CHERRY - [GHIIIC533]",1
GAR FLUSH BLACK CANYON,GAR.FLUSH NOSING BLACK CANYON - [GCLAFNO7502],1
GAR FLUSH BRYCE CANYON,GAR.FLUSH NOSING BRYCE CANYON - [GCLAFNO7503],1
GAR FLUSH CANYON LANDS,GAR.FLUSH NOSING CANYON LANDS - [GCLAFNO7504],1
GII SANTOS MAHOGAN NAT,DISTRESSED - GII NOSING SANTOS MAHOGAN NAT - [GCNO7SN38],1
GLUE DOWN VINYL ANTERO,GLUE DOWN VINYL ANTERO - [GVGD100],1
GLUE DOWN VINYL BASHAN,*GLUE DOWN VINYL BASHAN - [GVGD101],1
GLUE DOWN VINYL CARMEL,*GLUE DOWN VINYL CARMEL - [GVGD102],1
GLUE DOWN VINYL DELANO,GLUE DOWN VINYL DELANO - [GVGD104],1
GLUE DOWN VINYL GILBOA,GLUE DOWN VINYL GILBOA - [GVGD105],1
GLUE DOWN VINYL HERMON,GLUE DOWN VINYL HERMON - [GVGD106],1
GLUE DOWN VINYL LASSEN,*GLUE DOWN VINYL LASSEN - [GVGD107],1
GOLD PREFINISHED RISER,GOLD LABEL PREFINISHED RISER - [GCRIGL],1
HANDSET CRYSTAL VALLEY,HANDSET - CRYSTAL VALLEY ENG. - [GCKEYSET06]; HANDSET - CRYSTAL VALLEY SOLID - [GCKEYSET07],2
HANDSET EXOTICS ACACIA,"HANDSET - EXOTICS ""ACACIA"" - [GCKEYSET30]",1
HANDSET SPC NATURESTEP,HANDSET - SPC NATURESTEP - [GCKEYSET65],1
HANDSET SUMMIT SKY SPC,HANDSET - SUMMIT SKY SPC - [GCKEYSET69],1
HAWA BAMBOO HORIZONTAL,NATURAL - HAWA BAMBOO 6' HORIZONTAL - [HABA72HN]; CARBONIZED - HAWA BAMBOO 6' HORIZONTAL - [HABA72HC]; NATURAL - HAWA BAMBOO HORIZONTAL REDUCER - [HAREBHN],3
ILLUMIN END CAP AURORA,ILLUMIN8 END CAP AURORA - [GLILEC801],1
ILLUMIN END CAP LUSTER,ILLUMIN8 END CAP LUSTER - [GLILEC807],1
INSPIRED II BIRMINGHAM,"WALNUT - TIME INSPIRED II BIRMINGHAM - [GHTI2W5132]; WALNUT 7"" - TIME INSPIRED II 7""BIRMINGHAM* - [GHTI2W7132]",2
INSPIRED II WINCHESTER,CHERRY - TIME INSPIRED II WINCHESTER  * - [GHTI2C5139],1
LAMINATE ACACIA BRONZE,LAMINATE REDUCER ACACIA BRONZE - [LALXREME01]; LAMINATE T-MOULD ACACIA BRONZE - [LALXTMME01],2
LAMINATE ACACIA BROZNE,LAMINATE NOSING ACACIA BROZNE - [LALXNOME01],1
LAMINATE ANCIENT BEECH,LAMINATE 12.3MM ANCIENT BEECH - [LAVG1040]; LAMINATE BABY-T ANCIENT BEECH - [LABTVG1040],2
LAMINATE ANCIENT MAHOG,LAMINATE REDUCER ANCIENT MAHOG - [LAREED292],1
LAMINATE BEECH NATURAL,BEECH NAT - LAMINATE BEECH NATURAL - [LACW87634]; BEECH NAT - LAMINATE REDUCER BEECH NATURAL - [LARECW87634]; BEECH NAT - LAMINATE NOSING BEECH NATURAL - [LANOCW87634]; BEECH NAT - LAMINATE BABY-T BEECH NATURAL - [LABTCW87634],4
LAMINATE CHESTNUT EKKI,LAMINATE DIST CHESTNUT EKKI - [LACWS8212],1
LAMINATE CHOCOLATE WAL,CHOCOLATE WALNUT - LAMINATE NOSING CHOCOLATE WAL. - [LALXNOHS07]; LAMINATE REDUCER CHOCOLATE WAL - [LALXREHS07]; LAMINATE T-MOULD CHOCOLATE WAL - [LALXTMHS07],3
LAMINATE CLASSIC BEECH,STANDARD - LAMINATE 12.MM CLASSIC BEECH - [LAL12CVCB]; LAMINATE REDUCER CLASSIC BEECH - [LAMLRE12CVCB]; LAMINATE BABY-T CLASSIC BEECH - [LAMBTML12CVCB]; LAMINATE BABY-T CLASSIC BEECH - [LABTL12CVCB],4
LAMINATE COASTAL BREEZ,COASTAL BREEZE - *LAMINATE NOSING COASTAL BREEZ - [LALXNOCS07]; COASTAL BREEZE - LAMINATE T-MOULD COASTAL BREEZ - [LALXTMCS07]; COASTAL BREEZE - LAMINATE REDUCER COASTAL BREEZ - [LALXRECS07],3
LAMINATE COLONIAL BROW,LAMINATE REDUCER COLONIAL BROW - [LALXRECS02]; LAMINATE T-MOULD COLONIAL BROW - [LALXTMCS02],2
LAMINATE COLUMBIAN WAL,LAMINATE REDUCER COLUMBIAN WAL - [LARECW212]; LAMINATE BABY-T COLUMBIAN WAL - [LABTCW212]; LAMINATE NOSING COLUMBIAN WAL. - [LANOCW212],3
LAMINATE DARK MAHOGANY,SNGL STRIP - LAMINATE 8MM DARK MAHOGANY - [LAL8CVDM]; DARK - LAMINATE BABY-T DARK MAHOGANY - [LABTL8CVDM]; LAMINATE DIST DARK MAHOGANY - [LACWD7212]; LAMINATE BABY-T DARK MAHOGANY - [LABTCWD7212],4
LAMINATE DEEP MAHOGANY,HI DEF - LAMINATE 12MM DEEP MAHOGANY - [LAL12HDDM]; LAMINATE REDUCER DEEP MAHOGANY - [LAREL12HDDM]; D MAGONANY - LAMINATE BABY-T DEEP MAHOGANY - [LABTL12HDDM],3
LAMINATE DELUXE COPPER,*LAMINATE NOSING DELUXE COPPER - [LALXNOMP01],1
LAMINATE ELAGANT CHERR,LAMINATE REDUCER ELAGANT CHERR - [LARE6927],1
LAMINATE END CAP ESPRE,LAMINATE END CAP HICKORY ESPRE - [LAECL12NDHE],1
LAMINATE END CAP HONEY,HONEYMAPLE - LAMINATE END CAP HONEY MAPLE - [LAEC6113],1
LAMINATE END CAP IBIZA,*LAMINATE END CAP IBIZA - [LALXECSS04],1
LAMINATE END CAP SPICY,SPICY OAK - LAMINATE END CAP SPICY OAK - [LAECHXM69],1
LAMINATE EXOTIC ACACIA,HI GLOSS - LAMINATE 12MM EXOTIC ACACIA - [LAL12PSSEA]; HI-GLOSS - LAMINATE REDUCER EXOTIC ACACIA - [LAREL12PSSEA]; HI-GLOSS - LAMINATE BABY-T EXOTIC ACACIA - [LABTL12PSSEA]; HI GLOSS - LAMINATE NOSING EXOTIC ACACIA - [LANOL12PSSEA],4
LAMINATE FLRSCENT GOLD,*LAMINATE NOSING FLRSCENT.GOLD - [LALXNOHG03],1
LAMINATE GOLDEN AUBURN,LAMINATE NOSING GOLDEN AUBURN - [LALXNOHG01]; LAMINATE REDUCER GOLDEN AUBURN - [LALXREHG01]; LAMINATE T-MOULD GOLDEN AUBURN - [LALXTMHG01],3
LAMINATE GOLDEN HARVES,LAMINATE REDUCER GOLDEN HARVES - [LALXREME04]; LAMINATE T-MOULD GOLDEN HARVES - [LALXTMME04],2
LAMINATE GOLDEN WALNUT,HI DEF - LAMINATE 12.MM GOLDEN WALNUT - [LAL12HDGW]; RED CHERRY - LAMINATE T-MOULD GOLDEN WALNUT - [LATMETPEGW12TM],2
LAMINATE JAMESTOWN AUT,LAMINATE BABY-T JAMESTOWN AUT. - [LABTCWL90183],1
LAMINATE JATOBA NATURA,LAMINATE REDUCER JATOBA NATURA - [LAREL12CVJN],1
LAMINATE MAHOGANY DARK,LAMINATE NOSING MAHOGANY DARK - [LANOL8CVDM],1
LAMINATE MAHOGANY SPIC,LAMINATE REDUCER MAHOGANY SPIC - [LAREL12NDMS],1
LAMINATE MIDNIGHT HICK,MIDNIGHT H - LAMINATE 12.3MM MIDNIGHT HICK. - [LAPEMH12],1
LAMINATE MOLD CANADIAN,LAMINATE T-MOLD CANADIAN MAPLE - [LATMCW7604N],1
LAMINATE MOLD CINNAMON,CINNAMON - LAMINATE T-MOLD CINNAMON OAK - [LATML8MEC0],1
LAMINATE MOLD RONGBADO,LAMINATE T-MOLD RONGBADO - [LATMCW101],1
LAMINATE MOLD ROSEWOOD,LAMINATE T-MOLD ROSEWOOD - [LATMHXM30],1
LAMINATE MOLDING COFFE,LAMINATE T MOLDING COFFE MAPLE - [LATMHVG1020],1
LAMINATE MOLDING HONEY,HONEYMAPLE - LAMINATE T MOLDING HONEY MAPLE - [LATM6113],1
LAMINATE MOLDING SPICY,LAMINATE T MOLDING SPICY OAK - [LATMHXM69],1
LAMINATE QTR BOARDWALK,BOARDWALK - LAMINATE QTR BOARDWALK - [LALXQRRH08],1
LAMINATE QTR CLASSIQUE,*LAMINATE QTR CLASSIQUE - [LALXQRRH06],1
LAMINATE QTR ROUND NAT,LAMINATE QTR ROUND MAPLE NAT. - [LAQRCW87604],1
LAMINATE QTR SEA SHELL,SEA SHELL - LAMINATE QTR SEA SHELL - [LALXQRRH07],1
LAMINATE QTR VERT CARB,LAMINATE QTR VERT/CARB - [LALXQRBA02],1
LAMINATE RICH MAHOGANY,3 STRIP - LAMINATE 8MM RICH MAHOGANY - [LAL8MERM]; LAMINATE BABY-T RICH MAHOGANY - [LABTL8MERM]; LAMINATE REDUCER RICH MAHOGANY - [LAREL8MERM]; LAMINATE NOSING RICH MAHOGANY - [LANOL8MERM],4
LAMINATE ROYAL MAHOGAN,*LAMINATE NOSING ROYAL MAHOGAN - [LALXNOHS01],1
LAMINATE SAPPHIRE COLL,RED OAK - LAMINATE 8.2MM SAPPHIRE COLL. - [LA7025],1
LAMINATE SIENNA CYPRES,*LAMINATE NOSING SIENNA CYPRES - [LALXNOHS04],1
LAMINATE SIERRA WALNUT,LAMINATE T-MOULD SIERRA WALNUT - [LALXTMRH01]; LAMINATE REDUCER SIERRA WALNUT - [LALXRERH01]; LAMINATE NOSING SIERRA WALNUT - [LALXNORH01],3
LAMINATE SMOKED ALMOND,BORA BORA - LAMINATE NOSING SMOKED ALMOND - [LANOETF08SN]; BORA BORA - LAMINATE T-MOULD.SMOKED ALMOND - [LATMETF08TM],2
LAMINATE SPANISH PECAN,LAMINATE SPANISH PECAN - [LACW619]; SPANISH P. - LAMINATE REDUCER SPANISH PECAN - [LARECW619]; SPANISH P. - LAMINATE NOSING SPANISH PECAN - [LANOCW619]; SPANISH P. - LAMINATE BABY-T SPANISH PECAN - [LABTCW619],4
LAMINATE SPECIAL ORDER,LAMINATE SPECIAL ORDER - [LASO],1
LAMINATE STAIR C BEECH,LAMINATE STAIR NOSING C BEECH - [LAMLSNL12CVCB]; LAMINATE STAIR NOSING C BEECH - [LASNCW619],2
LAMINATE TREAD BERMUDA,LAMINATE TREAD BERMUDA - [LALXTRHS09],1
LAMINATE TREAD JAMAICA,*LAMINATE TREAD JAMAICA - [LALXTRHS11],1
LAMINATE TREAD VANDAGE,*LAMINATE TREAD VANDAGE - [LALXTRRH09],1
LAMINATE VINTAGE CHERR,LAMINATE REDUCER VINTAGE CHERR - [LALXRECS04]; LAMINATE T-MOULD VINTAGE CHERR - [LALXTMCS04],2
LAMINATE VINTAGE CYPRS,LAMINATE REDUCER VINTAGE CYPRS - [LARECW7609],1
LAMINATE WALNUT NATURA,LAMINATE T-MOULD WALNUT NATURA - [LATML12NDWN],1
LAMINATE WALNUT TOASTE,LAMINATE REDUCER WALNUT TOASTE - [LAREL12PSSTW],1
LOOSE LAY VINYL DURATA,*LOOSE LAY VINYL DURATA - [GVLL202],1
LOOSE LAY VINYL KERMES,*LOOSE LAY VINYL KERMES - [GVLL205],1
LOOSE LAY VINYL PAGODA,*LOOSE LAY VINYL PAGODA - [GVLL207],1
LOOSE LAY VINYL TEXANA,*LOOSE LAY VINYL TEXANA - [GVLL209],1
LUXURY BAMBOO HOR CARB,HOR/CARB - SAMPLE- LUXURY BAMBOO HOR/CARB - [LALXSBBA01],1
MAX WINSOR BRAZ CHERRY,MAX WINSOR REDUCER BRAZ/CHERRY - [MWRE82],1
MEGACLIC END CAP DOVER,MEGACLIC END CAP DOVER - [LAMCECDN8705],1
MEGACLIC END CAP PAXON,MEGACLIC END CAP PAXON - [LAMCECAS3209],1
MEGACLIC END CAP TYLER,MEGACLIC END CAP TYLER - [LAMCECDN8712],1
MEGACLIC MOLD ASHVILLE,MEGACLIC T-MOLD ASHVILLE - [LAMCTMAS3211],1
MEGACLIC MOLD BUCKHEAD,MEGACLIC T-MOLD BUCKHEAD - [LAMCTMDN8702],1
MEGACLIC MOLD MERIDIAN,MEGACLIC T-MOLD MERIDIAN - [LAMCTMAS3205],1
MEGACLIC MOLD PASADENA,MEGACLIC T-MOLD PASADENA - [LAMCTMAS3105],1
MEGACLIC MOLD WESTWOOD,MEGACLIC T-MOLD WESTWOOD - [LAMCTMAS3112],1
MILL RUN HICK PECAN MB,UNFIN - 1/2 x 5 MILL RUN HICK/PECAN MB - [GCUNH500],1
MILL RUN WILD PECAN MB,UNFIN - 1/2 x 5 MILL RUN WILD PECAN MB - [GCUNP500],1
NEWPORT MANHATTAN BEAC,WATERFALL - PANEL - NEWPORT MANHATTAN BEAC - [GCSBNP211-2228],1
NYTAE PICASSO WALNUT E,NYTAE PICASSO WALNUT E-MOULD - [NT401SCEM],1
OASIS THERSHOLD CHERRY,NATURAL - OASIS BABY THERSHOLD CHERRY - [OABTFCN],1
OMNI BAMBOO HORIZONTAL,"CARBONIZED - OMNI BAMBOO 72"" HORIZONTAL - [UWBA72HC]; NATURAL - OMNI BAMBOO 72"" HORIZONTAL - [UWBA72HN]; CARBONIZED - OMNI BAMBOO 36"" HORIZONTAL - [UWBA36HC]; NATURAL - OMNI BAMBOO 36"" HORIZONTAL - [UWBA36HN]",4
ORDER GENUINE MAHOGANY,SPECIAL ORDER GENUINE MAHOGANY - [LQSOGM],1
OSHKOSH ARIZONA BORDER,UNFINISHED - OSHKOSH ARIZONA BORDER - [OK149U]; PREFINISH - OSHKOSH ARIZONA BORDER - [OK149PF],2
OSHKOSH ARIZONA CORNER,UNFINISHED - OSHKOSH ARIZONA CORNER - [OK149CNU],1
OSHKOSH NORTH STAR UNF,"OSHKOSH NORTH STAR UNF. 36"" - [OK319U]",1
PANNEL SUMMIT SKY ALPS,WATERFALL ORIGINAL - PANNEL- SUMMIT SKY PLANK ALPS - [GCSBSS501-2228]; WATERFALL ORIGINAL - PANNEL- SUMMIT SKY PLANK ALPS - [GCSBSS501-2424],2
PARADISE VALLEY RUSSIA,RUSSIAN BLACK OAK - PARADISE VALLEY REDUCER RUSSIA - [LAPVREO02],1
PARADISE VALLEY SILVER,SILVER OAK - PARADISE VALLEY REDUCER SILVER - [LAPVREO03]; SILVER OAK - PANEL-PARADISE VALLEY SILVER - [GCSBPVO03-1924],2
PREM WALNUT SE CALCORE,CONTRACTORS CHOICE - 5/8 X 5 PREM.WALNUT SE CALCORE - [GFCOW5PSSB]; CONTRACTORS CHOICE - 5/8 X 7 PREM.WALNUT SE CALCORE - [GFCOW7PSSB],2
PRIVATE SELECTION MESA,WATERFALL - PANEL - PRIVATE SELECTION MESA - [GCSBPS85802-2228],1
QTR ROUND MERITAGE ASH,AQUA BLUE II BY GARRISON - QTR. ROUND - MERITAGE ASH - [GVWPCIIQR105],1
QTR ROUND WEST VILLAGE,METROPOLITAN - QTR.ROUND - WEST VILLAGE - [GVMPQR706],1
QUARTER ROUND AQUARIUS,ZODIAC WSPC - QUARTER ROUND - AQUARIUS - [GVZOQR7501],1
QUARTER ROUND CAMELLIA,SECRET GARDEN SPC - QUARTER ROUND - CAMELLIA - [GVSGQR701],1
QUARTER ROUND GARDENIA,SECRET GARDEN SPC - QUARTER ROUND - GARDENIA - [GVSGQR704],1
QUARTER ROUND POSEIDON,MYTHOLOGY - QUARTER ROUND - POSEIDON - [GVGAQR705],1
QUARTER ROUND SEA FOAM,QUARTER ROUND SEA FOAM - [GCLAQR007],1
SANTO MAHOGANY NATURAL,SMOOTH - 3/8 X 3 SANTO MAHOGANY NATURAL - [ETSSM338],1
SB CLOVER WALNUT PEARL,SAMPLE BOARD - SB - CLOVER WALNUT PEARL - [GWC-SBCLW104],1
SB DIAMOND WALNUT JAVA,SAMPLE BOARD - SB - DIAMOND WALNUT JAVA - [GWC-SBDIW101],1
SB DIAMOND WALNUT MINK,SAMPLE BOARD - SB - DIAMOND WALNUT MINK - [GWC-SBDIW102],1
SB DIAMOND WALNUT PEAR,SAMPLE BOARD - SB - DIAMOND WALNUT PEAR - [GWC-SBDIW104],1
SB MOSAIC WALNUT PEARL,SAMPLE BOARD - SB - MOSAIC WALNUT PEARL - [GWC-SBMOW104],1
SB OYSTER WALNUT PEARL,SAMPLE BOARD - SB - OYSTER WALNUT PEARL - [GWC-SBOYW104],1
SB PALM WALNUT NATURAL,SAMPLE BOARD - SB - PALM WALNUT NATURAL - [GWC-SBPAW103],1
SB TIDE WALNUT NATURAL,SAMPLE BOARD - SB - TIDE WALNUT NATURAL - [GWC-SBTIW103],1
SB TUXEDO WALNUT PEARL,SAMPLE BOARD - SB - TUXEDO WALNUT PEARL - [GWC-SBTUW104],1
SELECT BRAZ CHERRY S E,CON.CHOICE - 5/8 X 4 SELECT BRAZ/CHERRY S.E - [GFCC4SBS]; CON.CHOICE - 5/8 X 5 SELECT BRAZ/CHERRY S.E - [GFCC5SBS],2
SET CRYSTAL VALLEY SOL,SAMPLE SET-CRYSTAL VALLEY SOL. - [GCSAMPLES12],1
SHELL BEACH HERRINGBON,WATERFALL - PANEL - SHELL BEACH HERRINGBON - [GCSBNPPH207-2228],1
SHOE WALNUT BIRMINGHAM,"TI - 1/2"" B-SHOE WALNUT BIRMINGHAM - [GCBSWH132]",1
SPECIAL ORDER BEECH LL,SPECIAL ORDER BEECH LL - [LQSOBE],1
SPECIAL ORDER WENGE LL,SPECIAL ORDER WENGE LL - [LQSOWE],1
TIME INSPIRED II DOVER,WHITE OAK - TIME INSPIRED II DOVER - [GHTI2O5140],1
TIME INSPIRED II TREAD,TIME INSPIRED II TREAD - [GCTRTI2],1
TREAD NATURESTEP UMBER,TREAD - NATURESTEP UMBER - [GVNSTR808],1
URBANIA QTR ROUND PURE,"URBANIA 78"" QTR.ROUND PURE OAK - [URQRUC17101QR]",1
WALNUT BLACK WALNUT GA,1/2 x 5 WALNUT BLACK WALNUT GA - [GCGAW516],1
WALNUT COLLINE CALCORE,"BELLISSIMO - WALNUT 7.5"" COLLINE CALCORE - [GHBEW75403SB]",1
WALNUT CUSTOM COLOR GA,1/2 x 3 WALNUT CUSTOM COLOR GA - [GCGAW399]; 1/2 x 7 WALNUT CUSTOM COLOR GA - [GCGAW799],2
WALNUT FRUITWOOD GARRI,1/2 x 5 WALNUT FRUITWOOD GARRI - [GCGAW528],1
WALNUT MIDNIGHT GARRIO,1/2 x 3 WALNUT MIDNIGHT GARRIO - [GCGAW334],1
WALNUT MIDNIGHT GARRIS,1/2 x 5 WALNUT MIDNIGHT GARRIS - [GCGAW534]; 1/2 x 7 WALNUT MIDNIGHT GARRIS - [GCGAW734],2
WALNUT NATURAL GARRISO,1/2 x 3 WALNUT NATURAL GARRISO - [GCGAW338]; 1/2 x 7 WALNUT NATURAL GARRISO - [GCGAW738],2
WILD PECAN BAY GARRISO,1/2 x 5 WILD PECAN BAY GARRISO - [GCGAP514],1
WILD PECAN CUSTOM COLO,1/2 x 5 WILD PECAN CUSTOM COLO - [GCGAP599]; 1/2 x 7 WILD PECAN CUSTOM COLO - [GCGAP799],2
WILD PECAN NATURAL GAR,1/2 x 7 WILD PECAN NATURAL GAR - [GCGAP738],1
WINDSOR MOLDING CHERRY,NATURAL - MAX WINDSOR T-MOLDING A.CHERRY - [MWTM89],1
5 ACACIA BLACK WALNUT,EXOTICS - 1/2 X 5 ACACIA BLACK WALNUT - [GHEXA516],1
5 PATAGONIAN ROSEWOOD,EXOTICS - 1/2 X 5 PATAGONIAN ROSEWOOD - [GHEXPR538],1
ACACIA BLACK WALNUT 5,EXOTICS - 1/2 X 5 ACACIA BLACK WALNUT - [GHEXA516],1
APPALACHIAN SIGNATURE,APPALACHIAN - SIGNATURE MAPLE - [GCKEYSET902]; APPALACHIAN - SIGNATURE BIRCH - [GCKEYSET903],2
ASIAN MAHOGANY CHERRY,"CRYSTAL VALLEY - *ASIAN MAHOGANY 3-1/2"" CHERRY - [GQCVAM31222]",1
ASIAN MAHOGANY GOLDEN,"CRYSTAL VALLEY - *ASIAN MAHOGANY 3-1/2"" GOLDEN - [GQCVAM31230]",1
B WALNUT FRENCH BLEED,9/16 X 5 B.WALNUT FRENCH BLEED - [JFAMEE12508],1
BAMBOO B END CAP VERT,CARBONIZED - BAMBOO B.T-HOLD/ END CAP VERT - [BABTCV]; NATURAL - BAMBOO B.T-HOLD/ END CAP VERT - [BABTNV],2
BAMBOO BASE SHOE HRZT,CARBONIZED - BAMBOO BASE SHOE 1/2X3/4 HRZT - [UWBSBHC],1
BAMBOO HORIZ CARBONIZ,BAMBOO T-MOULD HORIZ/CARBONIZ - [BATMBHC],1
BAMBOO HORIZ ENGINEER,CARBONIZED - BAMBOO 5/8X5 HORIZ. ENGINEER - [BA75EHC],1
BAMBOO HORZT ENGINEER,NATURAL - BAMBOO 5/8X5 HORZT. ENGINEER - [BA75EHN],1
BAMBOO STRAND NAT CAR,TIGER - GARRISON BAMBOO STRAND NAT/CAR - [GFBA72SNC],1
BAMBOO STRAND NATURAL,BAMBOO STRAND T-MOULD NATURAL - [BATMBSN],1
BAMBOO VERTICAL RISER,NATURAL - HAWA BAMBOO VERTICAL RISER 4' - [HARIBVN]; CARBONIZED - HAWA BAMBOO VERTICAL RISER 4' - [HARIBVC],2
BASE SHOE AMER CHERRY,"1/2"" BASE SHOE - AMER.CHERRY - [MOBS12C]",1
BASE SHOE BRAZ CHERRY,"1/2"" BASE SHOE - BRAZ/CHERRY - [MOBS12B]",1
BELLAGIO ROVENZA CHEV,WATERFALL - PANEL - BELLAGIO ROVENZA CHEV. - [GCSBBLPC506-2228],1
BOOK METROPOLITAN SPC,SAMPLE BOOK - METROPOLITAN SPC - [GCKEYSET62],1
CANTINA SPANISH COFFE,CANTINA BASESHOE SPANISH COFFE - [GCCABSHH103],1
CANYON CREST GENESSEE,"28.5"" X 28"" - NO LABEL CANYON CREST GENESSEE - [GCSBCY1004-2828PL]",1
CAROLINA CL ALLENDALE,OAK - SAMPLE - CAROLINA CL.ALLENDALE - [GHCC5OSB96],1
CHATEAU CAPRI UNF W O,WIRE BRUSHED - CHATEAU CAPRI UNF.NOSING 8'W/O - [GCNO8OQ00W],1
CHERRY CUSTOM PATTERN,BRAZ/CHERRY CUSTOM PATTERN - [PASOB],1
CHERRY UNFINISHED M B,1/2 x 3 CHERRY UNFINISHED M.B - [GCUNC300]; 1/2 x 7 CHERRY UNFINISHED M.B - [GCUNC700],2
CHERRY UNFINISHED S E,1/2 x 5 CHERRY UNFINISHED S.E. - [GCUNC500SE],1
CLEAR BRAZ CHERRY S E,CON.CHOICE - 5/8 X 4 CLEAR BRAZ/CHERRY S.E - [GFCC4CBS]; CON.CHOICE - 5/8 X 5 CLEAR BRAZ/CHERRY S.E - [GFCC5CBS],2
CLEAR SAN MAHOGANY SE,3/4 X 5 CLEAR SAN.MAHOGANY SE - [RQ5CSS],1
CLOVER WALNUT NATURAL,DESIGNER SAMPLE - DS - CLOVER WALNUT NATURAL - [GWC-DSCLW103]; SAMPLE BOARD - SB - CLOVER WALNUT NATURAL - [GWC-SBCLW103],2
CLR BRAZ WALNUT SE LL,UNFINISHED - 3/4 X 5 CLR BRAZ. WALNUT SE LL - [LQ5CBWS],1
CONNECTION PREF RISER,FRENCH CONNECTION PREF.RISER - [GCRIFC],1
COUNTRY W O LONGSTRIP,NATURAL - COUNTRY WOOD W/O LONGSTRIP - [CWE01O2F],1
CRY VAL PRAIRIE WHEAT,WHITE OAK - CRY.VAL T-MOULD PRAIRIE WHEAT - [GCTM7OF68],1
CUSTOM RISER DOUG FIR,CUSTOM RISER DOUG FIR (EA) - [MORISODEA],1
CUSTOM TREAD DOUG FIR,CUSTOM TREAD DOUG FIR (LF) - [MOTRSODLF]; CUSTOM TREAD DOUG FIR (EA) - [MOTRSODEA],2
DAVINCI RANDOM BIANCA,WALNUT - SAMPLE-DAVINCI RANDOM BIANCA - [GNDV235SBW62],1
DAVINCI RANDOM MILANO,MAPLE - SAMPLE-DAVINCI RANDOM MILANO - [GNDV235SBM65],1
DAVINCI RANDOM PISANI,HICKORY - SAMPLE-DAVINCI RANDOM PISANI - [GNDV235SBH67],1
DISCON EXOTICS MERBAU,NATURAL - DISCON. EXOTICS 3-5/8 MERBAU - [GNEXME35838]; NATURAL - DISCON. EXOTICS 3-9/16 MERBAU - [GNEXME391638],2
DISCON EXOTICS SANTOS,NATURAL - DISCON. EXOTICS 3-9/16 SANTOS - [GNEXSM391638],1
DS CLOVER WALNUT JAVA,DESIGNER SAMPLE - DS - CLOVER WALNUT JAVA - [GWC-DSCLW101],1
DS CLOVER WALNUT MINK,DESIGNER SAMPLE - DS - CLOVER WALNUT MINK - [GWC-DSCLW102],1
DS MOSAIC WALNUT JAVA,DESIGNER SAMPLE - DS - MOSAIC WALNUT JAVA - [GWC-DSMOW101],1
DS MOSAIC WALNUT MINK,DESIGNER SAMPLE - DS - MOSAIC WALNUT MINK - [GWC-DSMOW102],1
DS OYSTER WALNUT JAVA,DESIGNER SAMPLE - DS - OYSTER WALNUT JAVA - [GWC-DSOYW101],1
DS OYSTER WALNUT MINK,DESIGNER SAMPLE - DS - OYSTER WALNUT MINK - [GWC-DSOYW102],1
DS RIDGE WALNUT PEARL,DESIGNER SAMPLE - DS - RIDGE WALNUT PEARL - [GWC-DSRIW104],1
DS TUXEDO WALNUT JAVA,DESIGNER SAMPLE - DS - TUXEDO WALNUT JAVA - [GWC-DSTUW101],1
DS TUXEDO WALNUT MINK,DESIGNER SAMPLE - DS - TUXEDO WALNUT MINK - [GWC-DSTUW102],1
DU BOIS SPECIAL ORDER,DU BOIS SPECIAL ORDER - [GFDB000],1
END CAP GRAMERCY PARK,METROPOLITAN - END CAP - GRAMERCY PARK - [GVMPEC702],1
END CAP WEATHERED ASH,AQUA BLUE BY GARRISON - END CAP - WEATHERED ASH - [GVWPCEC110],1
ENDCAP COASTAL BREEZE,COASTAL BREEZE - LAMINATE ENDCAP COASTAL BREEZE - [LALXECCS07],1
EXOTIC ACACIA NATURAL,EXOTIC REDUCER ACACIA NATURAL - [GCEXREAH38]; EXOTIC BASESHOE ACACIA NATURAL - [GCEXBSAH38],2
EXOTIC SANTOS MAHOGNY,EXOTIC BASESHOE SANTOS MAHOGNY - [GCEXBSSH38],1
EXOTIC WALNUT MOLDING,NATURAL - EXOTIC WALNUT T-MOLDING - [LATMSRCEWTM],1
EXOTICS SANTOS MAHOGA,NATURAL - GC EXOTICS 3-5/8 SANTOS MAHOGA - [GNEXSM35838],1
FAS HICK PECAN M B LL,UNFIN - 3/4 X 6 FAS HICK/PECAN M.B. LL - [LQ6FHM],1
FAS HICK PECAN S E LL,UNFIN - 3/4 X 5 FAS HICK/PECAN S.E LL - [LQ5FHS]; UNFIN - 3/4 X 4 FAS HICK/PECAN S.E LL - [LQ4FHS]; UNFINISHED - 3/4 X 3 FAS HICK/PECAN S.E LL - [LQ3FHS]; UNFIN - 3/4 X 6 FAS HICK/PECAN S.E. LL - [LQ6FHS],4
FLUSH RIVER ROCK WASH,AQUA BLUE BY GARRISON - FLUSH NOSING - RIVER ROCK WASH - [GVWPCFNO108],1
FLUSH WINDSWEPT SANDS,AQUA BLUE II BY GARRISON - FLUSH NOSING - WINDSWEPT SANDS - [GVWPCIIFNO904],1
FRENCH CONN ANT CARAM,FRENCH CONN. REDUCER ANT.CARAM - [GCREFOF79],1
GAR FLUSH CRATER LAKE,GAR.FLUSH NOSING CRATER LAKE - [GCLAFNO7505],1
GAR FLUSH GRAND TETON,GAR.FLUSH NOSING GRAND TETON - [GCLAFNO7507],1
GII BR CHERRY NATURAL,DISTRESSED - GII NOSING BR/CHERRY NATURAL - [GCNO7BN38]; BRAZILIAN CHERRY - GII T-MOULD BR/CHERRY NATURAL - [GCTM7BF38],2
GII PREF RISER WALNUT,GII DISTRESS PREF.RISER WALNUT - [GCRIIIW]; GII SMOOTH PREF.RISER WALNUT - [GCRISSW],2
GII PREFINISHED TREAD,GII PREFINISHED TREAD - [GCIITR],1
GLOSSY CHERRY NATURAL,CHERRY NAT - LAMINATE GLOSSY CHERRY NATURAL - [LAEDHD32],1
GLUE DOWN VINYL TABOR,*GLUE DOWN VINYL TABOR - [GVGD108],1
GLUE DOWN VINYL TETON,*GLUE DOWN VINYL TETON - [GVGD109],1
GREEK ISLE PREF RISER,GREEK ISLE PREF.RISER - [GCRICGI],1
GREEK ISLES SANTORINI,GREEK ISLES BASESHOE SANTORINI - [GCGIBSO006]; WATERFALL - PANEL - GREEK ISLES SANTORINI - [GCSBGI9504-2828],2
HANDSET AQUA BLUE WPC,HANDSET - AQUA BLUE 7 WPC - [GCKEYSET50],1
HANDSET BEVERLY HILLS,HANDSET - BEVERLY HILLS - [GCKEYSET70]; HANDSET - BEVERLY HILLS <N/L> - [GCKEYSET71],2
HANDSET FR CONNECTION,"BIRCH PLY - HANDSET - FR.CONNECTION 9-1/2"" - [GCKEYSET36]; BIRCH PLY - HANDSET - FR.CONNECTION 11"" - [GCKEYSET37]",2
HANDSET SPC MYTHOLOGY,HANDSET - 5MM SPC MYTHOLOGY - [GCKEYSET64],1
HANDSET TIME INSPIRED,HANDSET - TIME INSPIRED - [GCKEYSET10],1
HANSOL LAMINATE ROYAL,HANSOL LAMINATE ROYAL MAPLE - [HN1310],1
HARRISS TARKETT BEECH,NATUTAL - HARRISS TARKETT 1/2 X 5 BEECH - [HT0PF9035],1
ILLUMIN END CAP FLASH,ILLUMIN8 END CAP FLASH - [GLILEC804],1
ILLUMIN END CAP GLAZE,ILLUMIN8 END CAP GLAZE - [GLILEC805],1
ILLUMIN END CAP SPARK,ILLUMIN8 END CAP SPARK - [GLILEC808],1
ILLUMIN FLUSH GLIMMER,ILLUMIN8 FLUSH NOSING GLIMMER - [GLILFNO806],1
ILLUMIN TREAD GLIMMER,ILLUMIN8 TREAD GLIMMER - [GLILTR806],1
INSPIRED II CAMBRIDGE,WALNUT - TIME INSPIRED II CAMBRIDGE - [GHTI2W5133],1
INSPIRED II NEWCASTLE,"WALNUT - *TIME INSPIRED II NEWCASTLE - [GHTI2W5134]; WALNUT - *TIME INSPIRED II NEWCASTLE - [GHTI2W357134]; HICKORY 7"" - TIME INSPIRED II 7"" NEWCASTLE - [GHTI2H7134]",3
INSPIRED II SHEFFIELD,"HICKORY - *TIME INSPIRED II SHEFFIELD - [GHTI2H5136]; HICKORY - TIME INSPIRED II SHEFFIELD - [GHTI2H357136]; HICKORY 7"" - TIME INSPIRED II 7"" SHEFFIELD* - [GHTI2H7136]",3
LAMINATE ANCEINT MAHO,LAMINATE BABY-T ANCEINT MAHO. - [LABTED292],1
LAMINATE ANT CHARCOAL,LAMINATE REDUCER ANT. CHARCOAL - [LALXREHS03]; LAMINATE NOSING ANT. CHARCOAL - [LALXNOHS03],2
LAMINATE ANTIQUE PINE,LAMINATE ANTIQUE PINE DIST. - [LAED005],1
LAMINATE B CHERRY NAT,HI GLOSS - LAMINATE REDUCER B.CHERRY NAT - [LAREL12PSSBC]; HI GLOSS - LAMINATE NOSING B.CHERRY NAT. - [LANOL12PSSBC]; HI-GLOSS - LAMINATE BABY-T B.CHERRY NAT - [LABTL12PSSBC],3
LAMINATE BLACK FOREST,LAMINATE DIST BLACK FOREST - [LACWD7283N]; LAMINATE NOSING BLACK FOREST - [LANOCWD7283N]; LAMINATE REDUCER BLACK FOREST - [LARECWD7283N],3
LAMINATE BURNT BRONZE,LAMINATE NOSING BURNT BRONZE - [LALXNOHS05]; LAMINATE REDUCER BURNT BRONZE - [LALXREHS05],2
LAMINATE CHERRY SPICE,HI DEF - LAMINATE 12.MM CHERRY SPICE - [LAL12HDCS]; LAMINATE BABY-T CHERRY SPICE - [LABTL12HDCS],2
LAMINATE CITRUS AMBER,*LAMINATE NOSING CITRUS AMBER - [LALXNOCS01]; *LAMINATE REDUCER CITRUS AMBER - [LALXRECS01]; *LAMINATE T-MOULD CITRUS AMBER - [LALXTMCS01],3
LAMINATE CLAS CYPRESS,LAMINATE REDUCER CLAS. CYPRESS - [LAREL12NDCC],1
LAMINATE CLASSIC COLL,RED TEAK - LAMINATE 8.2MM CLASSIC COLL. - [LA2232]; HONEYMAPLE - LAMINATE 8.2MM CLASSIC COLL. - [LA6113]; EL.CHERRY - LAMINATE 8.2MM CLASSIC COLL. - [LA6927]; MOCHA - LAMINATE 8.2MM CLASSIC COLL. - [LAET8070]; E. BEECH - LAMINATE 8.2MM CLASSIC COLL. - [LA6017]; T.C.ALDER - LAMINATE 8.2MM CLASSIC COLL. - [LAET2001-12A],6
LAMINATE DARK SCARLET,LAMINATE NOSING DARK SCARLET - [LALXNOSS02]; LAMINATE REDUCER DARK SCARLET - [LALXRESS02],2
LAMINATE DELUXE COPPE,*LAMINATE REDUCER DELUXE COPPE - [LALXREMP01]; *LAMINATE T-MOULD DELUXE COPPE - [LALXTMMP01],2
LAMINATE DRK MAHOGANY,LAMINATE REDUCER DRK MAHOGANY - [LAREL8CVDM],1
LAMINATE END CAP LIVE,LAMINATE END CAP LIVE OAK - [LAECL12CVLO],1
LAMINATE ESPRESSO WAL,LAMINATE NOSING ESPRESSO WAL. - [LALXNORH02]; LAMINATE T-MOULD ESPRESSO WAL. - [LALXTMRH02]; LAMINATE REDUCER ESPRESSO WAL. - [LALXRERH02],3
LAMINATE EXOTIC WALNU,12MM SRC LAMINATE EXOTIC WALNU - [LASRCEW143],1
LAMINATE FLRSCNT GOLD,*LAMINATE REDUCER FLRSCNT GOLD - [LALXREHG03]; *LAMINATE T-MOULD FLRSCNT GOLD - [LALXTMHG03],2
LAMINATE FRENCH ROAST,LAMINATE DIST FRENCH ROAST - [LACWD7901]; LAMINATE NOSING FRENCH ROAST - [LANOCWD7901]; LAMINATE BABY-T FRENCH ROAST - [LABTCWD7901]; LAMINATE REDUCER FRENCH ROAST - [LARECWD7901],4
LAMINATE GINGER TAUPE,LAMINATE NOSING GINGER TAUPE - [LALXNOHS06]; LAMINATE T-MOULD GINGER TAUPE - [LALXTMHS06]; LAMINATE REDUCER GINGER TAUPE - [LALXREHS06],3
LAMINATE HAMPTON BARN,LAMINATE HAMPTON BARN WOOD - [LACWL90181]; LAMINATE NOSING HAMPTON BARN - [LANOCWL90181]; LAMINATE BABY-T HAMPTON BARN - [LABTCWL90181]; LAMINATE REDUCER HAMPTON BARN - [LARECWL90181],4
LAMINATE HAMPTON LAVA,LAMINATE NOSING HAMPTON LAVA - [LALXNOSS03]; LAMINATE REDUCER HAMPTON LAVA - [LALXRESS03],2
LAMINATE ISLAND SHORE,ISLAND SHORE - LAMINATE REDUCER ISLAND SHORE - [LALXREHS02]; ISLAND SHORE - *LAMINATE NOSING ISLAND SHORE - [LALXNOHS02],2
LAMINATE MOCHA WALNUT,LAMINATE REDUCER MOCHA WALNUT - [LALXRERH03]; LAMINATE T-MOULD MOCHA WALNUT - [LALXTMRH03]; LAMINATE NOSING MOCHA WALNUT - [LALXNORH03],3
LAMINATE MOLD ANTIQUE,LAMINATE T-MOLD ANTIQUE OAK - [LATML12CVAO],1
LAMINATE MOLD NATURAL,MAPLE NAT - LAMINATE T-MOLD MAPLE NATURAL - [LATMCW87604]; NAT. OAK - LAMINATE T-MOLD NATURAL OAK - [LATMCW87025]; MAPLE NAT - LAMINATE T-MOLD MAPLE NATURAL - [LATMED221]; LAMINATE T-MOLD NATURAL OAK - [LAXM29TM],4
LAMINATE PRESSED EDGE,WILD WAL - LAMINATE 12.3MM PRESSED EDGE - [LAPEWW12]; GOLDEN WAL - LAMINATE 12.3MM PRESSED EDGE - [LAPEGW12],2
LAMINATE QTR HOR CARB,LAMINATE QTR HOR/CARB - [LALXQRBA01],1
LAMINATE ROASTED PINE,SNGL STRIP - LAMINATE 8MM ROASTED PINE - [LAL8CVRP]; LAMINATE NOSING ROASTED PINE - [LANOL8CVRP]; ROAST.PINE - LAMINATE REDUCER ROASTED PINE - [LAREL8CVRP],3
LAMINATE ROYAL MAHOGA,MAHOGANY - *LAMINATE REDUCER ROYAL MAHOGA - [LALXREHS01],1
LAMINATE RUSSET OLIVE,LAMINATE DIST RUSSET OLIVE - [LACWD7891]; LAMINATE BABY-T RUSSET OLIVE - [LABTCWD7891],2
LAMINATE RUSTIC OLIVE,LAMINATE NOSING RUSTIC OLIVE - [LANOED294]; LAMINATE REDUCER RUSTIC OLIVE - [LARECWD7891]; LAMINATE TMOLD RUSTIC OLIVE - [LATMHXM50],3
LAMINATE SANTOS MAHOG,LAMINATE BABY-T SANTOS MAHOG. - [LABTL12PSSSSM]; LAMINATE REDUCER SANTOS MAHOG. - [LAREED808],2
LAMINATE SMOKY WALNUT,HI GLOSS - LAMINATE 12MM SMOKY WALNUT - [LAL12PSSSW]; HI-GLOSS - LAMINATE REDUCER SMOKY WALNUT - [LAREL12PSSSW]; HI -GLOSS - LAMINATE BABY-T SMOKY WALNUT - [LABTL12PSSSW]; HI-GLOSS - LAMINATE NOSING SMOKY WALNUT - [LANOL129SSSW],4
LAMINATE TOFFEE WENGE,TOFFEE W - LAMINATE REDUCER TOFFEE WENGE - [LARETWG12],1
LAMINATE TREAD CHERRY,LAMINATE TREAD RED CHERRY - [LALXTRHG02],1
LAMINATE WILLIAMSBURG,LAMINATE REDUCER WILLIAMSBURG - [LARECWL90182],1
LAY VINYL HUCKLEBERRY,*LOOSE LAY VINYL HUCKLEBERRY - [GVLL203],1
LEGENDS MOUDING CAFFE,LEGENDS T-MOUDING 8' CAFFE - [GCLETM8O7503],1
LUXURY BRAZILIAN GOLD,SAMPLE - LUXURY BRAZILIAN GOLD - [LALXSBHG04],1
LUXURY ESPRESS WALNUT,SAMPLE - LUXURY ESPRESS.WALNUT - [LALXSBRH02],1
LUXURY GOLDEN HARVEST,SAMPLE - LUXURY GOLDEN HARVEST - [LALXSBME04],1
LUXURY ROYAL MAHOGANY,SAMPLE - LUXURY ROYAL MAHOGANY - [LALXSBHS01],1
LUXURY SIENNA CYPRESS,SAMPLE - LUXURY SIENNA CYPRESS - [LALXSBHS04],1
LUXURY VINTAGE CHERRY,SAMPLE - LUXURY VINTAGE CHERRY - [LALXSBCS04],1
LUXURY VINYL ESPRESSO,DEEP EMBOSSED - LUXURY VINYL ESPRESSO OAK - [GVLX006],1
MAX WINSOR BLK WALNUT,MAX WINSOR REDUCER BLK WALNUT - [MWRE90],1
MEGACLIC HAMPTON HALL,MEGACLIC NOSING HAMPTON HALL - [LAMCFNOAS3106],1
MEGACLIC MOLD ASTORIA,MEGACLIC T-MOLD ASTORIA - [LAMCTMCT3301],1
MEGACLIC MOLD CRIMSON,MEGACLIC T-MOLD CRIMSON - [LAMCTMAS3101],1
MEGACLIC MOLD NEWPORT,MEGACLIC T-MOLD NEWPORT - [LAMCTMDN8709],1
MEGACLIC MOLD RIVADOR,MEGACLIC T-MOLD RIVADOR - [LAMCTMDN8711],1
MOLDING EXOTIC WALNUT,NATURAL - T MOLDING EXOTIC WALNUT - [FFTMFWN],1
MOSAIC WALNUT NATURAL,DESIGNER SAMPLE - DS - MOSAIC WALNUT NATURAL - [GWC-DSMOW103]; SAMPLE BOARD - SB - MOSAIC WALNUT NATURAL - [GWC-SBMOW103],2
MOUNT LAMINATE WALNUT,MOUNT LAMINATE WALNUT - [MTGVL706],1
NATURESTEP SANDALWOOD,WATERFALL - PANEL - NATURESTEP SANDALWOOD - [GCSBNS805-2323]; TREAD - NATURESTEP SANDALWOOD - [GVNSTR805],2
NATURESTEP SILVERLEAF,WATERFALL - PANEL - NATURESTEP SILVERLEAF - [GCSBNS807-2323]; TREAD - NATURESTEP SILVERLEAF - [GVNSTR807],2
NEWPORT PARADISE COVE,WATERFALL - PANEL - NEWPORT PARADISE COVE - [GCSBNP212-2228],1
NYTAE SACRAMENTO PINE,NYTAE SACRAMENTO PINE - [NT501SC],1
OASIS AFRICAN SAPELLI,NATURAL - OASIS 9/16 X 5 AFRICAN SAPELLI - [OA9165ASE]; NATURAL - OASIS 1/2 X 5 AFRICAN SAPELLI - [OAH5AS],2
OASIS SANTOS MAHOGANY,NATURAL - OASIS 9/16 X 5 SANTOS MAHOGANY - [OA9165S E]; NATURAL - OASIS 1/2 X 5 SANTOS MAHOGANY - [OAH5SM],2
ON MANHATTAN PARADISE,WATERFALL - NP ADD-ON MANHATTAN/PARADISE - [GCSETNP-2228ADD],1
ORDER SANTOS MAHOGANY,SPECIAL ORDER SANTOS MAHOGANY - [LQSOSM],1
OYSTER WALNUT NATURAL,DESIGNER SAMPLE - DS - OYSTER WALNUT NATURAL - [GWC-DSOYW103]; SAMPLE BOARD - SB - OYSTER WALNUT NATURAL - [GWC-SBOYW103],2
PARADISE VALLEY TREAD,OAK - PARADISE VALLEY TREAD OAK - [LAPVTRO701],1
PATAGONIA ROSEWOOD RU,RUBY - 9/16 X 5 PATAGONIA ROSEWOOD RU - [JFAMZS12504R],1
PATAGONIAN ROSEWOOD 5,EXOTICS - 1/2 X 5 PATAGONIAN ROSEWOOD - [GHEXPR538],1
POST MODERN MEDALLION,PREFIN. - OSHKOSH POST MODERN MEDALLION - [OK4303PF],1
PREM HICK S E CALCORE,CONTRACTORS CHOICE - 5/8 X 5 PREM.HICK S.E CALCORE - [GFCOH5PSSB],1
PREM RIFT QTR W O S E,CON.CHOICE - 5/8X31/4 PREM.RIFT/QTR W/O S.E - [GFCOORQ314PS],1
PREMIUM AM CHERRY S E,CON.CHOICE - *5/8 X 4 PREMIUM AM/CHERRY S.E - [GFCOC4PS]; CON.CHOICE - *5/8 X 5 PREMIUM AM/CHERRY S.E - [GFCOC5PS]; CON.CHOICE - *5/8 X 6 PREMIUM AM/CHERRY S.E - [GFCOC6PS]; CON.CHOICE - *5/8 X 7 PREMIUM AM/CHERRY S.E - [GFCOC7PS],4
QTR CANTERBURY WALNUT,LAMINATE QTR CANTERBURY WALNUT - [LALXQRRH04],1
QTR ROUND CRATER LAKE,GARRISON QTR.ROUND CRATER LAKE - [GCLAQR7505],1
QTR ROUND GRAND TETON,GARRISON QTR.ROUND GRAND TETON - [GCLAQR7507],1
QTR ROUND HIGH SIERRA,APEX SPC - QTR.ROUND - HIGH SIERRA - [GVAPQR502]; SUMMIT SKY SPC - QTR.ROUND - HIGH SIERRA - [GVSSQR502],2
QTR ROUND MOJAVE WASH,AQUA BLUE II BY GARRISON - QTR. ROUND - MOJAVE WASH - [GVWPCIIQR110],1
QTR ROUND MORNING DEW,AQUA BLUE II BY GARRISON - QTR. ROUND - MORNING DEW - [GVWPCIIQR902],1
QTR ROUND MOSCATO ASH,AQUA BLUE II BY GARRISON - QTR. ROUND - MOSCATO ASH - [GVWPCIIQR106],1
QTR ROUND ROASTEDPINE,ROAST PINE - LAMINATE QTR ROUND ROASTEDPINE - [LAQRL8CVRP],1
QTR ROUND YELLOWSTONE,AQUA BLUE II BY GARRISON - QTR. ROUND - YELLOWSTONE OAK - [GVWPCIIQR103],1
QUARTER ROUND ASTORIA,MEGACLIC QUARTER ROUND ASTORIA - [LAMCQRCT3301],1
QUARTER ROUND AVIGNON,LAMINATE - GARRISON QUARTER ROUND AVIGNON - [GCLAQR001],1
QUARTER ROUND CRIMSON,MEGACLIC QUARTER ROUND CRIMSON - [LAMCQRAS3101],1
QUARTER ROUND GLIMMER,ILLUMIN8 QUARTER ROUND GLIMMER - [GLILQR806],1
QUARTER ROUND SCORPIO,ZODIAC WSPC - QUARTER ROUND - SCORPIO - [GVZOQR7508],1
RANDOM WIDTH MARCELLO,DAVINCI - MAPLE RANDOM WIDTH MARCELLO - [GNDVM23564],1
REDUCE CANTERBURY WAL,LAMINATE REDUCE CANTERBURY WAL - [LALXRERH04],1
RIFT QTR W O NO END M,"1/2 x 2"" RIFT/QTR W/O NO END M - [RH2QOSNEM]",1
RISER BRAZ CHERRY UNF,DISTRESSED - 7-1/4 RISER BRAZ/CHERRY UNF. - [GCRIBQ00],1
ROUND BRAZILIAN TIGER,NATURAL - QUATER ROUND BRAZILIAN TIGER - [YHQR52804],1
ROUND SANTOS MAHOGANY,MAX WINDSO - MW QTR ROUND SANTOS MAHOGANY - [MWQR88],1
ROUND WINDSWEPT SANDS,AQUA BLUE II BY GARRISON - QTR. ROUND - WINDSWEPT SANDS - [GVWPCIIQR904],1
SB CLOVER WALNUT JAVA,SAMPLE BOARD - SB - CLOVER WALNUT JAVA - [GWC-SBCLW101],1
SB CLOVER WALNUT MINK,SAMPLE BOARD - SB - CLOVER WALNUT MINK - [GWC-SBCLW102],1
SB MOSAIC WALNUT JAVA,SAMPLE BOARD - SB - MOSAIC WALNUT JAVA - [GWC-SBMOW101],1
SB MOSAIC WALNUT MINK,SAMPLE BOARD - SB - MOSAIC WALNUT MINK - [GWC-SBMOW102],1
SB OYSTER WALNUT JAVA,SAMPLE BOARD - SB - OYSTER WALNUT JAVA - [GWC-SBOYW101],1
SB OYSTER WALNUT MINK,SAMPLE BOARD - SB - OYSTER WALNUT MINK - [GWC-SBOYW102],1
SB RIDGE WALNUT PEARL,SAMPLE BOARD - SB - RIDGE WALNUT PEARL - [GWC-SBRIW104],1
SB TUXEDO WALNUT JAVA,SAMPLE BOARD - SB - TUXEDO WALNUT JAVA - [GWC-SBTUW101],1
SB TUXEDO WALNUT MINK,SAMPLE BOARD - SB - TUXEDO WALNUT MINK - [GWC-SBTUW102],1
SEL BTR WALNUT B E RL,"3/4 X 5 SEL/BTR WALNUT B.E. RL - [RQ5SWB]; 3/4 X 3"" SEL/BTR WALNUT B.E.RL - [RQ3SWB]",2
SEL BTR WALNUT S E RL,3/4 X 5 SEL/BTR WALNUT S.E. RL - [RQ5SWS]; SPECIAL ORDER - 3/4 X 4 SEL/BTR WALNUT S.E RL - [RQ4SWS],2
SELECT AMER CHERRY RL,UNFINISHED - 3/4 X 5 SELECT AMER. CHERRY RL - [RQ5SCS],1
SELECT BRAZ CHERY S E,3/4 X 3 SELECT BRAZ/CHERY S.E - [RQ3SBS],1
SELECT W O NESTED BND,"DAYSPRING (24SF BDLS) - 1/2 x 2"" SELECT W/O NESTED BND - [RH2SOS]; LEBANON (25SF BDLS) - 1/2 x 2"" SELECT W/O NESTED BND - [RH2SOSNB]; DAYSPRING 24SF - 1/2 x 2"" SELECT W/O NESTED BND - [RH2SOSNB-24]",3
SELECT WHITEOAK NESTE,**LEBANON DROPPED ITEM** - *3/8 X 2 SELECT WHITEOAK NESTE - [RT2SOSNB],1
SET COMPETITON BUSTER,SAMPLE SET - COMPETITON BUSTER - [GCSAMPLES20],1
SET FRENCH CONNECTION,SAMPLE SET - FRENCH CONNECTION - [GCSAMPLES14],1
SET PRIVATE SELECTION,WATERFALL - SAMPLE SET - PRIVATE SELECTION - [GCSETPS-2228],1
SHOE WALNUT CAMBRIDGE,"TI - 1/2"" B-SHOE WALNUT CAMBRIDGE - [GCBSWH133]",1
SKY PREFINISHED RISER,BIG SKY PREFINISHED RISER - [GCRIBS],1
SPEC ORDER BRZ CHERRY,LF - SPEC.ORDER MOULDING BRZ/CHERRY - [MOSOBLF]; LF - SPEC.ORDER MOULDING BRZ/CHERRY - [MOSOBEA],2
SPEC ORDER EA NOT MDF,SPEC.ORDER MOULDING EA NOT MDF - [MOSOEA],1
SPECIAL ORDER MOLDING,SPECIAL ORDER T-MOLDING (LF) - [MOTMSOLF]; SPECIAL ORDER T-MOLDING (EA) - [MOTMSOEA],2
SPECIAL ORDER MOULDIN,LAMINATE SPECIAL ORDER MOULDIN - [LASOMO],1
SPECIAL ORDER TEAK LL,SPECIAL ORDER TEAK LL - [LQSOTE],1
STRAND BAMBOO NATURAL,LIGHT - GARRSION STRAND BAMBOO NATURAL - [GFBA36SN]; DARK - GARRSION STRAND BAMBOO NATURAL - [GFBA36SND],2
TARKETT SPECIAL ORDER,HARRISS TARKETT SPECIAL ORDER - [HT0SO],1
TOTE CAROLINA CLASSIC,19X27 - TOTE BOARDS - CAROLINA CLASSIC - [GCKEYSET08]; SINGLE - TOTE BOARDS - CAROLINA CLASSIC - [GCKEYSET09],2
TREAD CHOCOLATE WALNU,LAMINATE TREAD CHOCOLATE WALNU - [LALXTRHS07],1
TREAD ESPRESSO WALNUT,LAMINATE TREAD ESPRESSO WALNUT - [LALXTRRH02],1
TREAD NATURESTEP SAGE,TREAD - NATURESTEP SAGE - [GVNSTR804],1
TREAD NATURESTEP WAVE,TREAD - NATURESTEP WAVE - [GVNSTR809],1
TREAD RIVER ROCK WASH,AQUA BLUE BY GARRISON - TREAD - RIVER ROCK WASH - [GVWPCTR108],1
TREAD SANTOS MAHOGANY,11-3/4 TREAD - SANTOS MAHOGANY - [MOTRS],1
TREAD WINDSWEPT SANDS,AQUA BLUE II BY GARRISON - TREAD - WINDSWEPT SANDS - [GVWPCIITR904],1
TUXEDO WALNUT NATURAL,DESIGNER SAMPLE - DS - TUXEDO WALNUT NATURAL - [GWC-DSTUW103]; SAMPLE BOARD - SB - TUXEDO WALNUT NATURAL - [GWC-SBTUW103],2
URBANIA THOLD PURE OA,"URBANIA 78"" BABY-THOLD PURE OA - [URBTUC17101TH]",1
VILLA GIALLA FLORENCE,WATERFALL - PANEL - VILLA GIALLA FLORENCE - [GCSBVG914-2828],1
VILLA GIALLA LA BELLE,WATERFALL - PANEL - VILLA GIALLA LA BELLE - [GCSBVG909-2828],1
VINEYARD ROVENZA CHEV,WATERFALL - PANEL - VINEYARD ROVENZA CHEV. - [GCSBVYPCO508-2828],1
WALNUT CUSTOM PATTERN,WALNUT CUSTOM PATTERN - [PASOW],1
WALNUT GRAPPA CALCORE,"BELLISSIMO - WALNUT 7.5"" GRAPPA CALCORE - [GHBEW75402SB]",1
WALNUT SM FRUITWOOD P,"GII SMOOTH - WALNUT 5"" SM. FRUITWOOD 2P - [GNSSW5282P]",1
2.25 PREMIUM W O S E,CONTRACTOR'S CHOICE - 5/8 X 2-1/4 PREMIUM W/O S.E - [GFCOO214PS],1
3.25 PREMIUM W O S E,CONTRACTOR'S CHOICE - 5/8 X 3 1/4 PREMIUM W/O S.E - [GFCOO314PS],1
5.25 EN W O FRESH MB,SHEOGA - 3/4 X 5.25 EN.W/O FRESH CUT MB - [PFSHEO538],1
ACACIA GOLDEN WALNUT,1/2X4-3/4 ACACIA GOLDEN WALNUT - [ENHA434191],1
ALLORA SPECIAL ORDER,ALLORA BY GARRISON - ALLORA SPECIAL ORDER - [GFALSO],1
ALLORA STRADA SELECT,"PANEL-ALLORA 7.5""STRADA SELECT - [GCSBAL7506S-2228]",1
B S CORNERS FOR BASE,"MAPLE - NONSTOCK - B.S. CORNERS FOR 9/16"" BASE - [MOCOM3002BMPW]",1
BAMBOO DARK VERTICAL,"CARBONIZED - BAMBOO 36"" DARK VERTICAL - [BA36VCD]",1
BAMBOO HORIZ NATURAL,BAMBOO T-MOULD HORIZ/NATURAL - [BATMBHN],1
BAMBOO HORZT NAT UNF,UNFINISHED - BAMBOO NOSING HORZT. NAT UNF. - [BANO58HNU],1
BAMBOO SPECIAL ORDER,BAMBOO SPECIAL ORDER - [BASO]; BAMBOO SPECIAL ORDER MOULDING - [BAMOSO]; BAMBOO SPECIAL ORDER MOULDING - [BAMOSOEA],3
BASE SHOE HICK PECAN,1/2X3/4 BASE SHOE - HICK/PECAN - [MOBS12H],1
BELLISSIMO MACCHIATO,BELLISSIMO 8' NOSING MACCHIATO - [GCBENO8M202]; BELLISSIMO 8' BABY-T MACCHIATO - [GCBEBT8M202]; BELLISSIMO 7' BABY-T MACCHIATO - [GCBEBT7M202]; BELLISSIMO 7' NOSING MACCHIATO - [GCBENO7M202],4
BRAZILIAN CHERRY COV,1/2 X 1/2 BRAZILIAN CHERRY COV - [MOCV1212B],1
C AMER CHERRY S E RL,UNFINISHED - 3/4 X 5 #1C AMER/CHERRY S.E RL - [RQ51CS],1
C CLASSIC WILMINGTON,WALNUT - C.CLASSIC NOSING WILMINGTON - [GCNO7WH101]; C.CLASSIC T-MOULD WILMINGTON - [GCTM7WF101],2
CANTINA ACAPULCO BAY,CANTINA BASESHOE ACAPULCO BAY - [GCCABSWH301]; WALNUT - CANTINA 7' NOSING ACAPULCO BAY - [GCCANO7W301]; WALNUT - CANTINA 8' NOSING ACAPULCO BAY - [GCCANO8W301],3
CANTINA CABO REEF NO,"17.5"" X 24"" - CANTINA CABO REEF *NO LABEL - [GCSBCAH751011724PL]",1
CANTINA COSTA DE SOL,CANTINA BASESHOE COSTA DE  SOL - [GCCABSHH102]; HICKORY - CANTINA 7' NOSING COSTA DE SOL - [GCCANO7H102]; HICKORY - CANTINA 8' NOSING COSTA DE SOL - [GCCANO8H102],3
CAROLINA C CHARLOTTE,WIRE RACK - PANEL - CAROLINA C. CHARLOTTE - [GCSBCCH589-1724],1
CAROLINA CL BEAUFORT,HICKORY - SAMPLE - CAROLINA CL. BEAUFORT - [GHCC5HSB88],1
CAROLINA CL CHARLOTT,HICKORY - SAMPLE - CAROLINA CL. CHARLOTT - [GHCC5HSB89],1
CENTURY DISPLAY RACK,CENTURY DISPLAY RACK - [CERACK],1
CHARLESTON MEDALLION,PREFINISH - OSHKOSH CHARLESTON MEDALLION - [OK38605PF],1
CHATEAU CAPRI AVENZA,CHATEAU CAPRI BASESHOE AVENZA - [GCCHBSOO101],1
CHERRY VENEER SHEETS,B CHERRY - BRAZ. CHERRY VENEER SHEETS 4X8 - [MOVESB],1
CHINESE CHICKEN WING,LAMINATE CHINESE CHICKEN WING - [LACWD7878]; REDUCER CHINESE CHICKEN WING - [LARECWD7878]; BABY-T CHINESE CHICKEN WING - [LABTCWD7878]; T-MOLD CHINESE CHICKEN WING - [LATMCWD7878]; NOSING CHINESE CHICKEN WING - [LANOCWD7878],5
CHOICE SPECIAL ORDER,CONT. CHOICE SPECIAL ORDER - [GFCOSO],1
CLAMSHELL CASING MDF,MDF - NONSTOCK - 9/16 X 2 CLAMSHELL CASING MDF - [MOCAMD121MBB],1
CLEAR BRAZ CHERY S E,3/4 X 3 CLEAR BRAZ/CHERY S.E - [RQ3CBS],1
CLIFFSIDE PREF RISER,CLIFFSIDE PREF.RISER - [GCRICS],1
CLIFFSIDE STILLWATER,CLIFFSIDE 8' NOSING STILLWATER - [GCCSNO8O04],1
CLIFFSIDE SUMMER TAN,CLIFFSIDE 8' NOSING SUMMER TAN - [GCCSNO8O05],1
CLIFFSIDE WALNUT NAT,NATURAL - CLIFFSIDE 8' NOSING WALNUT NAT - [GCCSNO8W01]; NATURAL - CLIFFSIDE 7' NOSING WALNUT NAT - [GCCSNO7W01],2
COMP BUSTER CHESTNUT,SAMPLE - COMP.BUSTER CHESTNUT - [ETCB5SBBI06]; COMP.BUSTER BASESHOE CHESTNUT - [GCBSBIH06]; WATERFALL - PANEL - COMP. BUSTER CHESTNUT - [GCSBCBB506-1724],3
COMP BUSTER DESERT W,HICKORY - DESERT WHITE - *COMP.BUSTER REDUCER DESERT W. - [GCRE7HT179]; HICKORY - DESERT WHITE - *COMP. BUSTER T-MOULD DESERT W - [GCTM7HF179],2
COMP BUSTER WINTER W,HICKORY - WINTER WHITE - *COMP.BUSTER REDUCER WINTER W. - [GCRE7HT180]; HICKORY - WINTER WHITE - *COMP. BUSTER T-MOULD WINTER W - [GCTM7HF180],2
COUNTRY QUATER ROUND,GOLDEN OAK - COUNTRY WOOD QUATER ROUND OAK - [CWQROGO],1
COUNTRY RELIC WALNUT,"AUT. TRAIL - 1/2 X 5""COUNTRY RELIC WALNUT - [AWCRAUT650]",1
CRYSTAL VALLEY TREAD,CRYSTAL VALLEY TREAD - [GCTRCV],1
CUSTOM TREAD VARIOUS,CUSTOM TREAD VARIOUS (EA) - [MOTRSOEA]; CUSTOM TREAD VARIOUS (LF) - [MOTRSOLF],2
DAVINCI RANDOM PAOLO,HICKORY - SAMPLE-DAVINCI RANDOM PAOLO - [GNDV235SBH66],1
DELUXE SPECIAL ORDER,DELUXE SPECIAL ORDER - [GFDX600],1
DELUXE UNF DIS WALNU,DELUXE NOSING 7' UNF.DIS.WALNU - [GCNO7WF00],1
DIAMOND WALNUT PEARL,DESIGNER SAMPLE - DS - DIAMOND WALNUT PEARL - [GWC-DSDIW104],1
DOLLAR QUARTER ROUND,SAND DOLLAR QUARTER ROUND - [GCLAETCQR],1
DS PALM WALNUT PEARL,DESIGNER SAMPLE - DS - PALM WALNUT PEARL - [GWC-DSPAW104],1
DS RIDGE WALNUT JAVA,DESIGNER SAMPLE - DS - RIDGE WALNUT JAVA - [GWC-DSRIW101],1
DS RIDGE WALNUT MINK,DESIGNER SAMPLE - DS - RIDGE WALNUT MINK - [GWC-DSRIW102],1
DS TIDE WALNUT PEARL,DESIGNER SAMPLE - DS - TIDE WALNUT PEARL - [GWC-DSTIW104],1
ELEGANCE BRAZ CHERRY,ELEGANCE 11/16 X 5 BRAZ/CHERRY - [YHSFW00 47]; NATURAL - ELEGANCE T-MOULD BRAZ/CHERRY - [YHTMS4703],2
EN W O FRESH MB 5.25,SHEOGA - 3/4 X 5.25 EN.W/O FRESH CUT MB - [PFSHEO538],1
END CAP BLACK CANYON,GARRISON END CAP BLACK CANYON - [GCLAEC7502],1
END CAP BRYCE CANYON,GARRISON END CAP BRYCE CANYON - [GCLAEC7503],1
END CAP CANYON LANDS,GARRISON END CAP CANYON LANDS - [GCLAEC7504],1
END CAP MERITAGE ASH,AQUA BLUE II BY GARRISON - END CAP - MERITAGE ASH - [GVWPCIIEC105],1
END CAP WEST VILLAGE,METROPOLITAN - END CAP - WEST VILLAGE - [GVMPEC706],1
EXOTIC ACACIA BRONZE,EXOTIC BASESHOE ACACIA BRONZE - [GCEXBSAH146],1
EXOTIC BR CHERRY NAT,EXOTIC BASESHOE BR/CHERRY NAT. - [GCEXBSBH38],1
EXOTIC TIGERWOOD NAT,EXOTIC BABY-T.TIGERWOOD NAT. - [GCEXBTTF38],1
FAS BRA CHERRY SE LL,UNFIN - 3/4 X 5 FAS BRA/CHERRY SE LL - [LQ5CBS],1
FAS RIFT QTR W O S E,"3/4 X 6"" FAS RIFT/QTR W/O S.E - [LQ6FRQOS]; 3/4 X 3"" FAS RIFT/QTR W/O S.E - [LQ3FRQOS]; 3/4 X 5"" FAS RIFT/QTR W/O S.E - [LQ5FRQOS]; 3/4 X 4"" FAS RIFT/QTR W/O S.E - [LQ4FRQOS]",4
FLEX SHOE PAINT GRAD,PAINT GRADE - 1/2 X 3/4 FLEX SHOE PAINT GRAD - [MOSL120P],1
FLUSH BRAZILIAN GOLD,BRAZILIAN GOLD - *FLUSH NOSING BRAZILIAN GOLD - [LALXFNOHG04],1
FLUSH COASTAL BREEZE,COASTAL BREEZE - FLUSH NOSING COASTAL BREEZE - [LALXFNOCS07],1
FLUSH COLONIAL BROWN,COLONIAL BROWN - FLUSH NOSING COLONIAL BROWN - [LALXFNOCS02],1
FLUSH GOLDEN HARVEST,FLUSH NOSING GOLDEN HARVEST - [LALXFNOME04],1
FLUSH ROYAL MAHOGANY,ROYAL MAHOGANY - *FLUSH NOSING ROYAL MAHOGANY - [LALXFNOHS01],1
FLUSH SIENNA CYPRESS,SIENNA CYPRESS - *FLUSH NOSING SIENNA CYPRESS - [LALXFNOHS04],1
FLUSH VINTAGE CHERRY,VINTAGE CHERRY - FLUSH NOSING VINTAGE CHERRY - [LALXFNOCS04],1
FLUSH WALNUT NATURAL,FLUSH NOSING WALNUT NATURAL - [LALXFNOHS08],1
FRENCH CONN ARMAGNAC,FRENCH CONN. NOSING ARMAGNAC - [GCNOFOF120]; FRENCH CONN. T-MOULD ARMAGNAC - [GCTMFOF120]; FRENCH CONN. REDUCER ARMAGNAC - [GCREFOF120]; FRENCH CONN. BASESHOE ARMAGNAC - [GCBSOH120],4
FRENCH CONN CANEWOOD,FRENCH CONN. BASESHOE CANEWOOD - [GCBSOH172],1
FRENCH CONN PROVENCE,FRENCH CONN. NOSING PROVENCE - [GCNOFO102]; FRENCH CONN. REDUCER PROVENCE - [GCREFO102]; FRENCH CONN. BASESHOE PROVENCE - [GCBSOH102],3
FRENCH CONN TOULOUSE,FRENCH CONN. BASESHOE TOULOUSE - [GCBSOH121],1
FRENCH CONNECTION II,HANDSET - FRENCH CONNECTION II - [GCKEYSET18],1
GAR FLUSH EVERGLADES,GAR.FLUSH NOSING EVERGLADES - [GCLAFNO7506],1
GC RACK BLANK HEADER,GC RACK BLANK HEADER BOARD - [GCRACK  B],1
GII BR CHERRY SEDONA,DISTRESSED - GII NOSING BR/CHERRY SEDONA - [GCNO7BN42],1
GII CHOCOLATE CHERRY,SAMPLE - GII CHOCOLATE CHERRY - [GNII5SBC24]; DISTRESSED - GII 7' NOSING CHOCOLATE CHERRY - [GCIINO7C24]; DISTRESSED - GII 8' NOSING CHOCOLATE CHERRY - [GCIINO8C24],3
GREEK ISLES SANTORIN,GREEK ISLES 8' NOSING SANTORIN - [GCGINO8O006]; GREEK ISLES 8' BABY-T SANTORIN - [GCGIBT8O006],2
HANDSET CANYON CREST,HANDSET - CANYON CREST - [GCKEYSET54],1
HANDSET CLICK BAMBOO,HANDSET-GARRISON CLICK BAMBOO - [GCKEYSET33],1
HANDSET ELEMENTS SPC,HANDSET - ELEMENTS SPC - [GCKEYSET55],1
HANDSET VILLA GIALLA,HANDSET - VILLA GIALLA - [GCKEYSET39],1
HANDSET WINE COUNTRY,HANDSET - WINE COUNTRY - [GCKEYSET15],1
HAWA BAMBOO VERTICAL,CARBONIZED - HAWA BAMBOO 6' VERTICAL - [HABA72VC]; NATURAL - HAWA BAMBOO 6' VERTICAL - [HABA72VN]; NATURAL - HAWA BAMBOO VERTICAL T-MOULD - [HATMBVN]; CARBONIZED - HAWA BAMBOO VERTICAL T-MOULD - [HATMBVC]; CARBONIZED - HAWA BAMBOO VERTICAL REDUCER - [HAREBVC]; NATURAL - HAWA BAMBOO VERTICAL REDUCER - [HAREBVN],6
HICK PECAN UNFIN M B,1/2 x 3 HICK/PECAN UNFIN. M.B - [GCUNH300],1
ILLUMIN END CAP BEAM,ILLUMIN8 END CAP BEAM - [GLILEC802],1
ILLUMIN END CAP DUSK,ILLUMIN8 END CAP DUSK - [GLILEC803],1
ILLUMIN FLUSH AURORA,ILLUMIN8 FLUSH NOSING AURORA - [GLILFNO801],1
ILLUMIN FLUSH LUSTER,ILLUMIN8 FLUSH NOSING LUSTER - [GLILFNO807],1
ILLUMIN MOLD GLIMMER,ILLUMIN8 T-MOLD GLIMMER - [GLILTM806],1
ILLUMIN TREAD AURORA,ILLUMIN8 TREAD AURORA - [GLILTR801],1
ILLUMIN TREAD LUSTER,ILLUMIN8 TREAD LUSTER - [GLILTR807],1
INSPIRED II BRADFORD,HICKORY - *TIME INSPIRED II BRADFORD - [GHTI2H5135]; HICKORY - TIME INSPIRED II BRADFORD    * - [GHTI2H357135],2
INSPIRED II KINGSTON,CHERRY - TIME INSPIRED II KINGSTON    * - [GHTI2C5137],1
LAMINATE BRAZ CHERRY,LAMINATE TMOLD BRAZ. CHERRY - [LATMHXM55]; LAMINATE T-MOULD BRAZ. CHERRY - [LATMETC12]; RED CHERRY - LAMINATE T-MOULD BRAZ/CHERRY - [LATMETHXM55TM],3
LAMINATE BRAZ WALNUT,LAMINATE 12.MM BRAZ. WALNUT - [LAHDPB144],1
LAMINATE BROWN ALDER,LAMINATE RED BROWN ALDER - [LACW873381]; LAMINATE TMOLD RED BROWN ALDER - [LATMCW873381],2
LAMINATE CLAS CHERRY,LAMINATE REDUCER CLAS. CHERRY - [LAREL8MECC],1
LAMINATE DARK RUSSET,*LAMINATE NOSING DARK RUSSET - [LALXNOME02]; *LAMINATE REDUCER DARK RUSSET - [LALXREME02]; *LAMINATE T-MOULD DARK RUSSET - [LALXTMME02],3
LAMINATE DARK WALNUT,LAMINATE DARK WALNUT DIST. - [LAED25235]; LAMINATE REDUCER DARK WALNUT - [LAREED25235]; 12MM SRC LAMINATE DARK WALNUT - [LASRCDW143]; LAMINATE BABY-T DARK WALNUT - [LABTED25235],4
LAMINATE DEEP WALNUT,SNGL STRIP - LAMINATE 8MM DEEP WALNUT - [LAL8CVDW]; LAMINATE BABY-T DEEP WALNUT - [LABTL8CVDW]; LAMINATE NOSING DEEP WALNUT - [LANOL8CVDW]; LAMINATE REDUCER DEEP WALNUT - [LAREL8CVDW],4
LAMINATE EXOTIC COLL,ROSEWOOD - LAMINATE 12.3MM EXOTIC COLL. - [LAHXM30]; B. CHERRY - LAMINATE 12.3MM EXOTIC COLL. - [LAHXM55],2
LAMINATE HICK GOLDEN,LAMINATE REDUCER HICK GOLDEN - [LARECWD7933]; LAMINATE NOSING HICK GOLDEN - [LANOCWD7933]; LAMINATE BABY-T HICK GOLDEN - [LABTCWD7933],3
LAMINATE IOWA WALNUT,LAMINATE IOWA WALNUT - [LACW87329]; LAMINATE REDUCER IOWA WALNUT - [LARECW87329]; LAMINATE NOSING IOWA WALNUT - [LANOCW87329]; LAMINATE BABY-T IOWA WALNUT - [LABTCW87329],4
LAMINATE MOLD AUTUMN,LAMINATE T-MOLD MAPLE AUTUMN - [LATML8MEAM],1
LAMINATE MOLD CHERRY,CHERRY - LAMINATE T-MOLD CHERRY - [LATMETSRCCH143],1
LAMINATE MOLD COFFEE,LAMINATE T-MOLD COFFEE MAPLE - [LATMVG1020],1
LAMINATE MOLD ESPRES,LAMINATE T-MOLD HICKORY ESPRES - [LATML12NDHE],1
LAMINATE MOLD GOLDEN,GOLDEN OAK - LAMINATE T-MOLD GOLDEN OAK - [LATMED811],1
LAMINATE MOLD RUSTIC,LAMINATE T-MOLD RUSTIC OAK - [LATMCWD7832],1
LAMINATE MOLD WALNUT,RED WALNUT - LAMINATE T-MOLD RED WALNUT - [LATMCW7104],1
LAMINATE NATURAL WAL,LAMINATE REDUCER NATURAL WAL. - [LALXREHS08]; LAMINATE T-MOULD NATURAL WAL - [LALXTMHS08],2
LAMINATE OLIVE BROWN,DISTRESSED - LAMINATE 12MM OLIVE BROWN - [LAL12NDOB]; LAMINATE BABY-T OLIVE BROWN - [LABTL12NDOB]; LAMINATE NOSING OLIVE BROWN - [LANO12NDOB]; LAMINATE REDUCER OLIVE BROWN - [LAREL12NDOB],4
LAMINATE QTR ANTIQUE,LAMINATE QTR ANTIQUE OAK - [LAQRXM32],1
LAMINATE QTR BERMUDA,LAMINATE QTR BERMUDA - [LALXQRHS09],1
LAMINATE QTR CLASSIC,LAMINATE QTR CLASSIC MAPLE - [LALXQRCS03],1
LAMINATE QTR JAMAICA,*LAMINATE QTR JAMAICA - [LALXQRHS11],1
LAMINATE QTR NATURAL,LAMINATE QTR RED OAK NATURAL - [LAQRCW511]; LAMINATE QTR MAPLE NATURAL - [LALXQRCS08],2
LAMINATE QTR VANDAGE,*LAMINATE QTR VANDAGE - [LALXQRRH09],1
LAMINATE QTR VINTAGE,LAMINATE QTR VINTAGE WHITE - [LALXQRHG05],1
LAMINATE RACK PURPLE,LUXURY LAMINATE RACK - PURPLE - [GCRACK10]; GARRISON LAMINATE RACK-PURPLE - [GCRACK11],2
LAMINATE RICH ACACIA,HI DEF - LAMINATE 12MM RICH ACACIA - [LAL12HDRA]; LAMINATE BABY-T RICH ACACIA - [LABTL12HDRA]; LAMINATE REDUCER RICH ACACIA - [LAREL12HDRA],3
LAMINATE RICH WALNUT,LAMINATE NOSING RICH WALNUT - [LALXNOCS05]; LAMINATE REDUCER RICH WALNUT - [LALXRECS05]; LAMINATE T-MOULD RICH WALNUT - [LALXTMCS05],3
LAMINATE SAND NUTMEG,LAMINATE REDUCER SAND NUTMEG - [LALXRESS01]; LAMINATE T-MOULD SAND NUTMEG - [LALXTMSS01]; LAMINATE NOSING SAND NUTMEG - [LALXNOSS01],3
LAMINATE TREAD IBIZA,*LAMINATE TREAD IBIZA - [LALXTRSS04],1
LEGENDS B WALNUT NAT,LEGENDS B.T-HOLD 8' WALNUT NAT - [GCLEBT8W7501],1
LEGENDS TREAD WALNUT,LEGENDS TREAD WALNUT - [GCTRLEW],1
LENGTH SPECIAL ORDER,LONG LENGTH SPECIAL ORDER - [L345FWM]; LONG LENGTH SPECIAL ORDER - [LLSO],2
LOOSE LAY VINYL ALBA,*LOOSE LAY VINYL ALBA - [GVLL200],1
LUXURY ACACIA BRONZE,SAMPLE - LUXURY ACACIA BRONZE - [LALXSBME01],1
LUXURY CANTER WALNUT,SAMPLE - LUXURY CANTER.WALNUT - [LALXSBRH04],1
LUXURY COLONIAL BRWN,SAMPLE - LUXURY COLONIAL BRWN - [LALXSBCS02],1
LUXURY DELUXE COPPER,SAMPLE - LUXURY DELUXE COPPER - [LALXSBMP01],1
LUXURY GOLDEN AUBURN,SAMPLE - LUXURY GOLDEN AUBURN - [LALXSBHG01],1
LUXURY SIERRA WALNUT,SAMPLE - LUXURY SIERRA WALNUT - [LALXSBRH01],1
LUXURY VINYL ANTIQUE,DEEP EMBOSSED - LUXURY VINYL ANTIQUE OAK - [GVLX008],1
LUXURY VINYL CYPRESS,D. EMBOSSE - LUXURY VINYL CYPRESS - [GVLX001],1
MEGACLIC END CAP FOX,MEGACLIC END CAP FOX - [LAMCECAS3216],1
MEGACLIC MOLD DAWSON,MEGACLIC T-MOLD DAWSON - [LAMCTMDN8713],1
MEGACLIC MOLD MILTON,MEGACLIC T-MOLD MILTON - [LAMCTMAS3213],1
MEGACLIC MOLD OXFORD,MEGACLIC T-MOLD OXFORD - [LAMCTMDN8701],1
MEGACLIC MOLD OYSTER,MEGACLIC T-MOLD OYSTER - [LAMCTMDN8703],1
MEGACLIC MOLD PRINCE,MEGACLIC T-MOLD PRINCE - [LAMCTMDN8710],1
MEGACLIC MORNING DEW,MEGACLIC NOSING MORNING DEW - [LAMCFNOCT3303]; MEGACLIC REDUCER MORNING DEW - [LAMCRECT3303],2
MOLD SANTOS MAHOGANY,NATURAL - MAX W. T-MOLD SANTOS MAHOGANY - [MWTM88],1
MOUNT LAMINATE EBONY,MOUNT LAMINATE EBONY - [MTGVL704],1
MW B SANTOS MAHOGANY,NATURAL - MW B-THRESHOLD SANTOS MAHOGANY - [MWBT88],1
NATURESTEP DRIFTWOOD,WATERFALL - PANEL - NATURESTEP DRIFTWOOD - [GCSBNS801-2323]; TREAD - NATURESTEP DRIFTWOOD - [GVNSTR801],2
NATURESTEP SANDSTONE,WATERFALL - PANEL - NATURESTEP SANDSTONE - [GCSBNS806-2323]; TREAD - NATURESTEP SANDSTONE - [GVNSTR806],2
NEWPORT LAGUNA BEACH,WATERFALL - PANEL - NEWPORT LAGUNA BEACH - [GCSBN210-2228]; NEWPORT BASESHOE LAGUNA BEACH - [GCNPBSOH210]; OAK - NEWPORT 8' NOSING LAGUNA BEACH - [GCNPNO8O210]; OAK - NEWPORT 8'REDUCER LAGUNA BEACH - [GCNPRE8O210]; OAK - NEWPORT 8'T-MOULD LAGUNA BEACH - [GCNPTM8O210]; WATERFALL - PANEL - NEWPORT LAGUNA BEACH - [GCSBNP210-2228],6
NEWPORT PARADISE COV,OAK - NEWPORT 8' NOSING PARADISE COV - [GCNPNO8O212],1
NEWPORT PEBBLE BEACH,NEWPORT BASESHOE PEBBLE BEACH - [GCNPBSOH206]; OAK - NEWPORT 7' NOSING PEBBLE BEACH - [GCNPNO7O206]; OAK - NEWPORT 8' NOSING PEBBLE BEACH - [GCNPNO8O206]; WATERFALL - PANEL - NEWPORT PEBBLE BEACH - [GCSBN206-2228]; WATERFALL - PANEL - NEWPORT PEBBLE BEACH - [GCSBNP206-2228],5
NYTAE CHERRY BLOSSOM,NYTAE CHERRY BLOSSOM - [NTNCS08]; NYTAE T-MOULD CHERRY BLOSSOM - [NTTMC08],2
NYTAE PACIFIC CHERRY,NYTAE PACIFIC CHERRY - [NT302C],1
NYTAE PICASSO WALNUT,NYTAE PICASSO WALNUT - [NT401SC]; NYTAE NOSING PICASSO WALNUT - [NT401SCNO]; NYTAE PICASSO WALNUT REDUCER - [NT401SCRE],3
OMNI BAMBOO VERTICAL,"CARBONIZED - OMNI BAMBOO 36"" VERTICAL - [UWBA36VC]; NATURAL - OMNI BAMBOO 36"" VERTICAL - [UWBA36VN]",2
ORDER ROYAL MAHOGANY,SPECIAL ORDER ROYAL MAHOGANY - [LQSORM],1
OSHKOSH BRENTON COVE,PREFINISH - OSHKOSH BRENTON COVE - [OK305PF]; UNFINISH - OSHKOSH BRENTON COVE - [OK305U],2
OSHKOSH CUSTOM ORDER,OSHKOSH CUSTOM ORDER - [OKSO],1
P CHERRY WILD CHERRY,"GII DIST - P. CHERRY 5"" WILD CHERRY - [GNIIC533]",1
PARADISE VALLEY GREY,GREY CHERRY - PARADISE VALLEY REDUCER GREY - [LAPVREC01],1
PARADISE VALLEY MOLD,WHITE CHERRY - PARADISE VALLEY T-MOLD WHITE - [LAPVTMC02]; OAK - PARADISE VALLEY T-MOLD OAK - [LAPVTMO701],2
PARADISE VALLEY NEON,NEON OAK - PARADISE VALLEY REDUCER NEON - [LAPVREO01]; NEON OAK - PANEL-PARADISE VALLEY NEON OAK - [GCSBPVO01-1924],2
PARQUET FOUNTAINBLUE,GARRISON PARQUET FOUNTAINBLUE - [GCPAFOUNTAIN],1
PREM W O S E CALCORE,CONTRACTORS CHOICE - 5/8 X 5 PREM. W/O S.E CALCORE - [GFCOO5PSSB]; CONTRACTORS CHOICE - 5/8 X 7 PREM. W/O S.E CALCORE - [GFCOO7PSSB],2
PREMIUM W O S E 2.25,CONTRACTOR'S CHOICE - 5/8 X 2-1/4 PREMIUM W/O S.E - [GFCOO214PS],1
PREMIUM W O S E 3.25,CONTRACTOR'S CHOICE - 5/8 X 3 1/4 PREMIUM W/O S.E - [GFCOO314PS],1
QTR CHOCOLATE WALNUT,LAMINATE QTR CHOCOLATE WALNUT - [LALXQRHS07],1
QTR COLUMBIAN WALNUT,LAMINATE QTR COLUMBIAN WALNUT - [LAQRCW212],1
QTR JAMESTOWN AUTUMN,LAMINATE QTR JAMESTOWN AUTUMN - [LAQRCWL90183],1
QTR ROUND EVERGLADES,GARRISON QTR.ROUND EVERGLADES - [GCLAQR7506],1
QTR ROUND HORIZONTAL,NATURAL - BAMBOO QTR ROUND HORIZONTAL - [BAQRBHN],1
QTR ROUND MYSTIC ASH,AQUA BLUE BY GARRISON - QTR. ROUND - MYSTIC ASH - [GVWPCQR104],1
QTR ROUND SAN MARINO,AQUA BLUE BY GARRISON - QTR. ROUND - SAN MARINO OAK - [GVWPCQR109],1
QTR ROUND SANDALWOOD,NATURESTEP - QTR.ROUND - SANDALWOOD - [GVNSQR805],1
QTR ROUND SILVERLEAF,NATURESTEP - QTR.ROUND - SILVERLEAF - [GVNSQR807],1
QTR ROUND SUN KISSED,AQUA BLUE II BY GARRISON - QTR. ROUND - SUN-KISSED - [GVWPCIIQR903],1
QUARTER ROUND APOLLO,MYTHOLOGY - QUARTER ROUND - APOLLO - [GVGAQR702],1
QUARTER ROUND ATHENA,MYTHOLOGY - QUARTER ROUND - ATHENA - [GVGAQR703],1
QUARTER ROUND AURORA,ILLUMIN8 QUARTER ROUND AURORA - [GLILQR801],1
QUARTER ROUND BASTIA,LAMINATE - *GARRISON QUARTER ROUND BASTIA - [GCLAQR009],1
QUARTER ROUND DAHLIA,SECRET GARDEN SPC - QUARTER ROUND - DAHLIA - [GVSGQR702],1
QUARTER ROUND GEMINI,ZODIAC WSPC - QUARTER ROUND - GEMINI - [GVZOQR7504],1
QUARTER ROUND LUSTER,ILLUMIN8 QUARTER ROUND LUSTER - [GLILQR807],1
QUARTER ROUND NANTER,LAMINATE - *GARRISON QUARTER ROUND NANTER - [GCLAQR005],1
QUARTER ROUND ORCHID,SECRET GARDEN SPC - QUARTER ROUND - ORCHID - [GVSGQR708],1
QUARTER ROUND PISCES,ZODIAC WSPC - QUARTER ROUND - PISCES - [GVZOQR7507],1
QUARTER ROUND PRINCE,MEGACLIC QUARTER ROUND PRINCE - [LAMCQRDN8710],1
QUARTER ROUND TAURUS,ZODIAC WSPC - QUARTER ROUND - TAURUS - [GVZOQR7509],1
QUARTER ROUND VESOUL,LAMINATE - *GARRISON QUARTER ROUND VESOUL - [GCLAQR003],1
QUARTZ SPECIAL ORDER,QUARTZ - SPECIAL ORDER - [QTZ999],1
RANDOM WIDTH CARRERA,DAVINCI - *WALNUT RANDOM WIDTH CARRERA - [GNDVW23563],1
REDCUER CANYON LANDS,GARRISON REDCUER CANYON LANDS - [GCLARE7504],1
RIDGE WALNUT NATURAL,DESIGNER SAMPLE - DS - RIDGE WALNUT NATURAL - [GWC-DSRIW103]; SAMPLE BOARD - SB - RIDGE WALNUT NATURAL - [GWC-SBRIW103],2
SB PALM WALNUT PEARL,SAMPLE BOARD - SB - PALM WALNUT PEARL - [GWC-SBPAW104],1
SB RIDGE WALNUT JAVA,SAMPLE BOARD - SB - RIDGE WALNUT JAVA - [GWC-SBRIW101],1
SB RIDGE WALNUT MINK,SAMPLE BOARD - SB - RIDGE WALNUT MINK - [GWC-SBRIW102],1
SB TIDE WALNUT PEARL,SAMPLE BOARD - SB - TIDE WALNUT PEARL - [GWC-SBTIW104],1
SECRET GARDEN DAHLIA,"DAHLIA - PANEL-SECRET GARDEN DAHLIA 9"" - [GCSBSG902-2724]",1
SECRET GARDEN ORCHID,"ORCHID - PANEL-SECRET GARDEN ORCHID 9"" - [GCSBSG908-2724]",1
SEL SAN MAHOGANY S E,UNFIN - 3/4 X 5 SEL.SAN.MAHOGANY S.E - [RQ5SSM],1
SET CAROLINA CLASSIC,SAMPLE SET - CAROLINA CLASSIC - [GCSAMPLES04],1
SET METROPOLITAN SPC,WATERFALL ORIGINAL - SAMPLE SET - METROPOLITAN SPC - [GCSASET48]; WATERFALL ORIGINAL - SAMPLE SET - METROPOLITAN SPC - [GCSETMP-2323],2
SET TIME INSPIRED II,SAMPLE SET - TIME INSPIRED II - [GCSAMPLES09]; WATERFALL ORIGINAL - SAMPLE SET - TIME INSPIRED II - [GCSASET11],2
SHEOGA DISPLAY TOWER,SHEOGA 10 PANEL DISPLAY TOWER - [PFSHSA01],1
SHEOGA KIT PREFINISH,SHEOGA SAMPLE KIT - PREFINISH - [PFSHSA04],1
SHEOGA SPECIAL ORDER,SHEOGA SPECIAL ORDER (SF) - [PFSHSOSF]; SHEOGA SPECIAL ORDER (EA) - [PFSHSOEA]; SHEOGA SPECIAL ORDER (LF) - [PFSHSOLF],3
SILVERLINE CHAMPAGNE,DISTRESSED - SILVERLINE NOSING CHAMPAGNE - [GCNO7BIH128]; BIRCH - SILVERLINE REDUCER CHAMPAGNE - [GCRE7BIH128]; SILVERLINE T-MOULD CHAMPAGNE - [GCTM7BIF128],3
SM DAPPLE GR CALCORE,"GII SMOOTH - MAPLE 5"" SM.DAPPLE GR. CALCORE - [GNSSM5195SB]",1
SP ORDER AMER CHERRY,EA - SP.ORDER MOULDING AMER.CHERRY - [MOSOCEA],1
SPEC ORDER PAINT GRD,PAINT GRD. - SPEC.ORDER MOULDING PAINT GRD. - [MOSOPGLF],1
SPEC ORDER WALNUT EA,SPEC.ORDER MOULDING WALNUT EA - [MOSOWEA],1
SPEC ORDER WALNUT LF,SPEC.ORDER MOULDING WALNUT LF - [MOSOWLF],1
SPECIAL ORDER ASH LL,"UNFIN - 1/2"" SPECIAL ORDER ASH LL - [LHSOASH]; SPECIAL ORDER ASH LL - [LQSOA]",2
SPECIAL ORDER CASING,RED OAK - SPECIAL ORDER CASING - [MOCASOR]; MDF - SPECIAL ORDER CASING - [MOCASOMD],2
SPECIAL ORDER IPE LL,SPECIAL ORDER IPE LL - [LQSOIPE]; SPECIAL ORDER IPE LL - [LQSOIPEDECK],2
SPECIAL ORDER MDF EA,SPECIAL ORDER MDF MOULDING EA - [MOSOMDEA],1
SPECIAL ORDER WALNUT,"1/2"" SPECIAL ORDER WALNUT - [RHSOW]",1
SUMMIT SKY HIMALAYAS,WATERFALL ORIGINAL - PANEL-SUMMIT SKY HB HIMALAYAS - [GCSBSSPH503-2228]; WATERFALL ORIGINAL - PANEL-SUMMIT SKY HB HIMALAYAS - [GCSBSSPH503-2424],2
TI CHERRY WINCHESTER,TI2 NOSING CHERRY WINCHESTER - [GCNO7CH139],1
TREAD COASTAL BREEZE,COASTAL BREEZE - LAMINATE TREAD COASTAL BREEZE - [LALXTRCS07],1
TREAD WALNUT NATURAL,LAMINATE TREAD WALNUT NATURAL - [LALXTRHS08],1
VALLEY TREAD RUSSIAN,RUSSIAN BLACK OAK - PARADISE VALLEY TREAD RUSSIAN - [LAPVTRO02],1
VILLA GIALLA BRESCIA,WATERFALL - PANEL - VILLA GIALLA BRESCIA - [GCSBVG902-2828],1
VILLA GIALLA CATANIA,WATERFALL - PANEL - VILLA GIALLA CATANIA - [GCSBVG903-2828],1
VILLA GIALLA LIVORNO,VILLA GIALLA BASESHOE LIVORNO - [GCVGBSO05]; WATERFALL - PANEL - VILLA GIALLA LIVORNO - [GCSBVG905-2828],2
VILLA GIALLA ROMANTQ,WATERFALL - PANEL - VILLA GIALLA ROMANTQ. - [GCSBVG910-2828],1
W O NATURAL M CALCOR,"CRYSTAL VALLEY - W/O ENG 5"" NATURAL 2.2M CALCOR - [GHCVO538SB]",1
W O PR WHEAT CALCORE,"CRYSTAL VALLEY - W/O ENG 5"" PR.WHEAT CALCORE - [GHCVO568SB]",1
WALNUT BLDGR NATURAL,"CRYSTAL V - WALNUT SOLID BLDGR 4"" NATURAL - [GQCVWB438]",1
WALNUT QUARTER ROUND,3/4 x 3/4 WALNUT QUARTER ROUND - [MOQW34M],1
WALNUT VENEER SHEETS,WALNUT - WALNUT VENEER SHEETS 4X8 - [MOVESW],1
WALNUT WEATHERED PLY,"NOUVELLE - *WALNUT 7.5"" WEATHERED 2 PLY - [GFNVW75122P]",1
WANDERLUXE BARCELONA,WANDERLUXE BASESHOE BARCELONA - [GCWLBSO03]; WANDERLUXE 8' BABY T BARCELONA - [GCWLBT8O03]; WANDERLUXE 8' NOSING BARCELONA - [GCWLNO8O03]; WANDERLUXE 8'REDUCER BARCELONA - [GCWLRE8O03]; WANDERLUXE 8'T-MOULD BARCELONA - [GCWLTM8O03],5
WILD PECAN UNFIN M B,1/2 x 7 WILD PECAN UNFIN. M.B - [GCUNP700],1
7.5 MANHATTAN BEACH,"NEWPORT - EURO OAK 7.5"" MANHATTAN BEACH - [GHNPO211]",1
ACACIA BLACK WALNUT,"EXOTICS - 1/2 X 5 ACACIA BLACK WALNUT - [GHEXA516]; DISTRESS - 1/2 X 5 ACACIA BLACK WALNUT - [GHEXA516]; DISTRESS - 1/2 X 7.5""ACACIA BLACK WALNUT - [GHEXA7516]",3
ALLORA SELLA SELECT,"PANEL- ALLORA 7.5""SELLA SELECT - [GCSBAL7505S-2228]; PANEL-ALLORA 9.5"" SELLA SELECT - [GCSBAL9505S-2228]",2
APPALACHIAN SIG W O,APPALACHIAN - SIG. W/O+HICKORY - [GCKEYSET901],1
BAMBOO BASE SHOE NA,1/2 X 3/4 BAMBOO BASE SHOE  NA - [UWBSBVN],1
BAMBOO TIGER STRAND,NATURAL - BAMBOO TIGER STRAND NOSING - [BANOBTSN]; NATURAL - BAMBOO TIGER STRAND REDUCER - [BAREBTSN],2
BAMBOO VERT NAT UNF,UNFINISHED - BAMBOO NOSING VERT. NAT UNF. - [BANO58VNU],1
BAMBOO VERT NATURAL,BAMBOO T-MOULD VERT/NATURAL - [BATMBVN],1
BAMBOO VERTICAL NAT,"UNFINISHED - BAMBOO 5/8X5X72"" VERTICAL NAT. - [BA725VUN]",1
BASE SHOE NEWCASTLE,"1/2"" BASE SHOE NEWCASTLE - [GCBSWH134]",1
BEJORK COL LAMINATE,GOLDEN OAK - BEJORK COL. LAMINATE DIST.12MM - [SFHXM67],1
BELLAGIO PREF RISER,BELLAGIO PREF.RISER - [GCRICBL],1
BELLAGIO UNFINISHED,BELLAGIO NOSING 8' UNFINISHED - [GCBLNO8O00],1
BELLISSIMO CASTELLO,BELLISSIMO 8' NOSING CASTELLO - [GCBENO8H101]; BELLISSIMO 8' T-MOULD CASTELLO - [GCBETM8H101]; BELLISSIMO 8' BABY-T CASTELLO - [GCBEBT8H101]; BELLISSIMO 8' REDUCER CASTELLO - [GCBERE8H101]; BELLISSIMO 7' BABY-T CASTELLO - [GCBEBT7H101]; BELLISSIMO 7' NOSING CASTELLO - [GCBENO7H101]; BELLISSIMO 7' REDUCER CASTELLO - [GCBERE7H101]; BELLISSIMO 7' T-MOULD CASTELLO - [GCBETM7H101]; BELLISSIMO BASESHOE CASTELLO - [GCBEBSM101],9
BELLISSIMO MACCHIAT,BELLISSIMO 8' T-MOULD MACCHIAT - [GCBETM8M202]; BELLISSIMO 8' REDUCER MACCHIAT - [GCBERE8M202]; BELLISSIMO 7' REDUCER MACCHIAT - [GCBERE7M202]; BELLISSIMO 7' T-MOULD MACCHIAT - [GCBETM7M202],4
BEVERLY HILLS TREAD,BEVERLY HILLS TREAD - [GCTRBH],1
BRAZ CHERRY F STRIP,3/4 X 3/4 BRAZ. CHERRY F-STRIP - [MOFS3434B],1
BRAZ CHERRY NATURAL,"TIME INSPR - BRAZ. CHERRY 5"" NATURAL - [GCTIB538]; SOLID EXOTICS - 3/4 X 5"" BRAZ/CHERRY NATURAL - [PFQCB538]",2
BRAZ WALNUT NATURAL,"SOLID EXOTICS - 3/4 X 5"" BRAZ/WALNUT NATURAL - [PFQCBW538]",1
BRENTO COVE CORNERS,PREFINISH - OSHKOSH BRENTO COVE CORNERS - [OK175C],1
C CHOICE WALNUT OMP,"WATERFALL - PANEL - C.CHOICE WALNUT 5""*OMP - [GCSBCOW5PS-2528]",1
C CLASSIC ALLENDALE,C.CLASSIC T-MOULD ALLENDALE - [GCTMOF96]; OAK - C.CLASSIC NOSING ALLENDALE - [GCNO7OH96]; OAK - C.CLASSIC T-MOULD ALLENDALE - [GCTM7OF96]; C.CLASSIC REDUCER ALLENDALE - [GCRE7OH96],4
C CLASSIC WIMILGTON,C.CLASSIC REDUCER WIMILGTON - [GCRE7WH101],1
C HICK PECAN M B LL,UNFIN - 3/4 X 3 #1C HICK/PECAN M.B LL - [LQ31HM]; UNFIN - 3/4 X 5 #1C HICK/PECAN M.B LL - [LQ51HM]; UNFIN - 3/4 X 7 #1C HICK/PECAN M.B LL - [LQ71HM]; UNFIN - 3/4 X 6 #1C HICK/PECAN M.B LL - [LQ61HM]; UNFIN - 3/4 X 9 #1C HICK/PECAN M.B LL - [LQ91HM]; UNFIN - 3/4 X 4 #1C HICK/PECAN M.B LL - [LQ41HM]; UNFIN - 3/4 X 5 #2C HICK/PECAN M.B LL - [LQ52HM],7
C HICK PECAN S E LL,UNFIN - 4 X 6 #1C HICK/PECAN S.E LL - [LQ61HS]; UNFIN - 3/4 X 8 #1C HICK/PECAN S.E LL - [LQ81HS]; UNFIN - 3/4 X 7 #1C HICK/PECAN S.E LL - [LQ71HS]; UNFIN - 3/4 X 3 #1C HICK/PECAN S.E LL - [LQ31HS]; UNFIN - 3/4 X 5 #1C HICK/PECAN S.E LL - [LQ51HS]; UNFIN - 3/4 X 6 #2C HICK/PECAN S.E LL - [LQ62HS]; UNFIN - 3/4 X 8 #2C HICK/PECAN S.E LL - [LQ82HS],7
C SIDE BEACH BLONDE,C.SIDE 8' NOSING BEACH BLONDE - [GCCSNO8O01]; C.SIDE 8' BABY-T BEACH BLONDE - [GCCSBT8O01],2
CANTINA ACAPULCO BA,WALNUT - CANTINA 7' T-MOULD ACAPULCO BA - [GCCATM7W301]; WALNUT - CANTINA 8' T-MOULD ACAPULCO BA - [GCCATM8W301]; WALNUT - CANTINA 7' REDUCER ACAPULCO BA - [GCCARE7W301]; WALNUT - CANTINA 8' REDUCER ACAPULCO BA - [GCCARE8W301],4
CANTINA COSTA DE SO,HICKORY - CANTINA 7' T-MOULD COSTA DE SO - [GCCATM7H102]; HICKORY - CANTINA 8' T-MOULD COSTA DE SO - [GCCATM8H102]; HICKORY - CANTINA 7' REDUCER COSTA DE SO - [GCCARE7H102]; HICKORY - CANTINA 8' REDUCER COSTA DE SO - [GCCARE8H102],4
CANTINA SPAN COFFEE,HICKORY - CANTINA 7' T-MOULD SPAN.COFFEE - [GCCATM7H103]; HICKORY - CANTINA 8' T-MOULD SPAN.COFFEE - [GCCATM8H103]; HICKORY - CANTINA 7' REDUCER SPAN.COFFEE - [GCCARE7H103]; HICKORY - CANTINA 8' REDUCER SPAN.COFFEE - [GCCARE8H103]; HICKORY - CANTINA 7' NOSING SPAN. COFFEE - [GCCANO7H103]; HICKORY - CANTINA 8' NOSING SPAN. COFFEE - [GCCANO8H103],6
CAP COFFEE LAMINATE,END CAP COFFEE MAPLE LAMINATE - [LAECVG1040],1
CAP SANTOS MAHOGANY,NATURAL - OASIS END CAP SANTOS MAHOGANY - [OAECSM],1
CAP WINDSWEPT SANDS,AQUA BLUE II BY GARRISON - END CAP - WINDSWEPT SANDS - [GVWPCIIEC904],1
CAROLINA C BEAUFORT,WIRE RACK - PANEL - CAROLINA C. BEAUFORT - [GCSBCCH588-1724],1
CAROLINA CL CLEMSON,OAK - SAMPLE - CAROLINA CL. CLEMSON - [GHCC5OSB97],1
CAROLINA CL RALEIGH,MAPLE - SAMPLE - CAROLINA CL. RALEIGH - [GHCC5MSB94],1
CAROLINA CL WINSTON,HICKORY - SAMPLE - CAROLINA CL. WINSTON - [GHCC5HSB91],1
CHARC SMOKED WALNUT,KASTEEL - 5/8 X 7 CHARC. SMOKED WALNUT - [NOF7CWK],1
CHATEAU CAPRI TREAD,CHATEAU CAPRI TREAD - [GCTRCHCA],1
CHERRY BUTTERSCOTCH,"TIME INSPR - CHERRY 5"" BUTTERSCOTCH - [GCTIC503]",1
CHERRY ROUGH LUMBER,5/4 CHERRY #1 ROUGH LUMBER - [LUC154],1
CHERRY VENEER STRIP,BRAZ/CHERR - BRAZ. CHERRY VENEER STRIP - [MOVE734SB],1
CLICK STRAND BAMBOO,CARB/LIGHT - GARRISON CLICK STRAND BAMBOO - [GFBACL5SCL]; CARB/DARK - GARRISON CLICK STRAND BAMBOO - [GFBACL5SCD]; NAT/LIGHT - GARRISON CLICK STRAND BAMBOO - [GFBACL5SNL]; NAT/DARK - GARRISON CLICK STRAND BAMBOO - [GFBACL5SND]; CARB/DARK - GARRISON CLICK STRAND BAMBOO - [GNBACL5SCD]; CARB/LIGHT - GARRISON CLICK STRAND BAMBOO - [GNBACL5SCL]; NAT/DARK - GARRISON CLICK STRAND BAMBOO - [GNBACL5SND]; NATURAL L - GARRISON CLICK STRAND BAMBOO - [GNBACL5SNL],8
CLIFFSIDE COOL MIST,CLIFFSIDE 8' NOSING COOL MIST - [GCCSNO8O02],1
CLIFFSIDE SEA GLASS,"CLIFFSIDE 8' NOSING SEA GLASS - [GCCSNO8O03]; 22.5"" X 28"" - PANNEL-CLIFFSIDE SEA GLASS - [GCSBCS7503-2228]",2
CLIFFSIDE WARM SAND,CLIFFSIDE 8' NOSING WARM SAND - [GCCSNO8O07]; CLIFFSIDE 8' NOSING WARM SAND - [GCCSNO8O10],2
CLOVER WALNUT PEARL,DESIGNER SAMPLE - DS - CLOVER WALNUT PEARL - [GWC-DSCLW104]; SAMPLE BOARD - SB - CLOVER WALNUT PEARL - [GWC-SBCLW104],2
COMP BUSTER ANTIQUE,SAMPLE - COMP.BUSTER ANTIQUE - [ETCB5SBH23],1
COMP BUSTER HARVEST,SAMPLE - COMP.BUSTER HARVEST - [ETCB5SBBI17]; COMP.BUSTER BASESHOE HARVEST - [GCBSBIH17],2
COMP BUSTER TRUFFLE,SAMPLE - COMP.BUSTER TRUFFLE - [ETCB5SBBI144]; WATERFALL - PANEL - COMP. BUSTER TRUFFLE - [GCSBCBB5144-1724],2
COMP BUSTER VINTAGE,HICKORY - COMP.BUSTER NOSING VINTAGE - [GCNO7HT141]; HICKORY - COMP. BUSTER T-MOULD VINTAGE - [GCTM7HF141]; SAMPLE - COMP.BUSTER VINTAGE - [ETCB5SBH141]; WATERFALL - PANEL - COMP. BUSTER VINTAGE - [GCSBCBH5141-1724],4
CONTRACTOR S CHOICE,HANDSET - CONTRACTOR'S CHOICE - [GCKEYSET16],1
CRY VAL CHOC CHERRY,CRY.VAL T-MOULD CHOC.CHERRY - [GCTM7OF55],1
CRY VAL W O NATURAL,CRY. VAL T-MOULD W/O NATURAL - [GCTMOF38]; CRY.VAL 7' T-MOULD W/O NATURAL - [GCCVTM7O38]; CRY.VAL 8' T-MOULD W/O NATURAL - [GCCVTM8O38],3
CUMARU ROUGH LUMBER,5/4 # 1 CUMARU ROUGH LUMBER - [LUCU154],1
CUSTOM TREAD WALNUT,CUSTOM TREAD WALNUT (LF) - [MOTRSOWLF]; CUSTOM TREAD WALNUT (EA) - [MOTRSOWEA],2
CW BAMBOO B END CAP,HORIZ/CARB - CW BAMBOO B.T-HOLD/END CAP 6' - [CWBTBHC],1
CYN CREST MILLCREEK,CYN.CREST BASESHOE MILLCREEK - [GCCYBSO07]; CYN.CREST 8' NOSING MILLCREEK - [GCCYNO8O07]; CYN.CREST 8' REDUCER MILLCREEK - [GCCYRE8O07]; CYN.CREST 8' T-MOULD MILLCREEK - [GCCYTM8O07],4
DA VINCI NESSO HERR,WATERFALL - PANEL - DA VINCI NESSO HERR. - [GCSBDVPH507-2228],1
DA VINCI UNFINISHED,DA VINCI NOSING 8' UNFINISHED - [GCDVNO8O00],1
DIAMOND WALNUT JAVA,DESIGNER SAMPLE - DS - DIAMOND WALNUT JAVA - [GWC-DSDIW101]; SAMPLE BOARD - SB - DIAMOND WALNUT JAVA - [GWC-SBDIW101],2
DIAMOND WALNUT MINK,DESIGNER SAMPLE - DS - DIAMOND WALNUT MINK - [GWC-DSDIW102]; SAMPLE BOARD - SB - DIAMOND WALNUT MINK - [GWC-SBDIW102],2
DIAMOND WALNUT PEAR,SAMPLE BOARD - SB - DIAMOND WALNUT PEAR - [GWC-SBDIW104],1
DISCON EXOTICS TEAK,NATURAL - DISCON. EXOTICS 3-5/8 TEAK - [GNEXTE35838]; NATURAL - DISCON. EXOTICS 3-9/16 TEAK - [GNEXTE391638],2
DOWN VINYL CRESTONE,*GLUE DOWN VINYL CRESTONE - [GVGD103],1
DS PALM WALNUT JAVA,DESIGNER SAMPLE - DS - PALM WALNUT JAVA - [GWC-DSPAW101],1
DS PALM WALNUT MINK,DESIGNER SAMPLE - DS - PALM WALNUT MINK - [GWC-DSPAW102],1
DS TIDE WALNUT JAVA,DESIGNER SAMPLE - DS - TIDE WALNUT JAVA - [GWC-DSTIW101],1
DS TIDE WALNUT MINK,DESIGNER SAMPLE - DS - TIDE WALNUT MINK - [GWC-DSTIW102],1
ECO STRAND BISCAYNE,BURGUNDY - ECO STRAND BISCAYNE - [AWDESBI42],1
ELEGANCE AFR WALNUT,ELEGANCE REDUCER AFR. WALNUT - [YHS9801],1
ELEGANCE CHERRYWOOD,NATURAL - ELEGANCE REDUCER CHERRYWOOD - [YHRESEW0012],1
END CAP CRATER LAKE,GARRISON END CAP CRATER LAKE - [GCLAEC7505],1
END CAP GRAND TETON,GARRISON END CAP GRAND TETON - [GCLAEC7507],1
END CAP HIGH SIERRA,SUMMIT SKY - END CAP - HIGH SIERRA - [GVSSEC502],1
END CAP MOJAVE WASH,AQUA BLUE II BY GARRISON - END CAP - MOJAVE WASH - [GVWPCIIEC110],1
END CAP MORNING DEW,AQUA BLUE II BY GARRISON - END CAP - MORNING DEW - [GVWPCIIEC902],1
END CAP MOSCATO ASH,AQUA BLUE II BY GARRISON - END CAP - MOSCATO ASH - [GVWPCIIEC106],1
END CAP YELLOWSTONE,AQUA BLUE II BY GARRISON - END CAP - YELLOWSTONE OAK - [GVWPCIIEC103],1
EXO SNTOS MHGNY OMP,"25"" X 28"" - PANEL - EXO. SNTOS MHGNY *OMP* - [GCSBEXSM538-2528]",1
EXOTIC ACACIA BLACK,EXOTIC BASESHOE ACACIA BLACK - [GCEXBSAH16],1
EXOTIC ACACIA BLK W,ACACIA - EXOTIC 7' T-MOULD ACACIA BLK W - [GCEXTM7A16]; ACACIA - EXOTIC 8' T-MOULD ACACIA BLK W - [GCEXTM8A16]; ACACIA - EXOTIC 4' T-MOULD ACACIA BLK W - [GCEXTM4A16],3
EXOTIC ACACIA BRONZ,ACACIA - EXOTIC 7' T-MOULD ACACIA BRONZ - [GCEXTM7A146]; ACACIA - EXOTIC 8' T-MOULD ACACIA BRONZ - [GCEXTM8A146]; ACACIA - EXOTIC 4' T-MOULD ACACIA BRONZ - [GCEXTM4A146]; EXOTIC 6' T-MOULD ACACIA BRONZ - [GCEXTM6A146],4
EXOTIC CUMARU NATUR,LOW SHEEN - EXOTIC 7' T-MOULD CUMARU NATUR - [GCEXTM7CU38]; CUMARU NATURAL - EXOTIC 8' T-MOULD CUMARU NATUR - [GCEXTM8CU38]; HIGH SHEEN - EXOTIC 7' T-MOULD CUMARU NATUR - [GCEXTM7CU38HS]; EXOTIC 6' T-MOULD CUMARU NATUR - [GCEXTM6CU38]; CUMARU NATURAL - EXOTIC 4' T-MOULD CUMARU NATUR - [GCEXTM4CU38],5
EXOTIC PAT ROSEWOOD,LOW SHEEN - EXOTIC 4' T-MOULD PAT ROSEWOOD - [GCEXTM4PR38],1
EXOTIC SANTOS MAHOG,LOW SHEEN - EXOTIC 7' T-MOULD SANTOS MAHOG - [GCEXTM7S38]; SANTOS MAHOGANY - EXOTIC 8' T-MOULD SANTOS MAHOG - [GCEXTM8S38]; HIGH SHEEN - EXOTIC 7' T-MOULD SANTOS MAHOG - [GCEXTM7S38HS]; EXOTIC 4' T-MOULD SANTOS MAHOG - [GCEXTM4S38]; EXOTIC 6' T-MOULD SANTOS MAHOG - [GCEXTM6S38],5
EXOTIC SAPELE NATUR,SAPELE NATURAL - EXOTIC 8' T-MOULD SAPELE NATUR - [GCEXTM8SA38],1
FAS Q W O LL S E EM,"3/4 X 4"" FAS R/Q W/O LL S.E EM - [LQ4FRQOSEM]; 3/4 X 5"" FAS R/Q W/O LL S.E EM - [LQ5FRQOSEM]",2
FLEXTRIM GRADE BASE,FLEXTRIM 2 1/2 OAK GRADE BASE - [MOSL125O]; FLEXTRIM 3 1/2 OAK GRADE BASE - [MOSL126O],2
FLOOR SPECIAL ORDER,SPORTS FLOOR SPECIAL ORDER - [SFSO],1
FLUSH ACACIA BRONZE,FLUSH NOSING ACACIA BRONZE - [LALXFNOME01],1
FLUSH DELUXE COPPER,DELUXE COPPER - *FLUSH NOSING DELUXE COPPER - [LALXFNOMP01],1
FLUSH FLRSCENT GOLD,FLRSCENT.GOLD - *FLUSH NOSING FLRSCENT. GOLD - [LALXFNOHG03],1
FLUSH GRAMERCY PARK,METROPOLITAN - FLUSH NOSING - GRAMERCY PARK - [GVMPFNO702],1
FLUSH SIERRA WALNUT,SIERRA WALNUT - FLUSH NOSING SIERRA WALNUT - [LALXFNORH01],1
FLUSH WEATHERED ASH,AQUA BLUE BY GARRISON - FLUSH NOSING - WEATHERED ASH - [GVWPCFNO110],1
FRENCH CONN CARAMEL,FRENCH CONN. T-MOULD A.CARAMEL - [GCTMFOF79],1
FRENCH CONN CHANDON,FRENCH CONN. BASESHOE CHANDON - [GCBSOH122],1
FRENCH CONN NATURAL,FRENCH CONN. BASESHOE NATURAL - [GCFCBSO38],1
FRENCH CONNECTION I,HANDSET - FRENCH CONNECTION I - [GCKEYSET17],1
GII BRAZ CHERRY NAT,BRAZILIAN CHERRY - GII REDUCER BRAZ/CHERRY NAT. - [GCRE7BN38],1
GII SANTOS MAHOGANY,NATURAL - SAMPLE - GII SANTOS MAHOGANY - [GNII5SBS38],1
GLOSSY RUSTIC OLIVE,LAMINATE GLOSSY RUSTIC OLIVE - [LAEDHD33],1
GREEK ISLES MYKONOS,GREEK ISLES 8' NOSING MYKONOS - [GCGINO8O005]; GREEK ISLES 8' T-MOULD MYKONOS - [GCGITM8O005]; GREEK ISLES 8' BABY-T MYKONOS - [GCGIBT8O005]; GREEK ISLES 8' REDUCER MYKONOS - [GCGIRE8O005]; GREEK ISLES BASESHOE MYKONOS - [GCGIBSO005]; WATERFALL - PANEL - GREEK ISLES MYKONOS - [GCSBGI9503-2828],6
GREEK ISLES SANTORI,GREEK ISLES 8' T-MOULD SANTORI - [GCGITM8O006]; GREEK ISLES 8' REDUCER SANTORI - [GCGIRE8O006],2
H PREFINISHED RISER,BEVERLY H. PREFINISHED RISER - [GCRIBH],1
HANDSET AZUL WATERS,HANDSET - AZUL WATERS - [GCKEYSET56],1
HANDSET DOLCE CAPRI,HANDSET - DOLCE CAPRI - [GCKEYSET49],1
HANDSET GREEK ISLES,HANDSET - GREEK ISLES - [GCKEYSET58],1
HANDSET ZODIAC WSPC,HANDSET - ZODIAC WSPC - [GCKEYSET61],1
ILLUMIN FLUSH FLASH,ILLUMIN8 FLUSH NOSING FLASH - [GLILFNO804],1
ILLUMIN FLUSH GLAZE,ILLUMIN8 FLUSH NOSING GLAZE - [GLILFNO805],1
ILLUMIN FLUSH SPARK,ILLUMIN8 FLUSH NOSING SPARK - [GLILFNO808],1
ILLUMIN MOLD AURORA,ILLUMIN8 T-MOLD AURORA - [GLILTM801],1
ILLUMIN MOLD LUSTER,ILLUMIN8 T-MOLD LUSTER - [GLILTM807],1
ILLUMIN TREAD FLASH,ILLUMIN8 TREAD FLASH - [GLILTR804],1
ILLUMIN TREAD GLAZE,ILLUMIN8 TREAD GLAZE - [GLILTR805],1
ILLUMIN TREAD SPARK,ILLUMIN8 TREAD SPARK - [GLILTR808],1
INSPIRED II NORWICH,CHERRY - TIME INSPIRED II NORWICH     * - [GHTI2C5138],1
JATOBA ROUGH LUMBER,4/4 JATOBA ROUGH LUMBER - [LUJ144]; 5/4 JATOBA ROUGH LUMBER - [LUJ154],2
KAHRS SPECIAL ORDER,KAHRS SPECIAL ORDER - [KASO],1
LAM TREAD HICK PECA,"11-3/4"" LAM. TREAD - HICK/PECA - [MOTRH]",1
LAMINATE AMBER EKKI,LAMINATE DIST AMBER EKKI - [LACWS8214],1
LAMINATE BEACH SAND,BEACH SAND - LAMINATE T-MOULD BEACH SAND - [LALXTMHS10]; BEACH SAND - LAMINATE REDUCER BEACH SAND - [LALXREHS10]; BEACH SAND - *LAMINATE NOSING BEACH SAND - [LALXNOHS10],3
LAMINATE CAFE CREAM,LAMINATE BABY-T CAFE CREAM - [LABTL90186],1
LAMINATE CAFE CREME,LAMINATE CAFE CREME - [LACWL90186]; LAMINATE NOSING CAFE CREME - [LANOCWL90186]; LAMINATE BABY-T CAFE CREME - [LABTCWL90186]; LAMINATE REDUCER CAFE CREME - [LARECWL90186],4
LAMINATE CHERRY NAT,CHERRY NAT - LAMINATE REDUCER CHERRY NAT. - [LARECW24190]; CHERRY NAT - LAMINATE REDUCER CHERRY NAT. - [LAREED733],2
LAMINATE DARK MAHOG,LAMINATE REDUCER DARK MAHOG. - [LARECWD7212],1
LAMINATE DARK WENGE,DARK WENGE - LAMINATE REDUCER DARK WENGE - [LAREWJM73],1
LAMINATE DEEP CORAL,LAMINATE NOSING DEEP CORAL - [LALXNOME03]; LAMINATE REDUCER DEEP CORAL - [LALXREME03]; LAMINATE T-MOULD DEEP CORAL - [LALXTMME03],3
LAMINATE DISTRESEED,SAPELE - SAMPLE - LAMINATE DISTRESEED - [AWLSBDS],1
LAMINATE GOLDEN BAY,LAMINATE - LAMINATE NOSING GOLDEN BAY - [GCLANOETCHGB12]; LAMINATE - LAMINATE REDUCER GOLDEN BAY - [GCLAREETCHGB12],2
LAMINATE HORIZ CARB,LAMINATE NOSING HORIZ/CARB - [LALXNOBA01]; LAMINATE T-MOULD HORIZ/CARB - [LALXTMBA01]; LAMINATE REDUCER HORIZ/CARB - [LALXREBA01],3
LAMINATE JATOBA NAT,NATURAL - LAMINATE BABY-T JATOBA NAT. - [LABTLT12CVJN]; JATOBA NAT - LAMINATE REDUCER JATOBA NAT - [LAREJTB624]; JATOBA NAT - LAMINATE REDUCER JATOBA NAT. - [LAMLRE12CVJN],3
LAMINATE MAHO SPICE,MAHO.SPICE - LAMINATE BABY-T MAHO. SPICE - [LABTL12NDMS],1
LAMINATE MERBAU NAT,LAMINATE REDUCER MERBAU NAT. - [LAREL12CVMN],1
LAMINATE MOCHA EKKI,LAMINATE DIST MOCHA EKKI - [LACWS8211],1
LAMINATE MOLD HONEY,LAMINATE T-MOLD HONEY OAK - [LATML12NDHO],1
LAMINATE MOLD IBIZA,*LAMINATE T-MOLD IBIZA - [LALXTMSS04],1
LAMINATE MOLD MOCHA,LAMINATE T-MOLD MAPLE MOCHA - [LATML12CVMM],1
LAMINATE MOLD TIGER,LAMINATE T-MOLD TIGER WOOD - [LATML12CVCB]; LAMINATE T-MOLD TIGER WOOD - [LATML8CVTW],2
LAMINATE OCEAN MIST,OCEAN MIST - LAMINATE REDUCER OCEAN MIST - [LALXRESS05]; OCEAN MIST - *LAMINATE NOSING OCEAN MIST - [LALXNOSS05],2
LAMINATE QTR BEAUTE,*LAMINATE QTR BEAUTE - [LALXQRRH05],1
LAMINATE QTR CHERRY,LAMINATE QTR RED CHERRY - [LALXQRHG02],1
LAMINATE QTR RUSTIC,LAMINATE QTR RUSTIC OAK - [LAQRCWD7832],1
LAMINATE ROAST PINE,LAMINATE BABY-T ROAST PINE - [LABTL8CVRP],1
LAMINATE S MAHOGANY,HI-GLOSS - LAMINATE REDUCER S. MAHOGANY - [LAREL12PSSSM],1
LAMINATE STAIR HNEY,HONEY OAK - LAMINATE STAIR NOSING HNEY OAK - [LASNL12NDHO],1
LAMINATE STAIR NOSE,RED TEAK - LAMINATE STAIR NOSE 8' - [LANO232]; EXO WALNUT - LAMINATE STAIR NOSE 8' - [LANO143]; SMOKEY OAK - LAMINATE STAIR NOSE 8' - [LANO66SN],3
LAMINATE WALNUT NAT,WALNUT NAT - LAMINATE REDUCER WALNUT NAT - [LARECW7630]; LAMINATE REDUCER WALNUT NAT - [LAREED228],2
LAY VINYL ARKANSANA,LOOSE LAY VINYL ARKANSANA - [GVLL201],1
LAY VINYL INTRICATA,LOOSE LAY VINYL INTRICATA - [GVLL204],1
LEGENDS DOUBLE RACK,LEGENDS DOUBLE WATERFALL RACK - [GCRACK23],1
LIGHT WALNUT SAPELE,SMOOTH - 1/2 X 5 LIGHT WALNUT SAPELE - [EHSSA5194],1
LUXURY ANT CHARCOAL,SAMPLE - LUXURY ANT. CHARCOAL - [LALXSBHS03],1
LUXURY BURNT BRONZE,SAMPLE - LUXURY BURNT BRONZE - [LALXSBHS05],1
LUXURY CITRUS AMBER,SAMPLE - LUXURY CITRUS AMBER - [LALXSBCS01],1
LUXURY DARK SCARLET,SAMPLE - LUXURY DARK SCARLET - [LALXSBSS02],1
LUXURY DESERT OLIVE,SAMPLE - LUXURY DESERT OLIVE - [LALXSBHS02],1
LUXURY FLRSCNT GOLD,SAMPLE - LUXURY FLRSCNT GOLD - [LALXSBHG03],1
LUXURY GINGER TAUPE,SAMPLE - LUXURY GINGER TAUPE - [LALXSBHS06],1
LUXURY HAMPTON LAVA,SAMPLE - LUXURY HAMPTON LAVA - [LALXSBSS03],1
LUXURY MOCHA WALNUT,SAMPLE - LUXURY MOCHA WALNUT - [LALXSBRH03],1
MANHATTAN BEACH 7.5,"NEWPORT - EURO OAK 7.5"" MANHATTAN BEACH - [GHNPO211]",1
MEGACLIC COPEN HILL,MEGACLIC REDUCER COPEN HILL - [LAMCREAS3212],1
MEGACLIC LAVA FALLS,MEGACLIC REDUCER LAVA FALLS - [LAMCREAS3210]; MEGACLIC SQ. NOSING LAVA FALLS - [LAMCFSNOAS3210],2
MEGACLIC MOLD CADIZ,MEGACLIC T-MOLD CADIZ - [LAMCTMAS3113],1
MEGACLIC MOLD DOVER,MEGACLIC T-MOLD DOVER - [LAMCTMDN8705],1
MEGACLIC MOLD PAXON,MEGACLIC T-MOLD PAXON - [LAMCTMAS3209],1
MEGACLIC MOLD TYLER,MEGACLIC T-MOLD TYLER - [LAMCTMDN8712],1
MEGACLIC SPRINGTIME,MEGACLIC REDUCER SPRINGTIME - [LAMCREAS3201],1
MILL RUN CHERRY M B,UNFIN - 1/2 x 5 MILL RUN CHERRY M.B. - [GCUNC500],1
MILL RUN HICK PECAM,UNFIN/DIST - 1/2 x 7 MILL RUN HICK/PECAM - [GCUDH700],1
MILL RUN HICK PECAN,UNFIN/DIST - 1/2 x 3 MILL RUN HICK/PECAN - [GCUDH300]; UNFIN/DIST - 1/2 x 5 MILL RUN HICK/PECAN - [GCUDH500]; BUCKSKIN - 9/16 X 5 MILL RUN HICK. PECAN - [OMN5MHB],3
MILL RUN WALNUT M B,UNFIN - 1/2 x 3 MILL RUN WALNUT M.B - [GCUNW300]; UNFIN - 1/2 X 5 MILL RUN WALNUT M.B - [GCUNW500]; UNFIN - 1/2 x 7 MILL RUN WALNUT M.B - [GCUNW700],3
MILL RUN WALNUT S E,UNFIN - 1/2 X 5 MILL RUN WALNUT S.E - [GCUNW500SE],1
MILL RUN WILD PECAN,UNFIN/DIST - 1/2 x 5 MILL RUN WILD PECAN - [GCUDP500]; UNFIN/DIST - 1/2 x 7 MILL RUN WILD PECAN - [GCUDP700],2
MOLD ANCIENT CHERRY,LAMINATE T-MOLD ANCIENT CHERRY - [LATMED948],1
MOLD ANTIQUE WALNUT,T-MOLD ANTIQUE WALNUT - [LAHXM45TM],1
MOLD CANTERBURY WAL,LAMINATE T-MOLD CANTERBURY WAL - [LALXTMRH04],1
MOLD CHERRY NATURAL,NATURAL - OASIS T-MOLD CHERRY NATURAL - [OATMFCN]; CHERRY NAT - LAMINATE T-MOLD CHERRY NATURAL - [LATMCW24190]; CHERRY NAT - LAMINATE T-MOLD CHERRY NATURAL - [LATMED733]; CHERRY NAT - LAMINATE T-MOLD CHERRY NATURAL - [LATMEDHD32],4
MOLD CLASSIC CHERRY,LAMINATE T-MOLD CLASSIC CHERRY - [LATML8MECC],1
MOLD EXOCTIC ACACIA,HI-GLOSS - LAMINATE T-MOLD EXOCTIC ACACIA - [LATML12PSSEA],1
MOLD JATOBA NATURAL,LAMINATE T-MOLD JATOBA NATURAL - [LATML12CVJN]; T-MOLD JATOBA NATURAL - [LATMJTV624]; JATOBA NAT - LAMINATE T-MOLD JATOBA NATURAL - [LATMJTB624]; JATOBA NAT - LAMINATE T-MOLD JATOBA NATURAL - [LAMLTML12CVJN],4
MOLD MAHOGANY SPICE,LAMINATE T-MOLD MAHOGANY SPICE - [LATML12NDMS],1
MOLD MERBAU NATURAL,LAMINATE T-MOLD MERBAU NATURAL - [LATML8CVMN],1
MOLD ROSEWOOD TRAIL,LAMINATE T-MOLD ROSEWOOD TRAIL - [LATML8MERT],1
MOLD SANTOS MAHOGAN,LAMINATE T-MOLD SANTOS MAHOGAN - [LATML12PSSSSM],1
MOLD VINTAGE CYPRES,LAMINATE T-MOLD VINTAGE CYPRES - [LATMCW7609],1
MOLD WALNUT NATURAL,WALNUT NAT - LAMINATE T-MOLD WALNUT NATURAL - [LATMCW7630]; LAMINATE T-MOLD WALNUT NATURAL - [LATMED228],2
MOLDING ANTIQUE WAL,ANT WALNUT - LAMINATE T-MOLDING ANTIQUE WAL - [LACYTM001],1
MOSAIC WALNUT PEARL,DESIGNER SAMPLE - DS - MOSAIC WALNUT PEARL - [GWC-DSMOW104]; SAMPLE BOARD - SB - MOSAIC WALNUT PEARL - [GWC-SBMOW104],2
MOUL CATHEDRAL GRAY,RUSTIQUE - LAMINATE T-MOUL.CATHEDRAL GRAY - [LATMETF75TM],1
MOULDIG SAND DOLLAR,LAMINATE - LAMINATE T-MOULDIG SAND DOLLAR - [GCLAETCHSD12],1
MOUNT LAMINATE TEAK,MOUNT LAMINATE TEAK - [MTGVL703],1
MW BRAZILIAN CHERRY,NATURAL - MW SQ. NOSING BRAZILIAN CHERRY - [MWNOS82],1
NATURESTEP HAZELNUT,WATERFALL - PANEL - NATURESTEP HAZELNUT - [GCSBNS803-2323]; TREAD - NATURESTEP HAZELNUT - [GVNSTR803],2
NEWPORT B MANHATTAN,OAK - NEWPORT 8' B. T-HOLD MANHATTAN - [GCNPBT8O211],1
NEWPORT DESERT SAND,OAK - NEWPORT 8' NOSING DESERT SAND - [GCNPNO8O209]; OAK - NEWPORT 8' REDUCER DESERT SAND - [GCNPRE8O209]; OAK - NEWPORT 8'T-MOULD DESERT SAND - [GCNPTM8O209],3
NEWPORT MANHATTAN B,OAK - NEWPORT 8' NOSING MANHATTAN B. - [GCNPNO8O211]; OAK - NEWPORT 8' REDUCER MANHATTAN B - [GCNPRE8O211]; OAK - NEWPORT 8' T-MOULD MANHATTAN B - [GCNPTM8O211],3
NEWPORT PEBBLE BEAC,OAK - NEWPORT 7' T-MOULD PEBBLE BEAC - [GCNPTM7O206]; OAK - NEWPORT 8' T-MOULD PEBBLE BEAC - [GCNPTM8O206]; OAK - NEWPORT 7' REDUCER PEBBLE BEAC - [GCNPRE7O206]; OAK - NEWPORT 8' REDUCER PEBBLE BEAC - [GCNPRE8O206],4
NEWPORT SHELL BEACH,NEWPORT BASESHOE SHELL BEACH - [GCNPBSOH207]; OAK - NEWPORT 7' T-MOULD SHELL BEACH - [GCNPTM7O207]; OAK - NEWPORT 8' T-MOULD SHELL BEACH - [GCNPTM8O207]; OAK - NEWPORT 7' REDUCER SHELL BEACH - [GCNPRE7O207]; OAK - NEWPORT 8' REDUCER SHELL BEACH - [GCNPRE8O207]; OAK - NEWPORT 7' NOSING SHELL BEACH - [GCNPNO7O207]; OAK - NEWPORT 8' NOSING SHELL BEACH - [GCNPNO8O207]; WATERFALL - PANEL - NEWPORT SHELL BEACH - [GCSBN207-2228]; WATERFALL - PANEL - NEWPORT SHELL BEACH - [GCSBNP207-2228],9
NYTAE CHERRY ARETHA,NYTAE CHERRY ARETHA - [NT3030C],1
NYTAE GOLDEN CHERRY,NYTAE GOLDEN CHERRY - [NT301C]; NYTAE GOLDEN CHERRY REDUCER - [NT301RE]; NYTAE GOLDEN CHERRY T MOULDING - [NT301TM],3
OASIS SPECIAL ORDER,OASIS SPECIAL ORDER - [OASO],1
OMP CALI COLLECTION,HANDSET - OMP CALI. COLLECTION - [GCKEYSET22],1
ORDER STONE CORNERS,SPECIAL ORDER STONE CORNERS - [TSCORNERS],1
OSHKOSH BRANT POINT,"OSHKOSH BRANT POINT 21"" - [OK331B]",1
OSHKOSH CHATHAM UNF,"OSHKOSH CHATHAM 30"" UNF. - [OK370U]",1
OYSTER WALNUT PEARL,DESIGNER SAMPLE - DS - OYSTER WALNUT PEARL - [GWC-DSOYW104]; SAMPLE BOARD - SB - OYSTER WALNUT PEARL - [GWC-SBOYW104],2
PALM WALNUT NATURAL,DESIGNER SAMPLE - DS - PALM WALNUT NATURAL - [GWC-DSPAW103]; SAMPLE BOARD - SB - PALM WALNUT NATURAL - [GWC-SBPAW103],2
PATAGONIAN ROSEWOOD,"EXOTICS - 1/2 X 5 PATAGONIAN ROSEWOOD - [GHEXPR538]; BURGANDY - 9/16 X 5 PATAGONIAN ROSEWOOD - [JFLAMZE12211]; SMOOTH - 1/2 X 5 PATAGONIAN ROSEWOOD - [GHEXPR538]; SMOOTH - 1/2 X 7.5""PATAGONIAN ROSEWOOD - [GHEXPR7538]; SOLID EXOTICS - 3/4 X 5"" PATAGONIAN ROSEWOOD - [PFQCPR538]",5
PLUS FRENCH QUARTER,OAK - PLUS NOSING FRENCH QUARTER - [GCNO7ON46]; WHITE OAK - PLUS REDUCER FRENCH QUARTER - [GCRE7ON46],2
PLUS WALNUT NATURAL,PLUS T-MOULD WALNUT NATURAL - [GCTM7WF38PL]; PLUS NOSING WALNUT NATURAL - [GCNO7WN38PL]; WALNUT - PLUS REDUCER WALNUT NATURAL - [GCRE7WN38PL],3
PREMIUM B CHERRY SE,CON.CHOICE - 5/8 X 5 PREMIUM B.CHERRY SE - [GFCOB5PS],1
PRIME QUARTER ROUND,PRIMED - 3/4 x 3/4 PRIME QUARTER ROUND - [MOQR34PR],1
PRIMED HERMOSA BASE,PRIMED PINE FJ - NONSTOCK - 9/16 X 5 PRIMED HERMOSA BASE - [MOBBPFJPR323A],1
QTR ESPRESSO WALNUT,LAMINATE QTR ESPRESSO WALNUT - [LALXQRRH02],1
QTR ROUND DRIFTWOOD,NATURESTEP - QTR.ROUND - DRIFTWOOD - [GVNSQR801],1
QTR ROUND GREENWICH,METROPOLITAN - QTR.ROUND - GREENWICH - [GVMPQR902],1
QTR ROUND HIMALAYAS,APEX SPC - QTR.ROUND - HIMALAYAS - [GVAPQR503]; SUMMIT SKY SPC - QTR.ROUND - HIMALAYAS - [GVSSQR503],2
QTR ROUND HONEYCOMB,MEGACLIC QTR ROUND HONEYCOMB - [LAMCQRAS3111],1
QTR ROUND LEXINGTON,AQUA BLUE BY GARRISON - QTR. ROUND - LEXINGTON OAK - [GVWPCQR102]; VINYLNOVA - QTR. ROUND - LEXINGTON - [GVVNQR908],2
QTR ROUND MANHATTAN,METROPOLITAN - QTR.ROUND - MANHATTAN - [GVMPQR904],1
QTR ROUND MOONLIGHT,AQUA BLUE II BY GARRISON - QTR. ROUND - MOONLIGHT - [GVWPCIIQR901],1
QTR ROUND PALISADES,AQUA BLUE BY GARRISON - QTR. ROUND - PALISADES OAK - [GVWPCQR105],1
QTR ROUND RECLAIMED,AQUA BLUE BY GARRISON - QTR. ROUND - RECLAIMED OAK - [GVWPCQR107],1
QTR ROUND SANDOLLAR,AVIGNON/TOULON - LAMINATE QTR ROUND SANDOLLAR - [LAQRETC36QR],1
QTR ROUND SANDSTONE,NATURESTEP - QTR.ROUND - SANDSTONE - [GVNSQR806],1
QTR VINTAGE CYPRESS,LAMINATE QTR VINTAGE CYPRESS - [LAQRCW7609],1
QUARTER ROUND ARIES,ZODIAC WSPC - QUARTER ROUND - ARIES - [GVZOQR750A]; ZODIAC WSPC - QUARTER ROUND - ARIES - [GVZOQR7502],2
QUARTER ROUND CORTE,LAMINATE - *GARRISON QUARTER ROUND CORTE - [GCLAQR012],1
QUARTER ROUND DAISY,SECRET GARDEN SPC - QUARTER ROUND - DAISY - [GVSGQR703],1
QUARTER ROUND DIJON,LAMINATE - GARRISON QUARTER ROUND DIJON - [GCLAQR006],1
QUARTER ROUND FLASH,ILLUMIN8 QUARTER ROUND FLASH - [GLILQR804],1
QUARTER ROUND GLAZE,ILLUMIN8 QUARTER ROUND GLAZE - [GLILQR805],1
QUARTER ROUND HOLLY,SECRET GARDEN SPC - QUARTER ROUND - HOLLY - [GVSGQR705],1
QUARTER ROUND LIBRA,ZODIAC WSPC - QUARTER ROUND - LIBRA - [GVZOQR7506],1
QUARTER ROUND PEONY,SECRET GARDEN SPC - QUARTER ROUND - PEONY - [GVSGQR709],1
QUARTER ROUND POPPY,SECRET GARDEN SPC - QUARTER ROUND - POPPY - [GVSGQR710],1
QUARTER ROUND SPARK,ILLUMIN8 QUARTER ROUND SPARK - [GLILQR808],1
QUARTER ROUND TULIP,SECRET GARDEN SPC - QUARTER ROUND - TULIP - [GVSGQR712],1
QUARTER ROUND VICHY,LAMINATE - *GARRISON QUARTER ROUND VICHY - [GCLAQR008],1
QUARTER ROUND VIRGO,ZODIAC WSPC - QUARTER ROUND - VIRGO - [GVZOQR7510],1
RANDOM WIDTH BIANCA,DAVINCI - *WALNUT RANDOM WIDTH BIANCA - [GNDVW23562],1
RANDOM WIDTH MILANO,DAVINCI - *MAPLE RANDOM WIDTH MILANO - [GNDVM23565],1
RANDOM WIDTH PISANI,DAVINCI - *HICKORY RANDOM WIDTH PISANI - [GNDVH23567],1
RE CRAFTSMAN CORNER,MDF CORNER - 1/2X5-1/2 1RE CRAFTSMAN CORNER - [MOCOMD388MUL5W]; MDF CORNER - 1/2X4-1/2 1RE CRAFTSMAN CORNER - [MOCOMD388MUL4W]; MDF CORNER - 1/2X3-1/2 1RE CRAFTSMAN CORNER - [MOCOMD388MUL3W]; MDF CORNER - NONSTOCK - 1/2X7-1/2 1RE CRAFTSMAN CORNER - [MOCOMD388MUL7W],4
REDCUER CRATER LAKE,GARRISON REDCUER CRATER LAKE - [GCLARE7505],1
REDCUER GRAND TETON,GARRISON REDCUER GRAND TETON - [GCLARE7507],1
RIFT OTR W O NESTED,"NESTED - 1/2 x 2"" RIFT/OTR W/O NESTED - [RH2QOSNB]; NESTED -24SF X BUNDLE - 1/2 x 2"" RIFT/OTR W/O NESTED - [RH2QOSNB-24]; NESTED -20SF X BUNDLE - 1/2 x 2"" RIFT/OTR W/O NESTED - [RH2QOSNB-20]",3
RIFT QTR W O BLD FT,"RANDOM - *1/2 X 2"" RIFT/QTR W/O BLD FT. - [RH2QOSSP]",1
RIFT QTR W O S E LL,UNFINISHED - 3/4 X 5 RIFT/QTR W/O S.E LL - [LQ5QOS],1
ROUND GRAMERCY PARK,METROPOLITAN - QTR.ROUND - GRAMERCY PARK - [GVMPQR702],1
ROUND WEATHERED ASH,AQUA BLUE BY GARRISON - QTR. ROUND - WEATHERED ASH - [GVWPCQR110],1
RUSTIC ROUGH LUMBER,4/4 WALNUT RUSTIC ROUGH LUMBER - [LUWR44],1
SANTOS MAHOGANY M B,NATURAL - 3/4 X 3 SANTOS MAHOGANY M.B - [PFQ3SM]; NATURAL - 3/4 X 5 SANTOS MAHOGANY M.B - [PFQ5SM],2
SANTOS MAHOGANY NAT,"SOLID EXOTICS - 3/4 X 5"" SANTOS MAHOGANY NAT. - [PFQCSM538]",1
SANTOS ROUGH LUMBER,4/4 SANTOS ROUGH LUMBER - [LUS144]; 5/4 SANTOS ROUGH LUMBER - [LUS154]; 5/4 FAS SANTOS ROUGH LUMBER - [LUSF54],3
SB PALM WALNUT JAVA,SAMPLE BOARD - SB - PALM WALNUT JAVA - [GWC-SBPAW101],1
SB PALM WALNUT MINK,SAMPLE BOARD - SB - PALM WALNUT MINK - [GWC-SBPAW102],1
SB TIDE WALNUT JAVA,SAMPLE BOARD - SB - TIDE WALNUT JAVA - [GWC-SBTIW101],1
SB TIDE WALNUT MINK,SAMPLE BOARD - SB - TIDE WALNUT MINK - [GWC-SBTIW102],1
SECRET GARDEN PEONY,"PEONY - PANEL-SECRET GARDEN PEONY 9"" - [GCSBSG909-2724]",1
SECRET GARDEN POPPY,"POPPY - PANEL-SECRET GARDEN POPPY 9"" - [GCSBSG910-2724]",1
SECRET GARDEN TULIP,"TULIP - PANEL-SECRET GARDEN TULIP 9"" - [GCSBSG912-2724]",1
SEL BTR AMER CHERRY,"3/4"" X 6"" SEL/BTR AMER. CHERRY - [RQ6SCM]",1
SEL BTR BRAZ CHERRY,NATURAL - 9/16 X 5 SEL/BTR BRAZ/CHERRY - [UW9165SBN],1
SEL SANTOS MAHOGANY,"CON.CHOICE - *5/8 X 5"" SEL SANTOS MAHOGANY - [GFCOS5SS]",1
SELECT BLOODWOOD SE,"CON.CHOICE - *35/8 X 5"" SELECT BLOODWOOD SE - [GFCOBL5SS]",1
SELECT O NESTED BND,"DAYSPRING (24SF BDLS) - 1/2 x 2"" SELECT R/O NESTED BND - [RH2SRS]; LEBANON (25SF BDLS) - 1/2 x 2"" SELECT R/O NESTED BND - [RH2SRSNB]",2
SELECT TIGERWOOD SE,CON.CHOICE - 5/8 X 5 SELECT TIGERWOOD SE - [GFCOT5SS],1
SET AQUABLUE II NEW,"WATERFALL - SAMPLE SET - AQUABLUE II ""NEW"" - [GCSETABII-2323]",1
SET AQUABLUE II WPC,WATERFALL ORIGINAL - SAMPLE SET - AQUABLUE II WPC - [GCSASET34],1
SET GLUE DOWN VINYL,WATERFALL ORIGINAL - SAMPLE SET - GLUE DOWN VINYL - [GCSASET26],1
SET LOOSE LAY VINYL,WATERFALL ORIGINAL - SAMPLE SET - LOOSE LAY VINYL - [GCSASET27],1
SET LUXURY LAMINATE,SAMPLE SET - LUXURY LAMINATE - [GCSAMPLES22]; WATERFALL ORIGINAL - SAMPLE SET - LUXURY LAMINATE - [GCSASET06],2
SET PRIVATE SEL OMP,SAMPLE SET - PRIVATE SEL. *OMP - [GCSETPS-2528],1
SET SUMMIT SKY HERR,WATERFALL ORIGINAL - SAMPLE SET - SUMMIT SKY HERR. - [GCSASET55]; WATERFALL ORIGINAL - SAMPLE SET - SUMMIT SKY HERR. - [GCSASET57],2
SET VINEYARD ADD ON,WATERFALL - SAMPLE SET - VINEYARD ADD-ON - [GCSETVY-2228-A],1
SHEOGA KIT TEXTURED,SHEOGA SAMPLE KIT - TEXTURED - [PFSHSA05],1
SILVERLINE PALOMINO,DISTRESSED - SILVERLINE NOSING PALOMINO - [GCNO7BIH129]; BIRCH - SILVERLINE REDUCER PALOMINO - [GCRE7BIH129]; SILVERLINE T-MOULD PALOMINO - [GCTM7BIF129]; PALOMINO - SAMPLE - SILVERLINE 6 PALOMINO - [GHSL6BISB129],4
SM CHESTNUT CALCORE,"GII SMOOTH - MAPLE 5"" SM. CHESTNUT CALCORE - [GNSSM506SB]",1
SM ESPRESSO CALCORE,"GII SMOOTH - MAPLE 5"" SM. ESPRESSO CALCORE - [GNSSM508SB]",1
SM FRUITWOOD CALCOR,"GII SMOOTH - WALNUT 5"" SM. FRUITWOOD CALCOR - [GNSSW528SB]",1
SPECIAL ORDER ALDER,SPECIAL ORDER ALDER L/L - [LQSOAL],1
SPECIAL ORDER RISER,SPECIAL ORDER RISER (LF) - [MORISOLF]; SPECIAL ORDER RISER (EACH) - [MORISOEA]; BAMBOO SPECIAL ORDER RISER - [BARISOEA],3
SPECIAL ORDER STONE,SPECIAL ORDER STONE - [TSSTONE],1
SPECIAL ORDER TREAD,BAMBOO SPECIAL ORDER TREAD - [BATRSOEA],1
STRIP BEECH NATURAL,LONG STRIP - 9/16 X 5 3 STRIP BEECH NATURAL - [ENNB5LS38],1
SUMMIT SKY H SIERRA,WATERFALL ORIGINAL - PANEL- SUMMIT SKY HB H SIERRA - [GCSBSSPH502-2228]; WATERFALL ORIGINAL - PANEL- SUMMIT SKY HB H SIERRA - [GCSBSSPH502-2424],2
TI WALNUT NEWCASTLE,*TI2 NOSING WALNUT NEWCASTLE - [GCNO7WH134],1
TIDE WALNUT NATURAL,DESIGNER SAMPLE - DS - TIDE WALNUT NATURAL - [GWC-DSTIW103]; SAMPLE BOARD - SB - TIDE WALNUT NATURAL - [GWC-SBTIW103],2
TREAD GRAMERCY PARK,METROPOLITAN - TREAD - GRAMERCY PARK - [GVMPTR702],1
TREAD SIERRA WALNUT,LAMINATE TREAD SIERRA WALNUT - [LALXTRRH01],1
TREAD WEATHERED ASH,AQUA BLUE BY GARRISON - TREAD - WEATHERED ASH - [GVWPCTR110],1
TUXEDO WALNUT PEARL,DESIGNER SAMPLE - DS - TUXEDO WALNUT PEARL - [GWC-DSTUW104]; SAMPLE BOARD - SB - TUXEDO WALNUT PEARL - [GWC-SBTUW104],2
UNITED DISPLAY RACK,UNITED DISPLAY RACK & SAMPLES - [UWRACK],1
USE GNDVPHO GNDVPHO,DAVINCI - USE GNDVPHO513-L/GNDVPHO513-R - [GNDVPHO513],1
V GROOVE COLLECTION,ANTQ. OAK - END CAP V GROOVE COLLECTION - [LAECXM32]; ANTQ. OAK - BASESHOE V GROOVE COLLECTION - [LABSXM32],2
VALLEY MOLD RUSSIAN,RUSSIAN BLACK OAK - PARADISE VALLEY T-MOLD RUSSIAN - [LAPVTMO02],1
VALLEY TREAD SILVER,SILVER OAK - PARADISE VALLEY TREAD SILVER - [LAPVTRO03],1
VILLA GIALLA AREZZO,VILLA GIALLA BASESHOE AREZZO - [GCVGBSO01],1
VILLA GIALLA VERONA,WATERFALL - PANEL - VILLA GIALLA VERONA - [GCSBVG912-2828],1
VILLA GILLA CATANIA,VILLA GILLA BASESHOE CATANIA - [GCBSFOH03],1
VILLA GILLA MARSALA,VILLA GILLA BASESHOE MARSALA - [GCBSFOH06],1
VINEYARD PREF RISER,VINEYARD PREF.RISER - [GCRICVY],1
VINEYARD UNFINISHED,VINEYARD NOSING 8' UNFINISHED - [GCVYNO8O00],1
VINYL SPECIAL ORDER,LUXURY VINYL SPECIAL ORDER - [GVLX999],1
W O NATURAL CALCORE,"CRYSTAL VALLEY - W/O ENG 3-1/4"" NATURAL CALCORE - [GHCVO31438SB]",1
W O PR WHEAT CALCOR,"CRYSTAL VALLEY - W/O ENG 3-1/4"" PR.WHEAT CALCOR - [GHCVO31468SB]",1
WALNUT ACAPULCO BAY,"CANTINA BY GARRISON - WALNUT 7.5"" ACAPULCO BAY - [GHCAW75301]",1
WALNUT BLDR NATURAL,"CRYSTAL V - WALNUT SOLID BLDR 4"" NATURAL * - [GQCV4BW38]; CRYSTAL V - WALNUT SOLID BLDR 3"" NATURAL - [GQCV3BW38]",2
WALNUT FRENCH BLEED,9/16 X 5 B.WALNUT FRENCH BLEED - [JFAMEE12508],1
WALNUT GOLDRUSH PLY,"NOUVELLE - *WALNUT 7.5"" GOLDRUSH 2 PLY - [GFNVW75102P]",1
WALNUT ROUGH LUMBER,5/4 WALNUT #1 ROUGH LUMBER - [LUW154]; 5/4 WALNUT #2 ROUGH LUMBER - [LUW254],2
WALNUT SM ANTIQUE P,"GII SMOOTH - WALNUT 5"" SM. ANTIQUE 2P - [GNSSW5232P]",1
WALNUT SM NATURAL P,"GII SMOOTH - WALNUT 5"" SM. NATURAL 2P - [GNSSW5382P]",1
WALNUT VENEER STRIP,WALNUT - WALNUT VENEER STRIP - [MOVE734SW],1
WANDERLUXE FLORENCE,WANDERLUXE BASESHOE FLORENCE - [GCWLBSO04]; WANDERLUXE 8' BABY T FLORENCE - [GCWLBT8O04]; WANDERLUXE 8' NOSING FLORENCE - [GCWLNO8O04]; WANDERLUXE 8' REDUCER FLORENCE - [GCWLRE8O04]; WANDERLUXE 8'T-MOULD FLORENCE - [GCWLTM8O04]; WANDERLUXE 7' NOSING FLORENCE - [GCWLNO7O04]; WATERFALL - PANEL - WANDERLUXE FLORENCE - [GCSBWL9004-2828],7
WILLIAMSBURG GOLDEN,LAMINATE WILLIAMSBURG GOLDEN - [LACWL90182],1
5 BRAZILIAN CHERRY,EXOTICS - 1/2 X 5 2MM BRAZILIAN CHERRY - [GHEXB538],1
7.5 WALNUT NATURAL,"LEGENDS - WALNUT 7.5"" NATURAL - [GFLEW7501]",1
ALLORA DOMA SELECT,"PANEL - ALLORA 7.5""DOMA SELECT - [GCSBAL7503S-2228]; PANEL - ALLORA 9.5""DOMA SELECT - [GCSBAL9503S-2228]",2
ALLORA DOUBLE RACK,ALLORA DOUBLE WATERFALL RACK - [GCRACK20],1
ALLORA LUNA SELECT,"PANEL - ALLORA 7.5""LUNA SELECT - [GCSBAL7504S-2228]; PANEL - ALLORA 9.5""LUNA SELECT - [GCSBAL9504S-2228]",2
ALLORA SINGLE RACK,ALLORA SINGLE WATERFALL RACK - [GCRACK21],1
ANDERSON PECAN S E,HARVEST - ANDERSON 3/8 X 3 PECAN S.E. - [ANPP3790]; NATURAL - ANDERSON 3/8 X 3 PECAN S.E. - [ANPP3490],2
APPALACHIAN VERITA,APPALACHIAN - VERITA - [GCKEYSET907],1
B CHERRY DISTRESSE,NATURAL - M.W. T-MOLD B.CHERRY DISTRESSE - [MWTM0302],1
B THOLD WILMINGTON,C.CLASSIC B-THOLD WILMINGTON - [GCBT7WF101],1
BAMBOO HORIZ RISER,CARBONIZED - HAWA BAMBOO HORIZ. RISER 4' - [HARIBHC]; NATURAL - HAWA BAMBOO HORIZ. RISER 4' - [HARIBHN],2
BAMBOO LIGHT HORIZ,CARBONIZED - GARRISON BAMBOO LIGHT HORIZ.3' - [GFBA36HC]; NATURAL - GARRISON BAMBOO LIGHT HORIZ.3' - [GFBA36HN],2
BAMBOO TREAD COMBO,CARBONIZED - BAMBOO TREAD COMBO 1 X 12 - [BATR009]; NATURAL - BAMBOO TREAD COMBO 1 X 12 - [BATR010],2
BAMBOO TREAD V NAT,UNFINISHED - BAMBOO TREAD 1X11-1/2 V. NAT - [BATR008U],1
BASE SHOE COLLEONI,DA VINCI BASE SHOE COLLEONI - [GCDVBSO706],1
BASE SHOE DOUG FIR,1/2 x 3/4 BASE SHOE - DOUG FIR - [MOBS12D]; 3/8 X 3/4 BASE SHOE - DOUG FIR - [MOBS38D],2
BASE SHOE MARCELLO,DA VINCI BASE SHOE MARCELLO - [GCDVBSO707],1
BASE SHOE PRIME FJ,PRIMED PINE FJ - 1/2 x 3/4 BASE SHOE - PRIME FJ - [MOBS12PFJ],1
BEADED COLON CROWN,MAPLE - NONSTOCK - 5/8 X 4-1/2 BEADED COLON CROWN - [MOCM406MP],1
BELLISSIMO COLLINE,BELLISSIMO 8' NOSING COLLINE - [GCBENO8W403]; BELLISSIMO 8' T-MOULD COLLINE - [GCBETM8W403]; BELLISSIMO 8' BABY-T COLLINE - [GCBEBT8W403]; BELLISSIMO 8' REDUCER COLLINE - [GCBERE8W403]; BELLISSIMO 7' BABY-T COLLINE - [GCBEBT7W403]; BELLISSIMO 7' NOSING COLLINE - [GCBENO7W403]; BELLISSIMO 7' REDUCER COLLINE - [GCBERE7W403]; BELLISSIMO 7' T-MOULD COLLINE - [GCBETM7W403],8
BELLISSIMO NUTELLA,BELLISSIMO 8' NOSING NUTELLA - [GCBENO8O301]; BELLISSIMO 8' T-MOULD NUTELLA - [GCBETM8O301]; BELLISSIMO 8' BABY-T NUTELLA - [GCBEBT8O301]; BELLISSIMO 8' REDUCER NUTELLA - [GCBERE8O301]; BELLISSIMO 7' BABY-T NUTELLA - [GCBEBT7O301]; BELLISSIMO 7' NOSING NUTELLA - [GCBENO7O301]; BELLISSIMO 7' REDUCER NUTELLA - [GCBERE7O301]; BELLISSIMO 7' T-MOULD NUTELLA - [GCBETM7O301],8
BELLISSIMO PASTAIO,BELLISSIMO 8' NOSING PASTAIO - [GCBENO8M201]; BELLISSIMO 8' T-MOULD PASTAIO - [GCBETM8M201]; BELLISSIMO 8' BABY-T PASTAIO - [GCBEBT8M201]; BELLISSIMO 8' REDUCER PASTAIO - [GCBERE8M201]; BELLISSIMO 7' BABY-T PASTAIO - [GCBEBT7M201]; BELLISSIMO 7' NOSING PASTAIO - [GCBENO7M201]; BELLISSIMO 7' REDUCER PASTAIO - [GCBERE7M201]; BELLISSIMO 7' T-MOULD PASTAIO - [GCBETM7M201]; BELLISSIMO BASESHOE PASTAIO - [GCBEBSM201],9
BIG SKY UNF HICKOR,BIG SKY NOSING UNF.DIST HICKOR - [GCNO7HH00BS],1
BIG SKY UNF WALNUT,BIG SKY NOSING UNF.WALNUT 8' - [GCNO8WH00BS],1
BIG SKY WINCHESTER,SAMPLE - BIG SKY WINCHESTER - [EHBS7SBM139]; BIG SKY BASESHOE WINCHESTER - [GCBSWH139]; WALNUT - BIG SKY 7' T-MOULD WINCHESTER - [GCBSTM7W139]; WALNUT - BIG SKY 8' T-MOULD WINCHESTER - [GCBSTM8W139]; WALNUT - BIG SKY 7' REDUCER WINCHESTER - [GCBSRE7W139]; WALNUT - BIG SKY 8' REDUCER WINCHESTER - [GCBSRE8W139]; WALNUT - BIG SKY 7' NOSING WINCHESTER - [GCBSNO7W139]; WALNUT - BIG SKY 8' NOSING WINCHESTER - [GCBSNO8W139],8
BLDR SANTOS MAHOGA,NATURAL - 1/2 X 3 1/4 BLDR SANTOS MAHOGA - [UW12314BSN],1
BLDR W O HONEY ROS,3/4 X 3-1/6 BLDR W/O HONEY ROS - [UW34316BOH],1
BLDR W O PRAIRIE W,3/4 X 3-1/4 BLDR W/O PRAIRIE W - [UW34314BOP],1
BOIS SPECIAL ORDER,DU BOIS SPECIAL ORDER - [GFDB000],1
BRAZ CHERRY B E LL,UNFINISHED - 3/4 X 6  BRAZ. CHERRY B.E. LL - [LQ6FBS],1
BRAZ CHERRY LL S E,UNFINISHED - 3/4 X 3 BRAZ/CHERRY LL S.E - [LQ3FBS],1
BRAZ CHERRY SELECT,NATURAL - 3/4 X 3-1/4 BRAZ/CHERRY SELECT - [PFQ314BM]; NATURAL - 3/4 X 3-1/2 BRAZ/CHERRY SELECT - [PFQ312BM],2
BRAZILIAN CHERRY 5,EXOTICS - 1/2 X 5 2MM BRAZILIAN CHERRY - [GHEXB538],1
BRENTO COVE BORDER,PREFINISH - OSHKOSH BRENTO COVE BORDER - [OK175],1
C CLASS UNF HICKOR,C.CLASS NOSING UNF.DIST HICKOR - [GCNO7HH00CC],1
C CLASSIC ALLENDAL,C.CLASSIC BABY T-HOLD ALLENDAL - [GCBT7OF96],1
C RIFT QTR W O S E,"3/4 X 6"" #1C RIFT/QTR W/O S.E - [RQ61RQOS]",1
C SIDE BEACH BLOND,C.SIDE 8' T-MOULD BEACH BLOND - [GCCSTM8O01]; C.SIDE 8' REDUCER BEACH BLOND - [GCCSRE8O01],2
CANTINA HAVANA RUM,CANTINA BASESHOE HAVANA RUM - [GCCABSWH302]; WALNUT - CANTINA 7' T-MOULD HAVANA RUM - [GCCATM7W302]; WALNUT - CANTINA 8' T-MOULD HAVANA RUM - [GCCATM8W302]; WALNUT - CANTINA 7' REDUCER HAVANA RUM - [GCCARE7W302]; WALNUT - CANTINA 8' REDUCER HAVANA RUM - [GCCARE8W302]; WALNUT - CANTINA 7' NOSING HAVANA RUM - [GCCANO7W302]; WALNUT - CANTINA 8' NOSING HAVANA RUM - [GCCANO8W302],7
CANTINA UNF WALNUT,WIRE BRUSHED - CANTINA NOSING UNF.WALNUT 8' - [GCNO8WH00CA],1
CANYON CREST RISER,CANYON CREST RISER - [GCRICY],1
CANYON CREST TREAD,CANYON CREST TREAD - [GCTRCY],1
CAP CANTERBURY WAL,LAMINATE E-CAP CANTERBURY WAL. - [LALXECRH04],1
CAP CORONADO BEACH,LAMINATE - END CAP CORONADO BEACH - [GCLAECETCHCB12],1
CAROLINA CL DURHAM,MAPLE - SAMPLE - CAROLINA CL. DURHAM - [GHCC5MSB92],1
CAROLINA CL MONROE,MAPLE - SAMPLE - CAROLINA CL. MONROE - [GHCC5MSB93],1
CAROLINA CL SUNTER,MAPLE - SAMPLE - CAROLINA CL. SUNTER - [GHCC5MSB95],1
CHERRY BUTTERSCOTT,"DISTRESSED - 1/2"" NOSING CHERRY BUTTERSCOTT - [GCNO7CH03]",1
CHERRY CHOC CHERRY,"GIII DIST - *G3 P.CHERRY 5"" CHOC.CHERRY - [GHIIIC524]",1
CHERRY WILD CHERRY,"GII DIST - P. CHERRY 5"" WILD CHERRY - [GNIIC533]; GIII DIST - *G3 P.CHERRY 5"" WILD CHERRY - [GHIIIC533]",2
CLASSIC PREF RISER,CAROLINA CLASSIC PREF.RISER - [GCRICC],1
CLASSIC WILMINGTON,WALNUT - C.CLASSIC NOSING WILMINGTON - [GCNO7WH101]; C.CLASSIC T-MOULD WILMINGTON - [GCTM7WF101],2
CLEAR SAN MAHOGANY,3/4 X 3 1/4 CLEAR SAN.MAHOGANY - [RQ314CSS],1
CLIFF BEACH BLONDE,WATERFALL - PANEL - CLIFF. BEACH BLONDE - [GCSBCS7501-2228],1
CLIFFSIDE WHITECAP,CLIFFSIDE 8' NOSING WHITECAP - [GCCSNO8O08],1
CLOVER WALNUT JAVA,DESIGNER SAMPLE - DS - CLOVER WALNUT JAVA - [GWC-DSCLW101]; SAMPLE BOARD - SB - CLOVER WALNUT JAVA - [GWC-SBCLW101],2
CLOVER WALNUT MINK,DESIGNER SAMPLE - DS - CLOVER WALNUT MINK - [GWC-DSCLW102]; SAMPLE BOARD - SB - CLOVER WALNUT MINK - [GWC-SBCLW102],2
COLUMB LIVINGSTONE,COCOA - COLUMB.1/2 X 3 LIVINGSTONE OAK - [COLIO313F],1
COLUMBIA BRAXTON O,NATURAL - COLUMBIA 1/2X2-1/4 BRAXTON R/O - [COBRO210],1
COMP BUSTER WINTER,HICKORY- WINTER WHITE - *COMP.BUSTER NOSING WINTER - [GCNO7HT180],1
CONN SPECIAL ORDER,FRENCH CONN. SPECIAL ORDER - [GFFCSO],1
CRESCENT MEDALLION,"PRE.FINISH - OSHKOSH CRESCENT 36"" MEDALLION - [OK30405]",1
CRY VAL BLACKSTONE,"CRY. VAL T-MOULD BLACKSTONE - [GCTMOF74]; CRY.VAL T-MOULD BLACKSTONE - [GCTM7OF74]; CRY.VAL 3/4"" NOSING BLACKSTONE - [GCNO7OQ74]",3
CRY VAL BLK WALNUT,ACACIA DISTRESSED - CRY.VAL 7' T-MOULD BLK WALNUT - [GCCVSTM7A16]; ACACIA DISTRESSED - CRY.VAL 8' T-MOULD BLK WALNUT - [GCCVSTM8A16]; ACACIA DISTRESSED - CRY.VAL 4' T-MOULD BLK WALNUT - [GCCVSTM4A16],3
CRY VAL PRAI WHEAT,"WHITE OAK - CRY.VAL 1/2"" NOSING PRAI.WHEAT - [GCNO7OSH68]; WHITE OAK - CRY.VAL 3/4"" NOSING PRAI.WHEAT - [GCNO7OSQ68]; CRY.VAL 8' T-MOULD PRAI.WHEAT - [GCCVTM8O68]",3
CRYSTAL VALLEY SOL,SAMPLE SET-CRYSTAL VALLEY SOL. - [GCSAMPLES12],1
CRYSTAL VALLEY W O,CRYSTAL VALLEY 3/4 X 2-1/4 W/O - [GQCVO21443],1
CUSTOM BRAZ WALNUT,CUSTOM NOSING BRAZ.WALNUT - [MONOSOBW],1
CUSTOM DOUGLAS FIR,CUSTOM NOSING DOUGLAS FIR - [MONOSOD],1
CUSTOM RISER WALUT,CUSTOM RISER WALUT (LF) - [MORISOWLF],1
CYN CREST GLENWOOD,CYN.CREST BASESHOE GLENWOOD - [GCCYBSO05]; CYN.CREST 8' NOSING GLENWOOD - [GCCYNO8O05]; CYN.CREST 8' REDUCER GLENWOOD - [GCCYRE8O05]; CYN.CREST 8' T-MOULD GLENWOOD - [GCCYTM8O05],4
CYN CREST KINGSTON,CYN.CREST BASESHOE KINGSTON - [GCCYBSO06]; CYN.CREST 8' NOSING KINGSTON - [GCCYNO8O06]; CYN.CREST 8' REDUCER KINGSTON - [GCCYRE8O06]; CYN.CREST 8' T-MOULD KINGSTON - [GCCYTM8O06],4
CYN CREST SUMIDERO,CYN.CREST BASESHOE SUMIDERO - [GCCYBSO12]; CYN.CREST 8' NOSING SUMIDERO - [GCCYNO8O12]; CYN.CREST 8' REDUCER SUMIDERO - [GCCYRE8O12]; CYN.CREST 8' T-MOULD SUMIDERO - [GCCYTM8O12],4
DIS JATOBA CHOCOLA,CHOCOLATE - 3/4 X 3 3/4 DIS JATOBA CHOCOLA - [PQDBC33402],1
DS DIAMOND VINTAGE,DESIGNER SAMPLE - DS - DIAMOND WHITE OAK VINTAGE - [GWC-DSDIO104],1
DU BOIS UNFINISHED,DU BOIS NOSING 8' UNFINISHED - [GCDBNO8O00],1
END CAP EVERGLADES,GARRISON END CAP EVERGLADES - [GCLAEC7506],1
END CAP MYSTIC ASH,AQUA BLUE BY GARRISON - END CAP - MYSTIC ASH - [GVWPCEC104],1
END CAP SAN MARINO,AQUA BLUE BY GARRISON - END CAP - SAN MARINO OAK - [GVWPCEC109],1
END CAP SANDALWOOD,NATURESTEP - END CAP - SANDALWOOD - [GVNSEC805],1
END CAP SILVERLEAF,NATURESTEP - END CAP - SILVERLEAF - [GVNSEC807],1
END CAP SUN KISSED,AQUA BLUE II BY GARRISON - END CAP - SUN-KISSED - [GVWPCIIEC903],1
EXO ACA BRONZE OMP,"25"" X 28"" - PANEL - EXO. ACA. BRONZE *OMP* - [GCSBEXA5146-2528]",1
EXO BRZ CHERRY OMP,"25"" X 28"" - PANEL - EXO. BRZ. CHERRY *OMP* - [GCSBEXB538-2528]",1
EXO P ROSEWOOD OMP,"25"" X 28"" - PANEL - EXO. P. ROSEWOOD *OMP* - [GCSBEXPR538-2528]",1
EXOTIC ACACIA GOLD,EXOTIC BASESHOE ACACIA GOLD - [GCEXBSAH147]; ACAICA - EXOTIC 7' T-MOULD ACACIA GOLD - [GCEXTM7A147]; ACAICA - EXOTIC 8' T-MOULD ACACIA GOLD - [GCEXTM8A147]; ACAICA - EXOTIC 4' T-MOULD ACACIA GOLD - [GCEXTM4A147]; ACAICA - EXOTIC 6' T-MOULD ACACIA GOLD - [GCEXTM6A147],5
EXOTIC BRAZ CHERRY,NATURAL - EXOTIC 1/2 X 3-1/4 BRAZ/CHERRY - [GHEXBC31438]; LOW SHEEN - EXOTIC 7' T-MOULD BRAZ/CHERRY - [GCEXTM7B38]; BRAZILIAN CHERRY - EXOTIC 8' T-MOULD BRAZ/CHERRY - [GCEXTM8B38]; HIGH SHEEN - EXOTIC 7' T-MOULD BRAZ/CHERRY - [GCEXTM7B38HS]; LOW SHEEN - EXOTIC 4' T-MOULD BRAZ/CHERRY - [GCEXTM4B38]; EXOTIC 6' T-MOULD BRAZ/CHERRY - [GCEXTM6B38],6
FAS HICK PECAN M B,UNFIN - 3/4 X 5 FAS HICK/PECAN M.B. - [LQ5FHM]; UNFIN - 3/4 X 7 FAS HICK/PECAN M.B. - [LQ7FHM]; UNFIN - 3/4 X 4 FAS HICK/PECAN M.B. - [LQ4FHM]; UNFIN - 3/4 X 3 FAS HICK/PECAN M.B. - [LQ3FHM],4
FAS HICK PECAN S E,UNFIN - 3/4 X 7 FAS HICK/PECAN S.E - [LQ7FHS],1
FAS Q W O LL SE EM,"3/4 X 3"" FAS R/Q W/O LL SE EM - [LQ3FRQOSEM]",1
FAS RIFT QTR O S E,"3/4 X 4"" FAS RIFT/QTR R/O S.E - [LQ4FRQRS]; 3/4 X 6"" FAS RIFT/QTR R/O S.E - [LQ6FRQRS]; 3/4 X 8"" FAS RIFT/QTR R/O S.E - [LQ8FRQRS]",3
FC ARMAGNAC BALTIC,"FRENCH OAK - SAMPLE - FC 7"" ARMAGNAC BALTIC - [GFFCSBB7O120]",1
FC OLD GREY BALTIC,"FRENCH OAK - SAMPLE - FC 7"" OLD GREY BALTIC - [GFFCSBB7O77]",1
FC PROVENCE BALTIC,"FRENCH OAK - SAMPLE - FC 7"" PROVENCE BALTIC - [GFFCSBB7O102]",1
FC TOULOUSE BALTIC,"FRENCH OAK - SAMPLE - FC 7"" TOULOUSE BALTIC - [GFFCSBB7O121]",1
FCII VINTAGE W WAS,"FRENCH OAK - SAMPLE - FCII 7"" VINTAGE W.WAS - [GFFCSBII7O87]",1
FINGER JOINT TREAD,FINGER JOINT TREAD HICKORY - [MOTRHFJ]; FINGER JOINT TREAD MAPLE - [MOTRMFJ],2
FLOOR INTERLOCKING,SPORTS FLOOR 8MM INTERLOCKING - [SFIL08]; SPORTS FLOOR 9MM INTERLOCKING - [SFIL09]; SPORTS FLOOR 12MM INTERLOCKING - [SFIL12]; SPORTS FLOOR 12MM INTERLOCKING - [SFIL12-GREY],4
FLUSH BLACK CANYON,GAR.FLUSH NOSING BLACK CANYON - [GCLAFNO7502],1
FLUSH BRYCE CANYON,GAR.FLUSH NOSING BRYCE CANYON - [GCLAFNO7503],1
FLUSH BURNT BRONZE,BURNT BRONZE - FLUSH NOSING BURNT BRONZE - [LALXFNOHS05],1
FLUSH CANYON LANDS,GAR.FLUSH NOSING CANYON LANDS - [GCLAFNO7504],1
FLUSH CITRUS AMBER,CITRUS AMBER - *FLUSH NOSING CITRUS AMBER - [LALXFNOCS01],1
FLUSH DARK SCARLET,DARK SCARLET - FLUSH NOSING DARK SCARLET - [LALXFNOSS02],1
FLUSH ESPRESSO WAL,WALNUT ESPRESSO - FLUSH NOSING ESPRESSO WAL. - [LALXFNORH02],1
FLUSH GINGER TAUPE,GINGER TAUPE - FLUSH NOSING GINGER TAUPE - [LALXFNOHS06],1
FLUSH HAMPTON LAVA,HAMPTON LAVA - FLUSH NOSING HAMPTON LAVA - [LALXFNOSS03],1
FLUSH ISLAND SHORE,ISLAND SHORE - FLUSH NOSING ISLAND SHORE - [LALXFNOHS02],1
FLUSH MERITAGE ASH,AQUA BLUE II BY GARRISON - FLUSH NOSING - MERITAGE ASH - [GVWPCIIFNO105],1
FLUSH MOCHA WALNUT,MOCHA WALNUT - FLUSH NOSING MOCHA WALNUT - [LALXFNORH03],1
FLUSH WEST VILLAGE,METROPOLITAN - FLUSH NOSING - WEST VILLAGE - [GVMPFNO706],1
FRENCH ANT CARAMEL,OAK PLY - FRENCH OAK 9/16 X 7ANT.CARAMEL - [GNFCIIO779]; OAK PLY - FRENCH OAK 5/8 X 7 ANT.CARAMEL - [GFFCO779],2
FRENCH CONN COGNAC,FRENCH CONN. BASESHOE COGNAC - [GCBSOH95],1
G CHOCOLATE CHERRY,"DISTRESSED - *G3 NOSING CHOCOLATE CHERRY - [GCNO7CH24]; *G3 REDUCER CHOCOLATE CHERRY - [GCRE7CH24]; 1/2"" - SAMPLE - G3 CHOCOLATE CHERRY - [GHIII5SBC24]",3
GC LAMINATE TOULON,SAMPLE - GC LAMINATE TOULON - [GCLASB007],1
GII CHOCOLATE CHER,CHERRY - GII 7' T-MOULD CHOCOLATE CHER. - [GCIITM7C24]; CHERRY - GII 8' T-MOULD CHOCOLATE CHER. - [GCIITM8C24]; CHERRY - GII 7' REDUCER CHOCOLATE CHER. - [GCIIRE7C24]; CHERRY - GII 8' REDUCER CHOCOLATE CHER. - [GCIIRE8C24],4
GII WALNUT NATURAL,GII 7' T-MOULD WALNUT NATURAL - [GCIITM7W38]; GII 8' T-MOULD WALNUT NATURAL - [GCIITM8W38]; GII 7' REDUCER WALNUT NATURAL - [GCIIRE7W38]; GII 8' REDUCER WALNUT NATURAL - [GCIIRE8W38]; WALNUT DISTRESSED - GII 7' NOSING WALNUT NATURAL - [GCIINO7W38]; WALNUT DISTRESSED - GII 8' NOSING WALNUT NATURAL - [GCIINO8W38],6
H PECAN CHESAPEAKE,"DISTRESSED - 1/2"" NOSING H.PECAN CHESAPEAKE - [GCNO7HH04]",1
HANDSET BELLISSIMO,HANDSET - BELLISSIMO - [GCKEYSET100],1
HANDSET SILVERLINE,HANDSET - SILVERLINE - [GCKEYSET21],1
HANDSET WANDERLUXE,HANDSET - WANDERLUXE - [GCKEYSET53],1
IEE CRAFTSMAN BASE,MAPLE - NONSTOCK - 5/8 X 4-3/8 IEE CRAFTSMAN BASE - [MOBB348MP],1
ILLUMIN FLUSH BEAM,ILLUMIN8 FLUSH NOSING BEAM - [GLILFNO802],1
ILLUMIN FLUSH DUSK,ILLUMIN8 FLUSH NOSING DUSK - [GLILFNO803],1
ILLUMIN MOLD FLASH,ILLUMIN8 T-MOLD FLASH - [GLILTM804],1
ILLUMIN MOLD GLAZE,ILLUMIN8 T-MOLD GLAZE - [GLILTM805],1
ILLUMIN MOLD SPARK,ILLUMIN8 T-MOLD SPARK - [GLILTM808],1
ILLUMIN TREAD BEAM,ILLUMIN8 TREAD BEAM - [GLILTR802],1
ILLUMIN TREAD DUSK,ILLUMIN8 TREAD DUSK - [GLILTR803],1
JOINT TREAD WALNUT,FINGER JOINT TREAD WALNUT - [MOTRWFJ],1
LA JOLLA MEDALLION,OSHKOSH LA JOLLA MEDALLION - [OK4307],1
LAM TREAD AMER CHE,"11-3/4"" LAM. TREAD - AMER. CHE - [MOTRC]",1
LAMINATE BLUE FOAM,LAMINATE BLUE FOAM 200 SF - [LAUNBLFOAM],1
LAMINATE BOARDWALK,BOARDWALK - *LAMINATE NOSING BOARDWALK - [LALXNORH08]; BOARDWALK - LAMINATE REDUCER BOARDWALK - [LALXRERH08]; BOARDWALK - LAMINATE T-MOULD BOARDWALK - [LALXTMRH08],3
LAMINATE BRAZ GOLD,*LAMINATE NOSING BRAZ.GOLD - [LALXNOHG04]; *LAMINATE REDUCER BRAZ. GOLD - [LALXREHG04]; *LAMINATE T-MOULD BRAZ. GOLD - [LALXTMHG04],3
LAMINATE BRN ALDER,LAMINATE REDUCER RED BRN ALDER - [LARECW873381],1
LAMINATE BROWN ALD,LAMINATE BABY-T RED BROWN ALD - [LABTCW873381],1
LAMINATE BUTTERNUT,LAMINATE BUTTERNUT - [LACWD032],1
LAMINATE CLASSIQUE,*LAMINATE NOSING CLASSIQUE - [LALXNORH06]; *LAMINATE REDUCER CLASSIQUE - [LALXRERH06]; *LAMINATE T-MOULD CLASSIQUE - [LALXTMRH06],3
LAMINATE DRIFTWOOD,DRIFTWOOD - LAMINATE NOSING DRIFTWOOD - [LANOCHDW12]; DRIFTWOOD - LAMINATE TMOLD  DRIFTWOOD - [LATMCHDW12]; LAMINATE - LAMINATE NOSING DRIFTWOOD - [GCLANOETCHDW12],3
LAMINATE HERRITAGE,LAMINATE DIST HERRITAGE OAK - [LACWD811]; LAMINATE REDUCER HERRITAGE OAK - [LARECWD811],2
LAMINATE JAMESTOWN,LAMINATE REDUCER JAMESTOWN - [LARECWL90183],1
LAMINATE MOLD LIVE,LAMINATE T-MOLD LIVE OAK - [LATML12CVLO],1
LAMINATE MOLD RICH,LAMINATE T-MOLD RICH OAK - [LATML12NDRO],1
LAMINATE QTR IBIZA,*LAMINATE QTR IBIZA - [LALXQRSS04],1
LAMINATE QTR ROUND,SAND DOLLAR - LAMINATE QTR ROUND - [LAETCHSD12QR],1
LAMINATE RUBY EKKI,LAMINATE DIST RUBY EKKI - [LACWS8213],1
LAMINATE S CYPRESS,SIENNA C - *LAMINATE REDUCER S. CYPRESS - [LALXREHS04],1
LAMINATE SANDOLLAR,AVIGNON/TOULON - LAMINATE T-MOULD   SANDOLLAR - [LATMETC36TM],1
LAMINATE SEA SHELL,SEA SHELL - *LAMINATE NOSING SEA SHELL - [LALXNORH07]; SEA SHELL - LAMINATE REDUCER SEA SHELL - [LALXRERH07]; SEA SHELL - LAMINATE T-MOULD SEA SHELL - [LALXTMRH07],3
LAMINATE TIGERWOOD,LAMINATE NOSING TIGERWOOD - [LANOL8CVTW]; LAMINATE REDUCER TIGERWOOD - [LAREL8CVTW],2
LAMINATE VERT CARB,LAMINATE NOSING VERT/CARB - [LALXNOBA02]; LAMINATE T-MOULD VERT/CARB - [LALXTMBA02]; LAMINATE REDUCER VERT/CARB - [LALXREBA02],3
LAMINATE WEATHERED,LAMINATE WEATHERED MAPLE - [LAEDF181],1
LAY VINYL PACIFICA,LOOSE LAY VINYL PACIFICA - [GVLL206],1
LEGENDS ROMANTIQUE,LEGENDS NOSING 8' ROMANTIQUE - [GCLENO8O9504]; LEGENDS REDUCER 8' ROMANTIQUE - [GCLERE8O9504],2
LEGENDS WALNUT NAT,LEGENDS NOSING 8' WALNUT NAT - [GCLENO8W7501]; LEGENDS REDUCER 8' WALNUT NAT - [GCLERE8W7501]; LEGENDS T-MOULD 8' WALNUT NAT - [GCLETM8W7501],3
LUXURY DARK RUSSET,SAMPLE - LUXURY DARK RUSSET - [LALXSBME02],1
LUXURY RICH WALNUT,SAMPLE - LUXURY RICH WALNUT - [LALXSBCS05],1
LUXURY SAND NUTMEG,SAMPLE - LUXURY SAND NUTMEG - [LALXSBSS01],1
LUXURY VINYL OLIVE,DEEP EMBOSSED - LUXURY VINYL OLIVE - [GVLX002],1
LUXURY VINYL PECAN,DEEP EMBOSSED - LUXURY VINYL HICKORY PECAN - [GVLX004],1
MANHATTAN PARADISE,WATERFALL - NP ADD-ON MANHATTAN/PARADISE - [GCSETNP-2228ADD],1
MANNI RL PREFINISH,NATURAL - 5/8 X 3 1/2 MANNI RL PREFINISH - [MIF312MA],1
MAX WINDSOR CHERRY,NATURAL - MAX WINDSOR NOSING A. CHERRY - [MWNO89],1
MDF NEWPORT CASING,MDF - NONSTOCK - 11/16X2-7/8 MDF NEWPORT CASING - [MOCAMD125MUL],1
MEGACLIC ARROWHEAD,MEGACLIC REDUCER ARROWHEAD - [LAMCREAS3203]; MEGACLIC SQ. NOSING ARROWHEAD - [LAMCFSNOAS3203],2
MEGACLIC MOLD OPAL,MEGACLIC T-MOLD OPAL - [LAMCTMDN8708],1
MEGACLIC MOLD SANA,MEGACLIC T-MOLD SANA - [LAMCTMAS3116],1
MEGACLIC MOONLIGHT,MEGACLIC SQ. NOSING MOONLIGHT - [LAMCFSNOAS3109],1
MOLD BEECH NATURAL,BEECH NAT - LAMINATE T-MOLD BEECH NATURAL - [LATMCW87634],1
MOLD CLASS CYPRESS,LAMINATE T-MOLD CLASS. CYPRESS - [LATML12NDCC],1
MOLD CLASSIC BEECH,LAMINATE T-MOLD CLASSIC BEECH - [LAMLTML12CVCB],1
MOLD COLUMBIAN WAL,LAMINATE T-MOLD COLUMBIAN WAL - [LATMCW212],1
MOLD DARK MAHOGANY,LAMINATE T-MOLD DARK MAHOGANY - [LATMCWD7212]; LAMINATE T-MOLD DARK MAHOGANY - [LATML8CVDM],2
MOLD DEEP MAHOGANY,LAMINATE T-MOLD DEEP MAHOGANY - [LATML12HDDM],1
MOLD GOLDEN WALNUT,GOLDEN WAL - LAMINATE T MOLD GOLDEN WALNUT - [LATMPEGW12],1
MOLD JAMESTOWN AUT,LAMINATE T-MOLD JAMESTOWN AUT. - [LATMCWL90183],1
MOLD MIDNIGHT HICK,MIDNIGHT H - LAMINATE T MOLD MIDNIGHT HICK. - [LATMPEMH12],1
MOLD RICH MAHOGANY,LAMINATE T-MOLD RICH MAHOGANY - [LATML12NDEA]; LAMINATE T-MOLD RICH MAHOGANY - [LATML8MERM],2
MOLD ROYAL MAHOGAN,*LAMINATE T-MOLD ROYAL MAHOGAN - [LALXTMHS01],1
MOLD SIENNA CYPRES,*LAMINATE T-MOLD SIENNA CYPRES - [LALXTMHS04],1
MOLD SMOKEY WALNUT,LAMINATE T-MOLD SMOKEY WALNUT - [LATM12PSSSW],1
MOLD SPANISH PECAN,SPANISH P. - LAMINATE T-MOLD SPANISH PECAN - [LATMCW619],1
MOLD TOATED WALNUT,HI-GLOSS - LAMINATE T-MOLD TOATED WALNUT - [LATML12PSSTW],1
MOLDING ANT WALNUT,ANT WALNUT - LAMINATE T MOLDING ANT. WALNUT - [LATMHM45TM],1
MOSAIC WALNUT JAVA,DESIGNER SAMPLE - DS - MOSAIC WALNUT JAVA - [GWC-DSMOW101]; SAMPLE BOARD - SB - MOSAIC WALNUT JAVA - [GWC-SBMOW101],2
MOSAIC WALNUT MINK,DESIGNER SAMPLE - DS - MOSAIC WALNUT MINK - [GWC-DSMOW102]; SAMPLE BOARD - SB - MOSAIC WALNUT MINK - [GWC-SBMOW102],2
MUL CAPE CODE BASE,MAPLE - NONSTOCK - 7/16X3-7/8 MUL CAPE CODE BASE - [MOBBMA310]; BRAZ/CHERR - NONSTOCK - 7/16X3-7/8 MUL CAPE CODE BASE - [MOBBBC310],2
MW SANTOS MAHOGANY,NATURAL - MW NOSING SANTOS MAHOGANY - [MWNO88]; NATURAL - MW SQ. NOSING SANTOS MAHOGANY - [MWNO88S],2
NATURESTEP GLACIER,WATERFALL - PANEL - NATURESTEP GLACIER - [GCSBNS802-2323]; TREAD - NATURESTEP GLACIER - [GVNSTR802],2
NEWPORT B PARADISE,OAK - NEWPORT 8' B. T-HOLD PARADISE - [GCNPBT8O212],1
NEWPORT PARADISE C,OAK - NEWPORT 8' REDUCER PARADISE C - [GCNPRE8O212]; OAK - NEWPORT 8' T-MOULD PARADISE C - [GCNPTM8O212],2
NEWPORT PREF RISER,NEWPORT PREF.RISER - [GCRICNP],1
NEWPORT UNFINISHED,NEWPORT NOSING 8' UNFINISHED - [GCNPNO8O00],1
NEWPORT ZUMA BEACH,NEWPORT BASESHOE ZUMA BEACH - [GCNPBSOH208]; OAK - NEWPORT 7' T-MOULD ZUMA BEACH - [GCNPTM7O208]; OAK - NEWPORT 8' T-MOULD ZUMA BEACH - [GCNPTM8O208]; OAK - NEWPORT 7' REDUCER ZUMA BEACH - [GCNPRE7O208]; OAK - NEWPORT 8' REDUCER ZUMA BEACH - [GCNPRE8O208]; OAK - NEWPORT 7' NOSING ZUMA BEACH - [GCNPNO7O208]; OAK - NEWPORT 8' NOSING ZUMA BEACH - [GCNPNO8O208]; WATERFALL - PANEL - NEWPORT ZUMA BEACH - [GCSBN208-2228]; WATERFALL - PANEL - NEWPORT ZUMA BEACH - [GCSBNP208-2228],9
NOUVELLE ANTIQUITY,NOUVELLE T-MOULD ANTIQUITY OAK - [GCNVTMOF01]; NOUVELLE BASESHOE ANTIQUITY - [GCNVBSOH01]; ANTIQUITY - NOUVELLE 7' T-MOULD ANTIQUITY - [GCNVTM7O01]; ANTIQUITY - NOUVELLE 8' T-MOULD ANTIQUITY - [GCNVTM8O01]; ANTIQUITY - NOUVELLE 7' REDUCER ANTIQUITY - [GCNVRE7O01]; ANTIQUITY - NOUVELLE 8' REDUCER ANTIQUITY - [GCNVRE8O01]; ANTIQUITY - NOUVELLE 7' NOSING ANTIQUITY - [GCNVNO7O01]; ANTIQUITY - NOUVELLE 8' NOSING ANTIQUITY - [GCNVNO8O01],8
NOUVELLE MOONSTONE,NOUVELLE T-MOULD MOONSTONE OAK - [GCNVTMOF04]; MOONSTONE - NOUVELLE 7' T-MOULD MOONSTONE - [GCNVTM7O04]; MOONSTONE - NOUVELLE 8' T-MOULD MOONSTONE - [GCNVTM8O04]; MOONSTONE - NOUVELLE 7' REDUCER MOONSTONE - [GCNVRE7O04]; MOONSTONE - NOUVELLE 8' REDUCER MOONSTONE - [GCNVRE8O04]; NOUVELLE 7' NOSING MOONSTONE - [GCNVNO7O04]; NOUVELLE 8' NOSING MOONSTONE - [GCNVNO8O04],7
NOUVELLE WEATHERED,NOUVELLE T-MOULD WEATHERED - [GCNVTMWF12]; WEATHERED - NOUVELLE 7' T-MOULD WEATHERED - [GCNVTM7W12]; WEATHERED - NOUVELLE 8' T-MOULD WEATHERED - [GCNVTM8W12]; WEATHERED - NOUVELLE 7' REDUCER WEATHERED - [GCNVRE7W12]; WEATHERED - NOUVELLE 8' REDUCER WEATHERED - [GCNVRE8W12]; WEATHERED - NOUVELLE 7' NOSING WEATHERED - [GCNVNO7W12]; WEATHERED - NOUVELLE 8' NOSING WEATHERED - [GCNVNO8W12],7
NOUVELLE WINTERSET,NOUVELLE T-MOULD WINTERSET - [GCNVTMOF09]; WINTERSET - NOUVELLE 7' T-MOULD WINTERSET - [GCNVTM7O09]; WINTERSET - NOUVELLE 8' T-MOULD WINTERSET - [GCNVTM8O09]; WINTERSET - NOUVELLE 7' REDUCER WINTERSET - [GCNVRE7O09]; WINTERSET - NOUVELLE 8' REDUCER WINTERSET - [GCNVRE8O09]; WINTERSET - NOUVELLE 7' NOSING WINTERSET - [GCNVNO7O09]; WINTERSET - NOUVELLE 8' NOSING WINTERSET - [GCNVNO8O09],7
OASIS AFRI SAPELLI,DISTRESSED - OASIS 9/16X5 AFRI.SAPELLI DIST - [OA9165ASED],1
OASIS SANTOS MAHOG,"NATURAL - OASIS 1/2"" NOSING SANTOS MAHOG - [OANOHSN]",1
OCEAN DRIVE BORDER,PREFINSHED - OSHKOSH OCEAN DRIVE BORDER - [OK117PF],1
OCEAN DRIVE CORNER,PREFINSHED - OSHKOSH OCEAN DRIVE CORNER - [OK117C],1
OMNI PREMIUM WALNU,NATURAL - OMNI 1/2 X 3-1/4 PREMIUM WALNU - [OMH314PWN],1
OYSTER WALNUT JAVA,DESIGNER SAMPLE - DS - OYSTER WALNUT JAVA - [GWC-DSOYW101]; SAMPLE BOARD - SB - OYSTER WALNUT JAVA - [GWC-SBOYW101],2
OYSTER WALNUT MINK,DESIGNER SAMPLE - DS - OYSTER WALNUT MINK - [GWC-DSOYW102]; SAMPLE BOARD - SB - OYSTER WALNUT MINK - [GWC-SBOYW102],2
PARADISE VALLEY CH,WHITE CHERRY - PANEL-PARADISE VALLEY WHITE CH - [GCSBPVC02-1924],1
PARQUET CASABLANCA,GARRISON PARQUET CASABLANCA - [GCPACASABLANCA],1
PATAGONIAN ROSEWOO,3/4 X 4-7/8 PATAGONIAN ROSEWOO - [GQMOPR47838]; RUBY - 3/4 X 3-5/8 PATAGONIAN ROSEWOO - [JFSWP9295R]; BURGANDY - 3/4 X 4 3/4 PATAGONIAN ROSEWOO - [JFLAMZS12211],3
PINE CORNERS GUARD,PINE SOLID - NONSTOCK - 1 1/8 X 1/8 PINE CORNERS GUARD - [MOCOE723],1
PLUS FRENCH QUATER,"WHITE OAK - SAMPLE - PLUS 5"" FRENCH QUATER - [GNPL5SBO46]",1
PREM W O SE CALCOR,CONTRACTORS CHOICE - 5/8 X 2-1/4 PREM.W/O SE CALCOR - [GFCOO214PSSB]; CONTRACTORS CHOICE - 5/8 X 3-1/4 PREM.W/O SE CALCOR - [GFCOO314PSSB],2
PREMIUM WALNUT S E,CON.CHOICE - *5/8 X 4 PREMIUM WALNUT S.E - [GFCOW4PS]; CON.CHOICE - 5/8 X 5 PREMIUM WALNUT S.E - [GFCOW5PS]; CON.CHOICE - *5/8 X 6 PREMIUM WALNUT S.E - [GFCOW6PS]; CON.CHOICE - 5/8 X 7 PREMIUM WALNUT S.E - [GFCOW7PS],4
PYINKADO PREFINISH,NATURAL - 5/8 X 3 1/2 PYINKADO PREFINISH - [MIF312PY],1
QTR BRAZILIAN GOLD,*LAMINATE QTR BRAZILIAN GOLD - [LALXQRHG04],1
QTR COASTAL BREEZE,COASTAL BREEZE - LAMINATE QTR COASTAL BREEZE - [LALXQRCS07],1
QTR COLONIAL BROWN,LAMINATE QTR COLONIAL BROWN - [LALXQRCS02],1
QTR GOLDEN HARVEST,LAMINATE QTR GOLDEN HARVEST - [LALXQRME04],1
QTR NATURAL WALNUT,LAMINATE QTR NATURAL WALNUT - [LALXQRHS08],1
QTR ROUND CHARCOAL,ELEMENTS - QTR.ROUND - CHARCOAL - [GVSPCQR1202],1
QTR ROUND COLONIAL,AQUA BLUE II BY GARRISON - QTR. ROUND - COLONIAL OAK - [GVWPCIIQR111],1
QTR ROUND CORONADO,AQUA BLUE BY GARRISON - QTR. ROUND - CORONADO OAK - [GVWPCQR101],1
QTR ROUND HACIENDA,AQUA BLUE II BY GARRISON - QTR. ROUND - HACIENDA OAK - [GVWPCIIQR104],1
QTR ROUND HAZELNUT,NATURESTEP - QTR.ROUND - HAZELNUT - [GVNSQR803],1
QTR ROUND STARDUST,VINYLNOVA - QTR. ROUND - STARDUST - [GVVNQR911],1
QTR ROUND TWILIGHT,VINYLNOVA - QTR. ROUND - TWILIGHT - [GVVNQR912],1
QTR ROUND YOSEMITE,AQUA BLUE BY GARRISON - QTR. ROUND - YOSEMITE OAK - [GVWPCQR111],1
QTR ROYAL MAHOGANY,*LAMINATE QTR ROYAL MAHOGANY - [LALXQRHS01],1
QTR SIENNA CYPRESS,*LAMINATE QTR SIENNA CYPRESS - [LALXQRHS04],1
QTR VINTAGE CHERRY,LAMINATE QTR VINTAGE CHERRY - [LALXQRCS04],1
QUARTER ROUND BEAM,ILLUMIN8 QUARTER ROUND BEAM - [GLILQR802],1
QUARTER ROUND DUSK,ILLUMIN8 QUARTER ROUND DUSK - [GLILQR803],1
QUARTER ROUND EVRY,LAMINATE - GARRISON QUARTER ROUND EVRY - [GCLAQR002],1
QUARTER ROUND FOIX,LAMINATE - *GARRISON QUARTER ROUND FOIX - [GCLAQR010],1
QUARTER ROUND HERA,MYTHOLOGY - QUARTER ROUND - HERA - [GVGAQR704],1
QUARTER ROUND IRIS,SECRET GARDEN SPC - QUARTER ROUND - IRIS - [GVSGQR706],1
QUARTER ROUND LILY,SECRET GARDEN SPC - QUARTER ROUND - LILY - [GVSGQR707],1
QUARTER ROUND NIME,LAMINATE - GARRISON QUARTER ROUND NIME - [GCLAQR004],1
QUARTER ROUND ROSE,SECRET GARDEN SPC - QUARTER ROUND - ROSE - [GVSGQR711],1
QUARTER ROUND ZEUS,MYTHOLOGY - QUARTER ROUND - ZEUS - [GVGAQR706],1
RANDOM WIDTH PAOLO,DAVINCI - *HICKORY RANDOM WIDTH PAOLO - [GNDVH23566],1
REDCUER EVERGLADES,GARRISON REDCUER EVERGLADES - [GCLARE7506],1
RIDGE WALNUT PEARL,DESIGNER SAMPLE - DS - RIDGE WALNUT PEARL - [GWC-DSRIW104]; SAMPLE BOARD - SB - RIDGE WALNUT PEARL - [GWC-SBRIW104],2
RISER FINGER JOINT,WALNUT - 3/4 x 7-1/4 RISER FINGER JOINT - [MORIWFJ],1
ROBINS TH AVE O BE,"CHABLIS - ROBINS 5TH AVE PLANK 3"" R/O BE - [ROH467C]; CHABLIS - ROBINS 5TH AVE PLANK 5"" R/O BE - [ROH468C]",2
ROUND BLACK CANYON,GAR.QTR.ROUND BLACK CANYON - [GCLAQR7502],1
ROUND BRYCE CANYON,GAR.QTR.ROUND BRYCE CANYON - [GCLAQR7503],1
ROUND CANYON LANDS,GAR.QTR.ROUND CANYON LANDS - [GCLAQR7504],1
ROUND HORIZONTAL C,CARBONIZED - BAMBOO QTR ROUND HORIZONTAL C - [BAQRBHC],1
ROUND MERITAGE ASH,AQUA BLUE II BY GARRISON - QTR. ROUND - MERITAGE ASH - [GVWPCIIQR105],1
ROUND WEST VILLAGE,METROPOLITAN - QTR.ROUND - WEST VILLAGE - [GVMPQR706],1
S B SANTOS MAHOGAN,1/2 X 3-1/4 S/B SANTOS MAHOGAN - [UW12314SSN],1
S B W O HONEY ROSE,3/4 X 3-1/4 S/B W/O HONEY ROSE - [UW34312SOH],1
S LINE BASE POPLAR,"5/8 x 2 1/2,S-LINE BASE,POPLAR - [MOSL582P]; 5/8 x 3 1/2,S-LINE BASE,POPLAR - [MOSL583P]",2
S MAHOGANY NATURAL,SMOOTH - 1/2 X 5 2MM S.MAHOGANY NATURAL - [ENHSM538],1
SANTOS MAHOGAN NAT,DISTRESSED - GII NOSING SANTOS MAHOGAN NAT - [GCNO7SN38],1
SANTOS MAHOGANY SE,UNFIN - 3/4X3 CLEAR SANTOS MAHOGANY SE - [RQ3CSS],1
SANTOS MAHOGANY SW,NATURAL - T-MOLD SANTOS MAHOGANY 7' SW - [SWTMSN],1
SB DIAMOND VINTAGE,SAMPLE BOARD - SB - DIAMOND WHITE OAK VINTAGE - [GWC-SBDIO104],1
SCRIBE AMER CHERRY,3/16 x 3/4 SCRIBE AMER.CHERRY - [MOSC316C],1
SECRET GARDEN LILY,"LILY - PANEL-SECRET GARDEN LILY 9"" - [GCSBSG907-2724]",1
SEL HICK PECAN S E,5/8 X 5 SEL. HICK/PECAN S.E. - [AMF5SHS]; 3/4 X 5 SEL HICK/PECAN S.E R.L - [RQ5SHS],2
SEL QTR W O S E LL,"3/4"" X 3"" SEL/QTR W/O S.E. LL - [L343QOS]",1
SELECT B CHERRY SE,CON.CHOICE - 5/8 X 3 1/4 SELECT B.CHERRY SE - [GFCOB314SS]; CON.CHOICE - 5/8 X 5 SELECT B.CHERRY SE - [GFCOB5SS],2
SELECT BRAZ CHERRY,"UNFINISHED - 3/4 x 3-1/4""SELECT BRAZ/CHERRY - [RQ314SBS]",1
SEMO MAHO DANDALOO,3/4X4-3/4 SEMO MAHO. DANDALOO - [PQSDAN01],1
SET CAROLINA C OMP,"25"" X 28"" - SAMPLE SET - CAROLINA C. *OMP* - [GCSETCC-2528]",1
SET CRYSTAL VALLEY,SAMPLE SET-CRYSTAL VALLEY ENG. - [GCSAMPLES11],1
SET FRENCH CONN II,SAMPLE SET - FRENCH CONN. II - [GCSAMPLES15],1
SET NEW NATURESTEP,WATERFALL - SAMPLE SET NEW - NATURESTEP - [GCSETNSN-2323],1
SET O S NATURESTEP,WATERFALL - SAMPLE SET O/S - NATURESTEP - [GCSETNS-2323],1
SET SOUTHERN CHARM,WATERFALL - SAMPLE SET - SOUTHERN CHARM - [GCSETSC-2323],1
SHEOGA KIT SPECIES,UNFINISHED W/CLEAR COAT - SHEOGA SAMPLE KIT - SPECIES - [PFSHSA03],1
SHOE SANTOS MAHOGA,"1/2"" BASE SHOE - SANTOS MAHOGA - [MOBS12S]",1
SILVERLINE CHAMPAG,"BIRCH - SAMPLE - SILVERLINE 6"" CHAMPAG - [GHSL6BISB128]",1
SLIP TONGUE POPLAR,1/2 SLIP TONGUE - POPLAR - [MOST12]; 3/4 SLIP TONGUE - POPLAR - [MOST34],2
SM ANTIQUE CALCORE,"GII SMOOTH - WALNUT 5"" SM. ANTIQUE CALCORE - [GNSSW523SB]",1
SM CHATEAU CALCORE,"GII SMOOTH - HICKORY 5"" SM. CHATEAU CALCORE - [GNSSH551SB]",1
SM NATURAL CALCORE,"GII SMOOTH - HICKORY 5"" SM. NATURAL CALCORE - [GNSSH538SB]; GII SMOOTH - WALNUT 5"" SM. NATURAL CALCORE - [GNSSW538SB]",2
SPECIAL ORDER MISC,SPECIAL ORDER MISC. - [LQSO],1
SPECIAL ORDER TILE,SPECIAL ORDER TILE - [TSTILE],1
STRAND BAMBOO CARB,LIGHT - GARRSION STRAND BAMBOO CARB. - [GFBA36SC]; DARK - GARRSION STRAND BAMBOO CARB. - [GFBA36SCD],2
SUMMIT SKY ROCKIES,WATERFALL ORIGINAL - PANEL- SUMMIT SKY HB ROCKIES - [GCSBSSPH504-2228]; WATERFALL ORIGINAL - PANEL- SUMMIT SKY HB ROCKIES - [GCSBSSPH504-2424],2
TI CHERRY KINGSTON,TI2 NOSING CHERRY KINGSTON - [GCNO7CH137],1
TIGER ROUGH LUMBER,5/4 TIGER WOOD ROUGH LUMBER - [LUT154],1
TOTE TIME INSPIRED,TOTE BOARD - TIME INSPIRED - [GCKEYSET14],1
TREAD BURNT BRONZE,LAMINATE TREAD BURNT BRONZE - [LALXTRHS05],1
TREAD ISLAND SHORE,ISLAND SHORE - LAMINATE TREAD ISLAND SHORE - [LALXTRHS02],1
TREAD MERITAGE ASH,AQUA BLUE II BY GARRISON - TREAD - MERITAGE ASH - [GVWPCIITR105],1
TREAD MOCHA WALNUT,LAMINATE TREAD MOCHA WALNUT - [LALXTRRH03],1
TREAD WALNUT UNFIN,"DISTRESSED - 11 3/4"" TREAD WALNUT UNFIN - [GCTRWO00]",1
TREAD WEST VILLAGE,METROPOLITAN - TREAD - WEST VILLAGE - [GVMPTR706],1
TRESH PRAIRE WHEAT,"WHITE OAK - 5/8"" BABY TRESH PRAIRE WHEAT - [GCBTOF68]",1
TUXEDO WALNUT JAVA,DESIGNER SAMPLE - DS - TUXEDO WALNUT JAVA - [GWC-DSTUW101]; SAMPLE BOARD - SB - TUXEDO WALNUT JAVA - [GWC-SBTUW101],2
TUXEDO WALNUT MINK,DESIGNER SAMPLE - DS - TUXEDO WALNUT MINK - [GWC-DSTUW102]; SAMPLE BOARD - SB - TUXEDO WALNUT MINK - [GWC-SBTUW102],2
V GROOVE COLLETION,ANTQ. OAK - T-MOLD V GROOVE COLLETION - [LATMXM32],1
VALLEY MOLD SILVER,SILVER OAK - PARADISE VALLEY T-MOLD SILVER - [LAPVTMO03],1
VALUFLEX QTR ROUND,FLEX - NONSTOCK - 3/4 X 3/4 VALUFLEX QTR.ROUND - [MOBSFL504FJ],1
VG MOLD ROMANTIQUE,OAK - VG 7' T-MOLD ROMANTIQUE - [GCVGTM7O10]; OAK - VG 8' T-MOLD ROMANTIQUE - [GCVGTM8O10],2
VILLA GIALLA MONZA,WATERFALL - PANEL - VILLA GIALLA MONZA - [GCSBVG911-2828],1
VILLA GIALLA TREAD,VILLA GIALLA TREAD - [GCTRVG],1
W O GOLDEN CALCORE,"CRYSTAL V - W/O ENG 5"" GOLDEN OAK CALCORE - [GHCVO545SB]",1
W O Q ROUGH LUMBER,5/4 W/O R/Q #1 ROUGH LUMBER - [LUO1Q54],1
W O UNF WIRE BRUSH,"8' WIRE BRUSHED - 1/2""NOSING W/O UNF.WIRE BRUSH - [GCNO8OH00W]",1
WAINSCOT BEATED TG,MDF - NONSTOCK - 3/8 X 3 1/4 WAINSCOT BEATED TG - [MOBBMD2000M],1
WALNUT ANTIQUE PLY,"GII DIST - WALNUT 5"" ANTIQUE 2PLY - [GNIIW5232P]",1
WALNUT CUSTOM SIZE,"CUSTOM - 1/2"" NOSING WALNUT CUSTOM SIZE - [GCNOW99C]",1
WALNUT HAND SCRAPE,RENAISSANC - 1/2 X 6.2 WALNUT HAND SCRAPE - [AWMTRENA530]; RENAISSANC - 1/2 X 6.2 WALNUT HAND SCRAPE - [AWDMTRENA530],2
WALNUT NATURAL 7.5,"LEGENDS - WALNUT 7.5"" NATURAL - [GFLEW7501]",1
WALNUT NATURAL PLY,"DELUXE - *WALNUT 6"" NATURAL 2 PLY - [GFDXW6382P]; GII DIST - WALNUT 5"" NATURAL 2PLY DIST. - [GNIIW5382P]",2
WALNUT OLD ENGLISH,"G PLUS - *WALNUT 5"" OLD ENGLISH - [GNPLW525]",1
WALNUT ORO CALCORE,"BELLISSIMO - WALNUT 7.5"" ORO CALCORE - [GHBEW75401SB]",1
WENGE ROUGH LUMBER,4/4 WENGE ROUGH LUMBER - [LUWE144],1
WINSOR BRAZ CHERRY,MAX WINSOR REDUCER BRAZ/CHERRY - [MWRE82],1
3.25 O NATURAL MB,SHEOGA - 3/4 X 3.25 EN.W/O NATURAL MB - [PFSHEO338],1
3.25 W O PR WHEAT,"CRYSTAL VALLEY - W/O PR.WHEAT ENG 3-1/4"" 2MM - [GHCVO31468]",1
5 PREMIUM W O S E,CONTRACTOR'S CHOICE - 5/8 X 5 PREMIUM W/O S.E - [GFCOO5PS],1
5 SANTOS MAHOGANY,EXOTICS - 1/2 X 5 SANTOS MAHOGANY - [GHEXSM538],1
7 PREMIUM W O S E,CONTRACTOR'S CHOICE - 5/8 X 7 PREMIUM W/O S.E - [GFCOO7PS],1
7.5 ALTURA SELECT,"ALLORA - EURO OAK 7.5"" ALTURA SELECT - [GFALO7501S]",1
7.5 PARADISE COVE,"NEWPORT - EURO OAK 7.5"" PARADISE COVE - [GHNPO212]",1
ALLORA ALTURA SEL,"PANEL - ALLORA 7.5"" ALTURA SEL - [GCSBAL7501S-2228]",1
ALTURA SELECT 7.5,"ALLORA - EURO OAK 7.5"" ALTURA SELECT - [GFALO7501S]",1
ARIZONA MEDALLION,"UNFINISHED - OSHKOSH ARIZONA 36"" MEDALLION - [OK379U]",1
AUSTRALIAN CYPRES,CUSTOM TREAD AUSTRALIAN CYPRES - [MOTRSOALF],1
B CAPE COD CORNER,MDF CORNER - NONSTOCK - 9/16 X 5-1/4 B CAPE COD CORNER - [MOCOMD450]; MDF CORNER - NONSTOCK - 9/16 X 5-1/4 B CAPE COD CORNER - [MOCOMD318BMULW],2
B SANTOS MAHOGANY,NATURAL - MW B-THRESHOLD SANTOS MAHOGANY - [MWBT88],1
BAMBOO DARK HORIZ,CARBONIZED - GARRISON BAMBOO DARK HORIZ. 3' - [GFBA36HCD]; NATURAL - GARRISON BAMBOO DARK HORIZ.3' - [GFBA36HND],2
BAMBOO HORIZ CARB,"12.3MM 5"" BAMBOO HORIZ/CARB - [LALXBA01]",1
BAMBOO HORIZONTAL,"CARBONIZED - OMNI BAMBOO 72"" HORIZONTAL - [UWBA72HC]; NATURAL - OMNI BAMBOO 72"" HORIZONTAL - [UWBA72HN]; CARBONIZED - OMNI BAMBOO 36"" HORIZONTAL - [UWBA36HC]; NATURAL - OMNI BAMBOO 36"" HORIZONTAL - [UWBA36HN]; NATURAL - HAWA BAMBOO 6' HORIZONTAL - [HABA72HN]; CARBONIZED - HAWA BAMBOO 6' HORIZONTAL - [HABA72HC]; NATURAL - HAWA BAMBOO HORIZONTAL REDUCER - [HAREBHN]; CARBONIZED - BAMBOO 36"" HORIZONTAL - [BA36HC]; CARBONIZED - BAMBOO 72"" HORIZONTAL - [BA72HC]; CARBONIZED - GARRISON BAMBOO 5"" HORIZONTAL - [GFBA725HC]; NATURAL - GARRISON BAMBOO 5"" HORIZONTAL - [GFBA725HN]; NATURAL - GARRISON BAMBOO HORIZONTAL 6' - [GFBA72HN]; CARBONIZED - GARRISON BAMBOO HORIZONTAL 6' - [GFBA72HC]; NATURAL - BAMBOO 36"" HORIZONTAL - [BA36HN]; CARBONIZED - BAMBOO 6-3/8 X 6'3"" HORIZONTAL - [BA75HC]; GEO FANG - CHARCOAL BAMBOO HORIZONTAL 3' - [BABA36H27]; NATURAL - BAMBOO BASESHOE HORIZONTAL - [BABSHN]; CARBONIZED - BAMBOO BASESHOE HORIZONTAL - [BABSHC]; CARBONIZED - SAMPLE - BAMBOO HORIZONTAL - [GFBA3SBHC]; NATURAL - SAMPLE - BAMBOO HORIZONTAL - [GFBA3SBHN]; CHERRY - SAMPLE - BAMBOO HORIZONTAL - [GFBA3SBH22]; CHARCOAL - SAMPLE - BAMBOO HORIZONTAL - [GFBA3SBH27]; CARBONIZED - BAMBOO HORIZONTAL REDUCER - [BAREBHC]; NATURAL - BAMBOO HORIZONTAL REDUCER - [BAREBHN]; COFFEE - SAMPLE - BAMBOO HORIZONTAL - [GFBA3SBH37]; CHARCOAL - BAMBOO HORIZONTAL 5"" X 6' - [BA725H27]; CHERRY - GAO FENG BAMBOO HORIZONTAL 3' - [BABA36H22]; COFFEE - BAMBOO 36"" HORIZONTAL - [BA36H37]; ESPRESSO - BAMBOO 36"" HORIZONTAL - [BA36H38]; CHARCOAL - BAMBOO 36"" HORIZONTAL - [BA36H27]",30
BAMBOO LIGHT VERT,CARBONIZED - GARRISON BAMBOO LIGHT VERT. 3' - [GFBA36VC]; NATURAL - GARRISON BAMBOO LIGHT VERT. 3' - [GFBA36VN],2
BARREL CHAIR RAIL,MDF - NONSTOCK - 3/4 X 3 BEAD&BARREL CHAIR RAIL - [MOCRMD649MUL],1
BASE SHOE CARRERA,DA VINCI BASE SHOE CARRERA - [GCDVBSO702],1
BASE SHOE CASCINA,DA VINCI BASE SHOE CASCINA - [GCDVBSO703],1
BASE SHOE CAVALLO,DA VINCI BASE SHOE CAVALLO - [GCDVBSO704],1
BASE SHOE CELLINI,DA VINCI BASE SHOE CELLINI - [GCDVBSO705],1
BASE SHOE PALAZZO,DA VINCI BASE SHOE PALAZZO - [GCDVBSO710],1
BASE SHOE VECCHIO,DA VINCI BASE SHOE VECCHIO - [GCDVBSO709],1
BELLAGIO LOMBARDY,BELLAGIO 8' BABY-T LOMBARDY - [GCBLBT8O004]; BELLAGIO 8' NOSING LOMBARDY - [GCBLNO8O004]; BELLAGIO 8' T-MOULD LOMBARDY - [GCBLTM8O004]; BELLAGIO 8' REDUCER LOMBARDY - [GCBLRE8O004]; BELLAGIO BASESHOE LOMBARDY - [GCBLBSO004],5
BELLISSIMO GRAPPA,BELLISSIMO 8' NOSING GRAPPA - [GCBENO8W402]; BELLISSIMO 8' T-MOULD GRAPPA - [GCBETM8W402]; BELLISSIMO 8' BABY-T GRAPPA - [GCBEBT8W402]; BELLISSIMO 8' REDUCER GRAPPA - [GCBERE8W402]; BELLISSIMO 7' BABY-T GRAPPA - [GCBEBT7W402]; BELLISSIMO 7' NOSING GRAPPA - [GCBENO7W402]; BELLISSIMO 7' REDUCER GRAPPA - [GCBERE7W402]; BELLISSIMO 7' T-MOULD GRAPPA - [GCBETM7W402]; BELLISSIMO BASESHOE GRAPPA - [GCBEBSW402],9
BELLISSIMO NUVOLA,BELLISSIMO 8' NOSING NUVOLA - [GCBENO8O302]; BELLISSIMO 8' T-MOULD NUVOLA - [GCBETM8O302]; BELLISSIMO 8' BABY-T NUVOLA - [GCBEBT8O302]; BELLISSIMO 8' REDUCER NUVOLA - [GCBERE8O302]; BELLISSIMO 7' BABY-T NUVOLA - [GCBEBT7O302]; BELLISSIMO 7' NOSING NUVOLA - [GCBENO7O302]; BELLISSIMO 7' REDUCER NUVOLA - [GCBERE7O302]; BELLISSIMO 7' T-MOULD NUVOLA - [GCBETM7O302]; BELLISSIMO BASESHOE NUVOLA - [GCBEBSM302],9
BELLISSIMO PIETRA,BELLISSIMO 8' NOSING PIETRA - [GCBENO8M204]; BELLISSIMO 8' T-MOULD PIETRA - [GCBETM8M204]; BELLISSIMO 8' BABY-T PIETRA - [GCBEBT8M204]; BELLISSIMO 8' REDUCER PIETRA - [GCBERE8M204]; BELLISSIMO 7' BABY-T PIETRA - [GCBEBT7M204]; BELLISSIMO 7' NOSING PIETRA - [GCBENO7M204]; BELLISSIMO 7' REDUCER PIETRA - [GCBERE7M204]; BELLISSIMO 7' T-MOULD PIETRA - [GCBETM7M204]; BELLISSIMO BASESHOE PIETRA - [GCBEBSM204],9
BIG SKY APPALOOSA,SAMPLE - BIG SKY APPALOOSA - [EHBS7SBM148]; MAPLE - BIG SKY 7' T-MOULD APPALOOSA - [GCBSTM7M148]; MAPLE - BIG SKY 8' T-MOULD APPALOOSA - [GCBSTM8M148]; MAPLE - BIG SKY 7' REDUCER APPALOOSA - [GCBSRE7M148]; MAPLE - BIG SKY 8' REDUCER APPALOOSA - [GCBSRE8M148]; MAPLE - BIG SKY 7' NOSING APPALOOSA - [GCBSNO7M148]; MAPLE - BIG SKY 8' NOSING APPALOOSA - [GCBSNO8M148],7
BIG SKY PONDEROSA,SAMPLE - BIG SKY PONDEROSA - [EHBS7SBM151]; MAPLE - BIG SKY BASESHOE PONDEROSA - [GCBSMH151]; MAPLE - BIG SKY 7' T-MOULD PONDEROSA - [GCBSTM7M151]; MAPLE - BIG SKY 8' T-MOULD PONDEROSA - [GCBSTM8M151]; MAPLE - BIG SKY 7' REDUCER PONDEROSA - [GCBSRE7M151]; MAPLE - BIG SKY 8' REDUCER PONDEROSA - [GCBSRE8M151]; MAPLE - BIG SKY 7' NOSING PONDEROSA - [GCBSNO7M151]; MAPLE - BIG SKY 8' NOSING PONDEROSA - [GCBSNO8M151],8
BLDR W O GUNSTOCK,3/4 X 3-3/16 BLDR W/O GUNSTOCK - [UW34316BOG],1
BR CHERRY NATURAL,DISTRESSED - GII NOSING BR/CHERRY NATURAL - [GCNO7BN38]; BRAZILIAN CHERRY - GII T-MOULD BR/CHERRY NATURAL - [GCTM7BF38],2
BRAZ CHERRY TREAD,NATURAL - 11-3/4 BRAZ/CHERRY TREAD DIST. - [GCTRBO38],1
BUSTER DESERT WHI,WHITORY - DESERT WHITE - *COMP.BUSTER NOSING DESERT WHI - [GCNO7HT179],1
BUSTER PREF RISER,COMPETITION BUSTER PREF.RISER - [GCRICB],1
C CLASSIC CLEMSON,OAK - C.CLASSIC NOSING CLEMSON - [GCNO7OH97]; C.CLASSIC T-MOULD CLEMSON - [GCTM7OF97]; C.CLASSIC BABY T-HOLD CLEMSON - [GCBT7OF97]; C.CLASSIC REDUCER CLEMSON - [GCRE7OH97],4
C CLASSIC RALEIGH,MAPLE - C.CLASSIC NOSING RALEIGH - [GCNO7MH94]; C.CLASSIC T-MOULD RALEIGH - [GCTM7MF94],2
C CLASSIC WINSTON,HICKORY - C.CLASSIC NOSING WINSTON - [GCNO7HH91]; HICK/PECAN - C.CLASSIC T-MOULD WINSTON - [GCTM7HF91],2
C SIDE STILLWATER,C.SIDE 8' T-MOULD STILLWATER - [GCCSTM8O04]; C.SIDE 8' BABY-T STILLWATER - [GCCSBT8O04]; C.SIDE 8' REDUCER STILLWATER - [GCCSRE8O04],3
C SIDE SUMMER TAN,C.SIDE 8' BABY-T SUMMER TAN - [GCCSBT8O05]; C.SIDE 8' REDUCER SUMMER TAN - [GCCSRE8O05]; C.SIDE 8' T-MOULD SUMMER TAN - [GCCSTM8O05],3
C SIDE WALNUT NAT,C.SIDE 8' T-MOULD WALNUT NAT - [GCCSTM8W01]; C.SIDE 8' REDUCER WALNUT NAT - [GCCSRE8W01]; NATURAL - C.SIDE 8' BABY-T WALNUT NAT - [GCCSBT8W01],3
C WALNUT SEABROOK,DISTRESSED - 9/16 X 5 C. WALNUT SEABROOK - [ENNW5163],1
CANTERBURY WALNUT,"12.3MM 6-1/2""CANTERBURY WALNUT - [LALXRH04]; LAMINATE QTR CANTERBURY WALNUT - [LALXQRRH04]",2
CANTINA CABO REEF,"CANTINA BASESHOE CABO REEF - [GCCABSHH101]; CANTINA T-MOULD CABO REEF - [GCCATMHF101]; HICKORY - CANTINA 7' T-MOULD CABO REEF - [GCCATM7H101]; HICKORY - CANTINA 8' T-MOULD CABO REEF - [GCCATM8H101]; HICKORY - CANTINA 7' REDUCER CABO REEF - [GCCARE7H101]; HICKORY - CANTINA 8' REDUCER CABO REEF - [GCCARE8H101]; HICKORY - CANTINA 7' NOSING CABO REEF - [GCCANO7H101]; HICKORY - CANTINA 8' NOSING CABO REEF - [GCCANO8H101]; 22.5"" X 28"" - PANEL - CANTINA CABO REEF - [GCSBCAH75101-2228]",9
CAP ACACIA BRONZE,LAMINATE END CAP ACACIA BRONZE - [LALXECME01],1
CAP CHOCOLATE WAL,LAMINATE END CAP CHOCOLATE WAL - [LALXECHS07],1
CAP COLONIAL BRWN,LAMINATE END CAP COLONIAL BRWN - [LALXECCS02],1
CAP ELEGANT CHERR,LAMINATE END CAP ELEGANT CHERR - [LAEC6927],1
CAP EXOTIC WALNUT,LAMINATE END CAP EXOTIC WALNUT - [LAECSRCEW143],1
CAP GOLDEN AUBURN,LAMINATE END CAP GOLDEN AUBURN - [LALXECHG01],1
CAP GOLDN HARVEST,LAMINATE END CAP GOLDN HARVEST - [LALXECME04],1
CAP GRAMERCY PARK,METROPOLITAN - END CAP - GRAMERCY PARK - [GVMPEC702],1
CAP MIDNIGHT HICK,MIDNIGHT H - LAMINATE END CAP MIDNIGHT HICK - [LAECPEMH12],1
CAP SIERRA WALNUT,LAMINATE END CAP SIERRA WALNUT - [LALXECRH01],1
CAP VINTAGE CHERR,LAMINATE END CAP VINTAGE CHERR - [LALXECCS04],1
CAP WALNUT NATURA,LAMINATE END CAP WALNUT NATURA - [LAECL12NDWN],1
CAP WEATHERED ASH,AQUA BLUE BY GARRISON - END CAP - WEATHERED ASH - [GVWPCEC110],1
CARBONZ CAPPUCINO,"CAPPUCINO - *MAPLE CARBONZ 4-3/4""CAPPUCINO - [GNIIMC4131]",1
CAROLINA C DURHAM,WIRE RACK - PANEL - CAROLINA C. DURHAM - [GCSBCCM592-1724],1
CAROLINA C MONROE,WIRE RACK - PANEL - CAROLINA C. MONROE - [GCSBCCM593-1724],1
CAROLINA CL SALEM,HICKORY - SAMPLE - CAROLINA CL. SALEM - [GHCC5HSB90],1
CHERRY WINCHESTER,TI2 NOSING CHERRY WINCHESTER - [GCNO7CH139],1
CHOICE WALNUT OMP,"WATERFALL - PANEL - C.CHOICE WALNUT 5""*OMP - [GCSBCOW5PS-2528]",1
CLASSIC ALLENDALE,C.CLASSIC T-MOULD ALLENDALE - [GCTMOF96]; OAK - C.CLASSIC NOSING ALLENDALE - [GCNO7OH96]; OAK - C.CLASSIC T-MOULD ALLENDALE - [GCTM7OF96]; C.CLASSIC REDUCER ALLENDALE - [GCRE7OH96],4
CLASSIC WIMILGTON,C.CLASSIC REDUCER WIMILGTON - [GCRE7WH101],1
CLEAR BRAZ CHERRY,3/4 X 4 CLEAR BRAZ. CHERRY R/L - [RQ4CBS]; UNFINISHED - 3/4 X 5 CLEAR BRAZ.CHERRY - [RQ5SBC]; UNFINISHED - 3/4 X 5 CLEAR BRAZ.CHERRY - [RQ5CBS],3
CLICK HONEY BEECH,NYTAE CLICK HONEY BEECH - [NTNY003],1
CLIFF STILL WATER,WATERFALL - PANEL - CLIFF. STILL WATER - [GCSBCS7504-2228],1
CLIFF WAL NAT OMP,"30"" X 28"" - PANEL - CLIFF. WAL.NAT. *OMP* - [GCSBCSW7501-3028]",1
CLIFFSIDE SUNRISE,CLIFFSIDE 8' NOSING SUNRISE - [GCCSNO8O06]; CLIFFSIDE 8' NOSING SUNRISE - [GCCSNO8O09],2
CLR BR CHERRY S E,CON.CHOICE - 5/8 X 3-1/4 CLR BR/CHERRY S.E - [GFCC314CBS],1
COLUMBIA RUTLEDGE,WHEAT - COLUMBIA 1/2 X 3 RUTLEDGE OAK - [CORUO314F]; HONEY - COLUMBIA 1/2 X 3 RUTLEDGE OAK - [CORUO311F]; COCOA - COLUMBIA 1/2 X 3 RUTLEDGE OAK - [CORUO313F],3
COLUMBIA STOCKTON,COCOA - COLUMBIA 3/8 X 3 STOCKTON OAK - [COSTO313F],1
COMP BUSTER SPICE,SAMPLE - COMP.BUSTER SPICE - [ETCB5SBBI145]; WATERFALL - PANEL - COMP. BUSTER SPICE - [GCSBCBB5145-1724],2
COMPETITON BUSTER,SAMPLE SET - COMPETITON BUSTER - [GCSAMPLES20],1
CONTEMPORARY BASE,MDF - NONSTOCK - 1/2 X 7-1/4 CONTEMPORARY BASE - [MOBBMD372MUL7],1
COUNTRY LONGSTRIP,NATURAL - COUNTRY WOOD MAPLE LONGSTRIP - [CWE0202F],1
CRY VAL BLK STONE,"CRY.VAL 3/4"" REDUCER BLK.STONE - [GCRE7OQ74]",1
CRY VAL HONEYROSE,CRY.VAL T-MOULD HONEYROSE - [GCTM7OF49],1
CRY VAL O NATURAL,RED OAK - CRY.VAL 7' T-MOULD R/O NATURAL - [GCCVTM7R38]; RED OAK - CRY.VAL 8' T-MOULD R/O NATURAL - [GCCVTM8R38],2
CRY VAL PRA WHEAT,"WHITE OAK - CRY.VAL 3/4"" REDUCER PRA.WHEAT - [GCRE7OQ68]",1
CRY VAL W O MOCHA,WHITE OAK - CRY.VAL T-MOULD W/O MOCHA - [GCTM7OF36],1
CUMURU BROWNSTONE,3/4 X 5 CUMURU DIST.BROWNSTONE - [PFQD5CU01],1
CYN CREST FARWELL,CYN.CREST 8' NOSING FARWELL - [GCCYNO8O01]; CYN.CREST 8' T-MOULD FARWELL - [GCCYTM8O01]; CYN.CREST 8' REDUCER FARWELL - [GCCYRE8O01]; CYN.CREST BASESHOE FARWELL - [GCCYBSO01]; CYN.CREST 7' NOSING FARWELL - [GCCYNO7O01],5
CYN CREST FREMONT,CYN.CREST BASESHOE FREMONT - [GCCYBSO03]; CYN.CREST 8' NOSING FREMONT - [GCCYNO8O03]; CYN.CREST 8' REDUCER FREMONT - [GCCYRE8O03]; CYN.CREST 8' T-MOULD FREMONT - [GCCYTM8O03],4
CYN CREST GENESEE,CYN.CREST BASESHOE GENESEE - [GCCYBSO04]; CYN.CREST 8' NOSING GENESEE - [GCCYNO8O04]; CYN.CREST 8' REDUCER GENESEE - [GCCYRE8O04]; CYN.CREST 8' T-MOULD GENESEE - [GCCYTM8O04],4
DA VINCI COLLEONI,DA VINCI 8' BABY-T COLLEONI - [GCDVBT8O706]; DA VINCI 8' NOSING COLLEONI - [GCDVNO8O706]; DA VINCI 8' REDUCER COLLEONI - [GCDVRE8O706]; DA VINCI 8' T-MOULD COLLEONI - [GCDVTM8O706]; WATERFALL - PANEL - DA VINCI COLLEONI - [GCSBDV706-2228],5
DA VINCI MARCELLO,DA VINCI 8' BABY-T MARCELLO - [GCDVBT8O707]; DA VINCI 8' NOSING MARCELLO - [GCDVNO8O707]; DA VINCI 8' REDUCER MARCELLO - [GCDVRE8O707]; DA VINCI 8' T-MOULD MARCELLO - [GCDVTM8O707]; DA VINCI 7' NOSING MARCELLO - [GCDVNO7O707]; WATERFALL - PANEL - DA VINCI MARCELLO - [GCSBDV707-2228],6
DAPPLE GR CALCORE,"GII SMOOTH - MAPLE 5"" SM.DAPPLE GR. CALCORE - [GNSSM5195SB]",1
DB WALNUT NATURAL,DB 8' NOSING WALNUT NATURAL - [GCDBNO8W01]; DB 8' T-MOULD WALNUT NATURAL - [GCDBTM8W01]; DB 8' REDUCER WALNUT NATURAL - [GCDBRE8W01],3
DELUXE UNF WALNUT,DELUXE NOSING UNF.WALNUT 8' - [GCNO8WF00],1
DISTRESSING LABOR,UNFIN/DIST - NOSING DISTRESSING LABOR - [GCNODIST]; UNFIN/DIST - TREADS DISTRESSING LABOR - [GCTRDIST]; UNFIN/DIST - RISER DISTRESSING LABOR - [GCRIDIST],3
DOWN VINYL ANTERO,GLUE DOWN VINYL ANTERO - [GVGD100],1
DOWN VINYL BASHAN,*GLUE DOWN VINYL BASHAN - [GVGD101],1
DOWN VINYL CARMEL,*GLUE DOWN VINYL CARMEL - [GVGD102],1
DOWN VINYL DELANO,GLUE DOWN VINYL DELANO - [GVGD104],1
DOWN VINYL GILBOA,GLUE DOWN VINYL GILBOA - [GVGD105],1
DOWN VINYL HERMON,GLUE DOWN VINYL HERMON - [GVGD106],1
DOWN VINYL LASSEN,*GLUE DOWN VINYL LASSEN - [GVGD107],1
DS CLOVER VINTAGE,DESIGNER SAMPLE - DS - CLOVER WHITE OAK VINTAGE - [GWC-DSCLO104],1
DS DIAMOND CARBON,DESIGNER SAMPLE - DS - DIAMOND WHITE OAK CARBON - [GWC-DSDIO101],1
DS DIAMOND SUNSET,DESIGNER SAMPLE - DS - DIAMOND WHITE OAK SUNSET - [GWC-DSDIO103],1
DS MOSAIC VINTAGE,DESIGNER SAMPLE - DS - MOSAIC WHITE OAK VINTAGE - [GWC-DSMOO104],1
DS OYSTER VINTAGE,DESIGNER SAMPLE - DS - OYSTER WHITE OAK VINTAGE - [GWC-DSOYO104],1
DS TUXEDO VINTAGE,DESIGNER SAMPLE - DS - TUXEDO WHITE OAK VINTAGE - [GWC-DSTUO104],1
DU BOIS ANASTASIA,DU BOIS BASESHOE ANASTASIA - [GCDBBSOH195]; OAK - DU BOIS 7' T-MOULD ANASTASIA - [GCDBTM7O195]; OAK - DU BOIS 8' T-MOULD ANASTASIA - [GCDBTM8O195]; OAK - DU BOIS 7' REDUCER ANASTASIA - [GCDBRE7O195]; OAK - DU BOIS 8' REDUCER ANASTASIA - [GCDBRE8O195]; OAK - DU BOIS 7' NOSING ANASTASIA - [GCDBNO7O195]; OAK - DU BOIS 8' NOSING ANASTASIA - [GCDBNO8O195]; WATERFALL - PANEL - DU BOIS ANASTASIA - [GCSBDB7195-2228]; PANEL-DU BOIS ANASTASIA <N/L> - [GCSADBO7195PL]; PANEL-DU BOIS ANASTASIA <N/L> - [GCSBDB7195-2228PL],10
DU BOIS CHRISHELL,OAK - DU BOIS 7' T-MOULD CHRISHELL - [GCDBTM7O181]; OAK - DU BOIS 8' T-MOULD CHRISHELL - [GCDBTM8O181]; OAK - DU BOIS 7' REDUCER CHRISHELL - [GCDBRE7O181]; OAK - DU BOIS 8' REDUCER CHRISHELL - [GCDBRE8O181]; OAK - DU BOIS 7' NOSING CHRISHELL - [GCDBNO7O181]; OAK - DU BOIS 8' NOSING CHRISHELL - [GCDBNO8O181]; DU BOIS CHRISHELL BASESHOE - [GCBSOH181],7
DU BOIS ELISABETH,OAK - DU BOIS 7' T-MOULD ELISABETH - [GCDBTM7O192]; OAK - DU BOIS 8' T-MOULD ELISABETH - [GCDBTM8O192]; OAK - DU BOIS 7' REDUCER ELISABETH - [GCDBRE7O192]; OAK - DU BOIS 8' REDUCER ELISABETH - [GCDBRE8O192]; OAK - DU BOIS 7' NOSING ELISABETH - [GCDBNO7O192]; OAK - DU BOIS 8' NOSING ELISABETH - [GCDBNO8O192],6
DU BOIS GABRIELLE,DU BOIS BASESHOE GABRIELLE - [GCDBBSOH187]; OAK - DU BOIS 7' T-MOULD GABRIELLE - [GCDBTM7O187]; OAK - DU BOIS 8' T-MOULD GABRIELLE - [GCDBTM8O187]; OAK - DU BOIS 7' REDUCER GABRIELLE - [GCDBRE7O187]; OAK - DU BOIS 8' REDUCER GABRIELLE - [GCDBRE8O187]; OAK - DU BOIS 7' NOSING GABRIELLE - [GCDBNO7O187]; OAK - DU BOIS 8' NOSING GABRIELLE - [GCDBNO8O187]; WATERFALL - PANEL - DU BOIS GABRIELLE - [GCSBDB7187-2228]; PANEL-DU BOIS GABRIELLE <N/L> - [GCSBDB7187-2228PL],9
ELEGAN CHERRYWOOD,ELEGAN 9/16 X 3-1/2 CHERRYWOOD - [YHSSE0012],1
ELEGANCE B CHERRY,NATURAL - ELEGANCE 9/16 X 5 B. CHERRY - [YHSSEW0047],1
ELEGANCE ROSEWOOD,NATURAL - ELEGANCE ROSEWOOD DIST. - [YHSDS0007],1
EN W O NATURAL MB,SHEOGA - 3/4 X 3.25 EN.W/O NATURAL MB - [PFSHEO338]; 30 SHEEN CLEAR SHEOGA - 3/4 X 3.25 EN.W/O NATURAL   MB - [PFSHEO338],2
END CAP APHRODITE,MYTHOLOGY - END CAP - APHRODITE - [GVGAEC701],1
END CAP BOARDWALK,BOARDWALK - LAMINATE END CAP BOARDWALK - [LALXECRH08],1
END CAP CAPRICORN,ZODIAC WSPC - END CAP - CAPRICORN - [GVZOEC7503],1
END CAP CLASSIQUE,*LAMINATE END CAP CLASSIQUE - [LALXECRH06],1
END CAP DRIFTWOOD,NATURESTEP - END CAP - DRIFTWOOD - [GVNSEC801],1
END CAP GREENWICH,METROPOLITAN - END CAP - GREENWICH - [GVMPEC902],1
END CAP HERRITAGE,END CAP HERRITAGE OAK - [LABTCWD811],1
END CAP HIGH TIDE,WATERPROOF LAMINATE - END CAP HIGH TIDE - [GCLAWEC002],1
END CAP HIMALAYAS,SUMMIT SKY - END CAP - HIMALAYAS - [GVSSEC503],1
END CAP LEXINGTON,AQUA BLUE BY GARRISON - END CAP - LEXINGTON OAK - [GVWPCEC102]; VINYLNOVA - END CAP - LEXINGTON - [GVVNEC908],2
END CAP MANHATTAN,METROPOLITAN - END CAP - MANHATTAN - [GVMPEC904],1
END CAP MOONLIGHT,AQUA BLUE II BY GARRISON - END CAP - MOONLIGHT - [GVWPCIIEC901],1
END CAP PALISADES,AQUA BLUE BY GARRISON - END CAP - PALISADES OAK - [GVWPCEC105],1
END CAP RECLAIMED,AQUA BLUE BY GARRISON - END CAP - RECLAIMED OAK - [GVWPCEC107],1
END CAP SANDOLLAR,AVIGNON/TOULON - LAMINATE END CAP SANDOLLAR - [LAECETC36EC],1
END CAP SANDSTONE,NATURESTEP - END CAP - SANDSTONE - [GVNSEC806],1
END CAP VALENTINE,MEGACLIC END CAP VALENTINE - [LAMCECAS3102],1
EXO ACA B WAL OMP,"25"" X 28"" - PANEL - EXO. ACA. B.WAL. *OMP* - [GCSBEXA516-2528]",1
EXO TIGERWOOD OMP,"25"" X 28"" - PANEL - EXO. TIGERWOOD *OMP* - [GCSBEXTI538-2528]",1
EXOTIC ACACIA NAT,ACACIA - EXOTIC 7' T-MOULD ACACIA NAT - [GCEXTM7A38]; ACACIA - EXOTIC 8' T-MOULD ACACIA NAT - [GCEXTM8A38]; ACACIA - EXOTIC 4' T-MOULD ACACIA NAT - [GCEXTM4A38],3
EXOTIC BLK WALNUT,EXOTIC 6' T-MOULD A.BLK WALNUT - [GCEXTM6A16],1
EXOTIC PATAGONIAN,LOW SHEEN - EXOTIC 7' T-MOULD PATAGONIAN R - [GCEXTM7PR38]; PATAGONIAN ROSEWOOD - EXOTIC 8' T-MOULD PATAGONIAN R - [GCEXTM8PR38]; HIGH SHEEN - EXOTIC 7' T-MOULD PATAGONIAN R - [GCEXTM7PR38HS]; EXOTIC 6' T-MOULD PATAGONIAN R - [GCEXTM6PR38],4
EXOTIC SANTOS MAH,NATURAL - EXOTIC 1/2 X 3-1/4 SANTOS MAH. - [GHEXSM31438],1
EXOTIC SAPELE NAT,LOW SHEEN - EXOTIC 7' T-MOULD SAPELE NAT. - [GCEXTM7SA38]; HIGH SHEEN - EXOTIC 7' T-MOULD SAPELE NAT. - [GCEXTM7SA38HS]; LOW SHEEN - EXOTIC 4' T-MOULD SAPELE NAT. - [GCEXTM4SA38]; LOW SHEEN - EXOTIC 6' T-MOULD SAPELE NAT. - [GCEXTM6SA38],4
EXOTICS BR CHERRY,NATURAL - SAMPLE-EXOTICS 3-5/8 BR.CHERRY - [GHEX358SBBC38],1
EXOTICS S MAHOGAN,SAMPLE - EXOTICS 2MM S.MAHOGAN - [ENSBHS38],1
FAS WALNUT B E LL,UNFINISHED - 3/4 X 6 FAS WALNUT B.E LL - [LQ6FWB],1
FAS WALNUT LL M B,3/4 X 6 FAS WALNUT LL M.B - [LQ6FWM],1
FAS WALNUT LL S E,3/4 X 6 FAS WALNUT LL S.E - [LQ6FWS]; 3/4 X 3 FAS WALNUT LL S.E - [LQ3FWS],2
FAS WALNUT M B LL,UNFIN - 3/4 X 5 FAS WALNUT M.B LL - [LQ5FWM]; UNFIN - 3/4 X 7 FAS WALNUT M.B LL - [LQ7FWM],2
FAS WALNUT S E LL,UNFINISHED - 3/4 X 4 FAS WALNUT S.E LL - [LQ4FWS]; UNFINISHED - 3/4 X 8 FAS WALNUT S.E LL - [LQ8FWS]; UNFIN - 3/4 X 7 FAS WALNUT S.E LL - [LQ7FWS],3
FC CARAMEL BALTIC,"FRENCH OAK - SAMPLE-FC 7"" A. CARAMEL BALTIC - [GFFCSBB7O79]",1
FC CHANDON BALTIC,"FRENCH OAK - SAMPLE - FC 7"" CHANDON BALTIC - [GFFCSBB7O122]",1
FC NATURAL BALTIC,"FRENCH OAK - SAMPLE - FC 7"" NATURAL BALTIC - [GFFCSBB7O38]",1
FCI UNFINISHED FO,"FRENCH OAK - SAMPLE - FCI 7"" UNFINISHED FO - [GFFCSBI7O00]",1
FJ PINE QTR ROUND,PRIMED PINE FJ - 3/4 x 3/4 FJ PINE QTR ROUND - [MOQR34FJP],1
FLEX COLONIAL BAS,FLEX - NONSTOCK - 9/16 X 4-1/2 FLEX COLONIAL BAS - [MOBBFL1184F]; OAK FLEX - NONSTOCK - 9/16 X 4-1/2 FLEX COLONIAL BAS - [MOBBFL1184OF],2
FLUSH CRATER LAKE,GAR.FLUSH NOSING CRATER LAKE - [GCLAFNO7505],1
FLUSH DARK RUSSET,*FLUSH NOSING DARK RUSSET - [LALXFNOME02],1
FLUSH GRAND TETON,GAR.FLUSH NOSING GRAND TETON - [GCLAFNO7507],1
FLUSH HIGH SIERRA,APEX SPC - FLUSH NOSING - HIGH SIERRA - [GVAPFNO502]; SUMMIT SKY SPC - FLUSH NOSING - HIGH SIERRA - [GVSSFNO502],2
FLUSH MOJAVE WASH,AQUA BLUE II BY GARRISON - FLUSH NOSING - MOJAVE WASH - [GVWPCIIFNO110],1
FLUSH MORNING DEW,AQUA BLUE II BY GARRISON - FLUSH NOSING - MORNING DEW - [GVWPCIIFNO902],1
FLUSH MOSCATO ASH,AQUA BLUE II BY GARRISON - FLUSH NOSING - MOSCATO ASH - [GVWPCIIFNO106],1
FLUSH YELLOWSTONE,AQUA BLUE II BY GARRISON - FLUSH NOSING - YELLOWSTONE OAK - [GVWPCIIFNO103],1
FR CON CAFFE HERR,WATERFALL - PANEL - FR.CON. CAFFE HERR. - [GCSBFCPH5167-2828],1
FR CONN ANT CARAM,FR.CONN. BABY T-HOLD ANT.CARAM - [GCBTFOF79],1
FRENCH CONN CAFFE,FRENCH CONN. BASESHOE CAFFE - [GCBSOH167],1
FRENCH CONN CLOUD,FRENCH CONN. BASESHOE CLOUD - [GCBSOH168],1
FRENCH CONN PARIS,FRENCH CONN. BASESHOE PARIS - [GCBSOH78],1
FRENCH CONN SYRAH,FRENCH CONN. BASESHOE SYRAH - [GCBSOH117],1
FRENCH CONN UNFIN,FRENCH CONN. NOSING UNFIN. - [GCNOFOF00]; FRENCH CONN. NOSING UNFIN.8' - [GCNOFOF008]; FRENCH CONN. NOSING 8' UNFIN. - [GCFCNO8O00],3
FRENCH CONNECTION,SAMPLE SET - FRENCH CONNECTION - [GCSAMPLES14]; BIRCH PLY - HANDSET - FRENCH CONNECTION - [GCKEYSET25]; FRENCH CONNECTION SQ NOSING - [GCFCSNO],3
GAR FLUSH OLYMPIC,GAR.FLUSH NOSING OLYMPIC - [GCLAFNO7509],1
GAR FLUSH REDWOOD,GAR.FLUSH NOSING REDWOOD - [GCLAFNO7510],1
GAR FLUSH SEQUOIA,GAR.FLUSH NOSING SEQUOIA - [GCLAFNO7511],1
GIALLA PREF RISER,VILLA GIALLA PREF.RISER - [GCRIVG],1
GII BR CHERRY NAT,GII BABY T-HOLD BR/CHERRY NAT - [GCBT7BF38],1
GII SPECIAL ORDER,GII SMOOTH SPECIAL ORDER - [GNSSSO],1
GOL STRIPE BAMBOO,LAM. END CAP GOL.STRIPE BAMBOO - [LAECL1204],1
GREEK ISLES CORFU,GREEK ISLES 8' NOSING CORFU - [GCGINO8O001]; GREEK ISLES 8' T-MOULD CORFU - [GCGITM8O001]; GREEK ISLES 8' BABY-T CORFU - [GCGIBT8O001]; GREEK ISLES 8' REDUCER CORFU - [GCGIRE8O001]; GREEK ISLES BASESHOE CORFU - [GCGIBSO001]; WATERFALL - PANEL - GREEK ISLES CORFU - [GCSBGI9501-2828],6
GREEK ISLES CRETE,GREEK ISLES 8' NOSING CRETE - [GCGINO8O002]; GREEK ISLES 8' T-MOULD CRETE - [GCGITM8O002]; GREEK ISLES 8' BABY-T CRETE - [GCGIBT8O002]; GREEK ISLES 8' REDUCER CRETE - [GCGIRE8O002]; GREEK ISLES BASESHOE CRETE - [GCGIBSO002]; WATERFALL - PANEL - GREEK ISLES CRETE - [GCSBGI9502-2828],6
GREEK ISLES MILOS,GREEK ISLES 8' NOSING MILOS - [GCGINO8O004]; GREEK ISLES 8' T-MOULD MILOS - [GCGITM8O004]; GREEK ISLES 8' BABY-T MILOS - [GCGIBT8O004]; GREEK ISLES 8' REDUCER MILOS - [GCGIRE8O004]; GREEK ISLES BASESHOE MILOS - [GCGIBSO004],5
GREEK ISLES TREAD,GREEK ISLES TREAD - [GCTRGI],1
GROOVE COLLECTION,ANTQ. OAK - END CAP V GROOVE COLLECTION - [LAECXM32]; ANTQ. OAK - BASESHOE V GROOVE COLLECTION - [LABSXM32],2
GUMWOOD CHAMBOARD,"9/16"" NOSING GUMWOOD CHAMBOARD - [GCNO7HN143]",1
HANDSET AQUA BLUE,HANDSET - AQUA BLUE MOULDINGS - [GCKEYSET52],1
HANDSET CLIFFSIDE,HANDSET - CLIFFSIDE - [GCKEYSET66],1
HANDSET VINYLNOVA,HANDSET - VINYLNOVA - [GCKEYSET72],1
HAWA BAMBOO HORIZ,CARBONIZED - HAWA BAMBOO HORIZ. T-MOULDING - [HATMBHC]; NATURAL - HAWA BAMBOO HORIZ. T-MOULDING - [HATMBHN],2
HERR BONE CAFFE N,5X24 HERR.BONE CAFFE (L) N.OIL - [GFLEPH501O-L]; 5X24 HERR.BONE CAFFE (R) N.OIL - [GFLEPH501O-R]; LEGENDS - 5X24 HERR.BONE CAFFE (L) N.OIL - [GFLEPH501O-L]; LEGENDS - 5X24 HERR.BONE CAFFE (R) N.OIL - [GFLEPH501O-R],4
HICK PECAN B E LL,UNFIN - 3/4 X 3 CHAR HICK/PECAN B.E LL - [LQ3CHB]; UNFIN - 3/4 X 5 CHAR HICK/PECAN B.E LL - [LQ5CHB]; UNFIN - 3/4 X 7 CHAR HICK/PECAN B.E LL - [LQ7CHB],3
HICK PECAN PREFIN,CUSTOM - 3/4 X 7 HICK/PECAN PREFIN/DIST - [GQGAH799]; CUSTOM - 3/4 X 3 HICK/PECAN PREFIN/DIST - [GQGAH399]; CUSTOM - 3/4 X 5 HICK/PECAN PREFIN/DIST - [GQGAH599]; CUSTOM - 3/4 X 4 HICK/PECAN PREFIN/DIST - [GQGAH499]; CUSTOM - 3/4 X 6 HICK/PECAN PREFIN/DIST - [GQGAH699],5
HILLS RODEO DRIVE,BEV.HILLS NOSING RODEO DRIVE - [GCBHNO8O05]; BEV.HILLS REDUCER RODEO DRIVE - [GCBHRE8O05]; BEV.HILLS T-MOULD RODEO DRIVE - [GCBHTM8O05],3
HORIZONTAL TREADS,"UNFINISHED - BAMBOO HORIZONTAL TREADS 96"" - [BA965HUN]",1
ILLUMIN MOLD BEAM,ILLUMIN8 T-MOLD BEAM - [GLILTM802],1
ILLUMIN MOLD DUSK,ILLUMIN8 T-MOLD DUSK - [GLILTM803],1
INSPIRED II DOVER,WHITE OAK - TIME INSPIRED II DOVER - [GHTI2O5140],1
INSPIRED II TREAD,TIME INSPIRED II TREAD - [GCTRTI2],1
LAMINATE B CHERRY,B. CHERRY - LAMINATE 6 1/2 SMOOTH B CHERRY - [AWLS612B],1
LAMINATE CANADIAN,LAMINATE CANADIAN MAPLE - [LACW7604N]; LAMINATE NOSING CANADIAN MAPLE - [LANOCW7604N]; LAMINATE BABY-T CANADIAN MAPLE - [LABTCW7604N],3
LAMINATE CINNAMON,3 STRIP - LAMINATE 8MM CINNAMON OAK - [LAL8MECO]; CINNAMON - LAMINATE BABY-T CINNAMON OAK - [LABTL8MECO]; LAMINATE NOSING CINNAMON OAK - [LANOL8MECO]; LAMINATE REDUCER CINNAMON OAK - [LAREL8MECO],4
LAMINATE ESPRESSO,LAMINATE ESPRESSO OAK DIST. - [LAED6036]; LAMINATE REDUCER ESPRESSO OAK - [LAREED6036]; DISTRESSED - LAMINATE 12MM HICKORY ESPRESSO - [LAL12NDHE],3
LAMINATE GUNSTOCK,LAMINATE NOSING GUNSTOCK - [LANOHXM65],1
LAMINATE MAHOGANY,MOUNT LAMINATE MAHOGANY - [MTGVL705],1
LAMINATE MOLD NAT,REDOAK NAT - LAMINATE T-MOLD RED OAK NAT - [LATMCW511],1
LAMINATE NANTERRE,12.3MM - GARRISON LAMINATE NANTERRE - [GCLA005],1
LAMINATE RONGBADO,LAMINATE RONGBADO - [LACW101]; LAMINATE REDUCER RONGBADO - [LARECW101],2
LAMINATE ROSEWOOD,MOUNT LAMINATE ROSEWOOD - [MTGVL702]; LAMINATE REDUCER ROSEWOOD - [LAREL8MERT]; LAMINATE NOSING ROSEWOOD - [LANOHXM30]; LAMINATE ROSEWOOD - [LACW618]; LAMINATE REDUCER ROSEWOOD - [LAREHXM30],5
LAMINATE S C COLL,CHERRY - LAMINATE 12MM S.R.C. COLL. - [LAETSRCCH143],1
LAMINATE SMOKEY O,SMOKEY OAK - LAMINATE DIST. 12.3MM SMOKEY O - [LAREHXM66],1
LAMINATE V GROOVE,NAT. OAK - LAMINATE 12.3MM V GROOVE - [LAXM29]; ANTQ. OAK - LAMINATE DIST. 12.3MM V GROOVE - [LAXM32]; LAMINATE 12.3MM V GROOVE - [LAVG1052],3
LAY VINYL PALMERI,*LOOSE LAY VINYL PALMERI - [GVLL208],1
LONE STATEMENT GR,EUROPEAN OAK - 9/16 X 7-1/2 LONE STATEMENT GR - [EOEWO72LS43],1
LUXURY DEEP CORAL,SAMPLE - LUXURY DEEP CORAL - [LALXSBME03],1
M W SANTOS MAHOGA,NATURAL - M.W 9/16 X 4-3/4 SANTOS MAHOGA - [MWN4SM]; NATURAL - M.W 9/16 REDUCER SANTOS MAHOGA - [MWRENSMN]; NATURAL - M.W 9/16 X 5 SANTOS MAHOGA - [MWN5SM],3
MACCHIATO CALCORE,"BELLISSIMO - MAPLE 7.5"" MACCHIATO CALCORE - [GHBEM75202SB]",1
MAHOGANY CHESTNUT,"CRYSTAL VALLEY - *ASIAN MAHOGANY 3-1/2""CHESTNUT - [GQCVAM31206]",1
MAHOGANY ENGINEER,RED. MAHOG - 9/16 X 5 RED MAHOGANY ENGINEER - [YHDSW0060],1
MALIBU CHAIR RAIL,MDF - NONSTOCK - 1 X 3-1/2 MALIBU CHAIR RAIL - [MOCRMD647MUL],1
MARISOL MEDALLION,PREFINISH - OSHKOSH MARISOL MEDALLION - [OK32505PF],1
MAYA COL LAMINATE,GUNSTOCK O - MAYA COL. LAMINATE DIST. 12MM - [SFREHXM65],1
MEGACLIC BUCKHEAD,MEGACLIC SQ. NOSING BUCKHEAD - [LAMCFSNODN8702]; MEGACLIC REDUCER BUCKHEAD - [LAMCREDN8702],2
MEGACLIC CORNWELL,MEGACLIC NOSING CORNWELL - [LAMCFNOAS3202],1
MEGACLIC MERIDIAN,MEGACLIC REDUCER MERIDIAN - [LAMCREAS3205]; MEGACLIC SQ. NOSING MERIDIAN - [LAMCFSNOAS3205],2
MEGACLIC MOLD FOX,MEGACLIC T-MOLD FOX - [LAMCTMAS3216],1
MEGACLIC STERLING,MEGACLIC SQ. NOSING STERLING - [LAMCFSNOAS3207],1
MEGACLIC WESTWOOD,MEGACLIC NOSING WESTWOOD - [LAMCFNOAS3112]; MEGACLIC SQ. NOSING WESTWOOD - [LAMCFSNOAS3112]; MEGACLIC REDUCER WESTWOOD - [LAMCREAS3112],3
MIX WALNUT M B LL,"UNFINISHED - 3/4 X 7 #1,2MIX WALNUT M.B. LL - [LQ712WM]",1
MMV GROOVE JATOBA,NATURAL - LAMINATE 12.3MMV GROOVE JATOBA - [LAJTB624],1
MOLD ANCIENT MAHO,LAMINATE T-MOLD ANCIENT MAHO. - [LATMED292],1
MOLD ANT CHARCOAL,LAMINATE T-MOLD ANT. CHARCOAL - [LALXTMHS03],1
MOLD BLACK FOREST,LAMINATE T-MOLD BLACK FOREST - [LATMCWD7283N],1
MOLD BURNT BRONZE,LAMINATE T-MOLD BURNT BRONZE - [LALXTMHS05],1
MOLD CHERRY SPICE,LAMINATE T-MOLD CHERRY SPICE - [LATML12HDCS],1
MOLD DARK SCARLET,LAMINATE T-MOLD DARK SCARLET - [LALXTMSS02],1
MOLD FRENCH ROAST,LAMINATE T-MOLD FRENCH ROAST - [LATMCWD7901],1
MOLD HAMPTON BARN,LAMINATE T-MOLD HAMPTON BARN - [LATMCWL90181],1
MOLD HAMPTON LAVA,LAMINATE T-MOLD HAMPTON LAVA - [LALXTMSS03],1
MOLD ISLAND SHORE,ISLAND SHORE - LAMINATE T-MOLD ISLAND SHORE - [LALXTMHS02],1
MOLD ROASTED PINE,LAMINATE T-MOLD ROASTED PINE - [LATML8CVRP],1
MOLD RUSSET OLIVE,LAMINATE T-MOLD RUSSET OLIVE - [LATMCWD7891],1
MOLD SMOKY WALNUT,HI-GLOSS - LAMINATE T-MOLD SMOKY WALNUT - [LATML12PSSSW],1
MOLD WILLIAMSBURG,LAMINATE T-MOLD WILLIAMSBURG - [LATMCWL90182],1
MOLDING EL CHERRY,LAMINATE T MOLDING EL.CHERRY - [LATM6927],1
ND HICK PECAN S E,CON.CHOICE - 5/8 X 4 2ND HICK/PECAN S.E - [GFCC42HS]; CON.CHOICE - 5/8 X 5 2ND HICK/PECAN S.E - [GFCC52HS],2
NEW HAMPSHIRE COR,MDF CORNER - NONSTOCK - 9/16 X 4-1/2 NEW HAMPSHIRE COR - [MOCOMD327MULW],1
NEW HMPSHIRE BASE,MDF - NONSTOCK - 9/16 X 4-1/2 NEW HMPSHIRE BASE - [MOBBMD327MUL],1
NEWPORT BASE POPL,POPLAR - NONSTOCK - 9/16 X 3-7/8 NEWPORT BASE POPL - [MOBB329P],1
NEWPORT MOONLIGHT,NEWPORT BASESHOE MOONLIGHT - [GCNPBSOH205]; OAK - NEWPORT 7' T-MOULD MOONLIGHT - [GCNPTM7O205]; OAK - NEWPORT 8' T-MOULD MOONLIGHT - [GCNPTM8O205]; OAK - NEWPORT 7' REDUCER MOONLIGHT - [GCNPRE7O205]; OAK - NEWPORT 8' REDUCER MOONLIGHT - [GCNPRE8O205]; OAK - NEWPORT 7' NOSING MOONLIGHT - [GCNPNO7O205]; OAK - NEWPORT 8' NOSING MOONLIGHT - [GCNPNO8O205],7
NOBLE BRAZ CHERRY,NATURAL - NOBLE 3/4 X 5 BRAZ/CHERRY - [NOQ5CBM],1
NOUVELLE BARNWOOD,NOUVELLE T-MOULD BARNWOOD OAK - [GCNVTMOF03]; BARNWOOD - NOUVELLE 7' T-MOULD BARNWOOD - [GCNVTM7O03]; BARNWOOD - NOUVELLE 8' T-MOULD BARNWOOD - [GCNVTM8O03]; BARNWOOD - NOUVELLE 7' REDUCER BARNWOOD - [GCNVRE7O03]; BARNWOOD - NOUVELLE 8' REDUCER BARNWOOD - [GCNVRE8O03]; BARNWOOD - NOUVELLE 7' NOSING BARNWOOD - [GCNVNO7O03]; BARNWOOD - NOUVELLE 8' NOSING BARNWOOD - [GCNVNO8O03],7
NOUVELLE GOLDRUSH,NOUVELLE T-MOULD GOLDRUSH - [GCNVTMWF10]; GOLDRUSH - NOUVELLE 7' T-MOULD GOLDRUSH - [GCNVTM7W10]; GOLDRUSH - NOUVELLE 8' T-MOULD GOLDRUSH - [GCNVTM8W10]; GOLDRUSH - NOUVELLE 7' REDUCER GOLDRUSH - [GCNVRE7W10]; GOLDRUSH - NOUVELLE 8' REDUCER GOLDRUSH - [GCNVRE8W10]; GOLDRUSH - NOUVELLE 7' NOSING GOLDRUSH - [GCNVNO7W10]; GOLDRUSH - NOUVELLE 8' NOSING GOLDRUSH - [GCNVNO8W10],7
NOUVELLE ROSEWOOD,NOUVELLE T-MOULD ROSEWOOD OAK - [GCNVTMOF05]; ROSEWOOD - NOUVELLE 7' T-MOULD ROSEWOOD - [GCNVTM7O05]; ROSEWOOD - NOUVELLE 8' T-MOULD ROSEWOOD - [GCNVTM8O05]; ROSEWOOD - NOUVELLE 7' REDUCER ROSEWOOD - [GCNVRE7O05]; ROSEWOOD - NOUVELLE 8' REDUCER ROSEWOOD - [GCNVRE8O05]; ROSEWOOD - NOUVELLE 7' NOSING ROSEWOOD - [GCNVNO7O05]; ROSEWOOD - NOUVELLE 8' NOSING ROSEWOOD - [GCNVNO8O05],7
NYTAE HONEY BEECH,NYTAE T-MOULD HONEY BEECH - [NTTMNY003],1
NYTAE HONEY CLICK,NYTAE HONEY OAK CLICK - [NT401C],1
O NATURAL CALCORE,"CRYSTAL VALLEY - W/O ENG 3-1/4"" NATURAL CALCORE - [GHCVO31438SB]; CRYSTAL VALLEY - R/O ENG 3-1/4"" NATURAL CALCORE - [GHCVR31438SB]; CRYSTAL VALLEY - R/O ENG 5"" NATURAL CALCORE - [GHCVR538SB]",3
O NATURAL MB 3.25,SHEOGA - 3/4 X 3.25 EN.W/O NATURAL MB - [PFSHEO338],1
OASIS AMER CHERRY,NATURAL - OASIS 1/2 X 3-9/16 AMER.CHERRY - [OAH3AC],1
OASIS AMER WALNUT,NATURAL - OASIS 1/2 X 3-9/16 AMER.WALNUT - [OAH3AW],1
OASIS SA MAHOGANY,NATURAL - OASIS 1/2 X 3-9/16 SA.MAHOGANY - [OAH3SM],1
OG BASE CORNER WO,OG BASE CORNER WO - [MOOGCNRO],1
OG BASE SANTOS MA,"S.MAHOGANY - 5/8 x 2 1/2,OG BASE, SANTOS MA - [MOOG582S]",1
OMNI BAMBOO VERTI,CARBONIZED - OMNI 1/2 BAMBOO BASESHOE VERTI - [UWBSBVC],1
ON ALPINE ROXBURY,B.HILLS ADD-ON ALPINE/ROXBURY - [GCSETBH-2828ADD],1
ORDER AMER CHERRY,EA - SP.ORDER MOULDING AMER.CHERRY - [MOSOCEA],1
ORDER BRAZ CHERRY,"SPECIAL ORDER 1/2"" BRAZ/CHERRY - [RHSOB]",1
ORDER DOUGLAS FIR,DOUG FIR - SPECIAL ORDER DOUGLAS FIR - [LQSOD],1
OSHKOSH ROSECLIFF,"PREFINISH - OSHKOSH ROSECLIFF 48"" - [OK354APF]",1
PALM WALNUT PEARL,DESIGNER SAMPLE - DS - PALM WALNUT PEARL - [GWC-DSPAW104]; SAMPLE BOARD - SB - PALM WALNUT PEARL - [GWC-SBPAW104],2
PARADISE COVE 7.5,"NEWPORT - EURO OAK 7.5"" PARADISE COVE - [GHNPO212]",1
PARQUET CATHERINE,GARRISON PARQUET CATHERINE - [GCPACATHERINE],1
PARQUET MARSEILLE,GARRISON PARQUET MARSEILLE - [GCPAMARSEILLE],1
PARQUET NORMANDIE,GARRISON PARQUET NORMANDIE - [GCPANORMANDIE],1
PATAGONIAN ROSEWD,AMARETTO - 1/2 X 5 PATAGONIAN ROSEWD - [JFAVCE12713],1
PECAN BAY GARRISO,1/2 x 5 WILD PECAN BAY GARRISO - [GCGAP514],1
PECAN CUSTOM COLO,1/2 x 5 WILD PECAN CUSTOM COLO - [GCGAP599]; 1/2 x 7 WILD PECAN CUSTOM COLO - [GCGAP799],2
PECAN NATURAL GAR,1/2 x 7 WILD PECAN NATURAL GAR - [GCGAP738],1
PIONEER CHERRY MB,NATURAL - 3/4 X 4 PIONEER A. CHERRY MB - [AMQ4PCNM],1
PLUS WALNUT UNFIN,PLUS NOSING WALNUT UNFIN. DIST - [GCNO7WN00PL],1
PREF RISER WALNUT,GII DISTRESS PREF.RISER WALNUT - [GCRIIIW]; GII SMOOTH PREF.RISER WALNUT - [GCRISSW]; CLIFFSIDE PREF.RISER WALNUT - [GCRICSW],3
PREFINISHED RISER,DU BOIS PREFINISHED RISER - [GCDBRI]; DU BOIS PREFINISHED RISER - [GCRIDB]; BIG SKY PREFINISHED RISER - [GCRIBS]; DELUXE PREFINISHED RISER - [GCRIDX]; SILVERLINE PREFINISHED RISER - [GCRISL]; NOUVELLE PREFINISHED RISER - [GCRINV]; EXOTIC PREFINISHED RISER - [GCRIEX]; DAVINCI PREFINISHED RISER - [GCRIDV]; VINEYARD PREFINISHED RISER - [GCRIVY]; GOLD LABEL PREFINISHED RISER - [GCRIGL]; BEVERLY H. PREFINISHED RISER - [GCRIBH],11
PREFINISHED TREAD,DU BOIS PREFINISHED TREAD - [GCDBTR]; DU BOIS PREFINISHED TREAD - [GCTRDB]; GII PREFINISHED TREAD - [GCIITR]; NEWPORT PREFINISHED TREAD - [GCTRNP]; DA VINCI PREFINISHED TREAD - [GCTRDV],5
PREM O SE CALCORE,CONTRACTORS CHOICE - 5/8 X 5 PREM. R/O SE CALCORE - [GFCOR5PSSB],1
PREMIUM Q W O S E,CON.CHOICE - *5/8 X 4 PREMIUM R&Q W/O S.E - [GFCOORQ4PS]; CON.CHOICE - 5/8 X 5 PREMIUM R&Q W/O S.E - [GFCOORQ5PS]; CON.CHOICE - *5/8 X 6 PREMIUM R&Q W/O S.E - [GFCOORQ6PS]; CON.CHOICE - 5/8 X 7 PREMIUM R&Q W/O S.E - [GFCOORQ7PS]; CON.CHOICE - 5/8 X2-1/4 PREMIUM R&Q W/O S.E - [GFCOORQ214PS],5
PREMIUM W O S E 5,CONTRACTOR'S CHOICE - 5/8 X 5 PREMIUM W/O S.E - [GFCOO5PS],1
PREMIUM W O S E 7,CONTRACTOR'S CHOICE - 5/8 X 7 PREMIUM W/O S.E - [GFCOO7PS],1
QTR ACACIA BROZNE,LAMINATE QTR ACACIA BROZNE - [LALXQRME01],1
QTR DELUXE COPPER,*LAMINATE QTR DELUXE COPPER - [LALXQRMP01],1
QTR FLRSCENT GOLD,*LAMINATE QTR FLRSCENT. GOLD - [LALXQRHG03],1
QTR GOLDEN AUBURN,LAMINATE QTR GOLDEN AUBURN - [LALXQRHG01],1
QTR ROUND ANACAPA,AQUA BLUE BY GARRISON - QTR. ROUND - ANACAPA OAK - [GVWPCQR100],1
QTR ROUND ASTORIA,METROPOLITAN - QTR.ROUND - ASTORIA - [GVMPQR701],1
QTR ROUND CHELSEA,METROPOLITAN - QTR.ROUND - CHELSEA - [GVMPQR901],1
QTR ROUND CORSICA,LAMINATE - *GARRISON QTR ROUND CORSICA - [GCLAQR011],1
QTR ROUND ECLIPSE,VINYLNOVA - QTR. ROUND - ECLIPSE - [GVVNQR905],1
QTR ROUND GLACIER,NATURESTEP - QTR.ROUND - GLACIER - [GVNSQR802],1
QTR ROUND JUPITER,VINYLNOVA - QTR. ROUND - JUPITER - [GVVNQR907],1
QTR ROUND MADISON,METROPOLITAN - QTR.ROUND - MADISON - [GVMPQR703],1
QTR ROUND MERCURY,ELEMENTS - QTR.ROUND - MERCURY - [GVSPCQR704],1
QTR ROUND NATURAL,LAMINATE QTR ROUND NATURAL OAK - [LAQRCW87025],1
QTR ROUND NIAGARA,AQUA BLUE II BY GARRISON - QTR. ROUND - NIAGARA OAK - [GVWPCIIQR108],1
QTR ROUND OLYMPIC,GARRISON QTR.ROUND OLYMPIC - [GCLAQR7509],1
QTR ROUND REDWOOD,GARRISON QTR.ROUND REDWOOD - [GCLAQR7510],1
QTR ROUND ROCKIES,APEX SPC - QTR.ROUND - ROCKIES - [GVAPQR504]; SUMMIT SKY SPC - QTR.ROUND - ROCKIES - [GVSSQR504],2
QTR ROUND SEQUOIA,GARRISON QTR.ROUND SEQUOIA - [GCLAQR7511],1
QTR ROUND TRIBECA,METROPOLITAN - QTR.ROUND - TRIBECA - [GVMPQR903],1
QTR SIERRA WALNUT,LAMINATE QTR SIERRA WALNUT - [LALXQRRH01],1
QUARTER ROUND LEO,ZODIAC WSPC - QUARTER ROUND - LEO - [GVZOQR7505],1
RACK BLANK HEADER,GC RACK BLANK HEADER BOARD - [GCRACK  B],1
RACK DOUBLE SET B,"WIRE RACK - GARRISON RACK-DOUBLE,SET A & B - [GCRACK09]",1
RE CRAFTSMAN BASE,MDF - 1/2 X 3-1/2 1RE CRAFTSMAN BASE - [MOBBMD387MUL3]; MDF - 1/2 X 4-1/2 1RE CRAFTSMAN BASE - [MOBBMD387MUL4]; MDF - 1/2 X 5-1/2 1RE CRAFTSMAN BASE - [MOBBMD387MUL5]; MDF - NONSTOCK - 1/2 X 7-1/4 1RE CRAFTSMAN BASE - [MOBBMD387MUL7],4
RETAIL MDF MLDNGS,RETAIL SAMPLE PANEL MDF MLDNGS - [GCKEYSET997],1
RIDGE WALNUT JAVA,DESIGNER SAMPLE - DS - RIDGE WALNUT JAVA - [GWC-DSRIW101]; SAMPLE BOARD - SB - RIDGE WALNUT JAVA - [GWC-SBRIW101],2
RIDGE WALNUT MINK,DESIGNER SAMPLE - DS - RIDGE WALNUT MINK - [GWC-DSRIW102]; SAMPLE BOARD - SB - RIDGE WALNUT MINK - [GWC-SBRIW102],2
RIFT QTR O BDL FT,"RANDOM - *1/2 X 2"" RIFT/QTR R/O BDL FT. - [RH2QRSSP]",1
RIFT QTR O NESTED,"1/2 x 2"" RIFT/QTR R/O NESTED - [RH2QRSNB]; DAYSPRING 24SF - 1/2 x 2"" RIFT/QTR R/O NESTED - [RH2QRSNB-24]; 20SF - 1/2 x 2"" RIFT/QTR R/O NESTED - [RH2QRSNB-20]",3
RIFT QTR O NO END,"1/2 x 2"" RIFT/QTR R/O NO END - [RH2QRSNEM]",1
RISER AMER CHERRY,"BUTTERSCOT - 3/4 X 7-1/4"" RISER AMER/CHERRY - [GCRICQ03]; RUM - 3/4 X 7-1/4"" RISER AMER/CHERRY - [GCRICQ05]; SAGEBRUSH - 3/4 X 7-1/4"" RISER AMER/CHERRY - [GCRICQ11]",3
RISER BRAZ CHERRY,3/4 X 7 1/4 RISER BRAZ/CHERRY - [MORIB]; NATURAL - 7-1/4 RISER BRAZ/CHERRY - [GCRIBQ38]; SEDONA - 7-1/4 RISER BRAZ/CHERRY - [GCRIBQ42]; 5/16 x 7 RISER - BRAZ. CHERRY - [MORI7B],4
RISER BRAZ WALNUT,CUSTOM RISER BRAZ. WALNUT - [MORISOBWEA],1
RISER PAINT GRADE,3/4 x 7 1/4 RISER PAINT GRADE - [MORIP],1
ROUND CRATER LAKE,GARRISON QTR.ROUND CRATER LAKE - [GCLAQR7505],1
ROUND EDGE CASING,MDF - NONSTOCK - 3/4 X 4-1/2 2ROUND EDGE CASING - [MOCAMD145MUL],1
ROUND GRAND TETON,GARRISON QTR.ROUND GRAND TETON - [GCLAQR7507],1
ROUND HICK GOLDEN,LAMINATE QTR ROUND HICK GOLDEN - [LAQRL8CWD7933],1
ROUND HIGH SIERRA,APEX SPC - QTR.ROUND - HIGH SIERRA - [GVAPQR502]; SUMMIT SKY SPC - QTR.ROUND - HIGH SIERRA - [GVSSQR502],2
ROUND IOWA WALNUT,LAMINATE QTR ROUND IOWA WALNUT - [LAQRCW87329],1
ROUND MOJAVE WASH,AQUA BLUE II BY GARRISON - QTR. ROUND - MOJAVE WASH - [GVWPCIIQR110],1
ROUND MORNING DEW,AQUA BLUE II BY GARRISON - QTR. ROUND - MORNING DEW - [GVWPCIIQR902],1
ROUND MOSCATO ASH,AQUA BLUE II BY GARRISON - QTR. ROUND - MOSCATO ASH - [GVWPCIIQR106],1
ROUND ROASTEDPINE,ROAST PINE - LAMINATE QTR ROUND ROASTEDPINE - [LAQRL8CVRP],1
ROUND SANTOS MAHO,LAMINATE QTR ROUND SANTOS MAHO - [LAQRCRCSM12],1
ROUND SPANISH PEC,SPANISH - LAMINATE QTR ROUND SPANISH PEC - [LAQRL8CW619],1
ROUND YELLOWSTONE,AQUA BLUE II BY GARRISON - QTR. ROUND - YELLOWSTONE OAK - [GVWPCIIQR103],1
RUSTIC WALNUT S E,5/8 X 5 ENG. RUSTIC WALNUT S.E - [AM585RWSU],1
S B W O HONEY ROS,3/4 X 3-3/16 S/B W/O HONEY ROS - [UW34316SOH],1
S SANTOS MAHOGANY,CON.CHOICE - *5/8 X3-1/4 S.SANTOS MAHOGANY - [GFCOS314SS],1
SANTOS MAHOG COVE,1/2 X 3/4 SANTOS MAHOG.COVE - [MOCV1234S],1
SANTOS MAHOGANY 5,EXOTICS - 1/2 X 5 SANTOS MAHOGANY - [GHEXSM538],1
SB CLOVER VINTAGE,SAMPLE BOARD - SB - CLOVER WHITE OAK VINTAGE - [GWC-SBCLO104],1
SB DIAMOND CARBON,SAMPLE BOARD - SB - DIAMOND WHITE OAK CARBON - [GWC-SBDIO101],1
SB DIAMOND SUNSET,SAMPLE BOARD - SB - DIAMOND WHITE OAK SUNSET - [GWC-SBDIO103],1
SB MOSAIC VINTAGE,SAMPLE BOARD - SB - MOSAIC WHITE OAK VINTAGE - [GWC-SBMOO104],1
SB OYSTER VINTAGE,SAMPLE BOARD - SB - OYSTER WHITE OAK VINTAGE - [GWC-SBOYO104],1
SB TUXEDO VINTAGE,SAMPLE BOARD - SB - TUXEDO WHITE OAK VINTAGE - [GWC-SBTUO104],1
SCRBE BRAZ CHERRY,3/16 x 3/4 SCRBE BRAZ/CHERRY - [MOSC316B],1
SCRIBE HICK PECAN,3/16 x 11/16 SCRIBE HICK/PECAN - [MOSC316H],1
SCRIBE SANTOS MAH,3/16 x 11/16 SCRIBE SANTOS MAH - [MOSC316S],1
SECRET GARDEN SPC,HANDSET - SECRET GARDEN SPC - [GCKEYSET63],1
SEL BR CHERRY S E,CON.CHOICE - 5/8 X 3-1/4 SEL BR/CHERRY S.E - [GFCC314SBS],1
SEL BTR Q W O S E,5/8 X 5 SEL/BTR R/Q W.O. S.E. - [AM585SROSU],1
SEL SANTOS MAHGNY,NATURAL - 9/16 X 3-1/2 SEL SANTOS MAHGNY - [ENNSS31238],1
SELECT IPE S E LL,B.WALNUT - 3/4 X 4 SELECT IPE S.E LL - [LQ4SIS],1
SELECT W O BDL FT,"1/2 x 1 1/2"" SELECT W/O BDL FT - [RH112SOSSP]",1
SELECT W O BLD FT,"RANDOM - *1/2 X 2"" SELECT W/O BLD FT. - [RH2SOSSP]",1
SELECT W O NESTED,"LEBANON - 1/2 x 1 1/2 SELECT W/O NESTED - [RH112SOSNB]; 3/4 x 1 1/2"" SELECT W/O NESTED - [RQ112SOSNB]; 3/8 x 1-1/2"" SELECT W/O NESTED - [RT112SOSNB]; DAYSPRING 24SF - 1/2 x 1 1/2"" SELECT W/O NESTED - [RH112SOSNB-24]; 15SF - 1/2 x 1-1/2"" SELECT W/O NESTED - [RH112SOSNB-15]; NESTED -20SF X BUNDLE - 1/2 x 2"" SELECT W/O NESTED - [RH2SOSNB-20]",6
SELECT W O SHORTS,"1/2 x 2"" SELECT W/O SHORTS - [RH2SOSHOS]",1
SELECT WALNUT S E,"3/4 x 2 1/4"" SELECT WALNUT S.E - [RQ214SWS]",1
SET ALLORA ADD ON,WATERFALL - SAMPLE SET - ALLORA ADD-ON - [GCSETAL-2228ADD],1
SET BEVERLY HILLS,WATERFALL - SAMPLE SET - BEVERLY HILLS - [GCSETBH-2828]; WATERFALL - SAMPLE SET-BEVERLY HILLS <N/L> - [GCSETBH-2828PL],2
SET CHATEAU CAPRI,SAMPLE SET - CHATEAU CAPRI - [GCSASET30],1
SET CLIFFSIDE OMP,"30"" X 28"" - SAMPLE SET - CLIFFSIDE *OMP* - [GCSETCS-3028]",1
SET COUNTRY CHARM,SAMPLE SET - COUNTRY CHARM - [GCSASET54]; WATERFALL - SAMPLE SET - COUNTRY CHARM - [GCSETCC-2323]; WIRE RACK - SAMPLE SET - COUNTRY CHARM - [GCSETCR-1314],3
SET SECRET GARDEN,WATERFALL ORIGINAL - SAMPLE SET - SECRET GARDEN - [GCSASET51],1
SET TIME INSPIRED,SAMPLE SET - TIME INSPIRED - [GCSAMPLES02]; WATERFALL ORIGINAL - SAMPLE SET - TIME INSPIRED - [GCSASET10],2
SIDE BEACH BLONDE,C.SIDE 8' NOSING BEACH BLONDE - [GCCSNO8O01]; C.SIDE 8' BABY-T BEACH BLONDE - [GCCSBT8O01],2
SILVERLINE BRANDY,"DISTRESSED - SILVERLINE NOSING BIRCH BRANDY - [GCNO7BIH05]; BIRCH - SILVERLINE REDUCER BRANDY - [GCRE7BIH05]; SILVERLINE T-MOULD BRANDY - [GCTM7BIF05]; BIRCH - SAMPLE - SILVERLINE 6"" BRANDY - [GHSL6BISB05]",4
SINGLE BEAD CROWN,MDF - NONSTOCK - 11/16X 3-1/4 SINGLE BEAD CROWN - [MOCMMD441MUL],1
SLIDING RACK SLOT,GARRISON SLIDING RACK 10 SLOT - [GCRACK15]; GARRISON SLIDING RACK 12 SLOT - [GCRACK16],2
SPC SPECIAL ORDER,SPC  SPECIAL ORDER - [GVSPC000],1
SPEC ORDER CHERRY,LF - SPEC.ORDER MOULDING A. CHERRY - [MOSOCLF],1
SPEC ORDER CORNER,SPEC.ORDER CORNER MOULDINGS - [MOSOCO],1
SPECIAL ORDER MDF,SPECIAL ORDER MDF MOULDING - [MOSOMDLF],1
SPECIAL ORDER UNF,HICKORY - ENGINEERED SPECIAL ORDER UNF. - [ENSOH],1
SS WALNUT NATURAL,WALNUT SMOOTH - SS 7' T-MOULD WALNUT NATURAL - [GCSSTM7W38]; WALNUT SMOOTH - SS 8' T-MOULD WALNUT NATURAL - [GCSSTM8W38]; WALNUT SMOOTH - SS 7' NOSING WALNUT NATURAL - [GCSSNO7W38]; WALNUT SMOOTH - SS 8' NOSING WALNUT NATURAL - [GCSSNO8W38],4
ST HICK PECAN S E,CON.CHOICE - 5/8 X 4 1ST HICK/PECAN S.E - [GFCC41HS]; CON.CHOICE - 5/8 X 5 1ST HICK/PECAN S.E - [GFCC51HS],2
STAIR BRAZ CHERRY,STAIR NOSING SOLID BRAZ CHERRY - [YHMS4702],1
STRANDWOVEN CLICK,CARBONIZED - STRANDWOVEN 9/16X4 3/10 CLICK - [BANC4SC],1
TEM BEECH CLASSIC,STAINED - TEM. 3/4 X 3-1/4 BEECH CLASSIC - [TMQ314BC]; NATURAL - TEM. 3/4 X 2-1/4 BEECH CLASSIC - [TMQ214BC],2
TERM OUT SPRAY OZ,TERM-OUT SPRAY 13OZ - [TS32784],1
TI CHERRY NORWICH,TI2 NOSING CHERRY NORWICH - [GCNO7CH138],1
TI WALNUT NATURAL,TI T-MOULD WALNUT NATURAL - [GCTM7WF38TI],1
TIDE WALNUT PEARL,DESIGNER SAMPLE - DS - TIDE WALNUT PEARL - [GWC-DSTIW104]; SAMPLE BOARD - SB - TIDE WALNUT PEARL - [GWC-SBTIW104],2
TIGERWOOD NATURAL,"SOLID EXOTICS - 3/4 X 5"" TIGERWOOD NATURAL - [PFQCTI538]",1
TREAD BRAZ WALNUT,CUSTOM TREAD BRAZ. WALNUT (EA) - [MOTRSOBWEA],1
TREAD HIGH SIERRA,SUMMIT SKY - TREAD - HIGH SIERRA - [GVSSTR502],1
TREAD MOJAVE WASH,AQUA BLUE II BY GARRISON - TREAD - MOJAVE WASH - [GVWPCIITR110],1
TREAD MORNING DEW,AQUA BLUE II BY GARRISON - TREAD - MORNING DEW - [GVWPCIITR902],1
TREAD MOSCATO ASH,AQUA BLUE II BY GARRISON - TREAD - MOSCATO ASH - [GVWPCIITR106],1
TREAD YELLOWSTONE,AQUA BLUE II BY GARRISON - TREAD - YELLOWSTONE OAK - [GVWPCIITR103],1
ULD CAPE COD BASE,WHITE OAK - 9/16 X 4 ULD CAPE COD BASE - [MOBBWO410],1
UNITED CHAIN SETS,UNITED CHAIN SETS - [UW CHAIN],1
USE GFFCPC GFFCPC,FRENCH CONNECTION - USE GFFCPC587-L / GFFCPC587-R - [GFFCPC587],1
USE GFFCPH GFFCPH,FRENCH CONNECTION - USE GFFCPH5167-L/GFFCPH5167-R - [GFFCPH5167],1
USE GNBLPC GNBLPC,BELLAGIO - USE GNBLPC506-L / GNBLPC506-R - [GNBLPC506],1
VAL PRAIRIE WHEAT,WHITE OAK - CRY.VAL T-MOULD PRAIRIE WHEAT - [GCTM7OF68],1
VALLEY PREF RISER,CRYSTAL VALLEY PREF.RISER - [GCRICV],1
VALLEY TREAD NEON,NEON OAK - PARADISE VALLEY TREAD NEON OAK - [LAPVTRO01],1
VICTORIAN CORNERS,MDF CORNER - NONSTOCK - 9/16 X 5-1/4 VICTORIAN CORNERS - [MOCOMD330BMULW],1
VINEYARD BORDEAUX,VINEYARD 8' NOSING BORDEAUX - [GCVYNO8O901]; VINEYARD 8' T-MOULD BORDEAUX - [GCVYTM8O901]; VINEYARD 8' REDUCER BORDEAUX - [GCVYRE8O901]; WATERFALL - PANEL - VINEYARD BORDEAUX - [GCSBBVY901-2228]; WATERFALL - PANEL - VINEYARD BORDEAUX <NL> - [GCSBBVY901-2228PL],5
VINEYARD CHAIANTI,WATERFALL - PANEL - VINEYARD CHAIANTI - [GCSBBVY903-2228]; WATERFALL - PANEL - VINEYARD CHAIANTI <NL> - [GCSBBVY903-2228PL],2
VINEYARD PROSECCO,VINEYARD 8' NOSING PROSECCO - [GCVYNO8O904]; VINEYARD 8' T-MOULD PROSECCO - [GCVYTM8O904]; VINEYARD 8' REDUCER PROSECCO - [GCVYRE8O904]; WATERFALL - PANEL - VINEYARD PROSECCO - [GCSBBVY904-2228]; WATERFALL - PANEL - VINEYARD PROSECCO <NL> - [GCSBBVY904-2228PL],5
VINYL DARK WALNUT,DEEP EMBOSSED - LUXURY VINYL DARK WALNUT - [GVLX005],1
VINYL FUSION GREY,DEEP EMBOSSED - LUXURY VINYL FUSION GREY - [GVLX007],1
VINYL HUCKLEBERRY,*LOOSE LAY VINYL HUCKLEBERRY - [GVLL203],1
VINYL WILD CHERRY,DEEP EMBOSSED - LUXURY VINYL WILD CHERRY - [GVLX003],1
W O BLDR GUNSTOCK,"CRYSTAL V - W/O BLDR SOLID 3 1/4"" GUNSTOCK - [GQCVOB31447]",1
W O NATURAL PREMI,9/16 X 3-1/4 W/O NATURAL PREMI - [UW916314PON],1
W O PR WHEAT 3.25,"CRYSTAL VALLEY - W/O PR.WHEAT ENG 3-1/4"" 2MM - [GHCVO31468]",1
W O PRAIRIE WHEAT,"1/2"" NOSING W/O PRAIRIE WHEAT - [UWNO12OP]; 1/2"" REDUCER W/O PRAIRIE WHEAT - [UWRE12OP]; T-MOULD W/O PRAIRIE WHEAT 78"" - [UWTM58OP]; CRYSTAL VALLEY - W/O ENG 5"" PRAIRIE WHEAT (9/16 - [GNCVO568]",4
WALL COVERING SET,WALL COVERING CHIP SET - [GWC-SETDS],1
WALNUT BIRMINGHAM,"TI - 1/2"" B-SHOE WALNUT BIRMINGHAM - [GCBSWH132]",1
WALNUT CANTERBURY,"TIME INSPR - WALNUT 5"" CANTERBURY         * - [GCTIW510]; DISTRESSED - 1/2"" NOSING WALNUT CANTERBURY - [GCNO7WH10]",2
WALNUT CHARLESTON,"CAROLINA CLASSIC - WALNUT 5"" CHARLESTON - [GHCCW598]",1
WALNUT FAS LUMBER,4/4 WALNUT FAS LUMBER - [LUWF44],1
WALNUT GREENSBORO,"CAROLINA CLASSIC - WALNUT 5"" GREENSBORO - [GHCCW5100]",1
WALNUT HAVANA RUM,"CANTINA BY GARRISON - WALNUT 7.5"" HAVANA RUM - [GHCAW75302]",1
WALNUT RUSTIC PLY,"NOUVELLE - *WALNUT 7.5"" RUSTIC 2 PLY - [GFNVW75112P]",1
WALNUT SAHARA PLY,"GII DIST - WALNUT 5"" SAHARA 2PLY - [GNIIW51042P]",1
WALNUT SE CALCORE,CONTRACTORS CHOICE - 5/8 X 5 PREM.WALNUT SE CALCORE - [GFCOW5PSSB]; CONTRACTORS CHOICE - 5/8 X 7 PREM.WALNUT SE CALCORE - [GFCOW7PSSB],2
WALNUT WILMINGTON,"CAROLINA CLASSIC - WALNUT 5"" WILMINGTON - [GHCCW5101]",1
WALNUT WINCHESTER,"BIG SKY - *1/2X7 DIST WALNUT WINCHESTER - [EHBSW7139]; BIG SKY - *1/2X4,6,8 WALNUT WINCHESTER - [EHBSW468139]",2
WANDERLUXE AMALFI,WANDERLUXE 8' NOSING AMALFI - [GCWLNO8O01]; WANDERLUXE 8' T-MOULD AMALFI - [GCWLTM8O01]; WANDERLUXE 8' BABY T AMALFI - [GCWLBT8O01]; WANDERLUXE 8' REDUCER AMALFI - [GCWLRE8O01]; WANDERLUXE BASESHOE AMALFI - [GCWLBSO01],5
WANDERLUXE ATHENS,WANDERLUXE BASESHOE ATHENS - [GCWLBSO02]; WANDERLUXE 8' BABY T ATHENS - [GCWLBT8O02]; WANDERLUXE 8' NOSING ATHENS - [GCWLNO8O02]; WANDERLUXE 8' REDUCER ATHENS - [GCWLRE8O02]; WANDERLUXE 8' T-MOULD ATHENS - [GCWLTM8O02]; WATERFALL - PANEL - WANDERLUXE ATHENS - [GCSBWL9002-2828],6
WANDERLUXE LISBON,WANDERLUXE BASESHOE LISBON - [GCWLBSO05]; WANDERLUXE 8' BABY T LISBON - [GCWLBT8O05]; WANDERLUXE 8' NOSING LISBON - [GCWLNO8O05]; WANDERLUXE 8' REDUCER LISBON - [GCWLRE8O05]; WANDERLUXE 8' T-MOULD LISBON - [GCWLTM8O05]; WATERFALL - PANEL - WANDERLUXE LISBON - [GCSBWL9005-2828],6
WANDERLUXE LONDON,WANDERLUXE BASESHOE LONDON - [GCWLBSO06]; WANDERLUXE 8' BABY T LONDON - [GCWLBT8O06]; WANDERLUXE 8' NOSING LONDON - [GCWLNO8O06]; WANDERLUXE 8' REDUCER LONDON - [GCWLRE8O06]; WANDERLUXE 8'T-MOULD LONDON - [GCWLTM8O06],5
WANDERLUXE MADRID,WANDERLUXE BASESHOE MADRID - [GCWLBSO07]; WANDERLUXE 8' BABY T MADRID - [GCWLBT8O07]; WANDERLUXE 8' NOSING MADRID - [GCWLNO8O07]; WANDERLUXE 8' REDUCER MADRID - [GCWLRE8O07]; WANDERLUXE 8' T-MOULD MADRID - [GCWLTM8O07]; WATERFALL - PANEL - WANDERLUXE MADRID - [GCSBWL9007-2828],6
WANDERLUXE SICILY,WANDERLUXE BASESHOE SICILY - [GCWLBSO10]; WANDERLUXE 8' BABY T SICILY - [GCWLBT8O10]; WANDERLUXE 8' NOSING SICILY - [GCWLNO8O10]; WANDERLUXE 8' REDUCER SICILY - [GCWLRE8O10]; WANDERLUXE 8' T-MOULD SICILY - [GCWLTM8O10],5
WANDERLUXE VENICE,WANDERLUXE BASESHOE VENICE - [GCWLBSO12]; WANDERLUXE 8' BABY T VENICE - [GCWLBT8O12]; WANDERLUXE 8' NOSING VENICE - [GCWLNO8O12]; WANDERLUXE 8' REDUCER VENICE - [GCWLRE8O12]; WANDERLUXE 8' T-MOULD VENICE - [GCWLTM8O12],5
WINSOR BLK WALNUT,MAX WINSOR REDUCER BLK WALNUT - [MWRE90],1
5 ACACIA NATURAL,EXOTICS - 1/2 X 5 ACACIA NATURAL - [GHEXA538],1
5 SAPELE NATURAL,EXOTICS - 1/2 X 5 2MM SAPELE NATURAL - [GHEXS538],1
5 WALNUT ANTIQUE,"GII DISTRESSED - WALNUT 5"" ANTIQUE DISTRESSED - [GNIIW523]; GII SMOOTH - WALNUT 5"" SMOOTH ANTIQUE - [GNSSW523]",2
5 WALNUT NATURAL,"GII DISTRESSED - WALNUT 5"" NATURAL DISTRESSED - [GNIIW538]; GII SMOOTH - WALNUT 5"" NATURAL SMOOTH - [GNSSW538]",2
7.5 LAGUNA BEACH,"NEWPORT - EURO OAK 7.5""LAGUNA BEACH 1/2"" - [GHNPO210]",1
7.5 SELLA SELECT,"ALLORA - EURO OAK 7.5"" SELLA SELECT - [GFALO7505S]",1
9.5 SELLA SELECT,"ALLORA - EURO OAK 9.5"" SELLA SELECT - [GFALO9505S]",1
ACACIA NATURAL 5,EXOTICS - 1/2 X 5 ACACIA NATURAL - [GHEXA538],1
AM CH BEVEL EDGE,CON.CHOICE - *5/8 X 5 CHAR.AM/CH.BEVEL EDGE - [GFCOC5CSBE],1
AMER CHERRY NOSI,9/16 X 3-1/2 AMER. CHERRY NOSI - [AMNO916CNP],1
ANCIENT MAHOGANY,LAMINATE ANCIENT MAHOGANY DIST - [LAED292],1
ANTIQUE CHARCOAL,"DISTRESSED - 12.3MM 6-1/2"" ANTIQUE CHARCOAL - [LALXHS03]",1
APPALACHIAN RACK,APPALACHIAN RACK & SAMPLES - [PFAPSA01],1
B CHERRY NATURAL,"GII SMOOTH - * B. CHERRY 5"" SMOOTH NATURAL - [GNSSB538]; SMOOTH NOSING B.CHERRY NATURAL - [GCNO7BSN38]; SMOOTH - 1/2 X 5 2MM B CHERRY NATURAL - [ENHB538]",3
B SANTOS MAHOGAN,1/2 X 3-1/4 S/B SANTOS MAHOGAN - [UW12314SSN],1
B SHOE CHAMBOARD,FRENCH CONN. B.SHOE CHAMBOARD - [GCBSOH90],1
B TIGER MAHOGANY,"11/16"" NOSING B.TIGER MAHOGANY - [YHMS2802]",1
BAMBOO CARB VERT,BAMBOO NOSING CARB/VERT - [UWNO58BVC],1
BAMBOO DARK VERT,CARBONIZED - GARRISON BAMBOO DARK VERT. 3' - [GFBA36VCD]; NATURAL - GARRISON BAMBOO DARK VERT. 3' - [GFBA36VND],2
BAMBOO HORZ MOLD,CHARCOAL - GARRISON BAMBOO HORZ. T MOLD. - [GFBATM27]; COFFEE - GARRISON BAMBOO HORZ. T MOLD. - [GFBATM37],2
BAMBOO QTR ROUND,CARBONIZED - GARRISON BAMBOO QTR ROUND - [GFBAQTVC]; COFFEE - GARRISON BAMBOO  QTR ROUND - [GFBABSH37]; NATURAL - GARRISON BAMBOO QTR ROUND - [GFBAQTHN],3
BAMBOO VERT CARB,"BAMBOO REDUCER VERT/CARB 72"" - [UWRE58BVC]; BAMBOO T-MOULD VERT/CARB 72"" - [UWTM58BVC]; 12.3MM 5"" BAMBOO VERT/CARB - [LALXBA02]; VERT/CARB - SAMPLE-LUXURY BAMBOO VERT/CARB - [LALXSBBA02]",4
BASE SHOE BIANCA,DA VINCI BASE SHOE BIANCA - [GCDVBSO701],1
BASE SHOE CORNER,PRIME - 1/2 X 3/4 BASE SHOE CORNER - [MOCOPR300B]; PRIME - 3/8 X 3/4 BASE SHOE CORNER - [MOCOPR300A]; FLEX CORNER - 3/8 X 3/4 BASE SHOE CORNER - [MOCOPR300ARCFS],3
BASE SHOE MILANO,DA VINCI BASE SHOE MILANO - [GCDVBSO708],1
BASE SHOE PISANI,DA VINCI BASE SHOE PISANI - [GCDVBSO712],1
BASE SHOE POPLAR,1/2 x 3/4 BASE SHOE - POPLAR - [MOBS12P]; 3/8 x 3/4 BASE SHOE - POPLAR - [MOBS38P]; 5/8 x 13/16 BASE SHOE - POPLAR - [MOBS58P],3
BASE SHOE TRENTO,DA VINCI 8' BASE SHOE TRENTO - [GCDV2BSO705],1
BASE SHOE VERONA,DA VINCI 8' BASE SHOE VERONA - [GCDV2BSO709],1
BASE SHOE WALNUT,1/2 X 3/4 BASE SHOE - WALNUT - [MOBS12W],1
BEACH HERRINGBON,WATERFALL - PANEL - SHELL BEACH HERRINGBON - [GCSBNPPH207-2228],1
BEJORK GOLDENOAK,GOLDEN OAK - LAMINATE BEJORK DIST GOLDENOAK - [LAHXM67],1
BEL ROVENZA CHEV,WATERFALL - PANEL - BEL.ROVENZA CHEV.<N/L> - [GCSBBLPC506-2228PL],1
BELLAGIO ROVENZA,BELLAGIO 8' BABY-T ROVENZA - [GCBLBT8O006]; BELLAGIO 8' NOSING ROVENZA - [GCBLNO8O006]; BELLAGIO 8' T-MOULD ROVENZA - [GCBLTM8O006]; BELLAGIO 8' REDUCER ROVENZA - [GCBLRE8O006]; BELLAGIO BASESHOE ROVENZA - [GCBLBSO006]; WATERFALL - PANEL - BELLAGIO ROVENZA - [GCSBBL7506-2228]; WATERFALL - PANEL - BELLAGIO ROVENZA <N/L> - [GCSBBL7506-2228PL],7
BELLISSIMO COCCO,BELLISSIMO 8' NOSING COCCO - [GCBENO8M203]; BELLISSIMO 8' T-MOULD COCCO - [GCBETM8M203]; BELLISSIMO 8' BABY-T COCCO - [GCBEBT8M203]; BELLISSIMO 8' REDUCER COCCO - [GCBERE8M203]; BELLISSIMO 7' BABY-T COCCO - [GCBEBT7M203]; BELLISSIMO 7' NOSING COCCO - [GCBENO7M203]; BELLISSIMO 7' REDUCER COCCO - [GCBERE7M203]; BELLISSIMO 7' T-MOULD COCCO - [GCBETM7M203],8
BELLISSIMO GRANO,BELLISSIMO 8' NOSING GRANO - [GCBENO8M205]; BELLISSIMO 8' T-MOULD GRANO - [GCBETM8M205]; BELLISSIMO 8' BABY-T GRANO - [GCBEBT8M205]; BELLISSIMO 8' REDUCER GRANO - [GCBERE8M205]; BELLISSIMO 7' BABY-T GRANO - [GCBEBT7M205]; BELLISSIMO 7' NOSING GRANO - [GCBENO7M205]; BELLISSIMO 7' REDUCER GRANO - [GCBERE7M205]; BELLISSIMO 7' T-MOULD GRANO - [GCBETM7M205],8
BELLISSIMO MIELE,BELLISSIMO 8' NOSING MIELE - [GCBENO8M206]; BELLISSIMO 8' T-MOULD MIELE - [GCBETM8M206]; BELLISSIMO 8' BABY-T MIELE - [GCBEBT8M206]; BELLISSIMO 8' REDUCER MIELE - [GCBERE8M206]; BELLISSIMO 7' BABY-T MIELE - [GCBEBT7M206]; BELLISSIMO 7' NOSING MIELE - [GCBENO7M206]; BELLISSIMO 7' REDUCER MIELE - [GCBERE7M206]; BELLISSIMO 7' T-MOULD MIELE - [GCBETM7M206],8
BIG SKY CHEYENNE,HICKORY - BIG SKY NOSING CHEYENNE - [GCNO7HH154]; HICKORY - BIG SKY T-MOULD CHEYENNE - [GCTM7HF154]; HICKORY - BIG SKY REDUCER CHEYENNE - [GCRE7HH154]; SAMPLE - BIG SKY CHEYENNE - [EHBS7SBH154],4
BIG SKY GUNSMOKE,MAPLE - BIG SKY NOSING GUNSMOKE - [GCNO7MH150]; MAPLE - BIG SKY BABY T-HOLD GUNSMOKE - [GCBT7MF150]; MAPLE - BIG SKY REDUCER GUNSMOKE - [GCRE7MH150]; MAPLE - BIG SKY T-MOULD GUNSMOKE - [GCTM7MF150]; SAMPLE - BIG SKY GUNSMOKE - [EHBS7SBM150],5
BIG SKY MAVERICK,MAPLE - BIG SKY NOSING MAVERICK - [GCNO7MH149]; MAPLE - BIG SKY BABY T-HOLD MAVERICK - [GCBT7MF149]; MAPLE - BIG SKY REDUCER MAVERICK - [GCRE7MH149]; MAPLE - BIG SKY T-MOULD MAVERICK - [GCTM7MF149]; SAMPLE - BIG SKY MAVERICK - [EHBS7SBM149],5
BLDR BRAZ CHERRY,NATURAL - 1/2 X 3 1/4 BLDR BRAZ CHERRY - [UW12314BBN],1
BLDR W O NATURAL,3/4 X 2-1/4 BLDR W/O NATURAL - [UW34312BON],1
BOOK DOLCE CAPRI,SAMPLE BOOK - DOLCE CAPRI - [GCKEYSET48],1
BR CHERRY SEDONA,DISTRESSED - GII NOSING BR/CHERRY SEDONA - [GCNO7BN42],1
BRAZ CHERRY COVE,1/2 X 3/4 BRAZ/CHERRY COVE - [MOCV1234B],1
BRAZ CHERRY NOSI,9/16 X 3-1/2 BRAZ. CHERRY NOSI - [AMNO916BP]; 9/16 X 3 1/2 BRAZ. CHERRY NOSI - [AMNO916BU],2
BRAZ CHERRY PREF,T-MOULD BRAZ. CHERRY  PREF. - [AMTM58BP],1
BRAZILIAN CHERRY,"EXOTICS - 1/2 X 5 2MM BRAZILIAN CHERRY - [GHEXB538]; NATURAL - 1/2 X 3 9/16 BRAZILIAN CHERRY - [OAH3BC]; NATURAL - MW SQ. NOSING BRAZILIAN CHERRY - [MWNOS82]; NATURAL - 3/4 X 4-7/8 BRAZILIAN CHERRY - [HAQ478SBN]; NATURAL - 3/4 X 3-5/8 BRAZILIAN CHERRY - [HAQ358SBN]; NATURAL - 1/2 X 5 BRAZILIAN CHERRY - [OAH5BC]; 9/16 X 5 BRAZILIAN CHERRY - [JFAMZE12503]; 9/16 X 4-3/4 BRAZILIAN CHERRY - [JFLAMZE12203]; NATURAL - 3/4 X 3-5/8 BRAZILIAN CHERRY - [JFSWP9294]; DISTRESSED - LAMINATE 12MM BRAZILIAN CHERRY - [LAL12PSSBC]; NATURAL - 3/4 X 4 3/4 BRAZILIAN CHERRY - [JFAMZS12203]; LAMINATE BRAZILIAN CHERRY DIST - [LAED608]; NATURAL - 9/16 X 4 3/4  BRAZILIAN CHERRY - [FFN478SBC]; SMOOTH - 1/2 X 5 2MM BRAZILIAN CHERRY - [GHEXB538]; SMOOTH - 1/2 X 7.5"" BRAZILIAN CHERRY - [GHEXB7538]",15
BRAZILIAN WALNUT,NATURAL - 3/4X3 SELECT BRAZILIAN WALNUT - [NOQ3SBWM]; NATURAL - 3/4X5 SELECT BRAZILIAN WALNUT - [NOQ5SBWM]; 3/4 X 3-5/8 BRAZILIAN WALNUT - [JFSWP9292]; 9/16 X 5 BRAZILIAN WALNUT - [JFAMZE12517],4
BULLNOSE CORNERS,MDF CORNER - NONSTOCK - 9/16 X 5-1/2 BULLNOSE CORNERS - [MOCOMD354MULW],1
BURNISHED BRONZE,"URBANIA - 5/8 X 6"" BURNISHED BRONZE OAK - [URUC17203]",1
C CHOICE W O OMP,"WATERFALL - PANEL - C.CHOICE W/O 2.25""*OMP - [GCSBCOO214PS-2428]; WATERFALL - PANEL - C.CHOICE W/O 5""*OMP* - [GCSBCOO5PS-2528]; WATERFALL - PANEL - C.CHOICE W/O 7""*OMP* - [GCSBCOO7PS-2828]",3
C HICK PECAN S E,"3/4"" X 9"" #1C HICK/PECAN S.E. - [L3491HS]",1
C SIDE COOL MIST,C.SIDE 8' T-MOULD COOL MIST - [GCCSTM8O02]; C.SIDE 8' BABY-T COOL MIST - [GCCSBT8O02]; C.SIDE 8' REDUCER COOL MIST - [GCCSRE8O02],3
C SIDE SEA GLASS,C.SIDE 8' BABY-T SEA GLASS - [GCCSBT8O03]; C.SIDE 8' REDUCER SEA GLASS - [GCCSRE8O03]; C.SIDE 8' T-MOULD SEA GLASS - [GCCSTM8O03],3
C SIDE WARM SAND,C.SIDE 8' T-MOULD WARM SAND - [GCCSTM8O07]; C.SIDE 8' T-MOULD WARM SAND - [GCCSTM8O10]; C.SIDE 8' BABY-T WARM SAND - [GCCSBT8O10]; C.SIDE 8' BABY-T WARM SAND - [GCCSBT8O07]; C.SIDE 8' REDUCER WARM SAND - [GCCSRE8O07]; C.SIDE 8' REDUCER WARM SAND - [GCCSRE8O10],6
CAMBRIDGE CASING,MDF - NONSTOCK - 11/16 X 3-1/4 CAMBRIDGE CASING - [MOCAMD161MUL],1
CANTINA PACIFICO,CANTINA BASESHOE PACIFICO - [GCCABSMH205]; MAPLE - CANTINA 7' T-MOULD PACIFICO - [GCCATM7M205]; MAPLE - CANTINA 8' T-MOULD PACIFICO - [GCCATM8M205]; MAPLE - CANTINA 7' REDUCER PACIFICO - [GCCARE7M205]; MAPLE - CANTINA 8' REDUCER PACIFICO - [GCCARE8M205]; MAPLE - CANTINA 7' NOSING PACIFICO - [GCCANO7M205]; MAPLE - CANTINA 8' NOSING PACIFICO - [GCCANO8M205],7
CANYON CREST ELI,3/4 x 2 1/4 CANYON CREST - ELI - [CE214CC],1
CAP ANT CHARCOAL,LAMINATE END CAP ANT. CHARCOAL - [LALXECHS03],1
CAP BLACK CANYON,GARRISON END CAP BLACK CANYON - [GCLAEC7502],1
CAP BRYCE CANYON,GARRISON END CAP BRYCE CANYON - [GCLAEC7503],1
CAP BURNT BRONZE,LAMINATE END CAP BURNT BRONZE - [LALXECHS05],1
CAP CANYON LANDS,GARRISON END CAP CANYON LANDS - [GCLAEC7504],1
CAP CITRUS AMBER,LAMINATE END CAP CITRUS AMBER - [LALXECCS01],1
CAP DARK SCARLET,LAMINATE END CAP DARK SCARLET - [LALXECSS02],1
CAP DELUXE COPPE,*LAMINATE END CAP DELUXE COPPE - [LALXECMP01],1
CAP ESPRESSO WAL,LAMINATE END CAP ESPRESSO WAL. - [LALXECRH02],1
CAP FLRSCNT GOLD,*LAMINATE END CAP FLRSCNT GOLD - [LALXECHG03],1
CAP GINGER TAUPE,LAMINATE END CAP GINGER TAUPE - [LALXECHS06],1
CAP HAMPTON LAVA,LAMINATE END CAP HAMPTON LAVA - [LALXECSS03],1
CAP ISLAND SHORE,ISALND SHORE - LAMINATE END CAP ISLAND SHORE - [LALXECHS02],1
CAP MERITAGE ASH,AQUA BLUE II BY GARRISON - END CAP - MERITAGE ASH - [GVWPCIIEC105],1
CAP MOCHA WALNUT,LAMINATE END CAP MOCHA WALNUT - [LALXECRH03],1
CAP ROYAL MAHOGA,*LAMINATE END CAP ROYAL MAHOGA - [LALXECHS01],1
CAP RUSTIC OLIVE,LAMINATE END CAP RUSTIC OLIVE - [LAECHXM50],1
CAP SIENNA CYPRE,*LAMINATE END CAP SIENNA CYPRE - [LALXECHS04],1
CAP WEST VILLAGE,METROPOLITAN - END CAP - WEST VILLAGE - [GVMPEC706],1
CAPE COD CORNERS,MDF CORNER - NONSTOCK - 7/16 X 3-7/8 CAPE COD CORNERS - [MOCOMD310]; MDF CORNER - NONSTOCK - 9/16 X 4 CAPE COD CORNERS - [MOCOMD410]; MDF CORNER - NONSTOCK - 9/16 X 5-1/4 CAPE COD CORNERS - [MOCOMD318MUL5W]; MDF - NONSTOCK - 7/16 X 3-7/8 CAPE COD CORNERS - [MOCOMD313MUL]; MDF CORNER - NONSTOCK - 9/16 X 4 CAPE COD CORNERS - [MOCOMD318MUL4W],5
CAPE CODE CASING,MDF - 5/8 X 2-1/2 CAPE CODE CASING - [MOCAMD150MUL],1
CAR CLASS RALEIG,MAPLE - CAR.CLASS BABY TRESHOLD RALEIG - [GCBT7MF94],1
CARBZ CAPPUCCINO,"GII SMOOTH - *MAPLE CARBZ. 4-3/4""CAPPUCCINO - [GNSSMC5131]",1
CAROLINA C SALEM,WIRE RACK - PANEL - CAROLINA C. SALEM - [GCSBCCH590-1724],1
CASTELLO CALCORE,"BELLISSIMO - HICKORY 7.5"" CASTELLO CALCORE - [GHBEH75101SB]",1
CHARLESTON CROWN,MDF - NONSTOCK - 11/16 X 6 CHARLESTON CROWN - [MOCMMD410MUL],1
CHERRY DISTRESSE,NATURAL - M.W. T-MOLD B.CHERRY DISTRESSE - [MWTM0302],1
CHERRY SAGEBRUSH,"TIME INSPR - CHERRY 5"" SAGEBRUSH          * - [GCTIC511]; DISTRESSED - 1/2"" NOSING CHERRY SAGEBRUSH - [GCNO7CH11]",2
CHESTNUT CALCORE,"GII DIST - MAPLE 5"" CHESTNUT CALCORE - [GNIIM506SB]; GII SMOOTH - MAPLE 5"" SM. CHESTNUT CALCORE - [GNSSM506SB]",2
CHIRAZ MEDALLION,"PREFINISH - OSHKOSH CHIRAZ 25"" MEDALLION - [OK33501MPF]",1
CHOCOLATE CHERRY,"GII DIST - P. CHERRY 5"" CHOCOLATE CHERRY - [GNIIC524]; SAMPLE - GII CHOCOLATE CHERRY - [GNII5SBC24]; DISTRESSED - *G3 NOSING CHOCOLATE CHERRY - [GCNO7CH24]; *G3 REDUCER CHOCOLATE CHERRY - [GCRE7CH24]; 1/2"" - SAMPLE - G3 CHOCOLATE CHERRY - [GHIII5SBC24]; DISTRESSED - GII 7' NOSING CHOCOLATE CHERRY - [GCIINO7C24]; DISTRESSED - GII 8' NOSING CHOCOLATE CHERRY - [GCIINO8C24]",7
CHOCOLATE WALNUT,"DISTRESSED - 12.3MM 6-1/2"" CHOCOLATE WALNUT - [LALXHS07]; LAMINATE QTR CHOCOLATE WALNUT - [LALXQRHS07]; FLUSH NOSING CHOCOLATE WALNUT - [LALXFNOHS07]",3
CHR AM CHERRY SE,CON.CHOICE - *5/8 X 2 1/4 CHR. AM/CHERRY SE - [GFCOC214CS],1
CLASS UNF HICKOR,C.CLASS NOSING UNF.DIST HICKOR - [GCNO7HH00CC],1
CLASSIC ALLENDAL,C.CLASSIC BABY T-HOLD ALLENDAL - [GCBT7OF96],1
CLIFF SUMMER TAN,WATERFALL - PANEL - CLIFF. SUMMER TAN - [GCSBCS7505-2228],1
COLONIAL CORNERS,MDF CORNER - NONSTOCK - 9/16 X 6-1/8 COLONIAL CORNERS - [MOCOMD328MUL6]; MDF CORNER - NONSTOCK - 9/16 X 5-1/4 COLONIAL CORNERS - [MOCOMD118MUL5W]; MDF CORNER - NONSTOCK - 9/16 X 7-1/4 COLONIAL CORNERS - [MOCOMD118MUL7W]; MDF CORNER - NONSTOCK - 9/16 X 5-1/4 COLONIAL CORNERS - [MOCOMD328MUL]; MDF CORNER - NONSTOCK - 9/16 X 4-1/4 COLONIAL CORNERS - [MOCOMD118MUL4W],5
COLONIAL STOP CA,MDF - NONSTOCK - 1/2 X 1 3/4 COLONIAL STOP CA - [MOCAMD210MUL],1
COLU WITHERSPOON,CARAMEL - COLU.1/2 X 3 WITHERSPOON MAPLE - [COWIM311F],1
COLUMBIA BARLETT,NATURAL - COLUMBIA 3/8 X 3 BARLETT OAK - [COBAO310F]; COCOA - COLUMBIA 3/8 X 3 BARLETT OAK - [COBAO313],2
COLUMBIA HOPKINS,NATURAL - COLUMBIA 3/8 X 3 HOPKINS OAK - [COHOO310F],1
COLUMBIAN WALNUT,LAMINATE COLUMBIAN WALNUT - [LACW212]; LAMINATE QTR COLUMBIAN WALNUT - [LAQRCW212],2
COMP BUST DESERT,HICKORY - DESERT WHITE - *COMP.BUST BABY T-HOLD DESERT - [GCBT7HF179],1
COMP BUST WINTER,HICKORY - WINTER WHITE - *COMP.BUST BABY T-HOLD WINTER - [GCBT7HF180],1
CONNECTION TREAD,FRENCH CONNECTION TREAD - [GCTRFC],1
CORNERS FOR BASE,"MAPLE - NONSTOCK - B.S. CORNERS FOR 9/16"" BASE - [MOCOM3002BMPW]",1
COUNTRYWOOD RACK,COUNTRYWOOD RACK & SAMPLES - [CWRACK],1
CRAFTSMAN CORNER,MDF CORNER - 1/2X5-1/2 1RE CRAFTSMAN CORNER - [MOCOMD388MUL5W]; MDF CORNER - 1/2X4-1/2 1RE CRAFTSMAN CORNER - [MOCOMD388MUL4W]; MDF CORNER - 1/2X3-1/2 1RE CRAFTSMAN CORNER - [MOCOMD388MUL3W]; MDF CORNER - NONSTOCK - 1/2X7-1/2 1RE CRAFTSMAN CORNER - [MOCOMD388MUL7W],4
CRESCENT CORNERS,MDF - NONSTOCK - 9/16 X 5-1/4 CRESCENT CORNERS - [MOCOMD317MULW]; MDF CORNER - NONSTOCK - 9/16 X 4-1/4 CRESCENT CORNERS - [MOCOMD326MULW],2
CRY VAL CHESTNUT,ASIAN MAHOGANY - CRY.VAL 7' T-MOULD CHESTNUT - [GCCVSTM7AM06]; ASIAN MAHOGANY - CRY.VAL 8' T-MOULD CHESTNUT - [GCCVSTM8AM06],2
CRY VAL GUNSTOCK,CRYSTAL VA - CRY.VAL T-MOULD GUNSTOCK - [GCTM7OF47],1
CRY VAL MAP NATU,"CRY.VAL 9/16"" REDUCER MAP.NATU - [GCRE7MN38CV]",1
CRY VAL PR WHEAT,WHITE OAK - CRY.VAL BABY T-HOLD PR. WHEAT - [GCBT7OF68],1
CRY VAL UNFINISH,"UNFINISH - CRY.VAL 3/4"" NOSING UNFINISH - [GCNO7OQ00]; UNFINISH - CRY.VAL 3/4""NOSING UNFINISH 8' - [GCNO8OQ00]",2
CV PRAIRIE WHEAT,"WIRE RACK - PANEL - CV 3.25"" PRAIRIE WHEAT - [GCSBCVO31468-1724]; WIRE RACK - PANEL - CV 5"" PRAIRIE WHEAT - [GCSBCVO568-1724]",2
CVA W O PR WHEAT,CVA 8' NOSING W/O PR.WHEAT - [GCCVNO8OH68USA]; CVA 8' REDUCER W/O PR.WHEAT - [GCCVRE8OH68USA]; CVA 8' T-MOULD W/O PR.WHEAT - [GCCVTM8O68USA],3
CYN CREST FRASER,CYN.CREST BASESHOE FRASER - [GCCYBSO02]; CYN.CREST 8' NOSING FRASER - [GCCYNO8O02]; CYN.CREST 8' REDUCER FRASER - [GCCYRE8O02]; CYN.CREST 8' T-MOULD FRASER - [GCCYTM8O02],4
CYN CREST SABINO,CYN.CREST BASESHOE SABINO - [GCCYBSO10]; CYN.CREST 8' NOSING SABINO - [GCCYNO8O10]; CYN.CREST 8' REDUCER SABINO - [GCCYRE8O10]; CYN.CREST 8' T-MOULD SABINO - [GCCYTM8O10],4
DA VINCI CARRERA,DA VINCI 8' BABY-T CARRERA - [GCDVBT8O702]; DA VINCI 8' NOSING CARRERA - [GCDVNO8O702]; DA VINCI 8' REDUCER CARRERA - [GCDVRE8O702]; DA VINCI 8' T-MOULD CARRERA - [GCDVTM8O702]; DA VINCI 7' NOSING CARRERA - [GCDVNO7O702]; WATERFALL - PANEL - DA VINCI CARRERA - [GCSBDV702-2228],6
DA VINCI CASCINA,DA VINCI 8' BABY-T CASCINA - [GCDVBT8O703]; DA VINCI 8' NOSING CASCINA - [GCDVNO8O703]; DA VINCI 8' REDUCER CASCINA - [GCDVRE8O703]; DA VINCI 8' T-MOULD CASCINA - [GCDVTM8O703],4
DA VINCI CAVALLO,DA VINCI 8' BABY-T CAVALLO - [GCDVBT8O704]; DA VINCI 8' NOSING CAVALLO - [GCDVNO8O704]; DA VINCI 8' REDUCER CAVALLO - [GCDVRE8O704]; DA VINCI 8' T-MOULD CAVALLO - [GCDVTM8O704],4
DA VINCI CELLINI,DA VINCI 8' BABY-T CELLINI - [GCDVBT8O705]; DA VINCI 8' NOSING CELLINI - [GCDVNO8O705]; DA VINCI 8' REDUCER CELLINI - [GCDVRE8O705]; DA VINCI 8' T-MOULD CELLINI - [GCDVTM8O705],4
DA VINCI PALAZZO,DA VINCI 8' BABY-T PALAZZO - [GCDVBT8O710]; DA VINCI 8' NOSING PALAZZO - [GCDVNO8O710]; DA VINCI 8' REDUCER PALAZZO - [GCDVRE8O710]; DA VINCI 8' T-MOULD PALAZZO - [GCDVTM8O710],4
DA VINCI VECCHIO,DA VINCI 8' BABY-T VECCHIO - [GCDVBT8O709]; DA VINCI 8' NOSING VECCHIO - [GCDVNO8O709]; DA VINCI 8' REDUCER VECCHIO - [GCDVRE8O709]; DA VINCI 8' T-MOULD VECCHIO - [GCDVTM8O709]; WATERFALL - PANEL - DA VINCI VECCHIO - [GCSBDV709-2228],5
DAVINCI MARCELLO,"MAPLE - SAMPLE-DAVINCI 5"" MARCELLO - [GNDV5SBM64]; DAVINCI T-MOULD MARCELLO - [GCTM7MF64]; MAPLE - DAVINCI BABY TRESHOLD MARCELLO - [GCBT7MF64]; MAPLE - DAVINCI REDUCER MARCELLO - [GCRE7MN64]",4
DELUXE MONTECITO,"HICKORY - SAMPLE - DELUXE 6"" MONTECITO - [GFDX6SBH57]; HICKORY - DELUXE 7' T-MOULD MONTECITO - [GCDXTM7H57]; HICKORY - DELUXE 8' T-MOULD MONTECITO - [GCDXTM8H57]; HICKORY - DELUXE 7' REDUCER MONTECITO - [GCDXRE7H57]; HICKORY - DELUXE 8' REDUCER MONTECITO - [GCDXRE8H57]; HICKORY - DELUXE 7' NOSING MONTECITO - [GCDXNO7H57]; HICKORY - DELUXE 8' NOSING MONTECITO - [GCDXNO8H57]",7
DENTIL READY CRW,MDF - NONSTOCK - 13/16 X 5-1/2 DENTIL READY CRW - [MOCMMD425MUL5],1
DOWN VINYL TABOR,*GLUE DOWN VINYL TABOR - [GVGD108],1
DOWN VINYL TETON,*GLUE DOWN VINYL TETON - [GVGD109],1
DS CLOVER CARBON,DESIGNER SAMPLE - DS - CLOVER WHITE OAK CARBON - [GWC-DSCLO101],1
DS CLOVER SUNSET,DESIGNER SAMPLE - DS - CLOVER WHITE OAK SUNSET - [GWC-DSCLO103],1
DS DIAMOND FROST,DESIGNER SAMPLE - DS - DIAMOND WHITE OAK FROST - [GWC-DSDIO102],1
DS MOSAIC CARBON,DESIGNER SAMPLE - DS - MOSAIC WHITE OAK CARBON - [GWC-DSMOO101],1
DS MOSAIC SUNSET,DESIGNER SAMPLE - DS - MOSAIC WHITE OAK SUNSET - [GWC-DSMOO103],1
DS OYSTER CARBON,DESIGNER SAMPLE - DS - OYSTER WHITE OAK CARBON - [GWC-DSOYO101],1
DS OYSTER SUNSET,DESIGNER SAMPLE - DS - OYSTER WHITE OAK SUNSET - [GWC-DSOYO103],1
DS RIDGE VINTAGE,DESIGNER SAMPLE - DS - RIDGE WHITE OAK VINTAGE - [GWC-DSRIO104],1
DS TUXEDO CARBON,DESIGNER SAMPLE - DS - TUXEDO WHITE OAK CARBON - [GWC-DSTUO101],1
DS TUXEDO SUNSET,DESIGNER SAMPLE - DS - TUXEDO WHITE OAK SUNSET - [GWC-DSTUO103],1
DU BOIS BRIGITTE,DU BOIS BASESHOE BRIGITTE - [GCDBBSOH182]; OAK - DU BOIS 7' T-MOULD BRIGITTE - [GCDBTM7O182]; OAK - DU BOIS 8' T-MOULD BRIGITTE - [GCDBTM8O182]; OAK - DU BOIS 7' REDUCER BRIGITTE - [GCDBRE7O182]; OAK - DU BOIS 8' REDUCER BRIGITTE - [GCDBRE8O182]; OAK - DU BOIS 7' NOSING BRIGITTE - [GCDBNO7O182]; OAK - DU BOIS 8' NOSING BRIGITTE - [GCDBNO8O182]; WATERFALL - PANEL - DU BOIS BRIGITTE - [GCSBDB7182-2228]; PANEL-DU BOIS BRIGITTE <N/L> - [GCSBDB7182-2228PL],9
DU BOIS DANIELLE,DU BOIS BASESHOE DANIELLE - [GCDBBSOH186]; OAK - DU BOIS 7' T-MOULD DANIELLE - [GCDBTM7O186]; OAK - DU BOIS 8' T-MOULD DANIELLE - [GCDBTM8O186]; OAK - DU BOIS 7' REDUCER DANIELLE - [GCDBRE7O186]; OAK - DU BOIS 8' REDUCER DANIELLE - [GCDBRE8O186]; OAK - DU BOIS 7' NOSING DANIELLE - [GCDBNO7O186]; OAK - DU BOIS 8' NOSING DANIELLE - [GCDBNO8O186]; WATERFALL - PANEL - DU BOIS DANIELLE - [GCSBDB7186-2228],8
DU BOIS FIAMETTA,DU BOIS NOSING FIAMETTA - [GCDBNOON198]; DU BOIS T-MOULD FIAMETTA - [GCDBTMOF198]; DU BOIS REDUCER FIAMETTA - [GCDBREON198]; DU BOIS BABY-T FIAMETTA - [GCDBBTOF198]; OAK - DU BOIS 7' T-MOULD FIAMETTA - [GCDBTM7O198]; OAK - DU BOIS 8' T-MOULD FIAMETTA - [GCDBTM8O198]; OAK - DU BOIS 7' REDUCER FIAMETTA - [GCDBRE7O198]; OAK - DU BOIS 8' REDUCER FIAMETTA - [GCDBRE8O198]; OAK - DU BOIS 7' NOSING FIAMETTA - [GCDBNO7O198]; OAK - DU BOIS 8' NOSING FIAMETTA - [GCDBNO8O198]; PANEL-DU BOIS FIAMETTA <N/L> - [GCSADBO7198PL],11
DU BOIS ISABELLE,DU BOIS BASESHOE ISABELLE - [GCDBBSOH188]; OAK - DU BOIS 7' T-MOULD ISABELLE - [GCDBTM7O188]; OAK - DU BOIS 8' T-MOULD ISABELLE - [GCDBTM8O188]; OAK - DU BOIS 7' REDUCER ISABELLE - [GCDBRE7O188]; OAK - DU BOIS 7' NOSING ISABELLE - [GCDBNO7O188]; OAK - DU BOIS 8' NOSING ISABELLE - [GCDBNO8O188]; OAK - DU BOIS 8' REDUCER ISABELLE - [GCDBRE8O188],7
DU BOIS JULIETTE,OAK - DU BOIS 7' T-MOULD JULIETTE - [GCDBTM7O196]; OAK - DU BOIS 8' T-MOULD JULIETTE - [GCDBTM8O196]; OAK - DU BOIS 7' REDUCER JULIETTE - [GCDBRE7O196]; OAK - DU BOIS 8' REDUCER JULIETTE - [GCDBRE8O196]; DU BOIS 7' NOSING JULIETTE - [GCDBNO7O196]; DU BOIS 8' NOSING JULIETTE - [GCDBNO8O196]; DU BOIS BASESHOE JULIETTE - [GCDBBSOH196]; PANEL-DU BOIS JULIETTE <N/L> - [GCSADBO7196PL],8
DU BOIS NATHALIE,DU BOIS NATHALIE BASESHOE - [GCBSOH189]; OAK - DU BOIS 7' T-MOULD NATHALIE - [GCDBTM7O189]; OAK - DU BOIS 8' T-MOULD NATHALIE - [GCDBTM8O189]; OAK - DU BOIS 7' REDUCER NATHALIE - [GCDBRE7O189]; OAK - DU BOIS 8' REDUCER NATHALIE - [GCDBRE8O189]; OAK - DU BOIS 7' NOSING NATHALIE - [GCDBNO7O189]; OAK - DU BOIS 8' NOSING NATHALIE - [GCDBNO8O189]; WATERFALL - PANEL - DU BOIS NATHALIE - [GCSBDB7189-2228]; PANEL-DU BOIS NATHALIE <N/L> - [GCSBDB7189-2228PL],9
DU BOIS VIVIANNA,OAK - DU BOIS 7' T-MOULD VIVIANNA - [GCDBTM7O197]; OAK - DU BOIS 8' T-MOULD VIVIANNA - [GCDBTM8O197]; OAK - DU BOIS 7' REDUCER VIVIANNA - [GCDBRE7O197]; OAK - DU BOIS 8' REDUCER VIVIANNA - [GCDBRE8O197]; OAK - DU BOIS 7' NOSING VIVIANNA - [GCDBNO7O197]; OAK - DU BOIS 8' NOSING VIVIANNA - [GCDBNO8O197]; PANEL-DU BOIS VIVIANNA <N/L> - [GCSADBO7197PL],7
ELEG SANTOS MAHO,ELEG. 9/16 X 4-3/4 SANTOS MAHO - [YHSSEW0020],1
ELEGA BURM MAHOG,NATURAL - ELEGA 9/16 X 4-3/4 BURM MAHOG - [YHSSEW0030]; NATURAL - ELEGA 9/16 X 3-1/2 BURM MAHOG - [YHSSE0030],2
ELEGAN AFR WALUT,NATURAL - ELEGAN.11/16 X 3-1/2 AFR.WALUT - [YHSFA0098],1
ELEGANCE B TIGER,MAHOGANY - ELEGANCE REDUCER B. TIGER - [YHREFA0028],1
END CAP AQUARIUS,ZODIAC WSPC - END CAP - AQUARIUS - [GVZOEC7501],1
END CAP ASHVILLE,MEGACLIC END CAP ASHVILLE - [LAMCECAS3211],1
END CAP BORDEAUX,LAMINATE END CAP BORDEAUX - [LALXECET1013],1
END CAP CAMELLIA,SECRET GARDEN SPC - END CAP - CAMELLIA - [GVSGEC701],1
END CAP CHARCOAL,ELEMENTS - END CAP - CHARCOAL - [GVSPCEC1202],1
END CAP COLONIAL,AQUA BLUE II BY GARRISON - END CAP - COLONIAL OAK - [GVWPCIIEC111],1
END CAP CORONADO,AQUA BLUE BY GARRISON - END CAP - CORONADO OAK - [GVWPCEC101],1
END CAP GARDENIA,SECRET GARDEN SPC - END CAP - GARDENIA - [GVSGEC704],1
END CAP HACIENDA,AQUA BLUE II BY GARRISON - END CAP - HACIENDA OAK - [GVWPCIIEC104],1
END CAP HAZELNUT,NATURESTEP - END CAP - HAZELNUT - [GVNSEC803],1
END CAP NANTERRE,LAMINATE - *GARRISON END CAP NANTERRE - [GCLAEC005],1
END CAP POSEIDON,MYTHOLOGY - END CAP - POSEIDON - [GVGAEC705],1
END CAP SEA FOAM,END CAP SEA FOAM - [GCLAEC007],1
END CAP STARDUST,VINYLNOVA - END CAP - STARDUST - [GVVNEC911],1
END CAP TWILIGHT,VINYLNOVA - END CAP - TWILIGHT - [GVVNEC912],1
END CAP YOSEMITE,AQUA BLUE BY GARRISON - END CAP - YOSEMITE OAK - [GVWPCEC111],1
ESPRESSO CALCORE,"GII DIST - MAPLE 5"" ESPRESSO CALCORE - [GNIIM508SB]; GII SMOOTH - MAPLE 5"" SM. ESPRESSO CALCORE - [GNSSM508SB]",2
EXO ACA GOLD OMP,"25"" X 28"" - PANEL - EXO. ACA. GOLD *OMP* - [GCSBEXA5147-2528]",1
EXOTIC TIGERWOOD,"LOW SHEEN - EXOTIC 7'BABY T-HOLD TIGERWOOD - [GCEXBT7T38]; LOW SHEEN - EXOTIC 7' T-MOULD TIGERWOOD - [GCEXTM7T38]; TIGERWOOD NATURAL - EXOTIC 8' T-MOULD TIGERWOOD - [GCEXTM8T38]; LOW SHEEN - EXOTIC 1/2""7 REDUCER TIGERWOOD - [GCEXRE7T38]; LOW SHEEN (7"") - EXOTIC 1/2"" 7'NOSING TIGERWOOD - [GCEXNO7T38]; HIGH SHEEN (5"") - EXOTIC 1/2"" 7'NOSING TIGERWOOD - [GCEXNO7T38HS]; HIGH SHEEN - EXOTIC 1/2""7 REDUCER TIGERWOOD - [GCEXRE7T38HS]; HIGH SHEEN - EXOTIC 7' T-MOULD TIGERWOOD - [GCEXTM7T38HS]; HIGH SHEEN - EXOTIC 7'BABY T-HOLD TIGERWOOD - [GCEXBT7T38HS]; EXOTIC 4' T-MOULD TIGERWOOD - [GCEXTM4T38]; EXOTIC 1/2"" 4'NOSING TIGERWOOD - [GCEXNO4T38]",11
F STRIP PERUVIAN,"WALNUT - 5/16"" X 2' F-STRIP PERUVIAN - [MOFSPW5162]",1
F STRIP PERUVINA,"WALNUT - 5/1"" X 3/4"" F-STRIP PERUVINA - [MOFSPW51634]",1
FAS ROUGH LUMBER,5/4 WALNUT FAS ROUGH LUMBER - [LUWF54]; 5/4 WHITE OAK FAS ROUGH LUMBER - [LUOF54]; 5/4 CUMARU FAS ROUGH LUMBER - [LUCUF54]; 5/4 TIGERWOOD FAS ROUGH LUMBER - [LUTF54]; 5/4 HICKORY FAS ROUGH LUMBER - [LUHF54]; 4/4 WHITE OAK FAS ROUGH LUMBER - [LUOF44],6
FAS WALNUT BE LL,UNFINISHED - 3/4 X 5 FAS WALNUT BE LL - [LQ5FWB],1
FAS WALNUT SE LL,UNFINISHED - 3/4 X 5 FAS WALNUT SE LL - [LQ5FWS]; UNFIN - SOLID 1/2 X 3 FAS WALNUT SE LL - [LH3FWS]; UNFIN - SOLID 1/2 X 4 FAS WALNUT SE LL - [LH4FWS]; UNFIN - SOLID 1/2 X 6 FAS WALNUT SE LL - [LH6FWS],4
FC COGNAC BALTIC,"FRENCH OAK - SAMPLE - FC 7"" COGNAC BALTIC - [GFFCSBB7O95]",1
FCII ANT CARAMEL,"FRENCH OAK - SAMPLE - FCII 7"" ANT. CARAMEL - [GFFCSBII7O79]",1
FLUORESCENT GOLD,"HIGH GLOSS - 12.3MM 5"" FLUORESCENT GOLD - [LALXHG03]",1
FLUSH BEACH SAND,BEACH SAND - FLUSH NOSING BEACH SAND - [LALXFNOHS10],1
FLUSH EVERGLADES,GAR.FLUSH NOSING EVERGLADES - [GCLAFNO7506],1
FLUSH MYSTIC ASH,AQUA BLUE BY GARRISON - FLUSH NOSING - MYSTIC ASH - [GVWPCFNO104],1
FLUSH OCEAN MIST,OCEAN MIST - FLUSH NOSING OCEAN MIST - [LALXFNOSS05],1
FLUSH SAN MARINO,AQUA BLUE BY GARRISON - FLUSH NOSING - SAN MARINO OAK - [GVWPCFNO109],1
FLUSH SANDALWOOD,NATURESTEP - FLUSH NOSING - SANDALWOOD - [GVNSFNO805],1
FLUSH SILVERLEAF,NATURESTEP - FLUSH NOSING - SILVERLEAF - [GVNSFNO807],1
FLUSH SUN KISSED,AQUA BLUE II BY GARRISON - FLUSH NOSING - SUN-KISSED - [GVWPCIIFNO903],1
FLUTE REED CASIN,MDF - NONSTOCK - ULTRA MDF 4-FLUTE & REED CASIN - [MOBBMD158MUL2],1
FR CONN ARMAGNAC,FR.CONN. BABY T-HOLD ARMAGNAC - [GCBTFOF120],1
FRENCH CONN LAVA,FRENCH CONN. BASESHOE LAVA - [GCBSOH69],1
FRENCH CONN LYON,FRENCH CONN. BASESHOE LYON - [GCBSOH123],1
FRENCH CONN NOIR,FRENCH CONN. T-MOULD NOIR - [GCTMFOF86]; FRENCH CONN. REDUCER NOIR - [GCREFOF86]; FRENCH CONN. NOSING NOIR - [GCNOFOF86],3
FRUITWOOD CALCOR,"GII SMOOTH - WALNUT 5"" SM. FRUITWOOD CALCOR - [GNSSW528SB]",1
G WALNUT ANTIQUE,"GIII DIST - *G3 WALNUT 5"" ANTIQUE - [GHIIIW523]; 1/2"" - SAMPLE - G3 WALNUT ANTIQUE - [GHIII5SBW23]",2
G WALNUT NATURAL,"DISTRESSED - *G3 NOSING WALNUT NATURAL - [GCNO7WH38]; *G3 REDUCER WALNUT NATURAL - [GCRE7WH38]; GIII DIST - *G3 WALNUT 5"" NATURAL - [GHIIIW538]; 1/2"" - SAMPLE - G3 WALNUT NATURAL - [GHIII5SBW38]",4
GABRIELLE CALCOR,"DU BOIS - EURO OAK 7.5"" GABRIELLE CALCOR - [GFDBO7187SB]",1
GAR BLACK CANYON,GAR.T-MOULDING BLACK CANYON - [GCLATM7502],1
GAR BRYCE CANYON,GAR.T-MOULDING BRYCE CANYON - [GCLATM7503],1
GAR CANYON LANDS,GAR.T-MOULDING CANYON LANDS - [GCLATM7504],1
GAR FLUSH ARCHES,GAR.FLUSH NOSING ARCHES - [GCLAFNO7501],1
GAR FLUSH KATMAI,GAR.FLUSH NOSING KATMAI - [GCLAFNO7508],1
GENUINE MAHOGANY,SPECIAL ORDER GENUINE MAHOGANY - [LQSOGM],1
GII BLACK CHERRY,SAMPLE - GII BLACK CHERRY - [GNII5SBC29]; DISTRESSED - GII NOSING BLACK CHERRY - [GCNO7CN29]; CHERRY - GII T-MOULD BLACK CHERRY - [GCTM7CF29],3
GII CARB CAPPUCC,*GII NOSING MAPLE CARB CAPPUCC - [GCNO7MCN131],1
GII TREAD WALNUT,GII DISTRESSED TREAD WALNUT - [GCTRIIW]; GII SMOOTH TREAD  WALNUT - [GCTRIISW],2
GII WALNUT SABLE,DISTRESSED - GII NOSING WALNUT SABLE - [GCNO7WN19],1
GOL STRIPE BAMBO,LAMINATE 12MM GOL.STRIPE BAMBO - [LAL1204],1
GROOVE COLLETION,ANTQ. OAK - T-MOLD V GROOVE COLLETION - [LATMXM32],1
H PECAN UNFINISH,"DISTRESSED - 5/8"" NOSING H.PECAN UNFINISH - [GCNO7FH00]",1
HANDSET APEX SPC,HANDSET - APEX SPC - [GCKEYSET67],1
HANDSET BELLAGIO,HANDSET - BELLAGIO - [GCKEYSET57],1
HANDSET LAMINATE,HANDSET - GARRISON LAMINATE - [GCKEYSET24]; HANDSET - GARRISON LAMINATE - [GCKEYSET38],2
HANDSET MDF BASE,HANDSET - MDF BASE - [GCKEYSET998]; (NEW) HANDSET - MDF BASE - [GCKEYSET995],2
HANDSET NOUVELLE,HANDSET - NOUVELLE - [GCKEYSET42],1
HANDSET VINEYARD,HANDSET - VINEYARD - [GCKEYSET59],1
HICK PECAN BLACK,"1/2"" BASESHOE HICK/PECAN BLACK - [GCBSHH16]",1
HILLS BURTON WAY,BEV.HILLS NOSING BURTON WAY - [GCBHNO8O01]; BEV.HILLS T-MOULD BURTON WAY - [GCBHTM8O01]; BEV.HILLS REDUCER BURTON WAY - [GCBHRE8O01]; BEV.HILLS BASESHOE BURTON WAY - [GCBHBSO01],4
HILLS LOMA LINDA,BEV.HILLS NOSING LOMA LINDA - [GCBHNO8O11]; BEV.HILLS REDUCER LOMA LINDA - [GCBHRE8O11]; BEV.HILLS T-MOULD LOMA LINDA - [GCBHTM8O11],3
HORIZONTAL TREAD,CARBONIZED - BAMBOO HORIZONTAL TREAD - [BATRBHC],1
JAMESTOWN AUTUMN,LAMINATE JAMESTOWN AUTUMN - [LACWL90183]; LAMINATE QTR JAMESTOWN AUTUMN - [LAQRCWL90183],2
KAHRS COPENHAGEN,KAHRS OAK COPENHAGEN 5/8X7 7/8 - [KAEK50KE],1
LA JOLLA CALCORE,"NEWPORT BY GARRISON - *EURO OAK 7.5""LA JOLLA CALCORE - [GHNPO202SB]",1
LAGUNA BEACH 7.5,"NEWPORT - EURO OAK 7.5""LAGUNA BEACH 1/2"" - [GHNPO210]",1
LAM TREAD WALNUT,"11-3/4"" LAM. TREAD - WALNUT - [MOTRW]; 11-1/2"" LAM. TREAD - WALNUT - [MOTRWH]",2
LAMINATE ANTIQUE,STANDARD - LAMINATE 12.MM ANTIQUE OAK - [LAL12CVAO]; LAMINATE REDUCER ANTIQUE OAK - [LAREL12CVAO],2
LAMINATE AVIGNON,12.3MM - GARRISON LAMINATE AVIGNON - [GCLA001],1
LAMINATE BERMUDA,LAMINATE T-MOULD BERMUDA - [LALXTMHS09]; LAMINATE REDUCER BERMUDA - [LALXREHS09]; LAMINATE NOSING BERMUDA - [LALXNOHS09],3
LAMINATE CLASSIC,LAMINATE NOSING CLASSIC MAPLE - [LALXNOCS03]; LAMINATE REDUCER CLASSIC MAPLE - [LALXRECS03]; LAMINATE T-MOULD CLASSIC MAPLE - [LALXTMCS03],3
LAMINATE CORSICA,12.3MM - GARRISON LAMINATE CORSICA - [GCLA011],1
LAMINATE END CAP,AM.HICKORY - LAMINATE END-CAP SMOOTH - [AWLMECAH]; TEAK - LAMINATE END-CAP SMOOTH - [AWLMECT]; CYPRESS - LAMINATE END-CAP SMOOTH - [AWLMECCY]; SAPELE - LAMINATE END-CAP SMOOTH - [AWLMECS]; BRAZ/CHERR - LAMINATE END-CAP - [AWLMECBC]; SAN.MAHOGA - LAMINATE END-CAP - [AWLMECSM]; DK.WALNUT - LAMINATE END-CAP - [AWLMECDW]; NATURAL - LAMINATE END-CAP MAPLE - [AWLMECMN]; LAMINATE END CAP RED OAK - [LALXECCS06]; BORDEAUX - LAMINATE END CAP - [LAET1013EC],10
LAMINATE HANDSET,LAMINATE HANDSET - [AWKEYSET01],1
LAMINATE JAMAICA,*LAMINATE T-MOULD JAMAICA - [LALXTMHS11]; *LAMINATE REDUCER JAMAICA - [LALXREHS11]; *LAMINATE NOSING JAMAICA - [LALXNOHS11],3
LAMINATE NATURAL,LAMINATE REDUCER NATURAL OAK - [LAREL12XM29]; LAMINATE REDUCER NATURAL OAK - [LAREXM29]; MAPLE NAT - LAMINATE MAPLE NATURAL - [LACW87604]; NATURAL - LAMINATE NATURAL OAK - [LACW87025]; REDOAK NAT - LAMINATE RED OAK NATURAL - [LACW511]; NAT. OAK - LAMINATE NOSING NATURAL OAK - [LANOCW87025]; NAT. OAK - LAMINATE BABY-T NATURAL OAK - [LABTCW87025]; NAT. OAK - LAMINATE REDUCER NATURAL OAK - [LARECW87025]; MAPLE NAT - LAMINATE 12MM MAPLE NATURAL - [LAED221]; MAPLE NAT - LAMINATE NOSING MAPLE NATURAL - [LANOED221]; MAPLE NAT - LAMINATE BABY-T MAPLE NATURAL - [LABTED221]; MAPLE NAT - LAMINATE REDUCER MAPLE NATURAL - [LAREED221]; MAPLE NAT - LAMINATE REDUCER MAPLE NATURAL - [LARECW87604]; MAPLE NAT - LAMINATE BABY-T MAPLE NATURAL - [LABTCW87604]; MAPLE NAT - LAMINATE NOSING MAPLE NATURAL - [LANOCW87604]; MAPLE NAT - LAMINATE 8MM MAPLE NATURAL - [LAED6102]; LAMINATE T-MOULD NATURAL OAK - [LALXTMCW87025]; LAMINATE NOSING MAPLE NATURAL - [LALXNOCS08]; LAMINATE REDUCER MAPLE NATURAL - [LALXRECS08]; LAMINATE T-MOULD MAPLE NATURAL - [LALXTMCS08],20
LAMINATE S MAHOG,S MAHOGANY - LAMINATE 6 1/2 SMOOTH S. MAHOG - [AWLS612SM],1
LAMINATE VANDAGE,*LAMINATE NOSING VANDAGE - [LALXNORH09]; *LAMINATE REDUCER VANDAGE - [LALXRERH09]; *LAMINATE T-MOULD VANDAGE - [LALXTMRH09],3
LAMINATE VINTAGE,LAMINATE NOSING VINTAGE WHITE - [LALXNOHG05]; LAMINATE REDUCER VINTAGE WHITE - [LALXREHG05]; LAMINATE T-MOULD VINTAGE WHITE - [LALXTMHG05],3
LANCASTER CORNER,MDF CORNER - NONSTOCK - 5/8 X 5-1/4 LANCASTER CORNER - [MOCOMD365MULW],1
LAY VINYL DURATA,*LOOSE LAY VINYL DURATA - [GVLL202],1
LAY VINYL KERMES,*LOOSE LAY VINYL KERMES - [GVLL205],1
LAY VINYL PAGODA,*LOOSE LAY VINYL PAGODA - [GVLL207],1
LAY VINYL TEXANA,*LOOSE LAY VINYL TEXANA - [GVLL209],1
LEGENDS BRIGITTE,LEGENDS NOSING 8' BRIGITTE - [GCLENO8O7502]; LEGENDS REDUCER 8' BRIGITTE - [GCLERE8O7502],2
LEGENDS GLENWOOD,LEGENDS NOSING 8' GLENWOOD - [GCLENO8O1001]; LEGENDS T-MOULDING 8' GLENWOOD - [GCLETM8O1001]; LEGENDS REDUCER 8' GLENWOOD - [GCLERE8O1001],3
LEGENDS LA BELLE,LEGENDS NOSING 8' LA BELLE - [GCLENO8O9502]; LEGENDS REDUCER 8' LA BELLE - [GCLERE8O9502]; LEGENDS T-MOULDING 8' LA BELLE - [GCLETM8O9502],3
LEGENDS PROVENCE,LEGENDS NOSING 8' PROVENCE - [GCLENO8O7507]; LEGENDS REDUCER 8' PROVENCE - [GCLERE8O7507]; LEGENDS T-MOULDING 8' PROVENCE - [GCLETM8O7507],3
LEGENDS ROMANTIQ,LEGENDS T-MOULDING 8' ROMANTIQ - [GCLETM8O9504],1
LINE BASE POPLAR,"5/8 x 2 1/2,S-LINE BASE,POPLAR - [MOSL582P]; 5/8 x 3 1/2,S-LINE BASE,POPLAR - [MOSL583P]",2
LONGSTRIP CHERRY,"NATURAL - 9/16""X7-1/2 LONGSTRIP A.CHERRY - [HT0USA5696]",1
LUXURY BORA BORA,SAMPLE - LUXURY BORA BORA - [LALXSBHS10],1
LUXURY CLASSIQUE,SAMPLE - LUXURY CLASSIQUE - [LALXSBRH06],1
M W BLACK WALNUT,NATURAL - M.W 9/16 X 4- 3/4 BLACK WALNUT - [MWTLECH90],1
M W SANTOS MAHOG,NATURAL - M.W 9/16 X 4-3/4 SANTOS MAHOG. - [MWTLECH88],1
MAHOGANY NATURAL,"GII DIST - *SANTOS MAHOGANY 5"" NATURAL - [GNIIS538]; SMOOTH - 1/2 X 5 2MM S.MAHOGANY NATURAL - [ENHSM538]; SMOOTH - 3/8 X 3 SANTO MAHOGANY NATURAL - [ETSSM338]; CRYSTAL VALLEY - *ASIAN MAHOGANY 3-1/2"" NATURAL - [GQCVAM31238]",4
MAX WINDSOR RACK,NATURAL - MAX WINDSOR RACK - [MWRACK],1
MDF CROWN CASING,HANDSET - MDF CROWN/CASING - [GCKEYSET999],1
MEGACLIC CRIMSON,MEGACLIC REDUCER CRIMSON - [LAMCREAS3101]; MEGACLIC NOSING CRIMSON - [LAMCFNOAS3101],2
MEGACLIC NEWPORT,MEGACLIC NOSING NEWPORT - [LAMCFNODN8709]; MEGACLIC REDUCER NEWPORT - [LAMCREDN8709]; MEGACLIC SQUARE NOSING NEWPORT - [LAMCFSNODN8709],3
MEGACLIC PALMIER,MEGACLIC NOSING PALMIER - [LAMCFNODN8707]; MEGACLIC REDUCER PALMIER - [LAMCREDN8707]; MEGACLIC SQUARE NOSING PALMIER - [LAMCFSNODN8707],3
MEGACLIC RIVADOR,MEGACLIC SQ. NOSING RIVADOR - [LAMCFSNODN8711],1
METROPOLITAN SPC,WATERFALL ORIGINAL - SAMPLE SET - METROPOLITAN SPC - [GCSASET48]; HANDSET - METROPOLITAN SPC - [GCKEYSET60]; SAMPLE BOOK - METROPOLITAN SPC - [GCKEYSET62]; WATERFALL ORIGINAL - SAMPLE SET - METROPOLITAN SPC - [GCSETMP-2323],4
MILL RUN OAM M B,UNFIN - 1/2 X 5 MILL RUN WHITE OAM M.B - [GCUNO500],1
MISSION BAY BASE,POPLAR - 9/16 X 4-1/4 MISSION BAY BASE - [MOBBPO361P]; POPLAR - NONSTOCK - 11/16 X 7 1/4 MISSION BAY BASE - [MOBBPO333P],2
MISSION BAY FLEX,FLEX - NONSTOCK - 9/16 X 7-1/4 MISSION BAY FLEX - [MOBBFL333PF],1
MODERN MEDALLION,PREFIN. - OSHKOSH POST MODERN MEDALLION - [OK4303PF],1
MOLD DARK WALNUT,LAMINATE T-MOLD DARK WALNUT - [LATMED25235],1
MOLD DEEP WALNUT,LAMINATE T-MOLD DEEP WALNUT - [LATML8CVDW],1
MOLD HICK GOLDEN,LAMINATE T-MOLD HICK GOLDEN - [LATMCWD7933],1
MOLD IOWA WALNUT,LAMINATE T-MOLD IOWA WALNUT - [LATMCW87329],1
MOLD MORNING DEW,MEGACLIC T-MOLD MORNING DEW - [LAMCTMCT3303],1
MOLD OLIVE BROWN,LAMINATE T-MOLD OLIVE BROWN - [LATML12NDOB],1
MOLD RICH ACACIA,LAMINATE T-MOLD RICH ACACIA - [LATML12HDRA],1
MOLD WILD WALNUT,LAMINATE T-MOLD WILD WALNUT - [LALXTMPEWW12],1
MOLDING B CHERRY,NATURAL - MAX WINDSOR T-MOLDING B.CHERRY - [MWTM82],1
MONTEREY CORNERS,MDF - NONSTOCK - 9/16 X 5-1/4 MONTEREY CORNERS - [MOCOMD341MUL],1
MOONLIGHT CALCOR,"NEWPORT BY GARRISON - *EURO OAK 7.5""MOONLIGHT CALCOR - [GHNPO205SB]",1
MOUDING BRIGITTE,LEGENDS T-MOUDING 8' BRIGITTE - [GCLETM8O7502],1
NATURAL CARBONIZ,TIGER - BAMBOO STRAND NATURAL/CARBONIZ - [BA72SNC],1
NATURAL M CALCOR,"CRYSTAL VALLEY - W/O ENG 5"" NATURAL 2.2M CALCOR - [GHCVO538SB]",1
NATURESTEP UMBER,WATERFALL - PANEL - NATURESTEP UMBER - [GCSBNS808-2323]; TREAD - NATURESTEP UMBER - [GVNSTR808],2
NEWPORT DESERT S,NEWPORT 8'BABY T-HOLD DESERT S - [GCNPBT8O209],1
NEWPORT LA JOLLA,NEWPORT BASESHOE LA JOLLA - [GCNPBSOH202]; OAK - NEWPORT 7' T-MOULD LA JOLLA - [GCNPTM7O202]; OAK - NEWPORT 8' T-MOULD LA JOLLA - [GCNPTM8O202]; OAK - NEWPORT 7' REDUCER LA JOLLA - [GCNPRE7O202]; OAK - NEWPORT 8' REDUCER LA JOLLA - [GCNPRE8O202]; OAK - NEWPORT 7' NOSING LA JOLLA - [GCNPNO7O202]; OAK - NEWPORT 8' NOSING LA JOLLA - [GCNPNO8O202],7
NEWPORT MAHOGANY,DISTRESSED - LAMINATE 12MM NEWPORT MAHOGANY - [LAL12NDNM],1
NEWPORT MONTEREY,"NEWPORT BASESHOE MONTEREY - [GCNPBSOH204]; OAK - NEWPORT 7' T-MOULD MONTEREY - [GCNPTM7O204]; OAK - NEWPORT 8' T-MOULD MONTEREY - [GCNPTM8O204]; OAK - NEWPORT 7' REDUCER MONTEREY - [GCNPRE7O204]; OAK - NEWPORT 8' REDUCER MONTEREY - [GCNPRE8O204]; OAK - NEWPORT 7' NOSING MONTEREY - [GCNPNO7O204]; OAK - NEWPORT 8' NOSING MONTEREY - [GCNPNO8O204]; 22.5"" X 28"" - PANEL - NEWPORT MONTEREY - [GCSBN204-2228]",8
NOSE BRAZ WALNUT,NATURAL - M.W STAIR NOSE BRAZ/WALNUT - [MWTWMEM8104],1
NOUVELLE TRUSSEL,NOUVELLE T-MOULD TRUSSEL - [GCNVTMOF06]; NOUVELLE BASESHOE TRUSSEL - [GCNVBSOH06]; TRUSSEL - NOUVELLE 7' T-MOULD TRUSSEL - [GCNVTM7O06]; TRUSSEL - NOUVELLE 8' T-MOULD TRUSSEL - [GCNVTM8O06]; TRUSSEL - NOUVELLE 7' REDUCER TRUSSEL - [GCNVRE7O06]; TRUSSEL - NOUVELLE 8' REDUCER TRUSSEL - [GCNVRE8O06]; TRUSSEL - NOUVELLE 7' NOSING TRUSSEL - [GCNVNO7O06]; TRUSSEL - NOUVELLE 8' NOSING TRUSSEL - [GCNVNO8O06],8
NOUVELLE VESTIGE,NOUVELLE T-MOULD VESTIGE - [GCNVTMOF07]; VESTIGE - NOUVELLE 7' T-MOULD VESTIGE - [GCNVTM7O07]; VESTIGE - NOUVELLE 8' T-MOULD VESTIGE - [GCNVTM8O07]; VESTIGE - NOUVELLE 7' REDUCER VESTIGE - [GCNVRE7O07]; VESTIGE - NOUVELLE 8' REDUCER VESTIGE - [GCNVRE8O07]; VESTIGE - NOUVELLE 7' NOSING VESTIGE - [GCNVNO7O07]; VESTIGE - NOUVELLE 8' NOSING VESTIGE - [GCNVNO8O07],7
NOUVELLE VINTAGE,NOUVELLE T-MOULD VINTAGE - [GCNVTMOF08]; VINTAGE - NOUVELLE 7' T-MOULD VINTAGE - [GCNVTM7O08]; VINTAGE - NOUVELLE 8' T-MOULD VINTAGE - [GCNVTM8O08]; VINTAGE - NOUVELLE 7' REDUCER VINTAGE - [GCNVRE7O08]; VINTAGE - NOUVELLE 8' REDUCER VINTAGE - [GCNVRE8O08]; VINTAGE - NOUVELLE 7' NOSING VINTAGE - [GCNVNO7O08]; VINTAGE - NOUVELLE 8' NOSING VINTAGE - [GCNVNO8O08],7
NYTAE REAL BEECH,NYTAE REAL BEECH - [NTNY108]; NYTAE REDUCER REAL BEECH - [NTNY108RE],2
O GOLDEN CALCORE,"CRYSTAL V - W/O ENG 5"" GOLDEN OAK CALCORE - [GHCVO545SB]",1
OASIS AMER CHERR,HERITAGE - OASIS 9/16 X 5 DIST.AMER CHERR - [OAN5ACDH],1
OASIS ASIAN MAPL,NATURAL - OASIS 9/16 X 3-9/16 ASIAN MAPL - [OA9163AME],1
OASIS CHAIN SETS,OASIS CHAIN SETS - [OACHAIN],1
OASIS CHERRY NAT,"NATURAL - OASIS 9/16"" CHERRY NOSING NAT. - [OANONCN]; NATURAL - OASIS 1/2"" CHERRY NOSING NAT. - [OANOHCN]",2
OASIS HICK PECAN,NATURAL - OASIS 9/16 X 5 HICK/PECAN DIST - [OA9165HPED],1
OASIS SAN MAHOGA,NATURAL - OASIS 9/16 X 3-9/16 SAN.MAHOGA - [OA9163SME],1
OASIS WALNUT NAT,"NATURAL - OASIS 9/16"" WALNUT NOSING NAT. - [OANONWN]",1
OMNI BUILDER W O,ANTIQUE - OMNI 3/4 X 3 1/4 BUILDER W/O - [OMQ314BOA],1
OMP CALI SEL W O,"NATURAL - OMP CALI 9/16 X 5 SEL W/O - [OMPN5SO38]; NATURAL - OMP CALI 9/16 X 3"" SEL W/O - [OMPN3SO38]",2
ORDER AUSTRALIAN,SPECIAL ORDER AUSTRALIAN - [TQSOACY],1
ORDER BRZ CHERRY,LF - SPEC.ORDER MOULDING BRZ/CHERRY - [MOSOBLF]; LF - SPEC.ORDER MOULDING BRZ/CHERRY - [MOSOBEA],2
PALM WALNUT JAVA,DESIGNER SAMPLE - DS - PALM WALNUT JAVA - [GWC-DSPAW101]; SAMPLE BOARD - SB - PALM WALNUT JAVA - [GWC-SBPAW101],2
PALM WALNUT MINK,DESIGNER SAMPLE - DS - PALM WALNUT MINK - [GWC-DSPAW102]; SAMPLE BOARD - SB - PALM WALNUT MINK - [GWC-SBPAW102],2
PARQUET BORDEAUX,GARRISON PARQUET BORDEAUX - [GCPABORDEAUX],1
PARQUET BRITTANY,GARRISON PARQUET BRITTANY - [GCPABRITTANY],1
PARQUET KRISTINA,GARRISON PARQUET KRISTINA - [GCPAKRISTINA],1
PARQUET NARBONNE,GARRISON PARQUET NARBONNE - [GCPANARBONNE],1
PEBBLE BEACH CAL,"NEWPORT BY GARRISON - EURO OAK 7.5"" PEBBLE BEACH CAL - [GHNPO206SB]",1
PECAN CHESAPEAKE,"DISTRESSED - 1/2"" NOSING H.PECAN CHESAPEAKE - [GCNO7HH04]",1
PICASSO WALNUT E,NYTAE PICASSO WALNUT E-MOULD - [NT401SCEM],1
PLUS OLD ENGLISH,"WALNUT - *PLUS NOSING OLD ENGLISH - [GCNO7WN25]; WALNUT - *PLUS BABY T-HOLD OLD ENGLISH - [GCBT7WF25]; *PLUS T-MOULD OLD ENGLISH - [GCTM7WF25]; WALNUT - *PLUS REDUCER OLD ENGLISH - [GCRE7WN25]; WALNUT - SAMPLE - PLUS 5"" OLD ENGLISH - [GNPL5SBW25]",5
POPLAR QTR ROUND,POPLAR - NONSTOCK - 1/2 x 1/2 POPLAR QTR ROUND - [MOQR12P],1
PR WHEAT CALCORE,"CRYSTAL VALLEY - W/O ENG 5"" PR.WHEAT CALCORE - [GHCVO568SB]",1
PREM B CHERRY SE,CON.CHOICE - 5/8 X 3 1/4 PREM. B CHERRY SE - [GFCOB314PS],1
PREM O SE CALCOR,CONTRACTORS CHOICE - 5/8 X 2-1/4 PREM.R/O SE CALCOR - [GFCOR214PSSB]; CONTRACTORS CHOICE - 5/8 X 3-1/4 PREM.R/O SE CALCOR - [GFCOR314PSSB],2
PREM QTR W O S E,CON.CHOICE - 5/8 X 3-1/4 PREM. QTR W/O S.E - [GFCC314PQOS]; CON.CHOICE - 5/8 X 4 PREM. QTR W/O S.E - [GFCC4PQOS]; CON.CHOICE - 5/8 X 5 PREM. QTR W/O S.E - [GFCC5PQOS],3
PREM S E CALCORE,CONTRACTORS CHOICE - 5/8 X 5 PREM.MAPLE S.E CALCORE - [GFCOM5PSSB],1
Q ROUND CINNAMON,CINNAMON O - LAMINATE Q-ROUND CINNAMON OAK - [LAQRL8MECO],1
QROUND DRIFTWOOD,DRIFTWOOD - LAMINATE QROUND DRIFTWOOD - [LAQRCHDW12],1
QTR ANT CHARCOAL,LAMINATE QTR ANT. CHARCOAL - [LALXQRHS03],1
QTR BURNT BRONZE,LAMINATE QTR BURNT BRONZE - [LALXQRHS05],1
QTR CITRUS AMBER,*LAMINATE QTR CITRUS AMBER - [LALXQRCS01],1
QTR DARK SCARLET,LAMINATE QTR DARK SCARLET - [LALXQRSS02],1
QTR FRENCH ROAST,LAMINATE QTR FRENCH ROAST - [LAQRCWD7901],1
QTR GINGER TAUPE,LAMINATE QTR GINGER TAUPE - [LALXQRHS06],1
QTR HAMPTON LAVA,LAMINATE QTR HAMPTON LAVA - [LALXQRSS03],1
QTR ISLAND SHORE,ISLAND SHORE - LAMINATE QTR ISLAND SHORE - [LALXQRHS02],1
QTR MOCHA WALNUT,LAMINATE QTR MOCHA WALNUT - [LALXQRRH03],1
QTR ROUND ARCHES,GARRISON QTR.ROUND ARCHES - [GCLAQR7501],1
QTR ROUND BRONZE,ELEMENTS - QTR.ROUND - BRONZE - [GVSPCQR702],1
QTR ROUND CHERRY,LAMINATE QTR ROUND RED CHERRY - [LAQRCW87637],1
QTR ROUND COPPER,ELEMENTS - QTR.ROUND - COPPER - [GVSPCQR902]; VINYLNOVA - QTR. ROUND - COPPER - [GVVNQR903],2
QTR ROUND COSMOS,VINYLNOVA - QTR. ROUND - COSMOS - [GVVNQR904],1
QTR ROUND DAKOTA,AQUA BLUE II BY GARRISON - QTR. ROUND - DAKOTA OAK - [GVWPCIIQR112],1
QTR ROUND GALAXY,VINYLNOVA - QTR. ROUND - GALAXY - [GVVNQR906],1
QTR ROUND HAVASU,AQUA BLUE II BY GARRISON - QTR. ROUND - HAVASU OAK - [GVWPCIIQR107],1
QTR ROUND HUDSON,METROPOLITAN - QTR.ROUND - HUDSON - [GVMPQR905],1
QTR ROUND KATMAI,GARRISON QTR.ROUND KATMAI - [GCLAQR7508],1
QTR ROUND MARINA,AQUA BLUE BY GARRISON - QTR. ROUND - MARINA OAK - [GVWPCQR103],1
QTR ROUND NEBULA,VINYLNOVA - QTR. ROUND - NEBULA - [GVVNQR910],1
QTR ROUND NICKEL,ELEMENTS - QTR.ROUND - NICKEL - [GVSPCQR1201],1
QTR ROUND NOLITA,METROPOLITAN - QTR.ROUND - NOLITA - [GVMPQR704],1
QTR ROUND PUEBLO,AQUA BLUE BY GARRISON - QTR. ROUND - PUEBLO OAK - [GVWPCQR106],1
QTR ROUND SILVER,ELEMENTS - QTR.ROUND - SILVER - [GVSPCQR901],1
QTR ROUND STRAND,NATURAL - BAMBOO QTR ROUND STRAND - [BAQRBS],1
RACK FRENCH CONN,GARRISON RACK - FRENCH CONN. - [GCRACK05]; WATERFALL RACK - FRENCH CONN. - [GCRACK12],2
RADIUS CORNERS O,3/4 RADIUS CORNERS R/O - [MOBSRAR],1
RISER FRENCH W O,"NOIR - 3/4 X 7-1/4"" RISER FRENCH W/O - [GCRIOQ86]; PARIS - 3/4 X 7-1/4"" RISER FRENCH W/O - [GCRIOQ78]",2
RISER HICK PECAN,"ANTIQUE - 3/4 x 7-1/4"" RISER HICK/PECAN - [GCRIHQ10]; 3/4 X 7-1/4 RISER - HICK/PECAN - [MORIH]; CUSTOM - 3/4 X 7-1/4"" RISER HICK/PECAN - [GCRIHQ99]; NATURAL - 3/4 x 7-1/4"" RISER HICK/PECAN - [GCRIHQ38]; SALEM - 3/4 x 7-1/4"" RISER HICK/PECAN - [GCRIHQ90]; PISANI - 3/4 x 7-1/4"" RISER HICK/PECAN - [GCRIHQ67]; SIERRA - 3/4 x 7-1/4"" RISER HICK/PECAN - [GCRIHQ02]",7
RISER SANTOS MAH,3/4 X 7 1/4 RISER - SANTOS MAH - [MORIS],1
RISER WALNUT UNF,"DISTRESSED - 3/4 X 7-1/4"" RISER WALNUT UNF. - [GCRIWQ00]",1
RL EXOTIC WALNUT,3/4 X 4-7/8 X RL EXOTIC WALNUT - [TFQ478SWN],1
RL GOLDEN KEMPAS,3/4 X 3 5/8 X RL GOLDEN KEMPAS - [FFQ358SGK],1
ROUND EVERGLADES,GARRISON QTR.ROUND EVERGLADES - [GCLAQR7506],1
ROUND HORIZONTAL,NATURAL - BAMBOO QTR ROUND HORIZONTAL - [BAQRBHN],1
ROUND MYSTIC ASH,AQUA BLUE BY GARRISON - QTR. ROUND - MYSTIC ASH - [GVWPCQR104],1
ROUND SAN MARINO,AQUA BLUE BY GARRISON - QTR. ROUND - SAN MARINO OAK - [GVWPCQR109],1
ROUND SANDALWOOD,NATURESTEP - QTR.ROUND - SANDALWOOD - [GVNSQR805],1
ROUND SILVERLEAF,NATURESTEP - QTR.ROUND - SILVERLEAF - [GVNSQR807],1
ROUND SUN KISSED,AQUA BLUE II BY GARRISON - QTR. ROUND - SUN-KISSED - [GVWPCIIQR903],1
S B W O GUNSTOCK,3/4 X 3 S/B W/O GUNSTOCK - [UW343SOG]; 3/4 X 3-1/4 S/B W/O GUNSTOCK - [UW34314SOG],2
S LINE CHAMPAGNE,BIRCH - S.LINE BABY TRESHOLD CHAMPAGNE - [GCBT7BIF128],1
S LINE WINE CASK,"BIRCH - SAMPLE - S.LINE 6"" WINE CASK - [GHSL6BISB127]",1
S S RISER PRIMED,MDF - 11/16 X 7 1/4 S4S RISER PRIMED - [MORIMD202MUL],1
SANDALWOOD TREAD,"12"" X 60"" SANDALWOOD TREAD - [GDSPTR36265]",1
SANTA FE CORNERS,MDF CORNER - NONSTOCK - 9/16 X 5-1/4 SANTA FE CORNERS - [MOCOMD338BMULW],1
SAPELE NATURAL 5,EXOTICS - 1/2 X 5 2MM SAPELE NATURAL - [GHEXS538],1
SB CLOVER CARBON,SAMPLE BOARD - SB - CLOVER WHITE OAK CARBON - [GWC-SBCLO101],1
SB CLOVER SUNSET,SAMPLE BOARD - SB - CLOVER WHITE OAK SUNSET - [GWC-SBCLO103],1
SB DIAMOND FROST,SAMPLE BOARD - SB - DIAMOND WHITE OAK FROST - [GWC-SBDIO102],1
SB MOSAIC CARBON,SAMPLE BOARD - SB - MOSAIC WHITE OAK CARBON - [GWC-SBMOO101],1
SB MOSAIC SUNSET,SAMPLE BOARD - SB - MOSAIC WHITE OAK SUNSET - [GWC-SBMOO103],1
SB OYSTER CARBON,SAMPLE BOARD - SB - OYSTER WHITE OAK CARBON - [GWC-SBOYO101],1
SB OYSTER SUNSET,SAMPLE BOARD - SB - OYSTER WHITE OAK SUNSET - [GWC-SBOYO103],1
SB RIDGE VINTAGE,SAMPLE BOARD - SB - RIDGE WHITE OAK VINTAGE - [GWC-SBRIO104],1
SB TUXEDO CARBON,SAMPLE BOARD - SB - TUXEDO WHITE OAK CARBON - [GWC-SBTUO101],1
SB TUXEDO SUNSET,SAMPLE BOARD - SB - TUXEDO WHITE OAK SUNSET - [GWC-SBTUO103],1
SEL BLOODWOOD SE,CON.CHOICE - *5/8 X3-1/4 SEL BLOODWOOD SE - [GFCOBL314SS],1
SEL TIGERWOOD SE,CON.CHOICE - *5/8 X3-1/4 SEL TIGERWOOD SE - [GFCOT314SS],1
SELECT CUMARU SE,"CON.CHOICE - *5/8 X3-1/4 SELECT CUMARU SE - [GFCOCU314SS]; CON.CHOICE - *5/8 X 5"" SELECT CUMARU SE - [GFCOCU5SS]",2
SELECT IPE MB LL,B.WALNUT - 3/4 X 7 SELECT IPE MB LL - [LQ7SIM],1
SELLA SELECT 7.5,"ALLORA - EURO OAK 7.5"" SELLA SELECT - [GFALO7505S]",1
SELLA SELECT 9.5,"ALLORA - EURO OAK 9.5"" SELLA SELECT - [GFALO9505S]",1
SET AQUABLUE WPC,WATERFALL ORIGINAL - SAMPLE SET - AQUABLUE 7 WPC - [GCSASET33],1
SET BELLAGIO OMP,"30"" X 28"" - SAMPLE SET - BELLAGIO *OMP* - [GCSETBL-3028]",1
SET CN CREST OMP,"30.75"" X 28"" - SAMPLE SET - CN.CREST *OMP* - [GCSETCY-3028]",1
SET DA VINCI OMP,"30"" X 28"" - SAMPLE SET - DA VINCI *OMP* - [GCSETDV-3028]",1
SET ELEMENTS SPC,WATERFALL ORIGINAL - SAMPLE SET - ELEMENTS SPC - [GCSASET43]; WATERFALL ORIGINAL - SAMPLE SET - ELEMENTS SPC - [GCSETEL-2323],2
SET LUXURY VINYL,WATERFALL ORIGINAL - SAMPLE SET - LUXURY VINYL - [GCSASET20],1
SET VILLA GIALLA,WATERFALL - SAMPLE SET - VILLA GIALLA - [GCSETVG-2828],1
SET VINEYARD OMP,"27"" X 28"" - SAMPLE SET - VINEYARD *OMP* - [GCSETVY-2728]",1
SET WINE COUNTRY,SAMPLE SET - WINE COUNTRY - [GCSAMPLES13],1
SHOE AMER CHERRY,"1/2"" BASE SHOE - AMER.CHERRY - [MOBS12C]",1
SHOE BRAZ CHERRY,"1/2"" BASE SHOE - BRAZ/CHERRY - [MOBS12B]",1
SIDE BEACH BLOND,C.SIDE 8' T-MOULD BEACH BLOND - [GCCSTM8O01]; C.SIDE 8' REDUCER BEACH BLOND - [GCCSRE8O01],2
SILVERLINE COCOA,"BIRCH - SAMPLE - SILVERLINE 6"" COCOA - [GHSL6BISB124]",1
SILVERLINE SMOKE,"BIRCH - SAMPLE - SILVERLINE 6"" SMOKE - [GHSL6BISB21]",1
SILVERLINE TREAD,SILVERLINE TREAD - [GCTRSL],1
SKY PL HIMALAYAS,WATERFALL ORIGINAL - PANNEL-SUMMIT SKY PL HIMALAYAS - [GCSBSS503-2228]; WATERFALL ORIGINAL - PANNEL-SUMMIT SKY PL HIMALAYAS - [GCSBSS503-2424],2
SM DAPPLE GREY P,"GII SMOOTH - MAPLE 5"" SM.DAPPLE GREY 2P - [GNSSM51952P]",1
SM SYRUP CALCORE,"GII SMOOTH - MAPLE 5"" SM. SYRUP CALCORE - [GNSSM577SB]",1
SM WHEAT CALCORE,"GII SMOOTH - MAPLE 5"" SM. WHEAT CALCORE - [GNSSM554SB]",1
SPECIAL ORDER EA,APPALACHIAN SPECIAL ORDER EA - [PFAPSOEA],1
SPECIAL ORDER LL,"1/2"" SPECIAL ORDER RED OAK LL - [LHSOR]; SPECIAL ORDER MAPLE  LL - [LQSOM]; SPECIAL ORDER RED OAK LL - [LQSOR]; 1/2"" SPECIAL ORDER LL - [LHSO]; SPECIAL ORDER BIRCH LL - [LQSOBI]; 3/8"" SPECIAL ORDER LL - [LTSO]; WHITE OAK - SPECIAL ORDER WHITE OAK LL - [LQSOO]",7
SPECIAL ORDER RL,SPECIAL ORDER WHITE OAK RL - [RQSOO]; SPECIAL ORDER RL (ODD SPECIES) - [RQSO]; SPECIAL ORDER MAPLE RL - [RQSOM]; SPECIAL ORDER RED OAK RL - [RQSOR],4
SPECIAL WALNUT G,1/2 x 7 MAPLE SPECIAL WALNUT G - [GCGAM744],1
STRANDWOVEN CARB,12.3MM FIERCE STRANDWOVEN CARB - [LAETSWC12],1
STREMLINE BASE O,"5/8 x 2 1/2,STREMLINE BASE,R/O - [MOSL582R]",1
TAMERINDO PARANA,"PARANA - 3/4 x 3-1/4 TAMERINDO PARANA - [TMQ314TP]; PARANA - 3/4"" NOSING TAMERINDO PARANA - [TMNOQTP]",2
THERSHOLD CHERRY,NATURAL - OASIS BABY THERSHOLD CHERRY - [OABTFCN],1
THOLD WILMINGTON,C.CLASSIC B-THOLD WILMINGTON - [GCBT7WF101],1
TI II BIRMINGHAM,"WALNUT - SAMPLE - TI II 5"" BIRMINGHAM - [GHTI25WSB132]",1
TI II NEW CASTLE,"WALNUT - SAMPLE - TI II 5"" NEW CASTLE - [GHTI25WSB134]",1
TI II WINCHESTER,"CHERRY - SAMPLE - TI II 5"" WINCHESTER - [GHTI25CSB139]; CHERRY - TI.II T-MOULD WINCHESTER - [GCTM7CF139]",2
TIDE WALNUT JAVA,DESIGNER SAMPLE - DS - TIDE WALNUT JAVA - [GWC-DSTIW101]; SAMPLE BOARD - SB - TIDE WALNUT JAVA - [GWC-SBTIW101],2
TIDE WALNUT MINK,DESIGNER SAMPLE - DS - TIDE WALNUT MINK - [GWC-DSTIW102]; SAMPLE BOARD - SB - TIDE WALNUT MINK - [GWC-SBTIW102],2
TIME INSPIRED II,SAMPLE SET - TIME INSPIRED II - [GCSAMPLES09]; HANDSET - TIME INSPIRED II - [GCKEYSET23]; WATERFALL ORIGINAL - SAMPLE SET - TIME INSPIRED II - [GCSASET11],3
TREAD BEACH SAND,BEACH SAND - LAMINATE TREAD BEACH SAND - [LALXTRHS10],1
TREAD FRENCH W O,"PROVENCE - 11-3/4"" TREAD FRENCH W/O DIST. - [GCTROO102]; PARIS - 11-3/4"" TREAD FRENCH W/O DIST. - [GCTROO78]",2
TREAD HICK PECAN,CUSTOM TREAD HICK/PECAN (EA) - [MOTRSOHEA]; SALEM - 11-3/4 TREAD HICK/PECAN DIST. - [GCTRHO90],2
TREAD MYSTIC ASH,AQUA BLUE BY GARRISON - TREAD - MYSTIC ASH - [GVWPCTR104],1
TREAD OCEAN MIST,OCEAN MIST - LAMINATE TREAD OCEAN MIST - [LALXTRSS05],1
TREAD RETURN W O,"WHITE OAK - 1X1-1/4 X 14"" TREAD RETURN W/O - [MOTRREO]",1
TREAD SAN MARINO,AQUA BLUE BY GARRISON - TREAD - SAN MARINO OAK - [GVWPCTR109],1
TREAD SUN KISSED,AQUA BLUE II BY GARRISON - TREAD - SUN-KISSED - [GVWPCIITR903],1
TUMBLEWEED BEIGE,"EUROPEAN OAK - 9/16 X 7-1/2"" TUMBLEWEED BEIGE - [EOEWO72TB43]",1
UL MALIBU CASING,MDF - NONSTOCK - 1 X 2-9/16 UL MALIBU CASING - [MOCAMD181MUL],1
UNFIN WIRE BRUSH,"EUROPEAN OAK - 5/8 X 8-3/4"" UNFIN. WIRE BRUSH - [EOEWO875WB]; EUROPEAN OAK - *5/8 X 8-5/8"" UNFIN.WIRE BRUSH - [EOEWO858WB]",2
VALLEY MOLD GREY,GREY CHERRY - PARADISE VALLEY T-MOLD GREY - [LAPVTMC01],1
VALLEY MOLD NEON,NEON OAK - PARADISE VALLEY T-MOLD NEON - [LAPVTMO01],1
VILLA GIALLA RIO,WATERFALL - PANEL - VILLA GIALLA RIO - [GCSBVG913-2828],1
VINCI NESSO HERR,WATERFALL - PANEL - DA VINCI NESSO HERR. - [GCSBDVPH507-2228],1
VINCI UNFINISHED,DA VINCI NOSING 8' UNFINISHED - [GCDVNO8O00],1
VINEYARD CHABLIS,VINEYARD 8' NOSING CHABLIS - [GCVYNO8O902]; VINEYARD 8' T-MOULD CHABLIS - [GCVYTM8O902]; VINEYARD 8' REDUCER CHABLIS - [GCVYRE8O902]; WATERFALL - PANEL - VINEYARD CHABLIS - [GCSBBVY902-2228]; WATERFALL - PANEL - VINEYARD CHABLIS <NL> - [GCSBBVY902-2228PL],5
VINEYARD CHIANTI,VINEYARD 8' NOSING CHIANTI - [GCVYNO8O903]; VINEYARD 8' T-MOULD CHIANTI - [GCVYTM8O903]; VINEYARD 8' REDUCER CHIANTI - [GCVYRE8O903],3
VINEYARD ROVENZA,WATERFALL - PANEL - VINEYARD ROVENZA - [GCSBBVY908-2228]; WATERFALL - PANEL - VINEYARD ROVENZA <NL> - [GCSBBVY908-2228PL],2
W O B G GUNSTOCK,3/4 X 3 W/O B.G. GUNSTOCK - [UW343BOG],1
W O BLDR NATURAL,"CRYSTAL V - W/O BLDR SOLID 3 1/4"" NATURAL - [GQCVOB31438]",1
W O CANYON CREEK,"CRYSTAL VALLEY - W/O SOLID 2-1/4"" CANYON CREEK - [GQCVO21439]; CRYSTAL VALLEY - W/O SOLID 3 1/4"" CANYON CREEK - [GQCVO31439]",2
W O CRIMSON LAKE,"CRYSTAL VALLEY - W/O SOLID 2-1/4"" CRIMSON LAKE - [GQCVO21441]; CRYSTAL VALLEY - W/O SOLID 3-1/4"" CRIMSON LAKE - [GQCVO31441]",2
W O DESSERT ROSE,"CRYSTAL VALLEY - W/O SOLID 2-1/4"" DESSERT ROSE - [GQCVO21435]",1
W O GREY WASH WB,CLICK SYS - 3/4 X 5 W/O GREY WHITE WASH WB - [PFQOE1002],1
W O HONEY ROSE M,CRYSTAL VALLEY - *W/O ENG 3-1/4 HONEY ROSE 2.2M - [GHCVO31449],1
W O PRARIE WHEAT,"SMOOTH - 3/4"" NOSING W/O PRARIE WHEAT - [GCNO7OQ68]",1
W O SPRING BROOK,"CRYSTAL V - W/O SOLID 3 1/4"" SPRING BROOK - [GQCVO31443]",1
WALNUT ANTIQUE 5,"GII DISTRESSED - WALNUT 5"" ANTIQUE DISTRESSED - [GNIIW523]; GII SMOOTH - WALNUT 5"" SMOOTH ANTIQUE - [GNSSW523]",2
WALNUT CAMBRIDGE,"TI - 1/2"" B-SHOE WALNUT CAMBRIDGE - [GCBSWH133]",1
WALNUT FRUITWOOD,"TIME INSPR - WALNUT 5"" FRUITWOOD - [GCTIW528]; TIME INSPR - WALNUT 3"",4"" & 5"" FRUITWOOD  * - [GCTIW34628]; DISTRESSED - 1/2"" NOSING WALNUT FRUITWOOD - [GCNO7WH28]; GII SMOOTH - WALNUT 5"" SMOOTH FRUITWOOD - [GNSSW528]",4
WALNUT NATURAL 5,"GII DISTRESSED - WALNUT 5"" NATURAL DISTRESSED - [GNIIW538]; GII SMOOTH - WALNUT 5"" NATURAL SMOOTH - [GNSSW538]",2
WALNUT NEWCASTLE,*TI2 NOSING WALNUT NEWCASTLE - [GCNO7WH134],1
WALNUT QTR ROUND,3/4 x 3/4 WALNUT QTR ROUND - [MOQR34W],1
WALNUT WEATHERED,"NOUVELLE - *WALNUT 5/8 X 7.5"" WEATHERED - [GFNVW7512]",1
WANDERLUXE MILAN,WANDERLUXE BASESHOE MILAN - [GCWLBSO08]; WANDERLUXE 8' BABY T MILAN - [GCWLBT8O08]; WANDERLUXE 8' NOSING MILAN - [GCWLNO8O08]; WANDERLUXE 8' REDUCER MILAN - [GCWLRE8O08]; WANDERLUXE 8' T-MOULD MILAN - [GCWLTM8O08],5
WANDERLUXE RISER,WANDERLUXE RISER - [GCRIWL],1
WANDERLUXE TOKYO,WANDERLUXE BASESHOE TOKYO - [GCWLBSO11]; WANDERLUXE 8' BABY T TOKYO - [GCWLBT8O11]; WANDERLUXE 8' NOSING TOKYO - [GCWLNO8O11]; WANDERLUXE 8' REDUCER TOKYO - [GCWLRE8O11]; WANDERLUXE 8' T-MOULD TOKYO - [GCWLTM8O11]; WATERFALL - PANEL - WANDERLUXE TOKYO - [GCSBWL9011-2828],6
WANDERLUXE TREAD,WANDERLUXE TREAD - [GCTRWL],1
WESTERN WOODLAND,"3/4 x 2 1/4"" WESTERN WOODLAND - [CE214WW]; 3/4 x 3 1/4"" WESTERN WOODLAND - [CE314WW]",2
WHEATFIELD BEIGE,"EUROPEAN OAK - 9/16 X 7-1/2"" WHEATFIELD BEIGE - [EOEWO72WB43]",1
WOVEN BAMBOO HDF,CARBONIZED - 3/8 X 5 WOVEN BAMBOO HDF - [TECLBO301F]; CARBONIZED - QUARTER ROUND WOVEN BAMBOO HDF - [TECLBQW-C]; CARBONIZED - REDUCER WOVEN BAMBOO HDF - [TECLBRW01C],3
ZUMA BEACH CALCO,"NEWPORT BY GARRISON - EURO OAK 7.5"" ZUMA BEACH CALCO - [GHNPO208SB]",1
3.25 NATURAL MB,SHEOGA - 3/4 X 3.25 EN.W/O NATURAL MB - [PFSHEO338],1
3.25 O PR WHEAT,"CRYSTAL VALLEY - W/O PR.WHEAT ENG 3-1/4"" 2MM - [GHCVO31468]",1
5 ACACIA BRONZE,EXOTICS - 1/2 X 5 ACACIA DIST. BRONZE - [GHEXA5146],1
5 PRAIRIE WHEAT,"CRYSTAL VALLEY USA - WHITE OAK PRAIRIE WHEAT 5"" 3MM - [GHCVO568USA]",1
5 TIGERWOOD NAT,EXOTICS - 1/2 X 5 2MM TIGERWOOD NAT. - [GHEXTI538],1
5.25 O FRESH MB,SHEOGA - 3/4 X 5.25 EN.W/O FRESH CUT MB - [PFSHEO538],1
7.5 DOMA SELECT,"ALLORA - EURO OAK 7.5"" DOMA SELECT - [GFALO7503S]",1
7.5 LUNA SELECT,"ALLORA - EURO OAK 7.5"" LUNA SELECT - [GFALO7504S]",1
7.5 SHELL BEACH,"NEWPORT - EUR.OAK 7.5"" SHELL BEACH (1/2"" - [GHNPO207]",1
9.5 DOMA SELECT,"ALLORA - EURO OAK 9.5"" DOMA SELECT - [GFALO9503S]",1
9.5 LUNA SELECT,"ALLORA - EURO OAK 9.5"" LUNA SELECT - [GFALO9504S]",1
9.5 RODEO DRIVE,"BEVERLY HILLS - EURO OAK 9.5"" RODEO DRIVE - [GFBHO9505]",1
AACER SEL BTR O,"3/4 x 2 1/4"" AACER SEL/BTR R/O - [RQ214SRS]",1
ACACIA BRONZE 5,EXOTICS - 1/2 X 5 ACACIA DIST. BRONZE - [GHEXA5146],1
AFRICAN SAPELLI,NATURAL - OASIS 9/16 X 5 AFRICAN SAPELLI - [OA9165ASE]; NATURAL - OASIS 1/2 X 5 AFRICAN SAPELLI - [OAH5AS],2
ALLORA VENTASSO,"PANEL - ALLORA 7.5"" VENTASSO - [GCSBAL7507-2228]",1
ANCIENT CYPRESS,LAMINATE ANCIENT CYPRESS - [LAED8420],1
ANTIQUE CALCORE,"GII SMOOTH - WALNUT 5"" SM. ANTIQUE CALCORE - [GNSSW523SB]",1
AQUABLUE II NEW,"HANDSET - AQUABLUE II ""NEW"" - [GCKEYSET73]; WATERFALL - SAMPLE SET - AQUABLUE II ""NEW"" - [GCSETABII-2323]",2
AQUABLUE II OLD,"HANDSET - AQUABLUE II ""OLD"" - [GCKEYSET51]",1
AQUABLUE II WPC,WATERFALL ORIGINAL - SAMPLE SET - AQUABLUE II WPC - [GCSASET34],1
ARMAGNAC BALTIC,"FRENCH OAK - SAMPLE - FC 7"" ARMAGNAC BALTIC - [GFFCSBB7O120]",1
B CAPE COD BASE,"RED OAK - 9/16 X 5-1/4 B CAPE COD BASE - [MOBBRO450]; WHITE OAK - 9/16 X 5-1/4 B CAPE COD BASE - [MOBBWO450]; POPLAR - 9/16 X 5-1/4 B CAPE COD BASE - [MOBBPO450]; MAPLE - 9/16 X 5-1/4 B CAPE COD BASE - [MOBBMA450]; B. CHERRY - 9/16 X 5-1/4 B CAPE COD BASE - [MOBBBC450]; MDF - NONSTOCK - 9/16 X 5-1/4 ""B"" CAPE COD BASE - [MOBBMD318BMUL]",6
B CAPE COD FLEX,"FLEX - NONSTOCK - 9/16 X 5-1/4 ""B"" CAPE COD FLEX - [MOBBFL318BF]",1
B CHERRY SEDONA,"SMOOTH - 9/16"" NOSING B.CHERRY SEDONA - [GCNO7BSN42]",1
B H RODEO DRIVE,B.H BABY T-HOLD RODEO DRIVE - [GCBHBT8O05],1
BAMBOO CARB HOR,"BAMBOO NOSING CARB/HOR - [UWNO58BHC]; BAMBOO T-MOULD CARB/HOR 72"" - [UWTM58BHC]; BAMBOO NOSING CARB/HOR - [BANO58BHC]",3
BAMBOO CARB VER,BAMBOO NOSING CARB/VER - [BANO58BVC],1
BAMBOO HOR CARB,"BAMBOO REDUCER HOR/CARB. 72"" - [UWRE58BHC]; LAMINATE 12MM BAMBOO HOR/CARB - [LAED5056]; HOR/CARB - SAMPLE- LUXURY BAMBOO HOR/CARB - [LALXSBBA01]",3
BAMBOO NAT VERT,"BAMBOO T-MOULD NAT/VERT 72"" - [UWTM58BVN]; BAMBOO NOSING NAT/VERT - [BANO58BVN]",2
BAMBOO VERTICAL,"NATURAL - BAMBOO NOSING VERTICAL - [UWNO58BVN]; NATURAL - BAMBOO REDUCER VERTICAL 72"" - [UWRE58BVN]; CARBONIZED - OMNI BAMBOO 36"" VERTICAL - [UWBA36VC]; NATURAL - OMNI BAMBOO 36"" VERTICAL - [UWBA36VN]; CARBONIZED - HAWA BAMBOO 6' VERTICAL - [HABA72VC]; NATURAL - HAWA BAMBOO 6' VERTICAL - [HABA72VN]; NATURAL - BAMBOO VERTICAL BABY THRESHOLD - [HABTBVN]; CARBONIZED - BAMBOO VERTICAL BABY THRESHOLD - [HABTBVC]; NATURAL - HAWA BAMBOO VERTICAL T-MOULD - [HATMBVN]; CARBONIZED - HAWA BAMBOO VERTICAL T-MOULD - [HATMBVC]; CARBONIZED - HAWA BAMBOO VERTICAL REDUCER - [HAREBVC]; NATURAL - HAWA BAMBOO VERTICAL REDUCER - [HAREBVN]; CARBONIZED - BAMBOO 36"" VERTICAL - [BA36VC]; NATURAL - GARRISON BAMBOO 5"" VERTICAL - [GFBA725VN]; CARBONIZED - GARRISON BAMBOO 5"" VERTICAL - [GFBA725VC]; NATURAL - GARRISON BAMBOO VERTICAL 6' - [GFBA72VN]; NATURAL - BAMBOO 36"" VERTICAL - [BA36VN]; CARBONIZED - BAMBOO 72"" VERTICAL - [BA72VC]; CARBONIZED - BAMBOO 48"" VERTICAL - [BA48VC]; CARBONIZED - SAMPLE - BAMBOO VERTICAL - [GFBA3SBVC]; NATURAL - SAMPLE - BAMBOO VERTICAL - [GFBA3SBVN]; CARBONIZED - BAMBOO VERTICAL REDUCER - [BAREBVC]; NATURAL - BAMBOO VERTICAL REDUCER - [BAREBVN]; CARBONIZED - BAMBOO 5/8 X 5 X 72"" VERTICAL - [BA725VC]; NATURAL - BAMBOO 72"" VERTICAL - [BA72VN]",25
BASE REAL BEECH,NYTAE WALL BASE REAL BEECH - [NTNY108WB],1
BASE SHOE GENOA,DA VINCI 8' BASE SHOE GENOA - [GCDV2BSO701],1
BASE SHOE HRZTL,NATURAL - BAMBOO BASE SHOE 1/2X3/4 HRZTL - [UWBSBHN],1
BASE SHOE LUCCA,DA VINCI 8' BASE SHOE LUCCA - [GCDV2BSO708],1
BASE SHOE PAOLO,DA VINCI BASE SHOE PAOLO - [GCDVBSO711],1
BASE SHOE PARMA,DA VINCI 8' BASE SHOE PARMA - [GCDV2BSO703],1
BASE SHOE PRATO,DA VINCI 8' BASE SHOE PRATO - [GCDV2BSO704],1
BASE SHOE PRIME,1/2 x 3/4 BASE SHOE - PRIME - [MOBS12PR]; PRIMED PINE FJ - 3/8 x 3/4 BASE SHOE - PRIME - [MOBS38PR]; PRIMED PINE FJ - 1/2 x 3/4 BASE SHOE - PRIME - [MOBSPR300BFJ],3
BASE SHOE SIENA,DA VINCI 8' BASE SHOE SIENA - [GCDV2BSO711],1
BIG SKY APPALOO,MAPLE - BIG SKY 7' BABY T-HOLD APPALOO - [GCBSBT7M148]; MAPLE - BIG SKY 8' BABY T-HOLD APPALOO - [GCBSBT8M148],2
BIG SKY CHEYENN,HICKORY - BIG SKY BABY THRESHOLD CHEYENN - [GCBT7HF154],1
BIG SKY MUSTANG,HICKORY - BIG SKY NOSING 8' MUSTANG - [GCBSNOHH170]; HICKORY - BIG SKY 7' BABY T-HOLD MUSTANG - [GCBSBT7H170]; HICKORY - BIG SKY 8' BABY T-HOLD MUSTANG - [GCBSBT8H170]; HICKORY - BIG SKY 7' T-MOULD MUSTANG - [GCBSTM7H170]; HICKORY - BIG SKY 8' T-MOULD MUSTANG - [GCBSTM8H170]; HICKORY - BIG SKY 7' REDUCER MUSTANG - [GCBSRE7H170]; HICKORY - BIG SKY 8' REDUCER MUSTANG - [GCBSRE8H170]; HICKORY - BIG SKY 7' NOSING MUSTANG - [GCBSNO7H170]; HICKORY - BIG SKY 8' NOSING MUSTANG - [GCBSNO8H170],9
BIG SKY PONDERO,MAPLE - BIG SKY 7' BABY T-HOLD PONDERO - [GCBSBT7M151]; MAPLE - BIG SKY 8' BABY T-HOLD PONDERO - [GCBSBT8M151],2
BIG SKY STETSON,WALNUT - BIG SKY NOSING STETSON - [GCNO7WH152]; WALNUT - BIG SKY REDUCER STETSON - [GCRE7WH152]; SAMPLE - BIG SKY STETSON - [EHBS7SBM152],3
BIG SKY UNF WAL,BIG SKY 7' NOSING UNF.DIST.WAL - [GCNO7WH00BS],1
BIG SKY WINCHES,WALNUT - BIG SKY 7' BABY T-HOLD WINCHES - [GCBSBT7W139]; WALNUT - BIG SKY 8' BABY T-HOLD WINCHES - [GCBSBT8W139],2
BLACK WALNUT GA,1/2 x 5 WALNUT BLACK WALNUT GA - [GCGAW516],1
BLDR WALNUT S E,CON.CHOICE - 5/8 X 3-1/4 BLDR. WALNUT S.E - [GFCC314BWS],1
BOIS UNFINISHED,DU BOIS NOSING 8' UNFINISHED - [GCDBNO8O00],1
BRAZ CHERRY M B,NATURAL - 3/4 X 5 BRAZ/CHERRY M.B - [PFQ5BM]; NATURAL - 3/4 X 3 BRAZ/CHERRY M.B - [PFQ3BM]; NATURAL - 3/4 X 4 BRAZ/CHERRY M.B - [PFQ4BM],3
BRAZ CHERRY NAT,"BRAZILIAN CHERRY - 1/2"" BASESHOE BRAZ/CHERRY NAT. - [GCBSBH38]; BRAZILIAN CHERRY - GII REDUCER BRAZ/CHERRY NAT. - [GCRE7BN38]; BRAZILIAN CHERRY NATURAL - 3/4 X 4-3/4"" BRAZ/CHERRY NAT. - [PFQ434BC]",3
BRAZ CHERRY O G,5/8 X 3 1/2 BRAZ. CHERRY O.G. - [MOOG583B],1
BRAZ CHERRY S E,5/8 X 4 ENG. BRAZ. CHERRY S.E. - [AM584SBSU]; 5/8 X 5 ENG. BRAZ. CHERRY S.E. - [AM585SBSU],2
BRAZ CHERRY UNF,DISTRESSED - 7-1/4 RISER BRAZ/CHERRY UNF. - [GCRIBQ00],1
BRAZ TIGER MAHO,11/16 X 3-1/2 BRAZ.TIGER MAHO. - [YHSFA0028],1
BRAZILIAN TIGER,NATURAL - QUATER ROUND BRAZILIAN TIGER - [YHQR52804]; NATURAL - T- MOULDING BRAZILIAN TIGER - [YHTM52803],2
BTR AMER CHERRY,"3/4"" X 6"" SEL/BTR AMER. CHERRY - [RQ6SCM]",1
BTR BRAZ CHERRY,NATURAL - 9/16 X 5 SEL/BTR BRAZ/CHERRY - [UW9165SBN],1
BULLNOSE CORNER,MDF - NONSTOCK - 9/16 X 3 1/2 BULLNOSE CORNER - [MOCOMD307],1
BUSTER CHESTNUT,SAMPLE - COMP.BUSTER CHESTNUT - [ETCB5SBBI06]; COMP.BUSTER BASESHOE CHESTNUT - [GCBSBIH06]; WATERFALL - PANEL - COMP. BUSTER CHESTNUT - [GCSBCBB506-1724],3
BUSTER DESERT W,HICKORY - DESERT WHITE - *COMP.BUSTER REDUCER DESERT W. - [GCRE7HT179]; HICKORY - DESERT WHITE - *COMP. BUSTER T-MOULD DESERT W - [GCTM7HF179],2
BUSTER WINTER W,HICKORY - WINTER WHITE - *COMP.BUSTER REDUCER WINTER W. - [GCRE7HT180]; HICKORY - WINTER WHITE - *COMP. BUSTER T-MOULD WINTER W - [GCTM7HF180],2
C CLASS RALEIGH,MAPLE - C.CLASS REDUCER RALEIGH - [GCRE7MH94],1
C CLASS WINSTON,HICKORY - C.CLASS BABY TRESHOLD WINSTON - [GCBT7HF91]; HICKORY - C.CLASS REDUCER WINSTON - [GCRE7HH91],2
C SIDE WHITECAP,C.SIDE 8' T-MOULD WHITECAP - [GCCSTM8O08]; C.SIDE 8' REDUCER WHITECAP - [GCCSRE8O08],2
C V W O NATURAL,"C.V 1/2"" 7' NOSING W/O NATURAL - [GCCVNO7OH38]; C.V 1/2"" 8' NOSING W/O NATURAL - [GCCVNO8OH38]; C.V 9/16"" 8'NOSING W/O NATURAL - [GCCVNO8ON38]",3
C V W O P WHEAT,"C.V 1/2"" 7' NOSING W/O P.WHEAT - [GCCVNO7OH68]",1
C WALNUT B E LL,3/4 X 5 #1C WALNUT B.E LL - [LQ51WB],1
C WALNUT LL S E,3/4 X 3 #1C WALNUT LL S.E - [LQ31WS],1
C WALNUT M B LL,"3/4"" X 5"" #1C WALNUT M.B. LL - [L3451WM]; UNFIN - 3/4 X 6 #1C WALNUT M.B LL - [LQ61WM]",2
C WALNUT S E LL,"3/4"" X 5"" #1C WALNUT S.E. LL - [L3451WS]; 3/4"" X 7"" #1C WALNUT S.E. LL - [L3471WS]; UNFIN - 3/4 X 7 #1C WALNUT S.E. LL - [LQ71WS]; UNFIN - 3/4 X 6 #1C WALNUT S.E LL - [LQ61WS]; UNFINISHED - 3/4 X 5 #1C WALNUT S.E LL - [LQ51WS]; UNFIN - 3/4 X 7 #2C WALNUT S.E LL - [LQ72WS]; UNFIN - 3/4 X 3 #2C WALNUT S.E LL - [LQ32WS]; UNFIN - 3/4 X 5 #2C WALNUT S.E LL - [LQ52WS]; UNFIN - 3/4 X 8 #1C WALNUT S.E LL - [LQ81WS]",9
C WALNUT S E RL,3/4 X 5 #1C WALNUT S.E. RL - [RQ51WS]; 3/4 X 6 #1C WALNUT S.E. RL - [RQ61WS],2
CALI COLLECTION,HANDSET - OMP CALI. COLLECTION - [GCKEYSET22],1
CANTINA ACA BAY,WALNUT - CANTINA 7' BABY T-HOLD ACA.BAY - [GCCABT7W301]; WALNUT - CANTINA 8' BABY T-HOLD ACA.BAY - [GCCABT8W301],2
CANTINA BOHEMIA,CANTINA BASESHOE BOHEMIA - [GCCABSMH202]; MAPLE - CANTINA 7' BABY T-HOLD BOHEMIA - [GCCABT7M202]; MAPLE - CANTINA 8' BABY T-HOLD BOHEMIA - [GCCABT8M202]; MAPLE - CANTINA 7' T-MOULD BOHEMIA - [GCCATM7M202]; MAPLE - CANTINA 8' T-MOULD BOHEMIA - [GCCATM8M202]; MAPLE - CANTINA 7' REDUCER BOHEMIA - [GCCARE7M202]; MAPLE - CANTINA 8' REDUCER BOHEMIA - [GCCARE8M202]; MAPLE - CANTINA 7' NOSING BOHEMIA - [GCCANO7M202]; MAPLE - CANTINA 8' NOSING BOHEMIA - [GCCANO8M202],9
CANTINA CABO RE,HICKORY - CANTINA 7' BABY T-HOLD CABO RE - [GCCABT7H101]; HICKORY - CANTINA 8' BABY T-HOLD CABO RE - [GCCABT8H101],2
CANTINA COSTA D,HICKORY - CANTINA 7' BABY T-HOLD COSTA D - [GCCABT7H102]; HICKORY - CANTINA 8' BABY T-HOLD COSTA D - [GCCABT8H102],2
CANTINA HAVA RU,WALNUT - CANTINA 7' BABY T-HOLD HAVA.RU - [GCCABT7W302]; WALNUT - CANTINA 8' BABY T-HOLD HAVA.RU - [GCCABT8W302],2
CANTINA PACIFIC,MAPLE - CANTINA 7' BABY T-HOLD PACIFIC - [GCCABT7M205]; MAPLE - CANTINA 8' BABY T-HOLD PACIFIC - [GCCABT8M205],2
CANTINA SANGRIA,CANTINA BASESHOE SANGRIA - [GCCABSMH207]; MAPLE - CANTINA 7' BABY T-HOLD SANGRIA - [GCCABT7M207]; MAPLE - CANTINA 7' T-MOULD SANGRIA - [GCCATM7M207]; MAPLE - CANTINA 8' T-MOULD SANGRIA - [GCCATM8M207]; MAPLE - CANTINA 7' REDUCER SANGRIA - [GCCARE7M207]; MAPLE - CANTINA 8' REDUCER SANGRIA - [GCCARE8M207]; MAPLE - CANTINA 7' NOSING SANGRIA - [GCCANO7M207]; MAPLE - CANTINA 8' NOSING SANGRIA - [GCCANO8M207]; MAPLE - CANTINA 8' BABY T-HOLD SANGRIA - [GCCABT8M207],9
CANTINA SP COFF,HICKORY - CANTINA 7' BABY T-HOLD SP.COFF - [GCCABT7H103]; HICKORY - CANTINA 8' BABY T-HOLD SP.COFF - [GCCABT8H103],2
CANYON CREST EL,"3/4 x 3 1/4"" CANYON CREST - EL - [CE314CC]",1
CAP BRAZIL GOLD,*LAMINATE END CAP BRAZIL.GOLD - [LALXECHG04],1
CAP CRATER LAKE,GARRISON END CAP CRATER LAKE - [GCLAEC7505],1
CAP DARK RUSSET,*LAMINATE END CAP DARK RUSSET - [LALXECME02],1
CAP GRAND TETON,GARRISON END CAP GRAND TETON - [GCLAEC7507],1
CAP HIGH SIERRA,SUMMIT SKY - END CAP - HIGH SIERRA - [GVSSEC502],1
CAP MOJAVE WASH,AQUA BLUE II BY GARRISON - END CAP - MOJAVE WASH - [GVWPCIIEC110],1
CAP MORNING DEW,AQUA BLUE II BY GARRISON - END CAP - MORNING DEW - [GVWPCIIEC902],1
CAP MOSCATO ASH,AQUA BLUE II BY GARRISON - END CAP - MOSCATO ASH - [GVWPCIIEC106],1
CAP NATURAL WAL,LAMINATE END CAP NATURAL WAL. - [LALXECHS08],1
CAP OLIVE BROWN,LAMINATE END CAP OLIVE BROWN - [LAECL12NDOB],1
CAP RICH WALNUT,LAMINATE END CAP RICH WALNUT - [LALXECCS05],1
CAP SAND NUTMEG,LAMINATE END CAP SAND NUTMEG - [LALXECSS01],1
CAP WILD WALNUT,LAMINATE END CAP WILD WALNUT - [LALXECPEWW12],1
CAP YELLOWSTONE,AQUA BLUE II BY GARRISON - END CAP - YELLOWSTONE OAK - [GVWPCIIEC103],1
CAPE COD CORNER,MDF CORNER - NONSTOCK - 9/16 X 5-1/4 B CAPE COD CORNER - [MOCOMD450]; MDF CORNER - NONSTOCK - 9/16 X 5-1/4 B CAPE COD CORNER - [MOCOMD318BMULW],2
CHARLESTON FLEX,FLEX - NONSTOCK - 11/16 X 6 CHARLESTON FLEX - [MOBBFL410F],1
CHATEAU CALCORE,"GII SMOOTH - HICKORY 5"" SM. CHATEAU CALCORE - [GNSSH551SB]",1
CHERRY KINGSTON,TI2 NOSING CHERRY KINGSTON - [GCNO7CH137],1
CHERRY UNFINISH,"DISTRESSED - 1/2"" NOSING CHERRY UNFINISH - [GCNO7CH00]; DISTRESSED - 9/16"" NOSING CHERRY UNFINISH - [GCNO7CN00]",2
CHESTNUT MOJAVE,"CRYSTAL V - CHESTNUT DIST. 4 7/8"" MOJAVE * - [GQCVDCH478103]",1
CHESTNUT SAHARA,"CRYSTAL V - CHESTNUT DIST. 4 7/8"" SAHARA * - [GQCVDCH478104]; DISTRESSED - 3/4 X 4 7/8 CHESTNUT SAHARA - [PSQDCN478104]",2
CHESTNUT SONORA,"CRYSTAL V - CHESTNUT DIST. 4 7/8"" SONORA * - [GQCVDCH478106]; DISTRESSED - 3/4 X 4 7/8 CHESTNUT SONORA - [PSQDCN478106]",2
CHEVRON ROVENZA,BELLAGIO - 5X24-1/16 CHEVRON ROVENZA (R) - [GNBLPC506-R]; BELLAGIO - 5X24-1/16 CHEVRON ROVENZA (L) - [GNBLPC506-L]; VINEYARD - 5X24-1/16 CHEVRON ROVENZA (L) - [GNVYPCO508-L]; VINEYARD - 5X24-1/16 CHEVRON ROVENZA (R) - [GNVYPCO508-R],4
CHOC CHERRY PLY,"GII DIST - P.CHERRY 5"" CHOC.CHERRY 2PLY - [GNIIC5242P]",1
CHOCOLATE WALNU,LAMINATE TREAD CHOCOLATE WALNU - [LALXTRHS07],1
CLASSIC CLEMSON,OAK - C.CLASSIC NOSING CLEMSON - [GCNO7OH97]; C.CLASSIC T-MOULD CLEMSON - [GCTM7OF97]; C.CLASSIC BABY T-HOLD CLEMSON - [GCBT7OF97]; C.CLASSIC REDUCER CLEMSON - [GCRE7OH97],4
CLASSIC CYPRESS,DISTRESSED - LAMINATE 12MM CLASSIC CYPRESS - [LAL12NDCC],1
CLASSIC RALEIGH,MAPLE - C.CLASSIC NOSING RALEIGH - [GCNO7MH94]; C.CLASSIC T-MOULD RALEIGH - [GCTM7MF94],2
CLASSIC WINSTON,HICKORY - C.CLASSIC NOSING WINSTON - [GCNO7HH91]; HICK/PECAN - C.CLASSIC T-MOULD WINSTON - [GCTM7HF91],2
CLIFF COOL MIST,WATERFALL - PANEL - CLIFF. COOL MIST - [GCSBCS7502-2228],1
CLIFF WARM SAND,WATERFALL - PANEL - CLIFF. WARM SAND - [GCSBCS7507-2228],1
CLIFFSIDE TREAD,CLIFFSIDE TREAD - [GCTRCS],1
CNYN C GENESSEE,WATERFALL - PANEL - CNYN.C. GENESSEE - [GCSBCY1004-2828],1
CNYN C GLENWOOD,WATERFALL - PANEL - CNYN.C. GLENWOOD - [GCSBCY1005-2828]; WATERFALL - PANEL - CNYN.C. GLENWOOD <N/L> - [GCSBCY1005-2828PL],2
COFFEE LAMINATE,END CAP COFFEE MAPLE LAMINATE - [LAECVG1040],1
COLLINE CALCORE,"BELLISSIMO - WALNUT 7.5"" COLLINE CALCORE - [GHBEW75403SB]",1
COLONIAL CASING,PINE - 11/16 X 2-7/8 COLONIAL CASING - [MOCAE119],1
COLONIAL CORNER,MDF CORNER - NONSTOCK - 9/16 X 4-1/4 COLONIAL CORNER - [MOCOMD420],1
COLUMBIA ELLERY,CIDER - COLUMBIA 3/8X2-1/4 ELLERY OAK - [COELO212F]; NATURAL - COLUMBIA 3/8X2-1/4 ELLERY OAK - [COELO210F],2
COLUMBIA RODNEY,NATURAL - COLUMBIA 1/2 X 5 RODNEY OAK - [COROO510F],1
COMP BUSTER UNF,DISTRESSED - COMP.BUSTER NOSING UNF. BIRCH - [GCNO7BIT00],1
CONN ANT CARAME,FRENCH CONN. NOSING ANT.CARAME - [GCNOFOF79],1
COUNTRY BURGUND,"3/4 X 3"" COUNTRY MAPLE BURGUND - [UW343CMB]",1
COUNTRY END CAP,GOLDEN OAK - COUNTRY WOOD END CAP OAK - [CWBTOGO],1
COUNTRY NATURAL,"3/4 X 3"" COUNTRY MAPLE NATURAL - [UW343CMN]; 9/16 X 5 COUNTRY MAPLE NATURAL - [UW9165CMN]",2
CR VAL PR WHEAT,CR.VAL 8' BABY T-HOLD PR.WHEAT - [GCCVBT8O68]; CR.VAL 7' BABY T-HOLD PR.WHEAT - [GCCVBT7O68],2
CREST MILLCREEK,CYN.CREST BASESHOE MILLCREEK - [GCCYBSO07]; CYN.CREST 8' NOSING MILLCREEK - [GCCYNO8O07]; CYN.CREST 8' REDUCER MILLCREEK - [GCCYRE8O07]; CYN.CREST 8' T-MOULD MILLCREEK - [GCCYTM8O07],4
CRY VAL ANTIQUE,CRY. VAL T-MOULD ANTIQUE - [GCTMOF75]; CRY.VAL T-MOULD ANTIQUE OAK - [GCTM7OF75],2
CRY VAL BLK WAL,"ACACIA DISTRESSED - CRY.VAL 3/4"" 7' NOSING BLK WAL - [GCCVSNO7A16]; ACACIA DISTRESSED - CRY.VAL 3/4"" 8' NOSING BLK WAL - [GCCVSNO8A16]; ACACIA DISTRESSED - CRY.VAL 3/4"" 4' NOSING BLK WAL - [GCCVSNO4A16]",3
CRY VAL CHESTNU,"ASIAN MAHOGANY - CRY.VAL 3/4"" 7' NOSING CHESTNU - [GCCVSNO7AM06]; ASIAN MAHOGANY - CRY.VAL 3/4"" 8' NOSING CHESTNU - [GCCVSNO8AM06]",2
CRY VAL MAP NAT,"MAPLE - CRY.VAL 3/4"" 7' NOSING MAP NAT - [GCCVSNO7M38]; MAPLE - CRY.VAL 3/4"" 8' NOSING MAP NAT - [GCCVSNO8M38]",2
CRY VAL NATURAL,"ASIAN MAHOGANY - CRY.VAL 7' T-MOULD NATURAL - [GCCVSTM7AM38]; ASIAN MAHOGANY - CRY.VAL 8' T-MOULD NATURAL - [GCCVSTM8AM38]; ASIAN MAHOGANY - CRY.VAL 3/4"" 7' NOSING NATURAL - [GCCVSNO7AM38]; ASIAN MAHOGANY - CRY.VAL 3/4"" 8' NOSING NATURAL - [GCCVSNO8AM38]; ACACIA DISTRESSED - CRY.VAL 7' T-MOULD NATURAL - [GCCVSTM7A38]; ACACIA DISTRESSED - CRY.VAL 8' T-MOULD NATURAL - [GCCVSTM8A38]; ACACIA DISTRESSED - CRY.VAL 3/4"" 7' NOSING NATURAL - [GCCVSNO7A38]; ACACIA DISTRESSED - CRY.VAL 3/4"" 8' NOSING NATURAL - [GCCVSNO8A38]; ACACIA DISTRESSED - CRY.VAL 3/4"" 4' NOSING NATURAL - [GCCVSNO4A38]; ACACIA DISTRESSED - CRY.VAL 4' T-MOULD NATURAL - [GCCVSTM4A38]",10
CRY VAL O NATUR,"CRY.VAL 9/16"" NOSING R/O NATUR - [GCNO7RSN38]",1
CRY VAL W O NAT,"CRY.VAL 9/16"" NOSING W/O NAT. - [GCNO7OSN38]; CRY.VAL 7' BABY T-HOLD W/O NAT - [GCCVBT7O38]; CRY.VAL 3/4"" 7' NOSING W/O NAT - [GCCVSNO7O38]; CRY.VAL 3/4"" 8' NOSING W/O NAT - [GCCVSNO8O38]; CRY.VAL 8' BABY T-HOLD W/O NAT - [GCCVBT8O38]",5
CRYSTAL VAL W O,NATURAL - SAMPLE-CRYSTAL VAL. SOLID W/O - [GQCVSBO38]; GOLDEN OAK - SAMPLE-CRYSTAL VAL. SOLID W/O - [GQCVSBO45]; GUNSTOCK - SAMPLE-CRYSTAL VAL. SOLID W/O - [GQCVSBO47]; HONEYROSE - SAMPLE-CRYSTAL VAL. SOLID W/O - [GQCVSBO49]; PRARIE WHE - SAMPLE-CRYSTAL VAL. SOLID W/O - [GQCVSBO68]; MOCHA - SAMPLE-CRYSTAL VAL. SOLID W/O - [GQCVSBO36],6
CUSTOM B CHERRY,CUSTOM - ENGINEER CUSTOM B. CHERRY - [AMSOB],1
CUSTOM COLOR GA,1/2 x 3 WALNUT CUSTOM COLOR GA - [GCGAW399]; 1/2 x 7 WALNUT CUSTOM COLOR GA - [GCGAW799],2
CUSTOM ITEMS EA,GARRISON CUSTOM ITEMS EA - [GCMISCEA],1
CUSTOM ORDER EA,OSHKOSH CUSTOM ORDER EA - [OKSOEA],1
CUSTOM ORDER LF,OSHKOSH CUSTOM ORDER LF - [OKSOLF],1
CV W O PR WHEAT,"CV 1/2"" 8' NOSING W/O PR.WHEAT - [GCCVNO8OH68]; CV 9/16"" 8'NOSING W/O PR.WHEAT - [GCCVNO8ON68]",2
CVA W O NATURAL,W/O NATURAL - CVA 8' NOSING W/O NATURAL - [GCCVNO8OH38USA]; W/O NATURAL - CVA 8' BABY T-HOLD W/O NATURAL - [GCCVBT8O38USA]; W/O NATURAL - CVA 8' REDUCER W/O NATURAL - [GCCVRE8OH38USA]; W/O NATURAL - CVA 8' TMOULD W/O NATURAL - [GCCVTM8O38USA],4
CW STANDARD W O,HONEYROSE - CW 3/4 X 3-1/4 STANDARD W/O - [CWQ314SOHR],1
CYN CREST FARWE,CYN.CREST 8' BABY T-HOLD FARWE - [GCCYBT8O01],1
CYN CREST FRASE,CYN.CREST 8' BABY T-HOLD FRASE - [GCCYBT8O02],1
CYN CREST FREMO,CYN.CREST 8' BABY T-HOLD FREMO - [GCCYBT8O03],1
CYN CREST GENES,CYN.CREST 8' BABY T-HOLD GENES - [GCCYBT8O04],1
CYN CREST GLENW,CYN.CREST 8' BABY T-HOLD GLENW - [GCCYBT8O05],1
CYN CREST KINGS,CYN.CREST 8' BABY T-HOLD KINGS - [GCCYBT8O06],1
CYN CREST MILLC,CYN.CREST 8' BABY T-HOLD MILLC - [GCCYBT8O07],1
CYN CREST PARIA,CYN.CREST BASESHOE PARIA - [GCCYBSO08]; CYN.CREST 8' BABY T-HOLD PARIA - [GCCYBT8O08]; CYN.CREST 8' NOSING PARIA - [GCCYNO8O08]; CYN.CREST 8' REDUCER PARIA - [GCCYRE8O08]; CYN.CREST 8' T-MOULD PARIA - [GCCYTM8O08],5
CYN CREST PROVO,CYN.CREST BASESHOE PROVO - [GCCYBSO09]; CYN.CREST 8' BABY T-HOLD PROVO - [GCCYBT8O09]; CYN.CREST 8' NOSING PROVO - [GCCYNO8O09]; CYN.CREST 8' REDUCER PROVO - [GCCYRE8O09]; CYN.CREST 8' T-MOULD PROVO - [GCCYTM8O09],5
CYN CREST SABIN,CYN.CREST 8' BABY T-HOLD SABIN - [GCCYBT8O10],1
CYN CREST SUMID,CYN.CREST 8' BABY T-HOLD SUMID - [GCCYBT8O12],1
CYN CREST TITUS,CYN.CREST BASESHOE TITUS - [GCCYBSO11]; CYN.CREST 8' BABY T-HOLD TITUS - [GCCYBT8O11]; CYN.CREST 8' NOSING TITUS - [GCCYNO8O11]; CYN.CREST 8' REDUCER TITUS - [GCCYRE8O11]; CYN.CREST 8' T-MOULD TITUS - [GCCYTM8O11]; CYN.CREST 7' T-MOULD TITUS - [GCCYTM7O11],6
DA VINCI BIANCA,DA VINCI 8' BABY-T BIANCA - [GCDVBT8O701]; DA VINCI 8' NOSING BIANCA - [GCDVNO8O701]; DA VINCI 8' REDUCER BIANCA - [GCDVRE8O701]; DA VINCI 8' T-MOULD BIANCA - [GCDVTM8O701]; DA VINCI 7' NOSING BIANCA - [GCDVNO7O701]; WATERFALL - PANEL - DA VINCI BIANCA - [GCSBDV701-2228],6
DA VINCI MILANO,DA VINCI 8' BABY-T MILANO - [GCDVBT8O708]; DA VINCI 8' NOSING MILANO - [GCDVNO8O708]; DA VINCI 8' REDUCER MILANO - [GCDVRE8O708]; DA VINCI 8' T-MOULD MILANO - [GCDVTM8O708],4
DA VINCI PISANI,DA VINCI 8' BABY-T PISANI - [GCDVBT8O712]; DA VINCI 8' NOSING PISANI - [GCDVNO8O712]; DA VINCI 8' REDUCER PISANI - [GCDVRE8O712]; DA VINCI 8' T-MOULD PISANI - [GCDVTM8O712],4
DA VINCI TRENTO,DA VINCI 8' BABY-T TRENTO - [GCDV2BT8O705]; DA VINCI 8' NOSING TRENTO - [GCDV2NO8O705]; DA VINCI 8' REDUCER TRENTO - [GCDV2RE8O705]; DA VINCI 8' T-MOULD TRENTO - [GCDV2TM8O705],4
DA VINCI VERONA,DA VINCI 8' BABY-T VERONA - [GCDV2BT8O709]; DA VINCI 8' NOSING VERONA - [GCDV2NO8O709]; DA VINCI 8' REDUCER VERONA - [GCDV2RE8O709]; DA VINCI 8' T-MOULD VERONA - [GCDV2TM8O709],4
DAPPLE GREY PLY,"GII DIST - MAPLE 5"" DAPPLE GREY 2PLY - [GNIIM51952P]",1
DAVINCI CARRERA,"WALNUT - SAMPLE-DAVINCI 5"" CARRERA - [GNDV5SBW63]; DAVINCI T-MOULD CARRERA - [GCTM7WF63]; WALNUT - DAVINCI BABY T-HOLD CARRERA - [GCBT7WF63]; WALNUT - DAVINCI REDUCER CARRERA - [GCRE7WN63]",4
DEL MAR CALCORE,"NEWPORT BY GARRISON - EURO OAK 7.5"" DEL MAR CALCORE - [GHNPO201SB]",1
DELUXE MONTECIT,HICKORY - DELUXE 7' BABY T-HOLD MONTECIT - [GCDXBT7H57]; HICKORY - DELUXE 8' BABY T-HOLD MONTECIT - [GCDXBT8H57],2
DIAMOND VINTAGE,DESIGNER SAMPLE - DS - DIAMOND WHITE OAK VINTAGE - [GWC-DSDIO104]; SAMPLE BOARD - SB - DIAMOND WHITE OAK VINTAGE - [GWC-SBDIO104],2
DISPLAY RACK SA,SATIN FINISH DISPLAY RACK & SA - [SARACK],1
DOMA SELECT 7.5,"ALLORA - EURO OAK 7.5"" DOMA SELECT - [GFALO7503S]",1
DOMA SELECT 9.5,"ALLORA - EURO OAK 9.5"" DOMA SELECT - [GFALO9503S]",1
DS CLOVER FROST,DESIGNER SAMPLE - DS - CLOVER WHITE OAK FROST - [GWC-DSCLO102],1
DS MOSAIC FROST,DESIGNER SAMPLE - DS - MOSAIC WHITE OAK FROST - [GWC-DSMOO102],1
DS OYSTER FROST,DESIGNER SAMPLE - DS - OYSTER WHITE OAK FROST - [GWC-DSOYO102],1
DS PALM VINTAGE,DESIGNER SAMPLE - DS - PALM WHITE OAK VINTAGE - [GWC-DSPAO104],1
DS RIDGE CARBON,DESIGNER SAMPLE - DS - RIDGE WHITE OAK CARBON - [GWC-DSRIO101],1
DS RIDGE SUNSET,DESIGNER SAMPLE - DS - RIDGE WHITE OAK SUNSET - [GWC-DSRIO103],1
DS TIDE VINTAGE,DESIGNER SAMPLE - DS - TIDE WHITE OAK VINTAGE - [GWC-DSTIO104],1
DS TUXEDO FROST,DESIGNER SAMPLE - DS - TUXEDO WHITE OAK FROST - [GWC-DSTUO102],1
DU BOIS ANASTAS,OAK - DU BOIS 7' BABY T-HOLD ANASTAS - [GCDBBT7O195]; OAK - DU BOIS 8' BABY T-HOLD ANASTAS - [GCDBBT8O195],2
DU BOIS BRIGITT,OAK - DU BOIS 7' BABY T-HOLD BRIGITT - [GCDBBT7O182]; OAK - DU BOIS 8' BABY T-HOLD BRIGITT - [GCDBBT8O182],2
DU BOIS CHANTAL,OAK - DU BOIS 7' BABY T-HOLD CHANTAL - [GCDBBT7O184]; OAK - DU BOIS 8' BABY T-HOLD CHANTAL - [GCDBBT8O184]; OAK - DU BOIS 7' T-MOULD CHANTAL - [GCDBTM7O184]; OAK - DU BOIS 8' T-MOULD CHANTAL - [GCDBTM8O184]; OAK - DU BOIS 7' REDUCER CHANTAL - [GCDBRE7O184]; OAK - DU BOIS 8' REDUCER CHANTAL - [GCDBRE8O184]; OAK - DU BOIS 7' NOSING CHANTAL - [GCDBNO7O184]; OAK - DU BOIS 8' NOSING CHANTAL - [GCDBNO8O184]; DU BOIS BASESHOE CHANTAL - [GCDBBSOH184]; WATERFALL - PANEL - DU BOIS CHANTAL - [GCSBDB7184-2228]; PANEL-DU BOIS CHANTAL <N/L> - [GCSBDB7184-2228PL],11
DU BOIS CHRISHE,OAK - DU BOIS 7' BABY T-HOLD CHRISHE - [GCDBBT7O181]; OAK - DU BOIS 8' BABY T-HOLD CHRISHE - [GCDBBT8O181],2
DU BOIS COLETTE,DU BOIS BABY-T COLETTE - [GCDBBTOF185]; DU BOIS NOSING COLETTE - [GCDBNOON185]; DU BOIS REDUCER COLETTE - [GCDBREON185]; DU BOIS T-MOULD COLETTE - [GCDBTMOF185]; DU BOIS BASESHOE COLETTE - [GCDBBSOH185]; DU BOIS NOSING 8' COLETTE - [GCDBNOON8185]; DU BOIS 8' BABY T-HOLD COLETTE - [GCDBBTOF8185],7
DU BOIS DANIELL,OAK - DU BOIS 7' BABY T-HOLD DANIELL - [GCDBBT7O186]; OAK - DU BOIS 8' BABY T-HOLD DANIELL - [GCDBBT8O186],2
DU BOIS ELISABE,OAK - DU BOIS 7' BABY T-HOLD ELISABE - [GCDBBT7O192]; OAK - DU BOIS 8' BABY T-HOLD ELISABE - [GCDBBT8O192],2
DU BOIS EVELIEN,OAK - DU BOIS 7' BABY T-HOLD EVELIEN - [GCDBBT7O193]; OAK - DU BOIS 8' BABY T-HOLD EVELIEN - [GCDBBT8O193]; OAK - DU BOIS 7' T-MOULD EVELIEN - [GCDBTM7O193]; OAK - DU BOIS 8' T-MOULD EVELIEN - [GCDBTM8O193]; OAK - DU BOIS 7' REDUCER EVELIEN - [GCDBRE7O193]; OAK - DU BOIS 8' REDUCER EVELIEN - [GCDBRE8O193]; OAK - DU BOIS 7' NOSING EVELIEN - [GCDBNO7O193]; OAK - DU BOIS 8' NOSING EVELIEN - [GCDBNO8O193]; DU BOIS EVELIEN BASESHOE - [GCBSOH193]; DU BOIS BASESHOE EVELIEN - [GCDBBSOH193]; WATERFALL - PANEL - DU BOIS EVELIEN - [GCSBDB7193-2228]; PANEL-DU BOIS EVELIEN <N/L> - [GCSBDB7193-2228PL],12
DU BOIS FIAMETT,OAK - DU BOIS 7' BABY T-HOLD FIAMETT - [GCDBBT7O198]; OAK - DU BOIS 8' BABY T-HOLD FIAMETT - [GCDBBT8O198],2
DU BOIS GABRIEL,OAK - DU BOIS 7' BABY T-HOLD GABRIEL - [GCDBBT7O187]; OAK - DU BOIS 8' BABY T-HOLD GABRIEL - [GCDBBT8O187],2
DU BOIS ISABELL,OAK - DU BOIS 7' BABY T-HOLD ISABELL - [GCDBBT7O188]; OAK - DU BOIS 8' BABY T-HOLD ISABELL - [GCDBBT8O188],2
DU BOIS JULIETT,OAK - DU BOIS 7' BABY T-HOLD JULIETT - [GCDBBT7O196]; OAK - DU BOIS 8' BABY T-HOLD JULIETT - [GCDBBT8O196],2
DU BOIS NATHALI,OAK - DU BOIS 7' BABY T-HOLD NATHALI - [GCDBBT7O189]; OAK - DU BOIS 8' BABY T-HOLD NATHALI - [GCDBBT8O189],2
DU BOIS VIVIANN,OAK - DU BOIS 7' BABY T-HOLD VIVIANN - [GCDBBT7O197]; OAK - DU BOIS 8' BABY T-HOLD VIVIANN - [GCDBBT8O197],2
ELEGANCE CUMARU,ELEGANCE 11/16 X 3-1/2 CUMARU - [YHSFA00 23]; ELEGANCE 11/16 X 5 CUMARU - [YHSFW00 23],2
ELEGANCE KEMPAS,"ELEGANCE 9/16 X 3-1/2 KEMPAS - [YHSSE0024]; NATURAL - ELEGANCE 9/16 X 5 KEMPAS - [YHSSEW0024]; NATURAL - ELEGANCE NOSING 11/16"" KEMPAS - [YHSD2402]; ELEGANCE 11/16 X 3-1/2 KEMPAS - [YHSS0024]; ELEGANCE 11/16 X 4-3/4 KEMPAS - [YHSFW0024]",5
ELEGANCE WALNUT,NATURAL - ELEGANCE 11/16 X 3-1/2 WALNUT - [YHSFA0097]; NATURAL - ELEGANCE 9/16 X 3-1/2 WALNUT - [YHSSE0097],2
EN W O FRESH MB,SHEOGA - 3/4 X 5.25 EN.W/O FRESH CUT MB - [PFSHEO538]; SHEOGA - 3/4 X 5.25 EN.W/O FRESH CUT MB - [PFSHEO538-205]; 5 SHEEN CLEAR SHEOGA - 3/4 X 5.25 EN.W/O FRESH CUT MB - [PFSHEO538]; 5 SHEEN CLEAR SHEOGA - 3/4 X 5.25 EN.W/O FRESH CUT MB - [PFSHEO538-205],4
END CAP ANACAPA,AQUA BLUE BY GARRISON - END CAP - ANACAPA OAK - [GVWPCEC100],1
END CAP ASTORIA,METROPOLITAN - END CAP - ASTORIA - [GVMPEC701],1
END CAP AVIGNON,LAMINATE - GARRISON END CAP AVIGNON - [GCLAEC001],1
END CAP BERMUDA,LAMINATE END CAP BERMUDA - [LALXECHS09],1
END CAP CHELSEA,METROPOLITAN - END CAP - CHELSEA - [GVMPEC901],1
END CAP CLASSIC,LAMINATE END CAP CLASSIC MAPLE - [LALXECCS03],1
END CAP CORSICA,LAMINATE - *GARRISON END CAP CORSICA - [GCLAEC011],1
END CAP CRIMSON,MEGACLIC END CAP CRIMSON - [LAMCECAS3101],1
END CAP ECLIPSE,VINYLNOVA - END CAP - ECLIPSE - [GVVNEC905],1
END CAP GLACIER,NATURESTEP - END CAP - GLACIER - [GVNSEC802],1
END CAP GLIMMER,ILLUMIN8 END CAP GLIMMER - [GLILEC806],1
END CAP JAMAICA,*LAMINATE END CAP JAMAICA - [LALXECHS11],1
END CAP JUPITER,VINYLNOVA - END CAP - JUPITER - [GVVNEC907],1
END CAP MADISON,METROPOLITAN - END CAP - MADISON - [GVMPEC703],1
END CAP MERCURY,ELEMENTS - END CAP - MERCURY - [GVSPCEC704],1
END CAP NATURAL,LAMINATE END CAP NATURAL OAK - [LALXECCW87025]; LAMINATE END CAP NATURAL OAK - [LAXM29EC]; LAMINATE END CAP MAPLE NATURAL - [LALXECCS08],3
END CAP NIAGARA,AQUA BLUE II BY GARRISON - END CAP - NIAGARA OAK - [GVWPCIIEC108],1
END CAP OLYMPIC,GARRISON END CAP OLYMPIC - [GCLAEC7509],1
END CAP REDWOOD,GARRISON END CAP REDWOOD - [GCLAEC7510],1
END CAP ROCKIES,SUMMIT SKY - END CAP - ROCKIES - [GVSSEC504],1
END CAP SCORPIO,ZODIAC WSPC - END CAP - SCORPIO - [GVZOEC7508],1
END CAP SEQUOIA,GARRISON END CAP SEQUOIA - [GCLAEC7511],1
END CAP TRIBECA,METROPOLITAN - END CAP - TRIBECA - [GVMPEC903],1
END CAP VANDAGE,*LAMINATE END CAP VANDAGE - [LALXECRH09],1
END CAP VINTAGE,LAMINATE END CAP VINTAGE WHITE - [LALXECHG05],1
ESPRESSO WALNUT,"12.3MM 6-1/2"" ESPRESSO WALNUT - [LALXRH02]; LAMINATE QTR ESPRESSO WALNUT - [LALXQRRH02]; LAMINATE TREAD ESPRESSO WALNUT - [LALXTRRH02]",3
EVERGREEN WOODS,SYNTHETIC GRASS - EVERGREEN WOODS - [SG003],1
EXO ACA NAT OMP,"25"" X 28"" - PANEL - EXO. ACA. NAT. *OMP* - [GCSBEXA538-2528]",1
EXO SNTOS MHGNY,WIRE RACK - PANEL - EXO. SNTOS MHGNY - [GCSBEXSM538-1724],1
EXOTIC BLK WALN,"ACACIA - EXOTIC 1/2"" 7' NOSING BLK.WALN - [GCEXNO7A16]; ACACIA - EXOTIC 1/2"" 8' NOSING BLK.WALN - [GCEXNO8A16]; ACACIA - EXOTIC 1/2"" 4' NOSING BLK.WALN - [GCEXNO4A16]",3
EXOTIC BR CHERR,LOW SHEEN - EXOTIC 7' BABY T-HOLD BR/CHERR - [GCEXBT7B38]; BRAZILIAN CHERRY - EXOTIC 8' BABY T-HOLD BR/CHERR - [GCEXBT8B38]; HIGH SHEEN - EXOTIC 7' BABY T-HOLD BR/CHERR - [GCEXBT7B38HS],3
EXOTIC BRAZ CHE,"EXOTIC 1/2"" 4'NOSING BRAZ/CHE - [GCEXNO4B38]; EXOTIC 1/2"" 6'NOSING BRAZ/CHE - [GCEXNO6B38]",2
EXOTIC BRZ CHRY,"LOW SHEEN - EXOTIC 1/2"" 7' NOSING BRZ/CHRY - [GCEXNO7B38]; BRAZILIAN CHERRY - EXOTIC 1/2"" 8' NOSING BRZ/CHRY - [GCEXNO8B38]; HIGH SHEEN - EXOTIC 1/2"" 7' NOSING BRZ/CHRY - [GCEXNO7B38HS]",3
EXOTIC CUMARU N,LOW SHEEN - EXOTIC 7' BABY T-HOLD CUMARU N - [GCEXBT7CU38]; CUMARU NATURAL - EXOTIC 8' BABY T-HOLD CUMARU N - [GCEXBT8CU38]; HIGH SHEEN - EXOTIC 7' BABY T-HOLD CUMARU N - [GCEXBT7CU38HS],3
EXOTIC PAT ROSE,"LOW SHEEN - EXOTIC 1/2"" 7'NOSING PAT ROSE - [GCEXNO7PR38]; PATAGONIAN ROSEWOOD - EXOTIC 1/2"" 8' NOSING PAT ROSE - [GCEXNO8PR38]; HIGH SHEEN - EXOTIC 1/2"" 7' NOSING PAT ROSE - [GCEXNO7PR38HS]; HIGH SHEEN - EXOTIC 1/2"" 4' NOSING PAT ROSE - [GCEXNO4PR38HS]; LOW SHEEN - EXOTIC 1/2"" 4' NOSING PAT ROSE - [GCEXNO4PR38]; LOW SHEEN - EXOTIC 1/2"" 6' NOSING PAT ROSE - [GCEXNO6PR38]",6
EXOTIC PATAGONI,LOW SHEEN - EXOTIC 7' BABY T-HOLD PATAGONI - [GCEXBT7PR38]; PATAGONIAN ROSEWOOD - EXOTIC 8' BABY T-HOLD PATAGONI - [GCEXBT8PR38]; HIGH SHEEN - EXOTIC 7' BABY T-HOLD PATAGONI - [GCEXBT7PR38HS],3
EXOTIC SANTOS M,"LOW SHEEN - EXOTIC 7' BABY T-HOLD SANTOS M - [GCEXBT7S38]; SANTOS MAHOGANY - EXOTIC 8' BABY T-HOLD SANTOS M - [GCEXBT8S38]; LOW SHEEN - EXOTIC 1/2"" 7' NOSING SANTOS M - [GCEXNO7S38]; SANTOS MAHOGANY - EXOTIC 1/2"" 8' NOSING SANTOS M - [GCEXNO8S38]; HIGH SHEEN - EXOTIC 1/2"" 7' NOSING SANTOS M - [GCEXNO7S38HS]; HIGH SHEEN - EXOTIC 7' BABY T-HOLD SANTOS M - [GCEXBT7S38HS]; EXOTIC 1/2"" 6' NOSING SANTOS M - [GCEXNO6S38]",7
EXOTIC SAPELE N,LOW SHEEN - EXOTIC 7' BABY T-HOLD SAPELE N - [GCEXBT7SA38]; SAPELE NATURAL - EXOTIC 8' BABY T-HOLD SAPELE N - [GCEXBT8SA38]; HIGH SHEEN - EXOTIC 7' BABY T-HOLD SAPELE N - [GCEXBT7SA38HS],3
EXOTIC TIGERWOO,"TIGERWOOD NATURAL - EXOTIC 8' BABY T-HOLD TIGERWOO - [GCEXBT8T38]; TIGERWOOD - EXOTIC 1/2"" 8' NOSING TIGERWOO - [GCEXNO8T38]",2
EXOTICS S MAHOG,NATURAL - SAMPLE - EXOTICS 3-5/8 S.MAHOG - [GNEX358SBSM38],1
FC CAFFE BALTIC,"FRENCH OAK - SAMPLE - FC 7"" CAFFE BALTIC - [GFFCSBB7O167]",1
FC PARIS BALTIC,"FRENCH OAK - SAMPLE - FC 7"" PARIS BALTIC - [GFFCSBB7O78]",1
FC SYRAH BALTIC,"FRENCH OAK - SAMPLE - FC 7"" SYRAH - BALTIC - [GFFCSBB7O117]",1
FIRST GRADE S E,UNFINISHED - 3/4 X 4 FIRST GRADE MAPLE S.E - [LQ4FMS],1
FLUSH APHRODITE,MYTHOLOGY - FLUSH NOSING - APHRODITE - [GVGAFNO701],1
FLUSH BOARDWALK,BOARDWALK - FLUSH NOSING BOARDWALK - [LALXFNORH08],1
FLUSH CAPRICORN,ZODIAC WSPC - FLUSH NOSING - CAPRICORN - [GVZOFNO7503]; ZODIAC WSPC - SOLID FLUSH NOSING - CAPRICORN - [GVZOFNOS7503],2
FLUSH CLASSIQUE,CLASSIQUE - *FLUSH NOSING CLASSIQUE - [LALXFNORH06],1
FLUSH DRIFTWOOD,NATURESTEP - FLUSH NOSING - DRIFTWOOD - [GVNSFNO801],1
FLUSH GREENWICH,METROPOLITAN - FLUSH NOSING - GREENWICH - [GVMPFNO902],1
FLUSH HIGH TIDE,WATERPROOF LAMINATE - FLUSH NOSING HIGH TIDE - [GCLAWFNOLA002],1
FLUSH HIMALAYAS,APEX SPC - FLUSH NOSING - HIMALAYAS - [GVAPFNO503]; SUMMIT SKY SPC - FLUSH NOSING - HIMALAYAS - [GVSSFNO503],2
FLUSH LEXINGTON,AQUA BLUE BY GARRISON - FLUSH NOSING - LEXINGTON OAK - [GVWPCFNO102]; VINYLNOVA - FLUSH NOSING - LEXINGTON - [GVVNFNO908],2
FLUSH MANHATTAN,METROPOLITAN - FLUSH NOSING - MANHATTAN - [GVMPFNO904],1
FLUSH MOONLIGHT,AQUA BLUE II BY GARRISON - FLUSH NOSING - MOONLIGHT - [GVWPCIIFNO901],1
FLUSH PALISADES,AQUA BLUE BY GARRISON - FLUSH NOSING - PALISADES OAK - [GVWPCFNO105],1
FLUSH RECLAIMED,AQUA BLUE BY GARRISON - FLUSH NOSING - RECLAIMED OAK - [GVWPCFNO107],1
FLUSH SANDSTONE,NATURESTEP - FLUSH NOSING - SANDSTONE - [GVNSFNO806],1
FLUSH SEA SHELL,SEA SHELL - FLUSH NOSING SEA SHELL - [LALXFNORH07],1
FR CON CANEWOOD,WATERFALL - PANEL - FR.CON. CANEWOOD - [GCSBFC7172-2828]; WATERFALL - PANEL - FR.CON. CANEWOOD <N/L> - [GCSBFC7172-2828PL],2
FR CON PROVENCE,WATERFALL - PANEL - FR.CON. PROVENCE - [GCSBFC7102-2828]; WATERFALL - PANEL - FR.CON. PROVENCE <N/L> - [GCSBFC7102-2828PL],2
FRENCH ARMAGNAC,"OAK PLY - FRENCH OAK 5/8 X 7"" ARMAGNAC - [GFFCO7120]",1
FRENCH OLD GREY,"FCII - FRENCH OAK 9/16 X 7"" OLD GREY - [GNFCIIO777]; OAK PLY - FRENCH OAK 5/8 X 7"" OLD GREY - [GFFCO777]",2
FRENCH PROVENCE,"FCII - FRENCH OAK 5/8 X 7"" PROVENCE - [GFFCIIO7102]; FRENCH CONNECTION - FRENCH OAK 5/8 X 7"" PROVENCE - [GFFCO7102]",2
FRENCH TOULOUSE,"FRENCH OAK 9/16 X 7"" TOULOUSE - [GNFCIO7121]; OAK PLY - FRENCH OAK 5/8 X 7"" TOULOUSE - [GFFCO7121]",2
FRESH TRADITION,5/8 X 7-1/2 FRESH TRADITION - [OAFOGO13],1
FRUITWOOD GARRI,1/2 x 5 WALNUT FRUITWOOD GARRI - [GCGAW528],1
G SYRUP CALCORE,"GIII DIST - *G3 MAPLE 5"" SYRUP  CALCORE - [GHIIIM577SB]",1
G WALNUT SAHARA,"GIII DIST - *G3 WALNUT 5"" SAHARA - [GHIIIW5104]; DISTRESSED - *G3 WALNUT NOSING SAHARA - [GCNO7WH04]; WALNUT - *G3 WALNUT REDUCER SAHARA - [GCRE7WH04]",3
GAR CRATER LAKE,GAR.T-MOULDING CRATER LAKE - [GCLATM7505],1
GAR FLUSH SANDS,GAR.FLUSH NOSING WHITE SANDS - [GCLAFNO7512],1
GAR GRAND TETON,GAR.T-MOULDING GRAND TETON - [GCLATM7507],1
GIALLA FLORENCE,WATERFALL - PANEL - VILLA GIALLA FLORENCE - [GCSBVG914-2828],1
GIALLA LA BELLE,WATERFALL - PANEL - VILLA GIALLA LA BELLE - [GCSBVG909-2828],1
GII BRAZ CHERRY,WENGE - SAMPLE - GII BRAZ/CHERRY - [GNII5SBB52]; NATURAL - GII BRAZ/CHERRY 9/16 X 4-3/4 - [GNIIB438]; NATURAL - SAMPLE - GII 4-3/4 BRAZ/CHERRY - [GNII4SBB38],3
GII CHOC CHERRY,CHERRY - GII BABY TRESHOLD CHOC.CHERRY - [GCBT7CF24],1
GII D MAP LATTE,WIRE RACK - PANEL - GII D. MAP.LATTE - [GCSBIIM5171-1724]; WIRE RACK - PANEL - GII D. MAP.LATTE <N/L> - [GCSBIIM5171-1724PL],2
GII D MAP SYRUP,WIRE RACK - PANEL - GII D. MAP.SYRUP - [GCSBIIM577-1724]; WIRE RACK - PANEL - GII D. MAP.SYRUP <N/L> - [GCSBIIM577-1724PL],2
GII D MAP WHEAT,WIRE RACK - PANEL - GII D. MAP.WHEAT - [GCSBIIM554-1724]; WIRE RACK - PANEL - GII D. MAP.WHEAT <N/L> - [GCSBIIM554-1724PL],2
GII DAPPLE GREY,MAPLE - GII REDUCER DAPPLE GREY - [GCRE7MN195]; MAPLE - GII 7' T-MOULD DAPPLE GREY - [GCIITM7M195]; MAPLE - GII 8' T-MOULD DAPPLE GREY - [GCIITM8M195]; MAPLE - GII 7' REDUCER DAPPLE GREY - [GCIIRE7M195]; MAPLE - GII 8' REDUCER DAPPLE GREY - [GCIIRE8M195]; MAPLE DISTRESSED - GII 7' NOSING DAPPLE GREY - [GCIINO7M195]; MAPLE DISTRESSED - GII 8' NOSING DAPPLE GREY - [GCIINO8M195],7
GII RACK HEADER,GII RACK HEADER - [GCHEADERII],1
GII W O TOBACCO,GII BABY T-HOLD W/O - TOBACCO - [GCIIOBTHTO],1
GII WAL ANTIQUE,WIRE RACK - PANEL - GII SMOOTH WAL.ANTIQUE - [GCSBSSW523-1724],1
GII WILD CHERRY,SAMPLE - GII WILD CHERRY - [GNII5SBC33]; CHERRY - GII 7' T-MOULD WILD CHERRY - [GCIITM7C33]; CHERRY - GII 8' T-MOULD WILD CHERRY - [GCIITM8C33]; CHERRY - GII 7' REDUCER WILD CHERRY - [GCIIRE7C33]; CHERRY - GII 8' REDUCER WILD CHERRY - [GCIIRE8C33]; DISTRESSED - GII 7' NOSING WILD CHERRY - [GCIINO7C33]; DISTRESSED - GII 8' NOSING WILD CHERRY - [GCIINO8C33],7
GIII WALNUT UNF,GIII NOSING WALNUT UNF. DIST. - [GCNO7WH00],1
GLUE DOWN VINYL,WATERFALL ORIGINAL - SAMPLE SET - GLUE DOWN VINYL - [GCSASET26]; HANDSET - GLUE DOWN VINYL - [GCKEYSET44]; SPECIAL ORDER GLUE DOWN VINYL - [GVGD000],3
GNDVPHO GNDVPHO,DAVINCI - USE GNDVPHO513-L/GNDVPHO513-R - [GNDVPHO513],1
GREEK ISLES IOS,GREEK ISLES 8' NOSING IOS - [GCGINO8O003]; GREEK ISLES 8' T-MOULD IOS - [GCGITM8O003]; GREEK ISLES 8' BABY-T IOS - [GCGIBT8O003]; GREEK ISLES 8' REDUCER IOS - [GCGIRE8O003]; GREEK ISLES BASESHOE IOS - [GCGIBSO003],5
H PECAN NATURAL,"DISTRESSED - 1/2"" NOSING H.PECAN NATURAL - [GCNO7HH38]",1
HANDSET BIG SKY,HANDSET - BIG SKY - [GCKEYSET29],1
HANDSET CANTINA,HANDSET - CANTINA - [GCKEYSET47],1
HANDSET DAVINCI,HANDSET - DAVINCI - [GCKEYSET02],1
HANDSET DU BOIS,HANDSET - DU BOIS - [GCKEYSET41],1
HANDSET EXOTICS,"HANDSET - 5"" EXOTICS - [GCKEYSET46]",1
HANDSET ILLUMIN,HANDSET - ILLUMIN8 - [GCKEYSET101],1
HANDSET MONTAGE,HANDSET - MONTAGE - [GCKEYSET12],1
HANDSET NEWPORT,HANDSET - NEWPORT - [GCKEYSET43],1
HERMOSA CORNERS,MDF CORNER - NONSTOCK - 9/16 X 7-1/4 HERMOSA CORNERS - [MOCOMD340MUL]; MDF CORNER - NONSTOCK - 9/16 X 3-3/4 HERMOSA CORNERS - [MOCOMD324MULW],2
HERR BONE NESSO,DAVINCI - 5X24 HERR.BONE NESSO UV OIL(L) - [GNDVPHO513O-L]; DAVINCI - 5X24 HERR.BONE NESSO UV OIL(R) - [GNDVPHO513O-R],2
HILLS CARMELITA,BEV.HILLS NOSING CARMELITA - [GCBHNO8O10]; BEV.HILLS REDUCER CARMELITA - [GCBHRE8O10]; BEV.HILLS T-MOULD CARMELITA - [GCBHTM8O10],3
HILLS HILLCREST,BEV.HILLS NOSING HILLCREST - [GCBHNO8O03]; BEV.HILLS REDUCER HILLCREST - [GCBHRE8O03]; BEV.HILLS T-MOULD HILLCREST - [GCBHTM8O03],3
HORIZ WALL BASE,CARBONIZED - HAWA BAMBOO HORIZ. WALL BASE - [HABBBHC]; NATURAL - HAWA BAMBOO HORIZ. WALL BASE - [HABBBHN]; CARBONIZED - BAMBOO HORIZ. WALL BASE - [BABBBHC]; NATURAL - BAMBOO HORIZ. WALL BASE - [BABBBHN],4
I WALNUT ACACIA,GOLDEN - 3/4 X 4-7/8 I. WALNUT ACACIA - [PFAWA1812303],1
ILLUMIN GLIMMER,ILLUMIN8 REDUCER GLIMMER - [GLILRE806],1
INDIAN ROSEWOOD,NATURAL - 5/8 X 3 5/8 INDIAN ROSEWOOD - [FFF358SIR],1
ISLE PREF RISER,GREEK ISLE PREF.RISER - [GCRICGI],1
ISLES SANTORINI,GREEK ISLES BASESHOE SANTORINI - [GCGIBSO006]; WATERFALL - PANEL - GREEK ISLES SANTORINI - [GCSBGI9504-2828],2
JOLLA MEDALLION,OSHKOSH LA JOLLA MEDALLION - [OK4307],1
KEMPAS MAHOGANY,3/5 X 4-7/8 KEMPAS MAHOGANY - [GQMOKM47838],1
LA JOLLA CORNER,UNFINISHED - OSHKOSH LA JOLLA CORNER - [OK4107CNU],1
LAMINATE ACACIA,LAMINATE 12.MM ACACIA - [LASRCAC143],1
LAMINATE AUTUMN,3 STRIP - LAMINATE 8MM AUTUMN MAPLE - [LAL8MEAM]; LAMINATE BABY-T MAPLE AUTUMN - [LABTL8MEAM]; LAMINATE NOSING AUTUMN MAPLE - [LANOL8MEAM],3
LAMINATE AUTUNM,LAMINATE REDUCER AUTUNM MAPLE - [LAREL8MEAM],1
LAMINATE BASTIA,12.3MM - GARRISON LAMINATE BASTIA - [GCLA009],1
LAMINATE BEAUTE,*LAMINATE NOSING BEAUTE - [LALXNORH05]; *LAMINATE REDUCER BEAUTE - [LALXRERH05]; *LAMINATE T-MOULD BEAUTE - [LALXTMRH05],3
LAMINATE BEJORK,CNTRY OAK - LAMINATE DIST. 12.3MM BEJORK - [LAHXM61],1
LAMINATE CHERRY,LAMINATE 8MM RED CHERRY - [LACW87637]; LAMINATE NOSING RED CHERRY - [LALXNOHG02]; LAMINATE REDUCER RED CHERRY - [LALXREHG02]; LAMINATE T-MOULD RED CHERRY - [LALXTMHG02],4
LAMINATE COFFEE,LAMINATE BABY-T COFFEE MAPLE - [LABTVG1020]; LAMINATE REDUCER COFFEE MAPLE - [LAREVG1020],2
LAMINATE ESPRES,LAMINATE NOSING HICKORY ESPRES - [LANOL12NDHE],1
LAMINATE GOLDEN,GOLDEN OAK - LAMINATE REDUCER GOLDEN OAK - [LAREHXM67]; LAMINATE 12MM GOLDEN OAK - [LAED811]; LAMINATE DIST HICKORY GOLDEN - [LACWD7933]; GOLDEN OAK - LAMINATE NOSING GOLDEN OAK - [LANOED811]; GOLDEN OAK - LAMINATE BABY-T GOLDEN OAK - [LABTED811]; GOLDEN OAK - LAMINATE REDUCER GOLDEN OAK - [LAREED811],6
LAMINATE RUSTIC,LAMINATE DIST RUSTIC OAK - [LACWD7832]; LAMINATE NOSING RUSTIC OAK - [LANOCWD7832]; LAMINATE BABY-T RUSTIC OAK - [LABTCWD7832]; LAMINATE REDUCER RUSTIC OAK - [LARECWD7832],4
LAMINATE TOULON,12.3MM - GARRISON LAMINATE TOULON - [GCLA007]; SAMPLE - GC LAMINATE TOULON - [GCLASB007],2
LAMINATE VESOUL,12.3MM - GARRISON LAMINATE VESOUL - [GCLA003],1
LAMINATE WALNUT,MOUNT LAMINATE WALNUT - [MTGVL706]; WALNUT - LAMINATE 6 1/2 SMOOTH WALNUT - [AWLS612W]; RED WALNUT - LAMINATE RED WALNUT - [LACW7104]; RED WALNUT - LAMINATE REDUCER RED WALNUT - [LARECW7104]; LAMINATE BABY-T RED WALNUT - [LABTCW7104]; RED WALNUT - LAMINATE NOSING RED WALNUT - [LANOCW7104],6
LEGENDS BRESCIA,LEGENDS NOSING 8' BRESCIA - [GCLENO8O9501]; LEGENDS BABY T-HOLD 8' BRESCIA - [GCLEBT8O9501]; LEGENDS REDUCER 8' BRESCIA - [GCLERE8O9501]; LEGENDS T-MOULDING 8' BRESCIA - [GCLETM8O9501],4
LEGENDS BRIGITT,LEGENDS BABY T-HOLD 8' BRIGITT - [GCLEBT8O7502],1
LEGENDS CHANTAL,LEGENDS NOSING 8' CHANTAL - [GCLENO8O7504]; LEGENDS BABY T-HOLD 8' CHANTAL - [GCLEBT8O7504]; LEGENDS REDUCER 8' CHANTAL - [GCLERE8O7504]; LEGENDS T-MOULDING 8' CHANTAL - [GCLETM8O7504],4
LEGENDS GLENWOO,LEGENDS BABY T-HOLD 8' GLENWOO - [GCLEBT8O1001],1
LEGENDS LA BELL,LEGENDS BABY T-HOLD 8' LA BELL - [GCLEBT8O9502],1
LEGENDS PROVENC,LEGENDS BABY T-HOLD 8' PROVENC - [GCLEBT8O7507],1
LEGENDS ROMANTI,LEGENDS BABY T-HOLD 8' ROMANTI - [GCLEBT8O9504],1
LOOSE LAY VINYL,WATERFALL ORIGINAL - SAMPLE SET - LOOSE LAY VINYL - [GCSASET27]; HANDSET - LOOSE LAY VINYL - [GCKEYSET45],2
LUNA SELECT 7.5,"ALLORA - EURO OAK 7.5"" LUNA SELECT - [GFALO7504S]",1
LUNA SELECT 9.5,"ALLORA - EURO OAK 9.5"" LUNA SELECT - [GFALO9504S]",1
LUXURY LAMINATE,HANDSET - LUXURY LAMINATE - [GCKEYSET32]; SAMPLE SET - LUXURY LAMINATE - [GCSAMPLES22]; WATERFALL ORIGINAL - SAMPLE SET - LUXURY LAMINATE - [GCSASET06],3
LUXURY RUSTIQUE,SAMPLE - LUXURY RUSTIQUE - [LALXSBRH08],1
M W AMER CHERRY,NATURAL - M.W 9/16 X 4 3/4 AMER.CHERRY - [MWTLECH89],1
M W AMER WALNUT,NATURAL - M.W 9/16 X 4-3/4 AMER.WALNUT - [MWTLECH83],1
M W BRAZ CHERRY,NATURAL - M.W 9/16 X 4-3/4 BRAZ/CHERRY - [MWTLECH82],1
M W BRAZ WALNUT,NATURAL - M.W 9/16 X 4-3/4 BRAZ/WALNUT - [MWTLTECH81]; NATURAL - M.W T-MOULD BRAZ/WALNUT - [MWTMEM8105]; NATURAL - M.W BABY THRESHOLD BRAZ/WALNUT - [MWTMEM8106]; NATURAL - M.W REDUCER BRAZ/WALNUT - [MWRENBWN],4
MAHOGANY CHERRY,"CRYSTAL VALLEY - *ASIAN MAHOGANY 3-1/2"" CHERRY - [GQCVAM31222]",1
MAHOGANY GOLDEN,"CRYSTAL VALLEY - *ASIAN MAHOGANY 3-1/2"" GOLDEN - [GQCVAM31230]",1
MANDALAY WALNUT,11/16 X 3-1/2 MANDALAY WALNUT - [YHSFA0022L],1
MANHATTAN BEACH,"NEWPORT - EURO OAK 7.5"" MANHATTAN BEACH - [GHNPO211]; NEWPORT BY GARRISON - EURO OAK 7.5"" MANHATTAN BEACH - [GHNPO211]",2
MEGACLIC MILTON,MEGACLIC SQ. NOSING MILTON - [LAMCFSNOAS3213],1
MEGACLIC NEWTON,MEGACLIC SQUARE NOSING NEWTON - [LAMCFSNOAS3208],1
MEGACLIC OXFORD,MEGACLIC SQUARE NOSING OXFORD - [LAMCFSNODN8701]; MEGACLIC REDUCER OXFORD - [LAMCREDN8701],2
MEGACLIC PRINCE,MEGACLIC REDUCER PRINCE - [LAMCREDN8710]; MEGACLIC SQ. NOSING PRINCE - [LAMCFSNODN8710],2
MIDNIGHT GARRIO,1/2 x 3 WALNUT MIDNIGHT GARRIO - [GCGAW334],1
MIDNIGHT GARRIS,1/2 x 5 WALNUT MIDNIGHT GARRIS - [GCGAW534]; 1/2 x 7 WALNUT MIDNIGHT GARRIS - [GCGAW734],2
MILL RUN CHERRY,UNFIN/DIST - 1/2 x 3 MILL RUN CHERRY - [GCUDC300]; UNFIN/DIST - 1/2 x 5 MILL RUN CHERRY - [GCUDC500]; UNFIN/DIST - 1/2 x 7 MILL RUN CHERRY - [GCUDC700],3
MILL RUN TEMBEC,3/4 X 5 MILL RUN MAPLE (TEMBEC - [PFTM345MM],1
MILL RUN WALNUT,NATURAL - 1/2 x 5 MILL RUN WALNUT - [GCGAW538]; UNFIN/DIST - 1/2 x 3 MILL RUN WALNUT - [GCUDW300]; UNFIN/DIST - 1/2 x 5 MILL RUN WALNUT - [GCUDW500]; UNFIN/DIST - 1/2 X 7 MILL RUN WALNUT - [GCUDW700]; FRUITWOOD - 1/2 X 7 MILL RUN WALNUT - [GCGAW728],5
MISSION HERMOSA,MDF - 9/16 X 3-3/4 MISSION/HERMOSA - [MOBBMD324MUL],1
MOLD CAFE CREME,LAMINATE T-MOLD CAFE CREME - [LATMCWL90186],1
MOLD COPEN HILL,MEGACLIC T-MOLD COPEN HILL - [LAMCTMAS3212],1
MOLD OCEAN MIST,OCEAN MIST - LAMINATE T-MOLD OCEAN MIST - [LALXTMSS05],1
MOLD ROMANTIQUE,OAK - VG 7' T-MOLD ROMANTIQUE - [GCVGTM7O10]; OAK - VG 8' T-MOLD ROMANTIQUE - [GCVGTM8O10],2
MOLD SPRINGTIME,MEGACLIC T-MOLD SPRINGTIME - [LAMCTMAS3201],1
MOULING NATURAL,T-MOULING MAPLE NATURAL X 7' - [UWTM58MN],1
NARRA PREFINISH,NATURAL - 3/4 X 4 1/4 NARRA PREFINISH - [MIF312NA],1
NATURAL CALCORE,"CRYSTAL VALLEY - W/O ENG 3-1/4"" NATURAL CALCORE - [GHCVO31438SB]; GII SMOOTH - HICKORY 5"" SM. NATURAL CALCORE - [GNSSH538SB]; GII SMOOTH - WALNUT 5"" SM. NATURAL CALCORE - [GNSSW538SB]; CRYSTAL VALLEY - R/O ENG 3-1/4"" NATURAL CALCORE - [GHCVR31438SB]; CRYSTAL VALLEY - R/O ENG 5"" NATURAL CALCORE - [GHCVR538SB]; CRYSTAL VALLEY - MAPLE ENG 5"" NATURAL CALCORE - [GNCVM538SB]",6
NATURAL GARRISO,1/2 x 3 WALNUT NATURAL GARRISO - [GCGAW338]; 1/2 x 7 WALNUT NATURAL GARRISO - [GCGAW738],2
NATURAL MB 3.25,SHEOGA - 3/4 X 3.25 EN.W/O NATURAL MB - [PFSHEO338],1
NATURESTEP SAGE,WATERFALL - PANEL - NATURESTEP SAGE - [GCSBNS804-2323]; TREAD - NATURESTEP SAGE - [GVNSTR804],2
NATURESTEP WAVE,TREAD - NATURESTEP WAVE - [GVNSTR809],1
ND HICK PEC S E,CON.CHOICE - 5/8 X 3-1/4 2ND HICK/PEC S.E - [GFCC3142HS],1
NEWPORT CORNERS,MDF CORNER - NONSTOCK - 9/16 X 3-7/8 NEWPORT CORNERS - [MOCOMD329MULW]; POPLAR CORNER - NONSTOCK - 9/16 X 5 NEWPORT CORNERS - [MOCOPO330P],2
NEWPORT DEL MAR,OAK - NEWPORT 7' BABY T-HOLD DEL MAR - [GCNPBT7O201]; OAK - NEWPORT 8' BABY T-HOLD DEL MAR - [GCNPBT8O201]; OAK - NEWPORT 7' T-MOULD DEL MAR - [GCNPTM7O201]; OAK - NEWPORT 8' T-MOULD DEL MAR - [GCNPTM8O201]; OAK - NEWPORT 7' REDUCER DEL MAR - [GCNPRE7O201]; OAK - NEWPORT 8' REDUCER DEL MAR - [GCNPRE8O201]; OAK - NEWPORT 7' NOSING DEL MAR - [GCNPNO7O201]; OAK - NEWPORT 8' NOSING DEL MAR - [GCNPNO8O201]; NEWPORT BASESHOE DEL MAR - [GCNPBSOH201]; WATERFALL - PANEL - NEWPORT DEL MAR - [GCSBN201-2228]; WATERFALL - PANEL - NEWPORT DEL MAR - [GCSBNP201-2228],11
NEWPORT LA JOLL,OAK - NEWPORT 7' BABY T-HOLD LA JOLL - [GCNPBT7O202]; OAK - NEWPORT 8' BABY T-HOLD LA JOLL - [GCNPBT8O202],2
NEWPORT LAGUNAB,OAK - NEWPORT 8' BABY T-HOLD LAGUNAB - [GCNPBT8O210],1
NEWPORT MONTERE,OAK - NEWPORT 7' BABY T-HOLD MONTERE - [GCNPBT7O204]; OAK - NEWPORT 8' BABY T-HOLD MONTERE - [GCNPBT8O204],2
NEWPORT MOONLIG,OAK - NEWPORT 7' BABY T-HOLD MOONLIG - [GCNPBT7O205]; OAK - NEWPORT 8' BABY T-HOLD MOONLIG - [GCNPBT8O205],2
NEWPORT SHELL B,OAK - NEWPORT 7' BABY T-HOLD SHELL B - [GCNPBT7O207]; OAK - NEWPORT 8' BABY T-HOLD SHELL B - [GCNPBT8O207],2
NEWPORT ZUMA BE,OAK - NEWPORT 7' BABY T-HOLD ZUMA BE - [GCNPBT7O208]; OAK - NEWPORT 8' BABY T-HOLD ZUMA BE - [GCNPBT8O208],2
NOUVELLE ANTIQU,ANTIQUITY - NOUVELLE 7' BABY T-HOLD ANTIQU - [GCNVBT7O01]; ANTIQUITY - NOUVELLE 8' BABY T-HOLD ANTIQU - [GCNVBT8O01],2
NOUVELLE BARNWO,BARWOOD - NOUVELLE 7' BABY T-HOLD BARNWO - [GCNVBT7O03]; BARWOOD - NOUVELLE 8' BABY T-HOLD BARNWO - [GCNVBT8O03],2
NOUVELLE GOLDRU,GOLD RUSH - NOUVELLE 7' BABY T-HOLD GOLDRU - [GCNVBT7W10]; GOLD RUSH - NOUVELLE 8' BABY T-HOLD GOLDRU - [GCNVBT8W10],2
NOUVELLE MOONST,MOONSTONE - NOUVELLE 7' BABY T-HOLD MOONST - [GCNVBT7O04]; MOONSTONE - NOUVELLE 8' BABY T-HOLD MOONST - [GCNVBT8O04],2
NOUVELLE ROSEWO,ROSEWOOD - NOUVELLE 7' BABY T-HOLD ROSEWO - [GCNVBT7O05]; ROSEWOOD - NOUVELLE 8' BABY T-HOLD ROSEWO - [GCNVBT8O05],2
NOUVELLE RUSTIC,NOUVELLE T-MOULD RUSTIC - [GCNVTMWF11]; RUSTIC - NOUVELLE 7' BABY T-HOLD RUSTIC - [GCNVBT7W11]; RUSTIC - NOUVELLE 8' BABY T-HOLD RUSTIC - [GCNVBT8W11]; RUSTIC - NOUVELLE 7' T-MOULD RUSTIC - [GCNVTM7W11]; RUSTIC - NOUVELLE 8' T-MOULD RUSTIC - [GCNVTM8W11]; RUSTIC - NOUVELLE 7' REDUCER RUSTIC - [GCNVRE7W11]; RUSTIC - NOUVELLE 8' REDUCER RUSTIC - [GCNVRE8W11]; RUSTIC - NOUVELLE 7' NOSING RUSTIC - [GCNVNO7W11]; RUSTIC - NOUVELLE 8' NOSING RUSTIC - [GCNVNO8W11],9
NOUVELLE TRUSSE,TRUSSEL - NOUVELLE 7' BABY T-HOLD TRUSSE - [GCNVBT7O06]; TRUSSEL - NOUVELLE 8' BABY T-HOLD TRUSSE - [GCNVBT8O06],2
NOUVELLE VESTIG,VESTIGE - NOUVELLE 7' BABY T-HOLD VESTIG - [GCNVBT7O07]; VESTIGE - NOUVELLE 8' BABY T-HOLD VESTIG - [GCNVBT8O07],2
NOUVELLE VINTAG,VINTAGE - NOUVELLE 7' BABY T-HOLD VINTAG - [GCNVBT7O08]; VINTAGE - NOUVELLE 8' BABY T-HOLD VINTAG - [GCNVBT8O08],2
NOUVELLE WEATHE,WEATHERED - NOUVELLE 7' BABY T-HOLD WEATHE - [GCNVBT7W12]; WEATHERED - NOUVELLE 8' BABY T-HOLD WEATHE - [GCNVBT8W12],2
NOUVELLE WINTER,WINTERSET - NOUVELLE 7' BABY T-HOLD WINTER - [GCNVBT7O09]; WINTERSET - NOUVELLE 8' BABY T-HOLD WINTER - [GCNVBT8O09],2
NP PEBBLE BEACH,NP 8' SQ.NOSING PEBBLE BEACH - [GCNPSNO8O206],1
NUTELLA CALCORE,"BELLISSIMO - EURO OAK 7.5"" NUTELLA CALCORE - [GHBEO75301SB]",1
O BLDR GUNSTOCK,"CRYSTAL V - W/O BLDR SOLID 3 1/4"" GUNSTOCK - [GQCVOB31447]",1
O COLONIAL BASE,RED OAK - 9/16 X 4-1/4 R/O COLONIAL BASE - [MOBBRO118],1
O FRESH MB 5.25,SHEOGA - 3/4 X 5.25 EN.W/O FRESH CUT MB - [PFSHEO538],1
O NATURAL PREMI,9/16 X 3-1/4 W/O NATURAL PREMI - [UW916314PON],1
O PR WHEAT 3.25,"CRYSTAL VALLEY - W/O PR.WHEAT ENG 3-1/4"" 2MM - [GHCVO31468]",1
O PRAIRIE WHEAT,"1/2"" NOSING W/O PRAIRIE WHEAT - [UWNO12OP]; 1/2"" REDUCER W/O PRAIRIE WHEAT - [UWRE12OP]; T-MOULD W/O PRAIRIE WHEAT 78"" - [UWTM58OP]; CRYSTAL VALLEY - W/O ENG 5"" PRAIRIE WHEAT (9/16 - [GNCVO568]",4
OASIS AM CHERRY,NATURAL - OASIS 9/16 X 3-9/16 AM.CHERRY - [OA9163ACE],1
OASIS AM WALNUT,CHESTNUT - OASIS 9/16 X 5 AM.WALNUT DIST - [OAN5AWDC]; NATURAL - OASIS 9/16 X 5 AM.WALNUT DIST - [OAN5AWDA],2
OASIS ASIAN DIS,WHEAT - OASIS 9/16 X 5 ASIAN MAPLE DIS - [OAN5AMDW]; ANTIQUE - OASIS 9/16 X 5 ASIAN MAPLE DIS - [OAN5AMDA]; NATURAL - OASIS 9/16 X 5 ASIAN MAPLE DIS - [OAN5AMDN]; SUNGLOW - OASIS 9/16 X 5 ASIAN MAPLE DIS - [OAN5AMDSG]; ANTIQUE - OASIS 1/2 X 6 ASIAN MAPLE DIS. - [OAH6MADA],5
OASIS O COUNTRY,GOLDEN - OASIS 1/2 X 3-9/16 R/O COUNTRY - [OAH3RO],1
OG BASE B CHERY,"5/8 x 2 1/2,OG BASE, B. CHERY - [MOOG582B]",1
OLD GREY BALTIC,"FRENCH OAK - SAMPLE - FC 7"" OLD GREY BALTIC - [GFFCSBB7O77]",1
OMP APPALACHIAN,SIGNATURE - HANDSET - OMP APPALACHIAN - [GCKEYSET74],1
OR CORNERS FLEX,FLEX CORNER - 1/2 OR 9/16 CORNERS FLEX - [MOCOPR300BARCFS],1
ORDER CUMARU LL,SPECIAL ORDER CUMARU LL - [LQSOCU],1
ORDER CUMARU RL,SPECIAL ORDER CUMARU RL - [RHSOCU],1
ORDER PAINT GRD,PAINT GRD. - SPEC.ORDER MOULDING PAINT GRD. - [MOSOPGLF],1
ORDER PREFINISH,SPECIAL ORDER SOLID PREFINISH - [PFQSO]; BIRCH - SPECIAL ORDER SOLID PREFINISH - [PFQSOBI]; WALNUT - SPECIAL ORDER SOLID PREFINISH - [PFQSW],3
ORDER WALNUT EA,SPEC.ORDER MOULDING WALNUT EA - [MOSOWEA],1
ORDER WALNUT LF,SPEC.ORDER MOULDING WALNUT LF - [MOSOWLF],1
ORDER WALNUT LL,"3/4"" SPECIAL ORDER WALNUT LL - [LQSOW]; 1/2"" SPECIAL ORDER WALNUT LL - [LHSOW]",2
ORDER WALNUT RL,SPECIAL ORDER WALNUT RL - [RQSOW],1
OZARK AUTUMN EL,"3/4 x 2 1/4"" OZARK AUTUMN - EL - [CE214OA]; 3/4 x 3 1/4"" OZARK AUTUMN - EL - [CE314OA]",2
PAINT GRADE BAS,FLEXTRIM 2 1/2 PAINT GRADE BAS - [MOSL125P]; FLEXTRIM 3 1/2 PAINT GRADE BAS - [MOSL126P],2
PALISADE CASING,MDF - NONSTOCK - 11/16 X 3-1/4 PALISADE CASING - [MOCAMD133MUL],1
PARADISE VALLEY,WHITE CHERRY - PARADISE VALLEY REDUCER WHITE - [LAPVREC02]; OAK - PARADISE VALLEY REDUCER OAK - [LAPVREO701]; OAK - PANEL-PARADISE VALLEY OAK - [GCSBPVO701-2224],3
PARQUET CASCADE,GARRISON PARQUET CASCADE - [GCPACASCADE],1
PASTAIO CALCORE,"BELLISSIMO - MAPLE 7.5"" PASTAIO CALCORE - [GHBEM75201SB]",1
PATAGONIAN ROSE,BURGUNDY - 9/16 X 3-5/8 PATAGONIAN ROSE - [JFELP9211],1
PLUS FRENCH QTR,WHITE OAK - PLUS BABY T-HOLD FRENCH QTR - [GCBT7OF46]; WHITE OAK - PLUS T-MOULD FRENCH QTR - [GCTM7OF46],2
PLUS PREF RISER,GARRISON PLUS PREF.RISER - [GCRIPL],1
PLUS WALNUT NAT,PLUS BABY T-HOLD WALNUT NAT. - [GCBT7WF38PL],1
PLUS WALNUT UNF,PLUS NOSING WALNUT UNF.DIST 8' - [GCNO8WN00PL],1
PR WHEAT CALCOR,"CRYSTAL VALLEY - W/O ENG 3-1/4"" PR.WHEAT CALCOR - [GHCVO31468SB]",1
PRAIRIE WHEAT 5,"CRYSTAL VALLEY USA - WHITE OAK PRAIRIE WHEAT 5"" 3MM - [GHCVO568USA]",1
PRAIRIE WHEAT E,"3/4 x 2 1/4"" PRAIRIE WHEAT - E - [CE214PW]; 3/4 x 3 1/4"" PRAIRIE WHEAT - E - [CE314PW]",2
PREM CHERRY S E,CON.CHOICE - *5/8 X 3 1/4 PREM.A/CHERRY S.E - [GFCOC314PS],1
PREM WALNUT S E,CON.CHOICE - 5/8 X 3-1/4 PREM. WALNUT S.E - [GFCC314PWS]; CON.CHOICE - 5/8 X 4 PREM. WALNUT S.E - [GFCC4PWS]; CON.CHOICE - 5/8 X 5 PREM. WALNUT S.E - [GFCC5PWS]; CON.CHOICE - *5/8 X 2 1/4 PREM. WALNUT S.E - [GFCOW214PS]; CON.CHOICE - *5/8 X 3 1/4 PREM. WALNUT S.E - [GFCOW314PS],5
PREMIUM W O S E,CONTRACTOR'S CHOICE - 5/8 X 2-1/4 PREMIUM W/O S.E - [GFCOO214PS]; CONTRACTOR'S CHOICE - 5/8 X 3 1/4 PREMIUM W/O S.E - [GFCOO314PS]; CONTRACTOR'S CHOICE - 5/8 X 5 PREMIUM W/O S.E - [GFCOO5PS]; CONTRACTOR'S CHOICE - 5/8 X 7 PREMIUM W/O S.E - [GFCOO7PS]; CON.CHOICE - 5/8 X 7 PREMIUM W/O S.E - [GFCOO7PS]; CON.CHOICE - *5/8 X 6 PREMIUM W/O S.E - [GFCOO6PS]; CON.CHOICE - 5/8 X 5 PREMIUM W/O S.E - [GFCOO5PS]; CON.CHOICE - *5/8 X 4 PREMIUM W/O S.E - [GFCOO4PS]; CON.CHOICE - 5/8 X 3 1/4 PREMIUM W/O S.E - [GFCOO314PS]; CON.CHOICE - 5/8 X 2-1/4 PREMIUM W/O S.E - [GFCOO214PS],10
PRIVATE SEL OMP,SAMPLE SET - PRIVATE SEL. *OMP - [GCSETPS-2528],1
PROVENCE BALTIC,"FRENCH OAK - SAMPLE - FC 7"" PROVENCE BALTIC - [GFFCSBB7O102]",1
QTR DARK RUSSET,*LAMINATE QTR DARK RUSSET - [LALXQRME02],1
QTR RICH WALNUT,LAMINATE QTR RICH WALNUT - [LALXQRCS05],1
QTR ROUND ALLOY,ELEMENTS - QTR.ROUND - ALLOY - [GVSPCQR905],1
QTR ROUND ASTRO,VINYLNOVA - QTR. ROUND - ASTRO - [GVVNQR901],1
QTR ROUND BRASS,ELEMENTS - QTR.ROUND - BRASS - [GVSPCQR701],1
QTR ROUND BRYCE,AQUA BLUE II BY GARRISON - QTR. ROUND - BRYCE OAK - [GVWPCIIQR109],1
QTR ROUND COMET,VINYLNOVA - QTR. ROUND - COMET - [GVVNQR902],1
QTR ROUND HORIZ,NATURAL - HAWA BAMBOO QTR ROUND HORIZ. - [HAQRBHN],1
QTR ROUND LUNAR,VINYLNOVA - QTR. ROUND - LUNAR - [GVVNQR909],1
QTR ROUND SANDS,GARRISON QTR.ROUND WHITE SANDS - [GCLAQR7512],1
QTR ROUND STEEL,ELEMENTS - QTR.ROUND - STEEL - [GVSPCQR705],1
QTR ROUND UMBER,NATURESTEP - QTR.ROUND - UMBER - [GVNSQR808],1
QTR ROUND UNION,METROPOLITAN - QTR.ROUND - UNION SQUARE - [GVMPQR906],1
QTR ROUND VISTA,AQUA BLUE II BY GARRISON - QTR. ROUND - VISTA OAK - [GVWPCIIQR102],1
QTR SAND NUTMEG,LAMINATE QTR SAND NUTMEG - [LALXQRSS01],1
RANDOM MARCELLO,MAPLE - SAMPLE-DAVINCI RANDOM MARCELLO - [GNDV235SBM64],1
REDCUER OLYMPIC,GARRISON REDCUER OLYMPIC - [GCLARE7509],1
REDCUER REDWOOD,GARRISON REDCUER REDWOOD - [GCLARE7510],1
REDCUER SEQUOIA,GARRISON REDCUER SEQUOIA - [GCLARE7511],1
REVERSIBLE BASE,MDF - NONSTOCK - 3/8 X 2-1/4 REVERSIBLE BASE - [MOBBMDR304MUL2],1
RIFT QRT W O SE,UNFINISH - 5/8 X 2-1/4 RIFT & QRT W/O SE - [AMF214QOS],1
RISER AM CHERRY,3/4 x 7-1/4 RISER - AM.CHERRY - [MORIC],1
RIVER ARLINGTON,"BIRCH - SAMPLE- RED RIVER 5"" ARLINGTON - [GNRR5BISB82]; DISTRESSED - RED RIVER NOSING ARLINGTON - [GCNO7BIN82]; RED RIVER T-MOULD ARLINGTON - [GCTM7BIF82]; BIRCH - R.RIVER BABY T-HOLD ARLINGTON - [GCBT7BIF82]; BIRCH - RED RIVER REDUCER ARLINGTON - [GCRE7BIN82]",5
RIVER ROCK WASH,"AQUABLUE 7 BY GARRISON - 8MM 7"" X 72"" - RIVER ROCK WASH - [GVWPC108]; AQUA BLUE BY GARRISON - FLUSH NOSING - RIVER ROCK WASH - [GVWPCFNO108]; AQUA BLUE BY GARRISON - T-MOULDING - RIVER ROCK WASH - [GVWPCTM108]; AQUA BLUE BY GARRISON - REDUCER - RIVER ROCK WASH - [GVWPCRE108]; AQUA BLUE BY GARRISON - END CAP - RIVER ROCK WASH - [GVWPCEC108]; AQUA BLUE BY GARRISON - QTR. ROUND - RIVER ROCK WASH - [GVWPCQR108]; AQUA BLUE BY GARRISON - TREAD - RIVER ROCK WASH - [GVWPCTR108]",7
RODEO DRIVE 9.5,"BEVERLY HILLS - EURO OAK 9.5"" RODEO DRIVE - [GFBHO9505]",1
ROUND APHRODITE,MYTHOLOGY - QUARTER ROUND - APHRODITE - [GVGAQR701],1
ROUND BEECH NAT,LAMINATE QTR ROUND BEECH NAT. - [LAQRCW87634],1
ROUND CAPRICORN,ZODIAC WSPC - QUARTER ROUND - CAPRICORN - [GVZOQR7503],1
ROUND DRIFTWOOD,NATURESTEP - QTR.ROUND - DRIFTWOOD - [GVNSQR801],1
ROUND GREENWICH,METROPOLITAN - QTR.ROUND - GREENWICH - [GVMPQR902],1
ROUND HIMALAYAS,APEX SPC - QTR.ROUND - HIMALAYAS - [GVAPQR503]; SUMMIT SKY SPC - QTR.ROUND - HIMALAYAS - [GVSSQR503],2
ROUND HONEYCOMB,MEGACLIC QTR ROUND HONEYCOMB - [LAMCQRAS3111],1
ROUND LEXINGTON,AQUA BLUE BY GARRISON - QTR. ROUND - LEXINGTON OAK - [GVWPCQR102]; VINYLNOVA - QTR. ROUND - LEXINGTON - [GVVNQR908],2
ROUND MANHATTAN,METROPOLITAN - QTR.ROUND - MANHATTAN - [GVMPQR904],1
ROUND MOONLIGHT,AQUA BLUE II BY GARRISON - QTR. ROUND - MOONLIGHT - [GVWPCIIQR901],1
ROUND OLIVE BRN,LAMINATE QTR ROUND OLIVE BRN - [LAQRL12NDOB],1
ROUND PALISADES,AQUA BLUE BY GARRISON - QTR. ROUND - PALISADES OAK - [GVWPCQR105],1
ROUND RECLAIMED,AQUA BLUE BY GARRISON - QTR. ROUND - RECLAIMED OAK - [GVWPCQR107],1
ROUND SANDOLLAR,AVIGNON/TOULON - LAMINATE QTR ROUND SANDOLLAR - [LAQRETC36QR],1
ROUND SANDSTONE,NATURESTEP - QTR.ROUND - SANDSTONE - [GVNSQR806],1
RUSTIC OLIVE HD,LAMINAT NOSING RUSTIC OLIVE HD - [LANOEDHD33],1
S B BRAZ CHERRY,NATURAL - 3/4 X 5 S/B BRAZ/CHERRY - [UW345SBN],1
S B W O NATURAL,3/4 X 2-1/4 S/B W/O NATURAL - [UW34214SON]; 3/4 X 3-1/4 S/B W/O NATURAL - [UW34314SON]; 3/4 X 3-5/8 S/B W/O NATURAL - [UW34358SON],3
S LINE BASE W O,"5/8 x 3 1/2,S-LINE BASE,W/O - [MOSL583O]",1
S LINE PALOMINO,BIRCH - S.LINE BABY TRESHOLD PALOMINO - [GCBT7BIF129],1
SACRAMENTO PINE,NYTAE SACRAMENTO PINE - [NT501SC],1
SAMOAN MAHOGANY,ESPRESSO - 3/4 X 4 3/4 SAMOAN MAHOGANY - [JFSSAME120V]; MOCHA - 3/4 X 4 3/4 SAMOAN MAHOGANY - [JFSSAMM120V]; TOFFE - 3/4 X 3 5/8 SAMOAN MAHOGANY - [JFSSAMT090V]; TOFFEE - 3/4 X 4-3/4 SAMOAN MAHOGANY - [JFSSAMT120V]; ESPRESSO - 3/4 X 3 5/8 SAMOAN MAHOGANY - [JFSSAME090V],5
SAN MAHOGANY MB,UNFIN - 3/4 X 5 CHAR. SAN.MAHOGANY MB - [RQ5CHSM],1
SAN MAHOGANY SE,3/4 X 5 CLEAR SAN.MAHOGANY SE - [RQ5CSS],1
SANTOS MAHOGANY,"EXOTICS - 1/2 X 5 SANTOS MAHOGANY - [GHEXSM538]; 11-3/4 TREAD - SANTOS MAHOGANY - [MOTRS]; NATURAL - OASIS 9/16 X 5 SANTOS MAHOGANY - [OA9165S E]; 1/2"" NOSING SANTOS MAHOGANY 78 - [UWNO12SN]; NATURAL - 3/4X3 SANTOS MAHOGANY - [NOQ3CSM]; NATURAL - 3/4X5 SANTOS MAHOGANY - [NOQ5CSM]; NATURAL - OASIS 1/2 X 5 SANTOS MAHOGANY - [OAH5SM]; S.MOUNTAIN - 9/16 X 3 5/8 SANTOS MAHOGANY - [SM916SM]; NATURAL - MAX W. T-MOLD SANTOS MAHOGANY - [MWTM88]; NATURAL - MW B-THRESHOLD SANTOS MAHOGANY - [MWBT88]; NATURAL - MW NOSING SANTOS MAHOGANY - [MWNO88]; NATURAL - BABY T-HOLD SANTOS MAHOGANY - [YHBT0020]; NATURAL - MW SQ. NOSING SANTOS MAHOGANY - [MWNO88S]; NATURAL - 5/8X 4 7/8X3' SANTOS MAHOGANY - [FFF478SSM]; MAX WINDSO - MW QTR ROUND SANTOS MAHOGANY - [MWQR88]; NATURAL - 9/16 X 7-1/2 SANTOS MAHOGANY - [FFN712SMS]; NATURAL - OASIS END CAP SANTOS MAHOGANY - [OAECSM]; NATURAL - 9/16 X 5 SANTOS MAHOGANY - [CWPO701F]; NATURAL - SAMPLE - GII SANTOS MAHOGANY - [GNII5SBS38]; SPECIAL ORDER SANTOS MAHOGANY - [LQSOSM]; CON.CHOICE - *5/8 X3-1/4 S.SANTOS MAHOGANY - [GFCOS314SS]; CON.CHOICE - *5/8 X 5"" SEL SANTOS MAHOGANY - [GFCOS5SS]; NATURAL - 1/2 X 5 SANTOS MAHOGANY - [SWH5SN]; NATURAL - 1/2 X 5"" SANTOS MAHOGANY - [FFH5SSM]; NATURAL - 9/16 X 4 7/8  SANTOS MAHOGANY - [FFN478SSM]; NATURAL - 9/16 X 5 SANTOS MAHOGANY - [JFAMZE12501]; HI GLOSS - LAMINATE 12MM SANTOS MAHOGANY - [LAL12PSSSM]; 9/16 X 3-3/4 SANTOS MAHOGANY - [JFELP9583]; NATURAL - 3/4 X 3-5/8 SANTOS MAHOGANY - [JFSWP9291]; SMOOTH - 1/2 X 5 SANTOS MAHOGANY - [GHEXSM538]; CUSTOM - 5/8"" T-MOULD SANTOS MAHOGANY - [GCTMSF99]; SMOOTH - 1/2 X 7.5"" SANTOS MAHOGANY - [GHEXSM7538]; 3/4 x 3-1/4""SANTOS MAHOGANY - [RQ314SMS]",33
SANTOS MAHOHANY,LAMINATE 12MM SANTOS MAHOHANY - [LAED808],1
SB CLOVER FROST,SAMPLE BOARD - SB - CLOVER WHITE OAK FROST - [GWC-SBCLO102],1
SB MOSAIC FROST,SAMPLE BOARD - SB - MOSAIC WHITE OAK FROST - [GWC-SBMOO102],1
SB OYSTER FROST,SAMPLE BOARD - SB - OYSTER WHITE OAK FROST - [GWC-SBOYO102],1
SB PALM VINTAGE,SAMPLE BOARD - SB - PALM WHITE OAK VINTAGE - [GWC-SBPAO104],1
SB RIDGE CARBON,SAMPLE BOARD - SB - RIDGE WHITE OAK CARBON - [GWC-SBRIO101],1
SB RIDGE SUNSET,SAMPLE BOARD - SB - RIDGE WHITE OAK SUNSET - [GWC-SBRIO103],1
SB TIDE VINTAGE,SAMPLE BOARD - SB - TIDE WHITE OAK VINTAGE - [GWC-SBTIO104],1
SB TUXEDO FROST,SAMPLE BOARD - SB - TUXEDO WHITE OAK FROST - [GWC-SBTUO102],1
SEL BTR NATURAL,9/16 X 5 SEL/BTR MAPLE NATURAL - [UW9165SMN],1
SEL BTR W O S E,5/8 X 5 SEL/BTR W/O S.E. - [AM585SOSU],1
SEL MANGO SALSA,MANGO SALS - 1/2 X 5 MAPLE SEL. MANGO SALSA - [SWH5MMS],1
SELECT B CHERRY,NATURAL - 3/4X3 1/4 SELECT B. CHERRY - [NOQ314SBM],1
SELECT O BLD FT,"RANDOM - 1/2 x 1 1/2"" SELECT R/O BLD FT - [RH112SRSSP]",1
SELECT O NESTED,"LEBANON - 1/2 x 1 1/2 SELECT R/O NESTED - [RH112SRSNB]; 3/4 x 1 1/2"" SELECT R/O NESTED - [RQ112SRSNB]; *LEBANON DROPPED ITEM* - *3/8 x 2 SELECT R/O NESTED - [RT2SRSNB]; 3/8 X 1-1/2"" SELECT R/O NESTED - [RT112SRSNB]; DAYSPRING 24SF - 1/2 x 1 1/2"" SELECT R/O NESTED - [RH112SRSNB-24]; 15-SF - 1/2 x 1-1/2"" SELECT R/O NESTED - [RH112SRSNB-15]; NESTED -20SF X BUNDLE - 1/2 x 2"" SELECT R/O NESTED - [RH2SRSNB-20]",7
SELECT UNFINISH,"ALLORA BY GARRISON - EURO OAK 9.5"" SELECT UNFINISH - [GFALO9500S]",1
SET AQUABLUE II,"WATERFALL ORIGINAL - SAMPLE SET - AQUABLUE II 9"" - [GCSETAB9-2323]",1
SET AZUL WATERS,SAMPLE SET - AZUL WATERS - [GCSASET44],1
SET C V AMERICA,WIRE RACK - SAMPLE SET - C.V AMERICA - [GCSETCVA-1724],1
SET CANTINA OMP,"30"" X 28"" - SAMPLE SET - CANTINA *OMP* - [GCSETCA-3028]",1
SET COMP BUSTER,WATERFALL ORIGINAL - SAMPLE SET - COMP. BUSTER - [GCSASET08]; WIRE RACK - SAMPLE SET - COMP. BUSTER - [GCSETCB-1724],2
SET DA VINCI II,WATERFALL ORIGINAL - SAMPLE SET - DA VINCI II - [GCSASET46],1
SET DOLCE CAPRI,WATERFALL ORIGINAL - SAMPLE SET - DOLCE CAPRI - [GCSASET31],1
SET DU BOIS OMP,"30"" X 28"" - SAMPLE SET - DU BOIS *OMP* - [GCSETDB-3028]",1
SET EXOTICS OMP,"25"" X 28"" - SAMPLE SET - EXOTICS *OMP* - [GCSETEX-2528]",1
SET GREEK ISLES,WATERFALL ORIGINAL - SAMPLE SET - GREEK ISLES <OB> - [GCSASET50]; WATERFALL - SAMPLE SET - GREEK ISLES - [GCSETGI-2828]; WATERFALL - SAMPLE SET - GREEK ISLES <N/L> - [GCSETGI-2828PL],3
SET NEWPORT OMP,"30"" X 28"" - SAMPLE SET - NEWPORT *OMP* - [GCSETNP-3028]",1
SET ZODIAC WSPC,WATERFALL ORIGINAL - SAMPLE SET - ZODIAC WSPC - [GCSASET49],1
SHELL BEACH 7.5,"NEWPORT - EUR.OAK 7.5"" SHELL BEACH (1/2"" - [GHNPO207]",1
SHOE HICK PECAN,1/2X3/4 BASE SHOE - HICK/PECAN - [MOBS12H],1
SHOE PAINT GRAD,PAINT GRADE - 1/2 X 3/4 FLEX SHOE PAINT GRAD - [MOSL120P],1
SIDE STILLWATER,C.SIDE 8' T-MOULD STILLWATER - [GCCSTM8O04]; C.SIDE 8' BABY-T STILLWATER - [GCCSBT8O04]; C.SIDE 8' REDUCER STILLWATER - [GCCSRE8O04],3
SIDE SUMMER TAN,C.SIDE 8' BABY-T SUMMER TAN - [GCCSBT8O05]; C.SIDE 8' REDUCER SUMMER TAN - [GCCSRE8O05]; C.SIDE 8' T-MOULD SUMMER TAN - [GCCSTM8O05],3
SIDE WALNUT NAT,C.SIDE 8' T-MOULD WALNUT NAT - [GCCSTM8W01]; C.SIDE 8' REDUCER WALNUT NAT - [GCCSRE8W01]; NATURAL - C.SIDE 8' BABY-T WALNUT NAT - [GCCSBT8W01],3
SILVERLINE ROAN,"BIRCH - SAMPLE - SILVERLINE 6"" ROAN - [GHSL6BISB125]",1
SILVERLINE ROSE,"BIRCH - SAMPLE - SILVERLINE 6"" ROSE - [GHSL6BISB126]",1
SNTOS MHGNY OMP,"25"" X 28"" - PANEL - EXO. SNTOS MHGNY *OMP* - [GCSBEXSM538-2528]",1
SPEC ORDER O LF,RED OAK - SPEC.ORDER MOULDING R/O LF - [MOSORLF],1
ST HICK PEC S E,CON.CHOICE - 5/8 X 3-1/4 1ST HICK/PEC S.E - [GFCC3141HS],1
STRAND BISCAYNE,BURGUNDY - ECO STRAND BISCAYNE - [AWDESBI42],1
STRAND CARBONIZ,BAMBOO STRAND T-MOULD CARBONIZ - [BATMBSC],1
STREAMLINE BASE,MDF - NONSTOCK - 3/8 X 2-1/4 STREAMLINE BASE - [MOBBMD304BB]; MDF - NONSTOCK - 3/8 X 2-1/4 STREAMLINE BASE - [MOBBMD304MUL]; MDF - NONSTOCK - 3/8 X 2-1/4 STREAMLINE BASE - [MOSLMD304MUL],3
STREAMLINE FLEX,FLEX - NONSTOCK - 3/8 X 2-1/4 STREAMLINE FLEX - [MOBBFL304BBF],1
SUMMIT SKY ALPS,WATERFALL ORIGINAL - PANNEL- SUMMIT SKY PLANK ALPS - [GCSBSS501-2228]; WATERFALL ORIGINAL - PANEL- SUMMIT SKY HB ALPS - [GCSBSSPH501-2228]; WATERFALL ORIGINAL - PANEL- SUMMIT SKY HB ALPS - [GCSBSSPH501-2424]; WATERFALL ORIGINAL - PANNEL- SUMMIT SKY PLANK ALPS - [GCSBSS501-2424],4
SUMMIT SKY HERR,WATERFALL ORIGINAL - SAMPLE SET - SUMMIT SKY HERR. - [GCSASET55]; WATERFALL ORIGINAL - SAMPLE SET - SUMMIT SKY HERR. - [GCSASET57],2
TI BUTTERSCOTCH,"CHERRY - SAMPLE - TI 5"" BUTTERSCOTCH - [GCTI5CSB03]",1
TI II CAMBRIDGE,"WALNUT - SAMPLE - TI II 5"" CAMBRIDGE - [GHTI25WSB133]",1
TI II NEWCASTLE,"WALNUT - SAMPLE - TI II 3,5,7 NEWCASTLE - [GHTI2357WSB134]; WALNUT - *TI.II T-MOULD NEWCASTLE - [GCTM7WF134]",2
TI II SHEFFIELD,"HICKORY - SAMPLE - TI II 3,5,7 SHEFFIELD - [GHTI2357HSB136]; HICKORY - SAMPLE - TI II 5"" SHEFFIELD - [GHTI25HSB136]",2
TIGERWOOD NAT 5,EXOTICS - 1/2 X 5 2MM TIGERWOOD NAT. - [GHEXTI538],1
TOULOUSE BALTIC,"FRENCH OAK - SAMPLE - FC 7"" TOULOUSE BALTIC - [GFFCSBB7O121]",1
TREAD BOARDWALK,BOARDWALK - LAMINATE TREAD BOARDWALK - [LALXTRRH08],1
TREAD CLASSIQUE,*LAMINATE TREAD CLASSIQUE - [LALXTRRH06],1
TREAD GREENWICH,METROPOLITAN - TREAD - GREENWICH - [GVMPTR902],1
TREAD HICK PECA,"11-3/4"" LAM. TREAD - HICK/PECA - [MOTRH]",1
TREAD HIGH TIDE,WATERPROOF LAMINATE - TREAD HIGH TIDE - [GCLATR002],1
TREAD HIMALAYAS,SUMMIT SKY - TREAD - HIMALAYAS - [GVSSTR503],1
TREAD LEXINGTON,AQUA BLUE BY GARRISON - TREAD - LEXINGTON OAK - [GVWPCTR102]; VINYLNOVA - TREAD - LEXINGTON - [GVVNTR908],2
TREAD MANHATTAN,METROPOLITAN - TREAD - MANHATTAN - [GVMPTR904],1
TREAD MOONLIGHT,AQUA BLUE II BY GARRISON - TREAD - MOONLIGHT - [GVWPCIITR901],1
TREAD PALISADES,AQUA BLUE BY GARRISON - TREAD - PALISADES OAK - [GVWPCTR105],1
TREAD RECLAIMED,AQUA BLUE BY GARRISON - TREAD - RECLAIMED OAK - [GVWPCTR107],1
TREAD SEA SHELL,SEA SHELL - LAMINATE TREAD SEA SHELL - [LALXTRRH07],1
TRIM SET SUNSET,TRIM SET - WHITE OAK SUNSET - [GWC-TS103],1
TROPICAL WALNUT,HI DEF - LAMINATE 12MM TROPICAL WALNUT - [LAL12HDTW],1
UL NEWPORT BASE,RED OAK - 9/16X3 7/8 UL NEWPORT BASE - [MOBBRO400]; WHITE OAK - 9/16 X 3-7/8 UL NEWPORT BASE - [MOBBWO400],2
UNF WB CD GRADE,"EUROPEAN OAK-SQUARE EDGE - 5/8 X 9.5"" UNF.WB CD GRADE - [EOEWO95WB]",1
USE ITEM GNEXBC,USE ITEM # GNEXBC35838 - [UWH358SBN],1
V GROOVE COFFEE,C MAPLE - LAMINATE V GROOVE COFFEE MAPLE - [LAVG1020],1
V GROOVE JATOBA,JATOBA - LAMINATE V GROOVE JATOBA - [LAET1090],1
V YARD BORDEAUX,V.YARD 8' BABY T-HOLD BORDEAUX - [GCVYBT8O901],1
V YARD PROSECCO,V.YARD 8' BABY T-HOLD PROSECCO - [GCVYBT8O904],1
VAL CHOC CHERRY,CRY.VAL T-MOULD CHOC.CHERRY - [GCTM7OF55],1
VALLEY FLUSH NO,WHITE CHERRY - PARADISE VALLEY FLUSH NO.WHITE - [LAPVFNOC02]; OAK - PARADISE VALLEY FLUSH NO. OAK - [LAPVFNOO701],2
VALLEY TREAD CH,WHITE CHERRY - PARADISE VALLEY TREAD WHITE CH - [LAPVTRC02],1
VERONA BISCOTTI,T-MOULD VERONA BISCOTTI - [AWDMLT625],1
VERT CARBONIZED,BAMBOO T-MOULD VERT/CARBONIZED - [BATMBVC],1
VILLAGE THE SEA,5/8 X 7-1/2 VILLAGE BY THE SEA - [OAFOGO10],1
VINEYARD ADD ON,WATERFALL - SAMPLE SET - VINEYARD ADD-ON - [GCSETVY-2228-A],1
VINEYARD PETRUS,VINEYARD 8' NOSING PETRUS - [GCVYNO8O905]; VINEYARD 8' T-MOULD PETRUS - [GCVYTM8O905]; VINEYARD 8' REDUCER PETRUS - [GCVYRE8O905],3
VINTAGE CYPRESS,LAMINATE VINTAGE CYPRESS - [LACW7609]; LAMINATE QTR VINTAGE CYPRESS - [LAQRCW7609],2
VINYL ARKANSANA,LOOSE LAY VINYL ARKANSANA - [GVLL201],1
VINYL INTRICATA,LOOSE LAY VINYL INTRICATA - [GVLL204],1
W O BLACK STONE,"CRYSTAL VALLEY - W/O SOLID DIST. 5"" BLACK STONE - [GQCVDO574]; CRYSTAL V - *W/O SOLID 5"" BLACK STONE - [GQCVO574]; 3/4"" REDUCER W/O BLACK STONE - [GCREOQ74]",3
W O DESERT ROSE,"CRYSTAL VALLEY - W/O SOLID 3-1/4"" DESERT ROSE - [GQCVO31435]",1
W O GOL CALCORE,"CRYSTAL VALLEY - W/O ENG 3-1/4"" GOL.OAK CALCORE - [GHCVO31445SB]",1
W O NATURAL ELI,"3/4 x 2 1/4"" W/O NATURAL - ELI - [CE214ODN]; 3/4 x 3 1/4"" W/O NATURAL - ELI - [CE314ODN]",2
W O NATURAL M P,"CRYSTAL VALLEY - W/O ENG 5"" NATURAL 2.2M 2P - [GHCVO5382P]",1
W O NATURAL W O,"T-MOULD W/O NATURAL W/O 78"" - [UWTM58ON]",1
W SANTOS MAHOGA,NATURAL - M.W 9/16 X 4-3/4 SANTOS MAHOGA - [MWN4SM]; NATURAL - M.W 9/16 REDUCER SANTOS MAHOGA - [MWRENSMN]; NATURAL - M.W 9/16 X 5 SANTOS MAHOGA - [MWN5SM],3
WALNUT CORDOVAN,"TIME INSPR - WALNUT 5"" CORDOVAN           * - [GCTIW509]; DISTRESSED - 1/2"" NOSING WALNUT CORDOVAN - [GCNO7WH09]",2
WALNUT GOLDRUSH,"NOUVELLE - *WALNUT 5/8 X 7.5"" GOLDRUSH - [GFNVW7510]",1
WALNUT NAPA PLY,"DELUXE - *WALNUT 6"" NAPA 2 PLY - [GFDXW6612P]",1
WALNUT O G BASE,5/8 X 3 1/2 WALNUT O.G. BASE - [MOOG583W]; 5/8 X 2-1/2 WALNUT O.G. BASE - [MOOG582W],2
WALNUT SEABROOK,DISTRESSED - 9/16 X 5 C. WALNUT SEABROOK - [ENNW5163],1
WEBBAC PARALLEL,UNFIN. - TARKETT WEBBAC PARALLEL - [HT0AT0661],1
WILD CHERRY PLY,"GII DIST - P. CHERRY 5"" WILD CHERRY 2PLY - [GNIIC5332P]",1
WINDSWEPT SANDS,"AQUABLUE II BY GARRISON - 12MM 9"" X 60"" WINDSWEPT SANDS - [GVWPCII904]; AQUA BLUE II BY GARRISON - T-MOULDING - WINDSWEPT SANDS - [GVWPCIITM904]; AQUA BLUE II BY GARRISON - FLUSH NOSING - WINDSWEPT SANDS - [GVWPCIIFNO904]; AQUA BLUE II BY GARRISON - REDUCER - WINDSWEPT SANDS - [GVWPCIIRE904]; AQUA BLUE II BY GARRISON - END CAP - WINDSWEPT SANDS - [GVWPCIIEC904]; AQUA BLUE II BY GARRISON - QTR. ROUND - WINDSWEPT SANDS - [GVWPCIIQR904]; AQUA BLUE II BY GARRISON - TREAD - WINDSWEPT SANDS - [GVWPCIITR904]",7
WITHERSPOON MAP,NATURAL - COLUMBIA 1/2X3 WITHERSPOON MAP - [COWIM310F],1
10.25 GLENWOOD,"LEGENDS - EURO OAK 10.25"" GLENWOOD - [GFLEO1001]",1
5 BLACK WALNUT,EXOTICS - 1/2 X 5 ACACIA BLACK WALNUT - [GHEXA516],1
5 W O PR WHEAT,"CRYSTAL VALLEY - W/O PR.WHEAT ENG 5"" 2MM - [GHCVO568]",1
7.5 ZUMA BEACH,"NEWPORT - EURO OAK 7.5"" ZUMA BEACH (1/2"" - [GHNPO208]",1
9.5 BURTON WAY,"BEVERLY HILLS - EURO OAK 9.5"" BURTON WAY - [GFBHO9501]",1
9.5 LOMA LINDA,"BEVERLY HILLS - EURO OAK 9.5"" LOMA LINDA - [GFBHO9511]",1
9.5 ROMANTIQUE,"LEGENDS - EURO OAK 9.5"" ROMANTIQUE - [GFLEO9504]",1
ACA BRONZE OMP,"25"" X 28"" - PANEL - EXO. ACA. BRONZE *OMP* - [GCSBEXA5146-2528]",1
ACACIA CORDOVA,"3/4X3-1/2,4-3/4 ACACIA CORDOVA - [PQSCOR01]",1
ACACIA NATURAL,"EXOTICS - 1/2 X 5 ACACIA NATURAL - [GHEXA538]; DISTRESSED - 1/2X4-3/4 DIST ACACIA NATURAL - [EHDAC43438]; DISTRESS - 1/2 X 5 ACACIA NATURAL - [GHEXA538]; EXOTIC REDUCER ACACIA NATURAL - [GCEXREAH38]; EXOTIC BASESHOE ACACIA NATURAL - [GCEXBSAH38]; DISTRESS - 1/2 X 7.5"" ACACIA NATURAL - [GHEXA7538]",6
AFRICAN WALNUT,NATURAL - ELEGANCE 9/16X5 AFRICAN WALNUT - [YHSEW0098],1
ALPINE ROXBURY,B.HILLS ADD-ON ALPINE/ROXBURY - [GCSETBH-2828ADD],1
AMER CHERRY LL,SPECIAL ORDER AMER.CHERRY LL - [LQSOC],1
AMER CHERRY RL,UNFINISHED - 3/4 X 5 SELECT AMER. CHERRY RL - [RQ5SCS],1
ANCIENT CHERRY,LAMINATE T-MOLD ANCIENT CHERRY - [LATMED948]; LAMINATE ANCIENT CHERRY DIST - [LAED948],2
ANTIQUE WALNUT,T-MOLD ANTIQUE WALNUT - [LAHXM45TM],1
ARETHA Q ROUND,NYTAE CHERRY ARETHA Q-ROUND - [NT3030CQR],1
ARIZONA BORDER,UNFINISHED - OSHKOSH ARIZONA BORDER - [OK149U]; PREFINISH - OSHKOSH ARIZONA BORDER - [OK149PF],2
ARIZONA CORNER,UNFINISHED - OSHKOSH ARIZONA CORNER - [OK149CNU],1
AUTUMN CALCORE,"GII DIST - WHITE OAK 5"" AUTUMN CALCORE - [GNIIO513SB]",1
B H BURTON WAY,B.H BABY T-HOLD BURTON WAY - [GCBHBT8O01],1
B H LOMA LINDA,B.H BABY T-HOLD LOMA LINDA - [GCBHBT8O11],1
BAMB CLCK VERT,NATURAL - BAMB 9/16X7-1/2 ENG. CLCK VERT - [BA77ECVN]; CARBONIZED - BAMB 9/16X7-1/2 ENG. CLCK VERT - [BA77ECVC],2
BAMBOO HOR NAT,"BAMBOO REDUCER HOR/NAT 72"" - [UWRE58BHN]",1
BAMBOO HORIZON,"NATURAL - BAMBOO 5/8 X 5 X 72"" HORIZON - [BA725HN]",1
BAMBOO NAT HOR,"BAMBOO NOSING NAT/HOR - [UWNO58BHN]; BAMBOO T-MOULD NAT/HOR 72"" - [UWTM58BHN]; BAMBOO NOSING NAT/HOR. - [BANO58BHN]",3
BAMBOO NATURAL,LIGHT - GARRSION STRAND BAMBOO NATURAL - [GFBA36SN]; DARK - GARRSION STRAND BAMBOO NATURAL - [GFBA36SND],2
BAMBOO VERICAL,CARBONIZED - GARRISON BAMBOO VERICAL 6' - [GFBA72VC],1
BASE CORNER WO,OG BASE CORNER WO - [MOOGCNRO],1
BASE HORI CARB,"BAMBOO WALL BASE HORI/CARB 72"" - [UWWBBHC]",1
BASE SANTOS MA,"S.MAHOGANY - 5/8 x 2 1/2,OG BASE, SANTOS MA - [MOOG582S]",1
BASE SHOE ATRI,DA VINCI 8' BASE SHOE ATRI - [GCDV2BSO712],1
BASE SHOE BARI,DA VINCI 8' BASE SHOE BARI - [GCDV2BSO702],1
BASE SHOE FANO,DA VINCI 8' BASE SHOE FANO - [GCDV2BSO710],1
BASE SHOE HRZT,CARBONIZED - BAMBOO BASE SHOE 1/2X3/4 HRZT - [UWBSBHC],1
BASE SHOE PISA,DA VINCI 8' BASE SHOE PISA - [GCDV2BSO707],1
BASE SHOE SORA,DA VINCI 8' BASE SHOE SORA - [GCDV2BSO706],1
BAYPORT CASING,MDF - NONSTOCK - 5/8 X 2-1/2 BAYPORT CASING - [MOCAMD134MUL],1
BED MOLD CROWN,MDF - NONSTOCK - 9/16 X 1-7/8 BED MOLD CROWN - [MOCMMD420MUL],1
BEL AIR CASING,MDF - NONSTOCK - 3/4 X 3-1/4 BEL-AIR CASING - [MOCAMD129MUL],1
BELAGIO BRONZE,T-MOULD BELAGIO BRONZE - [AWDMLT681],1
BELLAGIO MELZI,BELLAGIO 8' BABY-T MELZI - [GCBLBT8O003]; BELLAGIO 8' NOSING MELZI - [GCBLNO8O003]; BELLAGIO 8' T-MOULD MELZI - [GCBLTM8O003]; BELLAGIO 8' REDUCER MELZI - [GCBLRE8O003]; BELLAGIO BASESHOE MELZI - [GCBLBSO003]; WATERFALL - PANEL - BELLAGIO MELZI - [GCSBBL7503-2228]; WATERFALL - PANEL - BELLAGIO MELZI <N/L> - [GCSBBL7503-2228PL],7
BELLAGIO NESSO,"BELLAGIO 8' BABY-T NESSO - [GCBLBT8O007]; BELLAGIO 8' NOSING NESSO - [GCBLNO8O007]; BELLAGIO 8' T-MOULD NESSO - [GCBLTM8O007]; BELLAGIO 8' REDUCER NESSO - [GCBLRE8O007]; 22.5"" X 28"" - PANEL - BELLAGIO NESSO - [GCSBBL7507-2228]",5
BELLAGIO PRIMO,BELLAGIO 8' BABY-T PRIMO - [GCBLBT8O005]; BELLAGIO 8' NOSING PRIMO - [GCBLNO8O005]; BELLAGIO 8' T-MOULD PRIMO - [GCBLTM8O005]; BELLAGIO 8' REDUCER PRIMO - [GCBLRE8O005]; BELLAGIO BASESHOE PRIMO - [GCBLBSO005]; WATERFALL - PANEL - BELLAGIO PRIMO - [GCSBBL7505-2228]; WATERFALL - PANEL - BELLAGIO PRIMO <N/L> - [GCSBBL7505-2228PL],7
BELLAGIO TREAD,BELLAGIO TREAD - [GCTRBL],1
BELLISSIMO ORO,BELLISSIMO 8' NOSING ORO - [GCBENO8W401]; BELLISSIMO 8' T-MOULD ORO - [GCBETM8W401]; BELLISSIMO 8' BABY-T ORO - [GCBEBT8W401]; BELLISSIMO 8' REDUCER ORO - [GCBERE8W401]; BELLISSIMO 7' BABY-T ORO - [GCBEBT7W401]; BELLISSIMO 7' NOSING ORO - [GCBENO7W401]; BELLISSIMO 7' REDUCER ORO - [GCBERE7W401]; BELLISSIMO 7' T-MOULD ORO - [GCBETM7W401],8
BH RODEO DRIVE,WATERFALL - PANEL - BH RODEO DRIVE - [GCSBBH9505-2828],1
BIG SKY CALICO,SAMPLE - BIG SKY CALICO - [EHBS7SBH153]; HICKORY - BIG SKY 7' BABY T-HOLD CALICO - [GCBSBT7H153]; HICKORY - BIG SKY 8' BABY T-HOLD CALICO - [GCBSBT8H153]; HICKORY - BIG SKY 7' T-MOULD CALICO - [GCBSTM7H153]; HICKORY - BIG SKY 8' T-MOULD CALICO - [GCBSTM8H153]; HICKORY - BIG SKY 7' REDUCER CALICO - [GCBSRE7H153]; HICKORY - BIG SKY 8' REDUCER CALICO - [GCBSRE8H153]; HICKORY - BIG SKY 7' NOSING CALICO - [GCBSNO7H153]; HICKORY - BIG SKY 8' NOSING CALICO - [GCBSNO8H153],9
BLACK WALNUT 5,EXOTICS - 1/2 X 5 ACACIA BLACK WALNUT - [GHEXA516],1
BN TREAD MELBA,"SPC - 6.5MM 12"" X 60"" BN TREAD MELBA - [GDSPTR65626-60]; SPC - 6.5MM 12"" X 48"" BN TREAD MELBA - [GDSPTR65626-48]",2
BOIS ANASTASIA,DU BOIS BASESHOE ANASTASIA - [GCDBBSOH195]; OAK - DU BOIS 7' T-MOULD ANASTASIA - [GCDBTM7O195]; OAK - DU BOIS 8' T-MOULD ANASTASIA - [GCDBTM8O195]; OAK - DU BOIS 7' REDUCER ANASTASIA - [GCDBRE7O195]; OAK - DU BOIS 8' REDUCER ANASTASIA - [GCDBRE8O195]; OAK - DU BOIS 7' NOSING ANASTASIA - [GCDBNO7O195]; OAK - DU BOIS 8' NOSING ANASTASIA - [GCDBNO8O195]; WATERFALL - PANEL - DU BOIS ANASTASIA - [GCSBDB7195-2228]; PANEL-DU BOIS ANASTASIA <N/L> - [GCSADBO7195PL]; PANEL-DU BOIS ANASTASIA <N/L> - [GCSBDB7195-2228PL],10
BOIS CHRISHELL,OAK - DU BOIS 7' T-MOULD CHRISHELL - [GCDBTM7O181]; OAK - DU BOIS 8' T-MOULD CHRISHELL - [GCDBTM8O181]; OAK - DU BOIS 7' REDUCER CHRISHELL - [GCDBRE7O181]; OAK - DU BOIS 8' REDUCER CHRISHELL - [GCDBRE8O181]; OAK - DU BOIS 7' NOSING CHRISHELL - [GCDBNO7O181]; OAK - DU BOIS 8' NOSING CHRISHELL - [GCDBNO8O181]; DU BOIS CHRISHELL BASESHOE - [GCBSOH181],7
BOIS ELISABETH,OAK - DU BOIS 7' T-MOULD ELISABETH - [GCDBTM7O192]; OAK - DU BOIS 8' T-MOULD ELISABETH - [GCDBTM8O192]; OAK - DU BOIS 7' REDUCER ELISABETH - [GCDBRE7O192]; OAK - DU BOIS 8' REDUCER ELISABETH - [GCDBRE8O192]; OAK - DU BOIS 7' NOSING ELISABETH - [GCDBNO7O192]; OAK - DU BOIS 8' NOSING ELISABETH - [GCDBNO8O192],6
BOIS GABRIELLE,DU BOIS BASESHOE GABRIELLE - [GCDBBSOH187]; OAK - DU BOIS 7' T-MOULD GABRIELLE - [GCDBTM7O187]; OAK - DU BOIS 8' T-MOULD GABRIELLE - [GCDBTM8O187]; OAK - DU BOIS 7' REDUCER GABRIELLE - [GCDBRE7O187]; OAK - DU BOIS 8' REDUCER GABRIELLE - [GCDBRE8O187]; OAK - DU BOIS 7' NOSING GABRIELLE - [GCDBNO7O187]; OAK - DU BOIS 8' NOSING GABRIELLE - [GCDBNO8O187]; WATERFALL - PANEL - DU BOIS GABRIELLE - [GCSBDB7187-2228]; PANEL-DU BOIS GABRIELLE <N/L> - [GCSBDB7187-2228PL],9
BOIS NEW COLOR,HANDSET - DU BOIS (4)NEW COLOR - [GCKEYSET99],1
BRAZ CHERRY LL,SPECIAL ORDER BRAZ. CHERRY LL - [LQSOB],1
BRAZILIAN GOLD,"HIGH GLOSS - 12.3MM 5"" BRAZILIAN GOLD - [LALXHG04]; SAMPLE - LUXURY BRAZILIAN GOLD - [LALXSBHG04]; *LAMINATE QTR BRAZILIAN GOLD - [LALXQRHG04]; BRAZILIAN GOLD - *FLUSH NOSING BRAZILIAN GOLD - [LALXFNOHG04]",4
BRAZILIAN TEAK,NATURAL - 3/4 X 4 3/4 BRAZILIAN TEAK - [JFAMZS12016]; 3/4 X 3-5/8 BRAZILIAN TEAK - [JFSWP9216]; 3/4 X 3-1/4 BRAZILIAN TEAK - [JFSBT3142],3
BRZ CHERRY OMP,"25"" X 28"" - PANEL - EXO. BRZ. CHERRY *OMP* - [GCSBEXB538-2528]",1
BURTON WAY 9.5,"BEVERLY HILLS - EURO OAK 9.5"" BURTON WAY - [GFBHO9501]",1
BUSTER ANTIQUE,SAMPLE - COMP.BUSTER ANTIQUE - [ETCB5SBH23],1
BUSTER HARVEST,SAMPLE - COMP.BUSTER HARVEST - [ETCB5SBBI17]; COMP.BUSTER BASESHOE HARVEST - [GCBSBIH17],2
BUSTER TRUFFLE,SAMPLE - COMP.BUSTER TRUFFLE - [ETCB5SBBI144]; WATERFALL - PANEL - COMP. BUSTER TRUFFLE - [GCSBCBB5144-1724],2
BUSTER VINTAGE,HICKORY - COMP.BUSTER NOSING VINTAGE - [GCNO7HT141]; HICKORY - COMP. BUSTER T-MOULD VINTAGE - [GCTM7HF141]; SAMPLE - COMP.BUSTER VINTAGE - [ETCB5SBH141]; WATERFALL - PANEL - COMP. BUSTER VINTAGE - [GCSBCBH5141-1724],4
C C WALNUT UNF,C.C NOSING WALNUT UNF. DIST. - [GCNO7WH00CC]; C.C NOSING WALNUT UNF.DIST. 8' - [GCNO8WH00CC],2
C CHOICE O OMP,"WATERFALL - PANEL - C.CHOICE R/O 2.25""*OMP - [GCSBCOR214PS-2428]",1
C SIDE SUNRISE,C.SIDE 8' T-MOULD SUNRISE - [GCCSTM8O06]; C.SIDE 8' T-MOULD SUNRISE - [GCCSTM8O09]; C.SIDE 8' BABY-T SUNRISE - [GCCSBT8O06]; C.SIDE 8' BABY-T SUNRISE - [GCCSBT8O09]; C.SIDE 8' REDUCER SUNRISE - [GCCSRE8O06]; C.SIDE 8' REDUCER SUNRISE - [GCCSRE8O09],6
C WALNUT MB LL,UNFINISHED - 3/4 X 5 #1C WALNUT MB LL - [LQ51WM]; UNFINISHED - 3/4 X 3 #1C WALNUT MB LL - [LQ31WM]; UNFINISHED - 3/4 X 7 #1C WALNUT MB LL - [LQ71WM],3
CANT CABO REEF,WIRE RACK - PANEL - CANT. CABO REEF - [GCSBCAH75101-1724]; WIRE RACK - PANEL - CANT. CABO REEF <N/L> - [GCSBCAHPL751011724],2
CANT SPAN COFF,WIRE RACK - PANEL - CANT. SPAN.COFF. - [GCSBCAH75103-1724]; WIRE RACK - PANEL - CANT. SPAN.COFF. <N/L> - [GCSBCAHPL751031724],2
CANTERBURY WAL,LAMINATE NOSING CANTERBURY WAL - [LALXNORH04]; LAMINATE T-MOLD CANTERBURY WAL - [LALXTMRH04]; LAMINATE E-CAP CANTERBURY WAL. - [LALXECRH04]; LAMINATE REDUCE CANTERBURY WAL - [LALXRERH04],4
CANTINA MADRAS,CANTINA BASESHOE MADRAS - [GCCABSMH204]; MAPLE - CANTINA 7' BABY T-HOLD MADRAS - [GCCABT7M204]; MAPLE - CANTINA 8' BABY T-HOLD MADRAS - [GCCABT8M204]; MAPLE - CANTINA 7' T-MOULD MADRAS - [GCCATM7M204]; MAPLE - CANTINA 8' T-MOULD MADRAS - [GCCATM8M204]; MAPLE - CANTINA 7' REDUCER MADRAS - [GCCARE7M204]; MAPLE - CANTINA 8' REDUCER MADRAS - [GCCARE8M204]; MAPLE - CANTINA 7' NOSING MADRAS - [GCCANO7M204]; MAPLE - CANTINA 8' NOSING MADRAS - [GCCANO8M204],9
CANTINA PALOMA,"CANTINA BASESHOE PALOMA - [GCCABSMH206]; MAPLE - CANTINA 7' BABY T-HOLD PALOMA - [GCCABT7M206]; MAPLE - CANTINA 8' BABY T-HOLD PALOMA - [GCCABT8M206]; MAPLE - CANTINA 7' T-MOULD PALOMA - [GCCATM7M206]; MAPLE - CANTINA 8' T-MOULD PALOMA - [GCCATM8M206]; MAPLE - CANTINA 7' REDUCER PALOMA - [GCCARE7M206]; MAPLE - CANTINA 8' REDUCER PALOMA - [GCCARE8M206]; MAPLE - CANTINA 7' NOSING PALOMA - [GCCANO7M206]; MAPLE - CANTINA 8' NOSING PALOMA - [GCCANO8M206]; 22.5"" X 28"" - PANEL - CANTINA PALOMA - [GCSBCAM75206-2228]",10
CAP BEACH SAND,BEACH SAND - LAMINATE END CAP BEACH SAND - [LALXECHS10],1
CAP COPEN HILL,MEGACLIC END CAP COPEN HILL - [LAMCECAS3212],1
CAP DEEP CORAL,LAMINATE END CAP DEEP CORAL - [LALXECME03],1
CAP EVERGLADES,GARRISON END CAP EVERGLADES - [GCLAEC7506],1
CAP HORIZ CARB,LAMINATE END CAP HORIZ/CARB - [LALXECBA01],1
CAP MYSTIC ASH,AQUA BLUE BY GARRISON - END CAP - MYSTIC ASH - [GVWPCEC104],1
CAP OCEAN MIST,OCEAN MIST - LAMINATE END CAP OCEAN MIST - [LALXECSS05],1
CAP SAN MARINO,AQUA BLUE BY GARRISON - END CAP - SAN MARINO OAK - [GVWPCEC109],1
CAP SANDALWOOD,NATURESTEP - END CAP - SANDALWOOD - [GVNSEC805],1
CAP SILVERLEAF,NATURESTEP - END CAP - SILVERLEAF - [GVNSEC807],1
CAP SUN KISSED,AQUA BLUE II BY GARRISON - END CAP - SUN-KISSED - [GVWPCIIEC903],1
CAPE CODE BASE,MAPLE - NONSTOCK - 7/16X3-7/8 MUL CAPE CODE BASE - [MOBBMA310]; BRAZ/CHERR - NONSTOCK - 7/16X3-7/8 MUL CAPE CODE BASE - [MOBBBC310],2
CAPE CODE FLEX,FLEX - NONSTOCK - 9/16 X 5-1/4 CAPE CODE FLEX - [MOBBFL318MUL5F],1
CARAMEL BALTIC,"FRENCH OAK - SAMPLE-FC 7"" A. CARAMEL BALTIC - [GFFCSBB7O79]",1
CAROLINA C OMP,"25"" X 28"" - SAMPLE SET - CAROLINA C. *OMP* - [GCSETCC-2528]",1
CAROLINA CROWN,MDF - NONSTOCK - 7/8 X 4-5/8 CAROLINA CROWN - [MOCMMD423MUL],1
CATHEDRAL GRAY,RUSTIQUE - LAMINATE T-MOUL.CATHEDRAL GRAY - [LATMETF75TM],1
CHANDON BALTIC,"FRENCH OAK - SAMPLE - FC 7"" CHANDON BALTIC - [GFFCSBB7O122]",1
CHANNEL ISLAND,"SANTA BARBARA - OAK 7.5"" CHANNEL ISLAND - [ENSBHO7501]",1
CHERRY BELAGIO,BRONZE - 1/2 X 6.2 A.CHERRY BELAGIO - [AWDTB681],1
CHERRY BLOSSOM,NYTAE CHERRY BLOSSOM - [NTNCS08]; NYTAE T-MOULD CHERRY BLOSSOM - [NTTMC08],2
CHERRY F STRIP,3/4 X 3/4 BRAZ. CHERRY F-STRIP - [MOFS3434B],1
CHERRY GARRISO,1/2 x 3 RED OAK CHERRY GARRISO - [GCGAR322]; 1/2 x 5 RED OAK CHERRY GARRISO - [GCGAR522],2
CHERRY NATURAL,"GII DIST - *BRAZILIAN CHERRY 5"" NATURAL - [GNIIB538]; TIME INSPR - BRAZ. CHERRY 5"" NATURAL - [GCTIB538]; NATURAL - OASIS T-MOLD CHERRY NATURAL - [OATMFCN]; DISTRESSED - GII NOSING BR/CHERRY NATURAL - [GCNO7BN38]; BRAZILIAN CHERRY - GII T-MOULD BR/CHERRY NATURAL - [GCTM7BF38]; GII SMOOTH - * B. CHERRY 5"" SMOOTH NATURAL - [GNSSB538]; SMOOTH NOSING B.CHERRY NATURAL - [GCNO7BSN38]; CHERRY NAT - LAMINATE CHERRY NATURAL - [LACW24190]; CHERRY NAT - LAMINATE GLOSSY CHERRY NATURAL - [LAEDHD32]; CHERRY NAT - LAMINATE NOSING CHERRY NATURAL - [LANOCW24190]; CHERRY NAT - LAMINATE T-MOLD CHERRY NATURAL - [LATMCW24190]; CHERRY NAT - LAMINATE BABY-T CHERRY NATURAL - [LABTCW24190]; LAMINATE 12MM CHERRY NATURAL - [LAED733]; CHERRY NAT - LAMINATE NOSING CHERRY NATURAL - [LANOED733]; CHERRY NAT - LAMINATE T-MOLD CHERRY NATURAL - [LATMED733]; CHERRY NAT - LAMINATE BABY-T CHERRY NATURAL - [LABTED733]; SMOOTH - 1/2 X 5 2MM B CHERRY NATURAL - [ENHB538]; CHERRY NAT - LAMINATE BABY-T CHERRY NATURAL - [LABTEDHD32]; CHERRY NAT - LAMINATE T-MOLD CHERRY NATURAL - [LATMEDHD32]; SOLID EXOTICS - 3/4 X 5"" BRAZ/CHERRY NATURAL - [PFQCB538]",20
CHERRY NORWICH,TI2 NOSING CHERRY NORWICH - [GCNO7CH138],1
CHERRY ORCHARD,"3/4 x 2 1/4"" CHERRY ORCHARD - - [CE214CO]; 3/4 x 3 1/4"" CHERRY ORCHARD - - [CE314CO]",2
CHOCOLATE CHER,"CHOCOLATE - 5/8"" T-MOULD 8' CHOCOLATE CHER - [GCTMCF24]; CHERRY - GII 7' T-MOULD CHOCOLATE CHER. - [GCIITM7C24]; CHERRY - GII 8' T-MOULD CHOCOLATE CHER. - [GCIITM8C24]; CHERRY - GII 7' REDUCER CHOCOLATE CHER. - [GCIIRE7C24]; CHERRY - GII 8' REDUCER CHOCOLATE CHER. - [GCIIRE8C24]",5
CLASSIC CHERRY,3 STRIP - LAMINATE 8MM CLASSIC CHERRY - [LAL8MECC]; LAMINATE T-MOLD CLASSIC CHERRY - [LATML8MECC]; LAMINATE BABY-T CLASSIC CHERRY - [LABTL8MECC],3
CLASSIC CYPRES,LAMINATE NOSING CLASSIC CYPRES - [LANOL12NDCC]; CL CYPRESS - LAMINATE BABY-T CLASSIC CYPRES - [LABTL12NDCC],2
CLASSIC TREADS,CAROLINA CLASSIC TREADS - [GCTRCC],1
CLOVER VINTAGE,DESIGNER SAMPLE - DS - CLOVER WHITE OAK VINTAGE - [GWC-DSCLO104]; SAMPLE BOARD - SB - CLOVER WHITE OAK VINTAGE - [GWC-SBCLO104],2
CNYN C FARWELL,WATERFALL - PANEL - CNYN.C. FARWELL - [GCSBCY1001-2828]; WATERFALL - PANEL - CNYN.C. FARWELL <N/L> - [GCSBCY1001-2828PL],2
COASTAL BREEZE,"COASTAL BREEZE - LAMINATE ENDCAP COASTAL BREEZE - [LALXECCS07]; COASTAL BREEZE - LAMINATE QTR COASTAL BREEZE - [LALXQRCS07]; COASTAL BREEZE - FLUSH NOSING COASTAL BREEZE - [LALXFNOCS07]; CRYSTAL - 12MM 6.5"" COASTAL BREEZE - [GLAWCS01]; COASTAL BREEZE - LAMINATE TREAD COASTAL BREEZE - [LALXTRCS07]",5
COLONIAL BROWN,"CRYSTAL - 12.3MM 5"" COLONIAL BROWN - [LALXCS02]; LAMINATE NOSING COLONIAL BROWN - [LALXNOCS02]; LAMINATE QTR COLONIAL BROWN - [LALXQRCS02]; COLONIAL BROWN - FLUSH NOSING COLONIAL BROWN - [LALXFNOCS02]",4
COLONIAL CROWN,RED OAK - 9/16 X 5-1/4 COLONIAL CROWN - [MOCMRO320]; WHITE OAK - 9/16 X 5-1/4 COLONIAL CROWN - [MOCMWO320]; POPLAR - 9/16 X 5-1/4 COLONIAL CROWN - [MOCMPO320]; MAPLE - 9/16 X 5-1/4 COLONIAL CROWN - [MOCMMA320]; B. CHERRY - 9/16 X 5-1/4 COLONIAL CROWN - [MOCMBC320]; RED OAK - 9/16 X 7-1/4 COLONIAL CROWN - [MOCMRO100]; WHITE OAK - 9/16 X 7-1/4 COLONIAL CROWN - [MOCMWO100]; POPLAR - 9/16 X 7-1/4 COLONIAL CROWN - [MOCMPO100]; MAPLE - 9/16 X 7-1/4 COLONIAL CROWN - [MOCMMA100]; B. CHERRY - 9/16 X 7-1/4 COLONIAL CROWN - [MOCMBC100]; RED OAK - 11/16 X 6 COLONIAL CROWN - [MOCMRO200]; WHITE OAK - 11/16 X 6 COLONIAL CROWN - [MOCMWO200]; POPLAR - 11/16 X 6 COLONIAL CROWN - [MOCMPO200]; MAPLE - 11/16 X 6 COLONIAL CROWN - [MOCMMA200]; B. CHERRY - 11/16 X 6 COLONIAL CROWN - [MOCMBC200]; MDF - NONSTOCK - 9/16 X 5-1/4 COLONIAL CROWN - [MOCMMD414MUL]; MDF - NONSTOCK - 9/16 X 7-1/4 COLONIAL CROWN - [MOCMMD417MUL]; MDF - NONSTOCK - 9/16 X 6-1/2 COLONIAL CROWN - [MOCMMD416MUL]; POPLAR - 1/2 X 3 1/4 COLONIAL CROWN - [MOCMPO405]; MDF - NONSTOCK - 5/8 X 3-5/8 COLONIAL CROWN - [MOCMMD446MUL]; MDF - NONSTOCK - 9/16 X 3-1/4 COLONIAL CROWN - [MOCMMD405MUL]; MDF - 9/16 X 4-1/4 COLONIAL CROWN - [MOCMMD406MUL]; MDF - NONSTOCK - 11/16 X 8/78 COLONIAL CROWN - [MOCMMD449MUL],23
COLUMB BRAXTON,CIDER - COLUMB.1/2 X 2-1/4 BRAXTON OAK - [COBRO212F],1
CON CAFFE HERR,WATERFALL - PANEL - FR.CON. CAFFE HERR. - [GCSBFCPH5167-2828],1
CONN ANT CARAM,FRENCH CONN. REDUCER ANT.CARAM - [GCREFOF79]; FR.CONN. BABY T-HOLD ANT.CARAM - [GCBTFOF79],2
CORANADO BEACH,LAMINATE - T-MOULDING CORANADO BEACH - [GCLATMETCHCB12],1
CORNERS FOR OR,"PRIME - CORNERS FOR 1/2"" OR 9/16"" - [MOCOPR3002BW]; POPLAR - NONSTOCK - CORNERS FOR 1/2"" OR 9/16"" - [MOCOPR3002PW]; OAK - NONSTOCK - CORNERS FOR 1/2"" OR 9/16"" - [MOCOPR3002B-OW]; PRIME - CORNERS FOR 1/2"" OR 9/16"" 3/8"" - [MOCOPR3002BW38]; WALNUT - CORNERS FOR 1/2"" OR 9/16"" - [MOCOWA]",5
CORONADO BEACH,LAMINATE - END CAP CORONADO BEACH - [GCLAECETCHCB12],1
COUNTRY BAMBOO,HORIZ/CARB - COUNTRY WOOD BAMBOO T-MOULD 6' - [CWTMBHC]; HORIZ/CARB - COUNTRY WOOD BAMBOO REDUCER 6' - [CWREBHC],2
CR VAL NATURAL,MAPLE - SAMPLE-CR VAL. ENG. NATURAL - [GHCVSBM38],1
CRAFTMAN CROWN,MDF - NONSTOCK - 11/16 X 4-1/4 CRAFTMAN CROWN - [MOCMMD460MUL4],1
CRAFTSMAN BASE,MAPLE - NONSTOCK - 5/8 X 4-3/8 IEE CRAFTSMAN BASE - [MOBB348MP]; MDF - 1/2 X 3-1/2 1RE CRAFTSMAN BASE - [MOBBMD387MUL3]; MDF - 1/2 X 4-1/2 1RE CRAFTSMAN BASE - [MOBBMD387MUL4]; MDF - 1/2 X 5-1/2 1RE CRAFTSMAN BASE - [MOBBMD387MUL5]; MDF - NONSTOCK - 1/2 X 7-1/4 1RE CRAFTSMAN BASE - [MOBBMD387MUL7],5
CREST GENESSEE,"28.5"" X 28"" - NO LABEL CANYON CREST GENESSEE - [GCSBCY1004-2828PL]",1
CREST GLENWOOD,CYN.CREST BASESHOE GLENWOOD - [GCCYBSO05]; CYN.CREST 8' NOSING GLENWOOD - [GCCYNO8O05]; CYN.CREST 8' REDUCER GLENWOOD - [GCCYRE8O05]; CYN.CREST 8' T-MOULD GLENWOOD - [GCCYTM8O05],4
CREST KINGSTON,CYN.CREST BASESHOE KINGSTON - [GCCYBSO06]; CYN.CREST 8' NOSING KINGSTON - [GCCYNO8O06]; CYN.CREST 8' REDUCER KINGSTON - [GCCYRE8O06]; CYN.CREST 8' T-MOULD KINGSTON - [GCCYTM8O06],4
CREST SUMIDERO,CYN.CREST BASESHOE SUMIDERO - [GCCYBSO12]; CYN.CREST 8' NOSING SUMIDERO - [GCCYNO8O12]; CYN.CREST 8' REDUCER SUMIDERO - [GCCYRE8O12]; CYN.CREST 8' T-MOULD SUMIDERO - [GCCYTM8O12],4
CRY VAL BRONZE,"ACACIA DISTRESSED - CRY.VAL 3/4"" 7' NOSING BRONZE - [GCCVSNO7A146]; ACACIA DISTRESSED - CRY.VAL 3/4"" 7' REDUCER BRONZE - [GCCVSRE7A146]; ACACIA DISTRESSED - CRY.VAL 7' T-MOULD BRONZE - [GCCVSTM7A146]; ACACIA DISTRESSED - CRY.VAL 8' T-MOULD BRONZE - [GCCVSTM8A146]; ACACIA DISTRESSED - CRY.VAL 3/4"" 8' REDUCER BRONZE - [GCCVSRE8A146]; ACACIA DISTRESSED - CRY.VAL 3/4"" 8' NOSING BRONZE - [GCCVSNO8A146]; ACACIA DISTRESSED - CRY.VAL 3/4"" 4' NOSING BRONZE - [GCCVSNO4A146]; ACACIA DISTRESSED - CRY.VAL 3/4"" 4' REDUCER BRONZE - [GCCVSRE4A146]; ACACIA DISTRESSED - CRY.VAL 4' T-MOULD BRONZE - [GCCVSTM4A146]",9
CRY VAL CHERRY,"ASIAN MAHOGANY - CRY.VAL 7' T-MOULD CHERRY - [GCCVSTM7AM22]; ASIAN MAHOGANY - CRY.VAL 8' T-MOULD CHERRY - [GCCVSTM8AM22]; ASIAN MAHOGANY - CRY.VAL 3/4"" 7' REDUCER CHERRY - [GCCVSRE7AM22]; ASIAN MAHOGANY - CRY.VAL 3/4"" 8' REDUCER CHERRY - [GCCVSRE8AM22]; ASIAN MAHOGANY - CRY.VAL 3/4"" 7' NOSING CHERRY - [GCCVSNO7AM22]; ASIAN MAHOGANY - CRY.VAL 3/4"" 8' NOSING CHERRY - [GCCVSNO8AM22]",6
CRY VAL CHESTN,"ASIAN MAHOGANY - CRY.VAL 3/4"" 7' REDUCER CHESTN - [GCCVSRE7AM06]; ASIAN MAHOGANY - CRY.VAL 3/4"" 8' REDUCER CHESTN - [GCCVSRE8AM06]",2
CRY VAL EVELYN,"MAPLE DISTRESSED - CRY.VAL 7' T-MOULD EVELYN - [GCCVSTM7M02]; MAPLE DISTRESSED - CRY.VAL 8' T-MOULD EVELYN - [GCCVSTM8M02]; MAPLE DISTRESSED - CRY.VAL 3/4"" 7' REDUCER EVELYN - [GCCVSRE7M02]; MAPLE DISTRESSED - CRY.VAL 3/4"" 8' REDUCER EVELYN - [GCCVSRE8M02]; MAPLE DISTRESSED - CRY.VAL 3/4"" 7' NOSING EVELYN - [GCCVSNO7M02]; MAPLE DISTRESSED - CRY.VAL 3/4"" 8' NOSING EVELYN - [GCCVSNO8M02]",6
CRY VAL GOLDEN,"CRY. VAL T-MOULD GOLDEN OAK - [GCTMOF45]; WHITE OAK - CRY.VAL 1/2"" NOSING GOLDEN OAK - [GCNO7OSH45]; WHITE OAK - CRY.VAL T-MOULD GOLDEN OAK - [GCTM7OF45]; WHITE OAK - CRY.VAL 3/4"" NOSING GOLDEN OAK - [GCNO7OSQ45]; ASIAN MAHOGANY - CRY.VAL 7' T-MOULD GOLDEN - [GCCVSTM7AM30]; ASIAN MAHOGANY - CRY.VAL 8' T-MOULD GOLDEN - [GCCVSTM8AM30]; ASIAN MAHOGANY - CRY.VAL 3/4"" 7' REDUCER GOLDEN - [GCCVSRE7AM30]; ASIAN MAHOGANY - CRY.VAL 3/4"" 8' REDUCER GOLDEN - [GCCVSRE8AM30]; ASIAN MAHOGANY - CRY.VAL 3/4"" 7' NOSING GOLDEN - [GCCVSNO7AM30]; ASIAN MAHOGANY - CRY.VAL 3/4"" 8' NOSING GOLDEN - [GCCVSNO8AM30]; CRY.VAL 8' T-MOULD GOLDEN OAK - [GCCVTM8O45]; CRY.VAL 1/2"" 7' GOLDEN OAK - [GCCVRE7OH45]",12
CRY VAL GREY W,WASH WIRE BRUSH - CRY.VAL NOSING GREY WHITE W. - [GCNOOSQ165],1
CRY VAL KENNIA,"MAPLE DISTRESSED - CRY.VAL 7' T-MOULD KENNIA - [GCCVSTM7M04]; MAPLE DISTRESSED - CRY.VAL 8' T-MOULD KENNIA - [GCCVSTM8M04]; MAPLE DISTRESSED - CRY.VAL 3/4"" 7' REDUCER KENNIA - [GCCVSRE7M04]; MAPLE DISTRESSED - CRY.VAL 3/4"" 8' REDUCER KENNIA - [GCCVSRE8M04]; MAPLE DISTRESSED - CRY.VAL 3/4"" 7' NOSING KENNIA - [GCCVSNO7M04]; MAPLE DISTRESSED - CRY.VAL 3/4"" 8' NOSING KENNIA - [GCCVSNO8M04]",6
CRY VAL MA NAT,"MAPLE - CRY.VAL 1/2"" 7' REDUCER MA NAT - [GCCVRE7MH38]",1
CRY VAL MA WHI,"MAPLE - CRY.VAL 1/2"" 8' REDUCER MA WHI - [GCCVRE8MH38W]",1
CRY VAL MAP NA,"NATURAL - CRY.VAL 3/4"" 7' REDUCER MAP NA - [GCCVSRE7M38]; MAPLE - CRY.VAL 3/4"" 8' REDUCER MAP NA - [GCCVSRE8M38]",2
CRY VAL NATURA,"ASIAN MAHOGANY - CRY.VAL 3/4"" 7' REDUCER NATURA - [GCCVSRE7AM38]; ASIAN MAHOGANY - CRY VAL 3/4"" 8' REDUCER NATURA - [GCCVSRE8AM38]; ACACIA DISTRESSED - CRY.VAL 3/4"" 7' REDUCER NATURA - [GCCVSRE7A38]; ACACIA DISTRESSED - CRY.VAL 3/4"" 8' REDUCER NATURA - [GCCVSRE8A38]; ACACIA DISTRESSED - CRY.VAL 3/4"" 4' REDUCER NATURA - [GCCVSRE4A38]",5
CRY VAL P WHEA,"WHITE OAK - CRY.VAL 1/2"" 7' REDUCER P.WHEA - [GCRE7OH68]; CRY.VAL 1/2"" 8' REDUCER P.WHEA - [GCCVRE8OH68]; CRY.VAL 1/2"" 7' REDUCER P.WHEA - [GCCVRE7OH68]; CRY.VAL 9/16"" 8'REDUCER P.WHEA - [GCCVRE8ON68]",4
CRY VAL TOFFEE,"WHITE OAK - CRY.VAL 1/2"" NOSING TOFFEE - [GCNO7OSH178]; WHITE OAK - CRY.VAL 3/4"" NOSING TOFFEE - [GCNO7OSQ178]; WHITE OAK - CRY.VAL T-MOULD TOFFEE - [GCTM7OF178]; WHITE OAK - CRY.VAL BABY T-HOLD TOFFEE - [GCBT7OF178]; WHITE OAK - CRY.VAL 1/2"" REDUCER TOFFEE - [GCRE7OH178]; WHITE OAK - CRY.VAL 3/4"" REDUCER TOFFEE - [GCRE7OQ178]",6
CRY VAL W O NA,"NATURAL - CRY.VAL 1/2"" 7' REDUCER W/O NA - [GCCVRE7OH38]; NATURAL - CRY.VAL 3/4"" 7' REDUCER W/O NA - [GCCVSRE7O38]; NATURAL - CRY.VAL 1/2"" 8' REDUCER W/O NA - [GCCVRE8OH38]; NATURAL - CRY.VAL 3/4"" 8' REDUCER W/O NA - [GCCVSRE8O38]",4
CUMARU NATURAL,"SMOOTH - 1/2 X 5 CUMARU NATURAL - [GHEXCU538]; SMOOTH - 1/2 X 7.5"" CUMARU NATURAL - [GHEXCU7538]; SOLID EXOTICS - 3/4 X 5"" CUMARU NATURAL - [PFQCCU538]",3
CUSTOM COLOR G,1/2 x 3 RED OAK CUSTOM COLOR G - [GCGAR399]; 1/2 x 5 RED OAK CUSTOM COLOR G - [GCGAR599]; 1/2 x 7 RED OAK CUSTOM COLOR G - [GCGAR799],3
CUSTOM PATTERN,WHITE OAK CUSTOM PATTERN - [PASOO]; WALNUT CUSTOM PATTERN - [PASOW]; RED OAK CUSTOM PATTERN - [PASOR]; BRAZ/CHERRY CUSTOM PATTERN - [PASOB]; CUSTOM PATTERN - [PASO]; GARRISON SOLID CUSTOM PATTERN - [GQPASO]; GARRISON ENG. CUSTOM PATTERN - [GCPASO]; CUSTOM PATTERN MAPLE - [PASOM],8
CV AMBER NATUR,AMBER MAPLE - CV 7' TMOULD AMBER MAPLE NATUR - [GCCVTM7M38]; AMBER MAPLE - CV 8' TMOULD AMBER MAPLE NATUR - [GCCVTM8M38],2
CV W O NATURAL,CV 9/16 8' REDUCER W/O NATURAL - [GCCVRE8ON38],1
DA VINCI GENOA,DA VINCI 8' BABY-T GENOA - [GCDV2BT8O701]; DA VINCI 8' NOSING GENOA - [GCDV2NO8O701]; DA VINCI 8' REDUCER GENOA - [GCDV2RE8O701]; DA VINCI 8' T-MOULD GENOA - [GCDV2TM8O701],4
DA VINCI LUCCA,DA VINCI 8' BABY-T LUCCA - [GCDV2BT8O708]; DA VINCI 8' NOSING LUCCA - [GCDV2NO8O708]; DA VINCI 8' REDUCER LUCCA - [GCDV2RE8O708]; DA VINCI 8' T-MOULD LUCCA - [GCDV2TM8O708],4
DA VINCI NESSO,WATERFALL - PANEL - DA VINCI NESSO - [GCSBDV7507-2228]; DA VINCI 8' NOSING NESSO - [GCDVNO8O713]; DA VINCI 8' REDUCER NESSO - [GCDVRE8O713]; DA VINCI 8' BABY-T NESSO - [GCDVBT8O713]; DA VINCI 8' T-MOULD NESSO - [GCDVTM8O713],5
DA VINCI PAOLO,DA VINCI 8' BABY-T PAOLO - [GCDVBT8O711]; DA VINCI 8' NOSING PAOLO - [GCDVNO8O711]; DA VINCI 8' REDUCER PAOLO - [GCDVRE8O711]; DA VINCI 8' T-MOULD PAOLO - [GCDVTM8O711]; WATERFALL - PANEL - DA VINCI PAOLO - [GCSBDV711-2228],5
DA VINCI PARMA,DA VINCI 8' BABY-T PARMA - [GCDV2BT8O703]; DA VINCI 8' NOSING PARMA - [GCDV2NO8O703]; DA VINCI 8' REDUCER PARMA - [GCDV2RE8O703]; DA VINCI 8' T-MOULD PARMA - [GCDV2TM8O703],4
DA VINCI PRATO,DA VINCI 8' BABY-T PRATO - [GCDV2BT8O704]; DA VINCI 8' NOSING PRATO - [GCDV2NO8O704]; DA VINCI 8' REDUCER PRATO - [GCDV2RE8O704]; DA VINCI 8' T-MOULD PRATO - [GCDV2TM8O704],4
DA VINCI SIENA,DA VINCI 8' BABY-T SIENA - [GCDV2BT8O711]; DA VINCI 8' NOSING SIENA - [GCDV2NO8O711]; DA VINCI 8' REDUCER SIENA - [GCDV2RE8O711]; DA VINCI 8' T-MOULD SIENA - [GCDV2TM8O711],4
DAVINCI BIANCA,"WALNUT - SAMPLE-DAVINCI 5"" BIANCA - [GNDV5SBW62]; DAVINCI T-MOULD BIANCA - [GCTM7WF62]; WALNUT - DAVINCI BABY T-HOLD BIANCA - [GCBT7WF62]; WALNUT - DAVINCI REDUCER BIANCA - [GCRE7WN62]",4
DAVINCI MILANO,"MAPLE - SAMPLE-DAVINCI 5"" MILANO - [GNDV5SBM65]; DAVINCI T-MOULD MILANO - [GCTM7MF65]; MAPLE - DAVINCI BABY TRESHOLD MILANO - [GCBT7MF65]; MAPLE - DAVINCI REDUCER MILANO - [GCRE7MN65]",4
DAVINCI PISANI,"HICKORY - SAMPLE-DAVINCI 5"" PISANI - [GNDV5SBH67]; DAVINCI PISANI T-MOULD - [GCTM7HF67]; HICKORY - DAVINCI BABY TRESHOLD PISANI - [GCBT7HF67]; HICKORY - DAVINCI REDUCER PISANI - [GCRE7HN67]",4
DB WAL NATURAL,DB 8' BABY T-HOLD WAL.NATURAL - [GCDBBT8W01],1
DELUXE CAMBRIA,"HICKORY - SAMPLE - DELUXE 6"" CAMBRIA - [GFDX6SBH56]; HICKORY - DELUXE 7' BABY T-HOLD CAMBRIA - [GCDXBT7H56]; HICKORY - DELUXE 8' BABY T-HOLD CAMBRIA - [GCDXBT8H56]; HICKORY - DELUXE 7' T-MOULD CAMBRIA - [GCDXTM7H56]; HICKORY - DELUXE 8' T-MOULD CAMBRIA - [GCDXTM8H56]; HICKORY - DELUXE 7' REDUCER CAMBRIA - [GCDXRE7H56]; HICKORY - DELUXE 8' REDUCER CAMBRIA - [GCDXRE8H56]; HICKORY - DELUXE 7' NOSING CAMBRIA - [GCDXNO7H56]; HICKORY - DELUXE 8' NOSING CAMBRIA - [GCDXNO8H56]",9
DELUXE NATURAL,"WALNUT - SAMPLE - DELUXE 6"" NATURAL - [GFDX6SBW38]; WALNUT - DELUXE 7' BABY T-HOLD NATURAL - [GCDXBT7W38]; WALNUT - DELUXE 8' BABY T-HOLD NATURAL - [GCDXBT8W38]; WALNUT - DELUXE 7' T-MOULD NATURAL - [GCDXTM7W38]; WALNUT - DELUXE 8' T-MOULD NATURAL - [GCDXTM8W38]; WALNUT - DELUXE 7' REDUCER NATURAL - [GCDXRE7W38]; WALNUT - DELUXE 8' REDUCER NATURAL - [GCDXRE8W38]; WALNUT - DELUXE 7' NOSING NATURAL - [GCDXNO7W38]; WALNUT - DELUXE 8' NOSING NATURAL - [GCDXNO8W38]",9
DELUXE NEWPORT,MAPLE - DELUXE NOSING NEWPORT - [GCNO7MF59],1
DESERT NATURAL,"3/4 x 2 1/4"" DESERT NATURAL R/ - [CE214DN]; 3/4 x 3 1/4"" DESERT NATURAL - - [CE314DN]",2
DESERT PLATEAU,"EUROPEAN OAK - 9/16 X 7-1/2"" DESERT PLATEAU - [EOEWO72DP43]; EUROPEAN OAK - 9/16 NOSING DESERT PLATEAU - [EONONDP]; EUROPEAN OAK - 5/8"" T-MOULD DESERT PLATEAU - [EOTMFDP]; EUROPEAN OAK - 9/16 REDUCER DESERT PLATEAU - [EORENDP]; EUROPEAN OAK - 9/16 NOSING DESERT PLATEAU 8' - [EONON8DP]; EURO OAK DESERT PLATEAU - [GCBSOHDP]; EUROPEAN OAK - 1/2 X 6-1/2"" DESERT PLATEAU - [EOEWH72DP43]; EUROPEAN OAK - 9/16 X 7-1/2"" DESERT PLATEAU - [EOEWO72DP43-24]",8
DIAMOND CARBON,DESIGNER SAMPLE - DS - DIAMOND WHITE OAK CARBON - [GWC-DSDIO101]; SAMPLE BOARD - SB - DIAMOND WHITE OAK CARBON - [GWC-SBDIO101],2
DIAMOND SUNSET,DESIGNER SAMPLE - DS - DIAMOND WHITE OAK SUNSET - [GWC-DSDIO103]; SAMPLE BOARD - SB - DIAMOND WHITE OAK SUNSET - [GWC-SBDIO103],2
DS PALM CARBON,DESIGNER SAMPLE - DS - PALM WHITE OAK CARBON - [GWC-DSPAO101],1
DS PALM SUNSET,DESIGNER SAMPLE - DS - PALM WHITE OAK SUNSET - [GWC-DSPAO103],1
DS RIDGE FROST,DESIGNER SAMPLE - DS - RIDGE WHITE OAK FROST - [GWC-DSRIO102],1
DS TIDE CARBON,DESIGNER SAMPLE - DS - TIDE WHITE OAK CARBON - [GWC-DSTIO101],1
DS TIDE SUNSET,DESIGNER SAMPLE - DS - TIDE WHITE OAK SUNSET - [GWC-DSTIO103],1
DU BOIS AMELIA,OAK - DU BOIS 7' BABY T-HOLD AMELIA - [GCDBBT7O194]; OAK - DU BOIS 8' BABY T-HOLD AMELIA - [GCDBBT8O194]; OAK - DU BOIS 7' T-MOULD AMELIA - [GCDBTM7O194]; OAK - DU BOIS 8' T-MOULD AMELIA - [GCDBTM8O194]; OAK - DU BOIS 7' REDUCER AMELIA - [GCDBRE7O194]; OAK - DU BOIS 8' REDUCER AMELIA - [GCDBRE8O194]; OAK - DU BOIS 7' NOSING AMELIA - [GCDBNO7O194]; OAK - DU BOIS 8' NOSING AMELIA - [GCDBNO8O194]; DU BOIS BASESHOE AMELIA - [GCDBBSOH194]; PANEL-DU BOIS AMELIA <N/L> - [GCSADBO7194PL],10
DU BOIS CELINE,DU BOIS BASESHOE CELINE - [GCDBBSOH183]; OAK - DU BOIS 7' BABY T-HOLD CELINE - [GCDBBT7O183]; OAK - DU BOIS 8' BABY T-HOLD CELINE - [GCDBBT8O183]; OAK - DU BOIS 7' T-MOULD CELINE - [GCDBTM7O183]; OAK - DU BOIS 8' T-MOULD CELINE - [GCDBTM8O183]; OAK - DU BOIS 7' REDUCER CELINE - [GCDBRE7O183]; OAK - DU BOIS 8' REDUCER CELINE - [GCDBRE8O183]; OAK - DU BOIS 7' NOSING CELINE - [GCDBNO7O183]; OAK - DU BOIS 8' NOSING CELINE - [GCDBNO8O183],9
ELEGANCE BEECH,ELEGANCE 11/16 X 3-1/2 BEECH - [YHSFA00 19],1
ELEGANCE HONEY,NATURAL - ELEGANCE 9/16 X 5 HONEY OAK - [YHSSEW0082],1
EMERALD FOREST,SYNTHETIC GRASS - EMERALD FOREST - [SG004],1
END CAP APOLLO,MYTHOLOGY - END CAP - APOLLO - [GVGAEC702],1
END CAP ARCHES,GARRISON END CAP ARCHES - [GCLAEC7501],1
END CAP ATHENA,MYTHOLOGY - END CAP - ATHENA - [GVGAEC703],1
END CAP AURORA,ILLUMIN8 END CAP AURORA - [GLILEC801],1
END CAP BASTIA,LAMINATE - *GARRISON END CAP BASTIA - [GCLAEC009],1
END CAP BEAUTE,*LAMINATE END CAP BEAUTE - [LALXECRH05],1
END CAP BRONZE,ELEMENTS - END CAP - BRONZE - [GVSPCEC702],1
END CAP CHERRY,LAMINATE END CAP RED CHERRY - [LALXECHG02],1
END CAP COPPER,ELEMENTS - END CAP - COPPER - [GVSPCEC902]; VINYLNOVA - END CAP - COPPER - [GVVNEC903],2
END CAP COSMOS,VINYLNOVA - END CAP - COSMOS - [GVVNEC904],1
END CAP DAHLIA,SECRET GARDEN SPC - END CAP - DAHLIA - [GVSGEC702],1
END CAP DAKOTA,AQUA BLUE II BY GARRISON - END CAP - DAKOTA OAK - [GVWPCIIEC112],1
END CAP GALAXY,VINYLNOVA - END CAP - GALAXY - [GVVNEC906],1
END CAP GEMINI,ZODIAC WSPC - END CAP - GEMINI - [GVZOEC7504]; ZODIAC SOLID - END CAP - GEMINI SOLID - [GVZOEC7504S]; ZODIAC - SOLID END CAP - GEMINI - [GVZOECS7504],3
END CAP HAVASU,AQUA BLUE II BY GARRISON - END CAP - HAVASU OAK - [GVWPCIIEC107],1
END CAP HUDSON,METROPOLITAN - END CAP - HUDSON - [GVMPEC905],1
END CAP KATMAI,GARRISON END CAP KATMAI - [GCLAEC7508],1
END CAP LUSTER,ILLUMIN8 END CAP LUSTER - [GLILEC807],1
END CAP MARINA,AQUA BLUE BY GARRISON - END CAP - MARINA OAK - [GVWPCEC103],1
END CAP NEBULA,VINYLNOVA - END CAP - NEBULA - [GVVNEC910],1
END CAP NICKEL,ELEMENTS - END CAP - NICKEL - [GVSPCEC1201],1
END CAP NOLITA,METROPOLITAN - END CAP - NOLITA - [GVMPEC704],1
END CAP ORCHID,SECRET GARDEN SPC - END CAP - ORCHID - [GVSGEC708],1
END CAP PISCES,ZODIAC WSPC - END CAP - PISCES - [GVZOEC7507],1
END CAP PRINCE,MEGACLIC END CAP PRINCE - [LAMCECDN8710],1
END CAP PUEBLO,AQUA BLUE BY GARRISON - END CAP - PUEBLO OAK - [GVWPCEC106],1
END CAP RUSSIA,RUSSIAN BLACK OAK - PARADISE VALLEY END CAP RUSSIA - [LAPVECO02],1
END CAP SILVER,ELEMENTS - END CAP - SILVER - [GVSPCEC901]; SILVER OAK - PARADISE VALLEY END CAP SILVER - [LAPVECO03],2
END CAP SMOKEY,SMOKEY OAK - LAMINATE END CAP SMOKEY OAK - [LAECREHX66EC],1
END CAP SUNSET,END CAP SUNSET HICKORY - [LAPESH12EC],1
END CAP TAURUS,ZODIAC WSPC - END CAP - TAURUS - [GVZOEC7509]; ZODIAC SOLID - END CAP - TAURUS SOLID - [GVZOEC7509S]; ZODIAC - SOLID END CAP - TAURUS - [GVZOECS7509],3
END CAP VESOUL,LAMINATE - *GARRISON END CAP VESOUL - [GCLAEC003],1
ESPRESS WALNUT,SAMPLE - LUXURY ESPRESS.WALNUT - [LALXSBRH02],1
EX ACA NATURAL,ACAICA - EX. 8' BABY T-HOLD ACA.NATURAL - [GCEXBT8A38],1
EX ACACIA GOLD,"ACACIA - EX. 8' BABY T-HOLD ACACIA GOLD - [GCEXBT8A147]; EX. 1/2"" 8' NOSING ACACIA GOLD - [GCEXNO8A147]",2
EXO ACA BRONZE,WIRE RACK - PANEL - EXO. ACA. BRONZE - [GCSBEXA5146-1724],1
EXO BRZ CHERRY,WIRE RACK - PANEL - EXO. BRZ. CHERRY - [GCSBEXB538-1724],1
EXO CUMARU OMP,"25"" X 28"" - PANEL - EXO. CUMARU *OMP* - [GCSBEXC538-2528]",1
EXO P ROSEWOOD,WIRE RACK - PANEL - EXO. P. ROSEWOOD - [GCSBEXPR538-1724],1
EXO SAPELE OMP,"25"" X 28"" - PANEL - EXO. SAPELE *OMP* - [GCSBEXS538-2528]",1
EXOCTIC ACACIA,HI-GLOSS - LAMINATE T-MOLD EXOCTIC ACACIA - [LATML12PSSEA],1
EXOCTIC WALNUT,NATURAL - EXOCTIC WALNUT SMOOTH 12MM - [JFSRCEW143],1
EXOTIC BLK WAL,"ACACIA - EXOTIC 1/2"" 7' REDUCER BLK.WAL - [GCEXRE7A16]; ACACIA - EXOTIC 1/2"" 8' REDUCER BLK WAL - [GCEXRE8A16]; ACACIA - EXOTIC 1/2"" 4' REDUCER BLK.WAL - [GCEXRE4A16]",3
EXOTIC BRZ CHR,"LOW SHEEN - EXOTIC 1/2"" 7' REDUCER BRZ/CHR - [GCEXRE7B38]; BRAZILIAN CHERRY - EXOTIC 1/2"" 8' REDUCER BRZ/CHR - [GCEXRE8B38]; HIGH SHEEN - EXOTIC 1/2"" 7' REDUCER BRZ/CHR - [GCEXRE7B38HS]; LOW SHEEN - EXOTIC 1/2"" 6' REDUCER BRZ/CHR - [GCEXRE6B38]; LOW SHEEN - EXOTIC 1/2"" 4' REDUCER BRZ/CHR - [GCEXRE4B38]",5
EXOTIC NATURAL,"ACACIA - EXOTIC 1/2"" 7' REDUCER NATURAL - [GCEXRE7A38]; ACACIA - EXOTIC 1/2"" 8' REDUCER NATURAL - [GCEXRE8A38]; ACACIA - EXOTIC 1/2"" 4' REDUCER NATURAL - [GCEXRE4A38]",3
EXOTIC PAT ROS,"LOW SHEEN - EXOTIC 1/2"" 7' REDUCER PAT ROS - [GCEXRE7PR38]; PATAGONIAN ROSEWOOD - EXOTIC 1/2"" 8' REDUCER PAT ROS - [GCEXRE8PR38]; HIGH SHEEN - EXOTIC 1/2"" 7' REDUCER PAT ROS - [GCEXRE7PR38HS]; LOW SHEEN - EXOTIC 1/2"" 6' REDUCER PAT ROS - [GCEXRE6PR38]",4
EXOTIC SAN MAH,"SANTOS MAHOGANY - EXOTIC 1/2"" 8' REDUCER SAN MAH - [GCEXRE8S38]",1
EXOTIC TIGERWO,"TIGERWOOD - EXOTIC 1/2"" 8' REDUCER TIGERWO - [GCEXRE8T38]; TIGERWOOD - EXOTIC 1/2"" 6' REDUCER TIGERWO - [GCEXRE6T38]",2
EXOTICS ACACIA,"HANDSET - EXOTICS ""ACACIA"" - [GCKEYSET30]",1
EXOTICS MERBAU,NATURAL - DISCON. EXOTICS 3-5/8 MERBAU - [GNEXME35838]; NATURAL - SAMPLE - EXOTICS 3-5/8 MERBAU - [GNEX358SBME38]; NATURAL - DISCON. EXOTICS 3-9/16 MERBAU - [GNEXME391638],3
EXOTICS SANTOS,NATURAL - DISCON. EXOTICS 3-9/16 SANTOS - [GNEXSM391638],1
EXOTICS SAPELE,SAMPLE - EXOTICS 2MM SAPELE - [ENSBHSA38],1
F STRIP WALNUT,"3/4 x 1 1/2,F-STRIP,WALNUT - [MOFSW34112]; 3/4 x 2 1/4,F-STRIP,WALNUT - [MOFSW34214]; 3/4 x 3/4,F-STRIP,WALNUT - [MOFS3434W]",3
FAS CHERRY S E,UNFINISHED - 3/4 X 5 FAS A. CHERRY S.E. L/L - [LQ5FCS],1
FC LAVA BALTIC,"FRENCH OAK - SAMPLE - FC 7"" LAVA - BALTIC - [GFFCSBB7O169]",1
FC LYON BALTIC,"FRENCH OAK - SAMPLE - FC 7"" LYON BALTIC - [GFFCSBB7O123]",1
FC NOIR BALTIC,"FRENCH OAK - SAMPLE - FC 7"" NOIR BALTIC - [GFFCSBB7O86]",1
FLUSH AQUARIUS,ZODIAC WSPC - FLUSH NOSING - AQUARIUS - [GVZOFNO7501]; ZODIAC WSPC - SOLID FLUSH NOSING - AQUARIUS - [GVZOFNOS7501],2
FLUSH CAMELLIA,SECRET GARDEN SPC - FLUSH NOSING - CAMELLIA - [GVSGFNO701],1
FLUSH CHARCOAL,ELEMENTS - FLUSH NOSING - CHARCOAL - [GVSPCFNO1202],1
FLUSH COLONIAL,AQUA BLUE II BY GARRISON - FLUSH NOSING - COLONIAL OAK - [GVWPCIIFNO111],1
FLUSH CORONADO,AQUA BLUE BY GARRISON - FLUSH NOSING - CORONADO OAK - [GVWPCFNO101],1
FLUSH GARDENIA,SECRET GARDEN SPC - FLUSH NOSING - GARDENIA - [GVSGFNO704],1
FLUSH HACIENDA,AQUA BLUE II BY GARRISON - FLUSH NOSING - HACIENDA OAK - [GVWPCIIFNO104],1
FLUSH HAZELNUT,NATURESTEP - FLUSH NOSING - HAZELNUT - [GVNSFNO803],1
FLUSH NANTERRE,GARRISON LAMINATE - *FLUSH NOSING NANTERRE - [GCLAFNOLA005],1
FLUSH NO RUSSI,RUSSIAN BLACK OAK - PARADISE VALLEY FLUSH NO.RUSSI - [LAPVFNOO02],1
FLUSH NO SILVE,SILVER OAK - PARADISE VALLEY FLUSH NO.SILVE - [LAPVFNOO03],1
FLUSH POSEIDON,MYTHOLOGY - FLUSH NOSING - POSEIDON - [GVGAFNO705],1
FLUSH SEA FOAM,FLUSH NOSING SEA FOAM - [GCLAFNOLA007],1
FLUSH STARDUST,VINYLNOVA - FLUSH NOSING - STARDUST - [GVVNFNO911],1
FLUSH TWILIGHT,VINYLNOVA - FLUSH NOSING - TWILIGHT - [GVVNFNO912],1
FLUSH YOSEMITE,AQUA BLUE BY GARRISON - FLUSH NOSING - YOSEMITE OAK - [GVWPCFNO111],1
FR CON ST TROP,WATERFALL - PANEL - FR.CON. ST.TROP - [GCSBFC732-2828]; WATERFALL - PANEL - FR.CON. ST.TROP <N/L> - [GCSBFC732-2828PL],2
FR CON VN CHEV,WATERFALL - PANEL - FR.CON. VN.WHITE CHEV. - [GCSBFCPC587-2828],1
FRENCH CONN II,SAMPLE SET - FRENCH CONN. II - [GCSAMPLES15],1
FRENCH NATURAL,"OAK PLY - FRENCH OAK 5/8 X 7"" NATURAL - [GFFCO738]",1
FRENCH QUARTER,OAK - PLUS NOSING FRENCH QUARTER - [GCNO7ON46]; WHITE OAK - PLUS REDUCER FRENCH QUARTER - [GCRE7ON46],2
FRENCH TUSCANY,"OAK PLY - FRENCH OAK 5/8 X 7"" TUSCANY - [GFFCO7119]",1
G WALNUT SABLE,"GIII DIST - *G3 WALNUT 5"" SABLE - [GHIIIW519]; 1/2"" - SAMPLE - G3 WALNUT SABLE - [GHIII5SBW19]; WALNUT - G3 REDUCER WALNUT SABLE - [GCRE7WH19]",3
GAR EVERGLADES,GAR.T-MOULDING EVERGLADES - [GCLATM7506],1
GAVIN PREM W O,GOLD.WHEAT - GAVIN 9/16 X 3-1/4 PREM W/O - [GWN314POGW],1
GEORGIAN CROWN,RED OAK - 3/4 X 6-1/2 GEORGIAN CROWN - [MOCMRO210]; WHITE OAK - 7/8 X 6-1/2 GEORGIAN CROWN - [MOCMWO210]; POPLAR - 3/4 X 6-1/2 GEORGIAN CROWN - [MOCMPO210]; MAPLE - 3/4 X 6-1/2 GEORGIAN CROWN - [MOCMMA210]; B. CHERRY - 3/4 X 6-1/2 GEORGIAN CROWN - [MOCMBC210]; RED OAK - 9/16 X 4-1/2 GEORGIAN CROWN - [MOCMRO310]; WHITE OAK - 9/16 X 4-1/2 GEORGIAN CROWN - [MOCMWO310]; POPLAR - 9/16 X 4-1/2 GEORGIAN CROWN - [MOCMPO310]; MAPLE - 9/16 X 4-1/4 GEORGIAN CROWN - [MOCMMA310]; B. CHERRY - 9/16 X 4-1/2 GEORGIAN CROWN - [MOCMBC310]; RED OAK - 9/16 X 4-1/4 GEORGIAN CROWN - [MOCMRO300]; WHITE OAK - 9/16 X 4-1/4 GEORGIAN CROWN - [MOCMWO300]; POPLAR - 9/16 X 4-1/4 GEORGIAN CROWN - [MOCMPO300]; MAPLE - 9/16 X 4-1/2 GEORGIAN CROWN - [MOCMMA300]; B. CHERRY - 9/16 X 4-1/4 GEORGIAN CROWN - [MOCMBC300]; MDF - NONSTOCK - 1-1/16 X 8 GEORGIAN CROWN - [MOCMMD428MUL]; MDF - 9/16 X 4-1/2 GEORGIAN CROWN - [MOCMMD412MUL],17
GIALLA BRESCIA,WATERFALL - PANEL - VILLA GIALLA BRESCIA - [GCSBVG902-2828],1
GIALLA CATANIA,WATERFALL - PANEL - VILLA GIALLA CATANIA - [GCSBVG903-2828],1
GIALLA LIVORNO,VILLA GIALLA BASESHOE LIVORNO - [GCVGBSO05]; WATERFALL - PANEL - VILLA GIALLA LIVORNO - [GCSBVG905-2828],2
GIALLA ROMANTQ,WATERFALL - PANEL - VILLA GIALLA ROMANTQ. - [GCSBVG910-2828],1
GII BLK CHERRY,CHERRY - GII BABY TRESHOLD BLK.CHERRY - [GCBT7CF29],1
GII CAPPUCCINO,DISTRESSED - GII NOSING MAPLE CAPPUCCINO - [GCNO7MN131]; MAPLE - GII BABY TRESHOLD CAPPUCCINO - [GCBT7MF131]; MAPLE CARB - *GII REDUCER CAPPUCCINO - [GCRE7MCN131]; MAPLE CARB - *GII T-MOULD CAPPUCCINO - [GCTM7MCF131]; MAPLE - *GII BABY TRESHOLD CAPPUCCINO - [GCBT7MCF131]; MAPLE - SAMPLE - GII CAPPUCCINO - [GNII5SBM131],6
GII CARBONIZED,CAPPUCCINO - SAMPLE - GII MAPLE CARBONIZED - [GNII4SBMC131],1
GII CHERRY UNF,"DISTRESSED - GII""NOSING CHERRY UNF. 8' - [GCNO8CN00]",1
GII D HICK CHT,WIRE RACK - PANEL - GII D. HICK.CHT. - [GCSBIIH551-1724]; WIRE RACK - PANEL - GII D. HICK.CHT. <N/L> - [GCSBIIH551-1724PL],2
GII D HICK NAT,WIRE RACK - PANEL - GII D. HICK.NAT. - [GCSBIIH538-1724]; WIRE RACK - PANEL - GII D. HICK.NAT. <N/L> - [GCSBIIH538-1724PL],2
GII D HICK SRA,WIRE RACK - PANEL - GII D. HICK.SRA. - [GCSBIIH502-1724]; WIRE RACK - PANEL - GII D. HICK.SRA. <N/L> - [GCSBIIH502-1724PL],2
GII D MAP CHST,WIRE RACK - PANEL - GII D. MAP.CHST. - [GCSBIIM506-1724]; WIRE RACK - PANEL - GII D. MAP.CHST. <N/L> - [GCSBIIM506-1724PL],2
GII D MAP ESPR,WIRE RACK - PANEL - GII D. MAP.ESPR. - [GCSBIIM508-1724]; WIRE RACK - PANEL - GII D. MAP.ESPR. <N/L> - [GCSBIIM508-1724PL],2
GII D WAL ANTQ,WIRE RACK - PANEL - GII D. WAL.ANTQ. - [GCSBIIW523-1724]; WIRE RACK - PANEL - GII D. WAL.ANTQ. <N/L> - [GCSBIIW523-1724PL],2
GII GREY WIRED,WHITE OAK - SAMPLE - GII WHITE GREY WIRED - [GNII5SBO165]; WHITE OAK - GII 7' BABY T-HOLD GREY WIRED - [GCIIBT7O165]; WHITE OAK - GII 8' BABY T-HOLD GREY WIRED - [GCIIBT8O165]; WHITE OAK - GII 8' T-MOULD GREY WIRED - [GCIITM8O165]; WHITE OAK - GII 7' REDUCER GREY WIRED - [GCIIRE7O165]; WHITE OAK - GII 8' REDUCER GREY WIRED - [GCIIRE8O165]; WHITE OAK - GII 7' NOSING GREY WIRED - [GCIINO7O165]; WHITE OAK - GII 8' NOSING GREY WIRED - [GCIINO8O165],8
GII PREF RISER,GII DISTRESS PREF.RISER - [GCRIII]; GII SMOOTH PREF.RISER - [GCRIIIS]; GII SMOOTH PREF.RISER - [GCRISS],3
GII WALNUT NAT,GII 7' BABY T-HOLD WALNUT NAT. - [GCIIBT7W38]; GII 8' BABY T-HOLD WALNUT NAT. - [GCIIBT8W38],2
GII WALNUT UNF,GII 7' NOSING WALNUT UNF.DIST. - [GCNO7WN00]; GII NOSING WALNUT UNF.DIST.8' - [GCNO8WN00]; GII NOSING 8' WALNUT UNF.DIST. - [GCIINO8W00],3
GLENWOOD 10.25,"LEGENDS - EURO OAK 10.25"" GLENWOOD - [GFLEO1001]",1
GOL STRIP BAMB,LAMINATE T-MOLD GOL.STRIP BAMB - [LATML1204],1
GOLD CHAMPAGNE,GOLD LABEL NOSING CHAMPAGNE - [GCGLNO8R02]; GOLD LABEL REDUCER CHAMPAGNE - [GCGLRE8R02],2
GOLDEN CALCORE,"CRYSTAL V - W/O ENG 5"" GOLDEN OAK CALCORE - [GHCVO545SB]",1
GOLDEN GARRISO,1/2 x 3 RED OAK GOLDEN GARRISO - [GCGAR330]; 1/2 x 5 RED OAK GOLDEN GARRISO - [GCGAR530]; 1/2 x 7 RED OAK GOLDEN GARRISO - [GCGAR730],3
GOLDEN HARVEST,"M.EMBOSSED - 8.3MM 5-5/8"" GOLDEN HARVEST - [LALXME04]; LAMINATE NOSING GOLDEN HARVEST - [LALXNOME04]; SAMPLE - LUXURY GOLDEN HARVEST - [LALXSBME04]; LAMINATE QTR GOLDEN HARVEST - [LALXQRME04]; FLUSH NOSING GOLDEN HARVEST - [LALXFNOME04]",5
GRAPPA CALCORE,"BELLISSIMO - WALNUT 7.5"" GRAPPA CALCORE - [GHBEW75402SB]",1
GREEN MOUNTAIN,APPALACHIAN - GREEN MOUNTAIN - [GCKEYSET909],1
HANDSET BAMBOO,BIRCH PLY - HANDSET - BAMBOO - [GCKEYSET27],1
HANDSET DELUXE,HANDSET - GARRISON DELUXE - [GCKEYSET01],1
HERMOSA CASING,MDF - NONSTOCK - 1 X 2-1/2 HERMOSA CASING - [MOCAMD159]; POPLAR - 1 X 2-1/2 HERMOSA CASING - [MOCAPO159P]; MDF - NONSTOCK - 1-1/4 X 3-3/16 HERMOSA CASING - [MOCAMD160MUL],3
HERMOSA CORNER,MDF CORNER - NONSTOCK - 9/16 X 3-3/4 HERMOSA CORNER - [MOCOMD401],1
HICK PECAN M B,5/8 X 5 CHAR. HICK/PECAN M.B. - [AM585SHMP],1
HICK PECAN S E,5/8 X 5 CHAR. HICK/PECAN S.E. - [AM585CHS],1
HORIZ CARBONIZ,BAMBOO T-MOULD HORIZ/CARBONIZ - [BATMBHC],1
HORIZ ENGINEER,CARBONIZED - BAMBOO 5/8X5 HORIZ. ENGINEER - [BA75EHC],1
HORZT ENGINEER,NATURAL - BAMBOO 5/8X5 HORZT. ENGINEER - [BA75EHN],1
III PREF RISER,GARRISON III PREF.RISER - [GCRIIII],1
ILLUMIN AURORA,ILLUMIN8 REDUCER AURORA - [GLILRE801],1
ILLUMIN LUSTER,ILLUMIN8 REDUCER LUSTER - [GLILRE807],1
INTRADA CASING,MDF - NONSTOCK - 11/16 X 3 INTRADA CASING - [MOCAMD192MUL],1
ISLES SANTORIN,GREEK ISLES 8' NOSING SANTORIN - [GCGINO8O006]; GREEK ISLES 8' BABY-T SANTORIN - [GCGIBT8O006],2
JAMESTOWN AUTU,LAMINATE NOSING JAMESTOWN AUTU - [LANOCWL90183],1
JATOBA CHOCOLA,CHOCOLATE - 3/4 X 3 3/4 DIS JATOBA CHOCOLA - [PQDBC33402],1
JATOBA NATURAL,STANDARD - LAMINATE 12MM JATOBA NATURAL - [LAL12CVJN]; LAMINATE T-MOLD JATOBA NATURAL - [LATML12CVJN]; LAMINATE NOSING JATOBA NATURAL - [LAMLSNL12CVJN]; LAMINATE 12.MM JATOBA NATURAL - [LAJTV624]; T-MOLD JATOBA NATURAL - [LATMJTV624]; JATOBA NAT - LAMINATE BABY-T JATOBA NATURAL - [LABTJTB624]; JATOBA NAT - LAMINATE T-MOLD JATOBA NATURAL - [LATMJTB624]; JATOBA NAT - LAMINATE BABY-T JATOBA NATURAL - [LAMBTML12CVJN]; JATOBA NAT - LAMINATE T-MOLD JATOBA NATURAL - [LAMLTML12CVJN]; LAMINATE NOSING JATOBA NATURAL - [LANOL12CVJN]; SMOOTH - 3/8 X 3 JATOBA NATURAL - [ETSBC338],11
KEMPAS NATURAL,"CRYSTAL V - KEMPAS SOLID 4 3/4"" NATURAL - [GQCVKE43438]",1
LAMINATE BJORK,SPICY OAK - LAMINATE DIST. 12.3MM BJORK - [LAHXM69]; WALNUT - LAMINATE DIST. 12.3MM BJORK - [LAHXM60],2
LAMINATE COFFE,LAMINATE NOSING COFFE MAPLE - [LANOHVG1020],1
LAMINATE CORTE,12.3MM - GARRISON LAMINATE CORTE - [GCLA012],1
LAMINATE CREAM,DISTRESSED - LAMINATE 12MM HICKORY CREAM - [LAL12NDHC],1
LAMINATE DIJON,12.3MM - GARRISON LAMINATE DIJON - [GCLA006],1
LAMINATE EBONY,MOUNT LAMINATE EBONY - [MTGVL704],1
LAMINATE ESPRE,LAMINATE REDUCER HICKORY ESPRE - [LAREL12NDHE],1
LAMINATE HONEY,HONEYMAPLE - LAMINATE NOSING HONEY MAPLE - [LANO6113]; HONEYMAPLE - LAMINATE REDUCER HONEY MAPLE - [LARE6113]; DISTRESSED - LAMINATE 12MM HONEY OAK - [LAL12NDHO]; HONEY OAK - LAMINATE BABY-T HONEY OAK - [LABTL12NDHO]; LAMINATE REDUCER HONEY OAK - [LAREL12NDHO],5
LAMINATE IBIZA,*LAMINATE REDUCER IBIZA - [LALXRESS04]; *LAMINATE NOSING IBIZA - [LALXNOSS04],2
LAMINATE MOCHA,STANDARD - LAMINATE 12.MM MAPLE MOCHA - [LAL12CVMM]; LAMINATE REDUCER MAPLE MOCHA - [LAREL12CVMM]; LAMINATE NOSING MAPLE MOCHA - [LANOL12NDMC]; LAMINATE NOSING MAPLE MOCHA - [LAMLSNL12CVMM]; MOCHA - LAMINATE BABY-T MAPLE MOCHA - [LABTL12CVMM]; LAMINATE BABY-T MOCHA MAPLE - [LABTET1080]; LAMINATE T-MOULD MOCHA MAPLE - [LATMET1080],7
LAMINATE PECAN,CLASSIQUE/BORABORA/BEAUTE - LAMINATE T-MOULD.PECAN - [LATMETF79TM],1
LAMINATE ROYAL,HANSOL LAMINATE ROYAL MAPLE - [HN1310],1
LAMINATE SPICY,LAMINATE NOSING SPICY OAK - [LANOHXM69],1
LAMINATE TIGER,SNGL STRIP - LAMINATE 8MM TIGER WOOD - [LAL8CVTW]; LAMINATE BABY-T TIGER WOOD - [LABTL8CVTW],2
LAMINATE VICHY,12.3MM - GARRISON LAMINATE VICHY - [GCLA008],1
LANCASTER BASE,MDF - NONSTOCK - 5/8 X 5-1/4 LANCASTER BASE - [MOBBMD365MUL],1
LAY VINYL ALBA,*LOOSE LAY VINYL ALBA - [GVLL200],1
LEGENDS BIANCA,LEGENDS NOSING 8' BIANCA - [GCLENO8O7501]; LEGENDS BABY T-HOLD 8' BIANCA - [GCLEBT8O7501]; LEGENDS REDUCER 8' BIANCA - [GCLERE8O7501]; LEGENDS T-MOULDING 8' BIANCA - [GCLETM8O7501],4
LEGENDS LUGANA,LEGENDS NOSING 8' LUGANA - [GCLENO8O7505]; LEGENDS BABY T-HOLD 8' LUGANA - [GCLEBT8O7505]; LEGENDS REDUCER 8' LUGANA - [GCLERE8O7505]; LEGENDS T-MOULDING 8' LUGANA - [GCLETM8O7505],4
LEGENDS VERONA,LEGENDS NOSING 8' VERONA - [GCLENO8O9505]; LEGENDS BABY T-HOLD 8' VERONA - [GCLEBT8O9505]; LEGENDS REDUCER 8' VERONA - [GCLERE8O9505]; LEGENDS T-MOULDING 8' VERONA - [GCLETM8O9505],4
LINE CHAMPAGNE,BIRCH - S.LINE BABY TRESHOLD CHAMPAGNE - [GCBT7BIF128],1
LINE WINE CASK,"BIRCH - SAMPLE - S.LINE 6"" WINE CASK - [GHSL6BISB127]",1
LOMA LINDA 9.5,"BEVERLY HILLS - EURO OAK 9.5"" LOMA LINDA - [GFBHO9511]",1
LONG STRIP W O,"NATURAL - 9/16""X7 1/2 LONG STRIP W/O - [HTUSA5004]; NATURAL - 9/16"" X 7-1/2 LONG STRIP W/O - [HT0USA5004]",2
LONGHORN BROWN,"EUROPEAN OAK - 9/16 X 7-1/2"" LONGHORN BROWN - [EOEWO72LB43]",1
LUXURY BERMUDA,SAMPLE - LUXURY BERMUDA - [LALXSBHS09],1
LUXURY CLASSIC,SAMPLE - LUXURY CLASSIC MAPLE - [LALXSBCS03],1
LUXURY JAMAICA,SAMPLE - LUXURY JAMAICA - [LALXSBHS11],1
LUXURY VANDAGE,SAMPLE - LUXURY VANDAGE - [LALXSBRH09],1
LUXURY VINTAGE,SAMPLE - LUXURY VINTAGE WHITE - [LALXSBHG05],1
MAHOGANY SPICE,DISTRESSED - LAMINATE 12MM MAHOGANY SPICE - [LAL12NDMS]; LAMINATE T-MOLD MAHOGANY SPICE - [LATML12NDMS]; LAMINATE NOSING MAHOGANY SPICE - [LANOL12NDMS],3
MANHATTAN BEAC,WATERFALL - PANEL - NEWPORT MANHATTAN BEAC - [GCSBNP211-2228],1
MEGACLIC ARDEN,MEGACLIC SQUARE NOSING ARDEN - [LAMCFSNOAS3206],1
MEGACLIC CADIZ,MEGACLIC NOSING CADIZ - [LAMCFNOAS3113],1
MEGACLIC LEEDS,MEGACLIC SQUARE NOSING LEEDS - [LAMCFSNODN8706]; MEGACLIC REDUCER LEEDS - [LAMCREDN8706],2
MEGACLIC PAXON,MEGACLIC NOSING PAXON - [LAMCFNOAS3209]; MEGACLIC REDUCER PAXON - [LAMCREAS3209],2
MEGACLIC TYLER,MEGACLIC REDUCER TYLER - [LAMCREDN8712]; MEGACLIC SQUARE NOSING TYLER - [LAMCFSNODN8712],2
MERBAU NATURAL,"CRYSTAL V - MERBAU SOLID 4 3/4"" NATURAL - [GQCVME43438]; SNGL STRIP - LAMINATE 8MM MERBAU NATURAL - [LAL8CVMN]; LAMINATE T-MOLD MERBAU NATURAL - [LATML8CVMN]; DARK - LAMINATE BABY T MERBAU NATURAL - [LABTL8CVMM]",4
MOLD ARROWHEAD,MEGACLIC T-MOLD ARROWHEAD - [LAMCTMAS3203],1
MOLD HERRITAGE,T-MOLD HERRITAGE OAK - [LATMCWD811],1
MOLD HILLCREST,MEGACLIC T-MOLD HILLCREST - [LAMCTMAS3103],1
MOLD HONEYCOMB,MEGACLIC T-MOLD HONEYCOMB - [LAMCTMAS3111],1
MOLD MOONLIGHT,MEGACLIC T-MOLD MOONLIGHT - [LAMCTMAS3109],1
MOLD VALENTINE,MEGACLIC T-MOLD VALENTINE - [LAMCTMAS3102],1
MOLDING CHERRY,NATURAL - MAX WINDSOR T-MOLDING A.CHERRY - [MWTM89],1
MOLDING EXOTIC,WALNUT - LAMINATE T MOLDING EXOTIC - [LATM143],1
MOLDING GOLDEN,LAMINATE T MOLDING GOLDEN OAK - [LATMHXM67],1
MOLDING SMOKEY,LAMINATE T MOLDING SMOKEY OAK - [LATMREHXM66],1
MONTECARLO PLY,"DOLCE CAPRI - EURO OAK 9.5"" MONTECARLO 2 PLY - [GQCHO951052P]",1
MOSAIC VINTAGE,DESIGNER SAMPLE - DS - MOSAIC WHITE OAK VINTAGE - [GWC-DSMOO104]; SAMPLE BOARD - SB - MOSAIC WHITE OAK VINTAGE - [GWC-SBMOO104],2
MOUNT LAMINATE,MOUNT LAMINATE WHITE OAK - [MTGVL701],1
MR WALNUT PREF,FRUITWOOD - 1/2X3 MR WALNUT PREF DIST - [GCGAW328]; SABLE - 1/2X5 MR WALNUT PREF DIST - [GCGAW519],2
MW BRAZ CHERRY,NATURAL - MW 9/16 NOSING BRAZ. CHERRY - [MWNO82],1
NATURAL BALTIC,"FRENCH OAK - SAMPLE - FC 7"" NATURAL BALTIC - [GFFCSBB7O38]",1
NATURAL WALNUT,"DISTRESSED - 12.3MM 6-1/2"" NATURAL WALNUT - [LALXHS08]; LAMINATE NOSING NATURAL WALNUT - [LALXNOHS08]; LAMINATE QTR NATURAL WALNUT - [LALXQRHS08]",3
NEW NATURESTEP,WATERFALL - SAMPLE SET NEW - NATURESTEP - [GCSETNSN-2323],1
NEWPORT CARMEL,OAK - NEWPORT 7' BABY T-HOLD CARMEL - [GCNPBT7O200]; OAK - NEWPORT 8' BABY T-HOLD CARMEL - [GCNPBT8O200]; OAK - NEWPORT 7' T-MOULD CARMEL - [GCNPTM7O200]; OAK - NEWPORT 8' T-MOULD CARMEL - [GCNPTM8O200]; OAK - NEWPORT 7' REDUCER CARMEL - [GCNPRE7O200]; OAK - NEWPORT 8' REDUCER CARMEL - [GCNPRE8O200]; OAK - NEWPORT 7' NOSING CARMEL - [GCNPNO7O200]; OAK - NEWPORT 8' NOSING CARMEL - [GCNPNO8O200]; WATERFALL - PANEL - NEWPORT CARMEL - [GCSBN200-2228]; NEWPORT BASESHOE CARMEL - [GCNPBSOH200]; WATERFALL - PANEL - NEWPORT CARMEL - [GCSBNP200-2228],11
NEWPORT CASING,POPLAR - 11/16 X 2-7/8 NEWPORT CASING - [MOCAPO200]; MDF - NONSTOCK - 11/16X2-7/8 MDF NEWPORT CASING - [MOCAMD125MUL],2
NEWPORT CORNER,MDF CORNER - NONSTOCK - 9/16 X 3-7/8 NEWPORT CORNER - [MOCOMD400]; MDF CORNER - NONSTOCK - 9/16 X 5 NEWPORT CORNER - [MOCOMD440]; MDF CORNER - 9/16 X 5 NEWPORT CORNER - [MOCOMD330MULW],3
NEWPORT MAHOGA,LAMINATE NOSING NEWPORT MAHOGA - [LANOL12NDNM],1
NEWPORT MALIBU,OAK - NEWPORT 7' BABY T-HOLD MALIBU - [GCNPBT7O203]; OAK - NEWPORT 8' BABY T-HOLD MALIBU - [GCNPBT8O203]; OAK - NEWPORT 7' T-MOULD MALIBU - [GCNPTM7O203]; OAK - NEWPORT 8' T-MOULD MALIBU - [GCNPTM8O203]; OAK - NEWPORT 7' REDUCER MALIBU - [GCNPRE7O203]; OAK - NEWPORT 8' REDUCER MALIBU - [GCNPRE8O203]; OAK - NEWPORT 7' NOSING MALIBU - [GCNPNO7O203]; OAK - NEWPORT 8' NOSING MALIBU - [GCNPNO8O203],8
NEWPORT PEBBLE,OAK - NEWPORT 7' BABY T-HOLD PEBBLE - [GCNPBT7O206]; OAK - NEWPORT 8' BABY T-HOLD PEBBLE - [GCNPBT8O206],2
NORTH STAR UNF,"OSHKOSH NORTH STAR UNF. 36"" - [OK319U]",1
NOUVELLE ASHEN,NOUVELLE T-MOULD ASHEN OAK - [GCNVTMOF02]; NOUVELLE 7' BABY T-HOLD ASHEN - [GCNVBT7O02]; NOUVELLE 8' BABY T-HOLD ASHEN - [GCNVBT8O02]; ASHEN - NOUVELLE 7' T-MOULD ASHEN - [GCNVTM7O02]; ASHEN - NOUVELLE 8' T-MOULD ASHEN - [GCNVTM8O02]; ASHEN - NOUVELLE 7' REDUCER ASHEN - [GCNVRE7O02]; ASHEN - NOUVELLE 8' REDUCER ASHEN - [GCNVRE8O02]; ASHEN - NOUVELLE 7' NOSING ASHEN - [GCNVNO7O02]; ASHEN - NOUVELLE 8' NOSING ASHEN - [GCNVNO8O02],9
NOUVELLE TREAD,NOUVELLE TREAD - [GCTRNV],1
NP SHELL BEACH,NP 8' SQ.NOSING SHELL BEACH - [GCNPSNO8O207],1
NUVOLA CALCORE,"BELLISSIMO - EURO OAK 7.5"" NUVOLA CALCORE - [GHBEO75302SB]",1
NYTAE E CHERRY,GOLDEN - NYTAE E-MOULD CHERRY - [NTEM301],1
O BLDR NATURAL,"CRYSTAL V - W/O BLDR SOLID 3 1/4"" NATURAL - [GQCVOB31438]",1
O CANYON CREEK,"CRYSTAL VALLEY - W/O SOLID 2-1/4"" CANYON CREEK - [GQCVO21439]; CRYSTAL VALLEY - W/O SOLID 3 1/4"" CANYON CREEK - [GQCVO31439]",2
O CRIMSON LAKE,"CRYSTAL VALLEY - W/O SOLID 2-1/4"" CRIMSON LAKE - [GQCVO21441]; CRYSTAL VALLEY - W/O SOLID 3-1/4"" CRIMSON LAKE - [GQCVO31441]",2
O DESSERT ROSE,"CRYSTAL VALLEY - W/O SOLID 2-1/4"" DESSERT ROSE - [GQCVO21435]",1
O PRARIE WHEAT,"SMOOTH - 3/4"" NOSING W/O PRARIE WHEAT - [GCNO7OQ68]",1
O S NATURESTEP,WATERFALL - SAMPLE SET O/S - NATURESTEP - [GCSETNS-2323],1
O SPRING BROOK,"CRYSTAL V - W/O SOLID 3 1/4"" SPRING BROOK - [GQCVO31443]",1
O TREAD RETURN,"1X1-1/4 X14"" R/O TREAD RETURN - [MOTRRER]",1
OG BASE CORNER,OG BASE CORNER MAPLE - [MOOGCNMA],1
OG BASE POPLAR,"3/8 x 2 3/8,OG BASE,POPLAR - [MOOG382P]; 3/8 x 3 1/2,OG BASE,POPLAR - [MOOG383P]; 5/8 x 2 1/2,OG BASE,POPLAR - [MOOG582P]; 5/8 x 3 1/2,OG BASE,POPLAR - [MOOG583P]",4
OG BASE WALNUT,1/2 x 2-1/2 OG BASE WALNUT - [MOOG122W],1
OMNI BUILDER O,NATURAL - OMNI 3/4 X 4 BUILDER R/O - [OMQ4BRN],1
OMP CALI SEL O,"NATURAL - OMP CALI 9/16 X 5 SEL R/O - [OMPN5SR38]; NATURAL - OMP CALI 9/16 X 3"" SEL R/O - [OMPN3SR38]",2
ORDER BEECH LL,SPECIAL ORDER BEECH LL - [LQSOBE],1
ORDER WENGE LL,SPECIAL ORDER WENGE LL - [LQSOWE],1
OYSTER VINTAGE,DESIGNER SAMPLE - DS - OYSTER WHITE OAK VINTAGE - [GWC-DSOYO104]; SAMPLE BOARD - SB - OYSTER WHITE OAK VINTAGE - [GWC-SBOYO104],2
P ROSEWOOD OMP,"25"" X 28"" - PANEL - EXO. P. ROSEWOOD *OMP* - [GCSBEXPR538-2528]",1
PACIFIC CHERRY,NYTAE PACIFIC CHERRY - [NT302C],1
PARQUET ALSACE,GARRISON PARQUET ALSACE - [GCPAALSACE],1
PARQUET PALACE,GARRISON PARQUET PALACE - [GCPAPALACE],1
PARQUET VIENNA,GARRISON PARQUET VIENNA - [GCPAVIENNA],1
PECAN UNFINISH,"DISTRESSED - 5/8"" NOSING H.PECAN UNFINISH - [GCNO7FH00]",1
PHOENIX SANDAL,LAMINATE 12.3MM PHOENIX SANDAL - [LAVG1007],1
PICASSO WALNUT,NYTAE PICASSO WALNUT - [NT401SC]; NYTAE NOSING PICASSO WALNUT - [NT401SCNO]; NYTAE PICASSO WALNUT REDUCER - [NT401SCRE],3
PIETRA CALCORE,"BELLISSIMO - MAPLE 7.5"" PIETRA CALCORE - [GHBEM75204SB]",1
PINE QTR ROUND,PRIMED PINE FJ - 3/4 x 3/4 FJ PINE QTR ROUND - [MOQR34FJP],1
PREM CHERRY SE,CON.CHOICE - *5/8 X 2 1/4 PREM. A/CHERRY SE - [GFCOC214PS],1
PROVENZA HEVEA,SABLE - 9/16X 5 1/2 PROVENZA HEVEA - [PZN447]; SABLE - PROVENZA T-MOULDING HEVEA - [PZTM447],2
Q ROUGH LUMBER,5/4 W/O R/Q #1 ROUGH LUMBER - [LUO1Q54],1
Q ROUND COFFEE,LAMINATE Q-ROUND COFFEE MAPLE - [LAQRVG1020],1
QTR BEACH SAND,BEACH SAND - LAMINATE QTR BEACH SAND - [LALXQRHS10],1
QTR DEEP CORAL,LAMINATE QTR DEEP CORAL - [LALXQRME03],1
QTR FRENCH QTR,"G PLUS - WHITE OAK QTR 5"" FRENCH QTR  * - [GNPLO546]",1
QTR OCEAN MIST,OCEAN MIST - LAMINATE QTR OCEAN MIST - [LALXQRSS05],1
QTR RND RUSSIA,RUSSIAN BLACK OAK - PARADISE VALLEY QTR RND RUSSIA - [LAPVQRO02],1
QTR RND SILVER,SILVER OAK - PARADISE VALLEY QTR RND SILVER - [LAPVQRO03],1
QTR ROUND ALPS,APEX SPC - QTR.ROUND - ALPS - [GVAPQR501]; SUMMIT SKY SPC - QTR.ROUND - ALPS - [GVSSQR501],2
QTR ROUND GOLD,ELEMENTS - QTR.ROUND - GOLD - [GVSPCQR703],1
QTR ROUND PURE,"URBANIA 78"" QTR.ROUND PURE OAK - [URQRUC17101QR]",1
QTR ROUND SAGE,NATURESTEP - QTR.ROUND - SAGE - [GVNSQR804],1
QTR ROUND SOHO,METROPOLITAN - QTR.ROUND - SOHO - [GVMPQR705],1
QTR ROUND WAVE,NATURESTEP - QTR.ROUND - WAVE - [GVNSQR809],1
QTR ROUND ZINC,ELEMENTS - QTR.ROUND - ZINC - [GVSPCQR904],1
QTR ROUND ZION,AQUA BLUE II BY GARRISON - QTR. ROUND - ZION OAK - [GVWPCIIQR101],1
QTR W O M B LL,UNFINISHED - 3/4 X 5 QTR. W/O M.B LL - [LQ5QOM],1
QTR W O NO E M,"3/8 x 1 1/2"" QTR W/O NO E/M - [RT112QOSEM]",1
RANDOM CARRERA,WALNUT - SAMPLE-DAVINCI RANDOM CARRERA - [GNDV235SBW63],1
REDCUER ARCHES,GARRISON REDCUER ARCHES - [GCLARE7501],1
REDCUER KATMAI,GARRISON REDCUER KATMAI - [GCLARE7508],1
RISER ANGELINA,"RED RIVER - 3/4 X 7-1/4"" RISER ANGELINA - [GCRIBI80]",1
RISER DOUG FIR,CUSTOM RISER DOUG FIR (EA) - [MORISODEA],1
RIVER ANGELINA,"BIRCH - SAMPLE - RED RIVER 5"" ANGELINA - [GNRR5BISB80]; DISTRESSED - RED RIVER NOSING ANGELINA - [GCNO7BIN80]; RED RIVER T-MOULD ANGELINA - [GCTM7BIF80]; BIRCH - R.RIVER BABY T-HOLD ANGELINA - [GCBT7BIF80]; BIRCH - RED RIVER REDUCER ANGELINA - [GCRE7BIN80]",5
RIVER GLENWOOD,"BIRCH - SAMPLE - RED RIVER 5"" GLENWOOD - [GNRR5BISB84]; DISTRESSED - RED RIVER NOSING GLENWOOD - [GCNO7BIN84]; RED RIVER T-MOULD GLENWOOD - [GCTM7BIF84]; BIRCH - R.RIVER BABY T-HOLD GLENWOOD - [GCBT7BIF84]; BIRCH - RED RIVER REDUCER GLENWOOD - [GCRE7BIN84]",5
RIVER PRESCOTT,"BIRCH - SAMPLE - RED RIVER 5"" PRESCOTT - [GNRR5BISB85]; DISTRESSED - RED RIVER NOSING PRESCOTT - [GCNO7BIN85]; RED RIVER T-MOULD PRESCOTT - [GCTM7BIF85]; BIRCH - R.RIVER BABY T-HOLD PRESCOTT - [GCBT7BIF85]; BIRCH - RED RIVER REDUCER PRESCOTT - [GCRE7BIN85]",5
ROMANTIQUE 9.5,"LEGENDS - EURO OAK 9.5"" ROMANTIQUE - [GFLEO9504]",1
ROSEWOOD TRAIL,3 STRIP - LAMINATE 8MM ROSEWOOD TRAIL - [LAL8MERT]; LAMINATE NOSING ROSEWOOD TRAIL - [LANOL8MERT]; LAMINATE BABY-T ROSEWOOD TRAIL - [LABTL8MERT]; LAMINATE T-MOLD ROSEWOOD TRAIL - [LATML8MERT],4
ROUND AQUARIUS,ZODIAC WSPC - QUARTER ROUND - AQUARIUS - [GVZOQR7501],1
ROUND CAMELLIA,SECRET GARDEN SPC - QUARTER ROUND - CAMELLIA - [GVSGQR701],1
ROUND CHARCOAL,ELEMENTS - QTR.ROUND - CHARCOAL - [GVSPCQR1202],1
ROUND CINNAMON,CINNAMON O - LAMINATE Q-ROUND CINNAMON OAK - [LAQRL8MECO],1
ROUND COLONIAL,AQUA BLUE II BY GARRISON - QTR. ROUND - COLONIAL OAK - [GVWPCIIQR111],1
ROUND CORONADO,AQUA BLUE BY GARRISON - QTR. ROUND - CORONADO OAK - [GVWPCQR101],1
ROUND GARDENIA,SECRET GARDEN SPC - QUARTER ROUND - GARDENIA - [GVSGQR704],1
ROUND HACIENDA,AQUA BLUE II BY GARRISON - QTR. ROUND - HACIENDA OAK - [GVWPCIIQR104],1
ROUND HAZELNUT,NATURESTEP - QTR.ROUND - HAZELNUT - [GVNSQR803],1
ROUND POSEIDON,MYTHOLOGY - QUARTER ROUND - POSEIDON - [GVGAQR705],1
ROUND SEA FOAM,QUARTER ROUND SEA FOAM - [GCLAQR007],1
ROUND STARDUST,VINYLNOVA - QTR. ROUND - STARDUST - [GVVNQR911],1
ROUND TWILIGHT,VINYLNOVA - QTR. ROUND - TWILIGHT - [GVVNQR912],1
ROUND YOSEMITE,AQUA BLUE BY GARRISON - QTR. ROUND - YOSEMITE OAK - [GVWPCQR111],1
ROYAL MAHOGANY,"SPECIAL ORDER ROYAL MAHOGANY - [LQSORM]; DISTRESSED - 12.3MM 6-1/2"" ROYAL MAHOGANY - [LALXHS01]; SAMPLE - LUXURY ROYAL MAHOGANY - [LALXSBHS01]; *LAMINATE QTR ROYAL MAHOGANY - [LALXQRHS01]; ROYAL MAHOGANY - *FLUSH NOSING ROYAL MAHOGANY - [LALXFNOHS01]",5
RUN HICK PECAM,UNFIN/DIST - 1/2 x 7 MILL RUN HICK/PECAM - [GCUDH700],1
RUN HICK PECAN,UNFIN/DIST - 1/2 x 3 MILL RUN HICK/PECAN - [GCUDH300]; UNFIN/DIST - 1/2 x 5 MILL RUN HICK/PECAN - [GCUDH500]; BUCKSKIN - 9/16 X 5 MILL RUN HICK. PECAN - [OMN5MHB],3
RUN WILD PECAN,UNFIN/DIST - 1/2 x 5 MILL RUN WILD PECAN - [GCUDP500]; UNFIN/DIST - 1/2 x 7 MILL RUN WILD PECAN - [GCUDP700],2
S MAHOGANY NAT,SMOOTH - 1/2 X 4-3/4 2MM S.MAHOGANY NAT - [ENHSM43438],1
S RISER PRIMED,MDF - 11/16 X 7 1/4 S4S RISER PRIMED - [MORIMD202MUL],1
SANDALWOOD SPC,"SANDALWOOD SPC (20MIL) - 6.5MM 9"" X 60"" SANDALWOOD SPC - [GDSPW36265]",1
SANTOS MAHOGAN,"NATURAL - 5/8"" T-MOULD 8' SANTOS/MAHOGAN - [GCTMSF38]; 1/2 X 3-1/4 S/B SANTOS MAHOGAN - [UW12314SSN]; NATURAL - 5/8"" T-MOULD 7' SANTOS MAHOGAN - [GCTM7SF38]; NATURAL - 9/16"" NOSING 8' SANTOS MAHOGAN - [GCNOSN38]; UNFIN/DIST - 9/16"" NOSING 8' SANTOS MAHOGAN - [GCNOSN00]; LAMINATE T-MOLD SANTOS MAHOGAN - [LATML12PSSSSM]",6
SANTOS MAHOGNY,EXOTIC BASESHOE SANTOS MAHOGNY - [GCEXBSSH38],1
SANTOS UNFINSH,"DISTRESSED - 9/16"" NOSING SANTOS UNFINSH - [GCNO7SN00]",1
SAPELE NATURAL,"EXOTICS - 1/2 X 5 2MM SAPELE NATURAL - [GHEXS538]; SMOOTH - 1/2 X 5 2MM SAPELE NATURAL - [ENHSA538]; SMOOTH - 1/2 X 5 2MM SAPELE NATURAL - [GHEXS538]; SMOOTH - 1/2 X 7.5"" 2MM SAPELE NATURAL - [GHEXS7538]",4
SAPELI NATURAL,SMOOTH LIGHT - 1/2X5 SMOOTH SAPELI NATURAL - [EHSSA538L],1
SATIN FINISH O,"WALNUT - SATIN FINISH 1/2"" REDUCER R/O - [SAR5078WAL]; WALNUT - SATIN FINISH 1/2"" NOSING - R/O - [SAN35078WAL]; COGNAC - SATIN FINISH 1/2"" REDUCER R/O - [SAR5078CGL]; NATURAL - SATIN FINISH 1/2"" REDUCER R/O - [SAR5078NL]; GOLDENWEST - SATIN FINISH 1/2"" REDUCER R/O - [SAR5078GWL]; HONEY BROW - SATIN FINISH 1/2"" REDUCER R/O - [SAR5078HBL]",6
SB PALM CARBON,SAMPLE BOARD - SB - PALM WHITE OAK CARBON - [GWC-SBPAO101],1
SB PALM SUNSET,SAMPLE BOARD - SB - PALM WHITE OAK SUNSET - [GWC-SBPAO103],1
SB RIDGE FROST,SAMPLE BOARD - SB - RIDGE WHITE OAK FROST - [GWC-SBRIO102],1
SB TIDE CARBON,SAMPLE BOARD - SB - TIDE WHITE OAK CARBON - [GWC-SBTIO101],1
SB TIDE SUNSET,SAMPLE BOARD - SB - TIDE WHITE OAK SUNSET - [GWC-SBTIO103],1
SEDONA GARRISO,1/2 x 3 RED OAK SEDONA GARRISO - [GCGAR342]; 1/2 x 5 RED OAK SEDONA GARRISO - [GCGAR542],2
SEL BTR S E LL,3/4 X 5 SEL/BTR MAPLE S.E. LL - [LQ5FMS],1
SEL W O NESTED,"DAYSRPING - 3/8 x 2"" SEL W/O NESTED (24-SF - [RT2SOSNB-24]",1
SELECT CHAMPAC,NATURAL - 1/2 X 5 SELECT CHAMPAC - [SWH5CHN],1
SELECT W O B E,"5/16 x 4"" SELECT W/O B.E - [RFS4SOB]",1
SELECTION MESA,WATERFALL - PANEL - PRIVATE SELECTION MESA - [GCSBPS85802-2228],1
SET ASSORTMENT,WATERFALL ORIGINAL - SAMPLE SET - ASSORTMENT - [GCSASET99],1
SET BELLISSIMO,WATERFALL ORIGINAL - SAMPLE SET - BELLISSIMO - [GCSASET32],1
SET CAROLINA C,WATERFALL ORIGINAL - SAMPLE SET - CAROLINA C. <OB> - [GCSASET13]; WIRE RACK - SAMPLE SET - CAROLINA C. - [GCSETCC-1724]; WIRE RACK - SAMPLE SET - CAROLINA C. <N/L> - [GCSETCC-1724PL],3
SET DIRECT BUY,SAMPLE SET - DIRECT BUY - [GCSAMPLES18],1
SET NATURESTEP,WATERFALL - SAMPLE SET - NATURESTEP HB - [GCSETNS5-2323],1
SET SILVERLINE,SAMPLE SET - SILVERLINE - [GCSAMPLES16]; WATERFALL ORIGINAL - SAMPLE SET - SILVERLINE - [GCSASET16],2
SET SUMMIT SKY,"WATERFALL ORIGINAL - SAMPLE SET - SUMMIT SKY PLANK - [GCSASET56]; WATERFALL ORIGINAL - SAMPLE SET - SUMMIT SKY HB - [GCSETSS5-2323]; WATERFALL ORIGINAL - SAMPLE SET - SUMMIT SKY 7"" - [GCSETSS7-2323]",3
SET WANDERLUXE,WATERFALL ORIGINAL - SAMPLE SET - WANDERLUXE - [GCSASET35]; WATERFALL - SAMPLE SET - WANDERLUXE - [GCSETWL-2828],2
SHOE CHAMBOARD,FRENCH CONN. B.SHOE CHAMBOARD - [GCBSOH90],1
SHOE NEWCASTLE,"1/2"" BASE SHOE NEWCASTLE - [GCBSWH134]",1
SIDE COOL MIST,C.SIDE 8' T-MOULD COOL MIST - [GCCSTM8O02]; C.SIDE 8' BABY-T COOL MIST - [GCCSBT8O02]; C.SIDE 8' REDUCER COOL MIST - [GCCSRE8O02],3
SIDE SEA GLASS,C.SIDE 8' BABY-T SEA GLASS - [GCCSBT8O03]; C.SIDE 8' REDUCER SEA GLASS - [GCCSRE8O03]; C.SIDE 8' T-MOULD SEA GLASS - [GCCSTM8O03],3
SIDE WARM SAND,C.SIDE 8' T-MOULD WARM SAND - [GCCSTM8O07]; C.SIDE 8' T-MOULD WARM SAND - [GCCSTM8O10]; C.SIDE 8' BABY-T WARM SAND - [GCCSBT8O10]; C.SIDE 8' BABY-T WARM SAND - [GCCSBT8O07]; C.SIDE 8' REDUCER WARM SAND - [GCCSRE8O07]; C.SIDE 8' REDUCER WARM SAND - [GCCSRE8O10],6
SIENNA CYPRESS,"DISTRESSED - 12.3MM 6-1/2"" SIENNA CYPRESS - [LALXHS04]; SAMPLE - LUXURY SIENNA CYPRESS - [LALXSBHS04]; *LAMINATE QTR SIENNA CYPRESS - [LALXQRHS04]; SIENNA CYPRESS - *FLUSH NOSING SIENNA CYPRESS - [LALXFNOHS04]",4
SIERRA CORNERS,MDF CORNER - NONSTOCK - 9/16 X 5-1/4 SIERRA CORNERS - [MOCOMD352MULW],1
SKY PL ROCKIES,WATERFALL ORIGINAL - PANNEL- SUMMIT SKY PL ROCKIES - [GCSBSS504-2228]; WATERFALL ORIGINAL - PANNEL- SUMMIT SKY PL ROCKIES - [GCSBSS504-2424],2
SKY UNF HICKOR,BIG SKY NOSING UNF.DIST HICKOR - [GCNO7HH00BS],1
SKY UNF WALNUT,BIG SKY NOSING UNF.WALNUT 8' - [GCNO8WH00BS],1
SKY WINCHESTER,SAMPLE - BIG SKY WINCHESTER - [EHBS7SBM139]; BIG SKY BASESHOE WINCHESTER - [GCBSWH139]; WALNUT - BIG SKY 7' T-MOULD WINCHESTER - [GCBSTM7W139]; WALNUT - BIG SKY 8' T-MOULD WINCHESTER - [GCBSTM8W139]; WALNUT - BIG SKY 7' REDUCER WINCHESTER - [GCBSRE7W139]; WALNUT - BIG SKY 8' REDUCER WINCHESTER - [GCBSRE8W139]; WALNUT - BIG SKY 7' NOSING WINCHESTER - [GCBSNO7W139]; WALNUT - BIG SKY 8' NOSING WINCHESTER - [GCBSNO8W139],8
SLIM LINE BASE,OAK - NONSTOCK - 1/2 X 2-1/2 SLIM LINE BASE - [MOBBRO306-O],1
SM FRUITWOOD P,"GII SMOOTH - WALNUT 5"" SM. FRUITWOOD 2P - [GNSSW5282P]",1
SM NAT CALCORE,"GII SMOOTH - MAPLE CHAR. 5"" SM. NAT CALCORE - [GNSSM538SB]",1
SONOMA CORNERS,MDF CORNER - NONSTOCK - 9/16 X 5-1/4 SONOMA CORNERS - [MOCOMD361MULW],1
SOUTHERN CHARM,WATERFALL - SAMPLE SET - SOUTHERN CHARM - [GCSETSC-2323],1
SPANISH COFFEE,"CANTINA BY GARRISON - HICKORY 7.5"" SPANISH COFFEE - [GHCAH75103]; 22.5"" X 28"" - PANEL - CANTINA SPANISH COFFEE - [GCSBCAH75103-2228]",2
SPC NATURESTEP,HANDSET - SPC NATURESTEP - [GCKEYSET65],1
SS DAPPLE GREY,MAPLE SMOOTH - SS 7' NOSING DAPPLE GREY - [GCSSNO7M195]; MAPLE SMOOTH - SS 8' NOSING DAPPLE GREY - [GCSSNO8M195],2
STRAND NAT CAR,TIGER - GARRISON BAMBOO STRAND NAT/CAR - [GFBA72SNC],1
STRAND NATURAL,BAMBOO STRAND T-MOULD NATURAL - [BATMBSN],1
STREAMLINE W O,5/8 x 2 1/2 STREAMLINE W/O - [MOSL582O],1
STRIP PERUVIAN,"WALNUT - 5/16"" X 2' F-STRIP PERUVIAN - [MOFSPW5162]",1
STRIP PERUVINA,"WALNUT - 5/1"" X 3/4"" F-STRIP PERUVINA - [MOFSPW51634]",1
SUMMIT SKY SPC,HANDSET - SUMMIT SKY SPC - [GCKEYSET69],1
TAILORED TAUPE,"URBANIA - 5/8 X 6"" TAILORED TAUPE OAK - [URUC17204]",1
TI BUTTERSCOTT,CHERRY - TI BABY TRESHOLD BUTTERSCOTT - [GCBT7CF03]; CHERRY - TI REDUCER BUTTERSCOTT - [GCRE7CH03],2
TI II BRADFORD,"HICKORY - SAMPLE - TI II BRADFORD - [GHTI2357HSB135]; HICKORY - SAMPLE - TI II 5"" BRADFORD - [GHTI25HSB135]; HICKORY - *TI.II T-MOULD BRADFORD - [GCTM7HF135]",3
TI II KINGSTON,"CHERRY - SAMPLE - TI II 5"" KINGSTON - [GHTI25CSB137]; CHERRY - TI.II T-MOULD KINGSTON - [GCTM7CF137]",2
TIGER MAHOGANY,"11/16"" NOSING B.TIGER MAHOGANY - [YHMS2802]",1
TOASTED WALNUT,HI GLOSS - LAMINATE 12MM TOASTED WALNUT - [LAL12PSSTW]; HI-GLOSS - LAMINATE BABY-T TOASTED WALNUT - [LABTL12PSSTW]; NATURAL - LAMINATE BABY-T TOASTED WALNUT - [LABT12PSSTW],3
TREAD AMER CHE,"11-3/4"" LAM. TREAD - AMER. CHE - [MOTRC]",1
TREAD CAMELLIA,SECRET GARDEN SPC - TREAD - CAMELLIA - [GVSGTR701],1
TREAD CHARCOAL,ELEMENTS - TREAD - CHARCOAL - [GVSPCTR1202],1
TREAD COLONIAL,AQUA BLUE II BY GARRISON - TREAD - COLONIAL OAK - [GVWPCIITR111],1
TREAD CORONADO,AQUA BLUE BY GARRISON - TREAD - CORONADO OAK - [GVWPCTR101],1
TREAD DOUG FIR,CUSTOM TREAD DOUG FIR (LF) - [MOTRSODLF]; CUSTOM TREAD DOUG FIR (EA) - [MOTRSODEA],2
TREAD GARDENIA,SECRET GARDEN SPC - TREAD - GARDENIA - [GVSGTR704],1
TREAD HACIENDA,AQUA BLUE II BY GARRISON - TREAD - HACIENDA OAK - [GVWPCIITR104],1
TREAD SEA FOAM,TREAD SEA FOAM - [GCLATR007],1
TREAD STARDUST,VINYLNOVA - TREAD - STARDUST - [GVVNTR911],1
TREAD TWILIGHT,VINYLNOVA - TREAD - TWILIGHT - [GVVNTR912],1
TREAD YOSEMITE,AQUA BLUE BY GARRISON - TREAD - YOSEMITE OAK - [GVWPCTR111],1
TUSCANY CASING,MDF - NONSTOCK - 7/8 X 4-1/4 TUSCANY CASING - [MOCAMD140MUL],1
TUXEDO VINTAGE,DESIGNER SAMPLE - DS - TUXEDO WHITE OAK VINTAGE - [GWC-DSTUO104]; SAMPLE BOARD - SB - TUXEDO WHITE OAK VINTAGE - [GWC-SBTUO104],2
UNF MICRO B AB,"MICRO BEVELED - EURO OAK 9.5"" UNF.MICRO-B AB - [ENFO9500SM-22]",1
UNF WIRE BRUSH,"8' WIRE BRUSHED - 1/2""NOSING W/O UNF.WIRE BRUSH - [GCNO8OH00W]",1
UNFINISHED M B,1/2 x 3 CHERRY UNFINISHED M.B - [GCUNC300]; 1/2 x 7 CHERRY UNFINISHED M.B - [GCUNC700]; 1/2 X 7 RED OAK UNFINISHED M.B - [GCUNR700],3
UNFINISHED S E,1/2 x 5 CHERRY UNFINISHED S.E. - [GCUNC500SE],1
USE ITEM RH OS,USE ITEM RH1121OS - [RH1121OSSP],1
V GROOVE MOCHA,MOCHA - LAMINATE V GROOVE MAPLE MOCHA - [LAET1080],1
V YARD CHABLIS,V.YARD 8' BABY T-HOLD CHABLIS - [GCVYBT8O902],1
V YARD CHIANTI,V.YARD 8' BABY T-HOLD CHIANTI - [GCVYBT8O903],1
VAL BLACKSTONE,"CRY. VAL T-MOULD BLACKSTONE - [GCTMOF74]; CRY.VAL T-MOULD BLACKSTONE - [GCTM7OF74]; CRY.VAL 3/4"" NOSING BLACKSTONE - [GCNO7OQ74]",3
VAL BLK WALNUT,ACACIA DISTRESSED - CRY.VAL 7' T-MOULD BLK WALNUT - [GCCVSTM7A16]; ACACIA DISTRESSED - CRY.VAL 8' T-MOULD BLK WALNUT - [GCCVSTM8A16]; ACACIA DISTRESSED - CRY.VAL 4' T-MOULD BLK WALNUT - [GCCVSTM4A16],3
VAL PRAI WHEAT,"WHITE OAK - CRY.VAL 1/2"" NOSING PRAI.WHEAT - [GCNO7OSH68]; WHITE OAK - CRY.VAL 3/4"" NOSING PRAI.WHEAT - [GCNO7OSQ68]; CRY.VAL 8' T-MOULD PRAI.WHEAT - [GCCVTM8O68]",3
VALLEY END CAP,WHITE CHERRY - PARADISE VALLEY END CAP WHITE - [LAPVECC02]; OAK - PARADISE VALLEY END CAP OAK - [LAPVECO701],2
VALLEY GREY CH,GREY CHERRY - PANEL-PARADISE VALLEY GREY CH - [GCSBPVC01-1924],1
VALLEY QTR RND,WHITE CHERRY - PARADISE VALLEY QTR RND WHITE - [LAPVQRC02]; OAK - PARADISE VALLEY QTR RND OAK - [LAPVQRO701],2
VALLEY RUSSIAN,RUSSIAN BLACK OAK - PANEL-PARADISE VALLEY RUSSIAN - [GCSBPVO02-1924],1
VERONA BISCOTT,1/2 X 6.2 MAPLE VERONA BISCOTT - [AWDTB625],1
VERSAILLES PLY,"FRENCH CONNECTION - EURO OAK 7"" VERSAILLES 2 PLY - [GFFCOB7392P]",1
VERTICAL RISER,NATURAL - HAWA BAMBOO VERTICAL RISER 4' - [HARIBVN]; CARBONIZED - HAWA BAMBOO VERTICAL RISER 4' - [HARIBVC],2
VICTORIAN BASE,MDF - NONSTOCK - *9/16 X 5-1/4 VICTORIAN BASE - [MOBBMD330BMUL],1
VINCI COLLEONI,DA VINCI 8' BABY-T COLLEONI - [GCDVBT8O706]; DA VINCI 8' NOSING COLLEONI - [GCDVNO8O706]; DA VINCI 8' REDUCER COLLEONI - [GCDVRE8O706]; DA VINCI 8' T-MOULD COLLEONI - [GCDVTM8O706]; WATERFALL - PANEL - DA VINCI COLLEONI - [GCSBDV706-2228],5
VINCI MARCELLO,DA VINCI 8' BABY-T MARCELLO - [GCDVBT8O707]; DA VINCI 8' NOSING MARCELLO - [GCDVNO8O707]; DA VINCI 8' REDUCER MARCELLO - [GCDVRE8O707]; DA VINCI 8' T-MOULD MARCELLO - [GCDVTM8O707]; DA VINCI 7' NOSING MARCELLO - [GCDVNO7O707]; WATERFALL - PANEL - DA VINCI MARCELLO - [GCSBDV707-2228],6
VINEYARD PINOT,VINEYARD 8' NOSING PINOT - [GCVYNO8O906]; VINEYARD 8' T-MOULD PINOT - [GCVYTM8O906]; VINEYARD 8' REDUCER PINOT - [GCVYRE8O906]; WATERFALL - PANEL - VINEYARD PINOT - [GCSBBVY906-2228]; WATERFALL - PANEL - VINEYARD PINOT <NL> - [GCSBBVY906-2228PL],5
VINEYARD PRIMO,VINEYARD 8' NOSING PRIMO - [GCVYNO8O909]; WATERFALL - PANEL - VINEYARD PRIMO - [GCSBBVY909-2228]; WATERFALL - PANEL - VINEYARD PRIMO <NL> - [GCSBBVY909-2228PL],3
VINEYARD TREAD,VINEYARD TREAD - [GCTRVY],1
VINTAGE CHERRY,"CRYSTAL - 12.3MM 5"" VINTAGE CHERRY - [LALXCS04]; LAMINATE NOSING VINTAGE CHERRY - [LALXNOCS04]; SAMPLE - LUXURY VINTAGE CHERRY - [LALXSBCS04]; LAMINATE QTR VINTAGE CHERRY - [LALXQRCS04]; VINTAGE CHERRY - FLUSH NOSING VINTAGE CHERRY - [LALXFNOCS04]",5
VINTAGE CYPRES,LAMINATE T-MOLD VINTAGE CYPRES - [LATMCW7609]; LAMINATE NOSING VINTAGE CYPRES - [LANOCW7609]; LAMINATE BABY-T VINTAGE CYPRES - [LABTCW7609],3
VINYL CRESTONE,*GLUE DOWN VINYL CRESTONE - [GVGD103],1
VINYL ESPRESSO,DEEP EMBOSSED - LUXURY VINYL ESPRESSO OAK - [GVLX006],1
VINYL PACIFICA,LOOSE LAY VINYL PACIFICA - [GVLL206],1
VINYLNOVA RACK,14 SLOT - VINYLNOVA WATERFALL RACK - [GCRACK22],1
W BLACK WALNUT,NATURAL - M.W 9/16 X 4- 3/4 BLACK WALNUT - [MWTLECH90],1
W O BEVEL EDGE,3/4 x 3 W/O BEVEL EDGE - [RQ3SOB]; 3/4 x 4 W/O BEVEL EDGE - [RQ4SOB]; *INDIANA* - 3/4 x 5 W/O BEVEL EDGE - [RQ5SOB]; *INDIANA* - 3/4 x 6 W/O BEVEL EDGE - [RQ6SOB]; *INDIANA* - 3/4 x 7 W/O BEVEL EDGE - [RQ7SOB]; MUST QUOTE - *3/4 x 8 W/O BEVEL EDGE - [RQ8SOB],6
W O BLACKSTONE,"SMOOTH - 3/4"" NOSING W/O BLACKSTONE - [GCNOOSQ74]",1
W O CHO CHERRY,"CRYSTAL VALLEY - *W/O SOLID DIST. 5"" CHO.CHERRY - [GQCVDO555]",1
W O FRENCH QTR,"DISTRESSED - 9/16"" NOSING W/O FRENCH QTR. - [GCNO7ON56]",1
W O GUNSTOCK M,"CRYSTAL VALLEY - W/O ENG 3-1/4"" GUNSTOCK 2.2M - [GHCVO31447]",1
W O HONEY ROSE,"1/2"" NOSING W/O HONEY ROSE 78"" - [UWNO12OH]; 1/2"" REDUCER W/O HONEY ROSE 78 - [UWRE12OH]; T-MOULD W/O HONEY ROSE 78"" - [UWTM58OH]; CRYSTAL VALLEY - *W/O SOLID 3-1/4"" HONEY ROSE - [GQCVO31449]",4
W O PR WHEAT 5,"CRYSTAL VALLEY - W/O PR.WHEAT ENG 5"" 2MM - [GHCVO568]",1
W O WIRED GREY,"CRYSTAL V - *W/O SOLID WIRED 5"" WHITE GREY - [GQCVDO5165]",1
W SANTOS MAHOG,NATURAL - M.W 9/16 X 4-3/4 SANTOS MAHOG. - [MWTLECH88],1
WALNUT ANTIQUE,"GII DISTRESSED - WALNUT 5"" ANTIQUE DISTRESSED - [GNIIW523]; GII SMOOTH - WALNUT 5"" SMOOTH ANTIQUE - [GNSSW523]; GII DIST - WALNUT 5"" ANTIQUE DISTRESSED - [GNIIW523]; SMOOTH - 9/16"" NOSING 8' WALNUT ANTIQUE - [GCNOWSN23]; GIII DIST - *G3 WALNUT 5"" ANTIQUE - [GHIIIW523]; 1/2"" - SAMPLE - G3 WALNUT ANTIQUE - [GHIII5SBW23]",6
WALNUT CARRERA,"DAVINCI - *WALNUT 5"" CARRERA - [GNDVW563]",1
WALNUT COLLINE,"BELLISSIMO - WALNUT 7.5"" COLLINE - [GHBEW75403]",1
WALNUT F STRIP,"1/2"" X 1 1/2"" WALNUT F. STRIP - [MOFSWH112]",1
WALNUT MOLDING,NATURAL - EXOTIC WALNUT T-MOLDING - [LATMSRCEWTM],1
WALNUT NATURAL,"LEGENDS - WALNUT 7.5"" NATURAL - [GFLEW7501]; GII DISTRESSED - WALNUT 5"" NATURAL DISTRESSED - [GNIIW538]; GII SMOOTH - WALNUT 5"" NATURAL SMOOTH - [GNSSW538]; TIME INSPR - WALNUT 5"" NATURAL - [GCTIW538]; GII DIST - WALNUT 5"" NATURAL DISTRESSED - [GNIIW538]; NATURAL - NOSING WALNUT NATURAL - [YHNO0097]; DISTRESSED - *G3 NOSING WALNUT NATURAL - [GCNO7WH38]; *G3 REDUCER WALNUT NATURAL - [GCRE7WH38]; DELUXE - *WALNUT 6"" NATURAL - [GFDXW638]; G PLUS - WALNUT 5"" NATURAL            * - [GNPLW538]; PLUS T-MOULD WALNUT NATURAL - [GCTM7WF38PL]; TI T-MOULD WALNUT NATURAL - [GCTM7WF38TI]; PLUS NOSING WALNUT NATURAL - [GCNO7WN38PL]; WALNUT - PLUS REDUCER WALNUT NATURAL - [GCRE7WN38PL]; WALNUT NAT - LAMINATE WALNUT NATURAL - [LACW7630]; WALNUT NAT - LAMINATE T-MOLD WALNUT NATURAL - [LATMCW7630]; WALNUT NAT - LAMINATE NOSING WALNUT NATURAL - [LANOCW7630]; WALNUT NAT - LAMINATE BABY-T WALNUT NATURAL - [LABTCW7630]; WALNUT NAT - LAMINATE 12MM WALNUT NATURAL - [LAED228]; WALNUT NAT - LAMINATE NOSING WALNUT NATURAL - [LANOED228]; LAMINATE T-MOLD WALNUT NATURAL - [LATMED228]; LAMINATE BABY-T WALNUT NATURAL - [LABTED228]; SMOOTH - *1/2 X 5 2MM WALNUT NATURAL - [ENHW538]; DISTRESSED - LAMINATE 12MM WALNUT NATURAL - [LAL12NDWN]; DISTRESSED - 1/2 X 5 DIST WALNUT NATURAL - [EHDW538]; GIII DIST - *G3 WALNUT 5"" NATURAL - [GHIIIW538]; 1/2"" - SAMPLE - G3 WALNUT NATURAL - [GHIII5SBW38]; SMOOTH - 3/8 X 3 WALNUT NATURAL - [ETSWA338]; SOLID EXOTICS - 3/4 X 5"" BRAZ/WALNUT NATURAL - [PFQCBW538]; GII 7' T-MOULD WALNUT NATURAL - [GCIITM7W38]; GII 8' T-MOULD WALNUT NATURAL - [GCIITM8W38]; GII 7' REDUCER WALNUT NATURAL - [GCIIRE7W38]; GII 8' REDUCER WALNUT NATURAL - [GCIIRE8W38]; WALNUT DISTRESSED - GII 7' NOSING WALNUT NATURAL - [GCIINO7W38]; WALNUT DISTRESSED - GII 8' NOSING WALNUT NATURAL - [GCIINO8W38]; WALNUT SMOOTH - SS 7' T-MOULD WALNUT NATURAL - [GCSSTM7W38]; WALNUT SMOOTH - SS 8' T-MOULD WALNUT NATURAL - [GCSSTM8W38]; WALNUT SMOOTH - SS 7' NOSING WALNUT NATURAL - [GCSSNO7W38]; WALNUT SMOOTH - SS 8' NOSING WALNUT NATURAL - [GCSSNO8W38]; FLUSH NOSING WALNUT NATURAL - [LALXFNOHS08]; LAMINATE TREAD WALNUT NATURAL - [LALXTRHS08]; DESIGNER SAMPLE - DS - CLOVER WALNUT NATURAL - [GWC-DSCLW103]; DESIGNER SAMPLE - DS - MOSAIC WALNUT NATURAL - [GWC-DSMOW103]; DESIGNER SAMPLE - DS - DIAMOND WALNUT NATURAL - [GWC-DSDIW103]; DESIGNER SAMPLE - DS - OYSTER WALNUT NATURAL - [GWC-DSOYW103]; DESIGNER SAMPLE - DS - RIDGE WALNUT NATURAL - [GWC-DSRIW103]; DESIGNER SAMPLE - DS - TIDE WALNUT NATURAL - [GWC-DSTIW103]; DESIGNER SAMPLE - DS - TUXEDO WALNUT NATURAL - [GWC-DSTUW103]; DESIGNER SAMPLE - DS - PALM WALNUT NATURAL - [GWC-DSPAW103]; SAMPLE BOARD - SB - CLOVER WALNUT NATURAL - [GWC-SBCLW103]; SAMPLE BOARD - SB - TUXEDO WALNUT NATURAL - [GWC-SBTUW103]; SAMPLE BOARD - SB - OYSTER WALNUT NATURAL - [GWC-SBOYW103]; SAMPLE BOARD - SB - DIAMOND WALNUT NATURAL - [GWC-SBDIW103]; SAMPLE BOARD - SB - MOSAIC WALNUT NATURAL - [GWC-SBMOW103]; SAMPLE BOARD - SB - RIDGE WALNUT NATURAL - [GWC-SBRIW103]; SAMPLE BOARD - SB - TIDE WALNUT NATURAL - [GWC-SBTIW103]; SAMPLE BOARD - SB - PALM WALNUT NATURAL - [GWC-SBPAW103]; CLIFFSIDE BY GARRISON - WALNUT 7.5"" NATURAL - [GFCSW7501]; DU BOIS - WALNUT 5/8 X 7.5"" NATURAL - [GFDBW7501]; DB 8' NOSING WALNUT NATURAL - [GCDBNO8W01]; DB 8' T-MOULD WALNUT NATURAL - [GCDBTM8W01]; DB 8' REDUCER WALNUT NATURAL - [GCDBRE8W01]; DU BOIS - WALNUT 7.5"" NATURAL UV OIL - [GFDBW7501O]",63
WALNUT STETSON,BIG SKY - 1/2 X 7 DIST WALNUT STETSON - [EHBSW7152],1
WANDERLUXE RIO,WANDERLUXE BASESHOE RIO - [GCWLBSO09]; WANDERLUXE 8' BABY T RIO - [GCWLBT8O09]; WANDERLUXE 8' NOSING RIO - [GCWLNO8O09]; WANDERLUXE 8' REDUCER RIO - [GCWLRE8O09]; WANDERLUXE 8' T-MOULD RIO - [GCWLTM8O09]; WATERFALL - PANEL - WANDERLUXE RIO - [GCSBWL9009-2828]; WANDERLUXE 7' T-MOULD RIO - [GCWLTM7O09],7
WHITEOAK NESTE,**LEBANON DROPPED ITEM** - *3/8 X 2 SELECT WHITEOAK NESTE - [RT2SOSNB],1
WIDTH MARCELLO,DAVINCI - MAPLE RANDOM WIDTH MARCELLO - [GNDVM23564],1
WINDSOR CHERRY,NATURAL - MAX WINDSOR NOSING A. CHERRY - [MWNO89],1
YELLOW PINE LL,SPECIAL ORDER YELLOW PINE LL - [LQSOYP],1
ZUMA BEACH 7.5,"NEWPORT - EURO OAK 7.5"" ZUMA BEACH (1/2"" - [GHNPO208]",1
3.25 PR WHEAT,"CRYSTAL VALLEY - W/O PR.WHEAT ENG 3-1/4"" 2MM - [GHCVO31468]; CRYSTAL VALLEY USA - WHITE OAK PR.WHEAT 3-1/4"" 3MM - [GHCVO31468USA-33]",2
5 ACACIA GOLD,EXOTICS - 1/2 X 5 ACACIA DIST. GOLD - [GHEXA5147],1
5.25 FRESH MB,SHEOGA - 3/4 X 5.25 EN.W/O FRESH CUT MB - [PFSHEO538],1
7.5 PEB BEACH,"NEWPORT - EURO OAK 7.5"" PEB.BEACH (1/2"") - [GHNPO206]",1
9.5 CARMELITA,"BEVERLY HILLS - EURO OAK 9.5"" CARMELITA - [GFBHO9510]",1
9.5 CHAMPAGNE,"GOLD LABEL - OAK 9.5"" CHAMPAGNE - [GFGLR9502]",1
9.5 HILLCREST,"BEVERLY HILLS - EURO OAK 9.5"" HILLCREST - [GFBHO9503]",1
ACACIA BRONZE,"EXOTICS - 1/2 X 5 ACACIA DIST. BRONZE - [GHEXA5146]; 9/16"" REDUCER ACACIA BRONZE - [GCRE7ACN146]; M.EMBOSSED - 8.3MM 5-5/8"" ACACIA BRONZE - [LALXME01]; LAMINATE REDUCER ACACIA BRONZE - [LALXREME01]; LAMINATE T-MOULD ACACIA BRONZE - [LALXTMME01]; LAMINATE END CAP ACACIA BRONZE - [LALXECME01]; SAMPLE - LUXURY ACACIA BRONZE - [LALXSBME01]; DISTRESS - 1/2 X 5 ACACIA DIST. BRONZE - [GHEXA5146]; FLUSH NOSING ACACIA BRONZE - [LALXFNOME01]; DISTRESS - 1/2 X 7.5"" ACACIA DIST.BRONZE - [GHEXA75146]; CRYSTAL VALLEY - ACACIA SOLID DIST.4-7/8""BRONZE - [GQCVDA478146]; EXOTIC BASESHOE ACACIA BRONZE - [GCEXBSAH146]",12
ACACIA BROZNE,LAMINATE NOSING ACACIA BROZNE - [LALXNOME01]; LAMINATE QTR ACACIA BROZNE - [LALXQRME01],2
ACACIA GOLD 5,EXOTICS - 1/2 X 5 ACACIA DIST. GOLD - [GHEXA5147],1
ACACIA RANGAL,3/4 X 4-3/4 ACACIA RANGAL - [PQSRAN01],1
ACACIA RISTIC,IND.WALNUT - 9/16X4 7/8 ACACIA RISTIC DIST - [ENLGZYG1ACA6],1
ALLORA ADD ON,WATERFALL - SAMPLE SET - ALLORA ADD-ON - [GCSETAL-2228ADD],1
ALLORA ALTURA,"PANEL - ALLORA 7.5"" ALTURA - [GCSBAL7501-2228]; PANEL - ALLORA 9.5"" ALTURA - [GCSBAL9501-2228]; PANEL - ALLORA HB ALTURA - [GCSBALPH401]",3
ALLORA STRADA,"PANEL - ALLORA 7.5"" STRADA - [GCSBAL7506-2228]; PANEL-ALLORA 7.5""STRADA SELECT - [GCSBAL7506S-2228]; PANEL - ALLORA 9.5"" STRADA - [GCSBAL9506-2228]",3
ALTURA SELECT,"ALLORA - EURO OAK 7.5"" ALTURA SELECT - [GFALO7501S]; ALLORA - EURO OAK 9.5"" ALTURA SELECT - [GFALO9501S]; ALLORA BY GARRISON - EURO OAK 7.5"" ALTURA SELECT - [GFALO7501S]; ALLORA BY GARRISON - EURO OAK 9.5"" ALTURA SELECT - [GFALO9501S]",4
AM CHERRY S E,CON.CHOICE - *5/8 X 4 CHAR. AM/CHERRY S.E - [GFCOC4CS]; CON.CHOICE - 5/8 X 5 CHAR. AM/CHERRY S.E - [GFCOC5CS]; CON.CHOICE - *5/8 X 6 CHAR. AM/CHERRY S.E - [GFCOC6CS]; CON.CHOICE - *5/8 X 7 CHAR. AM/CHERRY S.E - [GFCOC7CS],4
AMBER NATURAL,"CRYSTAL VALLEY - MAPLE ENG 5"" AMBER NATURAL 4MM - [GNCVM538]",1
ANASTASIA PLY,"DU BOIS - EURO OAK 7.5"" ANASTASIA 2 PLY - [GFDBO71952P]",1
ANCIENT BEECH,LAMINATE 12.3MM ANCIENT BEECH - [LAVG1040]; TMOULDING ANCIENT BEECH - [LATMVG1040]; REDUCER ANCIENT BEECH - [LAREVG1040]; LAMINATE BABY-T ANCIENT BEECH - [LABTVG1040],4
ANCIENT MAHOG,LAMINATE REDUCER ANCIENT MAHOG - [LAREED292],1
ANTIQUITY PLY,"NOUVELLE - *EURO OAK 7.5"" ANTIQUITY 2 PLY - [GFNVO75012P]",1
APPALOOSA DIS,"BIG SKY - *1/2X4,6,8 MAPLE APPALOOSA DIS - [EHBSM468148]",1
AQUA BLUE WPC,HANDSET - AQUA BLUE 7 WPC - [GCKEYSET50],1
AUSTR CYPRESS,NATURAL - 9/16 X 5 DIST. AUSTR. CYPRESS - [FFN5DCN],1
B BRAZ CHERRY,NATURAL - 3/4 X 5 S/B BRAZ/CHERRY - [UW345SBN],1
B H CARMELITA,B.H BABY T-HOLD CARMELITA - [GCBHBT8O10],1
B H HILLCREST,B.H BABY T-HOLD HILLCREST - [GCBHBT8O03],1
BAMBOO HORZ B,COFFEE - GARRISON BAMBOO HORZ. B-T-HOLD - [GFBABTH37],1
BAMBOO STRAND,"NATURAL - BAMBOO  STRAND - [BA36SN]; STRAND - 5/8"" REDUCER BAMBOO STRAND - [GFREBAFS]; CARBONIZED - BAMBOO STRAND 5/8 X 3-3/4 X 72 - [BA72SC]; NATURAL - BAMBOO STRAND REDUCER - [BAREBSN]; CARBONIZED - BAMBOO  STRAND  1/2 X 4"" X 72"" - [BA722SC]; NATURAL - BAMBOO STRAND NOSING - [BANOBSN]; CARBONIZED - BAMBOO STRAND NOSING - [BANOBSC]; CARBONIZED - BAMBOO STRAND - [BA36SC]; CARBONIZED - BAMBOO STRAND REDUCER - [BAREBSC]",9
BASE SHOE ASH,1/2 x 3/4 BASE SHOE - ASH - [MOBS12A],1
BASE SHOE W O,3/8 x 3/4 BASE SHOE - W/O - [MOBS38O]; 5/8 x 13/16 BASE SHOE - W/O - [MOBS58O],2
BEECH CLASSIC,STAINED - TEM. 3/4 X 3-1/4 BEECH CLASSIC - [TMQ314BC]; NATURAL - TEM. 3/4 X 2-1/4 BEECH CLASSIC - [TMQ214BC],2
BEECH NATURAL,LONG STRIP - 9/16 X 5 3 STRIP BEECH NATURAL - [ENNB5LS38]; LONG STRIP - 9/16 X 7 X 7 BEECH NATURAL - [ENNB7LS38]; BEECH NAT - LAMINATE BEECH NATURAL - [LACW87634]; BEECH NAT - LAMINATE T-MOLD BEECH NATURAL - [LATMCW87634]; BEECH NAT - LAMINATE REDUCER BEECH NATURAL - [LARECW87634]; BEECH NAT - LAMINATE NOSING BEECH NATURAL - [LANOCW87634]; BEECH NAT - LAMINATE BABY-T BEECH NATURAL - [LABTCW87634],7
BELLAGIO COMO,BELLAGIO 8' BABY-T COMO - [GCBLBT8O001]; BELLAGIO 8' NOSING COMO - [GCBLNO8O001]; BELLAGIO 8' T-MOULD COMO - [GCBLTM8O001]; BELLAGIO 8' REDUCER COMO - [GCBLRE8O001]; BELLAGIO BASESHOE COMO - [GCBLBSO001]; WATERFALL - PANEL - BELLAGIO COMO - [GCSBBL7501-2228]; WATERFALL - PANEL - BELLAGIO COMO <N/L> - [GCSBBL7501-2228PL],7
BELLAGIO LAGO,BELLAGIO 8' BABY-T LAGO - [GCBLBT8O002]; BELLAGIO 8' NOSING LAGO - [GCBLNO8O002]; BELLAGIO 8' T-MOULD LAGO - [GCBLTM8O002]; BELLAGIO 8' REDUCER LAGO - [GCBLRE8O002]; BELLAGIO BASESHOE LAGO - [GCBLBSO002],5
BH BURTON WAY,WATERFALL - PANEL - BH BURTON WAY - [GCSBBH9501-2828],1
BH LOMA LINDA,WATERFALL - PANEL - BH LOMA LINDA - [GCSBBH9511-2828],1
BIG SKY TREAD,BIG SKY TREAD - [GCTRBS],1
BLDGR NATURAL,"CRYSTAL V - WALNUT SOLID BLDGR 4"" NATURAL - [GQCVWB438]",1
BLDR GUNSTOCK,"CRYSTAL V - W/O BLDR SOLID 3 1/4"" GUNSTOCK - [GQCVOB31447]",1
BOIS BRIGITTE,DU BOIS BASESHOE BRIGITTE - [GCDBBSOH182]; OAK - DU BOIS 7' T-MOULD BRIGITTE - [GCDBTM7O182]; OAK - DU BOIS 8' T-MOULD BRIGITTE - [GCDBTM8O182]; OAK - DU BOIS 7' REDUCER BRIGITTE - [GCDBRE7O182]; OAK - DU BOIS 8' REDUCER BRIGITTE - [GCDBRE8O182]; OAK - DU BOIS 7' NOSING BRIGITTE - [GCDBNO7O182]; OAK - DU BOIS 8' NOSING BRIGITTE - [GCDBNO8O182]; WATERFALL - PANEL - DU BOIS BRIGITTE - [GCSBDB7182-2228]; PANEL-DU BOIS BRIGITTE <N/L> - [GCSBDB7182-2228PL],9
BOIS DANIELLE,DU BOIS BASESHOE DANIELLE - [GCDBBSOH186]; OAK - DU BOIS 7' T-MOULD DANIELLE - [GCDBTM7O186]; OAK - DU BOIS 8' T-MOULD DANIELLE - [GCDBTM8O186]; OAK - DU BOIS 7' REDUCER DANIELLE - [GCDBRE7O186]; OAK - DU BOIS 8' REDUCER DANIELLE - [GCDBRE8O186]; OAK - DU BOIS 7' NOSING DANIELLE - [GCDBNO7O186]; OAK - DU BOIS 8' NOSING DANIELLE - [GCDBNO8O186]; WATERFALL - PANEL - DU BOIS DANIELLE - [GCSBDB7186-2228],8
BOIS FIAMETTA,DU BOIS NOSING FIAMETTA - [GCDBNOON198]; DU BOIS T-MOULD FIAMETTA - [GCDBTMOF198]; DU BOIS REDUCER FIAMETTA - [GCDBREON198]; DU BOIS BABY-T FIAMETTA - [GCDBBTOF198]; OAK - DU BOIS 7' T-MOULD FIAMETTA - [GCDBTM7O198]; OAK - DU BOIS 8' T-MOULD FIAMETTA - [GCDBTM8O198]; OAK - DU BOIS 7' REDUCER FIAMETTA - [GCDBRE7O198]; OAK - DU BOIS 8' REDUCER FIAMETTA - [GCDBRE8O198]; OAK - DU BOIS 7' NOSING FIAMETTA - [GCDBNO7O198]; OAK - DU BOIS 8' NOSING FIAMETTA - [GCDBNO8O198]; PANEL-DU BOIS FIAMETTA <N/L> - [GCSADBO7198PL],11
BOIS ISABELLE,DU BOIS BASESHOE ISABELLE - [GCDBBSOH188]; OAK - DU BOIS 7' T-MOULD ISABELLE - [GCDBTM7O188]; OAK - DU BOIS 8' T-MOULD ISABELLE - [GCDBTM8O188]; OAK - DU BOIS 7' REDUCER ISABELLE - [GCDBRE7O188]; OAK - DU BOIS 7' NOSING ISABELLE - [GCDBNO7O188]; OAK - DU BOIS 8' NOSING ISABELLE - [GCDBNO8O188]; OAK - DU BOIS 8' REDUCER ISABELLE - [GCDBRE8O188],7
BOIS JULIETTE,OAK - DU BOIS 7' T-MOULD JULIETTE - [GCDBTM7O196]; OAK - DU BOIS 8' T-MOULD JULIETTE - [GCDBTM8O196]; OAK - DU BOIS 7' REDUCER JULIETTE - [GCDBRE7O196]; OAK - DU BOIS 8' REDUCER JULIETTE - [GCDBRE8O196]; DU BOIS 7' NOSING JULIETTE - [GCDBNO7O196]; DU BOIS 8' NOSING JULIETTE - [GCDBNO8O196]; DU BOIS BASESHOE JULIETTE - [GCDBBSOH196]; PANEL-DU BOIS JULIETTE <N/L> - [GCSADBO7196PL],8
BOIS NATHALIE,DU BOIS NATHALIE BASESHOE - [GCBSOH189]; OAK - DU BOIS 7' T-MOULD NATHALIE - [GCDBTM7O189]; OAK - DU BOIS 8' T-MOULD NATHALIE - [GCDBTM8O189]; OAK - DU BOIS 7' REDUCER NATHALIE - [GCDBRE7O189]; OAK - DU BOIS 8' REDUCER NATHALIE - [GCDBRE8O189]; OAK - DU BOIS 7' NOSING NATHALIE - [GCDBNO7O189]; OAK - DU BOIS 8' NOSING NATHALIE - [GCDBNO8O189]; WATERFALL - PANEL - DU BOIS NATHALIE - [GCSBDB7189-2228]; PANEL-DU BOIS NATHALIE <N/L> - [GCSBDB7189-2228PL],9
BOIS VIVIANNA,OAK - DU BOIS 7' T-MOULD VIVIANNA - [GCDBTM7O197]; OAK - DU BOIS 8' T-MOULD VIVIANNA - [GCDBTM8O197]; OAK - DU BOIS 7' REDUCER VIVIANNA - [GCDBRE7O197]; OAK - DU BOIS 8' REDUCER VIVIANNA - [GCDBRE8O197]; OAK - DU BOIS 7' NOSING VIVIANNA - [GCDBNO7O197]; OAK - DU BOIS 8' NOSING VIVIANNA - [GCDBNO8O197]; PANEL-DU BOIS VIVIANNA <N/L> - [GCSADBO7197PL],7
BR CHERRY NAT,GII BABY T-HOLD BR/CHERRY NAT - [GCBT7BF38]; SMOOTH - 1/2 X 4-3/4 2MM BR/CHERRY NAT - [ENHB43478]; EXOTIC BASESHOE BR/CHERRY NAT. - [GCEXBSBH38],3
BULLNOSE BASE,MDF - NONSTOCK - 9/16 X 3-1/2 BULLNOSE BASE - [MOBBMD307MUL]; MDF - NONSTOCK - 9/16 X 5-1/2 BULLNOSE BASE - [MOBBMD354MUL]; OAK - NONSTOCK - 1/2 X 3-1/2 BULLNOSE BASE - [MOBBRO307-O]; MDF - NONSTOCK - 9/16 X 7-1/4 BULLNOSE BASE - [MOBBMD358MUL],4
BULLNOSE FLEX,FLEX - NONSTOCK - 9/16 X 3-1/2 BULLNOSE FLEX - [MOBBFL307MUL],1
BUSTER WINTER,HICKORY- WINTER WHITE - *COMP.BUSTER NOSING WINTER - [GCNO7HT180],1
C V O NATURAL,"C.V 1/2"" 8' NOSING R/O NATURAL - [GCCVNO8RH38]; C.V 1/2"" 7' NOSING R/O NATURAL - [GCCVNO7RH38]; C.V 9/16"" 8'NOSING R/O NATURAL - [GCCVNO8RN38]",3
CANTER WALNUT,SAMPLE - LUXURY CANTER.WALNUT - [LALXSBRH04],1
CANTINA AGAVE,"CANTINA BASESHOE AGAVE - [GCCABSMH201]; MAPLE - CANTINA 7' BABY T-HOLD AGAVE - [GCCABT7M201]; MAPLE - CANTINA 8' BABY T-HOLD AGAVE - [GCCABT8M201]; MAPLE - CANTINA 7' T-MOULD AGAVE - [GCCATM7M201]; MAPLE - CANTINA 8' T-MOULD AGAVE - [GCCATM8M201]; MAPLE - CANTINA 7' REDUCER AGAVE - [GCCARE7M201]; MAPLE - CANTINA 8' REDUCER AGAVE - [GCCARE8M201]; MAPLE - CANTINA 7' NOSING AGAVE - [GCCANO7M201]; MAPLE - CANTINA 8' NOSING AGAVE - [GCCANO8M201]; 22.5"" X 28"" - PANEL - CANTINA AGAVE - [GCSBCAM75201-2228]",10
CANTINA DULCE,CANTINA BASESHOE DULCE - [GCCABSMH203]; MAPLE - CANTINA 7' BABY T-HOLD DULCE - [GCCABT7M203]; MAPLE - CANTINA 8' BABY T-HOLD DULCE - [GCCABT8M203]; MAPLE - CANTINA 7' T-MOULD DULCE - [GCCATM7M203]; MAPLE - CANTINA 8' T-MOULD DULCE - [GCCATM8M203]; MAPLE - CANTINA 7' REDUCER DULCE - [GCCARE7M203]; MAPLE - CANTINA 8' REDUCER DULCE - [GCCARE8M203]; MAPLE - CANTINA 7' NOSING DULCE - [GCCANO7M203]; MAPLE - CANTINA 8' NOSING DULCE - [GCCANO8M203],9
CANTINA RISER,CANTINA RISER - [GCRICA],1
CANTINA TREAD,CANTINA TREAD - [GCTRCA],1
CAP APHRODITE,MYTHOLOGY - END CAP - APHRODITE - [GVGAEC701],1
CAP BOARDWALK,BOARDWALK - LAMINATE END CAP BOARDWALK - [LALXECRH08],1
CAP CAPRICORN,ZODIAC WSPC - END CAP - CAPRICORN - [GVZOEC7503],1
CAP CLASSIQUE,*LAMINATE END CAP CLASSIQUE - [LALXECRH06],1
CAP DRIFTWOOD,NATURESTEP - END CAP - DRIFTWOOD - [GVNSEC801],1
CAP GREENWICH,METROPOLITAN - END CAP - GREENWICH - [GVMPEC902],1
CAP HERRITAGE,END CAP HERRITAGE OAK - [LABTCWD811],1
CAP HIGH TIDE,WATERPROOF LAMINATE - END CAP HIGH TIDE - [GCLAWEC002],1
CAP HIMALAYAS,SUMMIT SKY - END CAP - HIMALAYAS - [GVSSEC503],1
CAP LEXINGTON,AQUA BLUE BY GARRISON - END CAP - LEXINGTON OAK - [GVWPCEC102]; VINYLNOVA - END CAP - LEXINGTON - [GVVNEC908],2
CAP MANHATTAN,METROPOLITAN - END CAP - MANHATTAN - [GVMPEC904],1
CAP MOONLIGHT,AQUA BLUE II BY GARRISON - END CAP - MOONLIGHT - [GVWPCIIEC901],1
CAP PALISADES,AQUA BLUE BY GARRISON - END CAP - PALISADES OAK - [GVWPCEC105],1
CAP RECLAIMED,AQUA BLUE BY GARRISON - END CAP - RECLAIMED OAK - [GVWPCEC107],1
CAP SANDOLLAR,AVIGNON/TOULON - LAMINATE END CAP SANDOLLAR - [LAECETC36EC],1
CAP SANDSTONE,NATURESTEP - END CAP - SANDSTONE - [GVNSEC806],1
CAP SEA SHELL,SEA SHELL - LAMINATE END CAP SEA SHELL - [LALXECRH07],1
CAP VALENTINE,MEGACLIC END CAP VALENTINE - [LAMCECAS3102],1
CAP VERT CARB,LAMINATE END CAP VERT/CARB - [LALXECBA02],1
CAPE COD BASE,"RED OAK - 9/16 X 4 CAPE COD BASE - [MOBBRO410]; WHITE OAK - 9/16 X 4 ULD CAPE COD BASE - [MOBBWO410]; POPLAR - 9/16 X 4 CAPE COD BASE - [MOBBPO410]; MAPLE - 9/16 X 4 CAPE COD BASE - [MOBBMA410]; B. CHERRY - 9/16 X 4 CAPE COD BASE - [MOBBBC410]; RED OAK - 9/16 X 5-1/4 B CAPE COD BASE - [MOBBRO450]; WHITE OAK - 9/16 X 5-1/4 B CAPE COD BASE - [MOBBWO450]; POPLAR - 9/16 X 5-1/4 B CAPE COD BASE - [MOBBPO450]; MAPLE - 9/16 X 5-1/4 B CAPE COD BASE - [MOBBMA450]; B. CHERRY - 9/16 X 5-1/4 B CAPE COD BASE - [MOBBBC450]; POPLAR - 9/16 X 4 CAPE COD BASE - [MOBBPO420]; MDF - NONSTOCK - 9/16 X 5-1/4 CAPE COD BASE - [MOBBMD318MUL5]; A. CHERRY - 9/16 X 4 CAPE COD BASE - [MOBBAC318C]; MDF - NONSTOCK - 7/16 X 3-7/8 CAPE COD BASE - [MOBBMD313MUL]; MDF - 9/16 X 4 CAPE COD BASE - [MOBBMD318MUL]; MDF - NONSTOCK - 9/16 X 5-1/4 ""B"" CAPE COD BASE - [MOBBMD318BMUL]",16
CAPE COD FLEX,"FLEX - NONSTOCK - 9/16 X 4 CAPE COD FLEX - [MOBBFL318F]; FLEX - NONSTOCK - 9/16 X 5-1/4 ""B"" CAPE COD FLEX - [MOBBFL318BF]; FLEX - NONSTOCK - 7/16 X 3-7/8 CAPE COD FLEX - [MOBBFL313F]",3
CARBONZ WENGE,"GII DIST - MAPLE CARBONZ 4-3/4"" WENGE - [GNIIMC43452]",1
CARMELITA 9.5,"BEVERLY HILLS - EURO OAK 9.5"" CARMELITA - [GFBHO9510]",1
CC CHARLESTON,WALNUT - CC 7' BABY T-HOLD CHARLESTON - [GCCCBT7W98]; WALNUT - CC 8' BABY T-HOLD CHARLESTON - [GCCCBT8W98]; WALNUT - CC 7' T-MOULD CHARLESTON - [GCCCTM7W98]; WALNUT - CC 8' T-MOULD CHARLESTON - [GCCCTM8W98]; WALNUT - CC 7' REDUCER CHARLESTON - [GCCCRE7W98]; WALNUT - CC 8' REDUCER CHARLESTON - [GCCCRE8W98]; WALNUT - CC 7' NOSING CHARLESTON - [GCCCNO7W98]; WALNUT - CC 8' NOSING CHARLESTON - [GCCCNO8W98],8
CC GREENSBORO,WALNUT - CC 7' BABY T-HOLD GREENSBORO - [GCCCBT7W100]; WALNUT - CC 8' BABY T-HOLD GREENSBORO - [GCCCBT8W100]; WALNUT - CC 7' T-MOULD GREENSBORO - [GCCCTM7W100]; WALNUT - CC 8' T-MOULD GREENSBORO - [GCCCTM8W100]; WALNUT - CC 7' REDUCER GREENSBORO - [GCCCRE7W100]; WALNUT - CC 8' REDUCER GREENSBORO - [GCCCRE8W100]; WALNUT - CC 7' NOSING GREENSBORO - [GCCCNO7W100]; WALNUT - CC 8' NOSING GREENSBORO - [GCCCNO8W100],8
CH BEVEL EDGE,CON.CHOICE - *5/8 X 5 CHAR.AM/CH.BEVEL EDGE - [GFCOC5CSBE],1
CH MONTECARLO,OAK - CH 7' T-MOULD MONTECARLO - [GCCHTM7O105]; OAK - CH 8' T-MOULD MONTECARLO - [GCCHTM8O105]; OAK - CH 7' REDUCER MONTECARLO - [GCCHRE7O105]; OAK - CH 8' REDUCER MONTECARLO - [GCCHRE8O105]; OAK - CH 7' NOSING MONTECARLO - [GCCHNO7O105]; OAK - CH 8' NOSING MONTECARLO - [GCCHNO8O105],6
CHAMBOARD PLY,"FRENCH CONNECTION - EURO OAK 7"" CHAMBOARD 2 PLY - [GFFCOB7902P]",1
CHAMPAGNE 9.5,"GOLD LABEL - OAK 9.5"" CHAMPAGNE - [GFGLR9502]",1
CHAMPAGNE PLY,"FRENCH CONNECTION - EURO OAK 7"" CHAMPAGNE 2 PLY - [GFFCOB7352P]",1
CHARC NATURAL,"GII SMOOTH - MAPLE CHARC. 5"" SMOOTH NATURAL - [GNSSM538]",1
CHATEAU CAPRI,SAMPLE SET - CHATEAU CAPRI - [GCSASET30],1
CHERRY ARETHA,NYTAE CHERRY ARETHA - [NT3030C],1
CHERRY BRANDY,"DISTRESSED - 1/2"" NOSING CHERRY BRANDY - [GCNO7CH05]",1
CHERRY M B LL,UNFINISHED - 3/4 X 5 #1 CHERRY M.B LL - [LQ51CM],1
CHERRY SEDONA,"GII DIST - *BRAZILIAN CHERRY 5"" SEDONA - [GNIIB542]; DISTRESSED - GII NOSING BR/CHERRY SEDONA - [GCNO7BN42]; SMOOTH - 9/16"" NOSING B.CHERRY SEDONA - [GCNO7BSN42]",3
CHERRY SELECT,NATURAL - 3/4 X 3-1/4 BRAZ/CHERRY SELECT - [PFQ314BM]; NATURAL - 3/4 X 3-1/2 BRAZ/CHERRY SELECT - [PFQ312BM],2
CHESTNUT EKKI,LAMINATE DIST CHESTNUT EKKI - [LACWS8212],1
CHESTNUT GOBI,"CRYSTAL V - CHESTNUT DIST. 4 7/8"" GOBI   * - [GQCVDCH478105]; DISTRESSED - 3/4 X 4 7/8 CHESTNUT GOBI - [PSQDCN478105]",2
CHESTNUT YUMA,"CRYSTAL V - CHESTNUT DIST. 4 7/8"" YUMA   * - [GQCVDCH478107]",1
CHOCOLATE WAL,LAMINATE END CAP CHOCOLATE WAL - [LALXECHS07]; CHOCOLATE WALNUT - LAMINATE NOSING CHOCOLATE WAL. - [LALXNOHS07]; LAMINATE REDUCER CHOCOLATE WAL - [LALXREHS07]; LAMINATE T-MOULD CHOCOLATE WAL - [LALXTMHS07],4
CHRISHELL PLY,"DU BOIS - EURO OAK 7.5"" CHRISHELL 2 PLY - [GFDBO71812P]",1
CL CHARLESTON,WALNUT - SAMPLE-CAROLINA CL. CHARLESTON - [GHCC5WSB98],1
CL GREENSBORO,WALNUT - SAMPLE-CAROLINA CL. GREENSBORO - [GHCC5WSB100],1
CL WILMINGTON,WALNUT - SAMPLE-CAROLINA CL. WILMINGTON - [GHCC5WSB101],1
CLASS CYPRESS,LAMINATE T-MOLD CLASS. CYPRESS - [LATML12NDCC],1
CLASS RALEIGH,MAPLE - C.CLASS REDUCER RALEIGH - [GCRE7MH94],1
CLASS WINSTON,HICKORY - C.CLASS BABY TRESHOLD WINSTON - [GCBT7HF91]; HICKORY - C.CLASS REDUCER WINSTON - [GCRE7HH91],2
CLASSIC BEECH,STANDARD - LAMINATE 12.MM CLASSIC BEECH - [LAL12CVCB]; LAMINATE T-MOLD CLASSIC BEECH - [LAMLTML12CVCB]; LAMINATE REDUCER CLASSIC BEECH - [LAMLRE12CVCB]; LAMINATE BABY-T CLASSIC BEECH - [LAMBTML12CVCB]; LAMINATE BABY-T CLASSIC BEECH - [LABTL12CVCB],5
CLASSIC CROWN,MDF - NONSTOCK - 11/16 X 7 CLASSIC CROWN - [MOCMMD415MUL],1
CLICK ANTIQUE,CLICK SYSTEM - CLICK T-MOULD ANTIQUE OAK DIST - [GCTM7OF1006],1
CLIFF SUNRISE,WATERFALL - PANEL - CLIFF. SUNRISE - [GCSBCS7506-2228],1
CLIFF WAL NAT,WATERFALL - PANEL - CLIFF. WAL.NAT. - [GCSBCSW7501-2228]; WATERFALL - PANEL - CLIFF. WAL.NAT. <N/L> - [GCSBCSW7501-2228PL],2
CLIFFSIDE OMP,"30"" X 28"" - SAMPLE SET - CLIFFSIDE *OMP* - [GCSETCS-3028]",1
CLOVER CARBON,SAMPLE BOARD - SB - CLOVER WHITE OAK CARBON - [GWC-SBCLO101]; DESIGNER SAMPLE - DS - CLOVER WHITE OAK CARBON - [GWC-DSCLO101],2
CLOVER SUNSET,DESIGNER SAMPLE - DS - CLOVER WHITE OAK SUNSET - [GWC-DSCLO103]; SAMPLE BOARD - SB - CLOVER WHITE OAK SUNSET - [GWC-SBCLO103],2
CNYN C FRASER,WATERFALL - PANEL - CNYN.C. FRASER - [GCSBCY1002-2828]; WATERFALL - PANEL - CNYN.C. FRASER <N/L> - [GCSBCY1002-2828PL],2
CNYN C MILLCR,WATERFALL - PANEL - CNYN.C. MILLCR. - [GCSBCY1007-2828]; WATERFALL - PANEL - CNYN.C. MILLCR. <N/L> - [GCSBCY1007-2828PL],2
CNYN C SABINO,WATERFALL - PANEL - CNYN.C. SABINO - [GCSBCY1010-2828],1
COASTAL BREEZ,COASTAL BREEZE - *LAMINATE NOSING COASTAL BREEZ - [LALXNOCS07]; COASTAL BREEZE - LAMINATE T-MOULD COASTAL BREEZ - [LALXTMCS07]; COASTAL BREEZE - LAMINATE REDUCER COASTAL BREEZ - [LALXRECS07],3
COCCO CALCORE,"BELLISSIMO - MAPLE 7.5"" COCCO CALCORE - [GHBEM75203SB]",1
COGNAC BALTIC,"FRENCH OAK - SAMPLE - FC 7"" COGNAC BALTIC - [GFFCSBB7O95]",1
COLONIAL BASE,B. CHERRY - 9/16 X 4 1/4 COLONIAL BASE - [MOBBBC420]; RED OAK - 9/16 X 4 1/4 COLONIAL BASE - [MOBBRO420]; WHITE OAK - 9/16 X 4 1/4 COLONIAL BASE - [MOBBWO420]; MAPLE - 9/16 X 4 1/4 COLONIAL BASE - [MOBBMA420]; MDF - NONSTOCK - 9/16 X 5-1/4 COLONIAL BASE - [MOBBMD328MUL]; MDF - NONSTOCK - 9/16 X 6-1/8 COLONIAL BASE - [MOBBMD328MUL6]; RED OAK - 9/16 X 4-1/4 R/O COLONIAL BASE - [MOBBRO118]; MDF - NONSTOCK - 9/16 X 5-1/4 COLONIAL BASE - [MOBBMD118MUL5]; MDF - NONSTOCK - 9/16 X 7-1/4 COLONIAL BASE - [MOBBMD118MUL7]; PINE - NONSTOCK - 9/16 X 4-1/4 COLONIAL BASE - [MOBBE118PI]; MDF - 9/16 X 4-1/4 COLONIAL BASE - [MOBBMD118MUL4]; OAK - NONSTOCK - 9/16 X 4 1/4 COLONIAL BASE - [MOBBRO118-O]; FJ PINE UNPRIMED - 9/16 X 4-1/4 COLONIAL BASE - [MOBBMD118A]; MDF - NONSTOCK - 9/16 X 3-1/2 COLONIAL BASE - [MOBBMD118MUL3],14
COLONIAL BROW,LAMINATE REDUCER COLONIAL BROW - [LALXRECS02]; LAMINATE T-MOULD COLONIAL BROW - [LALXTMCS02],2
COLONIAL BRWN,LAMINATE END CAP COLONIAL BRWN - [LALXECCS02]; SAMPLE - LUXURY COLONIAL BRWN - [LALXSBCS02],2
COLONIAL FLEX,FLEX - NONSTOCK - 9/16 X 6-1/8 COLONIAL FLEX - [MOBBMD328MUL6F]; FLEX - NONSTOCK - 9/16 X 5-1/4 COLONIAL FLEX - [MOBBFL1185F]; FLEX - NONSTOCK - 9/16 X 4-1/4 COLONIAL FLEX - [MOBBFL118MUL4]; FLEX - NONSTOCK - 9/16 X 5-1/4 COLONIAL FLEX - [MOBBFL414F],4
COLU WILLIAMS,CARAMEL - COLU.1/2 X 5 WILLIAMS MAPLE - [COWIM511F]; NATURAL - COLU.1/2 X 5 WILLIAMS MAPLE - [COWIM510F],2
COLUMBIAN WAL,LAMINATE T-MOLD COLUMBIAN WAL - [LATMCW212]; LAMINATE REDUCER COLUMBIAN WAL - [LARECW212]; LAMINATE BABY-T COLUMBIAN WAL - [LABTCW212]; LAMINATE NOSING COLUMBIAN WAL. - [LANOCW212],4
CONN ARMAGNAC,FRENCH CONN. NOSING ARMAGNAC - [GCNOFOF120]; FRENCH CONN. T-MOULD ARMAGNAC - [GCTMFOF120]; FR.CONN. BABY T-HOLD ARMAGNAC - [GCBTFOF120]; FRENCH CONN. REDUCER ARMAGNAC - [GCREFOF120]; FRENCH CONN. BASESHOE ARMAGNAC - [GCBSOH120],5
CONN CANEWOOD,FRENCH CONN. BASESHOE CANEWOOD - [GCBSOH172],1
CONN PROVENCE,FRENCH CONN. NOSING PROVENCE - [GCNOFO102]; FRENCH CONN. REDUCER PROVENCE - [GCREFO102]; FRENCH CONN. BASESHOE PROVENCE - [GCBSOH102],3
CONN TOULOUSE,FRENCH CONN. BASESHOE TOULOUSE - [GCBSOH121],1
CONNECTION II,HANDSET - FRENCH CONNECTION II - [GCKEYSET18],1
CONTEMP CROWN,MDF - NONSTOCK - 1-1/4 X 7-1/4 CONTEMP CROWN - [MOCMMD445MUL],1
CORNERS GUARD,PINE SOLID - NONSTOCK - 1 1/8 X 1/8 PINE CORNERS GUARD - [MOCOE723],1
CORNICE CROWN,MDF - NONSTOCK - 1-1/8 X 4-1/4 CORNICE CROWN - [MOCMMD407MUL]; MDF - NONSTOCK - 7/8 X 4-5/8 CORNICE CROWN - [MOCMMD408MUL-4S],2
CORONADO BASE,MDF - NONSTOCK - 9/16 X 5-1/4 CORONADO BASE - [MOBBMD314MBB5],1
COUNTRY BAMBO,SABLE - 9/16X5 1/8 COUNTRY BAMBO DIST. - [CWF5CBDS],1
COUNTRY CHARM,SAMPLE SET - COUNTRY CHARM - [GCSASET54]; WATERFALL - SAMPLE SET - COUNTRY CHARM - [GCSETCC-2323]; WIRE RACK - SAMPLE SET - COUNTRY CHARM - [GCSETCR-1314],3
CR VAL KEMAPS,NATURAL - SAMPLE - CR.VAL 4-3/4 KEMAPS - [GQCV434SBKE38],1
CR VAL MERABU,NATURAL - SAMPLE - CR.VAL 4-3/4 MERABU - [GQCV434SBME38],1
CRAFTMAN BASE,PINE FJ - NONSTOCK - 5/8 X 6 CRAFTMAN BASE - [MOBBPFJPR383A],1
CRESCENT BASE,MDF - NONSTOCK - 9/16 X 5-1/4 CRESCENT BASE - [MOBBMD317MUL]; OAK - NONSTOCK - 9/16 X 4 1/4 CRESCENT BASE - [MOBBRO326O]; RED OAK - 9/16 X 4-1/4 CRESCENT BASE - [MOBBRO326]; MDF - NONSTOCK - 9/16 X 4-1/4 CRESCENT BASE - [MOBBMD326MUL]; MDF - NONSTOCK - 11/16 X 5-3/4 CRESCENT BASE - [MOBBMD332MUL]; MDF - NONSTOCK - 9/16 X 3-1/2 CRESCENT BASE - [MOBBMD339MUL]; POPLAR - NONSTOCK - 9/16 X 4-1/4 CRESCENT BASE - [MOBB326P],7
CRESCENT FLEX,FLEX - NONSTOCK - 9/16 X 7-1/4 CRESCENT FLEX - [MOBBFL345F],1
CREST FARWELL,CYN.CREST 8' NOSING FARWELL - [GCCYNO8O01]; CYN.CREST 8' T-MOULD FARWELL - [GCCYTM8O01]; CYN.CREST 8' REDUCER FARWELL - [GCCYRE8O01]; CYN.CREST BASESHOE FARWELL - [GCCYBSO01]; CYN.CREST 7' NOSING FARWELL - [GCCYNO7O01],5
CREST FREMONT,CYN.CREST BASESHOE FREMONT - [GCCYBSO03]; CYN.CREST 8' NOSING FREMONT - [GCCYNO8O03]; CYN.CREST 8' REDUCER FREMONT - [GCCYRE8O03]; CYN.CREST 8' T-MOULD FREMONT - [GCCYTM8O03],4
CREST GENESEE,CYN.CREST BASESHOE GENESEE - [GCCYBSO04]; CYN.CREST 8' NOSING GENESEE - [GCCYNO8O04]; CYN.CREST 8' REDUCER GENESEE - [GCCYRE8O04]; CYN.CREST 8' T-MOULD GENESEE - [GCCYTM8O04],4
CRY VAL BLK W,"ACACIA DISTRESSED - CRY.VAL 3/4"" 7' REDUCER BLK W - [GCCVSRE7A16]; ACACIA DISTRESSED - CRY.VAL 3/4"" 8' REDUCER BLK W - [GCCVSRE8A16]; ACACIA DISTRESSED - CRY.VAL 3/4"" 4' REDUCER BLK W - [GCCVSRE4A16]",3
CRY VAL GOLDN,"WHITE OAK - CRY.VAL 3/4"" REDUCER GOLDN OAK - [GCRE7OQ45]",1
CRY VAL HONEY,"CRY.VAL T-MOULD HONEY OAK - [GCTM7OF53]; CRY.VAL 3/4"" NOSING HONEY OAK - [GCNO7OSQ53]; CRY.VAL 3/4"" REDUCER HONEY OAK - [GCRE7OQ53]",3
CRY VAL MA NA,"MAPLE - CRY.VAL 9/16"" 7' REDUCER MA NA - [GCCVRE7MN38]",1
CRY VAL MOCHA,"WHITE OAK - CRY.VAL 1/2"" NOSING MOCHA - [GCNO7OSH36]; WHITE OAK - CRY.VAL 1/2"" REDUCER MOCHA - [GCRE7OH36]",2
CRY VAL O NAT,"RED OAK - CRY.VAL 3/4"" 7' NOSING R/O NAT - [GCCVSNO7R38]; RED OAK - CRY.VAL 3/4"" 8' NOSING R/O NAT - [GCCVSNO8R38]; RED OAK - CRY.VAL 7' BABY T-HOLD R/O NAT - [GCCVBT7R38]; RED OAK - CRY.VAL 8' BABY T-HOLD R/O NAT - [GCCVBT8R38]",4
CUMARU LUMBER,4/4 CUMARU LUMBER - [LUCU144],1
CUMARU NATUAL,DISTRESSED - 3/4X3-5/8 DIST CUMARU NATUAL - [PQDCU35838],1
CUMARU SANTOS,DISTRESSED - 3/4 X 3 3/4 DIST CUMARU SANTOS - [PQCU33401],1
CUSTOM PATERN,CUSTOM PATERN - SAMPLE - [PASAMPLE],1
CUSTOM WALNUT,CUSTOM NOSING WALNUT (EA) - [MONOSOW]; CUSTOM NOSING WALNUT (LF) - [MONOSOWLF],2
CVA O NATURAL,R/O NATURAL - CVA 8' NOSING R/O NATURAL - [GCCVNO8RH38USA]; R/O NATURAL - CVA 8' BABY T-HOLD R/O NATURAL - [GCCVBT8R38USA]; R/O NATURAL - CVA 8' REDUCER R/O NATURAL - [GCCVRE8RH38USA]; R/O NATURAL - CVA 8' TMOULD R/O NATURAL - [GCCVTM8R38USA],4
DA VINCI ATRI,DA VINCI 8' BABY-T ATRI - [GCDV2BT8O712]; DA VINCI 8' NOSING ATRI - [GCDV2NO8O712]; DA VINCI 8' REDUCER ATRI - [GCDV2RE8O712]; DA VINCI 8' T-MOULD ATRI - [GCDV2TM8O712],4
DA VINCI BARI,DA VINCI 8' BABY-T BARI - [GCDV2BT8O702]; DA VINCI 8' NOSING BARI - [GCDV2NO8O702]; DA VINCI 8' REDUCER BARI - [GCDV2RE8O702]; DA VINCI 8' T-MOULD BARI - [GCDV2TM8O702],4
DA VINCI FANO,DA VINCI 8' BABY-T FANO - [GCDV2BT8O710]; DA VINCI 8' NOSING FANO - [GCDV2NO8O710]; DA VINCI 8' REDUCER FANO - [GCDV2RE8O710]; DA VINCI 8' T-MOULD FANO - [GCDV2TM8O710],4
DA VINCI PISA,DA VINCI 8' BABY-T PISA - [GCDV2BT8O707]; DA VINCI 8' NOSING PISA - [GCDV2NO8O707]; DA VINCI 8' REDUCER PISA - [GCDV2RE8O707]; DA VINCI 8' T-MOULD PISA - [GCDV2TM8O707],4
DA VINCI SORA,DA VINCI 8' BABY-T SORA - [GCDV2BT8O706]; DA VINCI 8' NOSING SORA - [GCDV2NO8O706]; DA VINCI 8' REDUCER SORA - [GCDV2RE8O706]; DA VINCI 8' T-MOULD SORA - [GCDV2TM8O706],4
DANISH WALNUT,1/2 x 3 RED OAK DANISH WALNUT - [GCGAR326]; 1/2 x 5 RED OAK DANISH WALNUT - [GCGAR526]; 1/2 x 7 RED OAK DANISH WALNUT - [GCGAR726],3
DAPPLE GREY P,"GII SMOOTH - MAPLE 5"" SM.DAPPLE GREY 2P - [GNSSM51952P]",1
DARK MAHOGANY,SNGL STRIP - LAMINATE 8MM DARK MAHOGANY - [LAL8CVDM]; DARK - LAMINATE BABY-T DARK MAHOGANY - [LABTL8CVDM]; LAMINATE DIST DARK MAHOGANY - [LACWD7212]; LAMINATE T-MOLD DARK MAHOGANY - [LATMCWD7212]; LAMINATE BABY-T DARK MAHOGANY - [LABTCWD7212]; LAMINATE T-MOLD DARK MAHOGANY - [LATML8CVDM],6
DARK VERTICAL,"CARBONIZED - BAMBOO 36"" DARK VERTICAL - [BA36VCD]",1
DAVINCI PAOLO,"HICKORY - SAMPLE-DAVINCI 5"" PAOLO - [GNDV5SBH66]; HICKORY - DAVINCI BABY TRESHOLD PAOLO - [GCBT7HF66]; HICHORY - DAVINCI REDUCER PAOLO - [GCRE7HN66]",3
DEEP MAHOGANY,HI DEF - LAMINATE 12MM DEEP MAHOGANY - [LAL12HDDM]; LAMINATE REDUCER DEEP MAHOGANY - [LAREL12HDDM]; D MAGONANY - LAMINATE BABY-T DEEP MAHOGANY - [LABTL12HDDM]; LAMINATE T-MOLD DEEP MAHOGANY - [LATML12HDDM],4
DELUXE COPPER,"MIRROR PRS - 12.3MM 6-1/2"" DELUXE COPPER - [LALXMP01]; *LAMINATE NOSING DELUXE COPPER - [LALXNOMP01]; SAMPLE - LUXURY DELUXE COPPER - [LALXSBMP01]; *LAMINATE QTR DELUXE COPPER - [LALXQRMP01]; DELUXE COPPER - *FLUSH NOSING DELUXE COPPER - [LALXFNOMP01]",5
DELUXE LAGUNA,"MAPLE - SAMPLE - DELUXE 6"" LAGUNA - [GFDX6SBM58]; MAPLE - DELUXE 7' BABY T-HOLD LAGUNA - [GCDXBT7M58]; MAPLE - DELUXE 8' BABY T-HOLD LAGUNA - [GCDXBT8M58]; MAPLE - DELUXE 7' T-MOULD LAGUNA - [GCDXTM7M58]; MAPLE - DELUXE 8' T-MOULD LAGUNA - [GCDXTM8M58]; MAPLE - DELUXE 7' REDUCER LAGUNA - [GCDXRE7M58]; MAPLE - DELUXE 8' REDUCER LAGUNA - [GCDXRE8M58]; MAPLE - DELUXE 7' NOSING LAGUNA - [GCDXNO7M58]; MAPLE - DELUXE 8' NOSING LAGUNA - [GCDXNO8M58]",9
DELUXE WALNUT,"SONOMA - SAMPLE - DELUXE 6"" WALNUT - [GFDX6SBW60]; NATURAL - SAMPLE 2'X2'- DELUXE 6"" WALNUT - [GFDX246SBW38]",2
DIAMOND FROST,DESIGNER SAMPLE - DS - DIAMOND WHITE OAK FROST - [GWC-DSDIO102]; SAMPLE BOARD - SB - DIAMOND WHITE OAK FROST - [GWC-SBDIO102],2
DISPLAY TOWER,SHEOGA 10 PANEL DISPLAY TOWER - [PFSHSA01],1
DS PALM FROST,DESIGNER SAMPLE - DS - PALM WHITE OAK FROST - [GWC-DSPAO102],1
DS TIDE FROST,DESIGNER SAMPLE - DS - TIDE WHITE OAK FROST - [GWC-DSTIO102],1
DV NESSO HERR,WATERFALL - PANEL - DV NESSO HERR.<N/L> - [GCSBDVPH507-2228PL],1
ELAGANT CHERR,LAMINATE REDUCER ELAGANT CHERR - [LARE6927],1
ELEGANT CHERR,LAMINATE END CAP ELEGANT CHERR - [LAEC6927],1
ELISABETH PLY,"DU BOIS - EURO OAK 7.5"" ELISABETH 2 PLY - [GFDBO71922P]",1
ELM NIGHTHAWK,DISTRESSED - 1/2 X 5 DIST ELM NIGHTHAWK - [EHDE507],1
END CAP ALLOY,ELEMENTS - END CAP - ALLOY - [GVSPCEC905],1
END CAP ARIES,ZODIAC WSPC - END CAP - ARIES - [GVZOEC7502]; ZODIAC SOLID - END CAP - ARIES  SOLID - [GVZOEC7502S]; ZODIAC - SOLID END CAP - ARIES - [GVZOECS7502],3
END CAP ASTRO,VINYLNOVA - END CAP - ASTRO - [GVVNEC901],1
END CAP BJORK,WALNUT - END CAP  DIST. 12.3MM BJORK - [LAECHXM60],1
END CAP BRASS,ELEMENTS - END CAP - BRASS - [GVSPCEC701],1
END CAP BRYCE,AQUA BLUE II BY GARRISON - END CAP - BRYCE OAK - [GVWPCIIEC109],1
END CAP COMET,VINYLNOVA - END CAP - COMET - [GVVNEC902],1
END CAP CORTE,LAMINATE - *GARRISON END CAP CORTE - [GCLAEC012],1
END CAP DAISY,SECRET GARDEN SPC - END CAP - DAISY - [GVSGEC703],1
END CAP DIJON,LAMINATE - GARRISON END CAP DIJON - [GCLAEC006],1
END CAP DOVER,MEGACLIC END CAP DOVER - [LAMCECDN8705],1
END CAP ESPRE,LAMINATE END CAP HICKORY ESPRE - [LAECL12NDHE],1
END CAP FLASH,ILLUMIN8 END CAP FLASH - [GLILEC804],1
END CAP GLAZE,ILLUMIN8 END CAP GLAZE - [GLILEC805],1
END CAP HOLLY,SECRET GARDEN SPC - END CAP - HOLLY - [GVSGEC705],1
END CAP HONEY,HONEYMAPLE - LAMINATE END CAP HONEY MAPLE - [LAEC6113],1
END CAP HORIZ,CARBONIZED - BAMBOO B.T-HOLD/ END CAP HORIZ - [BABTCH]; NATURAL - BAMBOO B.T-HOLD/ END CAP HORIZ - [BABTNH],2
END CAP IBIZA,*LAMINATE END CAP IBIZA - [LALXECSS04],1
END CAP LIBRA,ZODIAC WSPC - END CAP - LIBRA - [GVZOEC7506],1
END CAP LUNAR,VINYLNOVA - END CAP - LUNAR - [GVVNEC909],1
END CAP PAXON,MEGACLIC END CAP PAXON - [LAMCECAS3209],1
END CAP PEONY,SECRET GARDEN SPC - END CAP - PEONY - [GVSGEC709],1
END CAP POPPY,SECRET GARDEN SPC - END CAP - POPPY - [GVSGEC710],1
END CAP SANDS,GARRISON END CAP WHITE SANDS - [GCLAEC7512],1
END CAP SPARK,ILLUMIN8 END CAP SPARK - [GLILEC808],1
END CAP SPICY,SPICY OAK - LAMINATE END CAP SPICY OAK - [LAECHXM69],1
END CAP STEEL,ELEMENTS - END CAP - STEEL - [GVSPCEC705],1
END CAP TULIP,SECRET GARDEN SPC - END CAP - TULIP - [GVSGEC712],1
END CAP TYLER,MEGACLIC END CAP TYLER - [LAMCECDN8712],1
END CAP UMBER,NATURESTEP - END CAP - UMBER - [GVNSEC808],1
END CAP UNION,METROPOLITAN - END CAP - UNION SQUARE - [GVMPEC906],1
END CAP VICHY,LAMINATE - *GARRISON END CAP VICHY - [GCLAEC008],1
END CAP VIRGO,ZODIAC WSPC - END CAP - VIRGO - [GVZOEC7510],1
END CAP VISTA,AQUA BLUE II BY GARRISON - END CAP - VISTA OAK - [GVWPCIIEC102],1
EX ACA BRONZE,ACACIA - EX. 8' BABY T-HOLD ACA.BRONZE - [GCEXBT8A146],1
EX ACACIA NAT,"EX. 1/2"" 7' NOSING ACACIA NAT. - [GCEXNO7A38]; EX. 1/2"" 8' NOSING ACACIA NAT. - [GCEXNO8A38]; EX. 1/2"" 4' NOSING ACACIA NAT. - [GCEXNO4A38]; EX. 1/2"" 6' NOSING ACACIA NAT. - [GCEXNO6A38]",4
EX BLK WALNUT,ACACIA - EX. 8' BABY T-HOLD BLK.WALNUT - [GCEXBT8A16],1
EXO ACA B WAL,WIRE RACK - PANEL - EXO. ACA. B.WAL. - [GCSBEXA516-1724],1
EXO TIGERWOOD,WIRE RACK - PANEL - EXO. TIGERWOOD - [GCSBEXTI538-1724],1
EXOTIC ACACIA,HI GLOSS - LAMINATE 12MM EXOTIC ACACIA - [LAL12PSSEA]; HI-GLOSS - LAMINATE REDUCER EXOTIC ACACIA - [LAREL12PSSEA]; HI-GLOSS - LAMINATE BABY-T EXOTIC ACACIA - [LABTL12PSSEA]; HI GLOSS - LAMINATE NOSING EXOTIC ACACIA - [LANOL12PSSEA],4
EXOTIC BRONZE,"ACAICA - EXOTIC 1/2"" 7' REDUCER BRONZE - [GCEXRE7A146]; ACAICA - EXOTIC 1/2"" 8' REDUCER BRONZE - [GCEXRE8A146]; EXOTIC 1/2"" 7' NOSING BRONZE - [GCEXNO7A146]; ACACIA - EXOTIC 1/2"" 8' NOSING BRONZE - [GCEXNO8A146]; EXOTIC 1/2"" 4' NOSING BRONZE - [GCEXNO4A146]; ACAICA - EXOTIC 1/2"" 4' REDUCER BRONZE - [GCEXRE4A146]",6
EXOTIC CUMARU,"LOW SHEEN - EXOTIC 1/2"" 7' REDUCER CUMARU - [GCEXRE7CU38]; CUMARU - EXOTIC 1/2"" 8' REDUCER CUMARU - [GCEXRE8CU38]; LOW SHEEN - EXOTIC 1/2"" 7' NOSING CUMARU - [GCEXNO7CU38]; CUMARU - EXOTIC 1/2"" 8' NOSING CUMARU - [GCEXNO8CU38]; HIGH SHEEN - EXOTIC 1/2"" 7' NOSING CUMARU - [GCEXNO7CU38HS]; HIGH SHEEN - EXOTIC 1/2"" 7' REDUCER CUMARU - [GCEXRE7CU38HS]; EXOTIC 1/2"" 4'NOSING CUMARU - [GCEXNO4CU38]; EXOTIC 1/2"" 6'NOSING CUMARU - [GCEXNO6CU38]; LOW SHEEN - EXOTIC 1/2"" 6' REDUCER CUMARU - [GCEXRE6CU38]",9
EXOTIC SANTOS,"LOW SHEEN - EXOTIC 1/2"" 7' REDUCER SANTOS - [GCEXRE7S38]; HIGH SHEEN - EXOTIC 1/2"" 7' REDUCER SANTOS - [GCEXRE7S38HS]",2
EXOTIC SAPELE,"LOW SHEEN - EXOTIC 1/2"" 7' REDUCER SAPELE - [GCEXRE7SA38]; SAPELE - EXOTIC 1/2"" 8' REDUCER SAPELE - [GCEXRE8SA38]; LOW SHEEN - EXOTIC 1/2"" 7' NOSING SAPELE - [GCEXNO7SA38]; SAPELE - EXOTIC 1/2"" 8' NOSING SAPELE - [GCEXNO8SA38]; HIGH SHEEN - EXOTIC 1/2"" 7' NOSING SAPELE - [GCEXNO7SA38SH]; HIGH SHEEN - EXOTIC 1/2"" 7' NOSING SAPELE - [GCEXNO7SA38HS]; HIGH SHEEN - EXOTIC 1/2"" 7' REDUCER SAPELE - [GCEXRE7SA38HS]; LOW SHEEN - EXOTIC 1/2"" 4' NOSING SAPELE - [GCEXNO4SA38]; EXOTIC 1/2"" 4' REDUCER SAPELE - [GCEXRE4SA38]; LOW SHEEN - EXOTIC 1/2"" 6' NOSING SAPELE - [GCEXNO6SA38]; EXOTIC 1/2"" 6' REDUCER SAPELE - [GCEXRE6SA38]",11
EXOTIC WALNUT,"3/4 X 4-7/8 X RL EXOTIC WALNUT - [TFQ478SWN]; NATURAL - 3/4 X 4-7/8 DIST EXOTIC WALNUT - [FFQ478SEW]; WALNUT - 3/4 X 4-7/8 DIST EXOTIC WALNUT - [FFQ478SEWD]; GOLD - 3/4 X 4-3/4 DIST EXOTIC WALNUT - [FFQ434SGW]; NATURAL - 3/4 X 4-3/4 DIST.EXOTIC WALNUT - [GQMODW43438]; DARK - 3/4 X 4-7/8 DIST.EXOTIC WALNUT - [GQMODW47870]; LAMINATE END CAP EXOTIC WALNUT - [LAECSRCEW143]; NATURAL - 3/4"" NOSING 4' EXOTIC WALNUT - [FFNOQSEWN]; NATURAL - T MOLDING EXOTIC WALNUT - [FFTMFWN]; NATURAL - EXOTIC WALNUT SMOOTH REDUCER - [JFSRCEWRE]; NATURAL - EXOTIC WALNUT SMOOTH NOSING - [JFSRCEWSN]; NATURAL - EXOTIC WALNUT SMOOTH REDUCER - [LASRCEWRE]; NATURAL - EXOTIC WALNUT SMOOTH NOSING - [LASRCEWSN]",13
EXOTICS TREAD,EXOTICS TREAD - [GCTREX],1
F C ST TROPEZ,F.C BASESHOE ST.TROPEZ - [GCFCBSO32],1
FAS WALNUT LL,3/4 X 5 FAS WALNUT DIST. LL - [GQUDW500],1
FAS WALNUT RL,3/4 X 5 FAS WALNUT DIST. RL - [GQUDW500RL],1
FC CAFFE HERR,WATERFALL - PANEL - FC CAFFE HERR. <N/L> - [GCSBFCPH51672828PL],1
FC VERSAILLES,OAK - FC 8' NOSING VERSAILLES - [GCFCNO8O39]; OAK - FC 8' REDUCER VERSAILLES - [GCFCRE8O39]; OAK - FC 8' T-MOULD VERSAILLES - [GCFCTM8O39],3
FC VNT BALTIC,"FRENCH OAK - SAMPLE- FC 7"" VNT WHITE BALTIC - [GFFCSBB7O87]",1
FCII OLD GREY,"FRENCH OAK - SAMPLE - FCII 7"" OLD GREY - [GFFCSBII7O77]",1
FCII PROVENCE,"FRENCH OAK - SAMPLE - FCII 7"" PROVENCE - [GFFCSBII7O102]",1
FLAT ASTRAGAL,MDF - NONSTOCK - 11/16 X 1-5/8 FLAT ASTRAGAL - [MOAS660MUL],1
FLRSCENT GOLD,*LAMINATE NOSING FLRSCENT.GOLD - [LALXNOHG03]; *LAMINATE QTR FLRSCENT. GOLD - [LALXQRHG03]; FLRSCENT.GOLD - *FLUSH NOSING FLRSCENT. GOLD - [LALXFNOHG03],3
FLUSH ANACAPA,AQUA BLUE BY GARRISON - FLUSH NOSING - ANACAPA OAK - [GVWPCFNO100],1
FLUSH ASTORIA,METROPOLITAN - FLUSH NOSING - ASTORIA - [GVMPFNO701],1
FLUSH AVIGNON,GARRISON LAMINATE - FLUSH NOSING AVIGNON - [GCLAFNOLA001],1
FLUSH BERMUDA,FLUSH NOSING BERMUDA - [LALXFNOHS09],1
FLUSH CHELSEA,METROPOLITAN - FLUSH NOSING - CHELSEA - [GVMPFNO901],1
FLUSH CORSICA,GARRISON LAMINATE - *FLUSH NOSING CORSICA - [GCLAFNOLA011],1
FLUSH ECLIPSE,VINYLNOVA - FLUSH NOSING - ECLIPSE - [GVVNFNO905],1
FLUSH GLACIER,NATURESTEP - FLUSH NOSING - GLACIER - [GVNSFNO802],1
FLUSH GLIMMER,ILLUMIN8 FLUSH NOSING GLIMMER - [GLILFNO806],1
FLUSH JAMAICA,*FLUSH NOSING JAMAICA - [LALXFNOHS11],1
FLUSH JUPITER,VINYLNOVA - FLUSH NOSING - JUPITER - [GVVNFNO907],1
FLUSH MADISON,METROPOLITAN - FLUSH NOSING - MADISON - [GVMPFNO703],1
FLUSH MERCURY,ELEMENTS - FLUSH NOSING - MERCURY - [GVSPCFNO704],1
FLUSH NATURAL,FLUSH NOSING MAPLE NATURAL - [LALXFNOCS08],1
FLUSH NIAGARA,AQUA BLUE II BY GARRISON - FLUSH NOSING - NIAGARA OAK - [GVWPCIIFNO108],1
FLUSH NO GRAY,GREY CHERRY - PARADISE VALLEY FLUSH NO.GRAY - [LAPVFNOC01],1
FLUSH NO NEON,NEON OAK - PARADISE VALLEY FLUSH NO.NEON - [LAPVFNOO01],1
FLUSH OLYMPIC,GAR.FLUSH NOSING OLYMPIC - [GCLAFNO7509],1
FLUSH REDWOOD,GAR.FLUSH NOSING REDWOOD - [GCLAFNO7510],1
FLUSH ROCKIES,APEX SPC - FLUSH NOSING - ROCKIES - [GVAPFNO504]; SUMMIT SKY SPC - FLUSH NOSING - ROCKIES - [GVSSFNO504],2
FLUSH SCORPIO,ZODIAC WSPC - FLUSH NOSING - SCORPIO - [GVZOFNO7508]; ZODIAC WSPC - SOLID FLUSH NOSING - SCORPIO - [GVZOFNOS7508],2
FLUSH SEQUOIA,GAR.FLUSH NOSING SEQUOIA - [GCLAFNO7511],1
FLUSH TRIBECA,METROPOLITAN - FLUSH NOSING - TRIBECA - [GVMPFNO903],1
FLUSH VANDAGE,VANDAGE - *FLUSH NOSING VANDAGE - [LALXFNORH09],1
FR CON COGNAC,WATERFALL - PANEL - FR.CON. COGNAC - [GCSBFC795-2828]; WATERFALL - PANEL - FR.CON. COGNAC <N/L> - [GCSBFC795-2828PL],2
FR CON LIMOGE,WATERFALL - PANEL - FR.CON. LIMOGE - [GCSBFC740-2828]; WATERFALL - PANEL - FR.CON. LIMOGE <N/L> - [GCSBFC740-2828PL],2
FR CONNECTION,"BIRCH PLY - HANDSET - FR.CONNECTION 9-1/2"" - [GCKEYSET36]; BIRCH PLY - HANDSET - FR.CONNECTION 11"" - [GCKEYSET37]",2
FRENCH COGNAC,"FCII - FRENCH OAK 5/8 X 7"" COGNAC - [GFFCIIO795]; OAK PLY - FRENCH OAK 5/8 X 7"" COGNAC - [GFFCO795]",2
FRENCH CONN V,FRENCH CONN. BASESHOE V.WHITE - [GCBSOH87],1
FRENCH QUATER,"WHITE OAK - SAMPLE - PLUS 5"" FRENCH QUATER - [GNPL5SBO46]; 1/2"" BASESHOE FRENCH QUATER - [GCBSOH46]",2
FRENCH SAHARA,"OAK PLY - FRENCH OAK 5/8 X 7"" SAHARA - [GFFCO7104]",1
FRESH MB 5.25,SHEOGA - 3/4 X 5.25 EN.W/O FRESH CUT MB - [PFSHEO538],1
G WILD CHERRY,"DISTRESSED - *G3 NOSING WILD CHERRY - [GCNO7CH33]; *G3 REDUCER WILD CHERRY - [GCRE7CH33]; 1/2"" - SAMPLE - G3 WILD CHERRY - [GHIII5SBC33]",3
GABRIELLE PLY,"DU BOIS - EURO OAK 7.5"" GABRIELLE 2 PLY - [GFDBO71872P]",1
GARDEN DAHLIA,"DAHLIA - PANEL-SECRET GARDEN DAHLIA 9"" - [GCSBSG902-2724]",1
GARDEN ORCHID,"ORCHID - PANEL-SECRET GARDEN ORCHID 9"" - [GCSBSG908-2724]",1
GEORGIA CROWN,MDF - NONSTOCK - 3/4 X 6-1/2 GEORGIA CROWN - [MOCMMD427MUL],1
GEORGIAN FLEX,FLEX - NONSTOCK - 7/8 X 6-1/2 GEORGIAN FLEX - [MOCMFL427F]; FLEX - NONSTOCK - 9/16 X 4 1/2 GEORGIAN FLEX - [MOCMFL300],2
GFFCPC GFFCPC,FRENCH CONNECTION - USE GFFCPC587-L / GFFCPC587-R - [GFFCPC587],1
GFFCPH GFFCPH,FRENCH CONNECTION - USE GFFCPH5167-L/GFFCPH5167-R - [GFFCPH5167],1
GIALLA AREZZO,VILLA GIALLA BASESHOE AREZZO - [GCVGBSO01],1
GIALLA VERONA,WATERFALL - PANEL - VILLA GIALLA VERONA - [GCSBVG912-2828],1
GII D W O AUT,WIRE RACK - PANEL - GII D. W/O AUT. - [GCSBIIO513-1724]; WIRE RACK - PANEL - GII D. W/O AUT. <N/L> - [GCSBIIO513-1724PL],2
GII D WAL NAT,WIRE RACK - PANEL - GII D. WAL.NAT. - [GCSBIIW538-1724]; WIRE RACK - PANEL - GII D. WAL.NAT. <N/L> - [GCSBIIW538-1724PL],2
GII FRUITWOOD,WALNUT - GII BABY TRESHOLD FRUITWOOD - [GCBT7WN28]; WALNUT - GII T-MOULD FRUITWOOD - [GCTM7WN28],2
GII GREY WASH,WHITE OAK - GII 7' T-MOULD GREY WHITE WASH - [GCIITM7O165],1
GII HICK CHAT,WIRE RACK - PANEL - GII SMOOTH HICK.CHAT. - [GCSBSSH551-1724],1
GII MAP CHEST,WIRE RACK - PANEL - GII SMOOTH MAP.CHEST. - [GCSBSSM506-1724],1
GII MAP SYRUP,WIRE RACK - PANEL - GII SMOOTH MAP.SYRUP - [GCSBSSM577-1724],1
GII MAP WHEAT,WIRE RACK - PANEL - GII SMOOTH MAP.WHEAT - [GCSBSSM554-1724],1
GIII CHESTNUT,MAPLE - GIII 7' BABY T-HOLD CHESTNUT - [GCIIIBT7M06]; MAPLE - GIII 8' BABY T-HOLD CHESTNUT - [GCIIIBT8M06]; MAPLE - GIII 7' T-MOULD CHESTNUT - [GCIIITM7M06]; MAPLE - GIII 8' T-MOULD CHESTNUT - [GCIIITM8M06]; MAPLE - GIII 7' REDUCER CHESTNUT - [GCIIIRE7M06]; MAPLE - GIII 8' REDUCER CHESTNUT - [GCIIIRE8M06]; MAPLE - GIII 7' NOSING CHESTNUT - [GCIIINO7M06]; MAPLE - GIII 8' NOSING CHESTNUT - [GCIIINO8M06],8
GIII ESPRESSO,MAPLE - GIII 7' BABY T-HOLD ESPRESSO - [GCIIIBT7M08]; MAPLE - GIII 8' BABY T-HOLD ESPRESSO - [GCIIIBT8M08]; MAPLE - GIII 7' T-MOULD ESPRESSO - [GCIIITM7M08]; MAPLE - GIII 8' T-MOULD ESPRESSO - [GCIIITM8M08]; MAPLE - GIII 7' REDUCER ESPRESSO - [GCIIIRE7M08]; MAPLE - GIII 8' REDUCER ESPRESSO - [GCIIIRE8M08]; MAPLE - GIII 7' NOSING ESPRESSO - [GCIIINO7M08]; MAPLE - GIII 8' NOSING ESPRESSO - [GCIIINO8M08],8
GILLA CATANIA,VILLA GILLA BASESHOE CATANIA - [GCBSFOH03],1
GILLA MARSALA,VILLA GILLA BASESHOE MARSALA - [GCBSFOH06],1
GNBLPC GNBLPC,BELLAGIO - USE GNBLPC506-L / GNBLPC506-R - [GNBLPC506],1
GOLD CASHMERE,GOLD LABEL NOSING CASHMERE - [GCGLNO8R01]; GOLD LABEL T-MOULDING CASHMERE - [GCGLTM8R01]; GOLD LABEL REDUCER CASHMERE - [GCGLRE8R01],3
GOLD CHAMPAGN,GOLD LABEL T-MOULDING CHAMPAGN - [GCGLTM8R02],1
GOLDEN AUBURN,"HIGH GLOSS - 12.3MM 5"" GOLDEN AUBURN - [LALXHG01]; LAMINATE NOSING GOLDEN AUBURN - [LALXNOHG01]; LAMINATE REDUCER GOLDEN AUBURN - [LALXREHG01]; LAMINATE T-MOULD GOLDEN AUBURN - [LALXTMHG01]; LAMINATE END CAP GOLDEN AUBURN - [LALXECHG01]; SAMPLE - LUXURY GOLDEN AUBURN - [LALXSBHG01]; LAMINATE QTR GOLDEN AUBURN - [LALXQRHG01]",7
GOLDEN CHERRY,"NYTAE GOLDEN CHERRY - [NT301C]; NYTAE GOLDEN CHERRY REDUCER - [NT301RE]; NYTAE GOLDEN CHERRY T MOULDING - [NT301TM]; EUROPEAN OAK - 3/4 X 3-1/2"" GOLDEN CHERRY - [EOSWO32GO34]",4
GOLDEN HARVES,LAMINATE REDUCER GOLDEN HARVES - [LALXREME04]; LAMINATE T-MOULD GOLDEN HARVES - [LALXTMME04],2
GOLDEN KEMPAS,3/4 X 3 5/8 X RL GOLDEN KEMPAS - [FFQ358SGK],1
GOLDEN WALNUT,HI DEF - LAMINATE 12.MM GOLDEN WALNUT - [LAL12HDGW]; GOLDEN WAL - LAMINATE T MOLD GOLDEN WALNUT - [LATMPEGW12]; 1/2X4-3/4 ACACIA GOLDEN WALNUT - [ENHA434191]; RED CHERRY - LAMINATE T-MOULD GOLDEN WALNUT - [LATMETPEGW12TM],4
GOLDN HARVEST,LAMINATE END CAP GOLDN HARVEST - [LALXECME04],1
GRAMERCY PARK,METROPOLITAN - FLUSH NOSING - GRAMERCY PARK - [GVMPFNO702]; METROPOLITAN - T-MOULDING - GRAMERCY PARK - [GVMPTM702]; METROPOLITAN - END CAP - GRAMERCY PARK - [GVMPEC702]; METROPOLITAN - QTR.ROUND - GRAMERCY PARK - [GVMPQR702]; METROPOLITAN - TREAD - GRAMERCY PARK - [GVMPTR702]; METROPOLITAN - REDUCER - GRAMERCY PARK - [GVMPRE702],6
GRANO CALCORE,"BELLISSIMO - MAPLE 7.5"" GRANO CALCORE - [GHBEM75205SB]",1
GROOVE COFFEE,C MAPLE - LAMINATE V GROOVE COFFEE MAPLE - [LAVG1020],1
GROOVE JATOBA,NATURAL - LAMINATE 12.3MMV GROOVE JATOBA - [LAJTB624]; JATOBA - LAMINATE V GROOVE JATOBA - [LAET1090],2
GUM CHAMBOARD,"LAS PALMAS - GUM WOOD 5 1/2"" CHAMBOARD - [GNLPG512143]",1
H RODEO DRIVE,B.H BABY T-HOLD RODEO DRIVE - [GCBHBT8O05],1
HAMPSHIRE COR,MDF CORNER - NONSTOCK - 9/16 X 4-1/2 NEW HAMPSHIRE COR - [MOCOMD327MULW],1
HANDSET RIVER,HANDSET - RED RIVER - [GCKEYSET11],1
HANDSET UNFIN,HANDSET - EURO OAK UNFIN. - [GCKEYSET34],1
HANDSET VINYL,HANDSET - GARRISON VINYL - [GCKEYSET40],1
HAYWARD PECAN,HONEY - COLUMBIA 1/2 X 3 HAYWARD PECAN - [COHAP311F]; NATURAL - COLUMBIA 1/2X3 HAYWARD PECAN - [COHAP310F],2
HICK PECAN EA,CUSTOM RISER HICK/PECAN EA) - [MORISOHEA],1
HICK PECAN LL,SPECIAL ORDER HICK/PECAN LL - [LQSOHP],1
HICK PECAN MB,UNFIN - 1/2 x 5 MILL RUN HICK/PECAN MB - [GCUNH500],1
HILLCREST 9.5,"BEVERLY HILLS - EURO OAK 9.5"" HILLCREST - [GFBHO9503]",1
HILLS REXFORD,BEV.HILLS NOSING REXFORD - [GCBHNO8O04]; BEV.HILLS REDUCER REXFORD - [GCBHRE8O04]; BEV.HILLS T-MOULD REXFORD - [GCBHTM8O04],3
HILLS ROXBURY,BEV.HILLS NOSING ROXBURY - [GCBHNO8O09]; BEV.HILLS T-MOULD ROXBURY - [GCBHTM8O09]; BEV.HILLS BABY T-HOLD ROXBURY - [GCBHBT8O09]; BEV.HILLS REDUCER ROXBURY - [GCBHRE8O09],4
HMPSHIRE BASE,MDF - NONSTOCK - 9/16 X 4-1/2 NEW HMPSHIRE BASE - [MOBBMD327MUL],1
HOLIDAY PARTY,5/8 X 7-1/2 HOLIDAY PARTY - [OAFOGO8],1
HORIZ NATURAL,BAMBOO T-MOULD HORIZ/NATURAL - [BATMBHN],1
HORZT NAT UNF,UNFINISHED - BAMBOO NOSING HORZT. NAT UNF. - [BANO58HNU],1
II BIRMINGHAM,"WALNUT - TIME INSPIRED II BIRMINGHAM - [GHTI2W5132]; WALNUT - SAMPLE - TI II 5"" BIRMINGHAM - [GHTI25WSB132]; WALNUT 7"" - TIME INSPIRED II 7""BIRMINGHAM* - [GHTI2W7132]",3
II NEW CASTLE,"WALNUT - SAMPLE - TI II 5"" NEW CASTLE - [GHTI25WSB134]",1
II PREF RISER,TIME INSPIRED II PREF.RISER - [GCRITI2],1
II WINCHESTER,"CHERRY - TIME INSPIRED II WINCHESTER  * - [GHTI2C5139]; CHERRY - SAMPLE - TI II 5"" WINCHESTER - [GHTI25CSB139]; CHERRY - TI.II T-MOULD WINCHESTER - [GCTM7CF139]",3
ILLUMIN FLASH,ILLUMIN8 REDUCER FLASH - [GLILRE804],1
ILLUMIN GLAZE,ILLUMIN8 REDUCER GLAZE - [GLILRE805],1
ILLUMIN SPARK,ILLUMIN8 REDUCER SPARK - [GLILRE808],1
INDIAN WALNUT,GOLDEN - 3/4 X 4-3/4 DIST.INDIAN WALNUT - [GQMODW43430],1
ISLES MYKONOS,GREEK ISLES 8' NOSING MYKONOS - [GCGINO8O005]; GREEK ISLES 8' T-MOULD MYKONOS - [GCGITM8O005]; GREEK ISLES 8' BABY-T MYKONOS - [GCGIBT8O005]; GREEK ISLES 8' REDUCER MYKONOS - [GCGIRE8O005]; GREEK ISLES BASESHOE MYKONOS - [GCGIBSO005]; WATERFALL - PANEL - GREEK ISLES MYKONOS - [GCSBGI9503-2828],6
ISLES SANTORI,GREEK ISLES 8' T-MOULD SANTORI - [GCGITM8O006]; GREEK ISLES 8' REDUCER SANTORI - [GCGIRE8O006],2
JAMESTOWN AUT,LAMINATE T-MOLD JAMESTOWN AUT. - [LATMCWL90183]; LAMINATE BABY-T JAMESTOWN AUT. - [LABTCWL90183],2
JATOBA CHOCOL,CHOCOLATE - 3/4X3 3/4 SMOOTH JATOBA CHOCOL - [PQSBC33402],1
JATOBA NATURA,LAMINATE REDUCER JATOBA NATURA - [LAREL12CVJN]; NATURAL - 3/4X4-7/8 SMOOTH JATOBA NATURA - [PQSBC47838],2
JOLLA CALCORE,"NEWPORT BY GARRISON - *EURO OAK 7.5""LA JOLLA CALCORE - [GHNPO202SB]",1
KIT PREFINISH,SHEOGA SAMPLE KIT - PREFINISH - [PFSHSA04],1
LAM TREAD W O,"WHITE OAK - 1"" X 11 3/4"" LAM. TREAD - W/O - [MOTRO]",1
LAMINATE EVRY,12.3MM - GARRISON LAMINATE EVRY - [GCLA002],1
LAMINATE FOIX,12.3MM - GARRISON LAMINATE FOIX - [GCLA010],1
LAMINATE LIVE,STANDARD - LAMINATE 12MM LIVE OAK - [LAL12CVLO]; LAMINATE REDUCER LIVE OAK - [LAREL12CVLO]; LAMINATE NOSING LIVE OAK - [LANOL12CVLO]; LAMINATE BABY-T LIVE OAK - [LABTL12CVLO],4
LAMINATE MOLD,BORDEAUX - LAMINATE T-MOLD - [LAET1013TM]; ANCIENT BEECH - LAMINATE T-MOLD - [LAVG1040TM],2
LAMINATE NIME,12.3MM - GARRISON LAMINATE NIME - [GCLA004],1
LAMINATE RICH,DISTRESSED - LAMINATE 12MM RICH OAK - [LAL12NDRO]; LAMINATE BABY-T RICH OAK - [LABTL12NDRO]; LAMINATE NOSING RICH OAK - [LANOL12NDRO]; LAMINATE REDUCER RICH OAK - [LAREL12NDRO],4
LAMINATE TEAK,MOUNT LAMINATE TEAK - [MTGVL703]; LAMINATE TMOLD RED TEAK - [LATMHXM2232],2
LEGENDS CAFFE,LEGENDS NOSING 8' CAFFE - [GCLENO8O7503]; LEGENDS BABY T-HOLD 8' CAFFE - [GCLEBT8O7503]; LEGENDS REDUCER 8' CAFFE - [GCLERE8O7503],3
LEGENDS MONZA,LEGENDS NOSING 8' MONZA - [GCLENO8O9503]; LEGENDS BABY T-HOLD 8' MONZA - [GCLEBT8O9503]; LEGENDS REDUCER 8' MONZA - [GCLERE8O9503]; LEGENDS T-MOULDING 8' MONZA - [GCLETM8O9503],4
LEGENDS PARIA,LEGENDS NOSING 8' PARIA - [GCLENO8O1003]; LEGENDS BABY T-HOLD 8' PARIA - [GCLEBT8O1003]; LEGENDS REDUCER 8' PARIA - [GCLERE8O1003]; LEGENDS T-MOULDING 8' PARIA - [GCLETM8O1003],4
LEGENDS PINOT,LEGENDS NOSING 8' PINOT - [GCLENO8O7506]; LEGENDS BABY T-HOLD 8' PINOT - [GCLEBT8O7506]; LEGENDS REDUCER 8' PINOT - [GCLERE8O7506]; LEGENDS T-MOULDING 8' PINOT - [GCLETM8O7506],4
LEGENDS TREAD,LEGENDS TREAD - [GCTRLE],1
LINE PALOMINO,BIRCH - S.LINE BABY TRESHOLD PALOMINO - [GCBT7BIF129],1
LITE MOLASSES,"QUIET PATH - 5MM X 7"" X 47"" LITE MOLASSES - [GVQP701]",1
LUXURY BEAUTE,SAMPLE - LUXURY BEAUTE - [LALXSBRH05],1
LUXURY CHERRY,SAMPLE - LUXURY RED CHERRY - [LALXSBHG02],1
MAHO DANDALOO,3/4X4-3/4 SEMO MAHO. DANDALOO - [PQSDAN01],1
MAHOGANY DARK,LAMINATE NOSING MAHOGANY DARK - [LANOL8CVDM],1
MAHOGANY SPIC,LAMINATE REDUCER MAHOGANY SPIC - [LAREL12NDMS],1
MALIBU CASING,MDF - NONSTOCK - 1 X 2-9/16 UL MALIBU CASING - [MOCAMD181MUL]; MDF - NONSTOCK - 1-3/16X3-3/8 MALIBU CASING - [MOCAMD180MUL],2
MARK GLUE GAL,MARK10 GLUE 5 GAL - [HTAH0021]; MARK10 GLUE 1 GAL - [HTAH0020],2
MEGACLIC OPAL,MEGACLIC NOSING OPAL - [LAMCFNODN8708]; MEGACLIC REDUCER OPAL - [LAMCREDN8708],2
MEGACLIC SANA,MEGACLIC NOSING SANA - [LAMCFNOAS3116]; MEGACLIC REDUCER SANA - [LAMCREAS3116],2
MIDNIGHT HICK,MIDNIGHT H - LAMINATE 12.3MM MIDNIGHT HICK. - [LAPEMH12]; MIDNIGHT H - LAMINATE T MOLD MIDNIGHT HICK. - [LATMPEMH12]; MIDNIGHT H - LAMINATE END CAP MIDNIGHT HICK - [LAECPEMH12],3
MIELE CALCORE,"BELLISSIMO - MAPLE 7.5"" MIELE CALCORE - [GHBEM75206SB]",1
MISSION HILLS,"SANTA BARBARA - OAK 7.5"" MISSION HILLS - [ENSBHO7502]",1
MOLD ASHVILLE,MEGACLIC T-MOLD ASHVILLE - [LAMCTMAS3211],1
MOLD BUCKHEAD,MEGACLIC T-MOLD BUCKHEAD - [LAMCTMDN8702],1
MOLD CANADIAN,LAMINATE T-MOLD CANADIAN MAPLE - [LATMCW7604N],1
MOLD CINNAMON,CINNAMON - LAMINATE T-MOLD CINNAMON OAK - [LATML8MEC0],1
MOLD MERIDIAN,MEGACLIC T-MOLD MERIDIAN - [LAMCTMAS3205],1
MOLD PASADENA,MEGACLIC T-MOLD PASADENA - [LAMCTMAS3105],1
MOLD RONGBADO,LAMINATE T-MOLD RONGBADO - [LATMCW101],1
MOLD ROSEWOOD,LAMINATE T-MOLD ROSEWOOD - [LATMHXM30],1
MOLD WESTWOOD,MEGACLIC T-MOLD WESTWOOD - [LAMCTMAS3112],1
MOLDING COFFE,LAMINATE T MOLDING COFFE MAPLE - [LATMHVG1020],1
MOLDING HONEY,HONEYMAPLE - LAMINATE T MOLDING HONEY MAPLE - [LATM6113],1
MOLDING SPICY,LAMINATE T MOLDING SPICY OAK - [LATMHXM69],1
MONGOLIAN TEA,3/4 X 4-3/4 DIST.MONGOLIAN TEA - [GQMODMT43438],1
MONTECITO PLY,"DELUXE - *HICKORY 6"" MONTECITO 2 PLY - [GFDXH6572P]",1
MONTEREY BASE,MDF - NONSTOCK - 7/16 X 3-1/2 MONTEREY BASE - [MOBBMD335MUL]; MDF - NONSTOCK - 9/16 X 5-1/4 MONTEREY BASE - [MOBBMD341MUL]; PRIME NONSTOCK - 7/16 X 4-1/4 MONTEREY BASE - [MOBBPR316A],3
MONTEREY FLEX,FLEX - NONSTOCK - 9/16 X 5-1/4 MONTEREY FLEX - [MOBBFL341F],1
MOONSTONE PLY,"NOUVELLE - *EURO OAK 7.5"" MOONSTONE 2 PLY - [GFNVO75042P]",1
MOSAIC CARBON,DESIGNER SAMPLE - DS - MOSAIC WHITE OAK CARBON - [GWC-DSMOO101]; SAMPLE BOARD - SB - MOSAIC WHITE OAK CARBON - [GWC-SBMOO101],2
MOSAIC SUNSET,DESIGNER SAMPLE - DS - MOSAIC WHITE OAK SUNSET - [GWC-DSMOO103]; SAMPLE BOARD - SB - MOSAIC WHITE OAK SUNSET - [GWC-SBMOO103],2
MOUDING CAFFE,LEGENDS T-MOUDING 8' CAFFE - [GCLETM8O7503],1
NATURAL PREMI,9/16 X 3-1/4 W/O NATURAL PREMI - [UW916314PON],1
NOSE MASTER S,RENAISSANC - FLUSH STAIR NOSE MASTER'S - [AWDMLSNF530B],1
NYTAE MAERBAU,NYTAE MAERBAU - [NT701SC],1
O BLACK STONE,"CRYSTAL VALLEY - W/O SOLID DIST. 5"" BLACK STONE - [GQCVDO574]; CRYSTAL V - *W/O SOLID 5"" BLACK STONE - [GQCVO574]; 3/4"" REDUCER W/O BLACK STONE - [GCREOQ74]",3
O DESERT ROSE,"CRYSTAL VALLEY - W/O SOLID 3-1/4"" DESERT ROSE - [GQCVO31435]",1
O FINGERBLOCK,UNFINISHED - 5/16 X 11 X 11 R/O FINGERBLOCK - [HT0AT0651],1
O GOL CALCORE,"CRYSTAL VALLEY - W/O ENG 3-1/4"" GOL.OAK CALCORE - [GHCVO31445SB]",1
O NATURAL ELI,"3/4 x 2 1/4"" W/O NATURAL - ELI - [CE214ODN]; 3/4 x 3 1/4"" W/O NATURAL - ELI - [CE314ODN]",2
OASIS DOUSSIE,NATURAL - OASIS 9/16 X 3-9/16 DOUSSIE - [OA9163D E]; NATURAL - OASIS 1/2 X 3-9/16 DOUSSIE - [OAH3DO],2
OASIS H PECAN,NATURAL - OASIS 9/16 2 REDUCER H.PECAN - [OARENHA],1
OASIS NATURAL,NATURAL - OASIS T-MOULD 8' OAK NATURAL - [OATMFON],1
OASIS SAPELLI,"OASIS 9/16"" NOSING A. SAPELLI - [OANONAS]",1
OMNI BLDR W O,HONEYROSE - OMNI 1/2 X 3-1/4 BLDR W/O - [OMH314BOH]; HONEY ROSE - OMNI 3/4 X 3-1/4 BLDR. W/O - [OMQ314BOH],2
ORDER MOLDING,SPECIAL ORDER T-MOLDING (LF) - [MOTMSOLF]; SPECIAL ORDER T-MOLDING (EA) - [MOTMSOEA],2
ORDER MOULDIN,LAMINATE SPECIAL ORDER MOULDIN - [LASOMO],1
ORDER TEAK LL,SPECIAL ORDER TEAK LL - [LQSOTE],1
OYSTER CARBON,DESIGNER SAMPLE - DS - OYSTER WHITE OAK CARBON - [GWC-DSOYO101]; SAMPLE BOARD - SB - OYSTER WHITE OAK CARBON - [GWC-SBOYO101],2
OYSTER SUNSET,DESIGNER SAMPLE - DS - OYSTER WHITE OAK SUNSET - [GWC-DSOYO103]; SAMPLE BOARD - SB - OYSTER WHITE OAK SUNSET - [GWC-SBOYO103],2
PACIFIC GROVE,5/8 X 7-1/2 PACIFIC GROVE - [OAFOGO9],1
PANT ROSEWOOD,RUBY - 3/4 X 4 3/4 PANT. ROSEWOOD - [JFAMZS12204R],1
PARADISE COVE,"NEWPORT - EURO OAK 7.5"" PARADISE COVE - [GHNPO212]; NEWPORT BY GARRISON - EURO OAK 7.5"" PARADISE COVE - [GHNPO212]; WATERFALL - PANEL - NEWPORT PARADISE COVE - [GCSBNP212-2228]",3
PARQUET BRUNO,GARRISON PARQUET BRUNO - [GCPABRUNO],1
PEB BEACH 7.5,"NEWPORT - EURO OAK 7.5"" PEB.BEACH (1/2"") - [GHNPO206]",1
PECAN NATURAL,"DISTRESSED - 1/2"" NOSING H.PECAN NATURAL - [GCNO7HH38]",1
PIONEER PECAN,NATURAL - 3/4 X 4 PIONEER HICKORY PECAN - [AMQ4PHN],1
PONDEROSA DIS,"BIG SKY - *1/2X4,6,8 MAPLE PONDEROSA DIS - [EHBSM468151]",1
PR WHEAT 3.25,"CRYSTAL VALLEY - W/O PR.WHEAT ENG 3-1/4"" 2MM - [GHCVO31468]; CRYSTAL VALLEY USA - WHITE OAK PR.WHEAT 3-1/4"" 3MM - [GHCVO31468USA-33]",2
PRAIRIE WHEAT,"CRYSTAL VALLEY USA - WHITE OAK PRAIRIE WHEAT 5"" 3MM - [GHCVO568USA]; 1/2"" NOSING W/O PRAIRIE WHEAT - [UWNO12OP]; 1/2"" REDUCER W/O PRAIRIE WHEAT - [UWRE12OP]; T-MOULD W/O PRAIRIE WHEAT 78"" - [UWTM58OP]; T-MOULD PRAIRIE WHEAT - [GCTMOF68]; WHITE OAK - CRY.VAL T-MOULD PRAIRIE WHEAT - [GCTM7OF68]; 1/2"" BASESHOE PRAIRIE WHEAT - [GCBSOH68]; CRYSTAL VALLEY - W/O ENG 5"" PRAIRIE WHEAT (9/16 - [GNCVO568]; WIRE RACK - PANEL - CV 3.25"" PRAIRIE WHEAT - [GCSBCVO31468-1724]; WIRE RACK - PANEL - CV 5"" PRAIRIE WHEAT - [GCSBCVO568-1724]",10
PREFIN CUMURU,"NATURAL - 9/16 X 5"" PREFIN. CUMURU - [ENNCU538]",1
PREM W O SE P,CONTRACTORS CHOICE - 5/8 X 2-1/4 PREM.W/O SE 2P - [GFCOO214PS2P],1
PREMIUM BEVEL,CON.CHOICE - *5/8 X 5 PREMIUM RED OAK BEVEL - [GFCOR5PSBE],1
PREMIUM WALNU,NATURAL - OMNI 1/2 X 3-1/4 PREMIUM WALNU - [OMH314PWN],1
PS MOLD COLOR,PRIVATE SELECTION - PS 8' T-MOLD COLOR #4 - [ENPSTM8O04]; PRIVATE SELECTION - PS 8' T-MOLD COLOR #2 - [ENPSTM8O02]; PRIVATE SELECTION - PS 8' T-MOLD COLOR #5 - [ENPSTM8O05]; PRIVATE SELECTION - PS 8' T-MOLD COLOR #6 - [ENPSTM8O06]; PRIVATE SELECTION - PS 8' T-MOLD COLOR #1 - [ENPSTM8O01]; PRIVATE SELECTION - PS 8' T-MOLD COLOR #3 - [ENPSTM8O03],6
QTR BOARDWALK,BOARDWALK - LAMINATE QTR BOARDWALK - [LALXQRRH08],1
QTR CLASSIQUE,*LAMINATE QTR CLASSIQUE - [LALXQRRH06],1
QTR HIGH TIDE,QTR HIGH TIDE - [GLAWQR002],1
QTR ROUND ASH,ELEMENTS - QTR.ROUND - ASH - [GVSPCQR903],1
QTR ROUND NAT,LAMINATE QTR ROUND MAPLE NAT. - [LAQRCW87604],1
QTR SEA SHELL,SEA SHELL - LAMINATE QTR SEA SHELL - [LALXQRRH07],1
QTR VERT CARB,LAMINATE QTR VERT/CARB - [LALXQRBA02],1
QUARTER ROUND,PRIMED - 3/4 x 3/4 PRIME QUARTER ROUND - [MOQR34PR]; 3/4 x 3/4 MAPLE QUARTER ROUND - [MOQR34M]; 3/4 x 3/4 WALNUT QUARTER ROUND - [MOQW34M]; SAND DOLLAR QUARTER ROUND - [GCLAETCQR],4
RADIUS CORNER,3/4 RADIUS CORNER MAPLE - [MOBSRAM],1
RANDOM BIANCA,WALNUT - SAMPLE-DAVINCI RANDOM BIANCA - [GNDV235SBW62],1
RANDOM MILANO,MAPLE - SAMPLE-DAVINCI RANDOM MILANO - [GNDV235SBM65],1
RANDOM PISANI,HICKORY - SAMPLE-DAVINCI RANDOM PISANI - [GNDV235SBH67],1
RE CASING MDF,MDF - 9/16 X 2 1/4 2RE CASING MDF - [MOCAMD120MUL]; MDF - NONSTOCK - 3/4 X 2 3/4 2RE CASING MDF - [MOCAMD122MUL],2
REDCUER SANDS,GARRISON REDCUER WHITE SANDS - [GCLARE7512],1
RICH MAHOGANY,3 STRIP - LAMINATE 8MM RICH MAHOGANY - [LAL8MERM]; LAMINATE BABY-T RICH MAHOGANY - [LABTL8MERM]; LAMINATE T-MOLD RICH MAHOGANY - [LATML12NDEA]; LAMINATE REDUCER RICH MAHOGANY - [LAREL8MERM]; LAMINATE T-MOLD RICH MAHOGANY - [LATML8MERM]; LAMINATE NOSING RICH MAHOGANY - [LANOL8MERM],6
RIDGE VINTAGE,DESIGNER SAMPLE - DS - RIDGE WHITE OAK VINTAGE - [GWC-DSRIO104]; SAMPLE BOARD - SB - RIDGE WHITE OAK VINTAGE - [GWC-SBRIO104],2
RIVER ANGELIN,BIRCH - SAMPLE-RED RIVER 6-1/4 ANGELIN - [GNRR614BISB80],1
RIVER ARLINGT,BIRCH - SAMPLE-RED RIVER 6-1/4 ARLINGT - [GNRR614BISB82],1
RIVER GLENWOO,BIRCH - SAMPLE-RED RIVER 6-1/4 GLENWOO - [GNRR614BISB84],1
RIVER PRESCOT,BIRCH - SAMPLE-RED RIVER 6-1/4 PRESCOT - [GNRR614BISB85],1
ROMANTIQUE PL,"VILLA GIALLA - EURO OAK 9-1/2"" ROMANTIQUE 2PL - [GFVGO9102P]",1
ROSEWOOD RUBY,RUBY - 9/16 X 3-3/4 ROSEWOOD RUBY - [JFELP9593R],1
ROUND ANACAPA,AQUA BLUE BY GARRISON - QTR. ROUND - ANACAPA OAK - [GVWPCQR100],1
ROUND ASTORIA,METROPOLITAN - QTR.ROUND - ASTORIA - [GVMPQR701]; MEGACLIC QUARTER ROUND ASTORIA - [LAMCQRCT3301],2
ROUND AVIGNON,LAMINATE - GARRISON QUARTER ROUND AVIGNON - [GCLAQR001],1
ROUND CHELSEA,METROPOLITAN - QTR.ROUND - CHELSEA - [GVMPQR901],1
ROUND CORSICA,LAMINATE - *GARRISON QTR ROUND CORSICA - [GCLAQR011],1
ROUND CRIMSON,MEGACLIC QUARTER ROUND CRIMSON - [LAMCQRAS3101],1
ROUND ECLIPSE,VINYLNOVA - QTR. ROUND - ECLIPSE - [GVVNQR905],1
ROUND GLACIER,NATURESTEP - QTR.ROUND - GLACIER - [GVNSQR802],1
ROUND GLIMMER,ILLUMIN8 QUARTER ROUND GLIMMER - [GLILQR806],1
ROUND JUPITER,VINYLNOVA - QTR. ROUND - JUPITER - [GVVNQR907],1
ROUND MADISON,METROPOLITAN - QTR.ROUND - MADISON - [GVMPQR703],1
ROUND MERCURY,ELEMENTS - QTR.ROUND - MERCURY - [GVSPCQR704],1
ROUND NATURAL,LAMINATE QTR ROUND NATURAL OAK - [LAQRCW87025],1
ROUND NIAGARA,AQUA BLUE II BY GARRISON - QTR. ROUND - NIAGARA OAK - [GVWPCIIQR108],1
ROUND OLYMPIC,GARRISON QTR.ROUND OLYMPIC - [GCLAQR7509],1
ROUND REDWOOD,GARRISON QTR.ROUND REDWOOD - [GCLAQR7510],1
ROUND ROCKIES,APEX SPC - QTR.ROUND - ROCKIES - [GVAPQR504]; SUMMIT SKY SPC - QTR.ROUND - ROCKIES - [GVSSQR504],2
ROUND SCORPIO,ZODIAC WSPC - QUARTER ROUND - SCORPIO - [GVZOQR7508],1
ROUND SEQUOIA,GARRISON QTR.ROUND SEQUOIA - [GCLAQR7511],1
ROUND STOP RE,"PINE FJ - NONSTOCK - 3/8 X 1-1/4"" 2 ROUND STOP-2RE - [MOSTPR202FJ]",1
ROUND TRIBECA,METROPOLITAN - QTR.ROUND - TRIBECA - [GVMPQR903],1
ROYAL MAHOGAN,*LAMINATE T-MOLD ROYAL MAHOGAN - [LALXTMHS01]; *LAMINATE NOSING ROYAL MAHOGAN - [LALXNOHS01],2
RUSTIC OA S E,5/8 X 5 ENG. RUSTIC RED OA S.E - [AM585RRSU],1
S B O NATURAL,1/2 X 3-1/4 S/B R/O NATURAL - [UW12314SRN],1
S LINE BASE O,"5/8 x 3 1/2,S-LINE BASE,R/O - [MOSL583R]",1
S LINE BRANDY,BIRCH - S.LINE BABY TRESHOLD BRANDY - [GCBT7BIF05],1
S S LDF RISER,MDF - 11/16 X 7 1/4 S4S LDF RISER - [MORIMD202],1
S S MDF RISER,MDF - 11/16 X 7 1/4 S4S MDF RISER - [MORIMD751],1
SAN FE CORNER,MDF CORNER - NONSTOCK - 9/16X3-7/16 SAN.FE/#175 CORNER - [MOCOMD325MUL3W],1
SANDSTONE SPC,"SANDSTONE SPC  (20MIL) - 6.5MM 9"" X 60"" SANDSTONE SPC - [GDSP36264860]",1
SANTA FE BASE,MDF - NONSTOCK - 9/16 X 4-1/2 SANTA FE BASE - [MOBBMD316MUL]; MDF - NONSTOCK - 9/16 X 5-1/4 SANTA FE BASE - [MOBBMD338BMUL]; MDF - NONSTOCK - 9/16 X 5-1/4 SANTA FE BASE - [MOBBMD338MUL]; MDF - NONSTOCK - 9/16 X 3-7/16 SANTA FE BASE - [MOBBMD338MUL3],4
SANTOS MAHGNY,NATURAL - 9/16 X 3-1/2 SEL SANTOS MAHGNY - [ENNSS31238],1
SANTOS MAHOGA,"1/2"" BASE SHOE - SANTOS MAHOGA - [MOBS12S]; NATURAL - 1/2 X 3 1/4 BLDR SANTOS MAHOGA - [UW12314BSN]; NATURAL - M.W 9/16 X 4-3/4 SANTOS MAHOGA - [MWN4SM]; NATURAL - GC EXOTICS 3-5/8 SANTOS MAHOGA - [GNEXSM35838]; NATURAL - M.W 9/16 REDUCER SANTOS MAHOGA - [MWRENSMN]; 3/5 X 5 DIST.SANTOS MAHOGA - [GFMODS47838]; NATURAL - M.W 9/16 X 5 SANTOS MAHOGA - [MWN5SM]; NATURAL - 9/16"" REDUCER 7' SANTOS MAHOGA - [GCRE7SN38]",8
SAPPHIRE COLL,RED OAK - LAMINATE 8.2MM SAPPHIRE COLL. - [LA7025]; RED OAK - T MOULDING SAPPHIRE COLL. - [LATM7025],2
SB PALM FROST,SAMPLE BOARD - SB - PALM WHITE OAK FROST - [GWC-SBPAO102],1
SB TIDE FROST,SAMPLE BOARD - SB - TIDE WHITE OAK FROST - [GWC-SBTIO102],1
SCRIBE WALNUT,3/16 x 3/4 SCRIBE WALNUT - [MOSC316W],1
SECRET GARDEN,WATERFALL ORIGINAL - SAMPLE SET - SECRET GARDEN - [GCSASET51],1
SELECT BLD FT,"RANDOM - 1/2 x 2"" SELECT RED OAK BLD FT - [RH2SRSSP]",1
SELECT O PREF,NATURAL - 3/4 X 4 SELECT R/O PREF. - [PFQ-XRO4NAT]; NATURAL - 3/4 X 3-1/4 SELECT R/O PREF. - [PFQ-XRO3NAT],2
SET APEX HERR,WATERFALL ORIGINAL - SAMPLE SET - APEX HERR. - [GCSASET52],1
SET CLIFFSIDE,WATERFALL - SAMPLE SET - CLIFFSIDE - [GCSETCS-2228]; WATERFALL - SAMPLE SET - CLIFFSIDE <N/L> - [GCSETCS-2228PL]; WATERFALL - SAMPLE SET - CLIFFSIDE - [GCSETCS-2430],3
SET EXO COMBO,WATERFALL ORIGINAL - SAMPLE SET - EXO. COMBO <OB> - [GCSASET28],1
SET PARALLELS,SAMPLE SET - PARALLELS 2.0 - [GCSETP2-2428],1
SET VILLA GIA,WATERFALL ORIGINAL - SAMPLE SET - VILLA GIA. <OB> - [GCSASET19]; WATERFALL - SAMPLE SET - VILLA GIA. <N/L> - [GCSETVG-2828PL],2
SET VINYLNOVA,WATERFALL - SAMPLE SET - VINYLNOVA - [GCSETVN-2323],1
SHOE COLLEONI,DA VINCI BASE SHOE COLLEONI - [GCDVBSO706],1
SHOE DOUG FIR,1/2 x 3/4 BASE SHOE - DOUG FIR - [MOBS12D]; 3/8 X 3/4 BASE SHOE - DOUG FIR - [MOBS38D],2
SHOE MARCELLO,DA VINCI BASE SHOE MARCELLO - [GCDVBSO707],1
SHOE PRIME FJ,PRIMED PINE FJ - 1/2 x 3/4 BASE SHOE - PRIME FJ - [MOBS12PFJ],1
SIDE WHITECAP,C.SIDE 8' T-MOULD WHITECAP - [GCCSTM8O08]; C.SIDE 8' REDUCER WHITECAP - [GCCSRE8O08],2
SIENNA CYPRES,*LAMINATE T-MOLD SIENNA CYPRES - [LALXTMHS04]; *LAMINATE NOSING SIENNA CYPRES - [LALXNOHS04],2
SIERRA WALNUT,"12.3MM 6-1/2"" SIERRA WALNUT - [LALXRH01]; LAMINATE T-MOULD SIERRA WALNUT - [LALXTMRH01]; LAMINATE REDUCER SIERRA WALNUT - [LALXRERH01]; LAMINATE END CAP SIERRA WALNUT - [LALXECRH01]; LAMINATE NOSING SIERRA WALNUT - [LALXNORH01]; LAMINATE QTR SIERRA WALNUT - [LALXQRRH01]; SAMPLE - LUXURY SIERRA WALNUT - [LALXSBRH01]; SIERRA WALNUT - FLUSH NOSING SIERRA WALNUT - [LALXFNORH01]; LAMINATE TREAD SIERRA WALNUT - [LALXTRRH01]",9
SKY APPALOOSA,SAMPLE - BIG SKY APPALOOSA - [EHBS7SBM148]; MAPLE - BIG SKY 7' T-MOULD APPALOOSA - [GCBSTM7M148]; MAPLE - BIG SKY 8' T-MOULD APPALOOSA - [GCBSTM8M148]; MAPLE - BIG SKY 7' REDUCER APPALOOSA - [GCBSRE7M148]; MAPLE - BIG SKY 8' REDUCER APPALOOSA - [GCBSRE8M148]; MAPLE - BIG SKY 7' NOSING APPALOOSA - [GCBSNO7M148]; MAPLE - BIG SKY 8' NOSING APPALOOSA - [GCBSNO8M148],7
SKY HIMALAYAS,WATERFALL ORIGINAL - PANEL-SUMMIT SKY HB HIMALAYAS - [GCSBSSPH503-2228]; WATERFALL ORIGINAL - PANEL-SUMMIT SKY HB HIMALAYAS - [GCSBSSPH503-2424],2
SKY PONDEROSA,SAMPLE - BIG SKY PONDEROSA - [EHBS7SBM151]; MAPLE - BIG SKY BASESHOE PONDEROSA - [GCBSMH151]; MAPLE - BIG SKY 7' T-MOULD PONDEROSA - [GCBSTM7M151]; MAPLE - BIG SKY 8' T-MOULD PONDEROSA - [GCBSTM8M151]; MAPLE - BIG SKY 7' REDUCER PONDEROSA - [GCBSRE7M151]; MAPLE - BIG SKY 8' REDUCER PONDEROSA - [GCBSRE8M151]; MAPLE - BIG SKY 7' NOSING PONDEROSA - [GCBSNO7M151]; MAPLE - BIG SKY 8' NOSING PONDEROSA - [GCBSNO8M151],8
SM CHESTNUT P,"GII SMOOTH - MAPLE 5"" SM. CHESTNUT 2P - [GNSSM5062P]",1
SM ESPRESSO P,"GII SMOOTH - MAPLE 5"" SM. ESPRESSO 2P - [GNSSM5082P]",1
SMOKED ALMOND,BORA BORA - LAMINATE NOSING SMOKED ALMOND - [LANOETF08SN]; BORA BORA - LAMINATE T-MOULD.SMOKED ALMOND - [LATMETF08TM],2
SMOKED WALNUT,KASTEEL - 5/8 X 7 CHARC. SMOKED WALNUT - [NOF7CWK],1
SMOKEY WALNUT,LAMINATE T-MOLD SMOKEY WALNUT - [LATM12PSSSW],1
SPANISH COFFE,CANTINA BASESHOE SPANISH COFFE - [GCCABSHH103],1
SPANISH PECAN,LAMINATE SPANISH PECAN - [LACW619]; SPANISH P. - LAMINATE REDUCER SPANISH PECAN - [LARECW619]; SPANISH P. - LAMINATE NOSING SPANISH PECAN - [LANOCW619]; SPANISH P. - LAMINATE BABY-T SPANISH PECAN - [LABTCW619]; SPANISH P. - LAMINATE T-MOLD SPANISH PECAN - [LATMCW619],5
SPC MYTHOLOGY,HANDSET - 5MM SPC MYTHOLOGY - [GCKEYSET64],1
SPEC ORDER LF,SPEC.ORDER MOULDING MAPLE LF - [MOSOMLF]; SPEC.ORDER MOULDING LF - [MOSOLF],2
SPEC ORDER LL,"1/2"" SPEC.ORDER WHITE OAK LL - [LHSOO]; 1/2"" SPEC.ORDER MAPLE LL - [LHSOM]",2
SPECIAL ORDER,"LONG LENGTH SPECIAL ORDER - [L345FWM]; GARRISON SPECIAL ORDER - [GCMISC7]; WHITE OAK - ENGINEERED SPECIAL ORDER - [ENSOO]; S.MAHOGANY - ENGINEERED SPECIAL ORDER - [ENSOS]; ENGINEERED SPECIAL ORDER - [ENSO]; FLEXTRIM SPECIAL ORDER - [MOSLSO]; BAMBOO SPECIAL ORDER - [BASO]; BAMBOO SPECIAL ORDER MOULDING - [BAMOSO]; OASIS SPECIAL ORDER - [OASO]; SPECIAL ORDER NOSING (LF) - [MONOSOLF]; HARRISS TARKETT SPECIAL ORDER - [HT0SO]; MAPLE - ENGINEERED SPECIAL ORDER - [ENSOM]; WALNUT - ENGINEERED SPECIAL ORDER - [ENSOW]; KAHRS SPECIAL ORDER - [KASO]; B. CHERRY - ENGINEERED SPECIAL ORDER - [ENSOB]; RED OAK - ENGINEERED SPECIAL ORDER - [ENSOR]; NATURAL - ENGINEERED SPECIAL ORDER - [ENSOP]; BAMBOO SPECIAL ORDER MOULDING - [BAMOSOEA]; LAMINATE SPECIAL ORDER - [LASO]; SPECIAL ORDER 1/2"" - [RHSO]; FRENCH CONN. SPECIAL ORDER - [GFFCSO]; SPECIAL ORDER 3/8"" - [RTSO]; SPECIAL ORDER - SAMPLE - [SOSAMPLE]; LUXURY VINYL SPECIAL ORDER - [GVLX999]; GII SMOOTH SPECIAL ORDER - [GNSSSO]; DELUXE SPECIAL ORDER - [GFDX600]; LONG LENGTH SPECIAL ORDER - [LLSO]; SPECIAL ORDER HICKORY R/L - [RQSOH]; SPC  SPECIAL ORDER - [GVSPC000]; BELLAGIO - EURO OAK SPECIAL ORDER - [GNBL000]; GREEK ISLES - EURO OAK - SPECIAL ORDER - [GFGI000]; CANYON CREST - EURO OAK - SPECIAL ORDER - [GFCY000]; VILLA GIALLA - EURO OAK SPECIAL ORDER - [GFVG000]; DU BOIS SPECIAL ORDER - [GFDB000]; GARRISON SPECIAL ORDER - [GCMISCSF]; CONT. CHOICE SPECIAL ORDER - [GFCOSO]; QUARTZ - SPECIAL ORDER - [QTZ999]; SPORTS FLOOR SPECIAL ORDER - [SFSO]; ALLORA BY GARRISON - ALLORA SPECIAL ORDER - [GFALSO]; APPALACHIAN SPECIAL ORDER - [PFAPSO]; SHEOGA SPECIAL ORDER (SF) - [PFSHSOSF]; SHEOGA SPECIAL ORDER (EA) - [PFSHSOEA]; SHEOGA SPECIAL ORDER (LF) - [PFSHSOLF]",43
SPRING MEADOW,SYNTHETIC GRASS - SPRING MEADOW - [SG001],1
ST TROPEZ PLY,"FRENCH CONNECTION - EURO OAK 7"" ST.TROPEZ 2 PLY - [GFFCOB7322P]",1
STAIR C BEECH,LAMINATE STAIR NOSING C BEECH - [LAMLSNL12CVCB]; LAMINATE STAIR NOSING C BEECH - [LASNCW619],2
STONE CORNERS,SPECIAL ORDER STONE CORNERS - [TSCORNERS],1
STRADA SELECT,"ALLORA BY GARRISON - EURO OAK 7.5"" STRADA SELECT - [GFALO7506S]; PANEL-ALLORA 7.5""STRADA SELECT - [GCSBAL7506S-2228]; ALLORA BY GARRISON - EURO OAK 9.5"" STRADA SELECT - [GFALO9506S]",3
STRAND BAMBOO,CARB/LIGHT - GARRISON CLICK STRAND BAMBOO - [GFBACL5SCL]; CARB/DARK - GARRISON CLICK STRAND BAMBOO - [GFBACL5SCD]; NAT/LIGHT - GARRISON CLICK STRAND BAMBOO - [GFBACL5SNL]; NAT/DARK - GARRISON CLICK STRAND BAMBOO - [GFBACL5SND]; CARB/DARK - GARRISON CLICK STRAND BAMBOO - [GNBACL5SCD]; CARB/LIGHT - GARRISON CLICK STRAND BAMBOO - [GNBACL5SCL]; NAT/DARK - GARRISON CLICK STRAND BAMBOO - [GNBACL5SND]; NATURAL L - GARRISON CLICK STRAND BAMBOO - [GNBACL5SNL]; NATURAL - 9/16 X 5 3/16 STRAND BAMBOO - [TECLBO513F]; BLACK TEA - 9/16 X 5 3/16 STRAND BAMBOO - [TECLBO517F],10
STRIPE BAMBOO,LAM. END CAP GOL.STRIPE BAMBOO - [LAECL1204],1
SYRUP CALCORE,"GII DIST - MAPLE 5"" SYRUP CALCORE - [GNIIM577SB]; GII SMOOTH - MAPLE 5"" SM. SYRUP CALCORE - [GNSSM577SB]; GIII DIST - *G3 MAPLE 5"" SYRUP  CALCORE - [GHIIIM577SB]",3
TARKETT BEECH,NATUTAL - HARRISS TARKETT 1/2 X 5 BEECH - [HT0PF9035],1
TAUN CHESTNUT,"CRYSTAL VALLEY - TAUN SOLID 3-1/2"" CHESTNUT - [GQCVTA31206]",1
THOLD PURE OA,"URBANIA 78"" BABY-THOLD PURE OA - [URBTUC17101TH]",1
TI BIRMINGHAM,WALNUT - TI2 7' BABY T-HOLD BIRMINGHAM - [GCTI2BT7W132]; WALNUT - TI2 8' BABY T-HOLD BIRMINGHAM - [GCTI2BT8W132]; WALNUT - TI2 7' T-MOULD BIRMINGHAM - [GCTI2TM7W132]; WALNUT - TI2 8' T-MOULD BIRMINGHAM - [GCTI2TM8W132]; WALNUT - TI2 7' REDUCER BIRMINGHAM - [GCTI2RE7W132]; WALNUT - TI2 8' REDUCER BIRMINGHAM - [GCTI2RE8W132]; WALNUT - TI2 7' NOSING BIRMINGHAM - [GCTI2NO7W132]; WALNUT - TI2 8' NOSING BIRMINGHAM - [GCTI2NO8W132],8
TI CANTERBURY,"WALNUT - SAMPLE - TI 5"" CANTERBURY - [GCTI5WSB10]",1
TI CHESAPEAKE,HICKORY - TI T-MOULD CHESAPEAKE - [GCTM7HF04]; HICKORY - TI BABY THRESHOLD CHESAPEAKE - [GCBT7HF04]; HICK/PECAN - TI REDUCER CHESAPEAKE - [GCRE7HH04],3
TI II NORWICH,"CHERRY - SAMPLE - TI II 5"" NORWICH - [GHTI25CSB138]; CHERRY - TI.II T-MOULD NORWICH - [GCTM7CF138]",2
TI UNF WALNUT,TI2 NOSING UNF. DIST. WALNUT - [GCNO7WH00TI2],1
TI WALNUT NAT,TI BABY TRESHOLD WALNUT NAT. - [GCBT7WF38TI],1
TI WINCHESTER,CHERRY - TI2 BABY TRESHOLD WINCHESTER - [GCBT7CF139]; CHERRY - TI2 REDUCER WINCHESTER - [GCRE7CH139],2
TIGERWOOD NAT,"EXOTICS - 1/2 X 5 2MM TIGERWOOD NAT. - [GHEXTI538]; SMOOTH - 1/2 X 4 7/8 2MM TIGERWOOD NAT - [ENHTI47838]; SMOOTH - 1/2 X 4-3/4 2MM TIGERWOOD NAT. - [ENHTI43438]; SMOOTH - 1/2 X 5 2MM TIGERWOOD NAT. - [GHEXTI538]; EXOTIC BABY-T.TIGERWOOD NAT. - [GCEXBTTF38]; SMOOTH - 1/2 X 7.5"" 2MM TIGERWOOD NAT. - [GHEXTI7538]",6
TIGERWOOD OMP,"25"" X 28"" - PANEL - EXO. TIGERWOOD *OMP* - [GCSBEXTI538-2528]",1
TIME INSPIRED,HANDSET - TIME INSPIRED - [GCKEYSET10]; SAMPLE SET - TIME INSPIRED - [GCSAMPLES02]; TOTE BOARD - TIME INSPIRED - [GCKEYSET14]; WATERFALL ORIGINAL - SAMPLE SET - TIME INSPIRED - [GCSASET10],4
TOATED WALNUT,HI-GLOSS - LAMINATE T-MOLD TOATED WALNUT - [LATML12PSSTW],1
TONGUE POPLAR,1/2 SLIP TONGUE - POPLAR - [MOST12]; 3/4 SLIP TONGUE - POPLAR - [MOST34],2
TREAD ANACAPA,AQUA BLUE BY GARRISON - TREAD - ANACAPA OAK - [GVWPCTR100],1
TREAD ASTORIA,METROPOLITAN - TREAD - ASTORIA - [GVMPTR701],1
TREAD AVIGNON,LAMINATE - GARRISON TREAD AVIGNON - [GCLATR001],1
TREAD BERMUDA,LAMINATE TREAD BERMUDA - [LALXTRHS09],1
TREAD BRAZ CH,"11-3/4""  TREAD - BRAZ. CH - [MOTRB]",1
TREAD CHELSEA,METROPOLITAN - TREAD - CHELSEA - [GVMPTR901],1
TREAD ECLIPSE,VINYLNOVA - TREAD - ECLIPSE - [GVVNTR905],1
TREAD GLIMMER,ILLUMIN8 TREAD GLIMMER - [GLILTR806],1
TREAD GREY CH,GREY CHERRY - PARADISE VALLEY TREAD GREY CH - [LAPVTRC01],1
TREAD JAMAICA,*LAMINATE TREAD JAMAICA - [LALXTRHS11],1
TREAD JUPITER,VINYLNOVA - TREAD - JUPITER - [GVVNTR907],1
TREAD MADISON,METROPOLITAN - TREAD - MADISON - [GVMPTR703],1
TREAD MERCURY,ELEMENTS - TREAD - MERCURY - [GVSPCTR704],1
TREAD NIAGARA,AQUA BLUE II BY GARRISON - TREAD - NIAGARA OAK - [GVWPCIITR108],1
TREAD ROCKIES,SUMMIT SKY - TREAD - ROCKIES - [GVSSTR504],1
TREAD RUSSIAN,RUSSIAN BLACK OAK - PARADISE VALLEY TREAD RUSSIAN - [LAPVTRO02],1
TREAD TRIBECA,METROPOLITAN - TREAD - TRIBECA - [GVMPTR903],1
TREAD VANDAGE,*LAMINATE TREAD VANDAGE - [LALXTRRH09],1
TREAD VARIOUS,CUSTOM TREAD VARIOUS (EA) - [MOTRSOEA]; CUSTOM TREAD VARIOUS (LF) - [MOTRSOLF],2
TUXEDO CARBON,DESIGNER SAMPLE - DS - TUXEDO WHITE OAK CARBON - [GWC-DSTUO101]; SAMPLE BOARD - SB - TUXEDO WHITE OAK CARBON - [GWC-SBTUO101],2
TUXEDO SUNSET,DESIGNER SAMPLE - DS - TUXEDO WHITE OAK SUNSET - [GWC-DSTUO103]; SAMPLE BOARD - SB - TUXEDO WHITE OAK SUNSET - [GWC-SBTUO103],2
UL CHAIR RAIL,MDF - NONSTOCK - 9/16 X 2-1/2 UL CHAIR RAIL - [MOCRMD651MUL],1
UNF DIS WALNU,DELUXE NOSING 7' UNF.DIS.WALNU - [GCNO7WF00],1
UNFINISHED FO,"FRENCH OAK - SAMPLE - FCI 7"" UNFINISHED FO - [GFFCSBI7O00]",1
V YARD PETRUS,V.YARD 8' BABY T-HOLD PETRUS - [GCVYBT8O905],1
VAL BLK STONE,"CRY.VAL 3/4"" REDUCER BLK.STONE - [GCRE7OQ74]",1
VAL HONEYROSE,CRY.VAL T-MOULD HONEYROSE - [GCTM7OF49],1
VAL O NATURAL,RED OAK - CRY.VAL 7' T-MOULD R/O NATURAL - [GCCVTM7R38]; RED OAK - CRY.VAL 8' T-MOULD R/O NATURAL - [GCCVTM8R38],2
VAL PRA WHEAT,"WHITE OAK - CRY.VAL 3/4"" REDUCER PRA.WHEAT - [GCRE7OQ68]",1
VALLEY RUSSIA,RUSSIAN BLACK OAK - PARADISE VALLEY REDUCER RUSSIA - [LAPVREO02],1
VALLEY SILVER,SILVER OAK - PARADISE VALLEY REDUCER SILVER - [LAPVREO03]; SILVER OAK - PANEL-PARADISE VALLEY SILVER - [GCSBPVO03-1924],2
VALUFLEX SHOE,FLEX SHOE - 3/8 X 3/4 VALUFLEX SHOE - [MOBSFL300AF],1
VENEER SHEETS,WALNUT - WALNUT VENEER SHEETS 4X8 - [MOVESW]; W/O - WHITE OAK VENEER SHEETS 4X8 - [MOVESO]; R/O - RED OAK VENEER SHEETS 4X8 - [MOVESR]; B CHERRY - BRAZ. CHERRY VENEER SHEETS 4X8 - [MOVESB],4
VG ROMANTIQUE,OAK - VG 7' BABY T-HOLD ROMANTIQUE - [GCVGBT7O10]; OAK - VG 8' BABY T-HOLD ROMANTIQUE - [GCVGBT8O10]; OAK - VG 7' REDUCER ROMANTIQUE - [GCVGRE7O10]; OAK - VG 8' REDUCER ROMANTIQUE - [GCVGRE8O10]; OAK - VG 7' NOSING ROMANTIQUE - [GCVGNO7O10]; OAK - VG 8' NOSING ROMANTIQUE - [GCVGNO8O10]; VG BASESHOE ROMANTIQUE - [GCVGBSO10],7
VG UNFINISHED,VG NOSING 8' UNFINISHED - [GCVGNO8O00],1
VILLANOVA PLY,"DOLCE CAPRI - EURO OAK 9.5"" VILLANOVA 2 PLY - [GQCHO951082P]",1
VINCI CARRERA,DA VINCI 8' BABY-T CARRERA - [GCDVBT8O702]; DA VINCI 8' NOSING CARRERA - [GCDVNO8O702]; DA VINCI 8' REDUCER CARRERA - [GCDVRE8O702]; DA VINCI 8' T-MOULD CARRERA - [GCDVTM8O702]; DA VINCI 7' NOSING CARRERA - [GCDVNO7O702]; WATERFALL - PANEL - DA VINCI CARRERA - [GCSBDV702-2228],6
VINCI CASCINA,DA VINCI 8' BABY-T CASCINA - [GCDVBT8O703]; DA VINCI 8' NOSING CASCINA - [GCDVNO8O703]; DA VINCI 8' REDUCER CASCINA - [GCDVRE8O703]; DA VINCI 8' T-MOULD CASCINA - [GCDVTM8O703],4
VINCI CAVALLO,DA VINCI 8' BABY-T CAVALLO - [GCDVBT8O704]; DA VINCI 8' NOSING CAVALLO - [GCDVNO8O704]; DA VINCI 8' REDUCER CAVALLO - [GCDVRE8O704]; DA VINCI 8' T-MOULD CAVALLO - [GCDVTM8O704],4
VINCI CELLINI,DA VINCI 8' BABY-T CELLINI - [GCDVBT8O705]; DA VINCI 8' NOSING CELLINI - [GCDVNO8O705]; DA VINCI 8' REDUCER CELLINI - [GCDVRE8O705]; DA VINCI 8' T-MOULD CELLINI - [GCDVTM8O705],4
VINCI PALAZZO,DA VINCI 8' BABY-T PALAZZO - [GCDVBT8O710]; DA VINCI 8' NOSING PALAZZO - [GCDVNO8O710]; DA VINCI 8' REDUCER PALAZZO - [GCDVRE8O710]; DA VINCI 8' T-MOULD PALAZZO - [GCDVTM8O710],4
VINCI VECCHIO,DA VINCI 8' BABY-T VECCHIO - [GCDVBT8O709]; DA VINCI 8' NOSING VECCHIO - [GCDVNO8O709]; DA VINCI 8' REDUCER VECCHIO - [GCDVRE8O709]; DA VINCI 8' T-MOULD VECCHIO - [GCDVTM8O709]; WATERFALL - PANEL - DA VINCI VECCHIO - [GCSBDV709-2228],5
VINTAGE CHERR,LAMINATE REDUCER VINTAGE CHERR - [LALXRECS04]; LAMINATE T-MOULD VINTAGE CHERR - [LALXTMCS04]; LAMINATE END CAP VINTAGE CHERR - [LALXECCS04],3
VINTAGE CYPRS,LAMINATE REDUCER VINTAGE CYPRS - [LARECW7609],1
VINTAGE W WAS,"FRENCH OAK - SAMPLE - FCII 7"" VINTAGE W.WAS - [GFFCSBII7O87]",1
VINYL ANTIQUE,DEEP EMBOSSED - LUXURY VINYL ANTIQUE OAK - [GVLX008],1
VINYL CYPRESS,D. EMBOSSE - LUXURY VINYL CYPRESS - [GVLX001],1
VINYL PALMERI,*LOOSE LAY VINYL PALMERI - [GVLL208],1
W AMER CHERRY,NATURAL - M.W 9/16 X 4 3/4 AMER.CHERRY - [MWTLECH89],1
W AMER WALNUT,NATURAL - M.W 9/16 X 4-3/4 AMER.WALNUT - [MWTLECH83],1
W BRAZ CHERRY,NATURAL - M.W 9/16 X 4-3/4 BRAZ/CHERRY - [MWTLECH82],1
W BRAZ WALNUT,NATURAL - M.W 9/16 X 4-3/4 BRAZ/WALNUT - [MWTLTECH81]; NATURAL - M.W T-MOULD BRAZ/WALNUT - [MWTMEM8105]; NATURAL - M.W BABY THRESHOLD BRAZ/WALNUT - [MWTMEM8106]; NATURAL - M.W REDUCER BRAZ/WALNUT - [MWRENBWN],4
W O CAPPUCINO,9/16 X 5 SMOOTH W/O CAPPUCINO - [ENNO5SCA],1
W O HONEYROSE,"CRYSTAL VALLEY - *W/O SOLID 2-1/4"" HONEYROSE - [GQCVO21449]",1
W O LONGSTRIP,NATURAL - COUNTRY WOOD W/O LONGSTRIP - [CWE01O2F],1
W O MTN WHEAT,"CRYSTAL VALLEY - W/O SOLID 2-1/4"" MTN. WHEAT - [GQCVO21440]; CRYSTAL VALLEY - W/O SOLID 3-1/4"" MTN. WHEAT - [GQCVO31440]",2
W O NATURAL P,"CRYSTAL VALLEY - W/O ENG 3-1/4"" NATURAL 2P - [GHCVO314382P]",1
W O S E BEVEL,CON.CHOICE - *5/8X5 CHARACTER W/O S.E BEVEL - [GFCOO5CB],1
WAINSCOT BASE,MDF - NONSTOCK - 1/2 X 5 WAINSCOT BASE - [MOBBMD736MUL],1
WALNUT ACACIA,GOLDEN - 3/4 X 4-7/8 I. WALNUT ACACIA - [PFAWA1812303],1
WALNUT AUBURN,1/2 x 3 WALNUT AUBURN GARRISON - [GCGAW312]; 1/2 x 5 WALNUT AUBURN GARRISON - [GCGAW512],2
WALNUT B E LL,3/4 X 4 #1 WALNUT B.E LL - [LQ41WB]; 3/4 X 6 #1 WALNUT B.E LL - [LQ61WB]; 3/4 X 8 #1 WALNUT B.E LL - [LQ81WB],3
WALNUT BIANCA,"DAVINCI - *WALNUT 5"" BIANCA - [GNDVW562]",1
WALNUT COGNAC,SMOOTH - 1/2 X 4 SMOOTH WALNUT COGNAC - [EHSW404],1
WALNUT F STIP,"3/4 x 1/2"" WALNUT F.STIP - [MOFSW1234]",1
WALNUT GOLDEN,1/2 x 3 WALNUT GOLDEN GARRISON - [GCGAW330]; 1/2 x 5 WALNUT GOLDEN GARRISON - [GCGAW530],2
WALNUT GRAPPA,"BELLISSIMO - WALNUT 7.5"" GRAPPA - [GHBEW75402]",1
WALNUT LL S E,3/4 X 5 CHAR. WALNUT LL S.E - [LQ5CWS],1
WALNUT M B LL,UNFIN - 3/4 X 5 CHAR. WALNUT M.B. LL - [LQ5CWM]; UNFIN - 3/4 X 6 CHAR. WALNUT M.B. LL - [LQ6CWM],2
WALNUT MERLOT,"1/2 x 3 WALNUT MERLOT GARRISON - [GCGAW332]; 1/2 x 7 WALNUT MERLOT GARRISON - [GCGAW732]; TIME INSPR - WALNUT 5"" MERLOT             * - [GCTIW532]; DISTRESSED - 1/2"" NOSING WALNUT MERLOT - [GCNO7WH32]",4
WALNUT NATURA,LAMINATE END CAP WALNUT NATURA - [LAECL12NDWN]; LAMINATE T-MOULD WALNUT NATURA - [LATML12NDWN],2
WALNUT PREFIN,"MIDNIGHT - 1/2"" NOSING WALNUT PREFIN/DIST - [GCNOWH34]; CUSTOM - 1/2"" NOSING WALNUT PREFIN/DIST - [GCNOWH99]; CUSTOM - 3/4 X 3 WALNUT PREFIN/DIST. - [GQGAW399]; CUSTOM - 3/4 X 5 WALNUT PREFIN/DIST. - [GQGAW599]; CUSTOM - 3/4 X 7 WALNUT PREFIN/DIST. - [GQGAW799]; CUSTOM - 3/4 X 6 WALNUT PREFIN/DIST. - [GQGAW699]; FRUITWOOD - 3/4 X 7 WALNUT PREFIN/DIST. - [GQGAW728]; CUSTOM - 3/4 X 4 WALNUT PREFIN/DIST. - [GQGAW499]; NATURAL - 3/4 X 7 WALNUT PREFIN/DIST. - [GQGAW738]; NATURAL - 3/4"" NOSING WALNUT PREFIN/DIST - [GCNOWQ38]; NATURAL - 3/4 X 6 WALNUT PREFIN/DIST. - [GQGAW638]; CUSTOM - 9/16 NOSING WALNUT PREFIN/DIST - [GCNOWN99]",12
WALNUT RUSTIC,"NOUVELLE - *WALNUT 5/8 X 7.5"" RUSTIC - [GFNVW7511]",1
WALNUT S E LL,3/4 X 4 #1 WALNUT S.E LL - [LQ41WS]; UNFIN - 3/4 X 7 CHAR. WALNUT S.E LL - [LQ7CWS],2
WALNUT SAHARA,"GII DIST - WALNUT 5"" SAHARA - [GNIIW5104]; GIII DIST - *G3 WALNUT 5"" SAHARA - [GHIIIW5104]; DISTRESSED - *G3 WALNUT NOSING SAHARA - [GCNO7WH04]; WALNUT - *G3 WALNUT REDUCER SAHARA - [GCRE7WH04]",4
WALNUT SAPELE,SMOOTH - 1/2 X 5 LIGHT WALNUT SAPELE - [EHSSA5194],1
WALNUT SONOMA,"DELUXE - *WALNUT 6"" SONOMA - [GFDXW660]",1
WALNUT TOASTE,LAMINATE REDUCER WALNUT TOASTE - [LAREL12PSSTW],1
WEATHERED ASH,"AQUABLUE 7 BY GARRISON - 8MM 7"" X 72"" - WEATHERED ASH - [GVWPC110]; AQUA BLUE BY GARRISON - FLUSH NOSING - WEATHERED ASH - [GVWPCFNO110]; AQUA BLUE BY GARRISON - T-MOULDING - WEATHERED ASH - [GVWPCTM110]; AQUA BLUE BY GARRISON - REDUCER - WEATHERED ASH - [GVWPCRE110]; AQUA BLUE BY GARRISON - END CAP - WEATHERED ASH - [GVWPCEC110]; AQUA BLUE BY GARRISON - QTR. ROUND - WEATHERED ASH - [GVWPCQR110]; AQUA BLUE BY GARRISON - TREAD - WEATHERED ASH - [GVWPCTR110]",7
WEATHERED PLY,"NOUVELLE - *WALNUT 7.5"" WEATHERED 2 PLY - [GFNVW75122P]",1
WHEAT CALCORE,"GII DIST - MAPLE 5"" WHEAT CALCORE - [GNIIM554SB]; GII SMOOTH - MAPLE 5"" SM. WHEAT CALCORE - [GNSSM554SB]; CRYSTAL VALLEY - W/O ENG 5"" PR.WHEAT CALCORE - [GHCVO568SB]",3
WIDTH CARRERA,DAVINCI - *WALNUT RANDOM WIDTH CARRERA - [GNDVW23563],1
WILD PECAN MB,UNFIN - 1/2 x 5 MILL RUN WILD PECAN MB - [GCUNP500],1
WINTERSET PLY,"NOUVELLE - *EURO OAK 7.5"" WINTERSET 2 PLY - [GFNVO75092P]",1
YARD BORDEAUX,V.YARD 8' BABY T-HOLD BORDEAUX - [GCVYBT8O901],1
YARD PROSECCO,V.YARD 8' BABY T-HOLD PROSECCO - [GCVYBT8O904],1
3.25 NATURAL,"CRYSTAL VALLEY USA - WHITE OAK NATURAL 3-1/4"" 3MM - [GHCVO31438USA-33]; CRYSTAL VALLEY USA - RED OAK NATURAL 3-1/4"" 3MM - [GHCVR31438USA-33]",2
3.25 W O NAT,"CRYSTAL VALLEY - W/O NAT. ENG 3-1/4"" 2MM - [GHCVO31438]",1
5 O PR WHEAT,"CRYSTAL VALLEY - W/O PR.WHEAT ENG 5"" 2MM - [GHCVO568]",1
7.5 BRIGITTE,"LEGENDS - EURO OAK 7.5"" BRIGITTE - [GFLEO7502]",1
7.5 PROVENCE,"LEGENDS - EURO OAK 7.5"" PROVENCE - [GFLEO7507]",1
7.5 VENTASSO,"ALLORA - EURO OAK 7.5"" VENTASSO - [GFALO7507]",1
8.625 MIRAGE,"PRIVATE SELECTION - EURO OAK 8-5/8"" MIRAGE - [GNPSO85801]",1
8.625 SAHARA,"PRIVATE SELECTION - EURO OAK 8-5/8"" SAHARA - [GNPSO85805]",1
9.5 CASHMERE,"GOLD LABEL - OAK 9.5"" CASHMERE - [GFGLR9501]",1
9.5 LA BELLE,"LEGENDS - EURO OAK 9.5"" LA BELLE - [GFLEO9502]",1
ACA GOLD OMP,"25"" X 28"" - PANEL - EXO. ACA. GOLD *OMP* - [GCSBEXA5147-2528]",1
ACACIA BLACK,EXOTIC BASESHOE ACACIA BLACK - [GCEXBSAH16],1
ACACIA BLK W,"CRYSTAL VALLEY - ACACIA SOLID DIST.4-7/8"" BLK.W - [GQCVDA47816]; ACACIA - EXOTIC 7' T-MOULD ACACIA BLK W - [GCEXTM7A16]; ACACIA - EXOTIC 8' T-MOULD ACACIA BLK W - [GCEXTM8A16]; ACACIA - EXOTIC 4' T-MOULD ACACIA BLK W - [GCEXTM4A16]",4
ACACIA BRONZ,ACACIA - EXOTIC 7' T-MOULD ACACIA BRONZ - [GCEXTM7A146]; ACACIA - EXOTIC 8' T-MOULD ACACIA BRONZ - [GCEXTM8A146]; ACACIA - EXOTIC 4' T-MOULD ACACIA BRONZ - [GCEXTM4A146]; EXOTIC 6' T-MOULD ACACIA BRONZ - [GCEXTM6A146],4
ACACIA YUKON,"3/4X3-1/2,4-3/4 ACACIA YUKON - [PQSYUK01]",1
ACAPULCO BAY,"CANTINA BY GARRISON - WALNUT 7.5"" ACAPULCO BAY - [GHCAW75301]; CANTINA BASESHOE ACAPULCO BAY - [GCCABSWH301]; WALNUT - CANTINA 7' NOSING ACAPULCO BAY - [GCCANO7W301]; WALNUT - CANTINA 8' NOSING ACAPULCO BAY - [GCCANO8W301]",4
AFRI SAPELLI,DISTRESSED - OASIS 9/16X5 AFRI.SAPELLI DIST - [OA9165ASED],1
ALLORA SELLA,"PANEL - ALLORA 7.5"" SELLA - [GCSBAL7505-2228]; PANEL- ALLORA 7.5""SELLA SELECT - [GCSBAL7505S-2228]; PANEL - ALLORA 9.5"" SELLA - [GCSBAL9505-2228]; PANEL-ALLORA 9.5"" SELLA SELECT - [GCSBAL9505S-2228]; PANEL - ALLORA HB SELLA - [GCSBALPH405]",5
ALLORA TREAD,ALLORA TREAD - [GCTRAL],1
ALLORA VOLTO,"PANEL - ALLORA 7.5"" VOLTO - [GCSBAL7508-2228]; PANEL - ALLORA 9.5"" VOLTO - [GCSBAL9508-2228]",2
AM CHERRY SE,CON.CHOICE - *5/8 X 2 1/4 CHR. AM/CHERRY SE - [GFCOC214CS],1
AMPLE DELUXE,"NEWPORT - 3AMPLE - DELUXE 6"" MAPLE - [GFDX6SBM59]",1
ANCEINT MAHO,LAMINATE BABY-T ANCEINT MAHO. - [LABTED292],1
ANCIENT MAHO,LAMINATE T-MOLD ANCIENT MAHO. - [LATMED292],1
ANDERSON M B,NATURAL - ANDERSON 1/2 X 3 RED OAK M.B - [AN3490],1
ANDERSON S E,HARVEST - ANDERSON 3/8 X 3 RED OAK S.E - [ANLS3790],1
ANT CHARCOAL,LAMINATE T-MOLD ANT. CHARCOAL - [LALXTMHS03]; LAMINATE REDUCER ANT. CHARCOAL - [LALXREHS03]; LAMINATE NOSING ANT. CHARCOAL - [LALXNOHS03]; LAMINATE END CAP ANT. CHARCOAL - [LALXECHS03]; SAMPLE - LUXURY ANT. CHARCOAL - [LALXSBHS03]; LAMINATE QTR ANT. CHARCOAL - [LALXQRHS03],6
ANTIQUE PINE,LAMINATE ANTIQUE PINE DIST. - [LAED005],1
AQUABLUE WPC,WATERFALL ORIGINAL - SAMPLE SET - AQUABLUE 7 WPC - [GCSASET33],1
B CHERRY NAT,HI-GLOSS - LAMINATE T-MOLD B-CHERRY NAT - [LATML12PSSBC]; HI GLOSS - LAMINATE REDUCER B.CHERRY NAT - [LAREL12PSSBC]; HI GLOSS - LAMINATE NOSING B.CHERRY NAT. - [LANOL12PSSBC]; HI-GLOSS - LAMINATE BABY-T B.CHERRY NAT - [LABTL12PSSBC],4
B G GUNSTOCK,3/4 X 3 W/O B.G. GUNSTOCK - [UW343BOG],1
B WALNUT NAT,LEGENDS B.T-HOLD 8' WALNUT NAT - [GCLEBT8W7501],1
BAMBOO HORIZ,"CARBONIZED - BAMBOO HORIZ. BABY THRESHOLD - [HABTBHC]; NATURAL - BAMBOO HORIZ. BABY THRESHOLD - [HABTBHN]; CARBONIZED - HAWA BAMBOO HORIZ. T-MOULDING - [HATMBHC]; NATURAL - HAWA BAMBOO HORIZ. T-MOULDING - [HATMBHN]; COFFEE - 5/8"" REDUCER BAMBOO HORIZ. - [GFREBAF37]",5
BAMBOO TREAD,HORIZ/CARB - BAMBOO TREAD 3/4 X 11-1/2 - [BATR001]; HORIZ/NAT - BAMBOO TREAD 3/4 X 11-1/2 - [BATR002]; VERT/CARB - BAMBOO TREAD 3/4 X 11-1/2 - [BATR003]; VERT/NAT - BAMBOO TREAD 3/4 X 11-1/2 - [BATR004]; HORIZ/CARB - BAMBOO TREAD 1 X 11-1/2 - [BATR005]; HORIZ/NAT - BAMBOO TREAD 1 X 11-1/2 - [BATR006]; VERTZ/CARB - BAMBOO TREAD 1 X 11-1/2 - [BATR007]; VERT/NAT - BAMBOO TREAD 1 X 11-1/2 - [BATR008]; HORIZ/CARB - BAMBOO TREAD 3/4 X 12 - [BATR011]; VERT/CARB - BAMBOO TREAD 3/4 X 12 - [BATR012]; HORT/NATUR - BAMBOO TREAD 3/4 X 11-3/4 X 4' - [BATR013]; HORT/CARB - BAMBOO TREAD 3/4 X 11-3/4 X 4' - [BATR014]; VERT/NATUR - BAMBOO TREAD 3/4 X 11-3/4 X 4' - [BATR015]; VERT/CARB - BAMBOO TREAD 3/4 X 11-3/4 X 4' - [BATR016],14
BAMBOO VERTI,CARBONIZED - OMNI 1/2 BAMBOO BASESHOE VERTI - [UWBSBVC],1
BARNWOOD PLY,"NOUVELLE - *EURO OAK 7.5"" BARNWOOD 2 PLY - [GFNVO75032P]",1
BASE B CHERY,"5/8 x 2 1/2,OG BASE, B. CHERY - [MOOG582B]",1
BASE NAT HOR,NATURAL - BAMBOO WALL BASE NAT/HOR. - [BAWBBHN],1
BASE SHOE NA,1/2 X 3/4 BAMBOO BASE SHOE  NA - [UWBSBVN],1
BEACH BLONDE,"CLIFFSIDE BY GARRISON - EURO OAK 7.5"" BEACH BLONDE - [GFCSO7501]; C.SIDE 8' NOSING BEACH BLONDE - [GCCSNO8O01]; C.SIDE 8' BABY-T BEACH BLONDE - [GCCSBT8O01]; WATERFALL - PANEL - CLIFF. BEACH BLONDE - [GCSBCS7501-2228]; CLIFFSIDE BY GARRISON - EURO OAK 7.5"" BEACH BLONDE - [GFCSO75001]",5
BELLAGIO OMP,"30"" X 28"" - SAMPLE SET - BELLAGIO *OMP* - [GCSETBL-3028]",1
BEVEL CASING,MDF - NONSTOCK - 9/16 X 1-9/16 BEVEL CASING - [MOCAMD102MBB],1
BH CARMELITA,WATERFALL - PANEL - BH CARMELITA - [GCSBBH9510-2828],1
BH HILLCREST,WATERFALL - PANEL - BH HILLCREST - [GCSBBH9503-2828],1
BLACK CANYON,"GARRISON LAMINATE - 12MM 7.5"" X 70.8"" BLACK CANYON - [GCLA7502]; GARRISON END CAP BLACK CANYON - [GCLAEC7502]; GAR.FLUSH NOSING BLACK CANYON - [GCLAFNO7502]; GARRISON REDUCER BLACK CANYON - [GCLARE7502]; GAR.T-MOULDING BLACK CANYON - [GCLATM7502]; GAR.QTR.ROUND BLACK CANYON - [GCLAQR7502]",6
BLACK CHERRY,"DIST - BLACK CHERRY DIST 9/16 X 4-7/8 - [GNIIC529]; SAMPLE - GII BLACK CHERRY - [GNII5SBC29]; BLK.CHERRY - 5/8"" T-MOULD 8' BLACK CHERRY - [GCTMCF29]; DISTRESSED - GII NOSING BLACK CHERRY - [GCNO7CN29]; CHERRY - GII T-MOULD BLACK CHERRY - [GCTM7CF29]",5
BLACK FOREST,LAMINATE DIST BLACK FOREST - [LACWD7283N]; LAMINATE T-MOLD BLACK FOREST - [LATMCWD7283N]; LAMINATE NOSING BLACK FOREST - [LANOCWD7283N]; LAMINATE REDUCER BLACK FOREST - [LARECWD7283N],4
BLACK WALNUT,"EXOTICS - 1/2 X 5 ACACIA BLACK WALNUT - [GHEXA516]; NATURAL - M.W 9/16 X 4- 3/4 BLACK WALNUT - [MWTLECH90]; ACACIA - 9/16 X 4-3/4 DIST.BLACK WALNUT - [ENNAS43416]; ACACIA - 3/4 X 4-3/4 DIST. BLACK WALNUT - [PFQAS43416]; DISTRESS - 1/2 X 5 ACACIA BLACK WALNUT - [GHEXA516]; DISTRESS - 1/2 X 7.5""ACACIA BLACK WALNUT - [GHEXA7516]",6
BLANK HEADER,GC RACK BLANK HEADER BOARD - [GCRACK  B],1
BLDR NATURAL,"CRYSTAL V - W/O BLDR SOLID 3 1/4"" NATURAL - [GQCVOB31438]; CRYSTAL V - WALNUT SOLID BLDR 4"" NATURAL * - [GQCV4BW38]; CRYSTAL V - WALNUT SOLID BLDR 3"" NATURAL - [GQCV3BW38]",3
BLDR W O NAT,3/4 X 3-3/16 BLDR W/O NAT. - [UW34316BON],1
BLOODWOOD SE,"CON.CHOICE - *5/8 X3-1/4 SEL BLOODWOOD SE - [GFCOBL314SS]; CON.CHOICE - *35/8 X 5"" SELECT BLOODWOOD SE - [GFCOBL5SS]",2
BOIS ANASTAS,OAK - DU BOIS 7' BABY T-HOLD ANASTAS - [GCDBBT7O195]; OAK - DU BOIS 8' BABY T-HOLD ANASTAS - [GCDBBT8O195],2
BOIS BRIGITT,OAK - DU BOIS 7' BABY T-HOLD BRIGITT - [GCDBBT7O182]; OAK - DU BOIS 8' BABY T-HOLD BRIGITT - [GCDBBT8O182],2
BOIS CHANTAL,OAK - DU BOIS 7' BABY T-HOLD CHANTAL - [GCDBBT7O184]; OAK - DU BOIS 8' BABY T-HOLD CHANTAL - [GCDBBT8O184]; OAK - DU BOIS 7' T-MOULD CHANTAL - [GCDBTM7O184]; OAK - DU BOIS 8' T-MOULD CHANTAL - [GCDBTM8O184]; OAK - DU BOIS 7' REDUCER CHANTAL - [GCDBRE7O184]; OAK - DU BOIS 8' REDUCER CHANTAL - [GCDBRE8O184]; OAK - DU BOIS 7' NOSING CHANTAL - [GCDBNO7O184]; OAK - DU BOIS 8' NOSING CHANTAL - [GCDBNO8O184]; DU BOIS BASESHOE CHANTAL - [GCDBBSOH184]; WATERFALL - PANEL - DU BOIS CHANTAL - [GCSBDB7184-2228]; PANEL-DU BOIS CHANTAL <N/L> - [GCSBDB7184-2228PL],11
BOIS CHRISHE,OAK - DU BOIS 7' BABY T-HOLD CHRISHE - [GCDBBT7O181]; OAK - DU BOIS 8' BABY T-HOLD CHRISHE - [GCDBBT8O181],2
BOIS COLETTE,DU BOIS BABY-T COLETTE - [GCDBBTOF185]; DU BOIS NOSING COLETTE - [GCDBNOON185]; DU BOIS REDUCER COLETTE - [GCDBREON185]; DU BOIS T-MOULD COLETTE - [GCDBTMOF185]; DU BOIS BASESHOE COLETTE - [GCDBBSOH185]; DU BOIS NOSING 8' COLETTE - [GCDBNOON8185]; DU BOIS 8' BABY T-HOLD COLETTE - [GCDBBTOF8185],7
BOIS DANIELL,OAK - DU BOIS 7' BABY T-HOLD DANIELL - [GCDBBT7O186]; OAK - DU BOIS 8' BABY T-HOLD DANIELL - [GCDBBT8O186],2
BOIS ELISABE,OAK - DU BOIS 7' BABY T-HOLD ELISABE - [GCDBBT7O192]; OAK - DU BOIS 8' BABY T-HOLD ELISABE - [GCDBBT8O192],2
BOIS EVELIEN,OAK - DU BOIS 7' BABY T-HOLD EVELIEN - [GCDBBT7O193]; OAK - DU BOIS 8' BABY T-HOLD EVELIEN - [GCDBBT8O193]; OAK - DU BOIS 7' T-MOULD EVELIEN - [GCDBTM7O193]; OAK - DU BOIS 8' T-MOULD EVELIEN - [GCDBTM8O193]; OAK - DU BOIS 7' REDUCER EVELIEN - [GCDBRE7O193]; OAK - DU BOIS 8' REDUCER EVELIEN - [GCDBRE8O193]; OAK - DU BOIS 7' NOSING EVELIEN - [GCDBNO7O193]; OAK - DU BOIS 8' NOSING EVELIEN - [GCDBNO8O193]; DU BOIS EVELIEN BASESHOE - [GCBSOH193]; DU BOIS BASESHOE EVELIEN - [GCDBBSOH193]; WATERFALL - PANEL - DU BOIS EVELIEN - [GCSBDB7193-2228]; PANEL-DU BOIS EVELIEN <N/L> - [GCSBDB7193-2228PL],12
BOIS FIAMETT,OAK - DU BOIS 7' BABY T-HOLD FIAMETT - [GCDBBT7O198]; OAK - DU BOIS 8' BABY T-HOLD FIAMETT - [GCDBBT8O198],2
BOIS GABRIEL,OAK - DU BOIS 7' BABY T-HOLD GABRIEL - [GCDBBT7O187]; OAK - DU BOIS 8' BABY T-HOLD GABRIEL - [GCDBBT8O187],2
BOIS ISABELL,OAK - DU BOIS 7' BABY T-HOLD ISABELL - [GCDBBT7O188]; OAK - DU BOIS 8' BABY T-HOLD ISABELL - [GCDBBT8O188],2
BOIS JULIETT,OAK - DU BOIS 7' BABY T-HOLD JULIETT - [GCDBBT7O196]; OAK - DU BOIS 8' BABY T-HOLD JULIETT - [GCDBBT8O196],2
BOIS NATHALI,OAK - DU BOIS 7' BABY T-HOLD NATHALI - [GCDBBT7O189]; OAK - DU BOIS 8' BABY T-HOLD NATHALI - [GCDBBT8O189],2
BOIS VIVIANN,OAK - DU BOIS 7' BABY T-HOLD VIVIANN - [GCDBBT7O197]; OAK - DU BOIS 8' BABY T-HOLD VIVIANN - [GCDBBT8O197],2
BONE CAFFE N,5X24 HERR.BONE CAFFE (L) N.OIL - [GFLEPH501O-L]; 5X24 HERR.BONE CAFFE (R) N.OIL - [GFLEPH501O-R]; LEGENDS - 5X24 HERR.BONE CAFFE (L) N.OIL - [GFLEPH501O-L]; LEGENDS - 5X24 HERR.BONE CAFFE (R) N.OIL - [GFLEPH501O-R],4
BRAZ NATURAL,SMOOTH NATURAL - 1/2 X 3-1/2 BRAZ. OAK NATURAL - [ENHBO31238]; SMOOTH NATURAL - 1/2 X 4-3/4 BRAZ. OAK NATURAL - [ENHBO43438],2
BRENTON COVE,PREFINISH - OSHKOSH BRENTON COVE - [OK305PF]; UNFINISH - OSHKOSH BRENTON COVE - [OK305U],2
BRIGITTE 7.5,"LEGENDS - EURO OAK 7.5"" BRIGITTE - [GFLEO7502]",1
BRIGITTE PLY,"EURO OAK 7.5"" BRIGITTE 2 PLY - [GFDBO71822P]",1
BRYCE CANYON,"GARRISON LAMINATE - 12MM 7.5"" X 70.8"" BRYCE CANYON - [GCLA7503]; GARRISON END CAP BRYCE CANYON - [GCLAEC7503]; GAR.FLUSH NOSING BRYCE CANYON - [GCLAFNO7503]; GARRISON REDUCER BRYCE CANYON - [GCLARE7503]; GAR.T-MOULDING BRYCE CANYON - [GCLATM7503]; GAR.QTR.ROUND BRYCE CANYON - [GCLAQR7503]",6
BURMA CYPRES,"3/4 X 3-5/8 X 24"" BURMA CYPRES - [FFQ358BC]",1
BURNT BRONZE,"DISTRESSED - 12.3MM 6-1/2"" BURNT BRONZE - [LALXHS05]; LAMINATE NOSING BURNT BRONZE - [LALXNOHS05]; LAMINATE T-MOLD BURNT BRONZE - [LALXTMHS05]; LAMINATE REDUCER BURNT BRONZE - [LALXREHS05]; LAMINATE END CAP BURNT BRONZE - [LALXECHS05]; SAMPLE - LUXURY BURNT BRONZE - [LALXSBHS05]; LAMINATE QTR BURNT BRONZE - [LALXQRHS05]; BURNT BRONZE - FLUSH NOSING BURNT BRONZE - [LALXFNOHS05]; LAMINATE TREAD BURNT BRONZE - [LALXTRHS05]",9
BUSTER SPICE,SAMPLE - COMP.BUSTER SPICE - [ETCB5SBBI145]; WATERFALL - PANEL - COMP. BUSTER SPICE - [GCSBCBB5145-1724],2
BUSTER TREAD,COMPETITION BUSTER TREAD - [GCTRCB],1
BUTTERSCOTCH,9/16 X 3-1/4 OAK BUTTERSCOTCH - [CWP0105F],1
C W O M B LL,UNFIN - 3/4 X 6 #1C W/O M.B LL - [LQ61OM]; UNF - 3/4 X 5 #1C W/O M.B. LL - [LQ51OM]; UNF - 3/4 X 5 #2C W/O M.B. LL - [LQ52OM],3
C WALNUT S E,5/8 X 5 ENG #1C WALNUT S.E. - [AM5851WSU],1
C WALNUT UNF,C.C NOSING WALNUT UNF. DIST. - [GCNO7WH00CC]; C.C NOSING WALNUT UNF.DIST. 8' - [GCNO8WH00CC],2
CABO REEF NO,"17.5"" X 24"" - CANTINA CABO REEF *NO LABEL - [GCSBCAH751011724PL]",1
CAFFE BALTIC,"FRENCH OAK - SAMPLE - FC 7"" CAFFE BALTIC - [GFFCSBB7O167]",1
CANEWOOD PLY,"FRENCH CONNECTION - EURO OAK 7"" CANEWOOD 2 PLY - [GFFCOB71722P]",1
CANYON CREEK,"CRYSTAL VALLEY - W/O SOLID 2-1/4"" CANYON CREEK - [GQCVO21439]; CRYSTAL VALLEY - W/O SOLID 3 1/4"" CANYON CREEK - [GQCVO31439]",2
CANYON CREST,HANDSET - CANYON CREST - [GCKEYSET54],1
CANYON LANDS,"GARRISON LAMINATE - 12MM 7.5"" X 70.8"" CANYON LANDS - [GCLA7504]; GARRISON END CAP CANYON LANDS - [GCLAEC7504]; GAR.FLUSH NOSING CANYON LANDS - [GCLAFNO7504]; GARRISON REDCUER CANYON LANDS - [GCLARE7504]; GAR.T-MOULDING CANYON LANDS - [GCLATM7504]; GAR.QTR.ROUND CANYON LANDS - [GCLAQR7504]",6
CAP AQUARIUS,ZODIAC WSPC - END CAP - AQUARIUS - [GVZOEC7501],1
CAP ASHVILLE,MEGACLIC END CAP ASHVILLE - [LAMCECAS3211],1
CAP BORDEAUX,LAMINATE END CAP BORDEAUX - [LALXECET1013],1
CAP CAMELLIA,SECRET GARDEN SPC - END CAP - CAMELLIA - [GVSGEC701],1
CAP CHARCOAL,ELEMENTS - END CAP - CHARCOAL - [GVSPCEC1202],1
CAP COLONIAL,AQUA BLUE II BY GARRISON - END CAP - COLONIAL OAK - [GVWPCIIEC111],1
CAP CORONADO,AQUA BLUE BY GARRISON - END CAP - CORONADO OAK - [GVWPCEC101],1
CAP GARDENIA,SECRET GARDEN SPC - END CAP - GARDENIA - [GVSGEC704],1
CAP HACIENDA,AQUA BLUE II BY GARRISON - END CAP - HACIENDA OAK - [GVWPCIIEC104],1
CAP HAZELNUT,NATURESTEP - END CAP - HAZELNUT - [GVNSEC803],1
CAP NANTERRE,LAMINATE - *GARRISON END CAP NANTERRE - [GCLAEC005],1
CAP POSEIDON,MYTHOLOGY - END CAP - POSEIDON - [GVGAEC705],1
CAP SEA FOAM,END CAP SEA FOAM - [GCLAEC007],1
CAP STARDUST,VINYLNOVA - END CAP - STARDUST - [GVVNEC911],1
CAP TWILIGHT,VINYLNOVA - END CAP - TWILIGHT - [GVVNEC912],1
CAP YOSEMITE,AQUA BLUE BY GARRISON - END CAP - YOSEMITE OAK - [GVWPCEC111],1
CAPPUCCINO M,"CRYSTAL V - WHITE OAK 5"" CAPPUCCINO 2.2M * - [GNCVO5131]",1
CAPRI AVENZA,CHATEAU CAPRI BASESHOE AVENZA - [GCCHBSOO101],1
CARB CAPPUCC,*GII NOSING MAPLE CARB CAPPUCC - [GCNO7MCN131],1
CASHMERE 9.5,"GOLD LABEL - OAK 9.5"" CASHMERE - [GFGLR9501]",1
CC CHARLOTTE,HICKORY - CC 7' BABY THRESHOLD CHARLOTTE - [GCCCBT7H89]; HICKORY - CC 8' BABY THRESHOLD CHARLOTTE - [GCCCBT8H89]; HICKORY - CC 7' T-MOULD CHARLOTTE - [GCCCTM7H89]; HICKORY - CC 8' T-MOULD CHARLOTTE - [GCCCTM8H89]; HICKORY - CC 7' REDUCER CHARLOTTE - [GCCCRE7H89]; HICKORY - CC 8' REDUCER CHARLOTTE - [GCCCRE8H89]; HICKORY - CC 7' NOSING CHARLOTTE - [GCCCNO7H89]; HICKORY - CC 8' NOSING CHARLOTTE - [GCCCNO8H89],8
CH MONTECARL,OAK - CH 7' BABY THRESHOLD MONTECARL - [GCCHBT7O105]; OAK - CH 8' BABY THRESHOLD MONTECARL - [GCCHBT8O105],2
CH VILLANOVA,OAK - CH 7' BABY THRESHOLD VILLANOVA - [GCCHBT7O108]; OAK - CH 8' BABY THRESHOLD VILLANOVA - [GCCHBT8O108]; OAK - CH 7' T-MOULD VILLANOVA - [GCCHTM7O108]; OAK - CH 8' T-MOULD VILLANOVA - [GCCHTM8O108]; OAK - CH 7' REDUCER VILLANOVA - [GCCHRE7O108]; OAK - CH 8' REDUCER VILLANOVA - [GCCHRE8O108]; OAK - CH 7' NOSING VILLANOVA - [GCCHNO7O108]; OAK - CH 8' NOSING VILLANOVA - [GCCHNO8O108],8
CHERRY SE LL,UNFIN - 3/4 X 5 FAS BRA/CHERRY SE LL - [LQ5CBS],1
CHERRY SPICE,HI DEF - LAMINATE 12.MM CHERRY SPICE - [LAL12HDCS]; LAMINATE BABY-T CHERRY SPICE - [LABTL12HDCS]; LAMINATE T-MOLD CHERRY SPICE - [LATML12HDCS],3
CHERRY TREAD,NATURAL - 11-3/4 BRAZ/CHERRY TREAD DIST. - [GCTRBO38],1
CHERRY WENGE,"GII DIST - BRAZILIAN CHERRY 5"" WENGE - [GNIIB552]",1
CHESTNUT PLY,"GII DIST - MAPLE 5"" CHESTNUT 2PLY - [GNIIM5062P]",1
CHICKEN WING,LAMINATE CHINESE CHICKEN WING - [LACWD7878]; REDUCER CHINESE CHICKEN WING - [LARECWD7878]; BABY-T CHINESE CHICKEN WING - [LABTCWD7878]; T-MOLD CHINESE CHICKEN WING - [LATMCWD7878]; NOSING CHINESE CHICKEN WING - [LANOCWD7878],5
CHOICE O OMP,"WATERFALL - PANEL - C.CHOICE R/O 2.25""*OMP - [GCSBCOR214PS-2428]",1
CITRUS AMBER,"CRYSTAL - 12.3MM 5"" CITRUS AMBER - [LALXCS01]; *LAMINATE NOSING CITRUS AMBER - [LALXNOCS01]; *LAMINATE REDUCER CITRUS AMBER - [LALXRECS01]; *LAMINATE T-MOULD CITRUS AMBER - [LALXTMCS01]; LAMINATE END CAP CITRUS AMBER - [LALXECCS01]; SAMPLE - LUXURY CITRUS AMBER - [LALXSBCS01]; *LAMINATE QTR CITRUS AMBER - [LALXQRCS01]; CITRUS AMBER - *FLUSH NOSING CITRUS AMBER - [LALXFNOCS01]",8
CL ALLENDALE,OAK - SAMPLE - CAROLINA CL.ALLENDALE - [GHCC5OSB96],1
CLAS CYPRESS,LAMINATE REDUCER CLAS. CYPRESS - [LAREL12NDCC],1
CLASS RALEIG,MAPLE - CAR.CLASS BABY TRESHOLD RALEIG - [GCBT7MF94],1
CLASSIC COLL,RED TEAK - LAMINATE 8.2MM CLASSIC COLL. - [LA2232]; HONEYMAPLE - LAMINATE 8.2MM CLASSIC COLL. - [LA6113]; EL.CHERRY - LAMINATE 8.2MM CLASSIC COLL. - [LA6927]; MOCHA - LAMINATE 8.2MM CLASSIC COLL. - [LAET8070]; E. BEECH - LAMINATE 8.2MM CLASSIC COLL. - [LA6017]; T.C.ALDER - LAMINATE 8.2MM CLASSIC COLL. - [LAET2001-12A],6
CLICK BAMBOO,HANDSET-GARRISON CLICK BAMBOO - [GCKEYSET33],1
CLOVER FROST,DESIGNER SAMPLE - DS - CLOVER WHITE OAK FROST - [GWC-DSCLO102]; SAMPLE BOARD - SB - CLOVER WHITE OAK FROST - [GWC-SBCLO102],2
CN CREST OMP,"30.75"" X 28"" - SAMPLE SET - CN.CREST *OMP* - [GCSETCY-3028]",1
CNTRY CHERRY,3/4 X 3 1/2 CNTRY MAPLE CHERRY - [UW34312CMC],1
CNTRY NATURA,3/4 X 3 1/2 CNTRY MAPLE NATURA - [UW34312CMN],1
CNYN C PARIA,WATERFALL - PANEL - CNYN.C. PARIA - [GCSBCY1008-2828]; WATERFALL - PANEL - CNYN.C. PARIA <N/L> - [GCSBCY1008-2828PL],2
CNYN C TITUS,WATERFALL - PANEL - CNYN.C. TITUS - [GCSBCY1011-2828],1
COL LAMINATE,GUNSTOCK O - MAYA COL. LAMINATE DIST. 12MM - [SFREHXM65]; GOLDEN OAK - BEJORK COL. LAMINATE DIST.12MM - [SFHXM67],2
COLONIAL BAS,FLEX - NONSTOCK - 9/16 X 4-1/2 FLEX COLONIAL BAS - [MOBBFL1184F]; OAK FLEX - NONSTOCK - 9/16 X 4-1/2 FLEX COLONIAL BAS - [MOBBFL1184OF],2
COLONIAL CAS,MDF - NONSTOCK - 11/16 X 2-1/4 356 COLONIAL CAS - [MOCAMD152BMUL],1
COMBO BASE O,9/16 x 1-5/8 COMBO BASE R/O - [MOCB58112R],1
CON CANEWOOD,WATERFALL - PANEL - FR.CON. CANEWOOD - [GCSBFC7172-2828]; WATERFALL - PANEL - FR.CON. CANEWOOD <N/L> - [GCSBFC7172-2828PL],2
CON PROVENCE,WATERFALL - PANEL - FR.CON. PROVENCE - [GCSBFC7102-2828]; WATERFALL - PANEL - FR.CON. PROVENCE <N/L> - [GCSBFC7102-2828PL],2
CONN CARAMEL,FRENCH CONN. T-MOULD A.CARAMEL - [GCTMFOF79],1
CONN CHANDON,FRENCH CONN. BASESHOE CHANDON - [GCBSOH122],1
CONN NATURAL,FRENCH CONN. BASESHOE NATURAL - [GCFCBSO38],1
CONNECTION I,HANDSET - FRENCH CONNECTION I - [GCKEYSET17],1
CORNERS FLEX,FLEX CORNER - 1/2 OR 9/16 CORNERS FLEX - [MOCOPR300BARCFS],1
CORONA CROWN,MDF - NONSTOCK - 1-1/16 X 8-1/2 CORONA CROWN - [MOCMMD432MUL],1
COSTA DE SOL,"CANTINA BY GARRISON - HICKORY 7.5"" COSTA DE SOL - [GHCAH75102]; CANTINA BASESHOE COSTA DE  SOL - [GCCABSHH102]; HICKORY - CANTINA 7' NOSING COSTA DE SOL - [GCCANO7H102]; HICKORY - CANTINA 8' NOSING COSTA DE SOL - [GCCANO8H102]",4
COUNTRY NATU,3/4 X 3-1/4 COUNTRY MAPLE NATU - [UW34314CMN],1
COVE CORNERS,PREFINISH - OSHKOSH BRENTO COVE CORNERS - [OK175C],1
COVERING SET,WALL COVERING CHIP SET - [GWC-SETDS],1
CREST FRASER,CYN.CREST BASESHOE FRASER - [GCCYBSO02]; CYN.CREST 8' NOSING FRASER - [GCCYNO8O02]; CYN.CREST 8' REDUCER FRASER - [GCCYRE8O02]; CYN.CREST 8' T-MOULD FRASER - [GCCYTM8O02],4
CREST SABINO,CYN.CREST BASESHOE SABINO - [GCCYBSO10]; CYN.CREST 8' NOSING SABINO - [GCCYNO8O10]; CYN.CREST 8' REDUCER SABINO - [GCCYRE8O10]; CYN.CREST 8' T-MOULD SABINO - [GCCYTM8O10],4
CRIMSON LAKE,"CRYSTAL VALLEY - W/O SOLID 2-1/4"" CRIMSON LAKE - [GQCVO21441]; CRYSTAL VALLEY - W/O SOLID 3-1/4"" CRIMSON LAKE - [GQCVO31441]",2
CROWN CASING,HANDSET - MDF CROWN/CASING - [GCKEYSET999],1
CRY VAL GOLD,"ACACIA DISTRESSED - CRY.VAL 7' T-MOULD GOLD - [GCCVSTM7A147]; ACACIA DISTRESSED - CRY.VAL 8' T-MOULD GOLD - [GCCVSTM8A147]; ACACIA DISTRESSED - CRY.VAL 3/4"" 7' REDUCER GOLD - [GCCVSRE7A147]; ACACIA DISTRESSED - CRY.VAL 3/4"" 8' REDUCER GOLD - [GCCVSRE8A147]; ACACIA DISTRESSED - CRY.VAL 3/4"" 7' NOSING GOLD - [GCCVSNO7A147]; ACACIA DISTRESSED - CRY.VAL 3/4"" 8' NOSING GOLD - [GCCVSNO8A147]; ACACIA DISTRESSED - CRY.VAL 3/4"" 4' NOSING GOLD - [GCCVSNO4A147]; ACACIA DISTRESSED - CRY.VAL 3/4"" 4' REDUCER GOLD - [GCCVSRE4A147]; ACACIA DISTRESSED - CRY.VAL 4' T-MOULD GOLD - [GCCVSTM4A147]",9
CRY VAL GREY,WHITE OAK - CRY.VAL REDUCER GREY WHITE - [GCREOQ165],1
CRY VAL HUGO,"MAPLE DISTRESSED - CRY.VAL 7' T-MOULD HUGO - [GCCVSTM7M03]; MAPLE DISTRESSED - CRY.VAL 8' T-MOULD HUGO - [GCCVSTM8M03]; MAPLE DISTRESSED - CRY.VAL 3/4"" 7' REDUCER HUGO - [GCCVSRE7M03]; MAPLE DISTRESSED - CRY.VAL 3/4"" 8' REDUCER HUGO - [GCCVSRE8M03]; MAPLE DISTRESSED - CRY.VAL 3/4"" 7' NOSING HUGO - [GCCVSNO7M03]; MAPLE DISTRESSED - CRY.VAL 3/4"" 8' NOSING HUGO - [GCCVSNO8M03]",6
CRY VAL O NA,"NATURAL - CRY.VAL 3/4"" 7' REDUCER R/O NA - [GCCVSRE7R38]; NATURAL - CRY.VAL 3/4"" 8' REDUCER R/O NA - [GCCVSRE8R38]; RED OAK - CRY.VAL 1/2"" 7' REDUCER R/O NA - [GCCVRE7RH38]; RED OAK - CRY.VAL 1/2"" 8' REDUCER R/O NA - [GCCVRE8RH38]",4
CRY VAL WINE,CRY.VAL T-MOULD RED WINE - [GCTM7OF73],1
CUMARU COMBO,EXOTICS - SAMPLE PANEL - CUMARU *COMBO* - [GCSAEXCU38],1
CUMARU NATUR,LOW SHEEN - EXOTIC 7' T-MOULD CUMARU NATUR - [GCEXTM7CU38]; CUMARU NATURAL - EXOTIC 8' T-MOULD CUMARU NATUR - [GCEXTM8CU38]; HIGH SHEEN - EXOTIC 7' T-MOULD CUMARU NATUR - [GCEXTM7CU38HS]; EXOTIC 6' T-MOULD CUMARU NATUR - [GCEXTM6CU38]; CUMARU NATURAL - EXOTIC 4' T-MOULD CUMARU NATUR - [GCEXTM4CU38],5
CUSTOM COLOR,1/2 x 3 WHITE OAK CUSTOM COLOR - [GCGAO399]; 1/2 x 5 WHITE OAK CUSTOM COLOR - [GCGAO599]; 1/2 x 7 WHITE OAK CUSTOM COLOR - [GCGAO799],3
CUSTOM ORDER,OSHKOSH CUSTOM ORDER - [OKSO],1
CUSTOM RISER,CUSTOM RISER WHITE OAK (EA) - [MORISOOEA]; CUSTOM RISER WHITE OAK (LF) - [MORISOOLF]; CUSTOM RISER RED OAK (LF) - [MORISORLF],3
CUSTOM TREAD,CUSTOM TREAD WHITE OAK (LF) - [MOTRSOOLF]; CUSTOM TREAD WHITE OAK (EA) - [MOTRSOOEA]; CUSTOM TREAD MAPLE (EA) - [MOTRSOMEA]; CUSTOM TREAD RED OAK (LF) - [MOTRSORLF]; CUSTOM TREAD RED OAK (EA) - [MOTRSOREA],5
CV O NATURAL,CV 9/16 8' REDUCER R/O NATURAL - [GCCVRE8RN38],1
CVA PR WHEAT,CVA 8' BABY T-HOLD PR.WHEAT - [GCCVBT8O68USA],1
CW RL BAMBOO,HORIZ/CARB - CW 5/8 X 5 X RL BAMBOO - [CWFB0318F]; VERT/CARB - CW 5/8 X 5 X RL BAMBOO - [CWFB0320F],2
CYPRES RISER,AUSTRALIAN CYPRES RISER - [MORISOALF],1
DA VINCI OMP,"30"" X 28"" - SAMPLE SET - DA VINCI *OMP* - [GCSETDV-3028]",1
DANIELLE PLY,"DU BOIS - EURO OAK 7.5"" DANIELLE 2 PLY - [GFDBO71862P]",1
DARK SCARLET,"SILK SURF - 12.3MM 5-3/4"" DARK SCARLET - [LALXSS02]; LAMINATE NOSING DARK SCARLET - [LALXNOSS02]; LAMINATE REDUCER DARK SCARLET - [LALXRESS02]; LAMINATE T-MOLD DARK SCARLET - [LALXTMSS02]; LAMINATE END CAP DARK SCARLET - [LALXECSS02]; SAMPLE - LUXURY DARK SCARLET - [LALXSBSS02]; LAMINATE QTR DARK SCARLET - [LALXQRSS02]; DARK SCARLET - FLUSH NOSING DARK SCARLET - [LALXFNOSS02]",8
DELUXE COPPE,*LAMINATE REDUCER DELUXE COPPE - [LALXREMP01]; *LAMINATE T-MOULD DELUXE COPPE - [LALXTMMP01]; *LAMINATE END CAP DELUXE COPPE - [LALXECMP01],3
DELUXE SYRUP,"MAPLE - SAMPLE - DELUXE 6"" SYRUP - [GFDX6SBM77]; MAPLE - DELUXE 7' BABY THRESHOLD SYRUP - [GCDXBT7M77]; MAPLE - DELUXE 8' BABY THRESHOLD SYRUP - [GCDXBT8M77]; MAPLE - DELUXE 7' T-MOULD SYRUP - [GCDXTM7M77]; MAPLE - DELUXE 8' T-MOULD SYRUP - [GCDXTM8M77]; MAPLE - DELUXE 7' REDUCER SYRUP - [GCDXRE7M77]; MAPLE - DELUXE 8' REDUCER SYRUP - [GCDXRE8M77]; MAPLE - DELUXE 7' NOSING SYRUP - [GCDXNO7M77]; MAPLE - DELUXE 8' NOSING SYRUP - [GCDXNO8M77]",9
DELUXE TREAD,DELUXE TREAD - [GCTRDX],1
DELUXE UNFIN,DELUXE NOSING UNFIN.DIST MAPLE - [GCNO7MF00],1
DESERT OLIVE,"DISTRESSED - 12.3MM 6-1/2"" DESERT OLIVE - [LALXHS02]; SAMPLE - LUXURY DESERT OLIVE - [LALXSBHS02]",2
DESSERT ROSE,"CRYSTAL VALLEY - W/O SOLID 2-1/4"" DESSERT ROSE - [GQCVO21435]",1
DISCONTINUED,NATURAL - DISCONTINUED - [OA9163BCE]; NATURAL - DISCONTINUED - [OA9165M E]; NATURAL - DISCONTINUED - [OA9164E]; NATURAL - DISCONTINUED - [OAH3AM]; NATURAL - DISCONTINUED - [OAH3AS]; DISCONTINUED - [TM34214RBP]; NATURAL - DISCONTINUED - [OAN5BC]; NATURAL - DISCONTINUED - [OAN3HI]; NATURAL - DISCONTINUED - [GHEXBC35838]; NATURAL - DISCONTINUED - [CWQ5CBN]; CON.CHOICE - DISCONTINUED - [GFCC314BQOS]; CON.CHOICE - DISCONTINUED - [GFCC4BQOS]; CON.CHOICE - DISCONTINUED - [GFCC5BQOS]; SADDLE - DISCONTINUED - [CWQ314POS]; NATURAL - DISCONTINUED - [CWQ4RPN],15
DISPLAY RACK,CENTURY DISPLAY RACK - [CERACK]; GARRISON DISPLAY RACK - [GCRACK]; UNITED DISPLAY RACK & SAMPLES - [UWRACK],3
DOUBLE SET B,"WIRE RACK - GARRISON RACK-DOUBLE,SET A & B - [GCRACK09]",1
DRIVE BORDER,PREFINSHED - OSHKOSH OCEAN DRIVE BORDER - [OK117PF],1
DRIVE CORNER,PREFINSHED - OSHKOSH OCEAN DRIVE CORNER - [OK117C],1
DRK MAHOGANY,LAMINATE REDUCER DRK MAHOGANY - [LAREL8CVDM],1
EDGE W O NAT,SMOOTH - 9/16 X 5 4MM SQ EDGE W/O NAT. - [ENNOS538],1
ELEMENTS SPC,WATERFALL ORIGINAL - SAMPLE SET - ELEMENTS SPC - [GCSASET43]; HANDSET - ELEMENTS SPC - [GCKEYSET55]; WATERFALL ORIGINAL - SAMPLE SET - ELEMENTS SPC - [GCSETEL-2323],3
END CAP ALPS,SUMMIT SKY - END CAP - ALPS - [GVSSEC501],1
END CAP BEAM,ILLUMIN8 END CAP BEAM - [GLILEC802],1
END CAP DUSK,ILLUMIN8 END CAP DUSK - [GLILEC803],1
END CAP EVRY,LAMINATE - GARRISON END CAP EVRY - [GCLAEC002],1
END CAP FOIX,LAMINATE - *GARRISON END CAP FOIX - [GCLAEC010],1
END CAP GOLD,ELEMENTS - END CAP - GOLD - [GVSPCEC703],1
END CAP GREY,GREY CHERRY - PARADISE VALLEY END CAP GREY - [LAPVECC01],1
END CAP HERA,MYTHOLOGY - END CAP - HERA - [GVGAEC704],1
END CAP IRIS,SECRET GARDEN SPC - END CAP - IRIS - [GVSGEC706],1
END CAP LILY,SECRET GARDEN SPC - END CAP - LILY - [GVSGEC707],1
END CAP LIVE,LAMINATE END CAP LIVE OAK - [LAECL12CVLO],1
END CAP NEON,NEON OAK - PARADISE VALLEY END CAP NEON - [LAPVECO01],1
END CAP NIME,LAMINATE - GARRISON END CAP NIME - [GCLAEC004],1
END CAP ROSE,SECRET GARDEN SPC - END CAP - ROSE - [GVSGEC711],1
END CAP SAGE,NATURESTEP - END CAP - SAGE - [GVNSEC804],1
END CAP SOHO,METROPOLITAN - END CAP - SOHO - [GVMPEC705],1
END CAP VERT,CARBONIZED - BAMBOO B.T-HOLD/ END CAP VERT - [BABTCV]; NATURAL - BAMBOO B.T-HOLD/ END CAP VERT - [BABTNV],2
END CAP WAVE,NATURESTEP - END CAP - WAVE - [GVNSEC809],1
END CAP ZEUS,MYTHOLOGY - END CAP - ZEUS - [GVGAEC706],1
END CAP ZINC,ELEMENTS - END CAP - ZINC - [GVSPCEC904],1
END CAP ZION,AQUA BLUE II BY GARRISON - END CAP - ZION OAK - [GVWPCIIEC101],1
ESPRESSO PLY,"GII DIST - MAPLE 5"" ESPRESSO 2PLY - [GNIIM5082P]",1
ESPRESSO WAL,LAMINATE NOSING ESPRESSO WAL. - [LALXNORH02]; LAMINATE T-MOULD ESPRESSO WAL. - [LALXTMRH02]; LAMINATE REDUCER ESPRESSO WAL. - [LALXRERH02]; LAMINATE END CAP ESPRESSO WAL. - [LALXECRH02]; WALNUT ESPRESSO - FLUSH NOSING ESPRESSO WAL. - [LALXFNORH02],5
EX BLK WALNU,ACACIA - EX. 7' BABY TRESHOLD BLK.WALNU - [GCEXBT7A16]; ACACIA - EX. 4' BABY TRESHOLD BLK.WALNU - [GCEXBT4A16],2
EXO ACA GOLD,WIRE RACK - PANEL - EXO. ACA. GOLD - [GCSBEXA5147-1724],1
EXOTIC WALNU,12MM SRC LAMINATE EXOTIC WALNU - [LASRCEW143],1
EXOTICS TEAK,NATURAL - DISCON. EXOTICS 3-5/8 TEAK - [GNEXTE35838]; NATURAL - SAMPLE - EXOTICS 3-5/8 TEAK - [GNEX358SBTE38]; NATURAL - DISCON. EXOTICS 3-9/16 TEAK - [GNEXTE391638],3
FC CHAMBOARD,OAK - FC 8' BABY THRESHOLD CHAMBOARD - [GCFCBT8O90]; OAK - FC 8' NOSING CHAMBOARD - [GCFCNO8O90]; OAK - FC 8' REDUCER CHAMBOARD - [GCFCRE8O90]; OAK - FC 8' T-MOULD CHAMBOARD - [GCFCTM8O90],4
FC CHAMPAGNE,OAK - FC 8' T-MOULD CHAMPAGNE - [GCFCTM8O35]; OAK - FC 8' BABY THRESHOLD CHAMPAGNE - [GCFCBT8O35]; OAK - FC 8' NOSING CHAMPAGNE - [GCFCNO8O35]; OAK - FC 8' REDUCER CHAMPAGNE - [GCFCRE8O35],4
FC ST TROPEZ,OAK - FC 8' T-MOULD ST.TROPEZ - [GCFCTM8O32]; OAK - FC 8' NOSING ST.TROPEZ - [GCFCNO8O32]; OAK - FC 8' REDUCER ST.TROPEZ - [GCFCRE8O32]; OAK - FC 7' BABY THRESHOLD ST.TROPEZ - [GCFCBT7O32]; OAK - FC 8' BABY THRESHOLD ST.TROPEZ - [GCFCBT8O32]; OAK - FC 7' NOSING ST.TROPEZ - [GCFCNO7O32]; OAK - FC 7' REDUCER ST.TROPEZ - [GCFCRE7O32],7
FC VERSAILLE,OAK - FC 8' BABY THRESHOLD VERSAILLE - [GCFCBT8O39],1
FCI ARMAGNAC,"FRENCH OAK - SAMPLE - FCI 7"" ARMAGNAC - [GFFCSBI7O120]",1
FCI TOULOUSE,"FRENCH OAK - SAMPLE - FCI 7"" TOULOUSE - [GFFCSBI7O121]",1
FCII NATURAL,"FRENCH OAK - SAMPLE - FCII 7"" NATURAL - [GFFCSBII7O38]",1
FINGER JOINT,WALNUT - 3/4 x 7-1/4 RISER FINGER JOINT - [MORIWFJ],1
FLRSCNT GOLD,*LAMINATE REDUCER FLRSCNT GOLD - [LALXREHG03]; *LAMINATE T-MOULD FLRSCNT GOLD - [LALXTMHG03]; *LAMINATE END CAP FLRSCNT GOLD - [LALXECHG03]; SAMPLE - LUXURY FLRSCNT GOLD - [LALXSBHG03],4
FLUSH APOLLO,MYTHOLOGY - FLUSH NOSING - APOLLO - [GVGAFNO702],1
FLUSH ARCHES,GAR.FLUSH NOSING ARCHES - [GCLAFNO7501],1
FLUSH ATHENA,MYTHOLOGY - FLUSH NOSING - ATHENA - [GVGAFNO703],1
FLUSH AURORA,ILLUMIN8 FLUSH NOSING AURORA - [GLILFNO801],1
FLUSH BASTIA,GARRISON LAMINATE - *FLUSH NOSING BASTIA - [GCLAFNOLA009],1
FLUSH BEAUTE,BEAUTE - *FLUSH NOSING BEAUTE - [LALXFNORH05],1
FLUSH BRONZE,ELEMENTS - FLUSH NOSING - BRONZE - [GVSPCFNO702],1
FLUSH CHERRY,RED CHERRY - FLUSH NOSING RED CHERRY - [LALXFNOHG02],1
FLUSH COPPER,ELEMENTS - FLUSH NOSING - COPPER - [GVSPCFNO902]; VINYLNOVA - FLUSH NOSING - COPPER - [GVVNFNO903],2
FLUSH COSMOS,VINYLNOVA - FLUSH NOSING - COSMOS - [GVVNFNO904],1
FLUSH DAHLIA,SECRET GARDEN SPC - FLUSH NOSING - DAHLIA - [GVSGFNO702],1
FLUSH DAKOTA,AQUA BLUE II BY GARRISON - FLUSH NOSING - DAKOTA OAK - [GVWPCIIFNO112],1
FLUSH GALAXY,VINYLNOVA - FLUSH NOSING - GALAXY - [GVVNFNO906],1
FLUSH GEMINI,ZODIAC WSPC - FLUSH NOSING - GEMINI - [GVZOFNO7504]; ZODIAC WSPC - SOLID FLUSH NOSING - GEMINI - [GVZOFNOS7504],2
FLUSH HAVASU,AQUA BLUE II BY GARRISON - FLUSH NOSING - HAVASU OAK - [GVWPCIIFNO107],1
FLUSH HUDSON,METROPOLITAN - FLUSH NOSING - HUDSON - [GVMPFNO905],1
FLUSH KATMAI,GAR.FLUSH NOSING KATMAI - [GCLAFNO7508],1
FLUSH LUSTER,ILLUMIN8 FLUSH NOSING LUSTER - [GLILFNO807],1
FLUSH MARINA,AQUA BLUE BY GARRISON - FLUSH NOSING - MARINA OAK - [GVWPCFNO103],1
FLUSH NEBULA,VINYLNOVA - FLUSH NOSING - NEBULA - [GVVNFNO910],1
FLUSH NICKEL,ELEMENTS - FLUSH NOSING - NICKEL - [GVSPCFNO1201],1
FLUSH NOLITA,METROPOLITAN - FLUSH NOSING - NOLITA - [GVMPFNO704],1
FLUSH ORCHID,SECRET GARDEN SPC - FLUSH NOSING - ORCHID - [GVSGFNO708],1
FLUSH PISCES,ZODIAC WSPC - FLUSH NOSING - PISCES - [GVZOFNO7507]; ZODIAC WSPC - SOLID FLUSH NOSING - PISCES - [GVZOFNOS7507],2
FLUSH PUEBLO,AQUA BLUE BY GARRISON - FLUSH NOSING - PUEBLO OAK - [GVWPCFNO106],1
FLUSH SILVER,ELEMENTS - FLUSH NOSING - SILVER - [GVSPCFNO901],1
FLUSH TAURUS,ZODIAC WSPC - FLUSH NOSING - TAURUS - [GVZOFNO7509]; ZODIAC WSPC - SOLID FLUSH NOSING - TAURUS - [GVZOFNOS7509],2
FLUSH VESOUL,GARRISON LAMINATE - *FLUSH NOSING VESOUL - [GCLAFNOLA003],1
FR CON CAFFE,WATERFALL - PANEL - FR.CON. CAFFE - [GCSBFC7167-2828]; WATERFALL - PANEL - FR.CON. CAFFE <N/L> - [GCSBFC7167-2828PL],2
FR CON CLOUD,WATERFALL - PANEL - FR.CON. CLOUD - [GCSBFC7168-2828]; WATERFALL - PANEL - FR.CON. CLOUD <N/L> - [GCSBFC7168-2828PL],2
FR CONN NOIR,FR.CONN. BABY T-HOLD NOIR - [GCBTFOF86],1
FRENCH BLEED,9/16 X 5 B.WALNUT FRENCH BLEED - [JFAMEE12508],1
FRENCH PARIS,"FCII - FRENCH OAK 5/8 X 7"" PARIS - [GFFCIIO778]; OAK PLY - FRENCH OAK 5/8 X 7"" PARIS - [GFFCO778]",2
FRENCH ROAST,LAMINATE DIST FRENCH ROAST - [LACWD7901]; LAMINATE T-MOLD FRENCH ROAST - [LATMCWD7901]; LAMINATE NOSING FRENCH ROAST - [LANOCWD7901]; LAMINATE BABY-T FRENCH ROAST - [LABTCWD7901]; LAMINATE REDUCER FRENCH ROAST - [LARECWD7901]; LAMINATE QTR FRENCH ROAST - [LAQRCWD7901],6
FRENCH SYRAH,"OAK PLY - FRENCH OAK 5/8 X 7"" SYRAH - [GFFCO7117]",1
FRONZOLA PLY,"DOLCE CAPRI - EURO OAK 9.5"" FRONZOLA 2 PLY - [GQCHO951022P]",1
GARDEN PEONY,"PEONY - PANEL-SECRET GARDEN PEONY 9"" - [GCSBSG909-2724]",1
GARDEN POPPY,"POPPY - PANEL-SECRET GARDEN POPPY 9"" - [GCSBSG910-2724]",1
GARDEN TULIP,"TULIP - PANEL-SECRET GARDEN TULIP 9"" - [GCSBSG912-2724]",1
GIALLA MONZA,WATERFALL - PANEL - VILLA GIALLA MONZA - [GCSBVG911-2828],1
GIALLA TREAD,VILLA GIALLA TREAD - [GCTRVG],1
GII BORDEAUX,H. PECAN - SAMPLE - GII BORDEAUX - [GNII5SBH18]; HICKORY - GII BABY THRESHOLD BORDEAUX - [GCBT7HF18],2
GII CHESTNUT,MAPLE - SAMPLE - GII CHESTNUT - [GNII5SBM06]; MAPLE - GII 7' BABY THRESHOLD CHESTNUT - [GCIIBT7M06]; MAPLE - GII 8' BABY THRESHOLD CHESTNUT - [GCIIBT8M06]; MAPLE - GII 7' T-MOULD CHESTNUT - [GCIITM7M06]; MAPLE - GII 8' T-MOULD CHESTNUT - [GCIITM8M06]; MAPLE - GII 7' REDUCER CHESTNUT - [GCIIRE7M06]; MAPLE - GII 8' REDUCER CHESTNUT - [GCIIRE8M06]; MAPLE DISTRESSED - GII 7' NOSING CHESTNUT - [GCIINO7M06]; MAPLE DISTRESSED - GII 8' NOSING CHESTNUT - [GCIINO8M06],9
GII CHOC CHE,CHERRY - GII 7' BABY THRESHOLD CHOC CHE - [GCIIBT7C24]; CHERRY - GII 8' BABY THRESHOLD CHOC CHE - [GCIIBT8C24],2
GII DAPPLE G,MAPLE - GII 7' BABY THRESHOLD DAPPLE G - [GCIIBT7M195]; MAPLE - GII 8' BABY THRESHOLD DAPPLE G - [GCIIBT8M195],2
GII ESPRESSO,MAPLE - SAMPLE - GII ESPRESSO - [GNII5SBM08]; MAPLE - GII 7' BABY THRESHOLD ESPRESSO - [GCIIBT7M08]; MAPLE - GII 8' BABY THRESHOLD ESPRESSO - [GCIIBT8M08]; MAPLE DISTRESSED - GII 7' NOSING ESPRESSO - [GCIINO7M08]; MAPLE DISTRESSED - GII 8' NOSING ESPRESSO - [GCIINO8M08]; MAPLE - GII 7' T-MOULD ESPRESSO - [GCIITM7M08]; MAPLE - GII 8' T-MOULD ESPRESSO - [GCIITM8M08]; MAPLE - GII 7' REDUCER ESPRESSO - [GCIIRE7M08]; MAPLE - GII 8' REDUCER ESPRESSO - [GCIIRE8M08],9
GII G SAHARA,WALNUT - GII * G3 BABY TRESHOLD SAHARA - [GCBT7WN04]; WALNUT - GII & G3 T-MOULD SAHARA - [GCTM7WN04],2
GII HICK NAT,HICKORY - GII 7' BABY THRESHOLD HICK NAT - [GCIIBT7H38]; HICKORY - GII 8' BABY THRESHOLD HICK NAT - [GCIIBT8H38]; WIRE RACK - PANEL - GII SMOOTH HICK.NAT. - [GCSBSSH538-1724],3
GII MAP ESPR,WIRE RACK - PANEL - GII SMOOTH MAP.ESPR. - [GCSBSSM508-1724],1
GII WILD CHE,CHERRY - GII 7' BABY THRESHOLD WILD CHE - [GCIIBT7C33]; CHERRY - GII 8' BABY THRESHOLD WILD CHE - [GCIIBT8C33],2
GIII ANTIQUE,WALNUT - GIII 7' BABY T-HOLD ANTIQUE - [GCIIIBT7W23]; WALNUT - GIII 8' BABY T-HOLD ANTIQUE - [GCIIIBT8W23]; WALNUT - GIII 7' T-MOULD ANTIQUE - [GCIIITM7W23]; WALNUT - GIII 8' T-MOULD ANTIQUE - [GCIIITM8W23]; WALNUT - GIII 7' REDUCER ANTIQUE - [GCIIIRE7W23]; WALNUT - GIII 8' REDUCER ANTIQUE - [GCIIIRE8W23]; WALNUT - GIII 7' NOSING ANTIQUE - [GCIIINO7W23]; WALNUT - GIII 8' NOSING ANTIQUE - [GCIIINO8W23],8
GINGER TAUPE,"DISTRESSED - 12.3MM 6-1/2"" GINGER TAUPE - [LALXHS06]; LAMINATE NOSING GINGER TAUPE - [LALXNOHS06]; LAMINATE T-MOULD GINGER TAUPE - [LALXTMHS06]; LAMINATE REDUCER GINGER TAUPE - [LALXREHS06]; LAMINATE END CAP GINGER TAUPE - [LALXECHS06]; SAMPLE - LUXURY GINGER TAUPE - [LALXSBHS06]; LAMINATE QTR GINGER TAUPE - [LALXQRHS06]; GINGER TAUPE - FLUSH NOSING GINGER TAUPE - [LALXFNOHS06]",8
GOLD W LOTUS,GOLD LABEL T-MOULDING W.LOTUS - [GCGLTM8R06],1
GOLDEN GARRI,1/2 x 5 WHITE OAK GOLDEN GARRI - [GCGAO530],1
GOLDRUSH PLY,"NOUVELLE - *WALNUT 7.5"" GOLDRUSH 2 PLY - [GFNVW75102P]",1
GREY WASH WB,CLICK SYS - 3/4 X 5 W/O GREY WHITE WASH WB - [PFQOE1002],1
GROOVE MOCHA,MOCHA - LAMINATE V GROOVE MAPLE MOCHA - [LAET1080],1
GUM HERITAGE,"LAS PALMAS - GUM WOOD 5 1/2"" HERITAGE - [GNLPG512142]",1
H BURTON WAY,B.H BABY T-HOLD BURTON WAY - [GCBHBT8O01],1
H LOMA LINDA,B.H BABY T-HOLD LOMA LINDA - [GCBHBT8O11],1
HAMPTON BARN,LAMINATE HAMPTON BARN WOOD - [LACWL90181]; LAMINATE NOSING HAMPTON BARN - [LANOCWL90181]; LAMINATE T-MOLD HAMPTON BARN - [LATMCWL90181]; LAMINATE BABY-T HAMPTON BARN - [LABTCWL90181]; LAMINATE REDUCER HAMPTON BARN - [LARECWL90181],5
HAMPTON HALL,"AQUASHIELD AC5 - 12MM 9.37"" X 60"" HAMPTON HALL - [LAMCAS3106]; MEGACLIC NOSING HAMPTON HALL - [LAMCFNOAS3106]",2
HAMPTON LAVA,"SILK SURF - 12.3MM 5-3/4"" HAMPTON LAVA - [LALXSS03]; LAMINATE NOSING HAMPTON LAVA - [LALXNOSS03]; LAMINATE REDUCER HAMPTON LAVA - [LALXRESS03]; LAMINATE T-MOLD HAMPTON LAVA - [LALXTMSS03]; LAMINATE END CAP HAMPTON LAVA - [LALXECSS03]; SAMPLE - LUXURY HAMPTON LAVA - [LALXSBSS03]; LAMINATE QTR HAMPTON LAVA - [LALXQRSS03]; HAMPTON LAVA - FLUSH NOSING HAMPTON LAVA - [LALXFNOSS03]",8
HANDSET CORK,HANDSET - CORK - [GCKEYSET996],1
HANDSET PLUS,HANDSET - GARRISON PLUS - [GCKEYSET19],1
HAWA SEL W O,NATURAL - HAWA 3/4 X 2-1/4 SEL W/O - [HAOAK01]; BUTTERSCOT - HAWA 3/4 X 2-1/4 SEL W/O - [HAOAK02]; GUNSTOCK - HAWA 3/4 X 2-1/4 SEL W/O - [HAOAK03]; NATURAL - HAWA 3/4 X 3-1/4 SEL W/O - [HAOAK11]; BUTTERSCOT - HAWA 3/4 X 3-1/4 SEL W/O - - [HAOAK12]; GUNSTOCK - HAWA 3/4 X 3-1/4 SEL W/O - - [HAOAK13],6
HAZELNUT SPC,"HAZELNUT SPC (20 MIL) - 6.5MM 9"" X 60"" HAZELNUT SPC - [GDSPW626A9]",1
HERMOSA BASE,MDF - NONSTOCK - 9/16 X 7-1/4 HERMOSA BASE - [MOBBMD340MUL]; MDF - NONSTOCK - 9/16 X 5 HERMOSA BASE - [MOBBMD323MUL]; PRIMED PINE FJ - NONSTOCK - 9/16 X 5 PRIMED HERMOSA BASE - [MOBBPFJPR323A]; OAK - NONSTOCK - 5/8 X 5 HERMOSA BASE - [MOBBRO323-O],4
HERMOSA FLEX,FLEX - NONSTOCK - 9/16 X 3-3/4 HERMOSA FLEX - [MOBBFL324F]; FLEX BASE - 9/16 X 7-1/4 HERMOSA FLEX - [MOBBFL340MULFS],2
HILLS ALPINE,BEV.HILLS NOSING ALPINE - [GCBHNO8O07]; BEV.HILLS T-MOULD ALPINE - [GCBHTM8O07]; BEV.HILLS REDUCER ALPINE - [GCBHRE8O07],3
HILLS DOHENY,BEV.HILLS NOSING DOHENY - [GCBHNO8O08]; BEV.HILLS T-MOULD DOHENY - [GCBHTM8O08]; BEV.HILLS REDUCER DOHENY - [GCBHRE8O08],3
HILLS WALDEN,BEV.HILLS NOSING WALDEN - [GCBHNO8O06]; BEV.HILLS REDUCER WALDEN - [GCBHRE8O06]; BEV.HILLS T-MOULD WALDEN - [GCBHTM8O06]; BEV.HILLS BASESHOE WALDEN - [GCBHBSO06],4
HONEY ROSE M,CRYSTAL VALLEY - *W/O ENG 3-1/4 HONEY ROSE 2.2M - [GHCVO31449],1
HORIZONTAL C,CARBONIZED - BAMBOO QTR ROUND HORIZONTAL C - [BAQRBHC],1
II CAMBRIDGE,"WALNUT - TIME INSPIRED II CAMBRIDGE - [GHTI2W5133]; WALNUT - SAMPLE - TI II 5"" CAMBRIDGE - [GHTI25WSB133]",2
II NEWCASTLE,"WALNUT - *TIME INSPIRED II NEWCASTLE - [GHTI2W5134]; WALNUT - *TIME INSPIRED II NEWCASTLE - [GHTI2W357134]; WALNUT - SAMPLE - TI II 3,5,7 NEWCASTLE - [GHTI2357WSB134]; WALNUT - *TI.II T-MOULD NEWCASTLE - [GCTM7WF134]; HICKORY 7"" - TIME INSPIRED II 7"" NEWCASTLE - [GHTI2H7134]",5
II SHEFFIELD,"HICKORY - *TIME INSPIRED II SHEFFIELD - [GHTI2H5136]; HICKORY - TIME INSPIRED II SHEFFIELD - [GHTI2H357136]; HICKORY - SAMPLE - TI II 3,5,7 SHEFFIELD - [GHTI2357HSB136]; HICKORY - SAMPLE - TI II 5"" SHEFFIELD - [GHTI25HSB136]; HICKORY 7"" - TIME INSPIRED II 7"" SHEFFIELD* - [GHTI2H7136]",5
ILLUMIN BEAM,ILLUMIN8 REDUCER BEAM - [GLILRE802],1
ILLUMIN DUSK,ILLUMIN8 REDUCER DUSK - [GLILRE803],1
INTRADA BASE,MDF - NONSTOCK - 3/16 X 5 INTRADA BASE - [MOBBMD390MUL5],1
ISABELLE PLY,"DU BOIS - EURO OAK 7.5"" ISABELLE 2 PLY - [GFDBO71882P]",1
ISLAND SHORE,"ISLAND SHORE - LAMINATE T-MOLD ISLAND SHORE - [LALXTMHS02]; ISLAND SHORE - LAMINATE REDUCER ISLAND SHORE - [LALXREHS02]; ISLAND SHORE - *LAMINATE NOSING ISLAND SHORE - [LALXNOHS02]; ISALND SHORE - LAMINATE END CAP ISLAND SHORE - [LALXECHS02]; ISLAND SHORE - LAMINATE QTR ISLAND SHORE - [LALXQRHS02]; ISLAND SHORE - FLUSH NOSING ISLAND SHORE - [LALXFNOHS02]; HANDSCRAPED - 12MM 6.5"" ISLAND SHORE - [GLAWHS03]; ISLAND SHORE - LAMINATE TREAD ISLAND SHORE - [LALXTRHS02]",8
JOLLA CORNER,UNFINISHED - OSHKOSH LA JOLLA CORNER - [OK4107CNU],1
JULIETTE PLY,"DU BOIS - EURO OAK 7.5"" JULIETTE 2 PLY - [GFDBO71962P]",1
KIT TEXTURED,SHEOGA SAMPLE KIT - TEXTURED - [PFSHSA05],1
LA BELLE 9.5,"LEGENDS - EURO OAK 9.5"" LA BELLE - [GFLEO9502]",1
LA BELLE NAT,"LEGENDS - EURO OAK 9.5"" LA BELLE NAT.OIL - [GFLEO9502O]",1
LA BELLE PLY,"VILLA GIALLA - EURO OAK 9-1/2"" LA BELLE 2 PLY - [GFVGO9092P]",1
LAGUNA BEACH,"NEWPORT - EURO OAK 7.5""LAGUNA BEACH 1/2"" - [GHNPO210]; NEWPORT BY GARRISON - EURO OAK 7.5""LAGUNA BEACH 1/2"" - [GHNPO210]; WATERFALL - PANEL - NEWPORT LAGUNA BEACH - [GCSBN210-2228]; NEWPORT BASESHOE LAGUNA BEACH - [GCNPBSOH210]; OAK - NEWPORT 8' NOSING LAGUNA BEACH - [GCNPNO8O210]; OAK - NEWPORT 8'REDUCER LAGUNA BEACH - [GCNPRE8O210]; OAK - NEWPORT 8'T-MOULD LAGUNA BEACH - [GCNPTM8O210]; WATERFALL - PANEL - NEWPORT LAGUNA BEACH - [GCSBNP210-2228]",8
LAM TREAD RO,"PRECUT RED OAK - 1""X11-3/4"" LAM. TREAD-RO 42"" - [MOTRRPC42]; PRECUT RED OAK - 1""X11-3/4"" LAM. TREAD-RO 48"" - [MOTRRPC448]; PRECUT RED OAK - 1""X11-3/4"" LAM. TREAD-RO 54"" - [MOTRRPC54]; PRECUT RED OAK - 1""X11-3/4"" LAM. TREAD-RO 48"" - [MOTRRPC48]",4
LAM TREAD WO,"PRECUT WHITE OAK - 1""X11-3/4"" LAM. TREAD-WO 42"" - [MOTROPC42]; PRECUT WHITE OAK - 1""X11-3/4"" LAM. TREAD-WO 48"" - [MOTROPC48]; PRECUT WHITE OAK - 1""X11-3/4"" LAM. TREAD-WO 54"" - [MOTROPC54]",3
LAMINATE BAY,MOCHA - LAMINATE BAY THRESHOLD MAPLE - [LABTLT12CVMM],1
LAMINATE H S,BROOKLYN BROWN - 1/2 X 5-5/8 12MM LAMINATE H.S. - [TECL3996],1
LAMINATE NAT,REDOAK NAT - LAMINATE NOSING RED OAK NAT - [LANOCW511]; REDOAK NAT - LAMINATE BABY-T RED OAK NAT. - [LABTCW511]; REDOAK NAT - LAMINATE REDUCER RED OAK NAT - [LARECW511],3
LAMINATE QTR,*LAMINATE QTR RED OAK - [LALXQRCS06],1
LEGENDS LODI,LEGENDS NOSING 8' LODI - [GCLENO8O1002]; LEGENDS BABY T-HOLD 8' LODI - [GCLEBT8O1002]; LEGENDS REDUCER 8' LODI - [GCLERE8O1002]; LEGENDS T-MOULDING 8' LODI - [GCLETM8O1002],4
LF MISC ITEM,GARRISON LF MISC ITEM - [GCMISCLF],1
LUXURY IBIZA,SAMPLE - LUXURY IBIZA - [LALXSBSS04],1
LUXURY VINYL,WATERFALL ORIGINAL - SAMPLE SET - LUXURY VINYL - [GCSASET20],1
M W B CHERRY,NATURAL - M.W. BABY T-HOLD B. CHERRY - [MWBT82]; NATURAL - M.W 9/16 X 4 3/4 B.CHERRY DIST - [MWEHY0302],2
MAHOGANY M B,NATURAL - 3/4 X 3 SANTOS MAHOGANY M.B - [PFQ3SM]; NATURAL - 3/4 X 5 SANTOS MAHOGANY M.B - [PFQ5SM],2
MAHOGANY NAT,"SMOOTH - 1/2 X 4-3/4 2MM S.MAHOGANY NAT - [ENHSM43438]; SOLID EXOTICS - 3/4 X 5"" SANTOS MAHOGANY NAT. - [PFQCSM538]",2
MAHOGANY S E,UNFIN - 3/4 X 4 CLEAR SAN.MAHOGANY S.E - [RQ4CSS]; UNFIN - 3/4 X 5 SEL.SAN.MAHOGANY S.E - [RQ5SSM],2
MEGACLIC FOX,MEGACLIC SQUARE NOSING FOX - [LAMCFSNOAS3216]; MEGACLIC REDUCER FOX - [LAMCREAS3216],2
MERITAGE ASH,"AQUABLUE II BY GARRISON - 12MM 9"" X 72"" - MERITAGE ASH - [GVWPCII105]; AQUA BLUE II BY GARRISON - FLUSH NOSING - MERITAGE ASH - [GVWPCIIFNO105]; AQUA BLUE II BY GARRISON - END CAP - MERITAGE ASH - [GVWPCIIEC105]; AQUA BLUE II BY GARRISON - QTR. ROUND - MERITAGE ASH - [GVWPCIIQR105]; AQUA BLUE II BY GARRISON - REDUCER - MERITAGE ASH - [GVWPCIIRE105]; AQUA BLUE II BY GARRISON - T-MOULDING - MERITAGE ASH - [GVWPCIITM105]; AQUA BLUE II BY GARRISON - TREAD - MERITAGE ASH - [GVWPCIITR105]",7
METROPOLITAN,DAPPLE - 1/2 X 5 METROPOLITAN MAPLE - [MSENMPDP]; WHEAT - 1/2 X 5 METROPOLITAN MAPLE - [MSENMPWH],2
MILL RUN M B,UNFIN - 1/2 x 3 MILL RUN MAPLE M.B - [GCUNM300]; UNFIN - 1/2 x 5 MILL RUN MAPLE M.B - [GCUNM500]; UNFIN - 1/2 x 7 MILL RUN MAPLE M.B - [GCUNM700]; UNFIN - 1/2 x 3 MILL RUN WHITE OAK M.B - [GCUNO300]; UNFIN - 1/2 x 3 MILL RUN RED OAK M.B - [GCUNR300]; UNFIN - 1/2 x 5 MILL RUN RED OAK M.B - [GCUNR500],6
MILL RUN S E,UNFIN - 1/2 X 5 MILL RUN WHITE OAK S.E - [GCUNO500SE]; UNFIN - 1/2 x 3 MILL RUN WHITE OAK S.E - [GCUNO300SE],2
MIRAGE 8.625,"PRIVATE SELECTION - EURO OAK 8-5/8"" MIRAGE - [GNPSO85801]",1
MOCHA WALNUT,"12.3MM 6-1/2"" MOCHA WALNUT - [LALXRH03]; LAMINATE END CAP MOCHA WALNUT - [LALXECRH03]; LAMINATE REDUCER MOCHA WALNUT - [LALXRERH03]; LAMINATE T-MOULD MOCHA WALNUT - [LALXTMRH03]; LAMINATE NOSING MOCHA WALNUT - [LALXNORH03]; LAMINATE QTR MOCHA WALNUT - [LALXQRRH03]; SAMPLE - LUXURY MOCHA WALNUT - [LALXSBRH03]; MOCHA WALNUT - FLUSH NOSING MOCHA WALNUT - [LALXFNORH03]; LAMINATE TREAD MOCHA WALNUT - [LALXTRRH03]",9
MOLD ANTIQUE,LAMINATE T-MOLD ANTIQUE OAK - [LATML12CVAO],1
MOLD ASTORIA,MEGACLIC T-MOLD ASTORIA - [LAMCTMCT3301],1
MOLD AVIGNON,LAMINATE - GARRISON T-MOLD AVIGNON - [GCLATM001],1
MOLD CORSICA,LAMINATE - *GARRISON T-MOLD CORSICA - [GCLATM011],1
MOLD CRIMSON,MEGACLIC T-MOLD CRIMSON - [LAMCTMAS3101],1
MOLD GLIMMER,ILLUMIN8 T-MOLD GLIMMER - [GLILTM806],1
MOLD NATURAL,MAPLE NAT - LAMINATE T-MOLD MAPLE NATURAL - [LATMCW87604]; NAT. OAK - LAMINATE T-MOLD NATURAL OAK - [LATMCW87025]; MAPLE NAT - LAMINATE T-MOLD MAPLE NATURAL - [LATMED221]; LAMINATE T-MOLD NATURAL OAK - [LAXM29TM],4
MOLD NEWPORT,MEGACLIC T-MOLD NEWPORT - [LAMCTMDN8709],1
MOLD RIVADOR,MEGACLIC T-MOLD RIVADOR - [LAMCTMDN8711],1
MOLD RUSSIAN,RUSSIAN BLACK OAK - PARADISE VALLEY T-MOLD RUSSIAN - [LAPVTMO02],1
MOSAIC FROST,DESIGNER SAMPLE - DS - MOSAIC WHITE OAK FROST - [GWC-DSMOO102]; SAMPLE BOARD - SB - MOSAIC WHITE OAK FROST - [GWC-SBMOO102],2
NATHALIE PLY,"DU BOIS - EURO OAK 7.5"" NATHALIE 2 PLY - [GFDBO71892P]",1
NATURAL 3.25,"CRYSTAL VALLEY USA - WHITE OAK NATURAL 3-1/4"" 3MM - [GHCVO31438USA-33]; CRYSTAL VALLEY USA - RED OAK NATURAL 3-1/4"" 3MM - [GHCVR31438USA-33]",2
NATURAL GARR,1/2 x 5 WHITE OAK NATURAL GARR - [GCGAO538],1
NEWPORT BASE,RED OAK - 9/16X3 7/8 UL NEWPORT BASE - [MOBBRO400]; WHITE OAK - 9/16 X 3-7/8 UL NEWPORT BASE - [MOBBWO400]; POPLAR - 9/16 X 3-7/8 NEWPORT BASE - [MOBBPO400]; MAPLE - 9/16X3-7/8 NEWPORT BASE MAPLE - [MOBBMA400]; BRAZ/CHERR - 9/16 X 3-7/8 NEWPORT BASE - [MOBBBC400]; RED OAK - 9/16 X 5 NEWPORT BASE - [MOBBRO440]; WHITE OAK - 9/16 X 5 NEWPORT BASE - [MOBBWO440]; POPLAR - 9/16 X 5 NEWPORT BASE - [MOBBPO440]; MAPLE - 9/16 X 5 NEWPORT BASE - [MOBBMA440]; B. CHERRY - 9/16 X 5 NEWPORT BASE - [MOBBBC440]; MDF - 9/16 X 3-7/8 NEWPORT BASE - [MOBBMD329MUL]; OAK - NONSTOCK - 9/16 X 3 7/8 NEWPORT BASE - [MOBBRO329O]; MDF - NONSTOCK - 9/16 X 8 NEWPORT BASE - [MOBBMD331MUL]; MDF - 9/16 X 5 NEWPORT BASE - [MOBBMD330MUL],14
NEWPORT FLEX,FLEX - NONSTOCK - 9/16 X 5 NEWPORT FLEX - [MOBBFL330F]; FLEX - NONSTOCK - 9/16 X 3-7/8 NEWPORT FLEX - [MOBBFL329F]; FLEX - NONSTOCK - 11/16 X 2-7/8 NEWPORT FLEX - [MOCAFL125F],3
NOSE BELAGIO,BRONZE - SQ. NOSE REDUCER BELAGIO - [AWDMLSNR681],1
NOTCHED BASE,MDF - NONSTOCK - 9/16 X 5-1/2 NOTCHED BASE - [MOBBMD392MUL5]; MDF - NONSTOCK - 9/16 X 4-1/2 NOTCHED BASE - [MOBBMD392MUL4],2
NYTAE GOLDEN,NYTAE GOLDEN OAK - [NTNCS02]; NYTAE NOSING GOLDEN OAK - [NTSTNGOK],2
NYTAE P PINE,NYTAE P-PINE - [NTAL402S1],1
O BEVEL EDGE,3/4 x 3 W/O BEVEL EDGE - [RQ3SOB]; 3/4 x 3 R/O BEVEL EDGE - [RQ3SRB]; 3/4 x 4 W/O BEVEL EDGE - [RQ4SOB]; 3/4 x 4 R/O BEVEL EDGE - [RQ4SRB]; *INDIANA* - 3/4 x 5 W/O BEVEL EDGE - [RQ5SOB]; *INDIANA* - 3/4 x 5 R/O BEVEL EDGE - [RQ5SRB]; *INDIANA* - 3/4 x 6 W/O BEVEL EDGE - [RQ6SOB]; *INDIANA* - 3/4 x 6 R/O BEVEL EDGE - [RQ6SRB]; *INDIANA* - 3/4 x 7 W/O BEVEL EDGE - [RQ7SOB]; *INDIANA* - 3/4 x 7 R/O BEVEL EDGE - [RQ7SRB]; MUST QUOTE - *3/4 x 8 R/O BEVEL EDGE - [RQ8SRB]; MUST QUOTE - *3/4 x 8 W/O BEVEL EDGE - [RQ8SOB],12
O BLACKSTONE,"SMOOTH - 3/4"" NOSING W/O BLACKSTONE - [GCNOOSQ74]",1
O CHO CHERRY,"CRYSTAL VALLEY - *W/O SOLID DIST. 5"" CHO.CHERRY - [GQCVDO555]; 3/4 X 3-1/4 R/O CHO. CHERRY - [PFQ3141R24]; 3/4 X 2-1/4 R/O CHO. CHERRY - [PFQ2141R24]",3
O FRENCH QTR,"DISTRESSED - 9/16"" NOSING W/O FRENCH QTR. - [GCNO7ON56]",1
O GUNSTOCK M,"CRYSTAL VALLEY - W/O ENG 3-1/4"" GUNSTOCK 2.2M - [GHCVO31447]",1
O HONEY ROSE,"1/2"" NOSING W/O HONEY ROSE 78"" - [UWNO12OH]; 1/2"" REDUCER W/O HONEY ROSE 78 - [UWRE12OH]; T-MOULD W/O HONEY ROSE 78"" - [UWTM58OH]; 3/4 X 3-1/4 S/B W/O HONEY ROSE - [UW34312SOH]; CRYSTAL VALLEY - *W/O SOLID 3-1/4"" HONEY ROSE - [GQCVO31449]",5
O NATURAL MB,SHEOGA - 3/4 X 3.25 EN.W/O NATURAL MB - [PFSHEO338]; 30 SHEEN CLEAR SHEOGA - 3/4 X 3.25 EN.W/O NATURAL   MB - [PFSHEO338],2
O NESTED BND,"DAYSPRING (24SF BDLS) - 1/2 x 2"" SELECT W/O NESTED BND - [RH2SOS]; DAYSPRING (24SF BDLS) - 1/2 x 2"" SELECT R/O NESTED BND - [RH2SRS]; LEBANON (25SF BDLS) - 1/2 x 2"" SELECT W/O NESTED BND - [RH2SOSNB]; LEBANON (25SF BDLS) - 1/2 x 2"" SELECT R/O NESTED BND - [RH2SRSNB]; DAYSPRING 24SF - 1/2 x 2"" SELECT W/O NESTED BND - [RH2SOSNB-24]",5
O PR WHEAT 5,"CRYSTAL VALLEY - W/O PR.WHEAT ENG 5"" 2MM - [GHCVO568]",1
O SE CALCORE,CONTRACTORS CHOICE - 5/8 X 5 PREM. R/O SE CALCORE - [GFCOR5PSSB],1
O WIRED GREY,"CRYSTAL V - *W/O SOLID WIRED 5"" WHITE GREY - [GQCVDO5165]",1
OASIS CHERRY,NATURAL - OASIS 9/16 X 5 AMERICAN CHERRY - [OA9165ACE]; NATURAL - OASIS 1/2 X 5 AMERICAN CHERRY - [OAH5AC]; NATURAL - OASIS 9/16 X 5 CHERRY DIST - [OA9165CDE]; NATURAL - OASIS 9/16X 5  DIST A.CHERRY - [OAN5ACDN]; NATURAL - OASIS 1/2X2 REDUCER A CHERRY - [OAREHC],5
OASIS SANTOS,NATURAL - OASIS 9/16 X 5 SANTOS DIST. - [OAN5SADN],1
OASIS WALNUT,"NATURAL - OASIS 9/16 X 3-9/16 WALNUT - [OA9163WAE]; NATURAL - OASIS 9/16 X 5 WALNUT DIST - [OA9165WDE]; NATURAL - OASIS 1/2 X 5 AMERICAN WALNUT - [OAH5AW]; NATURAL - OASIS 9/16 X 5 WALNUT - [OA9165WAE]; DIST NAT. - OASIS 9/16X3 9/16 & 5 WALNUT - [OAN39165WDN]; NATURAL - OASIS 9/16 X3-9/16 WALNUT DIST - [OAN3DWN]; NATURAL - OASIS 1/2 X 2 REDUCER WALNUT - [OAREHWA]; NATURAL - OASIS 9/16"" NOSING DIST.WALNUT - [OANODNWN]",8
OMNI COUNTRY,NATURAL - OMNI 3/4 X 3-5/8 COUNTRY MAPLE - [OMQ358CMN],1
OMNI PREMIUM,WHEAT - OMNI 1/2 X 3-1/4 PREMIUM MAPLE - [OMH314PMW]; CHERRY - OMNI 1/2 X 3-1/4 PREMIUM MAPLE - [OMH314PMC],2
OMNI S B W O,HONEYROSE - OMNI 3/4 X 3-1/4 S/B W/O - [OMQ314SOH]; ANTIQUE - OMNI 3/4 X 3-1/4 S/B W/O - [OMQ314SOA],2
OMP CALI W O,"NATURAL - OMP CALI 9/16 X 5 #1 W/O - [OMPN51O38]; NATURAL - OMP CALI 9/16 X 3"" #1 W/O - [OMPN31O38]",2
ORDER ASH LL,"UNFIN - 1/2"" SPECIAL ORDER ASH LL - [LHSOASH]; SPECIAL ORDER ASH LL - [LQSOA]",2
ORDER CASING,RED OAK - SPECIAL ORDER CASING - [MOCASOR]; MDF - SPECIAL ORDER CASING - [MOCASOMD],2
ORDER CHERRY,LF - SPEC.ORDER MOULDING A. CHERRY - [MOSOCLF],1
ORDER CORNER,SPEC.ORDER CORNER MOULDINGS - [MOSOCO],1
ORDER IPE LL,SPECIAL ORDER IPE LL - [LQSOIPE]; SPECIAL ORDER IPE LL - [LQSOIPEDECK],2
ORDER MDF EA,SPECIAL ORDER MDF MOULDING EA - [MOSOMDEA],1
ORDER WALNUT,"1/2"" SPECIAL ORDER WALNUT - [RHSOW]",1
OUT SPRAY OZ,TERM-OUT SPRAY 13OZ - [TS32784],1
OVERLAP MAPL,MAPLE - 1/2X2-1/2 OVERLAP REDUCER MAPL - [MORE12OLM],1
OYSTER FROST,DESIGNER SAMPLE - DS - OYSTER WHITE OAK FROST - [GWC-DSOYO102]; SAMPLE BOARD - SB - OYSTER WHITE OAK FROST - [GWC-SBOYO102],2
PALM VINTAGE,DESIGNER SAMPLE - DS - PALM WHITE OAK VINTAGE - [GWC-DSPAO104]; SAMPLE BOARD - SB - PALM WHITE OAK VINTAGE - [GWC-SBPAO104],2
PARADISE COV,OAK - NEWPORT 8' NOSING PARADISE COV - [GCNPNO8O212],1
PARIS BALTIC,"FRENCH OAK - SAMPLE - FC 7"" PARIS BALTIC - [GFFCSBB7O78]",1
PAT ROSEWOOD,LOW SHEEN - EXOTIC 4' T-MOULD PAT ROSEWOOD - [GCEXTM4PR38],1
PEBBLE BEACH,"NEWPORT BASESHOE PEBBLE BEACH - [GCNPBSOH206]; OAK - NEWPORT 7' NOSING PEBBLE BEACH - [GCNPNO7O206]; OAK - NEWPORT 8' NOSING PEBBLE BEACH - [GCNPNO8O206]; 9/16 X 7-1/2 PEBBLE BEACH - [OAFOGO4]; 8' NOSING 9/16"" PEBBLE BEACH - [GCNPNNO8O206]; WATERFALL - PANEL - NEWPORT PEBBLE BEACH - [GCSBN206-2228]; NP 8' SQ.NOSING PEBBLE BEACH - [GCNPSNO8O206]; WATERFALL - PANEL - NEWPORT PEBBLE BEACH - [GCSBNP206-2228]",8
PECAN PREFIN,CUSTOM - 3/4 X 7 HICK/PECAN PREFIN/DIST - [GQGAH799]; CUSTOM - 3/4 X 3 HICK/PECAN PREFIN/DIST - [GQGAH399]; CUSTOM - 3/4 X 5 HICK/PECAN PREFIN/DIST - [GQGAH599]; CUSTOM - 3/4 X 4 HICK/PECAN PREFIN/DIST - [GQGAH499]; CUSTOM - 3/4 X 6 HICK/PECAN PREFIN/DIST - [GQGAH699],5
PL HIMALAYAS,WATERFALL ORIGINAL - PANNEL-SUMMIT SKY PL HIMALAYAS - [GCSBSS503-2228]; WATERFALL ORIGINAL - PANNEL-SUMMIT SKY PL HIMALAYAS - [GCSBSS503-2424],2
PLUS NATURAL,"HICKORY - SAMPLE - PLUS 5"" NATURAL - [GNPL5SBH38]; WALNUT - SAMPLE - PLUS 5"" NATURAL - [GNPL5SBW38]; PLUS T-MOULD HICKORY NATURAL - [GCTM7HF38PL]",3
PRAIRE WHEAT,"WHITE OAK - 5/8"" BABY TRESH PRAIRE WHEAT - [GCBTOF68]",1
PRARIE WHEAT,"SMOOTH - 3/4"" NOSING W/O PRARIE WHEAT - [GCNO7OQ68]",1
PREM S E PLY,CONTRACTORS CHOICE - 5/8 X 5 PREM. HICKORY S.E 2PLY - [GFCOH5PS2P],1
PREM W O PLY,CONTRACTORS CHOICE - 5/8 X 7 PREM. W/O 2 PLY - [GFCOO7PS2P],1
PRESSED EDGE,WILD WAL - LAMINATE 12.3MM PRESSED EDGE - [LAPEWW12]; GOLDEN WAL - LAMINATE 12.3MM PRESSED EDGE - [LAPEGW12],2
PRIME NATURA,3/4 X 3-1/4 PRIME MAPLE NATURA - [PFTM34314PM],1
PROVENCE 7.5,"LEGENDS - EURO OAK 7.5"" PROVENCE - [GFLEO7507]",1
PROVENCE PLY,"FRENCH CONNECTION - EURO OAK 7"" PROVENCE 2 PLY - [GFFCOB71022P]",1
Q W O NESTED,"NESTED - 1/2 x 1 1/2"" R&Q W/O NESTED - [RH112QOSNB]; 1/2 x 1 1/2"" R&Q W/O NESTED - [RH112QOSNB-24]; 1/2 x 1 1/2"" R&Q W/O NESTED - [RH112QOSNB-15]",3
QTR HOR CARB,LAMINATE QTR HOR/CARB - [LALXQRBA01],1
QTR O NESTED,"1/2 x 2"" RIFT/QTR R/O NESTED - [RH2QRSNB]; DAYSPRING 24SF - 1/2 x 2"" RIFT/QTR R/O NESTED - [RH2QRSNB-24]; 20SF - 1/2 x 2"" RIFT/QTR R/O NESTED - [RH2QRSNB-20]",3
QTR O NO E M,"3/8 x 1 1/2"" QTR R/O NO E/M - [RT112QRSEM]",1
QTR O S E LL,UNFINISHED - 3/4 X 5 QTR. R/O S.E LL - [LQ5QRS],1
QTR RND GREY,GREY CHERRY - PARADISE VALLEY QTR RND GREY - [LAPVQRC01],1
QTR RND NEON,NEON OAK - PARADISE VALLEY QTR RND NEON - [LAPVQRO01],1
QUATER ROUND,GOLDEN OAK - COUNTRY WOOD QUATER ROUND OAK - [CWQROGO],1
RANDOM PAOLO,HICKORY - SAMPLE-DAVINCI RANDOM PAOLO - [GNDV235SBH66],1
RELIC WALNUT,"AUT. TRAIL - 1/2 X 5""COUNTRY RELIC WALNUT - [AWCRAUT650]",1
RIDGE CARBON,DESIGNER SAMPLE - DS - RIDGE WHITE OAK CARBON - [GWC-DSRIO101]; SAMPLE BOARD - SB - RIDGE WHITE OAK CARBON - [GWC-SBRIO101],2
RIDGE SUNSET,DESIGNER SAMPLE - DS - RIDGE WHITE OAK SUNSET - [GWC-DSRIO103]; SAMPLE BOARD - SB - RIDGE WHITE OAK SUNSET - [GWC-SBRIO103],2
RIFT QTR W O,"ARB CREEK - 1/2 x 2"" RIFT/QTR W/O - [RH2QOS]; 3/4 X 3 1/4 RIFT/QTR W/O - [RQ314QOS]; 3/4 X 3 1/4 RIFT/QTR W/O - [RQ314QOSSP]; CON.CHOICE - *5/8 X 3 1/4 CHAR.RIFT/QTR W/O - [GFCOORQ314CS]",4
RISER CHERRY,"GOLDEN - 3/4 x 7 1/4 RISER CHERRY - [GCRICQ30]; CUSTOM - 3/4 X 7-1/4"" RISER CHERRY - [GCRICQ99]; WLD CHERRY - 3/4 x 7-1/4"" RISER CHERRY - [GCRICQ33]",3
RISER PRIMED,MDF - 11/16 X 7 1/4 S4S RISER PRIMED - [MORIMD202MUL],1
RISER WALNUT,"CUSTOM - 3/4 x 7-1/4"" RISER WALNUT - [GCRIWQ99]; 3/4 x 7-1/4 RISER - WALNUT - [MORIW]; ANTIQUE - 3/4 x 7-1/4"" RISER WALNUT - [GCRIWQ23]; SABLE - 3/4 X 7-1/4"" RISER WALNUT - [GCRIWQ19]; FRUITWOOD - 3/4 x 7-1/4"" RISER WALNUT - [GCRIWQ28]; GII DISTRESS PREF.RISER WALNUT - [GCRIIIW]; GII SMOOTH PREF.RISER WALNUT - [GCRISSW]; CLIFFSIDE PREF.RISER WALNUT - [GCRICSW]",8
RIVER AUSTIN,"BIRCH - SAMPLE - RED RIVER 5"" AUSTIN - [GNRR5BISB81]; BIRCH - SAMPLE-RED RIVER 6-1/4 AUSTIN - [GNRR614BISB81]; DISTRESSED - RED RIVER NOSING AUSTIN - [GCNO7BIN81]; RED RIVER T-MOULD AUSTIN - [GCTM7BIF81]; BIRCH - R.RIVER BABY T-HOLD AUSTIN - [GCBT7BIF81]; BIRCH - RED RIVER REDUCER AUSTIN - [GCRE7BIN81]",6
RL PREFINISH,NATURAL - 5/8 X 3 1/2 MANNI RL PREFINISH - [MIF312MA],1
ROASTED PINE,SNGL STRIP - LAMINATE 8MM ROASTED PINE - [LAL8CVRP]; LAMINATE NOSING ROASTED PINE - [LANOL8CVRP]; LAMINATE T-MOLD ROASTED PINE - [LATML8CVRP]; ROAST.PINE - LAMINATE REDUCER ROASTED PINE - [LAREL8CVRP],4
ROSEWOOD OMP,"25"" X 28"" - PANEL - EXO. P. ROSEWOOD *OMP* - [GCSBEXPR538-2528]",1
ROSEWOOD PLY,"NOUVELLE - *EURO OAK 7.5"" ROSEWOOD 2 PLY - [GFNVO75052P]",1
ROUGH LUMBER,ROUGH LUMBER - [LUSO]; 5/4 RED OAK #1 ROUGH LUMBER - [LUR154]; 5/4 WALNUT #1 ROUGH LUMBER - [LUW154]; 5/4 CHERRY #1 ROUGH LUMBER - [LUC154]; 5/4 HICKORY #1 ROUGH LUMBER - [LUH154]; 5/4 WHITE OAK #1 ROUGH LUMBER - [LUO154]; 5/4 W/O R/Q #1 ROUGH LUMBER - [LUO1Q54]; 5/4 MAPLE #1 ROUGH LUMBER - [LUM154]; 4/4 BLOODWOOD ROUGH LUMBER - [LUB144]; 4/4 SANTOS ROUGH LUMBER - [LUS144]; 4/4 JATOBA ROUGH LUMBER - [LUJ144]; 4/4 RED OAK #1 ROUGH LUMBER - [LUR144]; 4/4 HICKORY #1 ROUGH LUMBER - [LUH144]; 4/4 WENGE ROUGH LUMBER - [LUWE144]; 5/4 BLOODWOOD ROUGH LUMBER - [LUB154]; 5/4 JATOBA ROUGH LUMBER - [LUJ154]; 5/4 # 1 CUMARU ROUGH LUMBER - [LUCU154]; 5/4 TIGER WOOD ROUGH LUMBER - [LUT154]; 5/4 SANTOS ROUGH LUMBER - [LUS154]; 5/4 WALNUT #2 ROUGH LUMBER - [LUW254]; 5/4 HICKORY #2 ROUGH LUMBER - [LUH254]; 5/4 MAPLE #2 ROUGH LUMBER - [LUM254]; 5/4 WHITE OAK #2 ROUGH LUMBER - [LUO254]; 5/4 RED OAK #2 ROUGH LUMBER - [LUR254]; 5/4 WALNUT FAS ROUGH LUMBER - [LUWF54]; 5/4 WHITE OAK FAS ROUGH LUMBER - [LUOF54]; 5/4 FAS SANTOS ROUGH LUMBER - [LUSF54]; 5/4 CUMARU FAS ROUGH LUMBER - [LUCUF54]; 5/4 TIGERWOOD FAS ROUGH LUMBER - [LUTF54]; 5/4 HICKORY FAS ROUGH LUMBER - [LUHF54]; 4/4 WALNUT RUSTIC ROUGH LUMBER - [LUWR44]; 4/4 WHITE OAK FAS ROUGH LUMBER - [LUOF44]; ROUGH LUMBER (EA) - [LUSOEA],33
ROUND APOLLO,MYTHOLOGY - QUARTER ROUND - APOLLO - [GVGAQR702],1
ROUND ARCHES,GARRISON QTR.ROUND ARCHES - [GCLAQR7501],1
ROUND ATHENA,MYTHOLOGY - QUARTER ROUND - ATHENA - [GVGAQR703],1
ROUND AURORA,ILLUMIN8 QUARTER ROUND AURORA - [GLILQR801],1
ROUND BASTIA,LAMINATE - *GARRISON QUARTER ROUND BASTIA - [GCLAQR009],1
ROUND BRONZE,ELEMENTS - QTR.ROUND - BRONZE - [GVSPCQR702],1
ROUND CHERRY,LAMINATE QTR ROUND RED CHERRY - [LAQRCW87637],1
ROUND COFFEE,LAMINATE Q-ROUND COFFEE MAPLE - [LAQRVG1020],1
ROUND COPPER,ELEMENTS - QTR.ROUND - COPPER - [GVSPCQR902]; VINYLNOVA - QTR. ROUND - COPPER - [GVVNQR903],2
ROUND COSMOS,VINYLNOVA - QTR. ROUND - COSMOS - [GVVNQR904],1
ROUND DAHLIA,SECRET GARDEN SPC - QUARTER ROUND - DAHLIA - [GVSGQR702],1
ROUND DAKOTA,AQUA BLUE II BY GARRISON - QTR. ROUND - DAKOTA OAK - [GVWPCIIQR112],1
ROUND GALAXY,VINYLNOVA - QTR. ROUND - GALAXY - [GVVNQR906],1
ROUND GEMINI,ZODIAC WSPC - QUARTER ROUND - GEMINI - [GVZOQR7504],1
ROUND HAVASU,AQUA BLUE II BY GARRISON - QTR. ROUND - HAVASU OAK - [GVWPCIIQR107],1
ROUND HUDSON,METROPOLITAN - QTR.ROUND - HUDSON - [GVMPQR905],1
ROUND KATMAI,GARRISON QTR.ROUND KATMAI - [GCLAQR7508],1
ROUND LUSTER,ILLUMIN8 QUARTER ROUND LUSTER - [GLILQR807],1
ROUND MARINA,AQUA BLUE BY GARRISON - QTR. ROUND - MARINA OAK - [GVWPCQR103],1
ROUND NANTER,LAMINATE - *GARRISON QUARTER ROUND NANTER - [GCLAQR005],1
ROUND NEBULA,VINYLNOVA - QTR. ROUND - NEBULA - [GVVNQR910],1
ROUND NICKEL,ELEMENTS - QTR.ROUND - NICKEL - [GVSPCQR1201],1
ROUND NOLITA,METROPOLITAN - QTR.ROUND - NOLITA - [GVMPQR704],1
ROUND ORCHID,SECRET GARDEN SPC - QUARTER ROUND - ORCHID - [GVSGQR708],1
ROUND PISCES,ZODIAC WSPC - QUARTER ROUND - PISCES - [GVZOQR7507],1
ROUND PRINCE,MEGACLIC QUARTER ROUND PRINCE - [LAMCQRDN8710],1
ROUND PUEBLO,AQUA BLUE BY GARRISON - QTR. ROUND - PUEBLO OAK - [GVWPCQR106],1
ROUND SILVER,ELEMENTS - QTR.ROUND - SILVER - [GVSPCQR901],1
ROUND STRAND,NATURAL - BAMBOO QTR ROUND STRAND - [BAQRBS],1
ROUND TAURUS,ZODIAC WSPC - QUARTER ROUND - TAURUS - [GVZOQR7509],1
ROUND VESOUL,LAMINATE - *GARRISON QUARTER ROUND VESOUL - [GCLAQR003],1
ROVENZA CHEV,WATERFALL - PANEL - BELLAGIO ROVENZA CHEV. - [GCSBBLPC506-2228]; WATERFALL - PANEL - BEL.ROVENZA CHEV.<N/L> - [GCSBBLPC506-2228PL]; WATERFALL - PANEL - VINEYARD ROVENZA CHEV. - [GCSBVYPCO508-2828],3
ROYAL MAHOGA,MAHOGANY - *LAMINATE REDUCER ROYAL MAHOGA - [LALXREHS01]; *LAMINATE END CAP ROYAL MAHOGA - [LALXECHS01],2
RUSSET OLIVE,LAMINATE DIST RUSSET OLIVE - [LACWD7891]; LAMINATE T-MOLD RUSSET OLIVE - [LATMCWD7891]; LAMINATE BABY-T RUSSET OLIVE - [LABTCWD7891],3
RUSTIC OLIVE,LAMINATE GLOSSY RUSTIC OLIVE - [LAEDHD33]; LAMINATE NOSING RUSTIC OLIVE - [LANOED294]; LAMINATE REDUCER RUSTIC OLIVE - [LARECWD7891]; LAMINATE TMOLD RUSTIC OLIVE - [LATMHXM50]; LAMINATE END CAP RUSTIC OLIVE - [LAECHXM50],5
S B B E PREF,NATURAL - 5/8 X 3 S/B RED OAK B.E. PREF. - [AM583SRBP]; NATURAL - 5/8 X 5 S/B RED OAK B.E. PREF. - [AM585SRBP],2
S B SHORTS O,"1/2"" X 2"" S/B SHORTS R/O - [RH2SRSHOS]",1
S NATURESTEP,WATERFALL - SAMPLE SET O/S - NATURESTEP - [GCSETNS-2323],1
SAHARA 8.625,"PRIVATE SELECTION - EURO OAK 8-5/8"" SAHARA - [GNPSO85805]",1
SAN MAHOGANY,3/4 X 3 1/4 CLEAR SAN.MAHOGANY - [RQ314CSS],1
SANTOS MAHOG,"1/2 X 2 REDUCER - SANTOS MAHOG - [MORE12S]; 5/8 X 2 T-MOULD - SANTOS MAHOG - [MOTMS58]; 11/16 X 4-3/4 SANTOS MAHOG. - [YHSFW00 20]; NATURAL - OASIS 1/2"" NOSING SANTOS MAHOG - [OANOHSN]; NATURAL - M.W 9/16 X 4-3/4 SANTOS MAHOG. - [MWTLECH88]; LAMINATE BABY-T SANTOS MAHOG. - [LABTL12PSSSSM]; LAMINATE REDUCER SANTOS MAHOG. - [LAREED808]; LOW SHEEN - EXOTIC 7' T-MOULD SANTOS MAHOG - [GCEXTM7S38]; SANTOS MAHOGANY - EXOTIC 8' T-MOULD SANTOS MAHOG - [GCEXTM8S38]; HIGH SHEEN - EXOTIC 7' T-MOULD SANTOS MAHOG - [GCEXTM7S38HS]; EXOTIC 4' T-MOULD SANTOS MAHOG - [GCEXTM4S38]; EXOTIC 6' T-MOULD SANTOS MAHOG - [GCEXTM6S38]",12
SAPELE NATUR,SAPELE NATURAL - EXOTIC 8' T-MOULD SAPELE NATUR - [GCEXTM8SA38],1
SATIN FINISH,"HONEY BRWN - SATIN FINISH 1/2 X 3 RED OAK - [SAMPHB]; NATURAL - SATIN FINISH 1/2 X 3 RED OAK - [SAMPPRN]; GRAPHITE - SATIN FINISH 1/2 X 3 MAPLE - [SAMP3GR]; NATURAL - SATIN FINISH 1/2"" NOSING-MAPLE - [SAN35078NL]; D.ROSEWOOD - SATIN FINISH 1/2 REDUCER MAPLE - [SAR35078DR]; GOLDENWEST - SATIN FINISH 1/2 X 3 RED OAK - [SAMPGW]; NAVAJO - SATIN FINISH 1/2 X 3 MAPLE - [SAMP3NH]; NATURAL - SATIN FINISH 1/2 X 3 MAPLE - [SAMP3N]; BUCKSKIN - SATIN FINISH 1/2 X 3 RED OAK - [SAMPDBU]; NATURAL - SATIN FINISH 1/2 X 3 MAPLE - [SAMP3PRN]; GRAPHITE - SATIN FINISH 1/2 X 3 RED OAK - [SAMPGR]; WALNUT - SATIN FINISH 1/2 X 3 RED OAK - [SAMPWA]; COGNAC - SATIN FINISH 1/2 X 3 RED OAK - [SAMPDCG]; DRIFTWOOD - SATIN FINISH 1/2 X 3 RED OAK - [SAMPDDF]; LEATHER - SATIN FINISH 1/2 X 3 RED OAK - [SAMPDLE]; SADDLE - SATIN FINISH 1/2 X 3 RED OAK - [SAMPDSA]; MOCHA - SATIN FINISH 1/2 X 3 RED OAK - [SAMPM]",17
SAWN LIBERTY,GREY - 1/2 X 5 SAWN MAPLE LIBERTY - [AWDAHLIB32],1
SEL O NESTED,"DAYSRPING - 3/8 x 2"" SEL R/O NESTED (24-SF - [RT2SRSNB-24]",1
SELECT O B E,"5/16 x 3"" SELECT R/O B.E - [RFS3SRB]",1
SELECT O S E,CON.CHOICE - 5/8 X 3-1/4 SELECT R/O S.E - [GFCC314SRS]; CON.CHOICE - 5/8 X 4 SELECT R/O S.E - [GFCC4SRS]; CON.CHOICE - 5/8 X 5 SELECT R/O S.E - [GFCC5SRS]; ENG. UNF - 5/8 X 5 SELECT R/O S.E - [AMF5SRS]; ENG. UNF - 5/8 X 7 SELECT R/O S.E - [AMF7SRS],5
SELLA SELECT,"ALLORA - EURO OAK 7.5"" SELLA SELECT - [GFALO7505S]; ALLORA - EURO OAK 9.5"" SELLA SELECT - [GFALO9505S]; ALLORA BY GARRISON - EURO OAK 7.5"" SELLA SELECT - [GFALO7505S]; PANEL- ALLORA 7.5""SELLA SELECT - [GCSBAL7505S-2228]; ALLORA BY GARRISON - EURO OAK 9.5"" SELLA SELECT - [GFALO9505S]; PANEL-ALLORA 9.5"" SELLA SELECT - [GCSBAL9505S-2228]",6
SET AQUABLUE,"WATERFALL ORIGINAL - SAMPLE SET - AQUABLUE 7"" - [GCSETAB7-2323]",1
SET BELLAGIO,SAMPLE SET - BELLAGIO <OB> - [GCSASET45]; WATERFALL - SAMPLE SET - BELLAGIO - [GCSETBL-2228]; WATERFALL - SAMPLE SET - BELLAGIO <N/L> - [GCSETBL-2228PL],3
SET C VALLEY,WATERFALL ORIGINAL - SAMPLE SET - C.VALLEY SOLID - [GCSASET14],1
SET CN CREST,WATERFALL ORIGINAL - SAMPLE SET - CN. CREST <OB> - [GCSASET42]; WATERFALL - SAMPLE SET - CN.CREST - [GCSETCY-2828]; WATERFALL - SAMPLE SET - CN.CREST <N/L> - [GCSETCY-2828PL],3
SET DA VINCI,SAMPLE SET - DA VINCI <OB> - [GCSASET41]; WATERFALL - SAMPLE SET - DA VINCI - [GCSETDV-2228]; WATERFALL - SAMPLE SET - DA VINCI <N/L> - [GCSETDV-2228PL],3
SET JUNCKERS,WATERFALL ORIGINAL - SAMPLE SET - JUNCKERS - [GCSASET40],1
SET LAMINATE,WATERFALL ORIGINAL - SAMPLE SET - GARRISON LAMINATE - [GCSASET07]; WATERRALL - SAMPLE SET - GARRISON LAMINATE - [GCSETLA-2223],2
SET NOUVELLE,WATERFALL ORIGINAL - SAMPLE SET - NOUVELLE - [GCSASET24],1
SET VINEYARD,SAMPLE SET - VINEYARD <OB> - [GCSASET47]; WATERFALL - SAMPLE SET - VINEYARD - [GCSETVY-2228]; WATERFALL - SAMPLE SET - VINEYARD <N/L> - [GCSETVY-2228PL],3
SHOE CARRERA,DA VINCI BASE SHOE CARRERA - [GCDVBSO702],1
SHOE CASCINA,DA VINCI BASE SHOE CASCINA - [GCDVBSO703],1
SHOE CAVALLO,DA VINCI BASE SHOE CAVALLO - [GCDVBSO704],1
SHOE CELLINI,DA VINCI BASE SHOE CELLINI - [GCDVBSO705],1
SHOE PALAZZO,DA VINCI BASE SHOE PALAZZO - [GCDVBSO710],1
SHOE VECCHIO,DA VINCI BASE SHOE VECCHIO - [GCDVBSO709],1
SIDE SUNRISE,C.SIDE 8' T-MOULD SUNRISE - [GCCSTM8O06]; C.SIDE 8' T-MOULD SUNRISE - [GCCSTM8O09]; C.SIDE 8' BABY-T SUNRISE - [GCCSBT8O06]; C.SIDE 8' BABY-T SUNRISE - [GCCSBT8O09]; C.SIDE 8' REDUCER SUNRISE - [GCCSRE8O06]; C.SIDE 8' REDUCER SUNRISE - [GCCSRE8O09],6
SIENNA CYPRE,*LAMINATE END CAP SIENNA CYPRE - [LALXECHS04],1
SILVERLI UNF,SILVERLI NOSING UNF.DIST MAPLE - [GCNO7MH00SL]; DISTRESSED - SILVERLI NOSING UNF.MAPLE 8' - [GCNO8MH00SL],2
SKY CHEYENNE,HICKORY - BIG SKY NOSING CHEYENNE - [GCNO7HH154]; HICKORY - BIG SKY T-MOULD CHEYENNE - [GCTM7HF154]; HICKORY - BIG SKY REDUCER CHEYENNE - [GCRE7HH154]; SAMPLE - BIG SKY CHEYENNE - [EHBS7SBH154],4
SKY GUNSMOKE,MAPLE - BIG SKY NOSING GUNSMOKE - [GCNO7MH150]; MAPLE - BIG SKY BABY T-HOLD GUNSMOKE - [GCBT7MF150]; MAPLE - BIG SKY REDUCER GUNSMOKE - [GCRE7MH150]; MAPLE - BIG SKY T-MOULD GUNSMOKE - [GCTM7MF150]; SAMPLE - BIG SKY GUNSMOKE - [EHBS7SBM150],5
SKY H SIERRA,WATERFALL ORIGINAL - PANEL- SUMMIT SKY HB H SIERRA - [GCSBSSPH502-2228]; WATERFALL ORIGINAL - PANEL- SUMMIT SKY HB H SIERRA - [GCSBSSPH502-2424],2
SKY MAVERICK,MAPLE - BIG SKY NOSING MAVERICK - [GCNO7MH149]; MAPLE - BIG SKY BABY T-HOLD MAVERICK - [GCBT7MF149]; MAPLE - BIG SKY REDUCER MAVERICK - [GCRE7MH149]; MAPLE - BIG SKY T-MOULD MAVERICK - [GCTM7MF149]; SAMPLE - BIG SKY MAVERICK - [EHBS7SBM149],5
SL CHAMPAGNE,SL 8' T-MOULD CHAMPAGNE - [GCTM8BIF128]; BIRCH - SL 8' NOSING CHAMPAGNE - [GCSLNO8B6128],2
SL WINE CASK,BIRCH - SL 7' BABY THRESHOLD WINE CASK - [GCSLBT7B127]; BIRCH - SL 8' BABY THRESHOLD WINE CASK - [GCSLBT8B127]; BIRCH - SL 7' T-MOULD WINE CASK - [GCSLTM7B127]; BIRCH - SL 8' T-MOULD WINE CASK - [GCSLTM8B127]; BIRCH - SL 7' REDUCER WINE CASK - [GCSLRE7B127]; BIRCH - SL 8' REDUCER WINE CASK - [GCSLRE8B127]; BIRCH - SL 7' NOSING WINE CASK - [GCSLNO7B127]; BIRCH - SL 8' NOSING WINE CASK - [GCSLNO8B127],8
SM ANTIQUE P,"GII SMOOTH - WALNUT 5"" SM. ANTIQUE 2P - [GNSSW5232P]",1
SM NATURAL P,"GII SMOOTH - WALNUT 5"" SM. NATURAL 2P - [GNSSW5382P]; GII SMOOTH - HICKORY 5"" SM. NATURAL 2P - [GNSSH5382P]",2
SMOKY WALNUT,HI GLOSS - LAMINATE 12MM SMOKY WALNUT - [LAL12PSSSW]; HI-GLOSS - LAMINATE REDUCER SMOKY WALNUT - [LAREL12PSSSW]; HI -GLOSS - LAMINATE BABY-T SMOKY WALNUT - [LABTL12PSSSW]; HI-GLOSS - LAMINATE NOSING SMOKY WALNUT - [LANOL129SSSW]; HI-GLOSS - LAMINATE T-MOLD SMOKY WALNUT - [LATML12PSSSW],5
SPEC ORDER O,RED OAK - SPEC.ORDER MOULDING R/O (EA) - [MOSOREA],1
SPRING BROOK,"CRYSTAL V - W/O SOLID 3 1/4"" SPRING BROOK - [GQCVO31443]",1
SS FRUITWOOD,WALNUT SMOOTH - SS 7' BABY THRESHOLD FRUITWOOD - [GCSSBT7W28]; WALNUT SMOOTH - SS 8' BABY THRESHOLD FRUITWOOD - [GCSSBT8W28]; WALNUT NATURAL - SS 7' T-MOULD FRUITWOOD - [GCSSTM7W28]; WALNUT NATURAL - SS 8' T-MOULD FRUITWOOD - [GCSSTM8W28]; WALNUT SMOOTH - SS 7' REDUCER FRUITWOOD - [GCSSRE7W28]; WALNUT SMOOTH - SS 7' NOSING FRUITWOOD - [GCSSNO7W28]; WALNUT SMOOTH - SS 8' NOSING FRUITWOOD - [GCSSNO8W28]; WALNUT SMOOTH - SS 8' REDUCER FRUITWOOD - [GCSSRE8W28],8
STAIR CUMARU,"11/16"" STAIR NOSING CUMARU - [YHMS2302]",1
STANDARD W O,HONEYROSE - CW 3/4 X 3-1/4 STANDARD W/O - [CWQ314SOHR]; GUNSTOCK - 3/4 X 3-1/4 STANDARD W/O - [CWQ314SOG]; NATURAL - 3/4 X 3-1/4 STANDARD W/O - [CWQ314SON]; NATURAL - 9/16 X 3-1/4 STANDARD W/O - [CWF314SON],4
STATEMENT GR,EUROPEAN OAK - 9/16 X 7-1/2 LONE STATEMENT GR - [EOEWO72LS43],1
STRAND CLICK,CARBONIZED - 9/16 X 5.5 STRAND CLICK 6' - [BANC5SC]; NATURAL - STRAND 9/16X5-3/8X72-7/8 CLICK - [BANC5SN]; CARBONIZED - 9/16 X 5.5 X 6' STRAND CLICK - [BA3236],3
STRAND TREAD,"NATURAL - STRAND TREAD 1/2 X 12 X 4' - [BATR013STR]; CARBONIZED - STRAND TREAD 1"" X 12 X 4' - [BATR012STR]",2
STRIP AUTUMN,LONG STRIP - 9/16 X 5 3 STRIP AUTUMN - [ENNO5LS13]; LONG STRIP - 9/16 X 7 X 7 - 3 STRIP AUTUMN - [ENNO7LS13],2
STRIP WALNUT,"3/4 x 1 1/2,F-STRIP,WALNUT - [MOFSW34112]; 3/4 x 2 1/4,F-STRIP,WALNUT - [MOFSW34214]; 3/4 x 3/4,F-STRIP,WALNUT - [MOFS3434W]",3
STRIPE BAMBO,LAMINATE 12MM GOL.STRIPE BAMBO - [LAL1204],1
SYRAH BALTIC,"FRENCH OAK - SAMPLE - FC 7"" SYRAH - BALTIC - [GFFCSBB7O117]",1
TAUN NATURAL,"CRYSTAL VALLEY - TAUN SOLID 3-1/2"" NATURAL - [GQCVTA31238]",1
TEMBEC CLEAR,NATURAL - TEMBEC 3/4 x 5 CLEAR MAPLE - [TMQ5MCN],1
TEST PURPOSE,GII DIST - TEST PURPOSE - [GNTEST],1
TI CAMBRIDGE,WALNUT - TI2 7' BABY T-HOLD CAMBRIDGE - [GCTI2BT7W133]; WALNUT - TI2 8' BABY T-HOLD CAMBRIDGE - [GCTI2BT8W133]; WALNUT - TI2 7' T-MOULD CAMBRIDGE - [GCTI2TM7W133]; WALNUT - TI2 8' T-MOULD CAMBRIDGE - [GCTI2TM8W133]; WALNUT - TI2 7' REDUCER CAMBRIDGE - [GCTI2RE7W133]; WALNUT - TI2 8' REDUCER CAMBRIDGE - [GCTI2RE8W133]; WALNUT - TI2 7' NOSING CAMBRIDGE - [GCTI2NO7W133]; WALNUT - TI2 8' NOSING CAMBRIDGE - [GCTI2NO8W133],8
TI CHESAPEAK,"H. PECAN - SAMPLE - TI 5"" CHESAPEAK - [GCTI5HSB04]",1
TI FRUITWOOD,"WALNUT - SAMPLE - TI 5"" FRUITWOOD - [GCTI5WSB28]; WALNUT - TI REDUCER FRUITWOOD - [GCRE7WH28]",2
TI NEWCASTLE,WALNUT - *TI2 BABY TRESHOLD NEWCASTLE - [GCBT7WF134]; WALNUT - *TI2 REDUCER NEWCASTLE - [GCRE7WH134],2
TI SAGEBRUSH,"CHERRY - SAMPLE - TI 5"" SAGEBRUSH - [GCTI5CSB11]; CHERRY - TI BABY TRESHOLD SAGEBRUSH - [GCBT7CF11]; CHERRY - TI REDUCER SAGEBRUSH - [GCRE7CH11]",3
TI SHEFFIELD,HICKORY - TI2 7' BABY T-HOLD SHEFFIELD - [GCTI2BT7H136]; HICKORY PECAN - TI2 8' BABY T-HOLD SHEFFIELD - [GCTI2BT8H136]; HICKORY - TI2 7' T-MOULD SHEFFIELD - [GCTI2TM7H136]; HICKORY - TI2 8' T-MOULD SHEFFIELD - [GCTI2TM8H136]; HICKORY - TI2 7' REDUCER SHEFFIELD - [GCTI2RE7H136]; HICKORY - TI2 8' REDUCER SHEFFIELD - [GCTI2RE8H136]; HICKORY - TI2 7' NOSING SHEFFIELD - [GCTI2NO7H136]; HICKORY - TI2 8' NOSING SHEFFIELD - [GCTI2NO8H136],8
TIDE VINTAGE,DESIGNER SAMPLE - DS - TIDE WHITE OAK VINTAGE - [GWC-DSTIO104]; SAMPLE BOARD - SB - TIDE WHITE OAK VINTAGE - [GWC-SBTIO104],2
TIGER STRAND,"NATURAL - 5/8 X 3-3/4 X 36"" TIGER STRAND - [BAB0313F]; NATURAL - BAMBOO TIGER STRAND NOSING - [BANOBTSN]; NATURAL - BAMBOO TIGER STRAND REDUCER - [BAREBTSN]",3
TIGERWOOD SE,CON.CHOICE - 5/8 X 5 SELECT TIGERWOOD SE - [GFCOT5SS]; CON.CHOICE - *5/8 X3-1/4 SEL TIGERWOOD SE - [GFCOT314SS],2
TOFFEE WENGE,TOFFEE W - LAMINATE REDUCER TOFFEE WENGE - [LARETWG12],1
TREAD AURORA,ILLUMIN8 TREAD AURORA - [GLILTR801],1
TREAD BRONZE,ELEMENTS - TREAD - BRONZE - [GVSPCTR702],1
TREAD CHERRY,RUM - 11-3/4 TREAD CHERRY DIST. - [GCTRCO05]; LAMINATE TREAD RED CHERRY - [LALXTRHG02],2
TREAD COPPER,ELEMENTS - TREAD - COPPER - [GVSPCTR902]; VINYLNOVA - TREAD - COPPER - [GVVNTR903],2
TREAD COSMOS,VINYLNOVA - TREAD - COSMOS - [GVVNTR904],1
TREAD DAHLIA,SECRET GARDEN SPC - TREAD - DAHLIA - [GVSGTR702],1
TREAD DAKOTA,AQUA BLUE II BY GARRISON - TREAD - DAKOTA OAK - [GVWPCIITR112],1
TREAD GALAXY,VINYLNOVA - TREAD - GALAXY - [GVVNTR906],1
TREAD HAVASU,AQUA BLUE II BY GARRISON - TREAD - HAVASU OAK - [GVWPCIITR107],1
TREAD HUDSON,METROPOLITAN - TREAD - HUDSON - [GVMPTR905],1
TREAD LUSTER,ILLUMIN8 TREAD LUSTER - [GLILTR807],1
TREAD MARINA,AQUA BLUE BY GARRISON - TREAD - MARINA OAK - [GVWPCTR103],1
TREAD NEBULA,VINYLNOVA - TREAD - NEBULA - [GVVNTR910],1
TREAD NICKEL,ELEMENTS - TREAD - NICKEL - [GVSPCTR1201],1
TREAD NOLITA,METROPOLITAN - TREAD - NOLITA - [GVMPTR704],1
TREAD ORCHID,SECRET GARDEN SPC - TREAD - ORCHID - [GVSGTR708],1
TREAD PUEBLO,AQUA BLUE BY GARRISON - TREAD - PUEBLO OAK - [GVWPCTR106],1
TREAD RETURN,"1X1-1/4 X14"" R/O TREAD RETURN - [MOTRRER]; 1X1-1/4X14""TREAD RETURN MAPLE - [MOTRREM]",2
TREAD SILVER,ELEMENTS - TREAD - SILVER - [GVSPCTR901]; SILVER OAK - PARADISE VALLEY TREAD SILVER - [LAPVTRO03],2
TREAD WALNUT,"NATURAL - 11 3/4"" TREAD WALNUT DIST. - [GCTRWO38]; 11-3/4"" LAM. TREAD - WALNUT - [MOTRW]; ANTIQUE - 11 3/4"" TREAD WALNUT DIST. - [GCTRWO23]; CUSTOM TREAD WALNUT (LF) - [MOTRSOWLF]; 11-1/2"" LAM. TREAD - WALNUT - [MOTRWH]; GREENSBORO - 11-3/4"" TREAD WALNUT DIST. - [GCTRWO100]; CUSTOM TREAD WALNUT (EA) - [MOTRSOWEA]; FINGER JOINT TREAD WALNUT - [MOTRWFJ]; GII DISTRESSED TREAD WALNUT - [GCTRIIW]; GII SMOOTH TREAD  WALNUT - [GCTRIISW]; CLIFFSIDE TREAD WALNUT - [GCTRCSW]; LEGENDS TREAD WALNUT - [GCTRLEW]",12
TUDOR CASING,MDF - NONSTOCK - 11/16 X 2-1/2 TUDOR CASING - [MOCAMD169MUL],1
TUSCANY BASE,MDF - NONSTOCK - 11/16 X 6 TUSCANY BASE - [MOBBMD375MUL],1
TUSCANY FLEX,FLEX - NONSTOCK - 11/6 X 6 TUSCANY FLEX - [MOBBFL375F],1
TUXEDO FROST,DESIGNER SAMPLE - DS - TUXEDO WHITE OAK FROST - [GWC-DSTUO102]; SAMPLE BOARD - SB - TUXEDO WHITE OAK FROST - [GWC-SBTUO102],2
UNF BR CHERR,"9/16"" NOSING UNF.DIST BR/CHERR - [GCNO7BN00]",1
UNFINISHED M,1/2 X 7 WHITE OAK UNFINISHED M - [GCUNO700],1
URBANIA PURE,"URBANIA 78"" REDUCER PURE OAK - [URREUC17101RD]; URBANIA 78"" NOSING PURE OAK - [URNOUC17101SN]; URBANIA 78"" T-MOULD PURE OAK - [URTMUC17101TM]",3
V YARD PINOT,V.YARD 8' BABY T-HOLD PINOT - [GCVYBT8O906],1
VAL CHESTNUT,ASIAN MAHOGANY - CRY.VAL 7' T-MOULD CHESTNUT - [GCCVSTM7AM06]; ASIAN MAHOGANY - CRY.VAL 8' T-MOULD CHESTNUT - [GCCVSTM8AM06],2
VAL GUNSTOCK,CRYSTAL VA - CRY.VAL T-MOULD GUNSTOCK - [GCTM7OF47],1
VAL MAP NATU,"CRY.VAL 9/16"" REDUCER MAP.NATU - [GCRE7MN38CV]",1
VAL PR WHEAT,WHITE OAK - CRY.VAL BABY T-HOLD PR. WHEAT - [GCBT7OF68]; CR.VAL 8' BABY T-HOLD PR.WHEAT - [GCCVBT8O68]; CR.VAL 7' BABY T-HOLD PR.WHEAT - [GCCVBT7O68],3
VAL UNFINISH,"UNFINISH - CRY.VAL 3/4"" NOSING UNFINISH - [GCNO7OQ00]; UNFINISH - CRY.VAL 3/4""NOSING UNFINISH 8' - [GCNO8OQ00]",2
VALLEY TREAD,CRYSTAL VALLEY TREAD - [GCTRCV]; OAK - PARADISE VALLEY TREAD OAK - [LAPVTRO701],2
VENEER STRIP,BRAZ/CHERR - BRAZ. CHERRY VENEER STRIP - [MOVE734SB]; W/O - WHITE OAK VENEER STRIP - [MOVE734SO]; R/O - RED OAK VENEER STRIP - [MOVE734SR]; WALNUT - WALNUT VENEER STRIP - [MOVE734SW],4
VENTASSO 7.5,"ALLORA - EURO OAK 7.5"" VENTASSO - [GFALO7507]",1
VERMONT BASE,MDF - NONSTOCK - 3/4 X 6-1/2 VERMONT BASE - [MOBBMD334MUL]; MDF - NONSTOCK - 9/16 X 6-1/2 VERMONT BASE - [MOBBMD334BMUL],2
VERT NAT UNF,UNFINISHED - BAMBOO NOSING VERT. NAT UNF. - [BANO58VNU],1
VERT NATURAL,BAMBOO T-MOULD VERT/NATURAL - [BATMBVN],1
VERTICAL NAT,"UNFINISHED - BAMBOO 5/8X5X72"" VERTICAL NAT. - [BA725VUN]",1
VILLA GIALLA,HANDSET - VILLA GIALLA - [GCKEYSET39]; WATERFALL - SAMPLE SET - VILLA GIALLA - [GCSETVG-2828],2
VINCI BIANCA,DA VINCI 8' BABY-T BIANCA - [GCDVBT8O701]; DA VINCI 8' NOSING BIANCA - [GCDVNO8O701]; DA VINCI 8' REDUCER BIANCA - [GCDVRE8O701]; DA VINCI 8' T-MOULD BIANCA - [GCDVTM8O701]; DA VINCI 7' NOSING BIANCA - [GCDVNO7O701]; WATERFALL - PANEL - DA VINCI BIANCA - [GCSBDV701-2228],6
VINCI MILANO,DA VINCI 8' BABY-T MILANO - [GCDVBT8O708]; DA VINCI 8' NOSING MILANO - [GCDVNO8O708]; DA VINCI 8' REDUCER MILANO - [GCDVRE8O708]; DA VINCI 8' T-MOULD MILANO - [GCDVTM8O708],4
VINCI PISANI,DA VINCI 8' BABY-T PISANI - [GCDVBT8O712]; DA VINCI 8' NOSING PISANI - [GCDVNO8O712]; DA VINCI 8' REDUCER PISANI - [GCDVRE8O712]; DA VINCI 8' T-MOULD PISANI - [GCDVTM8O712],4
VINCI TRENTO,DA VINCI 8' BABY-T TRENTO - [GCDV2BT8O705]; DA VINCI 8' NOSING TRENTO - [GCDV2NO8O705]; DA VINCI 8' REDUCER TRENTO - [GCDV2RE8O705]; DA VINCI 8' T-MOULD TRENTO - [GCDV2TM8O705],4
VINCI VERONA,DA VINCI 8' BABY-T VERONA - [GCDV2BT8O709]; DA VINCI 8' NOSING VERONA - [GCDV2NO8O709]; DA VINCI 8' REDUCER VERONA - [GCDV2RE8O709]; DA VINCI 8' T-MOULD VERONA - [GCDV2TM8O709],4
VINEYARD OMP,"27"" X 28"" - SAMPLE SET - VINEYARD *OMP* - [GCSETVY-2728]",1
VINYL ANTERO,GLUE DOWN VINYL ANTERO - [GVGD100],1
VINYL BASHAN,*GLUE DOWN VINYL BASHAN - [GVGD101],1
VINYL CARMEL,*GLUE DOWN VINYL CARMEL - [GVGD102],1
VINYL DELANO,GLUE DOWN VINYL DELANO - [GVGD104],1
VINYL DURATA,*LOOSE LAY VINYL DURATA - [GVLL202],1
VINYL GILBOA,GLUE DOWN VINYL GILBOA - [GVGD105],1
VINYL HERMON,GLUE DOWN VINYL HERMON - [GVGD106],1
VINYL KERMES,*LOOSE LAY VINYL KERMES - [GVLL205],1
VINYL LASSEN,*GLUE DOWN VINYL LASSEN - [GVGD107],1
VINYL PAGODA,*LOOSE LAY VINYL PAGODA - [GVLL207],1
VINYL TEXANA,*LOOSE LAY VINYL TEXANA - [GVLL209],1
VIVIANNA PLY,"DU BOIS - EURO OAK 7.5"" VIVIANNA 2 PLY - [GFDBO71972P]",1
W O GUNSTOCK,"1/2"" NOSING W/O GUNSTOCK 78"" - [UWNO12OG]; 1/2"" REDUCER W/O GUNSTOCK 78"" - [UWRE12OG]; T-MOULD W/O GUNSTOCK 78"" - [UWTM58OG]; 3/4 X 3 S/B W/O GUNSTOCK - [UW343SOG]; 3/4 X 3-1/4 S/B W/O GUNSTOCK - [UW34314SOG]; 3/4 X 3-3/16 BLDR W/O GUNSTOCK - [UW34316BOG]; CRYSTAL VALLEY - *W/O SOLID 2-1/4"" GUNSTOCK - [GQCVO21447]; CRYSTAL VALLEY - *W/O SOLID 3-1/4"" GUNSTOCK - [GQCVO31447]; CRYSTAL VALLEY - *W/O SOLID DIST. 5"" GUNSTOCK - [GQCVDO547]; SMOOTH - 1/2"" NOSING W/O GUNSTOCK - [GCNOOSH47]",10
W O NAT 3.25,"CRYSTAL VALLEY - W/O NAT. ENG 3-1/4"" 2MM - [GHCVO31438]",1
W O PR WHEAT,"CRYSTAL VALLEY - W/O PR.WHEAT ENG 3-1/4"" 2MM - [GHCVO31468]; CRYSTAL VALLEY - W/O PR.WHEAT ENG 5"" 2MM - [GHCVO568]; CRYSTAL VALLEY - W/O ENG 3-1/4"" PR.WHEAT (9/16"" - [GNCVO31468]",3
W O SEL EDGE,3/4 x 3 W/O SEL SQUARE EDGE - [RQ3SOS]; *INDIANA* - 3/4 x 5 W/O SEL SQUARE EDGE - [RQ5SOS]; *NOT INDIANA* - 3/4 x 5 W/O SEL SQUARE EDGE - [RQ5SOSD],3
W O TOFFEE M,"CRYSTAL V - W/O ENG 3-1/4"" TOFFEE 2.4M - [GHCVO314178]; CRYSTAL V - W/O ENG 5"" TOFFEE 2.4M - [GHCVO5178]",2
W O UNFINISH,"DISTRESSED - 5/8"" NOSING W/O UNFINISH - [GCNO7OF00]",1
W WINCHESTER,"BIG SKY - 1/2"" BASESHOE W. WINCHESTER - [GCBSWF139]",1
WAINSCOT CAP,MDF - NONSTOCK - 9/16 X 2 1/4 WAINSCOT CAP - [MOCPMD729M],1
WALNUT BE LL,UNFINISHED - 3/4 X 5 FAS WALNUT BE LL - [LQ5FWB],1
WALNUT GROVE,"3/4 x 2 1/4"" WALNUT GROVE - [CE214WG]",1
WALNUT KIAWA,DISTRESSED - 9/16 X 5 A. WALNUT KIAWA - [ENNW5162],1
WALNUT MB LL,UNFINISHED - 3/4 X 5 #1C WALNUT MB LL - [LQ51WM]; UNFINISHED - 3/4 X 3 #1C WALNUT MB LL - [LQ31WM]; UNFINISHED - 3/4 X 7 #1C WALNUT MB LL - [LQ71WM]; UNFINISHED - 3/4 X 4 CHARACTER WALNUT MB LL - [LQ4CWM]; UNFINISHED - 3/4 X 3 CHARACTER WALNUT MB LL - [LQ3CWM],5
WALNUT PEARL,DESIGNER SAMPLE - DS - CLOVER WALNUT PEARL - [GWC-DSCLW104]; DESIGNER SAMPLE - DS - DIAMOND WALNUT PEARL - [GWC-DSDIW104]; DESIGNER SAMPLE - DS - MOSAIC WALNUT PEARL - [GWC-DSMOW104]; DESIGNER SAMPLE - DS - OYSTER WALNUT PEARL - [GWC-DSOYW104]; DESIGNER SAMPLE - DS - RIDGE WALNUT PEARL - [GWC-DSRIW104]; DESIGNER SAMPLE - DS - TIDE WALNUT PEARL - [GWC-DSTIW104]; DESIGNER SAMPLE - DS - TUXEDO WALNUT PEARL - [GWC-DSTUW104]; DESIGNER SAMPLE - DS - PALM WALNUT PEARL - [GWC-DSPAW104]; SAMPLE BOARD - SB - CLOVER WALNUT PEARL - [GWC-SBCLW104]; SAMPLE BOARD - SB - TUXEDO WALNUT PEARL - [GWC-SBTUW104]; SAMPLE BOARD - SB - OYSTER WALNUT PEARL - [GWC-SBOYW104]; SAMPLE BOARD - SB - MOSAIC WALNUT PEARL - [GWC-SBMOW104]; SAMPLE BOARD - SB - RIDGE WALNUT PEARL - [GWC-SBRIW104]; SAMPLE BOARD - SB - TIDE WALNUT PEARL - [GWC-SBTIW104]; SAMPLE BOARD - SB - PALM WALNUT PEARL - [GWC-SBPAW104],15
WALNUT SABLE,"GII DIST - WALNUT 5"" SABLE - [GNIIW519]; GII SMOOTH - *WALNUT 5"" SMOOTH SABLE - [GNSSW519]; DISTRESSED - GII NOSING WALNUT SABLE - [GCNO7WN19]; SMOOTH NOSING WALNUT SABLE - [GCNO7WSN19]; GIII DIST - *G3 WALNUT 5"" SABLE - [GHIIIW519]; 1/2"" - SAMPLE - G3 WALNUT SABLE - [GHIII5SBW19]; WALNUT - G3 REDUCER WALNUT SABLE - [GCRE7WH19]",7
WALNUT SE LL,UNFINISHED - 3/4 X 5 FAS WALNUT SE LL - [LQ5FWS]; UNFINISHED - 3/4 X 5 CLR BRAZ. WALNUT SE LL - [LQ5CBWS]; UNFINISHED - 3/4 X 4 CHARACTER WALNUT SE LL - [LQ4CWS]; UNFIN - SOLID 1/2 X 3 FAS WALNUT SE LL - [LH3FWS]; UNFIN - SOLID 1/2 X 4 FAS WALNUT SE LL - [LH4FWS]; UNFIN - SOLID 1/2 X 6 FAS WALNUT SE LL - [LH6FWS]; UNFINISHED - 3/4 X 3 CHARACTER WALNUT SE LL - [LQ3CWS],7
WALNUT UNFIN,"DISTRESSED - 11 3/4"" TREAD WALNUT UNFIN - [GCTRWO00]; 5/8 x 7 CHAR.WALNUT UNFIN/DIST - [GFCUW700]; PLUS NOSING WALNUT UNFIN. DIST - [GCNO7WN00PL]",3
WEST VILLAGE,METROPOLITAN - FLUSH NOSING - WEST VILLAGE - [GVMPFNO706]; METROPOLITAN - T-MOULDING - WEST VILLAGE - [GVMPTM706]; METROPOLITAN - END CAP - WEST VILLAGE - [GVMPEC706]; METROPOLITAN - QTR.ROUND - WEST VILLAGE - [GVMPQR706]; METROPOLITAN - TREAD - WEST VILLAGE - [GVMPTR706]; METROPOLITAN - REDUCER - WEST VILLAGE - [GVMPRE706],6
WHEAT CALCOR,"CRYSTAL VALLEY - W/O ENG 3-1/4"" PR.WHEAT CALCOR - [GHCVO31468SB]",1
WHIE NATURAL,NATURAL - 9/16 X 5 WHIE OAK NATURAL - [CWPO109F],1
WIDTH BIANCA,DAVINCI - *WALNUT RANDOM WIDTH BIANCA - [GNDVW23562],1
WIDTH MILANO,DAVINCI - *MAPLE RANDOM WIDTH MILANO - [GNDVM23565],1
WIDTH PISANI,DAVINCI - *HICKORY RANDOM WIDTH PISANI - [GNDVH23567],1
WINDSOR RACK,NATURAL - MAX WINDSOR RACK - [MWRACK],1
WINE COUNTRY,"HANDSET - WINE COUNTRY - [GCKEYSET15]; SAMPLE SET - WINE COUNTRY - [GCSAMPLES13]; SUNSTONE - WINE COUNTRY 1/2 X 5"" MAPLE - [GHWCM5108]; NATURAL - WINE COUNTRY 1/2 X 5"" MAPLE - [GHWCM538]; ALEXANDER - WINE COUNTRY 1/2 X 5"" MAPLE - [GHWCM5115]; MENDOCITO - WINE COUNTRY 1/2 X 5"" MAPLE - [GHWCM5109]; GALANTE - WINE COUNTRY 1/2 X 5"" MAPLE - [GHWCM5110]; JORDAN - WINE COUNTRY 1/2 X 5"" MAPLE - [GHWCM5111]; LANDMARK - WINE COUNTRY 1/2 X 5"" MAPLE - [GHWCM5112]; ARROWOOD - WINE COUNTRY 1/2 X 5"" MAPLE - [GHWCM5113]; OAKSTONE - WINE COUNTRY 1/2 X 5"" MAPLE - [GHWCM5114]; SANFORD - WINE COUNTRY 1/2 X 5"" MAPLE - [GHWCM5116]; NATURAL - WINE COUNTRY 1/2 X 3-1/4 MAPLE - [GHWCM31438]; SANFORD - WINE COUNTRY 1/2 X 3-1/4 MAPLE - [GHWCM314116]; JORDAN - WINE COUNTRY 1/2 X 3-1/4 MAPLE - [GHWCM314111]; OAKSTONE - WINE COUNTRY 1/2 X 3-1/4 MAPLE - [GHWCM314114]; LANDMARK - WINE COUNTRY 1/2 X 3-1/4 MAPLE - [GHWCM314112]",17
YARD CHABLIS,V.YARD 8' BABY T-HOLD CHABLIS - [GCVYBT8O902],1
YARD CHIANTI,V.YARD 8' BABY T-HOLD CHIANTI - [GCVYBT8O903],1
10.25 PARIA,"LEGENDS - EURO OAK 10.25"" PARIA - [GFLEO1003]",1
5 CHARLOTTE,"CAROLINA CLASSIC - HICKORY 5"" CHARLOTTE - [GHCCH589]",1
7.5 CHANTAL,"LEGENDS - EURO OAK 7.5"" CHANTAL - [GFLEO7504]",1
7.5 DEL MAR,"NEWPORT - EURO OAK 7.5"" DEL MAR (1/2"") - [GHNPO201]",1
8.625 ADOBE,"PRIVATE SELECTION - EURO OAK 8-5/8"" ADOBE - [GNPSO85804]",1
9.5 BRESCIA,"LEGENDS - EURO OAK 9.5"" BRESCIA - [GFLEO9501]",1
9.5 ROXBURY,"BEVERLY HILLS - EURO OAK 9.5"" ROXBURY - [GFBHO9509]",1
ACA NAT OMP,"25"" X 28"" - PANEL - EXO. ACA. NAT. *OMP* - [GCSBEXA538-2528]",1
ACA NATURAL,ACAICA - EX. 8' BABY T-HOLD ACA.NATURAL - [GCEXBT8A38],1
ACACIA GOLD,"EXOTICS - 1/2 X 5 ACACIA DIST. GOLD - [GHEXA5147]; ACACIA T-MOULD GOLD - [GCTM7ACF147]; DISTRESS - 1/2 X 5 ACACIA DIST. GOLD - [GHEXA5147]; 3/4 X 4-7/8 DIST ACACIA GOLD - [FFQ478ACGD]; EXOTIC BASESHOE ACACIA GOLD - [GCEXBSAH147]; DISTRESS - 1/2 X 7.5"" ACACIA DIST. GOLD - [GHEXA75147]; CRYSTAL VALLEY - ACACIA SOLID DIST.4-7/8"" GOLD - [GQCVDA478147]; ACACIA - EX. 8' BABY T-HOLD ACACIA GOLD - [GCEXBT8A147]; ACAICA - EXOTIC 7' T-MOULD ACACIA GOLD - [GCEXTM7A147]; ACAICA - EXOTIC 8' T-MOULD ACACIA GOLD - [GCEXTM8A147]; EX. 1/2"" 8' NOSING ACACIA GOLD - [GCEXNO8A147]; ACAICA - EXOTIC 4' T-MOULD ACACIA GOLD - [GCEXTM4A147]; ACAICA - EXOTIC 6' T-MOULD ACACIA GOLD - [GCEXTM6A147]",13
ACAPULCO BA,WALNUT - CANTINA 7' T-MOULD ACAPULCO BA - [GCCATM7W301]; WALNUT - CANTINA 8' T-MOULD ACAPULCO BA - [GCCATM8W301]; WALNUT - CANTINA 7' REDUCER ACAPULCO BA - [GCCARE7W301]; WALNUT - CANTINA 8' REDUCER ACAPULCO BA - [GCCARE8W301],4
ADOBE 8.625,"PRIVATE SELECTION - EURO OAK 8-5/8"" ADOBE - [GNPSO85804]",1
ALLORA ARIA,"PANEL - ALLORA 7.5"" ARIA - [GCSBAL7502-2228]; PANEL - ALLORA 9.5"" ARIA - [GCSBAL9502-2228]",2
ALLORA DOMA,"PANEL - ALLORA 7.5"" DOMA - [GCSBAL7503-2228]; PANEL - ALLORA 7.5""DOMA SELECT - [GCSBAL7503S-2228]; PANEL - ALLORA 9.5""DOMA SELECT - [GCSBAL9503S-2228]; PANEL - ALLORA 9.5"" DOMA - [GCSBAL9503-2228]; PANEL - ALLORA HB DOMA - [GCSBALPH403]",5
ALLORA LUNA,"PANEL - ALLORA 7.5"" LUNA - [GCSBAL7504-2228]; PANEL - ALLORA 7.5""LUNA SELECT - [GCSBAL7504S-2228]; PANEL - ALLORA 9.5"" LUNA - [GCSBAL9504-2228]; PANEL - ALLORA 9.5""LUNA SELECT - [GCSBAL9504S-2228]; PANEL - ALLORA HB LUNA - [GCSBALPH404]",5
ALTA MODA O,APPALACHIAN - ALTA MODA R/O - [GCKEYSET904],1
AMBER NATUR,AMBER MAPLE - CV 7' TMOULD AMBER MAPLE NATUR - [GCCVTM7M38]; AMBER MAPLE - CV 8' TMOULD AMBER MAPLE NATUR - [GCCVTM8M38],2
AMER CHERRY,"UNFIN/DIST - 1/2"" NOSING AMER/CHERRY - [GCNOCH00]; 1/2"" BASE SHOE - AMER.CHERRY - [MOBS12C]; 1/2"" NOSING - AMER. CHERRY - [MONO12C]; 3/4"" NOSING - AMER. CHERRY - [MONO34C]; 5/8 X 2 T-MOULD - AMER.CHERRY - [MOTMC58]; 3/4"" X 6"" SEL/BTR AMER. CHERRY - [RQ6SCM]; NATURAL - OASIS 1/2 X 3-9/16 AMER.CHERRY - [OAH3AC]; NATURAL - M.W 9/16 X 4 3/4 AMER.CHERRY - [MWTLECH89]; BUTTERSCOT - 3/4 X 7-1/4"" RISER AMER/CHERRY - [GCRICQ03]; EA - SP.ORDER MOULDING AMER.CHERRY - [MOSOCEA]; RUM - 3/4 X 7-1/4"" RISER AMER/CHERRY - [GCRICQ05]; 3/4 X   AMER.CHERRY DISTRESSED - [GQUDCZ00]; SAGEBRUSH - 3/4 X 7-1/4"" RISER AMER/CHERRY - [GCRICQ11]; 3/16 x 3/4 SCRIBE AMER.CHERRY - [MOSC316C]",14
AMER WALNUT,NATURAL - OASIS 1/2 X 3-9/16 AMER.WALNUT - [OAH3AW]; NATURAL - M.W 9/16 X 4-3/4 AMER.WALNUT - [MWTLECH83],2
ANT CARAMEL,"FRENCH OAK - SAMPLE - FCII 7"" ANT. CARAMEL - [GFFCSBII7O79]; OAK PLY - FRENCH OAK 9/16 X 7ANT.CARAMEL - [GNFCIIO779]; OAK PLY - FRENCH OAK 5/8 X 7 ANT.CARAMEL - [GFFCO779]; FRENCH CONNECTION - EURO OAK 5/8 X7 ANT.CARAMEL - [GFFCOB779]",4
ANTIQUE PLY,"GII DIST - WALNUT 5"" ANTIQUE 2PLY - [GNIIW5232P]",1
ANTIQUE WAL,ANT WALNUT - LAMINATE T-MOLDING ANTIQUE WAL - [LACYTM001],1
AQUABLUE II,"WATERFALL ORIGINAL - SAMPLE SET - AQUABLUE II 9"" - [GCSETAB9-2323]",1
AZUL WATERS,SAMPLE SET - AZUL WATERS - [GCSASET44]; HANDSET - AZUL WATERS - [GCKEYSET56],2
B CHERRY SE,CON.CHOICE - 5/8 X 3 1/4 SELECT B.CHERRY SE - [GFCOB314SS]; CON.CHOICE - 5/8 X 5 SELECT B.CHERRY SE - [GFCOB5SS]; CON.CHOICE - 5/8 X 3 1/4 PREM. B CHERRY SE - [GFCOB314PS]; CON.CHOICE - 5/8 X 5 PREMIUM B.CHERRY SE - [GFCOB5PS],4
B H REXFORD,B.H BABY T-HOLD REXFORD - [GCBHBT8O04],1
B MANHATTAN,OAK - NEWPORT 8' B. T-HOLD MANHATTAN - [GCNPBT8O211],1
B O NATURAL,1/2 X 3-1/4 S/B R/O NATURAL - [UW12314SRN],1
BAMBOO CARB,LIGHT - GARRSION STRAND BAMBOO CARB. - [GFBA36SC]; DARK - GARRSION STRAND BAMBOO CARB. - [GFBA36SCD],2
BAMBOO HORZ,CHARCOAL - GARRISON BAMBOO HORZ. NOSING - [GFBANOH27]; COFFEE - GARRISON BAMBOO HORZ. NOSING - [GFBANOH37]; CHARCOAL - GARRISON BAMBOO HORZ. REDUCER - [GFBAREH27]; CHERRY - GARRISON BAMBOO HORZ. NOSING - [GFBANOH22]; CHARCOAL - BAMBOO HORZ. NOSING - [BANOH27],5
BASE CORNER,OG BASE CORNER MAPLE - [MOOGCNMA],1
BASE POPLAR,"3/8 x 2 3/8,OG BASE,POPLAR - [MOOG382P]; 3/8 x 3 1/2,OG BASE,POPLAR - [MOOG383P]; 5/8 x 2 1/2,OG BASE,POPLAR - [MOOG582P]; 5/8 x 3 1/2,OG BASE,POPLAR - [MOOG583P]; 5/8 x 2 1/2,S-LINE BASE,POPLAR - [MOSL582P]; 5/8 x 3 1/2,S-LINE BASE,POPLAR - [MOSL583P]",6
BASE SHOE O,3/8 x 3/4 BASE SHOE - R/O - [MOBS38R]; 5/8 x 13/16 BASE SHOE - R/O - [MOBS58R],2
BASE WALNUT,1/2 x 2-1/2 OG BASE WALNUT - [MOOG122W],1
BAY GARRISO,1/2 x 5 WILD PECAN BAY GARRISO - [GCGAP514],1
BEACH BLOND,C.SIDE 8' T-MOULD BEACH BLOND - [GCCSTM8O01]; C.SIDE 8' REDUCER BEACH BLOND - [GCCSRE8O01],2
BEACH CALCO,"NEWPORT BY GARRISON - EURO OAK 7.5"" ZUMA BEACH CALCO - [GHNPO208SB]",1
BEACH HOUSE,"AQUASHIELD AC5 - 12MM 9.37"" X 60"" BEACH HOUSE - [LAMCAS3108]",1
BIG SKY UNF,BIG SKY NOSING UNF.DIST MAPLE - [GCNO7MH00BS]; DISTRESSED - BIG SKY NOSING UNF.MAPLE 8' - [GCNO8MH00BS]; BIG SKY NOSING UNF.HICKORY 8' - [GCNO8HH00BS],3
BLACK STONE,"CRYSTAL VALLEY - W/O SOLID DIST. 5"" BLACK STONE - [GQCVDO574]; CRYSTAL V - *W/O SOLID 5"" BLACK STONE - [GQCVO574]; 3/4"" REDUCER W/O BLACK STONE - [GCREOQ74]",3
BOIS AMELIA,OAK - DU BOIS 7' BABY T-HOLD AMELIA - [GCDBBT7O194]; OAK - DU BOIS 8' BABY T-HOLD AMELIA - [GCDBBT8O194]; OAK - DU BOIS 7' T-MOULD AMELIA - [GCDBTM7O194]; OAK - DU BOIS 8' T-MOULD AMELIA - [GCDBTM8O194]; OAK - DU BOIS 7' REDUCER AMELIA - [GCDBRE7O194]; OAK - DU BOIS 8' REDUCER AMELIA - [GCDBRE8O194]; OAK - DU BOIS 7' NOSING AMELIA - [GCDBNO7O194]; OAK - DU BOIS 8' NOSING AMELIA - [GCDBNO8O194]; DU BOIS BASESHOE AMELIA - [GCDBBSOH194]; PANEL-DU BOIS AMELIA <N/L> - [GCSADBO7194PL],10
BOIS CELINE,DU BOIS BASESHOE CELINE - [GCDBBSOH183]; OAK - DU BOIS 7' BABY T-HOLD CELINE - [GCDBBT7O183]; OAK - DU BOIS 8' BABY T-HOLD CELINE - [GCDBBT8O183]; OAK - DU BOIS 7' T-MOULD CELINE - [GCDBTM7O183]; OAK - DU BOIS 8' T-MOULD CELINE - [GCDBTM8O183]; OAK - DU BOIS 7' REDUCER CELINE - [GCDBRE7O183]; OAK - DU BOIS 8' REDUCER CELINE - [GCDBRE8O183]; OAK - DU BOIS 7' NOSING CELINE - [GCDBNO7O183]; OAK - DU BOIS 8' NOSING CELINE - [GCDBNO8O183],9
BRANT POINT,"OSHKOSH BRANT POINT 21"" - [OK331B]",1
BRAZ CHERRY,"NATURAL - 5/8"" T-MOULD 8' BRAZ/CHERRY - [GCTMBF38]; 1/2"" BASE SHOE - BRAZ/CHERRY - [MOBS12B]; 1/2 x 3-1/2 NOSING BRAZ/CHERRY - [MONO12B]; 3/4 x 3 1/2,NOSING,BRAZ/CHERRY - [MONO34B]; 3/8 x 3 1/2 NOSING BRAZ/CHERRY - [MONO38B]; 1/2 X 2 REDUCER - BRAZ/CHERRY - [MORE12B]; 3/8"" REDUCER - BRAZ/CHERRY - [MORE38B]; 3/4 X 7 1/4 RISER BRAZ/CHERRY - [MORIB]; 5/8 X 2 T-MOULD - BRAZ/CHERRY - [MOTMB58]; 1/2"" NOSING BRAZ. CHERRY 90"" - [UWNO12BN]; NATURAL - 1/2 X 3 1/4 BLDR BRAZ CHERRY - [UW12314BBN]; STAINED - 11/16 X 3 1/2 BRAZ/CHERRY - [YHSFA0047]; ELEGANCE 11/16 X 5 BRAZ/CHERRY - [YHSFW00 47]; WENGE - SAMPLE - GII BRAZ/CHERRY - [GNII5SBB52]; UNFIN/DIST - 9/16"" NOSING 8' BRAZ/CHERRY - [GCNOBN00]; NATURAL - 9/16"" REDUCER 8' BRAZ/CHERRY - [GCREBN38]; SEDONA - 9/16"" REDUCER 8' BRAZ/CHERRY - [GCREBN42]; WENGE - 9/16"" REDUCER BRAZ/CHERRY - [GCREBN52]; SEDONA - 5/8"" T-MOULD 8' BRAZ/CHERRY - [GCTMBF42]; WENGE - 5/8"" T-MOULD 8' BRAZ/CHERRY - [GCTMBF52]; WENGE - 9/16"" NOSING BRAZ/CHERRY DIST. - [GCNOBN52]; NATURAL - 5/8"" BABY TRESHOLD BRAZ/CHERRY - [GCBTBF38]; WENGE - 5/8"" BABY TRESHOLD BRAZ/CHERRY - [GCBTBF52]; 3/4 x 2-1/4"" BRAZ. CHERRY R.L - [RQ214SBS]; 3/4 X 4 CLEAR BRAZ. CHERRY R/L - [RQ4CBS]; NATURAL - NOBLE 3/4 X 5 BRAZ/CHERRY - [NOQ5CBM]; UNFIN - 3/4 X 5 BRAZ/CHERRY DISTRESSED - [GQUDB500]; STAIR NOSING SOLID BRAZ CHERRY - [YHMS4702]; NATURAL - M.W 9/16 X 4-3/4 BRAZ/CHERRY - [MWTLECH82]; NATURAL - 3/4 X 5 S/B BRAZ/CHERRY - [UW345SBN]; NATURAL - 3/4 X 3-1/4 BRAZ/CHERRY SELECT - [PFQ314BM]; NATURAL - GII BRAZ/CHERRY 9/16 X 4-3/4 - [GNIIB438]; MAX WINSOR REDUCER BRAZ/CHERRY - [MWRE82]; NATURAL - SAMPLE - GII 4-3/4 BRAZ/CHERRY - [GNII4SBB38]; NATURAL - EXOTIC 1/2 X 3-1/4 BRAZ/CHERRY - [GHEXBC31438]; NATURAL - 9/16 X 5 SEL/BTR BRAZ/CHERRY - [UW9165SBN]; UNFIN. - 5/8 x 6 BRAZ/CHERRY DISTRESSED - [GFUDB600]; NATURAL - ELEGANCE T-MOULD BRAZ/CHERRY - [YHTMS4703]; NATURAL - 1/2"" NOSING BRAZ/CHERRY - [GCNOBH38]; NATURAL - 7-1/4 RISER BRAZ/CHERRY - [GCRIBQ38]; SEDONA - 7-1/4 RISER BRAZ/CHERRY - [GCRIBQ42]; CUSTOM - 3/4 X 5 BRAZ/CHERRY DIST. - [GQGAB599]; CUSTOM - 3/4"" REDUCER BRAZ/CHERRY - [GCREBQ99]; NATURAL - MW 9/16 NOSING BRAZ. CHERRY - [MWNO82]; 3/16 x 3/4 SCRBE BRAZ/CHERRY - [MOSC316B]; NATURAL - 3/5 X 5 DIST.BRAZ/CHERRY - [GFMODB538]; NATURAL - 5/8 X 4 7/8 X R/L BRAZ. CHERRY - [FFF478SBC]; 5/16 x 7 RISER - BRAZ. CHERRY - [MORI7B]; NATURAL - 9/16 X 4-7/8 BRAZ. CHERRY - [CWPO801F]; SPECIAL ORDER 1/2"" BRAZ/CHERRY - [RHSOB]; 9/16 X 3-3/4 BRAZ. CHERRY - [JFELP9587]; NATURAL - 3/4 X 3-1/2 BRAZ/CHERRY SELECT - [PFQ312BM]; NATURAL - 1/2 X 5 BRAZ. CHERRY - [JFAVCE12703]; LAMINATE TMOLD BRAZ. CHERRY - [LATMHXM55]; CHOCOLATE - 3/4 X 3-3/4 BRAZ/CHERRY - [PFQ334BC]; LAMINATE T-MOULD BRAZ. CHERRY - [LATMETC12]; UNFINISHED - 3/4 X 5 CLEAR BRAZ.CHERRY - [RQ5SBC]; UNFINISHED - 3/4 x 3-1/4""SELECT BRAZ/CHERRY - [RQ314SBS]; LOW SHEEN - EXOTIC 7' T-MOULD BRAZ/CHERRY - [GCEXTM7B38]; BRAZILIAN CHERRY - EXOTIC 8' T-MOULD BRAZ/CHERRY - [GCEXTM8B38]; HIGH SHEEN - EXOTIC 7' T-MOULD BRAZ/CHERRY - [GCEXTM7B38HS]; RED CHERRY - LAMINATE T-MOULD BRAZ/CHERRY - [LATMETHXM55TM]; LOW SHEEN - EXOTIC 4' T-MOULD BRAZ/CHERRY - [GCEXTM4B38]; UNFINISHED - 3/4 X 5 CLEAR BRAZ.CHERRY - [RQ5CBS]; EXOTIC 6' T-MOULD BRAZ/CHERRY - [GCEXTM6B38]",65
BRAZ WALNUT,NATURAL - M.W 9/16 X 4-3/4 BRAZ/WALNUT - [MWTLTECH81]; NATURAL - M.W STAIR NOSE BRAZ/WALNUT - [MWTWMEM8104]; NATURAL - M.W T-MOULD BRAZ/WALNUT - [MWTMEM8105]; NATURAL - M.W BABY THRESHOLD BRAZ/WALNUT - [MWTMEM8106]; NATURAL - M.W REDUCER BRAZ/WALNUT - [MWRENBWN]; LAMINATE 12.MM BRAZ. WALNUT - [LAHDPB144]; CUSTOM TREAD BRAZ. WALNUT (EA) - [MOTRSOBWEA]; CUSTOM RISER BRAZ. WALNUT - [MORISOBWEA]; CUSTOM NOSING BRAZ.WALNUT - [MONOSOBW],9
BRAZIL GOLD,*LAMINATE END CAP BRAZIL.GOLD - [LALXECHG04],1
BRESCIA 9.5,"LEGENDS - EURO OAK 9.5"" BRESCIA - [GFLEO9501]",1
BRESCIA PLY,"VILLA GIALLA - EURO OAK 9-1/2"" BRESCIA 2 PLY - [GFVGO9022P]",1
BROWN ALDER,LAMINATE RED BROWN ALDER - [LACW873381]; LAMINATE TMOLD RED BROWN ALDER - [LATMCW873381],2
BTR NATURAL,9/16 X 5 SEL/BTR MAPLE NATURAL - [UW9165SMN],1
BUILDER W O,ANTIQUE - OMNI 3/4 X 3 1/4 BUILDER W/O - [OMQ314BOA],1
BURMA MAHOG,11/16 X 3-1/2 BURMA MAHOG. - [YHSFA0030],1
BUST DESERT,HICKORY - DESERT WHITE - *COMP.BUST BABY T-HOLD DESERT - [GCBT7HF179],1
BUST WINTER,HICKORY - WINTER WHITE - *COMP.BUST BABY T-HOLD WINTER - [GCBT7HF180],1
BUTTERSCOTT,"CHERRY - 5/8"" T-MOULD BUTTERSCOTT - [GCTM7CF03]",1
C B VINTAGE,C.B BASESHOE HICKORY VINTAGE - [GCBSHH141],1
C CHARLOTTE,WIRE RACK - PANEL - CAROLINA C. CHARLOTTE - [GCSBCCH589-1724],1
C CLASS UNF,C.CLASS NOSING UNF.DIST MAPLE - [GCNO7MH00CC]; C.CLASS NOSING UNF.HICKORY 8' - [GCNO8HH00CC],2
C ST TROPEZ,F.C BASESHOE ST.TROPEZ - [GCFCBSO32],1
C V AMERICA,WIRE RACK - SAMPLE SET - C.V AMERICA - [GCSETCVA-1724],1
CAMBRIA PLY,"DELUXE - *HICKORY 6"" CAMBRIA 2 PLY - [GFDXH6562P]",1
CANT PALOMA,WIRE RACK - PANEL - CANT. PALOMA - [GCSBCAM75206-1724]; WIRE RACK - PANEL - CANT. PALOMA <N/L> - [GCSBCAMPL752061724],2
CANTINA OMP,"30"" X 28"" - SAMPLE SET - CANTINA *OMP* - [GCSETCA-3028]",1
CANTINA UNF,WIRE BRUSHED - CANTINA NOSING UNF.HICKORY 8' - [GCNO8HH00CA]; WIRE BRUSHED - CANTINA NOSING UNF.MAPLE 8' - [GCNO8MH00CA],2
CAP ANACAPA,AQUA BLUE BY GARRISON - END CAP - ANACAPA OAK - [GVWPCEC100],1
CAP ASTORIA,METROPOLITAN - END CAP - ASTORIA - [GVMPEC701],1
CAP AVIGNON,LAMINATE - GARRISON END CAP AVIGNON - [GCLAEC001],1
CAP BERMUDA,LAMINATE END CAP BERMUDA - [LALXECHS09],1
CAP CHELSEA,METROPOLITAN - END CAP - CHELSEA - [GVMPEC901],1
CAP CLASSIC,LAMINATE END CAP CLASSIC MAPLE - [LALXECCS03],1
CAP CORSICA,LAMINATE - *GARRISON END CAP CORSICA - [GCLAEC011],1
CAP CRIMSON,MEGACLIC END CAP CRIMSON - [LAMCECAS3101],1
CAP ECLIPSE,VINYLNOVA - END CAP - ECLIPSE - [GVVNEC905],1
CAP GLACIER,NATURESTEP - END CAP - GLACIER - [GVNSEC802],1
CAP GLIMMER,ILLUMIN8 END CAP GLIMMER - [GLILEC806],1
CAP JAMAICA,*LAMINATE END CAP JAMAICA - [LALXECHS11],1
CAP JUPITER,VINYLNOVA - END CAP - JUPITER - [GVVNEC907],1
CAP MADISON,METROPOLITAN - END CAP - MADISON - [GVMPEC703],1
CAP MERCURY,ELEMENTS - END CAP - MERCURY - [GVSPCEC704],1
CAP NATURAL,LAMINATE END CAP NATURAL OAK - [LALXECCW87025]; LAMINATE END CAP NATURAL OAK - [LAXM29EC]; LAMINATE END CAP MAPLE NATURAL - [LALXECCS08],3
CAP NIAGARA,AQUA BLUE II BY GARRISON - END CAP - NIAGARA OAK - [GVWPCIIEC108],1
CAP OLYMPIC,GARRISON END CAP OLYMPIC - [GCLAEC7509],1
CAP REDWOOD,GARRISON END CAP REDWOOD - [GCLAEC7510],1
CAP ROCKIES,SUMMIT SKY - END CAP - ROCKIES - [GVSSEC504],1
CAP SCORPIO,ZODIAC WSPC - END CAP - SCORPIO - [GVZOEC7508],1
CAP SEQUOIA,GARRISON END CAP SEQUOIA - [GCLAEC7511],1
CAP TRIBECA,METROPOLITAN - END CAP - TRIBECA - [GVMPEC903],1
CAP VANDAGE,*LAMINATE END CAP VANDAGE - [LALXECRH09],1
CAP VINTAGE,LAMINATE END CAP VINTAGE WHITE - [LALXECHG05],1
CAPRI TREAD,CHATEAU CAPRI TREAD - [GCTRCHCA],1
CARMEL CASG,MDF - NONSTOCK - 5/8 X 2-1/2 CARMEL CASG - [MOCAMD137MUL],1
CATANIA PLY,"VILLA GIALLA - EURO OAK 9-1/2"" CATANIA 2 PLY - [GFVGO9032P]",1
CB CHESTNUT,BIRCH - CB 7' BABY T-HOLD CHESTNUT - [GCCBBT7B06]; BIRCH - CB 8' BABY T-HOLD CHESTNUT - [GCCBBT8B06]; BIRCH - CB 7' T-MOULD CHESTNUT - [GCCBTM7B06]; BIRCH - CB 8' T-MOULD CHESTNUT - [GCCBTM8B06]; BIRCH - CB 7' REDUCER CHESTNUT - [GCCBRE7B06]; BIRCH - CB 8' REDUCER CHESTNUT - [GCCBRE8B06]; BIRCH - CB 7' NOSING CHESTNUT - [GCCBNO7B06]; BIRCH - CB 8' NOSING CHESTNUT - [GCCBNO8B06],8
CC BEAUFORT,HICKORY - CC 7' BABY THRESHOLD BEAUFORT - [GCCCBT7H88]; HICKORY - CC 8' BABY THRESHOLD BEAUFORT - [GCCCBT8H88]; HICKORY - CC 7' T-MOULD BEAUFORT - [GCCCTM7H88]; HICKORY - CC 8' T-MOULD BEAUFORT - [GCCCTM8H88]; HICKORY - CC 7' REDUCER BEAUFORT - [GCCCRE7H88]; HICKORY - CC 8' REDUCER BEAUFORT - [GCCCRE8H88]; HICKORY - CC 7' NOSING BEAUFORT - [GCCCNO7H88]; HICKORY - CC 8' NOSING BEAUFORT - [GCCCNO8H88],8
CH FRONZOLA,OAK - CH 7' BABY THRESHOLD FRONZOLA - [GCCHBT7O102]; OAK - CH 8' BABY THRESHOLD FRONZOLA - [GCCHBT8O102]; OAK - CH 7' T-MOULD FRONZOLA - [GCCHTM7O102]; OAK - CH 8' T-MOULD FRONZOLA - [GCCHTM8O102]; OAK - CH 7' REDUCER FRONZOLA - [GCCHRE7O102]; OAK - CH 8' REDUCER FRONZOLA - [GCCHRE8O102]; OAK - CH 7' NOSING FRONZOLA - [GCCHNO7O102]; OAK - CH 8' NOSING FRONZOLA - [GCCHNO8O102],8
CHANTAL 7.5,"LEGENDS - EURO OAK 7.5"" CHANTAL - [GFLEO7504]",1
CHANTAL PLY,"DU BOIS - EURO OAK 7.5"" CHANTAL 2 PLY - [GFDBO71842P]",1
CHARLOTTE 5,"CAROLINA CLASSIC - HICKORY 5"" CHARLOTTE - [GHCCH589]",1
CHATEAU PLY,"GII DIST - HICKORY 5"" CHATEAU 2PLY DIST. - [GNIIH5512P]",1
CHATHAM UNF,"OSHKOSH CHATHAM 30"" UNF. - [OK370U]",1
CHERRY COLL,BORDEAUX - 1/2 x 5 CHERRY GARRISON COLL. - [GCGAC518]; CHERRY - 1/2 x 5 CHERRY GARRISON COLL. - [GCGAC522]; CHOCOLATE - 1/2 x 5 CHERRY GARRISON COLL. - [GCGAC524]; FRUITWOOD - 1/2 x 5 CHERRY GARRISON COLL. - [GCGAC528]; GOLDEN - 1/2 x 5 CHERRY GARRISON COLL. - [GCGAC530]; NATURAL - 1/2 x 5 CHERRY GARRISON COLL. - [GCGAC538]; CUSTOM - 1/2 x 5 CHERRY GARRISON COLL. - [GCGAC599]; BORDEAUX - 1/2 x 7 CHERRY GARRISON COLL. - [GCGAC718]; CHOCOLATE - 1/2 x 7 CHERRY GARRISON COLL. - [GCGAC724]; GOLDEN - 1/2 x 7 CHERRY GARRISON COLL. - [GCGAC730]; CUSTOM - 1/2 x 7 CHERRY GARRISON COLL. - [GCGAC799],11
CHERRY COVE,1/2 X 3/4 BRAZ/CHERRY COVE - [MOCV1234B],1
CHERRY NOSI,9/16 X 3-1/2 BRAZ. CHERRY NOSI - [AMNO916BP]; 9/16 X 3 1/2 BRAZ. CHERRY NOSI - [AMNO916BU]; 9/16 X 3-1/2 AMER. CHERRY NOSI - [AMNO916CNP],3
CHERRY PREF,T-MOULD BRAZ. CHERRY  PREF. - [AMTM58BP],1
CHOC CHERRY,"CHERRY - GII BABY TRESHOLD CHOC.CHERRY - [GCBT7CF24]; CRY.VAL T-MOULD CHOC.CHERRY - [GCTM7OF55]; GIII DIST - *G3 P.CHERRY 5"" CHOC.CHERRY - [GHIIIC524]",3
CHR NATURAL,"MAPLE - SAMPLE - SMOOTH 5"" CHR.NATURAL - [GNSS5MSB38]",1
CL BEAUFORT,HICKORY - SAMPLE - CAROLINA CL. BEAUFORT - [GHCC5HSB88],1
CL CHARLOTT,HICKORY - SAMPLE - CAROLINA CL. CHARLOTT - [GHCC5HSB89],1
CLAS CHERRY,LAMINATE REDUCER CLAS. CHERRY - [LAREL8MECC],1
CLEAR SE LL,1/2 x 2 CLEAR WHITE OAK SE LL - [LH2COS],1
CNTRY PRIME,NATURAL - CNTRY WOOD NOSING PRIME MAPLE - [CWNOQMPN],1
COCOA BROWN,DISTRESSED - 1/2 X 5 DIST BIRCH COCOA BROWN - [EHDB509],1
COD CORNERS,MDF CORNER - NONSTOCK - 7/16 X 3-7/8 CAPE COD CORNERS - [MOCOMD310]; MDF CORNER - NONSTOCK - 9/16 X 4 CAPE COD CORNERS - [MOCOMD410]; MDF CORNER - NONSTOCK - 9/16 X 5-1/4 CAPE COD CORNERS - [MOCOMD318MUL5W]; MDF - NONSTOCK - 7/16 X 3-7/8 CAPE COD CORNERS - [MOCOMD313MUL]; MDF CORNER - NONSTOCK - 9/16 X 4 CAPE COD CORNERS - [MOCOMD318MUL4W],5
CODE CASING,MDF - 5/8 X 2-1/2 CAPE CODE CASING - [MOCAMD150MUL],1
COLON CROWN,MAPLE - NONSTOCK - 5/8 X 4-1/2 BEADED COLON CROWN - [MOCM406MP],1
COMP BUSTER,WATERFALL ORIGINAL - SAMPLE SET - COMP. BUSTER - [GCSASET08]; WIRE RACK - SAMPLE SET - COMP. BUSTER - [GCSETCB-1724],2
CON ST TROP,WATERFALL - PANEL - FR.CON. ST.TROP - [GCSBFC732-2828]; WATERFALL - PANEL - FR.CON. ST.TROP <N/L> - [GCSBFC732-2828PL],2
CON VN CHEV,WATERFALL - PANEL - FR.CON. VN.WHITE CHEV. - [GCSBFCPC587-2828],1
CONN COGNAC,FRENCH CONN. BASESHOE COGNAC - [GCBSOH95],1
COSTA DE SO,HICKORY - CANTINA 7' T-MOULD COSTA DE SO - [GCCATM7H102]; HICKORY - CANTINA 8' T-MOULD COSTA DE SO - [GCCATM8H102]; HICKORY - CANTINA 7' REDUCER COSTA DE SO - [GCCARE7H102]; HICKORY - CANTINA 8' REDUCER COSTA DE SO - [GCCARE8H102],4
COUNTRY NAT,MAPLE NATURAL - 3/4 X 3 1/4 COUNTRY NAT MAPLE - [CWS0207F],1
COUNTRY W O,SADDLE - 3/4 X 3-1/4 COUNTRY W/O - [CWQ314COS],1
COVE BORDER,PREFINISH - OSHKOSH BRENTO COVE BORDER - [OK175],1
CRATER LAKE,"GARRISON LAMINATE - 12MM 7.5"" X 70.8"" CRATER LAKE - [GCLA7505]; GARRISON END CAP CRATER LAKE - [GCLAEC7505]; GAR.FLUSH NOSING CRATER LAKE - [GCLAFNO7505]; GARRISON REDCUER CRATER LAKE - [GCLARE7505]; GAR.T-MOULDING CRATER LAKE - [GCLATM7505]; GARRISON QTR.ROUND CRATER LAKE - [GCLAQR7505]",6
CREST FARWE,CYN.CREST 8' BABY T-HOLD FARWE - [GCCYBT8O01],1
CREST FRASE,CYN.CREST 8' BABY T-HOLD FRASE - [GCCYBT8O02],1
CREST FREMO,CYN.CREST 8' BABY T-HOLD FREMO - [GCCYBT8O03],1
CREST GENES,CYN.CREST 8' BABY T-HOLD GENES - [GCCYBT8O04],1
CREST GLENW,CYN.CREST 8' BABY T-HOLD GLENW - [GCCYBT8O05],1
CREST KINGS,CYN.CREST 8' BABY T-HOLD KINGS - [GCCYBT8O06],1
CREST MILLC,CYN.CREST 8' BABY T-HOLD MILLC - [GCCYBT8O07],1
CREST PARIA,CYN.CREST BASESHOE PARIA - [GCCYBSO08]; CYN.CREST 8' BABY T-HOLD PARIA - [GCCYBT8O08]; CYN.CREST 8' NOSING PARIA - [GCCYNO8O08]; CYN.CREST 8' REDUCER PARIA - [GCCYRE8O08]; CYN.CREST 8' T-MOULD PARIA - [GCCYTM8O08],5
CREST PROVO,CYN.CREST BASESHOE PROVO - [GCCYBSO09]; CYN.CREST 8' BABY T-HOLD PROVO - [GCCYBT8O09]; CYN.CREST 8' NOSING PROVO - [GCCYNO8O09]; CYN.CREST 8' REDUCER PROVO - [GCCYRE8O09]; CYN.CREST 8' T-MOULD PROVO - [GCCYTM8O09],5
CREST RISER,CANYON CREST RISER - [GCRICY],1
CREST SABIN,CYN.CREST 8' BABY T-HOLD SABIN - [GCCYBT8O10],1
CREST SUMID,CYN.CREST 8' BABY T-HOLD SUMID - [GCCYBT8O12],1
CREST TITUS,CYN.CREST BASESHOE TITUS - [GCCYBSO11]; CYN.CREST 8' BABY T-HOLD TITUS - [GCCYBT8O11]; CYN.CREST 8' NOSING TITUS - [GCCYNO8O11]; CYN.CREST 8' REDUCER TITUS - [GCCYRE8O11]; CYN.CREST 8' T-MOULD TITUS - [GCCYTM8O11]; CYN.CREST 7' T-MOULD TITUS - [GCCYTM7O11],6
CREST TREAD,CANYON CREST TREAD - [GCTRCY],1
CRY VAL AMY,"MAPLE DISTRESSED - CRY.VAL 7' T-MOULD AMY - [GCCVSTM7M01]; MAPLE DISTRESSED - CRY.VAL 8' T-MOULD AMY - [GCCVSTM8M01]; MAPLE DISTRESSED - CRY.VAL 3/4"" 7' REDUCER AMY - [GCCVSRE7M01]; MAPLE DISTRESSED - CRY.VAL 3/4"" 8' REDUCER AMY - [GCCVSRE8M01]; MAPLE DISTRESSED - CRY.VAL 3/4"" 7' NOSING AMY - [GCCVSNO7M01]; MAPLE DISTRESSED - CRY.VAL 3/4"" 8' NOSING AMY - [GCCVSNO8M01]",6
CRY VAL ANT,"WHITE OAK - CRY. VAL 3/4"" REDUCER ANT. OAK - [GCREOQ75]; CRY.VAL 3/4"" NOSING ANT.OAK - [GCNO7OQ75]; CRY.VAL 3/4"" REDUCER ANT.OAK - [GCRE7OQ75]",3
CRY VAL GOL,"WHITE OAK - CRY.VAL 7' BABY T-HOLD GOL OAK - [GCBTOF45]; WHITE OAK - CRY.VAL 1/2"" REDUCER GOL. OAK - [GCRE7OH45]; CRY.VAL 8' BABY T-HOLD GOL.OAK - [GCCVBT8O45]",3
CRY VAL NAT,"CRY.VAL. 9/16 NOSING MAPLE NAT - [GCNO7MN38CV]; CRY.VAL 9/16"" NOSING MAPLE NAT - [GCNO7MSN38CV]",2
CUSTOM COLO,1/2 x 5 WILD PECAN CUSTOM COLO - [GCGAP599]; 1/2 x 7 WILD PECAN CUSTOM COLO - [GCGAP799]; 9/16 x 5 WHITE OAK CUSTOM COLO - [GCGNO599],3
CUSTOM Q LF,CUSTOM NOSING R/Q WHITE OAK LF - [MONOSRQOLF],1
CUSTOM SIZE,"CUSTOM - 1/2"" NOSING WALNUT CUSTOM SIZE - [GCNOW99C]",1
CV BLDR W O,NATURAL - SAMPLE-CV 3/4 X 3-1/4 BLDR W/O - [GQCV314SBBO38]; GUNSTOCK - SAMPLE-CV 3/4 X 3-1/4 BLDR W/O - [GQCV314SBBO47],2
CVA NATURAL,CVA 8' NOSING MAPLE NATURAL - [GCCVNO8MH38USA]; CVA 8' REDUCER MAPLE NATURAL - [GCCVRE8MH38USA]; MAPLE NATURAL - CVA 8' TMOULD MAPLE NATURAL - [GCCVTM8M38USA],3
D MAP LATTE,WIRE RACK - PANEL - GII D. MAP.LATTE - [GCSBIIM5171-1724]; WIRE RACK - PANEL - GII D. MAP.LATTE <N/L> - [GCSBIIM5171-1724PL],2
D MAP SYRUP,WIRE RACK - PANEL - GII D. MAP.SYRUP - [GCSBIIM577-1724]; WIRE RACK - PANEL - GII D. MAP.SYRUP <N/L> - [GCSBIIM577-1724PL],2
D MAP WHEAT,WIRE RACK - PANEL - GII D. MAP.WHEAT - [GCSBIIM554-1724]; WIRE RACK - PANEL - GII D. MAP.WHEAT <N/L> - [GCSBIIM554-1724PL],2
DA VINCI II,WATERFALL ORIGINAL - SAMPLE SET - DA VINCI II - [GCSASET46],1
DAPPLE GREY,"GII DIST - MAPLE 5"" DAPPLE GREY - [GNIIM5195]; GII SMOOTH - MAPLE 5"" SMOOTH DAPPLE GREY - [GNSSM5195]; MAPLE - GII REDUCER DAPPLE GREY - [GCRE7MN195]; MAPLE - 1/2"" BASESHOE DAPPLE GREY - [GCBSMH195]; MAPLE - GII 7' T-MOULD DAPPLE GREY - [GCIITM7M195]; MAPLE - GII 8' T-MOULD DAPPLE GREY - [GCIITM8M195]; MAPLE - GII 7' REDUCER DAPPLE GREY - [GCIIRE7M195]; MAPLE - GII 8' REDUCER DAPPLE GREY - [GCIIRE8M195]; MAPLE DISTRESSED - GII 7' NOSING DAPPLE GREY - [GCIINO7M195]; MAPLE DISTRESSED - GII 8' NOSING DAPPLE GREY - [GCIINO8M195]; MAPLE SMOOTH - SS 7' NOSING DAPPLE GREY - [GCSSNO7M195]; MAPLE SMOOTH - SS 8' NOSING DAPPLE GREY - [GCSSNO8M195]",12
DARK RUSSET,"M.EMBOSSED - 8.3MM 5-5/8"" DARK RUSSET - [LALXME02]; *LAMINATE NOSING DARK RUSSET - [LALXNOME02]; *LAMINATE REDUCER DARK RUSSET - [LALXREME02]; *LAMINATE T-MOULD DARK RUSSET - [LALXTMME02]; *LAMINATE END CAP DARK RUSSET - [LALXECME02]; SAMPLE - LUXURY DARK RUSSET - [LALXSBME02]; *LAMINATE QTR DARK RUSSET - [LALXQRME02]; *FLUSH NOSING DARK RUSSET - [LALXFNOME02]",8
DARK WALNUT,LAMINATE DARK WALNUT DIST. - [LAED25235]; LAMINATE REDUCER DARK WALNUT - [LAREED25235]; 12MM SRC LAMINATE DARK WALNUT - [LASRCDW143]; LAMINATE BABY-T DARK WALNUT - [LABTED25235]; LAMINATE T-MOLD DARK WALNUT - [LATMED25235]; DEEP EMBOSSED - LUXURY VINYL DARK WALNUT - [GVLX005],6
DAWN ASSISI,1/2 X 6.2 HICKORY DAWN ASSISI - [AWDTB640]; T-MOULD DAWN ASSISI - [AWDMLT640],2
DEEP WALNUT,SNGL STRIP - LAMINATE 8MM DEEP WALNUT - [LAL8CVDW]; LAMINATE BABY-T DEEP WALNUT - [LABTL8CVDW]; LAMINATE T-MOLD DEEP WALNUT - [LATML8CVDW]; LAMINATE NOSING DEEP WALNUT - [LANOL8CVDW]; LAMINATE REDUCER DEEP WALNUT - [LAREL8CVDW],5
DEL MAR 7.5,"NEWPORT - EURO OAK 7.5"" DEL MAR (1/2"") - [GHNPO201]",1
DELUXE NAPA,"WALNUT - SAMPLE - DELUXE 6"" NAPA - [GFDX6SBW61]; WALNUT - DELUXE 7' BABY THRESHOLD NAPA - [GCDXBT7W61]; WALNUT - DELUXE 8' BABY THRESHOLD NAPA - [GCDXBT8W61]; WALNUT - DELUXE 7' T-MOULD NAPA - [GCDXTM7W61]; WALNUT - DELUXE 8' T-MOULD NAPA - [GCDXTM8W61]; WALNUT - DELUXE 7' REDUCER NAPA - [GCDXRE7W61]; WALNUT - DELUXE 8' REDUCER NAPA - [GCDXRE8W61]; WALNUT - DELUXE 7' NOSING NAPA - [GCDXNO7W61]; WALNUT - DELUXE 8' NOSING NAPA - [GCDXNO8W61]",9
DESERT ROSE,"CRYSTAL VALLEY - W/O SOLID 3-1/4"" DESERT ROSE - [GQCVO31435]",1
DESERT SAND,"DEL MAR - EURO OAK 7.5"" DESERT SAND - [GHNPO209]; OAK - NEWPORT 8' NOSING DESERT SAND - [GCNPNO8O209]; OAK - NEWPORT 8' REDUCER DESERT SAND - [GCNPRE8O209]; OAK - NEWPORT 8'T-MOULD DESERT SAND - [GCNPTM8O209]",4
DOLCE CAPRI,SAMPLE BOOK - DOLCE CAPRI - [GCKEYSET48]; WATERFALL ORIGINAL - SAMPLE SET - DOLCE CAPRI - [GCSASET31]; HANDSET - DOLCE CAPRI - [GCKEYSET49],3
DOMA SELECT,"ALLORA - EURO OAK 7.5"" DOMA SELECT - [GFALO7503S]; ALLORA - EURO OAK 9.5"" DOMA SELECT - [GFALO9503S]; ALLORA BY GARRISON - EURO OAK 7.5"" DOMA SELECT - [GFALO7503S]; PANEL - ALLORA 7.5""DOMA SELECT - [GCSBAL7503S-2228]; ALLORA BY GARRISON - EURO OAK 9.5"" DOMA SELECT - [GFALO9503S]; PANEL - ALLORA 9.5""DOMA SELECT - [GCSBAL9503S-2228]",6
DOUBLE RACK,ALLORA DOUBLE WATERFALL RACK - [GCRACK20]; LEGENDS DOUBLE WATERFALL RACK - [GCRACK23],2
DOUGLAS FIR,CLR VERTICAL GRAIN - 3/4 x 3 1/4 DOUGLAS FIR - [RQ314SDS]; 3/4 x 3 1/8 DOUGLAS FIR - [RQ318SDS]; DOUG FIR - SPECIAL ORDER DOUGLAS FIR - [LQSOD]; CUSTOM NOSING DOUGLAS FIR - [MONOSOD],4
DU BOIS OMP,"30"" X 28"" - SAMPLE SET - DU BOIS *OMP* - [GCSETDB-3028]",1
E UNF AB MB,"28.42 SF/CTN - E.OAK 9.5"" UNF. SMOOTH AB MB - [ENFO9500SM]",1
EDGE CASING,MDF - NONSTOCK - 3/4 X 4-1/2 2ROUND EDGE CASING - [MOCAMD145MUL],1
EL MARIACHI,5/8 X 7-1/2 EL MARIACHI - [OAFOGO5]; 9/16 X 7-1/2 EL MARIACHI - [OANCM07C],2
ELM NATURAL,DISTRESSED - 1/2 X 5 DIST ELM NATURAL - [EHDE538],1
END CAP ASH,ELEMENTS - END CAP - ASH - [GVSPCEC903],1
END CAP FOX,MEGACLIC END CAP FOX - [LAMCECAS3216],1
END CAP LEO,ZODIAC WSPC - END CAP - LEO - [GVZOEC7505],1
EVELIEN PLY,"DU BOIS - EURO OAK 7.5"" EVELIEN 2 PLY - [GFDBO71932P]",1
EXO ACA NAT,WIRE RACK - PANEL - EXO. ACA. NAT. - [GCSBEXA538-1724],1
EXOTIC COLL,ROSEWOOD - LAMINATE 12.3MM EXOTIC COLL. - [LAHXM30]; B. CHERRY - LAMINATE 12.3MM EXOTIC COLL. - [LAHXM55],2
EXOTIC GOLD,"ACACIA - EXOTIC 1/2"" 7' REDUCER GOLD - [GCEXRE7A147]; ACACIA - EXOTIC 1/2"" 8' REDUCER GOLD - [GCEXRE8A147]; EXOTIC 1/2"" 7' NOSING GOLD - [GCEXNO7A147]; EXOTIC 1/2"" 4' NOSING GOLD - [GCEXNO4A147]; ACACIA - EXOTIC 1/2"" 4' REDUCER GOLD - [GCEXRE4A147]",5
EXOTICS OMP,"25"" X 28"" - SAMPLE SET - EXOTICS *OMP* - [GCSETEX-2528]",1
FC CANEWOOD,"FRENCH OAK - SAMPLE - FC 7"" CANEWOOD - [GFFCSBB7O172]; OAK - FC 7' BABY THRESHOLD CANEWOOD - [GCFCBT7O172]; OAK - FC 8' BABY THRESHOLD CANEWOOD - [GCFCBT8O172]; OAK - FC 7' T-MOULD CANEWOOD - [GCFCTM7O172]; OAK - FC 8' T-MOULD CANEWOOD - [GCFCTM8O172]; OAK - FC 7' REDUCER CANEWOOD - [GCFCRE7O172]; OAK - FC 8' REDUCER CANEWOOD - [GCFCRE8O172]; OAK - FC 7' NOSING CANEWOOD - [GCFCNO7O172]; OAK - FC 8' NOSING CANEWOOD - [GCFCNO8O172]",9
FC OLD GREY,OAK - FC 7' BABY THRESHOLD OLD GREY - [GCFCBT7O77]; OAK - FC 8' BABY THRESHOLD OLD GREY - [GCFCBT8O77]; OAK - FC 7' T-MOULD OLD GREY - [GCFCTM7O77]; OAK - FC 8' T-MOULD OLD GREY - [GCFCTM8O77]; OAK - FC 7' REDUCER OLD GREY - [GCFCRE7O77]; OAK - FC 8' REDUCER OLD GREY - [GCFCRE8O77]; OAK - FC 7' NOSING OLD GREY - [GCFCNO7O77]; OAK - FC 8' NOSING OLD GREY - [GCFCNO8O77],8
FC PROVENCE,OAK - FC 7' BABY THRESHOLD PROVENCE - [GCFCBT7O102]; OAK - FC 8' BABY THRESHOLD PROVENCE - [GCFCBT8O102]; OAK - FC 7' T-MOULD PROVENCE - [GCFCTM7O102]; OAK - FC 8' T-MOULD PROVENCE - [GCFCTM8O102]; OAK - FC 7' REDUCER PROVENCE - [GCFCRE7O102]; OAK - FC 8' REDUCER PROVENCE - [GCFCRE8O102]; OAK - FC 7' NOSING PROVENCE - [GCFCNO7O102]; OAK - FC 8' NOSING PROVENCE - [GCFCNO8O102],8
FC TOULOUSE,OAK - FC 7' BABY THRESHOLD TOULOUSE - [GCFCBT7O121]; OAK - FC 8' BABY THRESHOLD TOULOUSE - [GCFCBT8O121]; OAK - FC 7' T-MOULD TOULOUSE - [GCFCTM7O121]; OAK - FC 8' T-MOULD TOULOUSE - [GCFCTM8O121]; OAK - FC 7' REDUCER TOULOUSE - [GCFCRE7O121]; OAK - FC 8' REDUCER TOULOUSE - [GCFCRE8O121]; OAK - FC 7' NOSING TOULOUSE - [GCFCNO7O121]; OAK - FC 8' NOSING TOULOUSE - [GCFCNO8O121],8
FCI CHANDON,"FRENCH OAK - SAMPLE - FCI 7"" CHANDON - [GFFCSBI7O122]",1
FCII COGNAC,"FRENCH OAK - SAMPLE - FCII 7"" COGNAC - [GFFCSBII7O95]",1
FCII SAHARA,"FRENCH OAK - SAMPLE - FCII 7"" SAHARA - [GFFCSBII7O104]",1
FLUSH ALLOY,ELEMENTS - FLUSH NOSING - ALLOY - [GVSPCFNO905],1
FLUSH ARIES,ZODIAC WSPC - FLUSH NOSING - ARIES - [GVZOFNO7502]; ZODIAC WSPC - SOLID FLUSH NOSING - ARIES - [GVZOFNOS7502],2
FLUSH ASTRO,VINYLNOVA - FLUSH NOSING - ASTRO - [GVVNFNO901],1
FLUSH BRASS,ELEMENTS - FLUSH NOSING - BRASS - [GVSPCFNO701],1
FLUSH BRYCE,AQUA BLUE II BY GARRISON - FLUSH NOSING - BRYCE OAK - [GVWPCIIFNO109],1
FLUSH COMET,VINYLNOVA - FLUSH NOSING - COMET - [GVVNFNO902],1
FLUSH CORTE,GARRISON LAMINATE - *FLUSH NOSING CORTE - [GCLAFNOLA012],1
FLUSH DAISY,SECRET GARDEN SPC - FLUSH NOSING - DAISY - [GVSGFNO703],1
FLUSH FLASH,ILLUMIN8 FLUSH NOSING FLASH - [GLILFNO804],1
FLUSH GLAZE,ILLUMIN8 FLUSH NOSING GLAZE - [GLILFNO805],1
FLUSH HOLLY,SECRET GARDEN SPC - FLUSH NOSING - HOLLY - [GVSGFNO705],1
FLUSH IBIZA,*FLUSH NOSING IBIZA - [LALXFNOSS04],1
FLUSH LIBRA,ZODIAC WSPC - FLUSH NOSING - LIBRA - [GVZOFNO7506]; ZODIAC WSPC - SOLID FLUSH NOSING - LIBRA - [GVZOFNOS7506],2
FLUSH LUNAR,VINYLNOVA - FLUSH NOSING - LUNAR - [GVVNFNO909],1
FLUSH PEONY,SECRET GARDEN SPC - FLUSH NOSING - PEONY - [GVSGFNO709],1
FLUSH POPPY,SECRET GARDEN SPC - FLUSH NOSING - POPPY - [GVSGFNO710],1
FLUSH SANDS,GAR.FLUSH NOSING WHITE SANDS - [GCLAFNO7512],1
FLUSH SPARK,ILLUMIN8 FLUSH NOSING SPARK - [GLILFNO808],1
FLUSH STEEL,ELEMENTS - FLUSH NOSING - STEEL - [GVSPCFNO705],1
FLUSH TULIP,SECRET GARDEN SPC - FLUSH NOSING - TULIP - [GVSGFNO712],1
FLUSH UMBER,NATURESTEP - FLUSH NOSING - UMBER - [GVNSFNO808],1
FLUSH UNION,METROPOLITAN - FLUSH NOSING - UNION SQUARE - [GVMPFNO906],1
FLUSH VICHY,GARRISON LAMINATE - *FLUSH NOSING VICHY - [GCLAFNOLA008],1
FLUSH VIRGO,ZODIAC WSPC - FLUSH NOSING - VIRGO - [GVZOFNO7510]; ZODIAC WSPC - SOLID FLUSH NOSING - VIRGO - [GVZOFNOS7510],2
FLUSH VISTA,AQUA BLUE II BY GARRISON - FLUSH NOSING - VISTA OAK - [GVWPCIIFNO102],1
FRENCH CONN,GARRISON RACK - FRENCH CONN. - [GCRACK05]; WATERFALL RACK - FRENCH CONN. - [GCRACK12],2
FRENCH LYON,"OAK PLY - FRENCH OAK 5/8 X 7"" LYON - [GFFCO7123]",1
FRENCH NOIR,"FCII - FRENCH OAK 5/8 X 7"" NOIR - [GFFCIIO786]; OAK PLY - FRENCH OAK 5/8 X 7"" NOIR - [GFFCO786]",2
FRUITWOOD P,"GII SMOOTH - WALNUT 5"" SM. FRUITWOOD 2P - [GNSSW5282P]",1
FUSION GREY,DEEP EMBOSSED - LUXURY VINYL FUSION GREY - [GVLX007],1
G CHAMPAGNE,G.L BABY T-HOLD CHAMPAGNE - [GCGLBT8R02],1
GAR OLYMPIC,GAR.T-MOULDING OLYMPIC - [GCLATM7509],1
GAR REDWOOD,GAR.T-MOULDING REDWOOD - [GCLATM7510],1
GAR SEQUOIA,GAR.T-MOULDING SEQUOIA - [GCLATM7511],1
GARDEN LILY,"LILY - PANEL-SECRET GARDEN LILY 9"" - [GCSBSG907-2724]",1
GII ANTIQUE,WALNUT - SAMPLE - GII ANTIQUE - [GNII5SBW23]; WALNUT DISTRESSED - GII 7' BABY THRESHOLD ANTIQUE - [GCIIBT7W23]; WALNUT DISTRESSED - GII 8' BABY THRESHOLD ANTIQUE - [GCIIBT8W23]; WALNUT DISTRESSED - GII 7' T-MOULD ANTIQUE - [GCIITM7W23]; WALNUT DISTRESSED - GII 8' T-MOULD ANTIQUE - [GCIITM8W23]; WALNUT DISTRESSED - GII 7' REDUCER ANTIQUE - [GCIIRE7W23]; WALNUT DISTRESSED - GII 8' REDUCER ANTIQUE - [GCIIRE8W23]; WALNUT DISTRESSED - GII 7' NOSING ANTIQUE - [GCIINO7W23]; WALNUT DISTRESSED - GII 8' NOSING ANTIQUE - [GCIINO8W23],9
GII CHATEAU,H. PECAN - SAMPLE - GII CHATEAU - [GNII5SBH51]; HICKORY - GII 7' BABY THRESHOLD CHATEAU - [GCIIBT7H51]; HICKORY - GII 8' BABY THRESHOLD CHATEAU - [GCIIBT8H51]; HICKORY/PECAN - GII 7' T-MOULD CHATEAU - [GCIITM7H51]; HICKORY/PECAN - GII 8' T-MOULD CHATEAU - [GCIITM8H51]; HICKORY PECAN - GII 7' REDUCER CHATEAU - [GCIIRE7H51]; HICKORY PECAN - GII 8' REDUCER CHATEAU - [GCIIRE8H51]; HICKORY DISTRESSED - GII 7' NOSING CHATEAU - [GCIINO7H51]; HICKORY DISTRESSED - GII 8' NOSING CHATEAU - [GCIINO8H51],9
GII HARVEST,MAPLE - SAMPLE - GII HARVEST - [GNII5SBM17]; DISTRESSED - GII NOSING MAPLE HARVEST - [GCNO7MN17]; MAPLE - GII T-MOULD HARVEST - [GCTM7MF17]; MAPLE - GII BABY TRESHOLD HARVEST - [GCBT7MF17]; MAPLE - GII REDUCER HARVEST - [GCRE7MN17],5
GII MAP NAT,WIRE RACK - PANEL - GII SMOOTH MAP.NAT. - [GCSBSSM538-1724],1
GII NATURAL,WALNUT - SAMPLE - GII NATURAL - [GNII5SBW38]; B. CHERRY - SAMPLE - GII NATURAL - [GNII5SBB38]; MAPLE - SAMPLE - GII CHAR. NATURAL - [GNII5SBM38]; MAPLE - GII T-MOULD MAPLE NATURAL - [GCTM7MF38]; HICKORY - GII 7' T-MOULD HICKORY NATURAL - [GCIITM7H38]; HICKORY - GII 8' T-MOULD HICKORY NATURAL - [GCIITM8H38]; HICKORY - GII 7' REDUCER HICKORY NATURAL - [GCIIRE7H38]; HICKORY - GII 8' REDUCER HICKORY NATURAL - [GCIIRE8H38]; DISTRESSED - GII 7' NOSING HICKORY NATURAL - [GCIINO7H38]; DISTRESSED - GII 8' NOSING HICKORY NATURAL - [GCIINO8H38]; MAPLE - GII 7' T-MOULD MAPLE NATURAL - [GCIITM7M38]; MAPLE - GII 8' T-MOULD MAPLE NATURAL - [GCIITM8M38]; MAPLE - GII 7' REDUCER MAPLE NATURAL - [GCIIRE7M38]; MAPLE - GII 8' REDUCER MAPLE NATURAL - [GCIIRE8M38]; DISTRESSED - GII 7' NOSING MAPLE NATURAL - [GCIINO7M38]; DISTRESSED - GII 8' NOSING MAPLE NATURAL - [GCIINO8M38],16
GII W O UNF,GII NOSING W/O UNF.DIST.8' - [GCNO8ON00],1
GII WAL NAT,WIRE RACK - PANEL - GII SMOOTH WAL.NAT. - [GCSBSSW538-1724],1
GOL CALCORE,"CRYSTAL VALLEY - W/O ENG 3-1/4"" GOL.OAK CALCORE - [GHCVO31445SB]",1
GOLD MERINO,PANEL - GOLD LABEL MERINO - [GCSBGL9507-2828]; GOLD LABEL NOSING MERINO - [GCGLNO8R07]; GOLD LABEL REDUCER MERINO - [GCGLRE8R07]; GOLD LABEL T-MOULDING MERINO - [GCGLTM8R07],4
GRAND TETON,"GARRISON LAMINATE - 12MM 7.5"" X 70.8"" GRAND TETON - [GCLA7507]; GARRISON END CAP GRAND TETON - [GCLAEC7507]; GAR.FLUSH NOSING GRAND TETON - [GCLAFNO7507]; GARRISON REDCUER GRAND TETON - [GCLARE7507]; GAR.T-MOULDING GRAND TETON - [GCLATM7507]; GARRISON QTR.ROUND GRAND TETON - [GCLAQR7507]",6
GREEK ISLES,HANDSET - GREEK ISLES - [GCKEYSET58]; WATERFALL ORIGINAL - SAMPLE SET - GREEK ISLES <OB> - [GCSASET50]; WATERFALL - SAMPLE SET - GREEK ISLES - [GCSETGI-2828]; WATERFALL - SAMPLE SET - GREEK ISLES <N/L> - [GCSETGI-2828PL],4
GREY BALTIC,"FRENCH OAK - SAMPLE - FC 7"" OLD GREY BALTIC - [GFFCSBB7O77]",1
GREY CALCOR,"GII DIST - WHITE OAK 5""WHITE GREY CALCOR - [GNIIO5165SB]",1
GREY CHERRY,"PARADISE VALLEY - 12MM 6.5"" X 48"" GREY CHERRY - [LAPVC01]",1
GUM VINTAGE,"LAS PALMAS - GUM WOOD 5 1/2"" VINTAGE - [GNLPG512141]",1
H CARMELITA,B.H BABY T-HOLD CARMELITA - [GCBHBT8O10],1
H HILLCREST,B.H BABY T-HOLD HILLCREST - [GCBHBT8O03],1
HAND SCRAPE,RENAISSANC - 1/2 X 6.2 WALNUT HAND SCRAPE - [AWMTRENA530]; RENAISSANC - 1/2 X 6.2 WALNUT HAND SCRAPE - [AWDMTRENA530],2
HANDSET III,BIRCH PLY - HANDSET - GARRISON III - [GCKEYSET26],1
HANDSET SPC,HANDSET - SPC MOULDINGS - [GCKEYSET68],1
HARRIS BASE,MDF - NONSTOCK - 9/16 X 5-1/4 HARRIS BASE - [MOBBMD355MUL],1
HAWA SELECT,NATURAL - HAWA 1/2 X 3 SELECT MAPLE - [HAMAP501]; NATURAL - HAWA 3/4 X 2-1/4 SELECT MAPLE - [HAMAP01]; NATURAL - HAWA 3/4 X 3-1/4 SELECT MAPLE - [HAMAP11],3
HICK GOLDEN,LAMINATE REDUCER HICK GOLDEN - [LARECWD7933]; LAMINATE NOSING HICK GOLDEN - [LANOCWD7933]; LAMINATE T-MOLD HICK GOLDEN - [LATMCWD7933]; LAMINATE BABY-T HICK GOLDEN - [LABTCWD7933]; LAMINATE QTR ROUND HICK GOLDEN - [LAQRL8CWD7933],5
HIGH SIERRA,"APEX SPC HERRINGBONE - 5.5MM X 5""X 24""-HB HIGH SIERRA - [GVAP502]; APEX SPC - FLUSH NOSING - HIGH SIERRA - [GVAPFNO502]; APEX SPC - T-MOULDING - HIGH SIERRA - [GVAPTM502]; APEX SPC - QTR.ROUND - HIGH SIERRA - [GVAPQR502]; APEX SPC - REDUCER - HIGH SIERRA - [GVAPRE502]; APEX SPC - 5.5MM X 9"" X 60"" - HIGH SIERRA - [GVAP902]; APEX SPC - 5.5MM X 7"" X 60"" - HIGH SIERRA - [GVAP702]; APEX SPC HERRINGBONE - 6.5MM X 5""X 24""-HB HIGH SIERRA - [GVAP6502]; APEX SPC - 6.5MM X 7"" X 60"" - HIGH SIERRA - [GVAP6702]; SUMMIT SKY SPC HERRINGBON - 6.5MM X 5""X 24""-HB HIGH SIERRA - [GVSS502]; SUMMIT SKY SPC PLANK - 6.5MM X 7"" X 60"" - HIGH SIERRA - [GVSS702]; SUMMIT SKY SPC - FLUSH NOSING - HIGH SIERRA - [GVSSFNO502]; SUMMIT SKY SPC - QTR.ROUND - HIGH SIERRA - [GVSSQR502]; SUMMIT SKY SPC - REDUCER - HIGH SIERRA - [GVSSRE502]; SUMMIT SKY SPC - T-MOULDING - HIGH SIERRA - [GVSSTM502]; SUMMIT SKY - END CAP - HIGH SIERRA - [GVSSEC502]; SUMMIT SKY - TREAD - HIGH SIERRA - [GVSSTR502]",17
HILLS CANON,BEV.HILLS NOSING CANON - [GCBHNO8O02]; BEV.HILLS REDUCER CANON - [GCBHRE8O02]; BEV.HILLS T-MOULD CANON - [GCBHTM8O02],3
HILLS TREAD,BEVERLY HILLS TREAD - [GCTRBH],1
HONEY BEECH,NYTAE CLICK HONEY BEECH - [NTNY003]; NYTAE T-MOULD HONEY BEECH - [NTTMNY003],2
HONEY CLICK,NYTAE HONEY OAK CLICK - [NT401C],1
HORIZ RISER,CARBONIZED - HAWA BAMBOO HORIZ. RISER 4' - [HARIBHC]; NATURAL - HAWA BAMBOO HORIZ. RISER 4' - [HARIBHN],2
HOWE CASING,MDF - NONSTOCK - 1-1/16 X 3-1/2 HOWE CASING - [MOCAMD177MUL],1
II BRADFORD,"HICKORY - *TIME INSPIRED II BRADFORD - [GHTI2H5135]; HICKORY - TIME INSPIRED II BRADFORD    * - [GHTI2H357135]; HICKORY - SAMPLE - TI II BRADFORD - [GHTI2357HSB135]; HICKORY - SAMPLE - TI II 5"" BRADFORD - [GHTI25HSB135]; HICKORY - *TI.II T-MOULD BRADFORD - [GCTM7HF135]",5
II KINGSTON,"CHERRY - TIME INSPIRED II KINGSTON    * - [GHTI2C5137]; CHERRY - SAMPLE - TI II 5"" KINGSTON - [GHTI25CSB137]; CHERRY - TI.II T-MOULD KINGSTON - [GCTM7CF137]",3
INSPIRED II,SAMPLE SET - TIME INSPIRED II - [GCSAMPLES09]; HANDSET - TIME INSPIRED II - [GCKEYSET23]; WATERFALL ORIGINAL - SAMPLE SET - TIME INSPIRED II - [GCSASET11],3
IOWA WALNUT,LAMINATE IOWA WALNUT - [LACW87329]; LAMINATE REDUCER IOWA WALNUT - [LARECW87329]; LAMINATE T-MOLD IOWA WALNUT - [LATMCW87329]; LAMINATE NOSING IOWA WALNUT - [LANOCW87329]; LAMINATE BABY-T IOWA WALNUT - [LABTCW87329]; LAMINATE QTR ROUND IOWA WALNUT - [LAQRCW87329],6
IPE NATURAL,ENGINEERED - 5/8X5 ENG SMOOTH IPE NATURAL - [EFSIP538],1
ISLES CORFU,GREEK ISLES 8' NOSING CORFU - [GCGINO8O001]; GREEK ISLES 8' T-MOULD CORFU - [GCGITM8O001]; GREEK ISLES 8' BABY-T CORFU - [GCGIBT8O001]; GREEK ISLES 8' REDUCER CORFU - [GCGIRE8O001]; GREEK ISLES BASESHOE CORFU - [GCGIBSO001]; WATERFALL - PANEL - GREEK ISLES CORFU - [GCSBGI9501-2828],6
ISLES CRETE,GREEK ISLES 8' NOSING CRETE - [GCGINO8O002]; GREEK ISLES 8' T-MOULD CRETE - [GCGITM8O002]; GREEK ISLES 8' BABY-T CRETE - [GCGIBT8O002]; GREEK ISLES 8' REDUCER CRETE - [GCGIRE8O002]; GREEK ISLES BASESHOE CRETE - [GCGIBSO002]; WATERFALL - PANEL - GREEK ISLES CRETE - [GCSBGI9502-2828],6
ISLES MILOS,GREEK ISLES 8' NOSING MILOS - [GCGINO8O004]; GREEK ISLES 8' T-MOULD MILOS - [GCGITM8O004]; GREEK ISLES 8' BABY-T MILOS - [GCGIBT8O004]; GREEK ISLES 8' REDUCER MILOS - [GCGIRE8O004]; GREEK ISLES BASESHOE MILOS - [GCGIBSO004],5
ISLES TREAD,GREEK ISLES TREAD - [GCTRGI],1
ITEM GNEXBC,USE ITEM # GNEXBC35838 - [UWH358SBN],1
JOINT TREAD,FINGER JOINT TREAD HICKORY - [MOTRHFJ]; FINGER JOINT TREAD MAPLE - [MOTRMFJ],2
KIT SPECIES,UNFINISHED W/CLEAR COAT - SHEOGA SAMPLE KIT - SPECIES - [PFSHSA03],1
LAGUNA FLEX,FLEX - NONSTOCK - 9/16 X 7-1/4 LAGUNA FLEX - [MOBBFL343MUL],1
LAVA BALTIC,"FRENCH OAK - SAMPLE - FC 7"" LAVA - BALTIC - [GFFCSBB7O169]",1
LEGENDA DIS,EBONY - LEGENDA 9/16 X 6-1/4 MAPLE DIS - [LEN614MD],1
LIGHT HORIZ,CARBONIZED - GARRISON BAMBOO LIGHT HORIZ.3' - [GFBA36HC]; NATURAL - GARRISON BAMBOO LIGHT HORIZ.3' - [GFBA36HN],2
LINE BASE O,"5/8 x 3 1/2,S-LINE BASE,R/O - [MOSL583R]",1
LINE BRANDY,BIRCH - S.LINE BABY TRESHOLD BRANDY - [GCBT7BIF05],1
LIVORNO PLY,"VILLA GIALLA - EURO OAK 9-1/2"" LIVORNO 2 PLY - [GFVGO9052P]",1
LUNA SELECT,"ALLORA - EURO OAK 7.5"" LUNA SELECT - [GFALO7504S]; ALLORA - EURO OAK 9.5"" LUNA SELECT - [GFALO9504S]; ALLORA BY GARRISON - EURO OAK 7.5"" LUNA SELECT - [GFALO7504S]; PANEL - ALLORA 7.5""LUNA SELECT - [GCSBAL7504S-2228]; ALLORA BY GARRISON - EURO OAK 9.5"" LUNA SELECT - [GFALO9504S]; PANEL - ALLORA 9.5""LUNA SELECT - [GCSBAL9504S-2228]",6
LUXURY MAUI,SAMPLE - LUXURY MAUI - [LALXSBSS05],1
LUXURY ROUX,SAMPLE - LUXURY ROUX - [LALXSBRH07],1
LYON BALTIC,"FRENCH OAK - SAMPLE - FC 7"" LYON BALTIC - [GFFCSBB7O123]",1
MAHOGAN NAT,DISTRESSED - GII NOSING SANTOS MAHOGAN NAT - [GCNO7SN38],1
MAHOGANY MB,UNFIN - 3/4 X 5 CHAR. SAN.MAHOGANY MB - [RQ5CHSM],1
MAHOGANY SE,UNFIN - 3/4X3 CLEAR SANTOS MAHOGANY SE - [RQ3CSS]; 3/4 X 5 CLEAR SAN.MAHOGANY SE - [RQ5CSS],2
MAHOGANY SW,NATURAL - T-MOLD SANTOS MAHOGANY 7' SW - [SWTMSN],1
MANGO SALSA,MANGO SALS - 1/2 X 5 MAPLE SEL. MANGO SALSA - [SWH5MMS]; MANGO SALS - 1/2 MAPLE NOSING MANGO SALSA - [SWNOH7MMS],2
MANHATTAN B,OAK - NEWPORT 8' NOSING MANHATTAN B. - [GCNPNO8O211]; OAK - NEWPORT 8' REDUCER MANHATTAN B - [GCNPRE8O211]; OAK - NEWPORT 8' T-MOULD MANHATTAN B - [GCNPTM8O211],3
MAR CALCORE,"NEWPORT BY GARRISON - EURO OAK 7.5"" DEL MAR CALCORE - [GHNPO201SB]",1
MARSALA PLY,"VILLA GIALLA - EURO OAK 9-1/2"" MARSALA 2 PLY - [GFVGO9062P]",1
MAX WINDSOR,WHEAT - MAX WINDSOR NOSING BIRCH - [MWNO42],1
MIX W O S E,"UNFINISHED - 3/4 X 7 #1,2 MIX W/O S.E. L/L - [LQ712OS]",1
MOJAVE WASH,"AQUABLUE II BY GARRISON - 12MM 9"" X 72"" - MOJAVE WASH - [GVWPCII110]; AQUA BLUE II BY GARRISON - FLUSH NOSING - MOJAVE WASH - [GVWPCIIFNO110]; AQUA BLUE II BY GARRISON - END CAP - MOJAVE WASH - [GVWPCIIEC110]; AQUA BLUE II BY GARRISON - QTR. ROUND - MOJAVE WASH - [GVWPCIIQR110]; AQUA BLUE II BY GARRISON - REDUCER - MOJAVE WASH - [GVWPCIIRE110]; AQUA BLUE II BY GARRISON - T-MOULDING - MOJAVE WASH - [GVWPCIITM110]; AQUA BLUE II BY GARRISON - TREAD - MOJAVE WASH - [GVWPCIITR110]",7
MOLD AURORA,ILLUMIN8 T-MOLD AURORA - [GLILTM801],1
MOLD AUTUMN,LAMINATE T-MOLD MAPLE AUTUMN - [LATML8MEAM],1
MOLD CHERRY,CHERRY - LAMINATE T-MOLD CHERRY - [LATMETSRCCH143]; T-MOLD 8MM RED CHERRY - [LATMCW87637]; T-MOLD CHERRY - [LASRCCH143TM],3
MOLD COFFEE,LAMINATE T-MOLD COFFEE MAPLE - [LATMVG1020],1
MOLD DAWSON,MEGACLIC T-MOLD DAWSON - [LAMCTMDN8713],1
MOLD ESPRES,LAMINATE T-MOLD HICKORY ESPRES - [LATML12NDHE],1
MOLD GOLDEN,GOLDEN OAK - LAMINATE T-MOLD GOLDEN OAK - [LATMED811],1
MOLD LUSTER,ILLUMIN8 T-MOLD LUSTER - [GLILTM807],1
MOLD MILTON,MEGACLIC T-MOLD MILTON - [LAMCTMAS3213],1
MOLD OXFORD,MEGACLIC T-MOLD OXFORD - [LAMCTMDN8701],1
MOLD OYSTER,MEGACLIC T-MOLD OYSTER - [LAMCTMDN8703],1
MOLD PRINCE,MEGACLIC T-MOLD PRINCE - [LAMCTMDN8710],1
MOLD RUSTIC,LAMINATE T-MOLD RUSTIC OAK - [LATMCWD7832],1
MOLD SILVER,SILVER OAK - PARADISE VALLEY T-MOLD SILVER - [LAPVTMO03],1
MOLD SUNSET,T-MOLD SUNSET HICKORY - [LAPESH12TM],1
MOLD WALNUT,RED WALNUT - LAMINATE T-MOLD RED WALNUT - [LATMCW7104],1
MORNING DEW,"SYNTHETIC GRASS - MORNING DEW - [SG002]; AQUABLUE II BY GARRISON - 12MM 9"" X 60"" - MORNING DEW - [GVWPCII902]; AQUA BLUE II BY GARRISON - T-MOULDING - MORNING DEW - [GVWPCIITM902]; AQUA BLUE II BY GARRISON - FLUSH NOSING - MORNING DEW - [GVWPCIIFNO902]; AQUA BLUE II BY GARRISON - REDUCER - MORNING DEW - [GVWPCIIRE902]; AQUA BLUE II BY GARRISON - END CAP - MORNING DEW - [GVWPCIIEC902]; AQUA BLUE II BY GARRISON - QTR. ROUND - MORNING DEW - [GVWPCIIQR902]; AQUA BLUE II BY GARRISON - TREAD - MORNING DEW - [GVWPCIITR902]; CENTENNIAL AC4 - 12MM 12"" X 88"" MORNING DEW - [LAMCCT3303]; MEGACLIC NOSING MORNING DEW - [LAMCFNOCT3303]; MEGACLIC T-MOLD MORNING DEW - [LAMCTMCT3303]; MEGACLIC REDUCER MORNING DEW - [LAMCRECT3303]",12
MOSCATO ASH,"AQUABLUE II BY GARRISON - 12MM 9"" X 72"" - MOSCATO ASH - [GVWPCII106]; AQUA BLUE II BY GARRISON - FLUSH NOSING - MOSCATO ASH - [GVWPCIIFNO106]; AQUA BLUE II BY GARRISON - END CAP - MOSCATO ASH - [GVWPCIIEC106]; AQUA BLUE II BY GARRISON - QTR. ROUND - MOSCATO ASH - [GVWPCIIQR106]; AQUA BLUE II BY GARRISON - REDUCER - MOSCATO ASH - [GVWPCIIRE106]; AQUA BLUE II BY GARRISON - T-MOULDING - MOSCATO ASH - [GVWPCIITM106]; AQUA BLUE II BY GARRISON - TREAD - MOSCATO ASH - [GVWPCIITR106]",7
MUSTANG DIS,"BIG SKY - *1/2X4,6,8 HICKORY MUSTANG DIS - [EHBSH468170]",1
NAT CALCORE,"CRYSTAL VALLEY - MAPLE ENG. 3-1/4"" NAT. CALCORE - [GHCVM31438SB]; GII SMOOTH - MAPLE CHAR. 5"" SM. NAT CALCORE - [GNSSM538SB]",2
NATURAL ELI,"3/4 x 2 1/4"" W/O NATURAL - ELI - [CE214ODN]; 3/4 x 3 1/4"" W/O NATURAL - ELI - [CE314ODN]",2
NATURAL GAR,1/2 x 7 WILD PECAN NATURAL GAR - [GCGAP738],1
NATURAL M P,"CRYSTAL VALLEY - W/O ENG 5"" NATURAL 2.2M 2P - [GHCVO5382P]",1
NATURAL PLY,"DELUXE - *WALNUT 6"" NATURAL 2 PLY - [GFDXW6382P]; GII DIST - HICKORY 5"" NATURAL 2PLY DIST. - [GNIIH5382P]; GII DIST - WALNUT 5"" NATURAL 2PLY DIST. - [GNIIW5382P]",3
NATURAL W O,"T-MOULD W/O NATURAL W/O 78"" - [UWTM58ON]",1
NATURAL WAL,LAMINATE END CAP NATURAL WAL. - [LALXECHS08]; LAMINATE REDUCER NATURAL WAL. - [LALXREHS08]; LAMINATE T-MOULD NATURAL WAL - [LALXTMHS08],3
ND UNFINISH,3/4 x 3 1/4 2ND MAPLE UNFINISH - [RQ3142MS],1
NEWPORT OMP,"30"" X 28"" - SAMPLE SET - NEWPORT *OMP* - [GCSETNP-3028]",1
NOIR BALTIC,"FRENCH OAK - SAMPLE - FC 7"" NOIR BALTIC - [GFFCSBB7O86]",1
NYTAE HONEY,NYTAE HONEY MAPLE - [NT102C]; H. MAPLE - NYTAE HONEY MAPLE T-MOULDING - [NT102CTM],2
O CAPPUCINO,9/16 X 5 SMOOTH W/O CAPPUCINO - [ENNO5SCA],1
O DAWN PREF,3/4 x 3 1/4 R/O DAWN PREF. - [TM34314FRD],1
O HONEY ROS,3/4 X 3-3/16 S/B W/O HONEY ROS - [UW34316SOH]; 3/4 X 3-1/6 BLDR W/O HONEY ROS - [UW34316BOH],2
O HONEYROSE,"CRYSTAL VALLEY - *W/O SOLID 2-1/4"" HONEYROSE - [GQCVO21449]",1
O LONGSTRIP,NATURAL - COUNTRY WOOD W/O LONGSTRIP - [CWE01O2F],1
O MTN WHEAT,"CRYSTAL VALLEY - W/O SOLID 2-1/4"" MTN. WHEAT - [GQCVO21440]; CRYSTAL VALLEY - W/O SOLID 3-1/4"" MTN. WHEAT - [GQCVO31440]",2
O NATURAL P,"CRYSTAL VALLEY - W/O ENG 3-1/4"" NATURAL 2P - [GHCVO314382P]",1
O PRAIRIE W,3/4 X 3-1/4 BLDR W/O PRAIRIE W - [UW34314BOP],1
O SE CALCOR,CONTRACTORS CHOICE - 5/8 X 2-1/4 PREM.W/O SE CALCOR - [GFCOO214PSSB]; CONTRACTORS CHOICE - 5/8 X 3-1/4 PREM.W/O SE CALCOR - [GFCOO314PSSB]; CONTRACTORS CHOICE - 5/8 X 2-1/4 PREM.R/O SE CALCOR - [GFCOR214PSSB]; CONTRACTORS CHOICE - 5/8 X 3-1/4 PREM.R/O SE CALCOR - [GFCOR314PSSB],4
OASIS CHERR,NATURAL - OASIS 9/16X3 9/16 DIST A.CHERR - [OAN3ACDN],1
OASIS IROKI,NATURAL - OASIS 1/2 X 3-9/16 IROKI - [OAH3ER],1
OG BASE MDF,"1/2 x 2 1/2,OG BASE,MDF - [MOOG122MD]",1
OG BASE W O,"3/8 x 3 1/2,OG BASE,W/O - [MOOG383O]; 5/8 x 2 1/2,OG BASE,W/O - [MOOG582O]; 5/8 x 3 1/2,OG BASE,W/O - [MOOG583O]; 1/2 x 2-1/2 OG BASE W/O - [MOOG122O]",4
OLD ENGLISH,"G PLUS - *WALNUT 5"" OLD ENGLISH - [GNPLW525]; WALNUT - *PLUS NOSING OLD ENGLISH - [GCNO7WN25]; WALNUT - *PLUS BABY T-HOLD OLD ENGLISH - [GCBT7WF25]; *PLUS T-MOULD OLD ENGLISH - [GCTM7WF25]; WALNUT - *PLUS REDUCER OLD ENGLISH - [GCRE7WN25]; WALNUT - SAMPLE - PLUS 5"" OLD ENGLISH - [GNPL5SBW25]; WALNUT - 1/2"" BASESHOE OLD ENGLISH - [GCBSWH25]",7
OLIVE BROWN,DISTRESSED - LAMINATE 12MM OLIVE BROWN - [LAL12NDOB]; LAMINATE BABY-T OLIVE BROWN - [LABTL12NDOB]; LAMINATE T-MOLD OLIVE BROWN - [LATML12NDOB]; LAMINATE NOSING OLIVE BROWN - [LANO12NDOB]; LAMINATE REDUCER OLIVE BROWN - [LAREL12NDOB]; LAMINATE END CAP OLIVE BROWN - [LAECL12NDOB],6
ORDER ALDER,SPECIAL ORDER ALDER L/L - [LQSOAL],1
ORDER RISER,SPECIAL ORDER RISER (LF) - [MORISOLF]; SPECIAL ORDER RISER (EACH) - [MORISOEA]; BAMBOO SPECIAL ORDER RISER - [BARISOEA],3
ORDER STONE,SPECIAL ORDER STONE - [TSSTONE],1
ORDER TREAD,BAMBOO SPECIAL ORDER TREAD - [BATRSOEA],1
ORO CALCORE,"BELLISSIMO - WALNUT 7.5"" ORO CALCORE - [GHBEW75401SB]",1
OVERLAP W O,WHITE OAK - 3/4 X 3 OVERLAP REDUCER W/O - [MORE34OLO]; WHITE OAK - 1/2X2-1/2 OVERLAP REDUCER W/O - [MORE12OLO],2
PACIFIC KOA,WALNUT - 11/16 X 3-1/2 PACIFIC KOA - [YHSFA0055]; WALNUT - PACIFIC KOA 11/16 NOSING - [YHS5502],2
PAINT GRADE,3/4 x 7 1/4 RISER PAINT GRADE - [MORIP],1
PALM CARBON,DESIGNER SAMPLE - DS - PALM WHITE OAK CARBON - [GWC-DSPAO101]; SAMPLE BOARD - SB - PALM WHITE OAK CARBON - [GWC-SBPAO101],2
PALM SUNSET,DESIGNER SAMPLE - DS - PALM WHITE OAK SUNSET - [GWC-DSPAO103]; SAMPLE BOARD - SB - PALM WHITE OAK SUNSET - [GWC-SBPAO103],2
PARIA 10.25,"LEGENDS - EURO OAK 10.25"" PARIA - [GFLEO1003]",1
PEBBLE BEAC,OAK - NEWPORT 7' T-MOULD PEBBLE BEAC - [GCNPTM7O206]; OAK - NEWPORT 8' T-MOULD PEBBLE BEAC - [GCNPTM8O206]; OAK - NEWPORT 7' REDUCER PEBBLE BEAC - [GCNPRE7O206]; OAK - NEWPORT 8' REDUCER PEBBLE BEAC - [GCNPRE8O206],4
PECAN BLACK,"1/2"" BASESHOE HICK/PECAN BLACK - [GCBSHH16]",1
PERUGIA PLY,"VILLA GIALLA - EURO OAK 9-1/2"" PERUGIA 2 PLY - [GFVGO9072P]",1
PL H SIERRA,WATERFALL ORIGINAL - PANNEL- SUMMIT SKY PL H.SIERRA - [GCSBSS502-2228]; WATERFALL ORIGINAL - PANNEL- SUMMIT SKY PL H.SIERRA - [GCSBSS502-2424],2
PLUS AUTUMN,"QTR W/O - SAMPLE - PLUS 5"" AUTUMN - [GNPL5SBO13]; OAK - PLUS NOSING AUTUMN - [GCNO7ON13PL]; WHITE OAK - PLUS REDUCER AUTUMN - [GCRE7ON13PL]; WHITE OAK - PLUS T-MOULD AUTUMN - [GCTM7OF13PL]; WHITE OAK - PLUS BABY T-HOLD AUTUMN - [GCBT7OF13PL]",5
PLUS COGNAC,"MAPLE - *PLUS NOSING COGNAC - [GCNO7MN50]; *PLUS T-MOULD COGNAC - [GCTM7MF50]; MAPLE - *PLUS REDUCER COGNAC - [GCRE7MN50]; MAPLE - *PLUS BABY T-HOLD COGNAC - [GCBT7MF50]; MAPLE - SAMPLE - PLUS 5"" COGNAC - [GNPL5SBM50]",5
PLUS SORREL,"HICKORY - PLUS NOSING SORREL - [GCNO7HN43]; HICKORY - PLUS REDUCER SORREL - [GCRE7HN43]; HICKORY - PLUS BABY T-HOLD SORREL - [GCBT7HF43]; HICK/PECAN - PLUS T-MOULD SORREL - [GCTM7HF43]; HICKORY - SAMPLE - PLUS 5"" SORREL - [GNPL5SBH43]",5
POPLAR COVE,1/2 X 3/4 POPLAR COVE - [MOCV1234P],1
PREFINISHED,ENGINEERED PREFINISHED - [EQSIP538]; SMOOTH - ENGINEERED PREFINISHED - [ETSRO47853],2
PREM O SE P,CONTRACTORS CHOICE - 5/8 X 5 PREM. R/O SE 2P - [GFCOR5PS2P],1
PREM WALNUT,CON.CHOICE - *5/8 X 4 PREM. WALNUT DIST. - [GFCODPW400],1
PREMIUM B E,CON.CHOICE - 5/8 X 5 PREMIUM RED OAK B.E - [GFCOR5PB],1
PREMIUM S E,CON.CHOICE - *5/8 X 4 PREMIUM HICKORY S.E - [GFCOH4PS]; CON.CHOICE - 5/8 X 5 PREMIUM HICKORY S.E - [GFCOH5PS]; CON.CHOICE - *5/8 X 6 PREMIUM HICKORY S.E - [GFCOH6PS]; CON.CHOICE - 5/8 X 7 PREMIUM HICKORY S.E - [GFCOH7PS]; CON.CHOICE - 5/8 X 2 1/4 PREMIUM MAPLE S.E - [GFCOM214PS]; CON.CHOICE - *5/8 X 3 1/4 PREMIUM MAPLE S.E - [GFCOM314PS]; CON.CHOICE - 5/8 X 4 PREMIUM MAPLE S.E - [GFCOM4PS]; CON.CHOICE - 5/8 X 5 PREMIUM MAPLE S.E - [GFCOM5PS]; CON.CHOICE - *5/8 X 6 PREMIUM MAPLE S.E - [GFCOM6PS]; CON.CHOICE - *5/8 X 7 PREMIUM MAPLE S.E - [GFCOM7PS],10
PRIME CLEAR,NATURAL - 3/4 X 5 PRIME/CLEAR MAPLE - [CWQ5MN]; CHERRY - 3/4 X 5 PRIME/CLEAR MAPLE - [CWQ5MC]; NATURAL - 9/16 X 5 PRIME/CLEAR MAPLE - [CWPO206F]; NATURAL - 3/4 X 3-1/4 PRIME/CLEAR MAPLE - [CWQ314CM]; NATURAL - 3/4 X3-1/2 PRIME/CLEAR MAPLE - [CWSO226F],5
QTR ANTIQUE,LAMINATE QTR ANTIQUE OAK - [LAQRXM32],1
QTR BERMUDA,LAMINATE QTR BERMUDA - [LALXQRHS09],1
QTR CLASSIC,LAMINATE QTR CLASSIC MAPLE - [LALXQRCS03],1
QTR JAMAICA,*LAMINATE QTR JAMAICA - [LALXQRHS11],1
QTR NATURAL,LAMINATE QTR RED OAK NATURAL - [LAQRCW511]; LAMINATE QTR MAPLE NATURAL - [LALXQRCS08],2
QTR VANDAGE,*LAMINATE QTR VANDAGE - [LALXQRRH09],1
QTR VINTAGE,LAMINATE QTR VINTAGE WHITE - [LALXQRHG05],1
RACK DELUXE,GARRISON RACK - DELUXE (BLACK) - [GCRACK01],1
RACK HEADER,GARRISON RACK HEADER - [GCHEADER]; GII RACK HEADER - [GCHEADERII]; GARRISON RACK HEADER BOARD - [GCRACK  HB],3
RACK PURPLE,LUXURY LAMINATE RACK - PURPLE - [GCRACK10]; GARRISON LAMINATE RACK-PURPLE - [GCRACK11],2
RACK SINGLE,"GARRISON RACK - SINGLE 19"" - [GCRACK08]",1
RAINIER SPC,"RAINIER SPC (20MIL) - 6.5MM 9"" X 60"" RAINIER SPC - [GDSPW344235]",1
REGAL CROWN,MDF - NONSTOCK - 1 1/8 X 6 1/4 REGAL CROWN - [MOCMMD435MUL],1
RICH ACACIA,HI DEF - LAMINATE 12MM RICH ACACIA - [LAL12HDRA]; LAMINATE BABY-T RICH ACACIA - [LABTL12HDRA]; LAMINATE T-MOLD RICH ACACIA - [LATML12HDRA]; LAMINATE REDUCER RICH ACACIA - [LAREL12HDRA],4
RICH WALNUT,"CRYSTAL - 12.3MM 5"" RICH WALNUT - [LALXCS05]; LAMINATE NOSING RICH WALNUT - [LALXNOCS05]; LAMINATE REDUCER RICH WALNUT - [LALXRECS05]; LAMINATE T-MOULD RICH WALNUT - [LALXTMCS05]; LAMINATE END CAP RICH WALNUT - [LALXECCS05]; SAMPLE - LUXURY RICH WALNUT - [LALXSBCS05]; LAMINATE QTR RICH WALNUT - [LALXQRCS05]",7
RIDGE FROST,DESIGNER SAMPLE - DS - RIDGE WHITE OAK FROST - [GWC-DSRIO102]; SAMPLE BOARD - SB - RIDGE WHITE OAK FROST - [GWC-SBRIO102],2
RIFT QTR OA,"3/4 x 2-1/4"" RIFT/QTR WHITE OA - [RQ214QOSSP]",1
RISER WALUT,CUSTOM RISER WALUT (LF) - [MORISOWLF],1
RIVER ASPEN,"BIRCH - SAMPLE - RED RIVER 5"" ASPEN - [GNRR5BISB83]; BIRCH - SAMPLE - RED RIVER 6-1/4 ASPEN - [GNRR614BISB83]; DISTRESSED - RED RIVER NOSING ASPEN - [GCNO7BIN83]; RED RIVER T-MOULD ASPEN - [GCTM7BIF83]; BIRCH - R.RIVER BABY T-HOLD ASPEN - [GCBT7BIF83]; BIRCH - RED RIVER REDUCER ASPEN - [GCRE7BIN83]",6
RODEO DRIVE,"BEVERLY HILLS - EURO OAK 9.5"" RODEO DRIVE - [GFBHO9505]; BEV.HILLS NOSING RODEO DRIVE - [GCBHNO8O05]; B.H BABY T-HOLD RODEO DRIVE - [GCBHBT8O05]; BEV.HILLS REDUCER RODEO DRIVE - [GCBHRE8O05]; BEV.HILLS T-MOULD RODEO DRIVE - [GCBHTM8O05]; WATERFALL - PANEL - BH RODEO DRIVE - [GCSBBH9505-2828]",6
ROSEWOOD RU,RUBY - 9/16 X 5 PATAGONIA ROSEWOOD RU - [JFAMZS12504R],1
ROUND ALLOY,ELEMENTS - QTR.ROUND - ALLOY - [GVSPCQR905],1
ROUND ARIES,ZODIAC WSPC - QUARTER ROUND - ARIES - [GVZOQR750A]; ZODIAC WSPC - QUARTER ROUND - ARIES - [GVZOQR7502],2
ROUND ASTRO,VINYLNOVA - QTR. ROUND - ASTRO - [GVVNQR901],1
ROUND BRASS,ELEMENTS - QTR.ROUND - BRASS - [GVSPCQR701],1
ROUND BRYCE,AQUA BLUE II BY GARRISON - QTR. ROUND - BRYCE OAK - [GVWPCIIQR109],1
ROUND COMET,VINYLNOVA - QTR. ROUND - COMET - [GVVNQR902],1
ROUND CORTE,LAMINATE - *GARRISON QUARTER ROUND CORTE - [GCLAQR012],1
ROUND DAISY,SECRET GARDEN SPC - QUARTER ROUND - DAISY - [GVSGQR703],1
ROUND DIJON,LAMINATE - GARRISON QUARTER ROUND DIJON - [GCLAQR006],1
ROUND FLASH,ILLUMIN8 QUARTER ROUND FLASH - [GLILQR804],1
ROUND GLAZE,ILLUMIN8 QUARTER ROUND GLAZE - [GLILQR805],1
ROUND HOLLY,SECRET GARDEN SPC - QUARTER ROUND - HOLLY - [GVSGQR705],1
ROUND HORIZ,NATURAL - HAWA BAMBOO QTR ROUND HORIZ. - [HAQRBHN],1
ROUND LIBRA,ZODIAC WSPC - QUARTER ROUND - LIBRA - [GVZOQR7506],1
ROUND LUNAR,VINYLNOVA - QTR. ROUND - LUNAR - [GVVNQR909],1
ROUND PEONY,SECRET GARDEN SPC - QUARTER ROUND - PEONY - [GVSGQR709],1
ROUND POPPY,SECRET GARDEN SPC - QUARTER ROUND - POPPY - [GVSGQR710],1
ROUND SANDS,GARRISON QTR.ROUND WHITE SANDS - [GCLAQR7512],1
ROUND SPARK,ILLUMIN8 QUARTER ROUND SPARK - [GLILQR808],1
ROUND STEEL,ELEMENTS - QTR.ROUND - STEEL - [GVSPCQR705],1
ROUND TULIP,SECRET GARDEN SPC - QUARTER ROUND - TULIP - [GVSGQR712],1
ROUND UMBER,NATURESTEP - QTR.ROUND - UMBER - [GVNSQR808],1
ROUND UNION,METROPOLITAN - QTR.ROUND - UNION SQUARE - [GVMPQR906],1
ROUND VICHY,LAMINATE - *GARRISON QUARTER ROUND VICHY - [GCLAQR008],1
ROUND VIRGO,ZODIAC WSPC - QUARTER ROUND - VIRGO - [GVZOQR7510],1
ROUND VISTA,AQUA BLUE II BY GARRISON - QTR. ROUND - VISTA OAK - [GVWPCIIQR102],1
ROXBURY 9.5,"BEVERLY HILLS - EURO OAK 9.5"" ROXBURY - [GFBHO9509]",1
RUSSIAN BLK,"PARADISE VALLEY - 12MM 6.5"" X 48""RUSSIAN BLK OAK - [LAPVO02]",1
S B AOK M B,NATURAL - 3/4 X 5 S/B WHITE AOK M.B - [AMQ5SONM],1
S B NATURAL,3/4 X 3 S/B MAPLE NATURAL - [UW343SMN]; 3/4 X 3-1/2 S/B MAPLE NATURAL - [UW34312SMN],2
S E CALCORE,CONTRACTORS CHOICE - 5/8 X 5 PREM.HICK S.E CALCORE - [GFCOH5PSSB]; CONTRACTORS CHOICE - 5/8 X 5 PREM.MAPLE S.E CALCORE - [GFCOM5PSSB]; CONTRACTORS CHOICE - 5/8 X 5 PREM. W/O S.E CALCORE - [GFCOO5PSSB]; CONTRACTORS CHOICE - 5/8 X 7 PREM. W/O S.E CALCORE - [GFCOO7PSSB],4
S LDF RISER,MDF - 11/16 X 7 1/4 S4S LDF RISER - [MORIMD202],1
S LINE BASE,"5/8 x 2 1/2,S-LINE BASE,MAPLE - [MOSL582M]; 5/8 x 3 1/2,S-LINE BASE,MAPLE - [MOSL583M]",2
S LINE ROSE,BIRCH - S.LINE BABY TRESHOLD ROSE - [GCBT7BIF126],1
S MDF RISER,MDF - 11/16 X 7 1/4 S4S MDF RISER - [MORIMD751],1
SA MAHOGANY,NATURAL - OASIS 1/2 X 3-9/16 SA.MAHOGANY - [OAH3SM],1
SACCARO SPC,"SACCARO SPC (20MIL) - 6.5MM 9"" X 60"" SACCARO SPC - [GDSPW32286]",1
SAND DOLLAR,LAMINATE - LAMINATE T-MOULDIG SAND DOLLAR - [GCLAETCHSD12],1
SAND NUTMEG,"SILK SURF - 12.3MM 5-3/4"" SAND NUTMEG - [LALXSS01]; LAMINATE REDUCER SAND NUTMEG - [LALXRESS01]; LAMINATE T-MOULD SAND NUTMEG - [LALXTMSS01]; LAMINATE END CAP SAND NUTMEG - [LALXECSS01]; LAMINATE NOSING SAND NUTMEG - [LALXNOSS01]; SAMPLE - LUXURY SAND NUTMEG - [LALXSBSS01]; LAMINATE QTR SAND NUTMEG - [LALXQRSS01]",7
SANTOS MAHO,1/2 X 3 1/2 NOSING SANTOS MAHO - [MONO12S]; 3/4 x 3 1/2 NOSING SANTOS MAHO - [MONO34S]; ELEG. 9/16 X 4-3/4 SANTOS MAHO - [YHSSEW0020]; LAMINATE QTR ROUND SANTOS MAHO - [LAQRCRCSM12],4
SEL BTR NAT,NATURAL - 9/16 X 5 SEL/BTR RED OAK NAT. - [OMN5SRN],1
SEL BTR S E,5/8 X 5 SEL/BTR MAPLE S.E. - [AM585SMSU],1
SEL NATURAL,SIBERIAN - 3/4 X 3-1/4 SEL. MAPLE NATURAL - [PFQ314SM38]; SELECT - 3/4 X 3-3/8 SEL. MAPLE NATURAL - [PFQ338SM38]; 3/4 X 3-1/2 SEL. MAPLE NATURAL - [PFQ312SM38],3
SELECT BNDL,3/8 X 2 SELECT WHITE OAK BNDL - [RT2SOS],1
SET BIG SKY,"SAMPLE SET - BIG SKY - [GCSAMPLES21]; WATERFALL ORIGINAL - SAMPLE SET - BIG SKY (O/SET) - [GCSASET05]; WATERFALL ORIGINAL - SAMPLE SET - BIG SKY 7"" - [GCSASET21]; WATERFALL ORIGINAL - SAMPLE SET - BIG SKY 4"" 6"" 8"" - [GCSASET22]",4
SET C V OMP,"26"" X 28"" - SAMPLE SET - C.V. 3.25"" *OMP* - [GCSETCV314-2628]; 25"" X 28"" - SAMPLE SET - C.V. 5"" *OMP* - [GCSETCV5-2528]",2
SET CANTINA,"WATERFALL ORIGINAL - SAMPLE SET - CANTINA <OB> - [GCSASET29]; 22.5"" X 28"" - SAMPLE SET - CANTINA - [GCSETCA-2228]; WIRE RACK - SAMPLE SET - CANTINA - [GCSETCA-1724]; WIRE RACK - SAMPLE SET - CANTINA <N/L> - [GCSETCA-1724PL]",4
SET DAVINCI,SAMPLE SET - GARRISON DAVINCI - [GCSAMPLES06],1
SET DU BOIS,WATERFALL ORIGINAL - SAMPLE SET - DU BOIS <OB> - [GCSASET23]; WATERFALL - SAMPLE SET - DU BOIS - [GCSETDB-2228]; WATERFALL - SAMPLE SET - DU BOIS <N/L> - [GCSETDB-2228PL],3
SET EXOTICS,SAMPLE SET - EXOTICS - [GCSAMPLES23]; WIRE RACK - SAMPLE SET - EXOTICS - [GCSETEX-1724]; WIRE RACK - SAMPLE SET - EXOTICS <N/L> - [GCSETEX-1724PL],3
SET GII OMP,"25"" X 28"" - SAMPLE SET - GII DIST. *OMP* - [GCSETII-2528]; 25"" X 28"" - SAMPLE SET - GII SMOOTH *OMP* - [GCSETSS-2528]",2
SET GOLD OF,WATERFALL - SAMPLE SET - GOLD LABEL 1 OF 2 - [GCSETGL-2828-1]; WATERFALL - SAMPLE SET - GOLD LABEL 2 OF 2 - [GCSETGL-2828-2],2
SET ILLUMIN,WATERFALL - SAMPLE SET - ILLUMIN8 - [GCSETIL-2424],1
SET LEGENDS,WATERFALL - SAMPLE SET - LEGENDS - [GCSETLE-2628],1
SET NEWPORT,WATERFALL ORIGINAL - SAMPLE SET - NEWPORT <OB> - [GCSASET25]; WATERFALL - SAMPLE SET - NEWPORT - [GCSETNP-2228]; WATERFALL - SAMPLE SET - NEWPORT <N/L> - [GCSETNP-2228PL],3
SHELL BEACH,"NEWPORT - EUR.OAK 7.5"" SHELL BEACH (1/2"" - [GHNPO207]; NEWPORT BY GARRISON - EUR.OAK 7.5"" SHELL BEACH (1/2"" - [GHNPO207]; NEWPORT BASESHOE SHELL BEACH - [GCNPBSOH207]; OAK - NEWPORT 7' T-MOULD SHELL BEACH - [GCNPTM7O207]; OAK - NEWPORT 8' T-MOULD SHELL BEACH - [GCNPTM8O207]; OAK - NEWPORT 7' REDUCER SHELL BEACH - [GCNPRE7O207]; OAK - NEWPORT 8' REDUCER SHELL BEACH - [GCNPRE8O207]; OAK - NEWPORT 7' NOSING SHELL BEACH - [GCNPNO7O207]; OAK - NEWPORT 8' NOSING SHELL BEACH - [GCNPNO8O207]; NEWPORT BY GARRISON - EURO OAK 7.5"" SHELL BEACH CALC - [GHNPO207SB]; NEWPORT BY GARRISON - EUR.OAK 7.5"" SHELL BEACH(9/16"" - [GNNPO207]; 8' NOSING 9/16"" SHELL BEACH - [GCNPNNO8O207]; WATERFALL - PANEL - NEWPORT SHELL BEACH - [GCSBN207-2228]; NP 8' SQ.NOSING SHELL BEACH - [GCNPSNO8O207]; WATERFALL - PANEL - NEWPORT SHELL BEACH - [GCSBNP207-2228]",15
SHOE BIANCA,DA VINCI BASE SHOE BIANCA - [GCDVBSO701],1
SHOE CORNER,PRIME - 1/2 X 3/4 BASE SHOE CORNER - [MOCOPR300B]; PRIME - 3/8 X 3/4 BASE SHOE CORNER - [MOCOPR300A]; FLEX CORNER - 3/8 X 3/4 BASE SHOE CORNER - [MOCOPR300ARCFS],3
SHOE MILANO,DA VINCI BASE SHOE MILANO - [GCDVBSO708],1
SHOE PISANI,DA VINCI BASE SHOE PISANI - [GCDVBSO712],1
SHOE POPLAR,1/2 x 3/4 BASE SHOE - POPLAR - [MOBS12P]; 3/8 x 3/4 BASE SHOE - POPLAR - [MOBS38P]; 5/8 x 13/16 BASE SHOE - POPLAR - [MOBS58P],3
SHOE TRENTO,DA VINCI 8' BASE SHOE TRENTO - [GCDV2BSO705],1
SHOE VERONA,DA VINCI 8' BASE SHOE VERONA - [GCDV2BSO709],1
SHOE WALNUT,1/2 X 3/4 BASE SHOE - WALNUT - [MOBS12W],1
SIERRA BASE,MDF - NONSTOCK - 9/16 X 5-1/4 SIERRA BASE - [MOBBMD352MUL],1
SIGNATURE O,APPALACHIAN - SIGNATURE R/O - [GCKEYSET900],1
SINGLE RACK,ALLORA SINGLE WATERFALL RACK - [GCRACK21],1
SKY APPALOO,MAPLE - BIG SKY 7' BABY T-HOLD APPALOO - [GCBSBT7M148]; MAPLE - BIG SKY 8' BABY T-HOLD APPALOO - [GCBSBT8M148],2
SKY CHEYENN,HICKORY - BIG SKY BABY THRESHOLD CHEYENN - [GCBT7HF154],1
SKY MUSTANG,HICKORY - BIG SKY NOSING 8' MUSTANG - [GCBSNOHH170]; HICKORY - BIG SKY 7' BABY T-HOLD MUSTANG - [GCBSBT7H170]; HICKORY - BIG SKY 8' BABY T-HOLD MUSTANG - [GCBSBT8H170]; HICKORY - BIG SKY 7' T-MOULD MUSTANG - [GCBSTM7H170]; HICKORY - BIG SKY 8' T-MOULD MUSTANG - [GCBSTM8H170]; HICKORY - BIG SKY 7' REDUCER MUSTANG - [GCBSRE7H170]; HICKORY - BIG SKY 8' REDUCER MUSTANG - [GCBSRE8H170]; HICKORY - BIG SKY 7' NOSING MUSTANG - [GCBSNO7H170]; HICKORY - BIG SKY 8' NOSING MUSTANG - [GCBSNO8H170],9
SKY PONDERO,MAPLE - BIG SKY 7' BABY T-HOLD PONDERO - [GCBSBT7M151]; MAPLE - BIG SKY 8' BABY T-HOLD PONDERO - [GCBSBT8M151],2
SKY ROCKIES,WATERFALL ORIGINAL - PANEL- SUMMIT SKY HB ROCKIES - [GCSBSSPH504-2228]; WATERFALL ORIGINAL - PANEL- SUMMIT SKY HB ROCKIES - [GCSBSSPH504-2424],2
SKY STETSON,WALNUT - BIG SKY NOSING STETSON - [GCNO7WH152]; WALNUT - BIG SKY REDUCER STETSON - [GCRE7WH152]; SAMPLE - BIG SKY STETSON - [EHBS7SBM152],3
SKY UNF WAL,BIG SKY 7' NOSING UNF.DIST.WAL - [GCNO7WH00BS],1
SKY WINCHES,WALNUT - BIG SKY 7' BABY T-HOLD WINCHES - [GCBSBT7W139]; WALNUT - BIG SKY 8' BABY T-HOLD WINCHES - [GCBSBT8W139],2
SL PALOMINO,BIRCH - SL 8' NOSING PALOMINO - [GCSLNO8B6129],1
SNTOS MHGNY,WIRE RACK - PANEL - EXO. SNTOS MHGNY - [GCSBEXSM538-1724],1
SONOMA BASE,MDF - NONSTOCK - 9/16 X 5-1/4 SONOMA BASE - [MOBBMD361MUL],1
SPAN COFFEE,HICKORY - CANTINA 7' T-MOULD SPAN.COFFEE - [GCCATM7H103]; HICKORY - CANTINA 8' T-MOULD SPAN.COFFEE - [GCCATM8H103]; HICKORY - CANTINA 7' REDUCER SPAN.COFFEE - [GCCARE7H103]; HICKORY - CANTINA 8' REDUCER SPAN.COFFEE - [GCCARE8H103]; HICKORY - CANTINA 7' NOSING SPAN. COFFEE - [GCCANO7H103]; HICKORY - CANTINA 8' NOSING SPAN. COFFEE - [GCCANO8H103],6
SPANISH BAY,5/8 X 7-1/2 SPANISH BAY - [OAFOGO11],1
SPANISH PEC,SPANISH - LAMINATE QTR ROUND SPANISH PEC - [LAQRL8CW619],1
SS CHESTNUT,MAPLE SMOOTH - SS 7' T-MOULD CHESTNUT - [GCSSTM7M06]; MAPLE SMOOTH - SS 7' NOSING CHESTNUT - [GCSSNO7M06]; MAPLE SMOOTH - SS 8' NOSING CHESTNUT - [GCSSNO8M06],3
SS ESPRESSO,MAPLE SMOOTH - SS 7' NOSING ESPRESSO - [GCSSNO7M08]; MAPLE SMOOTH - SS 8' NOSING ESPRESSO - [GCSSNO8M08],2
ST SE RL EM,3/4 X 5 1ST MAPLE SE RL EM - [RQ5FMS],1
STEP CASING,MDF - NONSTOCK - 5/8 X 2 1/2 3 STEP CASING - [MOCAMD110MUL],1
STILL WATER,WATERFALL - PANEL - CLIFF. STILL WATER - [GCSBCS7504-2228],1
SURVANA PLY,"DOLCE CAPRI - EURO OAK 9.5"" SURVANA 2 PLY - [GQCHO951072P]",1
TAUN CHERRY,"CRYSTAL VALLEY - TAUN SOLID 3-1/2"" CHERRY - [GQCVTA31222]",1
TAUN GOLDEN,"CRYSTAL VALLEY - TAUN SOLID 3-1/2"" GOLDEN - [GQCVTA31230]",1
TI BRADFORD,HICKORY - *TI2 NOSING HICKORY BRADFORD - [GCNO7HH135]; HICK/PECAN - *TI2 BABY TRESHOLD BRADFORD - [GCBT7HF135]; HICKORY - *TI2 REDUCER BRADFORD - [GCRE7HH135],3
TI CORDOVAN,"WALNUT - SAMPLE - TI 5"" CORDOVAN - [GCTI5WSB09]",1
TI II DOVER,"WHITE OAK - SAMPLE - TI II 5"" DOVER - [GHTI25OSB140]",1
TI KINGSTON,CHERRY - TI2 BABY TRESHOLD KINGSTON - [GCBT7CF137]; CHERRY - TI2 REDUCER KINGSTON - [GCRE7CH137],2
TIDE CARBON,DESIGNER SAMPLE - DS - TIDE WHITE OAK CARBON - [GWC-DSTIO101]; SAMPLE BOARD - SB - TIDE WHITE OAK CARBON - [GWC-SBTIO101],2
TIDE SUNSET,DESIGNER SAMPLE - DS - TIDE WHITE OAK SUNSET - [GWC-DSTIO103]; SAMPLE BOARD - SB - TIDE WHITE OAK SUNSET - [GWC-SBTIO103],2
TIGER ROUGH,4/4 TIGER WOOD ROUGH - [LUT144],1
TREAD ALLOY,ELEMENTS - TREAD - ALLOY - [GVSPCTR905],1
TREAD ASTRO,VINYLNOVA - TREAD - ASTRO - [GVVNTR901],1
TREAD BRASS,ELEMENTS - TREAD - BRASS - [GVSPCTR701],1
TREAD BRYCE,AQUA BLUE II BY GARRISON - TREAD - BRYCE OAK - [GVWPCIITR109],1
TREAD COMBO,CARBONIZED - BAMBOO TREAD COMBO 1 X 12 - [BATR009]; NATURAL - BAMBOO TREAD COMBO 1 X 12 - [BATR010],2
TREAD COMET,VINYLNOVA - TREAD - COMET - [GVVNTR902],1
TREAD DAISY,SECRET GARDEN SPC - TREAD - DAISY - [GVSGTR703],1
TREAD FLASH,ILLUMIN8 TREAD FLASH - [GLILTR804],1
TREAD GLAZE,ILLUMIN8 TREAD GLAZE - [GLILTR805],1
TREAD HOLLY,SECRET GARDEN SPC - TREAD - HOLLY - [GVSGTR705],1
TREAD IBIZA,*LAMINATE TREAD IBIZA - [LALXTRSS04],1
TREAD LUNAR,VINYLNOVA - TREAD - LUNAR - [GVVNTR909],1
TREAD MELBA,"SPC - 6.5MM 12"" X 60"" BN TREAD MELBA - [GDSPTR65626-60]; SPC - 6.5MM 12"" X 48"" BN TREAD MELBA - [GDSPTR65626-48]",2
TREAD PEONY,SECRET GARDEN SPC - TREAD - PEONY - [GVSGTR709],1
TREAD POPPY,SECRET GARDEN SPC - TREAD - POPPY - [GVSGTR710],1
TREAD SPARK,ILLUMIN8 TREAD SPARK - [GLILTR808],1
TREAD STEEL,ELEMENTS - TREAD - STEEL - [GVSPCTR705],1
TREAD TULIP,SECRET GARDEN SPC - TREAD - TULIP - [GVSGTR712],1
TREAD UNION,METROPOLITAN - TREAD - UNION SQUARE - [GVMPTR906],1
TREAD V NAT,UNFINISHED - BAMBOO TREAD 1X11-1/2 V. NAT - [BATR008U],1
TREAD VISTA,AQUA BLUE II BY GARRISON - TREAD - VISTA OAK - [GVWPCIITR102],1
TRUSSEL PLY,"NOUVELLE - *EURO OAK 7.5"" TRUSSEL 2 PLY - [GFNVO75062P]",1
UNION SQUAR,"METROPOLITAN SPC - 6.5MM X 7"" X 60"" - UNION SQUAR - [GVMP707]; METROPOLITAN SPC - 6.5MM X 9"" X 60"" - UNION SQUAR - [GVMP906]",2
V O NATURAL,"C.V 1/2"" 8' NOSING R/O NATURAL - [GCCVNO8RH38]; C.V 1/2"" 7' NOSING R/O NATURAL - [GCCVNO7RH38]; C.V 9/16"" 8'NOSING R/O NATURAL - [GCCVNO8RN38]",3
VAL ANTIQUE,CRY. VAL T-MOULD ANTIQUE - [GCTMOF75]; CRY.VAL T-MOULD ANTIQUE OAK - [GCTM7OF75],2
VAL BLK WAL,"ACACIA DISTRESSED - CRY.VAL 3/4"" 7' NOSING BLK WAL - [GCCVSNO7A16]; ACACIA DISTRESSED - CRY.VAL 3/4"" 8' NOSING BLK WAL - [GCCVSNO8A16]; ACACIA DISTRESSED - CRY.VAL 3/4"" 4' NOSING BLK WAL - [GCCVSNO4A16]",3
VAL CHESTNU,"ASIAN MAHOGANY - CRY.VAL 3/4"" 7' NOSING CHESTNU - [GCCVSNO7AM06]; ASIAN MAHOGANY - CRY.VAL 3/4"" 8' NOSING CHESTNU - [GCCVSNO8AM06]",2
VAL MAP NAT,"MAPLE - CRY.VAL 3/4"" 7' NOSING MAP NAT - [GCCVSNO7M38]; MAPLE - CRY.VAL 3/4"" 8' NOSING MAP NAT - [GCCVSNO8M38]",2
VAL NATURAL,"MAPLE - SAMPLE-CR VAL. ENG. NATURAL - [GHCVSBM38]; ASIAN MAHOGANY - CRY.VAL 7' T-MOULD NATURAL - [GCCVSTM7AM38]; ASIAN MAHOGANY - CRY.VAL 8' T-MOULD NATURAL - [GCCVSTM8AM38]; ASIAN MAHOGANY - CRY.VAL 3/4"" 7' NOSING NATURAL - [GCCVSNO7AM38]; ASIAN MAHOGANY - CRY.VAL 3/4"" 8' NOSING NATURAL - [GCCVSNO8AM38]; ACACIA DISTRESSED - CRY.VAL 7' T-MOULD NATURAL - [GCCVSTM7A38]; ACACIA DISTRESSED - CRY.VAL 8' T-MOULD NATURAL - [GCCVSTM8A38]; ACACIA DISTRESSED - CRY.VAL 3/4"" 7' NOSING NATURAL - [GCCVSNO7A38]; ACACIA DISTRESSED - CRY.VAL 3/4"" 8' NOSING NATURAL - [GCCVSNO8A38]; ACACIA DISTRESSED - CRY.VAL 3/4"" 4' NOSING NATURAL - [GCCVSNO4A38]; ACACIA DISTRESSED - CRY.VAL 4' T-MOULD NATURAL - [GCCVSTM4A38]",11
VAL O NATUR,"CRY.VAL 9/16"" NOSING R/O NATUR - [GCNO7RSN38]",1
VALLEY GREY,GREY CHERRY - PARADISE VALLEY REDUCER GREY - [LAPVREC01],1
VALLEY MOLD,WHITE CHERRY - PARADISE VALLEY T-MOLD WHITE - [LAPVTMC02]; OAK - PARADISE VALLEY T-MOLD OAK - [LAPVTMO701],2
VALLEY NEON,NEON OAK - PARADISE VALLEY REDUCER NEON - [LAPVREO01]; NEON OAK - PANEL-PARADISE VALLEY NEON OAK - [GCSBPVO01-1924],2
VESTIGE PLY,"NOUVELLE - *EURO OAK 7.5"" VESTIGE 2 PLY - [GFNVO75072P]",1
VG FLORENCE,OAK - VG 8' T-MOULD FLORENCE - [GCVGTM8O13]; OAK - VG 8' REDUCER FLORENCE - [GCVGRE8O13]; OAK - VG 8' NOSING FLORENCE - [GCVGNO8O13]; OAK - VG 8' BABY THRESHOLD FLORENCE - [GCVGBT8O13],4
VG LA BELLE,OAK - VG 7' BABY THRESHOLD LA BELLE - [GCVGBT7O09]; OAK - VG 8' BABY THRESHOLD LA BELLE - [GCVGBT8O09]; OAK - VG 7' T-MOULD LA BELLE - [GCVGTM7O09]; OAK - VG 8' T-MOULD LA BELLE - [GCVGTM8O09]; OAK - VG 7' REDUCER LA BELLE - [GCVGRE7O09]; OAK - VG 8' REDUCER LA BELLE - [GCVGRE8O09]; OAK - VG 7' NOSING LA BELLE - [GCVGNO7O09]; OAK - VG 8' NOSING LA BELLE - [GCVGNO8O09],8
VINCI GENOA,DA VINCI 8' BABY-T GENOA - [GCDV2BT8O701]; DA VINCI 8' NOSING GENOA - [GCDV2NO8O701]; DA VINCI 8' REDUCER GENOA - [GCDV2RE8O701]; DA VINCI 8' T-MOULD GENOA - [GCDV2TM8O701],4
VINCI LUCCA,DA VINCI 8' BABY-T LUCCA - [GCDV2BT8O708]; DA VINCI 8' NOSING LUCCA - [GCDV2NO8O708]; DA VINCI 8' REDUCER LUCCA - [GCDV2RE8O708]; DA VINCI 8' T-MOULD LUCCA - [GCDV2TM8O708],4
VINCI NESSO,WATERFALL - PANEL - DA VINCI NESSO - [GCSBDV7507-2228]; DA VINCI 8' NOSING NESSO - [GCDVNO8O713]; DA VINCI 8' REDUCER NESSO - [GCDVRE8O713]; DA VINCI 8' BABY-T NESSO - [GCDVBT8O713]; DA VINCI 8' T-MOULD NESSO - [GCDVTM8O713],5
VINCI PAOLO,DA VINCI 8' BABY-T PAOLO - [GCDVBT8O711]; DA VINCI 8' NOSING PAOLO - [GCDVNO8O711]; DA VINCI 8' REDUCER PAOLO - [GCDVRE8O711]; DA VINCI 8' T-MOULD PAOLO - [GCDVTM8O711]; WATERFALL - PANEL - DA VINCI PAOLO - [GCSBDV711-2228],5
VINCI PARMA,DA VINCI 8' BABY-T PARMA - [GCDV2BT8O703]; DA VINCI 8' NOSING PARMA - [GCDV2NO8O703]; DA VINCI 8' REDUCER PARMA - [GCDV2RE8O703]; DA VINCI 8' T-MOULD PARMA - [GCDV2TM8O703],4
VINCI PRATO,DA VINCI 8' BABY-T PRATO - [GCDV2BT8O704]; DA VINCI 8' NOSING PRATO - [GCDV2NO8O704]; DA VINCI 8' REDUCER PRATO - [GCDV2RE8O704]; DA VINCI 8' T-MOULD PRATO - [GCDV2TM8O704],4
VINCI SIENA,DA VINCI 8' BABY-T SIENA - [GCDV2BT8O711]; DA VINCI 8' NOSING SIENA - [GCDV2NO8O711]; DA VINCI 8' REDUCER SIENA - [GCDV2RE8O711]; DA VINCI 8' T-MOULD SIENA - [GCDV2TM8O711],4
VINTAGE PLY,"NOUVELLE - *EURO OAK 7.5"" VINTAGE 2 PLY - [GFNVO75082P]",1
VINYL OLIVE,DEEP EMBOSSED - LUXURY VINYL OLIVE - [GVLX002],1
VINYL PECAN,DEEP EMBOSSED - LUXURY VINYL HICKORY PECAN - [GVLX004],1
VINYL TABOR,*GLUE DOWN VINYL TABOR - [GVGD108],1
VINYL TETON,*GLUE DOWN VINYL TETON - [GVGD109],1
VY BORDEAUX,VY BASESHOE BORDEAUX - [GCVYBSO901],1
VY PROSECCO,VY 8' SQUARE NOSING PROSECCO - [GCVYSNO8O904],1
W O ANTIQUE,"CRYSTAL VALLEY - W/O SOLID DIST. 5"" ANTIQUE OAK - [GQCVDO575]; CLICK SYS - 3/4 X 5 W/O ANTIQUE SMOOTH - [PFQOE1003]; CLICK SYS - 3/4 X 5 W/O ANTIQUE OAK DIST - [PFQOE1006]",3
W O BNDL FT,"RANDOM - 1/2 x 2"" #1 W/O  BNDL. FT - [RH21OSSP]",1
W O MOCHA M,"CRYSTAL V - W/O ENG 3-1/4"" MOCHA 2.4M - [GHCVO31436]",1
W O NATURAL,"1/2"" NOSING W/O NATURAL 78"" - [UWNO12ON]; 1/2"" REDUCER W/O NATURAL 78"" - [UWRE12ON]; 3/4 X 2-1/4 S/B W/O NATURAL - [UW34214SON]; 3/4 X 2-1/4 BLDR W/O NATURAL - [UW34312BON]; 3/4 X 3-1/4 S/B W/O NATURAL - [UW34314SON]; 3/4 X 3-5/8 S/B W/O NATURAL - [UW34358SON]; CRYSTAL VALLEY - *W/O SOLID 2-1/4"" NATURAL - [GQCVO21438]; CRYSTAL VALLEY - W/O SOLID 3-1/4"" NATURAL - [GQCVO31438]; CRY. VAL T-MOULD W/O NATURAL - [GCTMOF38]; CRYSTAL VALLEY - *W/O SMOOTH 5"" NATURAL - [GQCVO538]; CLICK SYS - 3/4 X 5 W/O NATURAL SMOOTH - [PFQOE1001]; SMOOTH - 3/8X4-7/8 SMOOTH W/O NATURAL - [ETSWO47838]; CRYSTAL VALLEY - *W/O SOLID 3-5/8"" NATURAL - [GQCVO35838]; C.V 1/2"" 7' NOSING W/O NATURAL - [GCCVNO7OH38]; CRY.VAL 7' T-MOULD W/O NATURAL - [GCCVTM7O38]; C.V 1/2"" 8' NOSING W/O NATURAL - [GCCVNO8OH38]; CRY.VAL 8' T-MOULD W/O NATURAL - [GCCVTM8O38]; CRYSTAL VALLEY - W/O ENG 3-1/4"" NATURAL (9/16"") - [GNCVO31438]; CRYSTAL VALLEY - W/O ENG 5"" NATURAL (9/16"") - [GNCVO538]; C.V 9/16"" 8'NOSING W/O NATURAL - [GCCVNO8ON38]; CV 9/16 8' REDUCER W/O NATURAL - [GCCVRE8ON38]; W/O NATURAL - CVA 8' NOSING W/O NATURAL - [GCCVNO8OH38USA]; W/O NATURAL - CVA 8' BABY T-HOLD W/O NATURAL - [GCCVBT8O38USA]; W/O NATURAL - CVA 8' REDUCER W/O NATURAL - [GCCVRE8OH38USA]; W/O NATURAL - CVA 8' TMOULD W/O NATURAL - [GCCVTM8O38USA]",25
W O PRAIRIE,"CRYSTAL VALLEY - *W/O SOLID 2-1/4"" PRAIRIE - [GQCVO21468]; CRYSTAL VALLEY - *W/O SOLID 3-1/4"" PRAIRIE - [GQCVO31468]",2
W O TOBACCO,GII BABY T-HOLD W/O - TOBACCO - [GCIIOBTHTO],1
WAL ANTIQUE,WIRE RACK - PANEL - GII SMOOTH WAL.ANTIQUE - [GCSBSSW523-1724],1
WAL NAT OMP,"30"" X 28"" - PANEL - CLIFF. WAL.NAT. *OMP* - [GCSBCSW7501-3028]",1
WAL NATURAL,DB 8' BABY T-HOLD WAL.NATURAL - [GCDBBT8W01],1
WALNUT COLL,CUSTOM - 1/2 x 5 WALNUT GARRISON COLL. - [GCGAW599],1
WALNUT COVE,1/2 X 3/4 WALNUT COVE - [MOCV1234W],1
WALNUT DUSK,"TIME INSPR - WALNUT 5"" DUSK               * - [GCTIW501]; DISTRESSED - 1/2"" NOSING WALNUT DUSK - [GCNO7WH01]",2
WALNUT JAVA,DESIGNER SAMPLE - DS - DIAMOND WALNUT JAVA - [GWC-DSDIW101]; DESIGNER SAMPLE - DS - MOSAIC WALNUT JAVA - [GWC-DSMOW101]; DESIGNER SAMPLE - DS - OYSTER WALNUT JAVA - [GWC-DSOYW101]; DESIGNER SAMPLE - DS - RIDGE WALNUT JAVA - [GWC-DSRIW101]; DESIGNER SAMPLE - DS - TIDE WALNUT JAVA - [GWC-DSTIW101]; DESIGNER SAMPLE - DS - TUXEDO WALNUT JAVA - [GWC-DSTUW101]; DESIGNER SAMPLE - DS - PALM WALNUT JAVA - [GWC-DSPAW101]; DESIGNER SAMPLE - DS - CLOVER WALNUT JAVA - [GWC-DSCLW101]; SAMPLE BOARD - SB - CLOVER WALNUT JAVA - [GWC-SBCLW101]; SAMPLE BOARD - SB - TUXEDO WALNUT JAVA - [GWC-SBTUW101]; SAMPLE BOARD - SB - OYSTER WALNUT JAVA - [GWC-SBOYW101]; SAMPLE BOARD - SB - DIAMOND WALNUT JAVA - [GWC-SBDIW101]; SAMPLE BOARD - SB - MOSAIC WALNUT JAVA - [GWC-SBMOW101]; SAMPLE BOARD - SB - RIDGE WALNUT JAVA - [GWC-SBRIW101]; SAMPLE BOARD - SB - TIDE WALNUT JAVA - [GWC-SBTIW101]; SAMPLE BOARD - SB - PALM WALNUT JAVA - [GWC-SBPAW101],16
WALNUT MINK,DESIGNER SAMPLE - DS - CLOVER WALNUT MINK - [GWC-DSCLW102]; DESIGNER SAMPLE - DS - DIAMOND WALNUT MINK - [GWC-DSDIW102]; DESIGNER SAMPLE - DS - MOSAIC WALNUT MINK - [GWC-DSMOW102]; DESIGNER SAMPLE - DS - OYSTER WALNUT MINK - [GWC-DSOYW102]; DESIGNER SAMPLE - DS - RIDGE WALNUT MINK - [GWC-DSRIW102]; DESIGNER SAMPLE - DS - TIDE WALNUT MINK - [GWC-DSTIW102]; DESIGNER SAMPLE - DS - TUXEDO WALNUT MINK - [GWC-DSTUW102]; DESIGNER SAMPLE - DS - PALM WALNUT MINK - [GWC-DSPAW102]; SAMPLE BOARD - SB - CLOVER WALNUT MINK - [GWC-SBCLW102]; SAMPLE BOARD - SB - TUXEDO WALNUT MINK - [GWC-SBTUW102]; SAMPLE BOARD - SB - OYSTER WALNUT MINK - [GWC-SBOYW102]; SAMPLE BOARD - SB - DIAMOND WALNUT MINK - [GWC-SBDIW102]; SAMPLE BOARD - SB - MOSAIC WALNUT MINK - [GWC-SBMOW102]; SAMPLE BOARD - SB - RIDGE WALNUT MINK - [GWC-SBRIW102]; SAMPLE BOARD - SB - TIDE WALNUT MINK - [GWC-SBTIW102]; SAMPLE BOARD - SB - PALM WALNUT MINK - [GWC-SBPAW102],16
WALNUT NAPA,"DELUXE - *WALNUT 6"" NAPA - [GFDXW661]",1
WALNUT PEAR,SAMPLE BOARD - SB - DIAMOND WALNUT PEAR - [GWC-SBDIW104],1
WALNUT PREF,FRUITWOOD - 1/2X3 MR WALNUT PREF DIST - [GCGAW328]; SABLE - 1/2X5 MR WALNUT PREF DIST - [GCGAW519],2
WB CD GRADE,"EUROPEAN OAK-SQUARE EDGE - 5/8 X 9.5"" UNF.WB CD GRADE - [EOEWO95WB]",1
WIDTH PAOLO,DAVINCI - *HICKORY RANDOM WIDTH PAOLO - [GNDVH23566],1
WILD CHERRY,"GII DIST - P. CHERRY 5"" WILD CHERRY - [GNIIC533]; SAMPLE - GII WILD CHERRY - [GNII5SBC33]; WLD CHERRY - 5/8"" T-MOULD 8' WILD CHERRY - [GCTMCF33]; CHERRY - 1/2"" BASESHOE WILD CHERRY - [GCBSCH33]; GIII DIST - *G3 P.CHERRY 5"" WILD CHERRY - [GHIIIC533]; DISTRESSED - *G3 NOSING WILD CHERRY - [GCNO7CH33]; *G3 REDUCER WILD CHERRY - [GCRE7CH33]; 1/2"" - SAMPLE - G3 WILD CHERRY - [GHIII5SBC33]; DEEP EMBOSSED - LUXURY VINYL WILD CHERRY - [GVLX003]; CHERRY - GII 7' T-MOULD WILD CHERRY - [GCIITM7C33]; CHERRY - GII 8' T-MOULD WILD CHERRY - [GCIITM8C33]; CHERRY - GII 7' REDUCER WILD CHERRY - [GCIIRE7C33]; CHERRY - GII 8' REDUCER WILD CHERRY - [GCIIRE8C33]; DISTRESSED - GII 7' NOSING WILD CHERRY - [GCIINO7C33]; DISTRESSED - GII 8' NOSING WILD CHERRY - [GCIINO8C33]",15
WILD TUNDRA,5/8 X 7-1/2 WILD TUNDRA - [OAFOGO15],1
WILD WALNUT,LAMINATE T-MOLD WILD WALNUT - [LALXTMPEWW12]; LAMINATE END CAP WILD WALNUT - [LALXECPEWW12],2
WIREBRUSHED,WINE YARD - 3/4 X 6 EURO OAK WIREBRUSHED - [CWR0111F]; NATURAL - 3/4 X 6 EURO OAK WIREBRUSHED - [CWR0109F]; OLD CASTLE - 3/4 X 6 EURO OAK WIREBRUSHED - [CWR0110F]; SIERRA - 3/4 X 6 EURO OAK WIREBRUSHED - [CWR0112F],4
WST VILLAGE,"METROPOLITAN SPC - 6.5MM X 7"" X 60"" - WST.VILLAGE - [GVMP706]",1
YARD PETRUS,V.YARD 8' BABY T-HOLD PETRUS - [GCVYBT8O905],1
YELLOWSTONE,"AQUABLUE II BY GARRISON - 12MM 9"" X 72""- YELLOWSTONE OAK - [GVWPCII103]; AQUA BLUE II BY GARRISON - REDUCER - YELLOWSTONE OAK - [GVWPCIIRE103]; AQUA BLUE II BY GARRISON - T-MOULDING - YELLOWSTONE OAK - [GVWPCIITM103]",3
ZODIAC WSPC,WATERFALL ORIGINAL - SAMPLE SET - ZODIAC WSPC - [GCSASET49]; HANDSET - ZODIAC WSPC - [GCKEYSET61],2
10.25 LODI,"LEGENDS - EURO OAK 10.25"" LODI - [GFLEO1002]",1
2.25 O S E,CONTRACTOR'S CHOICE - 5/8 X 2-1/4 PREMIUM W/O S.E - [GFCOO214PS],1
3.25 O NAT,"CRYSTAL VALLEY - W/O NAT. ENG 3-1/4"" 2MM - [GHCVO31438]; CRYSTAL VALLEY - R/O NAT. ENG 3-1/4"" 2MM - [GHCVR31438]",2
3.25 O S E,CONTRACTOR'S CHOICE - 5/8 X 3 1/4 PREMIUM W/O S.E - [GFCOO314PS],1
5 BEAUFORT,"CAROLINA CLASSIC - HICKORY 5"" BEAUFORT - [GHCCH588]",1
5 CHESTNUT,"COMPETITION BUSTER - 3/8 X 5 DIST BIRCH CHESTNUT - [ETCBB506]; GII DISTRESSED - MAPLE 5"" CHESTNUT DISTRESSED - [GNIIM506]; GII SMOOTH - MAPLE 5"" SMOOTH CHESTNUT - [GNSSM506]",3
5 ESPRESSO,"GII DISTRESSED - MAPLE 5"" ESPRESSO DISTRESSED - [GNIIM508]; GII SMOOTH - MAPLE 5"" SMOOTH ESPRESSO - [GNSSM508]",2
5 PR WHEAT,"CRYSTAL VALLEY - W/O PR.WHEAT ENG 5"" 2MM - [GHCVO568]",1
7.5 ALTURA,"ALLORA - EURO OAK 7.5"" ALTURA - [GFALO7501]; ALLORA - EURO OAK 7.5"" ALTURA SELECT - [GFALO7501S]",2
7.5 BIANCA,"LEGENDS - EURO OAK 7.5"" BIANCA - [GFLEO7501]",1
7.5 CARMEL,"NEWPORT - EURO OAK 7.5"" CARMEL (1/2"") - [GHNPO200]",1
7.5 LUGANA,"LEGENDS - EURO OAK 7.5"" LUGANA - [GFLEO7505]",1
7.5 STRADA,"ALLORA - EURO OAK 7.5"" STRADA - [GFALO7506]",1
8.625 DUNE,"PRIVATE SELECTION - EURO OAK 8-5/8"" DUNE - [GNPSO85803]",1
8.625 GOBI,"PRIVATE SELECTION - EURO OAK 8-5/8"" GOBI - [GNPSO85806]",1
8.625 MESA,"PRIVATE SELECTION - EURO OAK 8-5/8"" MESA - [GNPSO85802]",1
9.5 ALPINE,"BEVERLY HILLS - EURO OAK 9.5"" ALPINE - [GFBHO9507]",1
9.5 ALTURA,"ALLORA - EURO OAK 9.5"" ALTURA - [GFALO9501]",1
9.5 DOHENY,"BEVERLY HILLS - EURO OAK 9.5"" DOHENY - [GFBHO9508]",1
9.5 VERONA,"LEGENDS - EURO OAK 9.5"" VERONA - [GFLEO9505]",1
9.5 WALDEN,"BEVERLY HILLS - EURO OAK 9.5"" WALDEN - [GFBHO9506]",1
ACA BRONZE,ACACIA - EX. 8' BABY T-HOLD ACA.BRONZE - [GCEXBT8A146]; WIRE RACK - PANEL - EXO. ACA. BRONZE - [GCSBEXA5146-1724],2
ACACIA NAT,"CRYSTAL VALLEY - ACACIA SOLID DIST.4-7/8"" NAT. - [GQCVDA47838]; ACACIA - EXOTIC 7' T-MOULD ACACIA NAT - [GCEXTM7A38]; ACACIA - EXOTIC 8' T-MOULD ACACIA NAT - [GCEXTM8A38]; EX. 1/2"" 7' NOSING ACACIA NAT. - [GCEXNO7A38]; EX. 1/2"" 8' NOSING ACACIA NAT. - [GCEXNO8A38]; EX. 1/2"" 4' NOSING ACACIA NAT. - [GCEXNO4A38]; ACACIA - EXOTIC 4' T-MOULD ACACIA NAT - [GCEXTM4A38]; EX. 1/2"" 6' NOSING ACACIA NAT. - [GCEXNO6A38]",8
AFR WALNUT,ELEGANCE REDUCER AFR. WALNUT - [YHS9801],1
AIR CASING,MDF - NONSTOCK - 3/4 X 3-1/4 BEL-AIR CASING - [MOCAMD129MUL],1
ALDER BASE,ALDER - NONSTOCK - 9/16 X 5 1/4 ALDER BASE - [MOBBALD315]; ALDER - NONSTOCK - 9/16 X 3 1/4 ALDER BASE - [MOBBALD314-3]; ALDER - NONSTOCK - 5/8 X 4-3/8 ALDER BASE - [MOBBALD348],3
ALMOND SPC,"ALMOND SPC (20MIL) - 6.5MM 9"" X 60"" ALMOND SPC - [GDSPW36271]",1
ALPINE 9.5,"BEVERLY HILLS - EURO OAK 9.5"" ALPINE - [GFBHO9507]",1
ALTURA 7.5,"ALLORA - EURO OAK 7.5"" ALTURA - [GFALO7501]; ALLORA - EURO OAK 7.5"" ALTURA SELECT - [GFALO7501S]",2
ALTURA 9.5,"ALLORA - EURO OAK 9.5"" ALTURA - [GFALO9501]",1
ALTURA SEL,"PANEL - ALLORA 7.5"" ALTURA SEL - [GCSBAL7501S-2228]",1
AMBER EKKI,LAMINATE DIST AMBER EKKI - [LACWS8214],1
AMBER PREF,9/16 X 3 1/2 MAPLE AMBER PREF. - [TM916312MA],1
AMELIA PLY,"DU BOIS - EURO OAK 7.5"" AMELIA 2 PLY - [GFDBO71942P]",1
AMER CHERR,1/2 X 2 REDUCER - AMER. CHERR - [MORE12C]; HERITAGE - OASIS 9/16 X 5 DIST.AMER CHERR - [OAN5ACDH],2
ANT CARAME,FRENCH CONN. NOSING ANT.CARAME - [GCNOFOF79],1
ANT WALNUT,ANT WALNUT - LAMINATE T MOLDING ANT. WALNUT - [LATMHM45TM],1
AREZZO PLY,"VILLA GIALLA - EURO OAK 9-1/2"" AREZZO 2 PLY - [GFVGO9012P]",1
ART STUDIO,5/8 X 7-1/2 ART STUDIO - [OAFOGO14],1
ASIAN MAPL,NATURAL - OASIS 9/16 X 3-9/16 ASIAN MAPL - [OA9163AME],1
AUTUMN PLY,"GII DIST - WHITE OAK 5"" AUTUMN 2PLY - [GNIIO5132P]",1
AVENZA PLY,"DOLCE CAPRI - EURO OAK 9.5"" AVENZA 2 PLY - [GQCHO951012P]",1
B H ALPINE,B.H BABY T-HOLD ALPINE - [GCBHBT8O07],1
B H DOHENY,B.H BABY T-HOLD DOHENY - [GCBHBT8O08],1
B H WALDEN,B.H BABY T-HOLD WALDEN - [GCBHBT8O06],1
B PARADISE,OAK - NEWPORT 8' B. T-HOLD PARADISE - [GCNPBT8O212],1
B SHORTS O,"1/2"" X 2"" S/B SHORTS R/O - [RH2SRSHOS]",1
BAM STRAND,"CARBONIZED - BAM STRAND  1/2X 3-3/4 X37-3/4 - [BA37SC]; CARBONIZED - BAM STRAND 9/16 X 3-3/4"" X 72"" - [BA72NSC]; NATURAL - BAM STRAND 5/8 X 3-1/2 X 72"" - [BAFF72SN]",3
BAMBOO HDF,CARBONIZED - 3/8 X 5 WOVEN BAMBOO HDF - [TECLBO301F]; CARBONIZED - QUARTER ROUND WOVEN BAMBOO HDF - [TECLBQW-C]; CARBONIZED - REDUCER WOVEN BAMBOO HDF - [TECLBRW01C],3
BAMBOO HOR,CARBONIZED - BAMBOO 5/8 X 5-3/8 X 7-1/2 HOR - [BA725HC],1
BEACH SAND,"BEACH SAND - LAMINATE T-MOULD BEACH SAND - [LALXTMHS10]; BEACH SAND - LAMINATE END CAP BEACH SAND - [LALXECHS10]; BEACH SAND - LAMINATE REDUCER BEACH SAND - [LALXREHS10]; BEACH SAND - LAMINATE QTR BEACH SAND - [LALXQRHS10]; BEACH SAND - FLUSH NOSING BEACH SAND - [LALXFNOHS10]; BEACH SAND - *LAMINATE NOSING BEACH SAND - [LALXNOHS10]; HANDSCRAPED - 12MM 6.5"" BEACH SAND - [GLAWHS01]; BEACH SAND - LAMINATE TREAD BEACH SAND - [LALXTRHS10]",8
BEAD CROWN,MDF - NONSTOCK - 11/16X 3-1/4 SINGLE BEAD CROWN - [MOCMMD441MUL],1
BEAUFORT 5,"CAROLINA CLASSIC - HICKORY 5"" BEAUFORT - [GHCCH588]",1
BEJORK COL,GOLDEN OAK - BEJORK COL. REDUCER - [SFREHXM67]; GOLDEN OAK - BEJORK COL. T - MOULDING - [SFTMHXM67],2
BELLAGIO V,BELLAGIO 8' BABY-T V.WHITE - [GCBLBT8O87]; BELLAGIO 8' NOSING V.WHITE - [GCBLNO8O87]; BELLAGIO 8' REDUCER V.WHITE - [GCBLRE8O87]; BELLAGIO 8' T-MOULD V.WHITE - [GCBLTM8O87],4
BEVEL EDGE,3/4 x 3 W/O BEVEL EDGE - [RQ3SOB]; 3/4 x 3 R/O BEVEL EDGE - [RQ3SRB]; 3/4 x 4 W/O BEVEL EDGE - [RQ4SOB]; 3/4 x 4 R/O BEVEL EDGE - [RQ4SRB]; *INDIANA* - 3/4 x 5 W/O BEVEL EDGE - [RQ5SOB]; *INDIANA* - 3/4 x 5 R/O BEVEL EDGE - [RQ5SRB]; *INDIANA* - 3/4 x 6 W/O BEVEL EDGE - [RQ6SOB]; *INDIANA* - 3/4 x 6 R/O BEVEL EDGE - [RQ6SRB]; *INDIANA* - 3/4 x 7 W/O BEVEL EDGE - [RQ7SOB]; *INDIANA* - 3/4 x 7 R/O BEVEL EDGE - [RQ7SRB]; CON.CHOICE - *5/8 X 5 CHAR.AM/CH.BEVEL EDGE - [GFCOC5CSBE]; MUST QUOTE - *3/4 x 8 R/O BEVEL EDGE - [RQ8SRB]; MUST QUOTE - *3/4 x 8 W/O BEVEL EDGE - [RQ8SOB],13
BH REXFORD,WATERFALL - PANEL - BH REXFORD - [GCSBBH9504-2828],1
BH ROXBURY,WATERFALL - PANEL - BH ROXBURY - [GCSBBH9509-2828],1
BIANCA 7.5,"LEGENDS - EURO OAK 7.5"" BIANCA - [GFLEO7501]",1
BLACK RACK,GARRISON BLACK WATERFALL RACK - [GCRACK13],1
BLDR NATUR,3/4 X 3 1/4 BLDR RED OAK NATUR - [UW34314BRN],1
BLK CHERRY,CHERRY - GII BABY TRESHOLD BLK.CHERRY - [GCBT7CF29],1
BLK WALNUT,MAX WINSOR REDUCER BLK WALNUT - [MWRE90]; ACACIA DISTRESSED - CRY.VAL 7' T-MOULD BLK WALNUT - [GCCVSTM7A16]; ACACIA DISTRESSED - CRY.VAL 8' T-MOULD BLK WALNUT - [GCCVSTM8A16]; ACACIA - EX. 8' BABY T-HOLD BLK.WALNUT - [GCEXBT8A16]; ACACIA DISTRESSED - CRY.VAL 4' T-MOULD BLK WALNUT - [GCCVSTM4A16]; EXOTIC 6' T-MOULD A.BLK WALNUT - [GCEXTM6A16],6
BONE NESSO,DAVINCI - 5X24 HERR.BONE NESSO UV OIL(L) - [GNDVPHO513O-L]; DAVINCI - 5X24 HERR.BONE NESSO UV OIL(R) - [GNDVPHO513O-R],2
BRONZE OMP,"25"" X 28"" - PANEL - EXO. ACA. BRONZE *OMP* - [GCSBEXA5146-2528]",1
BRZ CHERRY,LF - SPEC.ORDER MOULDING BRZ/CHERRY - [MOSOBLF]; LF - SPEC.ORDER MOULDING BRZ/CHERRY - [MOSOBEA]; WIRE RACK - PANEL - EXO. BRZ. CHERRY - [GCSBEXB538-1724],3
BURM MAHOG,NATURAL - ELEGA 9/16 X 4-3/4 BURM MAHOG - [YHSSEW0030]; NATURAL - ELEGA 9/16 X 3-1/2 BURM MAHOG - [YHSSE0030],2
BURMA TEAK,NATURAL - 5/8 X 4 7/8 X 3' BURMA TEAK - [FFF478SBT],1
BURTON WAY,"BEVERLY HILLS - EURO OAK 9.5"" BURTON WAY - [GFBHO9501]; BEV.HILLS NOSING BURTON WAY - [GCBHNO8O01]; BEV.HILLS T-MOULD BURTON WAY - [GCBHTM8O01]; B.H BABY T-HOLD BURTON WAY - [GCBHBT8O01]; BEV.HILLS REDUCER BURTON WAY - [GCBHRE8O01]; BEV.HILLS BASESHOE BURTON WAY - [GCBHBSO01]; WATERFALL - PANEL - BH BURTON WAY - [GCSBBH9501-2828]",7
BUSTER UNF,DISTRESSED - COMP.BUSTER NOSING UNF. BIRCH - [GCNO7BIT00],1
BUTTER SPC,"BUTTER OAK SPC (20MIL) - 6.5MM 9"" X 60"" BUTTER OAK SPC - [GDSPW51572]",1
BUTTERCOTT,"CHERRY - 1/2"" BASESHOE BUTTERCOTT - [GCBSCH03]",1
C BEAUFORT,WIRE RACK - PANEL - CAROLINA C. BEAUFORT - [GCSBCCH588-1724],1
C GENESSEE,WATERFALL - PANEL - CNYN.C. GENESSEE - [GCSBCY1004-2828],1
C GLENWOOD,WATERFALL - PANEL - CNYN.C. GLENWOOD - [GCSBCY1005-2828]; WATERFALL - PANEL - CNYN.C. GLENWOOD <N/L> - [GCSBCY1005-2828PL],2
C SIDE CAP,C.SIDE 8' BABY-T WHITE CAP - [GCCSBT8O08],1
C V GOLDEN,"C.V 1/2"" 8' NOSING GOLDEN OAK - [GCCVNO8OH45]; C.V 9/16"" 8' NOSING GOLDEN OAK - [GCCVNO8ON45]",2
C V W O SE,"SAMPLE - C.V 5"" W/O 4MM SE - [GNCVSBO38S]",1
CAFE CREAM,LAMINATE BABY-T CAFE CREAM - [LABTL90186],1
CAFE CREME,LAMINATE CAFE CREME - [LACWL90186]; LAMINATE NOSING CAFE CREME - [LANOCWL90186]; LAMINATE T-MOLD CAFE CREME - [LATMCWL90186]; LAMINATE BABY-T CAFE CREME - [LABTCWL90186]; LAMINATE REDUCER CAFE CREME - [LARECWL90186],5
CAFFE HERR,WATERFALL - PANEL - FR.CON. CAFFE HERR. - [GCSBFCPH5167-2828]; WATERFALL - PANEL - FC CAFFE HERR. <N/L> - [GCSBFCPH51672828PL],2
CALI SEL O,"NATURAL - OMP CALI 9/16 X 5 SEL R/O - [OMPN5SR38]; NATURAL - OMP CALI 9/16 X 3"" SEL R/O - [OMPN3SR38]",2
CANT AGAVE,WIRE RACK - PANEL - CANT. AGAVE - [GCSBCAM75201-1724]; WIRE RACK - PANEL - CANT. AGAVE <N/L> - [GCSBCAMPL752011724],2
CANTERBURY,"WALNUT - 5/8"" T-MOULD CANTERBURY - [GCTM7WF10]; WALNUT - 5/8"" BABY TRESHOLD CANTERBURY - [GCBT7WF10]; WALNUT - 1/2"" REDUCER CANTERBURY - [GCRE7WH10]; WALNUT - 1/2"" BASESHOE CANTERBURY - [GCBSWH10]",4
CAP APOLLO,MYTHOLOGY - END CAP - APOLLO - [GVGAEC702],1
CAP ARCHES,GARRISON END CAP ARCHES - [GCLAEC7501],1
CAP ATHENA,MYTHOLOGY - END CAP - ATHENA - [GVGAEC703],1
CAP AURORA,ILLUMIN8 END CAP AURORA - [GLILEC801],1
CAP BASTIA,LAMINATE - *GARRISON END CAP BASTIA - [GCLAEC009],1
CAP BEAUTE,*LAMINATE END CAP BEAUTE - [LALXECRH05],1
CAP BRONZE,ELEMENTS - END CAP - BRONZE - [GVSPCEC702],1
CAP CHERRY,LAMINATE END CAP RED CHERRY - [LALXECHG02],1
CAP COPPER,ELEMENTS - END CAP - COPPER - [GVSPCEC902]; VINYLNOVA - END CAP - COPPER - [GVVNEC903],2
CAP COSMOS,VINYLNOVA - END CAP - COSMOS - [GVVNEC904],1
CAP DAHLIA,SECRET GARDEN SPC - END CAP - DAHLIA - [GVSGEC702],1
CAP DAKOTA,AQUA BLUE II BY GARRISON - END CAP - DAKOTA OAK - [GVWPCIIEC112],1
CAP GALAXY,VINYLNOVA - END CAP - GALAXY - [GVVNEC906],1
CAP GEMINI,ZODIAC WSPC - END CAP - GEMINI - [GVZOEC7504]; ZODIAC SOLID - END CAP - GEMINI SOLID - [GVZOEC7504S]; ZODIAC - SOLID END CAP - GEMINI - [GVZOECS7504],3
CAP HAVASU,AQUA BLUE II BY GARRISON - END CAP - HAVASU OAK - [GVWPCIIEC107],1
CAP HUDSON,METROPOLITAN - END CAP - HUDSON - [GVMPEC905],1
CAP KATMAI,GARRISON END CAP KATMAI - [GCLAEC7508],1
CAP LUSTER,ILLUMIN8 END CAP LUSTER - [GLILEC807],1
CAP MARINA,AQUA BLUE BY GARRISON - END CAP - MARINA OAK - [GVWPCEC103],1
CAP NEBULA,VINYLNOVA - END CAP - NEBULA - [GVVNEC910],1
CAP NICKEL,ELEMENTS - END CAP - NICKEL - [GVSPCEC1201],1
CAP NOLITA,METROPOLITAN - END CAP - NOLITA - [GVMPEC704],1
CAP ORCHID,SECRET GARDEN SPC - END CAP - ORCHID - [GVSGEC708],1
CAP PISCES,ZODIAC WSPC - END CAP - PISCES - [GVZOEC7507],1
CAP PRINCE,MEGACLIC END CAP PRINCE - [LAMCECDN8710],1
CAP PUEBLO,AQUA BLUE BY GARRISON - END CAP - PUEBLO OAK - [GVWPCEC106],1
CAP RUSSIA,RUSSIAN BLACK OAK - PARADISE VALLEY END CAP RUSSIA - [LAPVECO02],1
CAP SILVER,ELEMENTS - END CAP - SILVER - [GVSPCEC901]; SILVER OAK - PARADISE VALLEY END CAP SILVER - [LAPVECO03],2
CAP SMOKEY,SMOKEY OAK - LAMINATE END CAP SMOKEY OAK - [LAECREHX66EC],1
CAP SUNSET,END CAP SUNSET HICKORY - [LAPESH12EC],1
CAP TAURUS,ZODIAC WSPC - END CAP - TAURUS - [GVZOEC7509]; ZODIAC SOLID - END CAP - TAURUS SOLID - [GVZOEC7509S]; ZODIAC - SOLID END CAP - TAURUS - [GVZOECS7509],3
CAP VESOUL,LAMINATE - *GARRISON END CAP VESOUL - [GCLAEC003],1
CAP W RABT,"MDF - NONSTOCK - PANEL CAP W/3/8"" RABT-336 - [MOPCMD734MUL]",1
CAPPUCCINO,"CRBZ MAPLE - SAMPLE - SMOOTH 5"" CAPPUCCINO - [GNSS5MCSB131]",1
CARBONIZED,DK.WENGE - 9/16 X 4-3/4 CARBONIZED MAPLE - [ENNCM434DW],1
CARMEL 7.5,"NEWPORT - EURO OAK 7.5"" CARMEL (1/2"") - [GHNPO200]",1
CAROLINA C,WATERFALL ORIGINAL - SAMPLE SET - CAROLINA C. <OB> - [GCSASET13]; WIRE RACK - SAMPLE SET - CAROLINA C. - [GCSETCC-1724]; WIRE RACK - SAMPLE SET - CAROLINA C. <N/L> - [GCSETCC-1724PL],3
CASING MDF,MDF - NONSTOCK - 9/16 X 2 CLAMSHELL CASING MDF - [MOCAMD121MBB]; MDF - 9/16 X 2 1/4 2RE CASING MDF - [MOCAMD120MUL]; MDF - NONSTOCK - 3/4 X 2 3/4 2RE CASING MDF - [MOCAMD122MUL],3
CB ANTIQUE,HICKORY - CB 7' BABY THRESHOLD ANTIQUE - [GCCBBT7H23]; HICKORY - CB 8' BABY THRESHOLD ANTIQUE - [GCCBBT8H23]; HICKORY - CB 7' T-MOULD ANTIQUE - [GCCBTM7H23]; HICKORY - CB 8' T-MOULD ANTIQUE - [GCCBTM8H23]; HICKORY - CB 7' REDUCER ANTIQUE - [GCCBRE7H23]; HICKORY - CB 8' REDUCER ANTIQUE - [GCCBRE8H23]; HICKORY - CB 7' NOSING ANTIQUE - [GCCBNO7H23]; HICKORY - CB 8' NOSING ANTIQUE - [GCCBNO8H23],8
CB HARVEST,BIRCH - CB 7' BABY THRESHOLD HARVEST - [GCCBBT7B17]; BIRCH - CB 8' BABY THRESHOLD HARVEST - [GCCBBT8B17]; BIRCH - CB 7' T-MOULD HARVEST - [GCCBTM7B17]; BIRCH - CB 8' T-MOULD HARVEST - [GCCBTM8B17]; BIRCH - CB 7' REDUCER HARVEST - [GCCBRE7B17]; BIRCH - CB 8' REDUCER HARVEST - [GCCBRE8B17]; BIRCH - CB 7' NOSING HARVEST - [GCCBNO7B17]; BIRCH - CB 8' NOSING HARVEST - [GCCBNO8B17],8
CB TRUFFLE,BIRCH - CB 7' BABY THRESHOLD TRUFFLE - [GCCBBT7B144]; BIRCH - CB 8' BABY THRESHOLD TRUFFLE - [GCCBBT8B144]; BIRCH - CB 7' T-MOULD TRUFFLE - [GCCBTM7B144]; BIRCH - CB 8' T-MOULD TRUFFLE - [GCCBTM8B144]; BIRCH - CB 7' REDUCER TRUFFLE - [GCCBRE7B144]; BIRCH - CB 8' REDUCER TRUFFLE - [GCCBRE8B144]; BIRCH - CB 7' NOSING TRUFFLE - [GCCBNO7B144]; BIRCH - CB 8' NOSING TRUFFLE - [GCCBNO8B144],8
CB VINTAGE,HICKORY - CB 7' BABY THRESHOLD VINTAGE - [GCCBBT7H141]; HICKORY - CB 8' BABY THRESHOLD VINTAGE - [GCCBBT8H141]; HICKORY - CB 7' T-MOULD VINTAGE - [GCCBTM7H141]; HICKORY - CB 8' T-MOULD VINTAGE - [GCCBTM8H141]; HICKORY - CB 7' REDUCER VINTAGE - [GCCBRE7H141]; HICKORY - CB 8' REDUCER VINTAGE - [GCCBRE8H141]; HICKORY - CB 7' NOSING VINTAGE - [GCCBNO7H141]; HICKORY - CB 8' NOSING VINTAGE - [GCCBNO8H141],8
CELINE PLY,"DU BOIS - EURO OAK 7.5"" CELINE 2 PLY - [GFDBO71832P]",1
CH SURVANA,OAK - CH 7' BABY THRESHOLD SURVANA - [GCCHBT7O107]; OAK - CH 8' BABY THRESHOLD SURVANA - [GCCHBT8O107]; OAK - CH 7' T-MOULD SURVANA - [GCCHTM7O107]; OAK - CH 8' T-MOULD SURVANA - [GCCHTM8O107]; OAK - CH 7' REDUCER SURVANA - [GCCHRE7O107]; OAK - CH 8' REDUCER SURVANA - [GCCHRE8O107]; OAK - CH 7' NOSING SURVANA - [GCCHNO7O107]; OAK - CH 8' NOSING SURVANA - [GCCHNO8O107],8
CHAIN SETS,OASIS CHAIN SETS - [OACHAIN]; UNITED CHAIN SETS - [UW CHAIN],2
CHAIR RAIL,MDF - NONSTOCK - 9/16 X 2-1/2 UL CHAIR RAIL - [MOCRMD651MUL]; MDF - NONSTOCK - 3/4 X 3 BEAD&BARREL CHAIR RAIL - [MOCRMD649MUL]; MDF - NONSTOCK - 1 X 3-1/2 MALIBU CHAIR RAIL - [MOCRMD647MUL],3
CHERRY COV,1/2 X 1/2 BRAZILIAN CHERRY COV - [MOCV1212B],1
CHERRY M B,UNFIN - 1/2 x 5 MILL RUN CHERRY M.B. - [GCUNC500]; 5/8 X 5 CHARACTER CHERRY M.B - [AMF5CCM]; 5/8 X 5 CHARACTER CHERRY M.B - [ENF5CCM]; NATURAL - 3/4 X 5 BRAZ/CHERRY M.B - [PFQ5BM]; 5/8 X 3 CHARACTER CHERRY M.B - [AMF3CCM]; 5/8 X 7 CHARACTER CHERRY M.B - [AMF7CCM]; NATURAL - 3/4 X 3 BRAZ/CHERRY M.B - [PFQ3BM]; NATURAL - 3/4 X 4 BRAZ/CHERRY M.B - [PFQ4BM]; NATURAL - 3/4 X 3 AMERICAN CHERRY M.B - [PFQ3CM],9
CHERRY NAT,"BRAZILIAN CHERRY - 1/2"" BASESHOE BRAZ/CHERRY NAT. - [GCBSBH38]; NATURAL - OASIS 9/16"" CHERRY NOSING NAT. - [OANONCN]; GII BABY T-HOLD BR/CHERRY NAT - [GCBT7BF38]; BRAZILIAN CHERRY - GII REDUCER BRAZ/CHERRY NAT. - [GCRE7BN38]; NATURAL - OASIS 1/2"" CHERRY NOSING NAT. - [OANOHCN]; HI-GLOSS - LAMINATE T-MOLD B-CHERRY NAT - [LATML12PSSBC]; HI GLOSS - LAMINATE REDUCER B.CHERRY NAT - [LAREL12PSSBC]; HI GLOSS - LAMINATE NOSING B.CHERRY NAT. - [LANOL12PSSBC]; HI-GLOSS - LAMINATE BABY-T B.CHERRY NAT - [LABTL12PSSBC]; CHERRY NAT - LAMINATE REDUCER CHERRY NAT. - [LARECW24190]; CHERRY NAT - LAMINATE REDUCER CHERRY NAT. - [LAREED733]; SMOOTH - 1/2 X 4-3/4 2MM BR/CHERRY NAT - [ENHB43478]; BRAZILIAN CHERRY NATURAL - 3/4 X 4-3/4"" BRAZ/CHERRY NAT. - [PFQ434BC]; EXOTIC BASESHOE BR/CHERRY NAT. - [GCEXBSBH38]",14
CHERRY O G,5/8 X 3 1/2 BRAZ. CHERRY O.G. - [MOOG583B],1
CHERRY OMP,"25"" X 28"" - PANEL - EXO. BRZ. CHERRY *OMP* - [GCSBEXB538-2528]",1
CHERRY PLY,"GII DIST - P.CHERRY 5"" CHOC.CHERRY 2PLY - [GNIIC5242P]; GII DIST - P. CHERRY 5"" WILD CHERRY 2PLY - [GNIIC5332P]",2
CHERRY RUM,"TIME INSPR - CHERRY 5"" RUM                * - [GCTIC505]",1
CHERRY S E,5/8 X 4 ENG. BRAZ. CHERRY S.E. - [AM584SBSU]; 5/8 X 5 ENG. BRAZ. CHERRY S.E. - [AM585SBSU]; CON.CHOICE - 5/8 X 3-1/4 CLR BR/CHERRY S.E - [GFCC314CBS]; CON.CHOICE - 5/8 X 3-1/4 SEL BR/CHERRY S.E - [GFCC314SBS]; CON.CHOICE - 5/8 X 4 CLEAR BRAZ/CHERRY S.E - [GFCC4CBS]; CON.CHOICE - 5/8 X 4 SELECT BRAZ/CHERRY S.E - [GFCC4SBS]; CON.CHOICE - 5/8 X 5 CLEAR BRAZ/CHERRY S.E - [GFCC5CBS]; CON.CHOICE - 5/8 X 5 SELECT BRAZ/CHERRY S.E - [GFCC5SBS]; CON.CHOICE - *5/8 X 3 1/4 CHAR.A/CHERRY S.E - [GFCOC314CS]; CON.CHOICE - *5/8 X 4 CHAR. AM/CHERRY S.E - [GFCOC4CS]; CON.CHOICE - 5/8 X 5 CHAR. AM/CHERRY S.E - [GFCOC5CS]; CON.CHOICE - *5/8 X 6 CHAR. AM/CHERRY S.E - [GFCOC6CS]; CON.CHOICE - *5/8 X 7 CHAR. AM/CHERRY S.E - [GFCOC7CS]; UNFINISHED - 3/4 X 5 FAS A. CHERRY S.E. L/L - [LQ5FCS]; CON.CHOICE - *5/8 X 3 1/4 PREM.A/CHERRY S.E - [GFCOC314PS]; CON.CHOICE - *5/8 X 4 PREMIUM AM/CHERRY S.E - [GFCOC4PS]; CON.CHOICE - *5/8 X 5 PREMIUM AM/CHERRY S.E - [GFCOC5PS]; CON.CHOICE - *5/8 X 6 PREMIUM AM/CHERRY S.E - [GFCOC6PS]; CON.CHOICE - *5/8 X 7 PREMIUM AM/CHERRY S.E - [GFCOC7PS],19
CHERRY UNF,"DISTRESSED - 7-1/4 RISER BRAZ/CHERRY UNF. - [GCRIBQ00]; DISTRESSED - GII""NOSING CHERRY UNF. 8' - [GCNO8CN00]",2
CHERRYWOOD,NOSING CHERRYWOOD - [YHNO0012],1
CHESAPEAKE,"HICKORY - 1/2"" BASESHOE CHESAPEAKE - [GCBSHH04]",1
CHESTNUT 5,"COMPETITION BUSTER - 3/8 X 5 DIST BIRCH CHESTNUT - [ETCBB506]; GII DISTRESSED - MAPLE 5"" CHESTNUT DISTRESSED - [GNIIM506]; GII SMOOTH - MAPLE 5"" SMOOTH CHESTNUT - [GNSSM506]",3
CHESTNUT P,"GII SMOOTH - MAPLE 5"" SM. CHESTNUT 2P - [GNSSM5062P]",1
CHO CHERRY,"CRYSTAL VALLEY - *W/O SOLID DIST. 5"" CHO.CHERRY - [GQCVDO555]; 3/4 X 3-1/4 R/O CHO. CHERRY - [PFQ3141R24]; 3/4 X 2-1/4 R/O CHO. CHERRY - [PFQ2141R24]",3
CL CLEMSON,OAK - SAMPLE - CAROLINA CL. CLEMSON - [GHCC5OSB97],1
CL RALEIGH,MAPLE - SAMPLE - CAROLINA CL. RALEIGH - [GHCC5MSB94],1
CL WINSTON,HICKORY - SAMPLE - CAROLINA CL. WINSTON - [GHCC5HSB91],1
CLR PREFIN,NATURAL - 3/4 X 2 1/4 CLR MAPLE PREFIN. - [TM34214FM],1
COAST ICON,BCDE GRADE - 5/8 X 7-1/2 COAST ICON - [OAFOGO3],1
COD CORNER,MDF CORNER - NONSTOCK - 9/16 X 5-1/4 B CAPE COD CORNER - [MOCOMD450]; MDF CORNER - NONSTOCK - 9/16 X 5-1/4 B CAPE COD CORNER - [MOCOMD318BMULW],2
COGNAC PLY,"FRENCH CONNECTION - EURO OAK 7"" COGNAC 2 PLY - [GFFCOB7952P]",1
CON COGNAC,WATERFALL - PANEL - FR.CON. COGNAC - [GCSBFC795-2828]; WATERFALL - PANEL - FR.CON. COGNAC <N/L> - [GCSBFC795-2828PL],2
CON LIMOGE,WATERFALL - PANEL - FR.CON. LIMOGE - [GCSBFC740-2828]; WATERFALL - PANEL - FR.CON. LIMOGE <N/L> - [GCSBFC740-2828PL],2
CONN CAFFE,FRENCH CONN. BASESHOE CAFFE - [GCBSOH167],1
CONN CLOUD,FRENCH CONN. BASESHOE CLOUD - [GCBSOH168],1
CONN PARIS,FRENCH CONN. BASESHOE PARIS - [GCBSOH78],1
CONN SYRAH,FRENCH CONN. BASESHOE SYRAH - [GCBSOH117],1
CONN UNFIN,FRENCH CONN. NOSING UNFIN. - [GCNOFOF00]; FRENCH CONN. NOSING UNFIN.8' - [GCNOFOF008]; FRENCH CONN. NOSING 8' UNFIN. - [GCFCNO8O00],3
COPEN HILL,"AQUASHIELD AC4 - 12MM 9.37"" X 60"" COPEN HILL - [LAMCAS3212]; MEGACLIC T-MOLD COPEN HILL - [LAMCTMAS3212]; MEGACLIC REDUCER COPEN HILL - [LAMCREAS3212]; MEGACLIC END CAP COPEN HILL - [LAMCECAS3212]",4
CR VAL MAP,NATURAL - SAMPLE-CR VAL. 1/2 X 3-1/4 MAP - [GHCV314SBM38],1
CR VAL W O,MTN. WHEAT - SAMPLE-CR VAL. 3/4 X 2-1/4 W/O - [GQCV214SBO40]; D. ROSE - SAMPLE-CR VAL. 3/4 X 2-1/4 W/O - [GQCV214SBO35]; NATURAL - SAMPLE-CR VAL. 3/4 X 2-1/4 W/O - [GQCV214SBO38]; NATURAL - SAMPLE-CR VAL. 3/4 X 3-1/4 W/O - [GQCV314SBO38]; NATURAL - SAMPLE-CR VAL. 1/2 X 3-1/4 W/O - [GHCV314SBO38]; GOLDEN OAK - SAMPLE-CR VAL. 1/2 X 3-1/4 W/O - [GHCV314SBO45]; GUNSTOCK - SAMPLE-CR VAL. 1/2 X 3-1/4 W/O - [GHCV314SBO47]; HONEYROSE - SAMPLE-CR VAL. 1/2 X 3-1/4 W/O - [GHCV314SBO49]; GUNSTOCK - SAMPLE-CR VAL.3/4 X 5 W/O DIST - [GQCVD5SBO47]; HONEY OAK - SAMPLE-CR VAL.3/4 X 5 W/O DIST - [GQCVD5SBO53]; CHO.CHERRY - SAMPLE-CR VAL.3/4 X 5 W/O DIST - [GQCVD5SBO55]; RED WINE - SAMPLE-CR VAL.3/4 X 5 W/O DIST - [GQCVD5SBO73]; BLK STONE - SAMPLE-CR VAL.3/4 X 5 W/O DIST - [GQCVD5SBO74]; ANT.OAK - SAMPLE-CR VAL.3/4 X 5 W/O DIST - [GQCVD5SBO75]; PRAIRE WHE - SAMPLE-CR VAL. 1/2 X 3-1/4 W/O - [GHCV314SBO68]; PRAIRIE WH - SAMPLE-CR VAL. 3/4 X 3-1/4 W/O - [GQCV314SBO68]; GOLDEN OAK - SAMPLE-CR VAL. 3/4 X 2-1/4 W/O - [GQCV214SBO45]; HONEY ROSE - SAMPLE-CR VAL. 3/4 X 3-1/4 W/O - [GQCV314SBO49]; GUNSTOCK - SAMPLE-CR VAL. 3/4 X 3-1/4 W/O - [GQCV314SBO47]; GOLDEN OAK - SAMPLE-CR VAL. 3/4 X 3-1/4 W/O - [GQCV314SBO45]; GOLDEN OAK - SAMPLE-CR VAL.3/4 X 5 W/O DIST - [GQCVD5SBO45]; MOCHA - SAMPLE-CR VAL. 1/2 X 3-1/4 W/O - [GHCV314SBO36]; NATURAL - SAMPLE-CR VAL. 1/2 X 5 W/O - [GHCV5SBO38]; WHITE GREY - SAMPLE-CR VAL.3/4 X 5 W/O DIST - [GQCVD5SB165]; TOFFEE - SAMPLE-CR VAL. 3/4 X 2-1/4 W/O - [GQCV214SBO78]; TOFFEE - SAMPLE-CR VAL. 3/4 X 3-1/4 W/O - [GQCV314SBO78],26
CUMARU OMP,"25"" X 28"" - PANEL - EXO. CUMARU *OMP* - [GCSBEXC538-2528]",1
CUSTOM COL,"1/2"" BASESHOE MAPLE CUSTOM COL - [GCBSMH99]",1
CV W O NAT,"WIRE RACK - PANEL - CV 3.25"" W/O NAT. - [GCSBCVO31438-1724]; WIRE RACK - PANEL - CV 5"" W/O NAT. - [GCSBCVO538-1724]",2
CW COUNTRY,HARVEST - CW 3/4 X 5 COUNTRY WHITE OAK - [CWQ5OCH]; NATURAL - CW 3/4 X 5 COUNTRY WHITE OAK - [CWQSO123F]; VINTAGE - CW 3/4 X 5 COUNTRY MAPLE - [CWQ5CMV]; AMBER  17.8 SF X BOX - CW 3/4 X 5 COUNTRY MAPLE - [CWSO225F],4
D HICK CHT,WIRE RACK - PANEL - GII D. HICK.CHT. - [GCSBIIH551-1724]; WIRE RACK - PANEL - GII D. HICK.CHT. <N/L> - [GCSBIIH551-1724PL],2
D HICK NAT,WIRE RACK - PANEL - GII D. HICK.NAT. - [GCSBIIH538-1724]; WIRE RACK - PANEL - GII D. HICK.NAT. <N/L> - [GCSBIIH538-1724PL],2
D HICK SRA,WIRE RACK - PANEL - GII D. HICK.SRA. - [GCSBIIH502-1724]; WIRE RACK - PANEL - GII D. HICK.SRA. <N/L> - [GCSBIIH502-1724PL],2
D MAP CHST,WIRE RACK - PANEL - GII D. MAP.CHST. - [GCSBIIM506-1724]; WIRE RACK - PANEL - GII D. MAP.CHST. <N/L> - [GCSBIIM506-1724PL],2
D MAP ESPR,WIRE RACK - PANEL - GII D. MAP.ESPR. - [GCSBIIM508-1724]; WIRE RACK - PANEL - GII D. MAP.ESPR. <N/L> - [GCSBIIM508-1724PL],2
D WAL ANTQ,WIRE RACK - PANEL - GII D. WAL.ANTQ. - [GCSBIIW523-1724]; WIRE RACK - PANEL - GII D. WAL.ANTQ. <N/L> - [GCSBIIW523-1724PL],2
DARK HORIZ,CARBONIZED - GARRISON BAMBOO DARK HORIZ. 3' - [GFBA36HCD]; NATURAL - GARRISON BAMBOO DARK HORIZ.3' - [GFBA36HND],2
DARK MAHOG,LAMINATE REDUCER DARK MAHOG. - [LARECWD7212],1
DARK WENGE,DARK WENGE - LAMINATE REDUCER DARK WENGE - [LAREWJM73],1
DEEP CORAL,"M.EMBOSSED - 8.3MM 5-5/8"" DEEP CORAL - [LALXME03]; LAMINATE NOSING DEEP CORAL - [LALXNOME03]; LAMINATE REDUCER DEEP CORAL - [LALXREME03]; LAMINATE T-MOULD DEEP CORAL - [LALXTMME03]; LAMINATE END CAP DEEP CORAL - [LALXECME03]; SAMPLE - LUXURY DEEP CORAL - [LALXSBME03]; LAMINATE QTR DEEP CORAL - [LALXQRME03]",7
DELUXE UNF,DELUXE NOSING UNF.DIST HICKORY - [GCNO7HF00]; DISTRESS - DELUXE NOSING UNF.HICKORY 8' - [GCNO8HF00]; DELUXE NOSING UNF.MAPLE 8' - [GCNO8MF00],3
DENALI MIL,"PEAKS GLUE DOWN - 2MM X 6"" X 48"" DENALI 12 MIL - [GVPE12601]",1
DESERT WHI,WHITORY - DESERT WHITE - *COMP.BUSTER NOSING DESERT WHI - [GCNO7HT179],1
DIRECT BUY,SAMPLE SET - DIRECT BUY - [GCSAMPLES18],1
DO NOT USE,DO NOT USE - [GCGNO500]; DO NOT USE - [GCNOWH02]; DO NOT USE - [GCNOWH06]; DO NOT USE - [GCREMN00]; DO NOT USE - [GCTMBF00]; DO NOT USE - [GCTMOF00]; DO NOT USE - [GCTMWF06]; DO NOT USE - [L343FHS]; DO NOT USE - [L343ROS]; DO NOT USE - [L3431RM]; DO NOT USE - [L3431WM]; DO NOT USE - [L34314FOM]; DO NOT USE - [L3441HM]; DO NOT USE - [L3441RM]; DO NOT USE - [L3441WM]; DO NOT USE - [L345FHS]; DO NOT USE - [L345FOM]; DO NOT USE - [L345FOS]; DO NOT USE - [L345FWS]; DO NOT USE - [L3451HM]; DO NOT USE - [L3451RM]; DO NOT USE - [L3451WB]; DO NOT USE - [L346FRM]; DO NOT USE - [L3461HM]; DO NOT USE - [L3461RM]; DO NOT USE - [L3461WB]; DO NOT USE - [L3461WM]; DO NOT USE - [L3471HM]; DO NOT USE - [L3471HS]; DO NOT USE - [L3471WB]; DO NOT USE - [L3481HS]; DO NOT USE - [MOTHO9163]; DO NOT USE - [OA9163H E]; DO NOT USE - [UWTRBHC]; DO NOT USE - [UWTRBHN]; DO NOT USE - [UWTRBVC]; DO NOT USE - [UWTRBVN]; NATURAL - DO NOT USE - [UW12314SBN]; DO NOT USE - [UW34314BOH]; DO NOT USE - [GCSBIIM5HA]; DO NOT USE - [GCSBIIM5WH]; DO NOT USE - [GCSBIIO5AU]; DO NOT USE - [GCSBIIW5AN]; DO NOT USE - [GCSBIIW5SA]; DO NOT USE - [GNII5WSB23]; DO NOT USE - [OA9163HP]; DO NOT USE - [GQGA3H99]; DO NOT USE - [GQGA5H99]; DO NOT USE - [GQGA7H99]; DO NOT USE - [GQUD5O00]; DO NOT USE - [YHDS0024]; DO NOT USE - [LQSOCUMARU]; CARBONIZED - DO NOT USE - [HABA36HC]; NATURAL - DO NOT USE - [HABA36HN]; NATURAL - DO NOT USE - [HABA36VN]; CARBONIZED - DO NOT USE - [HABA36VC]; DO NOT USE - [HATRBHC]; DO NOT USE - [HATRBHN]; DO NOT USE - [HATRBVN]; DO NOT USE - [HATRBVC]; CARBONIZED - DO NOT USE - [HANOBHC]; NATURAL - DO NOT USE - [HANOBHN]; NATURAL - DO NOT USE - [HANOBVN]; CARBONIZED - DO NOT USE - [HANOBVC]; CARBONIZED - DO NOT USE - [HAREBHC]; DO NOT USE - [HABSBN]; DO NOT USE - [HABSBC]; NATURAL - DO NOT USE - [YHEW0020]; DO NOT USE - [RT112SWS]; DO NOT USE - [PAECP]; DO NOT USE - [MI34414NP]; DO NOT USE - [EF-CUSTOM]; DO NOT USE - [EF-CUSTOM-LF]; DO NOT USE - [GCNOWH32CS]; DO NOT USE - [LQSOWO]; DO NOT USE - [OAN5ODT]; CUSTOM - DO NOT USE - [GCNOWH99CS]; DO NOT USE - [HAQRBC]; DO NOT USE - [HAQRBN]; CARBONIZED - DO NOT USE - [HAQRBHC]; DO NOT USE - [GCREOF13]; DO NOT USE - [GFBA36H22]; COFFEE - DO NOT USE - [GFBA36H37]; DO NOT USE - [GCNOWNSS23]; CHARCOAL - DO NOT USE - [GFBA36H27]; NATURAL - DO NOT USE - [GNEXBC35838]; DO NOT USE - [HAQ323SBN]; NATURAL - DO NOT USE - [HAQRBVN]; CHARCOAL - DO NOT USE - [GFBABTH27]; DO NOT USE - [OMH3PMW]; DO NOT USE - [BATRVC]; DO NOT USE - [FFQ478SGW]; MOJAVE - DO NOT USE - [GQCVDCH5103]; SAHARA - DO NOT USE - [GQCVDCH5104]; GOBI - DO NOT USE - [GQCVDCH5105]; SONORA - DO NOT USE - [GQCVDCH5106]; YUMA - DO NOT USE - [GQCVDCH5107]; DO NOT USE - [BA36HCD]; MDF - DO NOT USE - [MOBBMD315MUL],99
DO NOY USE,DO NOY USE - [GCSBIIW5NA],1
DOHENY 9.5,"BEVERLY HILLS - EURO OAK 9.5"" DOHENY - [GFBHO9508]",1
DOWN VINYL,WATERFALL ORIGINAL - SAMPLE SET - GLUE DOWN VINYL - [GCSASET26]; HANDSET - GLUE DOWN VINYL - [GCKEYSET44]; SPECIAL ORDER GLUE DOWN VINYL - [GVGD000],3
DUNE 8.625,"PRIVATE SELECTION - EURO OAK 8-5/8"" DUNE - [GNPSO85803]",1
E PROVENCE,FRENCH CONNECTION - E.OAK 5/8 X 7 PROVENCE UV OIL - [GFFCOB7102O],1
EA NOT MDF,SPEC.ORDER MOULDING EA NOT MDF - [MOSOEA],1
ESPRESSO 5,"GII DISTRESSED - MAPLE 5"" ESPRESSO DISTRESSED - [GNIIM508]; GII SMOOTH - MAPLE 5"" SMOOTH ESPRESSO - [GNSSM508]",2
ESPRESSO P,"GII SMOOTH - MAPLE 5"" SM. ESPRESSO 2P - [GNSSM5082P]",1
EVERGLADES,"GARRISON LAMINATE - 12MM 7.5"" X 70.8"" EVERGLADES - [GCLA7506]",1
EX NATURAL,ACAICA - EX. 7' BABY TRESHOLD NATURAL - [GCEXBT7A38]; ACACIA - EX. 4' BABY TRESHOLD NATURAL - [GCEXBT4A38],2
EXO CUMARU,WIRE RACK - PANEL - EXO. CUMARU - [GCSBEXC538-1724],1
EXO SAPELE,WIRE RACK - PANEL - EXO. SAPELE - [GCSBEXS538-1724],1
EXOTIC WAL,NATURAL - 3/4 X 4-7/8 SMOOTH EXOTIC WAL - [FFQ478SEWS]; NATURAL - 3/5 X 4-2/3 SMOOTH EXOTIC WAL - [FFQ432SEWS]; GOLDEN - 3/4 X 3 SMOOTH EXOTIC WAL - [FFQ3SEWS]; GOLD - 3/4 X 4-7/8 SMOOTH EXOTIC WAL - [FFQ478SEWG],4
FAS B E LL,UNFINISHED - 3/4 X 7 FAS WHITE OAK B.E LL - [LQ7FOB]; 3/4 X 6 FAS WHITE OAK B.E LL - [LQ6FOB]; UNFINISHED - 3/4 X 3 FAS RED OAK B.E LL - [LQ3FRB]; UNFINISHED - 3/4 X 3 FAS WHITE OAK B.E LL - [LQ3FOB]; UNFINISHED - 3/4 X 5 FAS WHITE OAK B.E LL - [LQ5FOB],5
FAS LL B E,3/4 X 5 FAS RED OAK LL B.E - [LQ5FRB]; 3/4 X 7 FAS RED OAK LL B.E - [LQ7FRB]; 3/4 X 9 FAS RED OAK LL B.E - [LQ9FRB],3
FAS LL S E,3/4 X 7 FAS RED OAK LL S.E - [LQ7FRS],1
FAS LUMBER,4/4 WALNUT FAS LUMBER - [LUWF44],1
FAS M B LL,3/4 X 6 FAS RED OAK M.B. LL - [LQ6FRM]; 3/4 X 6 FAS WHITE OAK M.B LL - [LQ6FOM]; UNFINISHED - 3/4 X 4 FAS WHITE OAK M.B LL - [LQ4FOM]; 3/4 X 8 FAS WHITE OAK M.B LL - [LQ8FOM],4
FAS Q O SE,"3/4 X 3"",4"",5"" FAS R/Q R/O SE - [LQ345FRQRS]",1
FAS S E LL,UNFINISHED - 3/4 X 4 FAS WHITE OAK S.E LL - [LQ4FOS]; UNFINISHED - 3/4 X 7 FAS WHITE OAK S.E LL - [LQ7FOS]; 5/8 X 6 FAS WHITE OAK S.E LL - [LF6FOS]; UNFINISHED - 3/4 X 4 FAS RED OAK S.E LL - [LQ4FRS]; 3/4 X 6 FAS WHITE OAK S.E LL - [LQ6FOS]; UNFINISHED - 3/4 X 3 FAS RED OAK S.E LL - [LQ3FRS]; 3/4 X 8 FAS WHITE OAK S.E LL - [LQ8FOS]; 3/4 X 6 FAS RED OAK S.E. LL - [LQ6FRS],8
FC CHANDON,OAK - FC 7' BABY THRESHOLD CHANDON - [GCFCBT7O122]; OAK - FC 8' BABY THRESHOLD CHANDON - [GCFCBT8O122]; OAK - FC 7' T-MOULD CHANDON - [GCFCTM7O122]; OAK - FC 8' T-MOULD CHANDON - [GCFCTM8O122]; OAK - FC 7' REDUCER CHANDON - [GCFCRE7O122]; OAK - FC 8' REDUCER CHANDON - [GCFCRE8O122]; OAK - FC 7' NOSING CHANDON - [GCFCNO7O122]; OAK - FC 8' NOSING CHANDON - [GCFCNO8O122],8
FC NATURAL,OAK - FC 7' BABY THRESHOLD NATURAL - [GCFCBT7O38]; OAK - FC 8' BABY THRESHOLD NATURAL - [GCFCBT8O38]; OAK - FC 7' T-MOULD NATURAL - [GCFCTM7O38]; OAK - FC 8' T-MOULD NATURAL - [GCFCTM8O38]; OAK - FC 7' REDUCER NATURAL - [GCFCRE7O38]; OAK - FC 8' REDUCER NATURAL - [GCFCRE8O38]; OAK - FC 7' NOSING NATURAL - [GCFCNO7O38]; OAK - FC 8' NOSING NATURAL - [GCFCNO8O38],8
FC VINTAGE,OAK - FC 7' T-MOULD VINTAGE WHITE - [GCFCTM7O87]; OAK - FC 8' T-MOULD VINTAGE WHITE - [GCFCTM8O87]; OAK - FC 7' REDUCER VINTAGE WHITE - [GCFCRE7O87]; OAK - FC 8' REDUCER VINTAGE WHITE - [GCFCRE8O87]; OAK - FC 7' NOSING VINTAGE WHITE - [GCFCNO7O87]; OAK - FC 8' NOSING VINTAGE WHITE - [GCFCNO8O87],6
FC VN CHEV,WATERFALL - PANEL - FC VN.WHITE CHEV.<N/L> - [GCSBFCPC587-2828PL],1
FCI FRENCH,"A.BORDEAUX - SAMPLE - FCI 7"" FRENCH OAK - [GFFCSBI7O130]",1
FCII PARIS,"FRENCH OAK - SAMPLE - FCII 7"" PARIS - [GFFCSBII7O78]",1
FE CORNERS,MDF CORNER - NONSTOCK - 9/16 X 5-1/4 SANTA FE CORNERS - [MOCOMD338BMULW],1
FLUSH ALPS,APEX SPC - FLUSH NOSING - ALPS - [GVAPFNO501]; SUMMIT SKY SPC - FLUSH NOSING - ALPS - [GVSSFNO501],2
FLUSH BEAM,ILLUMIN8 FLUSH NOSING BEAM - [GLILFNO802],1
FLUSH DUSK,ILLUMIN8 FLUSH NOSING DUSK - [GLILFNO803],1
FLUSH FOIX,GARRISON LAMINATE - *FLUSH NOSING FOIX - [GCLAFNOLA010],1
FLUSH GOLD,ELEMENTS - FLUSH NOSING - GOLD - [GVSPCFNO703],1
FLUSH HERA,MYTHOLOGY - FLUSH NOSING - HERA - [GVGAFNO704],1
FLUSH IRIS,SECRET GARDEN SPC - FLUSH NOSING - IRIS - [GVSGFNO706],1
FLUSH LILY,SECRET GARDEN SPC - FLUSH NOSING - LILY - [GVSGFNO707],1
FLUSH NIME,GARRISON LAMINATE - FLUSH NOSING NIME - [GCLAFNOLA004],1
FLUSH ROSE,SECRET GARDEN SPC - FLUSH NOSING - ROSE - [GVSGFNO711],1
FLUSH SAGE,NATURESTEP - FLUSH NOSING - SAGE - [GVNSFNO804],1
FLUSH SOHO,METROPOLITAN - FLUSH NOSING - SOHO - [GVMPFNO705],1
FLUSH WAVE,NATURESTEP - FLUSH NOSING - WAVE - [GVNSFNO809],1
FLUSH ZEUS,MYTHOLOGY - FLUSH NOSING - ZEUS - [GVGAFNO706],1
FLUSH ZINC,ELEMENTS - FLUSH NOSING - ZINC - [GVSPCFNO904],1
FLUSH ZION,AQUA BLUE II BY GARRISON - FLUSH NOSING - ZION OAK - [GVWPCIIFNO101],1
FLUTE REED,MDF - NONSTOCK - 9/16 X 2-1/4 4FLUTE & REED - [MOCAMD158MUL2]; MDF - NONSTOCK - 9/16 X 3-3/8 5FLUTE & REED - [MOCAMD158MUL3],2
FRENCH OLD,"OAK PLY - FRENCH OAK 5/8"" X 7 OLD WHITE - [GFFCO7118]",1
FRENCH QTR,"DISTRESSED - 9/16"" NOSING W/O FRENCH QTR. - [GCNO7ON56]; G PLUS - WHITE OAK QTR 5"" FRENCH QTR  * - [GNPLO546]; WHITE OAK - PLUS BABY T-HOLD FRENCH QTR - [GCBT7OF46]; WHITE OAK - PLUS T-MOULD FRENCH QTR - [GCTM7OF46]",4
FRENCH VNT,OAK PLY - FRENCH OAK 5/8 X 7 VNT. WHITE - [GFFCO787],1
FRENCH W O,"NOIR - 3/4 X 7-1/4"" RISER FRENCH W/O - [GCRIOQ86]; PROVENCE - 11-3/4"" TREAD FRENCH W/O DIST. - [GCTROO102]; PARIS - 3/4 X 7-1/4"" RISER FRENCH W/O - [GCRIOQ78]; PARIS - 11-3/4"" TREAD FRENCH W/O DIST. - [GCTROO78]",4
G CASHMERE,G.L BABY T-HOLD CASHMERE - [GCGLBT8R01],1
G CHESTNUT,"GIII DIST - *G3 MAPLE 5"" CHESTNUT - [GHIIIM506]; 1/2"" - SAMPLE - G3 MAPLE CHESTNUT - [GHIII5SBM06]",2
G ESPRESSO,"GIII DIST - *G3 MAPLE 5"" ESPRESSO - [GHIIIM508]; 1/2"" - SAMPLE - G3 MAPLE ESPRESSO - [GHIII5SBM08]",2
G GUNSTOCK,3/4 X 3 W/O B.G. GUNSTOCK - [UW343BOG],1
GAR ARCHES,GAR.T-MOULDING ARCHES - [GCLATM7501],1
GAR KATMAI,GAR.T-MOULDING KATMAI - [GCLATM7508],1
GARDEN SPC,HANDSET - SECRET GARDEN SPC - [GCKEYSET63],1
GIALLA RIO,WATERFALL - PANEL - VILLA GIALLA RIO - [GCSBVG913-2828],1
GII AUTUMN,WHITE OAK - SAMPLE - GII AUTUMN - [GNII5SBO13]; WHITE OAK - GII 7' BABY THRESHOLD AUTUMN - [GCIIBT7O13]; WHITE OAK - GII 8' BABY THRESHOLD AUTUMN - [GCIIBT8O13]; WHITE OAK - GII 7' T-MOULD AUTUMN - [GCIITM7O13]; WHITE OAK - GII 8' T-MOULD AUTUMN - [GCIITM8O13]; WHITE OAK - GII 7' REDUCER AUTUMN - [GCIIRE7O13]; WHITE OAK - GII 8' REDUCER AUTUMN - [GCIIRE8O13]; WHITE OAK DISTRESSED - GII 7' NOSING AUTUMN - [GCIINO7O13]; WHITE OAK DISTRESSED - GII 8' NOSING AUTUMN - [GCIINO8O13],9
GII SAHARA,WALNUT DISTRESSED - GII 7' BABY THRESHOLD SAHARA - [GCIIBT7W104]; WALNUT DISTRESSED - GII 8' BABY THRESHOLD SAHARA - [GCIIBT8W104]; WALNUT DISTRESSED - GII 7' T-MOULD SAHARA - [GCIITM7W104]; WALNUT DISTRESSED - GII 8' T-MOULD SAHARA - [GCIITM8W104]; WALNUT DISTRESSED - GII 7' REDUCER SAHARA - [GCIIRE7W104]; WALNUT DISTRESSED - GII 8' REDUCER SAHARA - [GCIIRE8W104]; WALNUT DISTRESSED - GII 7' NOSING SAHARA - [GCIINO7W104]; WALNUT DISTRESSED - GII 8' NOSING SAHARA - [GCIINO8W104],8
GII SEDONA,B.CHERRY - SAMPLE - GII SEDONA - [GNII5SBB42]; BRA.CHERRY - GII T-MOULD SEDONA - [GCTM7BF42]; BRAZ/CHERR - GII BABY TRESHOLD SEDONA - [GCBT7BF42],3
GII SIERRA,DISTRESSED - GII NOSING HICKORY SIERRA - [GCNO7HH502]; HICKORY - GII 7' BABY THRESHOLD SIERRA - [GCIIBT7H02]; HICKORY - GII 8' BABY THRESHOLD SIERRA - [GCIIBT8H02]; HICKORY/PECAN - GII 7' T-MOULD SIERRA - [GCIITM7H02]; HICKORY/PECAN - GII 8' T-MOULD SIERRA - [GCIITM8H02]; HICKORY PECAN - GII 7' REDUCER SIERRA - [GCIIRE7H02]; HICKORY PECAN - GII 8' REDUCER SIERRA - [GCIIRE8H02]; HICKORY DISTRESSED - GII 7' NOSING SIERRA - [GCIINO7H02]; HICKORY DISTRESSED - GII 8' NOSING SIERRA - [GCIINO8H02],9
GII WALNUT,"NATURAL - GII 1/2 X 5"" WALNUT SMOOTH - [GHSSW538]",1
GIII SYRUP,MAPLE - GIII 7' BABY THRESHOLD SYRUP - [GCIIIBT7M77]; MAPLE - GIII 8' BABY THRESHOLD SYRUP - [GCIIIBT8M77]; MAPLE - GIII 7' T-MOULD SYRUP - [GCIIITM7M77]; MAPLE - GIII 8' T-MOULD SYRUP - [GCIIITM8M77]; MAPLE - GIII 7' REDUCER SYRUP - [GCIIIRE7M77]; MAPLE - GIII 8' REDUCER SYRUP - [GCIIIRE8M77]; MAPLE - GIII 7' NOSING SYRUP - [GCIIINO7M77]; MAPLE - GIII 8' NOSING SYRUP - [GCIIINO8M77],8
GIII UNFIN,GIII NOSING UNFIN. DIST MAPLE - [GCNO7MH00],1
GIII WHEAT,MAPLE - GIII 7' BABY THRESHOLD WHEAT - [GCIIIBT7M54]; MAPLE - GIII 8' BABY THRESHOLD WHEAT - [GCIIIBT8M54]; MAPLE - GIII 7' T-MOULD WHEAT - [GCIIITM7M54]; MAPLE - GIII 8' T-MOULD WHEAT - [GCIIITM8M54]; MAPLE - GIII 7' REDUCER WHEAT - [GCIIIRE7M54]; MAPLE - GIII 8' REDUCER WHEAT - [GCIIIRE8M54]; MAPLE - GIII 7' NOSING WHEAT - [GCIIINO7M54]; MAPLE - GIII 8' NOSING WHEAT - [GCIIINO8M54],8
GOBI 8.625,"PRIVATE SELECTION - EURO OAK 8-5/8"" GOBI - [GNPSO85806]",1
GOLD LINEN,GOLD LABEL NOSING LINEN - [GCGLNO8R03]; GOLD LABEL T-MOULDING LINEN - [GCGLTM8R03]; GOLD LABEL REDUCER LINEN - [GCGLRE8R03],3
GOLD LOTUS,GOLD LABEL NOSING WHITE LOTUS - [GCGLNO8R06]; GOLD LABEL REDUCER WHITE LOTUS - [GCGLRE8R06],2
GOLD SUEDE,GOLD LABEL NOSING SUEDE - [GCGLNO8R05]; GOLD LABEL T-MOULDING SUEDE - [GCGLTM8R05]; GOLD LABEL REDUCER SUEDE - [GCGLRE8R05],3
GOLD TREAD,GOLD LABEL TREAD - [GCTRGL],1
GOLDEN BAY,LAMINATE - LAMINATE NOSING GOLDEN BAY - [GCLANOETCHGB12]; LAMINATE - LAMINATE REDUCER GOLDEN BAY - [GCLAREETCHGB12],2
GR CALCORE,"GII SMOOTH - MAPLE 5"" SM.DAPPLE GR. CALCORE - [GNSSM5195SB]",1
GRADE BASE,FLEXTRIM 2 1/2 OAK GRADE BASE - [MOSL125O]; FLEXTRIM 3 1/2 OAK GRADE BASE - [MOSL126O],2
GREENSBORO,"WALNUT - 1/2"" BASESHOE GREENSBORO - [GCBSWH100]",1
GRESSA PLY,"DOLCE CAPRI - EURO OAK 9.5"" GRESSA 2 PLY - [GQCHO951032P]",1
GREY WIRED,"GII DIST - WHITE OAK 5"" WHITE GREY WIRED - [GNIIO5165]; WHITE OAK - SAMPLE - GII WHITE GREY WIRED - [GNII5SBO165]; WHITE OAK - GII 7' BABY T-HOLD GREY WIRED - [GCIIBT7O165]; WHITE OAK - GII 8' BABY T-HOLD GREY WIRED - [GCIIBT8O165]; WHITE OAK - GII 8' T-MOULD GREY WIRED - [GCIITM8O165]; WHITE OAK - GII 7' REDUCER GREY WIRED - [GCIIRE7O165]; WHITE OAK - GII 8' REDUCER GREY WIRED - [GCIIRE8O165]; WHITE OAK - GII 7' NOSING GREY WIRED - [GCIINO7O165]; WHITE OAK - GII 8' NOSING GREY WIRED - [GCIINO8O165]",9
GUNSTOCK M,"CRYSTAL VALLEY - W/O ENG 3-1/4"" GUNSTOCK 2.2M - [GHCVO31447]",1
HA SUNRISE,DISTRESSED - 1/2 X 5 DIST BIRCH HA. SUNRISE - [EHDB510],1
HANDSET CV,HANDSET - CV (4 ACACIA SOLID) - [GCKEYSET98]; HANDSET - CV SOLID (MAPLE/OAK) - [GCKEYSET97],2
HANDSET II,HANDSET - GARRISON II DIST. - [GCKEYSET03]; HANDSET - GARRISON II SMOOTH - [GCKEYSET05],2
HAVANA RUM,"CANTINA BY GARRISON - WALNUT 7.5"" HAVANA RUM - [GHCAW75302]; CANTINA BASESHOE HAVANA RUM - [GCCABSWH302]; WALNUT - CANTINA 7' T-MOULD HAVANA RUM - [GCCATM7W302]; WALNUT - CANTINA 8' T-MOULD HAVANA RUM - [GCCATM8W302]; WALNUT - CANTINA 7' REDUCER HAVANA RUM - [GCCARE7W302]; WALNUT - CANTINA 8' REDUCER HAVANA RUM - [GCCARE8W302]; WALNUT - CANTINA 7' NOSING HAVANA RUM - [GCCANO7W302]; WALNUT - CANTINA 8' NOSING HAVANA RUM - [GCCANO8W302]",8
HERITAGE O,APPALACHIAN - HERITAGE R/O - [GCKEYSET908],1
HICK PECAM,UNFIN/DIST - 1/2 x 7 MILL RUN HICK/PECAM - [GCUDH700],1
HICK PECAN,"CUSTOM - 1/2"" BASESHOE HICK/PECAN - [GCBSHH99]; CUSTOM - 5/8"" BABY TRESHOLD HICK/PECAN - [GCBTHF99]; ANTIQUE - 1/2 x 5 CHARACTER HICK/PECAN - [GCCPH510]; AUBURN - 1/2 x 5 CHARACTER HICK/PECAN - [GCCPH512]; BAY - 1/2 x 5 CHARACTER HICK/PECAN - [GCCPH514]; AMARETTO - 1/2 x 5 CHARACTER HICK/PECAN - [GCCPH515]; NATURAL - 1/2 x 5 CHARACTER HICK/PECAN - [GCCPH538]; CUSTOM - 1/2 x 5 CHARACTER HICK/PECAN - [GCCPH599]; UNFIN/DIST - 1/2 x 5 CHARACTER HICK/PECAN - [GCCUH500]; BLK WALNUT - 1/2 x 3 HICK/PECAN GARRISON - [GCGAH316]; CUSTOM - 1/2 x 3 HICK/PECAN GARRISON - [GCGAH399]; AUBURN - 1/2 x 5 HICK/PECAN GARRISON - [GCGAH512]; BAY - 1/2 x 5 HICK/PECAN GARRISON - [GCGAH514]; AMARETTO - 1/2 x 5 HICK/PECAN GARRISON - [GCGAH515]; BLK WALNUT - 1/2 x 5 HICK/PECAN GARRISON - [GCGAH516]; NATURAL - 1/2 x 5 HICK/PECAN GARRISON - [GCGAH538]; CUSTOM - 1/2 x 5 HICK/PECAN GARRISON - [GCGAH599]; CUSTOM - 1/2 x 7 HICK/PECAN GARRISON - [GCGAH799]; UNFIN/DIST - 1/2"" NOSING HICK/PECAN - [GCNOHH00]; AUBURN - 1/2"" NOSING HICK/PECAN - [GCNOHH12]; BAY - 1/2"" NOSING HICK/PECAN - [GCNOHH14]; NATURAL - 1/2"" NOSING 8' HICK/PECAN DIST - [GCNOHH38]; CUSTOM - 1/2"" NOSING HICK/PECAN - [GCNOHH99]; UNFIN/DIST - 3/4"" NOSING HICK/PECAN - [GCNOHQ00]; CUSTOM - 3/4"" NOSING HICK/PECAN - [GCNOHQ99]; AUBURN - 1/2"" REDUCER HICK/PECAN - [GCREHH12]; BAY - 1/2"" REDUCER HICK/PECAN - [GCREHH14]; AMARETTO - 1/2"" REDUCER HICK/PECAN - [GCREHH15]; CUSTOM - 1/2"" REDUCER HICK/PECAN - [GCREHH99]; CUSTOM - 3/4"" REDUCER HICK/PECAN - [GCREHQ99]; ANTIQUE - 3/4 x 7-1/4"" RISER HICK/PECAN - [GCRIHQ10]; ANTIQUE - 5/8"" T-MOULD HICK/PECAN - [GCTMHF10]; AUBURN - 5/8"" T-MOULD HICK/PECAN - [GCTMHF12]; BAY - 5/8"" T-MOULD HICK/PECAN - [GCTMHF14]; AMARETTO - 5/8"" T-MOULD HICK/PECAN - [GCTMHF15]; BLK.WALNUT - 5/8"" T-MOULD HICK/PECAN - [GCTMHF16]; CUSTOM - 5/8"" T-MOULD HICK/PECAN - [GCTMHF99]; UNFIN/DIST - 1/2 x 3 MILL RUN HICK/PECAN - [GCUDH300]; UNFIN/DIST - 1/2 x 5 MILL RUN HICK/PECAN - [GCUDH500]; 1/2X3/4 BASE SHOE - HICK/PECAN - [MOBS12H]; 1/2 x 3-1/2 NOSING HICK/PECAN - [MONO12H]; 1/2 X 2 REDUCER - HICK/PECAN - [MORE12H]; 3/4 X 7-1/4 RISER - HICK/PECAN - [MORIH]; 5/8 X 2 T-MOULD HICK/PECAN - [MOTMH58]; NATURAL - OASIS 9/16 X 5 HICK/PECAN DIST - [OA9165HPED]; ANTIQUE - 1/2 x 5 HICK/PECAN GARRISON - [GCGAH523]; ANTIQUE - 1/2"" NOSING HICK/PECAN - [GCNOHH23]; SIERRA - 5/8"" T-MOULD 8' HICK/PECAN - [GCTMHF02]; CHESAPEAK - 1/2 x 5 CHARACTER HICK/PECAN - [GCCPH504]; AMARETTO - 5/8"" BABY TRESHOLD HICK/PECAN - [GCBTHF15]; AMARETTO - 1/2"" BASESHOE HICK/PECAN - [GCBSHH15]; SIERRA - 1/2"" NOSING 8' HICK/PECAN DIST - [GCNOHH02]; NATURAL - 5/8"" T-MOULD 8' HICK/PECAN - [GCTMHF38]; CUSTOM - 3/4 X 7-1/4"" RISER HICK/PECAN - [GCRIHQ99]; CHESAPEAKE - 1/2"" NOSING 8' HICK/PECAN DIST - [GCNOHH04]; SIERRA - 1/2 x 5 CHARACTER HICK/PECAN - [GCCPH502]; CUSTOM - 5/8 x 5 CHARACTER HICK/PECAN * - [GFCPH599]; 5/8"" NOSING HICK/PECAN - [AMNO58H]; UNFIN - 3/4 X 7 HICK/PECAN DISTRESSED - [GQUDH700]; CHESAPEAKE - 1/2"" REDUCER 8' HICK/PECAN - [GCREHH04]; UNFIN/DIST - 5/8 x 5 CHARACTER HICK/PECAN - [GFCUH500]; UNFIN - 3/4 X 3 HICK/PECAN DISTRESSED - [GQUDH300]; CHESAPEAKE - 5/8"" T-MOULD 8' HICK/PECAN - [GCTMHF04]; NATURAL - 1/2"" REDUCER 8' HICK/PECAN - [GCREHH38]; SIERRA - 1/2"" REDUCER 8' HICK/PECAN - [GCREHH02]; CUSTOM TREAD HICK/PECAN (EA) - [MOTRSOHEA]; UNFIN - 3/4 X 9 HICK/PECAN DISTRESSED - [GQUDH900]; UNFIN. - 5/8 x 5 HICK/PECAN DISTRESSED - [GFUDH500]; SADDLE - 3/4 X 3 HICK/PECAN DIST. - [HWQ3HSD]; SADDLE - 3/4 X 4 HICK/PECAN DIST. - [HWQ4HSD]; SADDLE - 3/4 X 5 HICK/PECAN DIST. - [HWQ5HSD]; BUCKSKIN - 9/16 X 5 MILL RUN HICK. PECAN - [OMN5MHB]; 3/16 x 11/16 SCRIBE HICK/PECAN - [MOSC316H]; BORDEAUX - 5/8"" T-MOULD 8' HICK/PECAN - [GCTMHF18]; CHATEAU - 5/8"" T-MOULD 8' HICK/PECAN - [GCTMHF51]; PISANI - 5/8"" T-MOULD 8' HICK/PECAN - [GCTMHF67]; PISANI - 9/16"" REDUCER 8' HICK/PECAN - [GCREHN67]; PAOLO - 5/8"" T-MOULD 8' HICK/PECAN - [GCTMHF66]; UNFIN/DIST - 9/16"" NOSING HICK/PECAN - [GCNOHN00]; MONTECITO - 5/8"" REDUCER 8' HICK/PECAN - [GCREHF57]; BORDEAUX - 9/16"" REDUCER 8' HICK/PECAN - [GCREHN18]; CHATEAU - 9/16"" REDUCER 8' HICK/PECAN - [GCREHN51]; CAMBRIA - 5/8"" REDUCER 8' HICK/PECAN - [GCREHF56]; UNFIN/DIST - 5/8"" NOSING HICK/PECAN - [GCNOHF00]; NATURAL - 3/4 x 7-1/4"" RISER HICK/PECAN - [GCRIHQ38]; BORDEAUX - 1/2"" BASESHOE HICK/PECAN - [GCBSHH18]; BORDEAUX - 5/8"" T-MOULD 7' HICK/PECAN - [GCTM7HF18]; CAMBRIA - 5/8"" T-MOULD 8' HICK/PECAN - [GCTMHF56]; SALEM - 3/4 x 7-1/4"" RISER HICK/PECAN - [GCRIHQ90]; SALEM - 11-3/4 TREAD HICK/PECAN DIST. - [GCTRHO90]; PISANI - 3/4 x 7-1/4"" RISER HICK/PECAN - [GCRIHQ67]; SIERRA - 3/4 x 7-1/4"" RISER HICK/PECAN - [GCRIHQ02]; 9/16 X 2 REDUCER - HICK/PECAN - [MORE916H]",93
HONEY ROSE,"1/2"" NOSING W/O HONEY ROSE 78"" - [UWNO12OH]; 1/2"" REDUCER W/O HONEY ROSE 78 - [UWRE12OH]; T-MOULD W/O HONEY ROSE 78"" - [UWTM58OH]; 3/4 X 3-1/4 S/B W/O HONEY ROSE - [UW34312SOH]; CRYSTAL VALLEY - *W/O SOLID 3-1/4"" HONEY ROSE - [GQCVO31449]",5
HOPE RANCH,"SANTA BARBARA - MAPLE 7.5"" HOPE RANCH - [ENSBHM7501]",1
HORIZ CARB,"12.3MM 5"" BAMBOO HORIZ/CARB - [LALXBA01]; LAMINATE NOSING HORIZ/CARB - [LALXNOBA01]; LAMINATE T-MOULD HORIZ/CARB - [LALXTMBA01]; LAMINATE END CAP HORIZ/CARB - [LALXECBA01]; LAMINATE REDUCER HORIZ/CARB - [LALXREBA01]",5
II NORWICH,"CHERRY - TIME INSPIRED II NORWICH     * - [GHTI2C5138]; CHERRY - SAMPLE - TI II 5"" NORWICH - [GHTI25CSB138]; CHERRY - TI.II T-MOULD NORWICH - [GCTM7CF138]",3
ISLA VISTA,"SANTA BARBARA - MAPLE 7.5"" ISLA VISTA - [ENSBHM7502]",1
ITEM RH OS,USE ITEM RH1121OS - [RH1121OSSP],1
JATOBA NAT,NATURAL - LAMINATE BABY-T JATOBA NAT. - [LABTLT12CVJN]; JATOBA NAT - LAMINATE REDUCER JATOBA NAT - [LAREJTB624]; JATOBA NAT - LAMINATE REDUCER JATOBA NAT. - [LAMLRE12CVJN],3
JAVA MOCHA,DISTRESSED - 1/2 X 5 DIST JAVA MOCHA - [EHDJ505],1
LAGUNA PLY,"DELUXE - *MAPLE 6"" LAGUNA 2 PLY - [GFDXM6582P]",1
LAVA FALLS,"AQUASHIELD AC4 - 12MM 9.37"" X 60"" LAVA FALLS - [LAMCAS3210]; MEGACLIC REDUCER LAVA FALLS - [LAMCREAS3210]; MEGACLIC SQ. NOSING LAVA FALLS - [LAMCFSNOAS3210]",3
LIGHT VERT,CARBONIZED - GARRISON BAMBOO LIGHT VERT. 3' - [GFBA36VC]; NATURAL - GARRISON BAMBOO LIGHT VERT. 3' - [GFBA36VN],2
LIMOGE PLY,"FRENCH CONNECTION - EURO OAK 7"" LIMOGE 2 PLY - [GFFCOB7402P]",1
LODI 10.25,"LEGENDS - EURO OAK 10.25"" LODI - [GFLEO1002]",1
LOMA LINDA,"BEVERLY HILLS - EURO OAK 9.5"" LOMA LINDA - [GFBHO9511]; BEV.HILLS NOSING LOMA LINDA - [GCBHNO8O11]; B.H BABY T-HOLD LOMA LINDA - [GCBHBT8O11]; BEV.HILLS REDUCER LOMA LINDA - [GCBHRE8O11]; BEV.HILLS T-MOULD LOMA LINDA - [GCBHTM8O11]; WATERFALL - PANEL - BH LOMA LINDA - [GCSBBH9511-2828]",6
LONG STRIP,WHITE OAK - 9/16 X 7-1/2 86.6 LONG STRIP - [TECEO102F],1
LOS OLIVOS,"SANTA BARBARA - BIRCH 6.5"" LOS OLIVOS - [ENSBTB6502]",1
LUCHIO PLY,"DOLCE CAPRI - EURO OAK 9.5"" LUCHIO 2 PLY - [GQCHO951042P]",1
LUGANA 7.5,"LEGENDS - EURO OAK 7.5"" LUGANA - [GFLEO7505]",1
M W KEMPAS,NATURAL - M.W 9/16 X 4-3/4 KEMPAS - [MWTLECH87]; NATURAL - M.W T-MOULD KEMPAS - [MWTMKEN]; NATURAL - M.W BABY TRESHOLD KEMPAS - [MWBTKEN]; NATURAL - M.W 9/16 X 5 KEMPAS MAPLE - [MWTLEYB0050],4
M W SANTOS,NATURAL - M.W 9/16 X 4-3/4 DIST. SANTOS - [MWTLEY0301],1
M W TAHITI,NATURAL - M.W 7/16 X 3-1/4 TAHITI - [MWTLEJX0013],1
MAHO SPICE,MAHO.SPICE - LAMINATE BABY-T MAHO. SPICE - [LABTL12NDMS],1
MAHOG COVE,1/2 X 3/4 SANTOS MAHOG.COVE - [MOCV1234S],1
MDF CASING,"MDF - NONSTOCK - 11/16 X 3 MDF # 275 CASING - [MOCAMD165MUL]; MDF - 9/16 X 2-1/4"" 201 MDF CASING - [MOCAMD201]",2
MDF MLDNGS,RETAIL SAMPLE PANEL MDF MLDNGS - [GCKEYSET997],1
MERBAU NAT,LAMINATE REDUCER MERBAU NAT. - [LAREL12CVMN],1
MESA 8.625,"PRIVATE SELECTION - EURO OAK 8-5/8"" MESA - [GNPSO85802]",1
MICRO B AB,"MICRO BEVELED - EURO OAK 9.5"" UNF.MICRO-B AB - [ENFO9500SM-22]",1
MOCHA EKKI,LAMINATE DIST MOCHA EKKI - [LACWS8211],1
MOLD CADIZ,MEGACLIC T-MOLD CADIZ - [LAMCTMAS3113],1
MOLD COLOR,PRIVATE SELECTION - PS 8' T-MOLD COLOR #4 - [ENPSTM8O04]; PRIVATE SELECTION - PS 8' T-MOLD COLOR #2 - [ENPSTM8O02]; PRIVATE SELECTION - PS 8' T-MOLD COLOR #5 - [ENPSTM8O05]; PRIVATE SELECTION - PS 8' T-MOLD COLOR #6 - [ENPSTM8O06]; PRIVATE SELECTION - PS 8' T-MOLD COLOR #1 - [ENPSTM8O01]; PRIVATE SELECTION - PS 8' T-MOLD COLOR #3 - [ENPSTM8O03],6
MOLD CORTE,LAMINATE - *GARRISON T-MOLD CORTE - [GCLATM012],1
MOLD CROWN,MDF - NONSTOCK - 9/16 X 1-7/8 BED MOLD CROWN - [MOCMMD420MUL],1
MOLD DOVER,MEGACLIC T-MOLD DOVER - [LAMCTMDN8705],1
MOLD FLASH,ILLUMIN8 T-MOLD FLASH - [GLILTM804],1
MOLD GLAZE,ILLUMIN8 T-MOLD GLAZE - [GLILTM805],1
MOLD HONEY,LAMINATE T-MOLD HONEY OAK - [LATML12NDHO],1
MOLD IBIZA,*LAMINATE T-MOLD IBIZA - [LALXTMSS04],1
MOLD MOCHA,LAMINATE T-MOLD MAPLE MOCHA - [LATML12CVMM],1
MOLD PAXON,MEGACLIC T-MOLD PAXON - [LAMCTMAS3209],1
MOLD SPARK,ILLUMIN8 T-MOLD SPARK - [GLILTM808],1
MOLD TIGER,LAMINATE T-MOLD TIGER WOOD - [LATML12CVCB]; LAMINATE T-MOLD TIGER WOOD - [LATML8CVTW],2
MOLD TYLER,MEGACLIC T-MOLD TYLER - [LAMCTMDN8712],1
MONACO PLY,"FRENCH CONNECTION - EURO OAK 7"" MONACO 2 PLY - [GFFCOB7342P]",1
MONTECARLO,"DOLCE CAPRI - EURO OAK 3/4 X 9.5"" MONTECARLO - [GQCHO95105]; DOLCE CAPRI - EURO OAK 5/8 X 9.5"" MONTECARLO - [GFDCO95105]",2
MYSTIC ASH,"AQUABLUE 7 BY GARRISON - 8MM 7"" X 72"" - MYSTIC ASH - [GVWPC104]; AQUA BLUE BY GARRISON - FLUSH NOSING - MYSTIC ASH - [GVWPCFNO104]; AQUA BLUE BY GARRISON - T-MOULDING - MYSTIC ASH - [GVWPCTM104]; AQUA BLUE BY GARRISON - REDUCER - MYSTIC ASH - [GVWPCRE104]; AQUA BLUE BY GARRISON - END CAP - MYSTIC ASH - [GVWPCEC104]; AQUA BLUE BY GARRISON - QTR. ROUND - MYSTIC ASH - [GVWPCQR104]; AQUA BLUE BY GARRISON - TREAD - MYSTIC ASH - [GVWPCTR104]",7
NATURAL MB,SHEOGA - 3/4 X 3.25 EN.W/O NATURAL MB - [PFSHEO338]; 30 SHEEN CLEAR SHEOGA - 3/4 X 3.25 EN.W/O NATURAL   MB - [PFSHEO338],2
NATURAL PL,"GII DIST - MAPLE CHARACTER 5"" NATURAL 2PL - [GNIIM5382P]",1
NATURAL SE,"CRYSTAL V - WHITE OAK 5"" NATURAL SE 4MM - [GNCVO538S]",1
NESSO HERR,WATERFALL - PANEL - DA VINCI NESSO HERR. - [GCSBDVPH507-2228]; WATERFALL - PANEL - DV NESSO HERR.<N/L> - [GCSBDVPH507-2228PL],2
NESTED BND,"DAYSPRING (24SF BDLS) - 1/2 x 2"" SELECT W/O NESTED BND - [RH2SOS]; DAYSPRING (24SF BDLS) - 1/2 x 2"" SELECT R/O NESTED BND - [RH2SRS]; LEBANON (25SF BDLS) - 1/2 x 2"" SELECT W/O NESTED BND - [RH2SOSNB]; LEBANON (25SF BDLS) - 1/2 x 2"" SELECT R/O NESTED BND - [RH2SRSNB]; DAYSPRING 24SF - 1/2 x 2"" SELECT W/O NESTED BND - [RH2SOSNB-24]",5
NEW CASTLE,"WALNUT - SAMPLE - TI II 5"" NEW CASTLE - [GHTI25WSB134]",1
NP DEL MAR,NP 8' SQ.NOSING DEL MAR - [GCNPSNO8O201],1
NYTAE REAL,NYTAE REAL MAPLE - [NT106]; R. MAPLE - NYTAE REAL MAPLE T-MOULDING - [NT106TM],2
O FRESH MB,SHEOGA - 3/4 X 5.25 EN.W/O FRESH CUT MB - [PFSHEO538]; SHEOGA - 3/4 X 5.25 EN.W/O FRESH CUT MB - [PFSHEO538-205]; 5 SHEEN CLEAR SHEOGA - 3/4 X 5.25 EN.W/O FRESH CUT MB - [PFSHEO538]; 5 SHEEN CLEAR SHEOGA - 3/4 X 5.25 EN.W/O FRESH CUT MB - [PFSHEO538-205],4
O GUNSTOCK,"1/2"" NOSING W/O GUNSTOCK 78"" - [UWNO12OG]; 1/2"" REDUCER W/O GUNSTOCK 78"" - [UWRE12OG]; T-MOULD W/O GUNSTOCK 78"" - [UWTM58OG]; 3/4 X 3 S/B W/O GUNSTOCK - [UW343SOG]; 3/4 X 3-1/4 S/B W/O GUNSTOCK - [UW34314SOG]; 3/4 X 3-3/16 BLDR W/O GUNSTOCK - [UW34316BOG]; CRYSTAL VALLEY - *W/O SOLID 2-1/4"" GUNSTOCK - [GQCVO21447]; CRYSTAL VALLEY - *W/O SOLID 3-1/4"" GUNSTOCK - [GQCVO31447]; CRYSTAL VALLEY - *W/O SOLID DIST. 5"" GUNSTOCK - [GQCVDO547]; SMOOTH - 1/2"" NOSING W/O GUNSTOCK - [GCNOOSH47]",10
O NAT 3.25,"CRYSTAL VALLEY - W/O NAT. ENG 3-1/4"" 2MM - [GHCVO31438]; CRYSTAL VALLEY - R/O NAT. ENG 3-1/4"" 2MM - [GHCVR31438]",2
O PR WHEAT,"CRYSTAL VALLEY - W/O PR.WHEAT ENG 3-1/4"" 2MM - [GHCVO31468]; CRYSTAL VALLEY - W/O PR.WHEAT ENG 5"" 2MM - [GHCVO568]; CV 1/2"" 8' NOSING W/O PR.WHEAT - [GCCVNO8OH68]; CRYSTAL VALLEY - W/O ENG 3-1/4"" PR.WHEAT (9/16"" - [GNCVO31468]; CV 9/16"" 8'NOSING W/O PR.WHEAT - [GCCVNO8ON68]; CVA 8' NOSING W/O PR.WHEAT - [GCCVNO8OH68USA]; CVA 8' REDUCER W/O PR.WHEAT - [GCCVRE8OH68USA]; CVA 8' T-MOULD W/O PR.WHEAT - [GCCVTM8O68USA]",8
O S E 2.25,CONTRACTOR'S CHOICE - 5/8 X 2-1/4 PREMIUM W/O S.E - [GFCOO214PS],1
O S E 3.25,CONTRACTOR'S CHOICE - 5/8 X 3 1/4 PREMIUM W/O S.E - [GFCOO314PS],1
O SEL EDGE,3/4 x 3 W/O SEL SQUARE EDGE - [RQ3SOS]; *INDIANA* - 3/4 x 5 W/O SEL SQUARE EDGE - [RQ5SOS]; *NOT INDIANA* - 3/4 x 5 W/O SEL SQUARE EDGE - [RQ5SOSD],3
O TOFFEE M,"CRYSTAL V - W/O ENG 3-1/4"" TOFFEE 2.4M - [GHCVO314178]; CRYSTAL V - W/O ENG 5"" TOFFEE 2.4M - [GHCVO5178]",2
O UNFINISH,"DISTRESSED - 5/8"" NOSING W/O UNFINISH - [GCNO7OF00]",1
OASIS HICK,"GUNSTOCK - OASIS 9/16 X 6 HICK. DIST - [OAN6HIDG]; GUNSTOCK - OASIS 9/16 X 3"" HICK. DIST - [OAN3HIDG]; SUNSET - OASIS 9/16 X 6 HICK. DIST - [OAN6HIDS]; SUNSET - OASIS 9/16X 3-9/16 NOSING HICK - [OANONHS]; GUNSTOCK - OASIS 9/16"" NOSING DIST. HICK - [OANODNHG]",5
OASIS RACK,OASIS RACK & SAMPLES - [OARACK],1
OCEAN MIST,"OCEAN MIST - LAMINATE T-MOLD OCEAN MIST - [LALXTMSS05]; OCEAN MIST - LAMINATE END CAP OCEAN MIST - [LALXECSS05]; OCEAN MIST - LAMINATE REDUCER OCEAN MIST - [LALXRESS05]; OCEAN MIST - LAMINATE QTR OCEAN MIST - [LALXQRSS05]; OCEAN MIST - FLUSH NOSING OCEAN MIST - [LALXFNOSS05]; OCEAN MIST - *LAMINATE NOSING OCEAN MIST - [LALXNOSS05]; HANDSCRAPED - 12MM 6.5"" OCEAN MIST - [GLAWHS04]; OCEAN MIST - LAMINATE TREAD OCEAN MIST - [LALXTRSS05]",8
OG BASE WO,"3/8 x 2 3/8,OG BASE,WO - [MOOG382O]",1
OMNI S B O,NATURAL - OMNI 3/4 X 2-1/4 S/B R/O - [OMQ214SRN]; NATURAL - OMNI 3/4 X 3-1/4 S/B R/O - [OMQ314SRN]; NATURAL - OMNI 3/4 X 4 S/B R/O - [OMQ4SRN],3
OMP CALI O,"NATURAL - OMP CALI 9/16 X 5 #1 R/O - [OMPN51R38]; NATURAL - OMP CALI 9/16 X 3"" #1 R/O - [OMPN31R38]",2
ORDER MISC,SPECIAL ORDER MISC. - [LQSO],1
ORDER O LF,RED OAK - SPEC.ORDER MOULDING R/O LF - [MOSORLF],1
ORDER TILE,SPECIAL ORDER TILE - [TSTILE],1
P ROSEWOOD,WIRE RACK - PANEL - EXO. P. ROSEWOOD - [GCSBEXPR538-1724],1
PAINT GRAD,PAINT GRADE - 1/2 X 3/4 FLEX SHOE PAINT GRAD - [MOSL120P],1
PALE CREAM,"URBANIA - 5/8 X 6"" PALE CREAM OAK - [URUC17102]",1
PALM FROST,DESIGNER SAMPLE - DS - PALM WHITE OAK FROST - [GWC-DSPAO102]; SAMPLE BOARD - SB - PALM WHITE OAK FROST - [GWC-SBPAO102],2
PARADISE C,OAK - NEWPORT 8' REDUCER PARADISE C - [GCNPRE8O212]; OAK - NEWPORT 8' T-MOULD PARADISE C - [GCNPTM8O212],2
PIAZZA PLY,"DOLCE CAPRI - EURO OAK 9.5"" PIAZZA 2 PLY - [GQCHO951062P]",1
PL ROCKIES,WATERFALL ORIGINAL - PANNEL- SUMMIT SKY PL ROCKIES - [GCSBSS504-2228]; WATERFALL ORIGINAL - PANNEL- SUMMIT SKY PL ROCKIES - [GCSBSS504-2424],2
PLUS CIDER,"HICKORY - *PLUS NOSING CIDER - [GCNO7HN41]; HICKORY - *PLUS REDUCER CIDER - [GCRE7HN41]; HICKORY - *PLUS BABY T-HOLD CIDER - [GCBT7HF41]; HICKORY - *PLUS T-MOULD CIDER - [GCTM7HF41]; HICKORY - SAMPLE - PLUS 5"" CIDER - [GNPL5SBH41]",5
PLUS SYRUP,"MAPLE - SAMPLE - PLUS 5"" SYRUP - [GNPL5SBM77]; MAPLE - *PLUS T-MOULD SYRUP - [GCTM7MF77PL]; MAPLE - *PLUS NOSING SYRUP - [GCNO7MN77PL]; MAPLE - *PLUS BABY T-HOLD SYRUP - [GCBT7MF77PL]; MAPLE - *PLUS REDUCER SYRUP - [GCRE7MN77PL]",5
PLUS TREAD,GARRISON PLUS TREAD - [GCTRPL],1
PLUS UNFIN,PLUS NOSING UNFIN. DIST MAPLE - [GCNO7MN00PL]; PLUS NOSING UNFIN.DIST HICKORY - [GCNO7HN00PL],2
PR WHEAT 5,"CRYSTAL VALLEY - W/O PR.WHEAT ENG 5"" 2MM - [GHCVO568]",1
PRAI WHEAT,"WHITE OAK - CRY.VAL 1/2"" NOSING PRAI.WHEAT - [GCNO7OSH68]; WHITE OAK - CRY.VAL 3/4"" NOSING PRAI.WHEAT - [GCNO7OSQ68]; CRY.VAL 8' T-MOULD PRAI.WHEAT - [GCCVTM8O68]",3
PREF RISER,CAROLINA CLASSIC PREF.RISER - [GCRICC]; COMPETITION BUSTER PREF.RISER - [GCRICB]; CRYSTAL VALLEY PREF.RISER - [GCRICV]; GII DISTRESS PREF.RISER - [GCRIII]; GII SMOOTH PREF.RISER - [GCRIIIS]; GARRISON III PREF.RISER - [GCRIIII]; GARRISON PLUS PREF.RISER - [GCRIPL]; TIME INSPIRED II PREF.RISER - [GCRITI2]; FRENCH CONNECTION PREF.RISER - [GCRIFC]; VILLA GIALLA PREF.RISER - [GCRIVG]; GII SMOOTH PREF.RISER - [GCRISS]; CLIFFSIDE PREF.RISER - [GCRICS]; BELLAGIO PREF.RISER - [GCRICBL]; GREEK ISLE PREF.RISER - [GCRICGI]; NEWPORT PREF.RISER - [GCRICNP]; VINEYARD PREF.RISER - [GCRICVY],16
PREMIUM SE,CON.CHOICE - 5/8 X 3 1/4 PREMIUM RED OAK SE - [GFCOR314PS]; CON.CHOICE - 5/8 X 5 PREMIUM RED OAK SE - [GFCOR5PS]; CON.CHOICE - *5/8 X 4 PREMIUM RED OAK SE - [GFCOR4PS]; CON.CHOICE - *5/8 X 6 PREMIUM RED OAK SE - [GFCOR6PS]; CON.CHOICE - *5/8 X 7 PREMIUM RED OAK SE - [GFCOR7PS],5
PRIME TAUN,AUBURN - 3/4 X 4-3/4 PRIME TAUN - [CWQ434PTAU],1
Q O NESTED,"NESTED - 1/2 x 1 1/2"" R&Q R/O NESTED - [RH112QRSNB]; NESTED - 1/2 x 1 1/2"" R&Q R/O NESTED - [RH112QRSNB-24]; NESTED - 1/2 x 1 1/2"" R&Q R/O NESTED - [RH112QRSNB-15]",3
QTR AUTUMN,"G PLUS - WHITE OAK QTR 5"" AUTUMN      * - [GNPLO513]",1
QTR BEAUTE,*LAMINATE QTR BEAUTE - [LALXQRRH05],1
QTR CHERRY,LAMINATE QTR RED CHERRY - [LALXQRHG02],1
QTR CUSTOM,"G PLUS - WHITE OAK QTR 5"" CUSTOM - [GNPLO599]",1
QTR RUSTIC,LAMINATE QTR RUSTIC OAK - [LAQRCWD7832],1
QUARTZ QTZ,GARRISON QUARTZ - QTZ101 - [QTZ101],1
REAL BEECH,NYTAE REAL BEECH - [NTNY108]; NYTAE WALL BASE REAL BEECH - [NTNY108WB]; NYTAE REDUCER REAL BEECH - [NTNY108RE],3
REED CASIN,MDF - NONSTOCK - ULTRA MDF 4-FLUTE & REED CASIN - [MOBBMD158MUL2],1
RETURN W O,"WHITE OAK - 1X1-1/4 X 14"" TREAD RETURN W/O - [MOTRREO]",1
RIFT QTR O,"ARB CREEK - 1/2 x 2"" RIFT/QTR R/O - [RH2QRS]; 3/4 X 3 1/4 RIFT/QTR R/O - [RQ314QRSSP]",2
RND RUSSIA,RUSSIAN BLACK OAK - PARADISE VALLEY QTR RND RUSSIA - [LAPVQRO02],1
RND SILVER,SILVER OAK - PARADISE VALLEY QTR RND SILVER - [LAPVQRO03],1
ROAST PINE,LAMINATE BABY-T ROAST PINE - [LABTL8CVRP],1
ROMANTIQUE,"LEGENDS - EURO OAK 9.5"" ROMANTIQUE - [GFLEO9504]; VILLA GIALLA - EURO OAK 9-1/2"" ROMANTIQUE - [GFVGO910]",2
ROUND ALPS,APEX SPC - QTR.ROUND - ALPS - [GVAPQR501]; SUMMIT SKY SPC - QTR.ROUND - ALPS - [GVSSQR501],2
ROUND BEAM,ILLUMIN8 QUARTER ROUND BEAM - [GLILQR802],1
ROUND DUSK,ILLUMIN8 QUARTER ROUND DUSK - [GLILQR803],1
ROUND EVRY,LAMINATE - GARRISON QUARTER ROUND EVRY - [GCLAQR002],1
ROUND FOIX,LAMINATE - *GARRISON QUARTER ROUND FOIX - [GCLAQR010],1
ROUND GOLD,ELEMENTS - QTR.ROUND - GOLD - [GVSPCQR703],1
ROUND HERA,MYTHOLOGY - QUARTER ROUND - HERA - [GVGAQR704],1
ROUND IRIS,SECRET GARDEN SPC - QUARTER ROUND - IRIS - [GVSGQR706],1
ROUND LILY,SECRET GARDEN SPC - QUARTER ROUND - LILY - [GVSGQR707],1
ROUND NIME,LAMINATE - GARRISON QUARTER ROUND NIME - [GCLAQR004],1
ROUND PURE,"URBANIA 78"" QTR.ROUND PURE OAK - [URQRUC17101QR]",1
ROUND ROSE,SECRET GARDEN SPC - QUARTER ROUND - ROSE - [GVSGQR711],1
ROUND SAGE,NATURESTEP - QTR.ROUND - SAGE - [GVNSQR804],1
ROUND SOHO,METROPOLITAN - QTR.ROUND - SOHO - [GVMPQR705],1
ROUND WAVE,NATURESTEP - QTR.ROUND - WAVE - [GVNSQR809],1
ROUND ZEUS,MYTHOLOGY - QUARTER ROUND - ZEUS - [GVGAQR706],1
ROUND ZINC,ELEMENTS - QTR.ROUND - ZINC - [GVSPCQR904],1
ROUND ZION,AQUA BLUE II BY GARRISON - QTR. ROUND - ZION OAK - [GVWPCIIQR101],1
RUN CHERRY,UNFIN/DIST - 1/2 x 3 MILL RUN CHERRY - [GCUDC300]; UNFIN/DIST - 1/2 x 5 MILL RUN CHERRY - [GCUDC500]; UNFIN/DIST - 1/2 x 7 MILL RUN CHERRY - [GCUDC700],3
RUN TEMBEC,3/4 X 5 MILL RUN MAPLE (TEMBEC - [PFTM345MM],1
RUN WALNUT,NATURAL - 1/2 x 5 MILL RUN WALNUT - [GCGAW538]; UNFIN/DIST - 1/2 x 3 MILL RUN WALNUT - [GCUDW300]; UNFIN/DIST - 1/2 x 5 MILL RUN WALNUT - [GCUDW500]; UNFIN/DIST - 1/2 X 7 MILL RUN WALNUT - [GCUDW700]; FRUITWOOD - 1/2 X 7 MILL RUN WALNUT - [GCGAW728],5
RUSTIC PLY,"NOUVELLE - *WALNUT 7.5"" RUSTIC 2 PLY - [GFNVW75112P]",1
S B CHERRY,3/4 X 3 1/2 S/B MAPLE CHERRY - [UW34312SMC],1
S B S E LL,UNFINISHED - 3/4 X 3 S/B WHITE OAK S.E LL - [LQ3FOS],1
S MAHOGANY,HI-GLOSS - LAMINATE REDUCER S. MAHOGANY - [LAREL12PSSSM]; NATURAL - 9/16 X 4 7/8  S.MAHOGANY DIST. - [FFN478SMD],2
SAHARA PLY,"GII DIST - WALNUT 5"" SAHARA 2PLY - [GNIIW51042P]",1
SAN MAHOGA,NATURAL - OASIS 9/16 X 3-9/16 SAN.MAHOGA - [OA9163SME],1
SAN MARINO,"AQUABLUE 7 BY GARRISON - 8MM 7"" X 72"" - SAN MARINO OAK - [GVWPC109]; AQUA BLUE BY GARRISON - FLUSH NOSING - SAN MARINO OAK - [GVWPCFNO109]; AQUA BLUE BY GARRISON - T-MOULDING - SAN MARINO OAK - [GVWPCTM109]; AQUA BLUE BY GARRISON - REDUCER - SAN MARINO OAK - [GVWPCRE109]; AQUA BLUE BY GARRISON - END CAP - SAN MARINO OAK - [GVWPCEC109]; AQUA BLUE BY GARRISON - QTR. ROUND - SAN MARINO OAK - [GVWPCQR109]; AQUA BLUE BY GARRISON - TREAD - SAN MARINO OAK - [GVWPCTR109]",7
SANDALWOOD,"NATURESTEP SPC - 6.5MM X 8.66 X 59.5 SANDALWOOD - [GVNS805]; NATURESTEP - T-MOULDING - SANDALWOOD - [GVNSTM805]; NATURESTEP - REDUCER - SANDALWOOD - [GVNSRE805]; NATURESTEP SPC - 6.5MM 4.72X28.34 HB SANDALWOOD - [GVNSPH405]; QUIETPATH 2 - 5MM X 7"" X 48"" SANDALWOOD - [GDQP2EBD36265]; LVT - 2.5MM X 7"" X 48"" SANDALWOOD - [GVLV2536265]; LVT - 3MM X 9.25"" X 59.25""SANDALWOOD - [GVLV30W36265]",7
SANTA YNEZ,"SANTA BARBARA - BIRCH 6.25"" SANTA YNEZ - [ENSBTB601]",1
SANTOS MAH,"NATURAL - 5/8"" BABY T-HOLD 8' SANTOS/MAH - [GCBTSF38]; 3/4 X 7 1/4 RISER - SANTOS MAH - [MORIS]; 3/16 x 11/16 SCRIBE SANTOS MAH - [MOSC316S]; NATURAL - EXOTIC 1/2 X 3-1/4 SANTOS MAH. - [GHEXSM31438]",4
SAPELE NAT,LOW SHEEN - EXOTIC 7' T-MOULD SAPELE NAT. - [GCEXTM7SA38]; HIGH SHEEN - EXOTIC 7' T-MOULD SAPELE NAT. - [GCEXTM7SA38HS]; LOW SHEEN - EXOTIC 4' T-MOULD SAPELE NAT. - [GCEXTM4SA38]; LOW SHEEN - EXOTIC 6' T-MOULD SAPELE NAT. - [GCEXTM6SA38],4
SAPELE OMP,"25"" X 28"" - PANEL - EXO. SAPELE *OMP* - [GCSBEXS538-2528]",1
SAPELI NAT,NATURAL - 1/2X5 DISTRESSED SAPELI NAT - [EHDSA538],1
SE CALCORE,CONTRACTORS CHOICE - 5/8 X 5 PREM. R/O SE CALCORE - [GFCOR5PSSB]; CONTRACTORS CHOICE - 5/8 X 5 PREM.WALNUT SE CALCORE - [GFCOW5PSSB]; CONTRACTORS CHOICE - 5/8 X 7 PREM.WALNUT SE CALCORE - [GFCOW7PSSB],3
SEDONA GAR,1/2 x 7 RED OAK SEDONA RED GAR - [GCGAR742],1
SEL NO E M,3/8 X 2 SEL WHITE OAK NO E/M - [RT2SOSEM]; 3/8 X 2 SEL RED OAK NO E/M - [RT2SRSEM],2
SELECT ASH,NATURAL - 3/4 X 3 SELECT ASH - [AMQ3SAN],1
SELECT GUN,9/16 X 5 SELECT WHITE OAK GUN - [UW9165SOG],1
SELECT M B,NATURAL - 3/4 X 4 SELECT MAPLE M.B - [AMQ4SMNM]; 5/8 X 5 SELECT RED OAK M.B - [AMF5SRM],2
SELECT S E,UNFINISHED (1'-10') - 3/4 X 5 SELECT WHITE OAK S/E - [LQ5FOS]; UNFINISHED (1'-10') - 3/4 X 5 SELECT RED OAK S/E - [LQ5FRS]; 5/8 X 3 SELECT WHITE OAK S.E - [AMF3SOS]; 5/8 X 3 SELECT RED OAK S.E - [AMF3SRS],4
SELECT W O,"ARB CREEK - 1/2 x 1 1/2"" SELECT W/O - [RH112SOS]; 3/8 x 1-1/2"" SELECT W/O BF - [RT112SOS]; 5/16 x 2"" SELECT W/O - [RFS2SOS]; 5/16 x 3"" SELECT W/O - [RFS3SOS]; 5/16 x 4"" SELECT W/O - [RFS4SOS]; 5/16 x 5"" SELECT W/O - [RFS5SOS]; 5/16 x 6"" SELECT W/O - [RFS6SOS]; 5/16 x 7"" SELECT W/O - [RFS7SOS]; 5/16 x 8"" SELECT W/O - [RFS8SOS]",9
SET ALLORA,"WATERFALL - SAMPLE SET - 7.5"" ALLORA - [GCSETAL-2228]; WATERFALL - SAMPLE SET - ALLORA <N/L> - [GCSETAL-2228PL]; WATERFALL - SAMPLE SET - 9.5"" ALLORA - [GCSETAL9-2828]",3
SET DELUXE,SAMPLE SET - GARRISON DELUXE - [GCSAMPLES05]; SAMPLE SET - DELUXE - [GCSAMPLE09]; SAMPLE SET - DELUXE - [GCSAMPLES19]; WATERFALL ORIGINAL - SAMPLE SET - DELUXE - [GCSASET03],4
SET FR CON,WATERFALL ORIGINAL - SAMPLE SET - FR.CON. <OB> - [GCSASET04]; WATERFALL - SAMPLE SET - FR.CON. - [GCSETFC-2828]; WATERFALL - SAMPLE SET - FR.CON. <N/L> - [GCSETFC-2828PL],3
SET SUNSET,TRIM SET - WHITE OAK SUNSET - [GWC-TS103],1
SHEOGA SET,SHEOGA SAMPLE SET - [PFSHSA02],1
SHOE GENOA,DA VINCI 8' BASE SHOE GENOA - [GCDV2BSO701],1
SHOE HRZTL,NATURAL - BAMBOO BASE SHOE 1/2X3/4 HRZTL - [UWBSBHN],1
SHOE LUCCA,DA VINCI 8' BASE SHOE LUCCA - [GCDV2BSO708],1
SHOE PAOLO,DA VINCI BASE SHOE PAOLO - [GCDVBSO711],1
SHOE PARMA,DA VINCI 8' BASE SHOE PARMA - [GCDV2BSO703],1
SHOE PRATO,DA VINCI 8' BASE SHOE PRATO - [GCDV2BSO704],1
SHOE PRIME,1/2 x 3/4 BASE SHOE - PRIME - [MOBS12PR]; PRIMED PINE FJ - 3/8 x 3/4 BASE SHOE - PRIME - [MOBS38PR]; PRIMED PINE FJ - 1/2 x 3/4 BASE SHOE - PRIME - [MOBSPR300BFJ],3
SHOE SIENA,DA VINCI 8' BASE SHOE SIENA - [GCDV2BSO711],1
SIERRA PLY,"GII DIST - HICKORY 5"" SIERRA 2PLY DIST. - [GNIIH5022P]",1
SILVERLEAF,NATURESTEP SPC - 6.5MM X 8.66 X 59.5 SILVERLEAF - [GVNS807]; NATURESTEP - T-MOULDING - SILVERLEAF - [GVNSTM807]; NATURESTEP - REDUCER - SILVERLEAF - [GVNSRE807],3
SKY CALICO,SAMPLE - BIG SKY CALICO - [EHBS7SBH153]; HICKORY - BIG SKY 7' BABY T-HOLD CALICO - [GCBSBT7H153]; HICKORY - BIG SKY 8' BABY T-HOLD CALICO - [GCBSBT8H153]; HICKORY - BIG SKY 7' T-MOULD CALICO - [GCBSTM7H153]; HICKORY - BIG SKY 8' T-MOULD CALICO - [GCBSTM8H153]; HICKORY - BIG SKY 7' REDUCER CALICO - [GCBSRE7H153]; HICKORY - BIG SKY 8' REDUCER CALICO - [GCBSRE8H153]; HICKORY - BIG SKY 7' NOSING CALICO - [GCBSNO7H153]; HICKORY - BIG SKY 8' NOSING CALICO - [GCBSNO8H153],9
SM SYRUP P,"GII SMOOTH - MAPLE 5"" SM. SYRUP 2P - [GNSSM5772P]",1
SPRINGTIME,"AQUASHIELD AC4 - 12MM 9.37"" X 60"" SPRINGTIME - [LAMCAS3201]",1
SS ANTIQUE,WALNUT SMOOTH - SS 7' NOSING ANTIQUE - [GCSSNO7W23]; WALNUT SMOOTH - SS 8' NOSING ANTIQUE - [GCSSNO8W23],2
SS CHATEAU,HICKORY SMOOTH - SS 7' T-MOULD CHATEAU - [GCSSTM7H51]; HICKORY SMOOTH - SS 8' T-MOULD CHATEAU - [GCSSTM8H51]; HICKORY SMOOTH - SS 7' REDUCER CHATEAU - [GCSSRE7H51]; HICKORY SMOOTH - SS 7' NOSING CHATEAU - [GCSSNO7H51]; HICKORY SMOOTH - SS 8' NOSING CHATEAU - [GCSSNO8H51],5
SS NATURAL,HICKORY SMOOTH - SS 7' NOSING HICKORY NATURAL - [GCSSNO7H38]; HICKORY SMOOTH - SS 8' NOSING HICKORY NATURAL - [GCSSNO8H38]; MAPLE SMOOTH - SS 7' NOSING MAPLE NATURAL - [GCSSNO7M38]; MAPLE SMOOTH - SS 8' NOSING MAPLE NATURAL - [GCSSNO8M38],4
ST SEL UNF,3/4 x 2-1/4 1ST/SEL.MAPLE UNF. - [RQ214FMS]; 3/4 X 3 1/4 1ST/SEL.MAPLE UNF. - [RQ314FMS],2
STAIR HNEY,HONEY OAK - LAMINATE STAIR NOSING HNEY OAK - [LASNL12NDHO],1
STAIR NOSE,"RED TEAK - LAMINATE STAIR NOSE 8' - [LANO232]; EXO WALNUT - LAMINATE STAIR NOSE 8' - [LANO143]; SMOKEY OAK - LAMINATE STAIR NOSE 8' - [LANO66SN]; DARK NIGHT HICKORY - 92"" STAIR NOSE - [TECL3998-N]",4
STAR YACHT,5/8 X 7-1/2 STAR YACHT - [OAFOGO12],1
STILLWATER,"CLIFFSIDE BY GARRISON - EURO OAK 7.5"" STILLWATER - [GFCSO7504]; CLIFFSIDE BY GARRISON - EURO OAK 7.5"" STILLWATER - [GFCSO75004]",2
STRADA 7.5,"ALLORA - EURO OAK 7.5"" STRADA - [GFALO7506]",1
STRIP BAMB,LAMINATE T-MOLD GOL.STRIP BAMB - [LATML1204],1
SUMMER TAN,"CLIFFSIDE BY GARRISON - EURO OAK 7.5"" SUMMER TAN - [GFCSO7505]; C.SIDE 8' BABY-T SUMMER TAN - [GCCSBT8O05]; CLIFFSIDE 8' NOSING SUMMER TAN - [GCCSNO8O05]; C.SIDE 8' REDUCER SUMMER TAN - [GCCSRE8O05]; C.SIDE 8' T-MOULD SUMMER TAN - [GCCSTM8O05]; WATERFALL - PANEL - CLIFF. SUMMER TAN - [GCSBCS7505-2228]; CLIFFSIDE BY GARRISON - EURO OAK 7.5"" SUMMER TAN - [GFCSO75005]",7
SUMMERLAND,"SANTA BARBARA - OAK 7.5"" SUMMERLAND - [ENSBHO7504]",1
SUMMIT SKY,"WATERFALL ORIGINAL - SAMPLE SET - SUMMIT SKY PLANK - [GCSASET56]; WATERFALL ORIGINAL - SAMPLE SET - SUMMIT SKY HB - [GCSETSS5-2323]; WATERFALL ORIGINAL - SAMPLE SET - SUMMIT SKY 7"" - [GCSETSS7-2323]",3
SUN KISSED,"AQUABLUE II BY GARRISON - 12MM 9"" X 60"" - SUN-KISSED - [GVWPCII903]; AQUA BLUE II BY GARRISON - T-MOULDING - SUN-KISSED - [GVWPCIITM903]; AQUA BLUE II BY GARRISON - FLUSH NOSING - SUN-KISSED - [GVWPCIIFNO903]; AQUA BLUE II BY GARRISON - REDUCER - SUN-KISSED - [GVWPCIIRE903]; AQUA BLUE II BY GARRISON - END CAP - SUN-KISSED - [GVWPCIIEC903]; AQUA BLUE II BY GARRISON - QTR. ROUND - SUN-KISSED - [GVWPCIIQR903]; AQUA BLUE II BY GARRISON - TREAD - SUN-KISSED - [GVWPCIITR903]; AQUASHIELD AC5 - 12MM 9.37"" X 60"" SUN KISSED - [LAMCAS3107]",8
TI NATURAL,"H. PECAN - SAMPLE - TI 5"" NATURAL - [GCTI5HSB38]; WALNUT - SAMPLE - TI 5"" NATURAL - [GCTI5WSB38]; TI REDUCER HICKORY NATURAL - [GCRE7HH38]",3
TI NORWICH,CHERRY - TI2 BABY TRESHOLD NORWICH - [GCBT7CF138]; CHERRY - TI2 REDUCER NORWICH - [GCRE7CH138],2
TIDE FROST,DESIGNER SAMPLE - DS - TIDE WHITE OAK FROST - [GWC-DSTIO102]; SAMPLE BOARD - SB - TIDE WHITE OAK FROST - [GWC-SBTIO102],2
TIGER MAHO,11/16 X 3-1/2 BRAZ.TIGER MAHO. - [YHSFA0028],1
TOTE RIVER,TOTE BOARD - RED RIVER - [GCKEYSET13],1
TREAD ALPS,SUMMIT SKY - TREAD - ALPS - [GVSSTR501],1
TREAD BEAM,ILLUMIN8 TREAD BEAM - [GLILTR802],1
TREAD DUSK,ILLUMIN8 TREAD DUSK - [GLILTR803],1
TREAD GOLD,ELEMENTS - TREAD - GOLD - [GVSPCTR703],1
TREAD IRIS,SECRET GARDEN SPC - TREAD - IRIS - [GVSGTR706],1
TREAD LILY,SECRET GARDEN SPC - TREAD - LILY - [GVSGTR707],1
TREAD NEON,NEON OAK - PARADISE VALLEY TREAD NEON OAK - [LAPVTRO01],1
TREAD NIME,GARRISON TREAD NIME - [GCLATR004],1
TREAD ROSE,SECRET GARDEN SPC - TREAD - ROSE - [GVSGTR711],1
TREAD SOHO,METROPOLITAN - TREAD - SOHO - [GVMPTR705],1
TREAD ZINC,ELEMENTS - TREAD - ZINC - [GVSPCTR904],1
TREAD ZION,AQUA BLUE II BY GARRISON - TREAD - ZION OAK - [GVWPCIITR101],1
TROPEZ PLY,"FRENCH CONNECTION - EURO OAK 7"" ST.TROPEZ 2 PLY - [GFFCOB7322P]",1
TUMBLEWEED,EUROPEAN OAK - 9/16 NOSING TUMBLEWEED - [EONONTW],1
UL RE BASE,MDF - NONSTOCK - 1/2 X 5-1/2 UL RE BASE - [MOBBMD388MUL],1
UNF HICKOR,BIG SKY NOSING UNF.DIST HICKOR - [GCNO7HH00BS]; C.CLASS NOSING UNF.DIST HICKOR - [GCNO7HH00CC],2
UNF WALNUT,TI2 NOSING UNF. DIST. WALNUT - [GCNO7WH00TI2]; BIG SKY NOSING UNF.WALNUT 8' - [GCNO8WH00BS]; DELUXE NOSING UNF.WALNUT 8' - [GCNO8WF00]; WIRE BRUSHED - CANTINA NOSING UNF.WALNUT 8' - [GCNO8WH00CA],4
UNFINISHED,FRENCH CONNECTION - EURO OAK 5/8 X 7 UNFINISHED - [GFFCOB700]; SMOOTH SQ EDGE - EURO OAK 3/4 X 7 UNFINISHED - [GQFCOB700]; SMOOTH SQ EDGE - EURO OAK 3/4 X 8 UNFINISHED - [GQFCOB800]; SMOOTH MICRO BEVEL - EURO OAK 3/4 X 7 UNFINISHED - [GQFCOB700S]; WIRED BRUSH SQUARE EDGE - EURO OAK 3/4 X 7 UNFINISHED - [GQFCOB700WB]; WIRED BRUSH SQUARE EDGE - EURO OAK 3/4 X 8 UNFINISHED - [GQFCOB800WB]; SMOOTH MICRO BEVEL - EURO OAK 3/4 X 8 UNFINISHED - [GQFCOB800S]; WIRED BRUSH S.E FUMED - EURO OAK 3/4 X 7 UNFINISHED - [GQFCOB700WBFMD]; WIRED BRUSH S.E FUMED - EUR OAK 3/4 X 8 UNFINISHED - [GQFCOB800WBFMD],9
VAL BRONZE,"ACACIA DISTRESSED - CRY.VAL 3/4"" 7' NOSING BRONZE - [GCCVSNO7A146]; ACACIA DISTRESSED - CRY.VAL 3/4"" 7' REDUCER BRONZE - [GCCVSRE7A146]; ACACIA DISTRESSED - CRY.VAL 7' T-MOULD BRONZE - [GCCVSTM7A146]; ACACIA DISTRESSED - CRY.VAL 8' T-MOULD BRONZE - [GCCVSTM8A146]; ACACIA DISTRESSED - CRY.VAL 3/4"" 8' REDUCER BRONZE - [GCCVSRE8A146]; ACACIA DISTRESSED - CRY.VAL 3/4"" 8' NOSING BRONZE - [GCCVSNO8A146]; ACACIA DISTRESSED - CRY.VAL 3/4"" 4' NOSING BRONZE - [GCCVSNO4A146]; ACACIA DISTRESSED - CRY.VAL 3/4"" 4' REDUCER BRONZE - [GCCVSRE4A146]; ACACIA DISTRESSED - CRY.VAL 4' T-MOULD BRONZE - [GCCVSTM4A146]",9
VAL CHERRY,"ASIAN MAHOGANY - CRY.VAL 7' T-MOULD CHERRY - [GCCVSTM7AM22]; ASIAN MAHOGANY - CRY.VAL 8' T-MOULD CHERRY - [GCCVSTM8AM22]; ASIAN MAHOGANY - CRY.VAL 3/4"" 7' REDUCER CHERRY - [GCCVSRE7AM22]; ASIAN MAHOGANY - CRY.VAL 3/4"" 8' REDUCER CHERRY - [GCCVSRE8AM22]; ASIAN MAHOGANY - CRY.VAL 3/4"" 7' NOSING CHERRY - [GCCVSNO7AM22]; ASIAN MAHOGANY - CRY.VAL 3/4"" 8' NOSING CHERRY - [GCCVSNO8AM22]",6
VAL CHESTN,"ASIAN MAHOGANY - CRY.VAL 3/4"" 7' REDUCER CHESTN - [GCCVSRE7AM06]; ASIAN MAHOGANY - CRY.VAL 3/4"" 8' REDUCER CHESTN - [GCCVSRE8AM06]",2
VAL EVELYN,"MAPLE DISTRESSED - CRY.VAL 7' T-MOULD EVELYN - [GCCVSTM7M02]; MAPLE DISTRESSED - CRY.VAL 8' T-MOULD EVELYN - [GCCVSTM8M02]; MAPLE DISTRESSED - CRY.VAL 3/4"" 7' REDUCER EVELYN - [GCCVSRE7M02]; MAPLE DISTRESSED - CRY.VAL 3/4"" 8' REDUCER EVELYN - [GCCVSRE8M02]; MAPLE DISTRESSED - CRY.VAL 3/4"" 7' NOSING EVELYN - [GCCVSNO7M02]; MAPLE DISTRESSED - CRY.VAL 3/4"" 8' NOSING EVELYN - [GCCVSNO8M02]",6
VAL GOLDEN,"CRY. VAL T-MOULD GOLDEN OAK - [GCTMOF45]; WHITE OAK - CRY.VAL 1/2"" NOSING GOLDEN OAK - [GCNO7OSH45]; WHITE OAK - CRY.VAL T-MOULD GOLDEN OAK - [GCTM7OF45]; WHITE OAK - CRY.VAL 3/4"" NOSING GOLDEN OAK - [GCNO7OSQ45]; ASIAN MAHOGANY - CRY.VAL 7' T-MOULD GOLDEN - [GCCVSTM7AM30]; ASIAN MAHOGANY - CRY.VAL 8' T-MOULD GOLDEN - [GCCVSTM8AM30]; ASIAN MAHOGANY - CRY.VAL 3/4"" 7' REDUCER GOLDEN - [GCCVSRE7AM30]; ASIAN MAHOGANY - CRY.VAL 3/4"" 8' REDUCER GOLDEN - [GCCVSRE8AM30]; ASIAN MAHOGANY - CRY.VAL 3/4"" 7' NOSING GOLDEN - [GCCVSNO7AM30]; ASIAN MAHOGANY - CRY.VAL 3/4"" 8' NOSING GOLDEN - [GCCVSNO8AM30]; CRY.VAL 8' T-MOULD GOLDEN OAK - [GCCVTM8O45]; CRY.VAL 1/2"" 7' GOLDEN OAK - [GCCVRE7OH45]",12
VAL GREY W,WASH WIRE BRUSH - CRY.VAL NOSING GREY WHITE W. - [GCNOOSQ165],1
VAL KEMAPS,NATURAL - SAMPLE - CR.VAL 4-3/4 KEMAPS - [GQCV434SBKE38],1
VAL KENNIA,"MAPLE DISTRESSED - CRY.VAL 7' T-MOULD KENNIA - [GCCVSTM7M04]; MAPLE DISTRESSED - CRY.VAL 8' T-MOULD KENNIA - [GCCVSTM8M04]; MAPLE DISTRESSED - CRY.VAL 3/4"" 7' REDUCER KENNIA - [GCCVSRE7M04]; MAPLE DISTRESSED - CRY.VAL 3/4"" 8' REDUCER KENNIA - [GCCVSRE8M04]; MAPLE DISTRESSED - CRY.VAL 3/4"" 7' NOSING KENNIA - [GCCVSNO7M04]; MAPLE DISTRESSED - CRY.VAL 3/4"" 8' NOSING KENNIA - [GCCVSNO8M04]",6
VAL MA NAT,"MAPLE - CRY.VAL 1/2"" 7' REDUCER MA NAT - [GCCVRE7MH38]",1
VAL MA WHI,"MAPLE - CRY.VAL 1/2"" 8' REDUCER MA WHI - [GCCVRE8MH38W]",1
VAL MAP NA,"NATURAL - CRY.VAL 3/4"" 7' REDUCER MAP NA - [GCCVSRE7M38]; MAPLE - CRY.VAL 3/4"" 8' REDUCER MAP NA - [GCCVSRE8M38]",2
VAL MERABU,NATURAL - SAMPLE - CR.VAL 4-3/4 MERABU - [GQCV434SBME38],1
VAL NATURA,"ASIAN MAHOGANY - CRY.VAL 3/4"" 7' REDUCER NATURA - [GCCVSRE7AM38]; ASIAN MAHOGANY - CRY VAL 3/4"" 8' REDUCER NATURA - [GCCVSRE8AM38]; ACACIA DISTRESSED - CRY.VAL 3/4"" 7' REDUCER NATURA - [GCCVSRE7A38]; ACACIA DISTRESSED - CRY.VAL 3/4"" 8' REDUCER NATURA - [GCCVSRE8A38]; ACACIA DISTRESSED - CRY.VAL 3/4"" 4' REDUCER NATURA - [GCCVSRE4A38]",5
VAL P WHEA,"WHITE OAK - CRY.VAL 1/2"" 7' REDUCER P.WHEA - [GCRE7OH68]; CRY.VAL 1/2"" 8' REDUCER P.WHEA - [GCCVRE8OH68]; CRY.VAL 1/2"" 7' REDUCER P.WHEA - [GCCVRE7OH68]; CRY.VAL 9/16"" 8'REDUCER P.WHEA - [GCCVRE8ON68]",4
VAL TOFFEE,"WHITE OAK - CRY.VAL 1/2"" NOSING TOFFEE - [GCNO7OSH178]; WHITE OAK - CRY.VAL 3/4"" NOSING TOFFEE - [GCNO7OSQ178]; WHITE OAK - CRY.VAL T-MOULD TOFFEE - [GCTM7OF178]; WHITE OAK - CRY.VAL BABY T-HOLD TOFFEE - [GCBT7OF178]; WHITE OAK - CRY.VAL 1/2"" REDUCER TOFFEE - [GCRE7OH178]; WHITE OAK - CRY.VAL 3/4"" REDUCER TOFFEE - [GCRE7OQ178]",6
VALLEY SOL,SAMPLE SET-CRYSTAL VALLEY SOL. - [GCSAMPLES12],1
VALLEY W O,CRYSTAL VALLEY 3/4 X 2-1/4 W/O - [GQCVO21443],1
VARESE PLY,"VILLA GIALLA - EURO OAK 9-1/2"" VARESE 2 PLY - [GFVGO9082P]",1
VERONA 9.5,"LEGENDS - EURO OAK 9.5"" VERONA - [GFLEO9505]",1
VERSAILLES,"FRENCH CONNECTION - EURO OAK 5/8 X 7"" VERSAILLES - [GFFCOB739]",1
VG BRESCIA,OAK - VG 7' BABY THRESHOLD BRESCIA - [GCVGBT7O02]; OAK - VG 8' BABY THRESHOLD BRESCIA - [GCVGBT8O02]; OAK - VG 7' T-MOULD BRESCIA - [GCVGTM7O02]; OAK - VG 8' T-MOULD BRESCIA - [GCVGTM8O02]; OAK - VG 7' REDUCER BRESCIA - [GCVGRE7O02]; OAK - VG 8' REDUCER BRESCIA - [GCVGRE8O02]; OAK - VG 7' NOSING BRESCIA - [GCVGNO7O02]; OAK - VG 8' NOSING BRESCIA - [GCVGNO8O02],8
VG CATANIA,OAK - VG 7' BABY THRESHOLD CATANIA - [GCVGBT7O03]; OAK - VG 8' BABY THRESHOLD CATANIA - [GCVGBT8O03]; OAK - VG 7' T-MOULD CATANIA - [GCVGTM7O03]; OAK - VG 8' T-MOULD CATANIA - [GCVGTM8O03]; OAK - VG 7' REDUCER CATANIA - [GCVGRE7O03]; OAK - VG 8' REDUCER CATANIA - [GCVGRE8O03]; OAK - VG 7' NOSING CATANIA - [GCVGNO7O03]; OAK - VG 8' NOSING CATANIA - [GCVGNO8O03],8
VG LIVORNO,OAK - VG 7' BABY THRESHOLD LIVORNO - [GCVGBT7O05]; OAK - VG 8' BABY THRESHOLD LIVORNO - [GCVGBT8O05]; OAK - VG 7' T-MOULD LIVORNO - [GCVGTM7O05]; OAK - VG 8' T-MOULD LIVORNO - [GCVGTM8O05]; OAK - VG 7' REDUCER LIVORNO - [GCVGRE7O05]; OAK - VG 8' REDUCER LIVORNO - [GCVGRE8O05]; OAK - VG 7' NOSING LIVORNO - [GCVGNO7O05]; OAK - VG 8' NOSING LIVORNO - [GCVGNO8O05],8
VG MARSALA,OAK - VG 7' BABY THRESHOLD MARSALA - [GCVGBT7O06]; OAK - VG 8' BABY THRESHOLD MARSALA - [GCVGBT8O06]; OAK - VG 7' T-MOULD MARSALA - [GCVGTM7O06]; OAK - VG 8' T-MOULD MARSALA - [GCVGTM8O06]; OAK - VG 7' REDUCER MARSALA - [GCVGRE7O06]; OAK - VG 8' REDUCER MARSALA - [GCVGRE8O06]; OAK - VG 7' NOSING MARSALA - [GCVGNO7O06]; OAK - VG 8' NOSING MARSALA - [GCVGNO8O06],8
VG PERUGIA,OAK - VG 7' BABY THRESHOLD PERUGIA - [GCVGBT7O07]; OAK - VG 8' BABY THRESHOLD PERUGIA - [GCVGBT8O07]; OAK - VG 7' T-MOULD PERUGIA - [GCVGTM7O07]; OAK - VG 8' T-MOULD PERUGIA - [GCVGTM8O07]; OAK - VG 7' REDUCER PERUGIA - [GCVGRE7O07]; OAK - VG 8' REDUCER PERUGIA - [GCVGRE8O07]; OAK - VG 7' NOSING PERUGIA - [GCVGNO7O07]; OAK - VG 8' NOSING PERUGIA - [GCVGNO8O07],8
VINCI ATRI,DA VINCI 8' BABY-T ATRI - [GCDV2BT8O712]; DA VINCI 8' NOSING ATRI - [GCDV2NO8O712]; DA VINCI 8' REDUCER ATRI - [GCDV2RE8O712]; DA VINCI 8' T-MOULD ATRI - [GCDV2TM8O712],4
VINCI BARI,DA VINCI 8' BABY-T BARI - [GCDV2BT8O702]; DA VINCI 8' NOSING BARI - [GCDV2NO8O702]; DA VINCI 8' REDUCER BARI - [GCDV2RE8O702]; DA VINCI 8' T-MOULD BARI - [GCDV2TM8O702],4
VINCI FANO,DA VINCI 8' BABY-T FANO - [GCDV2BT8O710]; DA VINCI 8' NOSING FANO - [GCDV2NO8O710]; DA VINCI 8' REDUCER FANO - [GCDV2RE8O710]; DA VINCI 8' T-MOULD FANO - [GCDV2TM8O710],4
VINCI PISA,DA VINCI 8' BABY-T PISA - [GCDV2BT8O707]; DA VINCI 8' NOSING PISA - [GCDV2NO8O707]; DA VINCI 8' REDUCER PISA - [GCDV2RE8O707]; DA VINCI 8' T-MOULD PISA - [GCDV2TM8O707],4
VINCI SORA,DA VINCI 8' BABY-T SORA - [GCDV2BT8O706]; DA VINCI 8' NOSING SORA - [GCDV2NO8O706]; DA VINCI 8' REDUCER SORA - [GCDV2RE8O706]; DA VINCI 8' T-MOULD SORA - [GCDV2TM8O706],4
VINYL ALBA,*LOOSE LAY VINYL ALBA - [GVLL200],1
VNT BALTIC,"FRENCH OAK - SAMPLE- FC 7"" VNT WHITE BALTIC - [GFFCSBB7O87]",1
VY CHABLIS,VY BASESHOE CHABLIS - [GCVYBSO902],1
VY CHIANTI,VY BASESHOE CHIANTI - [GCVYBSO903],1
W B CHERRY,NATURAL - M.W. BABY T-HOLD B. CHERRY - [MWBT82]; NATURAL - M.W 9/16 X 4 3/4 B.CHERRY DIST - [MWEHY0302],2
W O GOLDEN,"CRYSTAL VALLEY - W/O ENG 3-1/4"" GOLDEN OAK (1/2 - [GHCVO31445]; CRYSTAL VALLEY - *W/O SOLID 2-1/4"" GOLDEN OAK - [GQCVO21445]; CRYSTAL VALLEY - *W/O SOLID 3-1/4"" GOLDEN OAK - [GQCVO31445]; CRYSTAL VALLEY - *W/O SOLID DIST. 5"" GOLDEN OAK - [GQCVDO545]; SMOOTH - 3/4"" NOSING W/O GOLDEN OAK - [GCNOOSQ45]; GOLDEN OAK - 1/2"" NOSING W/O SMOOTH GOLDEN - [GCNOOSH45]; 1/2"" BASESHOE W/O GOLDEN OAK - [GCBSOH45]; 3/4"" REDUCER W/O GOLDEN OAK - [GCREOQ45]; CRYSTAL V - W/O ENG 5"" GOLDEN OAK (1/2"") - [GHCVO545]; CRYSTAL VALLEY - W/O ENG 3-1/4"" GOLDEN OAK 9/16 - [GNCVO31445]; CRYSTAL VALLEY - W/O ENG 5"" GOLDEN OAK (9/16"") - [GNCVO545]",11
W O H ROSE,"HONEY ROSE - 1/2"" NOSING W/O SMOOTH H. ROSE - [GCNOOSH49]",1
W O NAT MB,SHEOGA - 3/4 X 2.25 SOLID W/O NAT. MB - [PFSHSO238-22]; 30 SHEEN CLEAR SHEOGA - 3/4 X 2.25 SOLID W/O NAT. MB - [PFSHSO238]; 30 SHEEN CLEAR SHEOGA - 3/4 X 2.25 SOLID W/O NAT. MB - [PFSHSO238-22],3
W O NESTED,"NESTED - 1/2 x 1 1/2"" R&Q W/O NESTED - [RH112QOSNB]; LEBANON - 1/2 x 1 1/2 SELECT W/O NESTED - [RH112SOSNB]; NESTED - 1/2 x 2"" RIFT/OTR W/O NESTED - [RH2QOSNB]; 3/4 x 1 1/2"" SELECT W/O NESTED - [RQ112SOSNB]; 3/8 x 1-1/2"" SELECT W/O NESTED - [RT112SOSNB]; 1/2 x 2"" #1 W/O NESTED (25-SF) - [RH21OSNB]; DAYSPRING 24SF - 1/2 x 1 1/2"" SELECT W/O NESTED - [RH112SOSNB-24]; 1/2 x 1 1/2"" R&Q W/O NESTED - [RH112QOSNB-24]; NESTED -24SF X BUNDLE - 1/2 x 2"" RIFT/OTR W/O NESTED - [RH2QOSNB-24]; 15SF - 1/2 x 1-1/2"" SELECT W/O NESTED - [RH112SOSNB-15]; 1/2 x 1 1/2"" R&Q W/O NESTED - [RH112QOSNB-15]; NESTED -20SF X BUNDLE - 1/2 x 2"" RIFT/OTR W/O NESTED - [RH2QOSNB-20]; NESTED -20SF X BUNDLE - 1/2 x 2"" SELECT W/O NESTED - [RH2SOSNB-20]; DAYSRPING - 3/8 x 2"" SEL W/O NESTED (24-SF - [RT2SOSNB-24]",14
W O S E LL,UNFINISHED - 3/4 X 3 CHARACTER W/O S.E LL - [LQ3COS]; UNFINISHED - 3/4 X 5 CHARACTER W/O S.E LL - [LQ5COS]; UNFINISHED - 3/4 X 7 CHARACTER W/O S.E LL - [LQ7COS]; UNFINISHED - 3/4 X 8 CHARACTER W/O S.E LL - [LQ8COS]; UNFINISHED - 3/4 X 9 CHARACTER W/O S.E LL - [LQ9COS]; 3/4 X 10 CHARACTER W/O S.E LL - [LQ10COS],6
W O SHORTS,"1/2 x 2"" SELECT W/O SHORTS - [RH2SOSHOS]; 1/2 x 2"" #1 W/O SHORTS - [RH21OSHOS]",2
W O TOFFEE,"CRYSTAL VALLEY - *W/O SOLID 2-1/4"" TOFFEE - [GQCVO214178]; CRYSTAL VALLEY - *W/O SOLID 3-1/4"" TOFFEE - [GQCVO314178]; 1/2"" BASESHOE W/O TOFFEE - [GCBSOH178]",3
WALDEN 9.5,"BEVERLY HILLS - EURO OAK 9.5"" WALDEN - [GFBHO9506]",1
WALNUT M B,UNFIN - 1/2 x 3 MILL RUN WALNUT M.B - [GCUNW300]; UNFIN - 1/2 X 5 MILL RUN WALNUT M.B - [GCUNW500]; UNFIN - 1/2 x 7 MILL RUN WALNUT M.B - [GCUNW700]; UNFIN/DIST - 9/16 x 5 WALNUT M.B - [GNUDW500]; 5/8 X 7 CHARACTER WALNUT M.B - [AMF7CWM]; CON.CHOICE - *5/8 X 6 CHARACTER WALNUT M.B - [GFCOW6CM],6
WALNUT NAT,"NATURAL - OASIS 9/16"" WALNUT NOSING NAT. - [OANONWN]; PLUS BABY T-HOLD WALNUT NAT. - [GCBT7WF38PL]; TI BABY TRESHOLD WALNUT NAT. - [GCBT7WF38TI]; WALNUT NAT - LAMINATE REDUCER WALNUT NAT - [LARECW7630]; LAMINATE REDUCER WALNUT NAT - [LAREED228]; 1/2"" SMOOTH NOSING WALNUT NAT. - [GCNO7WSH38]; GII 7' BABY T-HOLD WALNUT NAT. - [GCIIBT7W38]; GII 8' BABY T-HOLD WALNUT NAT. - [GCIIBT8W38]; C.SIDE 8' T-MOULD WALNUT NAT - [GCCSTM8W01]; C.SIDE 8' REDUCER WALNUT NAT - [GCCSRE8W01]; NATURAL - CLIFFSIDE 8' NOSING WALNUT NAT - [GCCSNO8W01]; NATURAL - C.SIDE 8' BABY-T WALNUT NAT - [GCCSBT8W01]; NATURAL - CLIFFSIDE 7' NOSING WALNUT NAT - [GCCSNO7W01]; LEGENDS NOSING 8' WALNUT NAT - [GCLENO8W7501]; LEGENDS B.T-HOLD 8' WALNUT NAT - [GCLEBT8W7501]; LEGENDS REDUCER 8' WALNUT NAT - [GCLERE8W7501]; LEGENDS T-MOULD 8' WALNUT NAT - [GCLETM8W7501]",17
WALNUT OMP,"WATERFALL - PANEL - C.CHOICE WALNUT 5""*OMP - [GCSBCOW5PS-2528]",1
WALNUT ORO,"BELLISSIMO - WALNUT 7.5"" ORO - [GHBEW75401]",1
WALNUT S E,"5/8 X 5 ENG. RUSTIC WALNUT S.E - [AM585RWSU]; 5/8 X 5 ENG #1C WALNUT S.E. - [AM5851WSU]; UNFIN - 1/2 X 5 MILL RUN WALNUT S.E - [GCUNW500SE]; CON.CHOICE - 5/8 X 3-1/4 PREM. WALNUT S.E - [GFCC314PWS]; CON.CHOICE - 5/8 X 3-1/4 BLDR. WALNUT S.E - [GFCC314BWS]; CON.CHOICE - 5/8 X 4 PREM. WALNUT S.E - [GFCC4PWS]; CON.CHOICE - 5/8 X 4 CHAR. WALNUT S.E - [GFCC4BWS]; CON.CHOICE - 5/8 X 5 PREM. WALNUT S.E - [GFCC5PWS]; CON.CHOICE - 5/8 X 5 CHAR. WALNUT S.E - [GFCC5BWS]; 3/4 x 2 1/4"" SELECT WALNUT S.E - [RQ214SWS]; CON.CHOICE - *5/8 X 2 1/4 PREM. WALNUT S.E - [GFCOW214PS]; CON.CHOICE - *5/8 X 3 1/4 PREM. WALNUT S.E - [GFCOW314PS]; CON.CHOICE - *5/8 X 3 1/4 CHAR. WALNUT S.E - [GFCOW314CS]; CON.CHOICE - *5/8 X 4 PREMIUM WALNUT S.E - [GFCOW4PS]; CON.CHOICE - *5/8 X 4 CHARACTER WALNUT S.E - [GFCOW4CS]; CON.CHOICE - 5/8 X 5 PREMIUM WALNUT S.E - [GFCOW5PS]; CON.CHOICE - 5/8 X 5 CHARACTER WALNUT S.E - [GFCOW5CS]; CON.CHOICE - *5/8 X 6 PREMIUM WALNUT S.E - [GFCOW6PS]; CON.CHOICE - *5/8 X 6 CHARACTER WALNUT S.E - [GFCOW6CS]; CON.CHOICE - 5/8 X 7 PREMIUM WALNUT S.E - [GFCOW7PS]; CON.CHOICE - *5/8 X 7 CHARACTER WALNUT S.E - [GFCOW7CS]; CON.CHOICE - *5/8 X 2 1/4 CHAR WALNUT S.E - [GFCOW214CS]",22
WALNUT UNF,"DISTRESSED - 3/4 X 7-1/4"" RISER WALNUT UNF. - [GCRIWQ00]; GII 7' NOSING WALNUT UNF.DIST. - [GCNO7WN00]; GIII NOSING WALNUT UNF. DIST. - [GCNO7WH00]; C.C NOSING WALNUT UNF. DIST. - [GCNO7WH00CC]; GII NOSING WALNUT UNF.DIST.8' - [GCNO8WN00]; C.C NOSING WALNUT UNF.DIST. 8' - [GCNO8WH00CC]; PLUS NOSING WALNUT UNF.DIST 8' - [GCNO8WN00PL]; GII NOSING 8' WALNUT UNF.DIST. - [GCIINO8W00]",8
WB B GRADE,"EUROPEAN OAK - 9/16X7-1/2"" EURO WB A.B GRADE - [EOEWO72WBA]",1
WHIE PRIME,BUTTERSCOT - 1/2 X 3-1/4 WHIE OAK PRIME - [CWPO113F],1
WILD PECAN,NATURAL - 1/2 x 5 WILD PECAN - [GCGAP538]; UNFIN/DIST - 1/2 x 5 MILL RUN WILD PECAN - [GCUDP500]; UNFIN/DIST - 1/2 x 7 MILL RUN WILD PECAN - [GCUDP700],3
WIRE BRUSH,"EUROPEAN OAK - 5/8 X 8-3/4"" UNFIN. WIRE BRUSH - [EOEWO875WB]; EUROPEAN OAK - *5/8 X 8-5/8"" UNFIN.WIRE BRUSH - [EOEWO858WB]; 8' WIRE BRUSHED - 1/2""NOSING W/O UNF.WIRE BRUSH - [GCNO8OH00W]",3
WIRED GREY,"CRYSTAL V - *W/O SOLID WIRED 5"" WHITE GREY - [GQCVDO5165]",1
YARD PINOT,V.YARD 8' BABY T-HOLD PINOT - [GCVYBT8O906],1
ZUMA BEACH,"NEWPORT - EURO OAK 7.5"" ZUMA BEACH (1/2"" - [GHNPO208]; NEWPORT BY GARRISON - EURO OAK 7.5"" ZUMA BEACH (1/2"" - [GHNPO208]; NEWPORT BASESHOE ZUMA BEACH - [GCNPBSOH208]; NEWPORT - SAMPLE PANEL - ZUMA BEACH - [GCSANPO208]; OAK - NEWPORT 7' T-MOULD ZUMA BEACH - [GCNPTM7O208]; OAK - NEWPORT 8' T-MOULD ZUMA BEACH - [GCNPTM8O208]; OAK - NEWPORT 7' REDUCER ZUMA BEACH - [GCNPRE7O208]; OAK - NEWPORT 8' REDUCER ZUMA BEACH - [GCNPRE8O208]; OAK - NEWPORT 7' NOSING ZUMA BEACH - [GCNPNO7O208]; OAK - NEWPORT 8' NOSING ZUMA BEACH - [GCNPNO8O208]; NEWPORT BY GARRISON - EURO OAK 7.5"" ZUMA BEACH(9/16"" - [GNNPO208]; WATERFALL - PANEL - NEWPORT ZUMA BEACH - [GCSBN208-2228]; 8' NOSING 9/16"" ZUMA BEACH - [GCNPNNO8O208]; WATERFALL - PANEL - NEWPORT ZUMA BEACH - [GCSBNP208-2228]",14
5 ANTIQUE,COMPETITION BUSTER - 3/8 X 5 DIST HICKORY ANTIQUE - [ETCBH523],1
5 CHATEAU,"GII DISTRESSED - HICKORY 5"" CHATEAU DISTRESSED - [GNIIH551]; GII SMOOTH - HICKORY 5"" SMOOTH CHATEAU - [GNSSH551]",2
5 HARVEST,COMPETITION BUSTER - 3/8 X 5 DIST BIRCH HARVEST - [ETCBB517],1
5 NATURAL,"CRYSTAL VALLEY USA - MAPLE NATURAL 5"" 3MM - [GHCVM538USA]; CRYSTAL VALLEY USA - WHITE OAK NATURAL 5"" 3MM - [GHCVO538USA]; CRYSTAL VALLEY USA - RED OAK NATURAL 5"" 3MM - [GHCVR538USA]; GII DISTRESSED - HICKORY 5"" NATURAL DISTRESSED - [GNIIH538]; GII SMOOTH - HICKORY 5"" SMOOTH NATURAL - [GNSSH538]",5
5 TRUFFLE,COMPETITION BUSTER - 3/8 X 5 DIST BIRCH TRUFFLE - [ETCBB5144],1
5 VINTAGE,COMPETITION BUSTER - 3/8 X 5 DIST HICKORY VINTAGE - [ETCBH5141],1
5 W O NAT,"CRYSTAL VALLEY - W/O NAT. ENG 5"" 2MM - [GHCVO538]",1
7.5 CAFFE,"LEGENDS - EURO OAK 7.5"" CAFFE - [GFLEO7503]",1
7.5 PINOT,"LEGENDS - EURO OAK 7.5"" PINOT - [GFLEO7506]",1
7.5 SELLA,"ALLORA - EURO OAK 7.5"" SELLA - [GFALO7505]; ALLORA - EURO OAK 7.5"" SELLA SELECT - [GFALO7505S]",2
7.5 VOLTO,"ALLORA - EURO OAK 7.5"" VOLTO - [GFALO7508]",1
9.5 CANON,"BEVERLY HILLS - EURO OAK 9.5"" CANON - [GFBHO9502]",1
9.5 LINEN,"GOLD LABEL - OAK 9.5"" LINEN - [GFGLR9503]",1
9.5 LOTUS,"GOLD LABEL - OAK 9.5"" WHITE LOTUS - [GFGLR9506]",1
9.5 MONZA,"LEGENDS - EURO OAK 9.5"" MONZA - [GFLEO9503]",1
9.5 SELLA,"ALLORA - EURO OAK 9.5"" SELLA - [GFALO9505]; ALLORA - EURO OAK 9.5"" SELLA SELECT - [GFALO9505S]",2
9.5 SUEDE,"GOLD LABEL - OAK 9.5"" SUEDE - [GFGLR9505]",1
9.5 VOLTO,"ALLORA - EURO OAK 9.5"" VOLTO - [GFALO9508]",1
ACA B WAL,WIRE RACK - PANEL - EXO. ACA. B.WAL. - [GCSBEXA516-1724],1
AFR WALUT,NATURAL - ELEGAN.11/16 X 3-1/2 AFR.WALUT - [YHSFA0098],1
ALEXANDER,"W COUNTRY - MAPLE SOLID 3-1/4 ALEXANDER - [GQWCM314115]; ALEXANDER - 5/8"" T-MOULD MAPLE ALEXANDER - [GCTMMF115]",2
ALLENDALE,"CAROLINA CLASSIC - OAK 5"" ALLENDALE - [GHCCO596]",1
AM CHERRY,3/4 x 7-1/4 RISER - AM.CHERRY - [MORIC]; NATURAL - OASIS 9/16 X 3-9/16 AM.CHERRY - [OA9163ACE]; 3/8 x 3/4 BASESHOE - AM.CHERRY - [MOBS38C],3
AM WALNUT,CHESTNUT - OASIS 9/16 X 5 AM.WALNUT DIST - [OAN5AWDC]; NATURAL - OASIS 9/16 X 5 AM.WALNUT DIST - [OAN5AWDA],2
AMBER NAT,"CRYSTAL VALLEY - *MAPLE ENG. 3-1/4"" AMBER NAT. - [GNCVM31438]",1
ANASTASIA,"DU BOIS - EURO OAK 5/8 X 7.5"" ANASTASIA - [GFDBO7195]; DU BOIS - SAMPLE PANEL - ANASTASIA - [GCSADBO7195]",2
ANT CARAM,FRENCH CONN. REDUCER ANT.CARAM - [GCREFOF79]; FR.CONN. BABY T-HOLD ANT.CARAM - [GCBTFOF79],2
ANTIQUE 5,COMPETITION BUSTER - 3/8 X 5 DIST HICKORY ANTIQUE - [ETCBH523],1
ANTIQUE P,"GII SMOOTH - WALNUT 5"" SM. ANTIQUE 2P - [GNSSW5232P]",1
ANTIQUITY,"NOUVELLE - *EURO OAK 5/8 X 7.5"" ANTIQUITY - [GFNVO7501]",1
APEX HERR,WATERFALL ORIGINAL - SAMPLE SET - APEX HERR. - [GCSASET52],1
APHRODITE,"MYTHOLOGY SPC - 5MM X 7"" X 48"" - APHRODITE - [GVGA701]; MYTHOLOGY - REDUCER - APHRODITE - [GVGARE701]; MYTHOLOGY - T-MOULDING - APHRODITE - [GVGATM701]",3
APPALOOSA,"BIG SKY - *1/2 X 7 DIST MAPLE APPALOOSA - [EHBSM7148]; MAPLE - 1/2"" BASESHOE APPALOOSA - [GCBSMH148]",2
AQUA BLUE,HANDSET - AQUA BLUE MOULDINGS - [GCKEYSET52],1
ARLINGTON,"RED RIVER - *BIRCH 5"" ARLINGTON - [GNRRBI582]; RED RIVER - BIRCH 6-1/4"" ARLINGTON - [GNRRBI61482]; BASESHOE - 1/2"" BASESHOE ARLINGTON - [GCBSBIH82]",3
ARROWHEAD,"AQUASHIELD AC4 - 12MM 9.37"" X 60"" ARROWHEAD - [LAMCAS3203]",1
ASHEN PLY,"NOUVELLE - *EURO OAK 7.5"" ASHEN 2 PLY - [GFNVO75022P]",1
ASIAN DIS,WHEAT - OASIS 9/16 X 5 ASIAN MAPLE DIS - [OAN5AMDW]; ANTIQUE - OASIS 9/16 X 5 ASIAN MAPLE DIS - [OAN5AMDA]; NATURAL - OASIS 9/16 X 5 ASIAN MAPLE DIS - [OAN5AMDN]; SUNGLOW - OASIS 9/16 X 5 ASIAN MAPLE DIS - [OAN5AMDSG]; ANTIQUE - OASIS 1/2 X 6 ASIAN MAPLE DIS. - [OAH6MADA],5
AUTUMN EL,"3/4 x 2 1/4"" OZARK AUTUMN - EL - [CE214OA]; 3/4 x 3 1/4"" OZARK AUTUMN - EL - [CE314OA]",2
B END CAP,HORIZ/CARB - CW BAMBOO B.T-HOLD/END CAP 6' - [CWBTBHC],1
B H CANON,B.H BABY T-HOLD CANON - [GCBHBT8O02],1
B NATURAL,3/4 X 3 S/B MAPLE NATURAL - [UW343SMN]; 3/4 X 3-1/2 S/B MAPLE NATURAL - [UW34312SMN],2
B VINTAGE,C.B BASESHOE HICKORY VINTAGE - [GCBSHH141],1
B WAL OMP,"25"" X 28"" - PANEL - EXO. ACA. B.WAL. *OMP* - [GCSBEXA516-2528]",1
BARCELONA,"WANDERLUXE - EURO OAK 9.5"" BARCELONA (R) - [GFWLO903]",1
BASE POPL,POPLAR - NONSTOCK - 9/16 X 3-7/8 NEWPORT BASE POPL - [MOBB329P],1
BASE SHOE,1/2 x 3/4 BASE SHOE - MAPLE - [MOBS12M]; 1/2 x 3/4 BASE SHOE WHITE OAK - [MOBS12O]; 1/2 x 3/4 BASE SHOE - RED OAK - [MOBS12R]; 3/8 x 3/4 BASE SHOE - MAPLE - [MOBS38M]; 5/8 x 13/16 BASE SHOE - MAPLE - [MOBS58M],5
BEACH CAL,"NEWPORT BY GARRISON - EURO OAK 7.5"" PEBBLE BEACH CAL - [GHNPO206SB]",1
BEATED TG,MDF - NONSTOCK - 3/8 X 3 1/4 WAINSCOT BEATED TG - [MOBBMD2000M],1
BEECH NAT,LAMINATE QTR ROUND BEECH NAT. - [LAQRCW87634],1
BELLE NAT,"LEGENDS - EURO OAK 9.5"" LA BELLE NAT.OIL - [GFLEO9502O]",1
BELLE PLY,"VILLA GIALLA - EURO OAK 9-1/2"" LA BELLE 2 PLY - [GFVGO9092P]",1
BH ALPINE,WATERFALL - PANEL - BH ALPINE - [GCSBBH9507-2828],1
BH DOHENY,WATERFALL - PANEL - BH DOHENY - [GCSBBH9508-2828],1
BH WALDEN,WATERFALL - PANEL - BH WALDEN - [GCSBBH9506-2828],1
BLK STONE,"CRY.VAL 3/4"" REDUCER BLK.STONE - [GCRE7OQ74]",1
BLK WALNU,ACACIA - EX. 7' BABY TRESHOLD BLK.WALNU - [GCEXBT7A16]; ACACIA - EX. 4' BABY TRESHOLD BLK.WALNU - [GCEXBT4A16],2
BLUE FOAM,LAMINATE BLUE FOAM 200 SF - [LAUNBLFOAM],1
BOARDWALK,"REGISTERED DISTRESSED - 12MM 6.5"" BOARDWALK - [GLAWRH01]",1
BORA BORA,"DISTRESSED - 12.3MM 6-1/2"" BORA BORA - [LALXHS10]; SAMPLE - LUXURY BORA BORA - [LALXSBHS10]",2
BR CHERRY,NATURAL - SAMPLE-EXOTICS 3-5/8 BR.CHERRY - [GHEX358SBBC38],1
BRAXTON O,NATURAL - COLUMBIA 1/2X2-1/4 BRAXTON R/O - [COBRO210],1
BRAZ CHER,"NATURAL - 9/16"" NOSING 8' BRAZ/CHER.DIST - [GCNOBN38]; UNFIN - 1/2 X 2 X 8' REDUCER BRAZ/CHER - [MOREHBC]",2
BRAZ GOLD,*LAMINATE NOSING BRAZ.GOLD - [LALXNOHG04]; *LAMINATE REDUCER BRAZ. GOLD - [LALXREHG04]; *LAMINATE T-MOULD BRAZ. GOLD - [LALXTMHG04],3
BRAZILIAN,3/4 X 3-5/8 BRAZILIAN OAK - [JFSWP9297]; 9/16 X 5 BRAZILIAN OAK - [JFAVCE1275],2
BRN ALDER,LAMINATE REDUCER RED BRN ALDER - [LARECW873381],1
BROWN ALD,LAMINATE BABY-T RED BROWN ALD - [LABTCW873381],1
BUILDER O,NATURAL - OMNI 3/4 X 4 BUILDER R/O - [OMQ4BRN],1
BURNISHED,ESPRESSO - 9/16 X 5 BURNISHED OAK DIST. - [YHDSW0086]; AUTUMN - 9/16 X 5 BURNISHED OAK DIST. - [YHDSW0097],2
C FARWELL,WATERFALL - PANEL - CNYN.C. FARWELL - [GCSBCY1001-2828]; WATERFALL - PANEL - CNYN.C. FARWELL <N/L> - [GCSBCY1001-2828PL],2
C V AMBER,"C.V 1/2"" 8' NOSING AMBER MAPLE - [GCCVNO8MH38]",1
C V NATUR,"C.V 1/2"" 7' NOSING MAPLE NATUR - [GCCVNO7MH38]",1
C VAL ANT,WHITE OAK - C.VAL BABY TRESHOLD ANT.OAK - [GCBT7OF75],1
CABO REEF,"CANTINA BY GARRISON - HICKORY 7.5"" CABO REEF - [GHCAH75101]; CANTINA BASESHOE CABO REEF - [GCCABSHH101]; CANTINA T-MOULD CABO REEF - [GCCATMHF101]; HICKORY - CANTINA 7' T-MOULD CABO REEF - [GCCATM7H101]; HICKORY - CANTINA 8' T-MOULD CABO REEF - [GCCATM8H101]; HICKORY - CANTINA 7' REDUCER CABO REEF - [GCCARE7H101]; HICKORY - CANTINA 8' REDUCER CABO REEF - [GCCARE8H101]; HICKORY - CANTINA 7' NOSING CABO REEF - [GCCANO7H101]; HICKORY - CANTINA 8' NOSING CABO REEF - [GCCANO8H101]; CANTINA BY GARRISON - HICKORY 7"" CABO REEF - [GHCAH7101]; 22.5"" X 28"" - PANEL - CANTINA CABO REEF - [GCSBCAH75101-2228]; WIRE RACK - PANEL - CANT. CABO REEF - [GCSBCAH75101-1724]; WIRE RACK - PANEL - CANT. CABO REEF <N/L> - [GCSBCAHPL751011724]",13
CAFFE 7.5,"LEGENDS - EURO OAK 7.5"" CAFFE - [GFLEO7503]",1
CAFFE NAT,"LEGENDS - EURO OAK 7.5"" CAFFE NAT.OIL - [GFLEO7503O]",1
CAFFE PLY,"FRENCH CONNECTION - EURO OAK 7"" CAFFE 2 PLY - [GFFCOB71672P]",1
CANON 9.5,"BEVERLY HILLS - EURO OAK 9.5"" CANON - [GFBHO9502]",1
CAP ALLOY,ELEMENTS - END CAP - ALLOY - [GVSPCEC905],1
CAP ARIES,ZODIAC WSPC - END CAP - ARIES - [GVZOEC7502]; ZODIAC SOLID - END CAP - ARIES  SOLID - [GVZOEC7502S]; ZODIAC - SOLID END CAP - ARIES - [GVZOECS7502],3
CAP ASTRO,VINYLNOVA - END CAP - ASTRO - [GVVNEC901],1
CAP BJORK,WALNUT - END CAP  DIST. 12.3MM BJORK - [LAECHXM60],1
CAP BRASS,ELEMENTS - END CAP - BRASS - [GVSPCEC701],1
CAP BRYCE,AQUA BLUE II BY GARRISON - END CAP - BRYCE OAK - [GVWPCIIEC109],1
CAP COMET,VINYLNOVA - END CAP - COMET - [GVVNEC902],1
CAP CORTE,LAMINATE - *GARRISON END CAP CORTE - [GCLAEC012],1
CAP DAISY,SECRET GARDEN SPC - END CAP - DAISY - [GVSGEC703],1
CAP DIJON,LAMINATE - GARRISON END CAP DIJON - [GCLAEC006],1
CAP DOVER,MEGACLIC END CAP DOVER - [LAMCECDN8705],1
CAP ESPRE,LAMINATE END CAP HICKORY ESPRE - [LAECL12NDHE],1
CAP FLASH,ILLUMIN8 END CAP FLASH - [GLILEC804],1
CAP GLAZE,ILLUMIN8 END CAP GLAZE - [GLILEC805],1
CAP HOLLY,SECRET GARDEN SPC - END CAP - HOLLY - [GVSGEC705],1
CAP HONEY,HONEYMAPLE - LAMINATE END CAP HONEY MAPLE - [LAEC6113],1
CAP HORIZ,CARBONIZED - BAMBOO B.T-HOLD/ END CAP HORIZ - [BABTCH]; NATURAL - BAMBOO B.T-HOLD/ END CAP HORIZ - [BABTNH],2
CAP IBIZA,*LAMINATE END CAP IBIZA - [LALXECSS04],1
CAP LIBRA,ZODIAC WSPC - END CAP - LIBRA - [GVZOEC7506],1
CAP LUNAR,VINYLNOVA - END CAP - LUNAR - [GVVNEC909],1
CAP PAXON,MEGACLIC END CAP PAXON - [LAMCECAS3209],1
CAP PEONY,SECRET GARDEN SPC - END CAP - PEONY - [GVSGEC709],1
CAP POPPY,SECRET GARDEN SPC - END CAP - POPPY - [GVSGEC710],1
CAP SANDS,GARRISON END CAP WHITE SANDS - [GCLAEC7512],1
CAP SPARK,ILLUMIN8 END CAP SPARK - [GLILEC808],1
CAP SPICY,SPICY OAK - LAMINATE END CAP SPICY OAK - [LAECHXM69],1
CAP STEEL,ELEMENTS - END CAP - STEEL - [GVSPCEC705],1
CAP TULIP,SECRET GARDEN SPC - END CAP - TULIP - [GVSGEC712],1
CAP TYLER,MEGACLIC END CAP TYLER - [LAMCECDN8712],1
CAP UMBER,NATURESTEP - END CAP - UMBER - [GVNSEC808],1
CAP UNION,METROPOLITAN - END CAP - UNION SQUARE - [GVMPEC906],1
CAP VICHY,LAMINATE - *GARRISON END CAP VICHY - [GCLAEC008],1
CAP VIRGO,ZODIAC WSPC - END CAP - VIRGO - [GVZOEC7510],1
CAP VISTA,AQUA BLUE II BY GARRISON - END CAP - VISTA OAK - [GVWPCIIEC102],1
CAPPUCINO,"1/2"" BASESHOE MAPLE CAPPUCINO - [GCBSMH131]",1
CAPRICORN,"ZODIAC WSPC - EURO OAK - 8MM X 7.5"" X 74"" - CAPRICORN - [GVZO7503]; ZODIAC WSPC - T-MOULDING - CAPRICORN - [GVZOTM7503]; ZODIAC WSPC - REDUCER - CAPRICORN - [GVZORE7503]",3
CAR CAPPU,*SMOOTH NOSING MAPLE CAR.CAPPU - [GCNO7MCSN131],1
CARB VERT,BAMBOO NOSING CARB/VERT - [UWNO58BVC],1
CARMELITA,"BEVERLY HILLS - EURO OAK 9.5"" CARMELITA - [GFBHO9510]",1
CC DURHAM,MAPLE - CC 7' BABY THRESHOLD DURHAM - [GCCCBT7M92]; MAPLE - CC 8' BABY THRESHOLD DURHAM - [GCCCBT8M92]; MAPLE - CC 7' T-MOULD DURHAM - [GCCCTM7M92]; MAPLE - CC 8' T-MOULD DURHAM - [GCCCTM8M92]; MAPLE - CC 7' REDUCER DURHAM - [GCCCRE7M92]; MAPLE - CC 8' REDUCER DURHAM - [GCCCRE8M92]; MAPLE - CC 7' NOSING DURHAM - [GCCCNO7M92]; MAPLE - CC 8' NOSING DURHAM - [GCCCNO8M92],8
CC MONROE,MAPLE - CC 7' BABY THRESHOLD MONROE - [GCCCBT7M93]; MAPLE - CC 8' BABY THRESHOLD MONROE - [GCCCBT8M93]; MAPLE - CC 7' T-MOULD MONROE - [GCCCTM7M93]; MAPLE - CC 8' T-MOULD MONROE - [GCCCTM8M93]; MAPLE - CC 7' REDUCER MONROE - [GCCCRE7M93]; MAPLE - CC 8' REDUCER MONROE - [GCCCRE8M93]; MAPLE - CC 7' NOSING MONROE - [GCCCNO7M93]; MAPLE - CC 8' NOSING MONROE - [GCCCNO8M93],8
CH AVENZA,OAK - CH 7' BABY THRESHOLD AVENZA - [GCCHBT7O101]; OAK - CH 8' BABY THRESHOLD AVENZA - [GCCHBT8O101]; OAK - CH 7' T-MOULD AVENZA - [GCCHTM7O101]; OAK - CH 8' T-MOULD AVENZA - [GCCHTM8O101]; OAK - CH 7' REDUCER AVENZA - [GCCHRE7O101]; OAK - CH 8' REDUCER AVENZA - [GCCHRE8O101]; OAK - CH 7' NOSING AVENZA - [GCCHNO7O101]; OAK - CH 8' NOSING AVENZA - [GCCHNO8O101],8
CH GRESSA,OAK - CH 7' BABY THRESHOLD GRESSA - [GCCHBT7O103]; OAK - CH 8' BABY THRESHOLD GRESSA - [GCCHBT8O103]; OAK - CH 7' T-MOULD GRESSA - [GCCHTM7O103]; OAK - CH 8' T-MOULD GRESSA - [GCCHTM8O103]; OAK - CH 7' REDUCER GRESSA - [GCCHRE7O103]; OAK - CH 8' REDUCER GRESSA - [GCCHRE8O103]; OAK - CH 7' NOSING GRESSA - [GCCHNO7O103]; OAK - CH 8' NOSING GRESSA - [GCCHNO8O103],8
CH LUCHIO,OAK - CH 7' BABY THRESHOLD LUCHIO - [GCCHBT7O104]; OAK - CH 8' BABY THRESHOLD LUCHIO - [GCCHBT8O104]; OAK - CH 7' T-MOULD LUCHIO - [GCCHTM7O104]; OAK - CH 8' T-MOULD LUCHIO - [GCCHTM8O104]; OAK - CH 7' REDUCER LUCHIO - [GCCHRE7O104]; OAK - CH 8' REDUCER LUCHIO - [GCCHRE8O104]; OAK - CH 7' NOSING LUCHIO - [GCCHNO7O104]; OAK - CH 8' NOSING LUCHIO - [GCCHNO8O104],8
CH PIAZZA,OAK - CH 7' BABY THRESHOLD PIAZZA - [GCCHBT7O106]; OAK - CH 8' BABY THRESHOLD PIAZZA - [GCCHBT8O106]; OAK - CH 7' T-MOULD PIAZZA - [GCCHTM7O106]; OAK - CH 8' T-MOULD PIAZZA - [GCCHTM8O106]; OAK - CH 7' REDUCER PIAZZA - [GCCHRE7O106]; OAK - CH 8' REDUCER PIAZZA - [GCCHRE8O106]; OAK - CH 7' NOSING PIAZZA - [GCCHNO7O106]; OAK - CH 8' NOSING PIAZZA - [GCCHNO8O106],8
CHAMBOARD,"FRENCH CONNECTION - EURO OAK 5/8 X 7"" CHAMBOARD - [GFFCOB790]",1
CHAMPAGNE,"GOLD LABEL - OAK 9.5"" CHAMPAGNE - [GFGLR9502]; SILVERLINE - BIRCH 6"" CHAMPAGNE - [GHSLBI6128]; BASESHOE - 1/2"" BASESHOE CHAMPAGNE - [GCBSBIH128]; FRENCH CONNECTION - EURO OAK 7"" CHAMPAGNE - [GFFCOB735]",4
CHANTILLY,"COUNTRY CHARM GLUE DOWN - 3MM X 7"" X 48"" CHANTILLY - [GVCC703]",1
CHARAC SE,CON.CHOICE - 5/8 X 2 1/4 CHARAC. RED OAK SE - [GFCOR214CS],1
CHARLOTTE,"CAROLINA CLASSIC - HICKORY 5"" CHARLOTTE - [GHCCH589]; HICK/PECAN - 5/8"" T-MOULD CHARLOTTE - [GCTMHF89]; HICKORY - 1/2"" BASESHOE CHARLOTTE - [GCBSHH89]",3
CHATEAU 5,"GII DISTRESSED - HICKORY 5"" CHATEAU DISTRESSED - [GNIIH551]; GII SMOOTH - HICKORY 5"" SMOOTH CHATEAU - [GNSSH551]",2
CHATEAU P,"GII SMOOTH - HICKORY 5"" SMOOTH CHATEAU 2P - [GNSSH5512P]",1
CHERRY LL,SPECIAL ORDER AMER.CHERRY LL - [LQSOC]; SPECIAL ORDER BRAZ. CHERRY LL - [LQSOB],2
CHERRY MB,NATURAL - 3/4 X 4 PIONEER A. CHERRY MB - [AMQ4PCNM],1
CHERRY RL,UNFINISHED - 3/4 X 5 SELECT AMER. CHERRY RL - [RQ5SCS],1
CHERRY SE,CON.CHOICE - *5/8 X 2 1/4 CHR. AM/CHERRY SE - [GFCOC214CS]; CON.CHOICE - *5/8 X 2 1/4 PREM. A/CHERRY SE - [GFCOC214PS]; CON.CHOICE - 5/8 X 3 1/4 SELECT B.CHERRY SE - [GFCOB314SS]; CON.CHOICE - 5/8 X 5 SELECT B.CHERRY SE - [GFCOB5SS]; CON.CHOICE - 5/8 X 3 1/4 PREM. B CHERRY SE - [GFCOB314PS]; CON.CHOICE - 5/8 X 5 PREMIUM B.CHERRY SE - [GFCOB5PS],6
CHERY S E,3/4 X 3 CLEAR BRAZ/CHERY S.E - [RQ3CBS]; 3/4 X 3 SELECT BRAZ/CHERY S.E - [RQ3SBS],2
CHESAPEAK,"TIME INSPR - HICKORY 5"" CHESAPEAK         * - [GCTIH504]",1
CHEVRON V,FRENCH CONNECTION - 5X24 CHEVRON V.WHITE (L) - [GFFCPC587-L]; FRENCH CONNECTION - 5X24 CHEVRON V.WHITE (R) - [GFFCPC587-R],2
CHOCOLATE,"CHERRY - 1/2"" BASESHOE CHOCOLATE - [GCBSCH24]",1
CHRISHELL,"DU BOIS - EURO OAK 5/8 X 7.5"" CHRISHELL - [GFDBO7181]",1
CL DURHAM,MAPLE - SAMPLE - CAROLINA CL. DURHAM - [GHCC5MSB92],1
CL MONROE,MAPLE - SAMPLE - CAROLINA CL. MONROE - [GHCC5MSB93],1
CL SUNTER,MAPLE - SAMPLE - CAROLINA CL. SUNTER - [GHCC5MSB95],1
CLASS UNF,C.CLASS NOSING UNF.DIST MAPLE - [GCNO7MH00CC]; C.CLASS NOSING UNF.HICKORY 8' - [GCNO8HH00CC],2
CLASSIQUE,"12.3MM 6-1/2"" CLASSIQUE - [LALXRH06]",1
CLCK VERT,NATURAL - BAMB 9/16X7-1/2 ENG. CLCK VERT - [BA77ECVN]; CARBONIZED - BAMB 9/16X7-1/2 ENG. CLCK VERT - [BA77ECVC],2
CLICK ANT,CLICK SYSTEM - CLICK BABY T-HOLD ANT.OAK DIST - [GCBTOQ1006],1
CLIFF CAP,WATERFALL - PANEL - CLIFF. WHITE CAP - [GCSBCS7508-2228],1
CLOUD PLY,"FRENCH CONNECTION - EURO OAK 7"" CLOUD 2 PLY - [GFFCOB71682P]",1
CODE BASE,MAPLE - NONSTOCK - 7/16X3-7/8 MUL CAPE CODE BASE - [MOBBMA310]; BRAZ/CHERR - NONSTOCK - 7/16X3-7/8 MUL CAPE CODE BASE - [MOBBBC310],2
CODE FLEX,FLEX - NONSTOCK - 9/16 X 5-1/4 CAPE CODE FLEX - [MOBBFL318MUL5F],1
CON CAFFE,WATERFALL - PANEL - FR.CON. CAFFE - [GCSBFC7167-2828]; WATERFALL - PANEL - FR.CON. CAFFE <N/L> - [GCSBFC7167-2828PL],2
CON CLOUD,WATERFALL - PANEL - FR.CON. CLOUD - [GCSBFC7168-2828]; WATERFALL - PANEL - FR.CON. CLOUD <N/L> - [GCSBFC7168-2828PL],2
CONN LAVA,FRENCH CONN. BASESHOE LAVA - [GCBSOH69],1
CONN LYON,FRENCH CONN. BASESHOE LYON - [GCBSOH123],1
CONN NOIR,FR.CONN. BABY T-HOLD NOIR - [GCBTFOF86]; FRENCH CONN. T-MOULD NOIR - [GCTMFOF86]; FRENCH CONN. REDUCER NOIR - [GCREFOF86]; FRENCH CONN. NOSING NOIR - [GCNOFOF86],4
COOL MIST,"CLIFFSIDE BY GARRISON - EURO OAK 7.5"" COOL MIST - [GFCSO7502]; CLIFFSIDE 8' NOSING COOL MIST - [GCCSNO8O02]; C.SIDE 8' T-MOULD COOL MIST - [GCCSTM8O02]; C.SIDE 8' BABY-T COOL MIST - [GCCSBT8O02]; C.SIDE 8' REDUCER COOL MIST - [GCCSRE8O02]; WATERFALL - PANEL - CLIFF. COOL MIST - [GCSBCS7502-2228]; CLIFFSIDE BY GARRISON - EURO OAK 7.5"" COOL MIST - [GFCSO75002]",7
CORNER WO,OG BASE CORNER WO - [MOOGCNRO],1
CORNERS O,3/4 RADIUS CORNERS R/O - [MOBSRAR],1
COVE AMER,1/2 X 3/4 COVE MOULDING AMER. - [MOCV1234C],1
COVE FLEX,PAINT GRAD - 3/4 X 3/4 COVE FLEX - [MOCV523F],1
CREST ELI,3/4 x 2 1/4 CANYON CREST - ELI - [CE214CC],1
CREST OMP,"30.75"" X 28"" - SAMPLE SET - CN.CREST *OMP* - [GCSETCY-3028]",1
CRY VAL N,MAPLE - CRY.VAL 7' BABY T-HOLD MAPLE N - [GCCVBT7M38],1
CUMARU LL,SPECIAL ORDER CUMARU LL - [LQSOCU],1
CUMARU RL,SPECIAL ORDER CUMARU RL - [RHSOCU],1
CUMARU SE,"CON.CHOICE - *5/8 X3-1/4 SELECT CUMARU SE - [GFCOCU314SS]; CON.CHOICE - *5/8 X 5"" SELECT CUMARU SE - [GFCOCU5SS]",2
CV GOLDEN,"CV 1/2"" 8' REDUCER GOLDEN OAK - [GCCVRE8OH45]; CV 9/16"" 8' REDUCER GOLDEN OAK - [GCCVRE8ON45]",2
CV NATURA,MAPLE - CV 8' BABY T-HOLD MAPLE NATURA - [GCCVBT8M38],1
CYN CREST,CYN.CREST 8' SQUARE NOSING - [GCCYSNO],1
D WAL NAT,WIRE RACK - PANEL - GII D. WAL.NAT. - [GCSBIIW538-1724]; WIRE RACK - PANEL - GII D. WAL.NAT. <N/L> - [GCSBIIW538-1724PL],2
DARK VERT,CARBONIZED - GARRISON BAMBOO DARK VERT. 3' - [GFBA36VCD]; NATURAL - GARRISON BAMBOO DARK VERT. 3' - [GFBA36VND],2
DAWN PREF,3/4 x 3 1/4 R/O DAWN PREF. - [TM34314FRD],1
DIS WALNU,DELUXE NOSING 7' UNF.DIS.WALNU - [GCNO7WF00],1
DRIFTWOOD,SMOOTH - 1/2 X 6 SMOOTH BIRCH DRIFTWOOD - [EHSB603]; NATURESTEP SPC - 6.5MM X 8.66 X 59.5 DRIFTWOOD - [GVNS801]; NATURESTEP - T-MOULDING - DRIFTWOOD - [GVNSTM801]; NATURESTEP - REDUCER - DRIFTWOOD - [GVNSRE801],4
DRK AMBER,DISTRESSED - 1/2 X 6 DIST BIRCH DRK AMBER - [EHDB683],1
E CALCORE,CONTRACTORS CHOICE - 5/8 X 5 PREM.HICK S.E CALCORE - [GFCOH5PSSB]; CONTRACTORS CHOICE - 5/8 X 5 PREM.MAPLE S.E CALCORE - [GFCOM5PSSB]; CONTRACTORS CHOICE - 5/8 X 5 PREM. W/O S.E CALCORE - [GFCOO5PSSB]; CONTRACTORS CHOICE - 5/8 X 7 PREM. W/O S.E CALCORE - [GFCOO7PSSB],4
EL CHERRY,LAMINATE T MOLDING EL.CHERRY - [LATM6927],1
ELISABETH,"DU BOIS - EURO OAK 5/8 X 7.5"" ELISABETH - [GFDBO7192]",1
ELM CHAPS,DISTRESSED - 1/2 X 5 DIST ELM CHAPS - [EHDE506],1
ER CASING,MDF - NONSTOCK - 1 X 3-1/4 49ER CASING - [MOCAMD186MUL],1
EX BRONZE,ACACIA - EX. 7' BABY TRESHOLD BRONZE - [GCEXBT7A146]; ACACIA - EX. 4' BABY TRESHOLD BRONZE - [GCEXBT4A146],2
EXO COMBO,WATERFALL ORIGINAL - SAMPLE SET - EXO. COMBO <OB> - [GCSASET28],1
FAIRBANKS,"3/4X3-1/2,4-3/4 OAK FAIRBANKS - [PQSFAI01]",1
FAS LL SE,5/8 X2 1/4 FAS WHITE OAK LL SE - [LF214FOS],1
FAS SE LL,1/2 x 2 FAS WHITE OAK SE LL - [LH2FOS],1
FC COGNAC,OAK - FC 7' BABY THRESHOLD COGNAC - [GCFCBT7O95]; OAK - FC 8' BABY THRESHOLD COGNAC - [GCFCBT8O95]; OAK - FC 7' T-MOULD COGNAC - [GCFCTM7O95]; OAK - FC 8' T-MOULD COGNAC - [GCFCTM8O95]; OAK - FC 7' REDUCER COGNAC - [GCFCRE7O95]; OAK - FC 8' REDUCER COGNAC - [GCFCRE8O95]; OAK - FC 7' NOSING COGNAC - [GCFCNO7O95]; OAK - FC 8' NOSING COGNAC - [GCFCNO8O95],8
FC LIMOGE,OAK - FC 8' BABY THRESHOLD LIMOGE - [GCFCBT8O40]; OAK - FC 8' NOSING LIMOGE - [GCFCNO8O40]; OAK - FC 8' REDUCER LIMOGE - [GCFCRE8O40]; OAK - FC 8' T-MOULD LIMOGE - [GCFCTM8O40],4
FC MONACO,OAK - FC 8' BABY THRESHOLD MONACO - [GCFCBT8O34]; OAK - FC 8' NOSING MONACO - [GCFCNO8O34]; OAK - FC 8' REDUCER MONACO - [GCFCRE8O34]; OAK - FC 8' T-MOULD MONACO - [GCFCTM8O34],4
FCI SYRAH,"FRENCH OAK - SAMPLE - FCI 7"" SYRAH - [GFFCSBI7O117]",1
FCII NOIR,"FRENCH OAK - SAMPLE - FCII 7"" NOIR - [GFFCSBII7O86]",1
FE CORNER,MDF CORNER - NONSTOCK - 9/16X3-7/16 SAN.FE/#175 CORNER - [MOCOMD325MUL3W],1
FLEX BASE,FLEX - NONSTOCK - 9/16 X 6 #175  FLEX BASE - [MOBBFL342F],1
FLEX SHOE,OAK FLEX - NONSTOCK - 1/2 X 3/4 FLEX SHOE OAK - [MOSL120O],1
FLUSH ASH,ELEMENTS - FLUSH NOSING - ASH - [GVSPCFNO903],1
FLUSH LEO,ZODIAC WSPC - FLUSH NOSING - LEO - [GVZOFNO7505]; ZODIAC WSPC - SOLID FLUSH NOSING - LEO - [GVZOFNOS7505],2
FR CON VN,WATERFALL - PANEL - FR.CON. VN.WHITE - [GCSBFC787-2828]; WATERFALL - PANEL - FR.CON. VN.WHITE <N/L> - [GCSBFC787-2828PL],2
FRONZOLOA,"DOLCE CAPRI - EURO OAK 5/8 X 9.5"" FRONZOLOA - [GFDCO95102]",1
FRUITWOOD,"WALNUT - 1/2"" BASESHOE FRUITWOOD - [GCBSWH28]; WALNUT - SAMPLE - SMOOTH 5"" FRUITWOOD - [GNSS5WSB28]",2
GABRIELLE,"DU BOIS - EURO OAK 5/8 X 7.5"" GABRIELLE - [GFDBO7187]",1
GAR SANDS,GAR.T-MOULDING WHITE SANDS - [GCLATM7512],1
GC BASTIA,LAMINATE - SAMPLE - GC BASTIA - [GCLASB009],1
GII LATTE,MAPLE - SAMPLE - GII LATTE - [GNII5SBM171]; DISTRESSED - GII NOSING MAPLE LATTE - [GCNO7MN171]; MAPLE - GII 7' BABY THRESHOLD LATTE - [GCIIBT7M171]; MAPLE - GII 8' BABY THRESHOLD LATTE - [GCIIBT8M171]; MAPLE - GII 7' T-MOULD LATTE - [GCIITM7M171]; MAPLE - GII 8' T-MOULD LATTE - [GCIITM8M171]; MAPLE - GII 7' REDUCER LATTE - [GCIIRE7M171]; MAPLE - GII 8' REDUCER LATTE - [GCIIRE8M171]; MAPLE DISTRESSED - GII 7' NOSING LATTE - [GCIINO7M171]; MAPLE DISTRESSED - GII 8' NOSING LATTE - [GCIINO8M171],10
GII SABLE,WALNUT - SAMPLE - GII SABLE - [GNII5SBW19]; WALNUT - GII T-MOULD SABLE - [GCTM7WF19]; WALNUT - GII REDUCER SABLE - [GCRE7WN19],3
GII SYRUP,MAPLE - SAMPLE - GII SYRUP - [GNII5SBM77]; MAPLE - GII 7' BABY THRESHOLD SYRUP - [GCIIBT7M77]; MAPLE - GII 8' BABY THRESHOLD SYRUP - [GCIIBT8M77]; MAPLE - GII 7' T-MOULD SYRUP - [GCIITM7M77]; MAPLE - GII 8' T-MOULD SYRUP - [GCIITM8M77]; MAPLE - GII 7' REDUCER SYRUP - [GCIIRE7M77]; MAPLE - GII 8' REDUCER SYRUP - [GCIIRE8M77]; MAPLE DISTRESSED - GII 7' NOSING SYRUP - [GCIINO7M77]; MAPLE DISTRESSED - GII 8' NOSING SYRUP - [GCIINO8M77],9
GII TREAD,GII DISTRESSED TREAD - [GCTRII]; GII SMOOTH TREAD - [GCTRIIS],2
GII UNFIN,GII NOSING UNFIN. DIST MAPLE - [GCNO7MN00]; GII NOSING UNFIN. DIST HICKORY - [GCNO7HN00]; GII NOSING UNFIN.MAPLE DIST 8' - [GCNO8MN00]; GII NOSING 8' UNFIN.MAPLE DIST - [GCIINO8M00],4
GII WHEAT,MAPLE - SAMPLE - GII WHEAT - [GNII5SBM54]; MAPLE - GII 7' BABY THRESHOLD WHEAT - [GCIIBT7M54]; MAPLE - GII 8' BABY THRESHOLD WHEAT - [GCIIBT8M54]; MAPLE DISTRESSED - GII 7' T-MOULD WHEAT - [GCIITM7M54]; MAPLE DISTRESSED - GII 8' T-MOULD WHEAT - [GCIITM8M54]; MAPLE - GII 7' REDUCER WHEAT - [GCIIRE7M54]; MAPLE - GII 8' REDUCER WHEAT - [GCIIRE8M54]; MAPLE DISTRESSED - GII 7' NOSING WHEAT - [GCIINO7M54]; MAPLE DISTRESSED - GII 8' NOSING WHEAT - [GCIINO8M54],9
GOLD SILK,GOLD LABEL NOSING SILK - [GCGLNO8R04]; GOLD LABEL T-MOULDING SILK - [GCGLTM8R04]; GOLD LABEL REDUCER SILK - [GCGLRE8R04],3
GRADE BAS,FLEXTRIM 2 1/2 PAINT GRADE BAS - [MOSL125P]; FLEXTRIM 3 1/2 PAINT GRADE BAS - [MOSL126P],2
GRADE S E,UNFINISHED - 3/4 X 4 FIRST GRADE MAPLE S.E - [LQ4FMS],1
GRAM PARK,"METROPOLITAN SPC - 6.5MM X 7"" X 60"" - GRAM.PARK - [GVMP702]",1
GREENWICH,"METROPOLITAN SPC - 6.5MM X 9"" X 60"" - GREENWICH - [GVMP902]; METROPOLITAN - T-MOULDING - GREENWICH - [GVMPTM902]; METROPOLITAN - REDUCER - GREENWICH - [GVMPRE902]",3
GREY TONE,"EUROPEAN OAK - 9/16 X 7-1/2"" GREY TONE - [EOEWO72GT43]; EUROPEAN OAK - 9/16 NOSING GREY TONE - [EONONGT]; EUROPEAN OAK - 5/8 BABY THRESHOLD GREY TONE - [EOBTNGT]; EUROPEAN OAK - 5/8"" T-MOULD GREY TONE - [EOTMFGT]; EUROPEAN OAK - 9/16 REDUCER GREY TONE - [EORENGT]",5
GREY WASH,"WHITE OAK - 1/2"" BASESHOE GREY WHITE WASH - [GCBSOH165]; WHITE OAK - GII 7' T-MOULD GREY WHITE WASH - [GCIITM7O165]",2
GUM SABLE,"LAS PALMAS - GUM WOOD 5 1/2"" SABLE - [GNLPG51219]",1
H REXFORD,B.H BABY T-HOLD REXFORD - [GCBHBT8O04],1
H SCRAPED,RED ROAN - 3/4 X 5 SOLID OAK H. SCRAPED - [JFAMES12708],1
HARVEST 5,COMPETITION BUSTER - 3/8 X 5 DIST BIRCH HARVEST - [ETCBB517],1
HICK CHAT,WIRE RACK - PANEL - GII SMOOTH HICK.CHAT. - [GCSBSSH551-1724],1
HICK PECA,"11-3/4"" LAM. TREAD - HICK/PECA - [MOTRH]; UNFIN - 1/2 X 2 X 8' REDUCER HICK/PECA - [MOREHH]; 5/8 X 2 X 8' T-MOULD HICK/PECA - [MOTMFH]; 5/8 X 2 X 8' REDUCER HICK/PECA - [MOREFH]",4
HIGH TIDE,"HANDSCRAPED - 12MM 6.5"" HIGH TIDE - [GLAWHS02]; WATERPROOF LAMINATE - FLUSH NOSING HIGH TIDE - [GCLAWFNOLA002]; WATERPROOF LAMINATE - END CAP HIGH TIDE - [GCLAWEC002]; WATERPROOF LAMINATE - NOSING HIGH TIDE - [GCLAWNO002]; WATERPROOF LAMINATE - REDUCER HIGH TIDE - [GCLAWRE002]; WATERPROOF LAMINATE - T-MOULDING HIGH TIDE - [GCLAWTM002]; WATERPROOF LAMINATE - TREAD HIGH TIDE - [GCLATR002]; QTR HIGH TIDE - [GLAWQR002]",8
HILLCREST,"BEVERLY HILLS - EURO OAK 9.5"" HILLCREST - [GFBHO9503]; AQUASHIELD AC5 - 12MM 9.37"" X 60"" HILLCREST - [LAMCAS3103]",2
HIMALAYAS,"APEX SPC HERRINGBONE - 5.5MM X 5""X 24""-HB HIMALAYAS - [GVAP503]; APEX SPC - T-MOULDING - HIMALAYAS - [GVAPTM503]; APEX SPC - REDUCER - HIMALAYAS - [GVAPRE503]; APEX SPC - 5.5MM X 9"" X 60"" - HIMALAYAS - [GVAP903]; APEX SPC - 5.5MM X 7"" X 60"" - HIMALAYAS - [GVAP703]; APEX SPC HERRINGBONE - 6.5MM X 5""X 24""-HB HIMALAYAS - [GVAP6503]; APEX SPC - 6.5MM X 7"" X 60"" - HIMALAYAS - [GVAP6703]; SUMMIT SKY SPC HERRINGBON - 6.5MM X 5""X 24""-HB HIMALAYAS - [GVSS503]; SUMMIT SKY SPC PLANK - 6.5MM X 7"" X 60"" - HIMALAYAS - [GVSS703]; SUMMIT SKY SPC - REDUCER - HIMALAYAS - [GVSSRE503]; SUMMIT SKY SPC - T-MOULDING - HIMALAYAS - [GVSSTM503]",11
HONEY ROS,3/4 X 3-3/16 S/B W/O HONEY ROS - [UW34316SOH]; 3/4 X 3-1/6 BLDR W/O HONEY ROS - [UW34316BOH],2
HONEYCOMB,"AQUASHIELD AC5 - 12MM 9.37"" X 60"" HONEYCOMB - [LAMCAS3111]",1
HONEYROSE,"EUROPEAN OAK - 3/4 X 3-1/2"" HONEYROSE - [EOSWO32HR34]",1
HORI CARB,"BAMBOO WALL BASE HORI/CARB 72"" - [UWWBBHC]",1
HORZ MOLD,CHARCOAL - GARRISON BAMBOO HORZ. T MOLD. - [GFBATM27]; COFFEE - GARRISON BAMBOO HORZ. T MOLD. - [GFBATM37],2
III TREAD,GARRISON III TREAD - [GCTRIII],1
IPE MB LL,B.WALNUT - 3/4 X 7 SELECT IPE MB LL - [LQ7SIM],1
ISLES IOS,GREEK ISLES 8' NOSING IOS - [GCGINO8O003]; GREEK ISLES 8' T-MOULD IOS - [GCGITM8O003]; GREEK ISLES 8' BABY-T IOS - [GCGIBT8O003]; GREEK ISLES 8' REDUCER IOS - [GCGIRE8O003]; GREEK ISLES BASESHOE IOS - [GCGIBSO003],5
LAM TREAD,"11 1/2"" LAM. TREAD  WHITE OAK - [MOTROH]",1
LATTE PLY,"GII DIST - MAPLE 5"" LATTE 2PLY - [GNIIM51712P]",1
LAY VINYL,WATERFALL ORIGINAL - SAMPLE SET - LOOSE LAY VINYL - [GCSASET27]; HANDSET - LOOSE LAY VINYL - [GCKEYSET45],2
LDF RISER,MDF - 11/16 X 7 1/4 S4S LDF RISER - [MORIMD202],1
LEXINGTON,"AQUABLUE 7 BY GARRISON - 8MM 7"" X 72"" - LEXINGTON OAK - [GVWPC102]; AQUA BLUE BY GARRISON - T-MOULDING - LEXINGTON OAK - [GVWPCTM102]; AQUA BLUE BY GARRISON - REDUCER - LEXINGTON OAK - [GVWPCRE102]; VINYLNOVA - 6.5MM 9"" X 60"" - LEXINGTON - [GVVN908]; VINYLNOVA - T-MOULDING - LEXINGTON - [GVVNTM908]; VINYLNOVA - REDUCER - LEXINGTON - [GVVNRE908]",6
LINE BASE,"5/8 x 2 1/2,S-LINE BASE,MAPLE - [MOSL582M]; 5/8 x 3 1/2,S-LINE BASE,MAPLE - [MOSL583M]; OAK - NONSTOCK - 1/2 X 2-1/2 SLIM LINE BASE - [MOBBRO306-O]",3
LINE ROSE,BIRCH - S.LINE BABY TRESHOLD ROSE - [GCBT7BIF126],1
LINEN 9.5,"GOLD LABEL - OAK 9.5"" LINEN - [GFGLR9503]",1
LONGSTRIP,"NATURAL - 9/16""X7-1/2 LONGSTRIP RED OAK - [HT0USA5695]",1
LOTUS 9.5,"GOLD LABEL - OAK 9.5"" WHITE LOTUS - [GFGLR9506]",1
MACCHIATO,"BELLISSIMO - MAPLE 7.5"" MACCHIATO - [GHBEM75202]",1
MANHATTAN,"METROPOLITAN SPC - 6MM X 12"" X 24"" - MANHATTAN - [GVMP1202]; METROPOLITAN SPC - 6.5MM X 9"" X 60"" - MANHATTAN - [GVMP904]; METROPOLITAN - T-MOULDING - MANHATTAN - [GVMPTM904]; METROPOLITAN - REDUCER - MANHATTAN - [GVMPRE904]",4
MAP CHEST,WIRE RACK - PANEL - GII SMOOTH MAP.CHEST. - [GCSBSSM506-1724],1
MAP LATTE,WIRE RACK - PANEL - GII D. MAP.LATTE - [GCSBIIM5171-1724]; WIRE RACK - PANEL - GII D. MAP.LATTE <N/L> - [GCSBIIM5171-1724PL],2
MAP SYRUP,WIRE RACK - PANEL - GII D. MAP.SYRUP - [GCSBIIM577-1724]; WIRE RACK - PANEL - GII SMOOTH MAP.SYRUP - [GCSBSSM577-1724]; WIRE RACK - PANEL - GII D. MAP.SYRUP <N/L> - [GCSBIIM577-1724PL],3
MAP WHEAT,WIRE RACK - PANEL - GII D. MAP.WHEAT - [GCSBIIM554-1724]; WIRE RACK - PANEL - GII SMOOTH MAP.WHEAT - [GCSBSSM554-1724]; WIRE RACK - PANEL - GII D. MAP.WHEAT <N/L> - [GCSBIIM554-1724PL],3
MDF RISER,MDF - 11/16 X 7 1/4 S4S MDF RISER - [MORIMD751],1
MELBA SPC,"MELBA SPC (20MIL) - 6.5MM 9"" X 60"" MELBA SPC - [GDSPW65626]",1
MENDOCINO,W COUNTRY - MAPLE SOLID 3-1/4 MENDOCINO - [GQWCM314109],1
MHGNY OMP,"25"" X 28"" - PANEL - EXO. SNTOS MHGNY *OMP* - [GCSBEXSM538-2528]",1
MILLCREEK,"CANYON CREST - EURO OAK 10-1/4"" MILLCREEK - [GFCYO1007]",1
MISC ITEM,GARRISON LF MISC ITEM - [GCMISCLF],1
MISC PREF,MISC. PREF. SOLID & ENG - [PQBC33402],1
MOLD BEAM,ILLUMIN8 T-MOLD BEAM - [GLILTM802],1
MOLD DUSK,ILLUMIN8 T-MOLD DUSK - [GLILTM803],1
MOLD GREY,GREY CHERRY - PARADISE VALLEY T-MOLD GREY - [LAPVTMC01],1
MOLD LIVE,LAMINATE T-MOLD LIVE OAK - [LATML12CVLO],1
MOLD NEON,NEON OAK - PARADISE VALLEY T-MOLD NEON - [LAPVTMO01],1
MOLD OPAL,MEGACLIC T-MOLD OPAL - [LAMCTMDN8708],1
MOLD RICH,LAMINATE T-MOLD RICH OAK - [LATML12NDRO],1
MOLD SANA,MEGACLIC T-MOLD SANA - [LAMCTMAS3116],1
MONTECITO,"DELUXE - *HICKORY 6"" MONTECITO - [GFDXH657]; HICKORY - 1/2"" BASESHOE MONTECITO - [GCBSHH57]",2
MONZA 9.5,"LEGENDS - EURO OAK 9.5"" MONZA - [GFLEO9503]",1
MOONLIGHT,"NEWPORT BY GARRISON - *EURO OAK 7.5"" MOONLIGHT (1/2"" - [GHNPO205]; AQUABLUE II BY GARRISON - 12MM 9"" X 60"" - MOONLIGHT - [GVWPCII901]; AQUA BLUE II BY GARRISON - T-MOULDING - MOONLIGHT - [GVWPCIITM901]; AQUA BLUE II BY GARRISON - REDUCER - MOONLIGHT - [GVWPCIIRE901]; AQUASHIELD AC5 - 12MM 9.37"" X 60"" MOONLIGHT - [LAMCAS3109]",5
MOONSTONE,"NOUVELLE - *EURO OAK 5/8 X 7.5"" MOONSTONE - [GFNVO7504]",1
MR O PREF,1/2X3 MR R/O PREF DIST - [GCGAR350],1
MTN WHEAT,"CRYSTAL VALLEY - W/O SOLID 2-1/4"" MTN. WHEAT - [GQCVO21440]; CRYSTAL VALLEY - W/O SOLID 3-1/4"" MTN. WHEAT - [GQCVO31440]",2
NATURAL 5,"CRYSTAL VALLEY USA - MAPLE NATURAL 5"" 3MM - [GHCVM538USA]; CRYSTAL VALLEY USA - WHITE OAK NATURAL 5"" 3MM - [GHCVO538USA]; CRYSTAL VALLEY USA - RED OAK NATURAL 5"" 3MM - [GHCVR538USA]; GII DISTRESSED - HICKORY 5"" NATURAL DISTRESSED - [GNIIH538]; GII SMOOTH - HICKORY 5"" SMOOTH NATURAL - [GNSSH538]",5
NATURAL P,"GII SMOOTH - WALNUT 5"" SM. NATURAL 2P - [GNSSW5382P]; GII SMOOTH - HICKORY 5"" SM. NATURAL 2P - [GNSSH5382P]; CRYSTAL VALLEY - W/O ENG 3-1/4"" NATURAL 2P - [GHCVO314382P]",3
ND S E LL,3/4 X 5 2ND MAPLE S.E. LL - [LQ52MS],1
NEW COLOR,HANDSET - DU BOIS (4)NEW COLOR - [GCKEYSET99],1
NP CARMEL,NP 8' SQ.NOSING CARMEL - [GCNPSNO8O200],1
O ANTIQUE,"CRYSTAL VALLEY - W/O SOLID DIST. 5"" ANTIQUE OAK - [GQCVDO575]; CLICK SYS - 3/4 X 5 W/O ANTIQUE SMOOTH - [PFQOE1003]; CLICK SYS - 3/4 X 5 W/O ANTIQUE OAK DIST - [PFQOE1006]",3
O BNDL FT,"RANDOM - 1/2 x 2"" #1 W/O  BNDL. FT - [RH21OSSP]; RANDOM - 1/2 x 2"" #1 R/O BNDL FT. - [RH21RSSP]",2
O BUILDER,"D.NATURAL - 3/4 x 2 1/4"" R.O BUILDER - [CE214DNB]",1
O COUNTRY,GOLDEN - OASIS 1/2 X 3-9/16 R/O COUNTRY - [OAH3RO],1
O MOCHA M,"CRYSTAL V - W/O ENG 3-1/4"" MOCHA 2.4M - [GHCVO31436]",1
O NATURAL,"1/2"" NOSING W/O NATURAL 78"" - [UWNO12ON]; 1/2"" REDUCER W/O NATURAL 78"" - [UWRE12ON]; 1/2 X 3-1/4 S/B R/O NATURAL - [UW12314SRN]; 3/4 X 2-1/4 S/B W/O NATURAL - [UW34214SON]; 3/4 X 2-1/4 BLDR W/O NATURAL - [UW34312BON]; 3/4 X 3-1/4 S/B W/O NATURAL - [UW34314SON]; 3/4 X 3-5/8 S/B W/O NATURAL - [UW34358SON]; CRYSTAL VALLEY - *W/O SOLID 2-1/4"" NATURAL - [GQCVO21438]; CRYSTAL VALLEY - W/O SOLID 3-1/4"" NATURAL - [GQCVO31438]; CRYSTAL VALLEY - *R/O SOLID 3-1/4"" NATURAL - [GQCVR31438]; CRYSTAL VALLEY - *R/O SOLID 2-1/4"" NATURAL - [GQCVR21438]; NATURAL - 3/4 X 3-1/4 R/O NATURAL - [PFQ314SR38]; CRY. VAL T-MOULD W/O NATURAL - [GCTMOF38]; CRYSTAL VALLEY - *W/O SMOOTH 5"" NATURAL - [GQCVO538]; CLICK SYS - 3/4 X 5 W/O NATURAL SMOOTH - [PFQOE1001]; SMOOTH - 3/8X4-7/8 SMOOTH W/O NATURAL - [ETSWO47838]; CRYSTAL VALLEY - *W/O SOLID 3-5/8"" NATURAL - [GQCVO35838]; CRYSTAL VALLEY - *R/O SOLID 3-5/8"" NATURAL - [GQCVR35838]; C.V 1/2"" 8' NOSING R/O NATURAL - [GCCVNO8RH38]; RED OAK - CRY.VAL 7' T-MOULD R/O NATURAL - [GCCVTM7R38]; RED OAK - CRY.VAL 8' T-MOULD R/O NATURAL - [GCCVTM8R38]; C.V 1/2"" 7' NOSING R/O NATURAL - [GCCVNO7RH38]; C.V 1/2"" 7' NOSING W/O NATURAL - [GCCVNO7OH38]; CRY.VAL 7' T-MOULD W/O NATURAL - [GCCVTM7O38]; C.V 1/2"" 8' NOSING W/O NATURAL - [GCCVNO8OH38]; CRY.VAL 8' T-MOULD W/O NATURAL - [GCCVTM8O38]; CRYSTAL VALLEY - R/O ENG 3-1/4"" NATURAL (9/16"") - [GNCVR31438]; CRYSTAL VALLEY - W/O ENG 3-1/4"" NATURAL (9/16"") - [GNCVO31438]; CRYSTAL VALLEY - R/O ENG 5"" NATURAL - [GNCVR538]; CRYSTAL VALLEY - W/O ENG 5"" NATURAL (9/16"") - [GNCVO538]; C.V 9/16"" 8'NOSING R/O NATURAL - [GCCVNO8RN38]; C.V 9/16"" 8'NOSING W/O NATURAL - [GCCVNO8ON38]; CV 9/16 8' REDUCER R/O NATURAL - [GCCVRE8RN38]; CV 9/16 8' REDUCER W/O NATURAL - [GCCVRE8ON38]; R/O NATURAL - CVA 8' NOSING R/O NATURAL - [GCCVNO8RH38USA]; R/O NATURAL - CVA 8' BABY T-HOLD R/O NATURAL - [GCCVBT8R38USA]; R/O NATURAL - CVA 8' REDUCER R/O NATURAL - [GCCVRE8RH38USA]; R/O NATURAL - CVA 8' TMOULD R/O NATURAL - [GCCVTM8R38USA]; W/O NATURAL - CVA 8' NOSING W/O NATURAL - [GCCVNO8OH38USA]; W/O NATURAL - CVA 8' BABY T-HOLD W/O NATURAL - [GCCVBT8O38USA]; W/O NATURAL - CVA 8' REDUCER W/O NATURAL - [GCCVRE8OH38USA]; W/O NATURAL - CVA 8' TMOULD W/O NATURAL - [GCCVTM8O38USA]",42
O P WHEAT,"C.V 1/2"" 7' NOSING W/O P.WHEAT - [GCCVNO7OH68]",1
O PRAIRIE,"CRYSTAL VALLEY - *W/O SOLID 2-1/4"" PRAIRIE - [GQCVO21468]; CRYSTAL VALLEY - *W/O SOLID 3-1/4"" PRAIRIE - [GQCVO31468]",2
O TOBACCO,GII BABY T-HOLD W/O - TOBACCO - [GCIIOBTHTO],1
OASIS CAN,NATURAL - OASIS 9/16 X 3-9/16 CAN.MAPLE - [OA9163CME]; NATURAL - OASIS 1/2 X 3-9/16 CAN.MAPLE - [OAH3CM],2
OASIS NAT,"NATURAL - OASIS 9/16"" MAPLE NOSING NAT. - [OANONMN]; NATURAL - OASIS 1/2"" MAPLE NOSING NAT. - [OANOHMN]",2
OG BASE O,3/8 x 2-3/8 OG BASE R/O - [MOOG382R]; 3/8 x 3-1/2 OG BASE R/O - [MOOG383R]; 5/8 x 2-1/2 OG BASE R/O - [MOOG582R]; 5/8 x 3-1/2 OG BASE R/O - [MOOG583R]; 1/2 x 2-1/2 OG BASE R/O - [MOOG122R],5
OLIVE BRN,LAMINATE QTR ROUND OLIVE BRN - [LAQRL12NDOB],1
ORDER MDF,SPECIAL ORDER MDF MOULDING - [MOSOMDLF],1
ORDER UNF,HICKORY - ENGINEERED SPECIAL ORDER UNF. - [ENSOH],1
OVERLAP O,RED OAK - 3/4 X 3 OVERLAP REDUCER R/O - [MORE34OLR]; RED OAK - 1/2X2-1/2 OVERLAP REDUCER R/O - [MORE12OLR],2
PAINT GRD,PAINT GRD. - SPEC.ORDER MOULDING PAINT GRD. - [MOSOPGLF],1
PALISADES,"AQUABLUE 7 BY GARRISON - 8MM 7"" X 72"" - PALISADES OAK - [GVWPC105]; AQUA BLUE BY GARRISON - T-MOULDING - PALISADES OAK - [GVWPCTM105]; AQUA BLUE BY GARRISON - REDUCER - PALISADES OAK - [GVWPCRE105]",3
PEB BEACH,"NEWPORT - EURO OAK 7.5"" PEB.BEACH (1/2"") - [GHNPO206]; NEWPORT BY GARRISON - EURO OAK 7.5"" PEB.BEACH (1/2"") - [GHNPO206]; NEWPORT BY GARRISON - EURO OAK 7.5"" PEB.BEACH (9/16"" - [GNNPO206]",3
PECAN M B,5/8 X 5 CHAR. HICK/PECAN M.B. - [AM585SHMP]; UNFIN - 3/4 X 5 FAS HICK/PECAN M.B. - [LQ5FHM]; UNFIN - 3/4 X 7 FAS HICK/PECAN M.B. - [LQ7FHM]; UNFIN - 3/4 X 4 FAS HICK/PECAN M.B. - [LQ4FHM]; UNFIN - 3/4 X 3 FAS HICK/PECAN M.B. - [LQ3FHM],5
PECAN S E,"3/4"" X 9"" #1C HICK/PECAN S.E. - [L3491HS]; UNFIN - 3/4 X 7 FAS HICK/PECAN S.E - [LQ7FHS]; 5/8 X 5 CHAR. HICK/PECAN S.E. - [AM585CHS]; 5/8 X 5 SEL. HICK/PECAN S.E. - [AMF5SHS]; HARVEST - ANDERSON 3/8 X 3 PECAN S.E. - [ANPP3790]; CON.CHOICE - 5/8 X 4 1ST HICK/PECAN S.E - [GFCC41HS]; CON.CHOICE - 5/8 X 4 2ND HICK/PECAN S.E - [GFCC42HS]; CON.CHOICE - 5/8 X 5 1ST HICK/PECAN S.E - [GFCC51HS]; CON.CHOICE - 5/8 X 5 2ND HICK/PECAN S.E - [GFCC52HS]; NATURAL - ANDERSON 3/8 X 3 PECAN S.E. - [ANPP3490]; 3/4 X 5 SEL HICK/PECAN S.E R.L - [RQ5SHS]",11
PINE COVE,"PINE SOLID - NONSTOCK - 1/2"" X 1/2"" PINE COVE - [MOCVE521]",1
PINOT 7.5,"LEGENDS - EURO OAK 7.5"" PINOT - [GFLEO7506]",1
PONDEROSA,BIG SKY - *1/2 X 7 DIST MAPLE PONDEROSA - [EHBSM7151],1
PRA WHEAT,"WHITE OAK - CRY.VAL 3/4"" REDUCER PRA.WHEAT - [GCRE7OQ68]",1
PRAIRIE W,3/4 X 3-1/4 BLDR W/O PRAIRIE W - [UW34314BOP],1
PREMIUM O,CON.CHOICE - *5/8 X 5 PREMIUM R/O DIST - [GFCODPR500],1
PRIME CLR,NATURAL - 3/4 X 4-3/4 PRIME/CLR MAPLE - [CWQ434MN],1
PRIME S S,MDF - NONSTOCK - 11/16 X 3 1/2 PRIME S4S - [MOBBMD715M],1
PRIME W O,HONEY ROSE - 3/4 X 3-1/4 PRIME W/O - [CWSO035 HS]; GUNSTOCK - 3/4 X 3-1/4 PRIME W/O - [CWQ314POG]; NATURAL - *3/4 X 2-1/4 PRIME W/O - [CWQ214PON]; HONEY ROSE - 3/4 X 3-1/4 PRIME W/O - [CWQ314COH],4
PS MIRAGE,PRIVATE SELECTION - PS 8' NOSING MIRAGE - [GCPSNO8O01]; PS 8' T-MOULDING MIRAGE - [GCPSTM8O01]; PS 8' BABY TRESHOLD MIRAGE - [GCPSBT8O01]; PS 8' REDUCER MIRAGE - [GCPSRE8O01],4
PS SAHARA,PS 8' NOSING SAHARA - [GCPSNO8O05]; PS 8' T-MOULDING SAHARA - [GCPSTM8O05]; PS 8' BABY TRESHOLD SAHARA - [GCPSBT8O05]; PS 8' REDUCER SAHARA - [GCPSRE8O05],4
Q W O S E,CON.CHOICE - 5/8 X 2 1/4 CHAR. R&Q W/O S.E - [GFCOORQ214CS]; CON.CHOICE - *5/8 X 4 CHAR. R&Q W/O S.E - [GFCOORQ4CS]; CON.CHOICE - 5/8 X 5 CHAR. R&Q W/O S.E - [GFCOORQ5CS]; CON.CHOICE - *5/8 X 6 CHAR. R&Q W/O S.E - [GFCOORQ6CS]; CON.CHOICE - 5/8 X 7 CHAR. R&Q W/O S.E - [GFCOORQ7CS],5
QTR IBIZA,*LAMINATE QTR IBIZA - [LALXQRSS04],1
QTR ROUND,CHARCOAL - QTR ROUND - [GFBABSH27]; CARBONIZED - GARRISON BAMBOO QTR ROUND - [GFBAQTVC]; COFFEE - GARRISON BAMBOO  QTR ROUND - [GFBABSH37]; NATURAL - GARRISON BAMBOO QTR ROUND - [GFBAQTHN]; 3/4 x 3/4 RED OAK QTR ROUND - [MOQR34R]; 3/4 x 3/4 WHITE OAK QTR ROUND - [MOQR34O]; 3/4 x 3/4 WALNUT QTR ROUND - [MOQR34W]; SAND DOLLAR - LAMINATE QTR ROUND - [LAETCHSD12QR]; POPLAR - NONSTOCK - 1/2 x 1/2 POPLAR QTR ROUND - [MOQR12P]; FLEX - NONSTOCK - 3/4 X 3/4 VALUFLEX QTR.ROUND - [MOBSFL504FJ]; PRIMED PINE FJ - 3/4 x 3/4 FJ PINE QTR ROUND - [MOQR34FJP]; 3/4 x 3/4 HICKORY QTR ROUND - [MOQR34H],12
RACK SLOT,GARRISON SLIDING RACK 10 SLOT - [GCRACK15]; GARRISON SLIDING RACK 12 SLOT - [GCRACK16]; GARRISON WATERFALL RACK/10SLOT - [GCRACK19],3
READY CRW,MDF - NONSTOCK - 13/16 X 5-1/2 DENTIL READY CRW - [MOCMMD425MUL5],1
RECLAIMED,"AQUABLUE 7 BY GARRISON - 8MM 7"" X 72"" - RECLAIMED OAK - [GVWPC107]; AQUA BLUE BY GARRISON - T-MOULDING - RECLAIMED OAK - [GVWPCTM107]; AQUA BLUE BY GARRISON - REDUCER - RECLAIMED OAK - [GVWPCRE107]",3
RIVERROCK,DISTRESSED - 1/2 X 5 DIST BIRCH RIVERROCK - [EHDB508],1
RL BAMBOO,HORIZ/CARB - CW 5/8 X 5 X RL BAMBOO - [CWFB0318F]; VERT/CARB - CW 5/8 X 5 X RL BAMBOO - [CWFB0320F],2
ROCK WASH,"AQUABLUE 7 BY GARRISON - 8MM 7"" X 72"" - RIVER ROCK WASH - [GVWPC108]; AQUA BLUE BY GARRISON - FLUSH NOSING - RIVER ROCK WASH - [GVWPCFNO108]; AQUA BLUE BY GARRISON - T-MOULDING - RIVER ROCK WASH - [GVWPCTM108]; AQUA BLUE BY GARRISON - REDUCER - RIVER ROCK WASH - [GVWPCRE108]; AQUA BLUE BY GARRISON - END CAP - RIVER ROCK WASH - [GVWPCEC108]; AQUA BLUE BY GARRISON - QTR. ROUND - RIVER ROCK WASH - [GVWPCQR108]; AQUA BLUE BY GARRISON - TREAD - RIVER ROCK WASH - [GVWPCTR108]",7
ROUND ASH,ELEMENTS - QTR.ROUND - ASH - [GVSPCQR903],1
ROUND LEO,ZODIAC WSPC - QUARTER ROUND - LEO - [GVZOQR7505],1
ROUND NAT,LAMINATE QTR ROUND MAPLE NAT. - [LAQRCW87604],1
RUBY EKKI,LAMINATE DIST RUBY EKKI - [LACWS8213],1
S B PECAN,NATURAL - 3/4 X 3 S/B HICKORY PECAN - [AMQ3SHN],1
S CYPRESS,SIENNA C - *LAMINATE REDUCER S. CYPRESS - [LALXREHS04],1
S E BEVEL,CON.CHOICE - *5/8X5 CHARACTER W/O S.E BEVEL - [GFCOO5CB],1
S MAHOGAN,SAMPLE - EXOTICS 2MM S.MAHOGAN - [ENSBHS38],1
SAGEBRUSH,"CHERRY - 1/2"" BASESHOE SAGEBRUSH - [GCBSCH11]; CHERRY - 5/8"" T-MOULD SAGEBRUSH - [GCTM7CF11]",2
SANDSTONE,"NATURESTEP SPC - 6.5MM X 8.66 X 59.5 SANDSTONE - [GVNS806]; NATURESTEP - T-MOULDING - SANDSTONE - [GVNSTM806]; NATURESTEP - REDUCER - SANDSTONE - [GVNSRE806]; COUNTRY CHARM GLUE DOWN - 3MM X 7"" X 48"" SANDSTONE - [GVCC702]; NATURESTEP SPC - 6.5MM 4.72X28.34 HB SANDSTONE - [GVNSPH406]; COUNTRY CHARM GLUE DOWN - 3MM X 7"" X 48"" SANDSTONE - [GVCC906]; QUIETPATH 2 - 5MM X 7"" X 48"" SANDSTONE - [GDQP2EBD36264]",7
SANTORINI,"GREEK ISLES - EURO OAK 9.5"" SANTORINI (M) - [GFGIO95004]; GREEK ISLES - EURO OAK 9.5"" SANTORINI (L) - [GFGIO9504]",2
SANTOS MA,"S.MAHOGANY - 5/8 x 2 1/2,OG BASE, SANTOS MA - [MOOG582S]",1
SE CALCOR,CONTRACTORS CHOICE - 5/8 X 2-1/4 PREM.W/O SE CALCOR - [GFCOO214PSSB]; CONTRACTORS CHOICE - 5/8 X 3-1/4 PREM.W/O SE CALCOR - [GFCOO314PSSB]; CONTRACTORS CHOICE - 5/8 X 2-1/4 PREM.R/O SE CALCOR - [GFCOR214PSSB]; CONTRACTORS CHOICE - 5/8 X 3-1/4 PREM.R/O SE CALCOR - [GFCOR314PSSB],4
SEA GLASS,"CLIFFSIDE BY GARRISON - EURO OAK 7.5"" SEA GLASS - [GFCSO7503]; C.SIDE 8' BABY-T SEA GLASS - [GCCSBT8O03]; CLIFFSIDE 8' NOSING SEA GLASS - [GCCSNO8O03]; C.SIDE 8' REDUCER SEA GLASS - [GCCSRE8O03]; C.SIDE 8' T-MOULD SEA GLASS - [GCCSTM8O03]; 22.5"" X 28"" - PANNEL-CLIFFSIDE SEA GLASS - [GCSBCS7503-2228]",6
SEA SHELL,"SEA SHELL - LAMINATE END CAP SEA SHELL - [LALXECRH07]; SEA SHELL - *LAMINATE NOSING SEA SHELL - [LALXNORH07]; SEA SHELL - LAMINATE QTR SEA SHELL - [LALXQRRH07]; SEA SHELL - LAMINATE REDUCER SEA SHELL - [LALXRERH07]; SEA SHELL - LAMINATE T-MOULD SEA SHELL - [LALXTMRH07]; SEA SHELL - FLUSH NOSING SEA SHELL - [LALXFNORH07]; REGISTERED DISTRESSED - 12MM 6.5"" SEA SHELL - [GLAWRH03]; SEA SHELL - LAMINATE TREAD SEA SHELL - [LALXTRRH07]",8
SEL BTR O,"3/4 x 2 1/4"" AACER SEL/BTR R/O - [RQ214SRS]",1
SELLA 7.5,"ALLORA - EURO OAK 7.5"" SELLA - [GFALO7505]; ALLORA - EURO OAK 7.5"" SELLA SELECT - [GFALO7505S]",2
SELLA 9.5,"ALLORA - EURO OAK 9.5"" SELLA - [GFALO9505]; ALLORA - EURO OAK 9.5"" SELLA SELECT - [GFALO9505S]",2
SET ALLOR,WATERFALL - SAMPLE SET - HERRINGBONE ALLOR - [GCSETALHB-2828],1
SET RIVER,SAMPLE SET - RED RIVER - [GCSAMPLES07]; SAMPLE SET - 25X24 RED RIVER - [GCSAMPLES08]; WATERFALL ORIGINAL - SAMPLE SET - RED RIVER - [GCSASET12],3
SHEFFIELD,"HICK/PECAN - 1/2"" BASESHOE SHEFFIELD - [GCBSHH136]",1
SHOE ATRI,DA VINCI 8' BASE SHOE ATRI - [GCDV2BSO712],1
SHOE BARI,DA VINCI 8' BASE SHOE BARI - [GCDV2BSO702],1
SHOE FANO,DA VINCI 8' BASE SHOE FANO - [GCDV2BSO710],1
SHOE HRZT,CARBONIZED - BAMBOO BASE SHOE 1/2X3/4 HRZT - [UWBSBHC],1
SHOE PISA,DA VINCI 8' BASE SHOE PISA - [GCDV2BSO707],1
SHOE SORA,DA VINCI 8' BASE SHOE SORA - [GCDV2BSO706],1
SKY TREAD,BIG SKY TREAD - [GCTRBS],1
SL BRANDY,BIRCH - SL 8' NOSING BRANDY - [GCSLNO8B605],1
SPAN COFF,WIRE RACK - PANEL - CANT. SPAN.COFF. - [GCSBCAH75103-1724]; WIRE RACK - PANEL - CANT. SPAN.COFF. <N/L> - [GCSBCAHPL751031724],2
ST TROPEZ,"OAK - FC 8' T-MOULD ST.TROPEZ - [GCFCTM8O32]; OAK - FC 8' NOSING ST.TROPEZ - [GCFCNO8O32]; OAK - FC 8' REDUCER ST.TROPEZ - [GCFCRE8O32]; OAK - FC 7' BABY THRESHOLD ST.TROPEZ - [GCFCBT7O32]; OAK - FC 8' BABY THRESHOLD ST.TROPEZ - [GCFCBT8O32]; OAK - FC 7' NOSING ST.TROPEZ - [GCFCNO7O32]; FRENCH CONNECTION - EURO OAK 7"" ST.TROPEZ - [GFFCOB732]; F.C BASESHOE ST.TROPEZ - [GCFCBSO32]; OAK - FC 7' REDUCER ST.TROPEZ - [GCFCRE7O32]",9
STEP BASE,MDF - NONSTOCK - 1/2 X 3-1/2 3 STEP BASE - [MOBBMD322MUL]; MDF - NONSTOCK - 1/2 X 4-1/8 3 STEP BASE - [MOBBMD321MUL]; PINE - NONSTOCK - 1/2 X 2 1/2  3 STEP BASE - [MOBBE312PI],3
STRIP W O,"NATURAL - 9/16""X7 1/2 LONG STRIP W/O - [HTUSA5004]; NATURAL - 9/16"" X 7-1/2 LONG STRIP W/O - [HT0USA5004]",2
SUEDE 9.5,"GOLD LABEL - OAK 9.5"" SUEDE - [GFGLR9505]",1
SYRUP PLY,"DELUXE - *MAPLE 6"" SYRUP 2PLY - [GFDXM6772P]; GII DIST - MAPLE 5"" SYRUP 2PLY - [GNIIM5772P]",2
TI CHERRY,"BUTTERSCOT - SAMPLE 20X23 - TI 5"" CHERRY - [GCTI20SB5C03]; RUM - SAMPLE 20X23 - TI 5"" CHERRY - [GCTI20SB5C05]; SAGEBRUSH - SAMPLE 20X23 - TI 5"" CHERRY - [GCTI20SB5C11]",3
TI SIERRA,"H. PECAN - SAMPLE - TI 5"" SIERRA - [GCTI5HSB02]; HICK/PECAN - TI T-MOULD SIERRA - [GCTM7HF02]; HICKORY - TI BABY THRESHOLD SIERRA - [GCBT7HF02]; HICK/PECAN - TI REDUCER SIERRA - [GCRE7HH02]",4
TI WALNUT,"MERLOT - SAMPLE - TI 5"" WALNUT - [GCTI5WSB32]; DUSK - SAMPLE 20X23 - TI 5"" WALNUT - [GCTI20SB5W01]; CORDOVAN - SAMPLE 20X23 - TI 5"" WALNUT - [GCTI20SB5W09]; CANTERBURY - SAMPLE 20X23 - TI 5"" WALNUT - [GCTI20SB5W10]; FRUITWOOD - SAMPLE 20X23 - TI 5"" WALNUT - [GCTI20SB5W28]; MERLOT - SAMPLE 20X23 - TI 5"" WALNUT - [GCTI20SB5W32]; NATURAL - SAMPLE 20X23 - TI 5"" WALNUT - [GCTI20SB5W38]",7
TIGERWOOD,3/4 X 4-3/4 TIGERWOOD - [JFSTN434BF]; NATURAL - 3/4 X 5 TIGERWOOD - [JFSTN5BF]; UNFIN - 1/2 X 2 X 8' REDUCER TIGERWOOD - [MOREHT]; UNFIN - 5/8 X 2 X 8' T-MOULD.TIGERWOOD - [MOTMFT]; UNFIN - 1/2 X 3-1/2X8'NOSING TIGERWOOD - [MONOHT],5
TOTE PLUS,TOTE BOARD - GARRISON PLUS - [GCKEYSET20],1
TREAD ASH,ELEMENTS - TREAD - ASH - [GVSPCTR903],1
TREAD W O,"WHITE OAK - 1"" X 11 3/4"" LAM. TREAD - W/O - [MOTRO]; WHITE OAK - 2"" X 12"" TREAD - W/O SQUARE - [MOTRO2]; WHITE OAK - 1""X11-3/4""SQUARE TREAD - W/O - [MOTROS]; WHITE OAK - 3/4"" X 11 3/4"" SQ TREAD W/O - [MOTROQS]",4
TRUFFLE 5,COMPETITION BUSTER - 3/8 X 5 DIST BIRCH TRUFFLE - [ETCBB5144],1
UL CASING,MDF - NONSTOCK - 9/16 X 1-5/8 711 UL CASING - [MOCAMD107MUL],1
UNF AB MB,"28.42 SF/CTN - E.OAK 9.5"" UNF. SMOOTH AB MB - [ENFO9500SM]",1
UNFIN EDG,1/2 x 5 MAPLE UNFIN SQUARE EDG - [GCUNM500SE],1
UNFIN M B,1/2 x 3 HICK/PECAN UNFIN. M.B - [GCUNH300]; 1/2 x 7 WILD PECAN UNFIN. M.B - [GCUNP700],2
UNFIN S E,"1/2 X 3 RED OAK UNFIN. S.E. - [GCUNR300SE]; EUROPEAN OAK - 5/8 X 8-3/4"" UNFIN. SMOOTH S.E - [EOEWO875SM]; EUROPEAN OAK - *5/8 X 8-5/8"" UNFIN.SMOOTH S.E - [EOEWO858SM]",3
UNFINSHED,"FRENCH CONNECTION - EURO OAK 5/8 X 7"" UNFINSHED - [GFFCO700]; URBANIA - 5/8 X 5"" UNFINSHED OAK - [URUC17450]",2
V AMERICA,WIRE RACK - SAMPLE SET - C.V AMERICA - [GCSETCVA-1724],1
VAL BLK W,"ACACIA DISTRESSED - CRY.VAL 3/4"" 7' REDUCER BLK W - [GCCVSRE7A16]; ACACIA DISTRESSED - CRY.VAL 3/4"" 8' REDUCER BLK W - [GCCVSRE8A16]; ACACIA DISTRESSED - CRY.VAL 3/4"" 4' REDUCER BLK W - [GCCVSRE4A16]",3
VAL GOLDN,"WHITE OAK - CRY.VAL 3/4"" REDUCER GOLDN OAK - [GCRE7OQ45]",1
VAL HONEY,"CRY.VAL T-MOULD HONEY OAK - [GCTM7OF53]; CRY.VAL 3/4"" NOSING HONEY OAK - [GCNO7OSQ53]; CRY.VAL 3/4"" REDUCER HONEY OAK - [GCRE7OQ53]",3
VAL MA NA,"MAPLE - CRY.VAL 9/16"" 7' REDUCER MA NA - [GCCVRE7MN38]",1
VAL MOCHA,"WHITE OAK - CRY.VAL 1/2"" NOSING MOCHA - [GCNO7OSH36]; WHITE OAK - CRY.VAL 1/2"" REDUCER MOCHA - [GCRE7OH36]",2
VAL O NAT,"RED OAK - CRY.VAL 3/4"" 7' NOSING R/O NAT - [GCCVSNO7R38]; RED OAK - CRY.VAL 3/4"" 8' NOSING R/O NAT - [GCCVSNO8R38]; RED OAK - CRY.VAL 7' BABY T-HOLD R/O NAT - [GCCVBT7R38]; RED OAK - CRY.VAL 8' BABY T-HOLD R/O NAT - [GCCVBT8R38]",4
VALENTINE,"AQUASHIELD AC5 - 12MM 9.37"" X 60"" VALENTINE - [LAMCAS3102]",1
VALLEY CH,WHITE CHERRY - PANEL-PARADISE VALLEY WHITE CH - [GCSBPVC02-1924],1
VERONIQUE,"DU BOIS - EURO OAK 5/8 X 7.5"" VERONIQUE - [GFDBO7190]",1
VERT CARB,"BAMBOO REDUCER VERT/CARB 72"" - [UWRE58BVC]; BAMBOO T-MOULD VERT/CARB 72"" - [UWTM58BVC]; 12.3MM 5"" BAMBOO VERT/CARB - [LALXBA02]; LAMINATE NOSING VERT/CARB - [LALXNOBA02]; LAMINATE T-MOULD VERT/CARB - [LALXTMBA02]; LAMINATE END CAP VERT/CARB - [LALXECBA02]; LAMINATE REDUCER VERT/CARB - [LALXREBA02]; VERT/CARB - SAMPLE-LUXURY BAMBOO VERT/CARB - [LALXSBBA02]; LAMINATE QTR VERT/CARB - [LALXQRBA02]",9
VG AREZZO,OAK - VG 7' BABY THRESHOLD AREZZO - [GCVGBT7O01]; OAK - VG 8' BABY THRESHOLD AREZZO - [GCVGBT8O01]; OAK - VG 7' T-MOULD AREZZO - [GCVGTM7O01]; OAK - VG 8' T-MOULD AREZZO - [GCVGTM8O01]; OAK - VG 7' REDUCER AREZZO - [GCVGRE7O01]; OAK - VG 8' REDUCER AREZZO - [GCVGRE8O01]; OAK - VG 7' NOSING AREZZO - [GCVGNO7O01]; OAK - VG 8' NOSING AREZZO - [GCVGNO8O01],8
VG VARESE,OAK - VG 7' BABY THRESHOLD VARESE - [GCVGBT7O08]; OAK - VG 8' BABY THRESHOLD VARESE - [GCVGBT8O08]; OAK - VG 7' T-MOULD VARESE - [GCVGTM7O08]; OAK - VG 8' T-MOULD VARESE - [GCVGTM8O08]; OAK - VG 7' REDUCER VARESE - [GCVGRE7O08]; OAK - VG 8' REDUCER VARESE - [GCVGRE8O08]; OAK - VG 7' NOSING VARESE - [GCVGNO7O08]; OAK - VG 8' NOSING VARESE - [GCVGNO8O08],8
VG VERONA,OAK - VG 8' BABY THRESHOLD VERONA - [GCVGBT8O12]; OAK - VG 8' NOSING VERONA - [GCVGNO8O12]; OAK - VG 8' REDUCER VERONA - [GCVGRE8O12]; OAK - VG 8' T-MOULD VERONA - [GCVGTM8O12],4
VILLA GIA,WATERFALL ORIGINAL - SAMPLE SET - VILLA GIA. <OB> - [GCSASET19]; WATERFALL - SAMPLE SET - VILLA GIA. <N/L> - [GCSETVG-2828PL],2
VILLANOVA,"DOLCE CAPRI - EURO OAK 3/4 X 9.5"" VILLANOVA - [GQCHO95108]; DOLCE CAPRI - EURO OAK 5/8 X 9.5"" VILLANOVA - [GFDCO95108]",2
VINCI OMP,"30"" X 28"" - SAMPLE SET - DA VINCI *OMP* - [GCSETDV-3028]",1
VINTAGE 5,COMPETITION BUSTER - 3/8 X 5 DIST HICKORY VINTAGE - [ETCBH5141],1
VOLTO 7.5,"ALLORA - EURO OAK 7.5"" VOLTO - [GFALO7508]",1
VOLTO 9.5,"ALLORA - EURO OAK 9.5"" VOLTO - [GFALO9508]",1
W O BEVEL,CON.CHOICE - *5/8X3 1/4 CHARACTER W/O BEVEL - [GFCOO314CB]; CON.CHOICE - *5/8 X 7 CHARACTER W/O BEVEL - [GFCOO7CB],2
W O HONEY,"CRYSTAL VALLEY - W/O SOLID DIST. 5"" HONEY OAK - [GQCVDO553]; 3/4"" NOSING W/O HONEY OAK - [GCNOOSQ53]; 3/4"" REDUCER W/O HONEY OAK - [GCREOQ53]",3
W O MOCHA,"CRYSTAL VALLEY - *W/O SOLID 2-1/4"" MOCHA - [GQCVO21436]; CRYSTAL VALLEY - *W/O SOLID 3-1/4"" MOCHA - [GQCVO31436]; CRYSTAL V - W/O ENG 5"" MOCHA - [GHCVO536]; WHITE OAK - CRY.VAL T-MOULD W/O MOCHA - [GCTM7OF36]",4
W O NAT 5,"CRYSTAL VALLEY - W/O NAT. ENG 5"" 2MM - [GHCVO538]",1
W O RISER,3/4 x 7 1/4 W/O RISER - [MORIO],1
WAL SE LL,UNFIN - SOLID 1/2 X 3 CHAR WAL. SE LL - [LH3CWS]; UNFIN - SOLID 1/2 X 5 CHAR WAL. SE LL - [LH5CWS],2
WALL BASE,CARBONIZED - HAWA BAMBOO HORIZ. WALL BASE - [HABBBHC]; NATURAL - HAWA BAMBOO HORIZ. WALL BASE - [HABBBHN]; CARBONIZED - BAMBOO HORIZ. WALL BASE - [BABBBHC]; NATURAL - BAMBOO HORIZ. WALL BASE - [BABBBHN],4
WALNUT EA,SPEC.ORDER MOULDING WALNUT EA - [MOSOWEA],1
WALNUT GA,1/2 x 5 WALNUT BLACK WALNUT GA - [GCGAW516],1
WALNUT LF,SPEC.ORDER MOULDING WALNUT LF - [MOSOWLF],1
WALNUT LL,"3/4"" SPECIAL ORDER WALNUT LL - [LQSOW]; 3/4 X 5 FAS WALNUT DIST. LL - [GQUDW500]; 1/2"" SPECIAL ORDER WALNUT LL - [LHSOW]; UNFIN - 3/4 X 5 #1 WALNUT DIST. LL - [GQUDW1500]",4
WALNUT RL,SPECIAL ORDER WALNUT RL - [RQSOW]; 3/4 X 5 #1 WALNUT DIST. RL - [GQUDW1500RL]; 3/4 X 5 FAS WALNUT DIST. RL - [GQUDW500RL],3
WALNUT SE,UNFINISHED - 5/8 X 4 CHAR. ENG. WALNUT SE - [AM584CWSU],1
WARM SAND,"CLIFFSIDE BY GARRISON - EURO OAK 7.5"" WARM SAND - [GFCSO7507]; CLIFFSIDE BY GARRISON - EURO OAK 7.5"" WARM SAND - [GFCSO7510]; CLIFFSIDE 8' NOSING WARM SAND - [GCCSNO8O07]; CLIFFSIDE 8' NOSING WARM SAND - [GCCSNO8O10]; C.SIDE 8' T-MOULD WARM SAND - [GCCSTM8O07]; C.SIDE 8' T-MOULD WARM SAND - [GCCSTM8O10]; C.SIDE 8' BABY-T WARM SAND - [GCCSBT8O10]; C.SIDE 8' BABY-T WARM SAND - [GCCSBT8O07]; C.SIDE 8' REDUCER WARM SAND - [GCCSRE8O07]; C.SIDE 8' REDUCER WARM SAND - [GCCSRE8O10]; WATERFALL - PANEL - CLIFF. WARM SAND - [GCSBCS7507-2228]; CLIFFSIDE BY GARRISON - EURO OAK 7.5"" WARM SAND - [GFCSO75007]",12
WHEAT PLY,"GII DIST - MAPLE 5"" WHEAT 2PLY - [GNIIM5542P]",1
WINE CASK,"SILVERLINE - BIRCH 6"" WINE CASK - [GHSLBI6127]; BIRCH - SAMPLE - S.LINE 6"" WINE CASK - [GHSL6BISB127]; BASESHOE - 1/2"" BASESHOE WINE CASK - [GCBSBIH127]; BIRCH - SL 7' BABY THRESHOLD WINE CASK - [GCSLBT7B127]; BIRCH - SL 8' BABY THRESHOLD WINE CASK - [GCSLBT8B127]; BIRCH - SL 7' T-MOULD WINE CASK - [GCSLTM7B127]; BIRCH - SL 8' T-MOULD WINE CASK - [GCSLTM8B127]; BIRCH - SL 7' REDUCER WINE CASK - [GCSLRE7B127]; BIRCH - SL 8' REDUCER WINE CASK - [GCSLRE8B127]; BIRCH - SL 7' NOSING WINE CASK - [GCSLNO7B127]; BIRCH - SL 8' NOSING WINE CASK - [GCSLNO8B127]",11
WINTERSET,"NOUVELLE - *EURO OAK 5/8 X 7.5"" WINTERSET - [GFNVO7509]",1
2.25 S E,CONTRACTOR'S CHOICE - 5/8 X 2-1/4 PREMIUM W/O S.E - [GFCOO214PS],1
3.25 NAT,"CRYSTAL VALLEY - MAPLE NAT. ENG 3-1/4"" 2MM - [GHCVM31438]",1
3.25 S E,CONTRACTOR'S CHOICE - 5/8 X 3 1/4 PREMIUM W/O S.E - [GFCOO314PS],1
5 AUTUMN,"GII DISTRESSED - WHITE OAK 5"" AUTUMN DISTRESSED - [GNIIO513]",1
5 DURHAM,"CAROLINA CLASSIC - MAPLE 5"" DURHAM - [GHCCM592]",1
5 MONROE,"CAROLINA CLASSIC - MAPLE 5"" MONROE - [GHCCM593]",1
5 SIERRA,"GII DISTRESSED - HICKORY 5"" SIERRA DISTRESSED - [GNIIH502]",1
7.5 ARIA,"ALLORA - EURO OAK 7.5"" ARIA - [GFALO7502]",1
7.5 DOMA,"ALLORA - EURO OAK 7.5"" DOMA - [GFALO7503]; ALLORA - EURO OAK 7.5"" DOMA SELECT - [GFALO7503S]",2
7.5 LUNA,"ALLORA - EURO OAK 7.5"" LUNA - [GFALO7504]; ALLORA - EURO OAK 7.5"" LUNA SELECT - [GFALO7504S]",2
9.5 ARIA,"ALLORA - EURO OAK 9.5"" ARIA - [GFALO9502]",1
9.5 DOMA,"ALLORA - EURO OAK 9.5"" DOMA - [GFALO9503]; ALLORA - EURO OAK 9.5"" DOMA SELECT - [GFALO9503S]",2
9.5 LUNA,"ALLORA - EURO OAK 9.5"" LUNA - [GFALO9504]; ALLORA - EURO OAK 9.5"" LUNA SELECT - [GFALO9504S]",2
9.5 SILK,"GOLD LABEL - OAK 9.5"" SILK - [GFGLR9504]",1
ACA GOLD,WIRE RACK - PANEL - EXO. ACA. GOLD - [GCSBEXA5147-1724],1
ADELAIDE,"COUNTRY CHARM GLUE DOWN - 3MM X 7"" X 48"" ADELAIDE - [GVCC701]",1
AM CHERR,9/16 X 2 X 8' REDUCER AM.CHERR - [MORENC],1
AMER CHE,"3/4 X 2-1/4 REDUCER - AMER.CHE - [MORE34C]; 11-3/4"" LAM. TREAD - AMER. CHE - [MOTRC]",2
ANGELINA,"RED RIVER - *BIRCH 5"" ANGELINA - [GNRRBI580]; RED RIVER - BIRCH 6-1/4"" ANGELINA - [GNRRBI61480]; BASESHOE - 1/2"" BASESHOE ANGELINA - [GCBSBIH80]; DISTRESSED - 1/2 X 6 DIST BIRCH ANGELINA - [EHDB601]",4
APEX SPC,HANDSET - APEX SPC - [GCKEYSET67],1
AQUARIUS,"ZODIAC WSPC - EURO OAK - 8MM X 7.5"" X 74"" - AQUARIUS - [GVZO7501]; ZODIAC WSPC - T-MOULDING - AQUARIUS - [GVZOTM7501]; ZODIAC WSPC - REDUCER - AQUARIUS - [GVZORE7501]",3
ARIA 7.5,"ALLORA - EURO OAK 7.5"" ARIA - [GFALO7502]",1
ARIA 9.5,"ALLORA - EURO OAK 9.5"" ARIA - [GFALO9502]",1
ARMAGNAC,"FRENCH CONNECTION - EURO OAK 5/8 X 7"" ARMAGNAC - [GFFCOB7120]",1
ARROWOOD,W COUNTRY - MAPLE SOLID 3-1/4 ARROWOOD - [GQWCM314113],1
ASHVILLE,"AQUASHIELD AC4 - 12MM 9.37"" X 60"" ASHVILLE - [LAMCAS3211]",1
AUTUMN 5,"GII DISTRESSED - WHITE OAK 5"" AUTUMN DISTRESSED - [GNIIO513]",1
AVE O BE,"CHABLIS - ROBINS 5TH AVE PLANK 3"" R/O BE - [ROH467C]; CHABLIS - ROBINS 5TH AVE PLANK 5"" R/O BE - [ROH468C]",2
B CHERRY,"UNFINISHED - 5/8x2x96 BABY T-HOLD B.CHERRY - [GCBTBF00]; 3/4 X 3 1/2 S/B MAPLE CHERRY - [UW34312SMC]; SEDONA - 9/16"" NOSING 8' B.CHERRY DIST. - [GCNOBN42]; NATURAL - 3/4X3 B. CHERRY - [NOQ3CBM]; CUSTOM - ENGINEER CUSTOM B. CHERRY - [AMSOB]; NATURAL - 3/4 X 3 3/4 B. CHERRY - [UW34334SBN]; NATURAL - 3/4X4 B. CHERRY - [NOQ4CBM]; NATURAL - MAX WINDSOR T-MOLDING B.CHERRY - [MWTM82]; NATURAL - 3/4X3 1/4 SELECT B. CHERRY - [NOQ314SBM]; NATURAL - 3/4 X 3 1/4 B. CHERRY - [UW34314SBN]; NATURAL - ELEGANCE 9/16 X 5 B. CHERRY - [YHSSEW0047]; NATURAL - M.W. BABY T-HOLD B. CHERRY - [MWBT82]; 9/16 x 2 x 8' REDUCER B.CHERRY - [MORENB]; UNFIN - 5/8 X 2 X 8' T-MOULD B.CHERRY - [MOTMFB]; B. CHERRY - LAMINATE 6 1/2 SMOOTH B CHERRY - [AWLS612B]; NATURAL - 5/8 X 5 ENG. B. CHERRY - [NON5EBC]; NATURAL - M.W 9/16 X 4 3/4 B.CHERRY DIST - [MWEHY0302]",17
B E PREF,NATURAL - 5/8 X 3 S/B RED OAK B.E. PREF. - [AM583SRBP]; NATURAL - 5/8 X 5 S/B RED OAK B.E. PREF. - [AM585SRBP],2
B WALNUT,"DUSK - 5/8"" B-TRESHOLD 7' WALNUT - [GCBT7WF01]",1
BARNWOOD,"NOUVELLE - *EURO OAK 5/8 X 7.5"" BARNWOOD - [GFNVO7503]",1
BASE MDF,"1/2 x 2 1/2,OG BASE,MDF - [MOOG122MD]; 1/2 x 3 1/2,BASE,MDF - [MOOG123MDF]; MDF - NONSTOCK - 7/16 X 3-1/2 #711 BASE MDF - [MOBBMD311MBB]",3
BASE W O,"3/8 x 3 1/2,OG BASE,W/O - [MOOG383O]; 5/8 x 2 1/2,OG BASE,W/O - [MOOG582O]; 5/8 x 3 1/2,OG BASE,W/O - [MOOG583O]; 5/8 x 3 1/2,S-LINE BASE,W/O - [MOSL583O]; 1/2 x 2-1/2 OG BASE W/O - [MOOG122O]",5
BAY BASE,POPLAR - 9/16 X 4-1/4 MISSION BAY BASE - [MOBBPO361P]; POPLAR - NONSTOCK - 11/16 X 7 1/4 MISSION BAY BASE - [MOBBPO333P],2
BAY FLEX,FLEX - NONSTOCK - 9/16 X 7-1/4 MISSION BAY FLEX - [MOBBFL333PF],1
BEADED G,"MDF - NONSTOCK - 6MM X 7"" BEADED T&G - [MOBBMD2005MUL]",1
BEAUFORT,"CAROLINA CLASSIC - HICKORY 5"" BEAUFORT - [GHCCH588]; HICK/PECAN - 5/8"" T-MOULD BEAUFORT - [GCTMHF88]; HICKORY - 1/2"" BASESHOE BEAUFORT - [GCBSHH88]",3
BEECH LL,SPECIAL ORDER BEECH LL - [LQSOBE],1
BH CANON,WATERFALL - PANEL - BH CANON - [GCSBBH9502-2828],1
BLDR W O,GUNSTOCK - 3/4 X 3-1/4 BLDR W/O - [UW34314BOG]; HONEYROSE - OMNI 1/2 X 3-1/4 BLDR W/O - [OMH314BOH]; HONEY ROSE - OMNI 3/4 X 3-1/4 BLDR. W/O - [OMQ314BOH]; NATURAL - SAMPLE-CV 3/4 X 3-1/4 BLDR W/O - [GQCV314SBBO38]; GUNSTOCK - SAMPLE-CV 3/4 X 3-1/4 BLDR W/O - [GQCV314SBBO47],5
BLK WALN,"ACACIA - EXOTIC 1/2"" 7' NOSING BLK.WALN - [GCEXNO7A16]; ACACIA - EXOTIC 1/2"" 8' NOSING BLK.WALN - [GCEXNO8A16]; ACACIA - EXOTIC 1/2"" 4' NOSING BLK.WALN - [GCEXNO4A16]",3
BLUE WPC,HANDSET - AQUA BLUE 7 WPC - [GCKEYSET50],1
BOIS OMP,"30"" X 28"" - SAMPLE SET - DU BOIS *OMP* - [GCSETDB-3028]",1
BORDEAUX,"GII DIST - *HICKORY 5"" BORDEAUX - [GNIIH518]; DISTRESSED - 9/16"" NOSING HICKORY BORDEAUX - [GCNO7HN18]; VINEYARD - EURO OAK 8-5/8"" BORDEAUX - [GNVYO901]; VINEYARD - EURO OAK 9.5"" BORDEAUX - [GNVYO9501]",4
BR CHERR,"9/16"" NOSING UNF.DIST BR/CHERR - [GCNO7BN00]; LOW SHEEN - EXOTIC 7' BABY T-HOLD BR/CHERR - [GCEXBT7B38]; BRAZILIAN CHERRY - EXOTIC 8' BABY T-HOLD BR/CHERR - [GCEXBT8B38]; HIGH SHEEN - EXOTIC 7' BABY T-HOLD BR/CHERR - [GCEXBT7B38HS]",4
BRADFORD,"HICK/PECAN - 1/2"" BASESHOE BRADFORD - [GCBSHH135]",1
BRAZ CHE,"9/16 x 3 1/2 NOSING - BRAZ/CHE - [MONO916B]; 3/4 X 2-1/4 REDUCER - BRAZ/CHE - [MORE34B]; EXOTIC 1/2"" 4'NOSING BRAZ/CHE - [GCEXNO4B38]; EXOTIC 1/2"" 6'NOSING BRAZ/CHE - [GCEXNO6B38]",4
BRIGITTE,"LEGENDS - EURO OAK 7.5"" BRIGITTE - [GFLEO7502]; DU BOIS - EURO OAK 5/8 X 7.5"" BRIGITTE - [GFDBO7182]; DU BOIS - EURO OAK 7.5"" BRIGITTE UV OIL - [GFDBO75182O]",3
BRINDISI,5/8 X 9 1/2 ENG. BRINDISI DIST - [UFVCB808],1
BROOKLYN,"CENTENNIAL AC4 - 12MM 12"" X 88"" BROOKLYN - [LAMCCT3302]",1
BRUGUNDY,"1/2"" BASESHOE MAPLE BRUGUNDY - [GCBSMH20]",1
BRZ CHRY,"LOW SHEEN - EXOTIC 1/2"" 7' NOSING BRZ/CHRY - [GCEXNO7B38]; BRAZILIAN CHERRY - EXOTIC 1/2"" 8' NOSING BRZ/CHRY - [GCEXNO8B38]; HIGH SHEEN - EXOTIC 1/2"" 7' NOSING BRZ/CHRY - [GCEXNO7B38HS]",3
BUCKHEAD,"DIANA COLLECTION AC4 - 10MM 9.37"" X 60"" BUCKHEAD - [LAMCDN8702]",1
BURGANDY,"T-MOULDING MAPLE BURGANDY 78"" - [UWTM58MB]",1
BURGUNDY,"1/2"" NOSING MAPLE BURGUNDY 78"" - [UWNO12MB]; 1/2"" REDUCER MAPLE BURGUNDY 78 - [UWRE12MB]",2
C B E LL,UNFINISHED - 3/4 X 5 #1C MAPLE B.E. LL - [LQ51MB]; UNFINISHED - 3/4 X 4 #1C MAPLE B.E. LL - [LQ41MB],2
C DURHAM,WIRE RACK - PANEL - CAROLINA C. DURHAM - [GCSBCCM592-1724],1
C FRASER,WATERFALL - PANEL - CNYN.C. FRASER - [GCSBCY1002-2828]; WATERFALL - PANEL - CNYN.C. FRASER <N/L> - [GCSBCY1002-2828PL],2
C M B LL,"3/4"" X 5"" #1C MAPLE M.B. LL - [L3451MM]; 3/4"" X 6"" #1C MAPLE M.B. LL - [L3461MM]; UNFIN - 3/4 X 7 #1C WHITE OAK M.B LL - [LQ71OM]; UNFINISHED - 3/4 X 5 #1C MAPLE M.B. LL - [LQ51MM]; UNFINISHED - 3/4 X 4 #1C MAPLE M.B. LL - [LQ41MM]",5
C MILLCR,WATERFALL - PANEL - CNYN.C. MILLCR. - [GCSBCY1007-2828]; WATERFALL - PANEL - CNYN.C. MILLCR. <N/L> - [GCSBCY1007-2828PL],2
C MONROE,WIRE RACK - PANEL - CAROLINA C. MONROE - [GCSBCCM593-1724],1
C S E LL,"3/4"" x 5"" #1C WHITE OAK S.E LL - [L3451OS]; UNFIN - 3/4 X 7 #2C WHITE OAK S.E LL - [LQ72OS]; UNFIN - 3/4 X 8 #1C RED OAK S.E LL - [LQ81RS]; UNFIN - 3/4 X 8 #2C MAPLE S.E LL - [LQ82MS]; UNFINISHED - 3/4 X 5 #1C MAPLE S.E. LL - [LQ51MS]",5
C SABINO,WATERFALL - PANEL - CNYN.C. SABINO - [GCSBCY1010-2828],1
C V NATU,"C.V 9/16"" 7' NOSING MAPLE NATU - [GCCVNO7MN38]",1
C VALLEY,WATERFALL ORIGINAL - SAMPLE SET - C.VALLEY SOLID - [GCSASET14],1
CALI W O,"NATURAL - OMP CALI 9/16 X 5 #1 W/O - [OMPN51O38]; NATURAL - OMP CALI 9/16 X 3"" #1 W/O - [OMPN31O38]",2
CAMELLIA,"SECRET GARDEN SPC - 6.5MM X 7"" X 48"" - CAMELLIA - [GVSG701]; SECRET GARDEN SPC - T-MOULDING - CAMELLIA - [GVSGTM701]; SECRET GARDEN SPC - REDUCER - CAMELLIA - [GVSGRE701]",3
CANEWOOD,"FRENCH CONNECTION - EURO OAK 5/8 X 7"" CANEWOOD - [GFFCOB7172]; FRENCH CONNECTION - EURO OAK 5/8 X 7-1/2"" CANEWOOD - [GFFCOB75172]",2
CAP ALPS,SUMMIT SKY - END CAP - ALPS - [GVSSEC501],1
CAP BEAM,ILLUMIN8 END CAP BEAM - [GLILEC802],1
CAP DUSK,ILLUMIN8 END CAP DUSK - [GLILEC803],1
CAP EVRY,LAMINATE - GARRISON END CAP EVRY - [GCLAEC002],1
CAP FOIX,LAMINATE - *GARRISON END CAP FOIX - [GCLAEC010],1
CAP GOLD,ELEMENTS - END CAP - GOLD - [GVSPCEC703],1
CAP GREY,GREY CHERRY - PARADISE VALLEY END CAP GREY - [LAPVECC01],1
CAP HERA,MYTHOLOGY - END CAP - HERA - [GVGAEC704],1
CAP IRIS,SECRET GARDEN SPC - END CAP - IRIS - [GVSGEC706],1
CAP LILY,SECRET GARDEN SPC - END CAP - LILY - [GVSGEC707],1
CAP LIVE,LAMINATE END CAP LIVE OAK - [LAECL12CVLO],1
CAP NEON,NEON OAK - PARADISE VALLEY END CAP NEON - [LAPVECO01],1
CAP NIME,LAMINATE - GARRISON END CAP NIME - [GCLAEC004],1
CAP ROSE,SECRET GARDEN SPC - END CAP - ROSE - [GVSGEC711],1
CAP SAGE,NATURESTEP - END CAP - SAGE - [GVNSEC804],1
CAP SOHO,METROPOLITAN - END CAP - SOHO - [GVMPEC705],1
CAP VERT,CARBONIZED - BAMBOO B.T-HOLD/ END CAP VERT - [BABTCV]; NATURAL - BAMBOO B.T-HOLD/ END CAP VERT - [BABTNV],2
CAP WAVE,NATURESTEP - END CAP - WAVE - [GVNSEC809],1
CAP ZEUS,MYTHOLOGY - END CAP - ZEUS - [GVGAEC706],1
CAP ZINC,ELEMENTS - END CAP - ZINC - [GVSPCEC904],1
CAP ZION,AQUA BLUE II BY GARRISON - END CAP - ZION OAK - [GVWPCIIEC101],1
CAPETOWN,"PRIVATE SELECTION - EURO OAK 9.5"" CAPETOWN - [ENPSO9507]",1
CARB HOR,"BAMBOO NOSING CARB/HOR - [UWNO58BHC]; BAMBOO T-MOULD CARB/HOR 72"" - [UWTM58BHC]; BAMBOO NOSING CARB/HOR - [BANO58BHC]",3
CARB VER,BAMBOO NOSING CARB/VER - [BANO58BVC],1
CASHMERE,"GOLD LABEL - OAK 9.5"" CASHMERE - [GFGLR9501]",1
CASTELLO,"BELLISSIMO - HICKORY 7.5"" CASTELLO - [GHBEH75101]",1
CB SPICE,BIRCH - CB 7' BABY THRESHOLD SPICE - [GCCBBT7B145]; BIRCH - CB 8' BABY THRESHOLD SPICE - [GCCBBT8B145]; BIRCH - CB 7' T-MOULD SPICE - [GCCBTM7B145]; BIRCH - CB 8' T-MOULD SPICE - [GCCBTM8B145]; BIRCH - CB 7' REDUCER SPICE - [GCCBRE7B145]; BIRCH - CB 8' REDUCER SPICE - [GCCBRE8B145]; BIRCH - CB 7' NOSING SPICE - [GCCBNO7B145]; BIRCH - CB 8' NOSING SPICE - [GCCBNO8B145],8
CC SALEM,HICKORY - CC 7' BABY THRESHOLD SALEM - [GCCCBT7H90]; HICKORY - CC 8' BABY THRESHOLD SALEM - [GCCCBT8H90]; HICKORY - CC 7' T-MOULD SALEM - [GCCCTM7H90]; HICKORY - CC 8' T-MOULD SALEM - [GCCCTM8H90]; HICKORY - CC 7' REDUCER SALEM - [GCCCRE7H90]; HICKORY - CC 8' REDUCER SALEM - [GCCCRE8H90]; HICKORY - CC 7' NOSING SALEM - [GCCCNO7H90]; HICKORY - CC 8' NOSING SALEM - [GCCCNO8H90],8
CD GRADE,"EUROPEAN OAK-SQUARE EDGE - 5/8 X 9.5"" UNF.WB CD GRADE - [EOEWO95WB]",1
CHARC SE,CON.CHOICE - *5/8 X 3 1/4 CHARC. RED OAK SE - [GFCOR314CS],1
CHARCOAL,"ELEMENTS SPC - 6.5MM X 12"" X 24"" - CHARCOAL - [GVSPC1202]; ELEMENTS - REDUCER - CHARCOAL - [GVSPCRE1202]; ELEMENTS - T-MOULDING - CHARCOAL - [GVSPCTM1202]",3
CHESTNUT,"COMPETITION BUSTER - 3/8 X 5 DIST BIRCH CHESTNUT - [ETCBB506]; GII DISTRESSED - MAPLE 5"" CHESTNUT DISTRESSED - [GNIIM506]; GII SMOOTH - MAPLE 5"" SMOOTH CHESTNUT - [GNSSM506]; GII DIST - MAPLE 5"" CHESTNUT DISTRESSED - [GNIIM506]; MAPLE - 1/2"" BASESHOE CHESTNUT - [GCBSMH06]; SMOOTH - SAMPLE - SMOOTH 5"" CHESTNUT - [GNSS5MSB06]",6
CHEYENNE,BIG SKY - 1/2 X 7 DIST HICKORY CHEYENNE - [EHBSH7154],1
CHOC CHE,CHERRY - GII 7' BABY THRESHOLD CHOC CHE - [GCIIBT7C24]; CHERRY - GII 8' BABY THRESHOLD CHOC CHE - [GCIIBT8C24],2
CL SALEM,HICKORY - SAMPLE - CAROLINA CL. SALEM - [GHCC5HSB90],1
CLR PREF,NATURAL - 3/4 x 3-1/4 CLR MAPLE PREF. - [TM34314FM],1
CN CREST,WATERFALL ORIGINAL - SAMPLE SET - CN. CREST <OB> - [GCSASET42]; WATERFALL - SAMPLE SET - CN.CREST - [GCSETCY-2828]; WATERFALL - SAMPLE SET - CN.CREST <N/L> - [GCSETCY-2828PL],3
COD BASE,"RED OAK - 9/16 X 4 CAPE COD BASE - [MOBBRO410]; WHITE OAK - 9/16 X 4 ULD CAPE COD BASE - [MOBBWO410]; POPLAR - 9/16 X 4 CAPE COD BASE - [MOBBPO410]; MAPLE - 9/16 X 4 CAPE COD BASE - [MOBBMA410]; B. CHERRY - 9/16 X 4 CAPE COD BASE - [MOBBBC410]; RED OAK - 9/16 X 5-1/4 B CAPE COD BASE - [MOBBRO450]; WHITE OAK - 9/16 X 5-1/4 B CAPE COD BASE - [MOBBWO450]; POPLAR - 9/16 X 5-1/4 B CAPE COD BASE - [MOBBPO450]; MAPLE - 9/16 X 5-1/4 B CAPE COD BASE - [MOBBMA450]; B. CHERRY - 9/16 X 5-1/4 B CAPE COD BASE - [MOBBBC450]; POPLAR - 9/16 X 4 CAPE COD BASE - [MOBBPO420]; MDF - NONSTOCK - 9/16 X 5-1/4 CAPE COD BASE - [MOBBMD318MUL5]; A. CHERRY - 9/16 X 4 CAPE COD BASE - [MOBBAC318C]; MDF - NONSTOCK - 7/16 X 3-7/8 CAPE COD BASE - [MOBBMD313MUL]; MDF - 9/16 X 4 CAPE COD BASE - [MOBBMD318MUL]; MDF - NONSTOCK - 9/16 X 5-1/4 ""B"" CAPE COD BASE - [MOBBMD318BMUL]",16
COD FLEX,"FLEX - NONSTOCK - 9/16 X 4 CAPE COD FLEX - [MOBBFL318F]; FLEX - NONSTOCK - 9/16 X 5-1/4 ""B"" CAPE COD FLEX - [MOBBFL318BF]; FLEX - NONSTOCK - 7/16 X 3-7/8 CAPE COD FLEX - [MOBBFL313F]",3
COLLEONI,"DAVINCI - EURO OAK 7.5"" COLLEONI - [GNDVO706]; DISTRESSED - 9/16"" NOSING COLLEONI - [GCNO7M706]",2
COLONIAL,"AQUABLUE II BY GARRISON - 12MM 9"" X 72"" - COLONIAL OAK - [GVWPCII111]; AQUA BLUE II BY GARRISON - REDUCER - COLONIAL OAK - [GVWPCIIRE111]; AQUA BLUE II BY GARRISON - T-MOULDING - COLONIAL OAK - [GVWPCIITM111]",3
COLOR GA,1/2 x 3 WALNUT CUSTOM COLOR GA - [GCGAW399]; 1/2 x 7 WALNUT CUSTOM COLOR GA - [GCGAW799],2
COLOR WB,"PRIVATE SELECTION - EURO OAK 8-5/8"" COLOR #1 L.WB - [ENPSO85801]; PRIVATE SELECTION - EURO OAK 8-5/8"" COLOR #2 L.WB - [ENPSO85802]; PRIVATE SELECTION - EURO OAK 8-5/8"" COLOR #4 L.WB - [ENPSO85804]; PRIVATE SELECTION - EURO OAK 8-5/8"" COLOR #6 L.WB - [ENPSO85806]; PRIVATE SELECTION - EURO OAK 8-5/8"" COLOR #2 L.WB - [ENPSO85802-27]",5
COLUMBIA,COCOA - COLUMBIA T-MOULD OAK - [CO15330],1
CORDELLA,"COUNTRY CHARM GLUE DOWN - 3MM X 7"" X 48"" CORDELLA - [GVCC704]",1
CORNWELL,"AQUASHIELD AC4 - 12MM 9.37"" X 60"" CORNWELL - [LAMCAS3202]",1
CORONADO,"MDF - NONSTOCK - 9/16 X 5-1/4 CORONADO/#618 - [MOBBMD315MBB]; AQUABLUE 7 BY GARRISON - 8MM 7"" X 72"" - CORONADO OAK - [GVWPC101]; AQUA BLUE BY GARRISON - T-MOULDING - CORONADO OAK - [GVWPCTM101]; AQUA BLUE BY GARRISON - REDUCER - CORONADO OAK - [GVWPCRE101]",4
CR VAL O,NATURAL - SAMPLE-CR VAL. 1/2 X 3-1/4 R/O - [GHCV314SBR38]; NATURAL - SAMPLE-CR VAL. 1/2 X 5 R/O - [GHCV5SBR38],2
CREST EL,"3/4 x 3 1/4"" CANYON CREST - EL - [CE314CC]",1
CUMARU N,LOW SHEEN - EXOTIC 7' BABY T-HOLD CUMARU N - [GCEXBT7CU38]; CUMARU NATURAL - EXOTIC 8' BABY T-HOLD CUMARU N - [GCEXBT8CU38]; HIGH SHEEN - EXOTIC 7' BABY T-HOLD CUMARU N - [GCEXBT7CU38HS],3
CV AMBER,"NATURAL - CV 9/16"" 8' NOSING AMBER MAPLE - [GCCVNO8MN38]; CV 1/2"" 8' REDUCER AMBER MAPLE - [GCCVRE8MH38]",2
CV NATUR,WHITE MAPLE - CV 8' TMOULD WHITE MAPLE NATUR - [GCCVTM8M38W],1
CV O NAT,"WIRE RACK - PANEL - CV 3.25"" R/O NAT. - [GCSBCVR31438-1724]; WIRE RACK - PANEL - CV 5"" R/O NAT. - [GCSBCVR538-1724]",2
DA VINCI,SAMPLE SET - DA VINCI <OB> - [GCSASET41]; WATERFALL - SAMPLE SET - DA VINCI - [GCSETDV-2228]; WATERFALL - SAMPLE SET - DA VINCI <N/L> - [GCSETDV-2228PL]; DA VINCI SQUARE NOSING - [GCDVSNO],4
DANIELLE,"DU BOIS - EURO OAK 5/8 X 7.5"" DANIELLE - [GFDBO7186]",1
DAPPLE G,MAPLE - GII 7' BABY THRESHOLD DAPPLE G - [GCIIBT7M195]; MAPLE - GII 8' BABY THRESHOLD DAPPLE G - [GCIIBT8M195],2
DESERT S,NEWPORT 8'BABY T-HOLD DESERT S - [GCNPBT8O209],1
DESERT W,HICKORY - DESERT WHITE - *COMP.BUSTER REDUCER DESERT W. - [GCRE7HT179]; HICKORY - DESERT WHITE - *COMP. BUSTER T-MOULD DESERT W - [GCTM7HF179],2
DOMA 7.5,"ALLORA - EURO OAK 7.5"" DOMA - [GFALO7503]; ALLORA - EURO OAK 7.5"" DOMA SELECT - [GFALO7503S]",2
DOMA 9.5,"ALLORA - EURO OAK 9.5"" DOMA - [GFALO9503]; ALLORA - EURO OAK 9.5"" DOMA SELECT - [GFALO9503S]",2
DOUG FIR,1/2 x 3/4 BASE SHOE - DOUG FIR - [MOBS12D]; 3/8 X 3/4 BASE SHOE - DOUG FIR - [MOBS38D]; CUSTOM TREAD DOUG FIR (LF) - [MOTRSODLF]; CUSTOM TREAD DOUG FIR (EA) - [MOTRSODEA]; CUSTOM RISER DOUG FIR (EA) - [MORISODEA],5
DURHAM 5,"CAROLINA CLASSIC - MAPLE 5"" DURHAM - [GHCCM592]",1
E CHERRY,GOLDEN - NYTAE E-MOULD CHERRY - [NTEM301],1
ELEGANCE,NATURAL - ELEGANCE 1/2 X 4-5/8 MAPLE - [YHEW0036]; NATURAL - ELEGANCE 1/2 X 5 MAPLE - [YHATSEW0036]; GUNSTOCK - ELEGANCE 10/16 X 7-1/2 OAK - [YHSEW0083]; KAHLUA - ELEGANCE 9/16 X 4-3/4 MAPLE - [YHSEW0002]; BUTTERSCOT - ELEGANCE 9/16X4-3/4 MAPLE DIST - [YHSEW001],5
ESPRESSO,"GII DISTRESSED - MAPLE 5"" ESPRESSO DISTRESSED - [GNIIM508]; GII SMOOTH - MAPLE 5"" SMOOTH ESPRESSO - [GNSSM508]; GII DIST - MAPLE 5"" ESPRESSO DISTRESSED - [GNIIM508]; MAPLE - 1/2"" BASESHOE ESPRESSO - [GCBSMH08]; MAPLE - SAMPLE - SMOOTH 5"" ESPRESSO - [GNSS5MSB08]",5
FC CAFFE,OAK - FC 7' BABY THRESHOLD CAFFE - [GCFCBT7O167]; OAK - FC 8' BABY THRESHOLD CAFFE - [GCFCBT8O167]; OAK - FC 7' T-MOULD CAFFE - [GCFCTM7O167]; OAK - FC 8' T-MOULD CAFFE - [GCFCTM8O167]; OAK - FC 7' REDUCER CAFFE - [GCFCRE7O167]; OAK - FC 8' REDUCER CAFFE - [GCFCRE8O167]; OAK - FC 7' NOSING CAFFE - [GCFCNO7O167]; OAK - FC 8' NOSING CAFFE - [GCFCNO8O167],8
FC CLOUD,"FRENCH OAK - SAMPLE - FC 7"" CLOUD - [GFFCSBB7O168]; OAK - FC 7' BABY THRESHOLD CLOUD - [GCFCBT7O168]; OAK - FC 8' BABY THRESHOLD CLOUD - [GCFCBT8O168]; OAK - FC 7' T-MOULD CLOUD - [GCFCTM7O168]; OAK - FC 8' T-MOULD CLOUD - [GCFCTM8O168]; OAK - FC 7' REDUCER CLOUD - [GCFCRE7O168]; OAK - FC 8' REDUCER CLOUD - [GCFCRE8O168]; OAK - FC 7' NOSING CLOUD - [GCFCNO7O168]; OAK - FC 8' NOSING CLOUD - [GCFCNO8O168]",9
FC PARIS,OAK - FC 7' BABY THRESHOLD PARIS - [GCFCBT7O78]; OAK - FC 8' BABY THRESHOLD PARIS - [GCFCBT8O78]; OAK - FC 7' T-MOULD PARIS - [GCFCTM7O78]; OAK - FC 8' T-MOULD PARIS - [GCFCTM8O78]; OAK - FC 7' REDUCER PARIS - [GCFCRE7O78]; OAK - FC 8' REDUCER PARIS - [GCFCRE8O78]; OAK - FC 7' NOSING PARIS - [GCFCNO7O78]; OAK - FC 8' NOSING PARIS - [GCFCNO8O78],8
FC SYRAH,OAK - FC 7' BABY THRESHOLD SYRAH - [GCFCBT7O117]; OAK - FC 8' BABY THRESHOLD SYRAH - [GCFCBT8O117]; OAK - FC 7' T-MOULD SYRAH - [GCFCTM7O117]; OAK - FC 8' T-MOULD SYRAH - [GCFCTM8O117]; OAK - FC 7' REDUCER SYRAH - [GCFCRE7O117]; OAK - FC 8' REDUCER SYRAH - [GCFCRE8O117]; OAK - FC 7' NOSING SYRAH - [GCFCNO7O117]; OAK - FC 8' NOSING SYRAH - [GCFCNO8O117],8
FCI LYON,"FRENCH OAK - SAMPLE - FCI 7"" LYON - [GFFCSBI7O123]",1
FIAMETTA,"DU BOIS - EURO OAK 5/8 X 7.5"" FIAMETTA - [GFDBO7198]; DU BOIS - SAMPLE PANEL - FIAMETTA - [GCSADBO7198]",2
FINISH O,"WALNUT - SATIN FINISH 1/2"" REDUCER R/O - [SAR5078WAL]; WALNUT - SATIN FINISH 1/2"" NOSING - R/O - [SAN35078WAL]; COGNAC - SATIN FINISH 1/2"" REDUCER R/O - [SAR5078CGL]; NATURAL - SATIN FINISH 1/2"" REDUCER R/O - [SAR5078NL]; GOLDENWEST - SATIN FINISH 1/2"" REDUCER R/O - [SAR5078GWL]; HONEY BROW - SATIN FINISH 1/2"" REDUCER R/O - [SAR5078HBL]",6
FLORENCE,"HICKORY FLORENCE NOSING - [AMEE46702SN-C]; HICKORY FLORENCE NOSING - [JFAMEE46702SN-C]; WANDERLUXE - EURO OAK 9.5"" FLORENCE (R) - [GFWLO904]; WANDERLUXE - EURO OAK 9.5"" FLORENCE (L) - [GFWLO9004]; VILLA GIALLA - EURO OAK 9-1/2"" FLORENCE - [GFVGO913]",5
FLUSH NO,WHITE CHERRY - PARADISE VALLEY FLUSH NO.WHITE - [LAPVFNOC02]; OAK - PARADISE VALLEY FLUSH NO. OAK - [LAPVFNOO701],2
FOR BASE,"MAPLE - NONSTOCK - B.S. CORNERS FOR 9/16"" BASE - [MOCOM3002BMPW]",1
FRESH MB,SHEOGA - 3/4 X 5.25 EN.W/O FRESH CUT MB - [PFSHEO538]; SHEOGA - 3/4 X 5.25 EN.W/O FRESH CUT MB - [PFSHEO538-205]; 5 SHEEN CLEAR SHEOGA - 3/4 X 5.25 EN.W/O FRESH CUT MB - [PFSHEO538]; 5 SHEEN CLEAR SHEOGA - 3/4 X 5.25 EN.W/O FRESH CUT MB - [PFSHEO538-205],4
FRONZOLA,"DOLCE CAPRI - EURO OAK 3/4 X 9.5"" FRONZOLA - [GQCHO95102]",1
G MERINO,G.L BABY T-HOLD MERINO - [GCGLBT8R07],1
G SAHARA,WALNUT - GII * G3 BABY TRESHOLD SAHARA - [GCBT7WN04]; WALNUT - GII & G3 T-MOULD SAHARA - [GCTM7WN04],2
GARDENIA,"SECRET GARDEN SPC - 6.5MM X 7"" X 48"" - GARDENIA - [GVSG704]; SECRET GARDEN SPC - REDUCER - GARDENIA - [GVSGRE704]; SECRET GARDEN SPC - T-MOULDING - GARDENIA - [GVSGTM704]",3
GELA PLY,"VILLA GIALLA - EURO OAK 9-1/2"" GELA 2 PLY - [GFVGO9042P]",1
GII GREY,WHITE OAK - GII REDUCER WHITE GREY - [GCRE7ON165],1
GIII UNF,GIII NOSING UNF.DIST HICKORY - [GCNO7HH00]; GIII NOSING 8' UNF.DIST MAPLE - [GCNO8MH00],2
GLENWOOD,"LEGENDS - EURO OAK 10.25"" GLENWOOD - [GFLEO1001]; RED RIVER - *BIRCH 5"" GLENWOOD - [GNRRBI584]; RED RIVER - *BIRCH 6-1/4"" GLENWOOD - [GNRRBI61484]; BASESHOE - 1/2"" BASESHOE GLENWOOD - [GCBSBIH84]; CANYON CREST - EURO OAK 10-1/4"" GLENWOOD - [GFCYO1005]; CANYON CREST - EUR.OAK 10.25"" GLENWOOD UV OIL - [GFCYO1005O]",6
GLUE GAL,MARK10 GLUE 5 GAL - [HTAH0021]; MARK10 GLUE 1 GAL - [HTAH0020],2
GOLD OMP,"25"" X 28"" - PANEL - EXO. ACA. GOLD *OMP* - [GCSBEXA5147-2528]",1
GREY PLY,"GII DIST - MAPLE 5"" DAPPLE GREY 2PLY - [GNIIM51952P]; GII DIST - WHITE OAK 5"" WHITE GREY 2PLY - [GNIIO51652P]",2
GUNSMOKE,"BIG SKY - 1/2 X 7 DIST MAPLE GUNSMOKE - [EHBSM7150]; 1/2"" BASESHOE GUNSMOKE - [GCBSMH150]",2
GUNSTOCK,"EUROPEAN OAK - 3/4 X 3-1/2"" GUNSTOCK - [EOSWO32GU34]; PRESTIGE/APPALACHIAN - 3/4 X 3.25 RED OAK GUNSTOCK - [PFAPR31402]",2
H ALPINE,B.H BABY T-HOLD ALPINE - [GCBHBT8O07],1
H DOHENY,B.H BABY T-HOLD DOHENY - [GCBHBT8O08],1
H SIERRA,WATERFALL ORIGINAL - PANNEL- SUMMIT SKY PL H.SIERRA - [GCSBSS502-2228]; WATERFALL ORIGINAL - PANEL- SUMMIT SKY HB H SIERRA - [GCSBSSPH502-2228]; WATERFALL ORIGINAL - PANEL- SUMMIT SKY HB H SIERRA - [GCSBSSPH502-2424]; WATERFALL ORIGINAL - PANNEL- SUMMIT SKY PL H.SIERRA - [GCSBSS502-2424],4
H WALDEN,B.H BABY T-HOLD WALDEN - [GCBHBT8O06],1
HACIENDA,"AQUABLUE II BY GARRISON - 12MM 9"" X 72"" - HACIENDA OAK - [GVWPCII104]; AQUA BLUE II BY GARRISON - REDUCER - HACIENDA OAK - [GVWPCIIRE104]; AQUA BLUE II BY GARRISON - T-MOULDING - HACIENDA OAK - [GVWPCIITM104]",3
HALL W O,UNFIN. - TARKETT HADDON HALL W/O - [HT0BS1511],1
HAZELNUT,"NATURESTEP SPC - 6.5MM X 8.66 X 59.5 HAZELNUT - [GVNS803]; NATURESTEP - T-MOULDING - HAZELNUT - [GVNSTM803]; NATURESTEP - REDUCER - HAZELNUT - [GVNSRE803]; COUNTRY CHARM GLUE DOWN - 3MM X 7"" X 48"" HAZELNUT - [GVCC903]; QUIETPATH 2 - 5MM X 7"" X 48"" HAZELNUT - [GDQP2EBD626A9]",5
HERITAGE,9/16 X 5 DIST. MAPLE HERITAGE - [AWN5DMH],1
HICK CHT,WIRE RACK - PANEL - GII D. HICK.CHT. - [GCSBIIH551-1724]; WIRE RACK - PANEL - GII D. HICK.CHT. <N/L> - [GCSBIIH551-1724PL],2
HICK NAT,HICKORY - GII 7' BABY THRESHOLD HICK NAT - [GCIIBT7H38]; HICKORY - GII 8' BABY THRESHOLD HICK NAT - [GCIIBT8H38]; WIRE RACK - PANEL - GII D. HICK.NAT. - [GCSBIIH538-1724]; WIRE RACK - PANEL - GII SMOOTH HICK.NAT. - [GCSBSSH538-1724]; WIRE RACK - PANEL - GII D. HICK.NAT. <N/L> - [GCSBIIH538-1724PL],5
HICK SRA,WIRE RACK - PANEL - GII D. HICK.SRA. - [GCSBIIH502-1724]; WIRE RACK - PANEL - GII D. HICK.SRA. <N/L> - [GCSBIIH502-1724PL],2
HOR CARB,"BAMBOO REDUCER HOR/CARB. 72"" - [UWRE58BHC]; LAMINATE 12MM BAMBOO HOR/CARB - [LAED5056]; HOR/CARB - SAMPLE- LUXURY BAMBOO HOR/CARB - [LALXSBBA01]; LAMINATE QTR HOR/CARB - [LALXQRBA01]",4
I SIERRA,DISTRESSED - T.I NOSING HICKORY SIERRA - [GCNO7HH02],1
II DOVER,"WHITE OAK - TIME INSPIRED II DOVER - [GHTI2O5140]; WHITE OAK - SAMPLE - TI II 5"" DOVER - [GHTI25OSB140]",2
II TREAD,TIME INSPIRED II TREAD - [GCTRTI2],1
IPE DECK,"RANDOM LENGTHS - 1"" X 6"" IPE DECK FLOORING (RL) - [DF512PI]; LONG LENGTHS - 1"" X 6"" IPE DECK FLOORING (LL) - [DF512PIL]",2
ISABELLE,"DU BOIS - EURO OAK 5/8 X 7.5"" ISABELLE - [GFDBO7188]",1
ITEMS EA,GARRISON CUSTOM ITEMS EA - [GCMISCEA],1
JULIETTE,"DU BOIS - EURO OAK 5/8 X 7.5"" JULIETTE - [GFDBO7196]; DU BOIS - SAMPLE PANEL - JULIETTE - [GCSADBO7196]",2
KINGSTON,"CHERRY - 1/2"" BASESHOE KINGSTON - [GCBSCH137]; CANYON CREST - EURO OAK 10-1/4"" KINGSTON - [GFCYO1006]",2
LA BELLE,"LEGENDS - EURO OAK 9.5"" LA BELLE - [GFLEO9502]; VILLA GIALLA - EURO OAK 9-1/2"" LA BELLE - [GFVGO909]; OAK - VG 7' BABY THRESHOLD LA BELLE - [GCVGBT7O09]; OAK - VG 8' BABY THRESHOLD LA BELLE - [GCVGBT8O09]; OAK - VG 7' T-MOULD LA BELLE - [GCVGTM7O09]; OAK - VG 8' T-MOULD LA BELLE - [GCVGTM8O09]; OAK - VG 7' REDUCER LA BELLE - [GCVGRE7O09]; OAK - VG 8' REDUCER LA BELLE - [GCVGRE8O09]; OAK - VG 7' NOSING LA BELLE - [GCVGNO7O09]; OAK - VG 8' NOSING LA BELLE - [GCVGNO8O09]; WATERFALL - PANEL - VILLA GIALLA LA BELLE - [GCSBVG909-2828]; LEGENDS NOSING 8' LA BELLE - [GCLENO8O9502]; LEGENDS REDUCER 8' LA BELLE - [GCLERE8O9502]; LEGENDS T-MOULDING 8' LA BELLE - [GCLETM8O9502]",14
LA JOLLA,"NEWPORT BY GARRISON - *EURO OAK 7.5"" LA JOLLA (1/2"") - [GHNPO202]; NEWPORT BASESHOE LA JOLLA - [GCNPBSOH202]; OAK - NEWPORT 7' T-MOULD LA JOLLA - [GCNPTM7O202]; OAK - NEWPORT 8' T-MOULD LA JOLLA - [GCNPTM8O202]; OAK - NEWPORT 7' REDUCER LA JOLLA - [GCNPRE7O202]; OAK - NEWPORT 8' REDUCER LA JOLLA - [GCNPRE8O202]; OAK - NEWPORT 7' NOSING LA JOLLA - [GCNPNO7O202]; OAK - NEWPORT 8' NOSING LA JOLLA - [GCNPNO8O202]",8
LAMINATE,NATURAL - LAMINATE 6 1/2 SMOOTH MAPLE - [AWLS612M]; SAPELE - LAMINATE 6 1/2 DISTRESSED - [AWLD612S]; BLACK TEAK - LAMINATE 6 1/2 DISTRESSED - [AWLD612T]; CYPRESS - LAMINATE 6 1/2 DISTRESSED - [AWLD612CY]; AM.HICKORY - LAMINATE 6 1/2 DISTRESSED - [AWLD612AH]; A. HICKORY - LAMINATE T-MOULDING SMOOTH - [AWLMTMAH]; TEAK - LAMINATE T-MOULDING SMOOTH - [AWLMTMT]; CYPRESS - LAMINATE T-MOULDING SMOOTH - [AWLMTMCY]; SAPELE - LAMINATE T-MOULDING SMOOTH - [AWLMTMS]; A. HICKORY - LAMINATE REDUCER SMOOTH - [AWLMREAH]; TEAK - LAMINATE REDUCER SMOOTH - [AWLMRET]; CYPRESS - LAMINATE REDUCER SMOOTH - [AWLMRECY]; SAPELE - LAMINATE REDUCER SMOOTH - [AWLMRES]; A. HICKORY - LAMINATE NOSING SMOOTH - [AWLMNOAH]; TEAK - LAMINATE NOSING SMOOTH - [AWLMNOT]; CYPRESS - LAMINATE NOSING SMOOTH - [AWLMNOCY]; SAPELE - LAMINATE NOSING SMOOTH - [AWLMNOS]; BRAZ/CHERR - LAMINATE T-MOULDING - [AWLMTMBC]; SAN.MAHOGA - LAMINATE T-MOULDING - [AWLMTMSM]; DK.WALNUT - LAMINATE T-MOULDING - [AWLMTMDW]; NATURAL - LAMINATE T-MOULDING MAPLE - [AWLMTMMN]; BRAZ/CHERR - LAMINATE REDUCER - [AWLMREBC]; SAN.MAHOGA - LAMINATE REDUCER SMOOTH - [AWLMRESM]; DK.WALNUT - LAMINATE REDUCER SMOOTH - [AWLMREDW]; NATURAL - LAMINATE REDUCER MAPLE - [AWLMREMN]; BRAZ/CHERR - LAMINATE NOSING - [AWLMNOBC]; SAN.MAHOGA - LAMINATE NOSING - [AWLMNOSM]; DK.WALNUT - LAMINATE NOSING - [AWLMNODW]; NATURAL - LAMINATE NOSING MAPLE - [AWLMNOMN]; AM.HICKORY - SAMPLE - LAMINATE DISTRESSED - [AWLSBDAH]; CYPRESS - SAMPLE - LAMINATE DISTRESSED - [AWLSBDCY]; BLACK TEAK - SAMPLE - LAMINATE DISTRESSED - [AWLSBDT]; BRAZ/CHERR - SAMPLE - LAMINATE - [AWLSBSB]; MAPLE - SAMPLE - LAMINATE - [AWLSBSM]; SAN.MAHOGA - SAMPLE - LAMINATE - [AWLSBSSM]; DK.WALNUT - SAMPLE - LAMINATE - [AWLSBSW]; ANT. WALNU - LAMINATE DIST. 12.MM - [LACYD001]; *LAMINATE NOSING RED OAK - [LALXNOCS06]; *LAMINATE T-MOULD RED OAK - [LALXTMCS06]; *LAMINATE REDUCER RED OAK - [LALXRECS06]; LAMINATE T-MOULD WHITE OAK - [LALXTMHG07]; GRAPHITE GREY - 1/2 X 7-3/4 12MM LAMINATE - [TECL1601]; TRUFFLE - LAMINATE T-MOULDING SMOOTH - [ETBE340]; TRUFFLE - LAMINATE T-MOULDING SMOOTH - [ETBE360]; DARK KNIGHT HICKORY - 1/2 X 6-3/8 12MM LAMINATE - [TECL3998],45
LANDMARK,W COUNTRY - MAPLE SOLID 3-1/4 LANDMARK - [GQWCM314112],1
LIZIPPAN,OAK LIZIPPAN NOSING - [JFAMEE15204SN-C],1
LL SE EM,"3/4 X 3"" FAS R/Q W/O LL SE EM - [LQ3FRQOSEM]",1
LOMBARDY,"BELLAGIO - EURO OAK 7.5"" LOMBARDY (M) - [GNBLO75004]; BELLAGIO - EURO OAK 7.5"" LOMBARDY (L) - [GNBLO7504]",2
LUNA 7.5,"ALLORA - EURO OAK 7.5"" LUNA - [GFALO7504]; ALLORA - EURO OAK 7.5"" LUNA SELECT - [GFALO7504S]",2
LUNA 9.5,"ALLORA - EURO OAK 9.5"" LUNA - [GFALO9504]; ALLORA - EURO OAK 9.5"" LUNA SELECT - [GFALO9504S]",2
M CALCOR,"CRYSTAL VALLEY - W/O ENG 5"" NATURAL 2.2M CALCOR - [GHCVO538SB]",1
M WALNUT,ANTIQUE - 1/2 x 5 M.R. WALNUT GARRISON - [GCGAW523],1
MAGNOLIA,"COUNTRY CHARM GLUE DOWN - 3MM X 7"" X 48"" MAGNOLIA - [GVCC707]",1
MAP CHST,WIRE RACK - PANEL - GII D. MAP.CHST. - [GCSBIIM506-1724]; WIRE RACK - PANEL - GII D. MAP.CHST. <N/L> - [GCSBIIM506-1724PL],2
MAP ESPR,WIRE RACK - PANEL - GII D. MAP.ESPR. - [GCSBIIM508-1724]; WIRE RACK - PANEL - GII SMOOTH MAP.ESPR. - [GCSBSSM508-1724]; WIRE RACK - PANEL - GII D. MAP.ESPR. <N/L> - [GCSBIIM508-1724PL],3
MAP NATU,"CRY.VAL 9/16"" REDUCER MAP.NATU - [GCRE7MN38CV]",1
MARCELLO,"DAVINCI - MAPLE 5"" MARCELLO - [GNDVM564]; MAPLE - 1/2"" BASESHOE MARCELLO - [GCBSMH64]; DAVINCI - EURO OAK 7.5"" MARCELLO - [GNDVO707]",3
MASTER S,RENAISSANC - FLUSH STAIR NOSE MASTER'S - [AWDMLSNF530B],1
MAVERICK,"BIG SKY - 1/2 X 7 DIST MAPLE MAVERICK - [EHBSM7149]; HICKORY - 1/2"" BASESHOE MAVERICK - [GCBSHF149]",2
MDF BASE,"9/16 X 3-7/8"" 302 MDF BASE - [MOBBMD302]; 9/16 X 3-3/4"" 303 MDF BASE - [MOBBMD303]; MDF - 9/16 X 4"" 402 MDF BASE - [MOBBMD402]; MDF - 9/16 X 4-1/4"" 403 MDF BASE - [MOBBMD403]; 9/16 X 3-1/4"" 304 MDF BASE - [MOBBMD304]; MDF - 9/16 X 5-1/4"" 502 MDF BASE - [MOBBMD502]; HANDSET - MDF BASE - [GCKEYSET998]; MDF - 9/16 X 5"" 503 MDF BASE - [MOBBMD503]; MDF - 9/16 X 6"" 601 MDF BASE - [MOBBMD601]; (NEW) HANDSET - MDF BASE - [GCKEYSET995]",10
MERIDIAN,"AQUASHIELD AC4 - 12MM 9.37"" X 60"" MERIDIAN - [LAMCAS3205]",1
MERINDAH,3/4 X 5 OAK MERINDAH - [PQSMER01],1
MILL RUN,UNFIN/DIST - 1/2 x 3 MILL RUN MAPLE - [GCUDM300]; UNFIN/DIST - 1/2 x 5 MILL RUN MAPLE - [GCUDM500]; UNFIN/DIST - 1/2 x 7 MILL RUN MAPLE - [GCUDM700]; UNFIN/DIST - 1/2 x 5 MILL RUN WHITE OAK - [GCUDO500]; UNFIN/DIST - 1/2 x 3 MILL RUN RED OAK - [GCUDR300]; UNFIN/DIST - 1/2 x 5 MILL RUN RED OAK - [GCUDR500]; UNFIN/DIST - 1/2 x 7 MILL RUN RED OAK - [GCUDR700]; UNFIN/DIST - 1/2 x 3 MILL RUN WHITE OAK - [GCUDO300],8
MODA W O,"APPALACHIAN - ALTA MODA W/O - [GCKEYSET905]; APPALACHIAN - ALTA MODA W/O 7"" - [GCKEYSET906]",2
MOLASSES,"COUNTRY CHARM GLUE DOWN - 3MM X 7"" X 48"" MOLASSES - [GVCC708]",1
MOLD FOX,MEGACLIC T-MOLD FOX - [LAMCTMAS3216],1
MOLD NAT,REDOAK NAT - LAMINATE T-MOLD RED OAK NAT - [LATMCW511],1
MONROE 5,"CAROLINA CLASSIC - MAPLE 5"" MONROE - [GHCCM593]",1
MONTEREY,"NEWPORT BY GARRISON - EURO OAK 7.5"" MONTEREY (1/2"") - [GHNPO204]; NEWPORT BY GARRISON - EURO OAK 7.5"" MONTEREY (9/16"") - [GNNPO204]",2
NANTERRE,LAMINATE - *GARRISON NOSING NANTERRE - [GCLANO005]; LAMINATE - *GARRISON T-MOULDING NANTERRE - [GCLATM005]; LAMINATE - *GARRISON REDUCER NANTERRE - [GCLARE005],3
NAPA PLY,"DELUXE - *WALNUT 6"" NAPA 2 PLY - [GFDXW6612P]",1
NAT 3.25,"CRYSTAL VALLEY - MAPLE NAT. ENG 3-1/4"" 2MM - [GHCVM31438]",1
NAT VERT,"BAMBOO T-MOULD NAT/VERT 72"" - [UWTM58BVN]; BAMBOO NOSING NAT/VERT - [BANO58BVN]",2
NATHALIE,"DU BOIS - EURO OAK 5/8 X 7.5"" NATHALIE - [GFDBO7189]",1
NO END M,"1/2 x 2"" RIFT/QTR W/O NO END M - [RH2QOSNEM]",1
NO RUSSI,RUSSIAN BLACK OAK - PARADISE VALLEY FLUSH NO.RUSSI - [LAPVFNOO02],1
NO SILVE,SILVER OAK - PARADISE VALLEY FLUSH NO.SILVE - [LAPVFNOO03],1
O BDL FT,"RANDOM - *1/2 X 2"" RIFT/QTR R/O BDL FT. - [RH2QRSSP]; 1/2 x 1 1/2"" SELECT W/O BDL FT - [RH112SOSSP]",2
O BLD FT,"RANDOM - *1/2 X 2"" SELECT W/O BLD FT. - [RH2SOSSP]; RANDOM - *1/2 X 2"" RIFT/QTR W/O BLD FT. - [RH2QOSSP]; RANDOM - 1/2 x 1 1/2"" SELECT R/O BLD FT - [RH112SRSSP]",3
O G BASE,5/8 X 3 1/2 MAPLE O.G. BASE - [MOOG583M]; 5/8 X 3 1/2 WALNUT O.G. BASE - [MOOG583W]; 5/8 X 2-1/2 WALNUT O.G. BASE - [MOOG582W],3
O GOLDEN,"CRYSTAL VALLEY - W/O ENG 3-1/4"" GOLDEN OAK (1/2 - [GHCVO31445]; CRYSTAL VALLEY - *W/O SOLID 2-1/4"" GOLDEN OAK - [GQCVO21445]; CRYSTAL VALLEY - *W/O SOLID 3-1/4"" GOLDEN OAK - [GQCVO31445]; CRYSTAL VALLEY - *W/O SOLID DIST. 5"" GOLDEN OAK - [GQCVDO545]; SMOOTH - 3/4"" NOSING W/O GOLDEN OAK - [GCNOOSQ45]; GOLDEN OAK - 1/2"" NOSING W/O SMOOTH GOLDEN - [GCNOOSH45]; 1/2"" BASESHOE W/O GOLDEN OAK - [GCBSOH45]; 3/4"" REDUCER W/O GOLDEN OAK - [GCREOQ45]; CRYSTAL V - W/O ENG 5"" GOLDEN OAK (1/2"") - [GHCVO545]; CRYSTAL VALLEY - W/O ENG 3-1/4"" GOLDEN OAK 9/16 - [GNCVO31445]; CRYSTAL VALLEY - W/O ENG 5"" GOLDEN OAK (9/16"") - [GNCVO545]",11
O H ROSE,"HONEY ROSE - 1/2"" NOSING W/O SMOOTH H. ROSE - [GCNOOSH49]",1
O NAT MB,SHEOGA - 3/4 X 2.25 SOLID W/O NAT. MB - [PFSHSO238-22]; 30 SHEEN CLEAR SHEOGA - 3/4 X 2.25 SOLID W/O NAT. MB - [PFSHSO238]; 30 SHEEN CLEAR SHEOGA - 3/4 X 2.25 SOLID W/O NAT. MB - [PFSHSO238-22],3
O NESTED,"1/2 X 2 "" #1 R/O NESTED - [RH21RS]; NESTED - 1/2 x 1 1/2"" R&Q W/O NESTED - [RH112QOSNB]; NESTED - 1/2 x 1 1/2"" R&Q R/O NESTED - [RH112QRSNB]; LEBANON - 1/2 x 1 1/2 SELECT W/O NESTED - [RH112SOSNB]; LEBANON - 1/2 x 1 1/2 SELECT R/O NESTED - [RH112SRSNB]; NESTED - 1/2 x 2"" RIFT/OTR W/O NESTED - [RH2QOSNB]; 1/2 x 2"" RIFT/QTR R/O NESTED - [RH2QRSNB]; 3/4 x 1 1/2"" SELECT W/O NESTED - [RQ112SOSNB]; 3/4 x 1 1/2"" SELECT R/O NESTED - [RQ112SRSNB]; *LEBANON DROPPED ITEM* - *3/8 x 2 SELECT R/O NESTED - [RT2SRSNB]; 3/8 x 1-1/2"" SELECT W/O NESTED - [RT112SOSNB]; 1/2 x 2"" #1 W/O NESTED (25-SF) - [RH21OSNB]; 3/8 X 1-1/2"" SELECT R/O NESTED - [RT112SRSNB]; DAYSPRING 24SF - 1/2 x 2"" RIFT/QTR R/O NESTED - [RH2QRSNB-24]; DAYSRPING - 3/8 x 2"" SEL R/O NESTED (24-SF - [RT2SRSNB-24]; DAYSPRING 24SF - 1/2 x 1 1/2"" SELECT R/O NESTED - [RH112SRSNB-24]; DAYSPRING 24SF - 1/2 x 1 1/2"" SELECT W/O NESTED - [RH112SOSNB-24]; 1/2 x 1 1/2"" R&Q W/O NESTED - [RH112QOSNB-24]; NESTED - 1/2 x 1 1/2"" R&Q R/O NESTED - [RH112QRSNB-24]; NESTED -24SF X BUNDLE - 1/2 x 2"" RIFT/OTR W/O NESTED - [RH2QOSNB-24]; 15SF - 1/2 x 1-1/2"" SELECT W/O NESTED - [RH112SOSNB-15]; 15-SF - 1/2 x 1-1/2"" SELECT R/O NESTED - [RH112SRSNB-15]; 1/2 x 1 1/2"" R&Q W/O NESTED - [RH112QOSNB-15]; NESTED - 1/2 x 1 1/2"" R&Q R/O NESTED - [RH112QRSNB-15]; 20SF - 1/2 x 2"" RIFT/QTR R/O NESTED - [RH2QRSNB-20]; NESTED -20SF X BUNDLE - 1/2 x 2"" RIFT/OTR W/O NESTED - [RH2QOSNB-20]; NESTED -20SF X BUNDLE - 1/2 x 2"" SELECT W/O NESTED - [RH2SOSNB-20]; NESTED -20SF X BUNDLE - 1/2 x 2"" SELECT R/O NESTED - [RH2SRSNB-20]; DAYSRPING - 3/8 x 2"" SEL W/O NESTED (24-SF - [RT2SOSNB-24]",29
O NO END,"1/2 x 2"" RIFT/QTR R/O NO END - [RH2QRSNEM]",1
O SHORTS,"1/2 x 2"" SELECT W/O SHORTS - [RH2SOSHOS]; 1/2 x 2"" #1 W/O SHORTS - [RH21OSHOS]",2
O TOFFEE,"CRYSTAL VALLEY - *W/O SOLID 2-1/4"" TOFFEE - [GQCVO214178]; CRYSTAL VALLEY - *W/O SOLID 3-1/4"" TOFFEE - [GQCVO314178]; 1/2"" BASESHOE W/O TOFFEE - [GCBSOH178]",3
OAKSTONE,W COUNTRY - MAPLE SOLID 3-1/4 OAKSTONE - [GQWCM314114],1
OLD GREY,"FRENCH OAK - SAMPLE - FCII 7"" OLD GREY - [GFFCSBII7O77]; FCII - FRENCH OAK 9/16 X 7"" OLD GREY - [GNFCIIO777]; OAK PLY - FRENCH OAK 5/8 X 7"" OLD GREY - [GFFCO777]; FRENCH CONNECTION - EURO OAK 5/8 X 7"" OLD GREY - [GFFCOB777]; OAK - FC 7' BABY THRESHOLD OLD GREY - [GCFCBT7O77]; OAK - FC 8' BABY THRESHOLD OLD GREY - [GCFCBT8O77]; OAK - FC 7' T-MOULD OLD GREY - [GCFCTM7O77]; OAK - FC 8' T-MOULD OLD GREY - [GCFCTM8O77]; OAK - FC 7' REDUCER OLD GREY - [GCFCRE7O77]; OAK - FC 8' REDUCER OLD GREY - [GCFCRE8O77]; OAK - FC 7' NOSING OLD GREY - [GCFCNO7O77]; OAK - FC 8' NOSING OLD GREY - [GCFCNO8O77]",12
OLIVE HD,LAMINAT NOSING RUSTIC OLIVE HD - [LANOEDHD33],1
OMNI S B,NATURAL - OMNI 3/4 X 3-5/8 S/B MAPLE - [OMQ358SMN],1
ORDER EA,OSHKOSH CUSTOM ORDER EA - [OKSOEA]; APPALACHIAN SPECIAL ORDER EA - [PFAPSOEA],2
ORDER LF,SPEC.ORDER MOULDING MAPLE LF - [MOSOMLF]; OSHKOSH CUSTOM ORDER LF - [OKSOLF]; SPEC.ORDER MOULDING LF - [MOSOLF],3
ORDER LL,"1/2"" SPECIAL ORDER RED OAK LL - [LHSOR]; SPECIAL ORDER MAPLE  LL - [LQSOM]; 1/2"" SPEC.ORDER WHITE OAK LL - [LHSOO]; SPECIAL ORDER RED OAK LL - [LQSOR]; 1/2"" SPECIAL ORDER LL - [LHSO]; 1/2"" SPEC.ORDER MAPLE LL - [LHSOM]; SPECIAL ORDER BIRCH LL - [LQSOBI]; 3/8"" SPECIAL ORDER LL - [LTSO]; WHITE OAK - SPECIAL ORDER WHITE OAK LL - [LQSOO]",9
ORDER RL,SPECIAL ORDER WHITE OAK RL - [RQSOO]; SPECIAL ORDER RL (ODD SPECIES) - [RQSO]; SPECIAL ORDER MAPLE RL - [RQSOM]; SPECIAL ORDER RED OAK RL - [RQSOR],4
PACIFICO,"CANTINA BY GARRISON - MAPLE 7.5"" PACIFICO - [GHCAM75205]; CANTINA BY GARRISON - MAPLE 7"" PACIFICO - [GHCAM7205]",2
PALOMINO,"SILVERLINE - BIRCH 6"" PALOMINO - [GHSLBI6129]; 1/2"" BASESHOE PALOMINO - [GCBSHBI129]",2
PASADENA,"AQUASHIELD AC5 - 12MM 9.37"" X 60"" PASADENA - [LAMCAS3105]",1
PAT ROSE,"LOW SHEEN - EXOTIC 1/2"" 7'NOSING PAT ROSE - [GCEXNO7PR38]; PATAGONIAN ROSEWOOD - EXOTIC 1/2"" 8' NOSING PAT ROSE - [GCEXNO8PR38]; HIGH SHEEN - EXOTIC 1/2"" 7' NOSING PAT ROSE - [GCEXNO7PR38HS]; HIGH SHEEN - EXOTIC 1/2"" 4' NOSING PAT ROSE - [GCEXNO4PR38HS]; LOW SHEEN - EXOTIC 1/2"" 4' NOSING PAT ROSE - [GCEXNO4PR38]; LOW SHEEN - EXOTIC 1/2"" 6' NOSING PAT ROSE - [GCEXNO6PR38]",6
PECAN EA,CUSTOM RISER HICK/PECAN EA) - [MORISOHEA],1
PECAN LL,SPECIAL ORDER HICK/PECAN LL - [LQSOHP],1
PECAN MB,UNFIN - 1/2 x 5 MILL RUN HICK/PECAN MB - [GCUNH500]; UNFIN - 1/2 x 5 MILL RUN WILD PECAN MB - [GCUNP500],2
PLUS NAT,PLUS BABY T-HOLD HICKORY NAT. - [GCBT7HF38PL],1
PLUS UNF,PLUS NOSING UNF.HICKORY 8' - [GCNO8HN00PL]; PLUS NOSING UNF.DIST MAPLE 8' - [GCNO8MN00PL],2
POSEIDON,"MYTHOLOGY SPC - 5MM X 7"" X 48"" - POSEIDON - [GVGA705]; MYTHOLOGY - REDUCER - POSEIDON - [GVGARE705]; MYTHOLOGY - T-MOULDING - POSEIDON - [GVGATM705]",3
PR WHEAT,"CRYSTAL VALLEY - W/O PR.WHEAT ENG 3-1/4"" 2MM - [GHCVO31468]; CRYSTAL VALLEY USA - WHITE OAK PR.WHEAT 3-1/4"" 3MM - [GHCVO31468USA-33]; CRYSTAL VALLEY - W/O PR.WHEAT ENG 5"" 2MM - [GHCVO568]; WHITE OAK - CRY.VAL BABY T-HOLD PR. WHEAT - [GCBT7OF68]; CV 1/2"" 8' NOSING W/O PR.WHEAT - [GCCVNO8OH68]; CR.VAL 8' BABY T-HOLD PR.WHEAT - [GCCVBT8O68]; CRYSTAL VALLEY - W/O ENG 3-1/4"" PR.WHEAT (9/16"" - [GNCVO31468]; CV 9/16"" 8'NOSING W/O PR.WHEAT - [GCCVNO8ON68]; CR.VAL 7' BABY T-HOLD PR.WHEAT - [GCCVBT7O68]; CVA 8' BABY T-HOLD PR.WHEAT - [GCCVBT8O68USA]; CVA 8' NOSING W/O PR.WHEAT - [GCCVNO8OH68USA]; CVA 8' REDUCER W/O PR.WHEAT - [GCCVRE8OH68USA]; CVA 8' T-MOULD W/O PR.WHEAT - [GCCVTM8O68USA]",13
PREM W O,GOLD.WHEAT - GAVIN 9/16 X 3-1/4 PREM W/O - [GWN314POGW],1
PRESCOTT,"RED RIVER - *BIRCH 5"" PRESCOTT - [GNRRBI585]; RED RIVER - BIRCH 6-1/4"" PRESCOTT - [GNRRBI61485]; BASESHOE - 1/2"" BASESHOE PRESCOTT - [GCBSBIH85]",3
PRIME FJ,PRIMED PINE FJ - 1/2 x 3/4 BASE SHOE - PRIME FJ - [MOBS12PFJ],1
PROSECCO,"VINEYARD - EURO OAK 8-5/8"" PROSECCO - [GNVYO904]",1
PROVENCE,"LEGENDS - EURO OAK 7.5"" PROVENCE - [GFLEO7507]; FRENCH CONNECTION - EURO OAK 5/8 X 7"" PROVENCE - [GFFCOB7102]; FRENCH CONNECTION - EURO OAK 5/8 X 7-1/2"" PROVENCE - [GFFCOB75102]; FRENCH CONNECTION - EURO OAK 7.5 PROVENCE UV OIL - [GFFCO75102O]",4
PS ADOBE,PS 8' NOSING ADOBE - [GCPSNO8O04]; PS 8' T-MOULDING ADOBE - [GCPSTM8O04]; PS 8' BABY TRESHOLD ADOBE - [GCPSBT8O04]; PS 8' REDUCER ADOBE - [GCPSRE8O04],4
PS COLOR,PRIVATE SELECTION - PS 8' NOSING COLOR #4 - [ENPSNO8O04]; PRIVATE SELECTION - PS 8' REDUCER COLOR #4 - [ENPSRE8O04]; PRIVATE SELECTION - PS 8' NOSING COLOR #1 - [ENPSNO8O01]; PRIVATE SELECTION - PS 8' NOSING COLOR #6 - [ENPSNO8O06]; PRIVATE SELECTION - PS 8' REDUCER COLOR #6 - [ENPSRE8O06]; PRIVATE SELECTION - PS 8' NOSING COLOR #2 - [ENPSNO8O02]; PRIVATE SELECTION - PS 8' NOSING COLOR #5 - [ENPSNO8O05]; PRIVATE SELECTION - PS 8' REDUCER COLOR #5 - [ENPSRE8O05]; PRIVATE SELECTION - PS 8' REDUCER COLOR #1 - [ENPSRE8O01]; PRIVATE SELECTION - PS 8' BABY TRESHOLD COLOR #1 - [ENPSBT8O01]; PRIVATE SELECTION - PS 8' REDUCER COLOR #2 - [ENPSRE8O02]; PRIVATE SELECTION - PS 8' BABY TRESHOLD COLOR #4 - [ENPSBT8O04],12
PYINKADO,"NATURAL - 3/4 X 4-3/4 X 72"" PYINKADO - [MIQ434PY]",1
Q NESTED,3/8 X 1-1/2 R&Q RED OAK NESTED - [RT112QRSNB],1
RIFT QTR,"3/8 x 2"" RIFT/QTR WHITE OAK - [RT2QOS]; *3/4 X 2-1/4"" RIFT/QTR RED OAK - [RQ214QRSSP]",2
RIFT W O,"ARB CREEK - 1/2 x 1 1/2"" RIFT W/O - [RH112ROS]",1
RND GREY,GREY CHERRY - PARADISE VALLEY QTR RND GREY - [LAPVQRC01],1
RND NEON,NEON OAK - PARADISE VALLEY QTR RND NEON - [LAPVQRO01],1
ROSEWOOD,"NOUVELLE - *EURO OAK 5/8 X 7.5"" ROSEWOOD - [GFNVO7505]",1
RUSTIQUE,"12.3MM 6-1/2"" RUSTIQUE - [LALXRH08]",1
S C COLL,CHERRY - LAMINATE 12MM S.R.C. COLL. - [LAETSRCCH143],1
S CHOICE,HANDSET - CONTRACTOR'S CHOICE - [GCKEYSET16],1
S E 2.25,CONTRACTOR'S CHOICE - 5/8 X 2-1/4 PREMIUM W/O S.E - [GFCOO214PS],1
S E 3.25,CONTRACTOR'S CHOICE - 5/8 X 3 1/4 PREMIUM W/O S.E - [GFCOO314PS],1
S S BASE,MDF - NONSTOCK - 1/2 X 6 S3S BASE - [MOBBMD743MUL6],1
SANDCITY,5/8 X 7-1/2 SANDCITY - [OAFOGO7],1
SANTOS M,"3/4 X 2-1/4 REDUCER - SANTOS M - [MORE34S]; 9/16 x 3 1/2 NOSING - SANTOS M - [MONO916S]; LOW SHEEN - EXOTIC 7' BABY T-HOLD SANTOS M - [GCEXBT7S38]; SANTOS MAHOGANY - EXOTIC 8' BABY T-HOLD SANTOS M - [GCEXBT8S38]; LOW SHEEN - EXOTIC 1/2"" 7' NOSING SANTOS M - [GCEXNO7S38]; SANTOS MAHOGANY - EXOTIC 1/2"" 8' NOSING SANTOS M - [GCEXNO8S38]; HIGH SHEEN - EXOTIC 1/2"" 7' NOSING SANTOS M - [GCEXNO7S38HS]; HIGH SHEEN - EXOTIC 7' BABY T-HOLD SANTOS M - [GCEXBT7S38HS]; EXOTIC 1/2"" 6' NOSING SANTOS M - [GCEXNO6S38]",9
SAPELE N,LOW SHEEN - EXOTIC 7' BABY T-HOLD SAPELE N - [GCEXBT7SA38]; SAPELE NATURAL - EXOTIC 8' BABY T-HOLD SAPELE N - [GCEXBT8SA38]; HIGH SHEEN - EXOTIC 7' BABY T-HOLD SAPELE N - [GCEXBT7SA38HS],3
SE RL EM,3/4 X 5 1ST MAPLE SE RL EM - [RQ5FMS],1
SEA FOAM,"NOSING SEA FOAM - [GCLANO007]; T-MOULDING SEA FOAM - [GCLATM007]; REDUCER SEA FOAM - [GCLARE007]; END CAP SEA FOAM - [GCLAEC007]; QUARTER ROUND SEA FOAM - [GCLAQR007]; FLUSH NOSING SEA FOAM - [GCLAFNOLA007]; REGISTERED DISTRESSED - *12MM 6.5"" SEA FOAM - [GLAWRH02]; TREAD SEA FOAM - [GCLATR007]",8
SEL EDGE,3/4 x 3 W/O SEL SQUARE EDGE - [RQ3SOS]; *INDIANA* - 3/4 x 5 W/O SEL SQUARE EDGE - [RQ5SOS]; *NOT INDIANA* - 3/4 x 5 W/O SEL SQUARE EDGE - [RQ5SOSD],3
SELECT O,"ARB CREEK - 1/2 x 1 1/2"" SELECT R/O - [RH112SRS]; 3/8 x 1-1/2"" SELECT R/O BF - [RT112SRS]; 3/8 x 2 SELECT R/O - [RT2SRS]; 5/16 x 2"" SELECT R/O - [RFS2SRS]; 5/16 x 3"" SELECT R/O - [RFS3SRS]; 5/16 x 4"" SELECT R/O - [RFS4SRS]; 5/16 x 5"" SELECT R/O - [RFS5SRS]; 5/16 x 6"" SELECT R/O - [RFS6SRS]; 5/16 x 7"" SELECT R/O - [RFS7SRS]; 5/16 x 8"" SELECT R/O - [RFS8SRS]",10
SET APEX,WATERFALL ORIGINAL - SAMPLE SET - APEX - [GCSASET53],1
SET GOLD,WATERFALL - SAMPLE SET - GOLD LABEL - [GCSETGL-2828],1
SET PLUS,SAMPLE SET - GARRISON PLUS - [GCSAMPLES17]; WATERFALL ORIGINAL - SAMPLE SET - GARRISON PLUS - [GCSASET09],2
SHOE ASH,1/2 x 3/4 BASE SHOE - ASH - [MOBS12A],1
SHOE W O,3/8 x 3/4 BASE SHOE - W/O - [MOBS38O]; 5/8 x 13/16 BASE SHOE - W/O - [MOBS58O],2
SHORTS O,"1/2"" X 2"" S/B SHORTS R/O - [RH2SRSHOS]",1
SIDE CAP,C.SIDE 8' BABY-T WHITE CAP - [GCCSBT8O08],1
SIERRA 5,"GII DISTRESSED - HICKORY 5"" SIERRA DISTRESSED - [GNIIH502]",1
SILK 9.5,"GOLD LABEL - OAK 9.5"" SILK - [GFGLR9504]",1
SKY ALPS,WATERFALL ORIGINAL - PANNEL- SUMMIT SKY PLANK ALPS - [GCSBSS501-2228]; WATERFALL ORIGINAL - PANEL- SUMMIT SKY HB ALPS - [GCSBSSPH501-2228]; WATERFALL ORIGINAL - PANEL- SUMMIT SKY HB ALPS - [GCSBSSPH501-2424]; WATERFALL ORIGINAL - PANNEL- SUMMIT SKY PLANK ALPS - [GCSBSS501-2424],4
SKY HERR,WATERFALL ORIGINAL - SAMPLE SET - SUMMIT SKY HERR. - [GCSASET55]; WATERFALL ORIGINAL - SAMPLE SET - SUMMIT SKY HERR. - [GCSASET57],2
SL COCOA,SL 7' BABY THRESHOLD COCOA - [GCSLBT7B124]; BIRCH - SL 8' BABY THRESHOLD COCOA - [GCSLBT8B124]; BIRCH - SL 7' T-MOULD COCOA - [GCSLTM7B124]; BIRCH - SL 8' T-MOULD COCOA - [GCSLTM8B124]; BIRCH - SL 7' REDUCER COCOA - [GCSLRE7B124]; BIRCH - SL 8' REDUCER COCOA - [GCSLRE8B124]; BIRCH - SL 7' NOSING COCOA - [GCSLNO7B124]; BIRCH - SL 8' NOSING COCOA - [GCSLNO8B124],8
SL SMOKE,BIRCH - SL 7' BABY THRESHOLD SMOKE - [GCSLBT7B21]; BIRCH - SL 8' BABY THRESHOLD SMOKE - [GCSLBT8B21]; BIRCH - SL 7' T-MOULD SMOKE - [GCSLTM7B21]; BIRCH - SL 8' T-MOULD SMOKE - [GCSLTM8B21]; BIRCH - SL 7' REDUCER SMOKE - [GCSLRE7B21]; BIRCH - SL 8' REDUCER SMOKE - [GCSLRE8B21]; BIRCH - SL 7' NOSING SMOKE - [GCSLNO7B21]; BIRCH - SL 8' NOSING SMOKE - [GCSLNO8B21],8
SM NAT P,"GII SMOOTH - MAPLE CHAR. 5"" SM. NAT 2P - [GNSSM5382P]",1
SMOKEY O,SMOKEY OAK - LAMINATE DIST. 12.3MM SMOKEY O - [LAREHXM66],1
SNOWDROP,"AQUASHIELD AC5 - 12MM 9.37"" X 60"" SNOWDROP - [LAMCAS3115]",1
SPRAY OZ,TERM-OUT SPRAY 13OZ - [TS32784],1
SS SYRUP,MAPLE SMOOTH - SS 7' NOSING SYRUP - [GCSSNO7M77]; MAPLE SMOOTH - SS 8' NOSING SYRUP - [GCSSNO8M77],2
SS WHEAT,MAPLE SMOOTH - SS 7' T-MOULD WHEAT - [GCSSTM7M54]; MAPLE SMOOTH - SS 7' NOSING WHEAT - [GCSSNO7M54]; MAPLE SMOOTH - SS 8' NOSING WHEAT - [GCSSNO8M54]; MAPLE WHEAT - SS 8' T-MOULD WHEAT - [GCSSTM8W54],4
STANDARD,NATURAL - 3/4 X 2-1/4 STANDARD MAPLE - [CWQ214SMN]; NATURAL - 3/4 X 5 HICKORY STANDARD - [CWS1201F],2
STAR UNF,"OSHKOSH NORTH STAR UNF. 36"" - [OK319U]",1
STARDUST,"VINYLNOVA - 6.5MM 9"" X 60"" - STARDUST - [GVVN911]; VINYLNOVA - T-MOULDING - STARDUST - [GVVNTM911]; VINYLNOVA - REDUCER - STARDUST - [GVVNRE911]",3
STERLING,"AQUASHIELD AC4 - 12MM 9.37"" X 60"" STERLING - [LAMCAS3207]",1
SUMATERA,RUBY - 9/16 X 5 ENG. SUMATERA - [LEHEVEA],1
SUMIDERO,"CANYON CREST - EURO OAK 10-1/4"" SUMIDERO - [GFCYO1012]",1
SUNSTONE,W COUNTRY - MAPLE SOLID 3-1/4 SUNSTONE - [GQWCM314108],1
TI DOVER,WHITE OAK - TI2 7' BABY THRESHOLD DOVER - [GCTI2BT7O140]; WHITE OAK - TI2 8' BABY THRESHOLD DOVER - [GCTI2BT8O140]; WHITE OAK - TI2 7' T-MOULD DOVER - [GCTI2TM7O140]; WHITE OAK - TI2 8' T-MOULD DOVER - [GCTI2TM8O140]; WHITE OAK - TI2 7' REDUCER DOVER - [GCTI2RE7O140]; WHITE OAK - TI2 8' REDUCER DOVER - [GCTI2RE8O140]; WHITE OAK - TI2 7' NOSING DOVER - [GCTI2NO7O140]; WHITE OAK - TI2 8' NOSING DOVER - [GCTI2NO8O140],8
TI UNFIN,TI2 NOSING UNFIN. DIST. OAK - [GCNO7H00TI2],1
TOFFEE M,"CRYSTAL V - W/O ENG 3-1/4"" TOFFEE 2.4M - [GHCVO314178]; CRYSTAL V - W/O ENG 5"" TOFFEE 2.4M - [GHCVO5178]",2
TOULOUSE,"FRENCH CON - 9/16"" REDUCER TOULOUSE - [GCREFON121]; FRENCH CONNECTION - EURO OAK 5/8 X 7"" TOULOUSE - [GFFCOB7121]",2
TRAMONTO,"ALLORA PUROLEGNO - 9MM X 7"" X 1500MM TRAMONTO - [GCPLO707]",1
TREAD CH,WHITE CHERRY - PARADISE VALLEY TREAD WHITE CH - [LAPVTRC02],1
TREAD RO,"PRECUT RED OAK - 1""X11-3/4"" LAM. TREAD-RO 42"" - [MOTRRPC42]; PRECUT RED OAK - 1""X11-3/4"" LAM. TREAD-RO 48"" - [MOTRRPC448]; PRECUT RED OAK - 1""X11-3/4"" LAM. TREAD-RO 54"" - [MOTRRPC54]; PRECUT RED OAK - 1""X11-3/4"" LAM. TREAD-RO 48"" - [MOTRRPC48]",4
TREAD WO,"PRECUT WHITE OAK - 1""X11-3/4"" LAM. TREAD-WO 42"" - [MOTROPC42]; PRECUT WHITE OAK - 1""X11-3/4"" LAM. TREAD-WO 48"" - [MOTROPC48]; PRECUT WHITE OAK - 1""X11-3/4"" LAM. TREAD-WO 54"" - [MOTROPC54]",3
TREEBARK,PRESTIGE/APPALACHIAN - 3/4 X 3.25 RED OAK TREEBARK - [PFAPR31403],1
TWILIGHT,"VINYLNOVA - 6.5MM 9"" X 60"" - TWILIGHT - [GVVN912]; VINYLNOVA - 6.5MM 5"" X 25"" - HB TWILIGHT - [GVVN504]; VINYLNOVA - T-MOULDING - TWILIGHT - [GVVNTM912]; VINYLNOVA - REDUCER - TWILIGHT - [GVVNRE912]",4
UNF E AB,"SQUARE EDGE - EURO OAK 9.5"" UNF.SQUARE-E AB - [ENFO9500SS-22]",1
UNFIN LL,WIRED BRUSH SQUARE EDGE - EURO OAK 3/4 X 7 UNFIN.LL - [GQFCOB700WBLL]; WIRED BRUSH SQUARE EDGE - EURO OAK 3/4 X 7 UNFIN.LL - [GQFCOB700WBLL2P],2
UNFIN WB,"EUROPEAN OAK - *9/16 X 7-1/2"" UNFIN. WB - [EOEWO72WB]; EUROPEAN OAK - *9/16 X 7-1/2"" UNFIN. WB - [EOEWO72WB2P]",2
UNFINISH,"DISTRESSED - 1/2"" NOSING WHITE OAK UNFINISH - [GCNO7OH00]; SMOOTH SQ EDGE - EURO OAK 3/4 X 8 5/8 UNFINISH - [GQFCOB900]; WIRED BRUSH SQ EDGE - EURO OAK 3/4 X 8 5/8 UNFINISH - [GQFCOB900WB]; SMOOTH MICRO BEVEL - EURO OAK 3/4 X 8 5/8 UNFINISH - [GQFCOB900S]; WIRED BRUSH S.E FUMED - EURO OAK 3/4 X 8 5/8 UNFINISH - [GQFCOB900WBFMD]",5
V GOLDEN,"C.V 1/2"" 8' NOSING GOLDEN OAK - [GCCVNO8OH45]; C.V 9/16"" 8' NOSING GOLDEN OAK - [GCCVNO8ON45]",2
V GROOVE,NAT. OAK - LAMINATE 12.3MM V GROOVE - [LAXM29]; ANTQ. OAK - LAMINATE DIST. 12.3MM V GROOVE - [LAXM32]; LAMINATE 12.3MM V GROOVE - [LAVG1052],3
VAL GOLD,"ACACIA DISTRESSED - CRY.VAL 7' T-MOULD GOLD - [GCCVSTM7A147]; ACACIA DISTRESSED - CRY.VAL 8' T-MOULD GOLD - [GCCVSTM8A147]; ACACIA DISTRESSED - CRY.VAL 3/4"" 7' REDUCER GOLD - [GCCVSRE7A147]; ACACIA DISTRESSED - CRY.VAL 3/4"" 8' REDUCER GOLD - [GCCVSRE8A147]; ACACIA DISTRESSED - CRY.VAL 3/4"" 7' NOSING GOLD - [GCCVSNO7A147]; ACACIA DISTRESSED - CRY.VAL 3/4"" 8' NOSING GOLD - [GCCVSNO8A147]; ACACIA DISTRESSED - CRY.VAL 3/4"" 4' NOSING GOLD - [GCCVSNO4A147]; ACACIA DISTRESSED - CRY.VAL 3/4"" 4' REDUCER GOLD - [GCCVSRE4A147]; ACACIA DISTRESSED - CRY.VAL 4' T-MOULD GOLD - [GCCVSTM4A147]",9
VAL GREY,WHITE OAK - CRY.VAL REDUCER GREY WHITE - [GCREOQ165],1
VAL HUGO,"MAPLE DISTRESSED - CRY.VAL 7' T-MOULD HUGO - [GCCVSTM7M03]; MAPLE DISTRESSED - CRY.VAL 8' T-MOULD HUGO - [GCCVSTM8M03]; MAPLE DISTRESSED - CRY.VAL 3/4"" 7' REDUCER HUGO - [GCCVSRE7M03]; MAPLE DISTRESSED - CRY.VAL 3/4"" 8' REDUCER HUGO - [GCCVSRE8M03]; MAPLE DISTRESSED - CRY.VAL 3/4"" 7' NOSING HUGO - [GCCVSNO7M03]; MAPLE DISTRESSED - CRY.VAL 3/4"" 8' NOSING HUGO - [GCCVSNO8M03]",6
VAL O NA,"NATURAL - CRY.VAL 3/4"" 7' REDUCER R/O NA - [GCCVSRE7R38]; NATURAL - CRY.VAL 3/4"" 8' REDUCER R/O NA - [GCCVSRE8R38]; RED OAK - CRY.VAL 1/2"" 7' REDUCER R/O NA - [GCCVRE7RH38]; RED OAK - CRY.VAL 1/2"" 8' REDUCER R/O NA - [GCCVRE8RH38]",4
VAL WINE,CRY.VAL T-MOULD RED WINE - [GCTM7OF73],1
VENTASSO,"ALLORA - EURO OAK 7.5"" VENTASSO - [GFALO7507]; ALLORA BY GARRISON - EURO OAK 7.5"" VENTASSO - [GFALO7507]; ALLORA BY GARRISON - AL 92"" SQUARE NOSING VENTASSO - [GCALSNO7O07]; ALLORA BY GARRISON - AL 92"" REDUCER VENTASSO - [GCALRE7O07]; ALLORA - AL 8' T-MOULD VENTASSO - [GCALTMO8O07]; ALLORA - AL 8' BABY TRESHOLD VENTASSO - [GCALBTO8O07]; ALLORA - AL 8' NOSING VENTASSO - [GCALNOO8O07]; ALLORA BY GARRISON - AL 8' REDUCER VENTASSO - [GCALRE8O07]",8
VERT NAT,"UNFINISHED - 5/8 X  3-5/8 X 72"" VERT NAT. - [BA723VUN]",1
VG MONZA,OAK - VG 8' BABY THRESHOLD MONZA - [GCVGBT8O11]; OAK - VG 8' NOSING MONZA - [GCVGNO8O11]; OAK - VG 8' REDUCER MONZA - [GCVGRE8O11]; OAK - VG 8' T-MOULD MONZA - [GCVGTM8O11],4
VINCI II,WATERFALL ORIGINAL - SAMPLE SET - DA VINCI II - [GCSASET46],1
VISTA WB,5/8 X 7-1/2 OAK VISTA WB - [OAFOGO1],1
VIVIANNA,"DU BOIS - EURO OAK 5/8 X 7.5"" VIVIANNA - [GFDBO7197]; DU BOIS - SAMPLE PANEL - VIVIANNA - [GCSADBO7197]",2
W KEMPAS,NATURAL - M.W 9/16 X 4-3/4 KEMPAS - [MWTLECH87]; NATURAL - M.W T-MOULD KEMPAS - [MWTMKEN]; NATURAL - M.W BABY TRESHOLD KEMPAS - [MWBTKEN]; NATURAL - M.W 9/16 X 5 KEMPAS MAPLE - [MWTLEYB0050],4
W O EDGE,3/4 x 4 W/O SQUARE EDGE - [RQ4SOS]; *INDIANA* - 3/4 x 6 W/O SQUARE EDGE - [RQ6SOS]; *INDIANA* - 3/4 x 7 W/O SQUARE EDGE - [RQ7SOS]; MUST QUOTE - *3/4 x 8 W/O SQUARE EDGE - [RQ8SOS],4
W O GREY,"WIRED - 3/4"" NOSING W/O WHITE GREY 7' - [GCNOOQ1002]",1
W O WINE,"CRYSTAL VALLEY - *W/O SOLID DIST. 5"" RED WINE - [GQCVDO573]",1
W SANTOS,NATURAL - M.W 9/16 X 4-3/4 DIST. SANTOS - [MWTLEY0301],1
W TAHITI,NATURAL - M.W 7/16 X 3-1/4 TAHITI - [MWTLEJX0013],1
WAL ANTQ,WIRE RACK - PANEL - GII D. WAL.ANTQ. - [GCSBIIW523-1724]; WIRE RACK - PANEL - GII D. WAL.ANTQ. <N/L> - [GCSBIIW523-1724PL],2
WALNUT E,NYTAE PICASSO WALNUT E-MOULD - [NT401SCEM],1
WALNUT G,1/2 x 7 MAPLE SPECIAL WALNUT G - [GCGAM744],1
WB GRADE,"EUROPEAN OAK - 9/16 X 7.5"" EURO WB CHAR.GRADE - [EOEWO72WBC]",1
WENGE LL,SPECIAL ORDER WENGE LL - [LQSOWE],1
WESTWOOD,"AQUASHIELD AC5 - 12MM 9.37"" X 60"" WESTWOOD - [LAMCAS3112]",1
WHITECAP,"CLIFFSIDE BY GARRISON - EURO OAK 7.5"" WHITECAP - [GFCSO7508]; CLIFFSIDE BY GARRISON - EURO OAK 7.5"" WHITECAP - [GFCSO75008]",2
WILD CHE,CHERRY - GII 7' BABY THRESHOLD WILD CHE - [GCIIBT7C33]; CHERRY - GII 8' BABY THRESHOLD WILD CHE - [GCIIBT8C33],2
WINTER W,HICKORY - WINTER WHITE - *COMP.BUSTER REDUCER WINTER W. - [GCRE7HT180]; HICKORY - WINTER WHITE - *COMP. BUSTER T-MOULD WINTER W - [GCTM7HF180],2
YOSEMITE,"AQUABLUE 7 BY GARRISON - 8MM 7"" X 72"" - YOSEMITE OAK - [GVWPC111]; AQUA BLUE BY GARRISON - T-MOULDING - YOSEMITE OAK - [GVWPCTM111]; AQUA BLUE BY GARRISON - REDUCER - YOSEMITE OAK - [GVWPCRE111]",3
5 CAFFE,LEGENDS - 5X24 HERRINGBONE CAFFE (L) - [GFLEPH501-L]; LEGENDS - 5X24 HERRINGBONE CAFFE (R) - [GFLEPH501-R],2
5 LATTE,"GII DISTRESSED - MAPLE 5"" LATTE DISTRESSED - [GNIIM5171]",1
5 O NAT,"CRYSTAL VALLEY - W/O NAT. ENG 5"" 2MM - [GHCVO538]; CRYSTAL VALLEY - R/O NAT. ENG 5"" 2MM - [GHCVR538]",2
5 O S E,CONTRACTOR'S CHOICE - 5/8 X 5 PREMIUM W/O S.E - [GFCOO5PS],1
5 SALEM,"CAROLINA CLASSIC - HICKORY 5"" SALEM - [GHCCH590]",1
5 SPICE,COMPETITION BUSTER - 3/8 X 5 DIST BIRCH SPICE - [ETCBB5145],1
5 SYRUP,"GII DISTRESSED - MAPLE 5"" SYRUP DISTRESSED - [GNIIM577]; GII SMOOTH - MAPLE 5"" SMOOTH SYRUP - [GNSSM577]",2
5 WHEAT,"GII DISTRESSED - MAPLE 5"" WHEAT DISTRESSED - [GNIIM554]; GII SMOOTH - MAPLE 5"" SMOOTH WHEAT - [GNSSM554]",2
7 O S E,CONTRACTOR'S CHOICE - 5/8 X 7 PREMIUM W/O S.E - [GFCOO7PS],1
ACA BAY,WALNUT - CANTINA 7' BABY T-HOLD ACA.BAY - [GCCABT7W301]; WALNUT - CANTINA 8' BABY T-HOLD ACA.BAY - [GCCABT8W301],2
ACA NAT,WIRE RACK - PANEL - EXO. ACA. NAT. - [GCSBEXA538-1724],1
ANACAPA,"AQUABLUE 7 BY GARRISON - 8MM 7"" X 72"" - ANACAPA OAK - [GVWPC100]; AQUA BLUE BY GARRISON - T-MOULDING - ANACAPA OAK - [GVWPCTM100]; AQUA BLUE BY GARRISON - REDUCER - ANACAPA OAK - [GVWPCRE100]",3
ANTIQUE,"COMPETITION BUSTER - 3/8 X 5 DIST HICKORY ANTIQUE - [ETCBH523]; WALNUT - 9/16"" REDUCER 8' ANTIQUE - [GCREWN23]; WALNUT - 1/2"" BASESHOE ANTIQUE - [GCBSWH23]; WALNUT - SAMPLE - SMOOTH 5"" ANTIQUE - [GNSS5WSB23]; WHITE OAK - 1/2"" BASESHOE ANTIQUE OAK - [GCBSOH75]; BASESHOE HICKORY ANTIQUE - [GCBSHH23]; QUIET PATH  BEVEL - 5MM X 7"" X 48"" ANTIQUE OAK - [GVQP703]; QUIET PATH  2 - 5MM X 7"" X 48"" ANTIQUE OAK 2 - [GVQP2703]",8
AOK M B,NATURAL - 3/4 X 5 S/B WHITE AOK M.B - [AMQ5SONM],1
ASTORIA,"METROPOLITAN SPC - 6.5MM X 7"" X 60"" - ASTORIA - [GVMP701]; METROPOLITAN - T-MOULDING - ASTORIA - [GVMPTM701]; METROPOLITAN - REDUCER - ASTORIA - [GVMPRE701]; CENTENNIAL AC4 - 12MM 12"" X 88"" ASTORIA - [LAMCCT3301]",4
AURELIA,"SANTERRA AC5 - 14MM 9.3"" X 72"" AURELIA - [LAMCMCST2310]",1
AVIGNON,LAMINATE - GARRISON NOSING AVIGNON - [GCLANO001]; LAMINATE - GARRISON REDUCER AVIGNON - [GCLARE001],2
B CHERY,"5/8 x 2 1/2,OG BASE, B. CHERY - [MOOG582B]",1
B GRADE,"EUROPEAN OAK - 9/16X7-1/2"" EURO WB A.B GRADE - [EOEWO72WBA]",1
B PECAN,NATURAL - 3/4 X 3 S/B HICKORY PECAN - [AMQ3SHN],1
B TIGER,MAHOGANY - ELEGANCE REDUCER B. TIGER - [YHREFA0028],1
BALLARD,"SANTA BARBARA - BIRCH 6.5"" BALLARD - [ENSBTB6501]",1
BASE WO,"3/8 x 2 3/8,OG BASE,WO - [MOOG382O]",1
BERMUDA,"DISTRESSED - 12.3MM 6-1/2"" BERMUDA - [LALXHS09]",1
BIG SKY,"HANDSET - BIG SKY - [GCKEYSET29]; SAMPLE SET - BIG SKY - [GCSAMPLES21]; WATERFALL ORIGINAL - SAMPLE SET - BIG SKY (O/SET) - [GCSASET05]; WATERFALL ORIGINAL - SAMPLE SET - BIG SKY 7"" - [GCSASET21]; WATERFALL ORIGINAL - SAMPLE SET - BIG SKY 4"" 6"" 8"" - [GCSASET22]; MUSTANG - SAMPLE - BIG SKY HICKORY - [EHBS7SBM160]",6
BLK WAL,"ACACIA DISTRESSED - CRY.VAL 3/4"" 7' NOSING BLK WAL - [GCCVSNO7A16]; ACACIA DISTRESSED - CRY.VAL 3/4"" 8' NOSING BLK WAL - [GCCVSNO8A16]; ACACIA - EXOTIC 1/2"" 7' REDUCER BLK.WAL - [GCEXRE7A16]; ACACIA - EXOTIC 1/2"" 8' REDUCER BLK WAL - [GCEXRE8A16]; ACACIA DISTRESSED - CRY.VAL 3/4"" 4' NOSING BLK WAL - [GCCVSNO4A16]; ACACIA - EXOTIC 1/2"" 4' REDUCER BLK.WAL - [GCEXRE4A16]",6
BNDL FT,"RANDOM - 1/2 x 2"" #1 W/O  BNDL. FT - [RH21OSSP]; RANDOM - 1/2 x 2"" #1 R/O BNDL FT. - [RH21RSSP]",2
BOHEMIA,"CANTINA BY GARRISON - MAPLE 7.5"" BOHEMIA - [GHCAM75202]",1
BRAZ CH,"11-3/4""  TREAD - BRAZ. CH - [MOTRB]; SEDONA - 5/8"" BABY TRESHOLD 8' BRAZ/CH - [GCBTBF42]; NATURAL - 9/16"" NOSING 8' BRAZ/CH SMOOTH - [GCNOBSN38]",3
BRESCIA,"LEGENDS - EURO OAK 9.5"" BRESCIA - [GFLEO9501]; VILLA GIALLA - EURO OAK 9-1/2"" BRESCIA - [GFVGO902]",2
BRZ CHR,"LOW SHEEN - EXOTIC 1/2"" 7' REDUCER BRZ/CHR - [GCEXRE7B38]; BRAZILIAN CHERRY - EXOTIC 1/2"" 8' REDUCER BRZ/CHR - [GCEXRE8B38]; HIGH SHEEN - EXOTIC 1/2"" 7' REDUCER BRZ/CHR - [GCEXRE7B38HS]; LOW SHEEN - EXOTIC 1/2"" 6' REDUCER BRZ/CHR - [GCEXRE6B38]; LOW SHEEN - EXOTIC 1/2"" 4' REDUCER BRZ/CHR - [GCEXRE4B38]",5
BTR NAT,NATURAL - 9/16 X 5 SEL/BTR RED OAK NAT. - [OMN5SRN],1
BTR S E,5/8 X 5 SEL/BTR MAPLE S.E. - [AM585SMSU],1
BTR W O,NATURAL - 3/4 X 3-1/4 #1 & BTR W/O - [PFQO131438],1
BUILDER,"P.WHEAT - 3/4 x 2 1/4"" BUILDER - [CE214PWB]",1
C B UNF,C.B NOSING 8' BIRCH UNF.DIST. - [GCNO8BIT00]; DISTRESSED - C.B NOSING UNF.HICKORY 8' - [GCNO8HT00],2
C BEECH,LAMINATE STAIR NOSING C BEECH - [LAMLSNL12CVCB]; LAMINATE STAIR NOSING C BEECH - [LASNCW619],2
C C UNF,C.C NOSING UNF.DIST MAPLE 8' - [GCNO8MH00CC],1
C PARIA,WATERFALL - PANEL - CNYN.C. PARIA - [GCSBCY1008-2828]; WATERFALL - PANEL - CNYN.C. PARIA <N/L> - [GCSBCY1008-2828PL],2
C SALEM,WIRE RACK - PANEL - CAROLINA C. SALEM - [GCSBCCH590-1724],1
C TITUS,WATERFALL - PANEL - CNYN.C. TITUS - [GCSBCY1011-2828],1
C V OMP,"26"" X 28"" - SAMPLE SET - C.V. 3.25"" *OMP* - [GCSETCV314-2628]; 25"" X 28"" - SAMPLE SET - C.V. 5"" *OMP* - [GCSETCV5-2528]",2
CABO RE,HICKORY - CANTINA 7' BABY T-HOLD CABO RE - [GCCABT7H101]; HICKORY - CANTINA 8' BABY T-HOLD CABO RE - [GCCABT8H101],2
CAFFE 5,LEGENDS - 5X24 HERRINGBONE CAFFE (L) - [GFLEPH501-L]; LEGENDS - 5X24 HERRINGBONE CAFFE (R) - [GFLEPH501-R],2
CAFFE N,5X24 HERR.BONE CAFFE (L) N.OIL - [GFLEPH501O-L]; 5X24 HERR.BONE CAFFE (R) N.OIL - [GFLEPH501O-R]; LEGENDS - 5X24 HERR.BONE CAFFE (L) N.OIL - [GFLEPH501O-L]; LEGENDS - 5X24 HERR.BONE CAFFE (R) N.OIL - [GFLEPH501O-R],4
CAMBRIA,"DELUXE - *HICKORY 5/8 X 6"" CAMBRIA - [GFDXH656]; HICKORY - 1/2"" BASESHOE CAMBRIA - [GCBSHH56]",2
CANTINA,CANTINA 8' SQUARE NOSING - [GCCASNO],1
CAP ASH,ELEMENTS - END CAP - ASH - [GVSPCEC903],1
CAP FOX,MEGACLIC END CAP FOX - [LAMCECAS3216],1
CAP LEO,ZODIAC WSPC - END CAP - LEO - [GVZOEC7505],1
CARAMEL,"CARAMEL - 1/2"" MAPLE NOSING CARAMEL - [COWMM161]",1
CARRERA,"DISTRESSED - 9/16"" NOSING CARRERA - [GCNO7WN63]; WALNUT - 1/2"" BASESHOE CARRERA - [GCBSWH63]; DAVINCI - EURO OAK 7.5"" CARRERA - [GNDVO702]",3
CASCINA,"DAVINCI - EURO OAK 7.5"" CASCINA - [GNDVO703]; DAVINCI - EURO OAK 7.5"" CASCINA - [GNDVO703VD]",2
CASINGN,MDF - NONSTOCK - 5/8 X 2-1/4 356 CASINGN - [MOBBMD152MUL],1
CATANIA,"VILLA GIALLA - EURO OAK 9-1/2"" CATANIA - [GFVGO903]",1
CAVALLO,"DAVINCI - EURO OAK 7.5"" CAVALLO - [GNDVO704]",1
CELLINI,"DAVINCI - EURO OAK 7.5"" CELLINI - [GNDVO705]",1
CHABLIS,"VINEYARD - EURO OAK 8-5/8"" CHABLIS - [GNVYO902]; VINEYARD - EURO OAK 9.5"" CHABLIS - [GNVYO9502]",2
CHANDON,"FRENCH CONNECTION - EURO OAK 5/8 X 7"" CHANDON - [GFFCOB7122]",1
CHANTAL,"LEGENDS - EURO OAK 7.5"" CHANTAL - [GFLEO7504]; DU BOIS - EURO OAK 5/8 X 7.5"" CHANTAL - [GFDBO7184]",2
CHATEAU,"GII DISTRESSED - HICKORY 5"" CHATEAU DISTRESSED - [GNIIH551]; GII SMOOTH - HICKORY 5"" SMOOTH CHATEAU - [GNSSH551]; GII DIST - HICKORY 5"" CHATEAU DISTRESSED - [GNIIH551]; H. PECAN - SAMPLE - SMOOTH 5"" CHATEAU - [GNSS5HSB51]; CHATEAU - 1/2"" BASESHOE HICKORY CHATEAU - [GCBSHH51]; DISTRESSED - 1/2"" REDUCER HICKORY CHATEAU - [GCRE7HH51]",6
CHELSEA,"METROPOLITAN SPC - 6.5MM X 9"" X 60"" - CHELSEA - [GVMP901]; METROPOLITAN - T-MOULDING - CHELSEA - [GVMPTM901]; METROPOLITAN - REDUCER - CHELSEA - [GVMPRE901]",3
CHEVRON,"23.62"" LEGHT - EURO OAK 5"" CHEVRON #504 - [ENNO504]; 23.62"" LENGHT - EURO OAK 5"" CHEVRON #505 - [ENNO505]",2
CHIANTI,"VINEYARD - EURO OAK 8-5/8"" CHIANTI - [GNVYO903]",1
CLASSIC,"CRYSTAL - 12.3MM 5"" CLASSIC MAPLE - [LALXCS03]",1
CLEMSON,"CAROLINA CLASSIC - OAK 5"" CLEMSON - [GHCCO597]",1
COLETTE,"DU BOIS - EURO OAK 5/8 X 7.5"" COLETTE - [GFDBO7185]",1
COLOR G,1/2 x 3 RED OAK CUSTOM COLOR G - [GCGAR399]; 1/2 x 5 RED OAK CUSTOM COLOR G - [GCGAR599]; 1/2 x 7 RED OAK CUSTOM COLOR G - [GCGAR799],3
CONN II,SAMPLE SET - FRENCH CONN. II - [GCSAMPLES15],1
CORNERS,MDF CORNER - NONSTOCK - 1/2 X 3-1/4 #356 CORNERS - [MOCOMD100]; MDF CORNER - 3/8 X 3-1/2 711 CORNERS - [MOCOMD200]; MDF - 3/8 X 2-1/2 #711 CORNERS - [MOCOMD300]; MDF CORNER - NONSTOCK - 9/16 X 4-1/2 175 CORNERS - [MOCOMD430]; MDF CORNER - NONSTOCK - 9/16 X 6 #175 CORNERS - [MOCOMD460]; MDF CORNER - 9/16 X 3-1/4 #623 CORNERS - [MOCOMD314MUL3W]; MDF CORNER - 9/16 X 5 1/4 #618 CORNERS - [MOCOMD314MBB5W]; MDF CORNER - NONSTOCK - 9/16 X 6 #175 CORNERS - [MOCOMD342MULW]; MDF CORNER - 9/16 X 4-1/4 #620 CORNERS - [MOCOMD314MUL4W]; MDF CORNER - NONSTOCK - 3/8 X 3-1/2 #711 CORNERS - [MOCOMD311MULW]; MDF CORNER - NONSTOCK - 9/16 X 5-1/4 #618 CORNERS - [MOCOMD315MBB5W]; MDF CORNER - 9/16 X 5-1/4 #618 CORNERS - [MOCOMD314MUL5W]; MDF CORNER - NONSTOCK - 9/16 X 7-1/4 #618 CORNERS - [MOCOMD314MUL7W],13
CORSICA,LAMINATE - *GARRISON NOSING CORSICA - [GCLANO011]; LAMINATE - *GARRISON REDUCER CORSICA - [GCLARE011],2
COSTA D,HICKORY - CANTINA 7' BABY T-HOLD COSTA D - [GCCABT7H102]; HICKORY - CANTINA 8' BABY T-HOLD COSTA D - [GCCABT8H102],2
COUNTRY,"NATURAL - 1/2 X 3-1/4 COUNTRY MAPLE - [UW12314CMN]; NATURAL - 9/16 X 3-1/4 COUNTRY MAPLE - [CWF314PMN]; NATURAL - 3/4 X 5 COUNTRY MAPLE - [CWQ5CMN]; VINTAGE - 3/4 X 3-1/4 COUNTRY MAPLE - [CWQ314CMV]; GOLDEN OAK - COUNTRY WOOD NOSING OAK - [CWNOOGO]; HERITAGE - 9/16 X 5"" COUNTRY MAPLE DIST. - [CWFR0201F]; GOLDEN OAK - COUNTRY WOOD REDUCER OAK - [CWREOGO]; VINTAGE SMOOTH - 3/4 X 4 7/8 COUNTRY MAPLE - [CWQSO221F]; AUBURN - 3/4 X 5 DIST. MAPLE COUNTRY - [CWQC3208F]; NATURAL - 3/4 X 3-1/4 COUNTRY MAPLE - [CWQSO207F]; NATURAL - 3/4 X 3-1/2 COUNTRY MAPLE - [CWQSO223F]; VINTAGE - 3/4 X 3-1/2 COUNTRY MAPLE - [CWQ312CMV]; SADDLE - 3/4 X 3-1/2 COUNTRY WHITE OAK - [CWQ312COS]; HERITAGE SMOOTH - 3/4 X 4 7/8 COUNTRY MAPLE - [CWQSO237F]; GOLDEN - 3/4 X 5 COUNTRY WHITE OAK - [CWS0125F]; NATURAL - 3/4 X 4-7/8 COUNTRY WHITE OAK - [CWS0159F]; GOLDEN - 3/4 X 3-1/2 COUNTRY WHITE OAK - [CWS0147F]; NATURAL - 3/4 X 3-1/2 COUNTRY WHITE OAK - [CWS0144F]; YELLOW STONE - EURO OAK - 3/4 X 5 COUNTRY WHITE OAK - [CWR0108F]; NATURAL - 3/4 X 4 7/8 COUNTRY MAPLE - [CW0245F]; TREE ROCK - 3/4 X 5 HICKORY COUNTRY - [CWS1206F]",21
CRIMSON,"AQUASHIELD AC5 - 12MM 9.37"" X 60"" CRIMSON - [LAMCAS3101]",1
CVA NAT,MAPLE - CVA 8' BABY T-HOLD MAPLE NAT. - [GCCVBT8M38USA],1
DEL MAR,"NEWPORT - EURO OAK 7.5"" DEL MAR (1/2"") - [GHNPO201]; NEWPORT BY GARRISON - EURO OAK 7.5"" DEL MAR (1/2"") - [GHNPO201]; OAK - NEWPORT 7' BABY T-HOLD DEL MAR - [GCNPBT7O201]; OAK - NEWPORT 8' BABY T-HOLD DEL MAR - [GCNPBT8O201]; OAK - NEWPORT 7' T-MOULD DEL MAR - [GCNPTM7O201]; OAK - NEWPORT 8' T-MOULD DEL MAR - [GCNPTM8O201]; OAK - NEWPORT 7' REDUCER DEL MAR - [GCNPRE7O201]; OAK - NEWPORT 8' REDUCER DEL MAR - [GCNPRE8O201]; OAK - NEWPORT 7' NOSING DEL MAR - [GCNPNO7O201]; OAK - NEWPORT 8' NOSING DEL MAR - [GCNPNO8O201]; NEWPORT BASESHOE DEL MAR - [GCNPBSOH201]; NEWPORT BY GARRISON - EURO OAK 7.5"" DEL MAR (9/16"") - [GNNPO201]; WATERFALL - PANEL - NEWPORT DEL MAR - [GCSBN201-2228]; WATERFALL - PANEL - NEWPORT DEL MAR - [GCSBNP201-2228]; NP 8' SQ.NOSING DEL MAR - [GCNPSNO8O201]",15
DON USE,DON'T USE - [GCTMWF02]; DON'T USE - [GCSBIIM5CH]; DON'T USE - [GCSBIIM5EX]; DON'T USE - [GNSS5SBM54],4
DU BOIS,HANDSET - DU BOIS - [GCKEYSET41]; WATERFALL ORIGINAL - SAMPLE SET - DU BOIS <OB> - [GCSASET23]; WATERFALL - SAMPLE SET - DU BOIS - [GCSETDB-2228]; WATERFALL - SAMPLE SET - DU BOIS <N/L> - [GCSETDB-2228PL]; DU BOIS 8' SQUARE NOSING - [GCDBSNO],5
E BEVEL,CON.CHOICE - *5/8X5 CHARACTER W/O S.E BEVEL - [GFCOO5CB],1
ECLIPSE,"VINYLNOVA - 6.5MM 9"" X 60"" - ECLIPSE - [GVVN905]; VINYLNOVA - T-MOULDING - ECLIPSE - [GVVNTM905]; VINYLNOVA - REDUCER - ECLIPSE - [GVVNRE905]",3
ELM RUM,1/2 X 5 ELM RUM SMOOTH - [EHSE511]; DISTRESSED - 1/2 X 5 ELM RUM DISTRESSED - [EHDE511],2
END CAP,AM.HICKORY - LAMINATE END-CAP SMOOTH - [AWLMECAH]; TEAK - LAMINATE END-CAP SMOOTH - [AWLMECT]; CYPRESS - LAMINATE END-CAP SMOOTH - [AWLMECCY]; SAPELE - LAMINATE END-CAP SMOOTH - [AWLMECS]; BRAZ/CHERR - LAMINATE END-CAP - [AWLMECBC]; SAN.MAHOGA - LAMINATE END-CAP - [AWLMECSM]; DK.WALNUT - LAMINATE END-CAP - [AWLMECDW]; NATURAL - LAMINATE END-CAP MAPLE - [AWLMECMN]; GOLDEN OAK - COUNTRY WOOD END CAP OAK - [CWBTOGO]; HORIZ/CARB - CW BAMBOO B.T-HOLD/END CAP 6' - [CWBTBHC]; LAMINATE END CAP RED OAK - [LALXECCS06]; BORDEAUX - LAMINATE END CAP - [LAET1013EC]; WHITE CHERRY - PARADISE VALLEY END CAP WHITE - [LAPVECC02]; OAK - PARADISE VALLEY END CAP OAK - [LAPVECO701],14
EVELIEN,"DU BOIS - EURO OAK 5/8 X 7.5"" EVELIEN - [GFDBO7193]",1
EX GOLD,ACACIA - EX. 7' BABY TRESHOLD GOLD - [GCEXBT7A147]; ACACIA - EX. 4' BABY TRESHOLD GOLD - [GCEXBT4A147],2
F STRIP,"3/4 X 3/4 BRAZ. CHERRY F-STRIP - [MOFS3434B]; 1/2"" X 1 1/2"" WALNUT F. STRIP - [MOFSWH112]",2
FARWELL,"CANYON CREST - EURO OAK 10-1/4"" FARWELL - [GFCYO1001]",1
FAS S E,"3/4"" X 3"" FAS WHITE OAK S.E. L - [L343FOS]",1
FC LAVA,OAK - FC 7' BABY THRESHOLD LAVA - [GCFCBT7O169]; OAK - FC 8' BABY THRESHOLD LAVA - [GCFCBT8O169]; OAK - FC 7' T-MOULD LAVA - [GCFCTM7O169]; OAK - FC 8' T-MOULD LAVA - [GCFCTM8O169]; OAK - FC 7' REDUCER LAVA - [GCFCRE7O169]; OAK - FC 8' REDUCER LAVA - [GCFCRE8O169]; OAK - FC 7' NOSING LAVA - [GCFCNO7O169]; OAK - FC 8' NOSING LAVA - [GCFCNO8O169],8
FC LYON,OAK - FC 7' BABY THRESHOLD LYON - [GCFCBT7O123]; OAK - FC 8' BABY THRESHOLD LYON - [GCFCBT8O123]; OAK - FC 7' T-MOULD LYON - [GCFCTM7O123]; OAK - FC 8' T-MOULD LYON - [GCFCTM8O123]; OAK - FC 7' REDUCER LYON - [GCFCRE7O123]; OAK - FC 8' REDUCER LYON - [GCFCRE8O123]; OAK - FC 7' NOSING LYON - [GCFCNO7O123]; OAK - FC 8' NOSING LYON - [GCFCNO8O123],8
FCI OLD,"FRENCH OAK - SAMPLE - FCI 7"" OLD WHITE - [GFFCSBI7O118]",1
FE BASE,MDF - NONSTOCK - 9/16 X 4-1/2 SANTA FE BASE - [MOBBMD316MUL]; MDF - NONSTOCK - 9/16 X 5-1/4 SANTA FE BASE - [MOBBMD338BMUL]; MDF - NONSTOCK - 9/16 X 5-1/4 SANTA FE BASE - [MOBBMD338MUL]; MDF - NONSTOCK - 9/16 X 3-7/16 SANTA FE BASE - [MOBBMD338MUL3],4
FREMONT,"CANYON CREST - EURO OAK 10-1/4"" FREMONT - [GFCYO1003]",1
G LINEN,G.L BABY T-HOLD LINEN - [GCGLBT8R03],1
G LOTUS,G.L BABY T-HOLD WHITE LOTUS - [GCGLBT8R06],1
G SUEDE,G.L BABY T-HOLD SUEDE - [GCGLBT8R05],1
G SYRUP,"GIII DIST - *G3 MAPLE 5"" SYRUP - [GHIIIM577]; 1/2"" - SAMPLE - G3 MAPLE SYRUP - [GHIII5SBM77]",2
G WHEAT,"GIII DIST - *G3 MAPLE 5"" WHEAT - [GHIIIM554]; 1/2"" - SAMPLE - G3 MAPLE WHEAT - [GHIII5SBM54]",2
GALANTE,W COUNTRY - MAPLE SOLID 3-1/4 GALANTE - [GQWCM314110],1
GC NIME,LAMINATE - SAMPLE - GC NIME - [GCLASB003],1
GENESEE,"CANYON CREST - EURO OAK 10-1/4"" GENESEE - [GFCYO1004]",1
GII OMP,"25"" X 28"" - SAMPLE SET - GII DIST. *OMP* - [GCSETII-2528]; 25"" X 28"" - SAMPLE SET - GII SMOOTH *OMP* - [GCSETSS-2528]",2
GII UNF,GII NOSING UNF.DIST HICKORY 8' - [GCNO8HN00],1
GLACIER,NATURESTEP SPC - 6.5MM X 8.66 X 59.5 GLACIER - [GVNS802]; NATURESTEP - T-MOULDING - GLACIER - [GVNSTM802]; NATURESTEP - REDUCER - GLACIER - [GVNSRE802],3
GLIMMER,"ILLUMIN8 - 12MM 7.72"" X 48"" GLIMMER - [GLIL806]",1
GOLD OF,WATERFALL - SAMPLE SET - GOLD LABEL 1 OF 2 - [GCSETGL-2828-1]; WATERFALL - SAMPLE SET - GOLD LABEL 2 OF 2 - [GCSETGL-2828-2],2
GREY CH,GREY CHERRY - PARADISE VALLEY TREAD GREY CH - [LAPVTRC01]; GREY CHERRY - PANEL-PARADISE VALLEY GREY CH - [GCSBPVC01-1924],2
H CANON,B.H BABY T-HOLD CANON - [GCBHBT8O02],1
H PECAN,NATURAL - OASIS 9/16 2 REDUCER H.PECAN - [OARENHA],1
HANDSET,"HANDSET - - [GCKEYSET31]; HANDSET - GARRISON - [GCKEYSET96]; HANDSET - EURO OAK 9.5"" - [GCKEYSET300]; HANDSET - EURO OAK 7.5"" - [GCKEYSET301]",4
HARVEST,"COMPETITION BUSTER - 3/8 X 5 DIST BIRCH HARVEST - [ETCBB517]; GII DIST - MAPLE 5"" HARVEST - [GNIIM517]; GII SMOOTH - *MAPLE 5"" SMOOTH HARVEST - [GNSSM517]; MAPLE - SAMPLE - SMOOTH 5"" HARVEST - [GNSS5MSB17]; MAPLE - 1/2"" BASESHOE HARVEST - [GCBSMH17]; SMOOTH - SMOOTH NOSING MAPLE HARVEST - [GCNO7MSN17]; BIRCH - 5/8"" BABY TRESHOLD 7' HARVEST - [GCBT7BF17]",7
HAVA RU,WALNUT - CANTINA 7' BABY T-HOLD HAVA.RU - [GCCABT7W302]; WALNUT - CANTINA 8' BABY T-HOLD HAVA.RU - [GCCABT8W302],2
HOR NAT,"BAMBOO REDUCER HOR/NAT 72"" - [UWRE58BHN]",1
ILLUMIN,HEADER DESIGN  12 SLTS - ILLUMIN8 WHITE WATERFALL - [GCRACK18],1
IPE M B,NATURAL - 3/4 X 5 IPE M.B - [PFQ5IM],1
JAMAICA,"DISTRESSED - 12.3MM 6-1/2"" JAMAICA - [LALXHS11]",1
JUPITER,"VINYLNOVA - 6.5MM 9"" X 60"" - JUPITER - [GVVN907]; VINYLNOVA - T-MOULDING - JUPITER - [GVVNTM907]; VINYLNOVA - REDUCER - JUPITER - [GVVNRE907]",3
LA BELL,LEGENDS BABY T-HOLD 8' LA BELL - [GCLEBT8O9502],1
LA JOLL,OAK - NEWPORT 7' BABY T-HOLD LA JOLL - [GCNPBT7O202]; OAK - NEWPORT 8' BABY T-HOLD LA JOLL - [GCNPBT8O202],2
LAPACHO,"SOLID EXOTICS - 3/4 X 5"" LAPACHO - [PFQCLA538]",1
LATTE 5,"GII DISTRESSED - MAPLE 5"" LATTE DISTRESSED - [GNIIM5171]",1
LIVORNO,"VILLA GIALLA - EURO OAK 9-1/2"" LIVORNO - [GFVGO905]",1
M W CAN,NATURAL - M.W 9/16 X 4-3/4 CAN.MAPLE - [MWTLECH86]; NATURAL - M.W NOSING CAN.MAPLE - [MWNONCMN],2
MADISON,"METROPOLITAN SPC - 6.5MM X 7"" X 60"" - MADISON - [GVMP703]; METROPOLITAN - T-MOULDING - MADISON - [GVMPTM703]; METROPOLITAN - REDUCER - MADISON - [GVMPRE703]",3
MAP NAT,"MAPLE - CRY.VAL 3/4"" 7' NOSING MAP NAT - [GCCVSNO7M38]; MAPLE - CRY.VAL 3/4"" 8' NOSING MAP NAT - [GCCVSNO8M38]; WIRE RACK - PANEL - GII SMOOTH MAP.NAT. - [GCSBSSM538-1724]",3
MARSALA,"VILLA GIALLA - EURO OAK 9-1/2"" MARSALA - [GFVGO906]",1
MERCURY,"ELEMENTS SPC - 6.5MM X 7"" X 60"" - MERCURY - [GVSPC704]; ELEMENTS - REDUCER - MERCURY - [GVSPCRE704]; ELEMENTS - T-MOULDING - MERCURY - [GVSPCTM704]",3
MILE WB,5/8 X 7-1/2  17-MILE WB - [OAFOGO2],1
MOCHA M,"CRYSTAL V - W/O ENG 3-1/4"" MOCHA 2.4M - [GHCVO31436]",1
MONTAGE,COUNTRY - SAMPLE - MONTAGE MAPLE DIST. - [GNMOD6SBM71]; CROWN - SAMPLE - MONTAGE MAPLE DIST. - [GNMOD6SBM72]; RED WINE - SAMPLE - MONTAGE MAPLE DIST. - [GNMOD6SBM73],3
MUSTANG,"BIG SKY - *1/2 X 7 HICKORY MUSTANG DIST - [EHBSH7170]; HICKORY - 1/2"" BASESHOE MUSTANG - [GCBSHH170]",2
MYKONOS,"GREEK ISLES - EURO OAK 9.5"" MYKONOS (M) - [GFGIO95003]; GREEK ISLES - EURO OAK 9.5"" MYKONOS (L) - [GFGIO9503]",2
NAT CAR,TIGER - GARRISON BAMBOO STRAND NAT/CAR - [GFBA72SNC],1
NAT HOR,"BAMBOO NOSING NAT/HOR - [UWNO58BHN]; BAMBOO T-MOULD NAT/HOR 72"" - [UWTM58BHN]; BAMBOO NOSING NAT/HOR. - [BANO58BHN]; NATURAL - BAMBOO WALL BASE NAT/HOR. - [BAWBBHN]",4
NAT OMP,"25"" X 28"" - PANEL - EXO. ACA. NAT. *OMP* - [GCSBEXA538-2528]; 30"" X 28"" - PANEL - CLIFF. WAL.NAT. *OMP* - [GCSBCSW7501-3028]",2
NAT UNF,UNFINISHED - BAMBOO NOSING HORZT. NAT UNF. - [BANO58HNU]; UNFINISHED - BAMBOO NOSING VERT. NAT UNF. - [BANO58VNU],2
NATURAL,"CRYSTAL VALLEY USA - MAPLE NATURAL 5"" 3MM - [GHCVM538USA]; CRYSTAL VALLEY USA - WHITE OAK NATURAL 3-1/4"" 3MM - [GHCVO31438USA-33]; CRYSTAL VALLEY USA - WHITE OAK NATURAL 5"" 3MM - [GHCVO538USA]; CRYSTAL VALLEY USA - RED OAK NATURAL 3-1/4"" 3MM - [GHCVR31438USA-33]; CRYSTAL VALLEY USA - RED OAK NATURAL 5"" 3MM - [GHCVR538USA]; GII DISTRESSED - HICKORY 5"" NATURAL DISTRESSED - [GNIIH538]; GII SMOOTH - HICKORY 5"" SMOOTH NATURAL - [GNSSH538]; CHERRY - 1/2"" BASESHOE NATURAL - [GCBSCH38]; WALNUT - 1/2"" BASESHOE NATURAL - [GCBSWH38]; TIME INSPR - HICKORY 5"" NATURAL - [GCTIH538]; 1/2"" NOSING MAPLE NATURAL 78"" - [UWNO12MN]; 1/2"" REDUCER MAPLE NATURAL 78"" - [UWRE12MN]; HICKORY - 1/2"" BASESHOE NATURAL - [GCBSHH38]; WALNUT - 9/16"" REDUCER 8' NATURAL - [GCREWN38]; WALNUT - SAMPLE - SMOOTH 5"" NATURAL - [GNSS5WSB38]; NATURAL - WHITE OAK 5"" SMOOTH NATURAL - [GNSSO538]; GII DIST - MAPLE CHARACTER 5"" NATURAL - [GNIIM538]; 9/16 X 3 1/2 MAPLE NATURAL - [TM916312MN]; NATURAL - 3/4 X 3-1/4 WHITE OAK NATURAL - [PFQ314SO38]; W COUNTRY - MAPLE SOLID 3-1/4 NATURAL - [GQWCM31438]; B. CHERRY - SAMPLE - SMOOTH 5"" NATURAL - [GNSS5BSB38]; G PLUS - HICKORY 5"" NATURAL - [GNPLH538]; IND.WALNUT - 9/16X4 7/8 NATURAL DISTRESSED - [ENLGZYG1ACAO]; FRENCH CONNECTION - EURO OAK 5/8 X 7"" NATURAL - [GFFCOB738]; MAPLE - 1/2"" BASESHOE MAPLE NATURAL - [GCBSMH38]; SIBERIAN - 3/4 X 3-1/4 CHAR MAPLE NATURAL - [PFQ314CM38]; 1/2"" NOSING MAPLE NATURAL - [GCNOMH38]; 9/16"" NOSING MAPLE NATURAL - [GCNOMN38]; 3/4"" REDUCER WHITE OAK NATURAL - [GCREOQ38]; SMOOTH - 3/8 X 3 3/4 SMOOTH OAK NATURAL - [ETSO33400]; DISTRESSED - 9/16"" NOSING WHITE OAK NATURAL - [GCNO7ON38]; 1/2"" NOSING MAPLE NATURAL - [GCNO7MH38]; 3/4 X 3-1/4 MAPLE NATURAL - [PFQ314M38]; 3/4 X 3-1/2 MAPLE NATURAL - [PFQ312M38]; 3/4 X 3-1/2 CHAR.MAPLE NATURAL - [PFQ312CM38]; NATURAL - 3/8 X 5 MAPLE SMOOTH NATURAL - [PETSM538]; GII DIST - HICKORY 5"" NATURAL DISTRESSED - [GNIIH538]; CRYSTAL V - MAPLE SOLID 3 1/4"" NATURAL - [GQCVM31438]; EUROPEAN OAK - 3/4 X 5"" NATURAL - [EOSWO05NA34]; EUROPEAN OAK - 3/4 X 3-1/2"" NATURAL - [EOSWO32NA34]; CRYSTAL - 12.3MM 5"" MAPLE NATURAL - [LALXCS08]; CRYSTAL VALLEY - MAPLE ENG 5"" WHITE NATURAL 4MM - [GNCVM538W]; PRESTIGE/APPALACHIAN - 3/4 X 2.25 RED OAK NATURAL - [PFAPR21401]; PRESTIGE/APPALACHIAN - 3/4 X 2.25 WHITE OAK NATURAL - [PFAPO21401]; PRESTIGE/APPALACHIAN - 3/4 X 3.25 RED OAK NATURAL - [PFAPR31401]; PRESTIGE/APPALACHIAN - 3/4 X 3.25 WHITE OAK NATURAL - [PFAPO31401]; PRESTIGE/APPALACHIAN - 3/4 X 3.25 MAPLE NATURAL - [PFAPM31401]",47
NIAGARA,"AQUABLUE II BY GARRISON - 12MM 9"" X 72"" - NIAGARA OAK - [GVWPCII108]; AQUA BLUE II BY GARRISON - REDUCER - NIAGARA OAK - [GVWPCIIRE108]; AQUA BLUE II BY GARRISON - T-MOULDING - NIAGARA OAK - [GVWPCIITM108]",3
NO GRAY,GREY CHERRY - PARADISE VALLEY FLUSH NO.GRAY - [LAPVFNOC01],1
NO NEON,NEON OAK - PARADISE VALLEY FLUSH NO.NEON - [LAPVFNOO01],1
NOT MDF,SPEC.ORDER MOULDING EA NOT MDF - [MOSOEA],1
NOT USE,DO NOT USE - [GCGNO500]; DO NOT USE - [GCNOWH02]; DO NOT USE - [GCNOWH06]; DO NOT USE - [GCREMN00]; DO NOT USE - [GCTMBF00]; DO NOT USE - [GCTMOF00]; DO NOT USE - [GCTMWF06]; DO NOT USE - [L343FHS]; DO NOT USE - [L343ROS]; DO NOT USE - [L3431RM]; DO NOT USE - [L3431WM]; DO NOT USE - [L34314FOM]; DO NOT USE - [L3441HM]; DO NOT USE - [L3441RM]; DO NOT USE - [L3441WM]; DO NOT USE - [L345FHS]; DO NOT USE - [L345FOM]; DO NOT USE - [L345FOS]; DO NOT USE - [L345FWS]; DO NOT USE - [L3451HM]; DO NOT USE - [L3451RM]; DO NOT USE - [L3451WB]; DO NOT USE - [L346FRM]; DO NOT USE - [L3461HM]; DO NOT USE - [L3461RM]; DO NOT USE - [L3461WB]; DO NOT USE - [L3461WM]; DO NOT USE - [L3471HM]; DO NOT USE - [L3471HS]; DO NOT USE - [L3471WB]; DO NOT USE - [L3481HS]; DO NOT USE - [MOTHO9163]; DO NOT USE - [OA9163H E]; DO NOT USE - [UWTRBHC]; DO NOT USE - [UWTRBHN]; DO NOT USE - [UWTRBVC]; DO NOT USE - [UWTRBVN]; NATURAL - DO NOT USE - [UW12314SBN]; DO NOT USE - [UW34314BOH]; DO NOT USE - [GCSBIIM5HA]; DO NOT USE - [GCSBIIM5WH]; DO NOT USE - [GCSBIIO5AU]; DO NOT USE - [GCSBIIW5AN]; DO NOT USE - [GCSBIIW5SA]; DO NOT USE - [GNII5WSB23]; DO NOT USE - [OA9163HP]; DO NOT USE - [GQGA3H99]; DO NOT USE - [GQGA5H99]; DO NOT USE - [GQGA7H99]; DO NOT USE - [GQUD5O00]; DO NOT USE - [YHDS0024]; DO NOT USE - [LQSOCUMARU]; CARBONIZED - DO NOT USE - [HABA36HC]; NATURAL - DO NOT USE - [HABA36HN]; NATURAL - DO NOT USE - [HABA36VN]; CARBONIZED - DO NOT USE - [HABA36VC]; DO NOT USE - [HATRBHC]; DO NOT USE - [HATRBHN]; DO NOT USE - [HATRBVN]; DO NOT USE - [HATRBVC]; CARBONIZED - DO NOT USE - [HANOBHC]; NATURAL - DO NOT USE - [HANOBHN]; NATURAL - DO NOT USE - [HANOBVN]; CARBONIZED - DO NOT USE - [HANOBVC]; CARBONIZED - DO NOT USE - [HAREBHC]; DO NOT USE - [HABSBN]; DO NOT USE - [HABSBC]; NATURAL - DO NOT USE - [YHEW0020]; DO NOT USE - [RT112SWS]; DO NOT USE - [PAECP]; DO NOT USE - [MI34414NP]; DO NOT USE - [EF-CUSTOM]; DO NOT USE - [EF-CUSTOM-LF]; DO NOT USE - [GCNOWH32CS]; DO NOT USE - [LQSOWO]; DO NOT USE - [OAN5ODT]; CUSTOM - DO NOT USE - [GCNOWH99CS]; DO NOT USE - [HAQRBC]; DO NOT USE - [HAQRBN]; CARBONIZED - DO NOT USE - [HAQRBHC]; DO NOT USE - [GCREOF13]; DO NOT USE - [GFBA36H22]; COFFEE - DO NOT USE - [GFBA36H37]; DO NOT USE - [GCNOWNSS23]; CHARCOAL - DO NOT USE - [GFBA36H27]; NATURAL - DO NOT USE - [GNEXBC35838]; DO NOT USE - [HAQ323SBN]; NATURAL - DO NOT USE - [HAQRBVN]; CHARCOAL - DO NOT USE - [GFBABTH27]; DO NOT USE - [OMH3PMW]; DO NOT USE - [BATRVC]; DO NOT USE - [FFQ478SGW]; MOJAVE - DO NOT USE - [GQCVDCH5103]; SAHARA - DO NOT USE - [GQCVDCH5104]; GOBI - DO NOT USE - [GQCVDCH5105]; SONORA - DO NOT USE - [GQCVDCH5106]; YUMA - DO NOT USE - [GQCVDCH5107]; DO NOT USE - [BA36HCD]; MDF - DO NOT USE - [MOBBMD315MUL],99
NOY USE,DO NOY USE - [GCSBIIW5NA],1
NUTELLA,"BELLISSIMO - EURO OAK 7.5"" NUTELLA - [GHBEO75301]",1
O BEVEL,CON.CHOICE - *5/8X3 1/4 CHARACTER W/O BEVEL - [GFCOO314CB]; CON.CHOICE - *5/8 X 7 CHARACTER W/O BEVEL - [GFCOO7CB],2
O HONEY,"CRYSTAL VALLEY - W/O SOLID DIST. 5"" HONEY OAK - [GQCVDO553]; 3/4"" NOSING W/O HONEY OAK - [GCNOOSQ53]; 3/4"" REDUCER W/O HONEY OAK - [GCREOQ53]",3
O MOCHA,"CRYSTAL VALLEY - *W/O SOLID 2-1/4"" MOCHA - [GQCVO21436]; CRYSTAL VALLEY - *W/O SOLID 3-1/4"" MOCHA - [GQCVO31436]; CRYSTAL V - W/O ENG 5"" MOCHA - [GHCVO536]; WHITE OAK - CRY.VAL T-MOULD W/O MOCHA - [GCTM7OF36]",4
O NAT 5,"CRYSTAL VALLEY - W/O NAT. ENG 5"" 2MM - [GHCVO538]; CRYSTAL VALLEY - R/O NAT. ENG 5"" 2MM - [GHCVR538]",2
O NATUR,"CRY.VAL 9/16"" NOSING R/O NATUR - [GCNO7RSN38]",1
O RISER,3/4 x 7 1/4 W/O RISER - [MORIO],1
O S E 5,CONTRACTOR'S CHOICE - 5/8 X 5 PREMIUM W/O S.E - [GFCOO5PS],1
O S E 7,CONTRACTOR'S CHOICE - 5/8 X 7 PREMIUM W/O S.E - [GFCOO7PS],1
O TREAD,"1"" X 11-3/4"" SOLID R/O TREAD - [MOTRR]; 1"" X 11-1/2"" SOLID R/O TREAD - [MOTRR12]",2
OAM M B,UNFIN - 1/2 X 5 MILL RUN WHITE OAM M.B - [GCUNO500],1
OG BASE,"3/8 x 2 3/8,OG BASE,MAPLE - [MOOG382M]; 5/8 x 2-1/2,OG BASE,MAPLE - [MOOG582M]; 1/2 x 2-1/2 OG BASE MAPLE - [MOOG122M]",3
OLYMPIC,"GARRISON LAMINATE - 12MM 7.5"" X 70.8"" OLYMPIC - [GCLA7509]",1
ORDER O,RED OAK - SPEC.ORDER MOULDING R/O (EA) - [MOSOREA],1
OVERLAP,MAPLE - 3/4 X 3 OVERLAP REDUCER MAPLE - [MORE34OLM],1
P WHEAT,"C.V 1/2"" 7' NOSING W/O P.WHEAT - [GCCVNO7OH68]",1
PALAZZO,"DAVINCI - EURO OAK 8-5/8"" PALAZZO - [GNDVO801]; DAVINCI - EURO OAK 7.5"" PALAZZO - [GNDVO710]",2
PALMIER,"DIANA COLLECTION AC4 - 10MM 9.37"" X 60"" PALMIER - [LAMCDN8707]",1
PARQUET,GARRISON PARQUET HERRINGBONE - [GCPAHERRINGBONE],1
PASTAIO,"BELLISSIMO - MAPLE 7.5"" PASTAIO - [GHBEM75201]",1
PAT ROS,"LOW SHEEN - EXOTIC 1/2"" 7' REDUCER PAT ROS - [GCEXRE7PR38]; PATAGONIAN ROSEWOOD - EXOTIC 1/2"" 8' REDUCER PAT ROS - [GCEXRE8PR38]; HIGH SHEEN - EXOTIC 1/2"" 7' REDUCER PAT ROS - [GCEXRE7PR38HS]; LOW SHEEN - EXOTIC 1/2"" 6' REDUCER PAT ROS - [GCEXRE6PR38]",4
PEC S E,CON.CHOICE - 5/8 X 3-1/4 1ST HICK/PEC S.E - [GFCC3141HS]; CON.CHOICE - 5/8 X 3-1/4 2ND HICK/PEC S.E - [GFCC3142HS],2
PERUGIA,"VILLA GIALLA - EURO OAK 9-1/2"" PERUGIA - [GFVGO907]",1
PINE LL,SPECIAL ORDER YELLOW PINE LL - [LQSOYP],1
PR BASE,7/16 X 3-1/2 PR311A BASE - [MOBBPR311A],1
PRALINE,"COUNTRY CHARM GLUE DOWN - 3MM X 7"" X 48"" PRALINE - [GVCC711]",1
PREM SE,CON.CHOICE - 5/8 X 2 1/4 PREM. RED OAK SE - [GFCOR214PS]; CON.CHOICE - *5/8 X 2 1/4 PREM. HICKORY SE - [GFCOH214PS]; CON.CHOICE - *5/8 X 3 1/4 PREM. HICKORY SE - [GFCOH314PS],3
PREMIUM,CON.CHOICE - 5/8 X 5 PREMIUM HICKORY DIST. - [GFCODPH500],1
PRIME O,NATURAL - 3/4 X 3-1/4 PRIME R/O - [CWS0602F],1
PS DUNE,PS 8' NOSING DUNE - [GCPSNO8O03]; PS 8' T-MOULDING DUNE - [GCPSTM8O03]; PS 8' BABY TRESHOLD DUNE - [GCPSBT8O03]; PS 8' REDUCER DUNE - [GCPSRE8O03],4
PS GOBI,PS 8' NOSING GOBI - [GCPSNO8O06]; PS 8' T-MOULDING GOBI - [GCPSTM8O06]; PS 8' BABY TRESHOLD GOBI - [GCPSBT8O06]; PS 8' REDUCER GOBI - [GCPSRE8O06],4
PS MESA,PRIVATE SELECTION - PS 8' NOSING MESA - [GCPSNO8O02]; PS 8' T-MOULDING MESA - [GCPSTM8O02]; PS 8' BABY TRESHOLD MESA - [GCPSBT8O02]; PS 8' REDUCER MESA - [GCPSRE8O02],4
PURE OA,"URBANIA 78"" BABY-THOLD PURE OA - [URBTUC17101TH]",1
Q ROUND,NYTAE CHERRY ARETHA Q-ROUND - [NT3030CQR],1
QTR RND,WHITE CHERRY - PARADISE VALLEY QTR RND WHITE - [LAPVQRC02]; OAK - PARADISE VALLEY QTR RND OAK - [LAPVQRO701],2
QTR W O,"ARB CREEK - 1/2 x 1 1/2"" QTR W/O - [RH112QOS]; ARB CREEK - 1/2 x 2"" RIFT/QTR W/O - [RH2QOS]; 1/2 x 3 QTR W/O - [RH3QOS]; 3/4 X 3 1/4 RIFT/QTR W/O - [RQ314QOS]; 3/4 X 3 1/4 RIFT/QTR W/O - [RQ314QOSSP]; CON.CHOICE - *5/8 X 3 1/4 CHAR.RIFT/QTR W/O - [GFCOORQ314CS]",6
RACK SA,SATIN FINISH DISPLAY RACK & SA - [SARACK],1
RAINIER,"PEAKS GLUE DOWN - 2MM X 6"" X 48"" RAINIER - [GVPE602]",1
RALEIGH,"CAROLINA CLASSIC - MAPLE 5"" RALEIGH - [GHCCM594]",1
RE BASE,MDF - NONSTOCK - 1/2 X 5-1/2 UL RE BASE - [MOBBMD388MUL],1
RE FLEX,FLEX - NONSTOCK - 1/2 X 3-1/2 1RE FLEX - [MOBBFL387F3]; FLEX - NONSTOCK - 1/2 X 4-1/2 1RE FLEX - [MOBBFL387F4]; FLEX - NONSTOCK - 1/2 X 5-1/2 1RE FLEX - [MOBBFL387F5]; FLEX - NONSTOCK - 1/2 X 7-1/4 1RE FLEX - [MOBBFL387F7],4
RE STOP,MDF - NONSTOCK - 3/8 X 1 1/4 2RE STOP - [MOCAMD202MUL],1
REDWOOD,"GARRISON LAMINATE - 12MM 7.5"" X 70.8"" REDWOOD - [GCLA7510]",1
REEF NO,"17.5"" X 24"" - CANTINA CABO REEF *NO LABEL - [GCSBCAH751011724PL]",1
REGENCY,"COUNTRY CHARM GLUE DOWN - 3MM X 7"" X 48"" REGENCY - [GVCC712]",1
REXFORD,"BEVERLY HILLS - EURO OAK 9.5"" REXFORD - [GFBHO9504]",1
RIVADOR,"DIANA COLLECTION AC4 - 10MM 9.37"" X 60"" RIVADOR - [LAMCDN8711]",1
RIVIERA,"AQUASHIELD AC5 - 12MM 9.37"" X 60"" RIVIERA - [LAMCAS3110]",1
ROCKIES,"APEX SPC HERRINGBONE - 5.5MM X 5""X 24""-HB ROCKIES - [GVAP504]; APEX SPC - T-MOULDING - ROCKIES - [GVAPTM504]; APEX SPC - REDUCER - ROCKIES - [GVAPRE504]; APEX SPC - 5.5MM X 9"" X 60"" - ROCKIES - [GVAP904]; APEX SPC - 5.5MM X 7"" X 60"" - ROCKIES - [GVAP704]; APEX SPC HERRINGBONE - 6.5MM X 5""X 24""-HB ROCKIES - [GVAP6504]; APEX SPC - 6.5MM X 7"" X 60"" - ROCKIES - [GVAP6704]; SUMMIT SKY SPC HERRINGBON - 6.5MM X 5""X 24""-HB ROCKIES - [GVSS504]; SUMMIT SKY SPC PLANK - 6.5MM X 7"" X 60"" - ROCKIES - [GVSS704]; SUMMIT SKY SPC - REDUCER - ROCKIES - [GVSSRE504]; SUMMIT SKY SPC - T-MOULDING - ROCKIES - [GVSSTM504]",11
ROVENZA,"BELLAGIO - EURO OAK 7.5"" ROVENZA (M) - [GNBLO75006]; BELLAGIO - EURO OAK 7.5"" ROVENZA (L) - [GNBLO7506]; VINEYARD - EURO OAK 8-5/8"" ROVENZA - [GNVYO908]",3
ROXBURY,"BEVERLY HILLS - EURO OAK 9.5"" ROXBURY - [GFBHO9509]",1
RUN M B,UNFIN - 1/2 x 3 MILL RUN MAPLE M.B - [GCUNM300]; UNFIN - 1/2 x 5 MILL RUN MAPLE M.B - [GCUNM500]; UNFIN - 1/2 x 7 MILL RUN MAPLE M.B - [GCUNM700]; UNFIN - 1/2 x 3 MILL RUN WHITE OAK M.B - [GCUNO300]; UNFIN - 1/2 x 3 MILL RUN RED OAK M.B - [GCUNR300]; UNFIN - 1/2 x 5 MILL RUN RED OAK M.B - [GCUNR500],6
RUN S E,UNFIN - 1/2 X 5 MILL RUN WHITE OAK S.E - [GCUNO500SE]; UNFIN - 1/2 x 3 MILL RUN WHITE OAK S.E - [GCUNO300SE],2
S B M B,NATURAL - 5/8 X 2 S/B WHITE OAK M.B - [AM582SONM]; NATURAL - 5/8 X 2 1/4 S/B RED OAK M.B - [AMF214SRNM]; NATURAL - 3/4 X 4 S/B RED OAK M.B - [AMQ4SRNM]; NATURAL - 5/8 X 2 1/4 S/B WHITE OAK M.B - [AMF214SONM]; NATURAL - 3/4 X 3 S/B WHITE OAK M.B - [AMQ3SONM],5
S B S E,5/8 X 3 ENG S/B RED OAK S.E. - [AM583SRSU]; 5/8 X 2-1/4 S/B RED OAK S.E. - [AM58214SRU]; NATURAL - 5/8 X 2 1/4 S/B WHITE OAK S.E - [AMF214SONS]; 5/8 X 2-1/4 S/B WHITE OAK S.E - [AMF214SOS]; 5/8 X 2-1/4 S/B RED OAK S.E - [AMF214SRS],5
S B W O,PRAI.WHEAT - 3/4 X 2-1/4 S/B W/O - [UW34214SOP]; PRAI.WHEAT - 3/4 X 3-1/4 S/B W/O - [UW34314SOP],2
S BEACH,NEWPORT BY GARRISON - 5X24 HERRINGBONE S.BEACH (L) - [GNNPPHO5207-L]; NEWPORT BY GARRISON - 5X24 HERRINGBONE S.BEACH (R) - [GNNPPHO5207-R]; NEWPORT BY GARRISON - 5X24 HERRINGBONE S.BEACH (L) - [GHNPPHO5207-L]; NEWPORT BY GARRISON - 5X24 HERRINGBONE S.BEACH (R) - [GHNPPHO5207-R],4
S E PLY,CONTRACTORS CHOICE - 5/8 X 5 PREM. HICKORY S.E 2PLY - [GFCOH5PS2P],1
S MAHOG,NATURAL - SAMPLE - EXOTICS 3-5/8 S.MAHOG - [GNEX358SBSM38]; S MAHOGANY - LAMINATE 6 1/2 SMOOTH S. MAHOG - [AWLS612SM],2
SALEM 5,"CAROLINA CLASSIC - HICKORY 5"" SALEM - [GHCCH590]",1
SAN MAH,"SANTOS MAHOGANY - EXOTIC 1/2"" 8' REDUCER SAN MAH - [GCEXRE8S38]",1
SANDRIO,1/2 X 6.2 MAPLE SANDRIO - [AWDTB600],1
SANFORD,W COUNTRY - MAPLE SOLID 3-1/4 SANFORD - [GQWCM314116],1
SANGRIA,"CANTINA BY GARRISON - MAPLE 7.5"" SANGRIA - [GHCAM75207]",1
SCARLET,"CENTENNIAL AC4 - 12MM 12"" X 88"" SCARLET - [LAMCCT3306]",1
SCORPIO,"ZODIAC WSPC - EURO OAK - 8MM X 7.5"" X 74"" - SCORPIO - [GVZO7508]; ZODIAC WSPC - T-MOULDING - SCORPIO - [GVZOTM7508]; ZODIAC WSPC - REDUCER - SCORPIO - [GVZORE7508]; ZODIAC WSPC - SOLID REDUCER - SCORPIO - [GVZORES7508]",4
SCRAPED,"LIZIPPAN - 9/16 X 6"" OAK SCRAPED - [JFAMEE15204]",1
SEL BTR,"H&H - 3/4 x 2-1/4"" SEL/BTR WHITE OAK - [RQ214SOS]; 3/4 x 2-1/4 SEL/BTR WHITE OAK - [RQ214SOSSP]; 3/4 x 3-1/4 SEL/BTR WHITE OAK - [RQ314SOSSP]; H&H - 3/4 x 3 1/4"" SEL/BTR RED OAK - [RQ314SRS]; 3/4 x 3-1/4 SEL/BTR RED OAK - [RQ314SRSSP]; H&H - 3/4 x 3-1/4 SEL/BTR WHITE OAK - [RQ314SOS]; NATURAL - 3/4 X 5 RED OAK SEL/BTR - [CWQ5RPN]",7
SEL OMP,SAMPLE SET - PRIVATE SEL. *OMP - [GCSETPS-2528],1
SEL UNF,3/4 x 2-1/4 1ST/SEL.MAPLE UNF. - [RQ214FMS]; 3/4 X 3 1/4 1ST/SEL.MAPLE UNF. - [RQ314FMS],2
SEL W O,"NATURAL - HAWA 3/4 X 2-1/4 SEL W/O - [HAOAK01]; BUTTERSCOT - HAWA 3/4 X 2-1/4 SEL W/O - [HAOAK02]; GUNSTOCK - HAWA 3/4 X 2-1/4 SEL W/O - [HAOAK03]; NATURAL - HAWA 3/4 X 3-1/4 SEL W/O - [HAOAK11]; BUTTERSCOT - HAWA 3/4 X 3-1/4 SEL W/O - - [HAOAK12]; GUNSTOCK - HAWA 3/4 X 3-1/4 SEL W/O - - [HAOAK13]; NATURAL - OMP CALI 9/16 X 5 SEL W/O - [OMPN5SO38]; NATURAL - OMP CALI 9/16 X 3"" SEL W/O - [OMPN3SO38]",8
SEQUOIA,"GARRISON LAMINATE - 12MM 7.5"" X 70.8"" SEQUOIA - [GCLA7511]",1
SET C V,WATERFALL ORIGINAL - SAMPLE SET - C.V. ENG. <OB> - [GCSASET15]; WIRE RACK - SAMPLE SET - C.V. - [GCSETCV-1724]; WIRE RACK - SAMPLE SET - C.V. <N/L> - [GCSETCV-1724PL],3
SET EXO,"WATERFALL ORIGINAL - SAMPLE SET - EXO. 5"" <OB> - [GCSASET18]",1
SET GII,SAMPLE SET - GII SMOOTH - [GCSAMPLES03]; WATERFALL ORIGINAL - SAMPLE SET - GII DIST. <OB> - [GCSASET01]; WATERFALL ORIGINAL - SAMPLE SET - GII SMOOTH <OB> - [GCSASET02]; WIRE RACK - SAMPLE SET - GII DIST. - [GCSETII-1724]; WIRE RACK - SAMPLE SET - GII SMOOTH - [GCSETSS-1724]; WIRE RACK - SAMPLE SET - GII DIST. <N/L> - [GCSETII-1724PL]; WIRE RACK - SAMPLE SET - GII SMOOTH <N/L> - [GCSETSS-1724PL]; WIRE RACK - SAMPLE SET - GII SMOOTH 3/3 - [GCSETSS-1724B]; WIRE RACK - SAMPLE SET - GII DIST. 3/3 - [GCSETII-1724B],9
SET III,SAMPLE SET - GARRISON III - [GCSAMPLES10]; WATERFALL ORIGINAL - SAMPLE SET - GARRISON III - [GCSASET17],2
SHELL B,OAK - NEWPORT 7' BABY T-HOLD SHELL B - [GCNPBT7O207]; OAK - NEWPORT 8' BABY T-HOLD SHELL B - [GCNPBT8O207],2
SHOE NA,1/2 X 3/4 BAMBOO BASE SHOE  NA - [UWBSBVN],1
SIG W O,APPALACHIAN - SIG. W/O+HICKORY - [GCKEYSET901],1
SKY SPC,HANDSET - SUMMIT SKY SPC - [GCKEYSET69],1
SKY UNF,BIG SKY NOSING UNF.DIST MAPLE - [GCNO7MH00BS]; DISTRESSED - BIG SKY NOSING UNF.MAPLE 8' - [GCNO8MH00BS]; BIG SKY NOSING UNF.HICKORY 8' - [GCNO8HH00BS],3
SL ROAN,BIRCH - SL 7' BABY THRESHOLD ROAN - [GCSLBT7B125]; BIRCH - SL 8' BABY THRESHOLD ROAN - [GCSLBT8B125]; BIRCH - SL 7' T-MOULD ROAN - [GCSLTM7B125]; BIRCH - SL 8' T-MOULD ROAN - [GCSLTM8B125]; BIRCH - SL 7' REDUCER ROAN - [GCSLRE7B125]; BIRCH - SL 8' REDUCER ROAN - [GCSLRE8B125]; BIRCH - SL 7' NOSING ROAN - [GCSLNO7B125]; BIRCH - SL 8' NOSING ROAN - [GCSLNO8B125],8
SL ROSE,BIRCH - SL 8' NOSING ROSE - [GCSLNO8B6126],1
SOLVANG,"SANTA BARBARA - BIRCH 6.5"" SOLVANG - [ENSBTB6503]",1
SP COFF,HICKORY - CANTINA 7' BABY T-HOLD SP.COFF - [GCCABT7H103]; HICKORY - CANTINA 8' BABY T-HOLD SP.COFF - [GCCABT8H103],2
SPICE 5,COMPETITION BUSTER - 3/8 X 5 DIST BIRCH SPICE - [ETCBB5145],1
ST TROP,WATERFALL - PANEL - FR.CON. ST.TROP - [GCSBFC732-2828]; WATERFALL - PANEL - FR.CON. ST.TROP <N/L> - [GCSBFC732-2828PL],2
STETSON,"WALNUT - 5/8"" BABY THRESHOLD STETSON - [GCBT7WF152]; WALNUT - 5/8"" T-MOULD STETSON - [GCTM7WF152]; WALNUT - 1/2"" BASESHOE STETSON - [GCBSWF152]",3
STOP CA,MDF - NONSTOCK - 1/2 X 1 3/4 COLONIAL STOP CA - [MOCAMD210MUL],1
STOP RE,"PINE FJ - NONSTOCK - 3/8 X 1-1/4"" 2 ROUND STOP-2RE - [MOSTPR202FJ]",1
SUNRISE,"COUNTRY WOOD - 9/16 X 5 MAPLE SUNRISE - [CWR020SF]; CLIFFSIDE BY GARRISON - EURO OAK 7.5"" SUNRISE - [GFCSO7506]; CLIFFSIDE BY GARRISON - EURO OAK 7.5"" SUNRISE - [GFCSO7509]; CLIFFSIDE BY GARRISON - EURO OAK 7.5"" SUNRISE - [GFCSO75006]",4
SURVANA,"DOLCE CAPRI - EURO OAK 3/4 X 9.5"" SURVANA - [GQCHO95107]; DOLCE CAPRI - EURO OAK 5/8 X 9.5"" SURVANA - [GFDCO95107]",2
SYRUP 5,"GII DISTRESSED - MAPLE 5"" SYRUP DISTRESSED - [GNIIM577]; GII SMOOTH - MAPLE 5"" SMOOTH SYRUP - [GNSSM577]",2
SYRUP P,"GII SMOOTH - MAPLE 5"" SM. SYRUP 2P - [GNSSM5772P]",1
TANDARA,3/4 X 4-3/4 MAPLE TANDARA - [PQSTAN01],1
TARKETT,SUEDE - TARKETT 3/8 X 5 MAPLE - [HT0PF8538],1
TEAK LL,SPECIAL ORDER TEAK LL - [LQSOTE],1
THE SEA,5/8 X 7-1/2 VILLAGE BY THE SEA - [OAFOGO10],1
TI DUSK,"WALNUT - SAMPLE - TI 5"" DUSK - [GCTI5WSB01]",1
TOBACCO,"TOBACCO - *WHITE OAK 5"" TOBACCO - [GNIIO521]",1
TREAD O,"RED OAK - 1""X11-3/4""SQUARE TREAD - R/O - [MOTRRS]",1
TRIBECA,"METROPOLITAN SPC - 6.5MM X 9"" X 60"" - TRIBECA - [GVMP903]; METROPOLITAN - T-MOULDING - TRIBECA - [GVMPTM903]; METROPOLITAN - REDUCER - TRIBECA - [GVMPRE903]",3
TRUFFLE,"COMPETITION BUSTER - 3/8 X 5 DIST BIRCH TRUFFLE - [ETCBB5144]; 1/2"" BASESHOE TRUFFLE - [GCBSHBI144]",2
TRUSSEL,"NOUVELLE - *EURO OAK 5/8 X 7.5"" TRUSSEL - [GFNVO7506]",1
UL BASE,MDF - NONSTOCK - 3/8 X 2-1/2 UL 711 BASE - [MOBBMD300]; RED OAK - 7/16 X 2-1/2 UL 711 BASE - [MOBBRO300]; WHITE OAK - 7/16 X 2-1/2 UL 711 BASE - [MOBBWO300]; POPLAR - 7/16 X 2-1/2 UL 711 BASE - [MOBBPO300]; MAPLE - 7/16 X 2-1/2 UL 711 BASE MAPLE - [MOBBMA300]; RED OAK - 1/2 X 3-1/4 UL BASE - [MOBBRO100]; WHITE OAK - 1/2 X 3-1/4 UL BASE - [MOBBWO100]; POPLAR - 1/2 X 3-1/4 UL BASE - [MOBBPO100]; MAPLE - 1/2 X 3-1/4 UL BASE MAPLE - [MOBBMA100]; BRAZ/CHERR - 1/2 X 3-1/4 UL BASE - [MOBBBC100]; MDF - 9/16 X 3-1/4 UL #623 BASE - [MOBBMD314MUL-3]; MDF - NONSTOCK - 1/2 X 3-1/4 UL 356 BASE - [MOBBMD320],12
UNF B E,SMOOTH MICRO BEVEL - EURO OAK 3/4 X 11-1/4 UNF B.E - [GQFCOB1100S],1
UNF S E,EURO OAK 3/4 X 10 UNF. S.E - [GQFCOB1000]; SMOOTH - EURO OAK 3/4 X 11-1/4 UNF S.E - [GQFCOB1100],2
UNF W B,SQ EDGE WIRE BRUSH - EURO OAK 3/4 X 11-1/4 UNF W.B - [GQFCOB1100WB]; SQ EDGE WIRE BRUSH FUMED - EURO OAK 3/4 X 11-1/4 UNF W.B - [GQFCOB1100WBFMD],2
UNF W O,"WIRE BRUSHED - 5/8""NOSING 8'UNF.W/O - [GCNOO8F00]; WIRE BRUSHED - CHATEAU CAPRI UNF.NOSING 8'W/O - [GCNO8OQ00W]",2
UNF WAL,BIG SKY 7' NOSING UNF.DIST.WAL - [GCNO7WH00BS],1
UNFINIS,"DISTRESSED - 9/16"" NOSING WHITE OAK UNFINIS - [GCNO7ON00]",1
V AMBER,"C.V 1/2"" 8' NOSING AMBER MAPLE - [GCCVNO8MH38]",1
V NATUR,"C.V 1/2"" 7' NOSING MAPLE NATUR - [GCCVNO7MH38]",1
VAL AMY,"MAPLE DISTRESSED - CRY.VAL 7' T-MOULD AMY - [GCCVSTM7M01]; MAPLE DISTRESSED - CRY.VAL 8' T-MOULD AMY - [GCCVSTM8M01]; MAPLE DISTRESSED - CRY.VAL 3/4"" 7' REDUCER AMY - [GCCVSRE7M01]; MAPLE DISTRESSED - CRY.VAL 3/4"" 8' REDUCER AMY - [GCCVSRE8M01]; MAPLE DISTRESSED - CRY.VAL 3/4"" 7' NOSING AMY - [GCCVSNO7M01]; MAPLE DISTRESSED - CRY.VAL 3/4"" 8' NOSING AMY - [GCCVSNO8M01]",6
VAL ANT,"WHITE OAK - CRY. VAL 3/4"" REDUCER ANT. OAK - [GCREOQ75]; CRY.VAL 3/4"" NOSING ANT.OAK - [GCNO7OQ75]; CRY.VAL 3/4"" REDUCER ANT.OAK - [GCRE7OQ75]; WHITE OAK - C.VAL BABY TRESHOLD ANT.OAK - [GCBT7OF75]",4
VAL GOL,"WHITE OAK - CRY.VAL 7' BABY T-HOLD GOL OAK - [GCBTOF45]; WHITE OAK - CRY.VAL 1/2"" REDUCER GOL. OAK - [GCRE7OH45]; CRY.VAL 8' BABY T-HOLD GOL.OAK - [GCCVBT8O45]",3
VAL MAP,NATURAL - SAMPLE-CR VAL. 1/2 X 3-1/4 MAP - [GHCV314SBM38],1
VAL NAT,"CRY.VAL. 9/16 NOSING MAPLE NAT - [GCNO7MN38CV]; CRY.VAL 9/16"" NOSING MAPLE NAT - [GCNO7MSN38CV]",2
VAL W O,MTN. WHEAT - SAMPLE-CR VAL. 3/4 X 2-1/4 W/O - [GQCV214SBO40]; D. ROSE - SAMPLE-CR VAL. 3/4 X 2-1/4 W/O - [GQCV214SBO35]; NATURAL - SAMPLE-CR VAL. 3/4 X 2-1/4 W/O - [GQCV214SBO38]; NATURAL - SAMPLE-CR VAL. 3/4 X 3-1/4 W/O - [GQCV314SBO38]; NATURAL - SAMPLE-CR VAL. 1/2 X 3-1/4 W/O - [GHCV314SBO38]; GOLDEN OAK - SAMPLE-CR VAL. 1/2 X 3-1/4 W/O - [GHCV314SBO45]; GUNSTOCK - SAMPLE-CR VAL. 1/2 X 3-1/4 W/O - [GHCV314SBO47]; HONEYROSE - SAMPLE-CR VAL. 1/2 X 3-1/4 W/O - [GHCV314SBO49]; GUNSTOCK - SAMPLE-CR VAL.3/4 X 5 W/O DIST - [GQCVD5SBO47]; HONEY OAK - SAMPLE-CR VAL.3/4 X 5 W/O DIST - [GQCVD5SBO53]; CHO.CHERRY - SAMPLE-CR VAL.3/4 X 5 W/O DIST - [GQCVD5SBO55]; RED WINE - SAMPLE-CR VAL.3/4 X 5 W/O DIST - [GQCVD5SBO73]; BLK STONE - SAMPLE-CR VAL.3/4 X 5 W/O DIST - [GQCVD5SBO74]; ANT.OAK - SAMPLE-CR VAL.3/4 X 5 W/O DIST - [GQCVD5SBO75]; PRAIRE WHE - SAMPLE-CR VAL. 1/2 X 3-1/4 W/O - [GHCV314SBO68]; PRAIRIE WH - SAMPLE-CR VAL. 3/4 X 3-1/4 W/O - [GQCV314SBO68]; GOLDEN OAK - SAMPLE-CR VAL. 3/4 X 2-1/4 W/O - [GQCV214SBO45]; HONEY ROSE - SAMPLE-CR VAL. 3/4 X 3-1/4 W/O - [GQCV314SBO49]; GUNSTOCK - SAMPLE-CR VAL. 3/4 X 3-1/4 W/O - [GQCV314SBO47]; GOLDEN OAK - SAMPLE-CR VAL. 3/4 X 3-1/4 W/O - [GQCV314SBO45]; NATURAL - SAMPLE-CRYSTAL VAL. SOLID W/O - [GQCVSBO38]; GOLDEN OAK - SAMPLE-CRYSTAL VAL. SOLID W/O - [GQCVSBO45]; GUNSTOCK - SAMPLE-CRYSTAL VAL. SOLID W/O - [GQCVSBO47]; HONEYROSE - SAMPLE-CRYSTAL VAL. SOLID W/O - [GQCVSBO49]; PRARIE WHE - SAMPLE-CRYSTAL VAL. SOLID W/O - [GQCVSBO68]; GOLDEN OAK - SAMPLE-CR VAL.3/4 X 5 W/O DIST - [GQCVD5SBO45]; MOCHA - SAMPLE-CR VAL. 1/2 X 3-1/4 W/O - [GHCV314SBO36]; MOCHA - SAMPLE-CRYSTAL VAL. SOLID W/O - [GQCVSBO36]; NATURAL - SAMPLE-CR VAL. 1/2 X 5 W/O - [GHCV5SBO38]; WHITE GREY - SAMPLE-CR VAL.3/4 X 5 W/O DIST - [GQCVD5SB165]; TOFFEE - SAMPLE-CR VAL. 3/4 X 2-1/4 W/O - [GQCV214SBO78]; TOFFEE - SAMPLE-CR VAL. 3/4 X 3-1/4 W/O - [GQCV314SBO78],32
VALENZA,"SANTERRA AC5 - 14MM 9.3"" X 72"" VALENZA - [LAMCMCST2312]",1
VANDAGE,"12.3MM 6-1/2"" VANDAGE - [LALXRH09]",1
VECCHIO,"DAVINCI - EURO OAK 7.5"" VECCHIO - [GNDVO709]",1
VESTIGE,"NOUVELLE - *EURO OAK 5/8 X 7.5"" VESTIGE - [GFNVO7507]",1
VG GELA,OAK - VG 7' BABY THRESHOLD GELA - [GCVGBT7O04]; OAK - VG 8' BABY THRESHOLD GELA - [GCVGBT8O04]; OAK - VG 7' T-MOULD GELA - [GCVGTM7O04]; OAK - VG 8' T-MOULD GELA - [GCVGTM8O04]; OAK - VG 7' REDUCER GELA - [GCVGRE7O04]; OAK - VG 8' REDUCER GELA - [GCVGRE8O04]; OAK - VG 7' NOSING GELA - [GCVGNO7O04]; OAK - VG 8' NOSING GELA - [GCVGNO8O04],8
VINTAGE,"COMPETITION BUSTER - 3/8 X 5 DIST HICKORY VINTAGE - [ETCBH5141]; HIGH GLOSS - 12.3MM 5"" VINTAGE WHITE - [LALXHG05]; HICKORY - 1/2"" BASESHOE VINTAGE - [GCBSHF141]; NOUVELLE - *EURO OAK 5/8 X 7.5"" VINTAGE - [GFNVO7508]",4
VN CHEV,WATERFALL - PANEL - FR.CON. VN.WHITE CHEV. - [GCSBFCPC587-2828]; WATERFALL - PANEL - FC VN.WHITE CHEV.<N/L> - [GCSBFCPC587-2828PL],2
VNT PLY,"FRENCH CONNECTION - EURO OAK 7"" VNT.WHITE 2 PLY - [GFFCOB7872P]",1
W LOTUS,GOLD LABEL T-MOULDING W.LOTUS - [GCGLTM8R06],1
W O AUT,WIRE RACK - PANEL - GII D. W/O AUT. - [GCSBIIO513-1724]; WIRE RACK - PANEL - GII D. W/O AUT. <N/L> - [GCSBIIO513-1724PL],2
W O NAT,"CRYSTAL VALLEY - W/O NAT. ENG 3-1/4"" 2MM - [GHCVO31438]; CRYSTAL VALLEY - W/O NAT. ENG 5"" 2MM - [GHCVO538]; 3/4 X 3-3/16 BLDR W/O NAT. - [UW34316BON]; CRYSTAL V - W/O NAT. ENG 3-1/4"" 2MM - [GHCVO31438]; CRY.VAL 9/16"" NOSING W/O NAT. - [GCNO7OSN38]; SMOOTH - 9/16 X 5 4MM SQ EDGE W/O NAT. - [ENNOS538]; CRY.VAL 7' BABY T-HOLD W/O NAT - [GCCVBT7O38]; CRY.VAL 3/4"" 7' NOSING W/O NAT - [GCCVSNO7O38]; CRY.VAL 3/4"" 8' NOSING W/O NAT - [GCCVSNO8O38]; CRY.VAL 8' BABY T-HOLD W/O NAT - [GCCVBT8O38]; WIRE RACK - PANEL - CV 3.25"" W/O NAT. - [GCSBCVO31438-1724]; WIRE RACK - PANEL - CV 5"" W/O NAT. - [GCSBCVO538-1724]",12
W O OMP,"WATERFALL - PANEL - C.CHOICE W/O 2.25""*OMP - [GCSBCOO214PS-2428]; WATERFALL - PANEL - C.CHOICE W/O 5""*OMP* - [GCSBCOO5PS-2528]; WATERFALL - PANEL - C.CHOICE W/O 7""*OMP* - [GCSBCOO7PS-2828]",3
W O PLY,CONTRACTORS CHOICE - 5/8 X 7 PREM. W/O 2 PLY - [GFCOO7PS2P],1
W O S E,CON.CHOICE - 5/8 X 2 1/4 CHARACTER W/O S.E - [GFCOO214CS]; CON.CHOICE - *5/8 X 3 1/4 CHARACTER W/O S.E - [GFCOO314CS]; CON.CHOICE - *5/8 X 4 CHARACTER W/O S.E - [GFCOO4CS]; CON.CHOICE - *5/8 X 5 CHARACTER W/O S.E - [GFCOO5CS]; CON.CHOICE - 35/8 X 6 CHARACTER W/O S.E - [GFCOO6CS]; CON.CHOICE - 5/8 X 7 CHARACTER W/O S.E - [GFCOO7CS],6
W O UNF,GII NOSING W/O UNF.DIST.8' - [GCNO8ON00],1
WAL NAT,WIRE RACK - PANEL - GII D. WAL.NAT. - [GCSBIIW538-1724]; WIRE RACK - PANEL - GII SMOOTH WAL.NAT. - [GCSBSSW538-1724]; WATERFALL - PANEL - CLIFF. WAL.NAT. - [GCSBCSW7501-2228]; WIRE RACK - PANEL - GII D. WAL.NAT. <N/L> - [GCSBIIW538-1724PL]; WATERFALL - PANEL - CLIFF. WAL.NAT. <N/L> - [GCSBCSW7501-2228PL],5
WAL OMP,"25"" X 28"" - PANEL - EXO. ACA. B.WAL. *OMP* - [GCSBEXA516-2528]",1
WASH WB,CLICK SYS - 3/4 X 5 W/O GREY WHITE WASH WB - [PFQOE1002],1
WHEAT 5,"GII DISTRESSED - MAPLE 5"" WHEAT DISTRESSED - [GNIIM554]; GII SMOOTH - MAPLE 5"" SMOOTH WHEAT - [GNSSM554]",2
WHEAT E,"3/4 x 2 1/4"" PRAIRIE WHEAT - E - [CE214PW]; 3/4 x 3 1/4"" PRAIRIE WHEAT - E - [CE314PW]",2
WHEAT P,"GII SMOOTH - MAPLE 5"" SMOOTH WHEAT 2P - [GNSSM5542P]",1
WINSTON,"CAROLINA CLASSIC - HICKORY 5"" WINSTON - [GHCCH591]; HICK/PECAN - 5/8"" T-MOULD WINSTON - [GCTMHF91]; HICKORY - 1/2"" BASESHOE WINSTON - [GCBSHH91]",3
WO EACH,9/16X5 SQUARE NOSING WO 8'EACH - [MONO916O5S]; 1/2X5 SQUARE NOSING WO 8'EACH - [MONO12O5S],2
ZUMA BE,OAK - NEWPORT 7' BABY T-HOLD ZUMA BE - [GCNPBT7O208]; OAK - NEWPORT 8' BABY T-HOLD ZUMA BE - [GCNPBT8O208],2
ACACIA,NATURAL - 9/16 X 4-7/8 ACACIA SMOOTH - [FFN5SAC]; GOLDEN - 9/16 X 4-7/8 ACACIA DISTRESSED - [FFN5DACG]; CIDER HOUSE - 1/2 X 4-3/4 ACACIA DISTRESSED - [ENHA43448]; FOREST HOUSE (NATURAL) - 1/2 X 4-3/4 ACACIA DISTRESSED - [ENHA43449]; RIVER WALNUT - 1/2 X 4-3/4 ACACIA DISTRESSED - [ENHA43447],5
ADD ON,WATERFALL - SAMPLE SET - VINEYARD ADD-ON - [GCSETVY-2228-A]; WATERFALL - SAMPLE SET - ALLORA ADD-ON - [GCSETAL-2228ADD],2
ALPINE,"BEVERLY HILLS - EURO OAK 9.5"" ALPINE - [GFBHO9507]",1
ALTURA,"ALLORA - EURO OAK 7.5"" ALTURA - [GFALO7501]; ALLORA - EURO OAK 7.5"" ALTURA SELECT - [GFALO7501S]; ALLORA - EURO OAK 9.5"" ALTURA - [GFALO9501]; ALLORA - EURO OAK 9.5"" ALTURA SELECT - [GFALO9501S]; ALLORA BY GARRISON - EURO OAK 7.5"" ALTURA - [GFALO7501]; ALLORA BY GARRISON - AL 92"" SQUARE NOSING ALTURA - [GCALSNO7O01]; ALLORA - AL 8' T-MOULD ALTURA - [GCALTMO8O01]; ALLORA BY GARRISON - AL 92"" REDUCER ALTURA - [GCALRE7O01]; ALLORA - AL 8' NOSING ALTURA - [GCALNOO8O01]; ALLORA BY GARRISON - AL 8' REDUCER ALTURA - [GCALRE8O01]; ALLORA - AL 8' BABY THRESHOLD ALTURA - [GCALBTO8O01]; ALLORA BY GARRISON - EURO OAK 9.5"" ALTURA - [GFALO9501]; ALLORA BY GARRISON - EURO OAK 7.5"" ALTURA SELECT - [GFALO7501S]; ALLORA BY GARRISON - 4-3/4 X 23-5/8 HB ALTURA (L) - [GFALPH401-L]; ALLORA BY GARRISON - 4-3/4 X 23-5/8 HB ALTURA (R) - [GFALPH401-R]; ALLORA BY GARRISON - EURO OAK 9.5"" ALTURA SELECT - [GFALO9501S]; ALLORA BY GARRISON - 4-3/4 X 23-5/8 HB ALTURA (R) - [GFALPH401R-10]; ALLORA BY GARRISON - 4-3/4 X 23-5/8 HB ALTURA (L) - [GFALPH401L-10]",18
AMALFI,"WANDERLUXE - EURO OAK 9.5"" AMALFI (R) - [GFWLO901]",1
AMELIA,"DU BOIS - EURO OAK 5/8 X 7.5"" AMELIA - [GFDBO7194]; DU BOIS - SAMPLE PANEL - AMELIA - [GCSADBO7194]",2
APOLLO,"MYTHOLOGY SPC - 5MM X 7"" X 48"" - APOLLO - [GVGA702]; MYTHOLOGY - REDUCER - APOLLO - [GVGARE702]; MYTHOLOGY - T-MOULDING - APOLLO - [GVGATM702]",3
ARCHES,"GARRISON LAMINATE - 12MM 7.5"" X 70.8"" ARCHES - [GCLA7501]",1
AREZZO,"VILLA GIALLA - EURO OAK 9-1/2"" AREZZO - [GFVGO901]",1
ASH LL,"UNFIN - 1/2"" SPECIAL ORDER ASH LL - [LHSOASH]; SPECIAL ORDER ASH LL - [LQSOA]",2
ATHENA,"MYTHOLOGY SPC - 5MM X 7"" X 48"" - ATHENA - [GVGA703]; MYTHOLOGY - REDUCER - ATHENA - [GVGARE703]; MYTHOLOGY - T-MOULDING - ATHENA - [GVGATM703]",3
ATHENS,"WANDERLUXE - EURO OAK 9.5"" ATHENS (R) - [GFWLO902]; WANDERLUXE - EURO OAK 9.5"" ATHENS (L) - [GFWLO9002]",2
AURORA,"ILLUMIN8 - 12MM 7.72"" X 48"" AURORA - [GLIL801]",1
AUSTIN,"RED RIVER - *BIRCH 5"" AUSTIN - [GNRRBI581]; RED RIVER - *BIRCH 6-1/4"" AUSTIN - [GNRRBI61481]; BASESHOE - 1/2"" BASESHOE AUSTIN - [GCBSBIH81]",3
AUTUMN,"GII DISTRESSED - WHITE OAK 5"" AUTUMN DISTRESSED - [GNIIO513]; GII DIST - WHITE OAK 5"" AUTUMN DISTRESSED - [GNIIO513]; WHITE OAK - 9/16"" REDUCER 8' AUTUMN - [GCREON13]; WHITE OAK - 1/2"" BASESHOE AUTUMN - [GCBSOH13]",4
AVENZA,"DOLCE CAPRI - EURO OAK 3/4 X 9.5"" AVENZA - [GQCHO95101]; DOLCE CAPRI - EURO OAK 5/8 X 9.5"" AVENZA - [GFDCO95101]",2
B E LL,UNFIN - 3/4 X 3 CHAR HICK/PECAN B.E LL - [LQ3CHB]; UNFIN - 3/4 X 5 CHAR HICK/PECAN B.E LL - [LQ5CHB]; UNFIN - 3/4 X 7 CHAR HICK/PECAN B.E LL - [LQ7CHB]; UNFINISHED - 3/4 X 6  BRAZ. CHERRY B.E. LL - [LQ6FBS]; UNFINISHED - 3/4 X 6 FAS WALNUT B.E LL - [LQ6FWB]; UNFINISHED - 3/4 X 7 FAS WHITE OAK B.E LL - [LQ7FOB]; 3/4 X 4 #1 WALNUT B.E LL - [LQ41WB]; 3/4 X 4 #1 WHITE OAK B.E LL - [LQ41OB]; 3/4 X 5 #1 WHITE OAK B.E LL - [LQ51OB]; 3/4 X 6 #1 WHITE OAK B.E LL - [LQ61OB]; 3/4 X 8 #1 WHITE OAK B.E LL - [LQ81OB]; 3/4 X 6 FAS WHITE OAK B.E LL - [LQ6FOB]; UNFIN - 3/4 X 7 CHAR RED OAK B.E LL - [LQ7CRB]; 3/4 X 5 #1C WALNUT B.E LL - [LQ51WB]; 3/4 X 6 #1 WALNUT B.E LL - [LQ61WB]; 3/4 X 8 #1 WALNUT B.E LL - [LQ81WB]; 3/4 X 5 CHAR. WHITE OAK B.E LL - [LQ5COB]; UNFIN - 3/4 X 7 #1 RED OAK B.E LL - [LQ71RB]; UNFINISHED - 3/4 X 5 #1C MAPLE B.E. LL - [LQ51MB]; UNFINISHED - 3/4 X 3 FAS RED OAK B.E LL - [LQ3FRB]; UNFINISHED - 3/4 X 4 #1C MAPLE B.E. LL - [LQ41MB]; UNFINISHED - 3/4 X 3 FAS WHITE OAK B.E LL - [LQ3FOB]; UNFINISHED - 3/4 X 5 FAS WHITE OAK B.E LL - [LQ5FOB],23
B E RL,"3/4 X 5 SEL/BTR WALNUT B.E. RL - [RQ5SWB]; 3/4 X 3"" SEL/BTR WALNUT B.E.RL - [RQ3SWB]",2
B GREY,"CRYSTAL V - 5/8"" B-TRESHOLD 8' WHITE GREY - [GCBTOF165]",1
BAMBOO,"CHERRY - 5/8"" T-MOULD BAMBOO - [GCTMBAF22]; CHERRY - 5/8"" BABY TRESHOLD BAMBOO - [GCBTBAF22]; CHERRY - 1/2 X 3/4 BASESHOE BAMBOO - [GCBSBAH22]; CHARCOAL - 5/8"" T-MOULD BAMBOO - [GCTMBAF27]; SABLE - BAMBOO NOSING DIST. 1 X 3-5/8 - [CWNO474]",5
BARROW,"3/4X3-1/2,4-3/4 OAK BARROW - [PQSBAR01]",1
BASE O,"3/8 x 2-3/8 OG BASE R/O - [MOOG382R]; 3/8 x 3-1/2 OG BASE R/O - [MOOG383R]; 5/8 x 2-1/2 OG BASE R/O - [MOOG582R]; 5/8 x 3-1/2 OG BASE R/O - [MOOG583R]; 5/8 x 2 1/2,STREMLINE BASE,R/O - [MOSL582R]; 5/8 x 3 1/2,S-LINE BASE,R/O - [MOSL583R]; 9/16 x 1-5/8 COMBO BASE R/O - [MOCB58112R]; 1/2 x 2-1/2 OG BASE R/O - [MOOG122R]",8
BASTIA,LAMINATE - *GARRISON NOSING BASTIA - [GCLANO009]; LAMINATE - *GARRISON T-MOULDING BASTIA - [GCLATM009]; LAMINATE - *GARRISON REDUCER BASTIA - [GCLARE009],3
BATTEN,1/4 X 1-3/4 BATTEN - RED OAK - [MOSL152R]; 1/4 X 1-3/4 BATTEN - WHITE OAK - [MOSL152O]; 1/4 X 1-3/4 BATTEN - MAPLE - [MOSL152M]; 9/16 X 2 1/4 BATTEN - RED OAK - [MOSL152R-2]; 7/16 X 2 1/4 BATTEN - RED OAK - [MOSL7162R],5
BDL FT,"RANDOM - *1/2 X 2"" RIFT/QTR R/O BDL FT. - [RH2QRSSP]; 1/2 x 1 1/2"" SELECT W/O BDL FT - [RH112SOSSP]",2
BEAUTE,"12.3MM 6-1/2"" BEAUTE - [LALXRH05]",1
BIANCA,"LEGENDS - EURO OAK 7.5"" BIANCA - [GFLEO7501]; DISTRESSED - 9/16"" NOSING BIANCA - [GCNO7WN62]; WALNUT - 1/2"" BASESHOE BIANCA - [GCBSWH62]; DAVINCI - EURO OAK 7.5"" BIANCA - [GNDVO701]",4
BLD FT,"RANDOM - *1/2 X 2"" SELECT W/O BLD FT. - [RH2SOSSP]; RANDOM - 1/2 x 2"" SELECT RED OAK BLD FT - [RH2SRSSP]; RANDOM - *1/2 X 2"" RIFT/QTR W/O BLD FT. - [RH2QOSSP]; RANDOM - 1/2 x 1 1/2"" SELECT R/O BLD FT - [RH112SRSSP]",4
BRANDY,"CHERRY - 1/2"" BASESHOE BRANDY - [GCBSCH05]; SILVERLINE - BIRCH 6"" BRANDY - [GHSLBI605]",2
BRAZ C,UNFINISHED - 9/16 x 2 x 96 REDUCER - BRAZ/C - [GCREBN00]; 1/2 X 3-1/2 X 8' NOSING BRAZ/C - [MONOHB],2
BRONZE,"ACACIA - 9/16 X 4-3/4 DIST. BRONZE - [ENNAS434146]; ACACIA - 3/4 X 4-3/4 DIST. BRONZE - [PFQAS434146]; ELEMENTS SPC - 6.5MM X 7"" X 60"" - BRONZE - [GVSPC702]; ELEMENTS - REDUCER - BRONZE - [GVSPCRE702]; ELEMENTS - T-MOULDING - BRONZE - [GVSPCTM702]",5
BUTTER,"QUIETPATH 20 MIL - 5MM X 7"" X 48"" BUTTER OAK - [GDQP2EBD51572]",1
C COLL,CHERRY - LAMINATE 12MM S.R.C. COLL. - [LAETSRCCH143],1
CALI O,"NATURAL - OMP CALI 9/16 X 5 #1 R/O - [OMPN51R38]; NATURAL - OMP CALI 9/16 X 3"" #1 R/O - [OMPN31R38]",2
CALICO,"BIG SKY - *1/2 X 7 DIST HICKORY CALICO - [EHBSH7153]; HICKORY - 1/2"" BASESHOE CALICO - [GCBSHF153]; BIG SKY - *1/2X4,6,8 HICKORY CALICO DIST - [EHBSH468153]",3
CARMEL,"NEWPORT - EURO OAK 7.5"" CARMEL (1/2"") - [GHNPO200]; NEWPORT BY GARRISON - EURO OAK 7.5"" CARMEL (1/2"") - [GHNPO200]; NEWPORT BY GARRISON - EURO OAK 7.5"" CARMEL (9/16"") - [GNNPO200]",3
CASING,MDF - NONSTOCK - 5/8 X 2-1/4 #356 CASING - [MOCAMD152MUL]; MDF - NONSTOCK - 11/16 X 2-7/16 #275 CASING - [MOCAMD167MUL]; MDF - NONSTOCK - 11/16 X 3-1/4 #356 CASING - [MOCAMD176MUL]; MDF - 5/8 X 2-1/2 CASING 711 - [MOCAMD108MUL],4
CELINE,"DU BOIS - EURO OAK 5/8 X 7.5"" CELINE - [GFDBO7183]",1
CHERRY,"CUSTOM - 1/2"" BASESHOE CHERRY - [GCBSCH99]; BUTTERSCOT - 5/8"" BABY TRESHOLD 8' CHERRY - [GCBTCF03]; RUM - 5/8"" BABY TRESHOLD 8' CHERRY - [GCBTCF05]; SAGEBRUSH - 5/8"" BABY TRESHOLD 8' CHERRY - [GCBTCF11]; BORDEAUX - 5/8"" BABY TRESHOLD CHERRY - [GCBTCF18]; CHERRY - 5/8"" BABY TRESHOLD CHERRY - [GCBTCF22]; CHOCOLATE - 5/8"" BABY TRESHOLD 8' CHERRY - [GCBTCF24]; NATURAL - 5/8"" BABY TRESHOLD CHERRY - [GCBTCF38]; CUSTOM - 5/8"" BABY TRESHOLD CHERRY - [GCBTCF99]; BORDEAUX - 1/2 x 5 CHARACTER CHERRY - [GCCPC518]; CHERRY - 1/2 x 5 CHARACTER CHERRY - [GCCPC522]; CHOCOLATE - 1/2 x 5 CHARACTER CHERRY - [GCCPC524]; FRUITWOOD - 1/2 x 5 CHARACTER CHERRY - [GCCPC528]; GOLDEN - 1/2 x 5 CHARACTER CHERRY - [GCCPC530]; NATURAL - 1/2 x 5 CHARACTER CHERRY - [GCCPC538]; CUSTOM - 1/2 x 5 CHARACTER CHERRY - [GCCPC599]; UNFIN/DIST - 1/2 x 5 CHARACTER CHERRY - [GCCUC500]; BUTTERSCOT - 1/2"" NOSING 8' CHERRY DIST. - [GCNOCH03]; RUM - 1/2"" NOSING 8' CHERRY DIST. - [GCNOCH05]; SAGEBRUSH - 1/2"" NOSING 8' CHERRY DIST. - [GCNOCH11]; BORDEAUX - 1/2"" NOSING 8' CHERRY - [GCNOCH18]; CHERRY - 1/2"" NOSING 8' CHERRY - [GCNOCH22]; CHOCOLATE - 1/2"" NOSING 8' CHERRY - [GCNOCH24]; GOLDEN - 1/2"" NOSING 8' CHERRY - [GCNOCH30]; NATURAL - 1/2"" NOSING 8' CHERRY DIST. - [GCNOCH38]; CUSTOM - 1/2"" NOSING 8' CHERRY - [GCNOCH99]; BUTTERSCOT - 1/2"" REDUCER 8' CHERRY - [GCRECH03]; RUM - 1/2"" REDUCER 8' CHERRY - [GCRECH05]; SAGEBRUSH - 1/2"" REDUCER 8' CHERRY - [GCRECH11]; BORDEAUX - 1/2"" REDUCER CHERRY - [GCRECH18]; CHOCOLATE - 1/2"" REDUCER CHERRY - [GCRECH24]; GOLDEN - 1/2"" REDUCER CHERRY - [GCRECH30]; NATURAL - 1/2"" REDUCER CHERRY - [GCRECH38]; CUSTOM - 1/2"" REDUCER CHERRY - [GCRECH99]; BUTTERSCOT - 5/8"" T-MOULD 8' CHERRY - [GCTMCF03]; RUM - 5/8"" T-MOULD 8' CHERRY - [GCTMCF05]; SAGEBRUSH - 5/8"" T-MOULD 8' CHERRY - [GCTMCF11]; CHERRY - 5/8"" T-MOULD CHERRY - [GCTMCF22]; NATURAL - 5/8"" T-MOULD CHERRY - [GCTMCF38]; CUSTOM - 5/8"" T-MOULD CHERRY - [GCTMCF99]; 1/2"" NOSING MAPLE CHERRY 78"" - [UWNO12MC]; 1/2"" REDUCER MAPLE CHERRY 78"" - [UWRE12MC]; T-MOULDING MAPLE CHERRY - [UWTM58MC]; UNFIN - 1/2 X 3-1/2 X 8' NOSING CHERRY - [MONOHC]; UNFIN - 1/2 X 2 X 8' REDUCER CHERRY - [MOREHC]; SAGEBRUSH - 1/2 x 5 CHARACTER CHERRY - [GCCPC511]; UNFIN - 5/8 X 2 X 8' T-MOULD - CHERRY - [MOTMFC]; BUTTERSCOT - 1/2 x 5 CHARACTER CHERRY - [GCCPC503]; NATURAL - 1/2 X 5 CHERRY SMOOTH - [GCSSC538]; CUSTOM - *5/8 x 5 CHARACTER CHERRY - [GFCPC599]; UNFIN/DIST - 5/8 x 5 CHARACTER CHERRY - [GFCUC500]; NATURAL - 3/4 X 3 AMERICAN CHERRY - [AMQ3SCN]; WLD.CHERRY - 5/8"" BABY TRESHOLD 8' CHERRY - [GCBTCF33]; BLK.CHERRY - 9/16"" NOSING 8' CHERRY DIST. - [GCNOCN29]; WLD CHERRY - 9/16"" NOSING 8' CHERRY DIST. - [GCNOCN33]; WLD.CHERRY - 9/16"" REDUCER 8' CHERRY - [GCRECN33]; CHO.CHERRY - 9/16"" REDUCER 8' CHERRY - [GCRECN24]; BLK.CHERRY - 5/8"" BABY TRESHOLD 8' CHERRY - [GCBTCF29]; CHO.CHERRY - 9/16"" NOSING 8' CHERRY DIST. - [GCNOCN24]; BLK.CHERRY - 9/16"" REDUCER 8' CHERRY - [GCRECN29]; CUSTOM - *5/8 x 3 CHARACTER CHERRY - [GFCPC399]; CUSTOM - *5/8 x 7 CHARACTER CHERRY - [GFCPC799]; UNFIN/DIST - 5/8 x 3 CHARACTER CHERRY - [GFCUC300]; UNFIN/DIST - 5/8 x 7 CHARACTER CHERRY - [GFCUC700]; BLK.CHERRY - 1/2"" BASESHOE CHERRY - [GCBSCH29]; HIGH GLOSS - 12.3MM 5"" RED CHERRY - [LALXHG02]; 3/8 x 3 1/2 NOSING - CHERRY - [MONO38C]; PARADISE VALLEY - 12MM 6.5"" X 48"" WHITE CHERRY - [LAPVC02]",68
COGNAC,"G PLUS - *MAPLE 5"" COGNAC - [GNPLM550]; FRENCH CONNECTION - EURO OAK 5/8 X 7"" COGNAC - [GFFCOB795]; 1/2"" BASESHOE MAPLE COGNAC - [GCBSMH50]",3
CON VN,WATERFALL - PANEL - FR.CON. VN.WHITE - [GCSBFC787-2828]; WATERFALL - PANEL - FR.CON. VN.WHITE <N/L> - [GCSBFC787-2828PL],2
CONN V,FRENCH CONN. BASESHOE V.WHITE - [GCBSOH87],1
CONTRY,CHERRY - CONTRY WOOD NOSING MAPLE 7' - [CWNO264],1
COPPER,"ELEMENTS SPC - 6.5MM X 9"" X 60"" - COPPER - [GVSPC902]; ELEMENTS - REDUCER - COPPER - [GVSPCRE902]; ELEMENTS - T-MOULDING - COPPER - [GVSPCTM902]; VINYLNOVA - 6.5MM 9"" X 60"" - COPPER - [GVVN903]; VINYLNOVA - T-MOULDING - COPPER - [GVVNTM903]; VINYLNOVA - REDUCER - COPPER - [GVVNRE903]",6
CORNER,MDF CORNER - NONSTOCK - 9/16 X 5-1/4 #618 CORNER - [MOCOMD451]; ALDER - NONSTOCK - 9/16 X 3-1/4 623 CORNER - [MOCOALD314W]; MDF CORNER - NONSTOCK - 9/16 X 4-1/2 #175 CORNER - [MOCOMD325MUL4W]; MDF CORNER - NONSTOCK - 5/8 X 7 #175 CORNER - [MOCOMD342MUL7W],4
COSMOS,"VINYLNOVA - 6.5MM 9"" X 60"" - COSMOS - [GVVN904]; VINYLNOVA - T-MOULDING - COSMOS - [GVVNTM904]; VINYLNOVA - REDUCER - COSMOS - [GVVNRE904]",3
CR VAL,NATURAL - SAMPLE-CR VAL. 9/16 X 5 MAPLE - [GNCV5SBM38]; TOFFEE - SAMPLE-CR VAL. 1/2 X 3-1/4 OAK - [GHCV314SBO78]; TOFFEE - SAMPLE-CR VAL. 1/2 X 5 OAK - [GHCV5SBO78],3
CUMARU,SMOOTH - 3/4X3 3/4 SMOOTH CUMARU - [PQSCU33401]; UNFIN - 1/2 X 2 X 8' REDUCER CUMARU - [MOREHCU]; UNFIN - 5/8 X 2 X 8' T-MOULD. CUMARU - [MOTMFCU]; UNFIN - 1/2 X 3-1/2 X 8' NOSING CUMARU - [MONOHCU],4
CURUPY,NATURAL - 3/4 X 4-7/8 CURUPY - [GQMOCU47838],1
CUSTOM,"1/2"" BASESHOE WHITE OAK CUSTOM - [GCBSOH99]; CUSTOM - CUSTOM 5"" MAPLE - [GCGAM599]; GARRISON CUSTOM SAMPLES - [GCSAMPLES]; CUSTOM NOSING MAPLE (EA) - [MONOSOM]; CUSTOM NOSING MAPLE (LF) - [MONOSOMLF]; CUSTOM NOSING WHITE OAK (EA) - [MONOSOOEA]; CUSTOM NOSING WHITE OAK (LF) - [MONOSOOLF]; CUSTOM NOSING (EA) - [MONOSOEA]; UNFINISHED - 3/4 X 7 CUSTOM DISTRESSED - [GQUDZ700]; CUSTOM NOSING RED OAK (LF) - [MONOSORLF]; CUSTOM NOSING HICKORY (LF) - [MONOSOHLF]",11
CV NAT,"CV 9/16"" 8' REDUCER MAPLE NAT. - [GCCVRE8MN38]; WIRE RACK - PANEL - CV 3.25"" MAPLE NAT. - [GCSBCVM31438-1724]; WIRE RACK - PANEL - CV 5"" MAPLE NAT. - [GCSBCVM538-1724]",3
DAHLIA,"SECRET GARDEN SPC - 6.5MM X 7"" X 48"" - DAHLIA - [GVSG702]; SECRET GARDEN SPC - REDUCER - DAHLIA - [GVSGRE702]; SECRET GARDEN SPC - T-MOULDING - DAHLIA - [GVSGTM702]; SECRET GARDEN SPC - 6.5MM X 9"" X 60"" - DAHLIA - [GVSG902]",4
DAKOTA,"AQUABLUE II BY GARRISON - 12MM 9"" X 72"" - DAKOTA OAK - [GVWPCII112]; AQUA BLUE II BY GARRISON - REDUCER - DAKOTA OAK - [GVWPCIIRE112]; AQUA BLUE II BY GARRISON - T-MOULDING - DAKOTA OAK - [GVWPCIITM112]",3
DAPPLE,MAPLE DAPPLE REDUCER - [MSENMPDPRE],1
DAWSON,"DIANA COLLECTION AC4 - 10MM 9.37"" X 60"" DAWSON - [LAMCDN8713]",1
DE SOL,"CANTINA BY GARRISON - HICKORY 7.5"" COSTA DE SOL - [GHCAH75102]; CANTINA BASESHOE COSTA DE  SOL - [GCCABSHH102]; HICKORY - CANTINA 7' NOSING COSTA DE SOL - [GCCANO7H102]; HICKORY - CANTINA 8' NOSING COSTA DE SOL - [GCCANO8H102]",4
DELUXE,"SYRUP - SAMPLE 2'X2'- DELUXE 6"" MAPLE - [GFDX246SBM77]",1
DENALI,"PEAKS GLUE DOWN - 2MM X 6"" X 48"" DENALI - [GVPE601]",1
DESERT,"COMPETITION BUSTER - 3/8 X 5 DIST DESERT WHITE - [ETCBH5179]; HICKORY - 1/2"" BASESHOE DESERT WHITE - [GCBSHF179]; EURO OAK - 5/8 BABY THRESHOLD DESERT - [EOBTNDP]",3
DOHENY,"BEVERLY HILLS - EURO OAK 9.5"" DOHENY - [GFBHO9508]",1
DURHAM,"CAROLINA CLASSIC - MAPLE 5"" DURHAM - [GHCCM592]; 1/2"" BASESHOE MAPLE DURHAM - [GCBSMH92]",2
E PREF,NATURAL - 5/8 X 3 S/B RED OAK B.E. PREF. - [AM583SRBP]; NATURAL - 5/8 X 5 S/B RED OAK B.E. PREF. - [AM585SRBP],2
EVELYN,"CRYSTAL VALLEY - MAPLE SOLID DIST.4-7/8"" EVELYN - [GQCVDM47802]",1
F STIP,"3/4 x 1/2"" WALNUT F.STIP - [MOFSW1234]",1
FOR OR,"PRIME - CORNERS FOR 1/2"" OR 9/16"" - [MOCOPR3002BW]; POPLAR - NONSTOCK - CORNERS FOR 1/2"" OR 9/16"" - [MOCOPR3002PW]; OAK - NONSTOCK - CORNERS FOR 1/2"" OR 9/16"" - [MOCOPR3002B-OW]; PRIME - CORNERS FOR 1/2"" OR 9/16"" 3/8"" - [MOCOPR3002BW38]; WALNUT - CORNERS FOR 1/2"" OR 9/16"" - [MOCOWA]",5
FR CON,WATERFALL ORIGINAL - SAMPLE SET - FR.CON. <OB> - [GCSASET04]; WATERFALL - SAMPLE SET - FR.CON. - [GCSETFC-2828]; WATERFALL - SAMPLE SET - FR.CON. <N/L> - [GCSETFC-2828PL],3
FRASER,"CANYON CREST - EURO OAK 10-1/4"" FRASER - [GFCYO1002]",1
FRENCH,"SAHARA - 5/8"" NOSING FRENCH OAK - [GCNOFO104]; NATURAL - 5/8"" NOSING FRENCH OAK - [GCNOFO38]; OLD GREY - 5/8"" NOSING FRENCH OAK - [GCNOFO77]; A.CARAMEL - 5/8"" NOSING FRENCH OAK - [GCNOFO79]; NOIR - 5/8"" NOSING FRENCH OAK - [GCNOFO86]; V.WHITE.W. - 5/8"" NOSING FRENCH OAK - [GCNOFO87]; COGNAC - 5/8"" NOSING FRENCH OAK - [GCNOFO95]; SYRAH - 5/8"" NOSING FRENCH OAK - [GCNOFO117]; OLD WHITE - 5/8"" NOSING FRENCH OAK - [GCNOFO118]; TUSCANY - 5/8"" NOSING FRENCH OAK - [GCNOFO119]; ARMAGNAC - 5/8"" NOSING FRENCH OAK - [GCNOFO120]; TOULOUSE - 5/8"" NOSING FRENCH OAK - [GCNOFO121]; LYON - 5/8"" NOSING FRENCH OAK - [GCNOFO123]",13
G BASE,5/8 X 3 1/2 MAPLE O.G. BASE - [MOOG583M]; 5/8 X 3 1/2 WALNUT O.G. BASE - [MOOG583W]; 5/8 X 2-1/2 WALNUT O.G. BASE - [MOOG582W],3
G SILK,G.L BABY T-HOLD SILK - [GCGLBT8R04],1
GALAXY,"VINYLNOVA - 6.5MM 9"" X 60"" - GALAXY - [GVVN906]; VINYLNOVA - T-MOULDING - GALAXY - [GVVNTM906]; VINYLNOVA - REDUCER - GALAXY - [GVVNRE906]",3
GEMINI,"ZODIAC WSPC - EURO OAK - 8MM X 7.5"" X 74"" - GEMINI - [GVZO7504]; ZODIAC WSPC - T-MOULDING - GEMINI - [GVZOTM7504]; ZODIAC WSPC - REDUCER - GEMINI - [GVZORE7504]; ZODIAC - T-MOULDING - GEMINI SOLID - [GVZOTMS7504]",4
GII NA,MAPLE - GII 7' BABY THRESHOLD MAPLE NA - [GCIIBT7M38]; MAPLE - GII 8' BABY THRESHOLD MAPLE NA - [GCIIBT8M38],2
GOLDEN,"3/4 X 5 DIST GOLDEN OAK - [FFQ534DGO]; 9/16 X 5 DIST. MAPLE GOLDEN - [ENNM5DGO]; 9/16 X 5 SMOOTH MAPLE GOLDEN - [ENNM5SGO]; IND.WALNUT - REDUCER GOLDEN - [ENLGREZYG1ACAO]; IND.WALNUT - 9/16X4 7/8 GOLDEN DIST - [ENLGZYG1ACA5]; IND.WALNUT - REDUCER GOLDEN - [ENLGREZYG1ACA5]; GOLDEN OAK - 1/2"" REDUCER WHITE OAK GOLDEN - [GCREOH45]; SELECT - 3/4 X 3-3/8 GOLDEN MAPLE - [PFQ338SM45]; QUIETPATH (20 MIL) - 5MM 7.08"" X 47.24"" GOLDEN OAK - [GDQPQS25112]; QUIETPATH 2 - 5MM X 7"" X 48"" GOLDEN OAK 2 - [GDQP2QS25112]",10
GOLETA,"SANTA BARBARA - HICKORY 6.5"" GOLETA - [ENSBTH6501]",1
GRESSA,"DOLCE CAPRI - EURO OAK 3/4 X 9.5"" GRESSA - [GQCHO95103]; DOLCE CAPRI - EURO OAK 5/8 X 9.5"" GRESSA - [GFDCO95103]",2
GREY P,"GII SMOOTH - MAPLE 5"" SM.DAPPLE GREY 2P - [GNSSM51952P]",1
GREY W,WASH WIRE BRUSH - CRY.VAL NOSING GREY WHITE W. - [GCNOOSQ165],1
H PECA,5/8 X 3-1/2 X 8' NOSING H.PECA - [MONOFH],1
H ROSE,"HONEY ROSE - 1/2"" NOSING W/O SMOOTH H. ROSE - [GCNOOSH49]",1
HARPER,"COUNTRY CHARM GLUE DOWN - 3MM X 7"" X 48"" HARPER - [GVCC706]",1
HAVASU,"AQUABLUE II BY GARRISON - 12MM 9"" X 72"" - HAVASU OAK - [GVWPCII107]; AQUA BLUE II BY GARRISON - REDUCER - HAVASU OAK - [GVWPCIIRE107]; AQUA BLUE II BY GARRISON - T-MOULDING - HAVASU OAK - [GVWPCIITM107]",3
HICKOR,UNFIN - 1/2 X 3-1/2 X 8' NOSING HICKOR - [MONOHH],1
HORZ B,COFFEE - GARRISON BAMBOO HORZ. B-T-HOLD - [GFBABTH37],1
HUDSON,"METROPOLITAN SPC - 6MM X 12"" X 24"" - HUDSON - [GVMP1201]; METROPOLITAN SPC - 6.5MM X 9"" X 60"" - HUDSON - [GVMP905]; METROPOLITAN - T-MOULDING - HUDSON - [GVMPTM905]; METROPOLITAN - REDUCER - HUDSON - [GVMPRE905]",4
II NEW,"HANDSET - AQUABLUE II ""NEW"" - [GCKEYSET73]; WATERFALL - SAMPLE SET - AQUABLUE II ""NEW"" - [GCSETABII-2323]",2
II OLD,"HANDSET - AQUABLUE II ""OLD"" - [GCKEYSET51]",1
II WPC,WATERFALL ORIGINAL - SAMPLE SET - AQUABLUE II WPC - [GCSASET34],1
IPE LL,SPECIAL ORDER IPE LL - [LQSOIPE]; SPECIAL ORDER IPE LL - [LQSOIPEDECK],2
JATOBA,"ENGINEERED JATOBA 5"" - [PHFJ595]; NATURAL - 3/4 X 3-1/2 SMOOTH JATOBA - [PQSBC31238]",2
JORDAN,W COUNTRY - MAPLE SOLID 3 1/4 JORDAN - [GQWCM314111],1
KATMAI,"GARRISON LAMINATE - 12MM 7.5"" X 70.8"" KATMAI - [GCLA7508]",1
KEMPAS,NATURAL - 9/16 X 5 KEMPAS DIST. ENG. - [YHDSW0024]; NATURAL - 11/16 X 5 KEMPAS DIST. SOLID - [YHSDSW0024]; NATURAL - 3/4 X 4-7/8 RED KEMPAS - [CWQ478RKN]; NATURAL - 3/4 X 4-3/4 RED KEMPAS - [CWQ434RKN]; 3/4 X 3 5/8 RED KEMPAS SOLID - [JFBBF9224]; NATURAL - 3/4 X 3-5/8 KEMPAS - [JFSWP9224],6
KENNIA,"CRYSTAL VALLEY - MAPLE SOLID DIST.4-7/8"" KENNIA - [GQCVDM47804]",1
LAGUNA,"DELUXE - *MAPLE 6"" LAGUNA - [GFDXM658]; 1/2"" BASESHOE MAPLE LAGUNA - [GCBSMH58]",2
LIMOGE,"FRENCH CONNECTION - EURO OAK 7"" LIMOGE - [GFFCOB740]",1
LISBON,"WANDERLUXE - EURO OAK 9.5"" LISBON (R) - [GFWLO905]; WANDERLUXE - EURO OAK 9.5"" LISBON (L) - [GFWLO9005]",2
LL B E,3/4 X 5 FAS RED OAK LL B.E - [LQ5FRB]; 3/4 X 7 FAS RED OAK LL B.E - [LQ7FRB]; 3/4 X 9 FAS RED OAK LL B.E - [LQ9FRB],3
LL M B,3/4 X 6 FAS WALNUT LL M.B - [LQ6FWM],1
LL S E,3/4 X 6 FAS WALNUT LL S.E - [LQ6FWS]; 3/4 X 3 FAS WALNUT LL S.E - [LQ3FWS]; 3/4 X 3 #1C WALNUT LL S.E - [LQ31WS]; UNFINISHED - 3/4 X 3 BRAZ/CHERRY LL S.E - [LQ3FBS]; 3/4 X 5 CHAR. WALNUT LL S.E - [LQ5CWS]; 3/4 X 7 FAS RED OAK LL S.E - [LQ7FRS],6
LONDON,"WANDERLUXE - EURO OAK 9.5"" LONDON (R) - [GFWLO906]",1
LUCHIO,"DOLCE CAPRI - EURO OAK 3/4 X 9.5"" LUCHIO - [GQCHO95104]; DOLCE CAPRI - EURO OAK 5/8 X 9.5"" LUCHIO - [GFDCO95104]",2
LUGANA,"LEGENDS - EURO OAK 7.5"" LUGANA - [GFLEO7505]; DAVINCI - EURO OAK 7.5"" LUGANA UV OIL - [GFDVO714O]",2
LUSTER,"ILLUMIN8 - 12MM 7.72"" X 48"" LUSTER - [GLIL807]",1
LUXURY,SAMPLE - LUXURY RED OAK - [LALXSBCS06]; SAMPLE - LUXURY WHITE OAK - [LALXSBCS07],2
M B LL,"3/4"" X 5"" #1C MAPLE M.B. LL - [L3451MM]; 3/4"" X 5"" #1C WALNUT M.B. LL - [L3451WM]; 3/4"" X 6"" #1C MAPLE M.B. LL - [L3461MM]; UNFIN - 3/4 X 5 FAS WALNUT M.B LL - [LQ5FWM]; UNFIN - 3/4 X 6 #1C W/O M.B LL - [LQ61OM]; UNFIN - 3/4 X 3 #1 WHITE OAK M.B LL - [LQ31OM]; UNF - 3/4 X 5 #1C W/O M.B. LL - [LQ51OM]; UNFIN - 3/4 X 7 #1C WHITE OAK M.B LL - [LQ71OM]; UNFINISHED - 3/4 X 5 #1C MAPLE M.B. LL - [LQ51MM]; UNFINISHED - 3/4 X 5 QTR. W/O M.B LL - [LQ5QOM]; UNFINISHED - 3/4 X 5 #1 CHERRY M.B LL - [LQ51CM]; UNFIN - 3/4 X 3 #1C HICK/PECAN M.B LL - [LQ31HM]; UNFIN - 3/4 X 5 #1C HICK/PECAN M.B LL - [LQ51HM]; UNFIN - 3/4 X 7 #1C HICK/PECAN M.B LL - [LQ71HM]; UNFIN - 3/4 X 6 #1C HICK/PECAN M.B LL - [LQ61HM]; UNFIN - 3/4 X 9 #1C HICK/PECAN M.B LL - [LQ91HM]; UNFIN - 3/4 X 6 #1C WALNUT M.B LL - [LQ61WM]; UNFIN - 3/4 X 4 #1C HICK/PECAN M.B LL - [LQ41HM]; UNFIN - 3/4 X 6 FAS HICK/PECAN M.B. LL - [LQ6FHM]; UNFIN - 3/4 X 5 CHAR. WALNUT M.B. LL - [LQ5CWM]; UNFIN - 3/4 X 6 CHAR. WALNUT M.B. LL - [LQ6CWM]; UNFIN - 3/4 X 5 #2C HICK/PECAN M.B LL - [LQ52HM]; UNFIN - 3/4 X 7 #1 RED OAK M.B LL - [LQ71RM]; 3/4 X 6 FAS RED OAK M.B. LL - [LQ6FRM]; 3/4 X 5 CHAR. WHITE OAK M.B LL - [LQ5COM]; UNFIN - 3/4 X 7 FAS WALNUT M.B LL - [LQ7FWM]; UNFIN - 3/4 X 6 CHAR WHITE OAK M.B LL - [LQ6COM]; UNFIN - 3/4 X 7 CHAR WHITE OAK M.B LL - [LQ7COM]; UNFIN - 3/4 X 8 CHAR WHITE OAK M.B LL - [LQ8COM]; UNF - 3/4 X 5 #2C W/O M.B. LL - [LQ52OM]; UNFIN - 3/4 X 3 #1 RED OAK M.B LL - [LQ31RM]; UNFIN - 3/4 X 5 #1 RED OAK M.B LL - [LQ51RM]; UNFIN - 3/4 X 10 #1 RED OAK M.B LL - [LQ101RM]; 3/4 X 6 FAS WHITE OAK M.B LL - [LQ6FOM]; UNFINISHED - 3/4 X 4 FAS WHITE OAK M.B LL - [LQ4FOM]; 3/4 X 8 FAS WHITE OAK M.B LL - [LQ8FOM]; UNFINISHED - 3/4 X 4 #1C MAPLE M.B. LL - [LQ41MM]; UNFINISHED - 3/4 X 7 #1,2MIX WALNUT M.B. LL - [LQ712WM]; UNFIN - 3/4 X 9 CHAR WHITE OAK M.B LL - [LQ9COM]; 3/4 X 10 CHAR WHITE OAK M.B LL - [LQ10COM]",40
MA NAT,"MAPLE - CRY.VAL 1/2"" 7' REDUCER MA NAT - [GCCVRE7MH38]",1
MA WHI,"MAPLE - CRY.VAL 1/2"" 8' REDUCER MA WHI - [GCCVRE8MH38W]",1
MADRAS,"CANTINA BY GARRISON - MAPLE 7.5"" MADRAS - [GHCAM75204]",1
MADRID,"WANDERLUXE - EURO OAK 9.5"" MADRID (R) - [GFWLO907]; WANDERLUXE - EURO OAK 9.5"" MADRID (L) - [GFWLO9007]",2
MALIBU,"NEWPORT BY GARRISON - *EURO OAK 7.5"" MALIBU (1/2"") - [GHNPO203]",1
MAP NA,"NATURAL - CRY.VAL 3/4"" 7' REDUCER MAP NA - [GCCVSRE7M38]; MAPLE - CRY.VAL 3/4"" 8' REDUCER MAP NA - [GCCVSRE8M38]",2
MARINA,"AQUABLUE 7 BY GARRISON - 8MM 7"" X 72"" - MARINA OAK - [GVWPC103]; AQUA BLUE BY GARRISON - T-MOULDING - MARINA OAK - [GVWPCTM103]; AQUA BLUE BY GARRISON - REDUCER - MARINA OAK - [GVWPCRE103]; 5/8 X 7-1/2 MARINA - [OAFOGO6]",4
MARLEE,3/4 X 4-3/4 MAPLE MARLEE - [PQSMAR01],1
MDF EA,SPECIAL ORDER MDF MOULDING EA - [MOSOMDEA],1
MERBAU,S.MOUNTAIN - 9/16 X 3 5/8 MERBAU - [SM916ME]; NATURAL - 5/8 X 4 7/8 X 3' MERBAU ENG. - [TFF478SME]; NATURAL - 5/8 X 4 7/8 X 3' MERBAU ENG. - [FFF478SME],3
MERINO,"GOLD LABEL - OAK 9.5"" MERINO - [GFGLR9507]",1
MILANO,"DAVINCI - *MAPLE 5"" MILANO - [GNDVM565]; DISTRESSED - 9/16"" NOSING MILANO - [GCNO7MN65]; MAPLE - 1/2"" BASESHOE MILANO - [GCBSMH65]; DAVINCI - EURO OAK 7.5"" MILANO - [GNDVO708]",4
MILTON,"AQUASHIELD AC4 - 12MM 9.37"" X 60"" MILTON - [LAMCAS3213]",1
MIRAGE,"PRIVATE SELECTION - EURO OAK 8-5/8"" MIRAGE - [GNPSO85801]",1
MODA O,APPALACHIAN - ALTA MODA R/O - [GCKEYSET904],1
MODENA,DISTRESSED - 9/16 X 5 HICKORY MODENA - [ENNH5164]; 3/4 X 4-3/4 MAPLE MODENA - [PQSMO02],2
MOJAVE,"PRIVATE SELECTION - EURO OAK 9.5"" MOJAVE - [ENPSO9508]",1
MONACO,"FRENCH CONNECTION - EURO OAK 7"" MONACO - [GFFCOB734]",1
MONROE,"CAROLINA CLASSIC - MAPLE 5"" MONROE - [GHCCM593]; MONROE - 1/2"" BASESHOE MAPLE MONROE - [GCBSMH93]",2
MOONYA,3/4 X 5 OAK MOONYA - [PQSMOO02],1
NAT MB,SHEOGA - 3/4 X 2.25 SOLID W/O NAT. MB - [PFSHSO238-22]; 30 SHEEN CLEAR SHEOGA - 3/4 X 2.25 SOLID W/O NAT. MB - [PFSHSO238]; 30 SHEEN CLEAR SHEOGA - 3/4 X 2.25 SOLID W/O NAT. MB - [PFSHSO238-22],3
NEBULA,"VINYLNOVA - 6.5MM 9"" X 60"" - NEBULA - [GVVN910]; VINYLNOVA - 6.5MM 5"" X 25"" - HB NEBULA - [GVVN510]; VINYLNOVA - T-MOULDING - NEBULA - [GVVNTM910]; VINYLNOVA - REDUCER - NEBULA - [GVVNRE910]",4
NEWTON,"AQUASHIELD AC4 - 12MM 9.37"" X 60"" NEWTON - [LAMCAS3208]",1
NICKEL,"ELEMENTS SPC - 6.5MM X 12"" X 24"" - NICKEL - [GVSPC1201]; ELEMENTS - REDUCER - NICKEL - [GVSPCRE1201]; ELEMENTS - T-MOULDING - NICKEL - [GVSPCTM1201]",3
NO E M,"3/8 X 2 SEL WHITE OAK NO E/M - [RT2SOSEM]; 3/8 X 2 SEL RED OAK NO E/M - [RT2SRSEM]; 3/8 x 1 1/2"" QTR W/O NO E/M - [RT112QOSEM]; 3/8 x 1 1/2"" QTR R/O NO E/M - [RT112QRSEM]",4
NO END,"1/2 x 2"" RIFT/QTR R/O NO END - [RH2QRSNEM]",1
NOLITA,"METROPOLITAN SPC - 6.5MM X 7"" X 60"" - NOLITA - [GVMP704]; METROPOLITAN - T-MOULDING - NOLITA - [GVMPTM704]; METROPOLITAN - REDUCER - NOLITA - [GVMPRE704]",3
NUTMEG,DISTRESSED - 1/2 X 5 DIST BIRCH NUTMEG - [EHDB582],1
NUVOLA,"BELLISSIMO - EURO OAK 7.5"" NUVOLA - [GHBEO75302]",1
O EDGE,3/4 x 3 R/O SQUARE EDGE - [RQ3SRS]; 3/4 x 4 W/O SQUARE EDGE - [RQ4SOS]; 3/4 x 4 R/O SQUARE EDGE - [RQ4SRS]; *NOT INDIANA* - 3/4 x 5 R/O SQUARE EDGE - [RQ5SRS]; *INDIANA* - 3/4 x 6 W/O SQUARE EDGE - [RQ6SOS]; *INDIANA* - 3/4 x 6 R/O SQUARE EDGE - [RQ6SRS]; *INDIANA* - 3/4 x 7 W/O SQUARE EDGE - [RQ7SOS]; *INDIANA* - 3/4 X 7 R/O SQUARE EDGE - [RQ7SRS]; *3/4 x 8 R/O SQUARE EDGE - [RQ8SRS]; MUST QUOTE - *3/4 x 8 W/O SQUARE EDGE - [RQ8SOS]; *INDIANA - 3/4 x 5 R/O SQUARE EDGE - [RQ5SRSI],11
O GREY,"WIRED - 3/4"" NOSING W/O WHITE GREY 7' - [GCNOOQ1002]",1
O PREF,1/2X3 MR R/O PREF DIST - [GCGAR350]; NATURAL - 3/4 X 4 SELECT R/O PREF. - [PFQ-XRO4NAT]; NATURAL - 3/4 X 3-1/4 SELECT R/O PREF. - [PFQ-XRO3NAT],3
O SE P,CONTRACTORS CHOICE - 5/8 X 2-1/4 PREM.W/O SE 2P - [GFCOO214PS2P]; CONTRACTORS CHOICE - 5/8 X 5 PREM. R/O SE 2P - [GFCOR5PS2P],2
O WINE,"CRYSTAL VALLEY - *W/O SOLID DIST. 5"" RED WINE - [GQCVDO573]",1
OA S E,5/8 X 5 ENG. RUSTIC RED OA S.E - [AM585RRSU],1
OLIVIA,"COUNTRY CHARM GLUE DOWN - 3MM X 7"" X 48"" OLIVIA - [GVCC710]",1
ORCHID,"SECRET GARDEN SPC - 6.5MM X 7"" X 48"" - ORCHID - [GVSG708]; SECRET GARDEN SPC - REDUCER - ORCHID - [GVSGRE708]; SECRET GARDEN SPC - T-MOULDING - ORCHID - [GVSGTM708]; SECRET GARDEN SPC - 6.5MM X 9"" X 60"" - ORCHID - [GVSG908]",4
OXFORD,"DIANA COLLECTION AC4 - 10MM 9.37"" X 60"" OXFORD - [LAMCDN8701]",1
OYSTER,"DIANA COLLECTION AC4 - 10MM 9.37"" X 60"" OYSTER - [LAMCDN8703]",1
P PINE,NYTAE P-PINE - [NTAL402S1],1
P WHEA,"WHITE OAK - CRY.VAL 1/2"" 7' REDUCER P.WHEA - [GCRE7OH68]; CRY.VAL 1/2"" 8' REDUCER P.WHEA - [GCCVRE8OH68]; CRY.VAL 1/2"" 7' REDUCER P.WHEA - [GCCVRE7OH68]; CRY.VAL 9/16"" 8'REDUCER P.WHEA - [GCCVRE8ON68]",4
PALOMA,"CANTINA BY GARRISON - MAPLE 7.5"" PALOMA - [GHCAM75206]; CANTINA BY GARRISON - MAPLE 7"" PALOMA - [GHCAM7206]",2
PETRUS,"VINEYARD - EURO OAK 8-5/8"" PETRUS - [GNVYO905]",1
PIAZZA,"DOLCE CAPRI - EURO OAK 3/4 X 9.5"" PIAZZA - [GQCHO95106]; DOLCE CAPRI - EURO OAK 5/8 X 9.5"" PIAZZA - [GFDCO95106]",2
PIETRA,"BELLISSIMO - MAPLE 7.5"" PIETRA - [GHBEM75204]",1
PISANI,"DAVINCI - *HICKORY 5"" PISANI - [GNDVH567]; DISTRESSED - 9/16"" NOSING PISANI - [GCNO7HN67]; HICKORY - 1/2"" BASESHOE PISANI - [GCBSHH67]; DAVINCI - EURO OAK 8-5/8"" PISANI - [GNDVO803]; DAVINCI - EURO OAK 7.5"" PISANI - [GNDVO712]",5
PISCES,"ZODIAC WSPC - EURO OAK - 8MM X 7.5"" X 74"" - PISCES - [GVZO7507]; ZODIAC WSPC - T-MOULDING - PISCES - [GVZOTM7507]; ZODIAC WSPC - REDUCER - PISCES - [GVZORE7507]; ZODIAC - T-MOULDING - PISCES SOLID - [GVZOTMS7507]",4
PREFIN,"RUSSET - 9/16"" NOSING MAPLE PREFIN. - [TMNONRM]; HONEY OAK - 3/4 x 5 WHITE OAK PREFIN/DIST. - [GQGAO553]; GUNSTOCK - 3/4 x 5 WHITE OAK PREFIN/DIST. - [GQGAO547]; CHC.CHERRY - 3/4 x 5 WHITE OAK PREFIN/DIST. - [GQGAO555]; CUSTOM - 3/4 X 3 MAPLE PREFIN/DIST. - [GQGAM399]; CUSTOM - 3/4 X 4 MAPLE PREFIN/DIST. - [GQGAM499]; CUSTOM - 3/4 X 6 MAPLE PREFIN/DIST. - [GQGAM699]",7
PRINCE,"DIANA COLLECTION AC4 - 10MM 9.37"" X 60"" PRINCE - [LAMCDN8710]",1
PUEBLO,"AQUABLUE 7 BY GARRISON - 8MM 7"" X 72"" - PUEBLO OAK - [GVWPC106]; AQUA BLUE BY GARRISON - T-MOULDING - PUEBLO OAK - [GVWPCTM106]; AQUA BLUE BY GARRISON - REDUCER - PUEBLO OAK - [GVWPCRE106]",3
Q O SE,"3/4 X 3"",4"",5"" FAS R/Q R/O SE - [LQ345FRQRS]",1
QTR OA,"3/4 x 2-1/4"" RIFT/QTR WHITE OA - [RQ214QOSSP]",1
ROSE M,CRYSTAL VALLEY - *W/O ENG 3-1/4 HONEY ROSE 2.2M - [GHCVO31449],1
S BASE,MDF - NONSTOCK - 1/2 X 6 S3S BASE - [MOBBMD743MUL6],1
S E EM,"3/4 X 4"" FAS R/Q W/O LL S.E EM - [LQ4FRQOSEM]; 3/4 X 5"" FAS R/Q W/O LL S.E EM - [LQ5FRQOSEM]",2
S E LL,"3/4"" X 3"" SEL/QTR W/O S.E. LL - [L343QOS]; 3/4"" x 5"" #1C WHITE OAK S.E LL - [L3451OS]; 3/4"" X 5"" #1C WALNUT S.E. LL - [L3451WS]; 3/4"" X 7"" #1C WALNUT S.E. LL - [L3471WS]; UNFIN - 3/4 X 7 #2C WHITE OAK S.E LL - [LQ72OS]; UNFINISHED - 3/4 X 4 FAS WHITE OAK S.E LL - [LQ4FOS]; UNFIN - 3/4 X 7 #1C WALNUT S.E. LL - [LQ71WS]; UNFIN - 3/4 X 6 #1C WALNUT S.E LL - [LQ61WS]; UNFIN - 4 X 6 #1C HICK/PECAN S.E LL - [LQ61HS]; UNFIN - 3/4 X 8 #1C HICK/PECAN S.E LL - [LQ81HS]; UNFIN - 3/4 X 7 #1C HICK/PECAN S.E LL - [LQ71HS]; UNFINISHED - 3/4 X 5 #1C WALNUT S.E LL - [LQ51WS]; UNFIN - 3/4 X 5 FAS HICK/PECAN S.E LL - [LQ5FHS]; UNFINISHED - 3/4 X 3 S/B WHITE OAK S.E LL - [LQ3FOS]; UNFINISHED - 3/4 X 7 FAS WHITE OAK S.E LL - [LQ7FOS]; UNFIN - 3/4 X 8 #1C RED OAK S.E LL - [LQ81RS]; UNFIN - 3/4 X 3 #1C HICK/PECAN S.E LL - [LQ31HS]; UNFIN - 3/4 X 5 #1C HICK/PECAN S.E LL - [LQ51HS]; UNFINISHED - 3/4 X 3 #1 WHITE OAK S.E LL - [LQ31OS]; UNFINISHED - 3/4 X 5 #1 WHITE OAK S.E LL - [LQ51OS]; UNFINISHED - 3/4 X 7 #1 WHITE OAK S.E LL - [LQ71OS]; UNFIN - 3/4 X 6 #2C HICK/PECAN S.E LL - [LQ62HS]; UNFIN - 3/4 X 8 #2C HICK/PECAN S.E LL - [LQ82HS]; UNFIN - 3/4 X 8 #2C MAPLE S.E LL - [LQ82MS]; UNFIN - 3/4 X 4 FAS HICK/PECAN S.E LL - [LQ4FHS]; UNFINISHED - 3/4 X 3 FAS HICK/PECAN S.E LL - [LQ3FHS]; 5/8 X 6 FAS WHITE OAK S.E LL - [LF6FOS]; UNFIN - 3/4 X 6 FAS HICK/PECAN S.E. LL - [LQ6FHS]; UNFINISHED - 3/4 X 5 QTR. R/O S.E LL - [LQ5QRS]; UNFINISHED - 3/4 X 4 FAS RED OAK S.E LL - [LQ4FRS]; UNFINISHED - 3/4 X 4 #1 WHITE OAK S.E LL - [LQ41OS]; UNFINISHED - 3/4 X 6 #1 WHITE OAK S.E LL - [LQ61OS]; 3/4 X 5 CHAR. RED OAK S.E LL - [LQ5CRS]; 3/4 X 6 FAS WHITE OAK S.E LL - [LQ6FOS]; 3/4 X 4 #1 WALNUT S.E LL - [LQ41WS]; UNFINISHED - 3/4 X 3 FAS RED OAK S.E LL - [LQ3FRS]; UNFINISHED - 3/4 X 5 RIFT/QTR W/O S.E LL - [LQ5QOS]; UNFIN - 3/4 X 7 #2C WALNUT S.E LL - [LQ72WS]; UNFIN - 3/4 X 3 #2C WALNUT S.E LL - [LQ32WS]; UNFIN - 3/4 X 5 #2C WALNUT S.E LL - [LQ52WS]; UNFINISHED - 3/4 X 4 #2 WHITE OAK S.E LL - [LQ42OS]; 3/4 X 8 #1 WHITE OAK S.E LL - [LQ81OS]; UNFIN - 3/4 X 8 #1C WALNUT S.E LL - [LQ81WS]; UNFINISHED - 3/4 X 4 #1 RED OAK S.E LL - [LQ41RS]; UNFINISHED - 3/4 X 4 FAS WALNUT S.E LL - [LQ4FWS]; UNFINISHED - 3/4 X 8 FAS WALNUT S.E LL - [LQ8FWS]; B.WALNUT - 3/4 X 4 SELECT IPE S.E LL - [LQ4SIS]; UNFIN - 3/4 X 7 FAS WALNUT S.E LL - [LQ7FWS]; UNFIN - 3/4 X 7 CHAR. WALNUT S.E LL - [LQ7CWS]; UNFINISHED - 3/4 X 3 CHARACTER W/O S.E LL - [LQ3COS]; UNFINISHED - 3/4 X 5 CHARACTER W/O S.E LL - [LQ5COS]; UNFINISHED - 3/4 X 7 CHARACTER W/O S.E LL - [LQ7COS]; 3/4 X 5 2ND MAPLE S.E. LL - [LQ52MS]; 3/4 X 5 SEL/BTR MAPLE S.E. LL - [LQ5FMS]; 3/4 X 8 FAS WHITE OAK S.E LL - [LQ8FOS]; 3/4 X 6 FAS RED OAK S.E. LL - [LQ6FRS]; UNFINISHED - 3/4 X 8 CHARACTER W/O S.E LL - [LQ8COS]; UNFINISHED - 3/4 X 9 CHARACTER W/O S.E LL - [LQ9COS]; 3/4 X 10 CHARACTER W/O S.E LL - [LQ10COS]; UNFINISHED - 3/4 X 5 #1C MAPLE S.E. LL - [LQ51MS]",60
S E RL,3/4 X 5 SEL/BTR WALNUT S.E. RL - [RQ5SWS]; 3/4 X 5 #1C WALNUT S.E. RL - [RQ51WS]; UNFINISHED - 3/4 X 5 #1C AMER/CHERRY S.E RL - [RQ51CS]; SPECIAL ORDER - 3/4 X 4 SEL/BTR WALNUT S.E RL - [RQ4SWS]; 3/4 X 6 #1C WALNUT S.E. RL - [RQ61WS],5
S MALT,SMOOTH - 3/8 X 3 3/4 SMOOTH OAK S. MALT - [ETSO33485],1
SABINO,"CANYON CREST - EURO OAK 10-1/4"" SABINO - [GFCYO1010]",1
SAHARA,"PRIVATE SELECTION - EURO OAK 8-5/8"" SAHARA - [GNPSO85805]; WALNUT - 1/2"" BASESHOE SAHARA - [GCBSWH04]",2
SANTOS,UNFIN - 1/2 X 2 X 8' REDUCER SANTOS - [MOREHS]; UNFIN - 5/8 X 2 X 8' T-MOULD. SANTOS - [MOTMFS]; UNFIN - 1/2 X 3-1/2 X 8' NOSING SANTOS - [MONOHS],3
SAPELE,UNFIN - 1/2 X 2 X 8' REDUCER SAPELE - [MOREHSA]; UNFIN - 5/8 X 2 X 8' T-MOULD. SAPELE - [MOTMFSA]; UNFIN - 1/2 X 3-1/2 X 8' NOSING SAPELE - [MONOHSA],3
SCRIBE,"3/16 x 3/4"" SCRIBE RED OAK - [MOSC316R]; 3/16 x 3/4 SCRIBE WHITE OAK - [MOSC316O]; 3/16 x 3/4 SCRIBE MAPLE - [MOSC316M]",3
SEDONA,"BRAZ/CHERR - 1/2"" BASESHOE SEDONA - [GCBSBH42]",1
SELECT,"NATURAL - 9/16 X 5 SELECT WHITE - [UW9165SON]; 3/4 x 1 1/2"" SELECT WHITE OAK - [RQ112SOS]; 3/4 x 1 1/2"" SELECT RED OAK - [RQ112SRS]; 3/4 X 2-1/4 SELECT RED OAK - [RQ214SRSSP]; GOLDEN OAK - 3/4 X 2-1/4 SELECT WHITE OAK - [CWQ214PGO]; NATURAL - 3/4 X 2-1/4 SELECT WHITE OAK - [CWQ214SON]; AUBURN - 9/16 X 3-1/4 SELECT MAPLE - [ENNMS31412]; NATURAL - 5/8 X 3-1/4 SELECT MAPLE - [ENFMS31438]; AUBURN - 5/8 X 3-1/4 SELECT MAPLE - [ENFMS31412]; NATURAL - 5/8 X 3-1/4 SELECT WHITE OAK - [ENFOS31438]; GUNSTOCK - 5/8 X 3-1/4 SELECT WHITE OAK - [ENFOS31447]; BUTTER - 5/8 X 3-1/4 SELECT WHITE OAK - [ENFOS31495]; NATURAL - 3/4 X 3-1/4 SELECT RED OAK - [CWQS0602F]; NATURAL - 3/4 X 2-1/4 SELECT RED OAK - [CWS0607F]",14
SERENA,"SANTA BARBARA - OAK 7.5"" SERENA - [ENSBHO7503]",1
SET II,SAMPLE SET - GARRISON II - [GCSAMPLES01],1
SHASTA,"PEAKS GLUE DOWN - 2MM X 6"" X 48"" SHASTA - [GVPE603]",1
SHOE O,3/8 x 3/4 BASE SHOE - R/O - [MOBS38R]; 5/8 x 13/16 BASE SHOE - R/O - [MOBS58R],2
SICILY,"WANDERLUXE - EURO OAK 9.5"" SICILY (R) - [GFWLO910]",1
SIENNA,3/4 X 4-3/4 MAPLE SIENNA - [PQBSST154217],1
SIERRA,"GII DISTRESSED - HICKORY 5"" SIERRA DISTRESSED - [GNIIH502]; TIME INSPR - HICKORY 5"" SIERRA - [GCTIH502]; TIME INSPR - HICKORY 3"",4"" & 6"" SIERRA    * - [GCTIH34602]; HICK/PECAN - 1/2"" BASESHOE SIERRA - [GCBSHH02]; GII DIST - HICKORY 5"" SIERRA DISTRESSED - [GNIIH502]",5
SILVER,"ELEMENTS SPC - 6.5MM X 9"" X 60"" - SILVER - [GVSPC901]; ELEMENTS - REDUCER - SILVER - [GVSPCRE901]; ELEMENTS - T-MOULDING - SILVER - [GVSPCTM901]; PARADISE VALLEY - 12MM 6.5"" X 48"" SILVER OAK - [LAPVO03]",4
SORREL,"G PLUS - HICKORY 5"" SORREL - [GNPLH543]; HICKORY - 1/2"" BASESHOE SORREL - [GCBSHH43]",2
STRADA,"ALLORA - EURO OAK 7.5"" STRADA - [GFALO7506]; ALLORA BY GARRISON - EURO OAK 7.5"" STRADA - [GFALO7506]; ALLORA BY GARRISON - EURO OAK 7.5"" STRADA SELECT - [GFALO7506S]; ALLORA BY GARRISON - AL 92"" SQUARE NOSING STRADA - [GCALSNO7O06]; ALLORA BY GARRISON - AL 92"" REDUCER STRADA - [GCALRE7O06]; ALLORA - AL 8' T-MOULD STRADA - [GCALTMO8O06]; ALLORA - AL 8' BABY TRESHOLD STRADA - [GCALBTO8O06]; ALLORA - AL 8' NOSING STRADA - [GCALNOO8O06]; ALLORA BY GARRISON - AL 8' REDUCER STRADA - [GCALRE8O06]; ALLORA BY GARRISON - EURO OAK 9.5"" STRADA - [GFALO9506]; ALLORA BY GARRISON - EURO OAK 9.5"" STRADA SELECT - [GFALO9506S]",11
STRAND,NATURAL - STRAND 9/16 X 5-3/16 X 72-7/8 - [BA72SN]; NATURAL - STRAND BABY T-HOLD (END CAP) - [BABTBSN]; CARBONIZED - STRAND BABY T-HOLD (END CAP) - [BABTBSC],3
SUNSET,REDUCER SUNSET HICKORY - [LAPESH12RED],1
TAURUS,"ZODIAC WSPC - MAPLE - 8MM X 7.5"" X 74"" - TAURUS - [GVZO7509]; ZODIAC WSPC - T-MOULDING - TAURUS - [GVZOTM7509]; ZODIAC WSPC - REDUCER - TAURUS - [GVZORE7509]",3
TEMBEC,TEMBEC SAMPLES - [TMSAMPLES],1
TESORO,"ALLORA PUROLEGNO - 9MM X 7"" X 1500MM TESORO - [GCPLO706]",1
TI RUM,"CHERRY - SAMPLE - TI 5"" RUM - [GCTI5CSB05]; TI T-MOULD RUM - [GCTM7CF05]; CHERRY - TI BABY TRESHOLD RUM - [GCBT7CF05]; CHERRY - TI REDUCER RUM - [GCRE7CH05]",4
TI UNF,TI2 NOSING UNF.DIST. WHITE OAK - [GCNO7OH00TI2]; TI2 NOSING UNF. DIST HICKORY - [GCNO7HH00TI2],2
UNF AB,"SQUARE EDGE - EURO OAK 7.5"" UNF SMOOTH AB - [ENFO7500SS]; SQUARE EDGE - EURO OAK 9.5"" UNF SMOOTH AB - [ENFO9500SS]; MICRO BEVELED - EURO OAK 7.5"" UNF. SMOOTH AB - [ENFO7500SM]; MICRO BEVELED - EURO OAK 9.5"" UNF. SMOOTH AB - [ENFO9500SM-28]",4
V NATU,"C.V 9/16"" 7' NOSING MAPLE NATU - [GCCVNO7MN38]",1
VARESE,"VILLA GIALLA - EURO OAK 9-1/2"" VARESE - [GFVGO908]",1
VENETO,1/2 X 6.2 HICKORY VENETO - [AWDTB645],1
VENICE,"WANDERLUXE - EURO OAK 9.5"" VENICE (R) - [GFWLO912]",1
VERONA,"LEGENDS - EURO OAK 9.5"" VERONA - [GFLEO9505]; DAVINCI II - EURO OAK 7.5"" VERONA - [GNDV2O709]; VILLA GIALLA - EURO OAK 9-1/2"" VERONA - [GFVGO912]",3
VESOUL,LAMINATE - *GARRISON REDUCER VESOUL - [GCLARE003]; LAMINATE - *GARRISON NOSING VESOUL - [GCLANO003]; LAMINATE - *GARRISON T-MOULDING VESOUL - [GCLATM003],3
VG RIO,OAK - VG 8' BABY THRESHOLD RIO - [GCVGBT8O14]; OAK - VG 8' NOSING RIO - [GCVGNO8O14]; OAK - VG 8' REDUCER RIO - [GCVGRE8O14]; OAK - VG 8' T-MOULD RIO - [GCVGTM8O14]; OAK - VG 7' T-MOULD RIO - [GCVGTM7O14],5
W O EA,5/8 X 5 SQUARE NOSING W/O 8'EA - [MONO58O5S]; 5/8 X 3 SQUARE NOSING W/O 8'EA - [MONO58O3S]; 1/2 X 3 SQUARE NOSING W/O 8'EA - [MONO12O3S]; 9/16X 3 SQUARE NOSING W/O 8'EA - [MONO916O3S],4
W O NA,"NATURAL - CRY.VAL 1/2"" 7' REDUCER W/O NA - [GCCVRE7OH38]; NATURAL - CRY.VAL 3/4"" 7' REDUCER W/O NA - [GCCVSRE7O38]; NATURAL - CRY.VAL 1/2"" 8' REDUCER W/O NA - [GCCVRE8OH38]; NATURAL - CRY.VAL 3/4"" 8' REDUCER W/O NA - [GCCVSRE8O38]",4
W O SE,"UNFINISH - 5/8 X 2-1/4 RIFT & QRT W/O SE - [AMF214QOS]; SAMPLE - C.V 5"" W/O 4MM SE - [GNCVSBO38S]",2
W PEGS,1/2 x 3 RED OAK W/PEGS - [GCUPR300]; 1/2 x 5 RED OAK W/PEGS - [GCUPR500]; 1/2 x 7 RED OAK W/PEGS - [GCUPR700],3
W RABT,"MDF - NONSTOCK - PANEL CAP W/3/8"" RABT-336 - [MOPCMD734MUL]",1
WALDEN,"BEVERLY HILLS - EURO OAK 9.5"" WALDEN - [GFBHO9506]",1
WALNUT,"CORDOVAN - 1/2"" BASESHOE WALNUT - [GCBSWH09]; MERLOT - 1/2"" BASESHOE WALNUT - [GCBSWH32]; MIDNIGHT - 1/2"" BASESHOE WALNUT - [GCBSWH34]; CUSTOM - 1/2"" BASESHOE WALNUT - [GCBSWH99]; DUSK - 5/8"" BABY TRESHOLD 8' WALNUT - [GCBTWF01]; SUEDE - 5/8"" BABY TRESHOLD WALNUT - [GCBTWF07]; CORDOVAN - 5/8"" BABY TRESHOLD 8' WALNUT - [GCBTWF09]; CANTERBURY - 5/8"" BABY TRESHOLD 8' WALNUT - [GCBTWF10]; FRUITWOOD - 5/8"" BABY TRESHOLD 8' WALNUT - [GCBTWF28]; MERLOT - 5/8"" BABY TRESHOLD 8' WALNUT - [GCBTWF32]; MIDNIGHT - 5/8"" BABY TRESHOLD WALNUT - [GCBTWF34]; CUSTOM - 5/8"" BABY TRESHOLD WALNUT - [GCBTWF99]; AUBURN - 1/2 x 5 CHARACTER WALNUT - [GCCPW512]; BLK WALNUT - 1/2 x 5 CHARACTER WALNUT - [GCCPW516]; FRUITWOOD - 1/2 x 5 CHARACTER WALNUT - [GCCPW528]; GOLDEN - 1/2 x 5 CHARACTER WALNUT - [GCCPW530]; MERLOT - 1/2 x 5 CHARACTER WALNUT - [GCCPW532]; MIDNIGHT - 1/2 x 5 CHARACTER WALNUT - [GCCPW534]; NATURAL - 1/2 x 5 CHARACTER WALNUT - [GCCPW538]; CUSTOM - 1/2 x 5 CHARACTER WALNUT - [GCCPW599]; UNFIN/DIST - 1/2 x 5 CHARACTER WALNUT - [GCCUW500]; MERLOT - 1/2 x 5 WALNUT GARRISON - [GCGAW532]; UNFIN/DIST - 1/2"" NOSING 8' WALNUT - [GCNOWH00]; DUSK - 1/2"" NOSING 8' WALNUT DIST. - [GCNOWH01]; SUEDE - 1/2"" NOSING WALNUT - [GCNOWH07]; CORDOVAN - 1/2"" NOSING 8' WALNUT DIST. - [GCNOWH09]; CANTERBURY - 1/2"" NOSING 8' WALNUT DIST. - [GCNOWH10]; AUBURN - 1/2"" NOSING WALNUT - [GCNOWH12]; BLK WALNUT - 1/2"" NOSING WALNUT - [GCNOWH16]; FRUITWOOD - 1/2"" NOSING 8' WALNUT DIST. - [GCNOWH28]; MERLOT - 1/2"" NOSING 8' WALNUT DIST. - [GCNOWH32]; NATURAL - 1/2"" NOSING 8' WALNUT DIST. - [GCNOWH38]; UNFIN/DIST - 9/16"" NOSING WALNUT - [GCNOWN00]; UNFIN - 3/4"" NOSING WALNUT DISTRESSED - [GCNOWQ00]; CUSTOM - 3/4"" NOSING WALNUT DISTRESSED - [GCNOWQ99]; SUEDE - 1/2"" REDUCER WALNUT - [GCREWH07]; CORDOVAN - 1/2"" REDUCER 8' WALNUT - [GCREWH09]; CANTERBURY - 1/2"" REDUCER 8' WALNUT - [GCREWH10]; FRUITWOOD - 1/2"" REDUCER 8' WALNUT - [GCREWH28]; MERLOT - 1/2"" REDUCER 8' WALNUT - [GCREWH32]; MIDNIGHT - 1/2"" REDUCER WALNUT - [GCREWH34]; NATURAL - 1/2"" REDUCER 8' WALNUT - [GCREWH38]; CUSTOM - 1/2"" REDUCER WALNUT - [GCREWH99]; 9/16 x 2 x 96 REDUCER - WALNUT - [GCREWN00]; CUSTOM - 3/4"" REDUCER WALNUT - [GCREWQ99]; 5/8 x 2 x 96 T-MOULD - WALNUT - [GCTMWF00]; SUEDE - 5/8"" T-MOULD WALNUT - [GCTMWF07]; CORDOVAN - 5/8"" T-MOULD 8' WALNUT - [GCTMWF09]; CANTERBURY - 5/8"" T-MOULD 8' WALNUT - [GCTMWF10]; BLK.WALNUT - 5/8"" T-MOULD WALNUT - [GCTMWF16]; FRUITWOOD - 5/8"" T-MOULD 8' WALNUT - [GCTMWF28]; MERLOT - 5/8"" T-MOULD 8' WALNUT - [GCTMWF32]; MIDNIGHT - 5/8"" T-MOULD WALNUT - [GCTMWF34]; NATURAL - 5/8"" T-MOULD 8' WALNUT - [GCTMWF38]; CUSTOM - 5/8"" T-MOULD WALNUT - [GCTMWF99]; 1/2 x 3 1/2 NOSING - WALNUT - [MONO12W]; 1/2"" SQUARE NOSING WALNUT - [MONO12WS]; 3/4 x 3 1/2 NOSING - WALNUT - [MONO34W]; 1/2 X 2 REDUCER - WALNUT - [MORE12W]; 3/4 X 2-1/4 REDUCER - WALNUT - [MORE34W]; 5/8 X 2 T-MOULD - WALNUT - [MOTMW58]; ANTIQUE - 9/16"" NOSING 8' WALNUT DIST. - [GCNOWN23]; NATURAL - 9/16"" NOSING 8' WALNUT DIST. - [GCNOWN38]; SABLE - 9/16"" NOSING 8' WALNUT DIST. - [GCNOWN19]; ANTIQUE - 5/8"" T-MOULD 8' WALNUT - [GCTMWF23]; SABLE - 5/8"" T-MOULD 8' WALNUT - [GCTMWF19]; ANTIQUE - 5/8"" BABY TRESHOLD 8' WALNUT - [GCBTWF23]; SABLE - 5/8"" BABY TRESHOLD 8' WALNUT - [GCBTWF19]; NATURAL - 5/8"" BABY TRESHOLD 8' WALNUT - [GCBTWF38]; UNFIN - 3/4 X 7 WALNUT DISTRESSED - [GQUDW700]; UNFIN - 1/2 X 3-1/2 X 8' NOSING WALNUT - [MONOHW]; SUEDE - 1/2 X 5 CHARACTER WALNUT - [GCCPW507]; SUEDE - 1/2"" BASESHOE WALNUT - [GCBSWH07]; DUSK - 1/2 x 5 CHARACTER WALNUT - [GCCPW501]; UNFIN/DIST - 3/4 X 4 WALNUT DISTRESSED - [GQUDW400]; 5/8 X 2 X 8' T-MOULD WALNUT - [MOTMFW]; UNFIN - 1/2 X 2 X 8' REDUCER WALNUT - [MOREWH]; DUSK - 5/8"" T-MOULD 8' WALNUT - [GCTMWF01]; DUSK - 1/2"" REDUCER 8' WALNUT - [GCREWH01]; UNFIN. - 5/8 x 5 WALNUT DISTRESSED - [GFUDW500]; SABLE - 9/16"" NOSING WALNUT SMOOTH - [GCNOWSN19]; NATURAL - 9/16"" NOSING WALNUT SMOOTH - [GCNOWSN38]; UNFINISHED - 3/4 X 3 WALNUT DISTRESSED - [GQUDW300]; DISTRESSED - 3/4 X   WALNUT DISTRESSED - [GQUDWZ00]; 5/8 X 3-1/2 X 8' NOSING WALNUT - [MONOFW]; 5/8 X 2 X 8' REDUCER WALNUT - [MOREFW]; UNFIN - 9/16 X 2 X 8' REDUCER WALNUT - [MOREWN]; SONOMA - 5/8"" NOSING 8' WALNUT DIST. - [GCNOWF60]; NAPA - 5/8"" NOSING 8' WALNUT DIST. - [GCNOWF61]; NAPA - 5/8"" REDUCER 8' WALNUT - [GCREWF61]; SONOMA - 5/8"" REDUCER 8' WALNUT - [GCREWF60]; GREENSBORO - 1/2"" REDUCER 8' WALNUT - [GCREWH100]; WILMINGTON - 1/2"" REDUCER 8' WALNUT - [GCREWH101]; CHARLESTON - 1/2"" REDUCER 8' WALNUT - [GCREWH98]; GREENSBORO - 5/8"" T-MOULD 8' WALNUT - [GCTMWF100]; WILMINGTON - 5/8"" T-MOULD 8' WALNUT - [GCTMWF101]; CHARLESTON - 5/8"" T-MOULD 8' WALNUT - [GCTMWF98]; GREENSBORO - 5/8"" BABY TRESHOLD 8' WALNUT - [GCBTWF100]; WILMINGTON - 5/8"" BABY TRESHOLD 8' WALNUT - [GCBTWF101]; CHARLESTON - 5/8"" BABY TRESHOLD 8' WALNUT - [GCBTWF98]; GREENSBORO - 1/2"" NOSING 8' WALNUT - [GCNOWH100]; WILMINGTON - 1/2"" NOSING 8' WALNUT - [GCNOWH101]; CHARLESTON - 1/2"" NOSING 8' WALNUT - [GCNOWH98]; 9/16 x 3 1/2 NOSING - WALNUT - [MONO916W]; BIANCA - 9/16"" NOSING WALNUT DIST. - [GCNOWN62]; CARRERA - 9/16"" NOSING WALNUT DIST. - [GCNOWN63]; BIANCA - 5/8"" BABY TRESHOLD 8' WALNUT - [GCBTWF62]; CARRERA - 5/8"" BABY TRESHOLD 8' WALNUT - [GCBTWF63]; BIANCA - 9/16"" REDUCER 8' WALNUT - [GCREWN62]; CARRERA - 9/16"" REDUCER 8' WALNUT - [GCREWN63]; BIANCA - 5/8"" T-MOULD 8' WALNUT - [GCTMWF62]; CARRERA - 5/8"" T-MOULD 8' WALNUT - [GCTMWF63]; CUSTOM - 5/8 x 7 CHARACTER WALNUT - [GFCPW799]; UNFIN. - 5/8 x 7 WALNUT DISTRESSED - [GFUDW700]; UNFIN/DIST - 5/8"" NOSING 8' WALNUT - [GCNOWF00]; NATURAL - 9/16 X 5 DISTRESSED WALNUT - [AWN5DW38]; UNFIN - 3/4 X 8 WALNUT DISTRESSED - [GQUDW800]; WALNUT - 3/4 X 4-3/4 DIST MAPLE WALNUT - [FFQ434SMW]; DUSK - 1/2"" BASESHOE WALNUT - [GCBSWH01]; CHARLESTON - 1/2"" BASESHOE WALNUT - [GCBSWH98]; NAPA - 5/8"" T-MOULD 8' WALNUT - [GCTMWF61]; SONOMA - 5/8"" T-MOULD 8' WALNUT - [GCTMWF60]; DUSK - 5/8"" T-MOULD 7' WALNUT - [GCTM7WF01]; CORDOVAN - 5/8"" T-MOULD 7' WALNUT - [GCTM7WF09]; MERLOT - 5/8"" T-MOULD 7' WALNUT - [GCTM7WF32]; CORDOVAN - 5/8"" BABY TRESHOLD 7' WALNUT - [GCBT7WF09]; MERLOT - 5/8"" BABY TRESHOLD 7' WALNUT - [GCBT7WF32]; DUSK - 1/2"" REDUCER 7' WALNUT - [GCRE7WH01]; CORDOVAN - 1/2"" REDUCER 7' WALNUT - [GCRE7WH09]; MERLOT - 1/2"" REDUCER 7' WALNUT - [GCRE7WH32]; UNFIN. - 5/8 x 6 WALNUT DISTRESSED - [GFUDW600]; WILMINGTON - 1/2"" BASESHOE WALNUT - [GCBSWH101]; NAPA - 5/8"" BABY TRESHOLD 8' WALNUT - [GCBTWF61]; I. SETTER - 1/2"" BASESHOE WALNUT - [GCBSWH55]; 5/8 X 2 REDUCER - WALNUT - [MORE58W]; NATURAL - 5/8"" NOSING 8' WALNUT DIST. - [GCNOWF38]; CON.CHOICE - *5/8 X 6 CHAR. WALNUT DIST. - [GFCODCW600]; WALNUT - 3/4 X 5 MAPLE WALNUT - [FFQSMMPLWAL]; CON.CHOICE - *5/8 X 4 CHAR. WALNUT DIST. - [GFCODCW400]; NATURAL - 5/8"" REDUCER 8' WALNUT - [GCREWF38]; 5/8 x 3 1/2 NOSING - WALNUT - [MONO58W]; CON.CHOICE - *5/8 X 5 CHAR. WALNUT DIST. - [GFCODCW500]; 3/8 x 3 1/2 NOSING - WALNUT - [MONO38W]; UNFIN - 1/2 X 2 X 8' REDUCER WALNUT - [MOREHW]; UNFIN - 9/16 X 2 X 8' REDUCER WALNUT - [MORENW]",145
WINE C,SUNSTONE - SAMPLE-WINE C. 3/4X3-1/4 MAPLE - [GQWC314SBM108]; MENDOCINO - SAMPLE-WINE C. 3/4X3-1/4 MAPLE - [GQWC314SBM109]; GALANTE - SAMPLE-WINE C. 3/4X3-1/4 MAPLE - [GQWC314SBM110]; JORDAN - SAMPLE-WINE C. 3/4X3-1/4 MAPLE - [GQWC314SBM111]; LANDMARK - SAMPLE-WINE C. 3/4X3-1/4 MAPLE - [GQWC314SBM112]; ARROWOOD - SAMPLE-WINE C. 3/4X3-1/4 MAPLE - [GQWC314SBM113]; OAKSTONE - SAMPLE-WINE C. 3/4X3-1/4 MAPLE - [GQWC314SBM114]; ALEXANDER - SAMPLE-WINE C. 3/4X3-1/4 MAPLE - [GQWC314SBM115]; SANFORD - SAMPLE-WINE C. 3/4X3-1/4 MAPLE - [GQWC314SBM116]; NATURAL - SAMPLE-WINE C. 3/4X3-1/4 MAPLE - [GQWC314SBM38],10
WINTER,"COMPETITION BUSTER - 3/8 X 5 DIST WINTER WHITE - [ETCBH5180]; HICKORY - 1/2"" BASESHOE WINTER WHITE - [GCBSHF180]",2
5 NAT,"CRYSTAL VALLEY - MAPLE NAT. ENG 5"" 2MM - [GHCVM538]",1
5 S E,CONTRACTOR'S CHOICE - 5/8 X 5 PREMIUM W/O S.E - [GFCOO5PS],1
7 S E,CONTRACTOR'S CHOICE - 5/8 X 7 PREMIUM W/O S.E - [GFCOO7PS],1
AB MB,"28.42 SF/CTN - E.OAK 9.5"" UNF. SMOOTH AB MB - [ENFO9500SM]",1
ADINA,3/4 X 4-3/4 MAPLE ADINA - [PQSADI01],1
ADOBE,"PRIVATE SELECTION - EURO OAK 8-5/8"" ADOBE - [GNPSO85804]",1
ADORI,3/4 X 5 OAK ADORI - [PQSADO01],1
AGAVE,"CANTINA BY GARRISON - MAPLE 7.5"" AGAVE - [GHCAM75201]; QUIET PATH - 5MM X 7.08"" X 47.24"" AGAVE - [GVQP702]",2
ALITO,"ALLORA PUROLEGNO - 9MM X 7"" X 1500MM ALITO - [GCPLO702]",1
ALLOY,"ELEMENTS SPC - 6.5MM X 9"" X 60"" - ALLOY - [GVSPC905]; ELEMENTS - REDUCER - ALLOY - [GVSPCRE905]; ELEMENTS - T-MOULDING - ALLOY - [GVSPCTM905]",3
ARDEN,"AQUASHIELD AC4 - 12MM 9.37"" X 60"" ARDEN - [LAMCAS3206]",1
ARIES,"ZODIAC WSPC - EURO OAK - 8MM X 7.5"" X 74"" - ARIES - [GVZO7502]; ZODIAC WSPC - T-MOULDING - ARIES - [GVZOTM7502]; ZODIAC WSPC - REDUCER - ARIES - [GVZORE7502]; ZODIAC WSPC - SOLID REDUCER - ARIES - [GVZORES7502]; ZODIAC - T-MOULDING - ARIES SOLID - [GVZOTMS7502]",5
ASHEN,"NOUVELLE - *EURO OAK 5/8 X 7.5"" ASHEN - [GFNVO7502]",1
ASIAN,3/4 X 3-5/8 ASIAN BIRCH - [GQMOAB35838],1
ASPEN,"RED RIVER - *BIRCH 5"" ASPEN - [GNRRBI583]; RED RIVER - BIRCH 6-1/4"" ASPEN - [GNRRBI61483]; BASESHOE - 1/2"" BASESHOE  ASPEN - [GCBSBIH83]",3
ASTRO,"VINYLNOVA - 6.5MM 9"" X 60"" - ASTRO - [GVVN901]; VINYLNOVA - T-MOULDING - ASTRO - [GVVNTM901]; VINYLNOVA - REDUCER - ASTRO - [GVVNRE901]",3
B M B,NATURAL - 5/8 X 2 S/B WHITE OAK M.B - [AM582SONM]; NATURAL - 5/8 X 2 1/4 S/B RED OAK M.B - [AMF214SRNM]; NATURAL - 3/4 X 4 S/B RED OAK M.B - [AMQ4SRNM]; NATURAL - 5/8 X 2 1/4 S/B WHITE OAK M.B - [AMF214SONM]; NATURAL - 3/4 X 3 S/B WHITE OAK M.B - [AMQ3SONM],5
B S E,5/8 X 3 ENG S/B RED OAK S.E. - [AM583SRSU]; 5/8 X 2-1/4 S/B RED OAK S.E. - [AM58214SRU]; NATURAL - 5/8 X 2 1/4 S/B WHITE OAK S.E - [AMF214SONS]; 5/8 X 2-1/4 S/B WHITE OAK S.E - [AMF214SOS]; 5/8 X 2-1/4 S/B RED OAK S.E - [AMF214SRS],5
B UNF,C.B NOSING 8' BIRCH UNF.DIST. - [GCNO8BIT00]; DISTRESSED - C.B NOSING UNF.HICKORY 8' - [GCNO8HT00],2
B W O,PRAI.WHEAT - 3/4 X 2-1/4 S/B W/O - [UW34214SOP]; PRAI.WHEAT - 3/4 X 3-1/4 S/B W/O - [UW34314SOP]; HONEYROSE - OMNI 3/4 X 3-1/4 S/B W/O - [OMQ314SOH]; ANTIQUE - OMNI 3/4 X 3-1/4 S/B W/O - [OMQ314SOA],4
B WAL,WIRE RACK - PANEL - EXO. ACA. B.WAL. - [GCSBEXA516-1724],1
BE LL,UNFINISHED - 3/4 X 5 FAS WALNUT BE LL - [LQ5FWB],1
BELLA,9/16 X 5 DIST. MAPLE BELLA - [ENNM5DBE],1
BLK W,"CRYSTAL VALLEY - ACACIA SOLID DIST.4-7/8"" BLK.W - [GQCVDA47816]; ACACIA DISTRESSED - CRY.VAL 3/4"" 7' REDUCER BLK W - [GCCVSRE7A16]; ACACIA DISTRESSED - CRY.VAL 3/4"" 8' REDUCER BLK W - [GCCVSRE8A16]; ACACIA - EXOTIC 7' T-MOULD ACACIA BLK W - [GCEXTM7A16]; ACACIA - EXOTIC 8' T-MOULD ACACIA BLK W - [GCEXTM8A16]; ACACIA DISTRESSED - CRY.VAL 3/4"" 4' REDUCER BLK W - [GCCVSRE4A16]; ACACIA - EXOTIC 4' T-MOULD ACACIA BLK W - [GCEXTM4A16]",7
BRASS,"ELEMENTS SPC - 6.5MM X 7"" X 60"" - BRASS - [GVSPC701]; ELEMENTS - REDUCER - BRASS - [GVSPCRE701]; ELEMENTS - T-MOULDING - BRASS - [GVSPCTM701]",3
BRUMA,"ALLORA PUROLEGNO - 9MM X 7"" X 1500MM BRUMA - [GCPLO703]",1
BRYCE,"AQUABLUE II BY GARRISON - 12MM 9"" X 72"" - BRYCE OAK - [GVWPCII109]; AQUA BLUE II BY GARRISON - REDUCER - BRYCE OAK - [GVWPCIIRE109]; AQUA BLUE II BY GARRISON - T-MOULDING - BRYCE OAK - [GVWPCIITM109]",3
BTR O,"3/4 x 2 1/4"" AACER SEL/BTR R/O - [RQ214SRS]; 3/4 x 2 1/4"" #1/BTR R/O - [RQ2141RSHS]",2
C B E,"3/4"" X 7"" #1C WHITE OAK B.E. L - [L3471OB]",1
C OMP,"25"" X 28"" - SAMPLE SET - CAROLINA C. *OMP* - [GCSETCC-2528]",1
C S E,5/8 X 5 ENG.#1C HICKORY S.E. - [AM5851HUSU]; 5/8 X 2-1/4 #1C WHITE OAK S.E - [AMF2141OS],2
C UNF,C.C NOSING UNF.DIST MAPLE 8' - [GCNO8MH00CC],1
CADIZ,"AQUASHIELD AC5 - 12MM 9.37"" X 60"" CADIZ - [LAMCAS3113]",1
CAFFE,"LEGENDS - EURO OAK 7.5"" CAFFE - [GFLEO7503]; LEGENDS - 5X24 HERRINGBONE CAFFE (L) - [GFLEPH501-L]; LEGENDS - 5X24 HERRINGBONE CAFFE (R) - [GFLEPH501-R]; FRENCH CONNECTION - EURO OAK 5/8 X 7"" CAFFE - [GFFCOB7167]; FRENCH CONNECTION - EURO OAK 5/8 X 9 1/2"" CAFFE - [GFFCOB912167]; FRENCH CONNECTION - EUR.OAK 5X24 HERRINGBONE CAFFE - [GFFCOPH5167]; FRENCH CONNECTION - 5X24-1/16 HERRINGBONE CAFFE(L) - [GFFCPH5167-L]; FRENCH CONNECTION - 5X24-1/16 HERRINGBONE CAFFE(R) - [GFFCPH5167-R]; FRENCH CONNECTION - EURO OAK 9/16 X 7 1/2"" CAFFE - [GFFCOB75167]; FRENCH CONNECTION - EURO OAK 9/16 X 7 1/2"" CAFFE - [GNFCOB75167]",10
CANOE,"AQUASHIELD AC4 - 12MM 9.37"" X 60"" CANOE - [LAMCAS3217]",1
CANON,"BEVERLY HILLS - EURO OAK 9.5"" CANON - [GFBHO9502]",1
CANTO,"ALLORA PUROLEGNO - 9MM X 7"" X 1500MM CANTO - [GCPLO704]",1
CEDAR,"AQUASHIELD AC5 - 12MM 9.37"" X 60"" CEDAR - [LAMCAS3117]",1
CHERR,AM.CHERRY - 9/16 X 3-1/2 X 8' NOSING CHERR - [MONONC],1
CIDER,"G PLUS - *HICKORY 5"" CIDER - [GNPLH541]; HICKORY - 1/2"" BASESHOE CIDER - [GCBSHH41]",2
CLEAR,"3/4 x 1 1/2"" CLEAR WHITE OAK - [RQ112COS]; 3/4 x 2-1/4"" CLEAR RED OAK - [RQ214CRS]; 3/4 x 3 1/4"" CLEAR RED OAK - [RQ314CRS]; NATURAL - 3/4 X 3-1/4 CLEAR MAPLE - [PFQ314CLM38]; 3/4 x 1 1/2"" CLEAR RED OAK - [RQ112CRS]",5
CLOUD,"FRENCH CONNECTION - EURO OAK 5/8 X 7"" CLOUD - [GFFCOB7168]",1
COCCO,"BELLISSIMO - MAPLE 7.5"" COCCO - [GHBEM75203]",1
COCOA,"SILVERLINE - BIRCH 6"" COCOA - [GHSLBI6124]; 1/2"" BASESHOE COCOA - [GCBSBIH124]",2
COLOR,"EURO OAK 9.5"" COLOR 23 - [ENFO9523]; EURO OAK 9.5"" COLOR 21 - [ENFO9521]; EURO OAK 9.5"" COLOR 22 - [ENFO9522]; EURO OAK 9.5"" COLOR 24 - [ENFO9524]; EURO OAK 9.5"" COLOR 25 - [ENFO9525]; EURO OAK 9.5"" COLOR 26 - [ENFO9526]; EURO OAK 9.5"" COLOR 27 - [ENFO9527]; EURO OAK 9.5"" COLOR 28 - [ENFO9528]; EURO OAK 7.5"" COLOR 11 - [ENHO7511]; EURO OAK 7.5"" COLOR 12 - [ENHO7512]; EURO OAK 7.5"" COLOR 13 - [ENHO7513]; EURO OAK 7.5"" COLOR 14 - [ENHO7514]; PRIVATE SELECTION - EURO OAK 8-5/8"" COLOR#3 SMOOTH - [ENPSO85803]; PRIVATE SELECTION - EURO OAK 8-5/8"" COLOR#3 SMOOTH - [ENPSO85803-31]; PRIVATE SELECTION - EURO OAK 8-5/8"" COLOR#5 SMOOTH - [ENPSO85805]",15
COMET,"VINYLNOVA - 6.5MM 9"" X 60"" - COMET - [GVVN902]; VINYLNOVA - T-MOULDING - COMET - [GVVNTM902]; VINYLNOVA - REDUCER - COMET - [GVVNRE902]",3
CORFU,"GREEK ISLES - EURO OAK 9.5"" CORFU (M) - [GFGIO95001]; GREEK ISLES - EURO OAK 9.5"" CORFU (L) - [GFGIO9501]; GREEK ISLES - EURO OAK 8 5/8"" CORFU (M) - [GFGIO8001]",3
CORTE,LAMINATE - *GARRISON NOSING CORTE - [GCLANO012]; LAMINATE - *GARRISON REDUCER CORTE - [GCLARE012],2
CRETE,"GREEK ISLES - EURO OAK 9.5"" CRETE (M) - [GFGIO95002]; GREEK ISLES - EURO OAK 9.5"" CRETE (L) - [GFGIO9502]",2
DAISY,"SECRET GARDEN SPC - 6.5MM X 7"" X 48"" - DAISY - [GVSG703]; SECRET GARDEN SPC - T-MOULDING - DAISY - [GVSGTM703]; SECRET GARDEN SPC - REDUCER - DAISY - [GVSGRE703]",3
DE SO,HICKORY - CANTINA 7' T-MOULD COSTA DE SO - [GCCATM7H102]; HICKORY - CANTINA 8' T-MOULD COSTA DE SO - [GCCATM8H102]; HICKORY - CANTINA 7' REDUCER COSTA DE SO - [GCCARE7H102]; HICKORY - CANTINA 8' REDUCER COSTA DE SO - [GCCARE8H102],4
DIJON,LAMINATE - GARRISON NOSING DIJON - [GCLANO006]; LAMINATE - GARRISON T-MOULDING DIJON - [GCLATM006]; LAMINATE - GARRISON REDUCER DIJON - [GCLARE006],3
DOVER,"1/2"" BASESHOE DOVER - [GCBSOH140]; DIANA COLLECTION AC4 - 10MM 9.37"" X 60"" DOVER - [LAMCDN8705]",2
DULCE,"CANTINA BY GARRISON - MAPLE 7.5"" DULCE - [GHCAM75203]; CANTINA BY GARRISON - MAPLE 7"" DULCE - [GHCAM7203]",2
E PLY,CONTRACTORS CHOICE - 5/8 X 5 PREM. HICKORY S.E 2PLY - [GFCOH5PS2P],1
EBONY,"EBONY REDUCER - [MTL4704]; EUROPEAN OAK - 9/16 X 7-1/2"" EBONY - [EOEWO72EB43]; EUROPEAN OAK - 9/16 NOSING EBONY - [EONONEB]; EUROPEAN OAK - 5/8 BABY THRESHOLD EBONY - [EOBTNEB]",4
END M,"1/2 x 2"" RIFT/QTR W/O NO END M - [RH2QOSNEM]",1
FLASH,"ILLUMIN8 - 12MM 7.72"" X 48"" FLASH - [GLIL804]",1
FLUSH,RED OAK - *FLUSH NOSING RED OAK - [LALXFNOCS06],1
GENOA,"DISTRESSED - 9/16 X 5 HICKORY GENOA - [ENNH5161]; DAVINCI II - EURO OAK 7.5"" GENOA - [GNDV2O701]",2
GLAZE,"ILLUMIN8 - 12MM 7.72"" X 48"" GLAZE - [GLIL805]",1
GRANO,"BELLISSIMO - MAPLE 7.5"" GRANO - [GHBEM75205]",1
HANNA,"COUNTRY CHARM GLUE DOWN - 3MM X 7"" X 48"" HANNA - [GVCC705]",1
HOLLY,"SECRET GARDEN SPC - 6.5MM X 7"" X 48"" - HOLLY - [GVSG705]; SECRET GARDEN SPC - T-MOULDING - HOLLY - [GVSGTM705]; SECRET GARDEN SPC - REDUCER - HOLLY - [GVSGRE705]",3
HONEY,"HONEY - 3/4 x 3-1/4 MAPLE HONEY - [TMQ314HM]; HONEY OAK - 5/8"" T-MOULD 7' HONEY OAK - [GCTM7DO553]; SELECT - 3/4 X 3-3/8 HONEY MAPLE - [PFQ338SM113]; 3/4 X 3-1/2"" HONEY MAPLE - [PFQ312M166]; SELECT - 3/4 X 3-1/2 HONEY MAPLE - [PFQ312SM113]; 3/4 X 3-1/2 CHAR.MAPLE HONEY - [PFQ312CM113]; SMOOTH - 3/8X5 SMOOTH RED OAK HONEY - [ETSRO553]; QUIET PATH - 5MM X 7.08"" X 47.24"" HONEY - [GDQPLLT3010]",8
IBIZA,"SILK SURF - 12.3MM 5-3/4"" IBIZA - [LALXSS04]",1
JATOB,UNFINISH - 9/16 X 3-1/2 X 8' NOSING JATOB - [MONONB],1
KENIA,"3/4X3-1/2,4-3/4 OAK KENIA - [PQSKEN01]",1
LATTE,"GII DISTRESSED - MAPLE 5"" LATTE DISTRESSED - [GNIIM5171]; GII DIST - MAPLE 5"" LATTE DISTRESSED - [GNIIM5171]; LATTE - 1/2"" BASESHOE LATTE - [GCBSBH171]; MAPLE - 1/2"" BASESHOE LATTE - [GCBSMH171]",4
LEEDS,"DIANA COLLECTION AC4 - 10MM 9.37"" X 60"" LEEDS - [LAMCDN8706]",1
LIBRA,"ZODIAC WSPC - EURO OAK - 8MM X 7.5"" X 74"" - LIBRA - [GVZO7506]; ZODIAC WSPC - T-MOULDING - LIBRA - [GVZOTM7506]; ZODIAC WSPC - REDUCER - LIBRA - [GVZORE7506]",3
LINEN,"GOLD LABEL - OAK 9.5"" LINEN - [GFGLR9503]",1
LL SE,5/8 X2 1/4 FAS WHITE OAK LL SE - [LF214FOS]; 3/4 X 5 CHARACTER MAPLE LL SE - [LQ5CMS],2
LOTUS,"GOLD LABEL - OAK 9.5"" WHITE LOTUS - [GFGLR9506]",1
LUCCA,"DAVINCI II - EURO OAK 7.5"" LUCCA - [GNDV2O708]",1
LUNAR,"VINYLNOVA - 6.5MM 9"" X 60"" - LUNAR - [GVVN909]; VINYLNOVA - T-MOULDING - LUNAR - [GVVNTM909]; VINYLNOVA - REDUCER - LUNAR - [GVVNRE909]",3
MA NA,"MAPLE - CRY.VAL 9/16"" 7' REDUCER MA NA - [GCCVRE7MN38]",1
MB LL,UNFINISHED - 3/4 X 5 #1C WALNUT MB LL - [LQ51WM]; UNFINISHED - 3/4 X 3 #1C WALNUT MB LL - [LQ31WM]; UNFINISHED - 3/4 X 7 #1C WALNUT MB LL - [LQ71WM]; UNFINISHED - 3/4 X 4 CHARACTER WALNUT MB LL - [LQ4CWM]; B.WALNUT - 3/4 X 7 SELECT IPE MB LL - [LQ7SIM]; UNFINISHED - 3/4 X 4 CHARACTER MAPLE MB LL - [LQ4CMM]; UNFINISHED - 3/4 X 3 CHARACTER WALNUT MB LL - [LQ3CWM],7
MELBA,"COUNTRY CHARM GLUE DOWN - 3MM X 7"" X 48"" MELBA - [GVCC709]; LVT (20 MIL) - 3MM X 9"" X 60"" MELBA - [GVLV3065626W]; QUIETPATH (20 MIL) - 5MM X 7"" X 48"" MELBA - [GDQP2EBD65626]; LVT (20 MIL) - 3MM X 7"" X 48"" MELBA - [GVLV3065626]",4
MELZI,"BELLAGIO - EURO OAK 7.5"" MELZI (M) - [GNBLO75003]; BELLAGIO - EURO OAK 7.5"" MELZI (L) - [GNBLO7503]",2
MIELE,"BELLISSIMO - MAPLE 7.5"" MIELE - [GHBEM75206]",1
MILAN,"WANDERLUXE - EURO OAK 9.5"" MILAN (R) - [GFWLO908]",1
MOCHA,"1/2"" BASESHOE MAPLE MOCHA - [GCBSMH36]",1
MONZA,"LEGENDS - EURO OAK 9.5"" MONZA - [GFLEO9503]; VILLA GIALLA - EURO OAK 9-1/2"" MONZA - [GFVGO911]",2
NAT 5,"CRYSTAL VALLEY - MAPLE NAT. ENG 5"" 2MM - [GHCVM538]",1
NAT P,"GII SMOOTH - MAPLE CHAR. 5"" SM. NAT 2P - [GNSSM5382P]",1
NESSO,"BELLAGIO - EURO OAK 7.5"" NESSO (L) - [GNBLO7507]; BELLAGIO - EUR.OAK 5X24 HERRINGBONE NESSO - [GNBLPH507]; 22.5"" X 28"" - PANEL - 5X24 HERRINGBONE NESSO - [GCSBBLPH507-2228]; DAVINCI - EURO OAK 7.5"" NESSO - [GNDVO713]; 22.5"" X 28"" - PANEL - 5X24 HERRINGBONE NESSO - [GCSBDAPH507-2228]; DAVINCI - 5X24 HERRINGBONE NESSO (R) - [GNDVPHO513-R]; DAVINCI - 5X24 HERRINGBONE NESSO (L) - [GNDVPHO513-L]; DAVINCI - EURO OAK 7.5"" NESSO UV OIL - [GNDVO713O]",8
O AUT,WIRE RACK - PANEL - GII D. W/O AUT. - [GCSBIIO513-1724]; WIRE RACK - PANEL - GII D. W/O AUT. <N/L> - [GCSBIIO513-1724PL],2
O B E,"5/16 x 3"" SELECT R/O B.E - [RFS3SRB]; 5/16 x 4"" SELECT W/O B.E - [RFS4SOB]",2
O NAT,"CRYSTAL VALLEY - W/O NAT. ENG 3-1/4"" 2MM - [GHCVO31438]; CRYSTAL VALLEY - W/O NAT. ENG 5"" 2MM - [GHCVO538]; CRYSTAL VALLEY - R/O NAT. ENG 3-1/4"" 2MM - [GHCVR31438]; CRYSTAL VALLEY - R/O NAT. ENG 5"" 2MM - [GHCVR538]; 3/4 X 3-3/16 BLDR W/O NAT. - [UW34316BON]; CRYSTAL V - W/O NAT. ENG 3-1/4"" 2MM - [GHCVO31438]; CRY.VAL 9/16"" NOSING W/O NAT. - [GCNO7OSN38]; SMOOTH - 9/16 X 5 4MM SQ EDGE W/O NAT. - [ENNOS538]; RED OAK - CRY.VAL 3/4"" 7' NOSING R/O NAT - [GCCVSNO7R38]; RED OAK - CRY.VAL 3/4"" 8' NOSING R/O NAT - [GCCVSNO8R38]; RED OAK - CRY.VAL 7' BABY T-HOLD R/O NAT - [GCCVBT7R38]; RED OAK - CRY.VAL 8' BABY T-HOLD R/O NAT - [GCCVBT8R38]; CRY.VAL 7' BABY T-HOLD W/O NAT - [GCCVBT7O38]; CRY.VAL 3/4"" 7' NOSING W/O NAT - [GCCVSNO7O38]; CRY.VAL 3/4"" 8' NOSING W/O NAT - [GCCVSNO8O38]; CRY.VAL 8' BABY T-HOLD W/O NAT - [GCCVBT8O38]; WIRE RACK - PANEL - CV 3.25"" W/O NAT. - [GCSBCVO31438-1724]; WIRE RACK - PANEL - CV 3.25"" R/O NAT. - [GCSBCVR31438-1724]; WIRE RACK - PANEL - CV 5"" W/O NAT. - [GCSBCVO538-1724]; WIRE RACK - PANEL - CV 5"" R/O NAT. - [GCSBCVR538-1724]",20
O OMP,"WATERFALL - PANEL - C.CHOICE W/O 2.25""*OMP - [GCSBCOO214PS-2428]; WATERFALL - PANEL - C.CHOICE W/O 5""*OMP* - [GCSBCOO5PS-2528]; WATERFALL - PANEL - C.CHOICE W/O 7""*OMP* - [GCSBCOO7PS-2828]; WATERFALL - PANEL - C.CHOICE R/O 2.25""*OMP - [GCSBCOR214PS-2428]",4
O PLY,CONTRACTORS CHOICE - 5/8 X 7 PREM. W/O 2 PLY - [GFCOO7PS2P],1
O S E,"CONTRACTOR'S CHOICE - 5/8 X 2-1/4 PREMIUM W/O S.E - [GFCOO214PS]; CONTRACTOR'S CHOICE - 5/8 X 3 1/4 PREMIUM W/O S.E - [GFCOO314PS]; CONTRACTOR'S CHOICE - 5/8 X 5 PREMIUM W/O S.E - [GFCOO5PS]; CONTRACTOR'S CHOICE - 5/8 X 7 PREMIUM W/O S.E - [GFCOO7PS]; 3/4 X 6"" #1C RIFT/QTR W/O S.E - [RQ61RQOS]; 3/4 X 4"" FAS RIFT/QTR R/O S.E - [LQ4FRQRS]; 3/4 X 6"" FAS RIFT/QTR R/O S.E - [LQ6FRQRS]; 3/4 X 8"" FAS RIFT/QTR R/O S.E - [LQ8FRQRS]; 3/4 X 6"" FAS RIFT/QTR W/O S.E - [LQ6FRQOS]; CON.CHOICE - 5/8 X 3-1/4 SELECT R/O S.E - [GFCC314SRS]; CON.CHOICE - 5/8 X 3-1/4 #1 R/O S.E - [GFCC3141RS]; CON.CHOICE - 5/8 X 4 SELECT R/O S.E - [GFCC4SRS]; CON.CHOICE - 5/8 X 4 #1 R/O S.E - [GFCC41RS]; CON.CHOICE - 5/8 X 5 SELECT R/O S.E - [GFCC5SRS]; CON.CHOICE - 5/8 X 5 #1 R/O S.E - [GFCC51RS]; CON.CHOICE - 5/8 X 3-1/4 PREM. QTR W/O S.E - [GFCC314PQOS]; CON.CHOICE - 5/8 X 4 PREM. QTR W/O S.E - [GFCC4PQOS]; CON.CHOICE - 5/8 X 5 PREM. QTR W/O S.E - [GFCC5PQOS]; 5/8 X 5 SEL/BTR W/O S.E. - [AM585SOSU]; 3/4 X 3"" FAS RIFT/QTR W/O S.E - [LQ3FRQOS]; ENG. UNF - 5/8 X 5 SELECT R/O S.E - [AMF5SRS]; ENG. UNF - 5/8 X 7 SELECT R/O S.E - [AMF7SRS]; CON.CHOICE - 5/8 X 2 1/4 CHARACTER W/O S.E - [GFCOO214CS]; CON.CHOICE - *5/8 X 3 1/4 CHARACTER W/O S.E - [GFCOO314CS]; CON.CHOICE - *5/8 X 4 CHARACTER W/O S.E - [GFCOO4CS]; CON.CHOICE - *5/8 X 5 CHARACTER W/O S.E - [GFCOO5CS]; CON.CHOICE - 35/8 X 6 CHARACTER W/O S.E - [GFCOO6CS]; CON.CHOICE - 5/8 X 7 CHARACTER W/O S.E - [GFCOO7CS]; CON.CHOICE - 5/8 X 7 PREMIUM W/O S.E - [GFCOO7PS]; CON.CHOICE - *5/8 X 6 PREMIUM W/O S.E - [GFCOO6PS]; CON.CHOICE - 5/8 X 5 PREMIUM W/O S.E - [GFCOO5PS]; CON.CHOICE - *5/8 X 4 PREMIUM W/O S.E - [GFCOO4PS]; CON.CHOICE - 5/8 X 3 1/4 PREMIUM W/O S.E - [GFCOO314PS]; CON.CHOICE - 5/8 X 2-1/4 PREMIUM W/O S.E - [GFCOO214PS]; CON.CHOICE - 5/8 X 2 1/4 CHAR. R&Q W/O S.E - [GFCOORQ214CS]; CON.CHOICE - *5/8 X 4 CHAR. R&Q W/O S.E - [GFCOORQ4CS]; CON.CHOICE - 5/8 X 5 CHAR. R&Q W/O S.E - [GFCOORQ5CS]; CON.CHOICE - *5/8 X 6 CHAR. R&Q W/O S.E - [GFCOORQ6CS]; CON.CHOICE - 5/8 X 7 CHAR. R&Q W/O S.E - [GFCOORQ7CS]; CON.CHOICE - 5/8X31/4 PREM.RIFT/QTR W/O S.E - [GFCOORQ314PS]; CON.CHOICE - *5/8 X 4 PREMIUM R&Q W/O S.E - [GFCOORQ4PS]; CON.CHOICE - 5/8 X 5 PREMIUM R&Q W/O S.E - [GFCOORQ5PS]; CON.CHOICE - *5/8 X 6 PREMIUM R&Q W/O S.E - [GFCOORQ6PS]; CON.CHOICE - 5/8 X 7 PREMIUM R&Q W/O S.E - [GFCOORQ7PS]; 5/8 X 5 SEL/BTR R/Q W.O. S.E. - [AM585SROSU]; CON.CHOICE - 5/8 X2-1/4 PREMIUM R&Q W/O S.E - [GFCOORQ214PS]; UNFINISHED - 3/4 X 7 #1,2 MIX W/O S.E. L/L - [LQ712OS]; 3/4 X 5"" FAS RIFT/QTR W/O S.E - [LQ5FRQOS]; 3/4 X 4"" FAS RIFT/QTR W/O S.E - [LQ4FRQOS]",49
O UNF,GII NOSING W/O UNF.DIST.8' - [GCNO8ON00],1
OASIS,"WHEAT - OASIS 9/16 X 3-9/16 BIRCH - [OA9163B E]; NATURAL - OASIS 9/16 X 3-9/16 OAK - [OA9163O E]; WHEAT - OASIS 1/2 X 3-9/16 BIRCH - [OAH3BIW]; NATURAL - OASIS 1/2 X 3-9/16 OAK - [OAH3OA]; NATURAL - OASIS 1/2 X 3-9/16 HICKORY - [OAH3HI]; NATURAL - OASIS 1/2 X 5 HICKORY - [OAH5HI]; TOBACCO - OASIS 9/16 X 5 OAK DIST. - [OAN5OADT]; GUNSTOCK - OASIS 9/16 X 5 HICKORY DIST. - [OAN5HIDG]; NATURAL - OASIS 9/16 X 5 HICKORY DIST. - [OAN5HIDN]; SUNSET - OASIS 9/16 X 5 HICKORY DIST. - [OAN5HIDS]; NATURAL - OASIS 1/2 X 5 RED OAK - [OAH5RO]; WHEAT - OASIS 9/16 X 5 BIRCH DIST. - [OAN5BIDW]; CHESTNUT - OASIS 9/16 X 5 BIRCH DIST. - [OAN5BIDC]; NATURAL - OASIS 1/2"" HICKORY NOSING 8' - [OANOHHN]",14
OMBRA,"ALLORA PUROLEGNO - 9MM X 7"" X 1500MM OMBRA - [GCPLO705]",1
OZARK,"AQUASHIELD AC4 - 12MM 9.37"" X 60"" OZARK - [LAMCAS3215]",1
PAOLO,"DAVINCI - *HICKORY 5"" PAOLO - [GNDVH566]; DAVINCI - EURO OAK 8-5/8"" PAOLO - [GNDVO802]; DAVINCI - EURO OAK 7.5"" PAOLO - [GNDVO711]",3
PARIA,"LEGENDS - EURO OAK 10.25"" PARIA - [GFLEO1003]; CANYON CREST - EURO OAK 10-1/4"" PARIA - [GFCYO1008]",2
PARIS,"FRENCH CONNECTION - EURO OAK 5/8 X 7"" PARIS - [GFFCOB778]",1
PARMA,"DAVINCI II - EURO OAK 7.5"" PARMA - [GNDV2O703]",1
PAXON,"AQUASHIELD AC4 - 12MM 9.37"" X 60"" PAXON - [LAMCAS3209]",1
PECAN,"3/4"" NOSING - HICKORY/PECAN - [MONO34H]; BEAUFORT - 1/2"" REDUCER 8' HICKORY PECAN - [GCREHH88]; CHARLOTTE - 1/2"" REDUCER 8' HICKORY PECAN - [GCREHH89]; SALEM - 1/2"" REDUCER 8' HICKORY PECAN - [GCREHH90]; WINSTON - 1/2"" REDUCER 8' HICKORY PECAN - [GCREHH91]; 7/16 X 6.5"" DIST. BIRCH PECAN - [ENSDB6501]",6
PEONY,"SECRET GARDEN SPC - 6.5MM X 7"" X 48"" - PEONY - [GVSG709]; SECRET GARDEN SPC - REDUCER - PEONY - [GVSGRE709]; SECRET GARDEN SPC - T-MOULDING - PEONY - [GVSGTM709]; SECRET GARDEN SPC - 6.5MM X 9"" X 60"" - PEONY - [GVSG909]",4
PINOT,"LEGENDS - EURO OAK 7.5"" PINOT - [GFLEO7506]; VINEYARD - EURO OAK 8-5/8"" PINOT - [GNVYO906]; VINEYARD - EURO OAK 7.5"" PINOT UV OIL - [GFVYO7506O]; VINEYARD - EURO OAK 7.5"" PINOT - [GFVYO7506]",4
POPPY,"SECRET GARDEN SPC - 6.5MM X 7"" X 48"" - POPPY - [GVSG710]; SECRET GARDEN SPC - REDUCER - POPPY - [GVSGRE710]; SECRET GARDEN SPC - T-MOULDING - POPPY - [GVSGTM710]; SECRET GARDEN SPC - 6.5MM X 9"" X 60"" - POPPY - [GVSG910]",4
PRATO,"DAVINCI II - EURO OAK 7.5"" PRATO - [GNDV2O704]",1
PRIME,GOLDEN OAK - 3/4 X 3-1/4 PRIME WHITE OAK - [CWQ314PGO]; NATURAL - 3/4 X 3-1/4 PRIME MAPLE - [CWQ314PMN]; GOLDEN - 3/4 X 3-1/4 PRIME WHITE OAK - [CWQ314SOGO]; NATURAL - 3/4 X 3-1/4 PRIME WHITE OAK - [CWQ314PON]; CHERRY - 3/4 X 3-1/4 PRIME MAPLE - [CWQ314PMC]; NATURAL - 3/4 X 5 PRIME WHITE OAK - [CWQ5ON]; GOLDEN - 3/4 X 5 PRIME WHITE OAK - [CWQ5OG]; NATURAL - 3/4 X 2-1/4 PRIME MAPLE - [CWQ214PMN]; BRANDY - 3/4 X 3-1/4 PRIME WHITE OAK - [CWS0145F]; CHERRY - 9/16 X 5 PRIME MAPLE - [CWF5PMC]; LATTE - 3/4 X 3-1/4 PRIME MAPLE - [CWQ314PML]; NATURAL - 3/4 X 3-1/2 PRIME WHITE OAK - [CWS0138F]; GOLDEN - 3/4 X 3-1/2 PRIME WHITE OAK - [CWS0139F]; NATURAL - 3/4 X 4 7/8 PRIME MAPLE - [CWS0213F]; GOLDEN - 3/4 X 4-7/8 PRIME WHITE OAK - [CWS055S]; GUNSTOCK - 3/4 X 3-1/2 PRIME WHITE OAK - [CWSO157F]; CHERRY - 3/4 X 3-1/2 PRIME MAPLE - [CWQ312PMC]; LATTE - 3/4 X 3-1/2 PRIME MAPLE - [CWQ312PML]; GOLDEN OAK - 3/4 X 3-1/2 PRIME WHITE OAK - [CWQ312PGO]; NATURAL - 3/4 X 4 7/8 PRIME WHITE OAK - [CWS0154F]; CHESTNUT - 3/4 X 3-1/2 PRIME WHITE OAK - [CWS0143F]; NATURAL - 3/4 X 5 PRIME RED OAK - [CWQS0604F]; CHERRY - 3/4 X 4 3/4 MAPLE PRIME - [CWS0244F],23
PRIMO,"BELLAGIO - EURO OAK 7.5"" PRIMO (M) - [GNBLO75005]; BELLAGIO - EURO OAK 7.5"" PRIMO (L) - [GNBLO7505]; VINEYARD - EURO OAK 8-5/8"" PRIMO - [GNVYO909]",3
PROVO,"CANYON CREST - EURO OAK 10-1/4"" PROVO - [GFCYO1009]",1
Q W O,"3/8 x 1-1/2"" R & Q W/O - [RT112QOS]; CON.CHOICE - *5/8 X 4 CHAR. R&Q W/O DIST. - [GFCODCORQ400]; CON.CHOICE - *5/8 X 5 CHAR. R&Q W/O DIST. - [GFCODCORQ500]; RANDOM - 1/2 x 1 1/2"" R & Q W/O - [RH112QOSSP]; CON.CHOICE - *5/8 X 3-1/4 CHAR R&Q W/O DIST - [GFCODCORQ31400]",5
QTR O,"ARB CREEK - 1/2 x 1 1/2"" QTR R/O - [RH112QRS]; ARB CREEK - 1/2 x 2"" RIFT/QTR R/O - [RH2QRS]; 3/4 X 3 1/4 RIFT/QTR R/O - [RQ314QRSSP]",3
RH OS,USE ITEM RH1121OS - [RH1121OSSP],1
RISER,"MOCHA - 7 1/4"" RISER MAPLE - [GCRIMQ36]; CUSTOM - 3/4 X 7-1/4"" RISER MAPLE - [GCRIMQ99]; 3/4 x 7 1/4 RISER - MAPLE - [MORIM]; 3/4 x 7 1/4 RISER - RED OAK - [MORIR]; HARVEST - 3/4 X 7-1/4"" RISER MAPLE - [GCRIMQ17]; ESPRESSO - 3/4 X 7-1/4"" RISER MAPLE - [GCRIMQ08]; UNFIN - 3/4 X 7-1/4"" RISER MAPLE DIST. - [GCRIMQ00]; WHEAT - 3/4 X 7-1/4"" RISER MAPLE - [GCRIMQ54]; 5/16 x 7 RISER - RED OAK - [MORI7R]; 5/16 x 7 RISER - WHITE OAK - [MORI7O]; BLK.STONE - 3/4 X 7-1/4"" RISER WHITE OAK - [GCRIOQ74]; RALEIGH - 3/4 X 7-1/4"" RISER MAPLE - [GCRIMQ94]; UNFIN/DIST - 3/4 X 7-1/4 WHITE OAK RISER - [GCRIOQ00]; 1/2 x 7 1/4 RISER - MAPLE - [MORIM12]; CHESTNUT - 3/4 X 7-1/4"" RISER MAPLE - [GCRIMQ06]",15
RL EM,3/4 X 5 1ST MAPLE SE RL EM - [RQ5FMS],1
ROMAN,3/4 X 4-3/4 BIRCH ROMAN - [PQSBRO217],1
S B O,NATURAL - OMNI 3/4 X 2-1/4 S/B R/O - [OMQ214SRN]; NATURAL - OMNI 3/4 X 3-1/4 S/B R/O - [OMQ314SRN]; NATURAL - OMNI 3/4 X 4 S/B R/O - [OMQ4SRN],3
S E 5,CONTRACTOR'S CHOICE - 5/8 X 5 PREMIUM W/O S.E - [GFCOO5PS],1
S E 7,CONTRACTOR'S CHOICE - 5/8 X 7 PREMIUM W/O S.E - [GFCOO7PS],1
SABLE,"WALNUT - 9/16"" REDUCER 8' SABLE - [GCREWN19]; WALNUT - SAMPLE - SMOOTH 5"" SABLE - [GNSS5WSB19]; WALNUT - 1/2"" BASESHOE SABLE - [GCBSWH19]; SMOOTH - 1/2 X 6 SMOOTH BIRCH SABLE - [EHSB619]; SMOOTH - 1/2 X 6 SMOOTH BIRCH SABLE - [EHSB602]",5
SALEM,"CAROLINA CLASSIC - HICKORY 5"" SALEM - [GHCCH590]; HICK/PECAN - 5/8"" T-MOULD SALEM - [GCTMHF90]; HICKORY - 1/2"" BASESHOE SALEM - [GCBSHH90]",3
SANDS,"GARRISON LAMINATE - 12MM 7.5"" X 70.8"" WHITE SANDS - [GCLA7512]",1
SAVVY,"COUNTRY CHARM GLUE DOWN - 3MM X 7"" X 48"" SAVVY - [GVCC713]",1
SE EM,"3/4 X 3"" FAS R/Q W/O LL SE EM - [LQ3FRQOSEM]",1
SE LL,UNFIN - 3/4 X 5 FAS BRA/CHERRY SE LL - [LQ5CBS]; UNFINISHED - 3/4 X 5 FAS WALNUT SE LL - [LQ5FWS]; UNFINISHED - 3/4 X 5 CLR BRAZ. WALNUT SE LL - [LQ5CBWS]; UNFIN - SOLID 1/2 X 3 CHAR WAL. SE LL - [LH3CWS]; UNFIN - SOLID 1/2 X 5 CHAR WAL. SE LL - [LH5CWS]; UNFINISHED - 3/4 X 4 CHARACTER WALNUT SE LL - [LQ4CWS]; 1/2 x 2 CLEAR WHITE OAK SE LL - [LH2COS]; UNFIN - SOLID 1/2 X 3 FAS WALNUT SE LL - [LH3FWS]; UNFIN - SOLID 1/2 X 4 FAS WALNUT SE LL - [LH4FWS]; UNFIN - SOLID 1/2 X 6 FAS WALNUT SE LL - [LH6FWS]; 1/2 x 2 FAS WHITE OAK SE LL - [LH2FOS]; UNFINISHED - 3/4 X 3 CHARACTER WALNUT SE LL - [LQ3CWS],12
SEL O,"NATURAL - OMP CALI 9/16 X 5 SEL R/O - [OMPN5SR38]; NATURAL - OMP CALI 9/16 X 3"" SEL R/O - [OMPN3SR38]",2
SELLA,"ALLORA - EURO OAK 7.5"" SELLA - [GFALO7505]; ALLORA - EURO OAK 7.5"" SELLA SELECT - [GFALO7505S]; ALLORA - EURO OAK 9.5"" SELLA - [GFALO9505]; ALLORA - EURO OAK 9.5"" SELLA SELECT - [GFALO9505S]; ALLORA BY GARRISON - EURO OAK 7.5"" SELLA - [GFALO7505]; ALLORA BY GARRISON - EURO OAK 7.5"" SELLA SELECT - [GFALO7505S]; ALLORA BY GARRISON - AL 92"" SQUARE NOSING SELLA - [GCALSNO7O05]; ALLORA BT GARRISON - AL 92"" REDUCER SELLA - [GCALRE7O05]; ALLORA - AL 8' T-MOULD SELLA - [GCALTMO8O05]; ALLORA - AL 8' BABY TRESHOLD SELLA - [GCALBTO8O05]; ALLORA - AL 8' NOSING SELLA - [GCALNOO8O05]; ALLORA BY GARRISON - AL 8' REDUCER SELLA - [GCALRE8O05]; ALLORA BY GARRISON - EURO OAK 9.5"" SELLA - [GFALO9505]; ALLORA BY GARRISON - EURO OAK 9.5"" SELLA SELECT - [GFALO9505S]; ALLORA BY GARRISON - 4-3/4 X 23-5/8 HB SELLA (L) - [GFALPH405-L]; ALLORA BY GARRISON - 4-3/4 X 23-5/8 HB SELLA (R) - [GFALPH405-R]; ALLORA BY GARRISON - 4-3/4 X 23-5/8 HB SELLA (L) - [GFALPH405L-10]; ALLORA BY GARRISON - 4-3/4 X 23-5/8 HB SELLA (R) - [GFALPH405R-10]",18
SET B,"WIRE RACK - GARRISON RACK-DOUBLE,SET A & B - [GCRACK09]",1
SIENA,"DAVINCI II - EURO OAK 7.5"" SIENA - [GNDV2O711]",1
SMOKE,"SILVERLINE - BIRCH 6"" SMOKE - [GHSLBI621]; BASESHOE - 1/2"" BASESHOE SMOKE - [GCBSBIH21]",2
SPARK,"ILLUMIN8 - 12MM 7.72' X 48"" SPARK - [GLIL808]",1
SPICE,"COMPETITION BUSTER - 3/8 X 5 DIST BIRCH SPICE - [ETCBB5145]; 1/2 x 3 RED OAK SPICE GARRISON - [GCGAR346]; 1/2 x 5 RED OAK SPICE GARRISON - [GCGAR546]; 1/2 x 7 RED OAK SPICE GARRISON - [GCGAR746]; BIRCH - 5/8"" BABY TRESHOLD 7' SPICE - [GCBT7BF145]; BASESHOE - 1/2"" BASESHOE SPICE - [GCBSBIH145]",6
STEEL,"ELEMENTS SPC - 6.5MM X 7"" X 60"" - STEEL - [GVSPC705]; ELEMENTS - REDUCER - STEEL - [GVSPCRE705]; ELEMENTS - T-MOULDING - STEEL - [GVSPCTM705]",3
SUEDE,"GOLD LABEL - OAK 9.5"" SUEDE - [GFGLR9505]",1
SYRAH,"FRENCH CONNECTION - EURO OAK 5/8 X 7"" SYRAH - [GFFCOB7117]",1
SYRUP,"GII DISTRESSED - MAPLE 5"" SYRUP DISTRESSED - [GNIIM577]; GII SMOOTH - MAPLE 5"" SMOOTH SYRUP - [GNSSM577]; GII DIST - MAPLE 5"" SYRUP DISTRESSED - [GNIIM577]; DELUXE - *MAPLE 6"" SYRUP - [GFDXM677]; MAPLE - SAMPLE - SMOOTH 5"" SYRUP - [GNSS5MSB77]; G PLUS - *MAPLE 5"" SYRUP - [GNPLM577]; MAPLE - 1/2"" BASESHOE SYRUP - [GCBSMH77]; SELECT - 3/4 X 3-3/8 SYRUP MAPLE - [PFQ338SM77]",8
TAWNY,"URBANIA - 5/8 X 6"" TAWNY OAK - [URUC17205]",1
TITUS,"CANYON CREST - EURO OAK 10-1/4"" TITUS - [GFCYO1011]",1
TOFFE,TOFFE - 9/16 X 3 1/2 MAPLE TOFFE - [TMN312MT],1
TOKYO,"WANDERLUXE - EURO OAK 9.5"" TOKYO (R) - [GFWLO911]; WANDERLUXE - EURO OAK 9.5"" TOKYO (L) - [GFWLO9011]",2
TREAD,"1 X 11-3/4 TREAD - MAPLE - [MOTRM]; ESPRESSO - 11-3/4"" TREAD MAPLE DIST. - [GCTRMO08]; ESPRESSO - 11-3/4"" TREAD MAPLE SMOOTH - [GCTRMSO08]; WHEAT - 11-3/4"" TREAD MAPLE DIST. - [GCTRMO54]; RED OAK - 1-1/16"" X 11-1/2"" X 36"" TREAD - [MOTR1116R36]; RED OAK - 1-1/16"" X 11-1/2"" X 42"" TREAD - [MOTR1116R42]; RED OAK - 1-1/16"" X 11-1/2"" X 48"" TREAD - [MOTR1116R48]; WHITE OAK - 1-1/16"" X 11-1/2"" X 36"" TREAD - [MOTR1116O36]; WHITE OAK - 1-1/16"" X 11-1/2"" X 42"" TREAD - [MOTR1116O42]; WHITE OAK - 1-1/16"" X 11-1/2"" X 48"" TREAD - [MOTR1116O48]; RED OAK - 1-1/16"" X 11-1/2"" X 60"" TREAD - [MOTR1116R60]; WHITE OAK - 1-1/16"" X 11-1/2"" X 60"" TREAD - [MOTR1116O60]; EURO OAK - 1"" X 11 3/4"" EURO OAK TREAD - [MOTREO]",13
TULIP,"SECRET GARDEN SPC - 6.5MM X 7"" X 48"" - TULIP - [GVSG712]; SECRET GARDEN SPC - REDUCER - TULIP - [GVSGRE712]; SECRET GARDEN SPC - T-MOULDING - TULIP - [GVSGTM712]; SECRET GARDEN SPC - 6.5MM X 9"" X 60"" - TULIP - [GVSG912]",4
TYLER,"DIANA COLLECTION AC4 - 10MM 9.37"" X 60"" TYLER - [LAMCDN8712]",1
UMBER,NATURESTEP SPC - 6.5MM X 8.66 X 59.5 UMBER - [GVNS808]; NATURESTEP - T-MOULDING - UMBER - [GVNSTM808]; NATURESTEP - REDUCER - UMBER - [GVNSRE808],3
UNF E,CONT.CHOICE - 5X24 HERRINGBONE UNF E.OAK (L) - [GFCOPHO5S-L]; CONT.CHOICE - 5X24 HERRINGBONE UNF E.OAK (R) - [GFCOPHO5S-R],2
UNION,METROPOLITAN - T-MOULDING - UNION SQUARE - [GVMPTM906]; METROPOLITAN - REDUCER - UNION SQUARE - [GVMPRE906],2
V NAT,UNFINISHED - BAMBOO TREAD 1X11-1/2 V. NAT - [BATR008U],1
V OMP,"26"" X 28"" - SAMPLE SET - C.V. 3.25"" *OMP* - [GCSETCV314-2628]; 25"" X 28"" - SAMPLE SET - C.V. 5"" *OMP* - [GCSETCV5-2528]",2
VAL N,MAPLE - CRY.VAL 7' BABY T-HOLD MAPLE N - [GCCVBT7M38],1
VAL O,NATURAL - SAMPLE-CR VAL. 1/2 X 3-1/4 R/O - [GHCV314SBR38]; NATURAL - SAMPLE-CR VAL. 1/2 X 5 R/O - [GHCV5SBR38],2
VENTO,"ALLORA PUROLEGNO - 9MM X 7"" X 1500MM VENTO - [GCPLO708]",1
VICHY,LAMINATE - *GARRISON NOSING VICHY - [GCLANO008]; LAMINATE - *GARRISON T-MOULDING VICHY - [GCLATM008]; LAMINATE - *GARRISON REDUCER VICHY - [GCLARE008],3
VIRGO,"ZODIAC WSPC - HICKORY - 8MM X 7.5"" X 74"" - VIRGO - [GVZO7510]; ZODIAC WSPC - T-MOULDING - VIRGO - [GVZOTM7510]; ZODIAC WSPC - REDUCER - VIRGO - [GVZORE7510]",3
VISTA,"AQUABLUE II BY GARRISON - 12MM 9"" X 72"" - VISTA OAK - [GVWPCII102]; AQUA BLUE II BY GARRISON - REDUCER - VISTA OAK - [GVWPCIIRE102]; AQUA BLUE II BY GARRISON - T-MOULDING - VISTA OAK - [GVWPCIITM102]",3
VOLTO,"ALLORA - EURO OAK 7.5"" VOLTO - [GFALO7508]; ALLORA - EURO OAK 9.5"" VOLTO - [GFALO9508]; ALLORA BY GARRISON - EURO OAK 7.5"" VOLTO - [GFALO7508]; ALLORA BY GARRISON - AL 92"" SQUARE NOSING VOLTO - [GCALSNO7O08]; ALLORA BY GARRISON - AL 92"" REDUCER VOLTO - [GCALRE7O08]; ALLORA - AL 8' T-MOULD VOLTO - [GCALTMO8O08]; ALLORA - AL 8' BABY TRESHOLD VOLTO - [GCALBTO8O08]; ALLORA - AL 8' NOSING VOLTO - [GCALNOO8O08]; ALLORA BY GARRISON - AL 8' REDUCER VOLTO - [GCALRE8O08]; ALLORA BY GARRISON - EURO OAK 9.5"" VOLTO - [GFALO9508]",10
W CAN,NATURAL - M.W 9/16 X 4-3/4 CAN.MAPLE - [MWTLECH86]; NATURAL - M.W NOSING CAN.MAPLE - [MWNONCMN],2
W WAS,"FRENCH OAK - SAMPLE - FCII 7"" VINTAGE W.WAS - [GFFCSBII7O87]",1
WALNU,UNFIN - 9/16 X 3-1/2 X 8' NOSING WALNU - [MONONW],1
WENGE,"GII SMOOTH - MAPLE 4 3/4"" SMOOTH WENGE - [GNSSMC43452]",1
WHEAT,"GII DISTRESSED - MAPLE 5"" WHEAT DISTRESSED - [GNIIM554]; GII SMOOTH - MAPLE 5"" SMOOTH WHEAT - [GNSSM554]; GII DIST - MAPLE 5"" WHEAT DISTRESSED - [GNIIM554]; MAPLE - SAMPLE - SMOOTH 5"" WHEAT - [GNSS5MSB54]; MAPLE - 1/2"" BASESHOE WHEAT - [GCBSMH54]; GII DIST - MAPLE CHARACTER 5"" WHEAT - [GNIIMC554]; EUROPEAN OAK - 3/4 X 3-1/2"" WHEAT - [EOSWO32WT34]; DISTRESSED - 1/2 X 5 DIST MAPLE WHEAT - [EHDM554]",8
ALBA,"ALLORA PUROLEGNO - 9MM X 7"" X 1500MM ALBA - [GCPLO701]",1
ALPS,"APEX SPC HERRINGBONE - 5.5MM X 5""X 24""-HB ALPS - [GVAP501]; APEX SPC - T-MOULDING - ALPS - [GVAPTM501]; APEX SPC - REDUCER - ALPS - [GVAPRE501]; APEX SPC - 5.5MM X 9"" X 60"" - ALPS - [GVAP901]; APEX SPC - 5.5MM X 7"" X 60"" - ALPS - [GVAP701]; APEX SPC HERRINGBONE - 6.5MM X 5""X 24""-HB ALPS - [GVAP6501]; APEX SPC - 6.5MM X 7"" X 60"" - ALPS - [GVAP6701]; SUMMIT SKY SPC HERRINGBON - 6.5MM X 5""X 24""-HB ALPS - [GVSS501]; SUMMIT SKY SPC PLANK - 6.5MM X 7"" X 60"" - ALPS - [GVSS701]; SUMMIT SKY SPC - REDUCER - ALPS - [GVSSRE501]; SUMMIT SKY SPC - T-MOULDING - ALPS - [GVSSTM501]",11
ARIA,"ALLORA - EURO OAK 7.5"" ARIA - [GFALO7502]; ALLORA - EURO OAK 9.5"" ARIA - [GFALO9502]; ALLORA BY GARRISON - EURO OAK 7.5"" ARIA - [GFALO7502]; ALLORA BY GARRISON - AL 92"" SQUARE NOSING ARIA - [GCALSNO7O02]; ALLORA BY GARRISON - AL 92"" REDUCER ARIA - [GCALRE7O02]; ALLORA - AL 8' T-MOULD ARIA - [GCALTMO8O02]; ALLORA - AL 8' BABY TRESHOLD ARIA - [GCALBTO8O02]; ALLORA - AL 8' NOSING ARIA - [GCALNOO8O02]; ALLORA BY GARRISON - AL 8' REDUCER ARIA - [GCALRE8O02]; ALLORA BY GARRISON - EURO OAK 9.5"" ARIA - [GFALO9502]",10
ATRI,"DAVINCI II - EURO OAK 7.5"" ATRI - [GNDV2O712]",1
B AB,"MICRO BEVELED - EURO OAK 9.5"" UNF.MICRO-B AB - [ENFO9500SM-22]",1
B LL,"3/4"" X 5"" #1C MAPLE M.B. LL - [L3451MM]; 3/4"" X 5"" #1C WALNUT M.B. LL - [L3451WM]; 3/4"" X 6"" #1C MAPLE M.B. LL - [L3461MM]; UNFIN - 3/4 X 5 FAS WALNUT M.B LL - [LQ5FWM]; UNFIN - 3/4 X 6 #1C W/O M.B LL - [LQ61OM]; UNFIN - 3/4 X 3 #1 WHITE OAK M.B LL - [LQ31OM]; UNF - 3/4 X 5 #1C W/O M.B. LL - [LQ51OM]; UNFIN - 3/4 X 7 #1C WHITE OAK M.B LL - [LQ71OM]; UNFINISHED - 3/4 X 5 #1C MAPLE M.B. LL - [LQ51MM]; UNFINISHED - 3/4 X 5 QTR. W/O M.B LL - [LQ5QOM]; UNFINISHED - 3/4 X 5 #1 CHERRY M.B LL - [LQ51CM]; UNFIN - 3/4 X 3 #1C HICK/PECAN M.B LL - [LQ31HM]; UNFIN - 3/4 X 5 #1C HICK/PECAN M.B LL - [LQ51HM]; UNFIN - 3/4 X 7 #1C HICK/PECAN M.B LL - [LQ71HM]; UNFIN - 3/4 X 6 #1C HICK/PECAN M.B LL - [LQ61HM]; UNFIN - 3/4 X 9 #1C HICK/PECAN M.B LL - [LQ91HM]; UNFIN - 3/4 X 6 #1C WALNUT M.B LL - [LQ61WM]; UNFIN - 3/4 X 4 #1C HICK/PECAN M.B LL - [LQ41HM]; UNFIN - 3/4 X 6 FAS HICK/PECAN M.B. LL - [LQ6FHM]; UNFIN - 3/4 X 5 CHAR. WALNUT M.B. LL - [LQ5CWM]; UNFIN - 3/4 X 6 CHAR. WALNUT M.B. LL - [LQ6CWM]; UNFIN - 3/4 X 5 #2C HICK/PECAN M.B LL - [LQ52HM]; UNFIN - 3/4 X 7 #1 RED OAK M.B LL - [LQ71RM]; 3/4 X 6 FAS RED OAK M.B. LL - [LQ6FRM]; 3/4 X 5 CHAR. WHITE OAK M.B LL - [LQ5COM]; UNFIN - 3/4 X 7 FAS WALNUT M.B LL - [LQ7FWM]; UNFIN - 3/4 X 6 CHAR WHITE OAK M.B LL - [LQ6COM]; UNFIN - 3/4 X 7 CHAR WHITE OAK M.B LL - [LQ7COM]; UNFIN - 3/4 X 8 CHAR WHITE OAK M.B LL - [LQ8COM]; UNF - 3/4 X 5 #2C W/O M.B. LL - [LQ52OM]; UNFIN - 3/4 X 3 #1 RED OAK M.B LL - [LQ31RM]; UNFIN - 3/4 X 5 #1 RED OAK M.B LL - [LQ51RM]; UNFIN - 3/4 X 10 #1 RED OAK M.B LL - [LQ101RM]; 3/4 X 6 FAS WHITE OAK M.B LL - [LQ6FOM]; UNFINISHED - 3/4 X 4 FAS WHITE OAK M.B LL - [LQ4FOM]; 3/4 X 8 FAS WHITE OAK M.B LL - [LQ8FOM]; UNFINISHED - 3/4 X 4 #1C MAPLE M.B. LL - [LQ41MM]; UNFINISHED - 3/4 X 7 #1,2MIX WALNUT M.B. LL - [LQ712WM]; UNFIN - 3/4 X 9 CHAR WHITE OAK M.B LL - [LQ9COM]; 3/4 X 10 CHAR WHITE OAK M.B LL - [LQ10COM]",40
BARI,"DAVINCI II - EURO OAK 7.5"" BARI - [GNDV2O702]",1
BARN,"URBANIA - 5/8 X 5"" BARN OAK - [URUC1730605]; URBANIA - 5/8 X 6"" BARN OAK - [URUC1730606]",2
BASE,"MDF - 1/2 X 4-1/2"" 401 BASE - [MOBBMD401]; BRAZ/CHERR - 7/16 X 2-1/2 711 BASE - [MOBBBC300]; RED OAK - 9/16 X 6 BASE BOARD - [MOBBRO460]; WHITE OAK - 9/16 X 6 BASE BOARD - [MOBBWO460]; POPLAR - 5/8 X 6-1/4 BASE BOARD - [MOBBPO460]; MAPLE - 9/16 X 6 BASE BOARD - [MOBBMA460]; B. CHERRY - 9/16 X 6 BASE BOARD - [MOBBBC460]; RED OAK - 9/16 X 4-1/2 #175 BASE - [MOBBRO430]; WHITE OAK - 9/16 X 4-1/2 #175 BASE - [MOBBWO430]; POPLAR - 9/16 X 4-1/2 #175 BASE - [MOBBPO430]; MAPLE - 9/16 X 4-1/2 #175 BASE - [MOBBMA430]; B. CHERRY - 9/16 X 4-1/2 #175 BASE - [MOBBBC430]; RED OAK - 7/16 X 3-1/2 711 BASE - [MOBBRO200]; WHITE OAK - 7/16 X 3-1/2 711 BASE - [MOBBWO200]; POPLAR - 7/16 X 3 1/2 711 BASE - [MOBBPO200]; MAPLE - 7/16 X 3-1/2 711 BASE - [MOBBMA200]; BRAZ/CHERR - 7/16 X 3-1/2 711 BASE - [MOBBBC200]; MAPLE - 9/16 X 5-1/4 BASE BOARD MAPLE - [MOBBMA451]; MDF - 9/16 X 3-1/4 #623 BASE - [MOBBMD314MUL3]; MDF - 9/16 X 5-1/4 #618 BASE - [MOBBMD314MUL5]; MDF - 9/16 X 6 #175 BASE - [MOBBMD342MUL]; MDF - 9/16 X 4-1/4 #620 BASE - [MOBBMD314MUL4]; MDF - NONSTOCK - 9/16 X 3-1/4 623 BASE - [MOBBMD314MBB]; MDF - NONSTOCK - 9/16 X 3-1/2 #175 BASE - [MOBBMD325MUL-3]; PINE FJ - NONSTOCK - 9/16 X 3 1/4 # 623 BASE - [MOBBPFJ314A]; POPLAR - 9/16 X 4-3/8 #175 BASE - [MOBBPO325P]; HICKORY - 9/16 X 4-1/4 #620 BASE - [MOBBHP314-4]; MDF - NONSTOCK - 9/16 X 7-1/4 #613 BASE - [MOBBMD314MUL7]; PRIMED PINE FJ - NONSTOCK - 9/16 X 3 1/4 # 623 BASE - [MOBBPFJ323A]; PINE - NONSTOCK - 7/16 X 3-1/2 711 BASE - [MOBBE311PI]; MDF - NONSTOCK - 1/2 X 2-1/2 #356 BASE - [MOBBMD319LDSF]; MDF - NONSTOCK - 9/16 X 7-1/4 #175 BASE - [MOBBMD342MUL7]; POPLAR - NONSTOCK - 9/16 X 5-1/5 #618 BASE - [MOBBPO315]; MDF - NONSTOCK - 9/16 X 3-1/4 #366 BASE - [MOBBMD366LDFS]; MDF - 3/8 X 2-1/2 #711 BASE - [MOBBMD310MUL]; MDF - NONSTOCK - 1/2 X 3-1/4 #356 BASE - [MOBBMD320MUL]; MDF - 3/8 X 3-1/2 #711 BASE - [MOBBMD311MUL]; MDF - 9/16 X 4-1/2 #175 BASE - [MOBBMD325MUL4]; MDF - NONSTOCK - 7/16 X 2-1/2 #711 BASE - [MOBBMD310BMUL]; MDF - NONSTOCK - 1/2 X 3"" #711 BASE - [MOBBMD311LDF3NF]; MDF - 1/2 X 3-1/2"" 301 BASE - [MOBBMD301]; MDF - 1/2 X 5-1/2 501 BASE - [MOBBMD501]; MDF - NONSTOCK - 7/16 X 4-3/16 #711 BASE - [MOBBMD311MUL4]; MDF - 9/16 X 5-1/2"" 504 BASE - [MOBBMD504]",44
BEAM,"ILLUMIN8 - 12MM 7.72"" X 48"" BEAM - [GLIL802]",1
BLDR,GUNSTOCK - 1/2 X 3-1/4 BLDR WHITE OAK - [UW12314BOG]; NATURAL - 1/2 X 3-1/4 BLDR WHITE OAK - [UW12314BON]; PRARIE WHE - 1/2 X 3-1/4 BLDR WHITE OAK - [UW12314BOP]; NATURAL - 1/2 X 3-1/4 BLDR RED OAK - [UW12314BRN]; NATURAL - 3/4 X 3-1/4 BLDR WHITE OAK - [UW34314BON]; HONEY ROSE - 1/2 X 3-1/4 BLDR WHITE OAK - [UW12314BOH],6
COLL,BURGUNDY - 1/2 x 3  MAPLE GARRISON COLL. - [GCGAM320]; MAHOG.DAWN - 1/2 x 3 MAPLE GARRISON COLL. - [GCGAM331]; MOCHA - 1/2 x 3 MAPLE GARRISON COLL. - [GCGAM336]; SEDONA - 1/2 x 3 MAPLE GARRISON COLL. - [GCGAM342]; SP.WALNUT - 1/2 x 3 MAPLE GARRISON COLL. - [GCGAM344],5
COMO,"BELLAGIO - EURO OAK 7.5"" COMO (M) - [GNBLO75001]; BELLAGIO - EURO OAK 7.5"" COMO (L) - [GNBLO7501]; VINEYARD - EURO OAK 8-5/8"" COMO - [GNVYO907]",3
COVE,1/2 X 3/4 RED OAK COVE - [MOCV1234R]; 1/2 X 3/4 MAPLE COVE - [MOCV1234M]; 1/2 X 3/4 WHITE OAK COVE - [MOCV1234O]; 1/2 X 3/4 HICKORY COVE - [MOCV1234H],4
DOMA,"ALLORA - EURO OAK 7.5"" DOMA - [GFALO7503]; ALLORA - EURO OAK 7.5"" DOMA SELECT - [GFALO7503S]; ALLORA - EURO OAK 9.5"" DOMA - [GFALO9503]; ALLORA - EURO OAK 9.5"" DOMA SELECT - [GFALO9503S]; ALLORA BY GARRISON - EURO OAK 7.5"" DOMA - [GFALO7503]; ALLORA BY GARRISON - EURO OAK 7.5"" DOMA SELECT - [GFALO7503S]; ALLORA BY GARRISON - AL 92"" SQUARE NOSING DOMA - [GCALSNO7O03]; ALLORA BY GARRISON - AL 92"" REDUCER DOMA - [GCALRE7O03]; ALLORA - AL 8' T-MOULD DOMA - [GCALTMO8O03]; ALLORA - AL 8' BABY TRESHOLD DOMA - [GCALBTO8O03]; ALLORA - AL 8' NOSING DOMA - [GCALNOO8O03]; ALLORA BY GARRISON - AL 8' REDUCER DOMA - [GCALRE8O03]; ALLORA BY GARRISON - EURO OAK 9.5"" DOMA - [GFALO9503]; ALLORA BY GARRISON - EURO OAK 9.5"" DOMA SELECT - [GFALO9503S]; ALLORA BY GARRISON - 4-3/4 X 23-5/8 HB DOMA (L) - [GFALPH403-L]; ALLORA BY GARRISON - 4-3/4 X 23-5/8 HB DOMA (R) - [GFALPH403-R]; ALLORA BY GARRISON - 4-3/4 X 23-5/8 HB DOMA (L) - [GFALPH403L-10]; ALLORA BY GARRISON - 4-3/4 X 23-5/8 HB DOMA (R) - [GFALPH403R-10]",18
DUNE,"PRIVATE SELECTION - EURO OAK 8-5/8"" DUNE - [GNPSO85803]",1
DUSK,"ILLUMIN8 - 12MM 7.72"" X 48"" DUSK - [GLIL803]",1
E AB,"SQUARE EDGE - EURO OAK 9.5"" UNF.SQUARE-E AB - [ENFO9500SS-22]",1
E EM,"3/4 X 4"" FAS R/Q W/O LL S.E EM - [LQ4FRQOSEM]; 3/4 X 5"" FAS R/Q W/O LL S.E EM - [LQ5FRQOSEM]",2
E LL,"3/4"" X 3"" SEL/QTR W/O S.E. LL - [L343QOS]; 3/4"" x 5"" #1C WHITE OAK S.E LL - [L3451OS]; 3/4"" X 5"" #1C WALNUT S.E. LL - [L3451WS]; 3/4"" X 7"" #1C WALNUT S.E. LL - [L3471WS]; UNFIN - 3/4 X 7 #2C WHITE OAK S.E LL - [LQ72OS]; UNFINISHED - 3/4 X 4 FAS WHITE OAK S.E LL - [LQ4FOS]; UNFIN - 3/4 X 7 #1C WALNUT S.E. LL - [LQ71WS]; UNFIN - 3/4 X 3 CHAR HICK/PECAN B.E LL - [LQ3CHB]; UNFIN - 3/4 X 5 CHAR HICK/PECAN B.E LL - [LQ5CHB]; UNFIN - 3/4 X 7 CHAR HICK/PECAN B.E LL - [LQ7CHB]; UNFIN - 3/4 X 6 #1C WALNUT S.E LL - [LQ61WS]; UNFIN - 4 X 6 #1C HICK/PECAN S.E LL - [LQ61HS]; UNFIN - 3/4 X 8 #1C HICK/PECAN S.E LL - [LQ81HS]; UNFIN - 3/4 X 7 #1C HICK/PECAN S.E LL - [LQ71HS]; UNFINISHED - 3/4 X 5 #1C WALNUT S.E LL - [LQ51WS]; UNFIN - 3/4 X 5 FAS HICK/PECAN S.E LL - [LQ5FHS]; UNFINISHED - 3/4 X 6  BRAZ. CHERRY B.E. LL - [LQ6FBS]; UNFINISHED - 3/4 X 3 S/B WHITE OAK S.E LL - [LQ3FOS]; UNFINISHED - 3/4 X 7 FAS WHITE OAK S.E LL - [LQ7FOS]; UNFIN - 3/4 X 8 #1C RED OAK S.E LL - [LQ81RS]; UNFIN - 3/4 X 3 #1C HICK/PECAN S.E LL - [LQ31HS]; UNFIN - 3/4 X 5 #1C HICK/PECAN S.E LL - [LQ51HS]; UNFINISHED - 3/4 X 3 #1 WHITE OAK S.E LL - [LQ31OS]; UNFINISHED - 3/4 X 5 #1 WHITE OAK S.E LL - [LQ51OS]; UNFINISHED - 3/4 X 7 #1 WHITE OAK S.E LL - [LQ71OS]; UNFIN - 3/4 X 6 #2C HICK/PECAN S.E LL - [LQ62HS]; UNFIN - 3/4 X 8 #2C HICK/PECAN S.E LL - [LQ82HS]; UNFIN - 3/4 X 8 #2C MAPLE S.E LL - [LQ82MS]; UNFIN - 3/4 X 4 FAS HICK/PECAN S.E LL - [LQ4FHS]; UNFINISHED - 3/4 X 3 FAS HICK/PECAN S.E LL - [LQ3FHS]; UNFINISHED - 3/4 X 6 FAS WALNUT B.E LL - [LQ6FWB]; 5/8 X 6 FAS WHITE OAK S.E LL - [LF6FOS]; UNFIN - 3/4 X 6 FAS HICK/PECAN S.E. LL - [LQ6FHS]; UNFINISHED - 3/4 X 5 QTR. R/O S.E LL - [LQ5QRS]; UNFINISHED - 3/4 X 4 FAS RED OAK S.E LL - [LQ4FRS]; UNFINISHED - 3/4 X 4 #1 WHITE OAK S.E LL - [LQ41OS]; UNFINISHED - 3/4 X 6 #1 WHITE OAK S.E LL - [LQ61OS]; UNFINISHED - 3/4 X 7 FAS WHITE OAK B.E LL - [LQ7FOB]; 3/4 X 5 CHAR. RED OAK S.E LL - [LQ5CRS]; 3/4 X 4 #1 WALNUT B.E LL - [LQ41WB]; 3/4 X 4 #1 WHITE OAK B.E LL - [LQ41OB]; 3/4 X 5 #1 WHITE OAK B.E LL - [LQ51OB]; 3/4 X 6 #1 WHITE OAK B.E LL - [LQ61OB]; 3/4 X 8 #1 WHITE OAK B.E LL - [LQ81OB]; 3/4 X 6 FAS WHITE OAK S.E LL - [LQ6FOS]; 3/4 X 6 FAS WHITE OAK B.E LL - [LQ6FOB]; 3/4 X 4 #1 WALNUT S.E LL - [LQ41WS]; UNFINISHED - 3/4 X 3 FAS RED OAK S.E LL - [LQ3FRS]; UNFINISHED - 3/4 X 5 RIFT/QTR W/O S.E LL - [LQ5QOS]; UNFIN - 3/4 X 7 CHAR RED OAK B.E LL - [LQ7CRB]; UNFIN - 3/4 X 7 #2C WALNUT S.E LL - [LQ72WS]; UNFIN - 3/4 X 3 #2C WALNUT S.E LL - [LQ32WS]; UNFIN - 3/4 X 5 #2C WALNUT S.E LL - [LQ52WS]; UNFINISHED - 3/4 X 4 #2 WHITE OAK S.E LL - [LQ42OS]; 3/4 X 5 #1C WALNUT B.E LL - [LQ51WB]; 3/4 X 8 #1 WHITE OAK S.E LL - [LQ81OS]; UNFIN - 3/4 X 8 #1C WALNUT S.E LL - [LQ81WS]; 3/4 X 6 #1 WALNUT B.E LL - [LQ61WB]; 3/4 X 8 #1 WALNUT B.E LL - [LQ81WB]; UNFINISHED - 3/4 X 4 #1 RED OAK S.E LL - [LQ41RS]; UNFINISHED - 3/4 X 4 FAS WALNUT S.E LL - [LQ4FWS]; UNFINISHED - 3/4 X 8 FAS WALNUT S.E LL - [LQ8FWS]; B.WALNUT - 3/4 X 4 SELECT IPE S.E LL - [LQ4SIS]; UNFIN - 3/4 X 7 FAS WALNUT S.E LL - [LQ7FWS]; UNFIN - 3/4 X 7 CHAR. WALNUT S.E LL - [LQ7CWS]; 3/4 X 5 CHAR. WHITE OAK B.E LL - [LQ5COB]; UNFIN - 3/4 X 7 #1 RED OAK B.E LL - [LQ71RB]; UNFINISHED - 3/4 X 3 CHARACTER W/O S.E LL - [LQ3COS]; UNFINISHED - 3/4 X 5 CHARACTER W/O S.E LL - [LQ5COS]; UNFINISHED - 3/4 X 7 CHARACTER W/O S.E LL - [LQ7COS]; UNFINISHED - 3/4 X 5 #1C MAPLE B.E. LL - [LQ51MB]; 3/4 X 5 2ND MAPLE S.E. LL - [LQ52MS]; UNFINISHED - 3/4 X 3 FAS RED OAK B.E LL - [LQ3FRB]; UNFINISHED - 3/4 X 4 #1C MAPLE B.E. LL - [LQ41MB]; 3/4 X 5 SEL/BTR MAPLE S.E. LL - [LQ5FMS]; 3/4 X 8 FAS WHITE OAK S.E LL - [LQ8FOS]; 3/4 X 6 FAS RED OAK S.E. LL - [LQ6FRS]; UNFINISHED - 3/4 X 8 CHARACTER W/O S.E LL - [LQ8COS]; UNFINISHED - 3/4 X 9 CHARACTER W/O S.E LL - [LQ9COS]; 3/4 X 10 CHARACTER W/O S.E LL - [LQ10COS]; UNFINISHED - 3/4 X 3 FAS WHITE OAK B.E LL - [LQ3FOB]; UNFINISHED - 3/4 X 5 FAS WHITE OAK B.E LL - [LQ5FOB]; UNFINISHED - 3/4 X 5 #1C MAPLE S.E. LL - [LQ51MS]",83
E RL,"3/4 X 5 SEL/BTR WALNUT S.E. RL - [RQ5SWS]; 3/4 X 5 #1C WALNUT S.E. RL - [RQ51WS]; UNFINISHED - 3/4 X 5 #1C AMER/CHERRY S.E RL - [RQ51CS]; SPECIAL ORDER - 3/4 X 4 SEL/BTR WALNUT S.E RL - [RQ4SWS]; 3/4 X 6 #1C WALNUT S.E. RL - [RQ61WS]; 3/4 X 5 SEL/BTR WALNUT B.E. RL - [RQ5SWB]; 3/4 X 3"" SEL/BTR WALNUT B.E.RL - [RQ3SWB]",7
EDGE,1/2 x 5 RED OAK SQUARE EDGE - [GCUNR500SE]; 1/2 x 7 RED OAK SQUARE EDGE - [GCUNR700SE],2
EVRY,LAMINATE - GARRISON T-MOULDING EVRY - [GCLATM002]; LAMINATE - GARRISON REDUCER EVRY - [GCLARE002]; LAMINATE - GARRISON NOSING EVRY - [GCLANO002],3
FANO,"DAVINCI II - EURO OAK 7.5"" FANO - [GNDV2O710]",1
FC V,OAK - FC 7' BABY THRESHOLD V.WHITE - [GCFCBT7O87]; OAK - FC 8' BABY THRESHOLD V.WHITE - [GCFCBT8O87],2
FLEX,FLEX - NONSTOCK - 1/2 X 3-1/4 #356 FLEX - [MOBBFL320F]; FLEX - NONSTOCK - 7/16 X 2-1/2 #711 FLEX - [MOBBFL310F]; FLEX - NONSTOCK - 9/16 X 5-1/4 #618 FLEX - [MOBBFL315F]; FLEX - NONSTOCK - 3/8 X 3-1/2 #711 FLEX - [MOBBMD311MULF]; FLEX - NONSTOCK - 9/16 X 3-1/4 #623 FLEX - [MOBBFL3143F]; FLEX - NONSTOCK - 3/8 X 3-1/2 #711 FLEX - [MOBBFL311F]; FLEX - NONSTOCK - 9/16 X 4-1/2 #175 FLEX - [MOBBFL325-4F]; FLEX - NONSTOCK - 3/8 X 2-1/2 #711 FLEX - [MOBBFL310MULF]; FLEX - NONSTOCK - 9/16 X 7-1/4 #175 FLEX - [MOBBFL342F7]; FLEX - NONSTOCK - 9/16 X 7-1/4 #613 FLEX - [MOBBFL3147F]; FLEX - NONSTOCK - 9/16 X 6 #175 FLEX - [MOBBFL342MUL]; FLEX - NONSTOCK - 9/16 X 4-1/4 #620 FLEX - [MOBBFL314MUL4]; FLEX - NONSTOCK - 9/16 X 5-1/4 #623 FLEX - [MOBBFL3145F]; FLEX - NONSTOCK - 9/16 X 5-1/4 #620 FLEX - [MOBBFL314MUL5F],14
FOIX,LAMINATE - *GARRISON NOSING FOIX - [GCLANO010]; LAMINATE - *GARRISON T-MOULDING FOIX - [GCLATM010]; LAMINATE - *GARRISON REDUCER FOIX - [GCLARE010],3
GCII,GCII MAPLE NOSING - [GCIIMNOSEX],1
GELA,"VILLA GIALLA - EURO OAK 9-1/2"" GELA - [GFVGO904]",1
GOBI,"PRIVATE SELECTION - EURO OAK 8-5/8"" GOBI - [GNPSO85806]; PRIVATE SELECTION - EURO OAK 10.25"" GOBI UV OIL - [GFPSO1006O]",2
GOLD,"ACACIA - 9/16 X 4-3/4 DIST. GOLD - [ENNAS434147]; ACACIA - 3/4 X 4-3/4 DIST. GOLD - [PFQAS434147]; ELEMENTS SPC - 6.5MM X 7"" X 60"" - GOLD - [GVSPC703]; ELEMENTS - REDUCER - GOLD - [GVSPCRE703]; ELEMENTS - T-MOULDING - GOLD - [GVSPCTM703]; GOLD LABEL SQUARE NOSING - [GCGLSNO]; GOLD LABEL 3"" SQUARE NOSING - [GCGL3SNO]",7
GRAY,"CV - 5/8"" T-MOULD WHITE GRAY - [GCTMOF165]",1
HAWA,NATURAL - HAWA 1/2 X 3-1/4 ENG. OAK - - [HAOAK501]; BUTTERSCOT - HAWA 1/2 X 3-1/4 ENG. OAK - [HAOAK502]; GUNSTOCK - HAWA 1/2 X 3-1/4 ENG. OAK - [HAOAK503]; NATURAL - HAWA 1/2 X 3 SELECT MAPLE - [HAMAP501]; NATURAL - HAWA 3/4 X 2-1/4 SELECT MAPLE - [HAMAP01]; NATURAL - HAWA 3/4 X 3-1/4 SELECT MAPLE - [HAMAP11],6
HERA,"MYTHOLOGY SPC - 5MM X 7"" X 48"" - HERA - [GVGA704]; MYTHOLOGY - T-MOULDING - HERA - [GVGATM704]; MYTHOLOGY - REDUCER - HERA - [GVGARE704]",3
HICK,UNFIN - 9/16 X 3-1/2 X 8' NOSING HICK - [MONONH],1
HUGO,"CRYSTAL VALLEY - MAPLE SOLID DIST.4-7/8"" HUGO - [GQCVDM47803]",1
IRIS,"SECRET GARDEN SPC - 6.5MM X 7"" X 48"" - IRIS - [GVSG706]; SECRET GARDEN SPC - REDUCER - IRIS - [GVSGRE706]; SECRET GARDEN SPC - T-MOULDING - IRIS - [GVSGTM706]",3
LAGO,"BELLAGIO - EURO OAK 7.5"" LAGO (M) - [GNBLO75002]; BELLAGIO - EURO OAK 7.5"" LAGO (L) - [GNBLO7502]",2
LAVA,"FRENCH CONNECTION - EURO OAK 5/8 X 7"" LAVA - [GFFCOB7169]",1
LILY,"SECRET GARDEN SPC - 6.5MM X 7"" X 48"" - LILY - [GVSG707]; SECRET GARDEN SPC - T-MOULDING - LILY - [GVSGTM707]; SECRET GARDEN SPC - REDUCER - LILY - [GVSGRE707]; SECRET GARDEN SPC - 6.5MM X 9"" X 60"" - LILY - [GVSG907]",4
LODI,"LEGENDS - EURO OAK 10.25"" LODI - [GFLEO1002]; CANYON CREST - EUR.OAK 10.25"" LODI - [GFCYO1013]",2
LUNA,"ALLORA - EURO OAK 7.5"" LUNA - [GFALO7504]; ALLORA - EURO OAK 7.5"" LUNA SELECT - [GFALO7504S]; ALLORA - EURO OAK 9.5"" LUNA - [GFALO9504]; ALLORA - EURO OAK 9.5"" LUNA SELECT - [GFALO9504S]; ALLORA BY GARRISON - EURO OAK 7.5"" LUNA - [GFALO7504]; ALLORA BY GARRISON - EURO OAK 7.5"" LUNA SELECT - [GFALO7504S]; ALLORA BY GARRISON - AL 92"" SQUARE NOSING LUNA - [GCALSNO7O04]; ALLORA BY GARRISON - AL 92"" REDUCER LUNA - [GCALRE7O04]; ALLORA - AL 8' T-MOULD LUNA - [GCALTMO8O04]; ALLORA - AL 8' BABY TRESHOLD LUNA - [GCALBTO8O04]; ALLORA - AL 8' NOSING LUNA - [GCALNOO8O04]; ALLORA BY GARRISON - AL 8' REDUCER LUNA - [GCALRE8O04]; ALLORA BY GARRISON - EURO OAK 9.5"" LUNA - [GFALO9504]; ALLORA BY GARRISON - EURO OAK 9.5"" LUNA SELECT - [GFALO9504S]; ALLORA BY GARRISON - 4-3/4 X 23-5/8 HB LUNA (L) - [GFALPH404-L]; ALLORA BY GARRISON - 4-3/4 X 23-5/8 HB LUNA (R) - [GFALPH404-R]",16
LYON,"FRENCH CONNECTION - EURO OAK 5/8 X 7"" LYON - [GFFCOB7123]",1
MAUI,"SILK SURF - 12.3MM 5-3/4"" MAUI - [LALXSS05]",1
MESA,"PRIVATE SELECTION - EURO OAK 8-5/8"" MESA - [GNPSO85802]",1
MOLD,"SUNSET - 5/8"" T-MOLD MAPLE - [GCTMMF48]",1
NAPA,"WALNUT - 1/2"" BASESHOE NAPA - [GCBSWH61]",1
NEON,"PARADISE VALLEY - 12MM 6.5"" X 48"" NEON OAK - [LAPVO01]",1
NIME,LAMINATE - GARRISON NOSING NIME - [GCLANO004]; LAMINATE - GARRISON T-MOULDING NIME - [GCLATM004]; LAMINATE - GARRISON REDUCER NIME - [GCLARE004],3
NOIR,"FRENCH CONNECTION - EURO OAK 5/8 X 7"" NOIR - [GFFCOB786]",1
O BE,"CHABLIS - ROBINS 5TH AVE PLANK 3"" R/O BE - [ROH467C]; CHABLIS - ROBINS 5TH AVE PLANK 5"" R/O BE - [ROH468C]",2
O EA,5/8 X 5 SQUARE NOSING W/O 8'EA - [MONO58O5S]; 5/8 X 3 SQUARE NOSING W/O 8'EA - [MONO58O3S]; 1/2 X 3 SQUARE NOSING W/O 8'EA - [MONO12O3S]; 9/16X 3 SQUARE NOSING W/O 8'EA - [MONO916O3S]; 5/8 X 3 SQUARE NOSING R/O 8'EA - [MONO58R3S]; 5/8 X 5 SQUARE NOSING R/O 8'EA - [MONO58R5S],6
O LF,RED OAK - SPEC.ORDER MOULDING R/O LF - [MOSORLF],1
O NA,"NATURAL - CRY.VAL 3/4"" 7' REDUCER R/O NA - [GCCVSRE7R38]; NATURAL - CRY.VAL 3/4"" 8' REDUCER R/O NA - [GCCVSRE8R38]; RED OAK - CRY.VAL 1/2"" 7' REDUCER R/O NA - [GCCVRE7RH38]; RED OAK - CRY.VAL 1/2"" 8' REDUCER R/O NA - [GCCVRE8RH38]; NATURAL - CRY.VAL 1/2"" 7' REDUCER W/O NA - [GCCVRE7OH38]; NATURAL - CRY.VAL 3/4"" 7' REDUCER W/O NA - [GCCVSRE7O38]; NATURAL - CRY.VAL 1/2"" 8' REDUCER W/O NA - [GCCVRE8OH38]; NATURAL - CRY.VAL 3/4"" 8' REDUCER W/O NA - [GCCVSRE8O38]",8
O SE,"UNFINISH - 5/8 X 2-1/4 RIFT & QRT W/O SE - [AMF214QOS]; SAMPLE - C.V 5"" W/O 4MM SE - [GNCVSBO38S]; 3/4 X 3"",4"",5"" FAS R/Q R/O SE - [LQ345FRQRS]",3
OPAL,"DIANA COLLECTION AC4 - 10MM 9.37"" X 60"" OPAL - [LAMCDN8708]",1
PISA,"DAVINCI II - EURO OAK 7.5"" PISA - [GNDV2O707]",1
PREF,RUSSET - 9/16 X 3 1/2 MAPLE PREF. - [TMN312RM],1
PREM,GUNSTOCK - 1/2 X 3-1/4 PREM WHITE OAK - [UW12314POG]; HONEY ROSE - 1/2 X 3 1/4 PREM WHITE OAK - [UW12314POH]; NATURAL - 1/2 X 3-1/4 PREM WHITE OAK - [UW12314PON]; PRARIE WHE - 1/2 X 3-1/4 PREM WHITE OAK - [UW12314POP]; GOLDEN OAK - 1/2 X 3-1/4 PREM WHITE OAK - [UW12314POGO],5
PURE,"URBANIA - 5/8 X 5"" PURE OAK - [URUC1710105]; URBANIA - 5/8 X 6"" PURE OAK - [URUC1710106]",2
Q LF,CUSTOM NOSING R/Q WHITE OAK LF - [MONOSRQOLF],1
RACK,"GARRISON RACK - 16-1/2"" - [GCRACK02]; GARRISON RACK - 19"" - [GCRACK03]; GARRISON RACK - 15"" - [GCRACK04]; WATERFALL RACK - 8 SAMPLE - [GCRACK00]; GARRISON RACK - - [GCRACK06]; GARRISON RACK - 17"" - [GCRACK07]; GARRISON 5' WATERFALL RACK - [GCRACK14]",7
ROAN,"SILVERLINE - BIRCH 6"" ROAN - [GHSLBI6125]; 1/2"" BASESHOE ROAN - [GCBSHBI125]",2
ROSE,"SILVERLINE - BIRCH 6"" ROSE - [GHSLBI6126]; BASESHOE - 1/2"" BASESHOE ROSE - [GCBSBIH126]; SECRET GARDEN SPC - 6.5MM X 7"" X 48"" - ROSE - [GVSG711]; SECRET GARDEN SPC - REDUCER - ROSE - [GVSGRE711]; SECRET GARDEN SPC - T-MOULDING - ROSE - [GVSGTM711]",5
ROUX,"12.3MM 6-1/2"" ROUX - [LALXRH07]",1
SAGE,NATURESTEP SPC - 6.5MM X 8.66 X 59.5 SAGE - [GVNS804]; NATURESTEP - T-MOULDING - SAGE - [GVNSTM804]; NATURESTEP - REDUCER - SAGE - [GVNSRE804],3
SANA,"AQUASHIELD AC5 - 12MM 9.37"" X 60"" SANA - [LAMCAS3116]",1
SANT,SANTOS MAH - 9/16 X 3-1/2 X 8' NOSING SANT. - [MONONS],1
SE P,CONTRACTORS CHOICE - 5/8 X 2-1/4 PREM.W/O SE 2P - [GFCOO214PS2P]; CONTRACTORS CHOICE - 5/8 X 5 PREM. R/O SE 2P - [GFCOR5PS2P],2
SILK,"GOLD LABEL - OAK 9.5"" SILK - [GFGLR9504]",1
SOHO,"METROPOLITAN SPC - 6.5MM X 7"" X 60"" - SOHO - [GVMP705]; METROPOLITAN - T-MOULDING - SOHO - [GVMPTM705]; METROPOLITAN - REDUCER - SOHO - [GVMPRE705]",3
SORA,"DAVINCI II - EURO OAK 7.5"" SORA - [GNDV2O706]",1
WAVE,NATURESTEP SPC - 6.5MM X 8.66 X 59.5 WAVE - [GVNS809]; NATURESTEP - REDUCER - WAVE - [GVNSRE809]; NATURESTEP - T-MOULDING - WAVE - [GVNSTM809],3
WHIE,BUTTERSCOT - 9/16 X 3-1/4 WHIE OAK - [CWPO105F]; GUNSTOCK - 9/16 X 3-1/4 WHIE OAK - [CWPO103F]; HONEYROSE - 9/16 X 3-1/4 WHIE OAK - [CWPO102F],3
ZEUS,"MYTHOLOGY SPC - 5MM X 7"" X 48"" - ZEUS - [GVGA706]; MYTHOLOGY - REDUCER - ZEUS - [GVGARE706]; MYTHOLOGY - T-MOULDING - ZEUS - [GVGATM706]",3
ZINC,"ELEMENTS SPC - 6.5MM X 9"" X 60"" - ZINC - [GVSPC904]; ELEMENTS - REDUCER - ZINC - [GVSPCRE904]; ELEMENTS - T-MOULDING - ZINC - [GVSPCTM904]",3
ZION,"AQUABLUE II BY GARRISON - 12MM 9"" X 72"" - ZION OAK - [GVWPCII101]; AQUA BLUE II BY GARRISON - REDUCER - ZION OAK - [GVWPCIIRE101]; AQUA BLUE II BY GARRISON - T-MOULDING - ZION OAK - [GVWPCIITM101]",3
B E,"3/4"" X 7"" #1C WHITE OAK B.E. L - [L3471OB]; 3/4 X 5 FAS RED OAK LL B.E - [LQ5FRB]; 3/4 X 7 FAS RED OAK LL B.E - [LQ7FRB]; 3/4 X 9 FAS RED OAK LL B.E - [LQ9FRB]; CON.CHOICE - 5/8 X 5 PREMIUM RED OAK B.E - [GFCOR5PB]; SMOOTH MICRO BEVEL - EURO OAK 3/4 X 11-1/4 UNF B.E - [GQFCOB1100S]; 5/16 x 3"" SELECT R/O B.E - [RFS3SRB]; 5/16 x 4"" SELECT W/O B.E - [RFS4SOB]",8
B O,NATURAL - OMNI 3/4 X 2-1/4 S/B R/O - [OMQ214SRN]; NATURAL - OMNI 3/4 X 3-1/4 S/B R/O - [OMQ314SRN]; NATURAL - OMNI 3/4 X 4 S/B R/O - [OMQ4SRN],3
C C,"C.C 1/2"" NOSING 8' MAPLE - [GCNOMH93]",1
C V,WATERFALL ORIGINAL - SAMPLE SET - C.V. ENG. <OB> - [GCSASET15]; WIRE RACK - SAMPLE SET - C.V. - [GCSETCV-1724]; WIRE RACK - SAMPLE SET - C.V. <N/L> - [GCSETCV-1724PL],3
E M,"3/8 X 2 SEL WHITE OAK NO E/M - [RT2SOSEM]; 3/8 X 2 SEL RED OAK NO E/M - [RT2SRSEM]; 3/8 x 1 1/2"" QTR W/O NO E/M - [RT112QOSEM]; 3/8 x 1 1/2"" QTR R/O NO E/M - [RT112QRSEM]",4
H S,BROOKLYN BROWN - 1/2 X 5-5/8 12MM LAMINATE H.S. - [TECL3996],1
M B,5/8 X 5 CHAR. HICK/PECAN M.B. - [AM585SHMP]; 1/2 x 3 CHERRY UNFINISHED M.B - [GCUNC300]; UNFIN - 1/2 x 5 MILL RUN CHERRY M.B. - [GCUNC500]; 1/2 x 7 CHERRY UNFINISHED M.B - [GCUNC700]; 1/2 x 3 HICK/PECAN UNFIN. M.B - [GCUNH300]; UNFIN - 1/2 x 3 MILL RUN MAPLE M.B - [GCUNM300]; UNFIN - 1/2 x 5 MILL RUN MAPLE M.B - [GCUNM500]; UNFIN - 1/2 x 7 MILL RUN MAPLE M.B - [GCUNM700]; UNFIN - 1/2 x 3 MILL RUN WHITE OAK M.B - [GCUNO300]; UNFIN - 1/2 X 5 MILL RUN WHITE OAM M.B - [GCUNO500]; 1/2 x 7 WILD PECAN UNFIN. M.B - [GCUNP700]; UNFIN - 1/2 x 3 MILL RUN RED OAK M.B - [GCUNR300]; UNFIN - 1/2 x 5 MILL RUN RED OAK M.B - [GCUNR500]; 1/2 X 7 RED OAK UNFINISHED M.B - [GCUNR700]; UNFIN - 1/2 x 3 MILL RUN WALNUT M.B - [GCUNW300]; UNFIN - 1/2 X 5 MILL RUN WALNUT M.B - [GCUNW500]; UNFIN - 1/2 x 7 MILL RUN WALNUT M.B - [GCUNW700]; UNFIN - 3/4 X 5 FAS HICK/PECAN M.B. - [LQ5FHM]; UNFIN - 3/4 X 7 FAS HICK/PECAN M.B. - [LQ7FHM]; UNFIN/DIST - 9/16 x 5 WALNUT M.B - [GNUDW500]; UNFIN/DIST - 9/16 x 5 MAPLE M.B - [GNUDM500]; UNFIN/DIST - 9/16 x 5 WHITE OAK M.B - [GNUDO500]; NATURAL - 5/8 X 2 S/B WHITE OAK M.B - [AM582SONM]; 3/4 X 6 FAS WALNUT LL M.B - [LQ6FWM]; UNFIN - 3/4 X 4 FAS HICK/PECAN M.B. - [LQ4FHM]; UNFIN - 3/4 X 3 FAS HICK/PECAN M.B. - [LQ3FHM]; NATURAL - 5/8 X 2 1/4 S/B RED OAK M.B - [AMF214SRNM]; 5/8 X 5 CHARACTER CHERRY M.B - [AMF5CCM]; 5/8 X 5 CHARACTER CHERRY M.B - [ENF5CCM]; NATURAL - ANDERSON 1/2 X 3 RED OAK M.B - [AN3490]; NATURAL - 3/4 X 4 S/B RED OAK M.B - [AMQ4SRNM]; NATURAL - 3/4 X 3 SANTOS MAHOGANY M.B - [PFQ3SM]; NATURAL - 3/4 X 5 SANTOS MAHOGANY M.B - [PFQ5SM]; NATURAL - 3/4 X 5 BRAZ/CHERRY M.B - [PFQ5BM]; NATURAL - 3/4 X 5 IPE M.B - [PFQ5IM]; 5/8 X 3 CHARACTER CHERRY M.B - [AMF3CCM]; 5/8 X 7 CHARACTER CHERRY M.B - [AMF7CCM]; NATURAL - 3/4 X 4 SELECT MAPLE M.B - [AMQ4SMNM]; NATURAL - 5/8 X 2 1/4 S/B WHITE OAK M.B - [AMF214SONM]; 5/8 X 7 CHARACTER WALNUT M.B - [AMF7CWM]; NATURAL - 3/4 X 5 S/B WHITE AOK M.B - [AMQ5SONM]; NATURAL - 3/4 X 3 BRAZ/CHERRY M.B - [PFQ3BM]; NATURAL - 3/4 X 3 S/B WHITE OAK M.B - [AMQ3SONM]; 5/8 X 5 SELECT RED OAK M.B - [AMF5SRM]; 5/8 X 7 CHARACTER HICKORY M.B - [AMF7CHM]; NATURAL - 3/4 X 4 BRAZ/CHERRY M.B - [PFQ4BM]; NATURAL - 3/4 X 3 AMERICAN CHERRY M.B - [PFQ3CM]; CON.CHOICE - *5/8 X 6 CHARACTER WALNUT M.B - [GFCOW6CM],48
M P,"CRYSTAL VALLEY - W/O ENG 5"" NATURAL 2.2M 2P - [GHCVO5382P]",1
M W,CINNAMON - M.W 1/2 X4 3/4 MAPLE DISTRESS - [MWTLEHY0028]; WHEAT - M.W 9/16 X 4-3/4 BIRCH DIST. - [MWTLEHY0042]; AUTUMN - M.W 9/16X4 3/4 MAPLE DISTRESS - [MWTLWHY0020]; CHOCOLATE - M.W 9/16 X 5 MAPLE SMOOTH - [MWTLEYB00058]; ROYAL SPIC - M.W 9/16 X 4-3/4 BIRCH DIST. - [MWEHY0036],5
O G,5/8 X 3 1/2 BRAZ. CHERRY O.G. - [MOOG583B],1
Q O,"RANDOM - 1/2 x 1-1/2"" R & Q R/O - [RH112QRSSP]",1
S B,BURGUNDY - 1/2 X 3-1/4 S/B MAPLE - [UW12314SMB]; CHERRY - 1/2 X 3-1/4 S/B MAPLE - [UW12314SMC]; NATURAL - 1/2 X 3-1/4 S/B MAPLE - [UW12314SMN]; NATURAL - 3/4 X 3-1/4 S/B RED OAK - [UW34314SRN]; NATURAL - 3/4 X 3-3/16 S/B WHITE OAK - [UW34316SON]; HONEY ROSE - 3/4 X 3-1/4 S/B WHITE OAK - [UWQ314SOH]; NATURAL - OMNI 3/4 X 3-5/8 S/B MAPLE - [OMQ358SMN]; NATURAL - 3/4 X 2-1/4 S/B RED OAK - [UW34214SRN]; NATURAL - 3/4 X 4 S/B RED OAK - [UW344SRN],9
S E,"CONTRACTOR'S CHOICE - 5/8 X 2-1/4 PREMIUM W/O S.E - [GFCOO214PS]; CONTRACTOR'S CHOICE - 5/8 X 3 1/4 PREMIUM W/O S.E - [GFCOO314PS]; CONTRACTOR'S CHOICE - 5/8 X 5 PREMIUM W/O S.E - [GFCOO5PS]; CONTRACTOR'S CHOICE - 5/8 X 7 PREMIUM W/O S.E - [GFCOO7PS]; 5/8 X 3 ENG S/B RED OAK S.E. - [AM583SRSU]; 5/8 X 4 ENG. BRAZ. CHERRY S.E. - [AM584SBSU]; 5/8 X 5 ENG. RUSTIC WALNUT S.E - [AM585RWSU]; 5/8 X 5 SEL/BTR MAPLE S.E. - [AM585SMSU]; 5/8 X 5 ENG.#1C HICKORY S.E. - [AM5851HUSU]; 5/8 X 5 ENG #1C WALNUT S.E. - [AM5851WSU]; 1/2 x 5 CHERRY UNFINISHED S.E. - [GCUNC500SE]; 1/2 X 3 RED OAK UNFIN. S.E. - [GCUNR300SE]; 3/4"" X 3"" FAS WHITE OAK S.E. L - [L343FOS]; 3/4"" X 9"" #1C HICK/PECAN S.E. - [L3491HS]; 3/4 X 3 CLEAR BRAZ/CHERY S.E - [RQ3CBS]; 3/4 X 6"" #1C RIFT/QTR W/O S.E - [RQ61RQOS]; 5/8 X 2-1/4 S/B RED OAK S.E. - [AM58214SRU]; 5/8 X 5 ENG. BRAZ. CHERRY S.E. - [AM585SBSU]; UNFINISHED (1'-10') - 3/4 X 5 SELECT WHITE OAK S/E - [LQ5FOS]; UNFIN - 1/2 X 5 MILL RUN WALNUT S.E - [GCUNW500SE]; UNFIN - 3/4 X 7 FAS HICK/PECAN S.E - [LQ7FHS]; 5/8 X 5 CHAR. HICK/PECAN S.E. - [AM585CHS]; 3/4 X 6 FAS WALNUT LL S.E - [LQ6FWS]; 3/4 X 3 FAS WALNUT LL S.E - [LQ3FWS]; 3/4 X 3 #1C WALNUT LL S.E - [LQ31WS]; UNFIN - 1/2 X 5 MILL RUN WHITE OAK S.E - [GCUNO500SE]; 3/4 X 4"" FAS RIFT/QTR R/O S.E - [LQ4FRQRS]; 3/4 X 6"" FAS RIFT/QTR R/O S.E - [LQ6FRQRS]; 3/4 X 8"" FAS RIFT/QTR R/O S.E - [LQ8FRQRS]; 5/8 X 5 SEL. HICK/PECAN S.E. - [AMF5SHS]; 3/4 X 6"" FAS RIFT/QTR W/O S.E - [LQ6FRQOS]; HARVEST - ANDERSON 3/8 X 3 RED OAK S.E - [ANLS3790]; HARVEST - ANDERSON 3/8 X 3 PECAN S.E. - [ANPP3790]; CON.CHOICE - 5/8 X 3-1/4 SELECT R/O S.E - [GFCC314SRS]; CON.CHOICE - 5/8 X 3-1/4 #1 R/O S.E - [GFCC3141RS]; CON.CHOICE - 5/8 X 4 SELECT R/O S.E - [GFCC4SRS]; CON.CHOICE - 5/8 X 4 #1 R/O S.E - [GFCC41RS]; CON.CHOICE - 5/8 X 5 SELECT R/O S.E - [GFCC5SRS]; CON.CHOICE - 5/8 X 5 #1 R/O S.E - [GFCC51RS]; CON.CHOICE - 5/8 X 3-1/4 PREM. QTR W/O S.E - [GFCC314PQOS]; CON.CHOICE - 5/8 X 4 PREM. QTR W/O S.E - [GFCC4PQOS]; CON.CHOICE - 5/8 X 5 PREM. QTR W/O S.E - [GFCC5PQOS]; CON.CHOICE - 5/8 X 3-1/4 PREM. WALNUT S.E - [GFCC314PWS]; CON.CHOICE - 5/8 X 3-1/4 BLDR. WALNUT S.E - [GFCC314BWS]; CON.CHOICE - 5/8 X 4 PREM. WALNUT S.E - [GFCC4PWS]; CON.CHOICE - 5/8 X 4 CHAR. WALNUT S.E - [GFCC4BWS]; CON.CHOICE - 5/8 X 5 PREM. WALNUT S.E - [GFCC5PWS]; CON.CHOICE - 5/8 X 5 CHAR. WALNUT S.E - [GFCC5BWS]; CON.CHOICE - 5/8 X 3-1/4 CLR BR/CHERRY S.E - [GFCC314CBS]; CON.CHOICE - 5/8 X 3-1/4 SEL BR/CHERRY S.E - [GFCC314SBS]; CON.CHOICE - 5/8 X 4 CLEAR BRAZ/CHERRY S.E - [GFCC4CBS]; CON.CHOICE - 5/8 X 4 SELECT BRAZ/CHERRY S.E - [GFCC4SBS]; CON.CHOICE - 5/8 X 5 CLEAR BRAZ/CHERRY S.E - [GFCC5CBS]; CON.CHOICE - 5/8 X 5 SELECT BRAZ/CHERRY S.E - [GFCC5SBS]; CON.CHOICE - 5/8 X 3-1/4 1ST HICK/PEC S.E - [GFCC3141HS]; CON.CHOICE - 5/8 X 3-1/4 2ND HICK/PEC S.E - [GFCC3142HS]; CON.CHOICE - 5/8 X 4 1ST HICK/PECAN S.E - [GFCC41HS]; CON.CHOICE - 5/8 X 4 2ND HICK/PECAN S.E - [GFCC42HS]; CON.CHOICE - 5/8 X 5 1ST HICK/PECAN S.E - [GFCC51HS]; CON.CHOICE - 5/8 X 5 2ND HICK/PECAN S.E - [GFCC52HS]; UNFINISHED (1'-10') - 3/4 X 5 SELECT RED OAK S/E - [LQ5FRS]; UNFINISHED - 3/4 X 3 BRAZ/CHERRY LL S.E - [LQ3FBS]; 3/4 x 2 1/4"" SELECT WALNUT S.E - [RQ214SWS]; 5/8 X 5 SEL/BTR W/O S.E. - [AM585SOSU]; NATURAL - 5/8 X 2 1/4 S/B WHITE OAK S.E - [AMF214SONS]; 5/8 X 2-1/4 #1C WHITE OAK S.E - [AMF2141OS]; 5/8 X 2-1/4 S/B WHITE OAK S.E - [AMF214SOS]; UNFIN - 1/2 x 3 MILL RUN WHITE OAK S.E - [GCUNO300SE]; NATURAL - ANDERSON 3/8 X 3 PECAN S.E. - [ANPP3490]; 3/4 X 3"" FAS RIFT/QTR W/O S.E - [LQ3FRQOS]; UNFIN - 3/4 X 4 CLEAR SAN.MAHOGANY S.E - [RQ4CSS]; 5/8 X 5 ENG. RUSTIC RED OA S.E - [AM585RRSU]; 3/4 X 5 SEL HICK/PECAN S.E R.L - [RQ5SHS]; ENG. UNF - 5/8 X 5 SELECT R/O S.E - [AMF5SRS]; ENG. UNF - 5/8 X 7 SELECT R/O S.E - [AMF7SRS]; 5/8 X 3 SELECT WHITE OAK S.E - [AMF3SOS]; 5/8 X 3 SELECT RED OAK S.E - [AMF3SRS]; 5/8 X 2-1/4 S/B RED OAK S.E - [AMF214SRS]; 3/4 X 3 SELECT BRAZ/CHERY S.E - [RQ3SBS]; CON.CHOICE - *5/8 X 2 1/4 PREM. WALNUT S.E - [GFCOW214PS]; CON.CHOICE - *5/8 X 3 1/4 PREM. WALNUT S.E - [GFCOW314PS]; CON.CHOICE - *5/8 X 3 1/4 CHAR. WALNUT S.E - [GFCOW314CS]; CON.CHOICE - *5/8 X 4 PREMIUM WALNUT S.E - [GFCOW4PS]; CON.CHOICE - *5/8 X 4 CHARACTER WALNUT S.E - [GFCOW4CS]; CON.CHOICE - 5/8 X 5 PREMIUM WALNUT S.E - [GFCOW5PS]; CON.CHOICE - 5/8 X 5 CHARACTER WALNUT S.E - [GFCOW5CS]; CON.CHOICE - *5/8 X 6 PREMIUM WALNUT S.E - [GFCOW6PS]; CON.CHOICE - *5/8 X 6 CHARACTER WALNUT S.E - [GFCOW6CS]; CON.CHOICE - 5/8 X 7 PREMIUM WALNUT S.E - [GFCOW7PS]; CON.CHOICE - *5/8 X 7 CHARACTER WALNUT S.E - [GFCOW7CS]; CON.CHOICE - *5/8 X 2 1/4 CHAR WALNUT S.E - [GFCOW214CS]; CON.CHOICE - 5/8 X 2 1/4 CHARACTER W/O S.E - [GFCOO214CS]; CON.CHOICE - *5/8 X 3 1/4 CHARACTER W/O S.E - [GFCOO314CS]; CON.CHOICE - *5/8 X 4 CHARACTER W/O S.E - [GFCOO4CS]; CON.CHOICE - *5/8 X 5 CHARACTER W/O S.E - [GFCOO5CS]; CON.CHOICE - 35/8 X 6 CHARACTER W/O S.E - [GFCOO6CS]; CON.CHOICE - 5/8 X 7 CHARACTER W/O S.E - [GFCOO7CS]; CON.CHOICE - 5/8 X 7 PREMIUM W/O S.E - [GFCOO7PS]; CON.CHOICE - *5/8 X 6 PREMIUM W/O S.E - [GFCOO6PS]; CON.CHOICE - 5/8 X 5 PREMIUM W/O S.E - [GFCOO5PS]; CON.CHOICE - *5/8 X 4 PREMIUM W/O S.E - [GFCOO4PS]; CON.CHOICE - 5/8 X 3 1/4 PREMIUM W/O S.E - [GFCOO314PS]; CON.CHOICE - 5/8 X 2-1/4 PREMIUM W/O S.E - [GFCOO214PS]; CON.CHOICE - *5/8 X 7 CHARACTER HICKORY S.E - [GFCOH7CS]; CON.CHOICE - *5/8 X 6 CHARACTER HICKORY S.E - [GFCOH6CS]; CON.CHOICE - *5/8 X 5 CHARACTER HICKORY S.E - [GFCOH5CS]; CON.CHOICE - *5/8 X 4 CHARACTER HICKORY S.E - [GFCOH4CS]; CON.CHOICE - *5/8 X 3 1/4 CHAR. HICKORY S.E - [GFCOH314CS]; CON.CHOICE - *5/8 X 2 1/4 CHAR. HICKORY S.E - [GFCOH214CS]; CON.CHOICE - *5/8 X 7 CHARACTER MAPLE S.E - [GFCOM7CS]; CON.CHOICE - *5/8 X 6 CHARACTER MAPLE S.E - [GFCOM6CS]; CON.CHOICE - *5/8 X 5 CHARACTER MAPLE S.E - [GFCOM5CS]; CON.CHOICE - *5/8 X 4 CHARACTER MAPLE S.E - [GFCOM4CS]; CON.CHOICE - *5/8 X 4 CHARACTER RED OAK S.E - [GFCOR4CS]; CON.CHOICE - *5/8 X 5 CHARACTER RED OAK S.E - [GFCOR5CS]; CON.CHOICE - *5/8 X 6 CHARACTER RED OAK S.E - [GFCOR6CS]; CON.CHOICE - *5/8 X 7 CHARACTER RED OAK S.E - [GFCOR7CS]; CON.CHOICE - *5/8 X 3 1/4 CHAR.A/CHERRY S.E - [GFCOC314CS]; CON.CHOICE - *5/8 X 4 CHAR. AM/CHERRY S.E - [GFCOC4CS]; CON.CHOICE - 5/8 X 5 CHAR. AM/CHERRY S.E - [GFCOC5CS]; CON.CHOICE - *5/8 X 6 CHAR. AM/CHERRY S.E - [GFCOC6CS]; CON.CHOICE - *5/8 X 7 CHAR. AM/CHERRY S.E - [GFCOC7CS]; CON.CHOICE - 5/8 X 2 1/4 CHAR. R&Q W/O S.E - [GFCOORQ214CS]; CON.CHOICE - *5/8 X 4 CHAR. R&Q W/O S.E - [GFCOORQ4CS]; CON.CHOICE - 5/8 X 5 CHAR. R&Q W/O S.E - [GFCOORQ5CS]; CON.CHOICE - *5/8 X 6 CHAR. R&Q W/O S.E - [GFCOORQ6CS]; CON.CHOICE - 5/8 X 7 CHAR. R&Q W/O S.E - [GFCOORQ7CS]; UNFINISHED - 3/4 X 5 FAS A. CHERRY S.E. L/L - [LQ5FCS]; CON.CHOICE - *5/8 X 3 1/4 PREM.A/CHERRY S.E - [GFCOC314PS]; CON.CHOICE - *5/8 X 4 PREMIUM AM/CHERRY S.E - [GFCOC4PS]; CON.CHOICE - *5/8 X 5 PREMIUM AM/CHERRY S.E - [GFCOC5PS]; CON.CHOICE - 5/8X31/4 PREM.RIFT/QTR W/O S.E - [GFCOORQ314PS]; CON.CHOICE - *5/8 X 4 PREMIUM R&Q W/O S.E - [GFCOORQ4PS]; CON.CHOICE - 5/8 X 5 PREMIUM R&Q W/O S.E - [GFCOORQ5PS]; CON.CHOICE - *5/8 X 6 PREMIUM R&Q W/O S.E - [GFCOORQ6PS]; CON.CHOICE - 5/8 X 7 PREMIUM R&Q W/O S.E - [GFCOORQ7PS]; CON.CHOICE - *5/8 X 4 PREMIUM HICKORY S.E - [GFCOH4PS]; CON.CHOICE - 5/8 X 5 PREMIUM HICKORY S.E - [GFCOH5PS]; CON.CHOICE - *5/8 X 6 PREMIUM HICKORY S.E - [GFCOH6PS]; CON.CHOICE - 5/8 X 7 PREMIUM HICKORY S.E - [GFCOH7PS]; CON.CHOICE - 5/8 X 2 1/4 PREMIUM MAPLE S.E - [GFCOM214PS]; CON.CHOICE - *5/8 X 3 1/4 PREMIUM MAPLE S.E - [GFCOM314PS]; CON.CHOICE - 5/8 X 4 PREMIUM MAPLE S.E - [GFCOM4PS]; CON.CHOICE - 5/8 X 5 PREMIUM MAPLE S.E - [GFCOM5PS]; CON.CHOICE - *5/8 X 6 PREMIUM MAPLE S.E - [GFCOM6PS]; CON.CHOICE - *5/8 X 7 PREMIUM MAPLE S.E - [GFCOM7PS]; 5/8 X 5 SEL/BTR R/Q W.O. S.E. - [AM585SROSU]; CON.CHOICE - *5/8 X 6 PREMIUM AM/CHERRY S.E - [GFCOC6PS]; CON.CHOICE - *5/8 X 7 PREMIUM AM/CHERRY S.E - [GFCOC7PS]; UNFINISHED - 3/4 X 4 FIRST GRADE MAPLE S.E - [LQ4FMS]; CON.CHOICE - 5/8 X2-1/4 PREMIUM R&Q W/O S.E - [GFCOORQ214PS]; 5/8 X 7 CHARACTER HICKORY S.E - [AMF7CHS]; 3/4 X 5 CHAR. WALNUT LL S.E - [LQ5CWS]; UNFINISHED - 3/4 X 7 #1,2 MIX W/O S.E. L/L - [LQ712OS]; EURO OAK 3/4 X 10 UNF. S.E - [GQFCOB1000]; SMOOTH - EURO OAK 3/4 X 11-1/4 UNF S.E - [GQFCOB1100]; 3/4 X 7 FAS RED OAK LL S.E - [LQ7FRS]; 3/4 X 5"" FAS RIFT/QTR W/O S.E - [LQ5FRQOS]; 3/4 X 4"" FAS RIFT/QTR W/O S.E - [LQ4FRQOS]; UNFIN - 3/4 X 5 SEL.SAN.MAHOGANY S.E - [RQ5SSM]; EUROPEAN OAK - 5/8 X 8-3/4"" UNFIN. SMOOTH S.E - [EOEWO875SM]; EUROPEAN OAK - *5/8 X 8-5/8"" UNFIN.SMOOTH S.E - [EOEWO858SM]",162
S S,"MDF - NONSTOCK - 11/16 X 3 1/2 PRIME S4S - [MOBBMD715M]; 3/4"" x 2"" S4S WHITE OAK - [MOS4SQO]",2
W B,SQ EDGE WIRE BRUSH - EURO OAK 3/4 X 11-1/4 UNF W.B - [GQFCOB1100WB]; SQ EDGE WIRE BRUSH FUMED - EURO OAK 3/4 X 11-1/4 UNF W.B - [GQFCOB1100WBFMD],2
W O,"HONEY ROSE - 3/4 X 3-1/4 PRIME W/O - [CWSO035 HS]; NATURAL - HAWA 3/4 X 2-1/4 SEL W/O - [HAOAK01]; BUTTERSCOT - HAWA 3/4 X 2-1/4 SEL W/O - [HAOAK02]; GUNSTOCK - HAWA 3/4 X 2-1/4 SEL W/O - [HAOAK03]; NATURAL - HAWA 3/4 X 3-1/4 SEL W/O - [HAOAK11]; BUTTERSCOT - HAWA 3/4 X 3-1/4 SEL W/O - - [HAOAK12]; GUNSTOCK - HAWA 3/4 X 3-1/4 SEL W/O - - [HAOAK13]; 3/8 x 3/4 BASE SHOE - W/O - [MOBS38O]; 5/8 x 13/16 BASE SHOE - W/O - [MOBS58O]; 3/8 x 3 1/2,OG BASE,W/O - [MOOG383O]; 5/8 x 2 1/2,OG BASE,W/O - [MOOG582O]; 5/8 x 3 1/2,OG BASE,W/O - [MOOG583O]; 5/8 x 2 1/2 STREAMLINE W/O - [MOSL582O]; 5/8 x 3 1/2,S-LINE BASE,W/O - [MOSL583O]; 5/8 x 3 1/2 - TRESHOLD W/O - [MOTHO58]; WHITE OAK - 1"" X 11 3/4"" LAM. TREAD - W/O - [MOTRO]; T-MOULD W/O NATURAL W/O 78"" - [UWTM58ON]; PRAI.WHEAT - 3/4 X 2-1/4 S/B W/O - [UW34214SOP]; GUNSTOCK - 3/4 X 3-1/4 BLDR W/O - [UW34314BOG]; PRAI.WHEAT - 3/4 X 3-1/4 S/B W/O - [UW34314SOP]; ARB CREEK - 1/2 x 1 1/2"" QTR W/O - [RH112QOS]; ARB CREEK - 1/2 x 1 1/2"" SELECT W/O - [RH112SOS]; 1/2 x 1 1/2"" #1 W/O - [RH1121OS]; ARB CREEK - 1/2 x 2"" RIFT/QTR W/O - [RH2QOS]; ARB CREEK - 1/2 x 2"" #1 W/O - [RH21OS]; ARB CREEK - 1/2 x 2"" #2 W/O - [RH22OS]; 1/2 x 3 QTR W/O - [RH3QOS]; 3/8 x 1-1/2"" R & Q W/O - [RT112QOS]; 3/8 x 2 #1 W/O - [RT21OS]; 3/8 x 1-1/2"" SELECT W/O BF - [RT112SOS]; 3/8 x 1 1/2"" #1 W/O - [RT1121OS]; UNFIN - 9/16 X 3-1/2 X 8' NOSING W/O - [MONONO]; UNFIN - 9/16 X 2 X 8' REDUCER W/O - [MORENO]; 3/4 X 3 1/4 RIFT/QTR W/O - [RQ314QOS]; HONEYROSE - OMNI 1/2 X 3-1/4 BLDR W/O - [OMH314BOH]; GOLD.WHEAT - GAVIN 9/16 X 3-1/4 PREM W/O - [GWN314POGW]; GUNSTOCK - 3/4 X 3-1/4 PRIME W/O - [CWQ314POG]; HONEYROSE - CW 3/4 X 3-1/4 STANDARD W/O - [CWQ314SOHR]; CRYSTAL VALLEY 3/4 X 2-1/4 W/O - [GQCVO21443]; 3/4 X 3 1/4 RIFT/QTR W/O - [RQ314QOSSP]; GUNSTOCK - 3/4 X 3-1/4 STANDARD W/O - [CWQ314SOG]; HONEYROSE - OMNI 3/4 X 3-1/4 S/B W/O - [OMQ314SOH]; NATURAL - 3/4 X 3-1/4 STANDARD W/O - [CWQ314SON]; NATURAL - 9/16""X7 1/2 LONG STRIP W/O - [HTUSA5004]; NATURAL - 9/16"" X 7-1/2 LONG STRIP W/O - [HT0USA5004]; NATURAL - 9/16 X 3-1/4 STANDARD W/O - [CWF314SON]; MTN. WHEAT - SAMPLE-CR VAL. 3/4 X 2-1/4 W/O - [GQCV214SBO40]; D. ROSE - SAMPLE-CR VAL. 3/4 X 2-1/4 W/O - [GQCV214SBO35]; NATURAL - SAMPLE-CR VAL. 3/4 X 2-1/4 W/O - [GQCV214SBO38]; NATURAL - SAMPLE-CR VAL. 3/4 X 3-1/4 W/O - [GQCV314SBO38]; NATURAL - SAMPLE-CR VAL. 1/2 X 3-1/4 W/O - [GHCV314SBO38]; GOLDEN OAK - SAMPLE-CR VAL. 1/2 X 3-1/4 W/O - [GHCV314SBO45]; GUNSTOCK - SAMPLE-CR VAL. 1/2 X 3-1/4 W/O - [GHCV314SBO47]; HONEYROSE - SAMPLE-CR VAL. 1/2 X 3-1/4 W/O - [GHCV314SBO49]; HONEY ROSE - OMNI 3/4 X 3-1/4 BLDR. W/O - [OMQ314BOH]; GUNSTOCK - SAMPLE-CR VAL.3/4 X 5 W/O DIST - [GQCVD5SBO47]; HONEY OAK - SAMPLE-CR VAL.3/4 X 5 W/O DIST - [GQCVD5SBO53]; CHO.CHERRY - SAMPLE-CR VAL.3/4 X 5 W/O DIST - [GQCVD5SBO55]; ANTIQUE - OMNI 3/4 X 3-1/4 S/B W/O - [OMQ314SOA]; ANTIQUE - OMNI 3/4 X 3 1/4 BUILDER W/O - [OMQ314BOA]; GOLDEN OAK - 3/4 X 2-1/4 X 7' REDUCER W/O - [CWREQOGO]; RED WINE - SAMPLE-CR VAL.3/4 X 5 W/O DIST - [GQCVD5SBO73]; BLK STONE - SAMPLE-CR VAL.3/4 X 5 W/O DIST - [GQCVD5SBO74]; ANT.OAK - SAMPLE-CR VAL.3/4 X 5 W/O DIST - [GQCVD5SBO75]; NATURAL - SAMPLE-CV 3/4 X 3-1/4 BLDR W/O - [GQCV314SBBO38]; GUNSTOCK - SAMPLE-CV 3/4 X 3-1/4 BLDR W/O - [GQCV314SBBO47]; PRAIRE WHE - SAMPLE-CR VAL. 1/2 X 3-1/4 W/O - [GHCV314SBO68]; PRAIRIE WH - SAMPLE-CR VAL. 3/4 X 3-1/4 W/O - [GQCV314SBO68]; GOLDEN OAK - SAMPLE-CR VAL. 3/4 X 2-1/4 W/O - [GQCV214SBO45]; HONEY ROSE - SAMPLE-CR VAL. 3/4 X 3-1/4 W/O - [GQCV314SBO49]; GUNSTOCK - SAMPLE-CR VAL. 3/4 X 3-1/4 W/O - [GQCV314SBO47]; GOLDEN OAK - SAMPLE-CR VAL. 3/4 X 3-1/4 W/O - [GQCV314SBO45]; 5/16 x 2"" SELECT W/O - [RFS2SOS]; 5/16 x 3"" SELECT W/O - [RFS3SOS]; 5/16 x 4"" SELECT W/O - [RFS4SOS]; 5/16 x 5"" SELECT W/O - [RFS5SOS]; 5/16 x 6"" SELECT W/O - [RFS6SOS]; 5/16 x 7"" SELECT W/O - [RFS7SOS]; 5/16 x 8"" SELECT W/O - [RFS8SOS]; SADDLE - 3/4 X 3-1/4 COUNTRY W/O - [CWQ314COS]; NATURAL - SAMPLE-CRYSTAL VAL. SOLID W/O - [GQCVSBO38]; GOLDEN OAK - SAMPLE-CRYSTAL VAL. SOLID W/O - [GQCVSBO45]; GUNSTOCK - SAMPLE-CRYSTAL VAL. SOLID W/O - [GQCVSBO47]; HONEYROSE - SAMPLE-CRYSTAL VAL. SOLID W/O - [GQCVSBO49]; PRARIE WHE - SAMPLE-CRYSTAL VAL. SOLID W/O - [GQCVSBO68]; NATURAL - *3/4 X 2-1/4 PRIME W/O - [CWQ214PON]; CON.CHOICE - *5/8 X 3 1/4 CHAR.RIFT/QTR W/O - [GFCOORQ314CS]; GOLDEN OAK - SAMPLE-CR VAL.3/4 X 5 W/O DIST - [GQCVD5SBO45]; UNFIN. - TARKETT HADDON HALL W/O - [HT0BS1511]; NATURAL - OMP CALI 9/16 X 5 SEL W/O - [OMPN5SO38]; NATURAL - OMP CALI 9/16 X 5 #1 W/O - [OMPN51O38]; NATURAL - OMP CALI 9/16 X 3"" SEL W/O - [OMPN3SO38]; NATURAL - OMP CALI 9/16 X 3"" #1 W/O - [OMPN31O38]; NOIR - 3/4 X 7-1/4"" RISER FRENCH W/O - [GCRIOQ86]; PROVENCE - 11-3/4"" TREAD FRENCH W/O DIST. - [GCTROO102]; CON.CHOICE - *5/8 X 4 CHAR. W/O DISTRESSED - [GFCODCO400]; CON.CHOICE - *5/8 X 5 CHAR. W/O DISTRESSED - [GFCODCO500]; CON.CHOICE - *5/8 X 4 CHAR. R&Q W/O DIST. - [GFCODCORQ400]; CON.CHOICE - *5/8 X 5 CHAR. R&Q W/O DIST. - [GFCODCORQ500]; MOCHA - SAMPLE-CR VAL. 1/2 X 3-1/4 W/O - [GHCV314SBO36]; MOCHA - SAMPLE-CRYSTAL VAL. SOLID W/O - [GQCVSBO36]; RANDOM - 1/2 x 1 1/2"" R & Q W/O - [RH112QOSSP]; CON.CHOICE - *5/8 X 3-1/4 CHAR. W/O DIST - [GFCODCO31400]; NATURAL - SAMPLE-CR VAL. 1/2 X 5 W/O - [GHCV5SBO38]; CON.CHOICE - *5/8 X 3-1/4 CHAR R&Q W/O DIST - [GFCODCORQ31400]; NATURAL - 3/4"" NOSING W/O SMOOTH - [GCNOOSQ38]; PRAIRE WHE - 3/4"" NOSING W/O SMOOTH - [GCNOOSQ68]; NATURAL - 1/2"" NOSING W/O SMOOTH - [GCNOOSH38]; PARIS - 3/4 X 7-1/4"" RISER FRENCH W/O - [GCRIOQ78]; PARIS - 11-3/4"" TREAD FRENCH W/O DIST. - [GCTROO78]; PRAIRE WHE - 1/2"" NOSING W/O SMOOTH - [GCNOOSH68]; WHITE OAK - 5/8 X 3-1/2 X 7' NOSING W/O - [MONO7FO]; UNFIN - 1/2 X 2 1/4 W.O DISTRESSED - [GHUDO21400]; WHITE OAK - 3/4 X 3 OVERLAP REDUCER W/O - [MORE34OLO]; WHITE GREY - SAMPLE-CR VAL.3/4 X 5 W/O DIST - [GQCVD5SB165]; 1/2 x 2-1/2 OG BASE W/O - [MOOG122O]; ARB CREEK - 1/2 x 1 1/2"" RIFT W/O - [RH112ROS]; NATURAL - 3/4 X 3-1/4 #1 & BTR W/O - [PFQO131438]; TOFFEE - SAMPLE-CR VAL. 3/4 X 2-1/4 W/O - [GQCV214SBO78]; TOFFEE - SAMPLE-CR VAL. 3/4 X 3-1/4 W/O - [GQCV314SBO78]; WHITE OAK - 1/2X2-1/2 OVERLAP REDUCER W/O - [MORE12OLO]; HONEY ROSE - 3/4 X 3-1/4 PRIME W/O - [CWQ314COH]; UNFIN - 1/2 X 2 X 8' REDUCER W/O - [MOREHO]; UNFIN - 1/2 X 3-1/2 X 8' NOSING W/O - [MONOHO]; WHITE OAK - LILY - 5/8 X 2 X 8' REDUCER W/O - [MOREFO]; 5/8 X 3-1/2 X 8' NOSING W/O - [MONOFO]; UNFIN - 3/4 X 3-1/2 X 8' NOSING W/O - [MONOQO]; UNFIN - 3/4 X 3-1/2 X 7' NOSING W/O - [MONO7QO]; WIRE BRUSHED - 5/8""NOSING 8'UNF.W/O - [GCNOO8F00]; WIRE BRUSHED - CHATEAU CAPRI UNF.NOSING 8'W/O - [GCNO8OQ00W]; WHITE OAK - 2"" X 12"" TREAD - W/O SQUARE - [MOTRO2]; WHITE OAK - 1""X11-3/4""SQUARE TREAD - W/O - [MOTROS]; 5/8 X 5"" SQ. NOSING W/O 8' - [MONO858O5S]; WHITE OAK - 1X1-1/4 X 14"" TREAD RETURN W/O - [MOTRREO]; RACHEL - 5/8 X 3-1/2 X 8' NOSING W/O - [MONOFOR]; WHITE OAK - 5/8 X 3-1/2 X 7' NOSING W/O - [MONO7FOR]; WHITE OAK - 3/4"" X 11 3/4"" SQ TREAD W/O - [MOTROQS]; UNFIN - 5/16 X 4-1/2 X 8' NOSING W/O - [MONOFNO516O]; APPALACHIAN - SIG. W/O+HICKORY - [GCKEYSET901]; APPALACHIAN - ALTA MODA W/O - [GCKEYSET905]; APPALACHIAN - ALTA MODA W/O 7"" - [GCKEYSET906]; WHITE OAK - 3/8 X 3-1/2 X 8' NOSING W/O - [MONOTO]; CVA - 7/16 X 3-1/2 X 8' NOSING W/O - [MONO716O]; WHITE OAK - 7/16 X 2 X 8' REDUCER W/O - [MORE716O]; UNFIN - 3/4 X 3-1/2 X 8' REDUCER W/O - [MOREQO]",145
