SKU,DESCRIPTION,LOOKBACK_START,LOOKBACK_END,LOCATION,TOTAL_DEMAND,AVG_MONTHLY_DEMAND,DEMAND_2_MO,DEMAND_3_MO,QTY_ON_HAND,QTY_COMMITTED,AVAILABLE_QTY,MONTHS_OF_SUPPLY,NEED_REPLENISH,REPLENISH_QTY
AB36RRP,AQUABAR B PAPER,2025-01-26,2026-01-26,1.0,127.0,10.583333333333334,21.166666666666668,31.75,59.0,0.0,59.0,5.574803149606299,False,0.0
AB36RRP,AQUABAR B PAPER,2025-01-26,2026-01-26,3.0,91.0,7.583333333333333,15.166666666666666,22.75,12.0,0.0,12.0,1.5824175824175826,True,10.75
AB36RRP,AQUABAR B PAPER,2025-01-26,2026-01-26,4.0,55.0,4.583333333333333,9.166666666666666,13.75,12.0,0.0,12.0,2.618181818181818,False,0.0
AB36RRP,AQUABAR B PAPER,2025-01-26,2026-01-26,5.0,108.0,9.0,18.0,27.0,25.0,0.0,25.0,2.7777777777777777,False,0.0
AB36RRP,AQUABAR B PAPER,2025-01-26,2026-01-26,6.0,203.0,16.916666666666668,33.833333333333336,50.75,29.0,0.0,29.0,1.7142857142857142,True,21.75
AB36RRP,AQUABAR B PAPER,2025-01-26,2026-01-26,8.0,19.0,1.5833333333333333,3.1666666666666665,4.75,7.0,1.0,6.0,3.7894736842105265,False,0.0
AB36RRP,AQUABAR B PAPER,2025-01-26,2026-01-26,9.0,47.0,3.9166666666666665,7.833333333333333,11.75,16.0,0.0,16.0,4.085106382978724,False,0.0
AB3M86395,"3M P150 5"" HOOKIT DISC (50PK)",2025-01-26,2026-01-26,1.0,2.0,0.16666666666666666,0.3333333333333333,0.5,36.0,15.0,21.0,126.0,False,0.0
AB3M86395,"3M P150 5"" HOOKIT DISC (50PK)",2025-01-26,2026-01-26,3.0,6.0,0.5,1.0,1.5,8.0,0.0,8.0,16.0,False,0.0
AB3M86395,"3M P150 5"" HOOKIT DISC (50PK)",2025-01-26,2026-01-26,4.0,1.0,0.08333333333333333,0.16666666666666666,0.25,5.0,0.0,5.0,60.0,False,0.0
AB3M86395,"3M P150 5"" HOOKIT DISC (50PK)",2025-01-26,2026-01-26,5.0,3.0,0.25,0.5,0.75,10.0,0.0,10.0,40.0,False,0.0
AB3M86395,"3M P150 5"" HOOKIT DISC (50PK)",2025-01-26,2026-01-26,6.0,5.0,0.4166666666666667,0.8333333333333334,1.25,7.0,0.0,7.0,16.8,False,0.0
AB3M86395,"3M P150 5"" HOOKIT DISC (50PK)",2025-01-26,2026-01-26,8.0,2.0,0.16666666666666666,0.3333333333333333,0.5,6.0,0.0,6.0,36.0,False,0.0
AB3M86395,"3M P150 5"" HOOKIT DISC (50PK)",2025-01-26,2026-01-26,9.0,0.0,0.0,0.0,0.0,2.0,2.0,0.0,inf,False,0.0
AB3M86396,"3M P180 5"" HOOKIT DISC (50PK)",2025-01-26,2026-01-26,1.0,0.0,0.0,0.0,0.0,24.0,1.0,23.0,inf,False,0.0
AB3M86396,"3M P180 5"" HOOKIT DISC (50PK)",2025-01-26,2026-01-26,3.0,6.0,0.5,1.0,1.5,15.0,0.0,15.0,30.0,False,0.0
AB3M86396,"3M P180 5"" HOOKIT DISC (50PK)",2025-01-26,2026-01-26,4.0,3.0,0.25,0.5,0.75,4.0,0.0,4.0,16.0,False,0.0
AB3M86396,"3M P180 5"" HOOKIT DISC (50PK)",2025-01-26,2026-01-26,5.0,16.0,1.3333333333333333,2.6666666666666665,4.0,10.0,0.0,10.0,7.5,False,0.0
AB3M86396,"3M P180 5"" HOOKIT DISC (50PK)",2025-01-26,2026-01-26,6.0,11.0,0.9166666666666666,1.8333333333333333,2.75,3.0,0.0,3.0,3.272727272727273,False,0.0
AB3M86396,"3M P180 5"" HOOKIT DISC (50PK)",2025-01-26,2026-01-26,8.0,0.0,0.0,0.0,0.0,0.0,0.0,0.0,inf,False,0.0
AB3M86396,"3M P180 5"" HOOKIT DISC (50PK)",2025-01-26,2026-01-26,9.0,0.0,0.0,0.0,0.0,0.0,0.0,0.0,inf,False,0.0
AB3M86434,"3M P240 5"" HOOKIT DISC (50PK)",2025-01-26,2026-01-26,1.0,8.0,0.6666666666666666,1.3333333333333333,2.0,40.0,15.0,25.0,37.5,False,0.0
AB3M86434,"3M P240 5"" HOOKIT DISC (50PK)",2025-01-26,2026-01-26,3.0,22.0,1.8333333333333333,3.6666666666666665,5.5,4.0,0.0,4.0,2.181818181818182,False,0.0
AB3M86434,"3M P240 5"" HOOKIT DISC (50PK)",2025-01-26,2026-01-26,4.0,3.0,0.25,0.5,0.75,7.0,0.0,7.0,28.0,False,0.0
AB3M86434,"3M P240 5"" HOOKIT DISC (50PK)",2025-01-26,2026-01-26,5.0,17.0,1.4166666666666667,2.8333333333333335,4.25,9.0,0.0,9.0,6.352941176470588,False,0.0
AB3M86434,"3M P240 5"" HOOKIT DISC (50PK)",2025-01-26,2026-01-26,6.0,11.0,0.9166666666666666,1.8333333333333333,2.75,0.0,0.0,0.0,0.0,True,2.75
AB3M86434,"3M P240 5"" HOOKIT DISC (50PK)",2025-01-26,2026-01-26,8.0,0.0,0.0,0.0,0.0,0.0,0.0,0.0,inf,False,0.0
AB3M86434,"3M P240 5"" HOOKIT DISC (50PK)",2025-01-26,2026-01-26,9.0,0.0,0.0,0.0,0.0,0.0,0.0,0.0,inf,False,0.0
ACBUP809,"16"" ECONO PAD",2025-01-26,2026-01-26,1.0,10.0,0.8333333333333334,1.6666666666666667,2.5,9.0,0.0,9.0,10.799999999999999,False,0.0
ACBUP809,"16"" ECONO PAD",2025-01-26,2026-01-26,3.0,5.0,0.4166666666666667,0.8333333333333334,1.25,4.0,0.0,4.0,9.6,False,0.0
ACBUP809,"16"" ECONO PAD",2025-01-26,2026-01-26,4.0,8.0,0.6666666666666666,1.3333333333333333,2.0,3.0,0.0,3.0,4.5,False,0.0
ACBUP809,"16"" ECONO PAD",2025-01-26,2026-01-26,5.0,4.0,0.3333333333333333,0.6666666666666666,1.0,4.0,0.0,4.0,12.0,False,0.0
ACBUP809,"16"" ECONO PAD",2025-01-26,2026-01-26,6.0,15.0,1.25,2.5,3.75,2.0,0.0,2.0,1.6,True,1.75
ACBUP809,"16"" ECONO PAD",2025-01-26,2026-01-26,8.0,1.0,0.08333333333333333,0.16666666666666666,0.25,3.0,0.0,3.0,36.0,False,0.0
ACBUP809,"16"" ECONO PAD",2025-01-26,2026-01-26,9.0,3.0,0.25,0.5,0.75,3.0,0.0,3.0,12.0,False,0.0
ACCEKA1296,"SHREDDER DISC 16""",2025-01-26,2026-01-26,1.0,5.0,0.4166666666666667,0.8333333333333334,1.25,13.0,0.0,13.0,31.2,False,0.0
ACCEKA1296,"SHREDDER DISC 16""",2025-01-26,2026-01-26,3.0,0.0,0.0,0.0,0.0,4.0,0.0,4.0,inf,False,0.0
ACCEKA1296,"SHREDDER DISC 16""",2025-01-26,2026-01-26,4.0,1.0,0.08333333333333333,0.16666666666666666,0.25,5.0,1.0,4.0,48.0,False,0.0
ACCEKA1296,"SHREDDER DISC 16""",2025-01-26,2026-01-26,5.0,6.0,0.5,1.0,1.5,5.0,0.0,5.0,10.0,False,0.0
ACCEKA1296,"SHREDDER DISC 16""",2025-01-26,2026-01-26,6.0,2.0,0.16666666666666666,0.3333333333333333,0.5,3.0,0.0,3.0,18.0,False,0.0
ACCEKA1296,"SHREDDER DISC 16""",2025-01-26,2026-01-26,8.0,0.0,0.0,0.0,0.0,3.0,0.0,3.0,inf,False,0.0
ACCEKA1296,"SHREDDER DISC 16""",2025-01-26,2026-01-26,9.0,1.0,0.08333333333333333,0.16666666666666666,0.25,3.0,0.0,3.0,36.0,False,0.0
ACEDB60,#60 O.M EDGER BAG SMALL,2025-01-26,2026-01-26,1.0,7.0,0.5833333333333334,1.1666666666666667,1.75,18.0,1.0,17.0,29.142857142857142,False,0.0
ACEDB60,#60 O.M EDGER BAG SMALL,2025-01-26,2026-01-26,3.0,11.0,0.9166666666666666,1.8333333333333333,2.75,2.0,0.0,2.0,2.181818181818182,False,0.0
ACEDB60,#60 O.M EDGER BAG SMALL,2025-01-26,2026-01-26,4.0,9.0,0.75,1.5,2.25,3.0,0.0,3.0,4.0,False,0.0
ACEDB60,#60 O.M EDGER BAG SMALL,2025-01-26,2026-01-26,5.0,9.0,0.75,1.5,2.25,5.0,0.0,5.0,6.666666666666667,False,0.0
ACEDB60,#60 O.M EDGER BAG SMALL,2025-01-26,2026-01-26,6.0,20.0,1.6666666666666667,3.3333333333333335,5.0,6.0,0.0,6.0,3.5999999999999996,False,0.0
ACEDB60,#60 O.M EDGER BAG SMALL,2025-01-26,2026-01-26,8.0,4.0,0.3333333333333333,0.6666666666666666,1.0,4.0,0.0,4.0,12.0,False,0.0
ACEDB60,#60 O.M EDGER BAG SMALL,2025-01-26,2026-01-26,9.0,4.0,0.3333333333333333,0.6666666666666666,1.0,4.0,0.0,4.0,12.0,False,0.0
ACEDB60V,#60 O.M EDGER BAG W/VINYL SMAL,2025-01-26,2026-01-26,1.0,24.0,2.0,4.0,6.0,14.0,0.0,14.0,7.0,False,0.0
ACEDB60V,#60 O.M EDGER BAG W/VINYL SMAL,2025-01-26,2026-01-26,3.0,31.0,2.5833333333333335,5.166666666666667,7.75,7.0,0.0,7.0,2.7096774193548385,False,0.0
ACEDB60V,#60 O.M EDGER BAG W/VINYL SMAL,2025-01-26,2026-01-26,4.0,3.0,0.25,0.5,0.75,4.0,0.0,4.0,16.0,False,0.0
ACEDB60V,#60 O.M EDGER BAG W/VINYL SMAL,2025-01-26,2026-01-26,5.0,19.0,1.5833333333333333,3.1666666666666665,4.75,3.0,0.0,3.0,1.8947368421052633,True,1.75
ACEDB60V,#60 O.M EDGER BAG W/VINYL SMAL,2025-01-26,2026-01-26,6.0,20.0,1.6666666666666667,3.3333333333333335,5.0,6.0,0.0,6.0,3.5999999999999996,False,0.0
ACEDB60V,#60 O.M EDGER BAG W/VINYL SMAL,2025-01-26,2026-01-26,8.0,9.0,0.75,1.5,2.25,4.0,0.0,4.0,5.333333333333333,False,0.0
ACEDB60V,#60 O.M EDGER BAG W/VINYL SMAL,2025-01-26,2026-01-26,9.0,2.0,0.16666666666666666,0.3333333333333333,0.5,2.0,0.0,2.0,12.0,False,0.0
ACNAMAB,5MI BLACK MALLET FOR 45,2025-01-26,2026-01-26,1.0,8.0,0.6666666666666666,1.3333333333333333,2.0,10.0,0.0,10.0,15.0,False,0.0
ACNAMAB,5MI BLACK MALLET FOR 45,2025-01-26,2026-01-26,3.0,0.0,0.0,0.0,0.0,4.0,0.0,4.0,inf,False,0.0
ACNAMAB,5MI BLACK MALLET FOR 45,2025-01-26,2026-01-26,4.0,1.0,0.08333333333333333,0.16666666666666666,0.25,3.0,0.0,3.0,36.0,False,0.0
ACNAMAB,5MI BLACK MALLET FOR 45,2025-01-26,2026-01-26,5.0,1.0,0.08333333333333333,0.16666666666666666,0.25,4.0,0.0,4.0,48.0,False,0.0
ACNAMAB,5MI BLACK MALLET FOR 45,2025-01-26,2026-01-26,6.0,5.0,0.4166666666666667,0.8333333333333334,1.25,4.0,0.0,4.0,9.6,False,0.0
ACNAMAB,5MI BLACK MALLET FOR 45,2025-01-26,2026-01-26,8.0,0.0,0.0,0.0,0.0,6.0,0.0,6.0,inf,False,0.0
ACNAMAB,5MI BLACK MALLET FOR 45,2025-01-26,2026-01-26,9.0,2.0,0.16666666666666666,0.3333333333333333,0.5,5.0,0.0,5.0,30.0,False,0.0
ACNAMAS,"NO.5-BLACK MALLET,SMALL,50-C",2025-01-26,2026-01-26,1.0,0.0,0.0,0.0,0.0,15.0,0.0,15.0,inf,False,0.0
ACNAMAS,"NO.5-BLACK MALLET,SMALL,50-C",2025-01-26,2026-01-26,3.0,1.0,0.08333333333333333,0.16666666666666666,0.25,5.0,0.0,5.0,60.0,False,0.0
ACNAMAS,"NO.5-BLACK MALLET,SMALL,50-C",2025-01-26,2026-01-26,4.0,2.0,0.16666666666666666,0.3333333333333333,0.5,2.0,0.0,2.0,12.0,False,0.0
ACNAMAS,"NO.5-BLACK MALLET,SMALL,50-C",2025-01-26,2026-01-26,5.0,1.0,0.08333333333333333,0.16666666666666666,0.25,7.0,3.0,4.0,48.0,False,0.0
ACNAMAS,"NO.5-BLACK MALLET,SMALL,50-C",2025-01-26,2026-01-26,6.0,1.0,0.08333333333333333,0.16666666666666666,0.25,4.0,0.0,4.0,48.0,False,0.0
ACNAMAS,"NO.5-BLACK MALLET,SMALL,50-C",2025-01-26,2026-01-26,8.0,1.0,0.08333333333333333,0.16666666666666666,0.25,3.0,0.0,3.0,36.0,False,0.0
ACNAMAS,"NO.5-BLACK MALLET,SMALL,50-C",2025-01-26,2026-01-26,9.0,1.0,0.08333333333333333,0.16666666666666666,0.25,3.0,0.0,3.0,36.0,False,0.0
ACNAMASW,"#5 WHITE MALLET,SMALL 50-C",2025-01-26,2026-01-26,1.0,20.0,1.6666666666666667,3.3333333333333335,5.0,13.0,0.0,13.0,7.8,False,0.0
ACNAMASW,"#5 WHITE MALLET,SMALL 50-C",2025-01-26,2026-01-26,3.0,10.0,0.8333333333333334,1.6666666666666667,2.5,4.0,0.0,4.0,4.8,False,0.0
ACNAMASW,"#5 WHITE MALLET,SMALL 50-C",2025-01-26,2026-01-26,4.0,6.0,0.5,1.0,1.5,3.0,0.0,3.0,6.0,False,0.0
ACNAMASW,"#5 WHITE MALLET,SMALL 50-C",2025-01-26,2026-01-26,5.0,12.0,1.0,2.0,3.0,9.0,0.0,9.0,9.0,False,0.0
ACNAMASW,"#5 WHITE MALLET,SMALL 50-C",2025-01-26,2026-01-26,6.0,15.0,1.25,2.5,3.75,6.0,0.0,6.0,4.8,False,0.0
ACNAMASW,"#5 WHITE MALLET,SMALL 50-C",2025-01-26,2026-01-26,8.0,2.0,0.16666666666666666,0.3333333333333333,0.5,8.0,5.0,3.0,18.0,False,0.0
ACNAMASW,"#5 WHITE MALLET,SMALL 50-C",2025-01-26,2026-01-26,9.0,12.0,1.0,2.0,3.0,5.0,0.0,5.0,5.0,False,0.0
ACNAMAW,"5MI WHITE MALLET, 45",2025-01-26,2026-01-26,1.0,53.0,4.416666666666667,8.833333333333334,13.25,28.0,1.0,27.0,6.113207547169811,False,0.0
ACNAMAW,"5MI WHITE MALLET, 45",2025-01-26,2026-01-26,3.0,34.0,2.8333333333333335,5.666666666666667,8.5,15.0,0.0,15.0,5.294117647058823,False,0.0
ACNAMAW,"5MI WHITE MALLET, 45",2025-01-26,2026-01-26,4.0,11.0,0.9166666666666666,1.8333333333333333,2.75,3.0,0.0,3.0,3.272727272727273,False,0.0
ACNAMAW,"5MI WHITE MALLET, 45",2025-01-26,2026-01-26,5.0,4.0,0.3333333333333333,0.6666666666666666,1.0,4.0,0.0,4.0,12.0,False,0.0
ACNAMAW,"5MI WHITE MALLET, 45",2025-01-26,2026-01-26,6.0,28.0,2.3333333333333335,4.666666666666667,7.0,4.0,0.0,4.0,1.7142857142857142,True,3.0
ACNAMAW,"5MI WHITE MALLET, 45",2025-01-26,2026-01-26,8.0,23.0,1.9166666666666667,3.8333333333333335,5.75,11.0,0.0,11.0,5.739130434782608,False,0.0
ACNAMAW,"5MI WHITE MALLET, 45",2025-01-26,2026-01-26,9.0,12.0,1.0,2.0,3.0,4.0,0.0,4.0,4.0,False,0.0
ACNAMAW16,STANLEY WHT RUBBER MALLET 16,2025-01-26,2026-01-26,1.0,10.0,0.8333333333333334,1.6666666666666667,2.5,16.0,0.0,16.0,19.2,False,0.0
ACNAMAW16,STANLEY WHT RUBBER MALLET 16,2025-01-26,2026-01-26,3.0,1.0,0.08333333333333333,0.16666666666666666,0.25,5.0,0.0,5.0,60.0,False,0.0
ACNAMAW16,STANLEY WHT RUBBER MALLET 16,2025-01-26,2026-01-26,4.0,1.0,0.08333333333333333,0.16666666666666666,0.25,4.0,0.0,4.0,48.0,False,0.0
ACNAMAW16,STANLEY WHT RUBBER MALLET 16,2025-01-26,2026-01-26,5.0,10.0,0.8333333333333334,1.6666666666666667,2.5,5.0,0.0,5.0,6.0,False,0.0
ACNAMAW16,STANLEY WHT RUBBER MALLET 16,2025-01-26,2026-01-26,6.0,10.0,0.8333333333333334,1.6666666666666667,2.5,5.0,0.0,5.0,6.0,False,0.0
ACNAMAW16,STANLEY WHT RUBBER MALLET 16,2025-01-26,2026-01-26,8.0,2.0,0.16666666666666666,0.3333333333333333,0.5,4.0,0.0,4.0,24.0,False,0.0
ACNAMAW16,STANLEY WHT RUBBER MALLET 16,2025-01-26,2026-01-26,9.0,6.0,0.5,1.0,1.5,5.0,0.0,5.0,10.0,False,0.0
ACNAMHW,WHITE MALLET CAP W/STEEL RING,2025-01-26,2026-01-26,1.0,87.0,7.25,14.5,21.75,43.0,0.0,43.0,5.931034482758621,False,0.0
ACNAMHW,WHITE MALLET CAP W/STEEL RING,2025-01-26,2026-01-26,3.0,67.0,5.583333333333333,11.166666666666666,16.75,14.0,0.0,14.0,2.5074626865671643,False,0.0
ACNAMHW,WHITE MALLET CAP W/STEEL RING,2025-01-26,2026-01-26,4.0,40.0,3.3333333333333335,6.666666666666667,10.0,18.0,0.0,18.0,5.3999999999999995,False,0.0
ACNAMHW,WHITE MALLET CAP W/STEEL RING,2025-01-26,2026-01-26,5.0,10.0,0.8333333333333334,1.6666666666666667,2.5,1.0,0.0,1.0,1.2,True,1.5
ACNAMHW,WHITE MALLET CAP W/STEEL RING,2025-01-26,2026-01-26,6.0,79.0,6.583333333333333,13.166666666666666,19.75,30.0,0.0,30.0,4.556962025316456,False,0.0
ACNAMHW,WHITE MALLET CAP W/STEEL RING,2025-01-26,2026-01-26,8.0,16.0,1.3333333333333333,2.6666666666666665,4.0,12.0,0.0,12.0,9.0,False,0.0
ACNAMHW,WHITE MALLET CAP W/STEEL RING,2025-01-26,2026-01-26,9.0,36.0,3.0,6.0,9.0,6.0,0.0,6.0,2.0,False,0.0
ACSAB30X,#30 O.M X-LARGE SANDER BAG,2025-01-26,2026-01-26,1.0,7.0,0.5833333333333334,1.1666666666666667,1.75,14.0,0.0,14.0,24.0,False,0.0
ACSAB30X,#30 O.M X-LARGE SANDER BAG,2025-01-26,2026-01-26,3.0,8.0,0.6666666666666666,1.3333333333333333,2.0,4.0,0.0,4.0,6.0,False,0.0
ACSAB30X,#30 O.M X-LARGE SANDER BAG,2025-01-26,2026-01-26,4.0,10.0,0.8333333333333334,1.6666666666666667,2.5,8.0,0.0,8.0,9.6,False,0.0
ACSAB30X,#30 O.M X-LARGE SANDER BAG,2025-01-26,2026-01-26,5.0,4.0,0.3333333333333333,0.6666666666666666,1.0,3.0,0.0,3.0,9.0,False,0.0
ACSAB30X,#30 O.M X-LARGE SANDER BAG,2025-01-26,2026-01-26,6.0,10.0,0.8333333333333334,1.6666666666666667,2.5,3.0,0.0,3.0,3.5999999999999996,False,0.0
ACSAB30X,#30 O.M X-LARGE SANDER BAG,2025-01-26,2026-01-26,8.0,1.0,0.08333333333333333,0.16666666666666666,0.25,3.0,0.0,3.0,36.0,False,0.0
ACSAB30X,#30 O.M X-LARGE SANDER BAG,2025-01-26,2026-01-26,9.0,5.0,0.4166666666666667,0.8333333333333334,1.25,4.0,0.0,4.0,9.6,False,0.0
ACSASC25BU,ALLIGATOR CLIPS,2025-01-26,2026-01-26,1.0,23.0,1.9166666666666667,3.8333333333333335,5.75,55.0,0.0,55.0,28.695652173913043,False,0.0
ACSASC25BU,ALLIGATOR CLIPS,2025-01-26,2026-01-26,3.0,12.0,1.0,2.0,3.0,1.0,0.0,1.0,1.0,True,2.0
ACSASC25BU,ALLIGATOR CLIPS,2025-01-26,2026-01-26,4.0,0.0,0.0,0.0,0.0,3.0,0.0,3.0,inf,False,0.0
ACSASC25BU,ALLIGATOR CLIPS,2025-01-26,2026-01-26,5.0,9.0,0.75,1.5,2.25,13.0,0.0,13.0,17.333333333333332,False,0.0
ACSASC25BU,ALLIGATOR CLIPS,2025-01-26,2026-01-26,6.0,16.0,1.3333333333333333,2.6666666666666665,4.0,1.0,0.0,1.0,0.75,True,3.0
ACSASC25BU,ALLIGATOR CLIPS,2025-01-26,2026-01-26,8.0,0.0,0.0,0.0,0.0,9.0,0.0,9.0,inf,False,0.0
ACSASC25BU,ALLIGATOR CLIPS,2025-01-26,2026-01-26,9.0,14.0,1.1666666666666667,2.3333333333333335,3.5,8.0,5.0,3.0,2.571428571428571,False,0.0
ACSASC26B,INSULATORS BLACK,2025-01-26,2026-01-26,1.0,6.0,0.5,1.0,1.5,32.0,0.0,32.0,64.0,False,0.0
ACSASC26B,INSULATORS BLACK,2025-01-26,2026-01-26,3.0,2.0,0.16666666666666666,0.3333333333333333,0.5,3.0,0.0,3.0,18.0,False,0.0
ACSASC26B,INSULATORS BLACK,2025-01-26,2026-01-26,4.0,0.0,0.0,0.0,0.0,1.0,0.0,1.0,inf,False,0.0
ACSASC26B,INSULATORS BLACK,2025-01-26,2026-01-26,5.0,2.0,0.16666666666666666,0.3333333333333333,0.5,3.0,0.0,3.0,18.0,False,0.0
ACSASC26B,INSULATORS BLACK,2025-01-26,2026-01-26,6.0,4.0,0.3333333333333333,0.6666666666666666,1.0,2.0,0.0,2.0,6.0,False,0.0
ACSASC26B,INSULATORS BLACK,2025-01-26,2026-01-26,8.0,0.0,0.0,0.0,0.0,5.0,0.0,5.0,inf,False,0.0
ACSASC26B,INSULATORS BLACK,2025-01-26,2026-01-26,9.0,4.0,0.3333333333333333,0.6666666666666666,1.0,0.0,0.0,0.0,0.0,True,1.0
ACSASC26G,INSULATOR GREEN,2025-01-26,2026-01-26,1.0,8.0,0.6666666666666666,1.3333333333333333,2.0,32.0,0.0,32.0,48.0,False,0.0
ACSASC26G,INSULATOR GREEN,2025-01-26,2026-01-26,3.0,2.0,0.16666666666666666,0.3333333333333333,0.5,5.0,0.0,5.0,30.0,False,0.0
ACSASC26G,INSULATOR GREEN,2025-01-26,2026-01-26,4.0,0.0,0.0,0.0,0.0,2.0,0.0,2.0,inf,False,0.0
ACSASC26G,INSULATOR GREEN,2025-01-26,2026-01-26,5.0,2.0,0.16666666666666666,0.3333333333333333,0.5,1.0,0.0,1.0,6.0,False,0.0
ACSASC26G,INSULATOR GREEN,2025-01-26,2026-01-26,6.0,7.0,0.5833333333333334,1.1666666666666667,1.75,0.0,0.0,0.0,0.0,True,1.75
ACSASC26G,INSULATOR GREEN,2025-01-26,2026-01-26,8.0,0.0,0.0,0.0,0.0,6.0,0.0,6.0,inf,False,0.0
ACSASC26G,INSULATOR GREEN,2025-01-26,2026-01-26,9.0,5.0,0.4166666666666667,0.8333333333333334,1.25,0.0,0.0,0.0,0.0,True,1.25
ACSASC26R,INSULATORS RED,2025-01-26,2026-01-26,1.0,7.0,0.5833333333333334,1.1666666666666667,1.75,29.0,0.0,29.0,49.71428571428571,False,0.0
ACSASC26R,INSULATORS RED,2025-01-26,2026-01-26,3.0,2.0,0.16666666666666666,0.3333333333333333,0.5,4.0,0.0,4.0,24.0,False,0.0
ACSASC26R,INSULATORS RED,2025-01-26,2026-01-26,4.0,0.0,0.0,0.0,0.0,2.0,0.0,2.0,inf,False,0.0
ACSASC26R,INSULATORS RED,2025-01-26,2026-01-26,5.0,3.0,0.25,0.5,0.75,0.0,0.0,0.0,0.0,True,0.75
ACSASC26R,INSULATORS RED,2025-01-26,2026-01-26,6.0,6.0,0.5,1.0,1.5,2.0,0.0,2.0,4.0,False,0.0
ACSASC26R,INSULATORS RED,2025-01-26,2026-01-26,8.0,0.0,0.0,0.0,0.0,6.0,0.0,6.0,inf,False,0.0
ACSASC26R,INSULATORS RED,2025-01-26,2026-01-26,9.0,5.0,0.4166666666666667,0.8333333333333334,1.25,0.0,0.0,0.0,0.0,True,1.25
ACSWCR556,"CRAIN BLADE CARBIDE TIP 5-1/2""",2025-01-26,2026-01-26,1.0,24.0,2.0,4.0,6.0,19.0,1.0,18.0,9.0,False,0.0
ACSWCR556,"CRAIN BLADE CARBIDE TIP 5-1/2""",2025-01-26,2026-01-26,3.0,24.0,2.0,4.0,6.0,7.0,1.0,6.0,3.0,False,0.0
ACSWCR556,"CRAIN BLADE CARBIDE TIP 5-1/2""",2025-01-26,2026-01-26,4.0,5.0,0.4166666666666667,0.8333333333333334,1.25,6.0,0.0,6.0,14.399999999999999,False,0.0
ACSWCR556,"CRAIN BLADE CARBIDE TIP 5-1/2""",2025-01-26,2026-01-26,5.0,3.0,0.25,0.5,0.75,5.0,0.0,5.0,20.0,False,0.0
ACSWCR556,"CRAIN BLADE CARBIDE TIP 5-1/2""",2025-01-26,2026-01-26,6.0,27.0,2.25,4.5,6.75,13.0,0.0,13.0,5.777777777777778,False,0.0
ACSWCR556,"CRAIN BLADE CARBIDE TIP 5-1/2""",2025-01-26,2026-01-26,8.0,5.0,0.4166666666666667,0.8333333333333334,1.25,12.0,0.0,12.0,28.799999999999997,False,0.0
ACSWCR556,"CRAIN BLADE CARBIDE TIP 5-1/2""",2025-01-26,2026-01-26,9.0,7.0,0.5833333333333334,1.1666666666666667,1.75,5.0,0.0,5.0,8.571428571428571,False,0.0
ACSWCR821,"CRAIN BLADE CARBIDE TIP 6-1/2""",2025-01-26,2026-01-26,1.0,12.0,1.0,2.0,3.0,17.0,5.0,12.0,12.0,False,0.0
ACSWCR821,"CRAIN BLADE CARBIDE TIP 6-1/2""",2025-01-26,2026-01-26,3.0,16.0,1.3333333333333333,2.6666666666666665,4.0,17.0,0.0,17.0,12.75,False,0.0
ACSWCR821,"CRAIN BLADE CARBIDE TIP 6-1/2""",2025-01-26,2026-01-26,4.0,15.0,1.25,2.5,3.75,10.0,0.0,10.0,8.0,False,0.0
ACSWCR821,"CRAIN BLADE CARBIDE TIP 6-1/2""",2025-01-26,2026-01-26,5.0,8.0,0.6666666666666666,1.3333333333333333,2.0,8.0,0.0,8.0,12.0,False,0.0
ACSWCR821,"CRAIN BLADE CARBIDE TIP 6-1/2""",2025-01-26,2026-01-26,6.0,29.0,2.4166666666666665,4.833333333333333,7.25,7.0,0.0,7.0,2.896551724137931,False,0.0
ACSWCR821,"CRAIN BLADE CARBIDE TIP 6-1/2""",2025-01-26,2026-01-26,8.0,3.0,0.25,0.5,0.75,6.0,0.0,6.0,24.0,False,0.0
ACSWCR821,"CRAIN BLADE CARBIDE TIP 6-1/2""",2025-01-26,2026-01-26,9.0,27.0,2.25,4.5,6.75,11.0,0.0,11.0,4.888888888888889,False,0.0
ACVAEA70131P,WAND ASSEMBLY 2 PIECE #VA454,2025-01-26,2026-01-26,1.0,25.0,2.0833333333333335,4.166666666666667,6.25,11.0,0.0,11.0,5.279999999999999,False,0.0
ACVAEA70131P,WAND ASSEMBLY 2 PIECE #VA454,2025-01-26,2026-01-26,3.0,5.0,0.4166666666666667,0.8333333333333334,1.25,3.0,0.0,3.0,7.199999999999999,False,0.0
ACVAEA70131P,WAND ASSEMBLY 2 PIECE #VA454,2025-01-26,2026-01-26,4.0,4.0,0.3333333333333333,0.6666666666666666,1.0,3.0,0.0,3.0,9.0,False,0.0
ACVAEA70131P,WAND ASSEMBLY 2 PIECE #VA454,2025-01-26,2026-01-26,5.0,3.0,0.25,0.5,0.75,4.0,0.0,4.0,16.0,False,0.0
ACVAEA70131P,WAND ASSEMBLY 2 PIECE #VA454,2025-01-26,2026-01-26,6.0,14.0,1.1666666666666667,2.3333333333333335,3.5,7.0,0.0,7.0,6.0,False,0.0
ACVAEA70131P,WAND ASSEMBLY 2 PIECE #VA454,2025-01-26,2026-01-26,8.0,2.0,0.16666666666666666,0.3333333333333333,0.5,3.0,0.0,3.0,18.0,False,0.0
ACVAEA70131P,WAND ASSEMBLY 2 PIECE #VA454,2025-01-26,2026-01-26,9.0,6.0,0.5,1.0,1.5,7.0,3.0,4.0,8.0,False,0.0
ACVAVA513R,NYLON BRUSH REPLACEMENT,2025-01-26,2026-01-26,1.0,3.0,0.25,0.5,0.75,11.0,0.0,11.0,44.0,False,0.0
ACVAVA513R,NYLON BRUSH REPLACEMENT,2025-01-26,2026-01-26,3.0,1.0,0.08333333333333333,0.16666666666666666,0.25,3.0,0.0,3.0,36.0,False,0.0
ACVAVA513R,NYLON BRUSH REPLACEMENT,2025-01-26,2026-01-26,4.0,1.0,0.08333333333333333,0.16666666666666666,0.25,2.0,0.0,2.0,24.0,False,0.0
ACVAVA513R,NYLON BRUSH REPLACEMENT,2025-01-26,2026-01-26,5.0,0.0,0.0,0.0,0.0,0.0,0.0,0.0,inf,False,0.0
ACVAVA513R,NYLON BRUSH REPLACEMENT,2025-01-26,2026-01-26,6.0,3.0,0.25,0.5,0.75,1.0,0.0,1.0,4.0,False,0.0
ACVAVA513R,NYLON BRUSH REPLACEMENT,2025-01-26,2026-01-26,8.0,0.0,0.0,0.0,0.0,0.0,0.0,0.0,inf,False,0.0
ACVAVA513R,NYLON BRUSH REPLACEMENT,2025-01-26,2026-01-26,9.0,3.0,0.25,0.5,0.75,3.0,0.0,3.0,12.0,False,0.0
ACVAVA70120R,BRISTLE REPLACEMENT (PACMULE),2025-01-26,2026-01-26,1.0,0.0,0.0,0.0,0.0,3.0,0.0,3.0,inf,False,0.0
ACVAVA70120R,BRISTLE REPLACEMENT (PACMULE),2025-01-26,2026-01-26,3.0,0.0,0.0,0.0,0.0,0.0,0.0,0.0,inf,False,0.0
ACVAVA70120R,BRISTLE REPLACEMENT (PACMULE),2025-01-26,2026-01-26,4.0,1.0,0.08333333333333333,0.16666666666666666,0.25,1.0,0.0,1.0,12.0,False,0.0
ACVAVP01011,GREEN VACUUM BAGS-(10 PACK),2025-01-26,2026-01-26,1.0,160.0,13.333333333333334,26.666666666666668,40.0,171.0,1.0,170.0,12.75,False,0.0
ACVAVP01011,GREEN VACUUM BAGS-(10 PACK),2025-01-26,2026-01-26,3.0,133.0,11.083333333333334,22.166666666666668,33.25,27.0,2.0,25.0,2.255639097744361,False,0.0
ACVAVP01011,GREEN VACUUM BAGS-(10 PACK),2025-01-26,2026-01-26,4.0,33.0,2.75,5.5,8.25,13.0,0.0,13.0,4.7272727272727275,False,0.0
ACVAVP01011,GREEN VACUUM BAGS-(10 PACK),2025-01-26,2026-01-26,5.0,70.0,5.833333333333333,11.666666666666666,17.5,25.0,0.0,25.0,4.285714285714286,False,0.0
ACVAVP01011,GREEN VACUUM BAGS-(10 PACK),2025-01-26,2026-01-26,6.0,128.0,10.666666666666666,21.333333333333332,32.0,29.0,0.0,29.0,2.71875,False,0.0
ACVAVP01011,GREEN VACUUM BAGS-(10 PACK),2025-01-26,2026-01-26,8.0,12.0,1.0,2.0,3.0,20.0,2.0,18.0,18.0,False,0.0
ACVAVP01011,GREEN VACUUM BAGS-(10 PACK),2025-01-26,2026-01-26,9.0,25.0,2.0833333333333335,4.166666666666667,6.25,14.0,0.0,14.0,6.72,False,0.0
ACVAVP1000,"FELT REPLACEMENT 14"" 2/PK",2025-01-26,2026-01-26,1.0,12.0,1.0,2.0,3.0,12.0,0.0,12.0,12.0,False,0.0
ACVAVP1000,"FELT REPLACEMENT 14"" 2/PK",2025-01-26,2026-01-26,3.0,16.0,1.3333333333333333,2.6666666666666665,4.0,5.0,0.0,5.0,3.75,False,0.0
ACVAVP1000,"FELT REPLACEMENT 14"" 2/PK",2025-01-26,2026-01-26,4.0,0.0,0.0,0.0,0.0,3.0,0.0,3.0,inf,False,0.0
ACVAVP1000,"FELT REPLACEMENT 14"" 2/PK",2025-01-26,2026-01-26,5.0,5.0,0.4166666666666667,0.8333333333333334,1.25,6.0,0.0,6.0,14.399999999999999,False,0.0
ACVAVP1000,"FELT REPLACEMENT 14"" 2/PK",2025-01-26,2026-01-26,6.0,11.0,0.9166666666666666,1.8333333333333333,2.75,5.0,3.0,2.0,2.181818181818182,False,0.0
ACVAVP1000,"FELT REPLACEMENT 14"" 2/PK",2025-01-26,2026-01-26,8.0,0.0,0.0,0.0,0.0,5.0,0.0,5.0,inf,False,0.0
ACVAVP1000,"FELT REPLACEMENT 14"" 2/PK",2025-01-26,2026-01-26,9.0,5.0,0.4166666666666667,0.8333333333333334,1.25,4.0,0.0,4.0,9.6,False,0.0
ACVAVP950,2 MOTOR VACUUM BAG 5 EA,2025-01-26,2026-01-26,1.0,3.0,0.25,0.5,0.75,10.0,0.0,10.0,40.0,False,0.0
ACVAVP950,2 MOTOR VACUUM BAG 5 EA,2025-01-26,2026-01-26,3.0,0.0,0.0,0.0,0.0,2.0,0.0,2.0,inf,False,0.0
ACVAVP950,2 MOTOR VACUUM BAG 5 EA,2025-01-26,2026-01-26,4.0,0.0,0.0,0.0,0.0,1.0,0.0,1.0,inf,False,0.0
ACVAVP950,2 MOTOR VACUUM BAG 5 EA,2025-01-26,2026-01-26,5.0,4.0,0.3333333333333333,0.6666666666666666,1.0,4.0,0.0,4.0,12.0,False,0.0
ACVAVP950,2 MOTOR VACUUM BAG 5 EA,2025-01-26,2026-01-26,6.0,4.0,0.3333333333333333,0.6666666666666666,1.0,3.0,0.0,3.0,9.0,False,0.0
ACVAVP950,2 MOTOR VACUUM BAG 5 EA,2025-01-26,2026-01-26,8.0,0.0,0.0,0.0,0.0,5.0,0.0,5.0,inf,False,0.0
ACVAVP950,2 MOTOR VACUUM BAG 5 EA,2025-01-26,2026-01-26,9.0,0.0,0.0,0.0,0.0,2.0,0.0,2.0,inf,False,0.0
ADBO90122,BOSTIK GRIP N GRAB WHITE 9.5OZ,2025-01-26,2026-01-26,1.0,154.0,12.833333333333334,25.666666666666668,38.5,25.0,3.0,22.0,1.7142857142857142,False,0.0
ADBO90122,BOSTIK GRIP N GRAB WHITE 9.5OZ,2025-01-26,2026-01-26,3.0,138.0,11.5,23.0,34.5,16.0,0.0,16.0,1.391304347826087,True,0.7814900153609831
ADBO90122,BOSTIK GRIP N GRAB WHITE 9.5OZ,2025-01-26,2026-01-26,4.0,389.0,32.416666666666664,64.83333333333333,97.25,38.0,12.0,26.0,0.8020565552699229,True,3.0097926267281103
ADBO90122,BOSTIK GRIP N GRAB WHITE 9.5OZ,2025-01-26,2026-01-26,5.0,693.0,57.75,115.5,173.25,58.0,12.0,46.0,0.7965367965367965,True,5.375384024577572
ADBO90122,BOSTIK GRIP N GRAB WHITE 9.5OZ,2025-01-26,2026-01-26,6.0,69.0,5.75,11.5,17.25,30.0,0.0,30.0,5.217391304347826,False,0.0
ADBO90122,BOSTIK GRIP N GRAB WHITE 9.5OZ,2025-01-26,2026-01-26,8.0,44.0,3.6666666666666665,7.333333333333333,11.0,22.0,0.0,22.0,6.0,False,0.0
ADBO90122,BOSTIK GRIP N GRAB WHITE 9.5OZ,2025-01-26,2026-01-26,9.0,155.0,12.916666666666666,25.833333333333332,38.75,62.0,0.0,62.0,4.8,False,0.0
ADBOA38910,BOSTIK BEST 10.1 OZ TUBE,2025-01-26,2026-01-26,1.0,1016.0,84.66666666666667,169.33333333333334,254.0,1450.0,39.0,1411.0,16.66535433070866,False,0.0
ADBOA38910,BOSTIK BEST 10.1 OZ TUBE,2025-01-26,2026-01-26,3.0,759.0,63.25,126.5,189.75,156.0,0.0,156.0,2.466403162055336,False,0.0
ADBOA38910,BOSTIK BEST 10.1 OZ TUBE,2025-01-26,2026-01-26,4.0,548.0,45.666666666666664,91.33333333333333,137.0,102.0,5.0,97.0,2.124087591240876,False,0.0
ADBOA38910,BOSTIK BEST 10.1 OZ TUBE,2025-01-26,2026-01-26,5.0,382.0,31.833333333333332,63.666666666666664,95.5,123.0,56.0,67.0,2.1047120418848166,False,0.0
ADBOA38910,BOSTIK BEST 10.1 OZ TUBE,2025-01-26,2026-01-26,6.0,803.0,66.91666666666667,133.83333333333334,200.75,64.0,0.0,64.0,0.9564134495641344,True,136.75
ADBOA38910,BOSTIK BEST 10.1 OZ TUBE,2025-01-26,2026-01-26,8.0,282.0,23.5,47.0,70.5,103.0,0.0,103.0,4.382978723404255,False,0.0
ADBOA38910,BOSTIK BEST 10.1 OZ TUBE,2025-01-26,2026-01-26,9.0,680.0,56.666666666666664,113.33333333333333,170.0,264.0,0.0,264.0,4.658823529411765,False,0.0
ADBOG621304G-,BOSTIK B S T  4 GALLON,2025-01-26,2026-01-26,1.0,1.0,0.08333333333333333,0.16666666666666666,0.25,43.0,1.0,42.0,504.0,False,0.0
ADBOG621304G-,BOSTIK B S T  4 GALLON,2025-01-26,2026-01-26,3.0,1.0,0.08333333333333333,0.16666666666666666,0.25,7.0,0.0,7.0,84.0,False,0.0
ADBOG621304G-,BOSTIK B S T  4 GALLON,2025-01-26,2026-01-26,4.0,0.0,0.0,0.0,0.0,0.0,0.0,0.0,inf,False,0.0
ADBOG621304G-,BOSTIK B S T  4 GALLON,2025-01-26,2026-01-26,5.0,0.0,0.0,0.0,0.0,5.0,0.0,5.0,inf,False,0.0
ADBOG621304G-,BOSTIK B S T  4 GALLON,2025-01-26,2026-01-26,6.0,0.0,0.0,0.0,0.0,0.0,0.0,0.0,inf,False,0.0
ADBOG621304G-,BOSTIK B S T  4 GALLON,2025-01-26,2026-01-26,8.0,0.0,0.0,0.0,0.0,0.0,0.0,0.0,inf,False,0.0
ADBOG621304G-,BOSTIK B S T  4 GALLON,2025-01-26,2026-01-26,9.0,0.0,0.0,0.0,0.0,0.0,0.0,0.0,inf,False,0.0
ADBOG626404G-,BOSTIK'S EFA 4 GAL,2025-01-26,2026-01-26,1.0,889.0,74.08333333333333,148.16666666666666,222.25,746.0,17.0,729.0,9.840269966254219,False,0.0
ADBOG626404G-,BOSTIK'S EFA 4 GAL,2025-01-26,2026-01-26,3.0,1698.0,141.5,283.0,424.5,146.0,11.0,135.0,0.9540636042402827,True,253.6433110367893
ADBOG626404G-,BOSTIK'S EFA 4 GAL,2025-01-26,2026-01-26,4.0,994.0,82.83333333333333,165.66666666666666,248.5,79.0,46.0,33.0,0.3983903420523139,True,188.808751393534
ADBOG626404G-,BOSTIK'S EFA 4 GAL,2025-01-26,2026-01-26,5.0,350.0,29.166666666666668,58.333333333333336,87.5,123.0,12.0,111.0,3.8057142857142856,False,0.0
ADBOG626404G-,BOSTIK'S EFA 4 GAL,2025-01-26,2026-01-26,6.0,854.0,71.16666666666667,142.33333333333334,213.5,102.0,6.0,96.0,1.3489461358313817,True,102.94676700111482
ADBOG626404G-,BOSTIK'S EFA 4 GAL,2025-01-26,2026-01-26,8.0,166.0,13.833333333333334,27.666666666666668,41.5,50.0,0.0,50.0,3.614457831325301,False,0.0
ADBOG626404G-,BOSTIK'S EFA 4 GAL,2025-01-26,2026-01-26,9.0,940.0,78.33333333333333,156.66666666666666,235.0,146.0,36.0,110.0,1.4042553191489362,True,109.51783723522854
ADBOG641304G-,BOSTIK'S BEST 4 GALLON,2025-01-26,2026-01-26,1.0,301.0,25.083333333333332,50.166666666666664,75.25,291.0,29.0,262.0,10.445182724252492,False,0.0
ADBOG641304G-,BOSTIK'S BEST 4 GALLON,2025-01-26,2026-01-26,3.0,571.0,47.583333333333336,95.16666666666667,142.75,73.0,0.0,73.0,1.5341506129597198,True,69.75
ADBOG641304G-,BOSTIK'S BEST 4 GALLON,2025-01-26,2026-01-26,4.0,166.0,13.833333333333334,27.666666666666668,41.5,33.0,0.0,33.0,2.3855421686746987,False,0.0
ADBOG641304G-,BOSTIK'S BEST 4 GALLON,2025-01-26,2026-01-26,5.0,35.0,2.9166666666666665,5.833333333333333,8.75,25.0,0.0,25.0,8.571428571428571,False,0.0
ADBOG641304G-,BOSTIK'S BEST 4 GALLON,2025-01-26,2026-01-26,6.0,126.0,10.5,21.0,31.5,27.0,0.0,27.0,2.5714285714285716,False,0.0
ADBOG641304G-,BOSTIK'S BEST 4 GALLON,2025-01-26,2026-01-26,8.0,7.0,0.5833333333333334,1.1666666666666667,1.75,23.0,12.0,11.0,18.857142857142858,False,0.0
ADBOG641304G-,BOSTIK'S BEST 4 GALLON,2025-01-26,2026-01-26,9.0,152.0,12.666666666666666,25.333333333333332,38.0,35.0,0.0,35.0,2.763157894736842,False,0.0
ADBOG68250,BOSTIK'S GREENFORCE 4GAL,2025-01-26,2026-01-26,1.0,815.0,67.91666666666667,135.83333333333334,203.75,461.0,81.0,380.0,5.595092024539877,False,0.0
ADBOG68250,BOSTIK'S GREENFORCE 4GAL,2025-01-26,2026-01-26,3.0,293.0,24.416666666666668,48.833333333333336,73.25,83.0,0.0,83.0,3.3993174061433447,False,0.0
ADBOG68250,BOSTIK'S GREENFORCE 4GAL,2025-01-26,2026-01-26,4.0,159.0,13.25,26.5,39.75,76.0,0.0,76.0,5.735849056603773,False,0.0
ADBOG68250,BOSTIK'S GREENFORCE 4GAL,2025-01-26,2026-01-26,5.0,1918.0,159.83333333333334,319.6666666666667,479.5,328.0,48.0,280.0,1.751824817518248,True,199.5
ADBOG68250,BOSTIK'S GREENFORCE 4GAL,2025-01-26,2026-01-26,6.0,324.0,27.0,54.0,81.0,27.0,0.0,27.0,1.0,True,54.0
ADBOG68250,BOSTIK'S GREENFORCE 4GAL,2025-01-26,2026-01-26,8.0,87.0,7.25,14.5,21.75,49.0,0.0,49.0,6.758620689655173,False,0.0
ADBOG68250,BOSTIK'S GREENFORCE 4GAL,2025-01-26,2026-01-26,9.0,240.0,20.0,40.0,60.0,48.0,6.0,42.0,2.1,False,0.0
ADBOG69931,BOSTIK'S VAPOR LOCK 4 GALLON,2025-01-26,2026-01-26,1.0,1507.0,125.58333333333333,251.16666666666666,376.75,852.0,129.0,723.0,5.757133377571334,False,0.0
ADBOG69931,BOSTIK'S VAPOR LOCK 4 GALLON,2025-01-26,2026-01-26,3.0,1058.0,88.16666666666667,176.33333333333334,264.5,110.0,0.0,110.0,1.2476370510396975,True,125.83623040218131
ADBOG69931,BOSTIK'S VAPOR LOCK 4 GALLON,2025-01-26,2026-01-26,4.0,565.0,47.083333333333336,94.16666666666667,141.25,124.0,7.0,117.0,2.484955752212389,False,0.0
ADBOG69931,BOSTIK'S VAPOR LOCK 4 GALLON,2025-01-26,2026-01-26,5.0,458.0,38.166666666666664,76.33333333333333,114.5,111.0,49.0,62.0,1.6244541484716157,True,42.75988411724608
ADBOG69931,BOSTIK'S VAPOR LOCK 4 GALLON,2025-01-26,2026-01-26,6.0,981.0,81.75,163.5,245.25,143.0,1.0,142.0,1.7370030581039755,True,84.09443876391728
ADBOG69931,BOSTIK'S VAPOR LOCK 4 GALLON,2025-01-26,2026-01-26,8.0,333.0,27.75,55.5,83.25,43.0,1.0,42.0,1.5135135135135136,True,33.597051806407634
ADBOG69931,BOSTIK'S VAPOR LOCK 4 GALLON,2025-01-26,2026-01-26,9.0,1884.0,157.0,314.0,471.0,92.0,3.0,89.0,0.5668789808917197,True,311.1290615769143
ADDO091488,DAP ALEX PLUS CAULK W/SILICONE,2025-01-26,2026-01-26,1.0,693.0,57.75,115.5,173.25,181.0,3.0,178.0,3.0822510822510822,False,0.0
ADDO091488,DAP ALEX PLUS CAULK W/SILICONE,2025-01-26,2026-01-26,3.0,408.0,34.0,68.0,102.0,99.0,1.0,98.0,2.8823529411764706,False,0.0
ADDO091488,DAP ALEX PLUS CAULK W/SILICONE,2025-01-26,2026-01-26,4.0,92.0,7.666666666666667,15.333333333333334,23.0,19.0,0.0,19.0,2.4782608695652173,False,0.0
ADDO091488,DAP ALEX PLUS CAULK W/SILICONE,2025-01-26,2026-01-26,5.0,370.0,30.833333333333332,61.666666666666664,92.5,136.0,0.0,136.0,4.410810810810811,False,0.0
ADDO091488,DAP ALEX PLUS CAULK W/SILICONE,2025-01-26,2026-01-26,6.0,411.0,34.25,68.5,102.75,70.0,36.0,34.0,0.9927007299270073,True,68.75
ADDO091488,DAP ALEX PLUS CAULK W/SILICONE,2025-01-26,2026-01-26,8.0,52.0,4.333333333333333,8.666666666666666,13.0,10.0,0.0,10.0,2.307692307692308,False,0.0
ADDO091488,DAP ALEX PLUS CAULK W/SILICONE,2025-01-26,2026-01-26,9.0,126.0,10.5,21.0,31.5,26.0,0.0,26.0,2.4761904761904763,False,0.0
ADDR41414,SIKA/DRITAC GOLDEN BULLET 4GAL,2025-01-26,2026-01-26,1.0,31.0,2.5833333333333335,5.166666666666667,7.75,2.0,0.0,2.0,0.7741935483870968,False,0.0
ADDR41414,SIKA/DRITAC GOLDEN BULLET 4GAL,2025-01-26,2026-01-26,3.0,40.0,3.3333333333333335,6.666666666666667,10.0,1.0,0.0,1.0,0.3,False,0.0
ADDR41414,SIKA/DRITAC GOLDEN BULLET 4GAL,2025-01-26,2026-01-26,4.0,0.0,0.0,0.0,0.0,0.0,0.0,0.0,inf,False,0.0
ADDR41414,SIKA/DRITAC GOLDEN BULLET 4GAL,2025-01-26,2026-01-26,5.0,0.0,0.0,0.0,0.0,0.0,0.0,0.0,inf,False,0.0
ADDR41414,SIKA/DRITAC GOLDEN BULLET 4GAL,2025-01-26,2026-01-26,6.0,27.0,2.25,4.5,6.75,0.0,0.0,0.0,0.0,False,0.0
ADDR41414,SIKA/DRITAC GOLDEN BULLET 4GAL,2025-01-26,2026-01-26,8.0,0.0,0.0,0.0,0.0,8.0,8.0,0.0,inf,False,0.0
ADDR41414,SIKA/DRITAC GOLDEN BULLET 4GAL,2025-01-26,2026-01-26,9.0,1.0,0.08333333333333333,0.16666666666666666,0.25,0.0,0.0,0.0,0.0,False,0.0
ADDR605,605 M.C URETHANE ADHESIVE,2025-01-26,2026-01-26,1.0,2131.0,177.58333333333334,355.1666666666667,532.75,639.0,80.0,559.0,3.147817925856405,False,0.0
ADDR605,605 M.C URETHANE ADHESIVE,2025-01-26,2026-01-26,3.0,781.0,65.08333333333333,130.16666666666666,195.25,113.0,29.0,84.0,1.2906530089628683,True,111.25
ADDR605,605 M.C URETHANE ADHESIVE,2025-01-26,2026-01-26,4.0,335.0,27.916666666666668,55.833333333333336,83.75,29.0,0.0,29.0,1.0388059701492536,True,54.75
ADDR605,605 M.C URETHANE ADHESIVE,2025-01-26,2026-01-26,5.0,87.0,7.25,14.5,21.75,51.0,0.0,51.0,7.0344827586206895,False,0.0
ADDR605,605 M.C URETHANE ADHESIVE,2025-01-26,2026-01-26,6.0,557.0,46.416666666666664,92.83333333333333,139.25,86.0,0.0,86.0,1.8527827648114903,True,53.25
ADDR605,605 M.C URETHANE ADHESIVE,2025-01-26,2026-01-26,8.0,327.0,27.25,54.5,81.75,71.0,19.0,52.0,1.908256880733945,True,29.75
ADDR605,605 M.C URETHANE ADHESIVE,2025-01-26,2026-01-26,9.0,409.0,34.083333333333336,68.16666666666667,102.25,53.0,13.0,40.0,1.1735941320293397,True,62.25
ADDR7700,EASY CLEAN POLYMER ADHESIVE 4G,2025-01-26,2026-01-26,1.0,52.0,4.333333333333333,8.666666666666666,13.0,12.0,0.0,12.0,2.7692307692307696,False,0.0
ADDR7700,EASY CLEAN POLYMER ADHESIVE 4G,2025-01-26,2026-01-26,3.0,0.0,0.0,0.0,0.0,0.0,0.0,0.0,inf,False,0.0
ADDR7700,EASY CLEAN POLYMER ADHESIVE 4G,2025-01-26,2026-01-26,4.0,0.0,0.0,0.0,0.0,0.0,0.0,0.0,inf,False,0.0
ADDR7700,EASY CLEAN POLYMER ADHESIVE 4G,2025-01-26,2026-01-26,5.0,114.0,9.5,19.0,28.5,2.0,0.0,2.0,0.21052631578947367,True,7.666666666666666
ADDR7700,EASY CLEAN POLYMER ADHESIVE 4G,2025-01-26,2026-01-26,6.0,0.0,0.0,0.0,0.0,0.0,0.0,0.0,inf,False,0.0
ADDR7700,EASY CLEAN POLYMER ADHESIVE 4G,2025-01-26,2026-01-26,8.0,0.0,0.0,0.0,0.0,0.0,0.0,0.0,inf,False,0.0
ADDR7700,EASY CLEAN POLYMER ADHESIVE 4G,2025-01-26,2026-01-26,9.0,2.0,0.16666666666666666,0.3333333333333333,0.5,10.0,0.0,10.0,60.0,False,0.0
ADDR7900,SUPER GRAB ADHESIVE 4G,2025-01-26,2026-01-26,1.0,0.0,0.0,0.0,0.0,27.0,0.0,27.0,inf,False,0.0
ADDR7900,SUPER GRAB ADHESIVE 4G,2025-01-26,2026-01-26,3.0,0.0,0.0,0.0,0.0,24.0,0.0,24.0,inf,False,0.0
ADDR7900,SUPER GRAB ADHESIVE 4G,2025-01-26,2026-01-26,4.0,0.0,0.0,0.0,0.0,0.0,0.0,0.0,inf,False,0.0
ADDR7900,SUPER GRAB ADHESIVE 4G,2025-01-26,2026-01-26,5.0,0.0,0.0,0.0,0.0,22.0,0.0,22.0,inf,False,0.0
ADDR7900,SUPER GRAB ADHESIVE 4G,2025-01-26,2026-01-26,6.0,1.0,0.08333333333333333,0.16666666666666666,0.25,2.0,0.0,2.0,24.0,False,0.0
ADDR7900,SUPER GRAB ADHESIVE 4G,2025-01-26,2026-01-26,8.0,0.0,0.0,0.0,0.0,2.0,0.0,2.0,inf,False,0.0
ADDR7900,SUPER GRAB ADHESIVE 4G,2025-01-26,2026-01-26,9.0,0.0,0.0,0.0,0.0,11.0,0.0,11.0,inf,False,0.0
ADDR8100,DRITAC 8100 T&G ADHESIVE 16OZ,2025-01-26,2026-01-26,1.0,90.0,7.5,15.0,22.5,268.0,36.0,232.0,30.933333333333334,False,0.0
ADDR8100,DRITAC 8100 T&G ADHESIVE 16OZ,2025-01-26,2026-01-26,3.0,8.0,0.6666666666666666,1.3333333333333333,2.0,14.0,0.0,14.0,21.0,False,0.0
ADDR8100,DRITAC 8100 T&G ADHESIVE 16OZ,2025-01-26,2026-01-26,4.0,8.0,0.6666666666666666,1.3333333333333333,2.0,18.0,1.0,17.0,25.5,False,0.0
ADDR8100,DRITAC 8100 T&G ADHESIVE 16OZ,2025-01-26,2026-01-26,5.0,261.0,21.75,43.5,65.25,39.0,0.0,39.0,1.793103448275862,True,26.25
ADDR8100,DRITAC 8100 T&G ADHESIVE 16OZ,2025-01-26,2026-01-26,6.0,44.0,3.6666666666666665,7.333333333333333,11.0,23.0,0.0,23.0,6.272727272727273,False,0.0
ADDR8100,DRITAC 8100 T&G ADHESIVE 16OZ,2025-01-26,2026-01-26,8.0,83.0,6.916666666666667,13.833333333333334,20.75,60.0,0.0,60.0,8.674698795180722,False,0.0
ADDR8100,DRITAC 8100 T&G ADHESIVE 16OZ,2025-01-26,2026-01-26,9.0,32.0,2.6666666666666665,5.333333333333333,8.0,10.0,8.0,2.0,0.75,True,6.0
ADDUCO4,DUVALL CORK ADHESIVE 4 GAL,2025-01-26,2026-01-26,1.0,680.0,56.666666666666664,113.33333333333333,170.0,180.0,51.0,129.0,2.276470588235294,False,0.0
ADDUCO4,DUVALL CORK ADHESIVE 4 GAL,2025-01-26,2026-01-26,3.0,480.0,40.0,80.0,120.0,76.0,0.0,76.0,1.9,True,38.00199004975125
ADDUCO4,DUVALL CORK ADHESIVE 4 GAL,2025-01-26,2026-01-26,4.0,174.0,14.5,29.0,43.5,30.0,0.0,30.0,2.0689655172413794,False,0.0
ADDUCO4,DUVALL CORK ADHESIVE 4 GAL,2025-01-26,2026-01-26,5.0,35.0,2.9166666666666665,5.833333333333333,8.75,38.0,0.0,38.0,13.028571428571428,False,0.0
ADDUCO4,DUVALL CORK ADHESIVE 4 GAL,2025-01-26,2026-01-26,6.0,335.0,27.916666666666668,55.833333333333336,83.75,44.0,0.0,44.0,1.5761194029850745,True,34.33134328358209
ADDUCO4,DUVALL CORK ADHESIVE 4 GAL,2025-01-26,2026-01-26,8.0,48.0,4.0,8.0,12.0,27.0,0.0,27.0,6.75,False,0.0
ADDUCO4,DUVALL CORK ADHESIVE 4 GAL,2025-01-26,2026-01-26,9.0,131.0,10.916666666666666,21.833333333333332,32.75,61.0,28.0,33.0,3.0229007633587788,False,0.0
ADFR1415,TITEBOND III ULTIMATE GLUE QT,2025-01-26,2026-01-26,1.0,9.0,0.75,1.5,2.25,34.0,1.0,33.0,44.0,False,0.0
ADFR1415,TITEBOND III ULTIMATE GLUE QT,2025-01-26,2026-01-26,3.0,3.0,0.25,0.5,0.75,8.0,0.0,8.0,32.0,False,0.0
ADFR1415,TITEBOND III ULTIMATE GLUE QT,2025-01-26,2026-01-26,4.0,4.0,0.3333333333333333,0.6666666666666666,1.0,6.0,0.0,6.0,18.0,False,0.0
ADFR1415,TITEBOND III ULTIMATE GLUE QT,2025-01-26,2026-01-26,5.0,9.0,0.75,1.5,2.25,3.0,0.0,3.0,4.0,False,0.0
ADFR1415,TITEBOND III ULTIMATE GLUE QT,2025-01-26,2026-01-26,6.0,8.0,0.6666666666666666,1.3333333333333333,2.0,8.0,0.0,8.0,12.0,False,0.0
ADFR1415,TITEBOND III ULTIMATE GLUE QT,2025-01-26,2026-01-26,8.0,1.0,0.08333333333333333,0.16666666666666666,0.25,4.0,0.0,4.0,48.0,False,0.0
ADFR1415,TITEBOND III ULTIMATE GLUE QT,2025-01-26,2026-01-26,9.0,5.0,0.4166666666666667,0.8333333333333334,1.25,4.0,0.0,4.0,9.6,False,0.0
ADFR1416,TITEBOND III ULTIMATE GLUE GL,2025-01-26,2026-01-26,1.0,11.0,0.9166666666666666,1.8333333333333333,2.75,38.0,28.0,10.0,10.90909090909091,False,0.0
ADFR1416,TITEBOND III ULTIMATE GLUE GL,2025-01-26,2026-01-26,3.0,1.0,0.08333333333333333,0.16666666666666666,0.25,4.0,0.0,4.0,48.0,False,0.0
ADFR1416,TITEBOND III ULTIMATE GLUE GL,2025-01-26,2026-01-26,4.0,1.0,0.08333333333333333,0.16666666666666666,0.25,3.0,0.0,3.0,36.0,False,0.0
ADFR1416,TITEBOND III ULTIMATE GLUE GL,2025-01-26,2026-01-26,5.0,11.0,0.9166666666666666,1.8333333333333333,2.75,4.0,0.0,4.0,4.363636363636364,False,0.0
ADFR1416,TITEBOND III ULTIMATE GLUE GL,2025-01-26,2026-01-26,6.0,3.0,0.25,0.5,0.75,6.0,0.0,6.0,24.0,False,0.0
ADFR1416,TITEBOND III ULTIMATE GLUE GL,2025-01-26,2026-01-26,8.0,2.0,0.16666666666666666,0.3333333333333333,0.5,4.0,0.0,4.0,24.0,False,0.0
ADFR1416,TITEBOND III ULTIMATE GLUE GL,2025-01-26,2026-01-26,9.0,5.0,0.4166666666666667,0.8333333333333334,1.25,5.0,0.0,5.0,12.0,False,0.0
ADFR5065,TITEBOND WOOD GLUE QT #5065,2025-01-26,2026-01-26,1.0,44.0,3.6666666666666665,7.333333333333333,11.0,162.0,9.0,153.0,41.72727272727273,False,0.0
ADFR5065,TITEBOND WOOD GLUE QT #5065,2025-01-26,2026-01-26,3.0,58.0,4.833333333333333,9.666666666666666,14.5,14.0,0.0,14.0,2.896551724137931,False,0.0
ADFR5065,TITEBOND WOOD GLUE QT #5065,2025-01-26,2026-01-26,4.0,13.0,1.0833333333333333,2.1666666666666665,3.25,4.0,0.0,4.0,3.6923076923076925,False,0.0
ADFR5065,TITEBOND WOOD GLUE QT #5065,2025-01-26,2026-01-26,5.0,27.0,2.25,4.5,6.75,10.0,0.0,10.0,4.444444444444445,False,0.0
ADFR5065,TITEBOND WOOD GLUE QT #5065,2025-01-26,2026-01-26,6.0,41.0,3.4166666666666665,6.833333333333333,10.25,11.0,0.0,11.0,3.2195121951219514,False,0.0
ADFR5065,TITEBOND WOOD GLUE QT #5065,2025-01-26,2026-01-26,8.0,20.0,1.6666666666666667,3.3333333333333335,5.0,11.0,2.0,9.0,5.3999999999999995,False,0.0
ADFR5065,TITEBOND WOOD GLUE QT #5065,2025-01-26,2026-01-26,9.0,12.0,1.0,2.0,3.0,8.0,4.0,4.0,4.0,False,0.0
ADFR5066,TITEBOND WOOD GLUE GAL #5066,2025-01-26,2026-01-26,1.0,27.0,2.25,4.5,6.75,150.0,55.0,95.0,42.22222222222222,False,0.0
ADFR5066,TITEBOND WOOD GLUE GAL #5066,2025-01-26,2026-01-26,3.0,27.0,2.25,4.5,6.75,5.0,0.0,5.0,2.2222222222222223,False,0.0
ADFR5066,TITEBOND WOOD GLUE GAL #5066,2025-01-26,2026-01-26,4.0,18.0,1.5,3.0,4.5,8.0,0.0,8.0,5.333333333333333,False,0.0
ADFR5066,TITEBOND WOOD GLUE GAL #5066,2025-01-26,2026-01-26,5.0,10.0,0.8333333333333334,1.6666666666666667,2.5,3.0,0.0,3.0,3.5999999999999996,False,0.0
ADFR5066,TITEBOND WOOD GLUE GAL #5066,2025-01-26,2026-01-26,6.0,40.0,3.3333333333333335,6.666666666666667,10.0,10.0,0.0,10.0,3.0,False,0.0
ADFR5066,TITEBOND WOOD GLUE GAL #5066,2025-01-26,2026-01-26,8.0,6.0,0.5,1.0,1.5,4.0,1.0,3.0,6.0,False,0.0
ADFR5066,TITEBOND WOOD GLUE GAL #5066,2025-01-26,2026-01-26,9.0,8.0,0.6666666666666666,1.3333333333333333,2.0,9.0,4.0,5.0,7.5,False,0.0
ADLN90210,LIQUID NAILS 10 OZ TUBE,2025-01-26,2026-01-26,1.0,176.0,14.666666666666666,29.333333333333332,44.0,121.0,31.0,90.0,6.136363636363637,False,0.0
ADLN90210,LIQUID NAILS 10 OZ TUBE,2025-01-26,2026-01-26,3.0,73.0,6.083333333333333,12.166666666666666,18.25,44.0,0.0,44.0,7.232876712328768,False,0.0
ADLN90210,LIQUID NAILS 10 OZ TUBE,2025-01-26,2026-01-26,4.0,0.0,0.0,0.0,0.0,24.0,0.0,24.0,inf,False,0.0
ADLN90210,LIQUID NAILS 10 OZ TUBE,2025-01-26,2026-01-26,5.0,228.0,19.0,38.0,57.0,24.0,0.0,24.0,1.263157894736842,True,33.0
ADLN90210,LIQUID NAILS 10 OZ TUBE,2025-01-26,2026-01-26,6.0,51.0,4.25,8.5,12.75,31.0,0.0,31.0,7.294117647058823,False,0.0
ADLN90210,LIQUID NAILS 10 OZ TUBE,2025-01-26,2026-01-26,8.0,0.0,0.0,0.0,0.0,8.0,0.0,8.0,inf,False,0.0
ADLN90210,LIQUID NAILS 10 OZ TUBE,2025-01-26,2026-01-26,9.0,5.0,0.4166666666666667,0.8333333333333334,1.25,19.0,4.0,15.0,36.0,False,0.0
ADOM9000,OMP 9000 HYBRID URETHANE ADHES,2025-01-26,2026-01-26,1.0,2491.0,207.58333333333334,415.1666666666667,622.75,373.0,177.0,196.0,0.9441991168205539,False,0.0
ADOM9000,OMP 9000 HYBRID URETHANE ADHES,2025-01-26,2026-01-26,3.0,1118.0,93.16666666666667,186.33333333333334,279.5,183.0,4.0,179.0,1.92128801431127,False,0.0
ADOM9000,OMP 9000 HYBRID URETHANE ADHES,2025-01-26,2026-01-26,4.0,400.0,33.333333333333336,66.66666666666667,100.0,98.0,22.0,76.0,2.28,False,0.0
ADOM9000,OMP 9000 HYBRID URETHANE ADHES,2025-01-26,2026-01-26,5.0,236.0,19.666666666666668,39.333333333333336,59.0,55.0,0.0,55.0,2.796610169491525,False,0.0
ADOM9000,OMP 9000 HYBRID URETHANE ADHES,2025-01-26,2026-01-26,6.0,899.0,74.91666666666667,149.83333333333334,224.75,87.0,19.0,68.0,0.9076751946607341,False,0.0
ADOM9000,OMP 9000 HYBRID URETHANE ADHES,2025-01-26,2026-01-26,8.0,279.0,23.25,46.5,69.75,89.0,0.0,89.0,3.827956989247312,False,0.0
ADOM9000,OMP 9000 HYBRID URETHANE ADHES,2025-01-26,2026-01-26,9.0,737.0,61.416666666666664,122.83333333333333,184.25,80.0,1.0,79.0,1.2862957937584805,False,0.0
ADSI106403,SIKA CONS ADHESI. 10OZ,2025-01-26,2026-01-26,1.0,589.0,49.083333333333336,98.16666666666667,147.25,5.0,0.0,5.0,0.10186757215619693,False,0.0
ADSI106403,SIKA CONS ADHESI. 10OZ,2025-01-26,2026-01-26,3.0,194.0,16.166666666666668,32.333333333333336,48.5,3.0,0.0,3.0,0.18556701030927833,False,0.0
ADSI106403,SIKA CONS ADHESI. 10OZ,2025-01-26,2026-01-26,4.0,81.0,6.75,13.5,20.25,2.0,0.0,2.0,0.2962962962962963,False,0.0
ADSI106403,SIKA CONS ADHESI. 10OZ,2025-01-26,2026-01-26,5.0,294.0,24.5,49.0,73.5,0.0,0.0,0.0,0.0,False,0.0
ADSI106403,SIKA CONS ADHESI. 10OZ,2025-01-26,2026-01-26,6.0,173.0,14.416666666666666,28.833333333333332,43.25,1.0,0.0,1.0,0.06936416184971099,False,0.0
ADSI106403,SIKA CONS ADHESI. 10OZ,2025-01-26,2026-01-26,8.0,90.0,7.5,15.0,22.5,7.0,0.0,7.0,0.9333333333333333,False,0.0
ADSI106403,SIKA CONS ADHESI. 10OZ,2025-01-26,2026-01-26,9.0,73.0,6.083333333333333,12.166666666666666,18.25,30.0,3.0,27.0,4.438356164383562,False,0.0
ADSI174759,SIKABOND T35 (5 GAL),2025-01-26,2026-01-26,1.0,287.0,23.916666666666668,47.833333333333336,71.75,32.0,9.0,23.0,0.9616724738675958,False,0.0
ADSI174759,SIKABOND T35 (5 GAL),2025-01-26,2026-01-26,3.0,212.0,17.666666666666668,35.333333333333336,53.0,15.0,0.0,15.0,0.8490566037735848,False,0.0
ADSI174759,SIKABOND T35 (5 GAL),2025-01-26,2026-01-26,4.0,230.0,19.166666666666668,38.333333333333336,57.5,18.0,18.0,0.0,0.0,False,0.0
ADSI174759,SIKABOND T35 (5 GAL),2025-01-26,2026-01-26,5.0,158.0,13.166666666666666,26.333333333333332,39.5,40.0,0.0,40.0,3.037974683544304,False,0.0
ADSI174759,SIKABOND T35 (5 GAL),2025-01-26,2026-01-26,6.0,107.0,8.916666666666666,17.833333333333332,26.75,3.0,0.0,3.0,0.33644859813084116,False,0.0
ADSI174759,SIKABOND T35 (5 GAL),2025-01-26,2026-01-26,8.0,3.0,0.25,0.5,0.75,10.0,0.0,10.0,40.0,False,0.0
ADSI174759,SIKABOND T35 (5 GAL),2025-01-26,2026-01-26,9.0,248.0,20.666666666666668,41.333333333333336,62.0,21.0,18.0,3.0,0.14516129032258063,False,0.0
ADSI184915,SIKAFLEX 11FC ADHESIVE 10Z,2025-01-26,2026-01-26,1.0,0.0,0.0,0.0,0.0,72.0,24.0,48.0,inf,False,0.0
ADSI184915,SIKAFLEX 11FC ADHESIVE 10Z,2025-01-26,2026-01-26,3.0,0.0,0.0,0.0,0.0,24.0,0.0,24.0,inf,False,0.0
ADSI184915,SIKAFLEX 11FC ADHESIVE 10Z,2025-01-26,2026-01-26,4.0,11.0,0.9166666666666666,1.8333333333333333,2.75,25.0,0.0,25.0,27.272727272727273,False,0.0
ADSI184915,SIKAFLEX 11FC ADHESIVE 10Z,2025-01-26,2026-01-26,5.0,12.0,1.0,2.0,3.0,0.0,0.0,0.0,0.0,True,3.0
ADSI184915,SIKAFLEX 11FC ADHESIVE 10Z,2025-01-26,2026-01-26,6.0,46.0,3.8333333333333335,7.666666666666667,11.5,14.0,0.0,14.0,3.652173913043478,False,0.0
ADSI184915,SIKAFLEX 11FC ADHESIVE 10Z,2025-01-26,2026-01-26,8.0,0.0,0.0,0.0,0.0,24.0,0.0,24.0,inf,False,0.0
ADSI184915,SIKAFLEX 11FC ADHESIVE 10Z,2025-01-26,2026-01-26,9.0,0.0,0.0,0.0,0.0,12.0,0.0,12.0,inf,False,0.0
ADSI414788,SIKABOND T-21 ALL-IN-1 (4 GAL),2025-01-26,2026-01-26,1.0,1602.0,133.5,267.0,400.5,217.0,41.0,176.0,1.3183520599250935,False,0.0
ADSI414788,SIKABOND T-21 ALL-IN-1 (4 GAL),2025-01-26,2026-01-26,3.0,455.0,37.916666666666664,75.83333333333333,113.75,71.0,0.0,71.0,1.8725274725274725,True,6.375
ADSI414788,SIKABOND T-21 ALL-IN-1 (4 GAL),2025-01-26,2026-01-26,4.0,401.0,33.416666666666664,66.83333333333333,100.25,46.0,0.0,46.0,1.376558603491272,True,8.089912280701753
ADSI414788,SIKABOND T-21 ALL-IN-1 (4 GAL),2025-01-26,2026-01-26,5.0,334.0,27.833333333333332,55.666666666666664,83.5,91.0,0.0,91.0,3.2694610778443116,False,0.0
ADSI414788,SIKABOND T-21 ALL-IN-1 (4 GAL),2025-01-26,2026-01-26,6.0,252.0,21.0,42.0,63.0,44.0,0.0,44.0,2.0952380952380953,False,0.0
ADSI414788,SIKABOND T-21 ALL-IN-1 (4 GAL),2025-01-26,2026-01-26,8.0,88.0,7.333333333333333,14.666666666666666,22.0,8.0,0.0,8.0,1.090909090909091,True,2.087719298245614
ADSI414788,SIKABOND T-21 ALL-IN-1 (4 GAL),2025-01-26,2026-01-26,9.0,968.0,80.66666666666667,161.33333333333334,242.0,104.0,36.0,68.0,0.8429752066115702,True,25.94736842105263
ADSI505423,SIKA CONSTRUCTION ADHESI. 29OZ,2025-01-26,2026-01-26,1.0,33.0,2.75,5.5,8.25,0.0,0.0,0.0,0.0,False,0.0
ADSI505423,SIKA CONSTRUCTION ADHESI. 29OZ,2025-01-26,2026-01-26,3.0,2.0,0.16666666666666666,0.3333333333333333,0.5,0.0,0.0,0.0,0.0,False,0.0
ADSI505423,SIKA CONSTRUCTION ADHESI. 29OZ,2025-01-26,2026-01-26,4.0,18.0,1.5,3.0,4.5,12.0,0.0,12.0,8.0,False,0.0
ADSI505423,SIKA CONSTRUCTION ADHESI. 29OZ,2025-01-26,2026-01-26,5.0,93.0,7.75,15.5,23.25,0.0,0.0,0.0,0.0,False,0.0
ADSI505423,SIKA CONSTRUCTION ADHESI. 29OZ,2025-01-26,2026-01-26,6.0,32.0,2.6666666666666665,5.333333333333333,8.0,0.0,0.0,0.0,0.0,False,0.0
ADSI505423,SIKA CONSTRUCTION ADHESI. 29OZ,2025-01-26,2026-01-26,8.0,6.0,0.5,1.0,1.5,8.0,0.0,8.0,16.0,False,0.0
ADSI505423,SIKA CONSTRUCTION ADHESI. 29OZ,2025-01-26,2026-01-26,9.0,6.0,0.5,1.0,1.5,27.0,0.0,27.0,54.0,False,0.0
ADSI525540,SIKABOND T-100 ALL-IN-1 (4GAL),2025-01-26,2026-01-26,1.0,292.0,24.333333333333332,48.666666666666664,73.0,80.0,39.0,41.0,1.6849315068493151,False,0.0
ADSI525540,SIKABOND T-100 ALL-IN-1 (4GAL),2025-01-26,2026-01-26,3.0,183.0,15.25,30.5,45.75,83.0,0.0,83.0,5.442622950819672,False,0.0
ADSI525540,SIKABOND T-100 ALL-IN-1 (4GAL),2025-01-26,2026-01-26,4.0,76.0,6.333333333333333,12.666666666666666,19.0,56.0,0.0,56.0,8.842105263157896,False,0.0
ADSI525540,SIKABOND T-100 ALL-IN-1 (4GAL),2025-01-26,2026-01-26,5.0,225.0,18.75,37.5,56.25,80.0,1.0,79.0,4.213333333333333,False,0.0
ADSI525540,SIKABOND T-100 ALL-IN-1 (4GAL),2025-01-26,2026-01-26,6.0,305.0,25.416666666666668,50.833333333333336,76.25,37.0,1.0,36.0,1.4163934426229507,True,16.262626262626263
ADSI525540,SIKABOND T-100 ALL-IN-1 (4GAL),2025-01-26,2026-01-26,8.0,4.0,0.3333333333333333,0.6666666666666666,1.0,0.0,0.0,0.0,0.0,True,0.4040404040404041
ADSI525540,SIKABOND T-100 ALL-IN-1 (4GAL),2025-01-26,2026-01-26,9.0,258.0,21.5,43.0,64.5,89.0,10.0,79.0,3.6744186046511627,False,0.0
ADSI583769,SIKABOND T25 (5 GAL),2025-01-26,2026-01-26,1.0,790.0,65.83333333333333,131.66666666666666,197.5,247.0,14.0,233.0,3.539240506329114,False,0.0
ADSI583769,SIKABOND T25 (5 GAL),2025-01-26,2026-01-26,3.0,932.0,77.66666666666667,155.33333333333334,233.0,115.0,2.0,113.0,1.4549356223175964,True,56.151154653603925
ADSI583769,SIKABOND T25 (5 GAL),2025-01-26,2026-01-26,4.0,758.0,63.166666666666664,126.33333333333333,189.5,104.0,0.0,104.0,1.6464379947229553,True,40.0076976906928
ADSI583769,SIKABOND T25 (5 GAL),2025-01-26,2026-01-26,5.0,317.0,26.416666666666668,52.833333333333336,79.25,68.0,2.0,66.0,2.498422712933754,False,0.0
ADSI583769,SIKABOND T25 (5 GAL),2025-01-26,2026-01-26,6.0,335.0,27.916666666666668,55.833333333333336,83.75,33.0,0.0,33.0,1.182089552238806,True,23.74725915558666
ADSI583769,SIKABOND T25 (5 GAL),2025-01-26,2026-01-26,8.0,136.0,11.333333333333334,22.666666666666668,34.0,28.0,0.0,28.0,2.4705882352941173,False,0.0
ADSI583769,SIKABOND T25 (5 GAL),2025-01-26,2026-01-26,9.0,440.0,36.666666666666664,73.33333333333333,110.0,48.0,39.0,9.0,0.24545454545454548,True,47.260555166783305
ADSI749711,SIKABOND T-17 (4GAL),2025-01-26,2026-01-26,1.0,5.0,0.4166666666666667,0.8333333333333334,1.25,391.0,61.0,330.0,792.0,False,0.0
ADSI749711,SIKABOND T-17 (4GAL),2025-01-26,2026-01-26,3.0,0.0,0.0,0.0,0.0,36.0,0.0,36.0,inf,False,0.0
ADSI749711,SIKABOND T-17 (4GAL),2025-01-26,2026-01-26,4.0,0.0,0.0,0.0,0.0,36.0,0.0,36.0,inf,False,0.0
ADSI749711,SIKABOND T-17 (4GAL),2025-01-26,2026-01-26,5.0,0.0,0.0,0.0,0.0,36.0,0.0,36.0,inf,False,0.0
ADSI749711,SIKABOND T-17 (4GAL),2025-01-26,2026-01-26,6.0,23.0,1.9166666666666667,3.8333333333333335,5.75,49.0,9.0,40.0,20.869565217391305,False,0.0
ADSI749711,SIKABOND T-17 (4GAL),2025-01-26,2026-01-26,8.0,0.0,0.0,0.0,0.0,36.0,0.0,36.0,inf,False,0.0
ADSI749711,SIKABOND T-17 (4GAL),2025-01-26,2026-01-26,9.0,0.0,0.0,0.0,0.0,36.0,0.0,36.0,inf,False,0.0
ADSI776374,SIKA 910 CONST.ADHESIVE 10.1OZ,2025-01-26,2026-01-26,1.0,86.0,7.166666666666667,14.333333333333334,21.5,190.0,28.0,162.0,22.604651162790695,False,0.0
ADSI776374,SIKA 910 CONST.ADHESIVE 10.1OZ,2025-01-26,2026-01-26,3.0,0.0,0.0,0.0,0.0,0.0,0.0,0.0,inf,False,0.0
ADSI776374,SIKA 910 CONST.ADHESIVE 10.1OZ,2025-01-26,2026-01-26,4.0,0.0,0.0,0.0,0.0,0.0,0.0,0.0,inf,False,0.0
ADSI776374,SIKA 910 CONST.ADHESIVE 10.1OZ,2025-01-26,2026-01-26,5.0,12.0,1.0,2.0,3.0,24.0,0.0,24.0,24.0,False,0.0
ADSI776374,SIKA 910 CONST.ADHESIVE 10.1OZ,2025-01-26,2026-01-26,6.0,6.0,0.5,1.0,1.5,42.0,0.0,42.0,84.0,False,0.0
ADSI776374,SIKA 910 CONST.ADHESIVE 10.1OZ,2025-01-26,2026-01-26,8.0,0.0,0.0,0.0,0.0,0.0,0.0,0.0,inf,False,0.0
ADSI776374,SIKA 910 CONST.ADHESIVE 10.1OZ,2025-01-26,2026-01-26,9.0,0.0,0.0,0.0,0.0,0.0,0.0,0.0,inf,False,0.0
ADSI779240,SIKA 910 CONST.ADHESIVE 29OZ,2025-01-26,2026-01-26,1.0,0.0,0.0,0.0,0.0,55.0,0.0,55.0,inf,False,0.0
ADSI779240,SIKA 910 CONST.ADHESIVE 29OZ,2025-01-26,2026-01-26,3.0,0.0,0.0,0.0,0.0,0.0,0.0,0.0,inf,False,0.0
ADSI779240,SIKA 910 CONST.ADHESIVE 29OZ,2025-01-26,2026-01-26,4.0,0.0,0.0,0.0,0.0,0.0,0.0,0.0,inf,False,0.0
ADSI779240,SIKA 910 CONST.ADHESIVE 29OZ,2025-01-26,2026-01-26,5.0,24.0,2.0,4.0,6.0,12.0,0.0,12.0,6.0,False,0.0
ADSI779240,SIKA 910 CONST.ADHESIVE 29OZ,2025-01-26,2026-01-26,6.0,0.0,0.0,0.0,0.0,2.0,0.0,2.0,inf,False,0.0
ADSI779240,SIKA 910 CONST.ADHESIVE 29OZ,2025-01-26,2026-01-26,8.0,0.0,0.0,0.0,0.0,14.0,0.0,14.0,inf,False,0.0
ADSI779240,SIKA 910 CONST.ADHESIVE 29OZ,2025-01-26,2026-01-26,9.0,2.0,0.16666666666666666,0.3333333333333333,0.5,6.0,0.0,6.0,36.0,False,0.0
ADWAFL007,WAKOL D-6085 T&G GLUE,2025-01-26,2026-01-26,1.0,0.0,0.0,0.0,0.0,54.0,8.0,46.0,inf,False,0.0
ADWAFL007,WAKOL D-6085 T&G GLUE,2025-01-26,2026-01-26,3.0,0.0,0.0,0.0,0.0,0.0,0.0,0.0,inf,False,0.0
ADWAFL007,WAKOL D-6085 T&G GLUE,2025-01-26,2026-01-26,4.0,0.0,0.0,0.0,0.0,0.0,0.0,0.0,inf,False,0.0
ADWAFL007,WAKOL D-6085 T&G GLUE,2025-01-26,2026-01-26,5.0,0.0,0.0,0.0,0.0,0.0,0.0,0.0,inf,False,0.0
ADWAFL007,WAKOL D-6085 T&G GLUE,2025-01-26,2026-01-26,6.0,13.0,1.0833333333333333,2.1666666666666665,3.25,5.0,0.0,5.0,4.615384615384616,False,0.0
ADWAFL007,WAKOL D-6085 T&G GLUE,2025-01-26,2026-01-26,8.0,0.0,0.0,0.0,0.0,0.0,0.0,0.0,inf,False,0.0
ADWAFL007,WAKOL D-6085 T&G GLUE,2025-01-26,2026-01-26,9.0,0.0,0.0,0.0,0.0,2.0,0.0,2.0,inf,False,0.0
ADWAFL010,WAKOL MS-245 MONTINATOR,2025-01-26,2026-01-26,1.0,62.0,5.166666666666667,10.333333333333334,15.5,77.0,0.0,77.0,14.903225806451612,False,0.0
ADWAFL010,WAKOL MS-245 MONTINATOR,2025-01-26,2026-01-26,3.0,48.0,4.0,8.0,12.0,25.0,0.0,25.0,6.25,False,0.0
ADWAFL010,WAKOL MS-245 MONTINATOR,2025-01-26,2026-01-26,4.0,50.0,4.166666666666667,8.333333333333334,12.5,2.0,0.0,2.0,0.48,True,10.5
ADWAFL010,WAKOL MS-245 MONTINATOR,2025-01-26,2026-01-26,5.0,13.0,1.0833333333333333,2.1666666666666665,3.25,12.0,0.0,12.0,11.076923076923078,False,0.0
ADWAFL010,WAKOL MS-245 MONTINATOR,2025-01-26,2026-01-26,6.0,2.0,0.16666666666666666,0.3333333333333333,0.5,27.0,0.0,27.0,162.0,False,0.0
ADWAFL010,WAKOL MS-245 MONTINATOR,2025-01-26,2026-01-26,8.0,0.0,0.0,0.0,0.0,8.0,0.0,8.0,inf,False,0.0
ADWAFL010,WAKOL MS-245 MONTINATOR,2025-01-26,2026-01-26,9.0,189.0,15.75,31.5,47.25,10.0,0.0,10.0,0.6349206349206349,True,37.25
ADWAFL017,WAKOL PU-280 MOISTURE BARRIER,2025-01-26,2026-01-26,1.0,225.0,18.75,37.5,56.25,102.0,1.0,101.0,5.386666666666667,False,0.0
ADWAFL017,WAKOL PU-280 MOISTURE BARRIER,2025-01-26,2026-01-26,3.0,166.0,13.833333333333334,27.666666666666668,41.5,24.0,0.0,24.0,1.7349397590361446,True,14.077017114914426
ADWAFL017,WAKOL PU-280 MOISTURE BARRIER,2025-01-26,2026-01-26,4.0,142.0,11.833333333333334,23.666666666666668,35.5,5.0,2.0,3.0,0.2535211267605634,True,26.143031784841074
ADWAFL017,WAKOL PU-280 MOISTURE BARRIER,2025-01-26,2026-01-26,5.0,50.0,4.166666666666667,8.333333333333334,12.5,11.0,0.0,11.0,2.6399999999999997,False,0.0
ADWAFL017,WAKOL PU-280 MOISTURE BARRIER,2025-01-26,2026-01-26,6.0,155.0,12.916666666666666,25.833333333333332,38.75,16.0,0.0,16.0,1.238709677419355,True,18.300122249388753
ADWAFL017,WAKOL PU-280 MOISTURE BARRIER,2025-01-26,2026-01-26,8.0,5.0,0.4166666666666667,0.8333333333333334,1.25,1.0,0.0,1.0,2.4,False,0.0
ADWAFL017,WAKOL PU-280 MOISTURE BARRIER,2025-01-26,2026-01-26,9.0,190.0,15.833333333333334,31.666666666666668,47.5,23.0,5.0,18.0,1.1368421052631579,True,23.729828850855746
ADWAFL086,WAKOL MS-230 ADHESIVE,2025-01-26,2026-01-26,1.0,48.0,4.0,8.0,12.0,134.0,37.0,97.0,24.25,False,0.0
ADWAFL086,WAKOL MS-230 ADHESIVE,2025-01-26,2026-01-26,3.0,108.0,9.0,18.0,27.0,45.0,0.0,45.0,5.0,False,0.0
ADWAFL086,WAKOL MS-230 ADHESIVE,2025-01-26,2026-01-26,4.0,0.0,0.0,0.0,0.0,2.0,0.0,2.0,inf,False,0.0
ADWAFL086,WAKOL MS-230 ADHESIVE,2025-01-26,2026-01-26,5.0,166.0,13.833333333333334,27.666666666666668,41.5,46.0,0.0,46.0,3.325301204819277,False,0.0
ADWAFL086,WAKOL MS-230 ADHESIVE,2025-01-26,2026-01-26,6.0,29.0,2.4166666666666665,4.833333333333333,7.25,17.0,6.0,11.0,4.551724137931035,False,0.0
ADWAFL086,WAKOL MS-230 ADHESIVE,2025-01-26,2026-01-26,8.0,0.0,0.0,0.0,0.0,1.0,0.0,1.0,inf,False,0.0
ADWAFL086,WAKOL MS-230 ADHESIVE,2025-01-26,2026-01-26,9.0,3.0,0.25,0.5,0.75,3.0,0.0,3.0,12.0,False,0.0
ADWAFL088,WAKOL MS-260 ADHESIVE,2025-01-26,2026-01-26,1.0,491.0,40.916666666666664,81.83333333333333,122.75,111.0,30.0,81.0,1.979633401221996,False,0.0
ADWAFL088,WAKOL MS-260 ADHESIVE,2025-01-26,2026-01-26,3.0,43.0,3.5833333333333335,7.166666666666667,10.75,15.0,0.0,15.0,4.186046511627906,False,0.0
ADWAFL088,WAKOL MS-260 ADHESIVE,2025-01-26,2026-01-26,4.0,561.0,46.75,93.5,140.25,68.0,0.0,68.0,1.4545454545454546,True,28.392361111111114
ADWAFL088,WAKOL MS-260 ADHESIVE,2025-01-26,2026-01-26,5.0,15.0,1.25,2.5,3.75,13.0,0.0,13.0,10.4,False,0.0
ADWAFL088,WAKOL MS-260 ADHESIVE,2025-01-26,2026-01-26,6.0,180.0,15.0,30.0,45.0,29.0,0.0,29.0,1.9333333333333333,True,6.287581699346406
ADWAFL088,WAKOL MS-260 ADHESIVE,2025-01-26,2026-01-26,8.0,0.0,0.0,0.0,0.0,5.0,0.0,5.0,inf,False,0.0
ADWAFL088,WAKOL MS-260 ADHESIVE,2025-01-26,2026-01-26,9.0,87.0,7.25,14.5,21.75,8.0,0.0,8.0,1.103448275862069,True,5.403390522875817
ADWAFL112,WAKOL MS-262 20 OZ.,2025-01-26,2026-01-26,1.0,122.0,10.166666666666666,20.333333333333332,30.5,36.0,12.0,24.0,2.360655737704918,False,0.0
ADWAFL112,WAKOL MS-262 20 OZ.,2025-01-26,2026-01-26,3.0,52.0,4.333333333333333,8.666666666666666,13.0,37.0,0.0,37.0,8.538461538461538,False,0.0
ADWAFL112,WAKOL MS-262 20 OZ.,2025-01-26,2026-01-26,4.0,18.0,1.5,3.0,4.5,12.0,0.0,12.0,8.0,False,0.0
ADWAFL112,WAKOL MS-262 20 OZ.,2025-01-26,2026-01-26,5.0,120.0,10.0,20.0,30.0,28.0,8.0,20.0,2.0,False,0.0
ADWAFL112,WAKOL MS-262 20 OZ.,2025-01-26,2026-01-26,6.0,145.0,12.083333333333334,24.166666666666668,36.25,35.0,0.0,35.0,2.896551724137931,False,0.0
ADWAFL112,WAKOL MS-262 20 OZ.,2025-01-26,2026-01-26,8.0,14.0,1.1666666666666667,2.3333333333333335,3.5,18.0,0.0,18.0,15.428571428571427,False,0.0
ADWAFL112,WAKOL MS-262 20 OZ.,2025-01-26,2026-01-26,9.0,24.0,2.0,4.0,6.0,24.0,24.0,0.0,0.0,True,6.0
ADWAFL130,WAKOL MS-262 SAUSAGE ADHESIVE,2025-01-26,2026-01-26,1.0,143.0,11.916666666666666,23.833333333333332,35.75,140.0,15.0,125.0,10.48951048951049,False,0.0
ADWAFL130,WAKOL MS-262 SAUSAGE ADHESIVE,2025-01-26,2026-01-26,3.0,36.0,3.0,6.0,9.0,5.0,0.0,5.0,1.6666666666666667,True,4.0
ADWAFL130,WAKOL MS-262 SAUSAGE ADHESIVE,2025-01-26,2026-01-26,4.0,4.0,0.3333333333333333,0.6666666666666666,1.0,3.0,0.0,3.0,9.0,False,0.0
ADWAFL130,WAKOL MS-262 SAUSAGE ADHESIVE,2025-01-26,2026-01-26,5.0,0.0,0.0,0.0,0.0,19.0,16.0,3.0,inf,False,0.0
ADWAFL130,WAKOL MS-262 SAUSAGE ADHESIVE,2025-01-26,2026-01-26,6.0,124.0,10.333333333333334,20.666666666666668,31.0,21.0,0.0,21.0,2.032258064516129,False,0.0
ADWAFL130,WAKOL MS-262 SAUSAGE ADHESIVE,2025-01-26,2026-01-26,8.0,0.0,0.0,0.0,0.0,1.0,0.0,1.0,inf,False,0.0
ADWAFL130,WAKOL MS-262 SAUSAGE ADHESIVE,2025-01-26,2026-01-26,9.0,392.0,32.666666666666664,65.33333333333333,98.0,23.0,0.0,23.0,0.7040816326530612,True,75.0
AGBO30618568,BOSTIK SAUSAGE APPLICATOR,2025-01-26,2026-01-26,1.0,0.0,0.0,0.0,0.0,8.0,0.0,8.0,inf,False,0.0
AGBO30618568,BOSTIK SAUSAGE APPLICATOR,2025-01-26,2026-01-26,3.0,0.0,0.0,0.0,0.0,2.0,0.0,2.0,inf,False,0.0
AGBO30618568,BOSTIK SAUSAGE APPLICATOR,2025-01-26,2026-01-26,4.0,0.0,0.0,0.0,0.0,4.0,0.0,4.0,inf,False,0.0
AGBO30618568,BOSTIK SAUSAGE APPLICATOR,2025-01-26,2026-01-26,5.0,0.0,0.0,0.0,0.0,2.0,0.0,2.0,inf,False,0.0
AGBO30618568,BOSTIK SAUSAGE APPLICATOR,2025-01-26,2026-01-26,6.0,2.0,0.16666666666666666,0.3333333333333333,0.5,3.0,0.0,3.0,18.0,False,0.0
AGBO30618568,BOSTIK SAUSAGE APPLICATOR,2025-01-26,2026-01-26,8.0,0.0,0.0,0.0,0.0,8.0,0.0,8.0,inf,False,0.0
AGBO30618568,BOSTIK SAUSAGE APPLICATOR,2025-01-26,2026-01-26,9.0,1.0,0.08333333333333333,0.16666666666666666,0.25,2.0,0.0,2.0,24.0,False,0.0
APDT7718,"DURATOOL 18"" LIGHTWEIGHT T-BAR",2025-01-26,2026-01-26,1.0,42.0,3.5,7.0,10.5,16.0,1.0,15.0,4.285714285714286,False,0.0
APDT7718,"DURATOOL 18"" LIGHTWEIGHT T-BAR",2025-01-26,2026-01-26,3.0,41.0,3.4166666666666665,6.833333333333333,10.25,10.0,0.0,10.0,2.926829268292683,False,0.0
APDT7718,"DURATOOL 18"" LIGHTWEIGHT T-BAR",2025-01-26,2026-01-26,4.0,6.0,0.5,1.0,1.5,2.0,0.0,2.0,4.0,False,0.0
APDT7718,"DURATOOL 18"" LIGHTWEIGHT T-BAR",2025-01-26,2026-01-26,5.0,31.0,2.5833333333333335,5.166666666666667,7.75,6.0,0.0,6.0,2.32258064516129,False,0.0
APDT7718,"DURATOOL 18"" LIGHTWEIGHT T-BAR",2025-01-26,2026-01-26,6.0,32.0,2.6666666666666665,5.333333333333333,8.0,11.0,0.0,11.0,4.125,False,0.0
APDT7718,"DURATOOL 18"" LIGHTWEIGHT T-BAR",2025-01-26,2026-01-26,8.0,9.0,0.75,1.5,2.25,7.0,0.0,7.0,9.333333333333334,False,0.0
APDT7718,"DURATOOL 18"" LIGHTWEIGHT T-BAR",2025-01-26,2026-01-26,9.0,10.0,0.8333333333333334,1.6666666666666667,2.5,3.0,0.0,3.0,3.5999999999999996,False,0.0
APDT7724,"DURATOOL 24"" LIGHTWEIGHT T-BAR",2025-01-26,2026-01-26,1.0,2.0,0.16666666666666666,0.3333333333333333,0.5,4.0,0.0,4.0,24.0,False,0.0
APDT7724,"DURATOOL 24"" LIGHTWEIGHT T-BAR",2025-01-26,2026-01-26,3.0,1.0,0.08333333333333333,0.16666666666666666,0.25,4.0,0.0,4.0,48.0,False,0.0
APDT7724,"DURATOOL 24"" LIGHTWEIGHT T-BAR",2025-01-26,2026-01-26,4.0,0.0,0.0,0.0,0.0,1.0,0.0,1.0,inf,False,0.0
APDT7724,"DURATOOL 24"" LIGHTWEIGHT T-BAR",2025-01-26,2026-01-26,5.0,2.0,0.16666666666666666,0.3333333333333333,0.5,2.0,0.0,2.0,12.0,False,0.0
APDT7724,"DURATOOL 24"" LIGHTWEIGHT T-BAR",2025-01-26,2026-01-26,6.0,1.0,0.08333333333333333,0.16666666666666666,0.25,3.0,0.0,3.0,36.0,False,0.0
APDT7724,"DURATOOL 24"" LIGHTWEIGHT T-BAR",2025-01-26,2026-01-26,8.0,0.0,0.0,0.0,0.0,2.0,0.0,2.0,inf,False,0.0
APDT7724,"DURATOOL 24"" LIGHTWEIGHT T-BAR",2025-01-26,2026-01-26,9.0,1.0,0.08333333333333333,0.16666666666666666,0.25,3.0,0.0,3.0,36.0,False,0.0
APDT7818,"DURATOOL 18"" HEAVYWEIGHT T-BAR",2025-01-26,2026-01-26,1.0,7.0,0.5833333333333334,1.1666666666666667,1.75,14.0,1.0,13.0,22.285714285714285,False,0.0
APDT7818,"DURATOOL 18"" HEAVYWEIGHT T-BAR",2025-01-26,2026-01-26,3.0,6.0,0.5,1.0,1.5,4.0,0.0,4.0,8.0,False,0.0
APDT7818,"DURATOOL 18"" HEAVYWEIGHT T-BAR",2025-01-26,2026-01-26,4.0,2.0,0.16666666666666666,0.3333333333333333,0.5,2.0,0.0,2.0,12.0,False,0.0
APDT7818,"DURATOOL 18"" HEAVYWEIGHT T-BAR",2025-01-26,2026-01-26,5.0,1.0,0.08333333333333333,0.16666666666666666,0.25,2.0,0.0,2.0,24.0,False,0.0
APDT7818,"DURATOOL 18"" HEAVYWEIGHT T-BAR",2025-01-26,2026-01-26,6.0,2.0,0.16666666666666666,0.3333333333333333,0.5,4.0,0.0,4.0,24.0,False,0.0
APDT7818,"DURATOOL 18"" HEAVYWEIGHT T-BAR",2025-01-26,2026-01-26,8.0,0.0,0.0,0.0,0.0,3.0,0.0,3.0,inf,False,0.0
APDT7818,"DURATOOL 18"" HEAVYWEIGHT T-BAR",2025-01-26,2026-01-26,9.0,5.0,0.4166666666666667,0.8333333333333334,1.25,2.0,1.0,1.0,2.4,False,0.0
APDT8036,"DURATOOL APPLICATOR 6"" #8036",2025-01-26,2026-01-26,1.0,190.0,15.833333333333334,31.666666666666668,47.5,51.0,13.0,38.0,2.4,False,0.0
APDT8036,"DURATOOL APPLICATOR 6"" #8036",2025-01-26,2026-01-26,3.0,255.0,21.25,42.5,63.75,35.0,0.0,35.0,1.6470588235294117,True,13.559397163120567
APDT8036,"DURATOOL APPLICATOR 6"" #8036",2025-01-26,2026-01-26,4.0,85.0,7.083333333333333,14.166666666666666,21.25,3.0,0.0,3.0,0.4235294117647059,True,8.607269503546098
APDT8036,"DURATOOL APPLICATOR 6"" #8036",2025-01-26,2026-01-26,5.0,135.0,11.25,22.5,33.75,31.0,1.0,30.0,2.6666666666666665,False,0.0
APDT8036,"DURATOOL APPLICATOR 6"" #8036",2025-01-26,2026-01-26,6.0,107.0,8.916666666666666,17.833333333333332,26.75,36.0,0.0,36.0,4.037383177570094,False,0.0
APDT8036,"DURATOOL APPLICATOR 6"" #8036",2025-01-26,2026-01-26,8.0,71.0,5.916666666666667,11.833333333333334,17.75,19.0,0.0,19.0,3.2112676056338025,False,0.0
APDT8036,"DURATOOL APPLICATOR 6"" #8036",2025-01-26,2026-01-26,9.0,81.0,6.75,13.5,20.25,28.0,1.0,27.0,4.0,False,0.0
APDT8040,"DURATOOL APPLICATOR 10"" #8040",2025-01-26,2026-01-26,1.0,59.0,4.916666666666667,9.833333333333334,14.75,69.0,25.0,44.0,8.94915254237288,False,0.0
APDT8040,"DURATOOL APPLICATOR 10"" #8040",2025-01-26,2026-01-26,3.0,54.0,4.5,9.0,13.5,43.0,0.0,43.0,9.555555555555555,False,0.0
APDT8040,"DURATOOL APPLICATOR 10"" #8040",2025-01-26,2026-01-26,4.0,18.0,1.5,3.0,4.5,1.0,0.0,1.0,0.6666666666666666,True,3.5
APDT8040,"DURATOOL APPLICATOR 10"" #8040",2025-01-26,2026-01-26,5.0,95.0,7.916666666666667,15.833333333333334,23.75,28.0,8.0,20.0,2.526315789473684,False,0.0
APDT8040,"DURATOOL APPLICATOR 10"" #8040",2025-01-26,2026-01-26,6.0,45.0,3.75,7.5,11.25,16.0,1.0,15.0,4.0,False,0.0
APDT8040,"DURATOOL APPLICATOR 10"" #8040",2025-01-26,2026-01-26,8.0,2.0,0.16666666666666666,0.3333333333333333,0.5,17.0,0.0,17.0,102.0,False,0.0
APDT8040,"DURATOOL APPLICATOR 10"" #8040",2025-01-26,2026-01-26,9.0,46.0,3.8333333333333335,7.666666666666667,11.5,22.0,0.0,22.0,5.739130434782608,False,0.0
APLB020,GREEN BUFFER PAD - IMPACT OIL,2025-01-26,2026-01-26,1.0,1.0,0.08333333333333333,0.16666666666666666,0.25,30.0,0.0,30.0,360.0,False,0.0
APLB020,GREEN BUFFER PAD - IMPACT OIL,2025-01-26,2026-01-26,3.0,3.0,0.25,0.5,0.75,7.0,0.0,7.0,28.0,False,0.0
APLB020,GREEN BUFFER PAD - IMPACT OIL,2025-01-26,2026-01-26,4.0,9.0,0.75,1.5,2.25,0.0,0.0,0.0,0.0,True,2.25
APLB020,GREEN BUFFER PAD - IMPACT OIL,2025-01-26,2026-01-26,5.0,2.0,0.16666666666666666,0.3333333333333333,0.5,4.0,0.0,4.0,24.0,False,0.0
APLB020,GREEN BUFFER PAD - IMPACT OIL,2025-01-26,2026-01-26,6.0,6.0,0.5,1.0,1.5,5.0,0.0,5.0,10.0,False,0.0
APLB020,GREEN BUFFER PAD - IMPACT OIL,2025-01-26,2026-01-26,8.0,0.0,0.0,0.0,0.0,2.0,0.0,2.0,inf,False,0.0
APLB020,GREEN BUFFER PAD - IMPACT OIL,2025-01-26,2026-01-26,9.0,0.0,0.0,0.0,0.0,0.0,0.0,0.0,inf,False,0.0
APLB077,LOBA ROLLER HANDLE,2025-01-26,2026-01-26,1.0,25.0,2.0833333333333335,4.166666666666667,6.25,7.0,0.0,7.0,3.36,False,0.0
APLB077,LOBA ROLLER HANDLE,2025-01-26,2026-01-26,3.0,42.0,3.5,7.0,10.5,0.0,0.0,0.0,0.0,True,2.9499999999999993
APLB077,LOBA ROLLER HANDLE,2025-01-26,2026-01-26,4.0,9.0,0.75,1.5,2.25,8.0,4.0,4.0,5.333333333333333,False,0.0
APLB077,LOBA ROLLER HANDLE,2025-01-26,2026-01-26,5.0,34.0,2.8333333333333335,5.666666666666667,8.5,4.0,0.0,4.0,1.4117647058823528,True,1.264285714285714
APLB077,LOBA ROLLER HANDLE,2025-01-26,2026-01-26,6.0,26.0,2.1666666666666665,4.333333333333333,6.5,5.0,1.0,4.0,1.8461538461538463,True,0.7023809523809522
APLB077,LOBA ROLLER HANDLE,2025-01-26,2026-01-26,8.0,2.0,0.16666666666666666,0.3333333333333333,0.5,4.0,0.0,4.0,24.0,False,0.0
APLB077,LOBA ROLLER HANDLE,2025-01-26,2026-01-26,9.0,33.0,2.75,5.5,8.25,6.0,0.0,6.0,2.1818181818181817,False,0.0
APLB126,LOBA ROLLER UNIVERSAL 100,2025-01-26,2026-01-26,1.0,29.0,2.4166666666666665,4.833333333333333,7.25,6.0,1.0,5.0,2.0689655172413794,False,0.0
APLB126,LOBA ROLLER UNIVERSAL 100,2025-01-26,2026-01-26,3.0,6.0,0.5,1.0,1.5,6.0,0.0,6.0,12.0,False,0.0
APLB126,LOBA ROLLER UNIVERSAL 100,2025-01-26,2026-01-26,4.0,12.0,1.0,2.0,3.0,1.0,0.0,1.0,1.0,True,1.1481481481481481
APLB126,LOBA ROLLER UNIVERSAL 100,2025-01-26,2026-01-26,5.0,32.0,2.6666666666666665,5.333333333333333,8.0,8.0,0.0,8.0,3.0,False,0.0
APLB126,LOBA ROLLER UNIVERSAL 100,2025-01-26,2026-01-26,6.0,9.0,0.75,1.5,2.25,7.0,0.0,7.0,9.333333333333334,False,0.0
APLB126,LOBA ROLLER UNIVERSAL 100,2025-01-26,2026-01-26,8.0,1.0,0.08333333333333333,0.16666666666666666,0.25,4.0,0.0,4.0,48.0,False,0.0
APLB126,LOBA ROLLER UNIVERSAL 100,2025-01-26,2026-01-26,9.0,18.0,1.5,3.0,4.5,2.0,0.0,2.0,1.3333333333333333,True,1.4351851851851851
APLB127,LOBA ROLLER EXTENSION POLE,2025-01-26,2026-01-26,1.0,6.0,0.5,1.0,1.5,1.0,0.0,1.0,2.0,False,0.0
APLB127,LOBA ROLLER EXTENSION POLE,2025-01-26,2026-01-26,3.0,10.0,0.8333333333333334,1.6666666666666667,2.5,3.0,0.0,3.0,3.5999999999999996,False,0.0
APLB127,LOBA ROLLER EXTENSION POLE,2025-01-26,2026-01-26,4.0,4.0,0.3333333333333333,0.6666666666666666,1.0,4.0,0.0,4.0,12.0,False,0.0
APLB127,LOBA ROLLER EXTENSION POLE,2025-01-26,2026-01-26,5.0,16.0,1.3333333333333333,2.6666666666666665,4.0,2.0,0.0,2.0,1.5,True,0.2857142857142857
APLB127,LOBA ROLLER EXTENSION POLE,2025-01-26,2026-01-26,6.0,10.0,0.8333333333333334,1.6666666666666667,2.5,1.0,0.0,1.0,1.2,True,0.21428571428571427
APLB127,LOBA ROLLER EXTENSION POLE,2025-01-26,2026-01-26,8.0,1.0,0.08333333333333333,0.16666666666666666,0.25,4.0,0.0,4.0,48.0,False,0.0
APLB127,LOBA ROLLER EXTENSION POLE,2025-01-26,2026-01-26,9.0,7.0,0.5833333333333334,1.1666666666666667,1.75,3.0,0.0,3.0,5.142857142857142,False,0.0
APLP12,"12"" APPLICATOR WITH LAMB PAD",2025-01-26,2026-01-26,1.0,2.0,0.16666666666666666,0.3333333333333333,0.5,11.0,3.0,8.0,48.0,False,0.0
APLP12,"12"" APPLICATOR WITH LAMB PAD",2025-01-26,2026-01-26,3.0,2.0,0.16666666666666666,0.3333333333333333,0.5,5.0,0.0,5.0,30.0,False,0.0
APLP12,"12"" APPLICATOR WITH LAMB PAD",2025-01-26,2026-01-26,4.0,0.0,0.0,0.0,0.0,6.0,0.0,6.0,inf,False,0.0
APLP12,"12"" APPLICATOR WITH LAMB PAD",2025-01-26,2026-01-26,5.0,0.0,0.0,0.0,0.0,5.0,0.0,5.0,inf,False,0.0
APLP12,"12"" APPLICATOR WITH LAMB PAD",2025-01-26,2026-01-26,6.0,4.0,0.3333333333333333,0.6666666666666666,1.0,4.0,0.0,4.0,12.0,False,0.0
APLP12,"12"" APPLICATOR WITH LAMB PAD",2025-01-26,2026-01-26,8.0,0.0,0.0,0.0,0.0,4.0,0.0,4.0,inf,False,0.0
APLP12,"12"" APPLICATOR WITH LAMB PAD",2025-01-26,2026-01-26,9.0,4.0,0.3333333333333333,0.6666666666666666,1.0,4.0,0.0,4.0,12.0,False,0.0
APLP14,"14"" APPLICATOR WITH LAMB PAD",2025-01-26,2026-01-26,1.0,5.0,0.4166666666666667,0.8333333333333334,1.25,15.0,8.0,7.0,16.8,False,0.0
APLP14,"14"" APPLICATOR WITH LAMB PAD",2025-01-26,2026-01-26,3.0,6.0,0.5,1.0,1.5,3.0,0.0,3.0,6.0,False,0.0
APLP14,"14"" APPLICATOR WITH LAMB PAD",2025-01-26,2026-01-26,4.0,0.0,0.0,0.0,0.0,4.0,0.0,4.0,inf,False,0.0
APLP14,"14"" APPLICATOR WITH LAMB PAD",2025-01-26,2026-01-26,5.0,2.0,0.16666666666666666,0.3333333333333333,0.5,6.0,0.0,6.0,36.0,False,0.0
APLP14,"14"" APPLICATOR WITH LAMB PAD",2025-01-26,2026-01-26,6.0,5.0,0.4166666666666667,0.8333333333333334,1.25,2.0,0.0,2.0,4.8,False,0.0
APLP14,"14"" APPLICATOR WITH LAMB PAD",2025-01-26,2026-01-26,8.0,0.0,0.0,0.0,0.0,3.0,0.0,3.0,inf,False,0.0
APLP14,"14"" APPLICATOR WITH LAMB PAD",2025-01-26,2026-01-26,9.0,5.0,0.4166666666666667,0.8333333333333334,1.25,5.0,0.0,5.0,12.0,False,0.0
APLP16,"16"" APPLICATOR WITH LAMB PAD",2025-01-26,2026-01-26,1.0,1.0,0.08333333333333333,0.16666666666666666,0.25,1.0,0.0,1.0,12.0,False,0.0
APLP16,"16"" APPLICATOR WITH LAMB PAD",2025-01-26,2026-01-26,3.0,3.0,0.25,0.5,0.75,6.0,0.0,6.0,24.0,False,0.0
APLP16,"16"" APPLICATOR WITH LAMB PAD",2025-01-26,2026-01-26,4.0,4.0,0.3333333333333333,0.6666666666666666,1.0,5.0,0.0,5.0,15.0,False,0.0
APLP16,"16"" APPLICATOR WITH LAMB PAD",2025-01-26,2026-01-26,5.0,1.0,0.08333333333333333,0.16666666666666666,0.25,4.0,0.0,4.0,48.0,False,0.0
APLP16,"16"" APPLICATOR WITH LAMB PAD",2025-01-26,2026-01-26,6.0,15.0,1.25,2.5,3.75,4.0,0.0,4.0,3.2,False,0.0
APLP16,"16"" APPLICATOR WITH LAMB PAD",2025-01-26,2026-01-26,8.0,6.0,0.5,1.0,1.5,4.0,0.0,4.0,8.0,False,0.0
APLP16,"16"" APPLICATOR WITH LAMB PAD",2025-01-26,2026-01-26,9.0,5.0,0.4166666666666667,0.8333333333333334,1.25,3.0,0.0,3.0,7.199999999999999,False,0.0
APLP18,"18"" APPLICATOR WITH LAMB PAD",2025-01-26,2026-01-26,1.0,4.0,0.3333333333333333,0.6666666666666666,1.0,12.0,0.0,12.0,36.0,False,0.0
APLP18,"18"" APPLICATOR WITH LAMB PAD",2025-01-26,2026-01-26,3.0,7.0,0.5833333333333334,1.1666666666666667,1.75,4.0,0.0,4.0,6.857142857142857,False,0.0
APLP18,"18"" APPLICATOR WITH LAMB PAD",2025-01-26,2026-01-26,4.0,2.0,0.16666666666666666,0.3333333333333333,0.5,4.0,0.0,4.0,24.0,False,0.0
APLP18,"18"" APPLICATOR WITH LAMB PAD",2025-01-26,2026-01-26,5.0,1.0,0.08333333333333333,0.16666666666666666,0.25,4.0,0.0,4.0,48.0,False,0.0
APLP18,"18"" APPLICATOR WITH LAMB PAD",2025-01-26,2026-01-26,6.0,22.0,1.8333333333333333,3.6666666666666665,5.5,2.0,0.0,2.0,1.090909090909091,True,3.5
APLP18,"18"" APPLICATOR WITH LAMB PAD",2025-01-26,2026-01-26,8.0,0.0,0.0,0.0,0.0,0.0,0.0,0.0,inf,False,0.0
APLP18,"18"" APPLICATOR WITH LAMB PAD",2025-01-26,2026-01-26,9.0,1.0,0.08333333333333333,0.16666666666666666,0.25,3.0,0.0,3.0,36.0,False,0.0
APTAP2,"DURATOOL 18"" FOAM REFILL #8020",2025-01-26,2026-01-26,1.0,332.0,27.666666666666668,55.333333333333336,83.0,242.0,61.0,181.0,6.542168674698795,False,0.0
APTAP2,"DURATOOL 18"" FOAM REFILL #8020",2025-01-26,2026-01-26,3.0,525.0,43.75,87.5,131.25,67.0,2.0,65.0,1.4857142857142858,True,63.29179646936657
APTAP2,"DURATOOL 18"" FOAM REFILL #8020",2025-01-26,2026-01-26,4.0,165.0,13.75,27.5,41.25,21.0,0.0,21.0,1.5272727272727273,True,19.345794392523366
APTAP2,"DURATOOL 18"" FOAM REFILL #8020",2025-01-26,2026-01-26,5.0,349.0,29.083333333333332,58.166666666666664,87.25,33.0,5.0,28.0,0.9627507163323783,True,56.60436137071651
APTAP2,"DURATOOL 18"" FOAM REFILL #8020",2025-01-26,2026-01-26,6.0,425.0,35.416666666666664,70.83333333333333,106.25,94.0,0.0,94.0,2.6541176470588237,False,0.0
APTAP2,"DURATOOL 18"" FOAM REFILL #8020",2025-01-26,2026-01-26,8.0,193.0,16.083333333333332,32.166666666666664,48.25,37.0,2.0,35.0,2.1761658031088085,False,0.0
APTAP2,"DURATOOL 18"" FOAM REFILL #8020",2025-01-26,2026-01-26,9.0,143.0,11.916666666666666,23.833333333333332,35.75,21.0,0.0,21.0,1.7622377622377623,True,14.091381100726895
APTAP26,"DURATOOL 24"" FOAM REFILL #8026",2025-01-26,2026-01-26,1.0,8.0,0.6666666666666666,1.3333333333333333,2.0,30.0,12.0,18.0,27.0,False,0.0
APTAP26,"DURATOOL 24"" FOAM REFILL #8026",2025-01-26,2026-01-26,3.0,8.0,0.6666666666666666,1.3333333333333333,2.0,22.0,0.0,22.0,33.0,False,0.0
APTAP26,"DURATOOL 24"" FOAM REFILL #8026",2025-01-26,2026-01-26,4.0,2.0,0.16666666666666666,0.3333333333333333,0.5,18.0,0.0,18.0,108.0,False,0.0
APTAP26,"DURATOOL 24"" FOAM REFILL #8026",2025-01-26,2026-01-26,5.0,11.0,0.9166666666666666,1.8333333333333333,2.75,8.0,1.0,7.0,7.636363636363637,False,0.0
APTAP26,"DURATOOL 24"" FOAM REFILL #8026",2025-01-26,2026-01-26,6.0,8.0,0.6666666666666666,1.3333333333333333,2.0,24.0,0.0,24.0,36.0,False,0.0
APTAP26,"DURATOOL 24"" FOAM REFILL #8026",2025-01-26,2026-01-26,8.0,0.0,0.0,0.0,0.0,16.0,0.0,16.0,inf,False,0.0
APTAP26,"DURATOOL 24"" FOAM REFILL #8026",2025-01-26,2026-01-26,9.0,8.0,0.6666666666666666,1.3333333333333333,2.0,9.0,0.0,9.0,13.5,False,0.0
APUN14,UNGER SWIVEL APPLICATOR,2025-01-26,2026-01-26,1.0,0.0,0.0,0.0,0.0,0.0,0.0,0.0,inf,False,0.0
APUN14,UNGER SWIVEL APPLICATOR,2025-01-26,2026-01-26,3.0,0.0,0.0,0.0,0.0,0.0,0.0,0.0,inf,False,0.0
APUN14,UNGER SWIVEL APPLICATOR,2025-01-26,2026-01-26,4.0,3.0,0.25,0.5,0.75,0.0,0.0,0.0,0.0,False,0.0
APUN14,UNGER SWIVEL APPLICATOR,2025-01-26,2026-01-26,5.0,0.0,0.0,0.0,0.0,0.0,0.0,0.0,inf,False,0.0
APUN14,UNGER SWIVEL APPLICATOR,2025-01-26,2026-01-26,6.0,0.0,0.0,0.0,0.0,0.0,0.0,0.0,inf,False,0.0
APUN14,UNGER SWIVEL APPLICATOR,2025-01-26,2026-01-26,8.0,0.0,0.0,0.0,0.0,2.0,0.0,2.0,inf,False,0.0
APUN14,UNGER SWIVEL APPLICATOR,2025-01-26,2026-01-26,9.0,0.0,0.0,0.0,0.0,3.0,0.0,3.0,inf,False,0.0
ARDT8037,"DURATOOL REFILL 6"" #8037",2025-01-26,2026-01-26,1.0,423.0,35.25,70.5,105.75,189.0,66.0,123.0,3.4893617021276597,False,0.0
ARDT8037,"DURATOOL REFILL 6"" #8037",2025-01-26,2026-01-26,3.0,618.0,51.5,103.0,154.5,42.0,2.0,40.0,0.7766990291262136,True,34.55674978503869
ARDT8037,"DURATOOL REFILL 6"" #8037",2025-01-26,2026-01-26,4.0,201.0,16.75,33.5,50.25,51.0,0.0,51.0,3.044776119402985,False,0.0
ARDT8037,"DURATOOL REFILL 6"" #8037",2025-01-26,2026-01-26,5.0,366.0,30.5,61.0,91.5,48.0,0.0,48.0,1.5737704918032787,True,13.128546861564917
ARDT8037,"DURATOOL REFILL 6"" #8037",2025-01-26,2026-01-26,6.0,409.0,34.083333333333336,68.16666666666667,102.25,50.0,0.0,50.0,1.4669926650366747,True,15.769346517626827
ARDT8037,"DURATOOL REFILL 6"" #8037",2025-01-26,2026-01-26,8.0,157.0,13.083333333333334,26.166666666666668,39.25,42.0,1.0,41.0,3.1337579617834392,False,0.0
ARDT8037,"DURATOOL REFILL 6"" #8037",2025-01-26,2026-01-26,9.0,322.0,26.833333333333332,53.666666666666664,80.5,0.0,0.0,0.0,0.0,True,24.29535683576956
ARDT8041,"DURATOOL REFILL 10"" #8041",2025-01-26,2026-01-26,1.0,77.0,6.416666666666667,12.833333333333334,19.25,132.0,61.0,71.0,11.064935064935064,False,0.0
ARDT8041,"DURATOOL REFILL 10"" #8041",2025-01-26,2026-01-26,3.0,123.0,10.25,20.5,30.75,38.0,0.0,38.0,3.707317073170732,False,0.0
ARDT8041,"DURATOOL REFILL 10"" #8041",2025-01-26,2026-01-26,4.0,74.0,6.166666666666667,12.333333333333334,18.5,1.0,0.0,1.0,0.16216216216216214,True,13.996388028895767
ARDT8041,"DURATOOL REFILL 10"" #8041",2025-01-26,2026-01-26,5.0,240.0,20.0,40.0,60.0,46.0,7.0,39.0,1.95,True,16.795665634674922
ARDT8041,"DURATOOL REFILL 10"" #8041",2025-01-26,2026-01-26,6.0,83.0,6.916666666666667,13.833333333333334,20.75,33.0,1.0,32.0,4.626506024096385,False,0.0
ARDT8041,"DURATOOL REFILL 10"" #8041",2025-01-26,2026-01-26,8.0,16.0,1.3333333333333333,2.6666666666666665,4.0,0.0,0.0,0.0,0.0,True,3.199174406604747
ARDT8041,"DURATOOL REFILL 10"" #8041",2025-01-26,2026-01-26,9.0,221.0,18.416666666666668,36.833333333333336,55.25,17.0,0.0,17.0,0.923076923076923,True,30.592105263157894
ARLB031,LOBA ROLLER MICRO 120,2025-01-26,2026-01-26,1.0,99.0,8.25,16.5,24.75,94.0,25.0,69.0,8.363636363636363,False,0.0
ARLB031,LOBA ROLLER MICRO 120,2025-01-26,2026-01-26,3.0,237.0,19.75,39.5,59.25,13.0,1.0,12.0,0.6075949367088608,True,30.375000000000004
ARLB031,LOBA ROLLER MICRO 120,2025-01-26,2026-01-26,4.0,35.0,2.9166666666666665,5.833333333333333,8.75,23.0,0.0,23.0,7.885714285714286,False,0.0
ARLB031,LOBA ROLLER MICRO 120,2025-01-26,2026-01-26,5.0,210.0,17.5,35.0,52.5,20.0,2.0,18.0,1.0285714285714285,True,22.17857142857143
ARLB031,LOBA ROLLER MICRO 120,2025-01-26,2026-01-26,6.0,156.0,13.0,26.0,39.0,48.0,2.0,46.0,3.5384615384615383,False,0.0
ARLB031,LOBA ROLLER MICRO 120,2025-01-26,2026-01-26,8.0,5.0,0.4166666666666667,0.8333333333333334,1.25,4.0,0.0,4.0,9.6,False,0.0
ARLB031,LOBA ROLLER MICRO 120,2025-01-26,2026-01-26,9.0,99.0,8.25,16.5,24.75,16.0,4.0,12.0,1.4545454545454546,True,8.196428571428571
ARLB116,LOBA ROLLER DELUXE 120,2025-01-26,2026-01-26,1.0,3.0,0.25,0.5,0.75,21.0,0.0,21.0,84.0,False,0.0
ARLB116,LOBA ROLLER DELUXE 120,2025-01-26,2026-01-26,3.0,3.0,0.25,0.5,0.75,9.0,0.0,9.0,36.0,False,0.0
ARLB116,LOBA ROLLER DELUXE 120,2025-01-26,2026-01-26,4.0,2.0,0.16666666666666666,0.3333333333333333,0.5,10.0,0.0,10.0,60.0,False,0.0
ARLB116,LOBA ROLLER DELUXE 120,2025-01-26,2026-01-26,5.0,12.0,1.0,2.0,3.0,24.0,12.0,12.0,12.0,False,0.0
ARLB116,LOBA ROLLER DELUXE 120,2025-01-26,2026-01-26,6.0,3.0,0.25,0.5,0.75,9.0,0.0,9.0,36.0,False,0.0
ARLB116,LOBA ROLLER DELUXE 120,2025-01-26,2026-01-26,8.0,4.0,0.3333333333333333,0.6666666666666666,1.0,8.0,0.0,8.0,24.0,False,0.0
ARLB116,LOBA ROLLER DELUXE 120,2025-01-26,2026-01-26,9.0,14.0,1.1666666666666667,2.3333333333333335,3.5,1.0,0.0,1.0,0.8571428571428571,True,2.5
ARLP10,"10"" LAMB PAD",2025-01-26,2026-01-26,1.0,1.0,0.08333333333333333,0.16666666666666666,0.25,7.0,6.0,1.0,12.0,False,0.0
ARLP10,"10"" LAMB PAD",2025-01-26,2026-01-26,3.0,1.0,0.08333333333333333,0.16666666666666666,0.25,12.0,0.0,12.0,144.0,False,0.0
ARLP10,"10"" LAMB PAD",2025-01-26,2026-01-26,4.0,0.0,0.0,0.0,0.0,0.0,0.0,0.0,inf,False,0.0
ARLP10,"10"" LAMB PAD",2025-01-26,2026-01-26,5.0,10.0,0.8333333333333334,1.6666666666666667,2.5,4.0,0.0,4.0,4.8,False,0.0
ARLP10,"10"" LAMB PAD",2025-01-26,2026-01-26,6.0,2.0,0.16666666666666666,0.3333333333333333,0.5,2.0,0.0,2.0,12.0,False,0.0
ARLP10,"10"" LAMB PAD",2025-01-26,2026-01-26,8.0,0.0,0.0,0.0,0.0,7.0,0.0,7.0,inf,False,0.0
ARLP10,"10"" LAMB PAD",2025-01-26,2026-01-26,9.0,1.0,0.08333333333333333,0.16666666666666666,0.25,4.0,0.0,4.0,48.0,False,0.0
ARLP12,"12"" LAMB PAD",2025-01-26,2026-01-26,1.0,0.0,0.0,0.0,0.0,2.0,0.0,2.0,inf,False,0.0
ARLP12,"12"" LAMB PAD",2025-01-26,2026-01-26,3.0,2.0,0.16666666666666666,0.3333333333333333,0.5,5.0,0.0,5.0,30.0,False,0.0
ARLP12,"12"" LAMB PAD",2025-01-26,2026-01-26,4.0,0.0,0.0,0.0,0.0,4.0,0.0,4.0,inf,False,0.0
ARLP12,"12"" LAMB PAD",2025-01-26,2026-01-26,5.0,7.0,0.5833333333333334,1.1666666666666667,1.75,2.0,0.0,2.0,3.4285714285714284,False,0.0
ARLP12,"12"" LAMB PAD",2025-01-26,2026-01-26,6.0,0.0,0.0,0.0,0.0,5.0,0.0,5.0,inf,False,0.0
ARLP12,"12"" LAMB PAD",2025-01-26,2026-01-26,8.0,0.0,0.0,0.0,0.0,6.0,0.0,6.0,inf,False,0.0
ARLP12,"12"" LAMB PAD",2025-01-26,2026-01-26,9.0,1.0,0.08333333333333333,0.16666666666666666,0.25,6.0,0.0,6.0,72.0,False,0.0
ARLP14,"14"" LAMB PAD",2025-01-26,2026-01-26,1.0,12.0,1.0,2.0,3.0,10.0,0.0,10.0,10.0,False,0.0
ARLP14,"14"" LAMB PAD",2025-01-26,2026-01-26,3.0,7.0,0.5833333333333334,1.1666666666666667,1.75,2.0,0.0,2.0,3.4285714285714284,False,0.0
ARLP14,"14"" LAMB PAD",2025-01-26,2026-01-26,4.0,0.0,0.0,0.0,0.0,3.0,0.0,3.0,inf,False,0.0
ARLP14,"14"" LAMB PAD",2025-01-26,2026-01-26,5.0,7.0,0.5833333333333334,1.1666666666666667,1.75,5.0,0.0,5.0,8.571428571428571,False,0.0
ARLP14,"14"" LAMB PAD",2025-01-26,2026-01-26,6.0,0.0,0.0,0.0,0.0,4.0,0.0,4.0,inf,False,0.0
ARLP14,"14"" LAMB PAD",2025-01-26,2026-01-26,8.0,1.0,0.08333333333333333,0.16666666666666666,0.25,2.0,0.0,2.0,24.0,False,0.0
ARLP14,"14"" LAMB PAD",2025-01-26,2026-01-26,9.0,0.0,0.0,0.0,0.0,3.0,0.0,3.0,inf,False,0.0
ARLP16,"16"" LAMB PAD",2025-01-26,2026-01-26,1.0,4.0,0.3333333333333333,0.6666666666666666,1.0,6.0,0.0,6.0,18.0,False,0.0
ARLP16,"16"" LAMB PAD",2025-01-26,2026-01-26,3.0,64.0,5.333333333333333,10.666666666666666,16.0,6.0,0.0,6.0,1.125,True,4.197530864197531
ARLP16,"16"" LAMB PAD",2025-01-26,2026-01-26,4.0,6.0,0.5,1.0,1.5,3.0,0.0,3.0,6.0,False,0.0
ARLP16,"16"" LAMB PAD",2025-01-26,2026-01-26,5.0,14.0,1.1666666666666667,2.3333333333333335,3.5,0.0,0.0,0.0,0.0,True,1.4691358024691359
ARLP16,"16"" LAMB PAD",2025-01-26,2026-01-26,6.0,15.0,1.25,2.5,3.75,4.0,0.0,4.0,3.2,False,0.0
ARLP16,"16"" LAMB PAD",2025-01-26,2026-01-26,8.0,8.0,0.6666666666666666,1.3333333333333333,2.0,4.0,0.0,4.0,6.0,False,0.0
ARLP16,"16"" LAMB PAD",2025-01-26,2026-01-26,9.0,6.0,0.5,1.0,1.5,2.0,0.0,2.0,4.0,False,0.0
ARLP18,"18"" LAMB PAD",2025-01-26,2026-01-26,1.0,17.0,1.4166666666666667,2.8333333333333335,4.25,15.0,0.0,15.0,10.588235294117647,False,0.0
ARLP18,"18"" LAMB PAD",2025-01-26,2026-01-26,3.0,8.0,0.6666666666666666,1.3333333333333333,2.0,2.0,0.0,2.0,3.0,False,0.0
ARLP18,"18"" LAMB PAD",2025-01-26,2026-01-26,4.0,1.0,0.08333333333333333,0.16666666666666666,0.25,7.0,0.0,7.0,84.0,False,0.0
ARLP18,"18"" LAMB PAD",2025-01-26,2026-01-26,5.0,15.0,1.25,2.5,3.75,3.0,0.0,3.0,2.4,False,0.0
ARLP18,"18"" LAMB PAD",2025-01-26,2026-01-26,6.0,27.0,2.25,4.5,6.75,7.0,0.0,7.0,3.111111111111111,False,0.0
ARLP18,"18"" LAMB PAD",2025-01-26,2026-01-26,8.0,9.0,0.75,1.5,2.25,4.0,0.0,4.0,5.333333333333333,False,0.0
ARLP18,"18"" LAMB PAD",2025-01-26,2026-01-26,9.0,0.0,0.0,0.0,0.0,13.0,0.0,13.0,inf,False,0.0
ARPU350660,"PURDY 9"" WHITE DOVE 1/4"" NAP",2025-01-26,2026-01-26,1.0,22.0,1.8333333333333333,3.6666666666666665,5.5,37.0,0.0,37.0,20.181818181818183,False,0.0
ARPU350660,"PURDY 9"" WHITE DOVE 1/4"" NAP",2025-01-26,2026-01-26,3.0,28.0,2.3333333333333335,4.666666666666667,7.0,7.0,0.0,7.0,3.0,False,0.0
ARPU350660,"PURDY 9"" WHITE DOVE 1/4"" NAP",2025-01-26,2026-01-26,4.0,17.0,1.4166666666666667,2.8333333333333335,4.25,9.0,0.0,9.0,6.352941176470588,False,0.0
ARPU350660,"PURDY 9"" WHITE DOVE 1/4"" NAP",2025-01-26,2026-01-26,5.0,71.0,5.916666666666667,11.833333333333334,17.75,33.0,0.0,33.0,5.577464788732394,False,0.0
ARPU350660,"PURDY 9"" WHITE DOVE 1/4"" NAP",2025-01-26,2026-01-26,6.0,36.0,3.0,6.0,9.0,11.0,0.0,11.0,3.6666666666666665,False,0.0
ARPU350660,"PURDY 9"" WHITE DOVE 1/4"" NAP",2025-01-26,2026-01-26,8.0,8.0,0.6666666666666666,1.3333333333333333,2.0,2.0,0.0,2.0,3.0,False,0.0
ARPU350660,"PURDY 9"" WHITE DOVE 1/4"" NAP",2025-01-26,2026-01-26,9.0,20.0,1.6666666666666667,3.3333333333333335,5.0,14.0,0.0,14.0,8.4,False,0.0
ARPU350769,"PURDY 9"" WHITE DOVE 3/8"" NAP",2025-01-26,2026-01-26,1.0,46.0,3.8333333333333335,7.666666666666667,11.5,61.0,2.0,59.0,15.391304347826086,False,0.0
ARPU350769,"PURDY 9"" WHITE DOVE 3/8"" NAP",2025-01-26,2026-01-26,3.0,30.0,2.5,5.0,7.5,10.0,1.0,9.0,3.6,False,0.0
ARPU350769,"PURDY 9"" WHITE DOVE 3/8"" NAP",2025-01-26,2026-01-26,4.0,9.0,0.75,1.5,2.25,4.0,0.0,4.0,5.333333333333333,False,0.0
ARPU350769,"PURDY 9"" WHITE DOVE 3/8"" NAP",2025-01-26,2026-01-26,5.0,120.0,10.0,20.0,30.0,32.0,0.0,32.0,3.2,False,0.0
ARPU350769,"PURDY 9"" WHITE DOVE 3/8"" NAP",2025-01-26,2026-01-26,6.0,36.0,3.0,6.0,9.0,20.0,5.0,15.0,5.0,False,0.0
ARPU350769,"PURDY 9"" WHITE DOVE 3/8"" NAP",2025-01-26,2026-01-26,9.0,84.0,7.0,14.0,21.0,24.0,0.0,24.0,3.4285714285714284,False,0.0
ARUN14,UNGER SWIVEL REFILL,2025-01-26,2026-01-26,1.0,5.0,0.4166666666666667,0.8333333333333334,1.25,0.0,0.0,0.0,0.0,False,0.0
ARUN14,UNGER SWIVEL REFILL,2025-01-26,2026-01-26,3.0,0.0,0.0,0.0,0.0,0.0,0.0,0.0,inf,False,0.0
ARUN14,UNGER SWIVEL REFILL,2025-01-26,2026-01-26,4.0,0.0,0.0,0.0,0.0,0.0,0.0,0.0,inf,False,0.0
ARUN14,UNGER SWIVEL REFILL,2025-01-26,2026-01-26,5.0,0.0,0.0,0.0,0.0,0.0,0.0,0.0,inf,False,0.0
ARUN14,UNGER SWIVEL REFILL,2025-01-26,2026-01-26,6.0,0.0,0.0,0.0,0.0,0.0,0.0,0.0,inf,False,0.0
ARUN14,UNGER SWIVEL REFILL,2025-01-26,2026-01-26,8.0,0.0,0.0,0.0,0.0,0.0,0.0,0.0,inf,False,0.0
ARUN14,UNGER SWIVEL REFILL,2025-01-26,2026-01-26,9.0,8.0,0.6666666666666666,1.3333333333333333,2.0,0.0,0.0,0.0,0.0,False,0.0
ARWP10,"10"" WHITE APPLICATOR PAD",2025-01-26,2026-01-26,1.0,0.0,0.0,0.0,0.0,10.0,0.0,10.0,inf,False,0.0
ARWP10,"10"" WHITE APPLICATOR PAD",2025-01-26,2026-01-26,3.0,0.0,0.0,0.0,0.0,3.0,0.0,3.0,inf,False,0.0
ARWP10,"10"" WHITE APPLICATOR PAD",2025-01-26,2026-01-26,4.0,0.0,0.0,0.0,0.0,0.0,0.0,0.0,inf,False,0.0
ARWP10,"10"" WHITE APPLICATOR PAD",2025-01-26,2026-01-26,5.0,0.0,0.0,0.0,0.0,5.0,0.0,5.0,inf,False,0.0
ARWP10,"10"" WHITE APPLICATOR PAD",2025-01-26,2026-01-26,6.0,16.0,1.3333333333333333,2.6666666666666665,4.0,0.0,0.0,0.0,0.0,True,4.0
ARWP10,"10"" WHITE APPLICATOR PAD",2025-01-26,2026-01-26,8.0,0.0,0.0,0.0,0.0,4.0,0.0,4.0,inf,False,0.0
ARWP12,"12"" WHITE APPLICATOR PAD",2025-01-26,2026-01-26,1.0,0.0,0.0,0.0,0.0,5.0,0.0,5.0,inf,False,0.0
ARWP12,"12"" WHITE APPLICATOR PAD",2025-01-26,2026-01-26,3.0,2.0,0.16666666666666666,0.3333333333333333,0.5,8.0,0.0,8.0,48.0,False,0.0
ARWP12,"12"" WHITE APPLICATOR PAD",2025-01-26,2026-01-26,4.0,0.0,0.0,0.0,0.0,0.0,0.0,0.0,inf,False,0.0
ARWP12,"12"" WHITE APPLICATOR PAD",2025-01-26,2026-01-26,5.0,0.0,0.0,0.0,0.0,12.0,0.0,12.0,inf,False,0.0
ARWP12,"12"" WHITE APPLICATOR PAD",2025-01-26,2026-01-26,6.0,14.0,1.1666666666666667,2.3333333333333335,3.5,0.0,0.0,0.0,0.0,True,3.5
ARWP12,"12"" WHITE APPLICATOR PAD",2025-01-26,2026-01-26,8.0,0.0,0.0,0.0,0.0,8.0,0.0,8.0,inf,False,0.0
ARWP12,"12"" WHITE APPLICATOR PAD",2025-01-26,2026-01-26,9.0,0.0,0.0,0.0,0.0,1.0,0.0,1.0,inf,False,0.0
ARWP16,"16"" WHITE APPLICATOR PAD",2025-01-26,2026-01-26,1.0,7.0,0.5833333333333334,1.1666666666666667,1.75,0.0,0.0,0.0,0.0,False,0.0
ARWP16,"16"" WHITE APPLICATOR PAD",2025-01-26,2026-01-26,3.0,0.0,0.0,0.0,0.0,0.0,0.0,0.0,inf,False,0.0
ARWP16,"16"" WHITE APPLICATOR PAD",2025-01-26,2026-01-26,4.0,0.0,0.0,0.0,0.0,0.0,0.0,0.0,inf,False,0.0
ARWP16,"16"" WHITE APPLICATOR PAD",2025-01-26,2026-01-26,5.0,0.0,0.0,0.0,0.0,6.0,0.0,6.0,inf,False,0.0
ARWP16,"16"" WHITE APPLICATOR PAD",2025-01-26,2026-01-26,6.0,5.0,0.4166666666666667,0.8333333333333334,1.25,0.0,0.0,0.0,0.0,False,0.0
ARWP16,"16"" WHITE APPLICATOR PAD",2025-01-26,2026-01-26,8.0,2.0,0.16666666666666666,0.3333333333333333,0.5,6.0,6.0,0.0,0.0,False,0.0
ARWP16,"16"" WHITE APPLICATOR PAD",2025-01-26,2026-01-26,9.0,0.0,0.0,0.0,0.0,2.0,0.0,2.0,inf,False,0.0
ARWP18,"18"" WHITE APPLICATOR PAD",2025-01-26,2026-01-26,1.0,0.0,0.0,0.0,0.0,1.0,0.0,1.0,inf,False,0.0
ARWP18,"18"" WHITE APPLICATOR PAD",2025-01-26,2026-01-26,3.0,8.0,0.6666666666666666,1.3333333333333333,2.0,1.0,0.0,1.0,1.5,True,0.09090909090909091
ARWP18,"18"" WHITE APPLICATOR PAD",2025-01-26,2026-01-26,4.0,0.0,0.0,0.0,0.0,0.0,0.0,0.0,inf,False,0.0
ARWP18,"18"" WHITE APPLICATOR PAD",2025-01-26,2026-01-26,5.0,0.0,0.0,0.0,0.0,0.0,0.0,0.0,inf,False,0.0
ARWP18,"18"" WHITE APPLICATOR PAD",2025-01-26,2026-01-26,6.0,42.0,3.5,7.0,10.5,1.0,0.0,1.0,0.2857142857142857,True,0.8636363636363636
ARWP18,"18"" WHITE APPLICATOR PAD",2025-01-26,2026-01-26,8.0,0.0,0.0,0.0,0.0,5.0,0.0,5.0,inf,False,0.0
ARWP18,"18"" WHITE APPLICATOR PAD",2025-01-26,2026-01-26,9.0,2.0,0.16666666666666666,0.3333333333333333,0.5,0.0,0.0,0.0,0.0,True,0.045454545454545456
ARWP3121,"12"" YELLOW DURAFOAM REFILL",2025-01-26,2026-01-26,1.0,0.0,0.0,0.0,0.0,19.0,0.0,19.0,inf,False,0.0
ARWP3121,"12"" YELLOW DURAFOAM REFILL",2025-01-26,2026-01-26,3.0,3.0,0.25,0.5,0.75,9.0,0.0,9.0,36.0,False,0.0
ARWP3121,"12"" YELLOW DURAFOAM REFILL",2025-01-26,2026-01-26,4.0,1.0,0.08333333333333333,0.16666666666666666,0.25,6.0,0.0,6.0,72.0,False,0.0
ARWP3121,"12"" YELLOW DURAFOAM REFILL",2025-01-26,2026-01-26,5.0,4.0,0.3333333333333333,0.6666666666666666,1.0,4.0,0.0,4.0,12.0,False,0.0
ARWP3121,"12"" YELLOW DURAFOAM REFILL",2025-01-26,2026-01-26,6.0,6.0,0.5,1.0,1.5,7.0,0.0,7.0,14.0,False,0.0
ARWP3121,"12"" YELLOW DURAFOAM REFILL",2025-01-26,2026-01-26,8.0,0.0,0.0,0.0,0.0,21.0,0.0,21.0,inf,False,0.0
ARWP3121,"12"" YELLOW DURAFOAM REFILL",2025-01-26,2026-01-26,9.0,9.0,0.75,1.5,2.25,0.0,0.0,0.0,0.0,True,2.25
ARWP3141,"14"" YELLOW DURAFOAM REFILL",2025-01-26,2026-01-26,1.0,7.0,0.5833333333333334,1.1666666666666667,1.75,41.0,0.0,41.0,70.28571428571428,False,0.0
ARWP3141,"14"" YELLOW DURAFOAM REFILL",2025-01-26,2026-01-26,3.0,17.0,1.4166666666666667,2.8333333333333335,4.25,6.0,0.0,6.0,4.235294117647059,False,0.0
ARWP3141,"14"" YELLOW DURAFOAM REFILL",2025-01-26,2026-01-26,4.0,3.0,0.25,0.5,0.75,4.0,0.0,4.0,16.0,False,0.0
ARWP3141,"14"" YELLOW DURAFOAM REFILL",2025-01-26,2026-01-26,5.0,0.0,0.0,0.0,0.0,4.0,0.0,4.0,inf,False,0.0
ARWP3141,"14"" YELLOW DURAFOAM REFILL",2025-01-26,2026-01-26,6.0,12.0,1.0,2.0,3.0,7.0,0.0,7.0,7.0,False,0.0
ARWP3141,"14"" YELLOW DURAFOAM REFILL",2025-01-26,2026-01-26,8.0,2.0,0.16666666666666666,0.3333333333333333,0.5,4.0,0.0,4.0,24.0,False,0.0
ARWP3141,"14"" YELLOW DURAFOAM REFILL",2025-01-26,2026-01-26,9.0,9.0,0.75,1.5,2.25,5.0,0.0,5.0,6.666666666666667,False,0.0
ARWP3161,"16"" YELLOW DURAFOAM REFILL",2025-01-26,2026-01-26,1.0,40.0,3.3333333333333335,6.666666666666667,10.0,30.0,2.0,28.0,8.4,False,0.0
ARWP3161,"16"" YELLOW DURAFOAM REFILL",2025-01-26,2026-01-26,3.0,28.0,2.3333333333333335,4.666666666666667,7.0,3.0,0.0,3.0,1.2857142857142856,True,4.0
ARWP3161,"16"" YELLOW DURAFOAM REFILL",2025-01-26,2026-01-26,4.0,7.0,0.5833333333333334,1.1666666666666667,1.75,4.0,0.0,4.0,6.857142857142857,False,0.0
ARWP3161,"16"" YELLOW DURAFOAM REFILL",2025-01-26,2026-01-26,5.0,27.0,2.25,4.5,6.75,32.0,0.0,32.0,14.222222222222221,False,0.0
ARWP3161,"16"" YELLOW DURAFOAM REFILL",2025-01-26,2026-01-26,6.0,80.0,6.666666666666667,13.333333333333334,20.0,6.0,0.0,6.0,0.8999999999999999,True,14.0
ARWP3161,"16"" YELLOW DURAFOAM REFILL",2025-01-26,2026-01-26,8.0,1.0,0.08333333333333333,0.16666666666666666,0.25,3.0,0.0,3.0,36.0,False,0.0
ARWP3161,"16"" YELLOW DURAFOAM REFILL",2025-01-26,2026-01-26,9.0,36.0,3.0,6.0,9.0,12.0,0.0,12.0,4.0,False,0.0
ARWP3181,"18"" YELLOW DURAFOAM REFILL",2025-01-26,2026-01-26,1.0,71.0,5.916666666666667,11.833333333333334,17.75,28.0,0.0,28.0,4.732394366197183,False,0.0
ARWP3181,"18"" YELLOW DURAFOAM REFILL",2025-01-26,2026-01-26,3.0,11.0,0.9166666666666666,1.8333333333333333,2.75,4.0,0.0,4.0,4.363636363636364,False,0.0
ARWP3181,"18"" YELLOW DURAFOAM REFILL",2025-01-26,2026-01-26,4.0,0.0,0.0,0.0,0.0,4.0,0.0,4.0,inf,False,0.0
ARWP3181,"18"" YELLOW DURAFOAM REFILL",2025-01-26,2026-01-26,5.0,68.0,5.666666666666667,11.333333333333334,17.0,8.0,0.0,8.0,1.4117647058823528,True,9.0
ARWP3181,"18"" YELLOW DURAFOAM REFILL",2025-01-26,2026-01-26,6.0,57.0,4.75,9.5,14.25,11.0,0.0,11.0,2.3157894736842106,False,0.0
ARWP3181,"18"" YELLOW DURAFOAM REFILL",2025-01-26,2026-01-26,8.0,6.0,0.5,1.0,1.5,4.0,0.0,4.0,8.0,False,0.0
ARWP3181,"18"" YELLOW DURAFOAM REFILL",2025-01-26,2026-01-26,9.0,7.0,0.5833333333333334,1.1666666666666667,1.75,4.0,0.0,4.0,6.857142857142857,False,0.0
BD3M161202,"3M 16 x 2"" 120 BUFFER DISC",2025-01-26,2026-01-26,1.0,0.0,0.0,0.0,0.0,40.0,0.0,40.0,inf,False,0.0
BD3M161202,"3M 16 x 2"" 120 BUFFER DISC",2025-01-26,2026-01-26,3.0,0.0,0.0,0.0,0.0,8.0,0.0,8.0,inf,False,0.0
BD3M161202,"3M 16 x 2"" 120 BUFFER DISC",2025-01-26,2026-01-26,4.0,0.0,0.0,0.0,0.0,0.0,0.0,0.0,inf,False,0.0
BD3M161202,"3M 16 x 2"" 120 BUFFER DISC",2025-01-26,2026-01-26,5.0,0.0,0.0,0.0,0.0,0.0,0.0,0.0,inf,False,0.0
BD3M161202,"3M 16 x 2"" 120 BUFFER DISC",2025-01-26,2026-01-26,6.0,0.0,0.0,0.0,0.0,0.0,0.0,0.0,inf,False,0.0
BD3M161202,"3M 16 x 2"" 120 BUFFER DISC",2025-01-26,2026-01-26,8.0,0.0,0.0,0.0,0.0,0.0,0.0,0.0,inf,False,0.0
BD3M161202,"3M 16 x 2"" 120 BUFFER DISC",2025-01-26,2026-01-26,9.0,0.0,0.0,0.0,0.0,4.0,0.0,4.0,inf,False,0.0
BD3M16122,"3M 16 x 2"" 12 BUFFER DISC",2025-01-26,2026-01-26,1.0,150.0,12.5,25.0,37.5,62.0,0.0,62.0,4.96,False,0.0
BD3M16122,"3M 16 x 2"" 12 BUFFER DISC",2025-01-26,2026-01-26,3.0,150.0,12.5,25.0,37.5,35.0,0.0,35.0,2.8,False,0.0
BD3M16122,"3M 16 x 2"" 12 BUFFER DISC",2025-01-26,2026-01-26,4.0,57.0,4.75,9.5,14.25,33.0,0.0,33.0,6.947368421052632,False,0.0
BD3M16122,"3M 16 x 2"" 12 BUFFER DISC",2025-01-26,2026-01-26,5.0,17.0,1.4166666666666667,2.8333333333333335,4.25,32.0,0.0,32.0,22.588235294117645,False,0.0
BD3M16122,"3M 16 x 2"" 12 BUFFER DISC",2025-01-26,2026-01-26,6.0,196.0,16.333333333333332,32.666666666666664,49.0,37.0,0.0,37.0,2.2653061224489797,False,0.0
BD3M16122,"3M 16 x 2"" 12 BUFFER DISC",2025-01-26,2026-01-26,8.0,45.0,3.75,7.5,11.25,17.0,0.0,17.0,4.533333333333333,False,0.0
BD3M16122,"3M 16 x 2"" 12 BUFFER DISC",2025-01-26,2026-01-26,9.0,120.0,10.0,20.0,30.0,27.0,0.0,27.0,2.7,False,0.0
BD3M16162,"3M 16 x 2"" 16 BUFFER DISC",2025-01-26,2026-01-26,1.0,42.0,3.5,7.0,10.5,35.0,0.0,35.0,10.0,False,0.0
BD3M16162,"3M 16 x 2"" 16 BUFFER DISC",2025-01-26,2026-01-26,3.0,51.0,4.25,8.5,12.75,38.0,0.0,38.0,8.941176470588236,False,0.0
BD3M16162,"3M 16 x 2"" 16 BUFFER DISC",2025-01-26,2026-01-26,4.0,61.0,5.083333333333333,10.166666666666666,15.25,7.0,0.0,7.0,1.3770491803278688,True,8.25
BD3M16162,"3M 16 x 2"" 16 BUFFER DISC",2025-01-26,2026-01-26,5.0,0.0,0.0,0.0,0.0,10.0,0.0,10.0,inf,False,0.0
BD3M16162,"3M 16 x 2"" 16 BUFFER DISC",2025-01-26,2026-01-26,6.0,43.0,3.5833333333333335,7.166666666666667,10.75,65.0,0.0,65.0,18.13953488372093,False,0.0
BD3M16162,"3M 16 x 2"" 16 BUFFER DISC",2025-01-26,2026-01-26,8.0,36.0,3.0,6.0,9.0,30.0,0.0,30.0,10.0,False,0.0
BD3M16162,"3M 16 x 2"" 16 BUFFER DISC",2025-01-26,2026-01-26,9.0,7.0,0.5833333333333334,1.1666666666666667,1.75,15.0,0.0,15.0,25.71428571428571,False,0.0
BD3M16362,"3M 16 x 2"" 36 BUFFER DISC",2025-01-26,2026-01-26,1.0,0.0,0.0,0.0,0.0,0.0,0.0,0.0,inf,False,0.0
BD3M16362,"3M 16 x 2"" 36 BUFFER DISC",2025-01-26,2026-01-26,3.0,0.0,0.0,0.0,0.0,0.0,0.0,0.0,inf,False,0.0
BD3M16362,"3M 16 x 2"" 36 BUFFER DISC",2025-01-26,2026-01-26,4.0,0.0,0.0,0.0,0.0,0.0,0.0,0.0,inf,False,0.0
BD3M16362,"3M 16 x 2"" 36 BUFFER DISC",2025-01-26,2026-01-26,5.0,0.0,0.0,0.0,0.0,0.0,0.0,0.0,inf,False,0.0
BD3M16362,"3M 16 x 2"" 36 BUFFER DISC",2025-01-26,2026-01-26,6.0,0.0,0.0,0.0,0.0,0.0,0.0,0.0,inf,False,0.0
BD3M16362,"3M 16 x 2"" 36 BUFFER DISC",2025-01-26,2026-01-26,8.0,0.0,0.0,0.0,0.0,0.0,0.0,0.0,inf,False,0.0
BD3M16362,"3M 16 x 2"" 36 BUFFER DISC",2025-01-26,2026-01-26,9.0,0.0,0.0,0.0,0.0,0.0,0.0,0.0,inf,False,0.0
BE3M10120,3M BELT 9-7/8 X 29-1/2 120G,2025-01-26,2026-01-26,1.0,10.0,0.8333333333333334,1.6666666666666667,2.5,0.0,0.0,0.0,0.0,False,0.0
BE3M10120,3M BELT 9-7/8 X 29-1/2 120G,2025-01-26,2026-01-26,3.0,0.0,0.0,0.0,0.0,0.0,0.0,0.0,inf,False,0.0
BE3M10120,3M BELT 9-7/8 X 29-1/2 120G,2025-01-26,2026-01-26,4.0,0.0,0.0,0.0,0.0,10.0,0.0,10.0,inf,False,0.0
BE3M10120,3M BELT 9-7/8 X 29-1/2 120G,2025-01-26,2026-01-26,5.0,9.0,0.75,1.5,2.25,0.0,0.0,0.0,0.0,False,0.0
BE3M10120,3M BELT 9-7/8 X 29-1/2 120G,2025-01-26,2026-01-26,6.0,0.0,0.0,0.0,0.0,0.0,0.0,0.0,inf,False,0.0
BE3M10120,3M BELT 9-7/8 X 29-1/2 120G,2025-01-26,2026-01-26,8.0,0.0,0.0,0.0,0.0,3.0,0.0,3.0,inf,False,0.0
BE3M10120,3M BELT 9-7/8 X 29-1/2 120G,2025-01-26,2026-01-26,9.0,10.0,0.8333333333333334,1.6666666666666667,2.5,0.0,0.0,0.0,0.0,False,0.0
BE3M1024,3M BELT 9-7/8 X 29-1/2 24G,2025-01-26,2026-01-26,1.0,0.0,0.0,0.0,0.0,5.0,0.0,5.0,inf,False,0.0
BE3M1024,3M BELT 9-7/8 X 29-1/2 24G,2025-01-26,2026-01-26,3.0,0.0,0.0,0.0,0.0,0.0,0.0,0.0,inf,False,0.0
BE3M1024,3M BELT 9-7/8 X 29-1/2 24G,2025-01-26,2026-01-26,4.0,0.0,0.0,0.0,0.0,0.0,0.0,0.0,inf,False,0.0
BE3M1024,3M BELT 9-7/8 X 29-1/2 24G,2025-01-26,2026-01-26,5.0,0.0,0.0,0.0,0.0,0.0,0.0,0.0,inf,False,0.0
BE3M1024,3M BELT 9-7/8 X 29-1/2 24G,2025-01-26,2026-01-26,6.0,0.0,0.0,0.0,0.0,0.0,0.0,0.0,inf,False,0.0
BE3M1024,3M BELT 9-7/8 X 29-1/2 24G,2025-01-26,2026-01-26,8.0,0.0,0.0,0.0,0.0,0.0,0.0,0.0,inf,False,0.0
BE3M1024,3M BELT 9-7/8 X 29-1/2 24G,2025-01-26,2026-01-26,9.0,0.0,0.0,0.0,0.0,0.0,0.0,0.0,inf,False,0.0
BE3M1036,3M BELT 9-7/8 X 29-1/2 36G,2025-01-26,2026-01-26,1.0,29.0,2.4166666666666665,4.833333333333333,7.25,40.0,2.0,38.0,15.724137931034484,False,0.0
BE3M1036,3M BELT 9-7/8 X 29-1/2 36G,2025-01-26,2026-01-26,3.0,41.0,3.4166666666666665,6.833333333333333,10.25,12.0,0.0,12.0,3.5121951219512195,False,0.0
BE3M1036,3M BELT 9-7/8 X 29-1/2 36G,2025-01-26,2026-01-26,4.0,13.0,1.0833333333333333,2.1666666666666665,3.25,20.0,0.0,20.0,18.461538461538463,False,0.0
BE3M1036,3M BELT 9-7/8 X 29-1/2 36G,2025-01-26,2026-01-26,5.0,19.0,1.5833333333333333,3.1666666666666665,4.75,28.0,0.0,28.0,17.68421052631579,False,0.0
BE3M1036,3M BELT 9-7/8 X 29-1/2 36G,2025-01-26,2026-01-26,6.0,13.0,1.0833333333333333,2.1666666666666665,3.25,15.0,0.0,15.0,13.846153846153847,False,0.0
BE3M1036,3M BELT 9-7/8 X 29-1/2 36G,2025-01-26,2026-01-26,8.0,0.0,0.0,0.0,0.0,10.0,0.0,10.0,inf,False,0.0
BE3M1036,3M BELT 9-7/8 X 29-1/2 36G,2025-01-26,2026-01-26,9.0,36.0,3.0,6.0,9.0,13.0,0.0,13.0,4.333333333333333,False,0.0
BE3M1040,3M BELT 9-7/8 X 29-1/2 40G,2025-01-26,2026-01-26,1.0,28.0,2.3333333333333335,4.666666666666667,7.0,30.0,5.0,25.0,10.714285714285714,False,0.0
BE3M1040,3M BELT 9-7/8 X 29-1/2 40G,2025-01-26,2026-01-26,3.0,15.0,1.25,2.5,3.75,12.0,0.0,12.0,9.6,False,0.0
BE3M1040,3M BELT 9-7/8 X 29-1/2 40G,2025-01-26,2026-01-26,4.0,14.0,1.1666666666666667,2.3333333333333335,3.5,22.0,0.0,22.0,18.857142857142858,False,0.0
BE3M1040,3M BELT 9-7/8 X 29-1/2 40G,2025-01-26,2026-01-26,5.0,12.0,1.0,2.0,3.0,39.0,0.0,39.0,39.0,False,0.0
BE3M1040,3M BELT 9-7/8 X 29-1/2 40G,2025-01-26,2026-01-26,6.0,27.0,2.25,4.5,6.75,26.0,0.0,26.0,11.555555555555555,False,0.0
BE3M1040,3M BELT 9-7/8 X 29-1/2 40G,2025-01-26,2026-01-26,8.0,6.0,0.5,1.0,1.5,13.0,0.0,13.0,26.0,False,0.0
BE3M1040,3M BELT 9-7/8 X 29-1/2 40G,2025-01-26,2026-01-26,9.0,61.0,5.083333333333333,10.166666666666666,15.25,22.0,11.0,11.0,2.1639344262295084,False,0.0
BE3M1050,3M BELT 9-7/8 X 29-1/2 50G,2025-01-26,2026-01-26,1.0,55.0,4.583333333333333,9.166666666666666,13.75,42.0,0.0,42.0,9.163636363636364,False,0.0
BE3M1050,3M BELT 9-7/8 X 29-1/2 50G,2025-01-26,2026-01-26,3.0,35.0,2.9166666666666665,5.833333333333333,8.75,24.0,0.0,24.0,8.22857142857143,False,0.0
BE3M1050,3M BELT 9-7/8 X 29-1/2 50G,2025-01-26,2026-01-26,4.0,4.0,0.3333333333333333,0.6666666666666666,1.0,6.0,0.0,6.0,18.0,False,0.0
BE3M1050,3M BELT 9-7/8 X 29-1/2 50G,2025-01-26,2026-01-26,5.0,12.0,1.0,2.0,3.0,46.0,0.0,46.0,46.0,False,0.0
BE3M1050,3M BELT 9-7/8 X 29-1/2 50G,2025-01-26,2026-01-26,6.0,38.0,3.1666666666666665,6.333333333333333,9.5,23.0,0.0,23.0,7.2631578947368425,False,0.0
BE3M1050,3M BELT 9-7/8 X 29-1/2 50G,2025-01-26,2026-01-26,8.0,1.0,0.08333333333333333,0.16666666666666666,0.25,16.0,0.0,16.0,192.0,False,0.0
BE3M1050,3M BELT 9-7/8 X 29-1/2 50G,2025-01-26,2026-01-26,9.0,35.0,2.9166666666666665,5.833333333333333,8.75,22.0,5.0,17.0,5.828571428571429,False,0.0
BE3M1080,3M BELT 9-7/8 X 29-1/2 80G,2025-01-26,2026-01-26,1.0,50.0,4.166666666666667,8.333333333333334,12.5,40.0,2.0,38.0,9.12,False,0.0
BE3M1080,3M BELT 9-7/8 X 29-1/2 80G,2025-01-26,2026-01-26,3.0,52.0,4.333333333333333,8.666666666666666,13.0,17.0,0.0,17.0,3.9230769230769234,False,0.0
BE3M1080,3M BELT 9-7/8 X 29-1/2 80G,2025-01-26,2026-01-26,4.0,30.0,2.5,5.0,7.5,25.0,0.0,25.0,10.0,False,0.0
BE3M1080,3M BELT 9-7/8 X 29-1/2 80G,2025-01-26,2026-01-26,5.0,21.0,1.75,3.5,5.25,31.0,0.0,31.0,17.714285714285715,False,0.0
BE3M1080,3M BELT 9-7/8 X 29-1/2 80G,2025-01-26,2026-01-26,6.0,62.0,5.166666666666667,10.333333333333334,15.5,21.0,0.0,21.0,4.064516129032258,False,0.0
BE3M1080,3M BELT 9-7/8 X 29-1/2 80G,2025-01-26,2026-01-26,8.0,6.0,0.5,1.0,1.5,11.0,0.0,11.0,22.0,False,0.0
BE3M1080,3M BELT 9-7/8 X 29-1/2 80G,2025-01-26,2026-01-26,9.0,93.0,7.75,15.5,23.25,6.0,0.0,6.0,0.7741935483870968,True,17.25
BE3M8100,3M BELT 7-7/8 X 29-1/2 100G,2025-01-26,2026-01-26,1.0,287.0,23.916666666666668,47.833333333333336,71.75,255.0,25.0,230.0,9.616724738675957,False,0.0
BE3M8100,3M BELT 7-7/8 X 29-1/2 100G,2025-01-26,2026-01-26,3.0,340.0,28.333333333333332,56.666666666666664,85.0,43.0,10.0,33.0,1.1647058823529413,True,52.0
BE3M8100,3M BELT 7-7/8 X 29-1/2 100G,2025-01-26,2026-01-26,4.0,258.0,21.5,43.0,64.5,74.0,0.0,74.0,3.441860465116279,False,0.0
BE3M8100,3M BELT 7-7/8 X 29-1/2 100G,2025-01-26,2026-01-26,5.0,243.0,20.25,40.5,60.75,42.0,10.0,32.0,1.5802469135802468,True,28.75
BE3M8100,3M BELT 7-7/8 X 29-1/2 100G,2025-01-26,2026-01-26,6.0,302.0,25.166666666666668,50.333333333333336,75.5,31.0,12.0,19.0,0.7549668874172185,True,56.5
BE3M8100,3M BELT 7-7/8 X 29-1/2 100G,2025-01-26,2026-01-26,8.0,51.0,4.25,8.5,12.75,21.0,11.0,10.0,2.3529411764705883,False,0.0
BE3M8100,3M BELT 7-7/8 X 29-1/2 100G,2025-01-26,2026-01-26,9.0,119.0,9.916666666666666,19.833333333333332,29.75,57.0,0.0,57.0,5.7478991596638656,False,0.0
BE3M8120,3M BELT 7-7/8 X 29-1/2 120G,2025-01-26,2026-01-26,1.0,6.0,0.5,1.0,1.5,37.0,0.0,37.0,74.0,False,0.0
BE3M8120,3M BELT 7-7/8 X 29-1/2 120G,2025-01-26,2026-01-26,3.0,30.0,2.5,5.0,7.5,20.0,0.0,20.0,8.0,False,0.0
BE3M8120,3M BELT 7-7/8 X 29-1/2 120G,2025-01-26,2026-01-26,4.0,66.0,5.5,11.0,16.5,35.0,0.0,35.0,6.363636363636363,False,0.0
BE3M8120,3M BELT 7-7/8 X 29-1/2 120G,2025-01-26,2026-01-26,5.0,23.0,1.9166666666666667,3.8333333333333335,5.75,7.0,0.0,7.0,3.652173913043478,False,0.0
BE3M8120,3M BELT 7-7/8 X 29-1/2 120G,2025-01-26,2026-01-26,6.0,13.0,1.0833333333333333,2.1666666666666665,3.25,20.0,0.0,20.0,18.461538461538463,False,0.0
BE3M8120,3M BELT 7-7/8 X 29-1/2 120G,2025-01-26,2026-01-26,8.0,3.0,0.25,0.5,0.75,10.0,1.0,9.0,36.0,False,0.0
BE3M8120,3M BELT 7-7/8 X 29-1/2 120G,2025-01-26,2026-01-26,9.0,26.0,2.1666666666666665,4.333333333333333,6.5,4.0,0.0,4.0,1.8461538461538463,True,2.5
BE3M836,3M BELT 7-7/8 X 29-1/2 36G,2025-01-26,2026-01-26,1.0,159.0,13.25,26.5,39.75,90.0,0.0,90.0,6.7924528301886795,False,0.0
BE3M836,3M BELT 7-7/8 X 29-1/2 36G,2025-01-26,2026-01-26,3.0,180.0,15.0,30.0,45.0,31.0,0.0,31.0,2.066666666666667,False,0.0
BE3M836,3M BELT 7-7/8 X 29-1/2 36G,2025-01-26,2026-01-26,4.0,107.0,8.916666666666666,17.833333333333332,26.75,34.0,0.0,34.0,3.813084112149533,False,0.0
BE3M836,3M BELT 7-7/8 X 29-1/2 36G,2025-01-26,2026-01-26,5.0,127.0,10.583333333333334,21.166666666666668,31.75,42.0,0.0,42.0,3.9685039370078736,False,0.0
BE3M836,3M BELT 7-7/8 X 29-1/2 36G,2025-01-26,2026-01-26,6.0,113.0,9.416666666666666,18.833333333333332,28.25,37.0,0.0,37.0,3.929203539823009,False,0.0
BE3M836,3M BELT 7-7/8 X 29-1/2 36G,2025-01-26,2026-01-26,8.0,66.0,5.5,11.0,16.5,12.0,0.0,12.0,2.1818181818181817,False,0.0
BE3M836,3M BELT 7-7/8 X 29-1/2 36G,2025-01-26,2026-01-26,9.0,72.0,6.0,12.0,18.0,8.0,0.0,8.0,1.3333333333333333,True,10.0
BE3M840,3M BELT 7-7/8 X 29-1/2 40G,2025-01-26,2026-01-26,1.0,173.0,14.416666666666666,28.833333333333332,43.25,117.0,0.0,117.0,8.115606936416185,False,0.0
BE3M840,3M BELT 7-7/8 X 29-1/2 40G,2025-01-26,2026-01-26,3.0,291.0,24.25,48.5,72.75,39.0,0.0,39.0,1.6082474226804124,True,33.75
BE3M840,3M BELT 7-7/8 X 29-1/2 40G,2025-01-26,2026-01-26,4.0,235.0,19.583333333333332,39.166666666666664,58.75,87.0,0.0,87.0,4.442553191489362,False,0.0
BE3M840,3M BELT 7-7/8 X 29-1/2 40G,2025-01-26,2026-01-26,5.0,140.0,11.666666666666666,23.333333333333332,35.0,35.0,0.0,35.0,3.0,False,0.0
BE3M840,3M BELT 7-7/8 X 29-1/2 40G,2025-01-26,2026-01-26,6.0,212.0,17.666666666666668,35.333333333333336,53.0,47.0,0.0,47.0,2.6603773584905657,False,0.0
BE3M840,3M BELT 7-7/8 X 29-1/2 40G,2025-01-26,2026-01-26,8.0,106.0,8.833333333333334,17.666666666666668,26.5,23.0,0.0,23.0,2.6037735849056602,False,0.0
BE3M840,3M BELT 7-7/8 X 29-1/2 40G,2025-01-26,2026-01-26,9.0,135.0,11.25,22.5,33.75,20.0,0.0,20.0,1.7777777777777777,True,13.75
BE3M850,3M BELT 7-7/8 X 29-1/2 50G,2025-01-26,2026-01-26,1.0,162.0,13.5,27.0,40.5,149.0,35.0,114.0,8.444444444444445,False,0.0
BE3M850,3M BELT 7-7/8 X 29-1/2 50G,2025-01-26,2026-01-26,3.0,122.0,10.166666666666666,20.333333333333332,30.5,22.0,16.0,6.0,0.5901639344262295,True,24.5
BE3M850,3M BELT 7-7/8 X 29-1/2 50G,2025-01-26,2026-01-26,4.0,127.0,10.583333333333334,21.166666666666668,31.75,53.0,0.0,53.0,5.0078740157480315,False,0.0
BE3M850,3M BELT 7-7/8 X 29-1/2 50G,2025-01-26,2026-01-26,5.0,170.0,14.166666666666666,28.333333333333332,42.5,43.0,0.0,43.0,3.035294117647059,False,0.0
BE3M850,3M BELT 7-7/8 X 29-1/2 50G,2025-01-26,2026-01-26,6.0,201.0,16.75,33.5,50.25,35.0,0.0,35.0,2.08955223880597,False,0.0
BE3M850,3M BELT 7-7/8 X 29-1/2 50G,2025-01-26,2026-01-26,8.0,95.0,7.916666666666667,15.833333333333334,23.75,32.0,10.0,22.0,2.7789473684210524,False,0.0
BE3M850,3M BELT 7-7/8 X 29-1/2 50G,2025-01-26,2026-01-26,9.0,110.0,9.166666666666666,18.333333333333332,27.5,41.0,5.0,36.0,3.9272727272727277,False,0.0
BE3M860,3M BELT 7-7/8 X 29-1/2 60G,2025-01-26,2026-01-26,1.0,162.0,13.5,27.0,40.5,167.0,0.0,167.0,12.37037037037037,False,0.0
BE3M860,3M BELT 7-7/8 X 29-1/2 60G,2025-01-26,2026-01-26,3.0,254.0,21.166666666666668,42.333333333333336,63.5,36.0,0.0,36.0,1.700787401574803,True,27.5
BE3M860,3M BELT 7-7/8 X 29-1/2 60G,2025-01-26,2026-01-26,4.0,239.0,19.916666666666668,39.833333333333336,59.75,75.0,0.0,75.0,3.7656903765690375,False,0.0
BE3M860,3M BELT 7-7/8 X 29-1/2 60G,2025-01-26,2026-01-26,5.0,152.0,12.666666666666666,25.333333333333332,38.0,8.0,0.0,8.0,0.6315789473684211,True,30.0
BE3M860,3M BELT 7-7/8 X 29-1/2 60G,2025-01-26,2026-01-26,6.0,170.0,14.166666666666666,28.333333333333332,42.5,39.0,2.0,37.0,2.611764705882353,False,0.0
BE3M860,3M BELT 7-7/8 X 29-1/2 60G,2025-01-26,2026-01-26,8.0,43.0,3.5833333333333335,7.166666666666667,10.75,21.0,6.0,15.0,4.186046511627906,False,0.0
BE3M860,3M BELT 7-7/8 X 29-1/2 60G,2025-01-26,2026-01-26,9.0,167.0,13.916666666666666,27.833333333333332,41.75,79.0,13.0,66.0,4.74251497005988,False,0.0
BE3M880,3M BELT 7-7/8 X 29-1/2 80G,2025-01-26,2026-01-26,1.0,112.0,9.333333333333334,18.666666666666668,28.0,153.0,4.0,149.0,15.964285714285714,False,0.0
BE3M880,3M BELT 7-7/8 X 29-1/2 80G,2025-01-26,2026-01-26,3.0,228.0,19.0,38.0,57.0,35.0,24.0,11.0,0.5789473684210527,True,46.0
BE3M880,3M BELT 7-7/8 X 29-1/2 80G,2025-01-26,2026-01-26,4.0,137.0,11.416666666666666,22.833333333333332,34.25,55.0,0.0,55.0,4.817518248175182,False,0.0
BE3M880,3M BELT 7-7/8 X 29-1/2 80G,2025-01-26,2026-01-26,5.0,156.0,13.0,26.0,39.0,27.0,0.0,27.0,2.076923076923077,False,0.0
BE3M880,3M BELT 7-7/8 X 29-1/2 80G,2025-01-26,2026-01-26,6.0,217.0,18.083333333333332,36.166666666666664,54.25,40.0,0.0,40.0,2.2119815668202767,False,0.0
BE3M880,3M BELT 7-7/8 X 29-1/2 80G,2025-01-26,2026-01-26,8.0,104.0,8.666666666666666,17.333333333333332,26.0,24.0,2.0,22.0,2.5384615384615388,False,0.0
BE3M880,3M BELT 7-7/8 X 29-1/2 80G,2025-01-26,2026-01-26,9.0,217.0,18.083333333333332,36.166666666666664,54.25,83.0,6.0,77.0,4.258064516129033,False,0.0
BE3MG12100,3M BELT 11-7/8 X 29-1/2 100G,2025-01-26,2026-01-26,1.0,206.0,17.166666666666668,34.333333333333336,51.5,198.0,6.0,192.0,11.184466019417474,False,0.0
BE3MG12100,3M BELT 11-7/8 X 29-1/2 100G,2025-01-26,2026-01-26,3.0,329.0,27.416666666666668,54.833333333333336,82.25,50.0,0.0,50.0,1.8237082066869301,True,32.25
BE3MG12100,3M BELT 11-7/8 X 29-1/2 100G,2025-01-26,2026-01-26,4.0,80.0,6.666666666666667,13.333333333333334,20.0,29.0,0.0,29.0,4.35,False,0.0
BE3MG12100,3M BELT 11-7/8 X 29-1/2 100G,2025-01-26,2026-01-26,5.0,80.0,6.666666666666667,13.333333333333334,20.0,35.0,0.0,35.0,5.25,False,0.0
BE3MG12100,3M BELT 11-7/8 X 29-1/2 100G,2025-01-26,2026-01-26,6.0,200.0,16.666666666666668,33.333333333333336,50.0,30.0,1.0,29.0,1.7399999999999998,True,21.0
BE3MG12100,3M BELT 11-7/8 X 29-1/2 100G,2025-01-26,2026-01-26,8.0,86.0,7.166666666666667,14.333333333333334,21.5,42.0,0.0,42.0,5.8604651162790695,False,0.0
BE3MG12100,3M BELT 11-7/8 X 29-1/2 100G,2025-01-26,2026-01-26,9.0,66.0,5.5,11.0,16.5,30.0,0.0,30.0,5.454545454545454,False,0.0
BE3MG12120,3M BELT 11-7/8 X 29-1/2 120G,2025-01-26,2026-01-26,1.0,14.0,1.1666666666666667,2.3333333333333335,3.5,0.0,0.0,0.0,0.0,False,0.0
BE3MG12120,3M BELT 11-7/8 X 29-1/2 120G,2025-01-26,2026-01-26,3.0,7.0,0.5833333333333334,1.1666666666666667,1.75,0.0,0.0,0.0,0.0,False,0.0
BE3MG12120,3M BELT 11-7/8 X 29-1/2 120G,2025-01-26,2026-01-26,4.0,6.0,0.5,1.0,1.5,8.0,0.0,8.0,16.0,False,0.0
BE3MG12120,3M BELT 11-7/8 X 29-1/2 120G,2025-01-26,2026-01-26,5.0,33.0,2.75,5.5,8.25,10.0,0.0,10.0,3.6363636363636362,False,0.0
BE3MG12120,3M BELT 11-7/8 X 29-1/2 120G,2025-01-26,2026-01-26,6.0,12.0,1.0,2.0,3.0,1.0,1.0,0.0,0.0,False,0.0
BE3MG12120,3M BELT 11-7/8 X 29-1/2 120G,2025-01-26,2026-01-26,8.0,2.0,0.16666666666666666,0.3333333333333333,0.5,9.0,0.0,9.0,54.0,False,0.0
BE3MG12120,3M BELT 11-7/8 X 29-1/2 120G,2025-01-26,2026-01-26,9.0,2.0,0.16666666666666666,0.3333333333333333,0.5,26.0,0.0,26.0,156.0,False,0.0
BE3MG1236,3M BELT 11-7/8 X 29-1/2 36G,2025-01-26,2026-01-26,1.0,8.0,0.6666666666666666,1.3333333333333333,2.0,0.0,0.0,0.0,0.0,False,0.0
BE3MG1236,3M BELT 11-7/8 X 29-1/2 36G,2025-01-26,2026-01-26,3.0,0.0,0.0,0.0,0.0,0.0,0.0,0.0,inf,False,0.0
BE3MG1236,3M BELT 11-7/8 X 29-1/2 36G,2025-01-26,2026-01-26,4.0,0.0,0.0,0.0,0.0,0.0,0.0,0.0,inf,False,0.0
BE3MG1236,3M BELT 11-7/8 X 29-1/2 36G,2025-01-26,2026-01-26,5.0,0.0,0.0,0.0,0.0,0.0,0.0,0.0,inf,False,0.0
BE3MG1236,3M BELT 11-7/8 X 29-1/2 36G,2025-01-26,2026-01-26,6.0,0.0,0.0,0.0,0.0,0.0,0.0,0.0,inf,False,0.0
BE3MG1236,3M BELT 11-7/8 X 29-1/2 36G,2025-01-26,2026-01-26,8.0,0.0,0.0,0.0,0.0,0.0,0.0,0.0,inf,False,0.0
BE3MG1236,3M BELT 11-7/8 X 29-1/2 36G,2025-01-26,2026-01-26,9.0,2.0,0.16666666666666666,0.3333333333333333,0.5,0.0,0.0,0.0,0.0,False,0.0
BE3MG1240,3M BELT 11-7/8 X 29-1/2 40G,2025-01-26,2026-01-26,1.0,183.0,15.25,30.5,45.75,93.0,6.0,87.0,5.704918032786885,False,0.0
BE3MG1240,3M BELT 11-7/8 X 29-1/2 40G,2025-01-26,2026-01-26,3.0,222.0,18.5,37.0,55.5,46.0,0.0,46.0,2.4864864864864864,False,0.0
BE3MG1240,3M BELT 11-7/8 X 29-1/2 40G,2025-01-26,2026-01-26,4.0,115.0,9.583333333333334,19.166666666666668,28.75,55.0,0.0,55.0,5.739130434782608,False,0.0
BE3MG1240,3M BELT 11-7/8 X 29-1/2 40G,2025-01-26,2026-01-26,5.0,56.0,4.666666666666667,9.333333333333334,14.0,37.0,0.0,37.0,7.928571428571428,False,0.0
BE3MG1240,3M BELT 11-7/8 X 29-1/2 40G,2025-01-26,2026-01-26,6.0,216.0,18.0,36.0,54.0,55.0,0.0,55.0,3.0555555555555554,False,0.0
BE3MG1240,3M BELT 11-7/8 X 29-1/2 40G,2025-01-26,2026-01-26,8.0,83.0,6.916666666666667,13.833333333333334,20.75,42.0,0.0,42.0,6.072289156626506,False,0.0
BE3MG1240,3M BELT 11-7/8 X 29-1/2 40G,2025-01-26,2026-01-26,9.0,28.0,2.3333333333333335,4.666666666666667,7.0,23.0,0.0,23.0,9.857142857142856,False,0.0
BE3MG1250,3M BELT 11-7/8 X 29-1/2 50G,2025-01-26,2026-01-26,1.0,117.0,9.75,19.5,29.25,83.0,6.0,77.0,7.897435897435898,False,0.0
BE3MG1250,3M BELT 11-7/8 X 29-1/2 50G,2025-01-26,2026-01-26,3.0,150.0,12.5,25.0,37.5,15.0,0.0,15.0,1.2,True,22.5
BE3MG1250,3M BELT 11-7/8 X 29-1/2 50G,2025-01-26,2026-01-26,4.0,17.0,1.4166666666666667,2.8333333333333335,4.25,21.0,0.0,21.0,14.823529411764705,False,0.0
BE3MG1250,3M BELT 11-7/8 X 29-1/2 50G,2025-01-26,2026-01-26,5.0,91.0,7.583333333333333,15.166666666666666,22.75,40.0,0.0,40.0,5.274725274725275,False,0.0
BE3MG1250,3M BELT 11-7/8 X 29-1/2 50G,2025-01-26,2026-01-26,6.0,64.0,5.333333333333333,10.666666666666666,16.0,26.0,3.0,23.0,4.3125,False,0.0
BE3MG1250,3M BELT 11-7/8 X 29-1/2 50G,2025-01-26,2026-01-26,8.0,39.0,3.25,6.5,9.75,19.0,0.0,19.0,5.846153846153846,False,0.0
BE3MG1250,3M BELT 11-7/8 X 29-1/2 50G,2025-01-26,2026-01-26,9.0,24.0,2.0,4.0,6.0,14.0,0.0,14.0,7.0,False,0.0
BE3MG1260,3M BELT 11-7/8 X 29-1/2 60G,2025-01-26,2026-01-26,1.0,90.0,7.5,15.0,22.5,90.0,1.0,89.0,11.866666666666667,False,0.0
BE3MG1260,3M BELT 11-7/8 X 29-1/2 60G,2025-01-26,2026-01-26,3.0,133.0,11.083333333333334,22.166666666666668,33.25,35.0,0.0,35.0,3.1578947368421053,False,0.0
BE3MG1260,3M BELT 11-7/8 X 29-1/2 60G,2025-01-26,2026-01-26,4.0,70.0,5.833333333333333,11.666666666666666,17.5,48.0,0.0,48.0,8.22857142857143,False,0.0
BE3MG1260,3M BELT 11-7/8 X 29-1/2 60G,2025-01-26,2026-01-26,5.0,25.0,2.0833333333333335,4.166666666666667,6.25,56.0,0.0,56.0,26.88,False,0.0
BE3MG1260,3M BELT 11-7/8 X 29-1/2 60G,2025-01-26,2026-01-26,6.0,119.0,9.916666666666666,19.833333333333332,29.75,15.0,0.0,15.0,1.512605042016807,True,14.75
BE3MG1260,3M BELT 11-7/8 X 29-1/2 60G,2025-01-26,2026-01-26,8.0,17.0,1.4166666666666667,2.8333333333333335,4.25,10.0,0.0,10.0,7.0588235294117645,False,0.0
BE3MG1260,3M BELT 11-7/8 X 29-1/2 60G,2025-01-26,2026-01-26,9.0,84.0,7.0,14.0,21.0,34.0,0.0,34.0,4.857142857142857,False,0.0
BE3MG1280,3M BELT 11-7/8 X 29-1/2 80G,2025-01-26,2026-01-26,1.0,105.0,8.75,17.5,26.25,76.0,7.0,69.0,7.885714285714286,False,0.0
BE3MG1280,3M BELT 11-7/8 X 29-1/2 80G,2025-01-26,2026-01-26,3.0,85.0,7.083333333333333,14.166666666666666,21.25,34.0,0.0,34.0,4.8,False,0.0
BE3MG1280,3M BELT 11-7/8 X 29-1/2 80G,2025-01-26,2026-01-26,4.0,32.0,2.6666666666666665,5.333333333333333,8.0,10.0,0.0,10.0,3.75,False,0.0
BE3MG1280,3M BELT 11-7/8 X 29-1/2 80G,2025-01-26,2026-01-26,5.0,3.0,0.25,0.5,0.75,61.0,0.0,61.0,244.0,False,0.0
BE3MG1280,3M BELT 11-7/8 X 29-1/2 80G,2025-01-26,2026-01-26,6.0,162.0,13.5,27.0,40.5,24.0,0.0,24.0,1.7777777777777777,True,16.5
BE3MG1280,3M BELT 11-7/8 X 29-1/2 80G,2025-01-26,2026-01-26,8.0,84.0,7.0,14.0,21.0,35.0,0.0,35.0,5.0,False,0.0
BE3MG1280,3M BELT 11-7/8 X 29-1/2 80G,2025-01-26,2026-01-26,9.0,12.0,1.0,2.0,3.0,13.0,0.0,13.0,13.0,False,0.0
BE3MH12100,3M BELT 11-7/8 X 31-1/2 100G,2025-01-26,2026-01-26,1.0,112.0,9.333333333333334,18.666666666666668,28.0,47.0,0.0,47.0,5.035714285714286,False,0.0
BE3MH12100,3M BELT 11-7/8 X 31-1/2 100G,2025-01-26,2026-01-26,3.0,195.0,16.25,32.5,48.75,66.0,0.0,66.0,4.061538461538461,False,0.0
BE3MH12100,3M BELT 11-7/8 X 31-1/2 100G,2025-01-26,2026-01-26,4.0,12.0,1.0,2.0,3.0,30.0,0.0,30.0,30.0,False,0.0
BE3MH12100,3M BELT 11-7/8 X 31-1/2 100G,2025-01-26,2026-01-26,5.0,88.0,7.333333333333333,14.666666666666666,22.0,27.0,0.0,27.0,3.681818181818182,False,0.0
BE3MH12100,3M BELT 11-7/8 X 31-1/2 100G,2025-01-26,2026-01-26,6.0,86.0,7.166666666666667,14.333333333333334,21.5,21.0,0.0,21.0,2.9302325581395348,False,0.0
BE3MH12100,3M BELT 11-7/8 X 31-1/2 100G,2025-01-26,2026-01-26,8.0,18.0,1.5,3.0,4.5,14.0,0.0,14.0,9.333333333333334,False,0.0
BE3MH12100,3M BELT 11-7/8 X 31-1/2 100G,2025-01-26,2026-01-26,9.0,28.0,2.3333333333333335,4.666666666666667,7.0,14.0,1.0,13.0,5.571428571428571,False,0.0
BE3MH1236,3M BELT 11-7/8 X 31-1/2 36G,2025-01-26,2026-01-26,1.0,33.0,2.75,5.5,8.25,28.0,0.0,28.0,10.181818181818182,False,0.0
BE3MH1236,3M BELT 11-7/8 X 31-1/2 36G,2025-01-26,2026-01-26,3.0,25.0,2.0833333333333335,4.166666666666667,6.25,23.0,0.0,23.0,11.04,False,0.0
BE3MH1236,3M BELT 11-7/8 X 31-1/2 36G,2025-01-26,2026-01-26,4.0,0.0,0.0,0.0,0.0,16.0,0.0,16.0,inf,False,0.0
BE3MH1236,3M BELT 11-7/8 X 31-1/2 36G,2025-01-26,2026-01-26,5.0,92.0,7.666666666666667,15.333333333333334,23.0,33.0,0.0,33.0,4.304347826086956,False,0.0
BE3MH1236,3M BELT 11-7/8 X 31-1/2 36G,2025-01-26,2026-01-26,6.0,23.0,1.9166666666666667,3.8333333333333335,5.75,23.0,0.0,23.0,12.0,False,0.0
BE3MH1236,3M BELT 11-7/8 X 31-1/2 36G,2025-01-26,2026-01-26,8.0,7.0,0.5833333333333334,1.1666666666666667,1.75,19.0,0.0,19.0,32.57142857142857,False,0.0
BE3MH1236,3M BELT 11-7/8 X 31-1/2 36G,2025-01-26,2026-01-26,9.0,29.0,2.4166666666666665,4.833333333333333,7.25,30.0,0.0,30.0,12.413793103448276,False,0.0
BE3MH1240,3M BELT 11-7/8 X 31-1/2 40G,2025-01-26,2026-01-26,1.0,16.0,1.3333333333333333,2.6666666666666665,4.0,65.0,0.0,65.0,48.75,False,0.0
BE3MH1240,3M BELT 11-7/8 X 31-1/2 40G,2025-01-26,2026-01-26,3.0,88.0,7.333333333333333,14.666666666666666,22.0,12.0,0.0,12.0,1.6363636363636365,True,10.0
BE3MH1240,3M BELT 11-7/8 X 31-1/2 40G,2025-01-26,2026-01-26,4.0,6.0,0.5,1.0,1.5,28.0,0.0,28.0,56.0,False,0.0
BE3MH1240,3M BELT 11-7/8 X 31-1/2 40G,2025-01-26,2026-01-26,5.0,54.0,4.5,9.0,13.5,2.0,0.0,2.0,0.4444444444444444,True,11.5
BE3MH1240,3M BELT 11-7/8 X 31-1/2 40G,2025-01-26,2026-01-26,6.0,35.0,2.9166666666666665,5.833333333333333,8.75,11.0,0.0,11.0,3.771428571428572,False,0.0
BE3MH1240,3M BELT 11-7/8 X 31-1/2 40G,2025-01-26,2026-01-26,8.0,17.0,1.4166666666666667,2.8333333333333335,4.25,17.0,0.0,17.0,12.0,False,0.0
BE3MH1240,3M BELT 11-7/8 X 31-1/2 40G,2025-01-26,2026-01-26,9.0,7.0,0.5833333333333334,1.1666666666666667,1.75,23.0,0.0,23.0,39.42857142857142,False,0.0
BE3MH1250,3M BELT 11-7/8 X 31-1/2 50G,2025-01-26,2026-01-26,1.0,77.0,6.416666666666667,12.833333333333334,19.25,58.0,0.0,58.0,9.03896103896104,False,0.0
BE3MH1250,3M BELT 11-7/8 X 31-1/2 50G,2025-01-26,2026-01-26,3.0,28.0,2.3333333333333335,4.666666666666667,7.0,18.0,0.0,18.0,7.7142857142857135,False,0.0
BE3MH1250,3M BELT 11-7/8 X 31-1/2 50G,2025-01-26,2026-01-26,4.0,8.0,0.6666666666666666,1.3333333333333333,2.0,15.0,0.0,15.0,22.5,False,0.0
BE3MH1250,3M BELT 11-7/8 X 31-1/2 50G,2025-01-26,2026-01-26,5.0,138.0,11.5,23.0,34.5,60.0,0.0,60.0,5.217391304347826,False,0.0
BE3MH1250,3M BELT 11-7/8 X 31-1/2 50G,2025-01-26,2026-01-26,6.0,29.0,2.4166666666666665,4.833333333333333,7.25,18.0,0.0,18.0,7.448275862068966,False,0.0
BE3MH1250,3M BELT 11-7/8 X 31-1/2 50G,2025-01-26,2026-01-26,8.0,8.0,0.6666666666666666,1.3333333333333333,2.0,16.0,0.0,16.0,24.0,False,0.0
BE3MH1250,3M BELT 11-7/8 X 31-1/2 50G,2025-01-26,2026-01-26,9.0,4.0,0.3333333333333333,0.6666666666666666,1.0,16.0,0.0,16.0,48.0,False,0.0
BE3MH1260,3M BELT 11-7/8 X 31-1/2 60G,2025-01-26,2026-01-26,1.0,52.0,4.333333333333333,8.666666666666666,13.0,45.0,0.0,45.0,10.384615384615385,False,0.0
BE3MH1260,3M BELT 11-7/8 X 31-1/2 60G,2025-01-26,2026-01-26,3.0,122.0,10.166666666666666,20.333333333333332,30.5,32.0,0.0,32.0,3.1475409836065578,False,0.0
BE3MH1260,3M BELT 11-7/8 X 31-1/2 60G,2025-01-26,2026-01-26,4.0,4.0,0.3333333333333333,0.6666666666666666,1.0,22.0,0.0,22.0,66.0,False,0.0
BE3MH1260,3M BELT 11-7/8 X 31-1/2 60G,2025-01-26,2026-01-26,5.0,20.0,1.6666666666666667,3.3333333333333335,5.0,10.0,0.0,10.0,6.0,False,0.0
BE3MH1260,3M BELT 11-7/8 X 31-1/2 60G,2025-01-26,2026-01-26,6.0,61.0,5.083333333333333,10.166666666666666,15.25,23.0,0.0,23.0,4.524590163934427,False,0.0
BE3MH1260,3M BELT 11-7/8 X 31-1/2 60G,2025-01-26,2026-01-26,8.0,83.0,6.916666666666667,13.833333333333334,20.75,42.0,17.0,25.0,3.614457831325301,False,0.0
BE3MH1260,3M BELT 11-7/8 X 31-1/2 60G,2025-01-26,2026-01-26,9.0,14.0,1.1666666666666667,2.3333333333333335,3.5,16.0,0.0,16.0,13.714285714285714,False,0.0
BE3MH1280,3M BELT 11-7/8 X 31-1/2 80G,2025-01-26,2026-01-26,1.0,24.0,2.0,4.0,6.0,7.0,0.0,7.0,3.5,False,0.0
BE3MH1280,3M BELT 11-7/8 X 31-1/2 80G,2025-01-26,2026-01-26,3.0,13.0,1.0833333333333333,2.1666666666666665,3.25,26.0,0.0,26.0,24.0,False,0.0
BE3MH1280,3M BELT 11-7/8 X 31-1/2 80G,2025-01-26,2026-01-26,4.0,0.0,0.0,0.0,0.0,10.0,0.0,10.0,inf,False,0.0
BE3MH1280,3M BELT 11-7/8 X 31-1/2 80G,2025-01-26,2026-01-26,5.0,46.0,3.8333333333333335,7.666666666666667,11.5,17.0,0.0,17.0,4.434782608695652,False,0.0
BE3MH1280,3M BELT 11-7/8 X 31-1/2 80G,2025-01-26,2026-01-26,6.0,11.0,0.9166666666666666,1.8333333333333333,2.75,15.0,0.0,15.0,16.363636363636363,False,0.0
BE3MH1280,3M BELT 11-7/8 X 31-1/2 80G,2025-01-26,2026-01-26,8.0,9.0,0.75,1.5,2.25,11.0,3.0,8.0,10.666666666666666,False,0.0
BE3MH1280,3M BELT 11-7/8 X 31-1/2 80G,2025-01-26,2026-01-26,9.0,4.0,0.3333333333333333,0.6666666666666666,1.0,18.0,0.0,18.0,54.0,False,0.0
BELO8C021,"LOBA CERAMIC BELT 8"" P36",2025-01-26,2026-01-26,1.0,15.0,1.25,2.5,3.75,32.0,0.0,32.0,25.6,False,0.0
BELO8C021,"LOBA CERAMIC BELT 8"" P36",2025-01-26,2026-01-26,3.0,9.0,0.75,1.5,2.25,10.0,0.0,10.0,13.333333333333334,False,0.0
BELO8C021,"LOBA CERAMIC BELT 8"" P36",2025-01-26,2026-01-26,4.0,2.0,0.16666666666666666,0.3333333333333333,0.5,7.0,0.0,7.0,42.0,False,0.0
BELO8C021,"LOBA CERAMIC BELT 8"" P36",2025-01-26,2026-01-26,5.0,53.0,4.416666666666667,8.833333333333334,13.25,15.0,0.0,15.0,3.3962264150943393,False,0.0
BELO8C021,"LOBA CERAMIC BELT 8"" P36",2025-01-26,2026-01-26,6.0,44.0,3.6666666666666665,7.333333333333333,11.0,16.0,0.0,16.0,4.363636363636364,False,0.0
BELO8C021,"LOBA CERAMIC BELT 8"" P36",2025-01-26,2026-01-26,8.0,0.0,0.0,0.0,0.0,7.0,0.0,7.0,inf,False,0.0
BELO8C021,"LOBA CERAMIC BELT 8"" P36",2025-01-26,2026-01-26,9.0,40.0,3.3333333333333335,6.666666666666667,10.0,0.0,0.0,0.0,0.0,True,10.0
BELO8C022,"LOBA CERAMIC BELT 8"" P40",2025-01-26,2026-01-26,1.0,10.0,0.8333333333333334,1.6666666666666667,2.5,9.0,0.0,9.0,10.799999999999999,False,0.0
BELO8C022,"LOBA CERAMIC BELT 8"" P40",2025-01-26,2026-01-26,3.0,22.0,1.8333333333333333,3.6666666666666665,5.5,16.0,0.0,16.0,8.727272727272728,False,0.0
BELO8C022,"LOBA CERAMIC BELT 8"" P40",2025-01-26,2026-01-26,4.0,3.0,0.25,0.5,0.75,16.0,0.0,16.0,64.0,False,0.0
BELO8C022,"LOBA CERAMIC BELT 8"" P40",2025-01-26,2026-01-26,5.0,167.0,13.916666666666666,27.833333333333332,41.75,10.0,0.0,10.0,0.718562874251497,True,8.166666666666666
BELO8C022,"LOBA CERAMIC BELT 8"" P40",2025-01-26,2026-01-26,6.0,41.0,3.4166666666666665,6.833333333333333,10.25,14.0,0.0,14.0,4.097560975609756,False,0.0
BELO8C022,"LOBA CERAMIC BELT 8"" P40",2025-01-26,2026-01-26,8.0,0.0,0.0,0.0,0.0,2.0,0.0,2.0,inf,False,0.0
BELO8C022,"LOBA CERAMIC BELT 8"" P40",2025-01-26,2026-01-26,9.0,38.0,3.1666666666666665,6.333333333333333,9.5,33.0,2.0,31.0,9.789473684210527,False,0.0
BELO8C023,"LOBA CERAMIC BELT 8"" P60",2025-01-26,2026-01-26,1.0,3.0,0.25,0.5,0.75,20.0,10.0,10.0,40.0,False,0.0
BELO8C023,"LOBA CERAMIC BELT 8"" P60",2025-01-26,2026-01-26,3.0,19.0,1.5833333333333333,3.1666666666666665,4.75,17.0,0.0,17.0,10.736842105263158,False,0.0
BELO8C023,"LOBA CERAMIC BELT 8"" P60",2025-01-26,2026-01-26,4.0,1.0,0.08333333333333333,0.16666666666666666,0.25,9.0,0.0,9.0,108.0,False,0.0
BELO8C023,"LOBA CERAMIC BELT 8"" P60",2025-01-26,2026-01-26,5.0,66.0,5.5,11.0,16.5,0.0,0.0,0.0,0.0,True,6.0140186915887845
BELO8C023,"LOBA CERAMIC BELT 8"" P60",2025-01-26,2026-01-26,6.0,23.0,1.9166666666666667,3.8333333333333335,5.75,7.0,0.0,7.0,3.652173913043478,False,0.0
BELO8C023,"LOBA CERAMIC BELT 8"" P60",2025-01-26,2026-01-26,8.0,0.0,0.0,0.0,0.0,20.0,0.0,20.0,inf,False,0.0
BELO8C023,"LOBA CERAMIC BELT 8"" P60",2025-01-26,2026-01-26,9.0,53.0,4.416666666666667,8.833333333333334,13.25,11.0,8.0,3.0,0.6792452830188679,True,3.735981308411215
BELO8C066,"LOBA CERAMIC BELT 8"" P80",2025-01-26,2026-01-26,1.0,35.0,2.9166666666666665,5.833333333333333,8.75,29.0,20.0,9.0,3.085714285714286,False,0.0
BELO8C066,"LOBA CERAMIC BELT 8"" P80",2025-01-26,2026-01-26,3.0,13.0,1.0833333333333333,2.1666666666666665,3.25,17.0,0.0,17.0,15.692307692307693,False,0.0
BELO8C066,"LOBA CERAMIC BELT 8"" P80",2025-01-26,2026-01-26,4.0,1.0,0.08333333333333333,0.16666666666666666,0.25,10.0,0.0,10.0,120.0,False,0.0
BELO8C066,"LOBA CERAMIC BELT 8"" P80",2025-01-26,2026-01-26,5.0,193.0,16.083333333333332,32.166666666666664,48.25,9.0,0.0,9.0,0.5595854922279793,True,6.083333333333334
BELO8C066,"LOBA CERAMIC BELT 8"" P80",2025-01-26,2026-01-26,6.0,5.0,0.4166666666666667,0.8333333333333334,1.25,27.0,0.0,27.0,64.8,False,0.0
BELO8C066,"LOBA CERAMIC BELT 8"" P80",2025-01-26,2026-01-26,8.0,4.0,0.3333333333333333,0.6666666666666666,1.0,4.0,0.0,4.0,12.0,False,0.0
BELO8C066,"LOBA CERAMIC BELT 8"" P80",2025-01-26,2026-01-26,9.0,76.0,6.333333333333333,12.666666666666666,19.0,15.0,0.0,15.0,2.368421052631579,False,0.0
BELO8C067,"LOBA CERAMIC BELT 8"" P100",2025-01-26,2026-01-26,1.0,115.0,9.583333333333334,19.166666666666668,28.75,25.0,20.0,5.0,0.5217391304347826,False,0.0
BELO8C067,"LOBA CERAMIC BELT 8"" P100",2025-01-26,2026-01-26,3.0,1.0,0.08333333333333333,0.16666666666666666,0.25,13.0,0.0,13.0,156.0,False,0.0
BELO8C067,"LOBA CERAMIC BELT 8"" P100",2025-01-26,2026-01-26,4.0,3.0,0.25,0.5,0.75,13.0,0.0,13.0,52.0,False,0.0
BELO8C067,"LOBA CERAMIC BELT 8"" P100",2025-01-26,2026-01-26,5.0,47.0,3.9166666666666665,7.833333333333333,11.75,15.0,0.0,15.0,3.8297872340425534,False,0.0
BELO8C067,"LOBA CERAMIC BELT 8"" P100",2025-01-26,2026-01-26,6.0,42.0,3.5,7.0,10.5,19.0,0.0,19.0,5.428571428571429,False,0.0
BELO8C067,"LOBA CERAMIC BELT 8"" P100",2025-01-26,2026-01-26,8.0,8.0,0.6666666666666666,1.3333333333333333,2.0,11.0,0.0,11.0,16.5,False,0.0
BELO8C067,"LOBA CERAMIC BELT 8"" P100",2025-01-26,2026-01-26,9.0,10.0,0.8333333333333334,1.6666666666666667,2.5,34.0,4.0,30.0,36.0,False,0.0
BELO8C068,"LOBA CERAMIC BELT 8"" P120",2025-01-26,2026-01-26,1.0,0.0,0.0,0.0,0.0,24.0,0.0,24.0,inf,False,0.0
BELO8C068,"LOBA CERAMIC BELT 8"" P120",2025-01-26,2026-01-26,3.0,12.0,1.0,2.0,3.0,18.0,0.0,18.0,18.0,False,0.0
BELO8C068,"LOBA CERAMIC BELT 8"" P120",2025-01-26,2026-01-26,4.0,1.0,0.08333333333333333,0.16666666666666666,0.25,16.0,0.0,16.0,192.0,False,0.0
BELO8C068,"LOBA CERAMIC BELT 8"" P120",2025-01-26,2026-01-26,5.0,22.0,1.8333333333333333,3.6666666666666665,5.5,16.0,0.0,16.0,8.727272727272728,False,0.0
BELO8C068,"LOBA CERAMIC BELT 8"" P120",2025-01-26,2026-01-26,6.0,9.0,0.75,1.5,2.25,23.0,0.0,23.0,30.666666666666668,False,0.0
BELO8C068,"LOBA CERAMIC BELT 8"" P120",2025-01-26,2026-01-26,8.0,0.0,0.0,0.0,0.0,5.0,0.0,5.0,inf,False,0.0
BELO8C068,"LOBA CERAMIC BELT 8"" P120",2025-01-26,2026-01-26,9.0,1.0,0.08333333333333333,0.16666666666666666,0.25,19.0,0.0,19.0,228.0,False,0.0
BELO8C123,"LOBA CERAMIC BELT 8"" P50",2025-01-26,2026-01-26,1.0,49.0,4.083333333333333,8.166666666666666,12.25,76.0,54.0,22.0,5.387755102040817,False,0.0
BELO8C123,"LOBA CERAMIC BELT 8"" P50",2025-01-26,2026-01-26,3.0,8.0,0.6666666666666666,1.3333333333333333,2.0,6.0,0.0,6.0,9.0,False,0.0
BELO8C123,"LOBA CERAMIC BELT 8"" P50",2025-01-26,2026-01-26,4.0,2.0,0.16666666666666666,0.3333333333333333,0.5,14.0,0.0,14.0,84.0,False,0.0
BELO8C123,"LOBA CERAMIC BELT 8"" P50",2025-01-26,2026-01-26,5.0,38.0,3.1666666666666665,6.333333333333333,9.5,13.0,8.0,5.0,1.5789473684210527,True,3.8392857142857144
BELO8C123,"LOBA CERAMIC BELT 8"" P50",2025-01-26,2026-01-26,6.0,7.0,0.5833333333333334,1.1666666666666667,1.75,25.0,0.0,25.0,42.857142857142854,False,0.0
BELO8C123,"LOBA CERAMIC BELT 8"" P50",2025-01-26,2026-01-26,8.0,0.0,0.0,0.0,0.0,0.0,0.0,0.0,inf,False,0.0
BELO8C123,"LOBA CERAMIC BELT 8"" P50",2025-01-26,2026-01-26,9.0,74.0,6.166666666666667,12.333333333333334,18.5,7.0,5.0,2.0,0.3243243243243243,True,14.077380952380954
BELO8Z015,"LOBA ZIRCONIA BELT 8"" P36",2025-01-26,2026-01-26,1.0,1.0,0.08333333333333333,0.16666666666666666,0.25,6.0,0.0,6.0,72.0,False,0.0
BELO8Z015,"LOBA ZIRCONIA BELT 8"" P36",2025-01-26,2026-01-26,3.0,9.0,0.75,1.5,2.25,16.0,0.0,16.0,21.333333333333332,False,0.0
BELO8Z015,"LOBA ZIRCONIA BELT 8"" P36",2025-01-26,2026-01-26,4.0,10.0,0.8333333333333334,1.6666666666666667,2.5,13.0,0.0,13.0,15.6,False,0.0
BELO8Z015,"LOBA ZIRCONIA BELT 8"" P36",2025-01-26,2026-01-26,5.0,87.0,7.25,14.5,21.75,20.0,0.0,20.0,2.7586206896551726,False,0.0
BELO8Z015,"LOBA ZIRCONIA BELT 8"" P36",2025-01-26,2026-01-26,6.0,4.0,0.3333333333333333,0.6666666666666666,1.0,18.0,0.0,18.0,54.0,False,0.0
BELO8Z015,"LOBA ZIRCONIA BELT 8"" P36",2025-01-26,2026-01-26,8.0,0.0,0.0,0.0,0.0,12.0,0.0,12.0,inf,False,0.0
BELO8Z015,"LOBA ZIRCONIA BELT 8"" P36",2025-01-26,2026-01-26,9.0,3.0,0.25,0.5,0.75,7.0,0.0,7.0,28.0,False,0.0
BELO8Z016,"LOBA ZIRCONIA BELT 8"" P40",2025-01-26,2026-01-26,1.0,13.0,1.0833333333333333,2.1666666666666665,3.25,10.0,0.0,10.0,9.230769230769232,False,0.0
BELO8Z016,"LOBA ZIRCONIA BELT 8"" P40",2025-01-26,2026-01-26,3.0,4.0,0.3333333333333333,0.6666666666666666,1.0,15.0,0.0,15.0,45.0,False,0.0
BELO8Z016,"LOBA ZIRCONIA BELT 8"" P40",2025-01-26,2026-01-26,4.0,0.0,0.0,0.0,0.0,10.0,0.0,10.0,inf,False,0.0
BELO8Z016,"LOBA ZIRCONIA BELT 8"" P40",2025-01-26,2026-01-26,5.0,78.0,6.5,13.0,19.5,5.0,1.0,4.0,0.6153846153846154,True,8.916666666666666
BELO8Z016,"LOBA ZIRCONIA BELT 8"" P40",2025-01-26,2026-01-26,6.0,12.0,1.0,2.0,3.0,8.0,0.0,8.0,8.0,False,0.0
BELO8Z016,"LOBA ZIRCONIA BELT 8"" P40",2025-01-26,2026-01-26,8.0,16.0,1.3333333333333333,2.6666666666666665,4.0,9.0,0.0,9.0,6.75,False,0.0
BELO8Z016,"LOBA ZIRCONIA BELT 8"" P40",2025-01-26,2026-01-26,9.0,8.0,0.6666666666666666,1.3333333333333333,2.0,12.0,0.0,12.0,18.0,False,0.0
BELO8Z017,"LOBA ZIRCONIA BELT 8"" P60",2025-01-26,2026-01-26,1.0,1.0,0.08333333333333333,0.16666666666666666,0.25,3.0,0.0,3.0,36.0,False,0.0
BELO8Z017,"LOBA ZIRCONIA BELT 8"" P60",2025-01-26,2026-01-26,3.0,11.0,0.9166666666666666,1.8333333333333333,2.75,19.0,0.0,19.0,20.727272727272727,False,0.0
BELO8Z017,"LOBA ZIRCONIA BELT 8"" P60",2025-01-26,2026-01-26,4.0,0.0,0.0,0.0,0.0,21.0,0.0,21.0,inf,False,0.0
BELO8Z017,"LOBA ZIRCONIA BELT 8"" P60",2025-01-26,2026-01-26,5.0,52.0,4.333333333333333,8.666666666666666,13.0,10.0,0.0,10.0,2.307692307692308,False,0.0
BELO8Z017,"LOBA ZIRCONIA BELT 8"" P60",2025-01-26,2026-01-26,6.0,0.0,0.0,0.0,0.0,15.0,0.0,15.0,inf,False,0.0
BELO8Z017,"LOBA ZIRCONIA BELT 8"" P60",2025-01-26,2026-01-26,8.0,0.0,0.0,0.0,0.0,10.0,0.0,10.0,inf,False,0.0
BELO8Z017,"LOBA ZIRCONIA BELT 8"" P60",2025-01-26,2026-01-26,9.0,11.0,0.9166666666666666,1.8333333333333333,2.75,9.0,0.0,9.0,9.818181818181818,False,0.0
BELO8Z018,"LOBA ZIRCONIA BELT 8"" P80",2025-01-26,2026-01-26,1.0,3.0,0.25,0.5,0.75,17.0,0.0,17.0,68.0,False,0.0
BELO8Z018,"LOBA ZIRCONIA BELT 8"" P80",2025-01-26,2026-01-26,3.0,8.0,0.6666666666666666,1.3333333333333333,2.0,19.0,0.0,19.0,28.5,False,0.0
BELO8Z018,"LOBA ZIRCONIA BELT 8"" P80",2025-01-26,2026-01-26,4.0,10.0,0.8333333333333334,1.6666666666666667,2.5,21.0,0.0,21.0,25.2,False,0.0
BELO8Z018,"LOBA ZIRCONIA BELT 8"" P80",2025-01-26,2026-01-26,5.0,99.0,8.25,16.5,24.75,9.0,0.0,9.0,1.0909090909090908,True,15.75
BELO8Z018,"LOBA ZIRCONIA BELT 8"" P80",2025-01-26,2026-01-26,6.0,0.0,0.0,0.0,0.0,19.0,0.0,19.0,inf,False,0.0
BELO8Z018,"LOBA ZIRCONIA BELT 8"" P80",2025-01-26,2026-01-26,8.0,3.0,0.25,0.5,0.75,4.0,0.0,4.0,16.0,False,0.0
BELO8Z018,"LOBA ZIRCONIA BELT 8"" P80",2025-01-26,2026-01-26,9.0,41.0,3.4166666666666665,6.833333333333333,10.25,8.0,0.0,8.0,2.3414634146341466,False,0.0
BELO8Z019,"LOBA ZIRCONIA BELT 8"" P100",2025-01-26,2026-01-26,1.0,1.0,0.08333333333333333,0.16666666666666666,0.25,51.0,0.0,51.0,612.0,False,0.0
BELO8Z019,"LOBA ZIRCONIA BELT 8"" P100",2025-01-26,2026-01-26,3.0,4.0,0.3333333333333333,0.6666666666666666,1.0,8.0,0.0,8.0,24.0,False,0.0
BELO8Z019,"LOBA ZIRCONIA BELT 8"" P100",2025-01-26,2026-01-26,4.0,0.0,0.0,0.0,0.0,7.0,0.0,7.0,inf,False,0.0
BELO8Z019,"LOBA ZIRCONIA BELT 8"" P100",2025-01-26,2026-01-26,5.0,31.0,2.5833333333333335,5.166666666666667,7.75,8.0,0.0,8.0,3.096774193548387,False,0.0
BELO8Z019,"LOBA ZIRCONIA BELT 8"" P100",2025-01-26,2026-01-26,6.0,9.0,0.75,1.5,2.25,6.0,0.0,6.0,8.0,False,0.0
BELO8Z019,"LOBA ZIRCONIA BELT 8"" P100",2025-01-26,2026-01-26,8.0,8.0,0.6666666666666666,1.3333333333333333,2.0,21.0,0.0,21.0,31.5,False,0.0
BELO8Z019,"LOBA ZIRCONIA BELT 8"" P100",2025-01-26,2026-01-26,9.0,2.0,0.16666666666666666,0.3333333333333333,0.5,8.0,3.0,5.0,30.0,False,0.0
BELO8Z020,"LOBA ZIRCONIA BELT 8"" P120",2025-01-26,2026-01-26,1.0,0.0,0.0,0.0,0.0,50.0,0.0,50.0,inf,False,0.0
BELO8Z020,"LOBA ZIRCONIA BELT 8"" P120",2025-01-26,2026-01-26,3.0,0.0,0.0,0.0,0.0,19.0,0.0,19.0,inf,False,0.0
BELO8Z020,"LOBA ZIRCONIA BELT 8"" P120",2025-01-26,2026-01-26,4.0,0.0,0.0,0.0,0.0,0.0,0.0,0.0,inf,False,0.0
BELO8Z020,"LOBA ZIRCONIA BELT 8"" P120",2025-01-26,2026-01-26,5.0,10.0,0.8333333333333334,1.6666666666666667,2.5,20.0,0.0,20.0,24.0,False,0.0
BELO8Z020,"LOBA ZIRCONIA BELT 8"" P120",2025-01-26,2026-01-26,6.0,0.0,0.0,0.0,0.0,20.0,0.0,20.0,inf,False,0.0
BELO8Z020,"LOBA ZIRCONIA BELT 8"" P120",2025-01-26,2026-01-26,8.0,0.0,0.0,0.0,0.0,20.0,0.0,20.0,inf,False,0.0
BELO8Z020,"LOBA ZIRCONIA BELT 8"" P120",2025-01-26,2026-01-26,9.0,10.0,0.8333333333333334,1.6666666666666667,2.5,0.0,0.0,0.0,0.0,True,2.5
BENO45033,NORTON BELT 7-7/8 X 29-1/2 36G,2025-01-26,2026-01-26,1.0,0.0,0.0,0.0,0.0,0.0,0.0,0.0,inf,False,0.0
BENO45033,NORTON BELT 7-7/8 X 29-1/2 36G,2025-01-26,2026-01-26,3.0,10.0,0.8333333333333334,1.6666666666666667,2.5,2.0,0.0,2.0,2.4,False,0.0
BENO45033,NORTON BELT 7-7/8 X 29-1/2 36G,2025-01-26,2026-01-26,4.0,0.0,0.0,0.0,0.0,0.0,0.0,0.0,inf,False,0.0
BENO45033,NORTON BELT 7-7/8 X 29-1/2 36G,2025-01-26,2026-01-26,5.0,0.0,0.0,0.0,0.0,5.0,0.0,5.0,inf,False,0.0
BENO45033,NORTON BELT 7-7/8 X 29-1/2 36G,2025-01-26,2026-01-26,6.0,0.0,0.0,0.0,0.0,0.0,0.0,0.0,inf,False,0.0
BENO45033,NORTON BELT 7-7/8 X 29-1/2 36G,2025-01-26,2026-01-26,8.0,0.0,0.0,0.0,0.0,3.0,0.0,3.0,inf,False,0.0
BENO45033,NORTON BELT 7-7/8 X 29-1/2 36G,2025-01-26,2026-01-26,9.0,0.0,0.0,0.0,0.0,0.0,0.0,0.0,inf,False,0.0
BP3MMAR16,"3M 16"" MAROON PAD (BTW COATS)",2025-01-26,2026-01-26,1.0,213.0,17.75,35.5,53.25,146.0,4.0,142.0,8.0,False,0.0
BP3MMAR16,"3M 16"" MAROON PAD (BTW COATS)",2025-01-26,2026-01-26,3.0,292.0,24.333333333333332,48.666666666666664,73.0,34.0,0.0,34.0,1.3972602739726028,True,37.49129593810445
BP3MMAR16,"3M 16"" MAROON PAD (BTW COATS)",2025-01-26,2026-01-26,4.0,159.0,13.25,26.5,39.75,64.0,0.0,64.0,4.830188679245283,False,0.0
BP3MMAR16,"3M 16"" MAROON PAD (BTW COATS)",2025-01-26,2026-01-26,5.0,96.0,8.0,16.0,24.0,27.0,0.0,27.0,3.375,False,0.0
BP3MMAR16,"3M 16"" MAROON PAD (BTW COATS)",2025-01-26,2026-01-26,6.0,468.0,39.0,78.0,117.0,51.0,0.0,51.0,1.3076923076923077,True,63.4468085106383
BP3MMAR16,"3M 16"" MAROON PAD (BTW COATS)",2025-01-26,2026-01-26,8.0,62.0,5.166666666666667,10.333333333333334,15.5,26.0,9.0,17.0,3.290322580645161,False,0.0
BP3MMAR16,"3M 16"" MAROON PAD (BTW COATS)",2025-01-26,2026-01-26,9.0,137.0,11.416666666666666,22.833333333333332,34.25,27.0,17.0,10.0,0.8759124087591241,True,23.311895551257255
BP3MMAR16S,"3M 16"" MAROON SURFACE PREP PAD",2025-01-26,2026-01-26,1.0,78.0,6.5,13.0,19.5,9.0,0.0,9.0,1.3846153846153846,False,0.0
BP3MMAR16S,"3M 16"" MAROON SURFACE PREP PAD",2025-01-26,2026-01-26,3.0,8.0,0.6666666666666666,1.3333333333333333,2.0,20.0,0.0,20.0,30.0,False,0.0
BP3MMAR16S,"3M 16"" MAROON SURFACE PREP PAD",2025-01-26,2026-01-26,4.0,8.0,0.6666666666666666,1.3333333333333333,2.0,21.0,0.0,21.0,31.5,False,0.0
BP3MMAR16S,"3M 16"" MAROON SURFACE PREP PAD",2025-01-26,2026-01-26,5.0,154.0,12.833333333333334,25.666666666666668,38.5,32.0,0.0,32.0,2.4935064935064934,False,0.0
BP3MMAR16S,"3M 16"" MAROON SURFACE PREP PAD",2025-01-26,2026-01-26,6.0,79.0,6.583333333333333,13.166666666666666,19.75,59.0,9.0,50.0,7.59493670886076,False,0.0
BP3MMAR16S,"3M 16"" MAROON SURFACE PREP PAD",2025-01-26,2026-01-26,8.0,9.0,0.75,1.5,2.25,21.0,0.0,21.0,28.0,False,0.0
BP3MMAR16S,"3M 16"" MAROON SURFACE PREP PAD",2025-01-26,2026-01-26,9.0,53.0,4.416666666666667,8.833333333333334,13.25,10.0,10.0,0.0,0.0,True,2.5
BP3MRED16,"3M 16"" RED BUFFER PAD",2025-01-26,2026-01-26,1.0,35.0,2.9166666666666665,5.833333333333333,8.75,51.0,0.0,51.0,17.485714285714288,False,0.0
BP3MRED16,"3M 16"" RED BUFFER PAD",2025-01-26,2026-01-26,3.0,46.0,3.8333333333333335,7.666666666666667,11.5,68.0,0.0,68.0,17.73913043478261,False,0.0
BP3MRED16,"3M 16"" RED BUFFER PAD",2025-01-26,2026-01-26,4.0,28.0,2.3333333333333335,4.666666666666667,7.0,16.0,0.0,16.0,6.857142857142857,False,0.0
BP3MRED16,"3M 16"" RED BUFFER PAD",2025-01-26,2026-01-26,5.0,40.0,3.3333333333333335,6.666666666666667,10.0,16.0,2.0,14.0,4.2,False,0.0
BP3MRED16,"3M 16"" RED BUFFER PAD",2025-01-26,2026-01-26,6.0,24.0,2.0,4.0,6.0,40.0,0.0,40.0,20.0,False,0.0
BP3MRED16,"3M 16"" RED BUFFER PAD",2025-01-26,2026-01-26,8.0,4.0,0.3333333333333333,0.6666666666666666,1.0,12.0,0.0,12.0,36.0,False,0.0
BP3MRED16,"3M 16"" RED BUFFER PAD",2025-01-26,2026-01-26,9.0,21.0,1.75,3.5,5.25,15.0,0.0,15.0,8.571428571428571,False,0.0
BP3MWHDI16,"3M 16"" WHITE DRIVER PAD",2025-01-26,2026-01-26,1.0,91.0,7.583333333333333,15.166666666666666,22.75,48.0,0.0,48.0,6.32967032967033,False,0.0
BP3MWHDI16,"3M 16"" WHITE DRIVER PAD",2025-01-26,2026-01-26,3.0,159.0,13.25,26.5,39.75,66.0,0.0,66.0,4.981132075471698,False,0.0
BP3MWHDI16,"3M 16"" WHITE DRIVER PAD",2025-01-26,2026-01-26,4.0,24.0,2.0,4.0,6.0,35.0,0.0,35.0,17.5,False,0.0
BP3MWHDI16,"3M 16"" WHITE DRIVER PAD",2025-01-26,2026-01-26,5.0,53.0,4.416666666666667,8.833333333333334,13.25,21.0,2.0,19.0,4.30188679245283,False,0.0
BP3MWHDI16,"3M 16"" WHITE DRIVER PAD",2025-01-26,2026-01-26,6.0,93.0,7.75,15.5,23.25,41.0,0.0,41.0,5.290322580645161,False,0.0
BP3MWHDI16,"3M 16"" WHITE DRIVER PAD",2025-01-26,2026-01-26,8.0,12.0,1.0,2.0,3.0,23.0,0.0,23.0,23.0,False,0.0
BP3MWHDI16,"3M 16"" WHITE DRIVER PAD",2025-01-26,2026-01-26,9.0,61.0,5.083333333333333,10.166666666666666,15.25,31.0,0.0,31.0,6.0983606557377055,False,0.0
BP3MWHI16,"3M 16"" WHITE POLISH PAD",2025-01-26,2026-01-26,1.0,212.0,17.666666666666668,35.333333333333336,53.0,178.0,50.0,128.0,7.245283018867924,False,0.0
BP3MWHI16,"3M 16"" WHITE POLISH PAD",2025-01-26,2026-01-26,3.0,408.0,34.0,68.0,102.0,36.0,11.0,25.0,0.7352941176470589,True,69.49420586230401
BP3MWHI16,"3M 16"" WHITE POLISH PAD",2025-01-26,2026-01-26,4.0,166.0,13.833333333333334,27.666666666666668,41.5,23.0,0.0,23.0,1.6626506024096386,True,16.69665985003408
BP3MWHI16,"3M 16"" WHITE POLISH PAD",2025-01-26,2026-01-26,5.0,106.0,8.833333333333334,17.666666666666668,26.5,50.0,10.0,40.0,4.528301886792453,False,0.0
BP3MWHI16,"3M 16"" WHITE POLISH PAD",2025-01-26,2026-01-26,6.0,295.0,24.583333333333332,49.166666666666664,73.75,47.0,0.0,47.0,1.911864406779661,True,24.142467620995227
BP3MWHI16,"3M 16"" WHITE POLISH PAD",2025-01-26,2026-01-26,8.0,177.0,14.75,29.5,44.25,67.0,11.0,56.0,3.7966101694915255,False,0.0
BP3MWHI16,"3M 16"" WHITE POLISH PAD",2025-01-26,2026-01-26,9.0,83.0,6.916666666666667,13.833333333333334,20.75,47.0,8.0,39.0,5.63855421686747,False,0.0
BPDS86701,"PRE TREAT PAD DURASEAL 16""",2025-01-26,2026-01-26,1.0,0.0,0.0,0.0,0.0,29.0,9.0,20.0,inf,False,0.0
BPDS86701,"PRE TREAT PAD DURASEAL 16""",2025-01-26,2026-01-26,3.0,17.0,1.4166666666666667,2.8333333333333335,4.25,21.0,0.0,21.0,14.823529411764705,False,0.0
BPDS86701,"PRE TREAT PAD DURASEAL 16""",2025-01-26,2026-01-26,4.0,0.0,0.0,0.0,0.0,10.0,0.0,10.0,inf,False,0.0
BPDS86701,"PRE TREAT PAD DURASEAL 16""",2025-01-26,2026-01-26,5.0,8.0,0.6666666666666666,1.3333333333333333,2.0,14.0,0.0,14.0,21.0,False,0.0
BPDS86701,"PRE TREAT PAD DURASEAL 16""",2025-01-26,2026-01-26,6.0,66.0,5.5,11.0,16.5,5.0,0.0,5.0,0.9090909090909091,True,11.5
BPDS86701,"PRE TREAT PAD DURASEAL 16""",2025-01-26,2026-01-26,8.0,0.0,0.0,0.0,0.0,10.0,0.0,10.0,inf,False,0.0
BPDS86701,"PRE TREAT PAD DURASEAL 16""",2025-01-26,2026-01-26,9.0,9.0,0.75,1.5,2.25,12.0,0.0,12.0,16.0,False,0.0
BPLO004,"LOBA PERF. SANDING PAD 16"" 80",2025-01-26,2026-01-26,1.0,2.0,0.16666666666666666,0.3333333333333333,0.5,17.0,0.0,17.0,102.0,False,0.0
BPLO004,"LOBA PERF. SANDING PAD 16"" 80",2025-01-26,2026-01-26,3.0,0.0,0.0,0.0,0.0,9.0,0.0,9.0,inf,False,0.0
BPLO004,"LOBA PERF. SANDING PAD 16"" 80",2025-01-26,2026-01-26,4.0,0.0,0.0,0.0,0.0,0.0,0.0,0.0,inf,False,0.0
BPLO004,"LOBA PERF. SANDING PAD 16"" 80",2025-01-26,2026-01-26,5.0,3.0,0.25,0.5,0.75,10.0,0.0,10.0,40.0,False,0.0
BPLO004,"LOBA PERF. SANDING PAD 16"" 80",2025-01-26,2026-01-26,6.0,26.0,2.1666666666666665,4.333333333333333,6.5,12.0,0.0,12.0,5.538461538461539,False,0.0
BPLO004,"LOBA PERF. SANDING PAD 16"" 80",2025-01-26,2026-01-26,8.0,0.0,0.0,0.0,0.0,0.0,0.0,0.0,inf,False,0.0
BPLO004,"LOBA PERF. SANDING PAD 16"" 80",2025-01-26,2026-01-26,9.0,3.0,0.25,0.5,0.75,13.0,6.0,7.0,28.0,False,0.0
BPLO005,"LOBA PERF. SANDING PAD 16"" 150",2025-01-26,2026-01-26,1.0,7.0,0.5833333333333334,1.1666666666666667,1.75,34.0,0.0,34.0,58.285714285714285,False,0.0
BPLO005,"LOBA PERF. SANDING PAD 16"" 150",2025-01-26,2026-01-26,3.0,16.0,1.3333333333333333,2.6666666666666665,4.0,4.0,0.0,4.0,3.0,False,0.0
BPLO005,"LOBA PERF. SANDING PAD 16"" 150",2025-01-26,2026-01-26,4.0,0.0,0.0,0.0,0.0,10.0,0.0,10.0,inf,False,0.0
BPLO005,"LOBA PERF. SANDING PAD 16"" 150",2025-01-26,2026-01-26,5.0,20.0,1.6666666666666667,3.3333333333333335,5.0,20.0,0.0,20.0,12.0,False,0.0
BPLO005,"LOBA PERF. SANDING PAD 16"" 150",2025-01-26,2026-01-26,6.0,26.0,2.1666666666666665,4.333333333333333,6.5,12.0,0.0,12.0,5.538461538461539,False,0.0
BPLO005,"LOBA PERF. SANDING PAD 16"" 150",2025-01-26,2026-01-26,8.0,0.0,0.0,0.0,0.0,10.0,0.0,10.0,inf,False,0.0
BPLO005,"LOBA PERF. SANDING PAD 16"" 150",2025-01-26,2026-01-26,9.0,9.0,0.75,1.5,2.25,13.0,1.0,12.0,16.0,False,0.0
BPLO131,"LOBA PERF. SANDING PAD 16"" 120",2025-01-26,2026-01-26,1.0,0.0,0.0,0.0,0.0,20.0,0.0,20.0,inf,False,0.0
BPLO131,"LOBA PERF. SANDING PAD 16"" 120",2025-01-26,2026-01-26,3.0,2.0,0.16666666666666666,0.3333333333333333,0.5,9.0,0.0,9.0,54.0,False,0.0
BPLO131,"LOBA PERF. SANDING PAD 16"" 120",2025-01-26,2026-01-26,4.0,0.0,0.0,0.0,0.0,11.0,0.0,11.0,inf,False,0.0
BPLO131,"LOBA PERF. SANDING PAD 16"" 120",2025-01-26,2026-01-26,5.0,2.0,0.16666666666666666,0.3333333333333333,0.5,8.0,0.0,8.0,48.0,False,0.0
BPLO131,"LOBA PERF. SANDING PAD 16"" 120",2025-01-26,2026-01-26,6.0,17.0,1.4166666666666667,2.8333333333333335,4.25,14.0,0.0,14.0,9.88235294117647,False,0.0
BPLO131,"LOBA PERF. SANDING PAD 16"" 120",2025-01-26,2026-01-26,8.0,0.0,0.0,0.0,0.0,10.0,0.0,10.0,inf,False,0.0
BPLO131,"LOBA PERF. SANDING PAD 16"" 120",2025-01-26,2026-01-26,9.0,4.0,0.3333333333333333,0.6666666666666666,1.0,7.0,1.0,6.0,18.0,False,0.0
BPLO136,"LOBA PERF. SANDING PAD 16"" 180",2025-01-26,2026-01-26,1.0,10.0,0.8333333333333334,1.6666666666666667,2.5,5.0,0.0,5.0,6.0,False,0.0
BPLO136,"LOBA PERF. SANDING PAD 16"" 180",2025-01-26,2026-01-26,3.0,2.0,0.16666666666666666,0.3333333333333333,0.5,8.0,0.0,8.0,48.0,False,0.0
BPLO136,"LOBA PERF. SANDING PAD 16"" 180",2025-01-26,2026-01-26,4.0,0.0,0.0,0.0,0.0,1.0,0.0,1.0,inf,False,0.0
BPLO136,"LOBA PERF. SANDING PAD 16"" 180",2025-01-26,2026-01-26,5.0,18.0,1.5,3.0,4.5,9.0,0.0,9.0,6.0,False,0.0
BPLO136,"LOBA PERF. SANDING PAD 16"" 180",2025-01-26,2026-01-26,6.0,15.0,1.25,2.5,3.75,1.0,0.0,1.0,0.8,True,2.75
BPLO136,"LOBA PERF. SANDING PAD 16"" 180",2025-01-26,2026-01-26,8.0,0.0,0.0,0.0,0.0,10.0,0.0,10.0,inf,False,0.0
BPLO136,"LOBA PERF. SANDING PAD 16"" 180",2025-01-26,2026-01-26,9.0,18.0,1.5,3.0,4.5,8.0,2.0,6.0,4.0,False,0.0
BPLO137,"LOBA PERF. SANDING PAD 16"" 100",2025-01-26,2026-01-26,1.0,3.0,0.25,0.5,0.75,7.0,0.0,7.0,28.0,False,0.0
BPLO137,"LOBA PERF. SANDING PAD 16"" 100",2025-01-26,2026-01-26,3.0,0.0,0.0,0.0,0.0,10.0,0.0,10.0,inf,False,0.0
BPLO137,"LOBA PERF. SANDING PAD 16"" 100",2025-01-26,2026-01-26,4.0,0.0,0.0,0.0,0.0,0.0,0.0,0.0,inf,False,0.0
BPLO137,"LOBA PERF. SANDING PAD 16"" 100",2025-01-26,2026-01-26,5.0,20.0,1.6666666666666667,3.3333333333333335,5.0,4.0,0.0,4.0,2.4,False,0.0
BPLO137,"LOBA PERF. SANDING PAD 16"" 100",2025-01-26,2026-01-26,6.0,42.0,3.5,7.0,10.5,9.0,0.0,9.0,2.5714285714285716,False,0.0
BPLO137,"LOBA PERF. SANDING PAD 16"" 100",2025-01-26,2026-01-26,8.0,0.0,0.0,0.0,0.0,10.0,0.0,10.0,inf,False,0.0
BPLO137,"LOBA PERF. SANDING PAD 16"" 100",2025-01-26,2026-01-26,9.0,0.0,0.0,0.0,0.0,10.0,0.0,10.0,inf,False,0.0
BPNO94109,NORTON SANDDOLLAR PAD BLUE,2025-01-26,2026-01-26,1.0,19.0,1.5833333333333333,3.1666666666666665,4.75,9.0,0.0,9.0,5.684210526315789,False,0.0
BPNO94109,NORTON SANDDOLLAR PAD BLUE,2025-01-26,2026-01-26,3.0,28.0,2.3333333333333335,4.666666666666667,7.0,6.0,0.0,6.0,2.571428571428571,False,0.0
BPNO94109,NORTON SANDDOLLAR PAD BLUE,2025-01-26,2026-01-26,4.0,10.0,0.8333333333333334,1.6666666666666667,2.5,9.0,0.0,9.0,10.799999999999999,False,0.0
BPNO94109,NORTON SANDDOLLAR PAD BLUE,2025-01-26,2026-01-26,5.0,11.0,0.9166666666666666,1.8333333333333333,2.75,7.0,3.0,4.0,4.363636363636364,False,0.0
BPNO94109,NORTON SANDDOLLAR PAD BLUE,2025-01-26,2026-01-26,6.0,44.0,3.6666666666666665,7.333333333333333,11.0,9.0,0.0,9.0,2.4545454545454546,False,0.0
BPNO94109,NORTON SANDDOLLAR PAD BLUE,2025-01-26,2026-01-26,8.0,9.0,0.75,1.5,2.25,9.0,0.0,9.0,12.0,False,0.0
BPNO94109,NORTON SANDDOLLAR PAD BLUE,2025-01-26,2026-01-26,9.0,32.0,2.6666666666666665,5.333333333333333,8.0,11.0,0.0,11.0,4.125,False,0.0
BPNO94114,NORTON SANDDOLLAR PAD RED,2025-01-26,2026-01-26,1.0,55.0,4.583333333333333,9.166666666666666,13.75,34.0,0.0,34.0,7.418181818181819,False,0.0
BPNO94114,NORTON SANDDOLLAR PAD RED,2025-01-26,2026-01-26,3.0,26.0,2.1666666666666665,4.333333333333333,6.5,13.0,0.0,13.0,6.0,False,0.0
BPNO94114,NORTON SANDDOLLAR PAD RED,2025-01-26,2026-01-26,4.0,19.0,1.5833333333333333,3.1666666666666665,4.75,20.0,0.0,20.0,12.631578947368421,False,0.0
BPNO94114,NORTON SANDDOLLAR PAD RED,2025-01-26,2026-01-26,5.0,2.0,0.16666666666666666,0.3333333333333333,0.5,12.0,0.0,12.0,72.0,False,0.0
BPNO94114,NORTON SANDDOLLAR PAD RED,2025-01-26,2026-01-26,6.0,134.0,11.166666666666666,22.333333333333332,33.5,34.0,0.0,34.0,3.0447761194029854,False,0.0
BPNO94114,NORTON SANDDOLLAR PAD RED,2025-01-26,2026-01-26,8.0,5.0,0.4166666666666667,0.8333333333333334,1.25,7.0,0.0,7.0,16.8,False,0.0
BPNO94114,NORTON SANDDOLLAR PAD RED,2025-01-26,2026-01-26,9.0,28.0,2.3333333333333335,4.666666666666667,7.0,17.0,0.0,17.0,7.285714285714286,False,0.0
BPNO94115,NORTON SANDDOLLAR PAD YELLOW,2025-01-26,2026-01-26,1.0,208.0,17.333333333333332,34.666666666666664,52.0,198.0,0.0,198.0,11.423076923076923,False,0.0
BPNO94115,NORTON SANDDOLLAR PAD YELLOW,2025-01-26,2026-01-26,3.0,96.0,8.0,16.0,24.0,46.0,0.0,46.0,5.75,False,0.0
BPNO94115,NORTON SANDDOLLAR PAD YELLOW,2025-01-26,2026-01-26,4.0,29.0,2.4166666666666665,4.833333333333333,7.25,17.0,0.0,17.0,7.03448275862069,False,0.0
BPNO94115,NORTON SANDDOLLAR PAD YELLOW,2025-01-26,2026-01-26,5.0,28.0,2.3333333333333335,4.666666666666667,7.0,20.0,0.0,20.0,8.571428571428571,False,0.0
BPNO94115,NORTON SANDDOLLAR PAD YELLOW,2025-01-26,2026-01-26,6.0,319.0,26.583333333333332,53.166666666666664,79.75,102.0,3.0,99.0,3.724137931034483,False,0.0
BPNO94115,NORTON SANDDOLLAR PAD YELLOW,2025-01-26,2026-01-26,8.0,16.0,1.3333333333333333,2.6666666666666665,4.0,11.0,0.0,11.0,8.25,False,0.0
BPNO94115,NORTON SANDDOLLAR PAD YELLOW,2025-01-26,2026-01-26,9.0,59.0,4.916666666666667,9.833333333333334,14.75,9.0,0.0,9.0,1.830508474576271,True,5.75
BPNO94117,NORTON SANDDOLLAR PAD GREEN,2025-01-26,2026-01-26,1.0,200.0,16.666666666666668,33.333333333333336,50.0,275.0,0.0,275.0,16.5,False,0.0
BPNO94117,NORTON SANDDOLLAR PAD GREEN,2025-01-26,2026-01-26,3.0,181.0,15.083333333333334,30.166666666666668,45.25,13.0,3.0,10.0,0.6629834254143646,True,35.25
BPNO94117,NORTON SANDDOLLAR PAD GREEN,2025-01-26,2026-01-26,4.0,85.0,7.083333333333333,14.166666666666666,21.25,21.0,0.0,21.0,2.9647058823529413,False,0.0
BPNO94117,NORTON SANDDOLLAR PAD GREEN,2025-01-26,2026-01-26,5.0,22.0,1.8333333333333333,3.6666666666666665,5.5,9.0,0.0,9.0,4.909090909090909,False,0.0
BPNO94117,NORTON SANDDOLLAR PAD GREEN,2025-01-26,2026-01-26,6.0,134.0,11.166666666666666,22.333333333333332,33.5,24.0,0.0,24.0,2.1492537313432836,False,0.0
BPNO94117,NORTON SANDDOLLAR PAD GREEN,2025-01-26,2026-01-26,8.0,46.0,3.8333333333333335,7.666666666666667,11.5,9.0,0.0,9.0,2.3478260869565215,False,0.0
BPNO94117,NORTON SANDDOLLAR PAD GREEN,2025-01-26,2026-01-26,9.0,16.0,1.3333333333333333,2.6666666666666665,4.0,12.0,0.0,12.0,9.0,False,0.0
BRCR337,"CRAIN 12"" DUSTER BRUSH",2025-01-26,2026-01-26,1.0,0.0,0.0,0.0,0.0,6.0,0.0,6.0,inf,False,0.0
BRCR337,"CRAIN 12"" DUSTER BRUSH",2025-01-26,2026-01-26,3.0,0.0,0.0,0.0,0.0,4.0,0.0,4.0,inf,False,0.0
BRCR337,"CRAIN 12"" DUSTER BRUSH",2025-01-26,2026-01-26,4.0,0.0,0.0,0.0,0.0,2.0,0.0,2.0,inf,False,0.0
BRCR337,"CRAIN 12"" DUSTER BRUSH",2025-01-26,2026-01-26,5.0,0.0,0.0,0.0,0.0,3.0,0.0,3.0,inf,False,0.0
BRCR337,"CRAIN 12"" DUSTER BRUSH",2025-01-26,2026-01-26,6.0,6.0,0.5,1.0,1.5,5.0,0.0,5.0,10.0,False,0.0
BRCR337,"CRAIN 12"" DUSTER BRUSH",2025-01-26,2026-01-26,8.0,0.0,0.0,0.0,0.0,6.0,0.0,6.0,inf,False,0.0
BRCR337,"CRAIN 12"" DUSTER BRUSH",2025-01-26,2026-01-26,9.0,0.0,0.0,0.0,0.0,3.0,0.0,3.0,inf,False,0.0
BRFB2,"2"" FOAM BRUSH",2025-01-26,2026-01-26,1.0,9.0,0.75,1.5,2.25,78.0,1.0,77.0,102.66666666666667,False,0.0
BRFB2,"2"" FOAM BRUSH",2025-01-26,2026-01-26,3.0,43.0,3.5833333333333335,7.166666666666667,10.75,12.0,0.0,12.0,3.3488372093023253,False,0.0
BRFB2,"2"" FOAM BRUSH",2025-01-26,2026-01-26,4.0,8.0,0.6666666666666666,1.3333333333333333,2.0,9.0,0.0,9.0,13.5,False,0.0
BRFB2,"2"" FOAM BRUSH",2025-01-26,2026-01-26,5.0,35.0,2.9166666666666665,5.833333333333333,8.75,10.0,0.0,10.0,3.428571428571429,False,0.0
BRFB2,"2"" FOAM BRUSH",2025-01-26,2026-01-26,6.0,15.0,1.25,2.5,3.75,9.0,0.0,9.0,7.2,False,0.0
BRFB2,"2"" FOAM BRUSH",2025-01-26,2026-01-26,8.0,2.0,0.16666666666666666,0.3333333333333333,0.5,51.0,0.0,51.0,306.0,False,0.0
BRFB2,"2"" FOAM BRUSH",2025-01-26,2026-01-26,9.0,29.0,2.4166666666666665,4.833333333333333,7.25,8.0,1.0,7.0,2.896551724137931,False,0.0
BRFB3,"3"" FOAM BRUSH",2025-01-26,2026-01-26,1.0,35.0,2.9166666666666665,5.833333333333333,8.75,65.0,0.0,65.0,22.28571428571429,False,0.0
BRFB3,"3"" FOAM BRUSH",2025-01-26,2026-01-26,3.0,22.0,1.8333333333333333,3.6666666666666665,5.5,7.0,0.0,7.0,3.8181818181818183,False,0.0
BRFB3,"3"" FOAM BRUSH",2025-01-26,2026-01-26,4.0,4.0,0.3333333333333333,0.6666666666666666,1.0,4.0,0.0,4.0,12.0,False,0.0
BRFB3,"3"" FOAM BRUSH",2025-01-26,2026-01-26,5.0,17.0,1.4166666666666667,2.8333333333333335,4.25,7.0,0.0,7.0,4.941176470588235,False,0.0
BRFB3,"3"" FOAM BRUSH",2025-01-26,2026-01-26,6.0,34.0,2.8333333333333335,5.666666666666667,8.5,13.0,0.0,13.0,4.588235294117647,False,0.0
BRFB3,"3"" FOAM BRUSH",2025-01-26,2026-01-26,8.0,1.0,0.08333333333333333,0.16666666666666666,0.25,12.0,0.0,12.0,144.0,False,0.0
BRFB3,"3"" FOAM BRUSH",2025-01-26,2026-01-26,9.0,4.0,0.3333333333333333,0.6666666666666666,1.0,12.0,0.0,12.0,36.0,False,0.0
BRFB4,"4"" FOAM BRUSH",2025-01-26,2026-01-26,1.0,5.0,0.4166666666666667,0.8333333333333334,1.25,38.0,0.0,38.0,91.2,False,0.0
BRFB4,"4"" FOAM BRUSH",2025-01-26,2026-01-26,3.0,49.0,4.083333333333333,8.166666666666666,12.25,10.0,0.0,10.0,2.4489795918367347,False,0.0
BRFB4,"4"" FOAM BRUSH",2025-01-26,2026-01-26,4.0,7.0,0.5833333333333334,1.1666666666666667,1.75,24.0,0.0,24.0,41.14285714285714,False,0.0
BRFB4,"4"" FOAM BRUSH",2025-01-26,2026-01-26,5.0,8.0,0.6666666666666666,1.3333333333333333,2.0,4.0,0.0,4.0,6.0,False,0.0
BRFB4,"4"" FOAM BRUSH",2025-01-26,2026-01-26,6.0,5.0,0.4166666666666667,0.8333333333333334,1.25,8.0,0.0,8.0,19.2,False,0.0
BRFB4,"4"" FOAM BRUSH",2025-01-26,2026-01-26,8.0,0.0,0.0,0.0,0.0,14.0,0.0,14.0,inf,False,0.0
BRFB4,"4"" FOAM BRUSH",2025-01-26,2026-01-26,9.0,38.0,3.1666666666666665,6.333333333333333,9.5,17.0,0.0,17.0,5.368421052631579,False,0.0
BRHH24,"24"" HORSE HAIR BROOM",2025-01-26,2026-01-26,1.0,0.0,0.0,0.0,0.0,16.0,0.0,16.0,inf,False,0.0
BRHH24,"24"" HORSE HAIR BROOM",2025-01-26,2026-01-26,3.0,2.0,0.16666666666666666,0.3333333333333333,0.5,3.0,0.0,3.0,18.0,False,0.0
BRHH24,"24"" HORSE HAIR BROOM",2025-01-26,2026-01-26,4.0,0.0,0.0,0.0,0.0,2.0,0.0,2.0,inf,False,0.0
BRHH24,"24"" HORSE HAIR BROOM",2025-01-26,2026-01-26,5.0,0.0,0.0,0.0,0.0,0.0,0.0,0.0,inf,False,0.0
BRHH24,"24"" HORSE HAIR BROOM",2025-01-26,2026-01-26,6.0,5.0,0.4166666666666667,0.8333333333333334,1.25,3.0,0.0,3.0,7.199999999999999,False,0.0
BRHH24,"24"" HORSE HAIR BROOM",2025-01-26,2026-01-26,8.0,0.0,0.0,0.0,0.0,2.0,0.0,2.0,inf,False,0.0
BRHH24,"24"" HORSE HAIR BROOM",2025-01-26,2026-01-26,9.0,1.0,0.08333333333333333,0.16666666666666666,0.25,3.0,0.0,3.0,36.0,False,0.0
BRTA1,"1"" THROWAWAY",2025-01-26,2026-01-26,1.0,5.0,0.4166666666666667,0.8333333333333334,1.25,129.0,0.0,129.0,309.59999999999997,False,0.0
BRTA1,"1"" THROWAWAY",2025-01-26,2026-01-26,3.0,11.0,0.9166666666666666,1.8333333333333333,2.75,32.0,0.0,32.0,34.909090909090914,False,0.0
BRTA1,"1"" THROWAWAY",2025-01-26,2026-01-26,4.0,13.0,1.0833333333333333,2.1666666666666665,3.25,17.0,0.0,17.0,15.692307692307693,False,0.0
BRTA1,"1"" THROWAWAY",2025-01-26,2026-01-26,5.0,10.0,0.8333333333333334,1.6666666666666667,2.5,39.0,6.0,33.0,39.6,False,0.0
BRTA1,"1"" THROWAWAY",2025-01-26,2026-01-26,6.0,8.0,0.6666666666666666,1.3333333333333333,2.0,18.0,0.0,18.0,27.0,False,0.0
BRTA1,"1"" THROWAWAY",2025-01-26,2026-01-26,8.0,7.0,0.5833333333333334,1.1666666666666667,1.75,104.0,0.0,104.0,178.28571428571428,False,0.0
BRTA1,"1"" THROWAWAY",2025-01-26,2026-01-26,9.0,8.0,0.6666666666666666,1.3333333333333333,2.0,12.0,0.0,12.0,18.0,False,0.0
BRTA112,"1-1/2"" THROWAWAY BRUSH",2025-01-26,2026-01-26,1.0,4.0,0.3333333333333333,0.6666666666666666,1.0,73.0,0.0,73.0,219.0,False,0.0
BRTA112,"1-1/2"" THROWAWAY BRUSH",2025-01-26,2026-01-26,3.0,42.0,3.5,7.0,10.5,12.0,0.0,12.0,3.4285714285714284,False,0.0
BRTA112,"1-1/2"" THROWAWAY BRUSH",2025-01-26,2026-01-26,4.0,23.0,1.9166666666666667,3.8333333333333335,5.75,10.0,0.0,10.0,5.217391304347826,False,0.0
BRTA112,"1-1/2"" THROWAWAY BRUSH",2025-01-26,2026-01-26,5.0,17.0,1.4166666666666667,2.8333333333333335,4.25,8.0,0.0,8.0,5.647058823529411,False,0.0
BRTA112,"1-1/2"" THROWAWAY BRUSH",2025-01-26,2026-01-26,6.0,15.0,1.25,2.5,3.75,13.0,0.0,13.0,10.4,False,0.0
BRTA112,"1-1/2"" THROWAWAY BRUSH",2025-01-26,2026-01-26,8.0,16.0,1.3333333333333333,2.6666666666666665,4.0,11.0,0.0,11.0,8.25,False,0.0
BRTA112,"1-1/2"" THROWAWAY BRUSH",2025-01-26,2026-01-26,9.0,4.0,0.3333333333333333,0.6666666666666666,1.0,9.0,0.0,9.0,27.0,False,0.0
BRTA2,"2"" THROWAWAY BRUSH",2025-01-26,2026-01-26,1.0,59.0,4.916666666666667,9.833333333333334,14.75,43.0,0.0,43.0,8.745762711864407,False,0.0
BRTA2,"2"" THROWAWAY BRUSH",2025-01-26,2026-01-26,3.0,114.0,9.5,19.0,28.5,16.0,0.0,16.0,1.6842105263157894,True,11.200980392156863
BRTA2,"2"" THROWAWAY BRUSH",2025-01-26,2026-01-26,4.0,108.0,9.0,18.0,27.0,15.0,0.0,15.0,1.6666666666666667,True,10.75294117647059
BRTA2,"2"" THROWAWAY BRUSH",2025-01-26,2026-01-26,5.0,96.0,8.0,16.0,24.0,30.0,12.0,18.0,2.25,False,0.0
BRTA2,"2"" THROWAWAY BRUSH",2025-01-26,2026-01-26,6.0,116.0,9.666666666666666,19.333333333333332,29.0,11.0,0.0,11.0,1.1379310344827587,True,16.129411764705882
BRTA2,"2"" THROWAWAY BRUSH",2025-01-26,2026-01-26,8.0,36.0,3.0,6.0,9.0,18.0,2.0,16.0,5.333333333333333,False,0.0
BRTA2,"2"" THROWAWAY BRUSH",2025-01-26,2026-01-26,9.0,7.0,0.5833333333333334,1.1666666666666667,1.75,6.0,0.0,6.0,10.285714285714285,False,0.0
BRTA3,"3"" THROWAWAY BRUSH",2025-01-26,2026-01-26,1.0,23.0,1.9166666666666667,3.8333333333333335,5.75,53.0,0.0,53.0,27.652173913043477,False,0.0
BRTA3,"3"" THROWAWAY BRUSH",2025-01-26,2026-01-26,3.0,71.0,5.916666666666667,11.833333333333334,17.75,7.0,0.0,7.0,1.1830985915492958,True,10.509968102073366
BRTA3,"3"" THROWAWAY BRUSH",2025-01-26,2026-01-26,4.0,35.0,2.9166666666666665,5.833333333333333,8.75,0.0,0.0,0.0,0.0,True,8.554625199362041
BRTA3,"3"" THROWAWAY BRUSH",2025-01-26,2026-01-26,5.0,158.0,13.166666666666666,26.333333333333332,39.5,17.0,0.0,17.0,1.2911392405063291,True,21.997607655502392
BRTA3,"3"" THROWAWAY BRUSH",2025-01-26,2026-01-26,6.0,93.0,7.75,15.5,23.25,13.0,0.0,13.0,1.6774193548387097,True,10.021132376395535
BRTA3,"3"" THROWAWAY BRUSH",2025-01-26,2026-01-26,8.0,21.0,1.75,3.5,5.25,18.0,6.0,12.0,6.857142857142857,False,0.0
BRTA3,"3"" THROWAWAY BRUSH",2025-01-26,2026-01-26,9.0,0.0,0.0,0.0,0.0,0.0,0.0,0.0,inf,False,0.0
BRTA4,"4"" THROWAWAY BRUSH",2025-01-26,2026-01-26,1.0,14.0,1.1666666666666667,2.3333333333333335,3.5,26.0,1.0,25.0,21.428571428571427,False,0.0
BRTA4,"4"" THROWAWAY BRUSH",2025-01-26,2026-01-26,3.0,147.0,12.25,24.5,36.75,23.0,3.0,20.0,1.6326530612244898,True,16.75
BRTA4,"4"" THROWAWAY BRUSH",2025-01-26,2026-01-26,4.0,23.0,1.9166666666666667,3.8333333333333335,5.75,16.0,0.0,16.0,8.347826086956522,False,0.0
BRTA4,"4"" THROWAWAY BRUSH",2025-01-26,2026-01-26,5.0,72.0,6.0,12.0,18.0,34.0,0.0,34.0,5.666666666666667,False,0.0
BRTA4,"4"" THROWAWAY BRUSH",2025-01-26,2026-01-26,6.0,35.0,2.9166666666666665,5.833333333333333,8.75,14.0,2.0,12.0,4.114285714285715,False,0.0
BRTA4,"4"" THROWAWAY BRUSH",2025-01-26,2026-01-26,8.0,0.0,0.0,0.0,0.0,5.0,0.0,5.0,inf,False,0.0
BRTA4,"4"" THROWAWAY BRUSH",2025-01-26,2026-01-26,9.0,13.0,1.0833333333333333,2.1666666666666665,3.25,8.0,0.0,8.0,7.384615384615385,False,0.0
CHAC1,ACETONE 1 GALLON,2025-01-26,2026-01-26,1.0,0.0,0.0,0.0,0.0,2.0,1.0,1.0,inf,False,0.0
CHAC1,ACETONE 1 GALLON,2025-01-26,2026-01-26,3.0,0.0,0.0,0.0,0.0,0.0,0.0,0.0,inf,False,0.0
CHAC1,ACETONE 1 GALLON,2025-01-26,2026-01-26,4.0,0.0,0.0,0.0,0.0,2.0,0.0,2.0,inf,False,0.0
CHAC1,ACETONE 1 GALLON,2025-01-26,2026-01-26,5.0,5.0,0.4166666666666667,0.8333333333333334,1.25,0.0,0.0,0.0,0.0,True,1.0
CHAC1,ACETONE 1 GALLON,2025-01-26,2026-01-26,6.0,2.0,0.16666666666666666,0.3333333333333333,0.5,1.0,0.0,1.0,6.0,False,0.0
CHAC1,ACETONE 1 GALLON,2025-01-26,2026-01-26,8.0,0.0,0.0,0.0,0.0,0.0,0.0,0.0,inf,False,0.0
CHAC1,ACETONE 1 GALLON,2025-01-26,2026-01-26,9.0,0.0,0.0,0.0,0.0,0.0,0.0,0.0,inf,False,0.0
CHBLA,BLEACH UNIT A,2025-01-26,2026-01-26,1.0,96.0,8.0,16.0,24.0,60.0,36.0,24.0,3.0,False,0.0
CHBLA,BLEACH UNIT A,2025-01-26,2026-01-26,3.0,202.0,16.833333333333332,33.666666666666664,50.5,27.0,0.0,27.0,1.603960396039604,True,12.032
CHBLA,BLEACH UNIT A,2025-01-26,2026-01-26,4.0,119.0,9.916666666666666,19.833333333333332,29.75,27.0,4.0,23.0,2.319327731092437,False,0.0
CHBLA,BLEACH UNIT A,2025-01-26,2026-01-26,5.0,13.0,1.0833333333333333,2.1666666666666665,3.25,7.0,0.0,7.0,6.461538461538462,False,0.0
CHBLA,BLEACH UNIT A,2025-01-26,2026-01-26,6.0,48.0,4.0,8.0,12.0,10.0,0.0,10.0,2.5,False,0.0
CHBLA,BLEACH UNIT A,2025-01-26,2026-01-26,8.0,12.0,1.0,2.0,3.0,7.0,0.0,7.0,7.0,False,0.0
CHBLA,BLEACH UNIT A,2025-01-26,2026-01-26,9.0,67.0,5.583333333333333,11.166666666666666,16.75,12.0,3.0,9.0,1.6119402985074627,True,3.968
CHBLB,BLEACH UNIT B,2025-01-26,2026-01-26,1.0,96.0,8.0,16.0,24.0,60.0,32.0,28.0,3.5,False,0.0
CHBLB,BLEACH UNIT B,2025-01-26,2026-01-26,3.0,202.0,16.833333333333332,33.666666666666664,50.5,31.0,0.0,31.0,1.8415841584158417,True,14.311926605504588
CHBLB,BLEACH UNIT B,2025-01-26,2026-01-26,4.0,119.0,9.916666666666666,19.833333333333332,29.75,27.0,4.0,23.0,2.319327731092437,False,0.0
CHBLB,BLEACH UNIT B,2025-01-26,2026-01-26,5.0,13.0,1.0833333333333333,2.1666666666666665,3.25,7.0,0.0,7.0,6.461538461538462,False,0.0
CHBLB,BLEACH UNIT B,2025-01-26,2026-01-26,6.0,48.0,4.0,8.0,12.0,10.0,0.0,10.0,2.5,False,0.0
CHBLB,BLEACH UNIT B,2025-01-26,2026-01-26,8.0,12.0,1.0,2.0,3.0,7.0,0.0,7.0,7.0,False,0.0
CHBLB,BLEACH UNIT B,2025-01-26,2026-01-26,9.0,67.0,5.583333333333333,11.166666666666666,16.75,12.0,3.0,9.0,1.6119402985074627,True,5.688073394495413
CHLT1,LACQUER THINNER 1 GALLON,2025-01-26,2026-01-26,1.0,2.0,0.16666666666666666,0.3333333333333333,0.5,11.0,0.0,11.0,66.0,False,0.0
CHLT1,LACQUER THINNER 1 GALLON,2025-01-26,2026-01-26,3.0,1.0,0.08333333333333333,0.16666666666666666,0.25,0.0,0.0,0.0,0.0,True,0.25
CHLT1,LACQUER THINNER 1 GALLON,2025-01-26,2026-01-26,4.0,0.0,0.0,0.0,0.0,3.0,0.0,3.0,inf,False,0.0
CHLT1,LACQUER THINNER 1 GALLON,2025-01-26,2026-01-26,5.0,0.0,0.0,0.0,0.0,5.0,0.0,5.0,inf,False,0.0
CHLT1,LACQUER THINNER 1 GALLON,2025-01-26,2026-01-26,6.0,3.0,0.25,0.5,0.75,8.0,0.0,8.0,32.0,False,0.0
CHLT1,LACQUER THINNER 1 GALLON,2025-01-26,2026-01-26,8.0,0.0,0.0,0.0,0.0,6.0,0.0,6.0,inf,False,0.0
CHLT1,LACQUER THINNER 1 GALLON,2025-01-26,2026-01-26,9.0,0.0,0.0,0.0,0.0,8.0,0.0,8.0,inf,False,0.0
DM3M8210,3M DUST MASK #8210,2025-01-26,2026-01-26,1.0,674.0,56.166666666666664,112.33333333333333,168.5,700.0,60.0,640.0,11.3946587537092,False,0.0
DM3M8210,3M DUST MASK #8210,2025-01-26,2026-01-26,3.0,1733.0,144.41666666666666,288.8333333333333,433.25,167.0,0.0,167.0,1.1563762261973458,True,266.25
DM3M8210,3M DUST MASK #8210,2025-01-26,2026-01-26,4.0,510.0,42.5,85.0,127.5,99.0,0.0,99.0,2.3294117647058825,False,0.0
DM3M8210,3M DUST MASK #8210,2025-01-26,2026-01-26,5.0,122.0,10.166666666666666,20.333333333333332,30.5,62.0,62.0,0.0,0.0,True,30.5
DM3M8210,3M DUST MASK #8210,2025-01-26,2026-01-26,6.0,1750.0,145.83333333333334,291.6666666666667,437.5,300.0,0.0,300.0,2.057142857142857,False,0.0
DM3M8210,3M DUST MASK #8210,2025-01-26,2026-01-26,8.0,451.0,37.583333333333336,75.16666666666667,112.75,214.0,65.0,149.0,3.964523281596452,False,0.0
DM3M8210,3M DUST MASK #8210,2025-01-26,2026-01-26,9.0,276.0,23.0,46.0,69.0,150.0,0.0,150.0,6.521739130434782,False,0.0
DM3M8210D20DC,3M DRYWALL N95 PARTICULATE RES,2025-01-26,2026-01-26,1.0,379.0,31.583333333333332,63.166666666666664,94.75,12.0,0.0,12.0,0.3799472295514512,False,0.0
DM3M8210D20DC,3M DRYWALL N95 PARTICULATE RES,2025-01-26,2026-01-26,3.0,60.0,5.0,10.0,15.0,40.0,0.0,40.0,8.0,False,0.0
DM3M8210D20DC,3M DRYWALL N95 PARTICULATE RES,2025-01-26,2026-01-26,4.0,60.0,5.0,10.0,15.0,70.0,0.0,70.0,14.0,False,0.0
DM3M8210D20DC,3M DRYWALL N95 PARTICULATE RES,2025-01-26,2026-01-26,5.0,80.0,6.666666666666667,13.333333333333334,20.0,140.0,0.0,140.0,21.0,False,0.0
DM3M8210D20DC,3M DRYWALL N95 PARTICULATE RES,2025-01-26,2026-01-26,6.0,80.0,6.666666666666667,13.333333333333334,20.0,80.0,0.0,80.0,12.0,False,0.0
DM3M8210D20DC,3M DRYWALL N95 PARTICULATE RES,2025-01-26,2026-01-26,8.0,0.0,0.0,0.0,0.0,98.0,0.0,98.0,inf,False,0.0
DM3M8210D20DC,3M DRYWALL N95 PARTICULATE RES,2025-01-26,2026-01-26,9.0,0.0,0.0,0.0,0.0,19.0,0.0,19.0,inf,False,0.0
DM3M8511,3M DUST MASK #8511,2025-01-26,2026-01-26,1.0,330.0,27.5,55.0,82.5,833.0,463.0,370.0,13.454545454545455,False,0.0
DM3M8511,3M DUST MASK #8511,2025-01-26,2026-01-26,3.0,830.0,69.16666666666667,138.33333333333334,207.5,530.0,0.0,530.0,7.662650602409638,False,0.0
DM3M8511,3M DUST MASK #8511,2025-01-26,2026-01-26,4.0,417.0,34.75,69.5,104.25,133.0,0.0,133.0,3.827338129496403,False,0.0
DM3M8511,3M DUST MASK #8511,2025-01-26,2026-01-26,5.0,155.0,12.916666666666666,25.833333333333332,38.75,238.0,43.0,195.0,15.096774193548388,False,0.0
DM3M8511,3M DUST MASK #8511,2025-01-26,2026-01-26,6.0,666.0,55.5,111.0,166.5,0.0,0.0,0.0,0.0,True,166.5
DM3M8511,3M DUST MASK #8511,2025-01-26,2026-01-26,8.0,143.0,11.916666666666666,23.833333333333332,35.75,213.0,0.0,213.0,17.874125874125873,False,0.0
DM3M8511,3M DUST MASK #8511,2025-01-26,2026-01-26,9.0,137.0,11.416666666666666,22.833333333333332,34.25,82.0,0.0,82.0,7.182481751824818,False,0.0
DP3M12100,"3M DRUM PAPER 12"" 100G ROLL",2025-01-26,2026-01-26,1.0,3.0,0.25,0.5,0.75,3.0,1.0,2.0,8.0,False,0.0
DP3M12100,"3M DRUM PAPER 12"" 100G ROLL",2025-01-26,2026-01-26,3.0,7.0,0.5833333333333334,1.1666666666666667,1.75,3.0,0.0,3.0,5.142857142857142,False,0.0
DP3M12100,"3M DRUM PAPER 12"" 100G ROLL",2025-01-26,2026-01-26,4.0,5.0,0.4166666666666667,0.8333333333333334,1.25,2.0,1.0,1.0,2.4,False,0.0
DP3M12100,"3M DRUM PAPER 12"" 100G ROLL",2025-01-26,2026-01-26,5.0,0.0,0.0,0.0,0.0,2.0,0.0,2.0,inf,False,0.0
DP3M12100,"3M DRUM PAPER 12"" 100G ROLL",2025-01-26,2026-01-26,6.0,3.0,0.25,0.5,0.75,1.0,0.0,1.0,4.0,False,0.0
DP3M12100,"3M DRUM PAPER 12"" 100G ROLL",2025-01-26,2026-01-26,8.0,0.0,0.0,0.0,0.0,1.0,0.0,1.0,inf,False,0.0
DP3M12100,"3M DRUM PAPER 12"" 100G ROLL",2025-01-26,2026-01-26,9.0,1.0,0.08333333333333333,0.16666666666666666,0.25,1.0,0.0,1.0,12.0,False,0.0
DP3M12120,"3M DRUM PAPER 12"" 120G ROLL",2025-01-26,2026-01-26,1.0,0.0,0.0,0.0,0.0,2.0,0.0,2.0,inf,False,0.0
DP3M12120,"3M DRUM PAPER 12"" 120G ROLL",2025-01-26,2026-01-26,3.0,0.0,0.0,0.0,0.0,2.0,0.0,2.0,inf,False,0.0
DP3M12120,"3M DRUM PAPER 12"" 120G ROLL",2025-01-26,2026-01-26,4.0,0.0,0.0,0.0,0.0,2.0,0.0,2.0,inf,False,0.0
DP3M12120,"3M DRUM PAPER 12"" 120G ROLL",2025-01-26,2026-01-26,5.0,0.0,0.0,0.0,0.0,1.0,0.0,1.0,inf,False,0.0
DP3M12120,"3M DRUM PAPER 12"" 120G ROLL",2025-01-26,2026-01-26,6.0,0.0,0.0,0.0,0.0,2.0,0.0,2.0,inf,False,0.0
DP3M12120,"3M DRUM PAPER 12"" 120G ROLL",2025-01-26,2026-01-26,8.0,0.0,0.0,0.0,0.0,1.0,0.0,1.0,inf,False,0.0
DP3M12120,"3M DRUM PAPER 12"" 120G ROLL",2025-01-26,2026-01-26,9.0,0.0,0.0,0.0,0.0,1.0,0.0,1.0,inf,False,0.0
DP3M1220,"3M DRUM PAPER 12"" 20G ROLL",2025-01-26,2026-01-26,1.0,0.0,0.0,0.0,0.0,0.0,0.0,0.0,inf,False,0.0
DP3M1220,"3M DRUM PAPER 12"" 20G ROLL",2025-01-26,2026-01-26,3.0,0.0,0.0,0.0,0.0,0.0,0.0,0.0,inf,False,0.0
DP3M1220,"3M DRUM PAPER 12"" 20G ROLL",2025-01-26,2026-01-26,4.0,0.0,0.0,0.0,0.0,0.0,0.0,0.0,inf,False,0.0
DP3M1220,"3M DRUM PAPER 12"" 20G ROLL",2025-01-26,2026-01-26,6.0,0.0,0.0,0.0,0.0,0.0,0.0,0.0,inf,False,0.0
DP3M1236,"3M DRUM PAPER 12"" 36G ROLL",2025-01-26,2026-01-26,1.0,1.0,0.08333333333333333,0.16666666666666666,0.25,3.0,0.0,3.0,36.0,False,0.0
DP3M1236,"3M DRUM PAPER 12"" 36G ROLL",2025-01-26,2026-01-26,3.0,3.0,0.25,0.5,0.75,0.0,0.0,0.0,0.0,True,0.75
DP3M1236,"3M DRUM PAPER 12"" 36G ROLL",2025-01-26,2026-01-26,4.0,2.0,0.16666666666666666,0.3333333333333333,0.5,4.0,0.0,4.0,24.0,False,0.0
DP3M1236,"3M DRUM PAPER 12"" 36G ROLL",2025-01-26,2026-01-26,5.0,0.0,0.0,0.0,0.0,2.0,0.0,2.0,inf,False,0.0
DP3M1236,"3M DRUM PAPER 12"" 36G ROLL",2025-01-26,2026-01-26,6.0,2.0,0.16666666666666666,0.3333333333333333,0.5,1.0,0.0,1.0,6.0,False,0.0
DP3M1236,"3M DRUM PAPER 12"" 36G ROLL",2025-01-26,2026-01-26,8.0,0.0,0.0,0.0,0.0,1.0,0.0,1.0,inf,False,0.0
DP3M1236,"3M DRUM PAPER 12"" 36G ROLL",2025-01-26,2026-01-26,9.0,0.0,0.0,0.0,0.0,1.0,0.0,1.0,inf,False,0.0
DP3M1240,"3M DRUM PAPER 12"" 40G ROLL",2025-01-26,2026-01-26,1.0,1.0,0.08333333333333333,0.16666666666666666,0.25,2.0,0.0,2.0,24.0,False,0.0
DP3M1240,"3M DRUM PAPER 12"" 40G ROLL",2025-01-26,2026-01-26,3.0,3.0,0.25,0.5,0.75,0.0,0.0,0.0,0.0,True,0.75
DP3M1240,"3M DRUM PAPER 12"" 40G ROLL",2025-01-26,2026-01-26,4.0,2.0,0.16666666666666666,0.3333333333333333,0.5,2.0,0.0,2.0,12.0,False,0.0
DP3M1240,"3M DRUM PAPER 12"" 40G ROLL",2025-01-26,2026-01-26,5.0,0.0,0.0,0.0,0.0,1.0,0.0,1.0,inf,False,0.0
DP3M1240,"3M DRUM PAPER 12"" 40G ROLL",2025-01-26,2026-01-26,6.0,3.0,0.25,0.5,0.75,0.0,0.0,0.0,0.0,True,0.75
DP3M1240,"3M DRUM PAPER 12"" 40G ROLL",2025-01-26,2026-01-26,8.0,1.0,0.08333333333333333,0.16666666666666666,0.25,0.0,0.0,0.0,0.0,True,0.25
DP3M1240,"3M DRUM PAPER 12"" 40G ROLL",2025-01-26,2026-01-26,9.0,0.0,0.0,0.0,0.0,1.0,0.0,1.0,inf,False,0.0
DP3M1250,"3M DRUM PAPER 12"" 50G ROLL",2025-01-26,2026-01-26,1.0,2.0,0.16666666666666666,0.3333333333333333,0.5,0.0,0.0,0.0,0.0,False,0.0
DP3M1250,"3M DRUM PAPER 12"" 50G ROLL",2025-01-26,2026-01-26,3.0,1.0,0.08333333333333333,0.16666666666666666,0.25,0.0,0.0,0.0,0.0,False,0.0
DP3M1250,"3M DRUM PAPER 12"" 50G ROLL",2025-01-26,2026-01-26,4.0,0.0,0.0,0.0,0.0,0.0,0.0,0.0,inf,False,0.0
DP3M1250,"3M DRUM PAPER 12"" 50G ROLL",2025-01-26,2026-01-26,5.0,0.0,0.0,0.0,0.0,2.0,0.0,2.0,inf,False,0.0
DP3M1250,"3M DRUM PAPER 12"" 50G ROLL",2025-01-26,2026-01-26,6.0,2.0,0.16666666666666666,0.3333333333333333,0.5,0.0,0.0,0.0,0.0,False,0.0
DP3M1250,"3M DRUM PAPER 12"" 50G ROLL",2025-01-26,2026-01-26,8.0,0.0,0.0,0.0,0.0,2.0,2.0,0.0,inf,False,0.0
DP3M1250,"3M DRUM PAPER 12"" 50G ROLL",2025-01-26,2026-01-26,9.0,0.0,0.0,0.0,0.0,1.0,0.0,1.0,inf,False,0.0
DP3M1260,"3M DRUM PAPER 12"" 60G ROLL",2025-01-26,2026-01-26,1.0,1.0,0.08333333333333333,0.16666666666666666,0.25,0.0,0.0,0.0,0.0,False,0.0
DP3M1260,"3M DRUM PAPER 12"" 60G ROLL",2025-01-26,2026-01-26,3.0,4.0,0.3333333333333333,0.6666666666666666,1.0,0.0,0.0,0.0,0.0,False,0.0
DP3M1260,"3M DRUM PAPER 12"" 60G ROLL",2025-01-26,2026-01-26,4.0,0.0,0.0,0.0,0.0,0.0,0.0,0.0,inf,False,0.0
DP3M1260,"3M DRUM PAPER 12"" 60G ROLL",2025-01-26,2026-01-26,5.0,0.0,0.0,0.0,0.0,1.0,0.0,1.0,inf,False,0.0
DP3M1260,"3M DRUM PAPER 12"" 60G ROLL",2025-01-26,2026-01-26,6.0,0.0,0.0,0.0,0.0,0.0,0.0,0.0,inf,False,0.0
DP3M1260,"3M DRUM PAPER 12"" 60G ROLL",2025-01-26,2026-01-26,8.0,0.0,0.0,0.0,0.0,1.0,0.0,1.0,inf,False,0.0
DP3M1260,"3M DRUM PAPER 12"" 60G ROLL",2025-01-26,2026-01-26,9.0,0.0,0.0,0.0,0.0,0.0,0.0,0.0,inf,False,0.0
DP3M1280,"3M DRUM PAPER 12"" 80G ROLL",2025-01-26,2026-01-26,1.0,1.0,0.08333333333333333,0.16666666666666666,0.25,1.0,0.0,1.0,12.0,False,0.0
DP3M1280,"3M DRUM PAPER 12"" 80G ROLL",2025-01-26,2026-01-26,3.0,1.0,0.08333333333333333,0.16666666666666666,0.25,2.0,0.0,2.0,24.0,False,0.0
DP3M1280,"3M DRUM PAPER 12"" 80G ROLL",2025-01-26,2026-01-26,4.0,1.0,0.08333333333333333,0.16666666666666666,0.25,2.0,0.0,2.0,24.0,False,0.0
DP3M1280,"3M DRUM PAPER 12"" 80G ROLL",2025-01-26,2026-01-26,5.0,0.0,0.0,0.0,0.0,2.0,0.0,2.0,inf,False,0.0
DP3M1280,"3M DRUM PAPER 12"" 80G ROLL",2025-01-26,2026-01-26,6.0,0.0,0.0,0.0,0.0,0.0,0.0,0.0,inf,False,0.0
DP3M1280,"3M DRUM PAPER 12"" 80G ROLL",2025-01-26,2026-01-26,8.0,0.0,0.0,0.0,0.0,2.0,0.0,2.0,inf,False,0.0
DP3M1280,"3M DRUM PAPER 12"" 80G ROLL",2025-01-26,2026-01-26,9.0,0.0,0.0,0.0,0.0,1.0,0.0,1.0,inf,False,0.0
DPNO83293,"NORTON DRUM PAPER 12"" 80G ROLL",2025-01-26,2026-01-26,1.0,0.0,0.0,0.0,0.0,0.0,0.0,0.0,inf,False,0.0
DPNO83293,"NORTON DRUM PAPER 12"" 80G ROLL",2025-01-26,2026-01-26,3.0,0.0,0.0,0.0,0.0,1.0,0.0,1.0,inf,False,0.0
DPNO83293,"NORTON DRUM PAPER 12"" 80G ROLL",2025-01-26,2026-01-26,4.0,0.0,0.0,0.0,0.0,1.0,0.0,1.0,inf,False,0.0
DPNO83293,"NORTON DRUM PAPER 12"" 80G ROLL",2025-01-26,2026-01-26,5.0,0.0,0.0,0.0,0.0,0.0,0.0,0.0,inf,False,0.0
DPNO83293,"NORTON DRUM PAPER 12"" 80G ROLL",2025-01-26,2026-01-26,6.0,0.0,0.0,0.0,0.0,0.0,0.0,0.0,inf,False,0.0
DPNO83293,"NORTON DRUM PAPER 12"" 80G ROLL",2025-01-26,2026-01-26,8.0,0.0,0.0,0.0,0.0,1.0,0.0,1.0,inf,False,0.0
DPNO83293,"NORTON DRUM PAPER 12"" 80G ROLL",2025-01-26,2026-01-26,9.0,0.0,0.0,0.0,0.0,1.0,0.0,1.0,inf,False,0.0
ED3M1005,3M EDGER DISC 7X 5/16 100G REG,2025-01-26,2026-01-26,1.0,6029.0,502.4166666666667,1004.8333333333334,1507.25,2941.0,450.0,2491.0,4.958036158566927,False,0.0
ED3M1005,3M EDGER DISC 7X 5/16 100G REG,2025-01-26,2026-01-26,3.0,8276.0,689.6666666666666,1379.3333333333333,2069.0,1099.0,0.0,1099.0,1.593523441275979,True,970.0
ED3M1005,3M EDGER DISC 7X 5/16 100G REG,2025-01-26,2026-01-26,4.0,3158.0,263.1666666666667,526.3333333333334,789.5,957.0,515.0,442.0,1.6795440151994931,True,347.5
ED3M1005,3M EDGER DISC 7X 5/16 100G REG,2025-01-26,2026-01-26,5.0,1245.0,103.75,207.5,311.25,225.0,50.0,175.0,1.6867469879518073,True,136.25
ED3M1005,3M EDGER DISC 7X 5/16 100G REG,2025-01-26,2026-01-26,6.0,5535.0,461.25,922.5,1383.75,1568.0,50.0,1518.0,3.2910569105691057,False,0.0
ED3M1005,3M EDGER DISC 7X 5/16 100G REG,2025-01-26,2026-01-26,8.0,1416.0,118.0,236.0,354.0,189.0,0.0,189.0,1.6016949152542372,True,165.0
ED3M1005,3M EDGER DISC 7X 5/16 100G REG,2025-01-26,2026-01-26,9.0,2246.0,187.16666666666666,374.3333333333333,561.5,454.0,39.0,415.0,2.2172751558325916,False,0.0
ED3M1007,3M EDGER DISC 7 X 7/8 100G REG,2025-01-26,2026-01-26,1.0,9300.0,775.0,1550.0,2325.0,6900.0,100.0,6800.0,8.774193548387096,False,0.0
ED3M1007,3M EDGER DISC 7 X 7/8 100G REG,2025-01-26,2026-01-26,3.0,9600.0,800.0,1600.0,2400.0,1625.0,0.0,1625.0,2.03125,False,0.0
ED3M1007,3M EDGER DISC 7 X 7/8 100G REG,2025-01-26,2026-01-26,4.0,4950.0,412.5,825.0,1237.5,1327.0,0.0,1327.0,3.216969696969697,False,0.0
ED3M1007,3M EDGER DISC 7 X 7/8 100G REG,2025-01-26,2026-01-26,5.0,2251.0,187.58333333333334,375.1666666666667,562.75,725.0,0.0,725.0,3.8649489115948463,False,0.0
ED3M1007,3M EDGER DISC 7 X 7/8 100G REG,2025-01-26,2026-01-26,6.0,9329.0,777.4166666666666,1554.8333333333333,2332.25,1761.0,25.0,1736.0,2.2330367670704256,False,0.0
ED3M1007,3M EDGER DISC 7 X 7/8 100G REG,2025-01-26,2026-01-26,8.0,2250.0,187.5,375.0,562.5,545.0,0.0,545.0,2.9066666666666667,False,0.0
ED3M1007,3M EDGER DISC 7 X 7/8 100G REG,2025-01-26,2026-01-26,9.0,3014.0,251.16666666666666,502.3333333333333,753.5,990.0,1.0,989.0,3.9376244193762444,False,0.0
ED3M1205,3M EDGER DISC 7X5/16 120G REGA,2025-01-26,2026-01-26,1.0,1245.0,103.75,207.5,311.25,1027.0,25.0,1002.0,9.657831325301204,False,0.0
ED3M1205,3M EDGER DISC 7X5/16 120G REGA,2025-01-26,2026-01-26,3.0,1225.0,102.08333333333333,204.16666666666666,306.25,225.0,0.0,225.0,2.2040816326530615,False,0.0
ED3M1205,3M EDGER DISC 7X5/16 120G REGA,2025-01-26,2026-01-26,4.0,1625.0,135.41666666666666,270.8333333333333,406.25,350.0,0.0,350.0,2.5846153846153848,False,0.0
ED3M1205,3M EDGER DISC 7X5/16 120G REGA,2025-01-26,2026-01-26,5.0,532.0,44.333333333333336,88.66666666666667,133.0,600.0,0.0,600.0,13.533834586466165,False,0.0
ED3M1205,3M EDGER DISC 7X5/16 120G REGA,2025-01-26,2026-01-26,6.0,1043.0,86.91666666666667,173.83333333333334,260.75,426.0,0.0,426.0,4.901246404602109,False,0.0
ED3M1205,3M EDGER DISC 7X5/16 120G REGA,2025-01-26,2026-01-26,8.0,304.0,25.333333333333332,50.666666666666664,76.0,219.0,0.0,219.0,8.644736842105264,False,0.0
ED3M1205,3M EDGER DISC 7X5/16 120G REGA,2025-01-26,2026-01-26,9.0,629.0,52.416666666666664,104.83333333333333,157.25,375.0,1.0,374.0,7.135135135135135,False,0.0
ED3M1207,3M EDGER DISC 7 X 7/8 120G REG,2025-01-26,2026-01-26,1.0,1510.0,125.83333333333333,251.66666666666666,377.5,1538.0,0.0,1538.0,12.22251655629139,False,0.0
ED3M1207,3M EDGER DISC 7 X 7/8 120G REG,2025-01-26,2026-01-26,3.0,4025.0,335.4166666666667,670.8333333333334,1006.25,1000.0,0.0,1000.0,2.981366459627329,False,0.0
ED3M1207,3M EDGER DISC 7 X 7/8 120G REG,2025-01-26,2026-01-26,4.0,1150.0,95.83333333333333,191.66666666666666,287.5,619.0,0.0,619.0,6.459130434782609,False,0.0
ED3M1207,3M EDGER DISC 7 X 7/8 120G REG,2025-01-26,2026-01-26,5.0,1755.0,146.25,292.5,438.75,487.0,50.0,437.0,2.988034188034188,False,0.0
ED3M1207,3M EDGER DISC 7 X 7/8 120G REG,2025-01-26,2026-01-26,6.0,3450.0,287.5,575.0,862.5,650.0,0.0,650.0,2.260869565217391,False,0.0
ED3M1207,3M EDGER DISC 7 X 7/8 120G REG,2025-01-26,2026-01-26,8.0,251.0,20.916666666666668,41.833333333333336,62.75,470.0,0.0,470.0,22.47011952191235,False,0.0
ED3M1207,3M EDGER DISC 7 X 7/8 120G REG,2025-01-26,2026-01-26,9.0,1604.0,133.66666666666666,267.3333333333333,401.0,921.0,0.0,921.0,6.890274314214464,False,0.0
ED3M125,3M EDGER DISC 7 X 5/16 12G RES,2025-01-26,2026-01-26,1.0,378.0,31.5,63.0,94.5,424.0,0.0,424.0,13.46031746031746,False,0.0
ED3M125,3M EDGER DISC 7 X 5/16 12G RES,2025-01-26,2026-01-26,3.0,606.0,50.5,101.0,151.5,612.0,0.0,612.0,12.118811881188119,False,0.0
ED3M125,3M EDGER DISC 7 X 5/16 12G RES,2025-01-26,2026-01-26,4.0,361.0,30.083333333333332,60.166666666666664,90.25,364.0,0.0,364.0,12.09972299168975,False,0.0
ED3M125,3M EDGER DISC 7 X 5/16 12G RES,2025-01-26,2026-01-26,5.0,304.0,25.333333333333332,50.666666666666664,76.0,100.0,0.0,100.0,3.947368421052632,False,0.0
ED3M125,3M EDGER DISC 7 X 5/16 12G RES,2025-01-26,2026-01-26,6.0,106.0,8.833333333333334,17.666666666666668,26.5,325.0,0.0,325.0,36.79245283018868,False,0.0
ED3M125,3M EDGER DISC 7 X 5/16 12G RES,2025-01-26,2026-01-26,8.0,146.0,12.166666666666666,24.333333333333332,36.5,290.0,0.0,290.0,23.835616438356166,False,0.0
ED3M125,3M EDGER DISC 7 X 5/16 12G RES,2025-01-26,2026-01-26,9.0,5.0,0.4166666666666667,0.8333333333333334,1.25,385.0,0.0,385.0,924.0,False,0.0
ED3M127,3M EDGER DISC 7 X 7/8 12G RESI,2025-01-26,2026-01-26,1.0,594.0,49.5,99.0,148.5,360.0,0.0,360.0,7.2727272727272725,False,0.0
ED3M127,3M EDGER DISC 7 X 7/8 12G RESI,2025-01-26,2026-01-26,3.0,408.0,34.0,68.0,102.0,421.0,0.0,421.0,12.382352941176471,False,0.0
ED3M127,3M EDGER DISC 7 X 7/8 12G RESI,2025-01-26,2026-01-26,4.0,27.0,2.25,4.5,6.75,63.0,0.0,63.0,28.0,False,0.0
ED3M127,3M EDGER DISC 7 X 7/8 12G RESI,2025-01-26,2026-01-26,5.0,83.0,6.916666666666667,13.833333333333334,20.75,78.0,0.0,78.0,11.27710843373494,False,0.0
ED3M127,3M EDGER DISC 7 X 7/8 12G RESI,2025-01-26,2026-01-26,6.0,783.0,65.25,130.5,195.75,275.0,0.0,275.0,4.21455938697318,False,0.0
ED3M127,3M EDGER DISC 7 X 7/8 12G RESI,2025-01-26,2026-01-26,8.0,13.0,1.0833333333333333,2.1666666666666665,3.25,192.0,0.0,192.0,177.23076923076925,False,0.0
ED3M127,3M EDGER DISC 7 X 7/8 12G RESI,2025-01-26,2026-01-26,9.0,158.0,13.166666666666666,26.333333333333332,39.5,225.0,0.0,225.0,17.08860759493671,False,0.0
ED3M1507,3M EDGER DISC 7 X 7/8 150 REGA,2025-01-26,2026-01-26,1.0,700.0,58.333333333333336,116.66666666666667,175.0,200.0,0.0,200.0,3.4285714285714284,False,0.0
ED3M1507,3M EDGER DISC 7 X 7/8 150 REGA,2025-01-26,2026-01-26,3.0,300.0,25.0,50.0,75.0,400.0,0.0,400.0,16.0,False,0.0
ED3M1507,3M EDGER DISC 7 X 7/8 150 REGA,2025-01-26,2026-01-26,4.0,0.0,0.0,0.0,0.0,124.0,0.0,124.0,inf,False,0.0
ED3M1507,3M EDGER DISC 7 X 7/8 150 REGA,2025-01-26,2026-01-26,5.0,0.0,0.0,0.0,0.0,66.0,0.0,66.0,inf,False,0.0
ED3M1507,3M EDGER DISC 7 X 7/8 150 REGA,2025-01-26,2026-01-26,6.0,219.0,18.25,36.5,54.75,158.0,0.0,158.0,8.657534246575343,False,0.0
ED3M1507,3M EDGER DISC 7 X 7/8 150 REGA,2025-01-26,2026-01-26,8.0,0.0,0.0,0.0,0.0,375.0,0.0,375.0,inf,False,0.0
ED3M1507,3M EDGER DISC 7 X 7/8 150 REGA,2025-01-26,2026-01-26,9.0,0.0,0.0,0.0,0.0,100.0,0.0,100.0,inf,False,0.0
ED3M167,*3M EDGER DISC 7 X 7/8 16GRESI,2025-01-26,2026-01-26,1.0,10.0,0.8333333333333334,1.6666666666666667,2.5,0.0,0.0,0.0,0.0,False,0.0
ED3M167,*3M EDGER DISC 7 X 7/8 16GRESI,2025-01-26,2026-01-26,3.0,0.0,0.0,0.0,0.0,0.0,0.0,0.0,inf,False,0.0
ED3M167,*3M EDGER DISC 7 X 7/8 16GRESI,2025-01-26,2026-01-26,4.0,0.0,0.0,0.0,0.0,0.0,0.0,0.0,inf,False,0.0
ED3M167,*3M EDGER DISC 7 X 7/8 16GRESI,2025-01-26,2026-01-26,5.0,0.0,0.0,0.0,0.0,0.0,0.0,0.0,inf,False,0.0
ED3M167,*3M EDGER DISC 7 X 7/8 16GRESI,2025-01-26,2026-01-26,6.0,0.0,0.0,0.0,0.0,0.0,0.0,0.0,inf,False,0.0
ED3M167,*3M EDGER DISC 7 X 7/8 16GRESI,2025-01-26,2026-01-26,8.0,0.0,0.0,0.0,0.0,0.0,0.0,0.0,inf,False,0.0
ED3M167,*3M EDGER DISC 7 X 7/8 16GRESI,2025-01-26,2026-01-26,9.0,0.0,0.0,0.0,0.0,0.0,0.0,0.0,inf,False,0.0
ED3M245,3M EDGER DISC 7 X 5/16 24G RES,2025-01-26,2026-01-26,1.0,156.0,13.0,26.0,39.0,287.0,0.0,287.0,22.076923076923077,False,0.0
ED3M245,3M EDGER DISC 7 X 5/16 24G RES,2025-01-26,2026-01-26,3.0,211.0,17.583333333333332,35.166666666666664,52.75,148.0,0.0,148.0,8.417061611374407,False,0.0
ED3M245,3M EDGER DISC 7 X 5/16 24G RES,2025-01-26,2026-01-26,4.0,250.0,20.833333333333332,41.666666666666664,62.5,112.0,0.0,112.0,5.376,False,0.0
ED3M245,3M EDGER DISC 7 X 5/16 24G RES,2025-01-26,2026-01-26,5.0,13.0,1.0833333333333333,2.1666666666666665,3.25,479.0,0.0,479.0,442.1538461538462,False,0.0
ED3M245,3M EDGER DISC 7 X 5/16 24G RES,2025-01-26,2026-01-26,6.0,304.0,25.333333333333332,50.666666666666664,76.0,282.0,0.0,282.0,11.131578947368421,False,0.0
ED3M245,3M EDGER DISC 7 X 5/16 24G RES,2025-01-26,2026-01-26,8.0,20.0,1.6666666666666667,3.3333333333333335,5.0,155.0,0.0,155.0,93.0,False,0.0
ED3M245,3M EDGER DISC 7 X 5/16 24G RES,2025-01-26,2026-01-26,9.0,19.0,1.5833333333333333,3.1666666666666665,4.75,327.0,0.0,327.0,206.5263157894737,False,0.0
ED3M247,3M EDGER DISC 7 x 7/8 24G RESI,2025-01-26,2026-01-26,1.0,123.0,10.25,20.5,30.75,163.0,0.0,163.0,15.902439024390244,False,0.0
ED3M247,3M EDGER DISC 7 x 7/8 24G RESI,2025-01-26,2026-01-26,3.0,509.0,42.416666666666664,84.83333333333333,127.25,256.0,0.0,256.0,6.035363457760314,False,0.0
ED3M247,3M EDGER DISC 7 x 7/8 24G RESI,2025-01-26,2026-01-26,4.0,413.0,34.416666666666664,68.83333333333333,103.25,237.0,0.0,237.0,6.886198547215497,False,0.0
ED3M247,3M EDGER DISC 7 x 7/8 24G RESI,2025-01-26,2026-01-26,5.0,108.0,9.0,18.0,27.0,125.0,0.0,125.0,13.88888888888889,False,0.0
ED3M247,3M EDGER DISC 7 x 7/8 24G RESI,2025-01-26,2026-01-26,6.0,50.0,4.166666666666667,8.333333333333334,12.5,165.0,0.0,165.0,39.599999999999994,False,0.0
ED3M247,3M EDGER DISC 7 x 7/8 24G RESI,2025-01-26,2026-01-26,8.0,30.0,2.5,5.0,7.5,234.0,0.0,234.0,93.6,False,0.0
ED3M247,3M EDGER DISC 7 x 7/8 24G RESI,2025-01-26,2026-01-26,9.0,101.0,8.416666666666666,16.833333333333332,25.25,74.0,0.0,74.0,8.792079207920793,False,0.0
ED3M365,3M EDGER DISC 7 X 5/16 36G REG,2025-01-26,2026-01-26,1.0,3081.0,256.75,513.5,770.25,1631.0,0.0,1631.0,6.3524829600778965,False,0.0
ED3M365,3M EDGER DISC 7 X 5/16 36G REG,2025-01-26,2026-01-26,3.0,3150.0,262.5,525.0,787.5,925.0,0.0,925.0,3.5238095238095237,False,0.0
ED3M365,3M EDGER DISC 7 X 5/16 36G REG,2025-01-26,2026-01-26,4.0,2504.0,208.66666666666666,417.3333333333333,626.0,417.0,0.0,417.0,1.9984025559105432,True,209.0
ED3M365,3M EDGER DISC 7 X 5/16 36G REG,2025-01-26,2026-01-26,5.0,375.0,31.25,62.5,93.75,375.0,0.0,375.0,12.0,False,0.0
ED3M365,3M EDGER DISC 7 X 5/16 36G REG,2025-01-26,2026-01-26,6.0,2062.0,171.83333333333334,343.6666666666667,515.5,288.0,0.0,288.0,1.6760426770126091,True,227.5
ED3M365,3M EDGER DISC 7 X 5/16 36G REG,2025-01-26,2026-01-26,8.0,625.0,52.083333333333336,104.16666666666667,156.25,300.0,0.0,300.0,5.76,False,0.0
ED3M365,3M EDGER DISC 7 X 5/16 36G REG,2025-01-26,2026-01-26,9.0,1425.0,118.75,237.5,356.25,375.0,25.0,350.0,2.9473684210526314,False,0.0
ED3M367,3M EDGER DISC 7 X 7/8 36G REGA,2025-01-26,2026-01-26,1.0,2100.0,175.0,350.0,525.0,2445.0,0.0,2445.0,13.971428571428572,False,0.0
ED3M367,3M EDGER DISC 7 X 7/8 36G REGA,2025-01-26,2026-01-26,3.0,3900.0,325.0,650.0,975.0,825.0,0.0,825.0,2.5384615384615383,False,0.0
ED3M367,3M EDGER DISC 7 X 7/8 36G REGA,2025-01-26,2026-01-26,4.0,2754.0,229.5,459.0,688.5,940.0,0.0,940.0,4.095860566448802,False,0.0
ED3M367,3M EDGER DISC 7 X 7/8 36G REGA,2025-01-26,2026-01-26,5.0,1801.0,150.08333333333334,300.1666666666667,450.25,375.0,0.0,375.0,2.498611882287618,False,0.0
ED3M367,3M EDGER DISC 7 X 7/8 36G REGA,2025-01-26,2026-01-26,6.0,3950.0,329.1666666666667,658.3333333333334,987.5,888.0,0.0,888.0,2.6977215189873416,False,0.0
ED3M367,3M EDGER DISC 7 X 7/8 36G REGA,2025-01-26,2026-01-26,8.0,725.0,60.416666666666664,120.83333333333333,181.25,300.0,0.0,300.0,4.9655172413793105,False,0.0
ED3M367,3M EDGER DISC 7 X 7/8 36G REGA,2025-01-26,2026-01-26,9.0,1275.0,106.25,212.5,318.75,525.0,0.0,525.0,4.9411764705882355,False,0.0
ED3M405,3M EDGER DISC 7 X 5/16 40G REG,2025-01-26,2026-01-26,1.0,1105.0,92.08333333333333,184.16666666666666,276.25,1786.0,25.0,1761.0,19.12398190045249,False,0.0
ED3M405,3M EDGER DISC 7 X 5/16 40G REG,2025-01-26,2026-01-26,3.0,4175.0,347.9166666666667,695.8333333333334,1043.75,700.0,0.0,700.0,2.0119760479041915,False,0.0
ED3M405,3M EDGER DISC 7 X 5/16 40G REG,2025-01-26,2026-01-26,4.0,1800.0,150.0,300.0,450.0,605.0,0.0,605.0,4.033333333333333,False,0.0
ED3M405,3M EDGER DISC 7 X 5/16 40G REG,2025-01-26,2026-01-26,5.0,1877.0,156.41666666666666,312.8333333333333,469.25,463.0,88.0,375.0,2.3974427277570594,False,0.0
ED3M405,3M EDGER DISC 7 X 5/16 40G REG,2025-01-26,2026-01-26,6.0,1725.0,143.75,287.5,431.25,574.0,0.0,574.0,3.9930434782608697,False,0.0
ED3M405,3M EDGER DISC 7 X 5/16 40G REG,2025-01-26,2026-01-26,8.0,500.0,41.666666666666664,83.33333333333333,125.0,276.0,0.0,276.0,6.6240000000000006,False,0.0
ED3M405,3M EDGER DISC 7 X 5/16 40G REG,2025-01-26,2026-01-26,9.0,575.0,47.916666666666664,95.83333333333333,143.75,525.0,0.0,525.0,10.956521739130435,False,0.0
ED3M407,3M EDGER DISC 7 X 7/8 40G REGA,2025-01-26,2026-01-26,1.0,2429.0,202.41666666666666,404.8333333333333,607.25,4509.0,125.0,4384.0,21.65829559489502,False,0.0
ED3M407,3M EDGER DISC 7 X 7/8 40G REGA,2025-01-26,2026-01-26,3.0,2625.0,218.75,437.5,656.25,550.0,25.0,525.0,2.4,False,0.0
ED3M407,3M EDGER DISC 7 X 7/8 40G REGA,2025-01-26,2026-01-26,4.0,1900.0,158.33333333333334,316.6666666666667,475.0,700.0,0.0,700.0,4.421052631578947,False,0.0
ED3M407,3M EDGER DISC 7 X 7/8 40G REGA,2025-01-26,2026-01-26,5.0,1833.0,152.75,305.5,458.25,525.0,100.0,425.0,2.7823240589198037,False,0.0
ED3M407,3M EDGER DISC 7 X 7/8 40G REGA,2025-01-26,2026-01-26,6.0,2725.0,227.08333333333334,454.1666666666667,681.25,641.0,0.0,641.0,2.8227522935779814,False,0.0
ED3M407,3M EDGER DISC 7 X 7/8 40G REGA,2025-01-26,2026-01-26,8.0,1225.0,102.08333333333333,204.16666666666666,306.25,200.0,0.0,200.0,1.959183673469388,True,106.25
ED3M407,3M EDGER DISC 7 X 7/8 40G REGA,2025-01-26,2026-01-26,9.0,800.0,66.66666666666667,133.33333333333334,200.0,400.0,0.0,400.0,6.0,False,0.0
ED3M505,3M EDGER DISC 7 X 5/16 50G REG,2025-01-26,2026-01-26,1.0,3935.0,327.9166666666667,655.8333333333334,983.75,2240.0,300.0,1940.0,5.916137229987293,False,0.0
ED3M505,3M EDGER DISC 7 X 5/16 50G REG,2025-01-26,2026-01-26,3.0,4051.0,337.5833333333333,675.1666666666666,1012.75,699.0,0.0,699.0,2.0705998518884225,False,0.0
ED3M505,3M EDGER DISC 7 X 5/16 50G REG,2025-01-26,2026-01-26,4.0,2100.0,175.0,350.0,525.0,842.0,0.0,842.0,4.811428571428571,False,0.0
ED3M505,3M EDGER DISC 7 X 5/16 50G REG,2025-01-26,2026-01-26,5.0,837.0,69.75,139.5,209.25,200.0,0.0,200.0,2.867383512544803,False,0.0
ED3M505,3M EDGER DISC 7 X 5/16 50G REG,2025-01-26,2026-01-26,6.0,3175.0,264.5833333333333,529.1666666666666,793.75,825.0,0.0,825.0,3.1181102362204727,False,0.0
ED3M505,3M EDGER DISC 7 X 5/16 50G REG,2025-01-26,2026-01-26,8.0,775.0,64.58333333333333,129.16666666666666,193.75,200.0,0.0,200.0,3.0967741935483875,False,0.0
ED3M505,3M EDGER DISC 7 X 5/16 50G REG,2025-01-26,2026-01-26,9.0,1000.0,83.33333333333333,166.66666666666666,250.0,353.0,53.0,300.0,3.6,False,0.0
ED3M507,3M EDGER DISC 7 X 7/8 50G REGA,2025-01-26,2026-01-26,1.0,6475.0,539.5833333333334,1079.1666666666667,1618.75,6325.0,25.0,6300.0,11.675675675675675,False,0.0
ED3M507,3M EDGER DISC 7 X 7/8 50G REGA,2025-01-26,2026-01-26,3.0,7775.0,647.9166666666666,1295.8333333333333,1943.75,1375.0,25.0,1350.0,2.0836012861736335,False,0.0
ED3M507,3M EDGER DISC 7 X 7/8 50G REGA,2025-01-26,2026-01-26,4.0,1625.0,135.41666666666666,270.8333333333333,406.25,450.0,0.0,450.0,3.3230769230769233,False,0.0
ED3M507,3M EDGER DISC 7 X 7/8 50G REGA,2025-01-26,2026-01-26,5.0,2895.0,241.25,482.5,723.75,550.0,50.0,500.0,2.0725388601036268,False,0.0
ED3M507,3M EDGER DISC 7 X 7/8 50G REGA,2025-01-26,2026-01-26,6.0,7450.0,620.8333333333334,1241.6666666666667,1862.5,1450.0,0.0,1450.0,2.3355704697986575,False,0.0
ED3M507,3M EDGER DISC 7 X 7/8 50G REGA,2025-01-26,2026-01-26,8.0,1241.0,103.41666666666667,206.83333333333334,310.25,305.0,96.0,209.0,2.0209508460918615,False,0.0
ED3M507,3M EDGER DISC 7 X 7/8 50G REGA,2025-01-26,2026-01-26,9.0,1804.0,150.33333333333334,300.6666666666667,451.0,536.0,77.0,459.0,3.0532150776053215,False,0.0
ED3M605,3M EDGER DISC 7 X 5/16 60G,2025-01-26,2026-01-26,1.0,1853.0,154.41666666666666,308.8333333333333,463.25,1603.0,75.0,1528.0,9.895304910955208,False,0.0
ED3M605,3M EDGER DISC 7 X 5/16 60G,2025-01-26,2026-01-26,3.0,3465.0,288.75,577.5,866.25,700.0,25.0,675.0,2.3376623376623376,False,0.0
ED3M605,3M EDGER DISC 7 X 5/16 60G,2025-01-26,2026-01-26,4.0,1606.0,133.83333333333334,267.6666666666667,401.5,506.0,0.0,506.0,3.7808219178082187,False,0.0
ED3M605,3M EDGER DISC 7 X 5/16 60G,2025-01-26,2026-01-26,5.0,726.0,60.5,121.0,181.5,245.0,0.0,245.0,4.049586776859504,False,0.0
ED3M605,3M EDGER DISC 7 X 5/16 60G,2025-01-26,2026-01-26,6.0,2074.0,172.83333333333334,345.6666666666667,518.5,746.0,0.0,746.0,4.316297010607522,False,0.0
ED3M605,3M EDGER DISC 7 X 5/16 60G,2025-01-26,2026-01-26,8.0,460.0,38.333333333333336,76.66666666666667,115.0,518.0,0.0,518.0,13.513043478260869,False,0.0
ED3M605,3M EDGER DISC 7 X 5/16 60G,2025-01-26,2026-01-26,9.0,2181.0,181.75,363.5,545.25,715.0,0.0,715.0,3.9339752407152684,False,0.0
ED3M607,3M EDGER DISC 7 X 7/8 60G REGA,2025-01-26,2026-01-26,1.0,4875.0,406.25,812.5,1218.75,5231.0,0.0,5231.0,12.876307692307693,False,0.0
ED3M607,3M EDGER DISC 7 X 7/8 60G REGA,2025-01-26,2026-01-26,3.0,5700.0,475.0,950.0,1425.0,925.0,0.0,925.0,1.9473684210526316,True,500.0
ED3M607,3M EDGER DISC 7 X 7/8 60G REGA,2025-01-26,2026-01-26,4.0,3452.0,287.6666666666667,575.3333333333334,863.0,988.0,0.0,988.0,3.4345307068366164,False,0.0
ED3M607,3M EDGER DISC 7 X 7/8 60G REGA,2025-01-26,2026-01-26,5.0,1985.0,165.41666666666666,330.8333333333333,496.25,127.0,0.0,127.0,0.7677581863979849,True,369.25
ED3M607,3M EDGER DISC 7 X 7/8 60G REGA,2025-01-26,2026-01-26,6.0,4850.0,404.1666666666667,808.3333333333334,1212.5,689.0,25.0,664.0,1.6428865979381442,True,548.5
ED3M607,3M EDGER DISC 7 X 7/8 60G REGA,2025-01-26,2026-01-26,8.0,1125.0,93.75,187.5,281.25,350.0,0.0,350.0,3.7333333333333334,False,0.0
ED3M607,3M EDGER DISC 7 X 7/8 60G REGA,2025-01-26,2026-01-26,9.0,2737.0,228.08333333333334,456.1666666666667,684.25,928.0,12.0,916.0,4.016075995615638,False,0.0
ED3M61007,3M EDGER DISC 6-7/8 X 7/8 100G,2025-01-26,2026-01-26,1.0,0.0,0.0,0.0,0.0,0.0,0.0,0.0,inf,False,0.0
ED3M61007,3M EDGER DISC 6-7/8 X 7/8 100G,2025-01-26,2026-01-26,3.0,0.0,0.0,0.0,0.0,0.0,0.0,0.0,inf,False,0.0
ED3M61007,3M EDGER DISC 6-7/8 X 7/8 100G,2025-01-26,2026-01-26,4.0,0.0,0.0,0.0,0.0,0.0,0.0,0.0,inf,False,0.0
ED3M61007,3M EDGER DISC 6-7/8 X 7/8 100G,2025-01-26,2026-01-26,5.0,2835.0,236.25,472.5,708.75,898.0,25.0,873.0,3.6952380952380954,False,0.0
ED3M61007,3M EDGER DISC 6-7/8 X 7/8 100G,2025-01-26,2026-01-26,6.0,0.0,0.0,0.0,0.0,0.0,0.0,0.0,inf,False,0.0
ED3M61007,3M EDGER DISC 6-7/8 X 7/8 100G,2025-01-26,2026-01-26,8.0,0.0,0.0,0.0,0.0,0.0,0.0,0.0,inf,False,0.0
ED3M61007,3M EDGER DISC 6-7/8 X 7/8 100G,2025-01-26,2026-01-26,9.0,0.0,0.0,0.0,0.0,0.0,0.0,0.0,inf,False,0.0
ED3M6407,3M EDGER DISC 6-7/8 X 7/8 40G,2025-01-26,2026-01-26,1.0,0.0,0.0,0.0,0.0,0.0,0.0,0.0,inf,False,0.0
ED3M6407,3M EDGER DISC 6-7/8 X 7/8 40G,2025-01-26,2026-01-26,3.0,0.0,0.0,0.0,0.0,0.0,0.0,0.0,inf,False,0.0
ED3M6407,3M EDGER DISC 6-7/8 X 7/8 40G,2025-01-26,2026-01-26,4.0,0.0,0.0,0.0,0.0,0.0,0.0,0.0,inf,False,0.0
ED3M6407,3M EDGER DISC 6-7/8 X 7/8 40G,2025-01-26,2026-01-26,5.0,1481.0,123.41666666666667,246.83333333333334,370.25,1017.0,0.0,1017.0,8.24037812288994,False,0.0
ED3M6407,3M EDGER DISC 6-7/8 X 7/8 40G,2025-01-26,2026-01-26,6.0,0.0,0.0,0.0,0.0,0.0,0.0,0.0,inf,False,0.0
ED3M6507,3M EDGER DISC 6-7/8 X 7/8 50G,2025-01-26,2026-01-26,1.0,0.0,0.0,0.0,0.0,400.0,200.0,200.0,inf,False,0.0
ED3M6507,3M EDGER DISC 6-7/8 X 7/8 50G,2025-01-26,2026-01-26,5.0,1575.0,131.25,262.5,393.75,575.0,0.0,575.0,4.380952380952381,False,0.0
ED3M6507,3M EDGER DISC 6-7/8 X 7/8 50G,2025-01-26,2026-01-26,6.0,0.0,0.0,0.0,0.0,0.0,0.0,0.0,inf,False,0.0
ED3M6507,3M EDGER DISC 6-7/8 X 7/8 50G,2025-01-26,2026-01-26,8.0,0.0,0.0,0.0,0.0,0.0,0.0,0.0,inf,False,0.0
ED3M6607,3M EDGER DISC 6-7/8 X 7/8 60G,2025-01-26,2026-01-26,1.0,0.0,0.0,0.0,0.0,0.0,0.0,0.0,inf,False,0.0
ED3M6607,3M EDGER DISC 6-7/8 X 7/8 60G,2025-01-26,2026-01-26,4.0,0.0,0.0,0.0,0.0,0.0,0.0,0.0,inf,False,0.0
ED3M6607,3M EDGER DISC 6-7/8 X 7/8 60G,2025-01-26,2026-01-26,5.0,973.0,81.08333333333333,162.16666666666666,243.25,225.0,25.0,200.0,2.4665981500513876,False,0.0
ED3M6607,3M EDGER DISC 6-7/8 X 7/8 60G,2025-01-26,2026-01-26,6.0,0.0,0.0,0.0,0.0,0.0,0.0,0.0,inf,False,0.0
ED3M805,3M EDGER DISC 7 X 5/16 80G REG,2025-01-26,2026-01-26,1.0,1546.0,128.83333333333334,257.6666666666667,386.5,1039.0,50.0,989.0,7.676584734799482,False,0.0
ED3M805,3M EDGER DISC 7 X 5/16 80G REG,2025-01-26,2026-01-26,3.0,3075.0,256.25,512.5,768.75,475.0,0.0,475.0,1.853658536585366,True,293.75
ED3M805,3M EDGER DISC 7 X 5/16 80G REG,2025-01-26,2026-01-26,4.0,1350.0,112.5,225.0,337.5,325.0,0.0,325.0,2.888888888888889,False,0.0
ED3M805,3M EDGER DISC 7 X 5/16 80G REG,2025-01-26,2026-01-26,5.0,1553.0,129.41666666666666,258.8333333333333,388.25,850.0,0.0,850.0,6.567933032839665,False,0.0
ED3M805,3M EDGER DISC 7 X 5/16 80G REG,2025-01-26,2026-01-26,6.0,1229.0,102.41666666666667,204.83333333333334,307.25,282.0,0.0,282.0,2.7534580960130186,False,0.0
ED3M805,3M EDGER DISC 7 X 5/16 80G REG,2025-01-26,2026-01-26,8.0,409.0,34.083333333333336,68.16666666666667,102.25,283.0,0.0,283.0,8.30317848410758,False,0.0
ED3M805,3M EDGER DISC 7 X 5/16 80G REG,2025-01-26,2026-01-26,9.0,1877.0,156.41666666666666,312.8333333333333,469.25,534.0,86.0,448.0,2.8641449120937668,False,0.0
ED3M807,3M EDGER DISC 7 X 7/8 80G REGA,2025-01-26,2026-01-26,1.0,1812.0,151.0,302.0,453.0,2977.0,0.0,2977.0,19.71523178807947,False,0.0
ED3M807,3M EDGER DISC 7 X 7/8 80G REGA,2025-01-26,2026-01-26,3.0,2900.0,241.66666666666666,483.3333333333333,725.0,275.0,0.0,275.0,1.1379310344827587,True,450.0
ED3M807,3M EDGER DISC 7 X 7/8 80G REGA,2025-01-26,2026-01-26,4.0,1053.0,87.75,175.5,263.25,436.0,0.0,436.0,4.968660968660969,False,0.0
ED3M807,3M EDGER DISC 7 X 7/8 80G REGA,2025-01-26,2026-01-26,5.0,3921.0,326.75,653.5,980.25,650.0,0.0,650.0,1.9892884468247896,True,330.25
ED3M807,3M EDGER DISC 7 X 7/8 80G REGA,2025-01-26,2026-01-26,6.0,3870.0,322.5,645.0,967.5,525.0,0.0,525.0,1.627906976744186,True,442.5
ED3M807,3M EDGER DISC 7 X 7/8 80G REGA,2025-01-26,2026-01-26,8.0,600.0,50.0,100.0,150.0,293.0,0.0,293.0,5.86,False,0.0
ED3M807,3M EDGER DISC 7 X 7/8 80G REGA,2025-01-26,2026-01-26,9.0,1842.0,153.5,307.0,460.5,733.0,0.0,733.0,4.7752442996742674,False,0.0
EP3M03647,3M MAROON EDGER PAD 7 X 7/8,2025-01-26,2026-01-26,1.0,43.0,3.5833333333333335,7.166666666666667,10.75,22.0,0.0,22.0,6.13953488372093,False,0.0
EP3M03647,3M MAROON EDGER PAD 7 X 7/8,2025-01-26,2026-01-26,3.0,34.0,2.8333333333333335,5.666666666666667,8.5,46.0,0.0,46.0,16.235294117647058,False,0.0
EP3M03647,3M MAROON EDGER PAD 7 X 7/8,2025-01-26,2026-01-26,4.0,36.0,3.0,6.0,9.0,30.0,0.0,30.0,10.0,False,0.0
EP3M03647,3M MAROON EDGER PAD 7 X 7/8,2025-01-26,2026-01-26,5.0,51.0,4.25,8.5,12.75,23.0,0.0,23.0,5.411764705882353,False,0.0
EP3M03647,3M MAROON EDGER PAD 7 X 7/8,2025-01-26,2026-01-26,6.0,26.0,2.1666666666666665,4.333333333333333,6.5,18.0,0.0,18.0,8.307692307692308,False,0.0
EP3M03647,3M MAROON EDGER PAD 7 X 7/8,2025-01-26,2026-01-26,8.0,54.0,4.5,9.0,13.5,29.0,0.0,29.0,6.444444444444445,False,0.0
EP3M03647,3M MAROON EDGER PAD 7 X 7/8,2025-01-26,2026-01-26,9.0,46.0,3.8333333333333335,7.666666666666667,11.5,4.0,0.0,4.0,1.0434782608695652,True,7.5
EP3M03648,3M MAROON EDGER PAD 7 X 5/16,2025-01-26,2026-01-26,1.0,46.0,3.8333333333333335,7.666666666666667,11.5,75.0,7.0,68.0,17.73913043478261,False,0.0
EP3M03648,3M MAROON EDGER PAD 7 X 5/16,2025-01-26,2026-01-26,3.0,99.0,8.25,16.5,24.75,50.0,0.0,50.0,6.0606060606060606,False,0.0
EP3M03648,3M MAROON EDGER PAD 7 X 5/16,2025-01-26,2026-01-26,4.0,58.0,4.833333333333333,9.666666666666666,14.5,21.0,0.0,21.0,4.344827586206897,False,0.0
EP3M03648,3M MAROON EDGER PAD 7 X 5/16,2025-01-26,2026-01-26,5.0,42.0,3.5,7.0,10.5,59.0,0.0,59.0,16.857142857142858,False,0.0
EP3M03648,3M MAROON EDGER PAD 7 X 5/16,2025-01-26,2026-01-26,6.0,45.0,3.75,7.5,11.25,34.0,0.0,34.0,9.066666666666666,False,0.0
EP3M03648,3M MAROON EDGER PAD 7 X 5/16,2025-01-26,2026-01-26,8.0,1.0,0.08333333333333333,0.16666666666666666,0.25,17.0,0.0,17.0,204.0,False,0.0
EP3M03648,3M MAROON EDGER PAD 7 X 5/16,2025-01-26,2026-01-26,9.0,19.0,1.5833333333333333,3.1666666666666665,4.75,30.0,0.0,30.0,18.947368421052634,False,0.0
EP3M09152,3M WHT EDGER PAD 6 7/8 X 5/16,2025-01-26,2026-01-26,1.0,218.0,18.166666666666668,36.333333333333336,54.5,75.0,4.0,71.0,3.9082568807339446,False,0.0
EP3M09152,3M WHT EDGER PAD 6 7/8 X 5/16,2025-01-26,2026-01-26,3.0,174.0,14.5,29.0,43.5,74.0,2.0,72.0,4.9655172413793105,False,0.0
EP3M09152,3M WHT EDGER PAD 6 7/8 X 5/16,2025-01-26,2026-01-26,4.0,40.0,3.3333333333333335,6.666666666666667,10.0,48.0,0.0,48.0,14.399999999999999,False,0.0
EP3M09152,3M WHT EDGER PAD 6 7/8 X 5/16,2025-01-26,2026-01-26,5.0,60.0,5.0,10.0,15.0,36.0,0.0,36.0,7.2,False,0.0
EP3M09152,3M WHT EDGER PAD 6 7/8 X 5/16,2025-01-26,2026-01-26,6.0,171.0,14.25,28.5,42.75,41.0,0.0,41.0,2.8771929824561404,False,0.0
EP3M09152,3M WHT EDGER PAD 6 7/8 X 5/16,2025-01-26,2026-01-26,8.0,26.0,2.1666666666666665,4.333333333333333,6.5,20.0,0.0,20.0,9.230769230769232,False,0.0
EP3M09152,3M WHT EDGER PAD 6 7/8 X 5/16,2025-01-26,2026-01-26,9.0,43.0,3.5833333333333335,7.166666666666667,10.75,54.0,0.0,54.0,15.069767441860465,False,0.0
EP3M09153,3M WHITE EDGER PAD 7 X 7/8,2025-01-26,2026-01-26,1.0,94.0,7.833333333333333,15.666666666666666,23.5,124.0,4.0,120.0,15.319148936170214,False,0.0
EP3M09153,3M WHITE EDGER PAD 7 X 7/8,2025-01-26,2026-01-26,3.0,99.0,8.25,16.5,24.75,58.0,0.0,58.0,7.03030303030303,False,0.0
EP3M09153,3M WHITE EDGER PAD 7 X 7/8,2025-01-26,2026-01-26,4.0,13.0,1.0833333333333333,2.1666666666666665,3.25,31.0,0.0,31.0,28.615384615384617,False,0.0
EP3M09153,3M WHITE EDGER PAD 7 X 7/8,2025-01-26,2026-01-26,5.0,114.0,9.5,19.0,28.5,75.0,0.0,75.0,7.894736842105263,False,0.0
EP3M09153,3M WHITE EDGER PAD 7 X 7/8,2025-01-26,2026-01-26,6.0,38.0,3.1666666666666665,6.333333333333333,9.5,19.0,0.0,19.0,6.0,False,0.0
EP3M09153,3M WHITE EDGER PAD 7 X 7/8,2025-01-26,2026-01-26,8.0,44.0,3.6666666666666665,7.333333333333333,11.0,53.0,0.0,53.0,14.454545454545455,False,0.0
EP3M09153,3M WHITE EDGER PAD 7 X 7/8,2025-01-26,2026-01-26,9.0,53.0,4.416666666666667,8.833333333333334,13.25,52.0,0.0,52.0,11.773584905660377,False,0.0
EP3M1100,3M FOAM EAR PLUGS,2025-01-26,2026-01-26,1.0,229.0,19.083333333333332,38.166666666666664,57.25,571.0,0.0,571.0,29.921397379912666,False,0.0
EP3M1100,3M FOAM EAR PLUGS,2025-01-26,2026-01-26,3.0,0.0,0.0,0.0,0.0,35.0,0.0,35.0,inf,False,0.0
EP3M1100,3M FOAM EAR PLUGS,2025-01-26,2026-01-26,4.0,12.0,1.0,2.0,3.0,188.0,0.0,188.0,188.0,False,0.0
EP3M1100,3M FOAM EAR PLUGS,2025-01-26,2026-01-26,5.0,20.0,1.6666666666666667,3.3333333333333335,5.0,180.0,0.0,180.0,108.0,False,0.0
EP3M1100,3M FOAM EAR PLUGS,2025-01-26,2026-01-26,6.0,0.0,0.0,0.0,0.0,200.0,0.0,200.0,inf,False,0.0
EP3M1100,3M FOAM EAR PLUGS,2025-01-26,2026-01-26,8.0,0.0,0.0,0.0,0.0,68.0,0.0,68.0,inf,False,0.0
EP3M1100,3M FOAM EAR PLUGS,2025-01-26,2026-01-26,9.0,84.0,7.0,14.0,21.0,116.0,0.0,116.0,16.571428571428573,False,0.0
EP3M905434DC,3M HEARING PROTECTOR-BLUETOOTH,2025-01-26,2026-01-26,1.0,1.0,0.08333333333333333,0.16666666666666666,0.25,0.0,0.0,0.0,0.0,False,0.0
EP3M905434DC,3M HEARING PROTECTOR-BLUETOOTH,2025-01-26,2026-01-26,3.0,1.0,0.08333333333333333,0.16666666666666666,0.25,2.0,0.0,2.0,24.0,False,0.0
EP3M905434DC,3M HEARING PROTECTOR-BLUETOOTH,2025-01-26,2026-01-26,4.0,0.0,0.0,0.0,0.0,1.0,0.0,1.0,inf,False,0.0
EP3M905434DC,3M HEARING PROTECTOR-BLUETOOTH,2025-01-26,2026-01-26,5.0,0.0,0.0,0.0,0.0,3.0,2.0,1.0,inf,False,0.0
EP3M905434DC,3M HEARING PROTECTOR-BLUETOOTH,2025-01-26,2026-01-26,6.0,0.0,0.0,0.0,0.0,1.0,1.0,0.0,inf,False,0.0
EP3M905434DC,3M HEARING PROTECTOR-BLUETOOTH,2025-01-26,2026-01-26,8.0,0.0,0.0,0.0,0.0,1.0,0.0,1.0,inf,False,0.0
EP3M905434DC,3M HEARING PROTECTOR-BLUETOOTH,2025-01-26,2026-01-26,9.0,0.0,0.0,0.0,0.0,0.0,0.0,0.0,inf,False,0.0
EP3M90545H1,3M HEARING PROT-BLUTH 90545H1,2025-01-26,2026-01-26,1.0,3.0,0.25,0.5,0.75,9.0,0.0,9.0,36.0,False,0.0
EP3M90545H1,3M HEARING PROT-BLUTH 90545H1,2025-01-26,2026-01-26,3.0,0.0,0.0,0.0,0.0,1.0,0.0,1.0,inf,False,0.0
EP3M90545H1,3M HEARING PROT-BLUTH 90545H1,2025-01-26,2026-01-26,4.0,0.0,0.0,0.0,0.0,2.0,0.0,2.0,inf,False,0.0
EP3M90545H1,3M HEARING PROT-BLUTH 90545H1,2025-01-26,2026-01-26,5.0,0.0,0.0,0.0,0.0,2.0,0.0,2.0,inf,False,0.0
EP3M90545H1,3M HEARING PROT-BLUTH 90545H1,2025-01-26,2026-01-26,6.0,9.0,0.75,1.5,2.25,1.0,0.0,1.0,1.3333333333333333,True,1.25
EP3M90545H1,3M HEARING PROT-BLUTH 90545H1,2025-01-26,2026-01-26,8.0,0.0,0.0,0.0,0.0,2.0,0.0,2.0,inf,False,0.0
EP3M90545H1,3M HEARING PROT-BLUTH 90545H1,2025-01-26,2026-01-26,9.0,4.0,0.3333333333333333,0.6666666666666666,1.0,0.0,0.0,0.0,0.0,True,1.0
ES3M1005,3M EDGER SCREENS 7 X 5/16 100G,2025-01-26,2026-01-26,1.0,52.0,4.333333333333333,8.666666666666666,13.0,3.0,0.0,3.0,0.6923076923076924,False,0.0
ES3M1005,3M EDGER SCREENS 7 X 5/16 100G,2025-01-26,2026-01-26,3.0,29.0,2.4166666666666665,4.833333333333333,7.25,19.0,0.0,19.0,7.862068965517242,False,0.0
ES3M1005,3M EDGER SCREENS 7 X 5/16 100G,2025-01-26,2026-01-26,4.0,40.0,3.3333333333333335,6.666666666666667,10.0,66.0,0.0,66.0,19.8,False,0.0
ES3M1005,3M EDGER SCREENS 7 X 5/16 100G,2025-01-26,2026-01-26,5.0,259.0,21.583333333333332,43.166666666666664,64.75,5.0,0.0,5.0,0.23166023166023167,False,0.0
ES3M1005,3M EDGER SCREENS 7 X 5/16 100G,2025-01-26,2026-01-26,6.0,196.0,16.333333333333332,32.666666666666664,49.0,14.0,0.0,14.0,0.8571428571428572,False,0.0
ES3M1005,3M EDGER SCREENS 7 X 5/16 100G,2025-01-26,2026-01-26,8.0,0.0,0.0,0.0,0.0,43.0,0.0,43.0,inf,False,0.0
ES3M1005,3M EDGER SCREENS 7 X 5/16 100G,2025-01-26,2026-01-26,9.0,0.0,0.0,0.0,0.0,21.0,0.0,21.0,inf,False,0.0
ES3M1007,3M EDGER SCREENS 7 X 7/8 100G,2025-01-26,2026-01-26,1.0,88.0,7.333333333333333,14.666666666666666,22.0,0.0,0.0,0.0,0.0,False,0.0
ES3M1007,3M EDGER SCREENS 7 X 7/8 100G,2025-01-26,2026-01-26,3.0,276.0,23.0,46.0,69.0,0.0,0.0,0.0,0.0,False,0.0
ES3M1007,3M EDGER SCREENS 7 X 7/8 100G,2025-01-26,2026-01-26,4.0,0.0,0.0,0.0,0.0,48.0,0.0,48.0,inf,False,0.0
ES3M1007,3M EDGER SCREENS 7 X 7/8 100G,2025-01-26,2026-01-26,5.0,0.0,0.0,0.0,0.0,3.0,0.0,3.0,inf,False,0.0
ES3M1007,3M EDGER SCREENS 7 X 7/8 100G,2025-01-26,2026-01-26,6.0,260.0,21.666666666666668,43.333333333333336,65.0,0.0,0.0,0.0,0.0,False,0.0
ES3M1007,3M EDGER SCREENS 7 X 7/8 100G,2025-01-26,2026-01-26,8.0,0.0,0.0,0.0,0.0,83.0,0.0,83.0,inf,False,0.0
ES3M1007,3M EDGER SCREENS 7 X 7/8 100G,2025-01-26,2026-01-26,9.0,0.0,0.0,0.0,0.0,15.0,0.0,15.0,inf,False,0.0
FAAE5323P,"AEROSMITH NAILS 1-1/4""",2025-01-26,2026-01-26,1.0,35.0,2.9166666666666665,5.833333333333333,8.75,15.0,0.0,15.0,5.142857142857143,False,0.0
FAAE5323P,"AEROSMITH NAILS 1-1/4""",2025-01-26,2026-01-26,3.0,23.0,1.9166666666666667,3.8333333333333335,5.75,5.0,0.0,5.0,2.608695652173913,False,0.0
FAAE5323P,"AEROSMITH NAILS 1-1/4""",2025-01-26,2026-01-26,4.0,3.0,0.25,0.5,0.75,3.0,0.0,3.0,12.0,False,0.0
FAAE5323P,"AEROSMITH NAILS 1-1/4""",2025-01-26,2026-01-26,5.0,0.0,0.0,0.0,0.0,0.0,0.0,0.0,inf,False,0.0
FAAE5323P,"AEROSMITH NAILS 1-1/4""",2025-01-26,2026-01-26,6.0,17.0,1.4166666666666667,2.8333333333333335,4.25,7.0,0.0,7.0,4.941176470588235,False,0.0
FAAE5323P,"AEROSMITH NAILS 1-1/4""",2025-01-26,2026-01-26,8.0,3.0,0.25,0.5,0.75,4.0,2.0,2.0,8.0,False,0.0
FAAE5323P,"AEROSMITH NAILS 1-1/4""",2025-01-26,2026-01-26,9.0,7.0,0.5833333333333334,1.1666666666666667,1.75,5.0,0.0,5.0,8.571428571428571,False,0.0
FAAE5383P,"AEROSMITH NAILS 1-1/2""",2025-01-26,2026-01-26,1.0,12.0,1.0,2.0,3.0,10.0,0.0,10.0,10.0,False,0.0
FAAE5383P,"AEROSMITH NAILS 1-1/2""",2025-01-26,2026-01-26,3.0,4.0,0.3333333333333333,0.6666666666666666,1.0,4.0,0.0,4.0,12.0,False,0.0
FAAE5383P,"AEROSMITH NAILS 1-1/2""",2025-01-26,2026-01-26,4.0,0.0,0.0,0.0,0.0,4.0,0.0,4.0,inf,False,0.0
FAAE5383P,"AEROSMITH NAILS 1-1/2""",2025-01-26,2026-01-26,5.0,1.0,0.08333333333333333,0.16666666666666666,0.25,7.0,0.0,7.0,84.0,False,0.0
FAAE5383P,"AEROSMITH NAILS 1-1/2""",2025-01-26,2026-01-26,6.0,6.0,0.5,1.0,1.5,4.0,0.0,4.0,8.0,False,0.0
FAAE5383P,"AEROSMITH NAILS 1-1/2""",2025-01-26,2026-01-26,8.0,0.0,0.0,0.0,0.0,5.0,0.0,5.0,inf,False,0.0
FAAE5383P,"AEROSMITH NAILS 1-1/2""",2025-01-26,2026-01-26,9.0,0.0,0.0,0.0,0.0,4.0,0.0,4.0,inf,False,0.0
FAPN1505,"POWERNAIL STAPLES 1-1/2"" 5M",2025-01-26,2026-01-26,1.0,17.0,1.4166666666666667,2.8333333333333335,4.25,18.0,0.0,18.0,12.705882352941176,False,0.0
FAPN1505,"POWERNAIL STAPLES 1-1/2"" 5M",2025-01-26,2026-01-26,3.0,14.0,1.1666666666666667,2.3333333333333335,3.5,8.0,0.0,8.0,6.857142857142857,False,0.0
FAPN1505,"POWERNAIL STAPLES 1-1/2"" 5M",2025-01-26,2026-01-26,4.0,11.0,0.9166666666666666,1.8333333333333333,2.75,1.0,0.0,1.0,1.090909090909091,True,1.75
FAPN1505,"POWERNAIL STAPLES 1-1/2"" 5M",2025-01-26,2026-01-26,5.0,6.0,0.5,1.0,1.5,7.0,0.0,7.0,14.0,False,0.0
FAPN1505,"POWERNAIL STAPLES 1-1/2"" 5M",2025-01-26,2026-01-26,6.0,17.0,1.4166666666666667,2.8333333333333335,4.25,6.0,0.0,6.0,4.235294117647059,False,0.0
FAPN1505,"POWERNAIL STAPLES 1-1/2"" 5M",2025-01-26,2026-01-26,8.0,5.0,0.4166666666666667,0.8333333333333334,1.25,2.0,0.0,2.0,4.8,False,0.0
FAPN1505,"POWERNAIL STAPLES 1-1/2"" 5M",2025-01-26,2026-01-26,9.0,6.0,0.5,1.0,1.5,4.0,0.0,4.0,8.0,False,0.0
FAPN1755,"POWERNAIL STAPLES 1-3/4"" 5M",2025-01-26,2026-01-26,1.0,15.0,1.25,2.5,3.75,19.0,0.0,19.0,15.2,False,0.0
FAPN1755,"POWERNAIL STAPLES 1-3/4"" 5M",2025-01-26,2026-01-26,3.0,6.0,0.5,1.0,1.5,4.0,0.0,4.0,8.0,False,0.0
FAPN1755,"POWERNAIL STAPLES 1-3/4"" 5M",2025-01-26,2026-01-26,4.0,3.0,0.25,0.5,0.75,3.0,0.0,3.0,12.0,False,0.0
FAPN1755,"POWERNAIL STAPLES 1-3/4"" 5M",2025-01-26,2026-01-26,5.0,1.0,0.08333333333333333,0.16666666666666666,0.25,3.0,0.0,3.0,36.0,False,0.0
FAPN1755,"POWERNAIL STAPLES 1-3/4"" 5M",2025-01-26,2026-01-26,6.0,21.0,1.75,3.5,5.25,6.0,1.0,5.0,2.857142857142857,False,0.0
FAPN1755,"POWERNAIL STAPLES 1-3/4"" 5M",2025-01-26,2026-01-26,8.0,5.0,0.4166666666666667,0.8333333333333334,1.25,6.0,0.0,6.0,14.399999999999999,False,0.0
FAPN1755,"POWERNAIL STAPLES 1-3/4"" 5M",2025-01-26,2026-01-26,9.0,4.0,0.3333333333333333,0.6666666666666666,1.0,3.0,0.0,3.0,9.0,False,0.0
FAPN200,"POWERNAIL STAPLES 2"" 7.7M",2025-01-26,2026-01-26,1.0,6.0,0.5,1.0,1.5,12.0,0.0,12.0,24.0,False,0.0
FAPN200,"POWERNAIL STAPLES 2"" 7.7M",2025-01-26,2026-01-26,3.0,2.0,0.16666666666666666,0.3333333333333333,0.5,1.0,0.0,1.0,6.0,False,0.0
FAPN200,"POWERNAIL STAPLES 2"" 7.7M",2025-01-26,2026-01-26,4.0,3.0,0.25,0.5,0.75,3.0,0.0,3.0,12.0,False,0.0
FAPN200,"POWERNAIL STAPLES 2"" 7.7M",2025-01-26,2026-01-26,5.0,3.0,0.25,0.5,0.75,3.0,0.0,3.0,12.0,False,0.0
FAPN200,"POWERNAIL STAPLES 2"" 7.7M",2025-01-26,2026-01-26,6.0,14.0,1.1666666666666667,2.3333333333333335,3.5,4.0,0.0,4.0,3.4285714285714284,False,0.0
FAPN200,"POWERNAIL STAPLES 2"" 7.7M",2025-01-26,2026-01-26,8.0,0.0,0.0,0.0,0.0,2.0,0.0,2.0,inf,False,0.0
FAPN200,"POWERNAIL STAPLES 2"" 7.7M",2025-01-26,2026-01-26,9.0,0.0,0.0,0.0,0.0,3.0,0.0,3.0,inf,False,0.0
FAPN2005,"POWERNAIL STAPLES 2"" 5M",2025-01-26,2026-01-26,1.0,7.0,0.5833333333333334,1.1666666666666667,1.75,30.0,0.0,30.0,51.42857142857142,False,0.0
FAPN2005,"POWERNAIL STAPLES 2"" 5M",2025-01-26,2026-01-26,3.0,6.0,0.5,1.0,1.5,3.0,0.0,3.0,6.0,False,0.0
FAPN2005,"POWERNAIL STAPLES 2"" 5M",2025-01-26,2026-01-26,4.0,0.0,0.0,0.0,0.0,0.0,0.0,0.0,inf,False,0.0
FAPN2005,"POWERNAIL STAPLES 2"" 5M",2025-01-26,2026-01-26,5.0,0.0,0.0,0.0,0.0,0.0,0.0,0.0,inf,False,0.0
FAPN2005,"POWERNAIL STAPLES 2"" 5M",2025-01-26,2026-01-26,6.0,1.0,0.08333333333333333,0.16666666666666666,0.25,0.0,0.0,0.0,0.0,True,0.25
FAPN2005,"POWERNAIL STAPLES 2"" 5M",2025-01-26,2026-01-26,8.0,0.0,0.0,0.0,0.0,0.0,0.0,0.0,inf,False,0.0
FAPN2005,"POWERNAIL STAPLES 2"" 5M",2025-01-26,2026-01-26,9.0,1.0,0.08333333333333333,0.16666666666666666,0.25,0.0,0.0,0.0,0.0,True,0.25
FAPNC112S,"POWERCLEATS 1-1/2"" - 1M - 16G",2025-01-26,2026-01-26,1.0,388.0,32.333333333333336,64.66666666666667,97.0,104.0,0.0,104.0,3.2164948453608244,False,0.0
FAPNC112S,"POWERCLEATS 1-1/2"" - 1M - 16G",2025-01-26,2026-01-26,3.0,241.0,20.083333333333332,40.166666666666664,60.25,37.0,0.0,37.0,1.8423236514522823,True,23.25
FAPNC112S,"POWERCLEATS 1-1/2"" - 1M - 16G",2025-01-26,2026-01-26,4.0,138.0,11.5,23.0,34.5,31.0,5.0,26.0,2.260869565217391,False,0.0
FAPNC112S,"POWERCLEATS 1-1/2"" - 1M - 16G",2025-01-26,2026-01-26,5.0,87.0,7.25,14.5,21.75,72.0,0.0,72.0,9.931034482758621,False,0.0
FAPNC112S,"POWERCLEATS 1-1/2"" - 1M - 16G",2025-01-26,2026-01-26,6.0,247.0,20.583333333333332,41.166666666666664,61.75,80.0,0.0,80.0,3.8866396761133606,False,0.0
FAPNC112S,"POWERCLEATS 1-1/2"" - 1M - 16G",2025-01-26,2026-01-26,8.0,105.0,8.75,17.5,26.25,41.0,4.0,37.0,4.228571428571429,False,0.0
FAPNC112S,"POWERCLEATS 1-1/2"" - 1M - 16G",2025-01-26,2026-01-26,9.0,151.0,12.583333333333334,25.166666666666668,37.75,35.0,0.0,35.0,2.781456953642384,False,0.0
FAPNC112S18,"POWERCLEATS 1-1/2"" - 1M - 18G",2025-01-26,2026-01-26,1.0,96.0,8.0,16.0,24.0,58.0,0.0,58.0,7.25,False,0.0
FAPNC112S18,"POWERCLEATS 1-1/2"" - 1M - 18G",2025-01-26,2026-01-26,3.0,60.0,5.0,10.0,15.0,45.0,14.0,31.0,6.2,False,0.0
FAPNC112S18,"POWERCLEATS 1-1/2"" - 1M - 18G",2025-01-26,2026-01-26,4.0,47.0,3.9166666666666665,7.833333333333333,11.75,31.0,11.0,20.0,5.1063829787234045,False,0.0
FAPNC112S18,"POWERCLEATS 1-1/2"" - 1M - 18G",2025-01-26,2026-01-26,5.0,54.0,4.5,9.0,13.5,18.0,0.0,18.0,4.0,False,0.0
FAPNC112S18,"POWERCLEATS 1-1/2"" - 1M - 18G",2025-01-26,2026-01-26,6.0,198.0,16.5,33.0,49.5,46.0,0.0,46.0,2.787878787878788,False,0.0
FAPNC112S18,"POWERCLEATS 1-1/2"" - 1M - 18G",2025-01-26,2026-01-26,8.0,37.0,3.0833333333333335,6.166666666666667,9.25,13.0,0.0,13.0,4.216216216216216,False,0.0
FAPNC112S18,"POWERCLEATS 1-1/2"" - 1M - 18G",2025-01-26,2026-01-26,9.0,28.0,2.3333333333333335,4.666666666666667,7.0,15.0,0.0,15.0,6.428571428571428,False,0.0
FAPNC1141M,"POWERCLEATS 1-1/4"" - 1M - 18G",2025-01-26,2026-01-26,1.0,261.0,21.75,43.5,65.25,186.0,1.0,185.0,8.505747126436782,False,0.0
FAPNC1141M,"POWERCLEATS 1-1/4"" - 1M - 18G",2025-01-26,2026-01-26,3.0,226.0,18.833333333333332,37.666666666666664,56.5,53.0,1.0,52.0,2.761061946902655,False,0.0
FAPNC1141M,"POWERCLEATS 1-1/4"" - 1M - 18G",2025-01-26,2026-01-26,4.0,136.0,11.333333333333334,22.666666666666668,34.0,35.0,0.0,35.0,3.0882352941176467,False,0.0
FAPNC1141M,"POWERCLEATS 1-1/4"" - 1M - 18G",2025-01-26,2026-01-26,5.0,261.0,21.75,43.5,65.25,54.0,0.0,54.0,2.4827586206896552,False,0.0
FAPNC1141M,"POWERCLEATS 1-1/4"" - 1M - 18G",2025-01-26,2026-01-26,6.0,491.0,40.916666666666664,81.83333333333333,122.75,141.0,0.0,141.0,3.4460285132382893,False,0.0
FAPNC1141M,"POWERCLEATS 1-1/4"" - 1M - 18G",2025-01-26,2026-01-26,8.0,75.0,6.25,12.5,18.75,18.0,0.0,18.0,2.88,False,0.0
FAPNC1141M,"POWERCLEATS 1-1/4"" - 1M - 18G",2025-01-26,2026-01-26,9.0,54.0,4.5,9.0,13.5,16.0,0.0,16.0,3.5555555555555554,False,0.0
FAPNC11420,"POWERCLEATS 1-1/4"" - 1M - 20G",2025-01-26,2026-01-26,1.0,17.0,1.4166666666666667,2.8333333333333335,4.25,12.0,0.0,12.0,8.470588235294118,False,0.0
FAPNC11420,"POWERCLEATS 1-1/4"" - 1M - 20G",2025-01-26,2026-01-26,3.0,2.0,0.16666666666666666,0.3333333333333333,0.5,6.0,0.0,6.0,36.0,False,0.0
FAPNC11420,"POWERCLEATS 1-1/4"" - 1M - 20G",2025-01-26,2026-01-26,4.0,0.0,0.0,0.0,0.0,6.0,0.0,6.0,inf,False,0.0
FAPNC11420,"POWERCLEATS 1-1/4"" - 1M - 20G",2025-01-26,2026-01-26,5.0,8.0,0.6666666666666666,1.3333333333333333,2.0,6.0,0.0,6.0,9.0,False,0.0
FAPNC11420,"POWERCLEATS 1-1/4"" - 1M - 20G",2025-01-26,2026-01-26,6.0,6.0,0.5,1.0,1.5,4.0,0.0,4.0,8.0,False,0.0
FAPNC11420,"POWERCLEATS 1-1/4"" - 1M - 20G",2025-01-26,2026-01-26,8.0,0.0,0.0,0.0,0.0,5.0,0.0,5.0,inf,False,0.0
FAPNC11420,"POWERCLEATS 1-1/4"" - 1M - 20G",2025-01-26,2026-01-26,9.0,1.0,0.08333333333333333,0.16666666666666666,0.25,4.0,0.0,4.0,48.0,False,0.0
FAPNC120,"POWERCLEATS 1"" - 1M - 20G",2025-01-26,2026-01-26,1.0,0.0,0.0,0.0,0.0,21.0,0.0,21.0,inf,False,0.0
FAPNC120,"POWERCLEATS 1"" - 1M - 20G",2025-01-26,2026-01-26,3.0,0.0,0.0,0.0,0.0,8.0,0.0,8.0,inf,False,0.0
FAPNC120,"POWERCLEATS 1"" - 1M - 20G",2025-01-26,2026-01-26,5.0,2.0,0.16666666666666666,0.3333333333333333,0.5,6.0,0.0,6.0,36.0,False,0.0
FAPNC120,"POWERCLEATS 1"" - 1M - 20G",2025-01-26,2026-01-26,6.0,0.0,0.0,0.0,0.0,9.0,0.0,9.0,inf,False,0.0
FAPNC120,"POWERCLEATS 1"" - 1M - 20G",2025-01-26,2026-01-26,9.0,2.0,0.16666666666666666,0.3333333333333333,0.5,6.0,0.0,6.0,36.0,False,0.0
FAPNC134181M,"POWERCLEATS 1-3/4"" - 1M - 18G",2025-01-26,2026-01-26,1.0,108.0,9.0,18.0,27.0,51.0,6.0,45.0,5.0,False,0.0
FAPNC134181M,"POWERCLEATS 1-3/4"" - 1M - 18G",2025-01-26,2026-01-26,3.0,38.0,3.1666666666666665,6.333333333333333,9.5,16.0,0.0,16.0,5.052631578947369,False,0.0
FAPNC134181M,"POWERCLEATS 1-3/4"" - 1M - 18G",2025-01-26,2026-01-26,4.0,37.0,3.0833333333333335,6.166666666666667,9.25,18.0,0.0,18.0,5.837837837837838,False,0.0
FAPNC134181M,"POWERCLEATS 1-3/4"" - 1M - 18G",2025-01-26,2026-01-26,5.0,60.0,5.0,10.0,15.0,16.0,0.0,16.0,3.2,False,0.0
FAPNC134181M,"POWERCLEATS 1-3/4"" - 1M - 18G",2025-01-26,2026-01-26,6.0,113.0,9.416666666666666,18.833333333333332,28.25,31.0,0.0,31.0,3.2920353982300887,False,0.0
FAPNC134181M,"POWERCLEATS 1-3/4"" - 1M - 18G",2025-01-26,2026-01-26,8.0,29.0,2.4166666666666665,4.833333333333333,7.25,4.0,4.0,0.0,0.0,True,7.25
FAPNC134181M,"POWERCLEATS 1-3/4"" - 1M - 18G",2025-01-26,2026-01-26,9.0,25.0,2.0833333333333335,4.166666666666667,6.25,12.0,0.0,12.0,5.76,False,0.0
FAPNC134S,"POWERCLEATS 1-3/4"" - 1M - 16G",2025-01-26,2026-01-26,1.0,282.0,23.5,47.0,70.5,111.0,18.0,93.0,3.9574468085106385,False,0.0
FAPNC134S,"POWERCLEATS 1-3/4"" - 1M - 16G",2025-01-26,2026-01-26,3.0,245.0,20.416666666666668,40.833333333333336,61.25,27.0,0.0,27.0,1.3224489795918366,True,34.25
FAPNC134S,"POWERCLEATS 1-3/4"" - 1M - 16G",2025-01-26,2026-01-26,4.0,123.0,10.25,20.5,30.75,25.0,0.0,25.0,2.4390243902439024,False,0.0
FAPNC134S,"POWERCLEATS 1-3/4"" - 1M - 16G",2025-01-26,2026-01-26,5.0,57.0,4.75,9.5,14.25,27.0,0.0,27.0,5.684210526315789,False,0.0
FAPNC134S,"POWERCLEATS 1-3/4"" - 1M - 16G",2025-01-26,2026-01-26,6.0,395.0,32.916666666666664,65.83333333333333,98.75,77.0,2.0,75.0,2.278481012658228,False,0.0
FAPNC134S,"POWERCLEATS 1-3/4"" - 1M - 16G",2025-01-26,2026-01-26,8.0,96.0,8.0,16.0,24.0,20.0,0.0,20.0,2.5,False,0.0
FAPNC134S,"POWERCLEATS 1-3/4"" - 1M - 16G",2025-01-26,2026-01-26,9.0,60.0,5.0,10.0,15.0,14.0,2.0,12.0,2.4,False,0.0
FAPNC2,"POWERCLEATS 2"" - 5M - 16G",2025-01-26,2026-01-26,1.0,0.0,0.0,0.0,0.0,0.0,0.0,0.0,inf,False,0.0
FAPNC2,"POWERCLEATS 2"" - 5M - 16G",2025-01-26,2026-01-26,3.0,0.0,0.0,0.0,0.0,0.0,0.0,0.0,inf,False,0.0
FAPNC2,"POWERCLEATS 2"" - 5M - 16G",2025-01-26,2026-01-26,4.0,0.0,0.0,0.0,0.0,0.0,0.0,0.0,inf,False,0.0
FAPNC2,"POWERCLEATS 2"" - 5M - 16G",2025-01-26,2026-01-26,5.0,0.0,0.0,0.0,0.0,0.0,0.0,0.0,inf,False,0.0
FAPNC2,"POWERCLEATS 2"" - 5M - 16G",2025-01-26,2026-01-26,6.0,0.0,0.0,0.0,0.0,0.0,0.0,0.0,inf,False,0.0
FAPNC2,"POWERCLEATS 2"" - 5M - 16G",2025-01-26,2026-01-26,8.0,0.0,0.0,0.0,0.0,0.0,0.0,0.0,inf,False,0.0
FAPNC2,"POWERCLEATS 2"" - 5M - 16G",2025-01-26,2026-01-26,9.0,0.0,0.0,0.0,0.0,0.0,0.0,0.0,inf,False,0.0
FAPNC2S,"POWERCLEATS 2"" - 1M - 16G",2025-01-26,2026-01-26,1.0,238.0,19.833333333333332,39.666666666666664,59.5,167.0,0.0,167.0,8.420168067226891,False,0.0
FAPNC2S,"POWERCLEATS 2"" - 1M - 16G",2025-01-26,2026-01-26,3.0,156.0,13.0,26.0,39.0,37.0,0.0,37.0,2.8461538461538463,False,0.0
FAPNC2S,"POWERCLEATS 2"" - 1M - 16G",2025-01-26,2026-01-26,4.0,52.0,4.333333333333333,8.666666666666666,13.0,16.0,0.0,16.0,3.6923076923076925,False,0.0
FAPNC2S,"POWERCLEATS 2"" - 1M - 16G",2025-01-26,2026-01-26,5.0,39.0,3.25,6.5,9.75,22.0,0.0,22.0,6.769230769230769,False,0.0
FAPNC2S,"POWERCLEATS 2"" - 1M - 16G",2025-01-26,2026-01-26,6.0,255.0,21.25,42.5,63.75,17.0,3.0,14.0,0.6588235294117647,True,49.75
FAPNC2S,"POWERCLEATS 2"" - 1M - 16G",2025-01-26,2026-01-26,8.0,41.0,3.4166666666666665,6.833333333333333,10.25,20.0,0.0,20.0,5.853658536585366,False,0.0
FAPNC2S,"POWERCLEATS 2"" - 1M - 16G",2025-01-26,2026-01-26,9.0,7.0,0.5833333333333334,1.1666666666666667,1.75,11.0,0.0,11.0,18.857142857142858,False,0.0
FASEBAX15,"SENCO BRADS 1-1/4"" AX15",2025-01-26,2026-01-26,1.0,12.0,1.0,2.0,3.0,26.0,0.0,26.0,26.0,False,0.0
FASEBAX15,"SENCO BRADS 1-1/4"" AX15",2025-01-26,2026-01-26,3.0,5.0,0.4166666666666667,0.8333333333333334,1.25,5.0,0.0,5.0,12.0,False,0.0
FASEBAX15,"SENCO BRADS 1-1/4"" AX15",2025-01-26,2026-01-26,4.0,1.0,0.08333333333333333,0.16666666666666666,0.25,5.0,0.0,5.0,60.0,False,0.0
FASEBAX15,"SENCO BRADS 1-1/4"" AX15",2025-01-26,2026-01-26,5.0,26.0,2.1666666666666665,4.333333333333333,6.5,18.0,0.0,18.0,8.307692307692308,False,0.0
FASEBAX15,"SENCO BRADS 1-1/4"" AX15",2025-01-26,2026-01-26,6.0,10.0,0.8333333333333334,1.6666666666666667,2.5,5.0,0.0,5.0,6.0,False,0.0
FASEBAX15,"SENCO BRADS 1-1/4"" AX15",2025-01-26,2026-01-26,8.0,2.0,0.16666666666666666,0.3333333333333333,0.5,8.0,0.0,8.0,48.0,False,0.0
FASEBAX15,"SENCO BRADS 1-1/4"" AX15",2025-01-26,2026-01-26,9.0,13.0,1.0833333333333333,2.1666666666666665,3.25,7.0,0.0,7.0,6.461538461538462,False,0.0
FASEBAX17,"SENCO BRADS 1-1/2"" AX17",2025-01-26,2026-01-26,1.0,51.0,4.25,8.5,12.75,44.0,1.0,43.0,10.117647058823529,False,0.0
FASEBAX17,"SENCO BRADS 1-1/2"" AX17",2025-01-26,2026-01-26,3.0,33.0,2.75,5.5,8.25,3.0,1.0,2.0,0.7272727272727273,True,6.25
FASEBAX17,"SENCO BRADS 1-1/2"" AX17",2025-01-26,2026-01-26,4.0,28.0,2.3333333333333335,4.666666666666667,7.0,5.0,0.0,5.0,2.142857142857143,False,0.0
FASEBAX17,"SENCO BRADS 1-1/2"" AX17",2025-01-26,2026-01-26,5.0,14.0,1.1666666666666667,2.3333333333333335,3.5,3.0,0.0,3.0,2.571428571428571,False,0.0
FASEBAX17,"SENCO BRADS 1-1/2"" AX17",2025-01-26,2026-01-26,6.0,66.0,5.5,11.0,16.5,13.0,0.0,13.0,2.3636363636363638,False,0.0
FASEBAX17,"SENCO BRADS 1-1/2"" AX17",2025-01-26,2026-01-26,8.0,11.0,0.9166666666666666,1.8333333333333333,2.75,8.0,0.0,8.0,8.727272727272728,False,0.0
FASEBAX17,"SENCO BRADS 1-1/2"" AX17",2025-01-26,2026-01-26,9.0,22.0,1.8333333333333333,3.6666666666666665,5.5,5.0,0.0,5.0,2.7272727272727275,False,0.0
FASEBAX18,"SENCO BRADS 1-5/8"" AX18",2025-01-26,2026-01-26,1.0,24.0,2.0,4.0,6.0,42.0,1.0,41.0,20.5,False,0.0
FASEBAX18,"SENCO BRADS 1-5/8"" AX18",2025-01-26,2026-01-26,3.0,47.0,3.9166666666666665,7.833333333333333,11.75,19.0,1.0,18.0,4.595744680851064,False,0.0
FASEBAX18,"SENCO BRADS 1-5/8"" AX18",2025-01-26,2026-01-26,4.0,19.0,1.5833333333333333,3.1666666666666665,4.75,3.0,0.0,3.0,1.8947368421052633,True,1.75
FASEBAX18,"SENCO BRADS 1-5/8"" AX18",2025-01-26,2026-01-26,5.0,43.0,3.5833333333333335,7.166666666666667,10.75,4.0,0.0,4.0,1.1162790697674418,True,6.75
FASEBAX18,"SENCO BRADS 1-5/8"" AX18",2025-01-26,2026-01-26,6.0,43.0,3.5833333333333335,7.166666666666667,10.75,11.0,0.0,11.0,3.069767441860465,False,0.0
FASEBAX18,"SENCO BRADS 1-5/8"" AX18",2025-01-26,2026-01-26,8.0,9.0,0.75,1.5,2.25,4.0,1.0,3.0,4.0,False,0.0
FASEBAX18,"SENCO BRADS 1-5/8"" AX18",2025-01-26,2026-01-26,9.0,10.0,0.8333333333333334,1.6666666666666667,2.5,0.0,0.0,0.0,0.0,True,2.5
FASEBAX21,"SENCO BRADS 1-5/8"" AX18",2025-01-26,2026-01-26,3.0,0.0,0.0,0.0,0.0,0.0,0.0,0.0,inf,False,0.0
FASEFDA17,"SENCO FINISH NAILS 1-1/2"" DA17",2025-01-26,2026-01-26,1.0,13.0,1.0833333333333333,2.1666666666666665,3.25,19.0,0.0,19.0,17.53846153846154,False,0.0
FASEFDA17,"SENCO FINISH NAILS 1-1/2"" DA17",2025-01-26,2026-01-26,3.0,17.0,1.4166666666666667,2.8333333333333335,4.25,4.0,0.0,4.0,2.8235294117647056,False,0.0
FASEFDA17,"SENCO FINISH NAILS 1-1/2"" DA17",2025-01-26,2026-01-26,4.0,9.0,0.75,1.5,2.25,2.0,0.0,2.0,2.6666666666666665,False,0.0
FASEFDA17,"SENCO FINISH NAILS 1-1/2"" DA17",2025-01-26,2026-01-26,5.0,4.0,0.3333333333333333,0.6666666666666666,1.0,2.0,0.0,2.0,6.0,False,0.0
FASEFDA17,"SENCO FINISH NAILS 1-1/2"" DA17",2025-01-26,2026-01-26,6.0,13.0,1.0833333333333333,2.1666666666666665,3.25,9.0,0.0,9.0,8.307692307692308,False,0.0
FASEFDA17,"SENCO FINISH NAILS 1-1/2"" DA17",2025-01-26,2026-01-26,8.0,2.0,0.16666666666666666,0.3333333333333333,0.5,4.0,0.0,4.0,24.0,False,0.0
FASEFDA17,"SENCO FINISH NAILS 1-1/2"" DA17",2025-01-26,2026-01-26,9.0,1.0,0.08333333333333333,0.16666666666666666,0.25,6.0,0.0,6.0,72.0,False,0.0
FASEFDA19,"SENCO FINISH NAILS 1-3/4"" DA19",2025-01-26,2026-01-26,1.0,10.0,0.8333333333333334,1.6666666666666667,2.5,13.0,0.0,13.0,15.6,False,0.0
FASEFDA19,"SENCO FINISH NAILS 1-3/4"" DA19",2025-01-26,2026-01-26,3.0,10.0,0.8333333333333334,1.6666666666666667,2.5,2.0,0.0,2.0,2.4,False,0.0
FASEFDA19,"SENCO FINISH NAILS 1-3/4"" DA19",2025-01-26,2026-01-26,4.0,4.0,0.3333333333333333,0.6666666666666666,1.0,4.0,0.0,4.0,12.0,False,0.0
FASEFDA19,"SENCO FINISH NAILS 1-3/4"" DA19",2025-01-26,2026-01-26,5.0,11.0,0.9166666666666666,1.8333333333333333,2.75,6.0,0.0,6.0,6.545454545454546,False,0.0
FASEFDA19,"SENCO FINISH NAILS 1-3/4"" DA19",2025-01-26,2026-01-26,6.0,26.0,2.1666666666666665,4.333333333333333,6.5,7.0,0.0,7.0,3.230769230769231,False,0.0
FASEFDA19,"SENCO FINISH NAILS 1-3/4"" DA19",2025-01-26,2026-01-26,8.0,4.0,0.3333333333333333,0.6666666666666666,1.0,2.0,0.0,2.0,6.0,False,0.0
FASEFDA19,"SENCO FINISH NAILS 1-3/4"" DA19",2025-01-26,2026-01-26,9.0,2.0,0.16666666666666666,0.3333333333333333,0.5,5.0,0.0,5.0,30.0,False,0.0
FASEFDA21,"SENCO FINISH NAILS 2"" DA21",2025-01-26,2026-01-26,1.0,6.0,0.5,1.0,1.5,10.0,0.0,10.0,20.0,False,0.0
FASEFDA21,"SENCO FINISH NAILS 2"" DA21",2025-01-26,2026-01-26,3.0,15.0,1.25,2.5,3.75,9.0,0.0,9.0,7.2,False,0.0
FASEFDA21,"SENCO FINISH NAILS 2"" DA21",2025-01-26,2026-01-26,4.0,5.0,0.4166666666666667,0.8333333333333334,1.25,5.0,0.0,5.0,12.0,False,0.0
FASEFDA21,"SENCO FINISH NAILS 2"" DA21",2025-01-26,2026-01-26,5.0,9.0,0.75,1.5,2.25,3.0,0.0,3.0,4.0,False,0.0
FASEFDA21,"SENCO FINISH NAILS 2"" DA21",2025-01-26,2026-01-26,6.0,17.0,1.4166666666666667,2.8333333333333335,4.25,2.0,0.0,2.0,1.4117647058823528,True,2.25
FASEFDA21,"SENCO FINISH NAILS 2"" DA21",2025-01-26,2026-01-26,8.0,4.0,0.3333333333333333,0.6666666666666666,1.0,3.0,0.0,3.0,9.0,False,0.0
FASEFDA21,"SENCO FINISH NAILS 2"" DA21",2025-01-26,2026-01-26,9.0,3.0,0.25,0.5,0.75,7.0,1.0,6.0,24.0,False,0.0
FCBO13408,BONA PRO SERIES - SPRAY MOP,2025-01-26,2026-01-26,1.0,14.0,1.1666666666666667,2.3333333333333335,3.5,13.0,2.0,11.0,9.428571428571429,False,0.0
FCBO13408,BONA PRO SERIES - SPRAY MOP,2025-01-26,2026-01-26,3.0,1.0,0.08333333333333333,0.16666666666666666,0.25,3.0,0.0,3.0,36.0,False,0.0
FCBO13408,BONA PRO SERIES - SPRAY MOP,2025-01-26,2026-01-26,4.0,0.0,0.0,0.0,0.0,0.0,0.0,0.0,inf,False,0.0
FCBO13408,BONA PRO SERIES - SPRAY MOP,2025-01-26,2026-01-26,5.0,7.0,0.5833333333333334,1.1666666666666667,1.75,3.0,0.0,3.0,5.142857142857142,False,0.0
FCBO13408,BONA PRO SERIES - SPRAY MOP,2025-01-26,2026-01-26,6.0,3.0,0.25,0.5,0.75,2.0,0.0,2.0,8.0,False,0.0
FCBO13408,BONA PRO SERIES - SPRAY MOP,2025-01-26,2026-01-26,8.0,0.0,0.0,0.0,0.0,4.0,0.0,4.0,inf,False,0.0
FCBO13408,BONA PRO SERIES - SPRAY MOP,2025-01-26,2026-01-26,9.0,4.0,0.3333333333333333,0.6666666666666666,1.0,0.0,0.0,0.0,0.0,True,1.0
FCBO18174,BONA PRO SERIES HDWD CLEANER,2025-01-26,2026-01-26,1.0,12.0,1.0,2.0,3.0,28.0,1.0,27.0,27.0,False,0.0
FCBO18174,BONA PRO SERIES HDWD CLEANER,2025-01-26,2026-01-26,3.0,10.0,0.8333333333333334,1.6666666666666667,2.5,1.0,0.0,1.0,1.2,True,1.5
FCBO18174,BONA PRO SERIES HDWD CLEANER,2025-01-26,2026-01-26,4.0,4.0,0.3333333333333333,0.6666666666666666,1.0,0.0,0.0,0.0,0.0,True,1.0
FCBO18174,BONA PRO SERIES HDWD CLEANER,2025-01-26,2026-01-26,5.0,11.0,0.9166666666666666,1.8333333333333333,2.75,2.0,0.0,2.0,2.181818181818182,False,0.0
FCBO18174,BONA PRO SERIES HDWD CLEANER,2025-01-26,2026-01-26,6.0,4.0,0.3333333333333333,0.6666666666666666,1.0,1.0,0.0,1.0,3.0,False,0.0
FCBO18174,BONA PRO SERIES HDWD CLEANER,2025-01-26,2026-01-26,8.0,0.0,0.0,0.0,0.0,3.0,0.0,3.0,inf,False,0.0
FCBO18174,BONA PRO SERIES HDWD CLEANER,2025-01-26,2026-01-26,9.0,3.0,0.25,0.5,0.75,1.0,0.0,1.0,4.0,False,0.0
FCBOAR2000,AR2000 CLEANER,2025-01-26,2026-01-26,1.0,648.0,54.0,108.0,162.0,42.0,3.0,39.0,0.7222222222222222,False,0.0
FCBOAR2000,AR2000 CLEANER,2025-01-26,2026-01-26,3.0,708.0,59.0,118.0,177.0,40.0,14.0,26.0,0.4406779661016949,False,0.0
FCBOAR2000,AR2000 CLEANER,2025-01-26,2026-01-26,4.0,405.0,33.75,67.5,101.25,38.0,0.0,38.0,1.125925925925926,False,0.0
FCBOAR2000,AR2000 CLEANER,2025-01-26,2026-01-26,5.0,143.0,11.916666666666666,23.833333333333332,35.75,8.0,0.0,8.0,0.6713286713286714,False,0.0
FCBOAR2000,AR2000 CLEANER,2025-01-26,2026-01-26,6.0,500.0,41.666666666666664,83.33333333333333,125.0,29.0,2.0,27.0,0.648,False,0.0
FCBOAR2000,AR2000 CLEANER,2025-01-26,2026-01-26,8.0,119.0,9.916666666666666,19.833333333333332,29.75,25.0,0.0,25.0,2.521008403361345,False,0.0
FCBOAR2000,AR2000 CLEANER,2025-01-26,2026-01-26,9.0,256.0,21.333333333333332,42.666666666666664,64.0,30.0,5.0,25.0,1.171875,False,0.0
FCBOG65631,"BOSTIK,ULT.ADHES.REMOV. 32OZ",2025-01-26,2026-01-26,1.0,25.0,2.0833333333333335,4.166666666666667,6.25,1.0,1.0,0.0,0.0,False,0.0
FCBOG65631,"BOSTIK,ULT.ADHES.REMOV. 32OZ",2025-01-26,2026-01-26,3.0,22.0,1.8333333333333333,3.6666666666666665,5.5,8.0,0.0,8.0,4.363636363636364,False,0.0
FCBOG65631,"BOSTIK,ULT.ADHES.REMOV. 32OZ",2025-01-26,2026-01-26,4.0,21.0,1.75,3.5,5.25,3.0,0.0,3.0,1.7142857142857142,False,0.0
FCBOG65631,"BOSTIK,ULT.ADHES.REMOV. 32OZ",2025-01-26,2026-01-26,5.0,26.0,2.1666666666666665,4.333333333333333,6.5,7.0,0.0,7.0,3.230769230769231,False,0.0
FCBOG65631,"BOSTIK,ULT.ADHES.REMOV. 32OZ",2025-01-26,2026-01-26,6.0,26.0,2.1666666666666665,4.333333333333333,6.5,0.0,0.0,0.0,0.0,False,0.0
FCBOG65631,"BOSTIK,ULT.ADHES.REMOV. 32OZ",2025-01-26,2026-01-26,8.0,5.0,0.4166666666666667,0.8333333333333334,1.25,7.0,0.0,7.0,16.8,False,0.0
FCBOG65631,"BOSTIK,ULT.ADHES.REMOV. 32OZ",2025-01-26,2026-01-26,9.0,68.0,5.666666666666667,11.333333333333334,17.0,0.0,0.0,0.0,0.0,False,0.0
FCBOG850832,"BOSTIK,ULT.ADHES.REMOV. QT",2025-01-26,2026-01-26,1.0,6.0,0.5,1.0,1.5,54.0,3.0,51.0,102.0,False,0.0
FCBOG850832,"BOSTIK,ULT.ADHES.REMOV. QT",2025-01-26,2026-01-26,4.0,0.0,0.0,0.0,0.0,12.0,0.0,12.0,inf,False,0.0
FCBOG850832,"BOSTIK,ULT.ADHES.REMOV. QT",2025-01-26,2026-01-26,5.0,1.0,0.08333333333333333,0.16666666666666666,0.25,23.0,0.0,23.0,276.0,False,0.0
FCBOG850832,"BOSTIK,ULT.ADHES.REMOV. QT",2025-01-26,2026-01-26,6.0,9.0,0.75,1.5,2.25,15.0,4.0,11.0,14.666666666666666,False,0.0
FCBOG850832,"BOSTIK,ULT.ADHES.REMOV. QT",2025-01-26,2026-01-26,9.0,6.0,0.5,1.0,1.5,18.0,0.0,18.0,36.0,False,0.0
FCDS7101L,PASTE WAX NEUTRAL DURASEAL 1LB,2025-01-26,2026-01-26,1.0,0.0,0.0,0.0,0.0,6.0,0.0,6.0,inf,False,0.0
FCDS7101L,PASTE WAX NEUTRAL DURASEAL 1LB,2025-01-26,2026-01-26,3.0,0.0,0.0,0.0,0.0,0.0,0.0,0.0,inf,False,0.0
FCDS7101L,PASTE WAX NEUTRAL DURASEAL 1LB,2025-01-26,2026-01-26,4.0,0.0,0.0,0.0,0.0,1.0,0.0,1.0,inf,False,0.0
FCDS7101L,PASTE WAX NEUTRAL DURASEAL 1LB,2025-01-26,2026-01-26,5.0,1.0,0.08333333333333333,0.16666666666666666,0.25,0.0,0.0,0.0,0.0,True,0.25
FCDS7101L,PASTE WAX NEUTRAL DURASEAL 1LB,2025-01-26,2026-01-26,6.0,0.0,0.0,0.0,0.0,0.0,0.0,0.0,inf,False,0.0
FCDS7101L,PASTE WAX NEUTRAL DURASEAL 1LB,2025-01-26,2026-01-26,8.0,0.0,0.0,0.0,0.0,0.0,0.0,0.0,inf,False,0.0
FCDS7101L,PASTE WAX NEUTRAL DURASEAL 1LB,2025-01-26,2026-01-26,9.0,0.0,0.0,0.0,0.0,0.0,0.0,0.0,inf,False,0.0
FCDS86700,PRE TREAT SPRAY DURASEAL,2025-01-26,2026-01-26,1.0,0.0,0.0,0.0,0.0,2.0,0.0,2.0,inf,False,0.0
FCDS86700,PRE TREAT SPRAY DURASEAL,2025-01-26,2026-01-26,3.0,0.0,0.0,0.0,0.0,0.0,0.0,0.0,inf,False,0.0
FCDS86700,PRE TREAT SPRAY DURASEAL,2025-01-26,2026-01-26,4.0,0.0,0.0,0.0,0.0,0.0,0.0,0.0,inf,False,0.0
FCDS86700,PRE TREAT SPRAY DURASEAL,2025-01-26,2026-01-26,5.0,2.0,0.16666666666666666,0.3333333333333333,0.5,1.0,0.0,1.0,6.0,False,0.0
FCDS86700,PRE TREAT SPRAY DURASEAL,2025-01-26,2026-01-26,6.0,0.0,0.0,0.0,0.0,0.0,0.0,0.0,inf,False,0.0
FCDS86700,PRE TREAT SPRAY DURASEAL,2025-01-26,2026-01-26,8.0,0.0,0.0,0.0,0.0,0.0,0.0,0.0,inf,False,0.0
FCDS86700,PRE TREAT SPRAY DURASEAL,2025-01-26,2026-01-26,9.0,0.0,0.0,0.0,0.0,0.0,0.0,0.0,inf,False,0.0
FCGA001,GARRISON CLEANING KIT,2025-01-26,2026-01-26,1.0,16.0,1.3333333333333333,2.6666666666666665,4.0,116.0,0.0,116.0,87.0,False,0.0
FCGA001,GARRISON CLEANING KIT,2025-01-26,2026-01-26,3.0,4.0,0.3333333333333333,0.6666666666666666,1.0,35.0,1.0,34.0,102.0,False,0.0
FCGA001,GARRISON CLEANING KIT,2025-01-26,2026-01-26,4.0,1.0,0.08333333333333333,0.16666666666666666,0.25,45.0,0.0,45.0,540.0,False,0.0
FCGA001,GARRISON CLEANING KIT,2025-01-26,2026-01-26,5.0,6.0,0.5,1.0,1.5,39.0,0.0,39.0,78.0,False,0.0
FCGA001,GARRISON CLEANING KIT,2025-01-26,2026-01-26,6.0,9.0,0.75,1.5,2.25,12.0,0.0,12.0,16.0,False,0.0
FCGA001,GARRISON CLEANING KIT,2025-01-26,2026-01-26,8.0,0.0,0.0,0.0,0.0,52.0,0.0,52.0,inf,False,0.0
FCGA001,GARRISON CLEANING KIT,2025-01-26,2026-01-26,9.0,11.0,0.9166666666666666,1.8333333333333333,2.75,37.0,0.0,37.0,40.36363636363637,False,0.0
FCGA002,GARRISON MICROFIBER PAD,2025-01-26,2026-01-26,1.0,20.0,1.6666666666666667,3.3333333333333335,5.0,1322.0,0.0,1322.0,793.1999999999999,False,0.0
FCGA002,GARRISON MICROFIBER PAD,2025-01-26,2026-01-26,3.0,5.0,0.4166666666666667,0.8333333333333334,1.25,68.0,0.0,68.0,163.2,False,0.0
FCGA002,GARRISON MICROFIBER PAD,2025-01-26,2026-01-26,4.0,5.0,0.4166666666666667,0.8333333333333334,1.25,94.0,0.0,94.0,225.6,False,0.0
FCGA002,GARRISON MICROFIBER PAD,2025-01-26,2026-01-26,5.0,21.0,1.75,3.5,5.25,73.0,0.0,73.0,41.714285714285715,False,0.0
FCGA002,GARRISON MICROFIBER PAD,2025-01-26,2026-01-26,6.0,33.0,2.75,5.5,8.25,5.0,0.0,5.0,1.8181818181818181,True,3.25
FCGA002,GARRISON MICROFIBER PAD,2025-01-26,2026-01-26,8.0,0.0,0.0,0.0,0.0,100.0,0.0,100.0,inf,False,0.0
FCGA002,GARRISON MICROFIBER PAD,2025-01-26,2026-01-26,9.0,14.0,1.1666666666666667,2.3333333333333335,3.5,82.0,0.0,82.0,70.28571428571428,False,0.0
FCLB009,LOBA REMOVER,2025-01-26,2026-01-26,1.0,9.0,0.75,1.5,2.25,34.0,0.0,34.0,45.333333333333336,False,0.0
FCLB009,LOBA REMOVER,2025-01-26,2026-01-26,3.0,38.0,3.1666666666666665,6.333333333333333,9.5,3.0,0.0,3.0,0.9473684210526316,True,6.5
FCLB009,LOBA REMOVER,2025-01-26,2026-01-26,4.0,11.0,0.9166666666666666,1.8333333333333333,2.75,9.0,0.0,9.0,9.818181818181818,False,0.0
FCLB009,LOBA REMOVER,2025-01-26,2026-01-26,5.0,0.0,0.0,0.0,0.0,8.0,0.0,8.0,inf,False,0.0
FCLB009,LOBA REMOVER,2025-01-26,2026-01-26,6.0,13.0,1.0833333333333333,2.1666666666666665,3.25,17.0,0.0,17.0,15.692307692307693,False,0.0
FCLB009,LOBA REMOVER,2025-01-26,2026-01-26,8.0,0.0,0.0,0.0,0.0,12.0,0.0,12.0,inf,False,0.0
FCLB009,LOBA REMOVER,2025-01-26,2026-01-26,9.0,5.0,0.4166666666666667,0.8333333333333334,1.25,9.0,0.0,9.0,21.599999999999998,False,0.0
FCLOMA005,LOBA UNIVERS.CLEANER SPRAY 1QT,2025-01-26,2026-01-26,1.0,0.0,0.0,0.0,0.0,0.0,0.0,0.0,inf,False,0.0
FCLOMA005,LOBA UNIVERS.CLEANER SPRAY 1QT,2025-01-26,2026-01-26,3.0,4.0,0.3333333333333333,0.6666666666666666,1.0,1.0,0.0,1.0,3.0,False,0.0
FCLOMA005,LOBA UNIVERS.CLEANER SPRAY 1QT,2025-01-26,2026-01-26,4.0,3.0,0.25,0.5,0.75,2.0,0.0,2.0,8.0,False,0.0
FCLOMA005,LOBA UNIVERS.CLEANER SPRAY 1QT,2025-01-26,2026-01-26,5.0,2.0,0.16666666666666666,0.3333333333333333,0.5,1.0,0.0,1.0,6.0,False,0.0
FCLOMA005,LOBA UNIVERS.CLEANER SPRAY 1QT,2025-01-26,2026-01-26,6.0,3.0,0.25,0.5,0.75,0.0,0.0,0.0,0.0,False,0.0
FCLOMA005,LOBA UNIVERS.CLEANER SPRAY 1QT,2025-01-26,2026-01-26,8.0,0.0,0.0,0.0,0.0,4.0,0.0,4.0,inf,False,0.0
FCLOMA005,LOBA UNIVERS.CLEANER SPRAY 1QT,2025-01-26,2026-01-26,9.0,0.0,0.0,0.0,0.0,4.0,0.0,4.0,inf,False,0.0
FCLOMA008,LOBA UNIV. CLEANER CONC.32 OZ.,2025-01-26,2026-01-26,1.0,0.0,0.0,0.0,0.0,0.0,0.0,0.0,inf,False,0.0
FCLOMA008,LOBA UNIV. CLEANER CONC.32 OZ.,2025-01-26,2026-01-26,3.0,2.0,0.16666666666666666,0.3333333333333333,0.5,5.0,0.0,5.0,30.0,False,0.0
FCLOMA008,LOBA UNIV. CLEANER CONC.32 OZ.,2025-01-26,2026-01-26,4.0,0.0,0.0,0.0,0.0,0.0,0.0,0.0,inf,False,0.0
FCLOMA008,LOBA UNIV. CLEANER CONC.32 OZ.,2025-01-26,2026-01-26,5.0,0.0,0.0,0.0,0.0,0.0,0.0,0.0,inf,False,0.0
FCLOMA008,LOBA UNIV. CLEANER CONC.32 OZ.,2025-01-26,2026-01-26,6.0,0.0,0.0,0.0,0.0,0.0,0.0,0.0,inf,False,0.0
FCLOMA008,LOBA UNIV. CLEANER CONC.32 OZ.,2025-01-26,2026-01-26,8.0,0.0,0.0,0.0,0.0,0.0,0.0,0.0,inf,False,0.0
FCLOMA008,LOBA UNIV. CLEANER CONC.32 OZ.,2025-01-26,2026-01-26,9.0,0.0,0.0,0.0,0.0,1.0,0.0,1.0,inf,False,0.0
FCLOMA018,LOBA HDWD CLEANER REFILL 250ML,2025-01-26,2026-01-26,1.0,0.0,0.0,0.0,0.0,6.0,0.0,6.0,inf,False,0.0
FCLOMA018,LOBA HDWD CLEANER REFILL 250ML,2025-01-26,2026-01-26,3.0,3.0,0.25,0.5,0.75,4.0,0.0,4.0,16.0,False,0.0
FCLOMA018,LOBA HDWD CLEANER REFILL 250ML,2025-01-26,2026-01-26,4.0,0.0,0.0,0.0,0.0,3.0,0.0,3.0,inf,False,0.0
FCLOMA018,LOBA HDWD CLEANER REFILL 250ML,2025-01-26,2026-01-26,5.0,1.0,0.08333333333333333,0.16666666666666666,0.25,4.0,0.0,4.0,48.0,False,0.0
FCLOMA018,LOBA HDWD CLEANER REFILL 250ML,2025-01-26,2026-01-26,6.0,1.0,0.08333333333333333,0.16666666666666666,0.25,8.0,0.0,8.0,96.0,False,0.0
FCLOMA018,LOBA HDWD CLEANER REFILL 250ML,2025-01-26,2026-01-26,8.0,0.0,0.0,0.0,0.0,4.0,0.0,4.0,inf,False,0.0
FCLOMA018,LOBA HDWD CLEANER REFILL 250ML,2025-01-26,2026-01-26,9.0,4.0,0.3333333333333333,0.6666666666666666,1.0,4.0,0.0,4.0,12.0,False,0.0
FCLOMA019,LOBA SPRAY MOP SET,2025-01-26,2026-01-26,1.0,27.0,2.25,4.5,6.75,5.0,0.0,5.0,2.2222222222222223,False,0.0
FCLOMA019,LOBA SPRAY MOP SET,2025-01-26,2026-01-26,3.0,11.0,0.9166666666666666,1.8333333333333333,2.75,9.0,0.0,9.0,9.818181818181818,False,0.0
FCLOMA019,LOBA SPRAY MOP SET,2025-01-26,2026-01-26,4.0,7.0,0.5833333333333334,1.1666666666666667,1.75,15.0,2.0,13.0,22.285714285714285,False,0.0
FCLOMA019,LOBA SPRAY MOP SET,2025-01-26,2026-01-26,5.0,6.0,0.5,1.0,1.5,14.0,0.0,14.0,28.0,False,0.0
FCLOMA019,LOBA SPRAY MOP SET,2025-01-26,2026-01-26,6.0,12.0,1.0,2.0,3.0,13.0,0.0,13.0,13.0,False,0.0
FCLOMA019,LOBA SPRAY MOP SET,2025-01-26,2026-01-26,8.0,0.0,0.0,0.0,0.0,2.0,0.0,2.0,inf,False,0.0
FCLOMA019,LOBA SPRAY MOP SET,2025-01-26,2026-01-26,9.0,7.0,0.5833333333333334,1.1666666666666667,1.75,12.0,0.0,12.0,20.57142857142857,False,0.0
FCLOMA042,LOBA UNIV. CLEANER CONCE 16OZ,2025-01-26,2026-01-26,1.0,1.0,0.08333333333333333,0.16666666666666666,0.25,36.0,0.0,36.0,432.0,False,0.0
FCLOMA042,LOBA UNIV. CLEANER CONCE 16OZ,2025-01-26,2026-01-26,3.0,12.0,1.0,2.0,3.0,21.0,0.0,21.0,21.0,False,0.0
FCLOMA042,LOBA UNIV. CLEANER CONCE 16OZ,2025-01-26,2026-01-26,4.0,6.0,0.5,1.0,1.5,4.0,0.0,4.0,8.0,False,0.0
FCLOMA042,LOBA UNIV. CLEANER CONCE 16OZ,2025-01-26,2026-01-26,5.0,0.0,0.0,0.0,0.0,3.0,0.0,3.0,inf,False,0.0
FCLOMA042,LOBA UNIV. CLEANER CONCE 16OZ,2025-01-26,2026-01-26,6.0,12.0,1.0,2.0,3.0,16.0,0.0,16.0,16.0,False,0.0
FCLOMA042,LOBA UNIV. CLEANER CONCE 16OZ,2025-01-26,2026-01-26,8.0,1.0,0.08333333333333333,0.16666666666666666,0.25,2.0,0.0,2.0,24.0,False,0.0
FCLOMA042,LOBA UNIV. CLEANER CONCE 16OZ,2025-01-26,2026-01-26,9.0,8.0,0.6666666666666666,1.3333333333333333,2.0,0.0,0.0,0.0,0.0,True,2.0
FCLOMA043,LOBA UNIVERSAL SPRAY CLNR 16OZ,2025-01-26,2026-01-26,1.0,1.0,0.08333333333333333,0.16666666666666666,0.25,8.0,0.0,8.0,96.0,False,0.0
FCLOMA043,LOBA UNIVERSAL SPRAY CLNR 16OZ,2025-01-26,2026-01-26,3.0,9.0,0.75,1.5,2.25,20.0,0.0,20.0,26.666666666666668,False,0.0
FCLOMA043,LOBA UNIVERSAL SPRAY CLNR 16OZ,2025-01-26,2026-01-26,4.0,0.0,0.0,0.0,0.0,12.0,0.0,12.0,inf,False,0.0
FCLOMA043,LOBA UNIVERSAL SPRAY CLNR 16OZ,2025-01-26,2026-01-26,5.0,4.0,0.3333333333333333,0.6666666666666666,1.0,8.0,0.0,8.0,24.0,False,0.0
FCLOMA043,LOBA UNIVERSAL SPRAY CLNR 16OZ,2025-01-26,2026-01-26,6.0,14.0,1.1666666666666667,2.3333333333333335,3.5,8.0,0.0,8.0,6.857142857142857,False,0.0
FCLOMA043,LOBA UNIVERSAL SPRAY CLNR 16OZ,2025-01-26,2026-01-26,8.0,0.0,0.0,0.0,0.0,3.0,0.0,3.0,inf,False,0.0
FCLOMA043,LOBA UNIVERSAL SPRAY CLNR 16OZ,2025-01-26,2026-01-26,9.0,6.0,0.5,1.0,1.5,6.0,0.0,6.0,12.0,False,0.0
FCSI503645,SIKABOND REMOVER 16 FL.OZ.,2025-01-26,2026-01-26,1.0,84.0,7.0,14.0,21.0,24.0,12.0,12.0,1.7142857142857142,False,0.0
FCSI503645,SIKABOND REMOVER 16 FL.OZ.,2025-01-26,2026-01-26,3.0,6.0,0.5,1.0,1.5,11.0,0.0,11.0,22.0,False,0.0
FCSI503645,SIKABOND REMOVER 16 FL.OZ.,2025-01-26,2026-01-26,4.0,29.0,2.4166666666666665,4.833333333333333,7.25,19.0,0.0,19.0,7.862068965517242,False,0.0
FCSI503645,SIKABOND REMOVER 16 FL.OZ.,2025-01-26,2026-01-26,5.0,23.0,1.9166666666666667,3.8333333333333335,5.75,13.0,12.0,1.0,0.5217391304347826,True,4.75
FCSI503645,SIKABOND REMOVER 16 FL.OZ.,2025-01-26,2026-01-26,6.0,34.0,2.8333333333333335,5.666666666666667,8.5,27.0,0.0,27.0,9.529411764705882,False,0.0
FCSI503645,SIKABOND REMOVER 16 FL.OZ.,2025-01-26,2026-01-26,8.0,29.0,2.4166666666666665,4.833333333333333,7.25,31.0,0.0,31.0,12.827586206896553,False,0.0
FCSI503645,SIKABOND REMOVER 16 FL.OZ.,2025-01-26,2026-01-26,9.0,67.0,5.583333333333333,11.166666666666666,16.75,35.0,1.0,34.0,6.089552238805971,False,0.0
FCWO500251A,WOCA ANTIQUE LYE 2.5 L.,2025-01-26,2026-01-26,1.0,0.0,0.0,0.0,0.0,0.0,0.0,0.0,inf,False,0.0
FCWO500251A,WOCA ANTIQUE LYE 2.5 L.,2025-01-26,2026-01-26,3.0,0.0,0.0,0.0,0.0,0.0,0.0,0.0,inf,False,0.0
FCWO500251A,WOCA ANTIQUE LYE 2.5 L.,2025-01-26,2026-01-26,4.0,0.0,0.0,0.0,0.0,0.0,0.0,0.0,inf,False,0.0
FCWO500251A,WOCA ANTIQUE LYE 2.5 L.,2025-01-26,2026-01-26,5.0,0.0,0.0,0.0,0.0,0.0,0.0,0.0,inf,False,0.0
FCWO500251A,WOCA ANTIQUE LYE 2.5 L.,2025-01-26,2026-01-26,6.0,0.0,0.0,0.0,0.0,0.0,0.0,0.0,inf,False,0.0
FCWO500251A,WOCA ANTIQUE LYE 2.5 L.,2025-01-26,2026-01-26,8.0,0.0,0.0,0.0,0.0,0.0,0.0,0.0,inf,False,0.0
FCWO500251A,WOCA ANTIQUE LYE 2.5 L.,2025-01-26,2026-01-26,9.0,0.0,0.0,0.0,0.0,0.0,0.0,0.0,inf,False,0.0
FCWO510900A,WOCA SOAP IN SPRAY NATURAL,2025-01-26,2026-01-26,1.0,16.0,1.3333333333333333,2.6666666666666665,4.0,17.0,0.0,17.0,12.75,False,0.0
FCWO510900A,WOCA SOAP IN SPRAY NATURAL,2025-01-26,2026-01-26,3.0,7.0,0.5833333333333334,1.1666666666666667,1.75,7.0,0.0,7.0,12.0,False,0.0
FCWO510900A,WOCA SOAP IN SPRAY NATURAL,2025-01-26,2026-01-26,4.0,4.0,0.3333333333333333,0.6666666666666666,1.0,5.0,0.0,5.0,15.0,False,0.0
FCWO510900A,WOCA SOAP IN SPRAY NATURAL,2025-01-26,2026-01-26,5.0,3.0,0.25,0.5,0.75,6.0,0.0,6.0,24.0,False,0.0
FCWO510900A,WOCA SOAP IN SPRAY NATURAL,2025-01-26,2026-01-26,6.0,1.0,0.08333333333333333,0.16666666666666666,0.25,6.0,0.0,6.0,72.0,False,0.0
FCWO510900A,WOCA SOAP IN SPRAY NATURAL,2025-01-26,2026-01-26,8.0,0.0,0.0,0.0,0.0,2.0,0.0,2.0,inf,False,0.0
FCWO510900A,WOCA SOAP IN SPRAY NATURAL,2025-01-26,2026-01-26,9.0,1.0,0.08333333333333333,0.16666666666666666,0.25,6.0,0.0,6.0,72.0,False,0.0
FCWO510901A,WOCA SOAP IN SPRAY WHITE,2025-01-26,2026-01-26,1.0,1.0,0.08333333333333333,0.16666666666666666,0.25,46.0,0.0,46.0,552.0,False,0.0
FCWO510901A,WOCA SOAP IN SPRAY WHITE,2025-01-26,2026-01-26,3.0,3.0,0.25,0.5,0.75,5.0,0.0,5.0,20.0,False,0.0
FCWO510901A,WOCA SOAP IN SPRAY WHITE,2025-01-26,2026-01-26,4.0,2.0,0.16666666666666666,0.3333333333333333,0.5,4.0,0.0,4.0,24.0,False,0.0
FCWO510901A,WOCA SOAP IN SPRAY WHITE,2025-01-26,2026-01-26,5.0,1.0,0.08333333333333333,0.16666666666666666,0.25,7.0,0.0,7.0,84.0,False,0.0
FCWO510901A,WOCA SOAP IN SPRAY WHITE,2025-01-26,2026-01-26,6.0,1.0,0.08333333333333333,0.16666666666666666,0.25,6.0,0.0,6.0,72.0,False,0.0
FCWO510901A,WOCA SOAP IN SPRAY WHITE,2025-01-26,2026-01-26,8.0,0.0,0.0,0.0,0.0,4.0,0.0,4.0,inf,False,0.0
FCWO510901A,WOCA SOAP IN SPRAY WHITE,2025-01-26,2026-01-26,9.0,1.0,0.08333333333333333,0.16666666666666666,0.25,0.0,0.0,0.0,0.0,True,0.25
FCWO511010A,WOCA SOAP NATURAL 1LTR,2025-01-26,2026-01-26,1.0,12.0,1.0,2.0,3.0,6.0,0.0,6.0,6.0,False,0.0
FCWO511010A,WOCA SOAP NATURAL 1LTR,2025-01-26,2026-01-26,3.0,6.0,0.5,1.0,1.5,7.0,0.0,7.0,14.0,False,0.0
FCWO511010A,WOCA SOAP NATURAL 1LTR,2025-01-26,2026-01-26,4.0,1.0,0.08333333333333333,0.16666666666666666,0.25,6.0,0.0,6.0,72.0,False,0.0
FCWO511010A,WOCA SOAP NATURAL 1LTR,2025-01-26,2026-01-26,5.0,7.0,0.5833333333333334,1.1666666666666667,1.75,8.0,0.0,8.0,13.714285714285714,False,0.0
FCWO511010A,WOCA SOAP NATURAL 1LTR,2025-01-26,2026-01-26,6.0,7.0,0.5833333333333334,1.1666666666666667,1.75,3.0,0.0,3.0,5.142857142857142,False,0.0
FCWO511010A,WOCA SOAP NATURAL 1LTR,2025-01-26,2026-01-26,8.0,0.0,0.0,0.0,0.0,5.0,0.0,5.0,inf,False,0.0
FCWO511010A,WOCA SOAP NATURAL 1LTR,2025-01-26,2026-01-26,9.0,3.0,0.25,0.5,0.75,6.0,0.0,6.0,24.0,False,0.0
FCWO511025A,WOCA SOAP NATURAL  2.5 LITER,2025-01-26,2026-01-26,1.0,10.0,0.8333333333333334,1.6666666666666667,2.5,2.0,0.0,2.0,2.4,False,0.0
FCWO511025A,WOCA SOAP NATURAL  2.5 LITER,2025-01-26,2026-01-26,3.0,10.0,0.8333333333333334,1.6666666666666667,2.5,1.0,0.0,1.0,1.2,True,0.7
FCWO511025A,WOCA SOAP NATURAL  2.5 LITER,2025-01-26,2026-01-26,4.0,4.0,0.3333333333333333,0.6666666666666666,1.0,0.0,0.0,0.0,0.0,True,0.4666666666666666
FCWO511025A,WOCA SOAP NATURAL  2.5 LITER,2025-01-26,2026-01-26,5.0,4.0,0.3333333333333333,0.6666666666666666,1.0,2.0,0.0,2.0,6.0,False,0.0
FCWO511025A,WOCA SOAP NATURAL  2.5 LITER,2025-01-26,2026-01-26,6.0,1.0,0.08333333333333333,0.16666666666666666,0.25,1.0,0.0,1.0,12.0,False,0.0
FCWO511025A,WOCA SOAP NATURAL  2.5 LITER,2025-01-26,2026-01-26,8.0,0.0,0.0,0.0,0.0,1.0,0.0,1.0,inf,False,0.0
FCWO511025A,WOCA SOAP NATURAL  2.5 LITER,2025-01-26,2026-01-26,9.0,1.0,0.08333333333333333,0.16666666666666666,0.25,3.0,0.0,3.0,36.0,False,0.0
FCWO511210A,WOCA OIL REFRESHER NATURAL 1L,2025-01-26,2026-01-26,1.0,33.0,2.75,5.5,8.25,12.0,0.0,12.0,4.363636363636363,False,0.0
FCWO511210A,WOCA OIL REFRESHER NATURAL 1L,2025-01-26,2026-01-26,3.0,0.0,0.0,0.0,0.0,2.0,0.0,2.0,inf,False,0.0
FCWO511210A,WOCA OIL REFRESHER NATURAL 1L,2025-01-26,2026-01-26,4.0,2.0,0.16666666666666666,0.3333333333333333,0.5,4.0,0.0,4.0,24.0,False,0.0
FCWO511210A,WOCA OIL REFRESHER NATURAL 1L,2025-01-26,2026-01-26,5.0,4.0,0.3333333333333333,0.6666666666666666,1.0,3.0,0.0,3.0,9.0,False,0.0
FCWO511210A,WOCA OIL REFRESHER NATURAL 1L,2025-01-26,2026-01-26,6.0,1.0,0.08333333333333333,0.16666666666666666,0.25,3.0,0.0,3.0,36.0,False,0.0
FCWO511210A,WOCA OIL REFRESHER NATURAL 1L,2025-01-26,2026-01-26,8.0,0.0,0.0,0.0,0.0,0.0,0.0,0.0,inf,False,0.0
FCWO511210A,WOCA OIL REFRESHER NATURAL 1L,2025-01-26,2026-01-26,9.0,1.0,0.08333333333333333,0.16666666666666666,0.25,7.0,0.0,7.0,84.0,False,0.0
FCWO511225A,WOCA OIL REFRESHER NATURAL 2.5,2025-01-26,2026-01-26,1.0,4.0,0.3333333333333333,0.6666666666666666,1.0,2.0,0.0,2.0,6.0,False,0.0
FCWO511225A,WOCA OIL REFRESHER NATURAL 2.5,2025-01-26,2026-01-26,3.0,0.0,0.0,0.0,0.0,0.0,0.0,0.0,inf,False,0.0
FCWO511225A,WOCA OIL REFRESHER NATURAL 2.5,2025-01-26,2026-01-26,4.0,3.0,0.25,0.5,0.75,1.0,0.0,1.0,4.0,False,0.0
FCWO511225A,WOCA OIL REFRESHER NATURAL 2.5,2025-01-26,2026-01-26,5.0,1.0,0.08333333333333333,0.16666666666666666,0.25,3.0,0.0,3.0,36.0,False,0.0
FCWO511225A,WOCA OIL REFRESHER NATURAL 2.5,2025-01-26,2026-01-26,6.0,1.0,0.08333333333333333,0.16666666666666666,0.25,0.0,0.0,0.0,0.0,True,0.25
FCWO511225A,WOCA OIL REFRESHER NATURAL 2.5,2025-01-26,2026-01-26,8.0,0.0,0.0,0.0,0.0,1.0,0.0,1.0,inf,False,0.0
FCWO511225A,WOCA OIL REFRESHER NATURAL 2.5,2025-01-26,2026-01-26,9.0,0.0,0.0,0.0,0.0,2.0,2.0,0.0,inf,False,0.0
FCWO511310A,WOCA OIL REFRESHER - WHITE 1L,2025-01-26,2026-01-26,1.0,0.0,0.0,0.0,0.0,3.0,0.0,3.0,inf,False,0.0
FCWO511310A,WOCA OIL REFRESHER - WHITE 1L,2025-01-26,2026-01-26,3.0,1.0,0.08333333333333333,0.16666666666666666,0.25,4.0,0.0,4.0,48.0,False,0.0
FCWO511310A,WOCA OIL REFRESHER - WHITE 1L,2025-01-26,2026-01-26,4.0,1.0,0.08333333333333333,0.16666666666666666,0.25,1.0,0.0,1.0,12.0,False,0.0
FCWO511310A,WOCA OIL REFRESHER - WHITE 1L,2025-01-26,2026-01-26,5.0,2.0,0.16666666666666666,0.3333333333333333,0.5,4.0,0.0,4.0,24.0,False,0.0
FCWO511310A,WOCA OIL REFRESHER - WHITE 1L,2025-01-26,2026-01-26,6.0,1.0,0.08333333333333333,0.16666666666666666,0.25,3.0,0.0,3.0,36.0,False,0.0
FCWO511310A,WOCA OIL REFRESHER - WHITE 1L,2025-01-26,2026-01-26,8.0,0.0,0.0,0.0,0.0,3.0,0.0,3.0,inf,False,0.0
FCWO511310A,WOCA OIL REFRESHER - WHITE 1L,2025-01-26,2026-01-26,9.0,5.0,0.4166666666666667,0.8333333333333334,1.25,3.0,0.0,3.0,7.199999999999999,False,0.0
FCWO522072AA,WOCA MASTER CLR OIL - NAT. 1L,2025-01-26,2026-01-26,1.0,3.0,0.25,0.5,0.75,0.0,0.0,0.0,0.0,False,0.0
FCWO522072AA,WOCA MASTER CLR OIL - NAT. 1L,2025-01-26,2026-01-26,3.0,1.0,0.08333333333333333,0.16666666666666666,0.25,0.0,0.0,0.0,0.0,False,0.0
FCWO522072AA,WOCA MASTER CLR OIL - NAT. 1L,2025-01-26,2026-01-26,4.0,0.0,0.0,0.0,0.0,4.0,0.0,4.0,inf,False,0.0
FCWO522072AA,WOCA MASTER CLR OIL - NAT. 1L,2025-01-26,2026-01-26,5.0,0.0,0.0,0.0,0.0,0.0,0.0,0.0,inf,False,0.0
FCWO522072AA,WOCA MASTER CLR OIL - NAT. 1L,2025-01-26,2026-01-26,6.0,0.0,0.0,0.0,0.0,0.0,0.0,0.0,inf,False,0.0
FCWO522072AA,WOCA MASTER CLR OIL - NAT. 1L,2025-01-26,2026-01-26,8.0,0.0,0.0,0.0,0.0,0.0,0.0,0.0,inf,False,0.0
FCWO522072AA,WOCA MASTER CLR OIL - NAT. 1L,2025-01-26,2026-01-26,9.0,1.0,0.08333333333333333,0.16666666666666666,0.25,0.0,0.0,0.0,0.0,False,0.0
FCWO522073AA,WOCA MASTER CLR OIL NAT. 2.5L,2025-01-26,2026-01-26,1.0,11.0,0.9166666666666666,1.8333333333333333,2.75,6.0,2.0,4.0,4.363636363636364,False,0.0
FCWO522073AA,WOCA MASTER CLR OIL NAT. 2.5L,2025-01-26,2026-01-26,3.0,6.0,0.5,1.0,1.5,3.0,0.0,3.0,6.0,False,0.0
FCWO522073AA,WOCA MASTER CLR OIL NAT. 2.5L,2025-01-26,2026-01-26,4.0,3.0,0.25,0.5,0.75,4.0,0.0,4.0,16.0,False,0.0
FCWO522073AA,WOCA MASTER CLR OIL NAT. 2.5L,2025-01-26,2026-01-26,5.0,5.0,0.4166666666666667,0.8333333333333334,1.25,2.0,0.0,2.0,4.8,False,0.0
FCWO522073AA,WOCA MASTER CLR OIL NAT. 2.5L,2025-01-26,2026-01-26,6.0,9.0,0.75,1.5,2.25,0.0,0.0,0.0,0.0,True,1.6323529411764708
FCWO522073AA,WOCA MASTER CLR OIL NAT. 2.5L,2025-01-26,2026-01-26,8.0,0.0,0.0,0.0,0.0,0.0,0.0,0.0,inf,False,0.0
FCWO522073AA,WOCA MASTER CLR OIL NAT. 2.5L,2025-01-26,2026-01-26,9.0,12.0,1.0,2.0,3.0,1.0,0.0,1.0,1.0,True,1.450980392156863
FCWO522573AA,WOCA MASTER FLR OIL-WHITE 2.5L,2025-01-26,2026-01-26,1.0,0.0,0.0,0.0,0.0,0.0,0.0,0.0,inf,False,0.0
FCWO522573AA,WOCA MASTER FLR OIL-WHITE 2.5L,2025-01-26,2026-01-26,3.0,0.0,0.0,0.0,0.0,0.0,0.0,0.0,inf,False,0.0
FCWO522573AA,WOCA MASTER FLR OIL-WHITE 2.5L,2025-01-26,2026-01-26,4.0,0.0,0.0,0.0,0.0,0.0,0.0,0.0,inf,False,0.0
FCWO522573AA,WOCA MASTER FLR OIL-WHITE 2.5L,2025-01-26,2026-01-26,5.0,0.0,0.0,0.0,0.0,0.0,0.0,0.0,inf,False,0.0
FCWO522573AA,WOCA MASTER FLR OIL-WHITE 2.5L,2025-01-26,2026-01-26,6.0,0.0,0.0,0.0,0.0,0.0,0.0,0.0,inf,False,0.0
FCWO522573AA,WOCA MASTER FLR OIL-WHITE 2.5L,2025-01-26,2026-01-26,8.0,0.0,0.0,0.0,0.0,0.0,0.0,0.0,inf,False,0.0
FCWO522573AA,WOCA MASTER FLR OIL-WHITE 2.5L,2025-01-26,2026-01-26,9.0,0.0,0.0,0.0,0.0,0.0,0.0,0.0,inf,False,0.0
FCWO531825AA,WOCA COLOR OIL EXTRA WHITE 2.5,2025-01-26,2026-01-26,1.0,0.0,0.0,0.0,0.0,8.0,1.0,7.0,inf,False,0.0
FCWO531825AA,WOCA COLOR OIL EXTRA WHITE 2.5,2025-01-26,2026-01-26,3.0,0.0,0.0,0.0,0.0,3.0,0.0,3.0,inf,False,0.0
FCWO531825AA,WOCA COLOR OIL EXTRA WHITE 2.5,2025-01-26,2026-01-26,4.0,0.0,0.0,0.0,0.0,4.0,0.0,4.0,inf,False,0.0
FCWO531825AA,WOCA COLOR OIL EXTRA WHITE 2.5,2025-01-26,2026-01-26,5.0,1.0,0.08333333333333333,0.16666666666666666,0.25,3.0,0.0,3.0,36.0,False,0.0
FCWO531825AA,WOCA COLOR OIL EXTRA WHITE 2.5,2025-01-26,2026-01-26,6.0,0.0,0.0,0.0,0.0,1.0,0.0,1.0,inf,False,0.0
FCWO531825AA,WOCA COLOR OIL EXTRA WHITE 2.5,2025-01-26,2026-01-26,8.0,0.0,0.0,0.0,0.0,1.0,0.0,1.0,inf,False,0.0
FCWO531825AA,WOCA COLOR OIL EXTRA WHITE 2.5,2025-01-26,2026-01-26,9.0,0.0,0.0,0.0,0.0,1.0,0.0,1.0,inf,False,0.0
FCWO551510A,WOCA WOOD CLEANER 1L.,2025-01-26,2026-01-26,1.0,4.0,0.3333333333333333,0.6666666666666666,1.0,31.0,0.0,31.0,93.0,False,0.0
FCWO551510A,WOCA WOOD CLEANER 1L.,2025-01-26,2026-01-26,3.0,0.0,0.0,0.0,0.0,3.0,0.0,3.0,inf,False,0.0
FCWO551510A,WOCA WOOD CLEANER 1L.,2025-01-26,2026-01-26,4.0,3.0,0.25,0.5,0.75,5.0,0.0,5.0,20.0,False,0.0
FCWO551510A,WOCA WOOD CLEANER 1L.,2025-01-26,2026-01-26,5.0,0.0,0.0,0.0,0.0,2.0,0.0,2.0,inf,False,0.0
FCWO551510A,WOCA WOOD CLEANER 1L.,2025-01-26,2026-01-26,6.0,2.0,0.16666666666666666,0.3333333333333333,0.5,4.0,0.0,4.0,24.0,False,0.0
FCWO551510A,WOCA WOOD CLEANER 1L.,2025-01-26,2026-01-26,8.0,0.0,0.0,0.0,0.0,3.0,0.0,3.0,inf,False,0.0
FCWO551510A,WOCA WOOD CLEANER 1L.,2025-01-26,2026-01-26,9.0,6.0,0.5,1.0,1.5,3.0,0.0,3.0,6.0,False,0.0
FCWO551525A,WOCA WOOD CLEANER 2.5L.,2025-01-26,2026-01-26,1.0,0.0,0.0,0.0,0.0,8.0,0.0,8.0,inf,False,0.0
FCWO551525A,WOCA WOOD CLEANER 2.5L.,2025-01-26,2026-01-26,3.0,0.0,0.0,0.0,0.0,3.0,0.0,3.0,inf,False,0.0
FCWO551525A,WOCA WOOD CLEANER 2.5L.,2025-01-26,2026-01-26,4.0,2.0,0.16666666666666666,0.3333333333333333,0.5,2.0,0.0,2.0,12.0,False,0.0
FCWO551525A,WOCA WOOD CLEANER 2.5L.,2025-01-26,2026-01-26,5.0,1.0,0.08333333333333333,0.16666666666666666,0.25,3.0,0.0,3.0,36.0,False,0.0
FCWO551525A,WOCA WOOD CLEANER 2.5L.,2025-01-26,2026-01-26,6.0,3.0,0.25,0.5,0.75,2.0,0.0,2.0,8.0,False,0.0
FCWO551525A,WOCA WOOD CLEANER 2.5L.,2025-01-26,2026-01-26,8.0,0.0,0.0,0.0,0.0,5.0,0.0,5.0,inf,False,0.0
FCWO551525A,WOCA WOOD CLEANER 2.5L.,2025-01-26,2026-01-26,9.0,0.0,0.0,0.0,0.0,0.0,0.0,0.0,inf,False,0.0
FCWWC101,WOODWISE CONCENTRATE 1 GAL,2025-01-26,2026-01-26,1.0,8.0,0.6666666666666666,1.3333333333333333,2.0,12.0,4.0,8.0,12.0,False,0.0
FCWWC101,WOODWISE CONCENTRATE 1 GAL,2025-01-26,2026-01-26,3.0,4.0,0.3333333333333333,0.6666666666666666,1.0,5.0,0.0,5.0,15.0,False,0.0
FCWWC101,WOODWISE CONCENTRATE 1 GAL,2025-01-26,2026-01-26,4.0,2.0,0.16666666666666666,0.3333333333333333,0.5,6.0,0.0,6.0,36.0,False,0.0
FCWWC101,WOODWISE CONCENTRATE 1 GAL,2025-01-26,2026-01-26,5.0,2.0,0.16666666666666666,0.3333333333333333,0.5,4.0,0.0,4.0,24.0,False,0.0
FCWWC101,WOODWISE CONCENTRATE 1 GAL,2025-01-26,2026-01-26,6.0,1.0,0.08333333333333333,0.16666666666666666,0.25,3.0,0.0,3.0,36.0,False,0.0
FCWWC101,WOODWISE CONCENTRATE 1 GAL,2025-01-26,2026-01-26,8.0,1.0,0.08333333333333333,0.16666666666666666,0.25,3.0,0.0,3.0,36.0,False,0.0
FCWWC101,WOODWISE CONCENTRATE 1 GAL,2025-01-26,2026-01-26,9.0,0.0,0.0,0.0,0.0,7.0,0.0,7.0,inf,False,0.0
FCWWC232,WOODWISE 32OZ SPRAY,2025-01-26,2026-01-26,1.0,2.0,0.16666666666666666,0.3333333333333333,0.5,24.0,9.0,15.0,90.0,False,0.0
FCWWC232,WOODWISE 32OZ SPRAY,2025-01-26,2026-01-26,3.0,0.0,0.0,0.0,0.0,10.0,0.0,10.0,inf,False,0.0
FCWWC232,WOODWISE 32OZ SPRAY,2025-01-26,2026-01-26,4.0,0.0,0.0,0.0,0.0,5.0,0.0,5.0,inf,False,0.0
FCWWC232,WOODWISE 32OZ SPRAY,2025-01-26,2026-01-26,5.0,9.0,0.75,1.5,2.25,7.0,0.0,7.0,9.333333333333334,False,0.0
FCWWC232,WOODWISE 32OZ SPRAY,2025-01-26,2026-01-26,6.0,1.0,0.08333333333333333,0.16666666666666666,0.25,9.0,0.0,9.0,108.0,False,0.0
FCWWC232,WOODWISE 32OZ SPRAY,2025-01-26,2026-01-26,8.0,0.0,0.0,0.0,0.0,13.0,1.0,12.0,inf,False,0.0
FCWWC232,WOODWISE 32OZ SPRAY,2025-01-26,2026-01-26,9.0,0.0,0.0,0.0,0.0,5.0,0.0,5.0,inf,False,0.0
FCWWTMK1,WOODWISE CLEANING KIT,2025-01-26,2026-01-26,1.0,0.0,0.0,0.0,0.0,10.0,0.0,10.0,inf,False,0.0
FCWWTMK1,WOODWISE CLEANING KIT,2025-01-26,2026-01-26,3.0,1.0,0.08333333333333333,0.16666666666666666,0.25,6.0,0.0,6.0,72.0,False,0.0
FCWWTMK1,WOODWISE CLEANING KIT,2025-01-26,2026-01-26,4.0,0.0,0.0,0.0,0.0,6.0,0.0,6.0,inf,False,0.0
FCWWTMK1,WOODWISE CLEANING KIT,2025-01-26,2026-01-26,5.0,7.0,0.5833333333333334,1.1666666666666667,1.75,7.0,2.0,5.0,8.571428571428571,False,0.0
FCWWTMK1,WOODWISE CLEANING KIT,2025-01-26,2026-01-26,6.0,10.0,0.8333333333333334,1.6666666666666667,2.5,5.0,0.0,5.0,6.0,False,0.0
FCWWTMK1,WOODWISE CLEANING KIT,2025-01-26,2026-01-26,8.0,0.0,0.0,0.0,0.0,3.0,0.0,3.0,inf,False,0.0
FCWWTMK1,WOODWISE CLEANING KIT,2025-01-26,2026-01-26,9.0,3.0,0.25,0.5,0.75,4.0,0.0,4.0,16.0,False,0.0
FIBOW1006,BONA CLEARSEAL,2025-01-26,2026-01-26,1.0,197.0,16.416666666666668,32.833333333333336,49.25,149.0,4.0,145.0,8.83248730964467,False,0.0
FIBOW1006,BONA CLEARSEAL,2025-01-26,2026-01-26,3.0,191.0,15.916666666666666,31.833333333333332,47.75,6.0,0.0,6.0,0.3769633507853403,True,41.75
FIBOW1006,BONA CLEARSEAL,2025-01-26,2026-01-26,4.0,73.0,6.083333333333333,12.166666666666666,18.25,9.0,0.0,9.0,1.4794520547945207,True,9.25
FIBOW1006,BONA CLEARSEAL,2025-01-26,2026-01-26,5.0,74.0,6.166666666666667,12.333333333333334,18.5,16.0,0.0,16.0,2.5945945945945943,False,0.0
FIBOW1006,BONA CLEARSEAL,2025-01-26,2026-01-26,6.0,147.0,12.25,24.5,36.75,20.0,0.0,20.0,1.6326530612244898,True,16.75
FIBOW1006,BONA CLEARSEAL,2025-01-26,2026-01-26,8.0,12.0,1.0,2.0,3.0,20.0,0.0,20.0,20.0,False,0.0
FIBOW1006,BONA CLEARSEAL,2025-01-26,2026-01-26,9.0,194.0,16.166666666666668,32.333333333333336,48.5,6.0,0.0,6.0,0.37113402061855666,True,42.5
FIBOW1300,BONA MEGA GLOSS,2025-01-26,2026-01-26,1.0,26.0,2.1666666666666665,4.333333333333333,6.5,8.0,1.0,7.0,3.230769230769231,False,0.0
FIBOW1300,BONA MEGA GLOSS,2025-01-26,2026-01-26,3.0,0.0,0.0,0.0,0.0,0.0,0.0,0.0,inf,False,0.0
FIBOW1300,BONA MEGA GLOSS,2025-01-26,2026-01-26,4.0,0.0,0.0,0.0,0.0,0.0,0.0,0.0,inf,False,0.0
FIBOW1300,BONA MEGA GLOSS,2025-01-26,2026-01-26,5.0,0.0,0.0,0.0,0.0,0.0,0.0,0.0,inf,False,0.0
FIBOW1300,BONA MEGA GLOSS,2025-01-26,2026-01-26,6.0,6.0,0.5,1.0,1.5,0.0,0.0,0.0,0.0,True,1.5
FIBOW1300,BONA MEGA GLOSS,2025-01-26,2026-01-26,8.0,4.0,0.3333333333333333,0.6666666666666666,1.0,7.0,0.0,7.0,21.0,False,0.0
FIBOW1300,BONA MEGA GLOSS,2025-01-26,2026-01-26,9.0,0.0,0.0,0.0,0.0,0.0,0.0,0.0,inf,False,0.0
FIBOW1303,BONA MEGA SEMI-GLOSS,2025-01-26,2026-01-26,1.0,119.0,9.916666666666666,19.833333333333332,29.75,82.0,0.0,82.0,8.268907563025211,False,0.0
FIBOW1303,BONA MEGA SEMI-GLOSS,2025-01-26,2026-01-26,3.0,159.0,13.25,26.5,39.75,24.0,0.0,24.0,1.8113207547169812,True,15.75
FIBOW1303,BONA MEGA SEMI-GLOSS,2025-01-26,2026-01-26,4.0,41.0,3.4166666666666665,6.833333333333333,10.25,15.0,0.0,15.0,4.390243902439025,False,0.0
FIBOW1303,BONA MEGA SEMI-GLOSS,2025-01-26,2026-01-26,5.0,20.0,1.6666666666666667,3.3333333333333335,5.0,5.0,0.0,5.0,3.0,False,0.0
FIBOW1303,BONA MEGA SEMI-GLOSS,2025-01-26,2026-01-26,6.0,109.0,9.083333333333334,18.166666666666668,27.25,18.0,0.0,18.0,1.9816513761467889,True,9.25
FIBOW1303,BONA MEGA SEMI-GLOSS,2025-01-26,2026-01-26,8.0,29.0,2.4166666666666665,4.833333333333333,7.25,7.0,0.0,7.0,2.896551724137931,False,0.0
FIBOW1303,BONA MEGA SEMI-GLOSS,2025-01-26,2026-01-26,9.0,53.0,4.416666666666667,8.833333333333334,13.25,10.0,0.0,10.0,2.2641509433962264,False,0.0
FIBOW1306,BONA MEGA SATIN,2025-01-26,2026-01-26,1.0,309.0,25.75,51.5,77.25,207.0,6.0,201.0,7.805825242718447,False,0.0
FIBOW1306,BONA MEGA SATIN,2025-01-26,2026-01-26,3.0,495.0,41.25,82.5,123.75,34.0,2.0,32.0,0.7757575757575758,True,91.75
FIBOW1306,BONA MEGA SATIN,2025-01-26,2026-01-26,4.0,189.0,15.75,31.5,47.25,56.0,0.0,56.0,3.5555555555555554,False,0.0
FIBOW1306,BONA MEGA SATIN,2025-01-26,2026-01-26,5.0,148.0,12.333333333333334,24.666666666666668,37.0,26.0,5.0,21.0,1.7027027027027026,True,16.0
FIBOW1306,BONA MEGA SATIN,2025-01-26,2026-01-26,6.0,236.0,19.666666666666668,39.333333333333336,59.0,42.0,0.0,42.0,2.135593220338983,False,0.0
FIBOW1306,BONA MEGA SATIN,2025-01-26,2026-01-26,8.0,32.0,2.6666666666666665,5.333333333333333,8.0,11.0,5.0,6.0,2.25,False,0.0
FIBOW1306,BONA MEGA SATIN,2025-01-26,2026-01-26,9.0,221.0,18.416666666666668,36.833333333333336,55.25,55.0,0.0,55.0,2.9864253393665154,False,0.0
FIBOW1339,BONA MEGA EXTRA MATTE,2025-01-26,2026-01-26,1.0,78.0,6.5,13.0,19.5,62.0,1.0,61.0,9.384615384615385,False,0.0
FIBOW1339,BONA MEGA EXTRA MATTE,2025-01-26,2026-01-26,3.0,168.0,14.0,28.0,42.0,26.0,0.0,26.0,1.8571428571428572,True,16.0
FIBOW1339,BONA MEGA EXTRA MATTE,2025-01-26,2026-01-26,4.0,95.0,7.916666666666667,15.833333333333334,23.75,9.0,0.0,9.0,1.1368421052631579,True,14.75
FIBOW1339,BONA MEGA EXTRA MATTE,2025-01-26,2026-01-26,5.0,17.0,1.4166666666666667,2.8333333333333335,4.25,3.0,0.0,3.0,2.1176470588235294,False,0.0
FIBOW1339,BONA MEGA EXTRA MATTE,2025-01-26,2026-01-26,6.0,82.0,6.833333333333333,13.666666666666666,20.5,15.0,0.0,15.0,2.1951219512195124,False,0.0
FIBOW1339,BONA MEGA EXTRA MATTE,2025-01-26,2026-01-26,8.0,51.0,4.25,8.5,12.75,12.0,5.0,7.0,1.6470588235294117,True,5.75
FIBOW1339,BONA MEGA EXTRA MATTE,2025-01-26,2026-01-26,9.0,66.0,5.5,11.0,16.5,18.0,4.0,14.0,2.5454545454545454,False,0.0
FIBOW1553,BONA TRAFFIC HD SEMI-GLOSS,2025-01-26,2026-01-26,1.0,88.0,7.333333333333333,14.666666666666666,22.0,5.0,2.0,3.0,0.4090909090909091,False,0.0
FIBOW1553,BONA TRAFFIC HD SEMI-GLOSS,2025-01-26,2026-01-26,3.0,47.0,3.9166666666666665,7.833333333333333,11.75,1.0,0.0,1.0,0.25531914893617025,False,0.0
FIBOW1553,BONA TRAFFIC HD SEMI-GLOSS,2025-01-26,2026-01-26,4.0,14.0,1.1666666666666667,2.3333333333333335,3.5,2.0,0.0,2.0,1.7142857142857142,False,0.0
FIBOW1553,BONA TRAFFIC HD SEMI-GLOSS,2025-01-26,2026-01-26,5.0,27.0,2.25,4.5,6.75,8.0,1.0,7.0,3.111111111111111,False,0.0
FIBOW1553,BONA TRAFFIC HD SEMI-GLOSS,2025-01-26,2026-01-26,6.0,49.0,4.083333333333333,8.166666666666666,12.25,20.0,0.0,20.0,4.8979591836734695,False,0.0
FIBOW1553,BONA TRAFFIC HD SEMI-GLOSS,2025-01-26,2026-01-26,8.0,12.0,1.0,2.0,3.0,6.0,1.0,5.0,5.0,False,0.0
FIBOW1553,BONA TRAFFIC HD SEMI-GLOSS,2025-01-26,2026-01-26,9.0,8.0,0.6666666666666666,1.3333333333333333,2.0,5.0,0.0,5.0,7.5,False,0.0
FIBOW1556,BONA TRAFFIC HD SATIN,2025-01-26,2026-01-26,1.0,219.0,18.25,36.5,54.75,24.0,0.0,24.0,1.3150684931506849,False,0.0
FIBOW1556,BONA TRAFFIC HD SATIN,2025-01-26,2026-01-26,3.0,217.0,18.083333333333332,36.166666666666664,54.25,52.0,0.0,52.0,2.8755760368663594,False,0.0
FIBOW1556,BONA TRAFFIC HD SATIN,2025-01-26,2026-01-26,4.0,62.0,5.166666666666667,10.333333333333334,15.5,11.0,9.0,2.0,0.3870967741935484,True,1.0384615384615385
FIBOW1556,BONA TRAFFIC HD SATIN,2025-01-26,2026-01-26,5.0,83.0,6.916666666666667,13.833333333333334,20.75,17.0,0.0,17.0,2.4578313253012047,False,0.0
FIBOW1556,BONA TRAFFIC HD SATIN,2025-01-26,2026-01-26,6.0,206.0,17.166666666666668,34.333333333333336,51.5,18.0,0.0,18.0,1.0485436893203883,True,2.576923076923077
FIBOW1556,BONA TRAFFIC HD SATIN,2025-01-26,2026-01-26,8.0,30.0,2.5,5.0,7.5,14.0,0.0,14.0,5.6,False,0.0
FIBOW1556,BONA TRAFFIC HD SATIN,2025-01-26,2026-01-26,9.0,147.0,12.25,24.5,36.75,10.0,1.0,9.0,0.7346938775510204,True,2.1346153846153846
FIBOW1558,BONA TRAFFIC HD ANTI SLIP,2025-01-26,2026-01-26,1.0,2.0,0.16666666666666666,0.3333333333333333,0.5,16.0,6.0,10.0,60.0,False,0.0
FIBOW1558,BONA TRAFFIC HD ANTI SLIP,2025-01-26,2026-01-26,3.0,2.0,0.16666666666666666,0.3333333333333333,0.5,3.0,3.0,0.0,0.0,True,0.5
FIBOW1558,BONA TRAFFIC HD ANTI SLIP,2025-01-26,2026-01-26,4.0,0.0,0.0,0.0,0.0,7.0,0.0,7.0,inf,False,0.0
FIBOW1558,BONA TRAFFIC HD ANTI SLIP,2025-01-26,2026-01-26,5.0,0.0,0.0,0.0,0.0,4.0,0.0,4.0,inf,False,0.0
FIBOW1558,BONA TRAFFIC HD ANTI SLIP,2025-01-26,2026-01-26,6.0,2.0,0.16666666666666666,0.3333333333333333,0.5,5.0,0.0,5.0,30.0,False,0.0
FIBOW1558,BONA TRAFFIC HD ANTI SLIP,2025-01-26,2026-01-26,8.0,1.0,0.08333333333333333,0.16666666666666666,0.25,11.0,5.0,6.0,72.0,False,0.0
FIBOW1558,BONA TRAFFIC HD ANTI SLIP,2025-01-26,2026-01-26,9.0,5.0,0.4166666666666667,0.8333333333333334,1.25,8.0,0.0,8.0,19.2,False,0.0
FIBOW1559,BONA TRAFFIC HD EXTRA MATTE,2025-01-26,2026-01-26,1.0,93.0,7.75,15.5,23.25,40.0,4.0,36.0,4.645161290322581,False,0.0
FIBOW1559,BONA TRAFFIC HD EXTRA MATTE,2025-01-26,2026-01-26,3.0,191.0,15.916666666666666,31.833333333333332,47.75,11.0,0.0,11.0,0.6910994764397906,True,15.910919540229886
FIBOW1559,BONA TRAFFIC HD EXTRA MATTE,2025-01-26,2026-01-26,4.0,38.0,3.1666666666666665,6.333333333333333,9.5,25.0,3.0,22.0,6.947368421052632,False,0.0
FIBOW1559,BONA TRAFFIC HD EXTRA MATTE,2025-01-26,2026-01-26,5.0,12.0,1.0,2.0,3.0,12.0,0.0,12.0,12.0,False,0.0
FIBOW1559,BONA TRAFFIC HD EXTRA MATTE,2025-01-26,2026-01-26,6.0,109.0,9.083333333333334,18.166666666666668,27.25,14.0,0.0,14.0,1.5412844036697246,True,5.736590038314176
FIBOW1559,BONA TRAFFIC HD EXTRA MATTE,2025-01-26,2026-01-26,8.0,8.0,0.6666666666666666,1.3333333333333333,2.0,10.0,4.0,6.0,9.0,False,0.0
FIBOW1559,BONA TRAFFIC HD EXTRA MATTE,2025-01-26,2026-01-26,9.0,69.0,5.75,11.5,17.25,3.0,1.0,2.0,0.34782608695652173,True,6.602490421455938
FIBOW18000,BONA RED OUT,2025-01-26,2026-01-26,1.0,11.0,0.9166666666666666,1.8333333333333333,2.75,11.0,5.0,6.0,6.545454545454546,False,0.0
FIBOW18000,BONA RED OUT,2025-01-26,2026-01-26,3.0,23.0,1.9166666666666667,3.8333333333333335,5.75,2.0,0.0,2.0,1.0434782608695652,True,2.629310344827586
FIBOW18000,BONA RED OUT,2025-01-26,2026-01-26,4.0,8.0,0.6666666666666666,1.3333333333333333,2.0,4.0,0.0,4.0,6.0,False,0.0
FIBOW18000,BONA RED OUT,2025-01-26,2026-01-26,5.0,10.0,0.8333333333333334,1.6666666666666667,2.5,1.0,1.0,0.0,0.0,True,1.7528735632183907
FIBOW18000,BONA RED OUT,2025-01-26,2026-01-26,6.0,15.0,1.25,2.5,3.75,8.0,1.0,7.0,5.6,False,0.0
FIBOW18000,BONA RED OUT,2025-01-26,2026-01-26,8.0,4.0,0.3333333333333333,0.6666666666666666,1.0,3.0,0.0,3.0,9.0,False,0.0
FIBOW18000,BONA RED OUT,2025-01-26,2026-01-26,9.0,8.0,0.6666666666666666,1.3333333333333333,2.0,1.0,0.0,1.0,1.5,True,0.7011494252873562
FIBOW1948,BONA TRAFFIC HD RAW ULTRA MATT,2025-01-26,2026-01-26,1.0,51.0,4.25,8.5,12.75,2.0,0.0,2.0,0.47058823529411764,False,0.0
FIBOW1948,BONA TRAFFIC HD RAW ULTRA MATT,2025-01-26,2026-01-26,3.0,80.0,6.666666666666667,13.333333333333334,20.0,3.0,0.0,3.0,0.44999999999999996,False,0.0
FIBOW1948,BONA TRAFFIC HD RAW ULTRA MATT,2025-01-26,2026-01-26,4.0,15.0,1.25,2.5,3.75,6.0,0.0,6.0,4.8,False,0.0
FIBOW1948,BONA TRAFFIC HD RAW ULTRA MATT,2025-01-26,2026-01-26,5.0,9.0,0.75,1.5,2.25,11.0,0.0,11.0,14.666666666666666,False,0.0
FIBOW1948,BONA TRAFFIC HD RAW ULTRA MATT,2025-01-26,2026-01-26,6.0,18.0,1.5,3.0,4.5,13.0,0.0,13.0,8.666666666666666,False,0.0
FIBOW1948,BONA TRAFFIC HD RAW ULTRA MATT,2025-01-26,2026-01-26,8.0,1.0,0.08333333333333333,0.16666666666666666,0.25,4.0,2.0,2.0,24.0,False,0.0
FIBOW1948,BONA TRAFFIC HD RAW ULTRA MATT,2025-01-26,2026-01-26,9.0,5.0,0.4166666666666667,0.8333333333333334,1.25,8.0,7.0,1.0,2.4,False,0.0
FIBOW2000,BONA CLASSICSEAL,2025-01-26,2026-01-26,1.0,0.0,0.0,0.0,0.0,0.0,0.0,0.0,inf,False,0.0
FIBOW2000,BONA CLASSICSEAL,2025-01-26,2026-01-26,3.0,0.0,0.0,0.0,0.0,0.0,0.0,0.0,inf,False,0.0
FIBOW2000,BONA CLASSICSEAL,2025-01-26,2026-01-26,4.0,0.0,0.0,0.0,0.0,0.0,0.0,0.0,inf,False,0.0
FIBOW2000,BONA CLASSICSEAL,2025-01-26,2026-01-26,5.0,0.0,0.0,0.0,0.0,0.0,0.0,0.0,inf,False,0.0
FIBOW2000,BONA CLASSICSEAL,2025-01-26,2026-01-26,6.0,0.0,0.0,0.0,0.0,0.0,0.0,0.0,inf,False,0.0
FIBOW2000,BONA CLASSICSEAL,2025-01-26,2026-01-26,8.0,0.0,0.0,0.0,0.0,0.0,0.0,0.0,inf,False,0.0
FIBOW2000,BONA CLASSICSEAL,2025-01-26,2026-01-26,9.0,0.0,0.0,0.0,0.0,0.0,0.0,0.0,inf,False,0.0
FIBOW2203,BONA DOMO SEMI-GLOSS,2025-01-26,2026-01-26,1.0,0.0,0.0,0.0,0.0,0.0,0.0,0.0,inf,False,0.0
FIBOW2203,BONA DOMO SEMI-GLOSS,2025-01-26,2026-01-26,9.0,0.0,0.0,0.0,0.0,0.0,0.0,0.0,inf,False,0.0
FIBOW2206,BONA DOMO SATIN-MATTE,2025-01-26,2026-01-26,1.0,0.0,0.0,0.0,0.0,0.0,0.0,0.0,inf,False,0.0
FIBOW2206,BONA DOMO SATIN-MATTE,2025-01-26,2026-01-26,9.0,0.0,0.0,0.0,0.0,0.0,0.0,0.0,inf,False,0.0
FIBOW2506,BONA NORDICSEAL,2025-01-26,2026-01-26,1.0,168.0,14.0,28.0,42.0,59.0,0.0,59.0,4.214285714285714,False,0.0
FIBOW2506,BONA NORDICSEAL,2025-01-26,2026-01-26,3.0,174.0,14.5,29.0,43.5,19.0,3.0,16.0,1.103448275862069,True,27.5
FIBOW2506,BONA NORDICSEAL,2025-01-26,2026-01-26,4.0,52.0,4.333333333333333,8.666666666666666,13.0,28.0,11.0,17.0,3.9230769230769234,False,0.0
FIBOW2506,BONA NORDICSEAL,2025-01-26,2026-01-26,5.0,53.0,4.416666666666667,8.833333333333334,13.25,12.0,0.0,12.0,2.7169811320754715,False,0.0
FIBOW2506,BONA NORDICSEAL,2025-01-26,2026-01-26,6.0,102.0,8.5,17.0,25.5,22.0,1.0,21.0,2.4705882352941178,False,0.0
FIBOW2506,BONA NORDICSEAL,2025-01-26,2026-01-26,8.0,18.0,1.5,3.0,4.5,8.0,2.0,6.0,4.0,False,0.0
FIBOW2506,BONA NORDICSEAL,2025-01-26,2026-01-26,9.0,42.0,3.5,7.0,10.5,11.0,0.0,11.0,3.142857142857143,False,0.0
FIBOW2516,BONA NATURALSEAL,2025-01-26,2026-01-26,1.0,95.0,7.916666666666667,15.833333333333334,23.75,12.0,0.0,12.0,1.5157894736842106,False,0.0
FIBOW2516,BONA NATURALSEAL,2025-01-26,2026-01-26,3.0,111.0,9.25,18.5,27.75,0.0,0.0,0.0,0.0,True,2.360677083333333
FIBOW2516,BONA NATURALSEAL,2025-01-26,2026-01-26,4.0,26.0,2.1666666666666665,4.333333333333333,6.5,2.0,0.0,2.0,0.9230769230769231,True,0.38281249999999994
FIBOW2516,BONA NATURALSEAL,2025-01-26,2026-01-26,5.0,39.0,3.25,6.5,9.75,7.0,0.0,7.0,2.1538461538461537,False,0.0
FIBOW2516,BONA NATURALSEAL,2025-01-26,2026-01-26,6.0,83.0,6.916666666666667,13.833333333333334,20.75,11.0,0.0,11.0,1.5903614457831325,True,0.8294270833333333
FIBOW2516,BONA NATURALSEAL,2025-01-26,2026-01-26,8.0,20.0,1.6666666666666667,3.3333333333333335,5.0,5.0,0.0,5.0,3.0,False,0.0
FIBOW2516,BONA NATURALSEAL,2025-01-26,2026-01-26,9.0,52.0,4.333333333333333,8.666666666666666,13.0,8.0,1.0,7.0,1.6153846153846154,True,0.5104166666666666
FIBOW2520,BONA AMBERSEAL   1 GAL,2025-01-26,2026-01-26,1.0,65.0,5.416666666666667,10.833333333333334,16.25,25.0,0.0,25.0,4.615384615384615,False,0.0
FIBOW2520,BONA AMBERSEAL   1 GAL,2025-01-26,2026-01-26,3.0,34.0,2.8333333333333335,5.666666666666667,8.5,7.0,0.0,7.0,2.4705882352941173,False,0.0
FIBOW2520,BONA AMBERSEAL   1 GAL,2025-01-26,2026-01-26,4.0,25.0,2.0833333333333335,4.166666666666667,6.25,5.0,0.0,5.0,2.4,False,0.0
FIBOW2520,BONA AMBERSEAL   1 GAL,2025-01-26,2026-01-26,5.0,15.0,1.25,2.5,3.75,8.0,3.0,5.0,4.0,False,0.0
FIBOW2520,BONA AMBERSEAL   1 GAL,2025-01-26,2026-01-26,6.0,52.0,4.333333333333333,8.666666666666666,13.0,17.0,4.0,13.0,3.0,False,0.0
FIBOW2520,BONA AMBERSEAL   1 GAL,2025-01-26,2026-01-26,8.0,1.0,0.08333333333333333,0.16666666666666666,0.25,11.0,0.0,11.0,132.0,False,0.0
FIBOW2520,BONA AMBERSEAL   1 GAL,2025-01-26,2026-01-26,9.0,46.0,3.8333333333333335,7.666666666666667,11.5,10.0,0.0,10.0,2.608695652173913,False,0.0
FIBOW3003,BONA MEGA ONE SEMIGLOSS,2025-01-26,2026-01-26,1.0,100.0,8.333333333333334,16.666666666666668,25.0,52.0,0.0,52.0,6.239999999999999,False,0.0
FIBOW3003,BONA MEGA ONE SEMIGLOSS,2025-01-26,2026-01-26,3.0,59.0,4.916666666666667,9.833333333333334,14.75,16.0,0.0,16.0,3.254237288135593,False,0.0
FIBOW3003,BONA MEGA ONE SEMIGLOSS,2025-01-26,2026-01-26,4.0,13.0,1.0833333333333333,2.1666666666666665,3.25,8.0,0.0,8.0,7.384615384615385,False,0.0
FIBOW3003,BONA MEGA ONE SEMIGLOSS,2025-01-26,2026-01-26,5.0,13.0,1.0833333333333333,2.1666666666666665,3.25,12.0,6.0,6.0,5.538461538461539,False,0.0
FIBOW3003,BONA MEGA ONE SEMIGLOSS,2025-01-26,2026-01-26,6.0,71.0,5.916666666666667,11.833333333333334,17.75,14.0,0.0,14.0,2.3661971830985915,False,0.0
FIBOW3003,BONA MEGA ONE SEMIGLOSS,2025-01-26,2026-01-26,8.0,13.0,1.0833333333333333,2.1666666666666665,3.25,5.0,0.0,5.0,4.615384615384616,False,0.0
FIBOW3003,BONA MEGA ONE SEMIGLOSS,2025-01-26,2026-01-26,9.0,24.0,2.0,4.0,6.0,11.0,0.0,11.0,5.5,False,0.0
FIBOW3006,BONA MEGA ONE SATIN,2025-01-26,2026-01-26,1.0,377.0,31.416666666666668,62.833333333333336,94.25,182.0,0.0,182.0,5.793103448275862,False,0.0
FIBOW3006,BONA MEGA ONE SATIN,2025-01-26,2026-01-26,3.0,233.0,19.416666666666668,38.833333333333336,58.25,12.0,0.0,12.0,0.6180257510729613,True,46.25
FIBOW3006,BONA MEGA ONE SATIN,2025-01-26,2026-01-26,4.0,62.0,5.166666666666667,10.333333333333334,15.5,3.0,0.0,3.0,0.5806451612903225,True,12.5
FIBOW3006,BONA MEGA ONE SATIN,2025-01-26,2026-01-26,5.0,40.0,3.3333333333333335,6.666666666666667,10.0,15.0,0.0,15.0,4.5,False,0.0
FIBOW3006,BONA MEGA ONE SATIN,2025-01-26,2026-01-26,6.0,112.0,9.333333333333334,18.666666666666668,28.0,16.0,0.0,16.0,1.7142857142857142,True,12.0
FIBOW3006,BONA MEGA ONE SATIN,2025-01-26,2026-01-26,8.0,13.0,1.0833333333333333,2.1666666666666665,3.25,8.0,0.0,8.0,7.384615384615385,False,0.0
FIBOW3006,BONA MEGA ONE SATIN,2025-01-26,2026-01-26,9.0,132.0,11.0,22.0,33.0,17.0,0.0,17.0,1.5454545454545454,True,16.0
FIBOW3009,BONA MEGA ONE EXTRA MATTE,2025-01-26,2026-01-26,1.0,194.0,16.166666666666668,32.333333333333336,48.5,110.0,2.0,108.0,6.68041237113402,False,0.0
FIBOW3009,BONA MEGA ONE EXTRA MATTE,2025-01-26,2026-01-26,3.0,218.0,18.166666666666668,36.333333333333336,54.5,8.0,0.0,8.0,0.4403669724770642,True,46.5
FIBOW3009,BONA MEGA ONE EXTRA MATTE,2025-01-26,2026-01-26,4.0,41.0,3.4166666666666665,6.833333333333333,10.25,16.0,0.0,16.0,4.682926829268293,False,0.0
FIBOW3009,BONA MEGA ONE EXTRA MATTE,2025-01-26,2026-01-26,5.0,70.0,5.833333333333333,11.666666666666666,17.5,13.0,2.0,11.0,1.885714285714286,True,6.5
FIBOW3009,BONA MEGA ONE EXTRA MATTE,2025-01-26,2026-01-26,6.0,73.0,6.083333333333333,12.166666666666666,18.25,15.0,0.0,15.0,2.4657534246575343,False,0.0
FIBOW3009,BONA MEGA ONE EXTRA MATTE,2025-01-26,2026-01-26,8.0,5.0,0.4166666666666667,0.8333333333333334,1.25,18.0,1.0,17.0,40.8,False,0.0
FIBOW3009,BONA MEGA ONE EXTRA MATTE,2025-01-26,2026-01-26,9.0,102.0,8.5,17.0,25.5,9.0,0.0,9.0,1.0588235294117647,True,16.5
FIBOW400318,BONA TRAFFIC GO SEMI GLOSS,2025-01-26,2026-01-26,1.0,2.0,0.16666666666666666,0.3333333333333333,0.5,19.0,0.0,19.0,114.0,False,0.0
FIBOW400318,BONA TRAFFIC GO SEMI GLOSS,2025-01-26,2026-01-26,3.0,2.0,0.16666666666666666,0.3333333333333333,0.5,5.0,0.0,5.0,30.0,False,0.0
FIBOW400318,BONA TRAFFIC GO SEMI GLOSS,2025-01-26,2026-01-26,4.0,1.0,0.08333333333333333,0.16666666666666666,0.25,8.0,0.0,8.0,96.0,False,0.0
FIBOW400318,BONA TRAFFIC GO SEMI GLOSS,2025-01-26,2026-01-26,5.0,2.0,0.16666666666666666,0.3333333333333333,0.5,4.0,0.0,4.0,24.0,False,0.0
FIBOW400318,BONA TRAFFIC GO SEMI GLOSS,2025-01-26,2026-01-26,6.0,9.0,0.75,1.5,2.25,6.0,0.0,6.0,8.0,False,0.0
FIBOW400318,BONA TRAFFIC GO SEMI GLOSS,2025-01-26,2026-01-26,8.0,0.0,0.0,0.0,0.0,3.0,0.0,3.0,inf,False,0.0
FIBOW400318,BONA TRAFFIC GO SEMI GLOSS,2025-01-26,2026-01-26,9.0,4.0,0.3333333333333333,0.6666666666666666,1.0,2.0,0.0,2.0,6.0,False,0.0
FIBOW400618,BONA TRAFFIC GO SATIN,2025-01-26,2026-01-26,1.0,11.0,0.9166666666666666,1.8333333333333333,2.75,22.0,0.0,22.0,24.0,False,0.0
FIBOW400618,BONA TRAFFIC GO SATIN,2025-01-26,2026-01-26,3.0,4.0,0.3333333333333333,0.6666666666666666,1.0,5.0,0.0,5.0,15.0,False,0.0
FIBOW400618,BONA TRAFFIC GO SATIN,2025-01-26,2026-01-26,4.0,19.0,1.5833333333333333,3.1666666666666665,4.75,0.0,0.0,0.0,0.0,True,4.75
FIBOW400618,BONA TRAFFIC GO SATIN,2025-01-26,2026-01-26,5.0,8.0,0.6666666666666666,1.3333333333333333,2.0,2.0,0.0,2.0,3.0,False,0.0
FIBOW400618,BONA TRAFFIC GO SATIN,2025-01-26,2026-01-26,6.0,10.0,0.8333333333333334,1.6666666666666667,2.5,4.0,0.0,4.0,4.8,False,0.0
FIBOW400618,BONA TRAFFIC GO SATIN,2025-01-26,2026-01-26,8.0,0.0,0.0,0.0,0.0,3.0,0.0,3.0,inf,False,0.0
FIBOW400618,BONA TRAFFIC GO SATIN,2025-01-26,2026-01-26,9.0,24.0,2.0,4.0,6.0,0.0,0.0,0.0,0.0,True,6.0
FIBOW400918,BONA TRAFFIC GO EXTRA MATTE,2025-01-26,2026-01-26,1.0,14.0,1.1666666666666667,2.3333333333333335,3.5,10.0,1.0,9.0,7.7142857142857135,False,0.0
FIBOW400918,BONA TRAFFIC GO EXTRA MATTE,2025-01-26,2026-01-26,3.0,10.0,0.8333333333333334,1.6666666666666667,2.5,9.0,0.0,9.0,10.799999999999999,False,0.0
FIBOW400918,BONA TRAFFIC GO EXTRA MATTE,2025-01-26,2026-01-26,4.0,16.0,1.3333333333333333,2.6666666666666665,4.0,1.0,0.0,1.0,0.75,True,3.0
FIBOW400918,BONA TRAFFIC GO EXTRA MATTE,2025-01-26,2026-01-26,5.0,0.0,0.0,0.0,0.0,6.0,0.0,6.0,inf,False,0.0
FIBOW400918,BONA TRAFFIC GO EXTRA MATTE,2025-01-26,2026-01-26,6.0,10.0,0.8333333333333334,1.6666666666666667,2.5,5.0,0.0,5.0,6.0,False,0.0
FIBOW400918,BONA TRAFFIC GO EXTRA MATTE,2025-01-26,2026-01-26,8.0,0.0,0.0,0.0,0.0,3.0,0.0,3.0,inf,False,0.0
FIBOW400918,BONA TRAFFIC GO EXTRA MATTE,2025-01-26,2026-01-26,9.0,10.0,0.8333333333333334,1.6666666666666667,2.5,2.0,0.0,2.0,2.4,False,0.0
FIBOW51153,BONA PREP QUART,2025-01-26,2026-01-26,1.0,55.0,4.583333333333333,9.166666666666666,13.75,1.0,0.0,1.0,0.2181818181818182,False,0.0
FIBOW51153,BONA PREP QUART,2025-01-26,2026-01-26,3.0,31.0,2.5833333333333335,5.166666666666667,7.75,8.0,0.0,8.0,3.096774193548387,False,0.0
FIBOW51153,BONA PREP QUART,2025-01-26,2026-01-26,4.0,12.0,1.0,2.0,3.0,1.0,0.0,1.0,1.0,False,0.0
FIBOW51153,BONA PREP QUART,2025-01-26,2026-01-26,5.0,20.0,1.6666666666666667,3.3333333333333335,5.0,6.0,0.0,6.0,3.5999999999999996,False,0.0
FIBOW51153,BONA PREP QUART,2025-01-26,2026-01-26,6.0,14.0,1.1666666666666667,2.3333333333333335,3.5,9.0,0.0,9.0,7.7142857142857135,False,0.0
FIBOW51153,BONA PREP QUART,2025-01-26,2026-01-26,8.0,25.0,2.0833333333333335,4.166666666666667,6.25,1.0,1.0,0.0,0.0,False,0.0
FIBOW51153,BONA PREP QUART,2025-01-26,2026-01-26,9.0,15.0,1.25,2.5,3.75,1.0,0.0,1.0,0.8,False,0.0
FIDSO83305,D.SEAL OIL VTF SPRAY SEMI GLOS,2025-01-26,2026-01-26,1.0,24.0,2.0,4.0,6.0,18.0,0.0,18.0,9.0,False,0.0
FIDSO83305,D.SEAL OIL VTF SPRAY SEMI GLOS,2025-01-26,2026-01-26,3.0,15.0,1.25,2.5,3.75,11.0,0.0,11.0,8.8,False,0.0
FIDSO83305,D.SEAL OIL VTF SPRAY SEMI GLOS,2025-01-26,2026-01-26,4.0,3.0,0.25,0.5,0.75,5.0,0.0,5.0,20.0,False,0.0
FIDSO83305,D.SEAL OIL VTF SPRAY SEMI GLOS,2025-01-26,2026-01-26,5.0,8.0,0.6666666666666666,1.3333333333333333,2.0,7.0,0.0,7.0,10.5,False,0.0
FIDSO83305,D.SEAL OIL VTF SPRAY SEMI GLOS,2025-01-26,2026-01-26,6.0,8.0,0.6666666666666666,1.3333333333333333,2.0,2.0,0.0,2.0,3.0,False,0.0
FIDSO83305,D.SEAL OIL VTF SPRAY SEMI GLOS,2025-01-26,2026-01-26,8.0,3.0,0.25,0.5,0.75,5.0,0.0,5.0,20.0,False,0.0
FIDSO83305,D.SEAL OIL VTF SPRAY SEMI GLOS,2025-01-26,2026-01-26,9.0,0.0,0.0,0.0,0.0,5.0,0.0,5.0,inf,False,0.0
FIDSW80011,DURACLEAR SEALER,2025-01-26,2026-01-26,1.0,49.0,4.083333333333333,8.166666666666666,12.25,55.0,2.0,53.0,12.979591836734695,False,0.0
FIDSW80011,DURACLEAR SEALER,2025-01-26,2026-01-26,3.0,54.0,4.5,9.0,13.5,28.0,0.0,28.0,6.222222222222222,False,0.0
FIDSW80011,DURACLEAR SEALER,2025-01-26,2026-01-26,4.0,10.0,0.8333333333333334,1.6666666666666667,2.5,4.0,0.0,4.0,4.8,False,0.0
FIDSW80011,DURACLEAR SEALER,2025-01-26,2026-01-26,5.0,7.0,0.5833333333333334,1.1666666666666667,1.75,2.0,0.0,2.0,3.4285714285714284,False,0.0
FIDSW80011,DURACLEAR SEALER,2025-01-26,2026-01-26,6.0,33.0,2.75,5.5,8.25,17.0,8.0,9.0,3.272727272727273,False,0.0
FIDSW80011,DURACLEAR SEALER,2025-01-26,2026-01-26,8.0,26.0,2.1666666666666665,4.333333333333333,6.5,12.0,0.0,12.0,5.538461538461539,False,0.0
FIDSW80011,DURACLEAR SEALER,2025-01-26,2026-01-26,9.0,26.0,2.1666666666666665,4.333333333333333,6.5,1.0,0.0,1.0,0.46153846153846156,True,5.5
FIDSW80111,DURASEAL FASTDRY SANDING SEAL,2025-01-26,2026-01-26,1.0,8.0,0.6666666666666666,1.3333333333333333,2.0,16.0,0.0,16.0,24.0,False,0.0
FIDSW80111,DURASEAL FASTDRY SANDING SEAL,2025-01-26,2026-01-26,3.0,9.0,0.75,1.5,2.25,7.0,0.0,7.0,9.333333333333334,False,0.0
FIDSW80111,DURASEAL FASTDRY SANDING SEAL,2025-01-26,2026-01-26,4.0,20.0,1.6666666666666667,3.3333333333333335,5.0,14.0,0.0,14.0,8.4,False,0.0
FIDSW80111,DURASEAL FASTDRY SANDING SEAL,2025-01-26,2026-01-26,5.0,6.0,0.5,1.0,1.5,4.0,0.0,4.0,8.0,False,0.0
FIDSW80111,DURASEAL FASTDRY SANDING SEAL,2025-01-26,2026-01-26,6.0,39.0,3.25,6.5,9.75,5.0,0.0,5.0,1.5384615384615385,True,4.75
FIDSW80111,DURASEAL FASTDRY SANDING SEAL,2025-01-26,2026-01-26,8.0,6.0,0.5,1.0,1.5,8.0,5.0,3.0,6.0,False,0.0
FIDSW80111,DURASEAL FASTDRY SANDING SEAL,2025-01-26,2026-01-26,9.0,13.0,1.0833333333333333,2.1666666666666665,3.25,8.0,0.0,8.0,7.384615384615385,False,0.0
FIDSW80600,DURA SEAL H2O POLY - GLOSS,2025-01-26,2026-01-26,1.0,8.0,0.6666666666666666,1.3333333333333333,2.0,18.0,3.0,15.0,22.5,False,0.0
FIDSW80600,DURA SEAL H2O POLY - GLOSS,2025-01-26,2026-01-26,3.0,14.0,1.1666666666666667,2.3333333333333335,3.5,8.0,0.0,8.0,6.857142857142857,False,0.0
FIDSW80600,DURA SEAL H2O POLY - GLOSS,2025-01-26,2026-01-26,4.0,8.0,0.6666666666666666,1.3333333333333333,2.0,3.0,0.0,3.0,4.5,False,0.0
FIDSW80600,DURA SEAL H2O POLY - GLOSS,2025-01-26,2026-01-26,5.0,4.0,0.3333333333333333,0.6666666666666666,1.0,5.0,0.0,5.0,15.0,False,0.0
FIDSW80600,DURA SEAL H2O POLY - GLOSS,2025-01-26,2026-01-26,6.0,10.0,0.8333333333333334,1.6666666666666667,2.5,8.0,0.0,8.0,9.6,False,0.0
FIDSW80600,DURA SEAL H2O POLY - GLOSS,2025-01-26,2026-01-26,8.0,6.0,0.5,1.0,1.5,9.0,0.0,9.0,18.0,False,0.0
FIDSW80600,DURA SEAL H2O POLY - GLOSS,2025-01-26,2026-01-26,9.0,4.0,0.3333333333333333,0.6666666666666666,1.0,5.0,0.0,5.0,15.0,False,0.0
FIDSW80605,DURA SEAL H2O POLY - SEMIGLOSS,2025-01-26,2026-01-26,1.0,114.0,9.5,19.0,28.5,63.0,0.0,63.0,6.631578947368421,False,0.0
FIDSW80605,DURA SEAL H2O POLY - SEMIGLOSS,2025-01-26,2026-01-26,3.0,97.0,8.083333333333334,16.166666666666668,24.25,30.0,1.0,29.0,3.587628865979381,False,0.0
FIDSW80605,DURA SEAL H2O POLY - SEMIGLOSS,2025-01-26,2026-01-26,4.0,34.0,2.8333333333333335,5.666666666666667,8.5,12.0,1.0,11.0,3.8823529411764706,False,0.0
FIDSW80605,DURA SEAL H2O POLY - SEMIGLOSS,2025-01-26,2026-01-26,5.0,10.0,0.8333333333333334,1.6666666666666667,2.5,5.0,0.0,5.0,6.0,False,0.0
FIDSW80605,DURA SEAL H2O POLY - SEMIGLOSS,2025-01-26,2026-01-26,6.0,109.0,9.083333333333334,18.166666666666668,27.25,23.0,0.0,23.0,2.532110091743119,False,0.0
FIDSW80605,DURA SEAL H2O POLY - SEMIGLOSS,2025-01-26,2026-01-26,8.0,11.0,0.9166666666666666,1.8333333333333333,2.75,13.0,0.0,13.0,14.181818181818182,False,0.0
FIDSW80605,DURA SEAL H2O POLY - SEMIGLOSS,2025-01-26,2026-01-26,9.0,27.0,2.25,4.5,6.75,8.0,0.0,8.0,3.5555555555555554,False,0.0
FIDSW80610,DURA SEAL H2O POLY - SATIN,2025-01-26,2026-01-26,1.0,85.0,7.083333333333333,14.166666666666666,21.25,59.0,0.0,59.0,8.329411764705883,False,0.0
FIDSW80610,DURA SEAL H2O POLY - SATIN,2025-01-26,2026-01-26,3.0,123.0,10.25,20.5,30.75,14.0,0.0,14.0,1.3658536585365855,True,16.75
FIDSW80610,DURA SEAL H2O POLY - SATIN,2025-01-26,2026-01-26,4.0,60.0,5.0,10.0,15.0,14.0,0.0,14.0,2.8,False,0.0
FIDSW80610,DURA SEAL H2O POLY - SATIN,2025-01-26,2026-01-26,5.0,2.0,0.16666666666666666,0.3333333333333333,0.5,5.0,0.0,5.0,30.0,False,0.0
FIDSW80610,DURA SEAL H2O POLY - SATIN,2025-01-26,2026-01-26,6.0,111.0,9.25,18.5,27.75,22.0,0.0,22.0,2.3783783783783785,False,0.0
FIDSW80610,DURA SEAL H2O POLY - SATIN,2025-01-26,2026-01-26,8.0,15.0,1.25,2.5,3.75,8.0,0.0,8.0,6.4,False,0.0
FIDSW80610,DURA SEAL H2O POLY - SATIN,2025-01-26,2026-01-26,9.0,71.0,5.916666666666667,11.833333333333334,17.75,10.0,0.0,10.0,1.6901408450704225,True,7.75
FIDSW80615,DURA SEAL H2O POLY - MATTE,2025-01-26,2026-01-26,1.0,46.0,3.8333333333333335,7.666666666666667,11.5,39.0,0.0,39.0,10.17391304347826,False,0.0
FIDSW80615,DURA SEAL H2O POLY - MATTE,2025-01-26,2026-01-26,3.0,18.0,1.5,3.0,4.5,12.0,0.0,12.0,8.0,False,0.0
FIDSW80615,DURA SEAL H2O POLY - MATTE,2025-01-26,2026-01-26,4.0,8.0,0.6666666666666666,1.3333333333333333,2.0,10.0,0.0,10.0,15.0,False,0.0
FIDSW80615,DURA SEAL H2O POLY - MATTE,2025-01-26,2026-01-26,5.0,1.0,0.08333333333333333,0.16666666666666666,0.25,5.0,0.0,5.0,60.0,False,0.0
FIDSW80615,DURA SEAL H2O POLY - MATTE,2025-01-26,2026-01-26,6.0,17.0,1.4166666666666667,2.8333333333333335,4.25,10.0,0.0,10.0,7.0588235294117645,False,0.0
FIDSW80615,DURA SEAL H2O POLY - MATTE,2025-01-26,2026-01-26,8.0,15.0,1.25,2.5,3.75,3.0,1.0,2.0,1.6,True,1.75
FIDSW80615,DURA SEAL H2O POLY - MATTE,2025-01-26,2026-01-26,9.0,17.0,1.4166666666666667,2.8333333333333335,4.25,6.0,0.0,6.0,4.235294117647059,False,0.0
FIDSW80700,DURACLEAR GLOSS FINISH,2025-01-26,2026-01-26,1.0,15.0,1.25,2.5,3.75,19.0,0.0,19.0,15.2,False,0.0
FIDSW80700,DURACLEAR GLOSS FINISH,2025-01-26,2026-01-26,3.0,19.0,1.5833333333333333,3.1666666666666665,4.75,5.0,0.0,5.0,3.1578947368421053,False,0.0
FIDSW80700,DURACLEAR GLOSS FINISH,2025-01-26,2026-01-26,4.0,3.0,0.25,0.5,0.75,5.0,0.0,5.0,20.0,False,0.0
FIDSW80700,DURACLEAR GLOSS FINISH,2025-01-26,2026-01-26,5.0,5.0,0.4166666666666667,0.8333333333333334,1.25,9.0,0.0,9.0,21.599999999999998,False,0.0
FIDSW80700,DURACLEAR GLOSS FINISH,2025-01-26,2026-01-26,6.0,28.0,2.3333333333333335,4.666666666666667,7.0,22.0,0.0,22.0,9.428571428571429,False,0.0
FIDSW80700,DURACLEAR GLOSS FINISH,2025-01-26,2026-01-26,8.0,6.0,0.5,1.0,1.5,4.0,1.0,3.0,6.0,False,0.0
FIDSW80700,DURACLEAR GLOSS FINISH,2025-01-26,2026-01-26,9.0,1.0,0.08333333333333333,0.16666666666666666,0.25,5.0,0.0,5.0,60.0,False,0.0
FIDSW80705,DURACLEAR SEMI GLOSS FINISH,2025-01-26,2026-01-26,1.0,95.0,7.916666666666667,15.833333333333334,23.75,40.0,0.0,40.0,5.052631578947368,False,0.0
FIDSW80705,DURACLEAR SEMI GLOSS FINISH,2025-01-26,2026-01-26,3.0,56.0,4.666666666666667,9.333333333333334,14.0,23.0,0.0,23.0,4.928571428571428,False,0.0
FIDSW80705,DURACLEAR SEMI GLOSS FINISH,2025-01-26,2026-01-26,4.0,33.0,2.75,5.5,8.25,20.0,0.0,20.0,7.2727272727272725,False,0.0
FIDSW80705,DURACLEAR SEMI GLOSS FINISH,2025-01-26,2026-01-26,5.0,20.0,1.6666666666666667,3.3333333333333335,5.0,7.0,0.0,7.0,4.2,False,0.0
FIDSW80705,DURACLEAR SEMI GLOSS FINISH,2025-01-26,2026-01-26,6.0,91.0,7.583333333333333,15.166666666666666,22.75,12.0,0.0,12.0,1.5824175824175826,True,10.75
FIDSW80705,DURACLEAR SEMI GLOSS FINISH,2025-01-26,2026-01-26,8.0,11.0,0.9166666666666666,1.8333333333333333,2.75,11.0,0.0,11.0,12.0,False,0.0
FIDSW80705,DURACLEAR SEMI GLOSS FINISH,2025-01-26,2026-01-26,9.0,14.0,1.1666666666666667,2.3333333333333335,3.5,8.0,0.0,8.0,6.857142857142857,False,0.0
FIDSW80710,DURACLEAR SATIN FINISH,2025-01-26,2026-01-26,1.0,247.0,20.583333333333332,41.166666666666664,61.75,70.0,13.0,57.0,2.7692307692307696,False,0.0
FIDSW80710,DURACLEAR SATIN FINISH,2025-01-26,2026-01-26,3.0,165.0,13.75,27.5,41.25,23.0,0.0,23.0,1.6727272727272726,True,15.9186626746507
FIDSW80710,DURACLEAR SATIN FINISH,2025-01-26,2026-01-26,4.0,114.0,9.5,19.0,28.5,33.0,1.0,32.0,3.3684210526315788,False,0.0
FIDSW80710,DURACLEAR SATIN FINISH,2025-01-26,2026-01-26,5.0,20.0,1.6666666666666667,3.3333333333333335,5.0,15.0,0.0,15.0,9.0,False,0.0
FIDSW80710,DURACLEAR SATIN FINISH,2025-01-26,2026-01-26,6.0,157.0,13.083333333333334,26.166666666666668,39.25,21.0,3.0,18.0,1.375796178343949,True,18.53542914171657
FIDSW80710,DURACLEAR SATIN FINISH,2025-01-26,2026-01-26,8.0,32.0,2.6666666666666665,5.333333333333333,8.0,7.0,0.0,7.0,2.625,False,0.0
FIDSW80710,DURACLEAR SATIN FINISH,2025-01-26,2026-01-26,9.0,25.0,2.0833333333333335,4.166666666666667,6.25,4.0,0.0,4.0,1.92,True,1.9625748502994014
FIDSW80711,DURACLEAR FLAT/MAT FINISH,2025-01-26,2026-01-26,1.0,99.0,8.25,16.5,24.75,38.0,5.0,33.0,4.0,False,0.0
FIDSW80711,DURACLEAR FLAT/MAT FINISH,2025-01-26,2026-01-26,3.0,81.0,6.75,13.5,20.25,33.0,0.0,33.0,4.888888888888889,False,0.0
FIDSW80711,DURACLEAR FLAT/MAT FINISH,2025-01-26,2026-01-26,4.0,13.0,1.0833333333333333,2.1666666666666665,3.25,13.0,13.0,0.0,0.0,True,3.25
FIDSW80711,DURACLEAR FLAT/MAT FINISH,2025-01-26,2026-01-26,5.0,5.0,0.4166666666666667,0.8333333333333334,1.25,7.0,0.0,7.0,16.8,False,0.0
FIDSW80711,DURACLEAR FLAT/MAT FINISH,2025-01-26,2026-01-26,6.0,45.0,3.75,7.5,11.25,12.0,0.0,12.0,3.2,False,0.0
FIDSW80711,DURACLEAR FLAT/MAT FINISH,2025-01-26,2026-01-26,8.0,14.0,1.1666666666666667,2.3333333333333335,3.5,12.0,0.0,12.0,10.285714285714285,False,0.0
FIDSW80711,DURACLEAR FLAT/MAT FINISH,2025-01-26,2026-01-26,9.0,6.0,0.5,1.0,1.5,6.0,0.0,6.0,12.0,False,0.0
FIDSW80905,DURACLEAR MAX SEMI GLOSS,2025-01-26,2026-01-26,1.0,8.0,0.6666666666666666,1.3333333333333333,2.0,15.0,8.0,7.0,10.5,False,0.0
FIDSW80905,DURACLEAR MAX SEMI GLOSS,2025-01-26,2026-01-26,3.0,4.0,0.3333333333333333,0.6666666666666666,1.0,5.0,0.0,5.0,15.0,False,0.0
FIDSW80905,DURACLEAR MAX SEMI GLOSS,2025-01-26,2026-01-26,4.0,1.0,0.08333333333333333,0.16666666666666666,0.25,5.0,0.0,5.0,60.0,False,0.0
FIDSW80905,DURACLEAR MAX SEMI GLOSS,2025-01-26,2026-01-26,5.0,9.0,0.75,1.5,2.25,16.0,0.0,16.0,21.333333333333332,False,0.0
FIDSW80905,DURACLEAR MAX SEMI GLOSS,2025-01-26,2026-01-26,6.0,5.0,0.4166666666666667,0.8333333333333334,1.25,7.0,0.0,7.0,16.8,False,0.0
FIDSW80905,DURACLEAR MAX SEMI GLOSS,2025-01-26,2026-01-26,8.0,0.0,0.0,0.0,0.0,7.0,0.0,7.0,inf,False,0.0
FIDSW80905,DURACLEAR MAX SEMI GLOSS,2025-01-26,2026-01-26,9.0,0.0,0.0,0.0,0.0,3.0,0.0,3.0,inf,False,0.0
FIDSW80910,DURACLEAR MAX SATIN,2025-01-26,2026-01-26,1.0,32.0,2.6666666666666665,5.333333333333333,8.0,15.0,0.0,15.0,5.625,False,0.0
FIDSW80910,DURACLEAR MAX SATIN,2025-01-26,2026-01-26,3.0,21.0,1.75,3.5,5.25,14.0,0.0,14.0,8.0,False,0.0
FIDSW80910,DURACLEAR MAX SATIN,2025-01-26,2026-01-26,4.0,3.0,0.25,0.5,0.75,12.0,0.0,12.0,48.0,False,0.0
FIDSW80910,DURACLEAR MAX SATIN,2025-01-26,2026-01-26,5.0,13.0,1.0833333333333333,2.1666666666666665,3.25,11.0,0.0,11.0,10.153846153846155,False,0.0
FIDSW80910,DURACLEAR MAX SATIN,2025-01-26,2026-01-26,6.0,12.0,1.0,2.0,3.0,6.0,0.0,6.0,6.0,False,0.0
FIDSW80910,DURACLEAR MAX SATIN,2025-01-26,2026-01-26,8.0,0.0,0.0,0.0,0.0,5.0,0.0,5.0,inf,False,0.0
FIDSW80910,DURACLEAR MAX SATIN,2025-01-26,2026-01-26,9.0,0.0,0.0,0.0,0.0,5.0,0.0,5.0,inf,False,0.0
FIDSW80920,DURACLEAR MAX FLAT,2025-01-26,2026-01-26,1.0,20.0,1.6666666666666667,3.3333333333333335,5.0,18.0,0.0,18.0,10.799999999999999,False,0.0
FIDSW80920,DURACLEAR MAX FLAT,2025-01-26,2026-01-26,3.0,8.0,0.6666666666666666,1.3333333333333333,2.0,2.0,0.0,2.0,3.0,False,0.0
FIDSW80920,DURACLEAR MAX FLAT,2025-01-26,2026-01-26,4.0,3.0,0.25,0.5,0.75,3.0,0.0,3.0,12.0,False,0.0
FIDSW80920,DURACLEAR MAX FLAT,2025-01-26,2026-01-26,5.0,1.0,0.08333333333333333,0.16666666666666666,0.25,6.0,0.0,6.0,72.0,False,0.0
FIDSW80920,DURACLEAR MAX FLAT,2025-01-26,2026-01-26,6.0,0.0,0.0,0.0,0.0,0.0,0.0,0.0,inf,False,0.0
FIDSW80920,DURACLEAR MAX FLAT,2025-01-26,2026-01-26,8.0,0.0,0.0,0.0,0.0,3.0,0.0,3.0,inf,False,0.0
FIDSW80920,DURACLEAR MAX FLAT,2025-01-26,2026-01-26,9.0,0.0,0.0,0.0,0.0,6.0,0.0,6.0,inf,False,0.0
FIDSW83410,D.SEAL H20 VTF SPRAY SATIN,2025-01-26,2026-01-26,1.0,17.0,1.4166666666666667,2.8333333333333335,4.25,20.0,0.0,20.0,14.117647058823529,False,0.0
FIDSW83410,D.SEAL H20 VTF SPRAY SATIN,2025-01-26,2026-01-26,3.0,5.0,0.4166666666666667,0.8333333333333334,1.25,10.0,0.0,10.0,24.0,False,0.0
FIDSW83410,D.SEAL H20 VTF SPRAY SATIN,2025-01-26,2026-01-26,4.0,2.0,0.16666666666666666,0.3333333333333333,0.5,13.0,0.0,13.0,78.0,False,0.0
FIDSW83410,D.SEAL H20 VTF SPRAY SATIN,2025-01-26,2026-01-26,5.0,1.0,0.08333333333333333,0.16666666666666666,0.25,10.0,0.0,10.0,120.0,False,0.0
FIDSW83410,D.SEAL H20 VTF SPRAY SATIN,2025-01-26,2026-01-26,6.0,4.0,0.3333333333333333,0.6666666666666666,1.0,4.0,0.0,4.0,12.0,False,0.0
FIDSW83410,D.SEAL H20 VTF SPRAY SATIN,2025-01-26,2026-01-26,8.0,2.0,0.16666666666666666,0.3333333333333333,0.5,5.0,0.0,5.0,30.0,False,0.0
FIDSW83410,D.SEAL H20 VTF SPRAY SATIN,2025-01-26,2026-01-26,9.0,0.0,0.0,0.0,0.0,7.0,0.0,7.0,inf,False,0.0
FIDSW99411,MASTERLINE WATERBASE SATIN,2025-01-26,2026-01-26,1.0,14.0,1.1666666666666667,2.3333333333333335,3.5,14.0,4.0,10.0,8.571428571428571,False,0.0
FIDSW99411,MASTERLINE WATERBASE SATIN,2025-01-26,2026-01-26,3.0,5.0,0.4166666666666667,0.8333333333333334,1.25,3.0,0.0,3.0,7.199999999999999,False,0.0
FIDSW99411,MASTERLINE WATERBASE SATIN,2025-01-26,2026-01-26,4.0,0.0,0.0,0.0,0.0,8.0,0.0,8.0,inf,False,0.0
FIDSW99411,MASTERLINE WATERBASE SATIN,2025-01-26,2026-01-26,5.0,115.0,9.583333333333334,19.166666666666668,28.75,20.0,0.0,20.0,2.0869565217391304,False,0.0
FIDSW99411,MASTERLINE WATERBASE SATIN,2025-01-26,2026-01-26,6.0,10.0,0.8333333333333334,1.6666666666666667,2.5,17.0,0.0,17.0,20.4,False,0.0
FIDSW99411,MASTERLINE WATERBASE SATIN,2025-01-26,2026-01-26,8.0,0.0,0.0,0.0,0.0,4.0,0.0,4.0,inf,False,0.0
FIDSW99411,MASTERLINE WATERBASE SATIN,2025-01-26,2026-01-26,9.0,35.0,2.9166666666666665,5.833333333333333,8.75,6.0,0.0,6.0,2.0571428571428574,False,0.0
FIDSW99412,MASTERLINE WATERBASE SEMIGLOSS,2025-01-26,2026-01-26,1.0,7.0,0.5833333333333334,1.1666666666666667,1.75,7.0,0.0,7.0,12.0,False,0.0
FIDSW99412,MASTERLINE WATERBASE SEMIGLOSS,2025-01-26,2026-01-26,3.0,4.0,0.3333333333333333,0.6666666666666666,1.0,5.0,0.0,5.0,15.0,False,0.0
FIDSW99412,MASTERLINE WATERBASE SEMIGLOSS,2025-01-26,2026-01-26,4.0,0.0,0.0,0.0,0.0,4.0,0.0,4.0,inf,False,0.0
FIDSW99412,MASTERLINE WATERBASE SEMIGLOSS,2025-01-26,2026-01-26,5.0,57.0,4.75,9.5,14.25,20.0,0.0,20.0,4.2105263157894735,False,0.0
FIDSW99412,MASTERLINE WATERBASE SEMIGLOSS,2025-01-26,2026-01-26,6.0,19.0,1.5833333333333333,3.1666666666666665,4.75,6.0,0.0,6.0,3.7894736842105265,False,0.0
FIDSW99412,MASTERLINE WATERBASE SEMIGLOSS,2025-01-26,2026-01-26,8.0,0.0,0.0,0.0,0.0,3.0,0.0,3.0,inf,False,0.0
FIDSW99412,MASTERLINE WATERBASE SEMIGLOSS,2025-01-26,2026-01-26,9.0,5.0,0.4166666666666667,0.8333333333333334,1.25,8.0,0.0,8.0,19.2,False,0.0
FIHAW5000G,AQUA SEAL WB 6000  SEALER GAL,2025-01-26,2026-01-26,1.0,3.0,0.25,0.5,0.75,4.0,0.0,4.0,16.0,False,0.0
FIHAW5000G,AQUA SEAL WB 6000  SEALER GAL,2025-01-26,2026-01-26,3.0,5.0,0.4166666666666667,0.8333333333333334,1.25,7.0,0.0,7.0,16.8,False,0.0
FIHAW5000G,AQUA SEAL WB 6000  SEALER GAL,2025-01-26,2026-01-26,4.0,12.0,1.0,2.0,3.0,8.0,0.0,8.0,8.0,False,0.0
FIHAW5000G,AQUA SEAL WB 6000  SEALER GAL,2025-01-26,2026-01-26,5.0,0.0,0.0,0.0,0.0,2.0,0.0,2.0,inf,False,0.0
FIHAW5000G,AQUA SEAL WB 6000  SEALER GAL,2025-01-26,2026-01-26,6.0,16.0,1.3333333333333333,2.6666666666666665,4.0,8.0,0.0,8.0,6.0,False,0.0
FIHAW5000G,AQUA SEAL WB 6000  SEALER GAL,2025-01-26,2026-01-26,8.0,7.0,0.5833333333333334,1.1666666666666667,1.75,8.0,3.0,5.0,8.571428571428571,False,0.0
FIHAW5000G,AQUA SEAL WB 6000  SEALER GAL,2025-01-26,2026-01-26,9.0,2.0,0.16666666666666666,0.3333333333333333,0.5,4.0,0.0,4.0,24.0,False,0.0
FIHAW6200G,RADIANCE OMW GLOSS 6200 H2O,2025-01-26,2026-01-26,1.0,47.0,3.9166666666666665,7.833333333333333,11.75,24.0,24.0,0.0,0.0,False,0.0
FIHAW6200G,RADIANCE OMW GLOSS 6200 H2O,2025-01-26,2026-01-26,3.0,60.0,5.0,10.0,15.0,1.0,0.0,1.0,0.2,False,0.0
FIHAW6200G,RADIANCE OMW GLOSS 6200 H2O,2025-01-26,2026-01-26,4.0,1.0,0.08333333333333333,0.16666666666666666,0.25,5.0,0.0,5.0,60.0,False,0.0
FIHAW6200G,RADIANCE OMW GLOSS 6200 H2O,2025-01-26,2026-01-26,5.0,0.0,0.0,0.0,0.0,6.0,0.0,6.0,inf,False,0.0
FIHAW6200G,RADIANCE OMW GLOSS 6200 H2O,2025-01-26,2026-01-26,6.0,13.0,1.0833333333333333,2.1666666666666665,3.25,6.0,0.0,6.0,5.538461538461539,False,0.0
FIHAW6200G,RADIANCE OMW GLOSS 6200 H2O,2025-01-26,2026-01-26,8.0,22.0,1.8333333333333333,3.6666666666666665,5.5,4.0,0.0,4.0,2.181818181818182,False,0.0
FIHAW6200G,RADIANCE OMW GLOSS 6200 H2O,2025-01-26,2026-01-26,9.0,2.0,0.16666666666666666,0.3333333333333333,0.5,7.0,0.0,7.0,42.0,False,0.0
FIHAW6201G,RADIANCE OMW SEMI 6201 H2O,2025-01-26,2026-01-26,1.0,42.0,3.5,7.0,10.5,77.0,0.0,77.0,22.0,False,0.0
FIHAW6201G,RADIANCE OMW SEMI 6201 H2O,2025-01-26,2026-01-26,3.0,46.0,3.8333333333333335,7.666666666666667,11.5,12.0,0.0,12.0,3.1304347826086953,False,0.0
FIHAW6201G,RADIANCE OMW SEMI 6201 H2O,2025-01-26,2026-01-26,4.0,4.0,0.3333333333333333,0.6666666666666666,1.0,3.0,0.0,3.0,9.0,False,0.0
FIHAW6201G,RADIANCE OMW SEMI 6201 H2O,2025-01-26,2026-01-26,5.0,4.0,0.3333333333333333,0.6666666666666666,1.0,1.0,0.0,1.0,3.0,False,0.0
FIHAW6201G,RADIANCE OMW SEMI 6201 H2O,2025-01-26,2026-01-26,6.0,123.0,10.25,20.5,30.75,47.0,0.0,47.0,4.585365853658536,False,0.0
FIHAW6201G,RADIANCE OMW SEMI 6201 H2O,2025-01-26,2026-01-26,8.0,55.0,4.583333333333333,9.166666666666666,13.75,16.0,0.0,16.0,3.490909090909091,False,0.0
FIHAW6201G,RADIANCE OMW SEMI 6201 H2O,2025-01-26,2026-01-26,9.0,1.0,0.08333333333333333,0.16666666666666666,0.25,4.0,0.0,4.0,48.0,False,0.0
FIHAW6202G,RADIANCE OMW SATIN 6202 H2O,2025-01-26,2026-01-26,1.0,145.0,12.083333333333334,24.166666666666668,36.25,128.0,0.0,128.0,10.593103448275862,False,0.0
FIHAW6202G,RADIANCE OMW SATIN 6202 H2O,2025-01-26,2026-01-26,3.0,46.0,3.8333333333333335,7.666666666666667,11.5,15.0,0.0,15.0,3.9130434782608696,False,0.0
FIHAW6202G,RADIANCE OMW SATIN 6202 H2O,2025-01-26,2026-01-26,4.0,0.0,0.0,0.0,0.0,4.0,0.0,4.0,inf,False,0.0
FIHAW6202G,RADIANCE OMW SATIN 6202 H2O,2025-01-26,2026-01-26,5.0,13.0,1.0833333333333333,2.1666666666666665,3.25,14.0,0.0,14.0,12.923076923076923,False,0.0
FIHAW6202G,RADIANCE OMW SATIN 6202 H2O,2025-01-26,2026-01-26,6.0,129.0,10.75,21.5,32.25,41.0,0.0,41.0,3.813953488372093,False,0.0
FIHAW6202G,RADIANCE OMW SATIN 6202 H2O,2025-01-26,2026-01-26,8.0,51.0,4.25,8.5,12.75,12.0,2.0,10.0,2.3529411764705883,False,0.0
FIHAW6202G,RADIANCE OMW SATIN 6202 H2O,2025-01-26,2026-01-26,9.0,8.0,0.6666666666666666,1.3333333333333333,2.0,8.0,0.0,8.0,12.0,False,0.0
FIHAW6402G,DURATHANE NON-YELLOWING SATIN,2025-01-26,2026-01-26,1.0,5.0,0.4166666666666667,0.8333333333333334,1.25,4.0,1.0,3.0,7.199999999999999,False,0.0
FIHAW6402G,DURATHANE NON-YELLOWING SATIN,2025-01-26,2026-01-26,3.0,0.0,0.0,0.0,0.0,8.0,0.0,8.0,inf,False,0.0
FIHAW6402G,DURATHANE NON-YELLOWING SATIN,2025-01-26,2026-01-26,4.0,0.0,0.0,0.0,0.0,1.0,0.0,1.0,inf,False,0.0
FIHAW6402G,DURATHANE NON-YELLOWING SATIN,2025-01-26,2026-01-26,5.0,0.0,0.0,0.0,0.0,1.0,0.0,1.0,inf,False,0.0
FIHAW6402G,DURATHANE NON-YELLOWING SATIN,2025-01-26,2026-01-26,6.0,0.0,0.0,0.0,0.0,0.0,0.0,0.0,inf,False,0.0
FIHAW6402G,DURATHANE NON-YELLOWING SATIN,2025-01-26,2026-01-26,8.0,0.0,0.0,0.0,0.0,2.0,0.0,2.0,inf,False,0.0
FIHAW6402G,DURATHANE NON-YELLOWING SATIN,2025-01-26,2026-01-26,9.0,0.0,0.0,0.0,0.0,1.0,0.0,1.0,inf,False,0.0
FIHAW6403G,DURATHANE NON-YELLOWING MATTE,2025-01-26,2026-01-26,1.0,0.0,0.0,0.0,0.0,8.0,0.0,8.0,inf,False,0.0
FIHAW6403G,DURATHANE NON-YELLOWING MATTE,2025-01-26,2026-01-26,3.0,0.0,0.0,0.0,0.0,6.0,0.0,6.0,inf,False,0.0
FIHAW6403G,DURATHANE NON-YELLOWING MATTE,2025-01-26,2026-01-26,4.0,1.0,0.08333333333333333,0.16666666666666666,0.25,0.0,0.0,0.0,0.0,True,0.25
FIHAW6403G,DURATHANE NON-YELLOWING MATTE,2025-01-26,2026-01-26,5.0,0.0,0.0,0.0,0.0,11.0,12.0,0.0,inf,False,0.0
FIHAW6403G,DURATHANE NON-YELLOWING MATTE,2025-01-26,2026-01-26,6.0,0.0,0.0,0.0,0.0,4.0,0.0,4.0,inf,False,0.0
FIHAW6403G,DURATHANE NON-YELLOWING MATTE,2025-01-26,2026-01-26,8.0,5.0,0.4166666666666667,0.8333333333333334,1.25,7.0,4.0,3.0,7.199999999999999,False,0.0
FIHAW6403G,DURATHANE NON-YELLOWING MATTE,2025-01-26,2026-01-26,9.0,2.0,0.16666666666666666,0.3333333333333333,0.5,4.0,0.0,4.0,24.0,False,0.0
FILB008,LOBA WS 2K CONTACT,2025-01-26,2026-01-26,1.0,25.0,2.0833333333333335,4.166666666666667,6.25,42.0,15.0,27.0,12.959999999999999,False,0.0
FILB008,LOBA WS 2K CONTACT,2025-01-26,2026-01-26,3.0,16.0,1.3333333333333333,2.6666666666666665,4.0,0.0,0.0,0.0,0.0,True,4.0
FILB008,LOBA WS 2K CONTACT,2025-01-26,2026-01-26,4.0,1.0,0.08333333333333333,0.16666666666666666,0.25,0.0,0.0,0.0,0.0,True,0.25
FILB008,LOBA WS 2K CONTACT,2025-01-26,2026-01-26,5.0,1.0,0.08333333333333333,0.16666666666666666,0.25,0.0,0.0,0.0,0.0,True,0.25
FILB008,LOBA WS 2K CONTACT,2025-01-26,2026-01-26,6.0,8.0,0.6666666666666666,1.3333333333333333,2.0,0.0,0.0,0.0,0.0,True,2.0
FILB008,LOBA WS 2K CONTACT,2025-01-26,2026-01-26,8.0,0.0,0.0,0.0,0.0,2.0,2.0,0.0,inf,False,0.0
FILB008,LOBA WS 2K CONTACT,2025-01-26,2026-01-26,9.0,1.0,0.08333333333333333,0.16666666666666666,0.25,0.0,0.0,0.0,0.0,True,0.25
FILB238,LOBA 2K INVISIBLE PROTECT A.T,2025-01-26,2026-01-26,1.0,1016.0,84.66666666666667,169.33333333333334,254.0,261.0,28.0,233.0,2.751968503937008,False,0.0
FILB238,LOBA 2K INVISIBLE PROTECT A.T,2025-01-26,2026-01-26,3.0,682.0,56.833333333333336,113.66666666666667,170.5,42.0,2.0,40.0,0.7038123167155425,True,46.42086330935251
FILB238,LOBA 2K INVISIBLE PROTECT A.T,2025-01-26,2026-01-26,4.0,801.0,66.75,133.5,200.25,29.0,5.0,24.0,0.3595505617977528,True,62.69484412470023
FILB238,LOBA 2K INVISIBLE PROTECT A.T,2025-01-26,2026-01-26,5.0,215.0,17.916666666666668,35.833333333333336,53.75,20.0,0.0,20.0,1.1162790697674418,True,12.005395683453237
FILB238,LOBA 2K INVISIBLE PROTECT A.T,2025-01-26,2026-01-26,6.0,239.0,19.916666666666668,39.833333333333336,59.75,83.0,0.0,83.0,4.167364016736402,False,0.0
FILB238,LOBA 2K INVISIBLE PROTECT A.T,2025-01-26,2026-01-26,8.0,34.0,2.8333333333333335,5.666666666666667,8.5,16.0,0.0,16.0,5.647058823529411,False,0.0
FILB238,LOBA 2K INVISIBLE PROTECT A.T,2025-01-26,2026-01-26,9.0,450.0,37.5,75.0,112.5,37.0,1.0,36.0,0.96,True,27.212230215827336
FILB294,LOBA WS WHITENER 80 ML,2025-01-26,2026-01-26,1.0,159.0,13.25,26.5,39.75,96.0,0.0,96.0,7.245283018867925,False,0.0
FILB294,LOBA WS WHITENER 80 ML,2025-01-26,2026-01-26,3.0,188.0,15.666666666666666,31.333333333333332,47.0,37.0,0.0,37.0,2.3617021276595747,False,0.0
FILB294,LOBA WS WHITENER 80 ML,2025-01-26,2026-01-26,4.0,110.0,9.166666666666666,18.333333333333332,27.5,27.0,0.0,27.0,2.9454545454545458,False,0.0
FILB294,LOBA WS WHITENER 80 ML,2025-01-26,2026-01-26,5.0,71.0,5.916666666666667,11.833333333333334,17.75,11.0,0.0,11.0,1.8591549295774648,True,6.75
FILB294,LOBA WS WHITENER 80 ML,2025-01-26,2026-01-26,6.0,96.0,8.0,16.0,24.0,33.0,0.0,33.0,4.125,False,0.0
FILB294,LOBA WS WHITENER 80 ML,2025-01-26,2026-01-26,8.0,1.0,0.08333333333333333,0.16666666666666666,0.25,16.0,0.0,16.0,192.0,False,0.0
FILB294,LOBA WS WHITENER 80 ML,2025-01-26,2026-01-26,9.0,204.0,17.0,34.0,51.0,10.0,0.0,10.0,0.5882352941176471,True,41.0
FILBW001,LOBA WS AMBERIZER,2025-01-26,2026-01-26,1.0,48.0,4.0,8.0,12.0,4.0,0.0,4.0,1.0,False,0.0
FILBW001,LOBA WS AMBERIZER,2025-01-26,2026-01-26,3.0,65.0,5.416666666666667,10.833333333333334,16.25,18.0,0.0,18.0,3.323076923076923,False,0.0
FILBW001,LOBA WS AMBERIZER,2025-01-26,2026-01-26,4.0,77.0,6.416666666666667,12.833333333333334,19.25,33.0,0.0,33.0,5.142857142857142,False,0.0
FILBW001,LOBA WS AMBERIZER,2025-01-26,2026-01-26,5.0,7.0,0.5833333333333334,1.1666666666666667,1.75,8.0,0.0,8.0,13.714285714285714,False,0.0
FILBW001,LOBA WS AMBERIZER,2025-01-26,2026-01-26,6.0,105.0,8.75,17.5,26.25,14.0,0.0,14.0,1.6,False,0.0
FILBW001,LOBA WS AMBERIZER,2025-01-26,2026-01-26,8.0,0.0,0.0,0.0,0.0,15.0,0.0,15.0,inf,False,0.0
FILBW001,LOBA WS AMBERIZER,2025-01-26,2026-01-26,9.0,9.0,0.75,1.5,2.25,10.0,0.0,10.0,13.333333333333334,False,0.0
FILBW002,LOBA UV PROTECT,2025-01-26,2026-01-26,1.0,45.0,3.75,7.5,11.25,14.0,0.0,14.0,3.7333333333333334,False,0.0
FILBW002,LOBA UV PROTECT,2025-01-26,2026-01-26,3.0,32.0,2.6666666666666665,5.333333333333333,8.0,2.0,0.0,2.0,0.75,True,4.392857142857142
FILBW002,LOBA UV PROTECT,2025-01-26,2026-01-26,4.0,40.0,3.3333333333333335,6.666666666666667,10.0,38.0,0.0,38.0,11.4,False,0.0
FILBW002,LOBA UV PROTECT,2025-01-26,2026-01-26,5.0,56.0,4.666666666666667,9.333333333333334,14.0,6.0,0.0,6.0,1.2857142857142856,True,5.857142857142857
FILBW002,LOBA UV PROTECT,2025-01-26,2026-01-26,6.0,11.0,0.9166666666666666,1.8333333333333333,2.75,19.0,0.0,19.0,20.727272727272727,False,0.0
FILBW002,LOBA UV PROTECT,2025-01-26,2026-01-26,8.0,0.0,0.0,0.0,0.0,15.0,0.0,15.0,inf,False,0.0
FILBW002,LOBA UV PROTECT,2025-01-26,2026-01-26,9.0,3.0,0.25,0.5,0.75,7.0,0.0,7.0,28.0,False,0.0
FILBW003,LOBA WS ARGO-DRY TIME RETARDER,2025-01-26,2026-01-26,1.0,13.0,1.0833333333333333,2.1666666666666665,3.25,9.0,0.0,9.0,8.307692307692308,False,0.0
FILBW003,LOBA WS ARGO-DRY TIME RETARDER,2025-01-26,2026-01-26,3.0,11.0,0.9166666666666666,1.8333333333333333,2.75,9.0,2.0,7.0,7.636363636363637,False,0.0
FILBW003,LOBA WS ARGO-DRY TIME RETARDER,2025-01-26,2026-01-26,4.0,3.0,0.25,0.5,0.75,10.0,0.0,10.0,40.0,False,0.0
FILBW003,LOBA WS ARGO-DRY TIME RETARDER,2025-01-26,2026-01-26,5.0,0.0,0.0,0.0,0.0,6.0,0.0,6.0,inf,False,0.0
FILBW003,LOBA WS ARGO-DRY TIME RETARDER,2025-01-26,2026-01-26,6.0,10.0,0.8333333333333334,1.6666666666666667,2.5,10.0,0.0,10.0,12.0,False,0.0
FILBW003,LOBA WS ARGO-DRY TIME RETARDER,2025-01-26,2026-01-26,8.0,0.0,0.0,0.0,0.0,9.0,0.0,9.0,inf,False,0.0
FILBW003,LOBA WS ARGO-DRY TIME RETARDER,2025-01-26,2026-01-26,9.0,0.0,0.0,0.0,0.0,5.0,0.0,5.0,inf,False,0.0
FILBW011,LOBA EASYFINISH GLOSS,2025-01-26,2026-01-26,1.0,33.0,2.75,5.5,8.25,32.0,23.0,9.0,3.272727272727273,False,0.0
FILBW011,LOBA EASYFINISH GLOSS,2025-01-26,2026-01-26,3.0,58.0,4.833333333333333,9.666666666666666,14.5,8.0,0.0,8.0,1.6551724137931036,True,6.25
FILBW011,LOBA EASYFINISH GLOSS,2025-01-26,2026-01-26,4.0,34.0,2.8333333333333335,5.666666666666667,8.5,20.0,0.0,20.0,7.0588235294117645,False,0.0
FILBW011,LOBA EASYFINISH GLOSS,2025-01-26,2026-01-26,5.0,13.0,1.0833333333333333,2.1666666666666665,3.25,15.0,5.0,10.0,9.230769230769232,False,0.0
FILBW011,LOBA EASYFINISH GLOSS,2025-01-26,2026-01-26,6.0,26.0,2.1666666666666665,4.333333333333333,6.5,9.0,0.0,9.0,4.153846153846154,False,0.0
FILBW011,LOBA EASYFINISH GLOSS,2025-01-26,2026-01-26,8.0,12.0,1.0,2.0,3.0,7.0,0.0,7.0,7.0,False,0.0
FILBW011,LOBA EASYFINISH GLOSS,2025-01-26,2026-01-26,9.0,14.0,1.1666666666666667,2.3333333333333335,3.5,9.0,0.0,9.0,7.7142857142857135,False,0.0
FILBW012,LOBA EASYFINISH SATIN,2025-01-26,2026-01-26,1.0,361.0,30.083333333333332,60.166666666666664,90.25,261.0,20.0,241.0,8.011080332409973,False,0.0
FILBW012,LOBA EASYFINISH SATIN,2025-01-26,2026-01-26,3.0,762.0,63.5,127.0,190.5,40.0,0.0,40.0,0.6299212598425197,True,139.68298496516317
FILBW012,LOBA EASYFINISH SATIN,2025-01-26,2026-01-26,4.0,240.0,20.0,40.0,60.0,60.0,13.0,47.0,2.35,False,0.0
FILBW012,LOBA EASYFINISH SATIN,2025-01-26,2026-01-26,5.0,480.0,40.0,80.0,120.0,85.0,0.0,85.0,2.125,False,0.0
FILBW012,LOBA EASYFINISH SATIN,2025-01-26,2026-01-26,6.0,348.0,29.0,58.0,87.0,45.0,2.0,43.0,1.4827586206896552,True,40.83755042170883
FILBW012,LOBA EASYFINISH SATIN,2025-01-26,2026-01-26,8.0,71.0,5.916666666666667,11.833333333333334,17.75,30.0,4.0,26.0,4.394366197183098,False,0.0
FILBW012,LOBA EASYFINISH SATIN,2025-01-26,2026-01-26,9.0,139.0,11.583333333333334,23.166666666666668,34.75,2.0,0.0,2.0,0.1726618705035971,True,30.396131279794645
FILBW014,LOBA EASYFINISH SEMI-GLOSS,2025-01-26,2026-01-26,1.0,105.0,8.75,17.5,26.25,75.0,30.0,45.0,5.142857142857143,False,0.0
FILBW014,LOBA EASYFINISH SEMI-GLOSS,2025-01-26,2026-01-26,3.0,127.0,10.583333333333334,21.166666666666668,31.75,16.0,0.0,16.0,1.5118110236220472,True,15.75
FILBW014,LOBA EASYFINISH SEMI-GLOSS,2025-01-26,2026-01-26,4.0,82.0,6.833333333333333,13.666666666666666,20.5,19.0,0.0,19.0,2.780487804878049,False,0.0
FILBW014,LOBA EASYFINISH SEMI-GLOSS,2025-01-26,2026-01-26,5.0,173.0,14.416666666666666,28.833333333333332,43.25,37.0,0.0,37.0,2.5664739884393066,False,0.0
FILBW014,LOBA EASYFINISH SEMI-GLOSS,2025-01-26,2026-01-26,6.0,168.0,14.0,28.0,42.0,28.0,0.0,28.0,2.0,False,0.0
FILBW014,LOBA EASYFINISH SEMI-GLOSS,2025-01-26,2026-01-26,8.0,27.0,2.25,4.5,6.75,7.0,2.0,5.0,2.2222222222222223,False,0.0
FILBW014,LOBA EASYFINISH SEMI-GLOSS,2025-01-26,2026-01-26,9.0,23.0,1.9166666666666667,3.8333333333333335,5.75,6.0,0.0,6.0,3.1304347826086953,False,0.0
FILBW015,LOBA EASYPRIME SEALER,2025-01-26,2026-01-26,1.0,273.0,22.75,45.5,68.25,136.0,26.0,110.0,4.835164835164835,False,0.0
FILBW015,LOBA EASYPRIME SEALER,2025-01-26,2026-01-26,3.0,279.0,23.25,46.5,69.75,24.0,0.0,24.0,1.032258064516129,True,26.970861486486484
FILBW015,LOBA EASYPRIME SEALER,2025-01-26,2026-01-26,4.0,213.0,17.75,35.5,53.25,25.0,0.0,25.0,1.408450704225352,True,16.654138513513512
FILBW015,LOBA EASYPRIME SEALER,2025-01-26,2026-01-26,5.0,335.0,27.916666666666668,55.833333333333336,83.75,46.0,0.0,46.0,1.6477611940298507,True,22.254645270270267
FILBW015,LOBA EASYPRIME SEALER,2025-01-26,2026-01-26,6.0,256.0,21.333333333333332,42.666666666666664,64.0,40.0,3.0,37.0,1.734375,True,15.917229729729728
FILBW015,LOBA EASYPRIME SEALER,2025-01-26,2026-01-26,8.0,26.0,2.1666666666666665,4.333333333333333,6.5,16.0,3.0,13.0,6.0,False,0.0
FILBW015,LOBA EASYPRIME SEALER,2025-01-26,2026-01-26,9.0,89.0,7.416666666666667,14.833333333333334,22.25,14.0,1.0,13.0,1.7528089887640448,True,5.453124999999999
FILBW049,LOBA 2K SUPRA SEMI GLOSS,2025-01-26,2026-01-26,1.0,0.0,0.0,0.0,0.0,20.0,0.0,20.0,inf,False,0.0
FILBW049,LOBA 2K SUPRA SEMI GLOSS,2025-01-26,2026-01-26,3.0,0.0,0.0,0.0,0.0,4.0,0.0,4.0,inf,False,0.0
FILBW049,LOBA 2K SUPRA SEMI GLOSS,2025-01-26,2026-01-26,4.0,0.0,0.0,0.0,0.0,0.0,0.0,0.0,inf,False,0.0
FILBW049,LOBA 2K SUPRA SEMI GLOSS,2025-01-26,2026-01-26,5.0,0.0,0.0,0.0,0.0,1.0,0.0,1.0,inf,False,0.0
FILBW049,LOBA 2K SUPRA SEMI GLOSS,2025-01-26,2026-01-26,6.0,0.0,0.0,0.0,0.0,0.0,0.0,0.0,inf,False,0.0
FILBW049,LOBA 2K SUPRA SEMI GLOSS,2025-01-26,2026-01-26,8.0,0.0,0.0,0.0,0.0,0.0,0.0,0.0,inf,False,0.0
FILBW049,LOBA 2K SUPRA SEMI GLOSS,2025-01-26,2026-01-26,9.0,0.0,0.0,0.0,0.0,1.0,0.0,1.0,inf,False,0.0
FILBW057,LOBA HYBRID A.T SEMI GLOSS,2025-01-26,2026-01-26,1.0,0.0,0.0,0.0,0.0,22.0,12.0,10.0,inf,False,0.0
FILBW057,LOBA HYBRID A.T SEMI GLOSS,2025-01-26,2026-01-26,3.0,0.0,0.0,0.0,0.0,4.0,0.0,4.0,inf,False,0.0
FILBW057,LOBA HYBRID A.T SEMI GLOSS,2025-01-26,2026-01-26,5.0,0.0,0.0,0.0,0.0,0.0,0.0,0.0,inf,False,0.0
FILBW057,LOBA HYBRID A.T SEMI GLOSS,2025-01-26,2026-01-26,6.0,0.0,0.0,0.0,0.0,4.0,0.0,4.0,inf,False,0.0
FILBW057,LOBA HYBRID A.T SEMI GLOSS,2025-01-26,2026-01-26,8.0,0.0,0.0,0.0,0.0,4.0,0.0,4.0,inf,False,0.0
FILBW067,LOBA HYBRID A.T SATIN,2025-01-26,2026-01-26,1.0,0.0,0.0,0.0,0.0,14.0,11.0,3.0,inf,False,0.0
FILBW067,LOBA HYBRID A.T SATIN,2025-01-26,2026-01-26,3.0,1.0,0.08333333333333333,0.16666666666666666,0.25,6.0,0.0,6.0,72.0,False,0.0
FILBW067,LOBA HYBRID A.T SATIN,2025-01-26,2026-01-26,4.0,0.0,0.0,0.0,0.0,13.0,0.0,13.0,inf,False,0.0
FILBW067,LOBA HYBRID A.T SATIN,2025-01-26,2026-01-26,5.0,0.0,0.0,0.0,0.0,0.0,0.0,0.0,inf,False,0.0
FILBW067,LOBA HYBRID A.T SATIN,2025-01-26,2026-01-26,6.0,0.0,0.0,0.0,0.0,9.0,0.0,9.0,inf,False,0.0
FILBW067,LOBA HYBRID A.T SATIN,2025-01-26,2026-01-26,8.0,0.0,0.0,0.0,0.0,4.0,0.0,4.0,inf,False,0.0
FILBW067,LOBA HYBRID A.T SATIN,2025-01-26,2026-01-26,9.0,0.0,0.0,0.0,0.0,3.0,0.0,3.0,inf,False,0.0
FILBW100,LOBA 2K SUPRA A.T.GLOSS,2025-01-26,2026-01-26,1.0,1.0,0.08333333333333333,0.16666666666666666,0.25,26.0,12.0,14.0,168.0,False,0.0
FILBW100,LOBA 2K SUPRA A.T.GLOSS,2025-01-26,2026-01-26,3.0,0.0,0.0,0.0,0.0,0.0,0.0,0.0,inf,False,0.0
FILBW100,LOBA 2K SUPRA A.T.GLOSS,2025-01-26,2026-01-26,4.0,0.0,0.0,0.0,0.0,7.0,0.0,7.0,inf,False,0.0
FILBW100,LOBA 2K SUPRA A.T.GLOSS,2025-01-26,2026-01-26,5.0,0.0,0.0,0.0,0.0,0.0,0.0,0.0,inf,False,0.0
FILBW100,LOBA 2K SUPRA A.T.GLOSS,2025-01-26,2026-01-26,6.0,5.0,0.4166666666666667,0.8333333333333334,1.25,0.0,0.0,0.0,0.0,True,1.25
FILBW100,LOBA 2K SUPRA A.T.GLOSS,2025-01-26,2026-01-26,8.0,1.0,0.08333333333333333,0.16666666666666666,0.25,7.0,0.0,7.0,84.0,False,0.0
FILBW100,LOBA 2K SUPRA A.T.GLOSS,2025-01-26,2026-01-26,9.0,0.0,0.0,0.0,0.0,4.0,0.0,4.0,inf,False,0.0
FILBW157,LOBA 2K SUPRA A.T.SATIN,2025-01-26,2026-01-26,1.0,66.0,5.5,11.0,16.5,3.0,0.0,3.0,0.5454545454545454,False,0.0
FILBW157,LOBA 2K SUPRA A.T.SATIN,2025-01-26,2026-01-26,3.0,0.0,0.0,0.0,0.0,4.0,0.0,4.0,inf,False,0.0
FILBW157,LOBA 2K SUPRA A.T.SATIN,2025-01-26,2026-01-26,4.0,15.0,1.25,2.5,3.75,4.0,3.0,1.0,0.8,False,0.0
FILBW157,LOBA 2K SUPRA A.T.SATIN,2025-01-26,2026-01-26,5.0,5.0,0.4166666666666667,0.8333333333333334,1.25,5.0,0.0,5.0,12.0,False,0.0
FILBW157,LOBA 2K SUPRA A.T.SATIN,2025-01-26,2026-01-26,6.0,28.0,2.3333333333333335,4.666666666666667,7.0,9.0,0.0,9.0,3.8571428571428568,False,0.0
FILBW157,LOBA 2K SUPRA A.T.SATIN,2025-01-26,2026-01-26,8.0,1.0,0.08333333333333333,0.16666666666666666,0.25,8.0,2.0,6.0,72.0,False,0.0
FILBW157,LOBA 2K SUPRA A.T.SATIN,2025-01-26,2026-01-26,9.0,0.0,0.0,0.0,0.0,3.0,0.0,3.0,inf,False,0.0
FILBW159,LOBA 2K SUPRA A.T.SEMI-GLOSS,2025-01-26,2026-01-26,1.0,6.0,0.5,1.0,1.5,32.0,29.0,3.0,6.0,False,0.0
FILBW159,LOBA 2K SUPRA A.T.SEMI-GLOSS,2025-01-26,2026-01-26,3.0,0.0,0.0,0.0,0.0,1.0,0.0,1.0,inf,False,0.0
FILBW159,LOBA 2K SUPRA A.T.SEMI-GLOSS,2025-01-26,2026-01-26,4.0,7.0,0.5833333333333334,1.1666666666666667,1.75,5.0,0.0,5.0,8.571428571428571,False,0.0
FILBW159,LOBA 2K SUPRA A.T.SEMI-GLOSS,2025-01-26,2026-01-26,5.0,7.0,0.5833333333333334,1.1666666666666667,1.75,2.0,0.0,2.0,3.4285714285714284,False,0.0
FILBW159,LOBA 2K SUPRA A.T.SEMI-GLOSS,2025-01-26,2026-01-26,6.0,4.0,0.3333333333333333,0.6666666666666666,1.0,3.0,0.0,3.0,9.0,False,0.0
FILBW159,LOBA 2K SUPRA A.T.SEMI-GLOSS,2025-01-26,2026-01-26,8.0,3.0,0.25,0.5,0.75,0.0,0.0,0.0,0.0,True,0.75
FILBW159,LOBA 2K SUPRA A.T.SEMI-GLOSS,2025-01-26,2026-01-26,9.0,0.0,0.0,0.0,0.0,12.0,8.0,4.0,inf,False,0.0
FILBW261,LOBA EASYFILL PRO 1GAL,2025-01-26,2026-01-26,1.0,15.0,1.25,2.5,3.75,31.0,0.0,31.0,24.8,False,0.0
FILBW261,LOBA EASYFILL PRO 1GAL,2025-01-26,2026-01-26,3.0,12.0,1.0,2.0,3.0,3.0,0.0,3.0,3.0,False,0.0
FILBW261,LOBA EASYFILL PRO 1GAL,2025-01-26,2026-01-26,4.0,11.0,0.9166666666666666,1.8333333333333333,2.75,7.0,0.0,7.0,7.636363636363637,False,0.0
FILBW261,LOBA EASYFILL PRO 1GAL,2025-01-26,2026-01-26,5.0,10.0,0.8333333333333334,1.6666666666666667,2.5,7.0,1.0,6.0,7.199999999999999,False,0.0
FILBW261,LOBA EASYFILL PRO 1GAL,2025-01-26,2026-01-26,6.0,5.0,0.4166666666666667,0.8333333333333334,1.25,4.0,0.0,4.0,9.6,False,0.0
FILBW261,LOBA EASYFILL PRO 1GAL,2025-01-26,2026-01-26,8.0,1.0,0.08333333333333333,0.16666666666666666,0.25,5.0,0.0,5.0,60.0,False,0.0
FILBW261,LOBA EASYFILL PRO 1GAL,2025-01-26,2026-01-26,9.0,0.0,0.0,0.0,0.0,6.0,0.0,6.0,inf,False,0.0
FILBW288,VIVA SEMI GLOSS 1GAL,2025-01-26,2026-01-26,1.0,23.0,1.9166666666666667,3.8333333333333335,5.75,36.0,14.0,22.0,11.478260869565217,False,0.0
FILBW288,VIVA SEMI GLOSS 1GAL,2025-01-26,2026-01-26,3.0,80.0,6.666666666666667,13.333333333333334,20.0,20.0,0.0,20.0,3.0,False,0.0
FILBW288,VIVA SEMI GLOSS 1GAL,2025-01-26,2026-01-26,4.0,103.0,8.583333333333334,17.166666666666668,25.75,8.0,0.0,8.0,0.9320388349514562,True,17.75
FILBW288,VIVA SEMI GLOSS 1GAL,2025-01-26,2026-01-26,5.0,0.0,0.0,0.0,0.0,8.0,0.0,8.0,inf,False,0.0
FILBW288,VIVA SEMI GLOSS 1GAL,2025-01-26,2026-01-26,6.0,63.0,5.25,10.5,15.75,19.0,0.0,19.0,3.619047619047619,False,0.0
FILBW288,VIVA SEMI GLOSS 1GAL,2025-01-26,2026-01-26,8.0,24.0,2.0,4.0,6.0,15.0,0.0,15.0,7.5,False,0.0
FILBW288,VIVA SEMI GLOSS 1GAL,2025-01-26,2026-01-26,9.0,8.0,0.6666666666666666,1.3333333333333333,2.0,16.0,3.0,13.0,19.5,False,0.0
FILBW289,VIVA SATIN 1GAL,2025-01-26,2026-01-26,1.0,56.0,4.666666666666667,9.333333333333334,14.0,10.0,10.0,0.0,0.0,False,0.0
FILBW289,VIVA SATIN 1GAL,2025-01-26,2026-01-26,3.0,241.0,20.083333333333332,40.166666666666664,60.25,0.0,0.0,0.0,0.0,False,0.0
FILBW289,VIVA SATIN 1GAL,2025-01-26,2026-01-26,4.0,137.0,11.416666666666666,22.833333333333332,34.25,23.0,0.0,23.0,2.0145985401459856,False,0.0
FILBW289,VIVA SATIN 1GAL,2025-01-26,2026-01-26,5.0,0.0,0.0,0.0,0.0,8.0,0.0,8.0,inf,False,0.0
FILBW289,VIVA SATIN 1GAL,2025-01-26,2026-01-26,6.0,109.0,9.083333333333334,18.166666666666668,27.25,13.0,0.0,13.0,1.4311926605504586,False,0.0
FILBW289,VIVA SATIN 1GAL,2025-01-26,2026-01-26,8.0,27.0,2.25,4.5,6.75,6.0,0.0,6.0,2.6666666666666665,False,0.0
FILBW289,VIVA SATIN 1GAL,2025-01-26,2026-01-26,9.0,56.0,4.666666666666667,9.333333333333334,14.0,5.0,2.0,3.0,0.6428571428571428,False,0.0
FILBW330,LOBA 2K DUO SATIN,2025-01-26,2026-01-26,1.0,95.0,7.916666666666667,15.833333333333334,23.75,56.0,8.0,48.0,6.063157894736842,False,0.0
FILBW330,LOBA 2K DUO SATIN,2025-01-26,2026-01-26,3.0,78.0,6.5,13.0,19.5,20.0,0.0,20.0,3.076923076923077,False,0.0
FILBW330,LOBA 2K DUO SATIN,2025-01-26,2026-01-26,4.0,94.0,7.833333333333333,15.666666666666666,23.5,11.0,0.0,11.0,1.4042553191489362,True,12.5
FILBW330,LOBA 2K DUO SATIN,2025-01-26,2026-01-26,5.0,248.0,20.666666666666668,41.333333333333336,62.0,50.0,0.0,50.0,2.4193548387096775,False,0.0
FILBW330,LOBA 2K DUO SATIN,2025-01-26,2026-01-26,6.0,97.0,8.083333333333334,16.166666666666668,24.25,24.0,0.0,24.0,2.9690721649484533,False,0.0
FILBW330,LOBA 2K DUO SATIN,2025-01-26,2026-01-26,8.0,2.0,0.16666666666666666,0.3333333333333333,0.5,7.0,0.0,7.0,42.0,False,0.0
FILBW330,LOBA 2K DUO SATIN,2025-01-26,2026-01-26,9.0,43.0,3.5833333333333335,7.166666666666667,10.75,9.0,9.0,0.0,0.0,True,10.75
FILBW331,LOBA 2K DUO SEMI GLOSS,2025-01-26,2026-01-26,1.0,34.0,2.8333333333333335,5.666666666666667,8.5,105.0,25.0,80.0,28.235294117647058,False,0.0
FILBW331,LOBA 2K DUO SEMI GLOSS,2025-01-26,2026-01-26,3.0,23.0,1.9166666666666667,3.8333333333333335,5.75,9.0,0.0,9.0,4.695652173913043,False,0.0
FILBW331,LOBA 2K DUO SEMI GLOSS,2025-01-26,2026-01-26,4.0,105.0,8.75,17.5,26.25,4.0,0.0,4.0,0.45714285714285713,True,22.25
FILBW331,LOBA 2K DUO SEMI GLOSS,2025-01-26,2026-01-26,5.0,21.0,1.75,3.5,5.25,7.0,0.0,7.0,4.0,False,0.0
FILBW331,LOBA 2K DUO SEMI GLOSS,2025-01-26,2026-01-26,6.0,61.0,5.083333333333333,10.166666666666666,15.25,24.0,0.0,24.0,4.721311475409836,False,0.0
FILBW331,LOBA 2K DUO SEMI GLOSS,2025-01-26,2026-01-26,8.0,0.0,0.0,0.0,0.0,5.0,0.0,5.0,inf,False,0.0
FILBW331,LOBA 2K DUO SEMI GLOSS,2025-01-26,2026-01-26,9.0,25.0,2.0833333333333335,4.166666666666667,6.25,7.0,0.0,7.0,3.36,False,0.0
FILBW332,LOBA 2K DUO EXTRA MATTE,2025-01-26,2026-01-26,1.0,63.0,5.25,10.5,15.75,131.0,18.0,113.0,21.523809523809526,False,0.0
FILBW332,LOBA 2K DUO EXTRA MATTE,2025-01-26,2026-01-26,3.0,108.0,9.0,18.0,27.0,24.0,0.0,24.0,2.6666666666666665,False,0.0
FILBW332,LOBA 2K DUO EXTRA MATTE,2025-01-26,2026-01-26,4.0,13.0,1.0833333333333333,2.1666666666666665,3.25,7.0,0.0,7.0,6.461538461538462,False,0.0
FILBW332,LOBA 2K DUO EXTRA MATTE,2025-01-26,2026-01-26,5.0,54.0,4.5,9.0,13.5,9.0,1.0,8.0,1.7777777777777777,True,5.5
FILBW332,LOBA 2K DUO EXTRA MATTE,2025-01-26,2026-01-26,6.0,53.0,4.416666666666667,8.833333333333334,13.25,20.0,1.0,19.0,4.30188679245283,False,0.0
FILBW332,LOBA 2K DUO EXTRA MATTE,2025-01-26,2026-01-26,8.0,11.0,0.9166666666666666,1.8333333333333333,2.75,1.0,0.0,1.0,1.090909090909091,True,1.75
FILBW332,LOBA 2K DUO EXTRA MATTE,2025-01-26,2026-01-26,9.0,53.0,4.416666666666667,8.833333333333334,13.25,0.0,0.0,0.0,0.0,True,13.25
FILBW421,LOBA AMBER PRIME SEALER,2025-01-26,2026-01-26,1.0,6.0,0.5,1.0,1.5,8.0,0.0,8.0,16.0,False,0.0
FILBW421,LOBA AMBER PRIME SEALER,2025-01-26,2026-01-26,3.0,4.0,0.3333333333333333,0.6666666666666666,1.0,4.0,0.0,4.0,12.0,False,0.0
FILBW421,LOBA AMBER PRIME SEALER,2025-01-26,2026-01-26,4.0,2.0,0.16666666666666666,0.3333333333333333,0.5,4.0,0.0,4.0,24.0,False,0.0
FILBW421,LOBA AMBER PRIME SEALER,2025-01-26,2026-01-26,5.0,2.0,0.16666666666666666,0.3333333333333333,0.5,4.0,0.0,4.0,24.0,False,0.0
FILBW421,LOBA AMBER PRIME SEALER,2025-01-26,2026-01-26,6.0,14.0,1.1666666666666667,2.3333333333333335,3.5,12.0,0.0,12.0,10.285714285714285,False,0.0
FILBW421,LOBA AMBER PRIME SEALER,2025-01-26,2026-01-26,8.0,0.0,0.0,0.0,0.0,4.0,0.0,4.0,inf,False,0.0
FILBW421,LOBA AMBER PRIME SEALER,2025-01-26,2026-01-26,9.0,0.0,0.0,0.0,0.0,0.0,0.0,0.0,inf,False,0.0
FIWT63081,WATCO SPRAY CLEAR GLOSS,2025-01-26,2026-01-26,1.0,0.0,0.0,0.0,0.0,12.0,0.0,12.0,inf,False,0.0
FIWT63081,WATCO SPRAY CLEAR GLOSS,2025-01-26,2026-01-26,3.0,1.0,0.08333333333333333,0.16666666666666666,0.25,4.0,0.0,4.0,48.0,False,0.0
FIWT63081,WATCO SPRAY CLEAR GLOSS,2025-01-26,2026-01-26,4.0,2.0,0.16666666666666666,0.3333333333333333,0.5,15.0,0.0,15.0,90.0,False,0.0
FIWT63081,WATCO SPRAY CLEAR GLOSS,2025-01-26,2026-01-26,5.0,5.0,0.4166666666666667,0.8333333333333334,1.25,5.0,0.0,5.0,12.0,False,0.0
FIWT63081,WATCO SPRAY CLEAR GLOSS,2025-01-26,2026-01-26,6.0,6.0,0.5,1.0,1.5,6.0,0.0,6.0,12.0,False,0.0
FIWT63081,WATCO SPRAY CLEAR GLOSS,2025-01-26,2026-01-26,9.0,5.0,0.4166666666666667,0.8333333333333334,1.25,7.0,0.0,7.0,16.8,False,0.0
FIWT63181,WATCO SPRAY CLEAR SEMI-GLOSS,2025-01-26,2026-01-26,1.0,14.0,1.1666666666666667,2.3333333333333335,3.5,22.0,2.0,20.0,17.142857142857142,False,0.0
FIWT63181,WATCO SPRAY CLEAR SEMI-GLOSS,2025-01-26,2026-01-26,3.0,6.0,0.5,1.0,1.5,7.0,0.0,7.0,14.0,False,0.0
FIWT63181,WATCO SPRAY CLEAR SEMI-GLOSS,2025-01-26,2026-01-26,4.0,6.0,0.5,1.0,1.5,7.0,0.0,7.0,14.0,False,0.0
FIWT63181,WATCO SPRAY CLEAR SEMI-GLOSS,2025-01-26,2026-01-26,5.0,22.0,1.8333333333333333,3.6666666666666665,5.5,6.0,0.0,6.0,3.272727272727273,False,0.0
FIWT63181,WATCO SPRAY CLEAR SEMI-GLOSS,2025-01-26,2026-01-26,6.0,11.0,0.9166666666666666,1.8333333333333333,2.75,6.0,0.0,6.0,6.545454545454546,False,0.0
FIWT63181,WATCO SPRAY CLEAR SEMI-GLOSS,2025-01-26,2026-01-26,8.0,0.0,0.0,0.0,0.0,6.0,0.0,6.0,inf,False,0.0
FIWT63181,WATCO SPRAY CLEAR SEMI-GLOSS,2025-01-26,2026-01-26,9.0,4.0,0.3333333333333333,0.6666666666666666,1.0,7.0,0.0,7.0,21.0,False,0.0
FIWT63281,WATCO SPRAY CLEAR SATIN,2025-01-26,2026-01-26,1.0,14.0,1.1666666666666667,2.3333333333333335,3.5,14.0,2.0,12.0,10.285714285714285,False,0.0
FIWT63281,WATCO SPRAY CLEAR SATIN,2025-01-26,2026-01-26,3.0,25.0,2.0833333333333335,4.166666666666667,6.25,13.0,0.0,13.0,6.239999999999999,False,0.0
FIWT63281,WATCO SPRAY CLEAR SATIN,2025-01-26,2026-01-26,4.0,6.0,0.5,1.0,1.5,8.0,0.0,8.0,16.0,False,0.0
FIWT63281,WATCO SPRAY CLEAR SATIN,2025-01-26,2026-01-26,5.0,42.0,3.5,7.0,10.5,10.0,0.0,10.0,2.857142857142857,False,0.0
FIWT63281,WATCO SPRAY CLEAR SATIN,2025-01-26,2026-01-26,6.0,10.0,0.8333333333333334,1.6666666666666667,2.5,4.0,0.0,4.0,4.8,False,0.0
FIWT63281,WATCO SPRAY CLEAR SATIN,2025-01-26,2026-01-26,8.0,0.0,0.0,0.0,0.0,3.0,0.0,3.0,inf,False,0.0
FIWT63281,WATCO SPRAY CLEAR SATIN,2025-01-26,2026-01-26,9.0,6.0,0.5,1.0,1.5,7.0,0.0,7.0,14.0,False,0.0
FPPEW34,3/4 WALNUT PEGS,2025-01-26,2026-01-26,1.0,375.0,31.25,62.5,93.75,3250.0,0.0,3250.0,104.0,False,0.0
FPPEW34,3/4 WALNUT PEGS,2025-01-26,2026-01-26,3.0,79.0,6.583333333333333,13.166666666666666,19.75,169.0,0.0,169.0,25.67088607594937,False,0.0
FPPEW34,3/4 WALNUT PEGS,2025-01-26,2026-01-26,4.0,100.0,8.333333333333334,16.666666666666668,25.0,322.0,0.0,322.0,38.64,False,0.0
FPPEW34,3/4 WALNUT PEGS,2025-01-26,2026-01-26,5.0,0.0,0.0,0.0,0.0,84.0,0.0,84.0,inf,False,0.0
FPPEW34,3/4 WALNUT PEGS,2025-01-26,2026-01-26,6.0,3262.0,271.8333333333333,543.6666666666666,815.5,0.0,0.0,0.0,0.0,True,815.5
FPPEW34,3/4 WALNUT PEGS,2025-01-26,2026-01-26,8.0,0.0,0.0,0.0,0.0,137.0,0.0,137.0,inf,False,0.0
FPPEW34,3/4 WALNUT PEGS,2025-01-26,2026-01-26,9.0,0.0,0.0,0.0,0.0,378.0,0.0,378.0,inf,False,0.0
FPPEW58,5/8 WALNUT PEGS,2025-01-26,2026-01-26,1.0,1949.0,162.41666666666666,324.8333333333333,487.25,10349.0,649.0,9700.0,59.722934838378656,False,0.0
FPPEW58,5/8 WALNUT PEGS,2025-01-26,2026-01-26,3.0,766.0,63.833333333333336,127.66666666666667,191.5,679.0,0.0,679.0,10.637075718015666,False,0.0
FPPEW58,5/8 WALNUT PEGS,2025-01-26,2026-01-26,4.0,540.0,45.0,90.0,135.0,1232.0,0.0,1232.0,27.377777777777776,False,0.0
FPPEW58,5/8 WALNUT PEGS,2025-01-26,2026-01-26,5.0,0.0,0.0,0.0,0.0,102.0,0.0,102.0,inf,False,0.0
FPPEW58,5/8 WALNUT PEGS,2025-01-26,2026-01-26,6.0,8589.0,715.75,1431.5,2147.25,91.0,0.0,91.0,0.1271393643031785,True,2056.25
FPPEW58,5/8 WALNUT PEGS,2025-01-26,2026-01-26,8.0,100.0,8.333333333333334,16.666666666666668,25.0,140.0,0.0,140.0,16.799999999999997,False,0.0
FPPEW58,5/8 WALNUT PEGS,2025-01-26,2026-01-26,9.0,100.0,8.333333333333334,16.666666666666668,25.0,218.0,130.0,88.0,10.559999999999999,False,0.0
FPWWFLT124,"WOODWISE 1"" PEEL & STICK",2025-01-26,2026-01-26,1.0,3.0,0.25,0.5,0.75,8.0,0.0,8.0,32.0,False,0.0
FPWWFLT124,"WOODWISE 1"" PEEL & STICK",2025-01-26,2026-01-26,3.0,1.0,0.08333333333333333,0.16666666666666666,0.25,3.0,0.0,3.0,36.0,False,0.0
FPWWFLT124,"WOODWISE 1"" PEEL & STICK",2025-01-26,2026-01-26,4.0,4.0,0.3333333333333333,0.6666666666666666,1.0,3.0,0.0,3.0,9.0,False,0.0
FPWWFLT124,"WOODWISE 1"" PEEL & STICK",2025-01-26,2026-01-26,5.0,0.0,0.0,0.0,0.0,2.0,0.0,2.0,inf,False,0.0
FPWWFLT124,"WOODWISE 1"" PEEL & STICK",2025-01-26,2026-01-26,6.0,0.0,0.0,0.0,0.0,3.0,0.0,3.0,inf,False,0.0
FPWWFLT124,"WOODWISE 1"" PEEL & STICK",2025-01-26,2026-01-26,8.0,0.0,0.0,0.0,0.0,2.0,0.0,2.0,inf,False,0.0
FPWWFLT124,"WOODWISE 1"" PEEL & STICK",2025-01-26,2026-01-26,9.0,2.0,0.16666666666666666,0.3333333333333333,0.5,2.0,0.0,2.0,12.0,False,0.0
FPWWFLT3424,"WOODWISE 3/4"" PEEL & STICK",2025-01-26,2026-01-26,1.0,0.0,0.0,0.0,0.0,5.0,0.0,5.0,inf,False,0.0
FPWWFLT3424,"WOODWISE 3/4"" PEEL & STICK",2025-01-26,2026-01-26,3.0,0.0,0.0,0.0,0.0,6.0,0.0,6.0,inf,False,0.0
FPWWFLT3424,"WOODWISE 3/4"" PEEL & STICK",2025-01-26,2026-01-26,4.0,0.0,0.0,0.0,0.0,3.0,0.0,3.0,inf,False,0.0
FPWWFLT3424,"WOODWISE 3/4"" PEEL & STICK",2025-01-26,2026-01-26,5.0,2.0,0.16666666666666666,0.3333333333333333,0.5,6.0,0.0,6.0,36.0,False,0.0
FPWWFLT3424,"WOODWISE 3/4"" PEEL & STICK",2025-01-26,2026-01-26,6.0,0.0,0.0,0.0,0.0,3.0,0.0,3.0,inf,False,0.0
FPWWFLT3424,"WOODWISE 3/4"" PEEL & STICK",2025-01-26,2026-01-26,8.0,0.0,0.0,0.0,0.0,4.0,0.0,4.0,inf,False,0.0
FPWWFLT3424,"WOODWISE 3/4"" PEEL & STICK",2025-01-26,2026-01-26,9.0,0.0,0.0,0.0,0.0,6.0,0.0,6.0,inf,False,0.0
FPWWFLT424,"WOODWISE 1-1/4"" TAP-IN BEIGE",2025-01-26,2026-01-26,1.0,0.0,0.0,0.0,0.0,6.0,0.0,6.0,inf,False,0.0
FPWWFLT424,"WOODWISE 1-1/4"" TAP-IN BEIGE",2025-01-26,2026-01-26,3.0,3.0,0.25,0.5,0.75,4.0,0.0,4.0,16.0,False,0.0
FPWWFLT424,"WOODWISE 1-1/4"" TAP-IN BEIGE",2025-01-26,2026-01-26,4.0,2.0,0.16666666666666666,0.3333333333333333,0.5,3.0,0.0,3.0,18.0,False,0.0
FPWWFLT424,"WOODWISE 1-1/4"" TAP-IN BEIGE",2025-01-26,2026-01-26,5.0,3.0,0.25,0.5,0.75,4.0,0.0,4.0,16.0,False,0.0
FPWWFLT424,"WOODWISE 1-1/4"" TAP-IN BEIGE",2025-01-26,2026-01-26,6.0,1.0,0.08333333333333333,0.16666666666666666,0.25,3.0,0.0,3.0,36.0,False,0.0
FPWWFLT424,"WOODWISE 1-1/4"" TAP-IN BEIGE",2025-01-26,2026-01-26,8.0,0.0,0.0,0.0,0.0,2.0,0.0,2.0,inf,False,0.0
FPWWFLT424,"WOODWISE 1-1/4"" TAP-IN BEIGE",2025-01-26,2026-01-26,9.0,0.0,0.0,0.0,0.0,4.0,0.0,4.0,inf,False,0.0
FPWWFLT424B,"WOODWISE 1-1/4"" TAP-IN BROWN",2025-01-26,2026-01-26,1.0,0.0,0.0,0.0,0.0,5.0,0.0,5.0,inf,False,0.0
FPWWFLT424B,"WOODWISE 1-1/4"" TAP-IN BROWN",2025-01-26,2026-01-26,3.0,2.0,0.16666666666666666,0.3333333333333333,0.5,4.0,0.0,4.0,24.0,False,0.0
FPWWFLT424B,"WOODWISE 1-1/4"" TAP-IN BROWN",2025-01-26,2026-01-26,4.0,3.0,0.25,0.5,0.75,3.0,0.0,3.0,12.0,False,0.0
FPWWFLT424B,"WOODWISE 1-1/4"" TAP-IN BROWN",2025-01-26,2026-01-26,5.0,1.0,0.08333333333333333,0.16666666666666666,0.25,4.0,0.0,4.0,48.0,False,0.0
FPWWFLT424B,"WOODWISE 1-1/4"" TAP-IN BROWN",2025-01-26,2026-01-26,6.0,0.0,0.0,0.0,0.0,3.0,0.0,3.0,inf,False,0.0
FPWWFLT424B,"WOODWISE 1-1/4"" TAP-IN BROWN",2025-01-26,2026-01-26,8.0,0.0,0.0,0.0,0.0,4.0,0.0,4.0,inf,False,0.0
FPWWFLT424B,"WOODWISE 1-1/4"" TAP-IN BROWN",2025-01-26,2026-01-26,9.0,0.0,0.0,0.0,0.0,4.0,0.0,4.0,inf,False,0.0
FPWWFLT57824B,"WOODWISE 7/8"" TAP-IN BROWN",2025-01-26,2026-01-26,1.0,2.0,0.16666666666666666,0.3333333333333333,0.5,6.0,0.0,6.0,36.0,False,0.0
FPWWFLT57824B,"WOODWISE 7/8"" TAP-IN BROWN",2025-01-26,2026-01-26,3.0,4.0,0.3333333333333333,0.6666666666666666,1.0,4.0,0.0,4.0,12.0,False,0.0
FPWWFLT57824B,"WOODWISE 7/8"" TAP-IN BROWN",2025-01-26,2026-01-26,4.0,3.0,0.25,0.5,0.75,6.0,0.0,6.0,24.0,False,0.0
FPWWFLT57824B,"WOODWISE 7/8"" TAP-IN BROWN",2025-01-26,2026-01-26,5.0,3.0,0.25,0.5,0.75,3.0,0.0,3.0,12.0,False,0.0
FPWWFLT57824B,"WOODWISE 7/8"" TAP-IN BROWN",2025-01-26,2026-01-26,6.0,0.0,0.0,0.0,0.0,2.0,0.0,2.0,inf,False,0.0
FPWWFLT57824B,"WOODWISE 7/8"" TAP-IN BROWN",2025-01-26,2026-01-26,8.0,2.0,0.16666666666666666,0.3333333333333333,0.5,4.0,0.0,4.0,24.0,False,0.0
FPWWFLT57824B,"WOODWISE 7/8"" TAP-IN BROWN",2025-01-26,2026-01-26,9.0,1.0,0.08333333333333333,0.16666666666666666,0.25,3.0,0.0,3.0,36.0,False,0.0
FWAS901XL,BLUE SHOE/BOOT COVERS X LARGE,2025-01-26,2026-01-26,1.0,2.0,0.16666666666666666,0.3333333333333333,0.5,54.0,0.0,54.0,324.0,False,0.0
FWAS901XL,BLUE SHOE/BOOT COVERS X LARGE,2025-01-26,2026-01-26,3.0,4.0,0.3333333333333333,0.6666666666666666,1.0,4.0,0.0,4.0,12.0,False,0.0
FWAS901XL,BLUE SHOE/BOOT COVERS X LARGE,2025-01-26,2026-01-26,4.0,1.0,0.08333333333333333,0.16666666666666666,0.25,11.0,0.0,11.0,132.0,False,0.0
FWAS901XL,BLUE SHOE/BOOT COVERS X LARGE,2025-01-26,2026-01-26,5.0,0.0,0.0,0.0,0.0,4.0,0.0,4.0,inf,False,0.0
FWAS901XL,BLUE SHOE/BOOT COVERS X LARGE,2025-01-26,2026-01-26,6.0,6.0,0.5,1.0,1.5,0.0,0.0,0.0,0.0,True,1.5
FWAS901XL,BLUE SHOE/BOOT COVERS X LARGE,2025-01-26,2026-01-26,8.0,0.0,0.0,0.0,0.0,0.0,0.0,0.0,inf,False,0.0
FWAS901XL,BLUE SHOE/BOOT COVERS X LARGE,2025-01-26,2026-01-26,9.0,0.0,0.0,0.0,0.0,3.0,0.0,3.0,inf,False,0.0
GCMISCEA,GARRISON CUSTOM ITEMS EA,2025-01-26,2026-01-26,1.0,10.0,0.8333333333333334,1.6666666666666667,2.5,80.0,1.0,79.0,94.8,False,0.0
GCMISCEA,GARRISON CUSTOM ITEMS EA,2025-01-26,2026-01-26,3.0,4.0,0.3333333333333333,0.6666666666666666,1.0,8.0,0.0,8.0,24.0,False,0.0
GCMISCEA,GARRISON CUSTOM ITEMS EA,2025-01-26,2026-01-26,4.0,0.0,0.0,0.0,0.0,39.0,28.0,11.0,inf,False,0.0
GCMISCEA,GARRISON CUSTOM ITEMS EA,2025-01-26,2026-01-26,5.0,1.0,0.08333333333333333,0.16666666666666666,0.25,1.0,1.0,0.0,0.0,True,0.25
GCMISCEA,GARRISON CUSTOM ITEMS EA,2025-01-26,2026-01-26,6.0,17.0,1.4166666666666667,2.8333333333333335,4.25,0.0,0.0,0.0,0.0,True,4.25
GCMISCEA,GARRISON CUSTOM ITEMS EA,2025-01-26,2026-01-26,8.0,0.0,0.0,0.0,0.0,15.0,0.0,15.0,inf,False,0.0
GCMISCEA,GARRISON CUSTOM ITEMS EA,2025-01-26,2026-01-26,9.0,15.0,1.25,2.5,3.75,0.0,0.0,0.0,0.0,True,3.75
GLLATEX8MIL,LATEX GLOVES LARGE 150 CT,2025-01-26,2026-01-26,1.0,11.0,0.9166666666666666,1.8333333333333333,2.75,663.0,1.0,662.0,722.1818181818182,False,0.0
GLLATEX8MIL,LATEX GLOVES LARGE 150 CT,2025-01-26,2026-01-26,3.0,41.0,3.4166666666666665,6.833333333333333,10.25,2.0,2.0,0.0,0.0,True,10.25
GLLATEX8MIL,LATEX GLOVES LARGE 150 CT,2025-01-26,2026-01-26,4.0,20.0,1.6666666666666667,3.3333333333333335,5.0,12.0,0.0,12.0,7.199999999999999,False,0.0
GLLATEX8MIL,LATEX GLOVES LARGE 150 CT,2025-01-26,2026-01-26,5.0,10.0,0.8333333333333334,1.6666666666666667,2.5,2.0,0.0,2.0,2.4,False,0.0
GLLATEX8MIL,LATEX GLOVES LARGE 150 CT,2025-01-26,2026-01-26,6.0,30.0,2.5,5.0,7.5,0.0,0.0,0.0,0.0,True,7.5
GLLATEX8MIL,LATEX GLOVES LARGE 150 CT,2025-01-26,2026-01-26,8.0,2.0,0.16666666666666666,0.3333333333333333,0.5,13.0,0.0,13.0,78.0,False,0.0
GLLATEX8MIL,LATEX GLOVES LARGE 150 CT,2025-01-26,2026-01-26,9.0,1.0,0.08333333333333333,0.16666666666666666,0.25,19.0,10.0,9.0,108.0,False,0.0
GLLATEX8MILM,LATEX GLOVES MEDIUM 150 CT,2025-01-26,2026-01-26,1.0,0.0,0.0,0.0,0.0,0.0,0.0,0.0,inf,False,0.0
GLLATEX8MILM,LATEX GLOVES MEDIUM 150 CT,2025-01-26,2026-01-26,3.0,3.0,0.25,0.5,0.75,3.0,0.0,3.0,12.0,False,0.0
GLLATEX8MILM,LATEX GLOVES MEDIUM 150 CT,2025-01-26,2026-01-26,4.0,0.0,0.0,0.0,0.0,1.0,0.0,1.0,inf,False,0.0
GLLATEX8MILM,LATEX GLOVES MEDIUM 150 CT,2025-01-26,2026-01-26,5.0,0.0,0.0,0.0,0.0,0.0,0.0,0.0,inf,False,0.0
GLLATEX8MILM,LATEX GLOVES MEDIUM 150 CT,2025-01-26,2026-01-26,6.0,0.0,0.0,0.0,0.0,0.0,0.0,0.0,inf,False,0.0
GLLATEX8MILM,LATEX GLOVES MEDIUM 150 CT,2025-01-26,2026-01-26,8.0,0.0,0.0,0.0,0.0,0.0,0.0,0.0,inf,False,0.0
GLLATEX8MILM,LATEX GLOVES MEDIUM 150 CT,2025-01-26,2026-01-26,9.0,0.0,0.0,0.0,0.0,2.0,2.0,0.0,inf,False,0.0
GP10002,220 GRIT GARNET PAPER 9 x 11,2025-01-26,2026-01-26,1.0,4.0,0.3333333333333333,0.6666666666666666,1.0,0.0,0.0,0.0,0.0,False,0.0
GP10002,220 GRIT GARNET PAPER 9 x 11,2025-01-26,2026-01-26,3.0,0.0,0.0,0.0,0.0,9.0,0.0,9.0,inf,False,0.0
GP10002,220 GRIT GARNET PAPER 9 x 11,2025-01-26,2026-01-26,4.0,0.0,0.0,0.0,0.0,26.0,0.0,26.0,inf,False,0.0
GP10002,220 GRIT GARNET PAPER 9 x 11,2025-01-26,2026-01-26,5.0,0.0,0.0,0.0,0.0,10.0,0.0,10.0,inf,False,0.0
GP10002,220 GRIT GARNET PAPER 9 x 11,2025-01-26,2026-01-26,6.0,45.0,3.75,7.5,11.25,16.0,0.0,16.0,4.266666666666667,False,0.0
GP10002,220 GRIT GARNET PAPER 9 x 11,2025-01-26,2026-01-26,8.0,51.0,4.25,8.5,12.75,49.0,10.0,39.0,9.176470588235293,False,0.0
GP10002,220 GRIT GARNET PAPER 9 x 11,2025-01-26,2026-01-26,9.0,0.0,0.0,0.0,0.0,0.0,0.0,0.0,inf,False,0.0
GP10003,180 GRIT GARNET PAPER 9 x 11,2025-01-26,2026-01-26,1.0,144.0,12.0,24.0,36.0,241.0,0.0,241.0,20.083333333333332,False,0.0
GP10003,180 GRIT GARNET PAPER 9 x 11,2025-01-26,2026-01-26,3.0,26.0,2.1666666666666665,4.333333333333333,6.5,213.0,0.0,213.0,98.30769230769232,False,0.0
GP10003,180 GRIT GARNET PAPER 9 x 11,2025-01-26,2026-01-26,4.0,12.0,1.0,2.0,3.0,188.0,0.0,188.0,188.0,False,0.0
GP10003,180 GRIT GARNET PAPER 9 x 11,2025-01-26,2026-01-26,5.0,0.0,0.0,0.0,0.0,0.0,0.0,0.0,inf,False,0.0
GP10003,180 GRIT GARNET PAPER 9 x 11,2025-01-26,2026-01-26,6.0,43.0,3.5833333333333335,7.166666666666667,10.75,147.0,0.0,147.0,41.02325581395349,False,0.0
GP10003,180 GRIT GARNET PAPER 9 x 11,2025-01-26,2026-01-26,8.0,0.0,0.0,0.0,0.0,1.0,0.0,1.0,inf,False,0.0
GP10003,180 GRIT GARNET PAPER 9 x 11,2025-01-26,2026-01-26,9.0,0.0,0.0,0.0,0.0,0.0,0.0,0.0,inf,False,0.0
GP10004,150 GRIT GARNET PAPER 9 X 11,2025-01-26,2026-01-26,1.0,0.0,0.0,0.0,0.0,0.0,0.0,0.0,inf,False,0.0
GP10004,150 GRIT GARNET PAPER 9 X 11,2025-01-26,2026-01-26,3.0,0.0,0.0,0.0,0.0,1.0,0.0,1.0,inf,False,0.0
GP10004,150 GRIT GARNET PAPER 9 X 11,2025-01-26,2026-01-26,4.0,0.0,0.0,0.0,0.0,343.0,0.0,343.0,inf,False,0.0
GP10004,150 GRIT GARNET PAPER 9 X 11,2025-01-26,2026-01-26,5.0,0.0,0.0,0.0,0.0,10.0,0.0,10.0,inf,False,0.0
GP10004,150 GRIT GARNET PAPER 9 X 11,2025-01-26,2026-01-26,6.0,15.0,1.25,2.5,3.75,55.0,0.0,55.0,44.0,False,0.0
GP10004,150 GRIT GARNET PAPER 9 X 11,2025-01-26,2026-01-26,8.0,0.0,0.0,0.0,0.0,108.0,0.0,108.0,inf,False,0.0
GP10004,150 GRIT GARNET PAPER 9 X 11,2025-01-26,2026-01-26,9.0,0.0,0.0,0.0,0.0,10.0,0.0,10.0,inf,False,0.0
HI3M5RQC1005,"3M 5"" X 5 HOLE HD HOOKIT 100G",2025-01-26,2026-01-26,1.0,2445.0,203.75,407.5,611.25,1550.0,0.0,1550.0,7.607361963190184,False,0.0
HI3M5RQC1005,"3M 5"" X 5 HOLE HD HOOKIT 100G",2025-01-26,2026-01-26,3.0,5050.0,420.8333333333333,841.6666666666666,1262.5,450.0,0.0,450.0,1.0693069306930694,True,812.5
HI3M5RQC1005,"3M 5"" X 5 HOLE HD HOOKIT 100G",2025-01-26,2026-01-26,4.0,1375.0,114.58333333333333,229.16666666666666,343.75,500.0,50.0,450.0,3.9272727272727272,False,0.0
HI3M5RQC1005,"3M 5"" X 5 HOLE HD HOOKIT 100G",2025-01-26,2026-01-26,5.0,800.0,66.66666666666667,133.33333333333334,200.0,425.0,0.0,425.0,6.374999999999999,False,0.0
HI3M5RQC1005,"3M 5"" X 5 HOLE HD HOOKIT 100G",2025-01-26,2026-01-26,6.0,1425.0,118.75,237.5,356.25,175.0,0.0,175.0,1.4736842105263157,True,181.25
HI3M5RQC1005,"3M 5"" X 5 HOLE HD HOOKIT 100G",2025-01-26,2026-01-26,8.0,375.0,31.25,62.5,93.75,526.0,0.0,526.0,16.832,False,0.0
HI3M5RQC1005,"3M 5"" X 5 HOLE HD HOOKIT 100G",2025-01-26,2026-01-26,9.0,550.0,45.833333333333336,91.66666666666667,137.5,400.0,0.0,400.0,8.727272727272727,False,0.0
HI3M5RQC1008,"3M 5"" X 8 HOLE HD HOOKIT 100G",2025-01-26,2026-01-26,1.0,1054.0,87.83333333333333,175.66666666666666,263.5,1000.0,0.0,1000.0,11.385199240986719,False,0.0
HI3M5RQC1008,"3M 5"" X 8 HOLE HD HOOKIT 100G",2025-01-26,2026-01-26,3.0,300.0,25.0,50.0,75.0,300.0,0.0,300.0,12.0,False,0.0
HI3M5RQC1008,"3M 5"" X 8 HOLE HD HOOKIT 100G",2025-01-26,2026-01-26,4.0,500.0,41.666666666666664,83.33333333333333,125.0,400.0,0.0,400.0,9.600000000000001,False,0.0
HI3M5RQC1008,"3M 5"" X 8 HOLE HD HOOKIT 100G",2025-01-26,2026-01-26,5.0,600.0,50.0,100.0,150.0,200.0,0.0,200.0,4.0,False,0.0
HI3M5RQC1008,"3M 5"" X 8 HOLE HD HOOKIT 100G",2025-01-26,2026-01-26,6.0,1450.0,120.83333333333333,241.66666666666666,362.5,250.0,0.0,250.0,2.0689655172413794,False,0.0
HI3M5RQC1008,"3M 5"" X 8 HOLE HD HOOKIT 100G",2025-01-26,2026-01-26,8.0,50.0,4.166666666666667,8.333333333333334,12.5,199.0,0.0,199.0,47.76,False,0.0
HI3M5RQC1008,"3M 5"" X 8 HOLE HD HOOKIT 100G",2025-01-26,2026-01-26,9.0,800.0,66.66666666666667,133.33333333333334,200.0,540.0,0.0,540.0,8.1,False,0.0
HI3M5RQC1205,"3M 5"" X 5 HOLE HD HOOKIT 120G",2025-01-26,2026-01-26,1.0,3025.0,252.08333333333334,504.1666666666667,756.25,1100.0,400.0,700.0,2.7768595041322315,False,0.0
HI3M5RQC1205,"3M 5"" X 5 HOLE HD HOOKIT 120G",2025-01-26,2026-01-26,3.0,3500.0,291.6666666666667,583.3333333333334,875.0,950.0,0.0,950.0,3.257142857142857,False,0.0
HI3M5RQC1205,"3M 5"" X 5 HOLE HD HOOKIT 120G",2025-01-26,2026-01-26,4.0,1575.0,131.25,262.5,393.75,353.0,0.0,353.0,2.6895238095238096,False,0.0
HI3M5RQC1205,"3M 5"" X 5 HOLE HD HOOKIT 120G",2025-01-26,2026-01-26,5.0,700.0,58.333333333333336,116.66666666666667,175.0,200.0,150.0,50.0,0.8571428571428571,True,125.0
HI3M5RQC1205,"3M 5"" X 5 HOLE HD HOOKIT 120G",2025-01-26,2026-01-26,6.0,2200.0,183.33333333333334,366.6666666666667,550.0,650.0,0.0,650.0,3.5454545454545454,False,0.0
HI3M5RQC1205,"3M 5"" X 5 HOLE HD HOOKIT 120G",2025-01-26,2026-01-26,8.0,400.0,33.333333333333336,66.66666666666667,100.0,186.0,0.0,186.0,5.579999999999999,False,0.0
HI3M5RQC1205,"3M 5"" X 5 HOLE HD HOOKIT 120G",2025-01-26,2026-01-26,9.0,1956.0,163.0,326.0,489.0,444.0,0.0,444.0,2.723926380368098,False,0.0
HI3M5RQC1208,"3M 5"" X 8 HOLE HD HOOKIT 120G",2025-01-26,2026-01-26,1.0,1700.0,141.66666666666666,283.3333333333333,425.0,300.0,0.0,300.0,2.1176470588235294,False,0.0
HI3M5RQC1208,"3M 5"" X 8 HOLE HD HOOKIT 120G",2025-01-26,2026-01-26,3.0,400.0,33.333333333333336,66.66666666666667,100.0,350.0,0.0,350.0,10.5,False,0.0
HI3M5RQC1208,"3M 5"" X 8 HOLE HD HOOKIT 120G",2025-01-26,2026-01-26,4.0,1300.0,108.33333333333333,216.66666666666666,325.0,350.0,0.0,350.0,3.230769230769231,False,0.0
HI3M5RQC1208,"3M 5"" X 8 HOLE HD HOOKIT 120G",2025-01-26,2026-01-26,5.0,1212.0,101.0,202.0,303.0,500.0,0.0,500.0,4.9504950495049505,False,0.0
HI3M5RQC1208,"3M 5"" X 8 HOLE HD HOOKIT 120G",2025-01-26,2026-01-26,6.0,2200.0,183.33333333333334,366.6666666666667,550.0,400.0,0.0,400.0,2.1818181818181817,False,0.0
HI3M5RQC1208,"3M 5"" X 8 HOLE HD HOOKIT 120G",2025-01-26,2026-01-26,8.0,100.0,8.333333333333334,16.666666666666668,25.0,323.0,0.0,323.0,38.76,False,0.0
HI3M5RQC1208,"3M 5"" X 8 HOLE HD HOOKIT 120G",2025-01-26,2026-01-26,9.0,1000.0,83.33333333333333,166.66666666666666,250.0,300.0,0.0,300.0,3.6,False,0.0
HI3M5RQC805,"3M 5"" X 5 HOLE HD HOOKIT 80G",2025-01-26,2026-01-26,1.0,2416.0,201.33333333333334,402.6666666666667,604.0,1425.0,400.0,1025.0,5.091059602649007,False,0.0
HI3M5RQC805,"3M 5"" X 5 HOLE HD HOOKIT 80G",2025-01-26,2026-01-26,3.0,3300.0,275.0,550.0,825.0,550.0,0.0,550.0,2.0,False,0.0
HI3M5RQC805,"3M 5"" X 5 HOLE HD HOOKIT 80G",2025-01-26,2026-01-26,4.0,875.0,72.91666666666667,145.83333333333334,218.75,743.0,50.0,693.0,9.504,False,0.0
HI3M5RQC805,"3M 5"" X 5 HOLE HD HOOKIT 80G",2025-01-26,2026-01-26,5.0,684.0,57.0,114.0,171.0,448.0,0.0,448.0,7.859649122807017,False,0.0
HI3M5RQC805,"3M 5"" X 5 HOLE HD HOOKIT 80G",2025-01-26,2026-01-26,6.0,1668.0,139.0,278.0,417.0,713.0,0.0,713.0,5.129496402877698,False,0.0
HI3M5RQC805,"3M 5"" X 5 HOLE HD HOOKIT 80G",2025-01-26,2026-01-26,8.0,225.0,18.75,37.5,56.25,490.0,0.0,490.0,26.133333333333333,False,0.0
HI3M5RQC805,"3M 5"" X 5 HOLE HD HOOKIT 80G",2025-01-26,2026-01-26,9.0,1143.0,95.25,190.5,285.75,299.0,0.0,299.0,3.1391076115485563,False,0.0
HI3M5RQC808,"3M 5"" X 8 HOLE HD HOOKIT 80G",2025-01-26,2026-01-26,1.0,455.0,37.916666666666664,75.83333333333333,113.75,550.0,50.0,500.0,13.186813186813188,False,0.0
HI3M5RQC808,"3M 5"" X 8 HOLE HD HOOKIT 80G",2025-01-26,2026-01-26,3.0,350.0,29.166666666666668,58.333333333333336,87.5,150.0,0.0,150.0,5.142857142857142,False,0.0
HI3M5RQC808,"3M 5"" X 8 HOLE HD HOOKIT 80G",2025-01-26,2026-01-26,4.0,950.0,79.16666666666667,158.33333333333334,237.5,800.0,0.0,800.0,10.105263157894736,False,0.0
HI3M5RQC808,"3M 5"" X 8 HOLE HD HOOKIT 80G",2025-01-26,2026-01-26,5.0,1294.0,107.83333333333333,215.66666666666666,323.5,546.0,0.0,546.0,5.0633693972179294,False,0.0
HI3M5RQC808,"3M 5"" X 8 HOLE HD HOOKIT 80G",2025-01-26,2026-01-26,6.0,700.0,58.333333333333336,116.66666666666667,175.0,244.0,0.0,244.0,4.182857142857142,False,0.0
HI3M5RQC808,"3M 5"" X 8 HOLE HD HOOKIT 80G",2025-01-26,2026-01-26,8.0,50.0,4.166666666666667,8.333333333333334,12.5,116.0,0.0,116.0,27.839999999999996,False,0.0
HI3M5RQC808,"3M 5"" X 8 HOLE HD HOOKIT 80G",2025-01-26,2026-01-26,9.0,50.0,4.166666666666667,8.333333333333334,12.5,245.0,0.0,245.0,58.8,False,0.0
HI3M997547,"3M 16"" HOOKIT 100 GRIT NO HOLE",2025-01-26,2026-01-26,1.0,4.0,0.3333333333333333,0.6666666666666666,1.0,49.0,0.0,49.0,147.0,False,0.0
HI3M997547,"3M 16"" HOOKIT 100 GRIT NO HOLE",2025-01-26,2026-01-26,3.0,45.0,3.75,7.5,11.25,20.0,1.0,19.0,5.066666666666666,False,0.0
HI3M997547,"3M 16"" HOOKIT 100 GRIT NO HOLE",2025-01-26,2026-01-26,4.0,18.0,1.5,3.0,4.5,24.0,0.0,24.0,16.0,False,0.0
HI3M997547,"3M 16"" HOOKIT 100 GRIT NO HOLE",2025-01-26,2026-01-26,5.0,41.0,3.4166666666666665,6.833333333333333,10.25,23.0,0.0,23.0,6.731707317073171,False,0.0
HI3M997547,"3M 16"" HOOKIT 100 GRIT NO HOLE",2025-01-26,2026-01-26,6.0,68.0,5.666666666666667,11.333333333333334,17.0,30.0,0.0,30.0,5.294117647058823,False,0.0
HI3M997547,"3M 16"" HOOKIT 100 GRIT NO HOLE",2025-01-26,2026-01-26,8.0,1.0,0.08333333333333333,0.16666666666666666,0.25,13.0,0.0,13.0,156.0,False,0.0
HI3M997547,"3M 16"" HOOKIT 100 GRIT NO HOLE",2025-01-26,2026-01-26,9.0,0.0,0.0,0.0,0.0,12.0,0.0,12.0,inf,False,0.0
HI3M997554,"3M 16"" HOOKIT  36 GRIT NO HOLE",2025-01-26,2026-01-26,1.0,17.0,1.4166666666666667,2.8333333333333335,4.25,61.0,0.0,61.0,43.05882352941176,False,0.0
HI3M997554,"3M 16"" HOOKIT  36 GRIT NO HOLE",2025-01-26,2026-01-26,3.0,86.0,7.166666666666667,14.333333333333334,21.5,48.0,0.0,48.0,6.697674418604651,False,0.0
HI3M997554,"3M 16"" HOOKIT  36 GRIT NO HOLE",2025-01-26,2026-01-26,4.0,0.0,0.0,0.0,0.0,17.0,0.0,17.0,inf,False,0.0
HI3M997554,"3M 16"" HOOKIT  36 GRIT NO HOLE",2025-01-26,2026-01-26,5.0,7.0,0.5833333333333334,1.1666666666666667,1.75,26.0,0.0,26.0,44.57142857142857,False,0.0
HI3M997554,"3M 16"" HOOKIT  36 GRIT NO HOLE",2025-01-26,2026-01-26,6.0,2.0,0.16666666666666666,0.3333333333333333,0.5,24.0,0.0,24.0,144.0,False,0.0
HI3M997554,"3M 16"" HOOKIT  36 GRIT NO HOLE",2025-01-26,2026-01-26,8.0,7.0,0.5833333333333334,1.1666666666666667,1.75,14.0,0.0,14.0,24.0,False,0.0
HI3M997554,"3M 16"" HOOKIT  36 GRIT NO HOLE",2025-01-26,2026-01-26,9.0,2.0,0.16666666666666666,0.3333333333333333,0.5,32.0,0.0,32.0,192.0,False,0.0
HI3M997561,"3M 16"" HOOKIT 60 GRIT NO HOLE",2025-01-26,2026-01-26,1.0,15.0,1.25,2.5,3.75,47.0,0.0,47.0,37.6,False,0.0
HI3M997561,"3M 16"" HOOKIT 60 GRIT NO HOLE",2025-01-26,2026-01-26,3.0,113.0,9.416666666666666,18.833333333333332,28.25,43.0,0.0,43.0,4.566371681415929,False,0.0
HI3M997561,"3M 16"" HOOKIT 60 GRIT NO HOLE",2025-01-26,2026-01-26,4.0,4.0,0.3333333333333333,0.6666666666666666,1.0,26.0,0.0,26.0,78.0,False,0.0
HI3M997561,"3M 16"" HOOKIT 60 GRIT NO HOLE",2025-01-26,2026-01-26,5.0,0.0,0.0,0.0,0.0,12.0,0.0,12.0,inf,False,0.0
HI3M997561,"3M 16"" HOOKIT 60 GRIT NO HOLE",2025-01-26,2026-01-26,6.0,15.0,1.25,2.5,3.75,13.0,0.0,13.0,10.4,False,0.0
HI3M997561,"3M 16"" HOOKIT 60 GRIT NO HOLE",2025-01-26,2026-01-26,8.0,9.0,0.75,1.5,2.25,18.0,0.0,18.0,24.0,False,0.0
HI3M997561,"3M 16"" HOOKIT 60 GRIT NO HOLE",2025-01-26,2026-01-26,9.0,0.0,0.0,0.0,0.0,6.0,0.0,6.0,inf,False,0.0
HI3M997578,"3M 16"" HOOKIT 80 GRIT NO HOLE",2025-01-26,2026-01-26,1.0,40.0,3.3333333333333335,6.666666666666667,10.0,46.0,0.0,46.0,13.799999999999999,False,0.0
HI3M997578,"3M 16"" HOOKIT 80 GRIT NO HOLE",2025-01-26,2026-01-26,3.0,61.0,5.083333333333333,10.166666666666666,15.25,26.0,0.0,26.0,5.114754098360656,False,0.0
HI3M997578,"3M 16"" HOOKIT 80 GRIT NO HOLE",2025-01-26,2026-01-26,4.0,4.0,0.3333333333333333,0.6666666666666666,1.0,16.0,0.0,16.0,48.0,False,0.0
HI3M997578,"3M 16"" HOOKIT 80 GRIT NO HOLE",2025-01-26,2026-01-26,5.0,4.0,0.3333333333333333,0.6666666666666666,1.0,13.0,0.0,13.0,39.0,False,0.0
HI3M997578,"3M 16"" HOOKIT 80 GRIT NO HOLE",2025-01-26,2026-01-26,6.0,19.0,1.5833333333333333,3.1666666666666665,4.75,23.0,0.0,23.0,14.526315789473685,False,0.0
HI3M997578,"3M 16"" HOOKIT 80 GRIT NO HOLE",2025-01-26,2026-01-26,8.0,14.0,1.1666666666666667,2.3333333333333335,3.5,32.0,0.0,32.0,27.428571428571427,False,0.0
HI3M997578,"3M 16"" HOOKIT 80 GRIT NO HOLE",2025-01-26,2026-01-26,9.0,20.0,1.6666666666666667,3.3333333333333335,5.0,14.0,0.0,14.0,8.4,False,0.0
HI3M997646,"3M 16"" HOOKIT 120 GRIT NO HOLE",2025-01-26,2026-01-26,1.0,19.0,1.5833333333333333,3.1666666666666665,4.75,36.0,0.0,36.0,22.736842105263158,False,0.0
HI3M997646,"3M 16"" HOOKIT 120 GRIT NO HOLE",2025-01-26,2026-01-26,3.0,9.0,0.75,1.5,2.25,29.0,0.0,29.0,38.666666666666664,False,0.0
HI3M997646,"3M 16"" HOOKIT 120 GRIT NO HOLE",2025-01-26,2026-01-26,4.0,10.0,0.8333333333333334,1.6666666666666667,2.5,38.0,0.0,38.0,45.6,False,0.0
HI3M997646,"3M 16"" HOOKIT 120 GRIT NO HOLE",2025-01-26,2026-01-26,5.0,26.0,2.1666666666666665,4.333333333333333,6.5,20.0,0.0,20.0,9.230769230769232,False,0.0
HI3M997646,"3M 16"" HOOKIT 120 GRIT NO HOLE",2025-01-26,2026-01-26,6.0,16.0,1.3333333333333333,2.6666666666666665,4.0,7.0,0.0,7.0,5.25,False,0.0
HI3M997646,"3M 16"" HOOKIT 120 GRIT NO HOLE",2025-01-26,2026-01-26,8.0,1.0,0.08333333333333333,0.16666666666666666,0.25,33.0,0.0,33.0,396.0,False,0.0
HI3M997646,"3M 16"" HOOKIT 120 GRIT NO HOLE",2025-01-26,2026-01-26,9.0,0.0,0.0,0.0,0.0,29.0,0.0,29.0,inf,False,0.0
HTCG537126,"SKELETON CAULKING GUN 13""",2025-01-26,2026-01-26,1.0,0.0,0.0,0.0,0.0,7.0,0.0,7.0,inf,False,0.0
HTCG537126,"SKELETON CAULKING GUN 13""",2025-01-26,2026-01-26,3.0,1.0,0.08333333333333333,0.16666666666666666,0.25,2.0,0.0,2.0,24.0,False,0.0
HTCG537126,"SKELETON CAULKING GUN 13""",2025-01-26,2026-01-26,4.0,0.0,0.0,0.0,0.0,2.0,0.0,2.0,inf,False,0.0
HTCG537126,"SKELETON CAULKING GUN 13""",2025-01-26,2026-01-26,5.0,0.0,0.0,0.0,0.0,4.0,0.0,4.0,inf,False,0.0
HTCG537126,"SKELETON CAULKING GUN 13""",2025-01-26,2026-01-26,6.0,3.0,0.25,0.5,0.75,2.0,0.0,2.0,8.0,False,0.0
HTCG537126,"SKELETON CAULKING GUN 13""",2025-01-26,2026-01-26,8.0,0.0,0.0,0.0,0.0,2.0,0.0,2.0,inf,False,0.0
HTCR175,CRAIN TUCK KNIFE,2025-01-26,2026-01-26,1.0,4.0,0.3333333333333333,0.6666666666666666,1.0,4.0,0.0,4.0,12.0,False,0.0
HTCR175,CRAIN TUCK KNIFE,2025-01-26,2026-01-26,3.0,1.0,0.08333333333333333,0.16666666666666666,0.25,4.0,0.0,4.0,48.0,False,0.0
HTCR175,CRAIN TUCK KNIFE,2025-01-26,2026-01-26,4.0,0.0,0.0,0.0,0.0,4.0,0.0,4.0,inf,False,0.0
HTCR175,CRAIN TUCK KNIFE,2025-01-26,2026-01-26,5.0,4.0,0.3333333333333333,0.6666666666666666,1.0,4.0,0.0,4.0,12.0,False,0.0
HTCR175,CRAIN TUCK KNIFE,2025-01-26,2026-01-26,6.0,1.0,0.08333333333333333,0.16666666666666666,0.25,4.0,0.0,4.0,48.0,False,0.0
HTCR175,CRAIN TUCK KNIFE,2025-01-26,2026-01-26,8.0,0.0,0.0,0.0,0.0,4.0,0.0,4.0,inf,False,0.0
HTCR175,CRAIN TUCK KNIFE,2025-01-26,2026-01-26,9.0,0.0,0.0,0.0,0.0,5.0,0.0,5.0,inf,False,0.0
HTCR285,NO.285 LVT/LVP SCORING KNIFE,2025-01-26,2026-01-26,1.0,0.0,0.0,0.0,0.0,3.0,0.0,3.0,inf,False,0.0
HTCR285,NO.285 LVT/LVP SCORING KNIFE,2025-01-26,2026-01-26,3.0,1.0,0.08333333333333333,0.16666666666666666,0.25,5.0,0.0,5.0,60.0,False,0.0
HTCR285,NO.285 LVT/LVP SCORING KNIFE,2025-01-26,2026-01-26,4.0,2.0,0.16666666666666666,0.3333333333333333,0.5,3.0,0.0,3.0,18.0,False,0.0
HTCR285,NO.285 LVT/LVP SCORING KNIFE,2025-01-26,2026-01-26,5.0,2.0,0.16666666666666666,0.3333333333333333,0.5,5.0,0.0,5.0,30.0,False,0.0
HTCR285,NO.285 LVT/LVP SCORING KNIFE,2025-01-26,2026-01-26,6.0,4.0,0.3333333333333333,0.6666666666666666,1.0,4.0,0.0,4.0,12.0,False,0.0
HTCR285,NO.285 LVT/LVP SCORING KNIFE,2025-01-26,2026-01-26,8.0,0.0,0.0,0.0,0.0,2.0,0.0,2.0,inf,False,0.0
HTCR285,NO.285 LVT/LVP SCORING KNIFE,2025-01-26,2026-01-26,9.0,1.0,0.08333333333333333,0.16666666666666666,0.25,3.0,0.0,3.0,36.0,False,0.0
HTCR422,"TROWEL 1/32""x1/16""x1/32"" CRAIN",2025-01-26,2026-01-26,1.0,4.0,0.3333333333333333,0.6666666666666666,1.0,6.0,1.0,5.0,15.0,False,0.0
HTCR422,"TROWEL 1/32""x1/16""x1/32"" CRAIN",2025-01-26,2026-01-26,3.0,1.0,0.08333333333333333,0.16666666666666666,0.25,5.0,0.0,5.0,60.0,False,0.0
HTCR422,"TROWEL 1/32""x1/16""x1/32"" CRAIN",2025-01-26,2026-01-26,4.0,1.0,0.08333333333333333,0.16666666666666666,0.25,13.0,0.0,13.0,156.0,False,0.0
HTCR422,"TROWEL 1/32""x1/16""x1/32"" CRAIN",2025-01-26,2026-01-26,5.0,0.0,0.0,0.0,0.0,12.0,0.0,12.0,inf,False,0.0
HTCR422,"TROWEL 1/32""x1/16""x1/32"" CRAIN",2025-01-26,2026-01-26,6.0,3.0,0.25,0.5,0.75,8.0,0.0,8.0,32.0,False,0.0
HTCR422,"TROWEL 1/32""x1/16""x1/32"" CRAIN",2025-01-26,2026-01-26,8.0,0.0,0.0,0.0,0.0,8.0,0.0,8.0,inf,False,0.0
HTCR422,"TROWEL 1/32""x1/16""x1/32"" CRAIN",2025-01-26,2026-01-26,9.0,1.0,0.08333333333333333,0.16666666666666666,0.25,7.0,0.0,7.0,84.0,False,0.0
HTCR423,"TROWEL 1/8"" x 1/16"" X 1/8"" (V)",2025-01-26,2026-01-26,1.0,21.0,1.75,3.5,5.25,16.0,5.0,11.0,6.285714285714286,False,0.0
HTCR423,"TROWEL 1/8"" x 1/16"" X 1/8"" (V)",2025-01-26,2026-01-26,3.0,30.0,2.5,5.0,7.5,9.0,0.0,9.0,3.6,False,0.0
HTCR423,"TROWEL 1/8"" x 1/16"" X 1/8"" (V)",2025-01-26,2026-01-26,4.0,2.0,0.16666666666666666,0.3333333333333333,0.5,7.0,0.0,7.0,42.0,False,0.0
HTCR423,"TROWEL 1/8"" x 1/16"" X 1/8"" (V)",2025-01-26,2026-01-26,5.0,7.0,0.5833333333333334,1.1666666666666667,1.75,8.0,0.0,8.0,13.714285714285714,False,0.0
HTCR423,"TROWEL 1/8"" x 1/16"" X 1/8"" (V)",2025-01-26,2026-01-26,6.0,23.0,1.9166666666666667,3.8333333333333335,5.75,9.0,0.0,9.0,4.695652173913043,False,0.0
HTCR423,"TROWEL 1/8"" x 1/16"" X 1/8"" (V)",2025-01-26,2026-01-26,8.0,0.0,0.0,0.0,0.0,6.0,0.0,6.0,inf,False,0.0
HTCR423,"TROWEL 1/8"" x 1/16"" X 1/8"" (V)",2025-01-26,2026-01-26,9.0,6.0,0.5,1.0,1.5,4.0,0.0,4.0,8.0,False,0.0
HTCR425,"TROWEL 1/4"" x 3/16"" (V)",2025-01-26,2026-01-26,1.0,65.0,5.416666666666667,10.833333333333334,16.25,38.0,16.0,22.0,4.061538461538461,False,0.0
HTCR425,"TROWEL 1/4"" x 3/16"" (V)",2025-01-26,2026-01-26,3.0,71.0,5.916666666666667,11.833333333333334,17.75,16.0,8.0,8.0,1.352112676056338,True,9.75
HTCR425,"TROWEL 1/4"" x 3/16"" (V)",2025-01-26,2026-01-26,4.0,0.0,0.0,0.0,0.0,11.0,0.0,11.0,inf,False,0.0
HTCR425,"TROWEL 1/4"" x 3/16"" (V)",2025-01-26,2026-01-26,5.0,13.0,1.0833333333333333,2.1666666666666665,3.25,4.0,0.0,4.0,3.6923076923076925,False,0.0
HTCR425,"TROWEL 1/4"" x 3/16"" (V)",2025-01-26,2026-01-26,6.0,66.0,5.5,11.0,16.5,23.0,0.0,23.0,4.181818181818182,False,0.0
HTCR425,"TROWEL 1/4"" x 3/16"" (V)",2025-01-26,2026-01-26,8.0,11.0,0.9166666666666666,1.8333333333333333,2.75,12.0,0.0,12.0,13.090909090909092,False,0.0
HTCR425,"TROWEL 1/4"" x 3/16"" (V)",2025-01-26,2026-01-26,9.0,28.0,2.3333333333333335,4.666666666666667,7.0,11.0,0.0,11.0,4.714285714285714,False,0.0
HTCR426,"TROWEL 1/4"" x1/4"" x1/4"" (SQ)",2025-01-26,2026-01-26,1.0,6.0,0.5,1.0,1.5,12.0,0.0,12.0,24.0,False,0.0
HTCR426,"TROWEL 1/4"" x1/4"" x1/4"" (SQ)",2025-01-26,2026-01-26,3.0,7.0,0.5833333333333334,1.1666666666666667,1.75,5.0,0.0,5.0,8.571428571428571,False,0.0
HTCR426,"TROWEL 1/4"" x1/4"" x1/4"" (SQ)",2025-01-26,2026-01-26,4.0,1.0,0.08333333333333333,0.16666666666666666,0.25,5.0,0.0,5.0,60.0,False,0.0
HTCR426,"TROWEL 1/4"" x1/4"" x1/4"" (SQ)",2025-01-26,2026-01-26,5.0,7.0,0.5833333333333334,1.1666666666666667,1.75,7.0,0.0,7.0,12.0,False,0.0
HTCR426,"TROWEL 1/4"" x1/4"" x1/4"" (SQ)",2025-01-26,2026-01-26,6.0,5.0,0.4166666666666667,0.8333333333333334,1.25,5.0,0.0,5.0,12.0,False,0.0
HTCR426,"TROWEL 1/4"" x1/4"" x1/4"" (SQ)",2025-01-26,2026-01-26,8.0,1.0,0.08333333333333333,0.16666666666666666,0.25,5.0,0.0,5.0,60.0,False,0.0
HTCR426,"TROWEL 1/4"" x1/4"" x1/4"" (SQ)",2025-01-26,2026-01-26,9.0,16.0,1.3333333333333333,2.6666666666666665,4.0,9.0,0.0,9.0,6.75,False,0.0
HTCR560,KNUCKLE HEAD PULL BAR NO.560,2025-01-26,2026-01-26,1.0,30.0,2.5,5.0,7.5,14.0,5.0,9.0,3.6,False,0.0
HTCR560,KNUCKLE HEAD PULL BAR NO.560,2025-01-26,2026-01-26,3.0,1.0,0.08333333333333333,0.16666666666666666,0.25,7.0,0.0,7.0,84.0,False,0.0
HTCR560,KNUCKLE HEAD PULL BAR NO.560,2025-01-26,2026-01-26,4.0,2.0,0.16666666666666666,0.3333333333333333,0.5,4.0,0.0,4.0,24.0,False,0.0
HTCR560,KNUCKLE HEAD PULL BAR NO.560,2025-01-26,2026-01-26,5.0,5.0,0.4166666666666667,0.8333333333333334,1.25,5.0,0.0,5.0,12.0,False,0.0
HTCR560,KNUCKLE HEAD PULL BAR NO.560,2025-01-26,2026-01-26,6.0,10.0,0.8333333333333334,1.6666666666666667,2.5,5.0,0.0,5.0,6.0,False,0.0
HTCR560,KNUCKLE HEAD PULL BAR NO.560,2025-01-26,2026-01-26,8.0,3.0,0.25,0.5,0.75,3.0,0.0,3.0,12.0,False,0.0
HTCR560,KNUCKLE HEAD PULL BAR NO.560,2025-01-26,2026-01-26,9.0,6.0,0.5,1.0,1.5,12.0,0.0,12.0,24.0,False,0.0
HTCR563,CRAIN TAPPING BLOCK NO.563,2025-01-26,2026-01-26,1.0,39.0,3.25,6.5,9.75,7.0,0.0,7.0,2.1538461538461537,False,0.0
HTCR563,CRAIN TAPPING BLOCK NO.563,2025-01-26,2026-01-26,3.0,11.0,0.9166666666666666,1.8333333333333333,2.75,9.0,1.0,8.0,8.727272727272728,False,0.0
HTCR563,CRAIN TAPPING BLOCK NO.563,2025-01-26,2026-01-26,4.0,9.0,0.75,1.5,2.25,3.0,0.0,3.0,4.0,False,0.0
HTCR563,CRAIN TAPPING BLOCK NO.563,2025-01-26,2026-01-26,5.0,9.0,0.75,1.5,2.25,5.0,0.0,5.0,6.666666666666667,False,0.0
HTCR563,CRAIN TAPPING BLOCK NO.563,2025-01-26,2026-01-26,6.0,31.0,2.5833333333333335,5.166666666666667,7.75,13.0,0.0,13.0,5.032258064516129,False,0.0
HTCR563,CRAIN TAPPING BLOCK NO.563,2025-01-26,2026-01-26,8.0,6.0,0.5,1.0,1.5,9.0,0.0,9.0,18.0,False,0.0
HTCR563,CRAIN TAPPING BLOCK NO.563,2025-01-26,2026-01-26,9.0,18.0,1.5,3.0,4.5,7.0,0.0,7.0,4.666666666666667,False,0.0
HTCR673,"13"" WOOD CUTTER",2025-01-26,2026-01-26,1.0,5.0,0.4166666666666667,0.8333333333333334,1.25,0.0,0.0,0.0,0.0,False,0.0
HTCR673,"13"" WOOD CUTTER",2025-01-26,2026-01-26,3.0,1.0,0.08333333333333333,0.16666666666666666,0.25,0.0,0.0,0.0,0.0,False,0.0
HTCR673,"13"" WOOD CUTTER",2025-01-26,2026-01-26,4.0,1.0,0.08333333333333333,0.16666666666666666,0.25,0.0,0.0,0.0,0.0,False,0.0
HTCR673,"13"" WOOD CUTTER",2025-01-26,2026-01-26,5.0,0.0,0.0,0.0,0.0,0.0,0.0,0.0,inf,False,0.0
HTCR673,"13"" WOOD CUTTER",2025-01-26,2026-01-26,6.0,3.0,0.25,0.5,0.75,0.0,0.0,0.0,0.0,False,0.0
HTCR673,"13"" WOOD CUTTER",2025-01-26,2026-01-26,8.0,0.0,0.0,0.0,0.0,1.0,0.0,1.0,inf,False,0.0
HTCR673,"13"" WOOD CUTTER",2025-01-26,2026-01-26,9.0,0.0,0.0,0.0,0.0,0.0,0.0,0.0,inf,False,0.0
HTCR673-14,"14"" WOOD CUTTER",2025-01-26,2026-01-26,1.0,5.0,0.4166666666666667,0.8333333333333334,1.25,3.0,0.0,3.0,7.199999999999999,False,0.0
HTCR673-14,"14"" WOOD CUTTER",2025-01-26,2026-01-26,3.0,2.0,0.16666666666666666,0.3333333333333333,0.5,2.0,0.0,2.0,12.0,False,0.0
HTCR673-14,"14"" WOOD CUTTER",2025-01-26,2026-01-26,4.0,1.0,0.08333333333333333,0.16666666666666666,0.25,2.0,0.0,2.0,24.0,False,0.0
HTCR673-14,"14"" WOOD CUTTER",2025-01-26,2026-01-26,5.0,0.0,0.0,0.0,0.0,1.0,0.0,1.0,inf,False,0.0
HTCR673-14,"14"" WOOD CUTTER",2025-01-26,2026-01-26,6.0,5.0,0.4166666666666667,0.8333333333333334,1.25,2.0,0.0,2.0,4.8,False,0.0
HTCR673-14,"14"" WOOD CUTTER",2025-01-26,2026-01-26,8.0,1.0,0.08333333333333333,0.16666666666666666,0.25,1.0,0.0,1.0,12.0,False,0.0
HTCR673-14,"14"" WOOD CUTTER",2025-01-26,2026-01-26,9.0,1.0,0.08333333333333333,0.16666666666666666,0.25,2.0,0.0,2.0,24.0,False,0.0
HTCR674,"13"" WOOD CUTTER BLADE",2025-01-26,2026-01-26,1.0,1.0,0.08333333333333333,0.16666666666666666,0.25,4.0,0.0,4.0,48.0,False,0.0
HTCR674,"13"" WOOD CUTTER BLADE",2025-01-26,2026-01-26,3.0,0.0,0.0,0.0,0.0,2.0,0.0,2.0,inf,False,0.0
HTCR674,"13"" WOOD CUTTER BLADE",2025-01-26,2026-01-26,4.0,0.0,0.0,0.0,0.0,3.0,0.0,3.0,inf,False,0.0
HTCR674,"13"" WOOD CUTTER BLADE",2025-01-26,2026-01-26,5.0,0.0,0.0,0.0,0.0,3.0,0.0,3.0,inf,False,0.0
HTCR674,"13"" WOOD CUTTER BLADE",2025-01-26,2026-01-26,6.0,1.0,0.08333333333333333,0.16666666666666666,0.25,3.0,0.0,3.0,36.0,False,0.0
HTCR674,"13"" WOOD CUTTER BLADE",2025-01-26,2026-01-26,8.0,0.0,0.0,0.0,0.0,5.0,0.0,5.0,inf,False,0.0
HTCR674,"13"" WOOD CUTTER BLADE",2025-01-26,2026-01-26,9.0,1.0,0.08333333333333333,0.16666666666666666,0.25,3.0,0.0,3.0,36.0,False,0.0
HTCR681,"9"" WOOD CUTTER BLADE",2025-01-26,2026-01-26,1.0,3.0,0.25,0.5,0.75,7.0,0.0,7.0,28.0,False,0.0
HTCR681,"9"" WOOD CUTTER BLADE",2025-01-26,2026-01-26,3.0,0.0,0.0,0.0,0.0,4.0,0.0,4.0,inf,False,0.0
HTCR681,"9"" WOOD CUTTER BLADE",2025-01-26,2026-01-26,4.0,0.0,0.0,0.0,0.0,2.0,0.0,2.0,inf,False,0.0
HTCR681,"9"" WOOD CUTTER BLADE",2025-01-26,2026-01-26,5.0,2.0,0.16666666666666666,0.3333333333333333,0.5,1.0,0.0,1.0,6.0,False,0.0
HTCR681,"9"" WOOD CUTTER BLADE",2025-01-26,2026-01-26,6.0,0.0,0.0,0.0,0.0,3.0,0.0,3.0,inf,False,0.0
HTCR681,"9"" WOOD CUTTER BLADE",2025-01-26,2026-01-26,8.0,0.0,0.0,0.0,0.0,1.0,0.0,1.0,inf,False,0.0
HTCR681,"9"" WOOD CUTTER BLADE",2025-01-26,2026-01-26,9.0,0.0,0.0,0.0,0.0,1.0,0.0,1.0,inf,False,0.0
HTCR855,WOOD MITER TOOL #855,2025-01-26,2026-01-26,1.0,15.0,1.25,2.5,3.75,24.0,3.0,21.0,16.8,False,0.0
HTCR855,WOOD MITER TOOL #855,2025-01-26,2026-01-26,3.0,10.0,0.8333333333333334,1.6666666666666667,2.5,3.0,0.0,3.0,3.5999999999999996,False,0.0
HTCR855,WOOD MITER TOOL #855,2025-01-26,2026-01-26,4.0,6.0,0.5,1.0,1.5,4.0,0.0,4.0,8.0,False,0.0
HTCR855,WOOD MITER TOOL #855,2025-01-26,2026-01-26,5.0,7.0,0.5833333333333334,1.1666666666666667,1.75,4.0,0.0,4.0,6.857142857142857,False,0.0
HTCR855,WOOD MITER TOOL #855,2025-01-26,2026-01-26,6.0,4.0,0.3333333333333333,0.6666666666666666,1.0,7.0,0.0,7.0,21.0,False,0.0
HTCR855,WOOD MITER TOOL #855,2025-01-26,2026-01-26,8.0,3.0,0.25,0.5,0.75,7.0,0.0,7.0,28.0,False,0.0
HTCR855,WOOD MITER TOOL #855,2025-01-26,2026-01-26,9.0,11.0,0.9166666666666666,1.8333333333333333,2.75,5.0,0.0,5.0,5.454545454545455,False,0.0
HTDRTR11,"TROWEL 1/4"" X 1/4"" V-NOTCH",2025-01-26,2026-01-26,1.0,0.0,0.0,0.0,0.0,0.0,0.0,0.0,inf,False,0.0
HTDRTR11,"TROWEL 1/4"" X 1/4"" V-NOTCH",2025-01-26,2026-01-26,3.0,2.0,0.16666666666666666,0.3333333333333333,0.5,2.0,0.0,2.0,12.0,False,0.0
HTDRTR11,"TROWEL 1/4"" X 1/4"" V-NOTCH",2025-01-26,2026-01-26,4.0,0.0,0.0,0.0,0.0,0.0,0.0,0.0,inf,False,0.0
HTDRTR11,"TROWEL 1/4"" X 1/4"" V-NOTCH",2025-01-26,2026-01-26,5.0,0.0,0.0,0.0,0.0,0.0,0.0,0.0,inf,False,0.0
HTDRTR11,"TROWEL 1/4"" X 1/4"" V-NOTCH",2025-01-26,2026-01-26,6.0,1.0,0.08333333333333333,0.16666666666666666,0.25,0.0,0.0,0.0,0.0,False,0.0
HTDRTR11,"TROWEL 1/4"" X 1/4"" V-NOTCH",2025-01-26,2026-01-26,8.0,0.0,0.0,0.0,0.0,0.0,0.0,0.0,inf,False,0.0
HTDRTR11,"TROWEL 1/4"" X 1/4"" V-NOTCH",2025-01-26,2026-01-26,9.0,0.0,0.0,0.0,0.0,0.0,0.0,0.0,inf,False,0.0
HTDRTR12,"TROWEL 1/2"" X 15/32"" V-NOTCH",2025-01-26,2026-01-26,1.0,3.0,0.25,0.5,0.75,4.0,0.0,4.0,16.0,False,0.0
HTDRTR12,"TROWEL 1/2"" X 15/32"" V-NOTCH",2025-01-26,2026-01-26,3.0,3.0,0.25,0.5,0.75,3.0,0.0,3.0,12.0,False,0.0
HTDRTR12,"TROWEL 1/2"" X 15/32"" V-NOTCH",2025-01-26,2026-01-26,4.0,0.0,0.0,0.0,0.0,4.0,0.0,4.0,inf,False,0.0
HTDRTR12,"TROWEL 1/2"" X 15/32"" V-NOTCH",2025-01-26,2026-01-26,5.0,8.0,0.6666666666666666,1.3333333333333333,2.0,2.0,0.0,2.0,3.0,False,0.0
HTDRTR12,"TROWEL 1/2"" X 15/32"" V-NOTCH",2025-01-26,2026-01-26,6.0,0.0,0.0,0.0,0.0,3.0,0.0,3.0,inf,False,0.0
HTDRTR12,"TROWEL 1/2"" X 15/32"" V-NOTCH",2025-01-26,2026-01-26,8.0,0.0,0.0,0.0,0.0,4.0,0.0,4.0,inf,False,0.0
HTDRTR12,"TROWEL 1/2"" X 15/32"" V-NOTCH",2025-01-26,2026-01-26,9.0,2.0,0.16666666666666666,0.3333333333333333,0.5,0.0,0.0,0.0,0.0,True,0.5
HTDRTR13,TROWEL 1/16 X 1/32 X 1/32,2025-01-26,2026-01-26,1.0,0.0,0.0,0.0,0.0,2.0,0.0,2.0,inf,False,0.0
HTDRTR13,TROWEL 1/16 X 1/32 X 1/32,2025-01-26,2026-01-26,3.0,1.0,0.08333333333333333,0.16666666666666666,0.25,0.0,0.0,0.0,0.0,True,0.25
HTDRTR13,TROWEL 1/16 X 1/32 X 1/32,2025-01-26,2026-01-26,4.0,0.0,0.0,0.0,0.0,0.0,0.0,0.0,inf,False,0.0
HTDRTR13,TROWEL 1/16 X 1/32 X 1/32,2025-01-26,2026-01-26,5.0,2.0,0.16666666666666666,0.3333333333333333,0.5,8.0,0.0,8.0,48.0,False,0.0
HTDRTR13,TROWEL 1/16 X 1/32 X 1/32,2025-01-26,2026-01-26,6.0,2.0,0.16666666666666666,0.3333333333333333,0.5,2.0,0.0,2.0,12.0,False,0.0
HTDRTR13,TROWEL 1/16 X 1/32 X 1/32,2025-01-26,2026-01-26,9.0,0.0,0.0,0.0,0.0,4.0,0.0,4.0,inf,False,0.0
HTDRTR2,"TROWEL 3/16"" X 1/4"" X 1/2"" V",2025-01-26,2026-01-26,1.0,0.0,0.0,0.0,0.0,0.0,0.0,0.0,inf,False,0.0
HTDRTR2,"TROWEL 3/16"" X 1/4"" X 1/2"" V",2025-01-26,2026-01-26,3.0,1.0,0.08333333333333333,0.16666666666666666,0.25,0.0,0.0,0.0,0.0,False,0.0
HTDRTR2,"TROWEL 3/16"" X 1/4"" X 1/2"" V",2025-01-26,2026-01-26,4.0,0.0,0.0,0.0,0.0,0.0,0.0,0.0,inf,False,0.0
HTDRTR2,"TROWEL 3/16"" X 1/4"" X 1/2"" V",2025-01-26,2026-01-26,5.0,0.0,0.0,0.0,0.0,0.0,0.0,0.0,inf,False,0.0
HTDRTR2,"TROWEL 3/16"" X 1/4"" X 1/2"" V",2025-01-26,2026-01-26,6.0,0.0,0.0,0.0,0.0,0.0,0.0,0.0,inf,False,0.0
HTDRTR2,"TROWEL 3/16"" X 1/4"" X 1/2"" V",2025-01-26,2026-01-26,8.0,0.0,0.0,0.0,0.0,0.0,0.0,0.0,inf,False,0.0
HTDRTR2,"TROWEL 3/16"" X 1/4"" X 1/2"" V",2025-01-26,2026-01-26,9.0,0.0,0.0,0.0,0.0,3.0,0.0,3.0,inf,False,0.0
HTDRTR8,TROWEL 1/16X 1/16X 1/16 SQUARE,2025-01-26,2026-01-26,1.0,2.0,0.16666666666666666,0.3333333333333333,0.5,4.0,0.0,4.0,24.0,False,0.0
HTDRTR8,TROWEL 1/16X 1/16X 1/16 SQUARE,2025-01-26,2026-01-26,3.0,0.0,0.0,0.0,0.0,0.0,0.0,0.0,inf,False,0.0
HTDRTR8,TROWEL 1/16X 1/16X 1/16 SQUARE,2025-01-26,2026-01-26,4.0,0.0,0.0,0.0,0.0,3.0,0.0,3.0,inf,False,0.0
HTDRTR8,TROWEL 1/16X 1/16X 1/16 SQUARE,2025-01-26,2026-01-26,5.0,0.0,0.0,0.0,0.0,0.0,0.0,0.0,inf,False,0.0
HTDRTR8,TROWEL 1/16X 1/16X 1/16 SQUARE,2025-01-26,2026-01-26,6.0,2.0,0.16666666666666666,0.3333333333333333,0.5,2.0,0.0,2.0,12.0,False,0.0
HTDRTR8,TROWEL 1/16X 1/16X 1/16 SQUARE,2025-01-26,2026-01-26,8.0,0.0,0.0,0.0,0.0,0.0,0.0,0.0,inf,False,0.0
HTDRTR8,TROWEL 1/16X 1/16X 1/16 SQUARE,2025-01-26,2026-01-26,9.0,0.0,0.0,0.0,0.0,0.0,0.0,0.0,inf,False,0.0
HTFIBF106005,SHARPENING FILE,2025-01-26,2026-01-26,1.0,54.0,4.5,9.0,13.5,274.0,2.0,272.0,60.44444444444444,False,0.0
HTFIBF106005,SHARPENING FILE,2025-01-26,2026-01-26,3.0,103.0,8.583333333333334,17.166666666666668,25.75,7.0,0.0,7.0,0.8155339805825242,True,18.75
HTFIBF106005,SHARPENING FILE,2025-01-26,2026-01-26,4.0,77.0,6.416666666666667,12.833333333333334,19.25,9.0,0.0,9.0,1.4025974025974026,True,10.25
HTFIBF106005,SHARPENING FILE,2025-01-26,2026-01-26,5.0,59.0,4.916666666666667,9.833333333333334,14.75,13.0,0.0,13.0,2.6440677966101696,False,0.0
HTFIBF106005,SHARPENING FILE,2025-01-26,2026-01-26,6.0,134.0,11.166666666666666,22.333333333333332,33.5,45.0,0.0,45.0,4.029850746268657,False,0.0
HTFIBF106005,SHARPENING FILE,2025-01-26,2026-01-26,8.0,12.0,1.0,2.0,3.0,7.0,0.0,7.0,7.0,False,0.0
HTFIBF106005,SHARPENING FILE,2025-01-26,2026-01-26,9.0,19.0,1.5833333333333333,3.1666666666666665,4.75,24.0,11.0,13.0,8.210526315789474,False,0.0
HTGLAF50018V,FEIN CORDLESS AMM 500 PLUS,2025-01-26,2026-01-26,1.0,1.0,0.08333333333333333,0.16666666666666666,0.25,4.0,0.0,4.0,48.0,False,0.0
HTGLAF50018V,FEIN CORDLESS AMM 500 PLUS,2025-01-26,2026-01-26,3.0,0.0,0.0,0.0,0.0,1.0,0.0,1.0,inf,False,0.0
HTGLAF50018V,FEIN CORDLESS AMM 500 PLUS,2025-01-26,2026-01-26,6.0,3.0,0.25,0.5,0.75,1.0,0.0,1.0,4.0,False,0.0
HTGLAFMM12V,FEIN CORDLESS MULTIMASTER 12V,2025-01-26,2026-01-26,1.0,0.0,0.0,0.0,0.0,0.0,0.0,0.0,inf,False,0.0
HTGLAFMM12V,FEIN CORDLESS MULTIMASTER 12V,2025-01-26,2026-01-26,6.0,0.0,0.0,0.0,0.0,0.0,0.0,0.0,inf,False,0.0
HTGLAFMT12V,FEIN CORDLESS MULTITALENT 12V,2025-01-26,2026-01-26,1.0,0.0,0.0,0.0,0.0,0.0,0.0,0.0,inf,False,0.0
HTGLAFMT12V,FEIN CORDLESS MULTITALENT 12V,2025-01-26,2026-01-26,3.0,0.0,0.0,0.0,0.0,0.0,0.0,0.0,inf,False,0.0
HTGLAFMT12V,FEIN CORDLESS MULTITALENT 12V,2025-01-26,2026-01-26,4.0,0.0,0.0,0.0,0.0,0.0,0.0,0.0,inf,False,0.0
HTGLAFMT12V,FEIN CORDLESS MULTITALENT 12V,2025-01-26,2026-01-26,5.0,0.0,0.0,0.0,0.0,0.0,0.0,0.0,inf,False,0.0
HTGLAFMT12V,FEIN CORDLESS MULTITALENT 12V,2025-01-26,2026-01-26,6.0,0.0,0.0,0.0,0.0,0.0,0.0,0.0,inf,False,0.0
HTGLAFMT12V,FEIN CORDLESS MULTITALENT 12V,2025-01-26,2026-01-26,8.0,0.0,0.0,0.0,0.0,0.0,0.0,0.0,inf,False,0.0
HTGLAFMT12V,FEIN CORDLESS MULTITALENT 12V,2025-01-26,2026-01-26,9.0,0.0,0.0,0.0,0.0,0.0,0.0,0.0,inf,False,0.0
HTGLAV2,ADJUSTABLE FLOOR SPACERS 4/PK,2025-01-26,2026-01-26,1.0,17.0,1.4166666666666667,2.8333333333333335,4.25,33.0,0.0,33.0,23.294117647058822,False,0.0
HTGLAV2,ADJUSTABLE FLOOR SPACERS 4/PK,2025-01-26,2026-01-26,3.0,26.0,2.1666666666666665,4.333333333333333,6.5,14.0,0.0,14.0,6.461538461538462,False,0.0
HTGLAV2,ADJUSTABLE FLOOR SPACERS 4/PK,2025-01-26,2026-01-26,4.0,10.0,0.8333333333333334,1.6666666666666667,2.5,3.0,0.0,3.0,3.5999999999999996,False,0.0
HTGLAV2,ADJUSTABLE FLOOR SPACERS 4/PK,2025-01-26,2026-01-26,5.0,34.0,2.8333333333333335,5.666666666666667,8.5,7.0,0.0,7.0,2.4705882352941173,False,0.0
HTGLAV2,ADJUSTABLE FLOOR SPACERS 4/PK,2025-01-26,2026-01-26,6.0,35.0,2.9166666666666665,5.833333333333333,8.75,15.0,0.0,15.0,5.142857142857143,False,0.0
HTGLAV2,ADJUSTABLE FLOOR SPACERS 4/PK,2025-01-26,2026-01-26,8.0,2.0,0.16666666666666666,0.3333333333333333,0.5,3.0,0.0,3.0,18.0,False,0.0
HTGLAV2,ADJUSTABLE FLOOR SPACERS 4/PK,2025-01-26,2026-01-26,9.0,15.0,1.25,2.5,3.75,7.0,4.0,3.0,2.4,False,0.0
HTGLFLEX180,"10"" FLEX-180 ADHESIVE 18/PK",2025-01-26,2026-01-26,1.0,16.0,1.3333333333333333,2.6666666666666665,4.0,8.0,2.0,6.0,4.5,False,0.0
HTGLFLEX180,"10"" FLEX-180 ADHESIVE 18/PK",2025-01-26,2026-01-26,3.0,11.0,0.9166666666666666,1.8333333333333333,2.75,5.0,0.0,5.0,5.454545454545455,False,0.0
HTGLFLEX180,"10"" FLEX-180 ADHESIVE 18/PK",2025-01-26,2026-01-26,4.0,6.0,0.5,1.0,1.5,10.0,0.0,10.0,20.0,False,0.0
HTGLFLEX180,"10"" FLEX-180 ADHESIVE 18/PK",2025-01-26,2026-01-26,5.0,2.0,0.16666666666666666,0.3333333333333333,0.5,5.0,0.0,5.0,30.0,False,0.0
HTGLFLEX180,"10"" FLEX-180 ADHESIVE 18/PK",2025-01-26,2026-01-26,6.0,17.0,1.4166666666666667,2.8333333333333335,4.25,3.0,0.0,3.0,2.1176470588235294,False,0.0
HTGLFLEX180,"10"" FLEX-180 ADHESIVE 18/PK",2025-01-26,2026-01-26,8.0,3.0,0.25,0.5,0.75,7.0,0.0,7.0,28.0,False,0.0
HTGLFLEX180,"10"" FLEX-180 ADHESIVE 18/PK",2025-01-26,2026-01-26,9.0,10.0,0.8333333333333334,1.6666666666666667,2.5,2.0,0.0,2.0,2.4,False,0.0
HTGLFLEX40,"10"" FLEX-40 ADHESIVE 18/PK",2025-01-26,2026-01-26,1.0,23.0,1.9166666666666667,3.8333333333333335,5.75,23.0,1.0,22.0,11.478260869565217,False,0.0
HTGLFLEX40,"10"" FLEX-40 ADHESIVE 18/PK",2025-01-26,2026-01-26,3.0,12.0,1.0,2.0,3.0,2.0,0.0,2.0,2.0,False,0.0
HTGLFLEX40,"10"" FLEX-40 ADHESIVE 18/PK",2025-01-26,2026-01-26,4.0,9.0,0.75,1.5,2.25,5.0,0.0,5.0,6.666666666666667,False,0.0
HTGLFLEX40,"10"" FLEX-40 ADHESIVE 18/PK",2025-01-26,2026-01-26,5.0,3.0,0.25,0.5,0.75,6.0,0.0,6.0,24.0,False,0.0
HTGLFLEX40,"10"" FLEX-40 ADHESIVE 18/PK",2025-01-26,2026-01-26,6.0,15.0,1.25,2.5,3.75,3.0,0.0,3.0,2.4,False,0.0
HTGLFLEX40,"10"" FLEX-40 ADHESIVE 18/PK",2025-01-26,2026-01-26,8.0,8.0,0.6666666666666666,1.3333333333333333,2.0,5.0,0.0,5.0,7.5,False,0.0
HTGLFLEX40,"10"" FLEX-40 ADHESIVE 18/PK",2025-01-26,2026-01-26,9.0,10.0,0.8333333333333334,1.6666666666666667,2.5,2.0,0.0,2.0,2.4,False,0.0
HTGLSL160,"FEIN 1-3/8"" LONG LIFE BLADE",2025-01-26,2026-01-26,1.0,34.0,2.8333333333333335,5.666666666666667,8.5,48.0,0.0,48.0,16.941176470588236,False,0.0
HTGLSL160,"FEIN 1-3/8"" LONG LIFE BLADE",2025-01-26,2026-01-26,3.0,34.0,2.8333333333333335,5.666666666666667,8.5,17.0,14.0,3.0,1.0588235294117647,True,5.5
HTGLSL160,"FEIN 1-3/8"" LONG LIFE BLADE",2025-01-26,2026-01-26,4.0,60.0,5.0,10.0,15.0,17.0,0.0,17.0,3.4,False,0.0
HTGLSL160,"FEIN 1-3/8"" LONG LIFE BLADE",2025-01-26,2026-01-26,5.0,80.0,6.666666666666667,13.333333333333334,20.0,15.0,9.0,6.0,0.8999999999999999,True,14.0
HTGLSL160,"FEIN 1-3/8"" LONG LIFE BLADE",2025-01-26,2026-01-26,6.0,96.0,8.0,16.0,24.0,24.0,0.0,24.0,3.0,False,0.0
HTGLSL160,"FEIN 1-3/8"" LONG LIFE BLADE",2025-01-26,2026-01-26,8.0,20.0,1.6666666666666667,3.3333333333333335,5.0,19.0,0.0,19.0,11.4,False,0.0
HTGLSL160,"FEIN 1-3/8"" LONG LIFE BLADE",2025-01-26,2026-01-26,9.0,20.0,1.6666666666666667,3.3333333333333335,5.0,9.0,0.0,9.0,5.3999999999999995,False,0.0
HTGLSL161,"FEIN 2-5/8"" LONG LIFE BLADE",2025-01-26,2026-01-26,1.0,12.0,1.0,2.0,3.0,20.0,3.0,17.0,17.0,False,0.0
HTGLSL161,"FEIN 2-5/8"" LONG LIFE BLADE",2025-01-26,2026-01-26,3.0,4.0,0.3333333333333333,0.6666666666666666,1.0,3.0,0.0,3.0,9.0,False,0.0
HTGLSL161,"FEIN 2-5/8"" LONG LIFE BLADE",2025-01-26,2026-01-26,4.0,27.0,2.25,4.5,6.75,14.0,0.0,14.0,6.222222222222222,False,0.0
HTGLSL161,"FEIN 2-5/8"" LONG LIFE BLADE",2025-01-26,2026-01-26,5.0,6.0,0.5,1.0,1.5,3.0,1.0,2.0,4.0,False,0.0
HTGLSL161,"FEIN 2-5/8"" LONG LIFE BLADE",2025-01-26,2026-01-26,6.0,2.0,0.16666666666666666,0.3333333333333333,0.5,10.0,0.0,10.0,60.0,False,0.0
HTGLSL161,"FEIN 2-5/8"" LONG LIFE BLADE",2025-01-26,2026-01-26,8.0,3.0,0.25,0.5,0.75,3.0,0.0,3.0,12.0,False,0.0
HTGLSL161,"FEIN 2-5/8"" LONG LIFE BLADE",2025-01-26,2026-01-26,9.0,7.0,0.5833333333333334,1.1666666666666667,1.75,6.0,0.0,6.0,10.285714285714285,False,0.0
HTGLSL221,"FEIN 2"" LONG LIFE BLADE",2025-01-26,2026-01-26,1.0,71.0,5.916666666666667,11.833333333333334,17.75,28.0,0.0,28.0,4.732394366197183,False,0.0
HTGLSL221,"FEIN 2"" LONG LIFE BLADE",2025-01-26,2026-01-26,3.0,0.0,0.0,0.0,0.0,3.0,0.0,3.0,inf,False,0.0
HTGLSL221,"FEIN 2"" LONG LIFE BLADE",2025-01-26,2026-01-26,4.0,39.0,3.25,6.5,9.75,17.0,0.0,17.0,5.230769230769231,False,0.0
HTGLSL221,"FEIN 2"" LONG LIFE BLADE",2025-01-26,2026-01-26,5.0,12.0,1.0,2.0,3.0,7.0,2.0,5.0,5.0,False,0.0
HTGLSL221,"FEIN 2"" LONG LIFE BLADE",2025-01-26,2026-01-26,6.0,18.0,1.5,3.0,4.5,8.0,0.0,8.0,5.333333333333333,False,0.0
HTGLSL221,"FEIN 2"" LONG LIFE BLADE",2025-01-26,2026-01-26,8.0,0.0,0.0,0.0,0.0,2.0,0.0,2.0,inf,False,0.0
HTGLSL221,"FEIN 2"" LONG LIFE BLADE",2025-01-26,2026-01-26,9.0,30.0,2.5,5.0,7.5,11.0,0.0,11.0,4.4,False,0.0
HTML157,"LIFTER,MOULDING,CRAIN,NO.157",2025-01-26,2026-01-26,1.0,12.0,1.0,2.0,3.0,9.0,0.0,9.0,9.0,False,0.0
HTML157,"LIFTER,MOULDING,CRAIN,NO.157",2025-01-26,2026-01-26,3.0,6.0,0.5,1.0,1.5,3.0,0.0,3.0,6.0,False,0.0
HTML157,"LIFTER,MOULDING,CRAIN,NO.157",2025-01-26,2026-01-26,4.0,6.0,0.5,1.0,1.5,6.0,0.0,6.0,12.0,False,0.0
HTML157,"LIFTER,MOULDING,CRAIN,NO.157",2025-01-26,2026-01-26,5.0,3.0,0.25,0.5,0.75,6.0,2.0,4.0,16.0,False,0.0
HTML157,"LIFTER,MOULDING,CRAIN,NO.157",2025-01-26,2026-01-26,6.0,10.0,0.8333333333333334,1.6666666666666667,2.5,5.0,0.0,5.0,6.0,False,0.0
HTML157,"LIFTER,MOULDING,CRAIN,NO.157",2025-01-26,2026-01-26,8.0,0.0,0.0,0.0,0.0,3.0,0.0,3.0,inf,False,0.0
HTML157,"LIFTER,MOULDING,CRAIN,NO.157",2025-01-26,2026-01-26,9.0,3.0,0.25,0.5,0.75,4.0,0.0,4.0,16.0,False,0.0
HTMT779SD,TROWEL 1/4 X 1/4 V-NOTCH,2025-01-26,2026-01-26,1.0,43.0,3.5833333333333335,7.166666666666667,10.75,100.0,0.0,100.0,27.906976744186046,False,0.0
HTMT779SD,TROWEL 1/4 X 1/4 V-NOTCH,2025-01-26,2026-01-26,3.0,28.0,2.3333333333333335,4.666666666666667,7.0,5.0,0.0,5.0,2.142857142857143,False,0.0
HTMT779SD,TROWEL 1/4 X 1/4 V-NOTCH,2025-01-26,2026-01-26,4.0,16.0,1.3333333333333333,2.6666666666666665,4.0,6.0,0.0,6.0,4.5,False,0.0
HTMT779SD,TROWEL 1/4 X 1/4 V-NOTCH,2025-01-26,2026-01-26,5.0,138.0,11.5,23.0,34.5,30.0,1.0,29.0,2.5217391304347827,False,0.0
HTMT779SD,TROWEL 1/4 X 1/4 V-NOTCH,2025-01-26,2026-01-26,6.0,13.0,1.0833333333333333,2.1666666666666665,3.25,13.0,0.0,13.0,12.0,False,0.0
HTMT779SD,TROWEL 1/4 X 1/4 V-NOTCH,2025-01-26,2026-01-26,8.0,1.0,0.08333333333333333,0.16666666666666666,0.25,6.0,0.0,6.0,72.0,False,0.0
HTMT779SD,TROWEL 1/4 X 1/4 V-NOTCH,2025-01-26,2026-01-26,9.0,33.0,2.75,5.5,8.25,6.0,0.0,6.0,2.1818181818181817,False,0.0
HTMTNT677,TROWEL 3/16 X 5/32 (V),2025-01-26,2026-01-26,1.0,10.0,0.8333333333333334,1.6666666666666667,2.5,26.0,0.0,26.0,31.2,False,0.0
HTMTNT677,TROWEL 3/16 X 5/32 (V),2025-01-26,2026-01-26,3.0,24.0,2.0,4.0,6.0,14.0,0.0,14.0,7.0,False,0.0
HTMTNT677,TROWEL 3/16 X 5/32 (V),2025-01-26,2026-01-26,4.0,11.0,0.9166666666666666,1.8333333333333333,2.75,4.0,0.0,4.0,4.363636363636364,False,0.0
HTMTNT677,TROWEL 3/16 X 5/32 (V),2025-01-26,2026-01-26,5.0,11.0,0.9166666666666666,1.8333333333333333,2.75,6.0,0.0,6.0,6.545454545454546,False,0.0
HTMTNT677,TROWEL 3/16 X 5/32 (V),2025-01-26,2026-01-26,6.0,2.0,0.16666666666666666,0.3333333333333333,0.5,7.0,0.0,7.0,42.0,False,0.0
HTMTNT677,TROWEL 3/16 X 5/32 (V),2025-01-26,2026-01-26,8.0,0.0,0.0,0.0,0.0,6.0,0.0,6.0,inf,False,0.0
HTMTNT677,TROWEL 3/16 X 5/32 (V),2025-01-26,2026-01-26,9.0,12.0,1.0,2.0,3.0,6.0,0.0,6.0,6.0,False,0.0
HTMTNT682,TROWEL 3/16 X 1/4 X 5/16 (V),2025-01-26,2026-01-26,1.0,35.0,2.9166666666666665,5.833333333333333,8.75,12.0,0.0,12.0,4.114285714285715,False,0.0
HTMTNT682,TROWEL 3/16 X 1/4 X 5/16 (V),2025-01-26,2026-01-26,3.0,28.0,2.3333333333333335,4.666666666666667,7.0,9.0,0.0,9.0,3.8571428571428568,False,0.0
HTMTNT682,TROWEL 3/16 X 1/4 X 5/16 (V),2025-01-26,2026-01-26,4.0,2.0,0.16666666666666666,0.3333333333333333,0.5,5.0,0.0,5.0,30.0,False,0.0
HTMTNT682,TROWEL 3/16 X 1/4 X 5/16 (V),2025-01-26,2026-01-26,5.0,31.0,2.5833333333333335,5.166666666666667,7.75,13.0,2.0,11.0,4.258064516129032,False,0.0
HTMTNT682,TROWEL 3/16 X 1/4 X 5/16 (V),2025-01-26,2026-01-26,6.0,8.0,0.6666666666666666,1.3333333333333333,2.0,8.0,0.0,8.0,12.0,False,0.0
HTMTNT682,TROWEL 3/16 X 1/4 X 5/16 (V),2025-01-26,2026-01-26,8.0,2.0,0.16666666666666666,0.3333333333333333,0.5,5.0,0.0,5.0,30.0,False,0.0
HTMTNT682,TROWEL 3/16 X 1/4 X 5/16 (V),2025-01-26,2026-01-26,9.0,13.0,1.0833333333333333,2.1666666666666665,3.25,7.0,0.0,7.0,6.461538461538462,False,0.0
HTNO32R121,"NOXON 1/32"" AND 2/32"" NAIL SET",2025-01-26,2026-01-26,1.0,3.0,0.25,0.5,0.75,0.0,0.0,0.0,0.0,False,0.0
HTNO32R121,"NOXON 1/32"" AND 2/32"" NAIL SET",2025-01-26,2026-01-26,3.0,0.0,0.0,0.0,0.0,0.0,0.0,0.0,inf,False,0.0
HTNO32R121,"NOXON 1/32"" AND 2/32"" NAIL SET",2025-01-26,2026-01-26,4.0,0.0,0.0,0.0,0.0,0.0,0.0,0.0,inf,False,0.0
HTNO32R121,"NOXON 1/32"" AND 2/32"" NAIL SET",2025-01-26,2026-01-26,5.0,1.0,0.08333333333333333,0.16666666666666666,0.25,2.0,0.0,2.0,24.0,False,0.0
HTNO32R121,"NOXON 1/32"" AND 2/32"" NAIL SET",2025-01-26,2026-01-26,6.0,0.0,0.0,0.0,0.0,0.0,0.0,0.0,inf,False,0.0
HTNO32R121,"NOXON 1/32"" AND 2/32"" NAIL SET",2025-01-26,2026-01-26,8.0,0.0,0.0,0.0,0.0,0.0,0.0,0.0,inf,False,0.0
HTNO32R121,"NOXON 1/32"" AND 2/32"" NAIL SET",2025-01-26,2026-01-26,9.0,0.0,0.0,0.0,0.0,1.0,0.0,1.0,inf,False,0.0
HTPKA112,"ALLWAYS 1-1/2"" PUTTY KNIFE",2025-01-26,2026-01-26,1.0,4.0,0.3333333333333333,0.6666666666666666,1.0,21.0,0.0,21.0,63.0,False,0.0
HTPKA112,"ALLWAYS 1-1/2"" PUTTY KNIFE",2025-01-26,2026-01-26,3.0,4.0,0.3333333333333333,0.6666666666666666,1.0,1.0,0.0,1.0,3.0,False,0.0
HTPKA112,"ALLWAYS 1-1/2"" PUTTY KNIFE",2025-01-26,2026-01-26,4.0,0.0,0.0,0.0,0.0,5.0,0.0,5.0,inf,False,0.0
HTPKA112,"ALLWAYS 1-1/2"" PUTTY KNIFE",2025-01-26,2026-01-26,5.0,5.0,0.4166666666666667,0.8333333333333334,1.25,1.0,0.0,1.0,2.4,False,0.0
HTPKA112,"ALLWAYS 1-1/2"" PUTTY KNIFE",2025-01-26,2026-01-26,6.0,10.0,0.8333333333333334,1.6666666666666667,2.5,4.0,0.0,4.0,4.8,False,0.0
HTPKA112,"ALLWAYS 1-1/2"" PUTTY KNIFE",2025-01-26,2026-01-26,8.0,0.0,0.0,0.0,0.0,3.0,0.0,3.0,inf,False,0.0
HTPKA112,"ALLWAYS 1-1/2"" PUTTY KNIFE",2025-01-26,2026-01-26,9.0,1.0,0.08333333333333333,0.16666666666666666,0.25,3.0,0.0,3.0,36.0,False,0.0
HTPKA2,"ALLWAYS 2"" PUTTY KNIFE NO.X2F",2025-01-26,2026-01-26,1.0,3.0,0.25,0.5,0.75,20.0,0.0,20.0,80.0,False,0.0
HTPKA2,"ALLWAYS 2"" PUTTY KNIFE NO.X2F",2025-01-26,2026-01-26,3.0,0.0,0.0,0.0,0.0,5.0,0.0,5.0,inf,False,0.0
HTPKA2,"ALLWAYS 2"" PUTTY KNIFE NO.X2F",2025-01-26,2026-01-26,4.0,0.0,0.0,0.0,0.0,4.0,0.0,4.0,inf,False,0.0
HTPKA2,"ALLWAYS 2"" PUTTY KNIFE NO.X2F",2025-01-26,2026-01-26,5.0,7.0,0.5833333333333334,1.1666666666666667,1.75,2.0,0.0,2.0,3.4285714285714284,False,0.0
HTPKA2,"ALLWAYS 2"" PUTTY KNIFE NO.X2F",2025-01-26,2026-01-26,6.0,14.0,1.1666666666666667,2.3333333333333335,3.5,7.0,0.0,7.0,6.0,False,0.0
HTPKA2,"ALLWAYS 2"" PUTTY KNIFE NO.X2F",2025-01-26,2026-01-26,8.0,0.0,0.0,0.0,0.0,4.0,0.0,4.0,inf,False,0.0
HTPKA2,"ALLWAYS 2"" PUTTY KNIFE NO.X2F",2025-01-26,2026-01-26,9.0,4.0,0.3333333333333333,0.6666666666666666,1.0,4.0,0.0,4.0,12.0,False,0.0
HTPKA3,"*ALLWAYS 3"" PUTTY KNIFE NO.W3F",2025-01-26,2026-01-26,1.0,0.0,0.0,0.0,0.0,0.0,0.0,0.0,inf,False,0.0
HTPKA3,"*ALLWAYS 3"" PUTTY KNIFE NO.W3F",2025-01-26,2026-01-26,3.0,0.0,0.0,0.0,0.0,0.0,0.0,0.0,inf,False,0.0
HTPKA3,"*ALLWAYS 3"" PUTTY KNIFE NO.W3F",2025-01-26,2026-01-26,4.0,0.0,0.0,0.0,0.0,0.0,0.0,0.0,inf,False,0.0
HTPKA3,"*ALLWAYS 3"" PUTTY KNIFE NO.W3F",2025-01-26,2026-01-26,5.0,0.0,0.0,0.0,0.0,0.0,0.0,0.0,inf,False,0.0
HTPKA3,"*ALLWAYS 3"" PUTTY KNIFE NO.W3F",2025-01-26,2026-01-26,6.0,0.0,0.0,0.0,0.0,0.0,0.0,0.0,inf,False,0.0
HTPKA3,"*ALLWAYS 3"" PUTTY KNIFE NO.W3F",2025-01-26,2026-01-26,8.0,0.0,0.0,0.0,0.0,0.0,0.0,0.0,inf,False,0.0
HTPKA3,"*ALLWAYS 3"" PUTTY KNIFE NO.W3F",2025-01-26,2026-01-26,9.0,0.0,0.0,0.0,0.0,0.0,0.0,0.0,inf,False,0.0
HTPKA5,"*ALLWAYS 5"" PUTTY KNIFE NO.W5F",2025-01-26,2026-01-26,1.0,0.0,0.0,0.0,0.0,3.0,0.0,3.0,inf,False,0.0
HTPKA5,"*ALLWAYS 5"" PUTTY KNIFE NO.W5F",2025-01-26,2026-01-26,3.0,0.0,0.0,0.0,0.0,3.0,0.0,3.0,inf,False,0.0
HTPKA5,"*ALLWAYS 5"" PUTTY KNIFE NO.W5F",2025-01-26,2026-01-26,4.0,0.0,0.0,0.0,0.0,1.0,0.0,1.0,inf,False,0.0
HTPKA5,"*ALLWAYS 5"" PUTTY KNIFE NO.W5F",2025-01-26,2026-01-26,5.0,0.0,0.0,0.0,0.0,0.0,0.0,0.0,inf,False,0.0
HTPKA5,"*ALLWAYS 5"" PUTTY KNIFE NO.W5F",2025-01-26,2026-01-26,6.0,0.0,0.0,0.0,0.0,1.0,0.0,1.0,inf,False,0.0
HTPKA5,"*ALLWAYS 5"" PUTTY KNIFE NO.W5F",2025-01-26,2026-01-26,8.0,0.0,0.0,0.0,0.0,5.0,0.0,5.0,inf,False,0.0
HTPKA5,"*ALLWAYS 5"" PUTTY KNIFE NO.W5F",2025-01-26,2026-01-26,9.0,1.0,0.08333333333333333,0.16666666666666666,0.25,0.0,0.0,0.0,0.0,True,0.25
HTPKA6,"*ALLWAYS 6"" PUTTY KNIFE NO.W6F",2025-01-26,2026-01-26,1.0,0.0,0.0,0.0,0.0,0.0,0.0,0.0,inf,False,0.0
HTPKA6,"*ALLWAYS 6"" PUTTY KNIFE NO.W6F",2025-01-26,2026-01-26,3.0,0.0,0.0,0.0,0.0,0.0,0.0,0.0,inf,False,0.0
HTPKA6,"*ALLWAYS 6"" PUTTY KNIFE NO.W6F",2025-01-26,2026-01-26,4.0,0.0,0.0,0.0,0.0,0.0,0.0,0.0,inf,False,0.0
HTPKA6,"*ALLWAYS 6"" PUTTY KNIFE NO.W6F",2025-01-26,2026-01-26,5.0,0.0,0.0,0.0,0.0,0.0,0.0,0.0,inf,False,0.0
HTPKA6,"*ALLWAYS 6"" PUTTY KNIFE NO.W6F",2025-01-26,2026-01-26,6.0,0.0,0.0,0.0,0.0,0.0,0.0,0.0,inf,False,0.0
HTPKA6,"*ALLWAYS 6"" PUTTY KNIFE NO.W6F",2025-01-26,2026-01-26,8.0,0.0,0.0,0.0,0.0,0.0,0.0,0.0,inf,False,0.0
HTPKA6,"*ALLWAYS 6"" PUTTY KNIFE NO.W6F",2025-01-26,2026-01-26,9.0,0.0,0.0,0.0,0.0,0.0,0.0,0.0,inf,False,0.0
HTPKS3,"STANLEY 3"" PUTTY KNIFE",2025-01-26,2026-01-26,1.0,0.0,0.0,0.0,0.0,0.0,0.0,0.0,inf,False,0.0
HTPKS3,"STANLEY 3"" PUTTY KNIFE",2025-01-26,2026-01-26,3.0,0.0,0.0,0.0,0.0,0.0,0.0,0.0,inf,False,0.0
HTPKS3,"STANLEY 3"" PUTTY KNIFE",2025-01-26,2026-01-26,5.0,0.0,0.0,0.0,0.0,0.0,0.0,0.0,inf,False,0.0
HTPKS3,"STANLEY 3"" PUTTY KNIFE",2025-01-26,2026-01-26,6.0,0.0,0.0,0.0,0.0,0.0,0.0,0.0,inf,False,0.0
HTST10099,STANLEY UTILITY KNIFE,2025-01-26,2026-01-26,1.0,1.0,0.08333333333333333,0.16666666666666666,0.25,14.0,0.0,14.0,168.0,False,0.0
HTST10099,STANLEY UTILITY KNIFE,2025-01-26,2026-01-26,3.0,3.0,0.25,0.5,0.75,2.0,0.0,2.0,8.0,False,0.0
HTST10099,STANLEY UTILITY KNIFE,2025-01-26,2026-01-26,4.0,1.0,0.08333333333333333,0.16666666666666666,0.25,7.0,0.0,7.0,84.0,False,0.0
HTST10099,STANLEY UTILITY KNIFE,2025-01-26,2026-01-26,5.0,7.0,0.5833333333333334,1.1666666666666667,1.75,2.0,0.0,2.0,3.4285714285714284,False,0.0
HTST10099,STANLEY UTILITY KNIFE,2025-01-26,2026-01-26,6.0,1.0,0.08333333333333333,0.16666666666666666,0.25,5.0,1.0,4.0,48.0,False,0.0
HTST10099,STANLEY UTILITY KNIFE,2025-01-26,2026-01-26,8.0,0.0,0.0,0.0,0.0,9.0,0.0,9.0,inf,False,0.0
HTST10099,STANLEY UTILITY KNIFE,2025-01-26,2026-01-26,9.0,0.0,0.0,0.0,0.0,4.0,0.0,4.0,inf,False,0.0
HTST58112,"STANLEY NAIL SET 2/32""",2025-01-26,2026-01-26,1.0,0.0,0.0,0.0,0.0,6.0,0.0,6.0,inf,False,0.0
HTST58112,"STANLEY NAIL SET 2/32""",2025-01-26,2026-01-26,3.0,5.0,0.4166666666666667,0.8333333333333334,1.25,2.0,0.0,2.0,4.8,False,0.0
HTST58112,"STANLEY NAIL SET 2/32""",2025-01-26,2026-01-26,4.0,0.0,0.0,0.0,0.0,1.0,0.0,1.0,inf,False,0.0
HTST58112,"STANLEY NAIL SET 2/32""",2025-01-26,2026-01-26,5.0,3.0,0.25,0.5,0.75,0.0,0.0,0.0,0.0,True,0.75
HTST58112,"STANLEY NAIL SET 2/32""",2025-01-26,2026-01-26,6.0,7.0,0.5833333333333334,1.1666666666666667,1.75,0.0,0.0,0.0,0.0,True,1.75
HTST58112,"STANLEY NAIL SET 2/32""",2025-01-26,2026-01-26,8.0,0.0,0.0,0.0,0.0,2.0,0.0,2.0,inf,False,0.0
HTST58112,"STANLEY NAIL SET 2/32""",2025-01-26,2026-01-26,9.0,2.0,0.16666666666666666,0.3333333333333333,0.5,2.0,0.0,2.0,12.0,False,0.0
HTST58930,STANLEY NAIL SET 3 IN 1,2025-01-26,2026-01-26,1.0,0.0,0.0,0.0,0.0,0.0,0.0,0.0,inf,False,0.0
HTST58930,STANLEY NAIL SET 3 IN 1,2025-01-26,2026-01-26,3.0,0.0,0.0,0.0,0.0,0.0,0.0,0.0,inf,False,0.0
HTST58930,STANLEY NAIL SET 3 IN 1,2025-01-26,2026-01-26,4.0,0.0,0.0,0.0,0.0,0.0,0.0,0.0,inf,False,0.0
HTST58930,STANLEY NAIL SET 3 IN 1,2025-01-26,2026-01-26,5.0,0.0,0.0,0.0,0.0,0.0,0.0,0.0,inf,False,0.0
HTST58930,STANLEY NAIL SET 3 IN 1,2025-01-26,2026-01-26,6.0,0.0,0.0,0.0,0.0,0.0,0.0,0.0,inf,False,0.0
HTST58930,STANLEY NAIL SET 3 IN 1,2025-01-26,2026-01-26,8.0,0.0,0.0,0.0,0.0,0.0,0.0,0.0,inf,False,0.0
HTST58930,STANLEY NAIL SET 3 IN 1,2025-01-26,2026-01-26,9.0,0.0,0.0,0.0,0.0,0.0,0.0,0.0,inf,False,0.0
HTWAFL155,TROWEL US STYLE B11,2025-01-26,2026-01-26,1.0,2.0,0.16666666666666666,0.3333333333333333,0.5,10.0,0.0,10.0,60.0,False,0.0
HTWAFL155,TROWEL US STYLE B11,2025-01-26,2026-01-26,3.0,9.0,0.75,1.5,2.25,2.0,0.0,2.0,2.6666666666666665,False,0.0
HTWAFL155,TROWEL US STYLE B11,2025-01-26,2026-01-26,4.0,13.0,1.0833333333333333,2.1666666666666665,3.25,11.0,0.0,11.0,10.153846153846155,False,0.0
HTWAFL155,TROWEL US STYLE B11,2025-01-26,2026-01-26,5.0,0.0,0.0,0.0,0.0,3.0,0.0,3.0,inf,False,0.0
HTWAFL155,TROWEL US STYLE B11,2025-01-26,2026-01-26,6.0,9.0,0.75,1.5,2.25,3.0,0.0,3.0,4.0,False,0.0
HTWAFL155,TROWEL US STYLE B11,2025-01-26,2026-01-26,8.0,2.0,0.16666666666666666,0.3333333333333333,0.5,3.0,0.0,3.0,18.0,False,0.0
HTWAFL155,TROWEL US STYLE B11,2025-01-26,2026-01-26,9.0,11.0,0.9166666666666666,1.8333333333333333,2.75,10.0,0.0,10.0,10.90909090909091,False,0.0
HTWAFL157,TROWEL US STYLE B5 ALL IN ONE,2025-01-26,2026-01-26,1.0,17.0,1.4166666666666667,2.8333333333333335,4.25,8.0,0.0,8.0,5.647058823529411,False,0.0
HTWAFL157,TROWEL US STYLE B5 ALL IN ONE,2025-01-26,2026-01-26,3.0,11.0,0.9166666666666666,1.8333333333333333,2.75,1.0,0.0,1.0,1.090909090909091,True,1.75
HTWAFL157,TROWEL US STYLE B5 ALL IN ONE,2025-01-26,2026-01-26,4.0,3.0,0.25,0.5,0.75,9.0,0.0,9.0,36.0,False,0.0
HTWAFL157,TROWEL US STYLE B5 ALL IN ONE,2025-01-26,2026-01-26,5.0,3.0,0.25,0.5,0.75,1.0,0.0,1.0,4.0,False,0.0
HTWAFL157,TROWEL US STYLE B5 ALL IN ONE,2025-01-26,2026-01-26,6.0,4.0,0.3333333333333333,0.6666666666666666,1.0,3.0,0.0,3.0,9.0,False,0.0
HTWAFL157,TROWEL US STYLE B5 ALL IN ONE,2025-01-26,2026-01-26,8.0,0.0,0.0,0.0,0.0,1.0,0.0,1.0,inf,False,0.0
HTWAFL157,TROWEL US STYLE B5 ALL IN ONE,2025-01-26,2026-01-26,9.0,5.0,0.4166666666666667,0.8333333333333334,1.25,5.0,1.0,4.0,9.6,False,0.0
KP197,CRAIN COMFORT KNEES KNEE PADS,2025-01-26,2026-01-26,1.0,13.0,1.0833333333333333,2.1666666666666665,3.25,19.0,7.0,12.0,11.076923076923078,False,0.0
KP197,CRAIN COMFORT KNEES KNEE PADS,2025-01-26,2026-01-26,3.0,6.0,0.5,1.0,1.5,3.0,0.0,3.0,6.0,False,0.0
KP197,CRAIN COMFORT KNEES KNEE PADS,2025-01-26,2026-01-26,4.0,7.0,0.5833333333333334,1.1666666666666667,1.75,5.0,0.0,5.0,8.571428571428571,False,0.0
KP197,CRAIN COMFORT KNEES KNEE PADS,2025-01-26,2026-01-26,5.0,2.0,0.16666666666666666,0.3333333333333333,0.5,3.0,0.0,3.0,18.0,False,0.0
KP197,CRAIN COMFORT KNEES KNEE PADS,2025-01-26,2026-01-26,6.0,17.0,1.4166666666666667,2.8333333333333335,4.25,11.0,0.0,11.0,7.764705882352941,False,0.0
KP197,CRAIN COMFORT KNEES KNEE PADS,2025-01-26,2026-01-26,8.0,4.0,0.3333333333333333,0.6666666666666666,1.0,2.0,0.0,2.0,6.0,False,0.0
KP197,CRAIN COMFORT KNEES KNEE PADS,2025-01-26,2026-01-26,9.0,13.0,1.0833333333333333,2.1666666666666665,3.25,4.0,0.0,4.0,3.6923076923076925,False,0.0
KP199,CRAIN POLYURETHANE KNEE PAD,2025-01-26,2026-01-26,1.0,7.0,0.5833333333333334,1.1666666666666667,1.75,8.0,2.0,6.0,10.285714285714285,False,0.0
KP199,CRAIN POLYURETHANE KNEE PAD,2025-01-26,2026-01-26,3.0,5.0,0.4166666666666667,0.8333333333333334,1.25,8.0,0.0,8.0,19.2,False,0.0
KP199,CRAIN POLYURETHANE KNEE PAD,2025-01-26,2026-01-26,4.0,8.0,0.6666666666666666,1.3333333333333333,2.0,7.0,0.0,7.0,10.5,False,0.0
KP199,CRAIN POLYURETHANE KNEE PAD,2025-01-26,2026-01-26,5.0,7.0,0.5833333333333334,1.1666666666666667,1.75,2.0,0.0,2.0,3.4285714285714284,False,0.0
KP199,CRAIN POLYURETHANE KNEE PAD,2025-01-26,2026-01-26,6.0,13.0,1.0833333333333333,2.1666666666666665,3.25,8.0,0.0,8.0,7.384615384615385,False,0.0
KP199,CRAIN POLYURETHANE KNEE PAD,2025-01-26,2026-01-26,8.0,6.0,0.5,1.0,1.5,2.0,0.0,2.0,4.0,False,0.0
KP199,CRAIN POLYURETHANE KNEE PAD,2025-01-26,2026-01-26,9.0,9.0,0.75,1.5,2.25,5.0,0.0,5.0,6.666666666666667,False,0.0
KP252,TROXELL XL LEATHER KNEE PADS,2025-01-26,2026-01-26,1.0,118.0,9.833333333333334,19.666666666666668,29.5,34.0,0.0,34.0,3.4576271186440675,False,0.0
KP252,TROXELL XL LEATHER KNEE PADS,2025-01-26,2026-01-26,3.0,82.0,6.833333333333333,13.666666666666666,20.5,12.0,0.0,12.0,1.7560975609756098,True,8.5
KP252,TROXELL XL LEATHER KNEE PADS,2025-01-26,2026-01-26,4.0,78.0,6.5,13.0,19.5,10.0,0.0,10.0,1.5384615384615385,True,9.5
KP252,TROXELL XL LEATHER KNEE PADS,2025-01-26,2026-01-26,5.0,30.0,2.5,5.0,7.5,17.0,5.0,12.0,4.8,False,0.0
KP252,TROXELL XL LEATHER KNEE PADS,2025-01-26,2026-01-26,6.0,98.0,8.166666666666666,16.333333333333332,24.5,27.0,1.0,26.0,3.1836734693877555,False,0.0
KP252,TROXELL XL LEATHER KNEE PADS,2025-01-26,2026-01-26,8.0,21.0,1.75,3.5,5.25,4.0,0.0,4.0,2.2857142857142856,False,0.0
KP252,TROXELL XL LEATHER KNEE PADS,2025-01-26,2026-01-26,9.0,49.0,4.083333333333333,8.166666666666666,12.25,17.0,0.0,17.0,4.163265306122449,False,0.0
KP309,LEATHER KNEE PAD,2025-01-26,2026-01-26,1.0,6.0,0.5,1.0,1.5,61.0,2.0,59.0,118.0,False,0.0
KP309,LEATHER KNEE PAD,2025-01-26,2026-01-26,3.0,2.0,0.16666666666666666,0.3333333333333333,0.5,3.0,0.0,3.0,18.0,False,0.0
KP309,LEATHER KNEE PAD,2025-01-26,2026-01-26,4.0,3.0,0.25,0.5,0.75,3.0,0.0,3.0,12.0,False,0.0
KP309,LEATHER KNEE PAD,2025-01-26,2026-01-26,5.0,2.0,0.16666666666666666,0.3333333333333333,0.5,3.0,0.0,3.0,18.0,False,0.0
KP309,LEATHER KNEE PAD,2025-01-26,2026-01-26,6.0,6.0,0.5,1.0,1.5,3.0,0.0,3.0,6.0,False,0.0
KP309,LEATHER KNEE PAD,2025-01-26,2026-01-26,8.0,0.0,0.0,0.0,0.0,3.0,0.0,3.0,inf,False,0.0
KP309,LEATHER KNEE PAD,2025-01-26,2026-01-26,9.0,3.0,0.25,0.5,0.75,3.0,0.0,3.0,12.0,False,0.0
LOFI005,LOBA BUCKET & LID,2025-01-26,2026-01-26,1.0,0.0,0.0,0.0,0.0,11.0,0.0,11.0,inf,False,0.0
LOFI005,LOBA BUCKET & LID,2025-01-26,2026-01-26,3.0,4.0,0.3333333333333333,0.6666666666666666,1.0,3.0,0.0,3.0,9.0,False,0.0
LOFI005,LOBA BUCKET & LID,2025-01-26,2026-01-26,4.0,2.0,0.16666666666666666,0.3333333333333333,0.5,3.0,0.0,3.0,18.0,False,0.0
LOFI005,LOBA BUCKET & LID,2025-01-26,2026-01-26,5.0,8.0,0.6666666666666666,1.3333333333333333,2.0,3.0,1.0,2.0,3.0,False,0.0
LOFI005,LOBA BUCKET & LID,2025-01-26,2026-01-26,6.0,5.0,0.4166666666666667,0.8333333333333334,1.25,2.0,0.0,2.0,4.8,False,0.0
LOFI005,LOBA BUCKET & LID,2025-01-26,2026-01-26,8.0,0.0,0.0,0.0,0.0,4.0,4.0,0.0,inf,False,0.0
LOFI005,LOBA BUCKET & LID,2025-01-26,2026-01-26,9.0,6.0,0.5,1.0,1.5,2.0,0.0,2.0,4.0,False,0.0
LOFI268,LOBA BUCKET LINER BAGS (25PK),2025-01-26,2026-01-26,1.0,1.0,0.08333333333333333,0.16666666666666666,0.25,13.0,2.0,11.0,132.0,False,0.0
LOFI268,LOBA BUCKET LINER BAGS (25PK),2025-01-26,2026-01-26,3.0,1.0,0.08333333333333333,0.16666666666666666,0.25,4.0,0.0,4.0,48.0,False,0.0
LOFI268,LOBA BUCKET LINER BAGS (25PK),2025-01-26,2026-01-26,4.0,3.0,0.25,0.5,0.75,1.0,0.0,1.0,4.0,False,0.0
LOFI268,LOBA BUCKET LINER BAGS (25PK),2025-01-26,2026-01-26,5.0,8.0,0.6666666666666666,1.3333333333333333,2.0,1.0,0.0,1.0,1.5,True,1.0
LOFI268,LOBA BUCKET LINER BAGS (25PK),2025-01-26,2026-01-26,6.0,4.0,0.3333333333333333,0.6666666666666666,1.0,2.0,0.0,2.0,6.0,False,0.0
LOFI268,LOBA BUCKET LINER BAGS (25PK),2025-01-26,2026-01-26,8.0,0.0,0.0,0.0,0.0,0.0,0.0,0.0,inf,False,0.0
LOFI268,LOBA BUCKET LINER BAGS (25PK),2025-01-26,2026-01-26,9.0,2.0,0.16666666666666666,0.3333333333333333,0.5,4.0,0.0,4.0,24.0,False,0.0
MANA50PFLEXPRXLSW,50P NAILER FLEX W/POWER ROLLER,2025-01-26,2026-01-26,1.0,2.0,0.16666666666666666,0.3333333333333333,0.5,4.0,0.0,4.0,24.0,False,0.0
MANA50PFLEXPRXLSW,50P NAILER FLEX W/POWER ROLLER,2025-01-26,2026-01-26,3.0,0.0,0.0,0.0,0.0,1.0,0.0,1.0,inf,False,0.0
MANA50PFLEXPRXLSW,50P NAILER FLEX W/POWER ROLLER,2025-01-26,2026-01-26,4.0,1.0,0.08333333333333333,0.16666666666666666,0.25,1.0,0.0,1.0,12.0,False,0.0
MANA50PFLEXPRXLSW,50P NAILER FLEX W/POWER ROLLER,2025-01-26,2026-01-26,5.0,0.0,0.0,0.0,0.0,1.0,0.0,1.0,inf,False,0.0
MANA50PFLEXPRXLSW,50P NAILER FLEX W/POWER ROLLER,2025-01-26,2026-01-26,6.0,1.0,0.08333333333333333,0.16666666666666666,0.25,1.0,0.0,1.0,12.0,False,0.0
MANA50PFLEXPRXLSW,50P NAILER FLEX W/POWER ROLLER,2025-01-26,2026-01-26,8.0,0.0,0.0,0.0,0.0,1.0,0.0,1.0,inf,False,0.0
MANA50PFLEXPRXLSW,50P NAILER FLEX W/POWER ROLLER,2025-01-26,2026-01-26,9.0,0.0,0.0,0.0,0.0,1.0,0.0,1.0,inf,False,0.0
MASW777,CRAIN 777 TOE KICK SAW,2025-01-26,2026-01-26,1.0,5.0,0.4166666666666667,0.8333333333333334,1.25,5.0,2.0,3.0,7.199999999999999,False,0.0
MASW777,CRAIN 777 TOE KICK SAW,2025-01-26,2026-01-26,3.0,0.0,0.0,0.0,0.0,2.0,0.0,2.0,inf,False,0.0
MASW777,CRAIN 777 TOE KICK SAW,2025-01-26,2026-01-26,4.0,0.0,0.0,0.0,0.0,1.0,0.0,1.0,inf,False,0.0
MASW777,CRAIN 777 TOE KICK SAW,2025-01-26,2026-01-26,5.0,0.0,0.0,0.0,0.0,1.0,0.0,1.0,inf,False,0.0
MASW777,CRAIN 777 TOE KICK SAW,2025-01-26,2026-01-26,6.0,3.0,0.25,0.5,0.75,2.0,0.0,2.0,8.0,False,0.0
MASW777,CRAIN 777 TOE KICK SAW,2025-01-26,2026-01-26,8.0,0.0,0.0,0.0,0.0,1.0,0.0,1.0,inf,False,0.0
MASW777,CRAIN 777 TOE KICK SAW,2025-01-26,2026-01-26,9.0,1.0,0.08333333333333333,0.16666666666666666,0.25,1.0,0.0,1.0,12.0,False,0.0
MAVACCP,CENO CYCLONE BACKPACK VACUUM,2025-01-26,2026-01-26,1.0,29.0,2.4166666666666665,4.833333333333333,7.25,37.0,0.0,37.0,15.310344827586208,False,0.0
MAVACCP,CENO CYCLONE BACKPACK VACUUM,2025-01-26,2026-01-26,3.0,26.0,2.1666666666666665,4.333333333333333,6.5,4.0,1.0,3.0,1.3846153846153848,True,3.5
MAVACCP,CENO CYCLONE BACKPACK VACUUM,2025-01-26,2026-01-26,4.0,7.0,0.5833333333333334,1.1666666666666667,1.75,3.0,0.0,3.0,5.142857142857142,False,0.0
MAVACCP,CENO CYCLONE BACKPACK VACUUM,2025-01-26,2026-01-26,5.0,11.0,0.9166666666666666,1.8333333333333333,2.75,2.0,0.0,2.0,2.181818181818182,False,0.0
MAVACCP,CENO CYCLONE BACKPACK VACUUM,2025-01-26,2026-01-26,6.0,6.0,0.5,1.0,1.5,3.0,0.0,3.0,6.0,False,0.0
MAVACCP,CENO CYCLONE BACKPACK VACUUM,2025-01-26,2026-01-26,8.0,1.0,0.08333333333333333,0.16666666666666666,0.25,3.0,0.0,3.0,36.0,False,0.0
MAVACCP,CENO CYCLONE BACKPACK VACUUM,2025-01-26,2026-01-26,9.0,2.0,0.16666666666666666,0.3333333333333333,0.5,3.0,0.0,3.0,18.0,False,0.0
MAVAVE600,CENO MAX VAC 2-MOTOR VACUUM,2025-01-26,2026-01-26,1.0,1.0,0.08333333333333333,0.16666666666666666,0.25,2.0,0.0,2.0,24.0,False,0.0
MAVAVE600,CENO MAX VAC 2-MOTOR VACUUM,2025-01-26,2026-01-26,3.0,1.0,0.08333333333333333,0.16666666666666666,0.25,1.0,0.0,1.0,12.0,False,0.0
MAVAVE600,CENO MAX VAC 2-MOTOR VACUUM,2025-01-26,2026-01-26,4.0,1.0,0.08333333333333333,0.16666666666666666,0.25,1.0,0.0,1.0,12.0,False,0.0
MAVAVE600,CENO MAX VAC 2-MOTOR VACUUM,2025-01-26,2026-01-26,5.0,1.0,0.08333333333333333,0.16666666666666666,0.25,1.0,0.0,1.0,12.0,False,0.0
MAVAVE600,CENO MAX VAC 2-MOTOR VACUUM,2025-01-26,2026-01-26,6.0,3.0,0.25,0.5,0.75,0.0,0.0,0.0,0.0,True,0.75
MAVAVE600,CENO MAX VAC 2-MOTOR VACUUM,2025-01-26,2026-01-26,8.0,0.0,0.0,0.0,0.0,3.0,0.0,3.0,inf,False,0.0
MAVAVE600,CENO MAX VAC 2-MOTOR VACUUM,2025-01-26,2026-01-26,9.0,0.0,0.0,0.0,0.0,2.0,0.0,2.0,inf,False,0.0
MB612C,12 x 100 6 MILL PLASTIC ROLL,2025-01-26,2026-01-26,1.0,0.0,0.0,0.0,0.0,7.0,0.0,7.0,inf,False,0.0
MB612C,12 x 100 6 MILL PLASTIC ROLL,2025-01-26,2026-01-26,3.0,2.0,0.16666666666666666,0.3333333333333333,0.5,2.0,0.0,2.0,12.0,False,0.0
MB612C,12 x 100 6 MILL PLASTIC ROLL,2025-01-26,2026-01-26,4.0,0.0,0.0,0.0,0.0,3.0,0.0,3.0,inf,False,0.0
MB612C,12 x 100 6 MILL PLASTIC ROLL,2025-01-26,2026-01-26,5.0,12.0,1.0,2.0,3.0,3.0,0.0,3.0,3.0,False,0.0
MB612C,12 x 100 6 MILL PLASTIC ROLL,2025-01-26,2026-01-26,6.0,3.0,0.25,0.5,0.75,8.0,0.0,8.0,32.0,False,0.0
MB612C,12 x 100 6 MILL PLASTIC ROLL,2025-01-26,2026-01-26,8.0,0.0,0.0,0.0,0.0,4.0,0.0,4.0,inf,False,0.0
MB612C,12 x 100 6 MILL PLASTIC ROLL,2025-01-26,2026-01-26,9.0,0.0,0.0,0.0,0.0,4.0,0.0,4.0,inf,False,0.0
MBBO607614,BOSTIK ROLL-COTE 4-GAL,2025-01-26,2026-01-26,1.0,89.0,7.416666666666667,14.833333333333334,22.25,0.0,0.0,0.0,0.0,False,0.0
MBBO607614,BOSTIK ROLL-COTE 4-GAL,2025-01-26,2026-01-26,3.0,50.0,4.166666666666667,8.333333333333334,12.5,16.0,0.0,16.0,3.84,False,0.0
MBBO607614,BOSTIK ROLL-COTE 4-GAL,2025-01-26,2026-01-26,4.0,15.0,1.25,2.5,3.75,7.0,1.0,6.0,4.8,False,0.0
MBBO607614,BOSTIK ROLL-COTE 4-GAL,2025-01-26,2026-01-26,5.0,85.0,7.083333333333333,14.166666666666666,21.25,25.0,0.0,25.0,3.5294117647058827,False,0.0
MBBO607614,BOSTIK ROLL-COTE 4-GAL,2025-01-26,2026-01-26,6.0,35.0,2.9166666666666665,5.833333333333333,8.75,5.0,0.0,5.0,1.7142857142857144,False,0.0
MBBO607614,BOSTIK ROLL-COTE 4-GAL,2025-01-26,2026-01-26,8.0,9.0,0.75,1.5,2.25,4.0,0.0,4.0,5.333333333333333,False,0.0
MBBO607614,BOSTIK ROLL-COTE 4-GAL,2025-01-26,2026-01-26,9.0,38.0,3.1666666666666665,6.333333333333333,9.5,8.0,0.0,8.0,2.5263157894736845,False,0.0
MBBO619741,BOSTIK ROLL-COTE 1-GAL,2025-01-26,2026-01-26,1.0,13.0,1.0833333333333333,2.1666666666666665,3.25,52.0,2.0,50.0,46.15384615384616,False,0.0
MBBO619741,BOSTIK ROLL-COTE 1-GAL,2025-01-26,2026-01-26,3.0,5.0,0.4166666666666667,0.8333333333333334,1.25,8.0,0.0,8.0,19.2,False,0.0
MBBO619741,BOSTIK ROLL-COTE 1-GAL,2025-01-26,2026-01-26,4.0,15.0,1.25,2.5,3.75,3.0,0.0,3.0,2.4,False,0.0
MBBO619741,BOSTIK ROLL-COTE 1-GAL,2025-01-26,2026-01-26,5.0,17.0,1.4166666666666667,2.8333333333333335,4.25,10.0,0.0,10.0,7.0588235294117645,False,0.0
MBBO619741,BOSTIK ROLL-COTE 1-GAL,2025-01-26,2026-01-26,6.0,7.0,0.5833333333333334,1.1666666666666667,1.75,4.0,0.0,4.0,6.857142857142857,False,0.0
MBBO619741,BOSTIK ROLL-COTE 1-GAL,2025-01-26,2026-01-26,8.0,4.0,0.3333333333333333,0.6666666666666666,1.0,4.0,0.0,4.0,12.0,False,0.0
MBBO619741,BOSTIK ROLL-COTE 1-GAL,2025-01-26,2026-01-26,9.0,4.0,0.3333333333333333,0.6666666666666666,1.0,4.0,4.0,0.0,0.0,True,1.0
MBBOG669004,BOSTIK MVP4 5 GALLON,2025-01-26,2026-01-26,1.0,90.0,7.5,15.0,22.5,67.0,5.0,62.0,8.266666666666667,False,0.0
MBBOG669004,BOSTIK MVP4 5 GALLON,2025-01-26,2026-01-26,3.0,99.0,8.25,16.5,24.75,9.0,0.0,9.0,1.0909090909090908,True,15.75
MBBOG669004,BOSTIK MVP4 5 GALLON,2025-01-26,2026-01-26,4.0,4.0,0.3333333333333333,0.6666666666666666,1.0,0.0,0.0,0.0,0.0,True,1.0
MBBOG669004,BOSTIK MVP4 5 GALLON,2025-01-26,2026-01-26,5.0,0.0,0.0,0.0,0.0,0.0,0.0,0.0,inf,False,0.0
MBBOG669004,BOSTIK MVP4 5 GALLON,2025-01-26,2026-01-26,6.0,9.0,0.75,1.5,2.25,10.0,0.0,10.0,13.333333333333334,False,0.0
MBBOG669004,BOSTIK MVP4 5 GALLON,2025-01-26,2026-01-26,8.0,2.0,0.16666666666666666,0.3333333333333333,0.5,1.0,1.0,0.0,0.0,True,0.5
MBBOG669004,BOSTIK MVP4 5 GALLON,2025-01-26,2026-01-26,9.0,27.0,2.25,4.5,6.75,3.0,0.0,3.0,1.3333333333333333,True,3.75
MBGA10M,GARRISON 10ML MOISTURE BARRIER,2025-01-26,2026-01-26,1.0,1239.0,103.25,206.5,309.75,273.0,32.0,241.0,2.334140435835351,False,0.0
MBGA10M,GARRISON 10ML MOISTURE BARRIER,2025-01-26,2026-01-26,3.0,278.0,23.166666666666668,46.333333333333336,69.5,18.0,2.0,16.0,0.6906474820143884,True,14.443165115139637
MBGA10M,GARRISON 10ML MOISTURE BARRIER,2025-01-26,2026-01-26,4.0,215.0,17.916666666666668,35.833333333333336,53.75,28.0,4.0,24.0,1.3395348837209302,True,8.031479666829984
MBGA10M,GARRISON 10ML MOISTURE BARRIER,2025-01-26,2026-01-26,5.0,920.0,76.66666666666667,153.33333333333334,230.0,70.0,2.0,68.0,0.8869565217391304,True,43.734443900048994
MBGA10M,GARRISON 10ML MOISTURE BARRIER,2025-01-26,2026-01-26,6.0,493.0,41.083333333333336,82.16666666666667,123.25,30.0,0.0,30.0,0.7302231237322515,True,25.174301812836845
MBGA10M,GARRISON 10ML MOISTURE BARRIER,2025-01-26,2026-01-26,8.0,150.0,12.5,25.0,37.5,73.0,12.0,61.0,4.88,False,0.0
MBGA10M,GARRISON 10ML MOISTURE BARRIER,2025-01-26,2026-01-26,9.0,715.0,59.583333333333336,119.16666666666667,178.75,9.0,2.0,7.0,0.11748251748251748,True,46.36660950514454
MBHD12,12' X 400' X .00031 MIL,2025-01-26,2026-01-26,1.0,37.0,3.0833333333333335,6.166666666666667,9.25,33.0,2.0,31.0,10.054054054054054,False,0.0
MBHD12,12' X 400' X .00031 MIL,2025-01-26,2026-01-26,3.0,110.0,9.166666666666666,18.333333333333332,27.5,52.0,0.0,52.0,5.672727272727273,False,0.0
MBHD12,12' X 400' X .00031 MIL,2025-01-26,2026-01-26,4.0,15.0,1.25,2.5,3.75,6.0,0.0,6.0,4.8,False,0.0
MBHD12,12' X 400' X .00031 MIL,2025-01-26,2026-01-26,5.0,47.0,3.9166666666666665,7.833333333333333,11.75,15.0,0.0,15.0,3.8297872340425534,False,0.0
MBHD12,12' X 400' X .00031 MIL,2025-01-26,2026-01-26,6.0,35.0,2.9166666666666665,5.833333333333333,8.75,10.0,0.0,10.0,3.428571428571429,False,0.0
MBHD12,12' X 400' X .00031 MIL,2025-01-26,2026-01-26,8.0,6.0,0.5,1.0,1.5,8.0,0.0,8.0,16.0,False,0.0
MBHD12,12' X 400' X .00031 MIL,2025-01-26,2026-01-26,9.0,19.0,1.5833333333333333,3.1666666666666665,4.75,8.0,1.0,7.0,4.421052631578948,False,0.0
MBSI401521,SIKA MB MOISTURE BARRIER 2.64G,2025-01-26,2026-01-26,1.0,61.0,5.083333333333333,10.166666666666666,15.25,38.0,0.0,38.0,7.475409836065574,False,0.0
MBSI401521,SIKA MB MOISTURE BARRIER 2.64G,2025-01-26,2026-01-26,3.0,20.0,1.6666666666666667,3.3333333333333335,5.0,7.0,0.0,7.0,4.2,False,0.0
MBSI401521,SIKA MB MOISTURE BARRIER 2.64G,2025-01-26,2026-01-26,4.0,9.0,0.75,1.5,2.25,6.0,0.0,6.0,8.0,False,0.0
MBSI401521,SIKA MB MOISTURE BARRIER 2.64G,2025-01-26,2026-01-26,5.0,151.0,12.583333333333334,25.166666666666668,37.75,42.0,3.0,39.0,3.0993377483443707,False,0.0
MBSI401521,SIKA MB MOISTURE BARRIER 2.64G,2025-01-26,2026-01-26,6.0,35.0,2.9166666666666665,5.833333333333333,8.75,11.0,0.0,11.0,3.771428571428572,False,0.0
MBSI401521,SIKA MB MOISTURE BARRIER 2.64G,2025-01-26,2026-01-26,8.0,9.0,0.75,1.5,2.25,4.0,0.0,4.0,5.333333333333333,False,0.0
MBSI401521,SIKA MB MOISTURE BARRIER 2.64G,2025-01-26,2026-01-26,9.0,153.0,12.75,25.5,38.25,36.0,4.0,32.0,2.5098039215686274,False,0.0
MBSI740331,SIKA MB EZ RAPID 2.5G,2025-01-26,2026-01-26,1.0,49.0,4.083333333333333,8.166666666666666,12.25,46.0,8.0,38.0,9.306122448979593,False,0.0
MBSI740331,SIKA MB EZ RAPID 2.5G,2025-01-26,2026-01-26,3.0,31.0,2.5833333333333335,5.166666666666667,7.75,8.0,0.0,8.0,3.096774193548387,False,0.0
MBSI740331,SIKA MB EZ RAPID 2.5G,2025-01-26,2026-01-26,4.0,34.0,2.8333333333333335,5.666666666666667,8.5,13.0,0.0,13.0,4.588235294117647,False,0.0
MBSI740331,SIKA MB EZ RAPID 2.5G,2025-01-26,2026-01-26,5.0,67.0,5.583333333333333,11.166666666666666,16.75,24.0,12.0,12.0,2.1492537313432836,False,0.0
MBSI740331,SIKA MB EZ RAPID 2.5G,2025-01-26,2026-01-26,6.0,32.0,2.6666666666666665,5.333333333333333,8.0,11.0,0.0,11.0,4.125,False,0.0
MBSI740331,SIKA MB EZ RAPID 2.5G,2025-01-26,2026-01-26,8.0,3.0,0.25,0.5,0.75,3.0,0.0,3.0,12.0,False,0.0
MBSI740331,SIKA MB EZ RAPID 2.5G,2025-01-26,2026-01-26,9.0,106.0,8.833333333333334,17.666666666666668,26.5,37.0,0.0,37.0,4.188679245283018,False,0.0
MMCCTK,CALCIUM CHLORIDE TEST KIT,2025-01-26,2026-01-26,1.0,6.0,0.5,1.0,1.5,0.0,0.0,0.0,0.0,False,0.0
MMCCTK,CALCIUM CHLORIDE TEST KIT,2025-01-26,2026-01-26,3.0,9.0,0.75,1.5,2.25,1.0,0.0,1.0,1.3333333333333333,False,0.0
MMCCTK,CALCIUM CHLORIDE TEST KIT,2025-01-26,2026-01-26,4.0,0.0,0.0,0.0,0.0,0.0,0.0,0.0,inf,False,0.0
MMCCTK,CALCIUM CHLORIDE TEST KIT,2025-01-26,2026-01-26,5.0,18.0,1.5,3.0,4.5,12.0,2.0,10.0,6.666666666666667,False,0.0
MMCCTK,CALCIUM CHLORIDE TEST KIT,2025-01-26,2026-01-26,6.0,9.0,0.75,1.5,2.25,3.0,0.0,3.0,4.0,False,0.0
MMCCTK,CALCIUM CHLORIDE TEST KIT,2025-01-26,2026-01-26,8.0,0.0,0.0,0.0,0.0,4.0,0.0,4.0,inf,False,0.0
MMCCTK,CALCIUM CHLORIDE TEST KIT,2025-01-26,2026-01-26,9.0,4.0,0.3333333333333333,0.6666666666666666,1.0,0.0,0.0,0.0,0.0,False,0.0
MOBBMD301,"1/2 X 3-1/2"" 301 BASE",2025-01-26,2026-01-26,1.0,778.0,64.83333333333333,129.66666666666666,194.5,0.0,0.0,0.0,0.0,False,0.0
MOBBMD301,"1/2 X 3-1/2"" 301 BASE",2025-01-26,2026-01-26,3.0,14.0,1.1666666666666667,2.3333333333333335,3.5,3.0,0.0,3.0,2.571428571428571,False,0.0
MOBBMD301,"1/2 X 3-1/2"" 301 BASE",2025-01-26,2026-01-26,4.0,117.0,9.75,19.5,29.25,17.0,0.0,17.0,1.7435897435897436,False,0.0
MOBBMD301,"1/2 X 3-1/2"" 301 BASE",2025-01-26,2026-01-26,5.0,33.0,2.75,5.5,8.25,4.0,0.0,4.0,1.4545454545454546,False,0.0
MOBBMD301,"1/2 X 3-1/2"" 301 BASE",2025-01-26,2026-01-26,6.0,167.0,13.916666666666666,27.833333333333332,41.75,0.0,0.0,0.0,0.0,False,0.0
MOBBMD301,"1/2 X 3-1/2"" 301 BASE",2025-01-26,2026-01-26,8.0,143.0,11.916666666666666,23.833333333333332,35.75,29.0,0.0,29.0,2.4335664335664338,False,0.0
MOBBMD301,"1/2 X 3-1/2"" 301 BASE",2025-01-26,2026-01-26,9.0,104.0,8.666666666666666,17.333333333333332,26.0,30.0,0.0,30.0,3.4615384615384617,False,0.0
MOBBMD302,"9/16 X 3-7/8"" 302 MDF BASE",2025-01-26,2026-01-26,1.0,525.0,43.75,87.5,131.25,101.0,0.0,101.0,2.3085714285714287,False,0.0
MOBBMD302,"9/16 X 3-7/8"" 302 MDF BASE",2025-01-26,2026-01-26,3.0,35.0,2.9166666666666665,5.833333333333333,8.75,26.0,0.0,26.0,8.914285714285715,False,0.0
MOBBMD302,"9/16 X 3-7/8"" 302 MDF BASE",2025-01-26,2026-01-26,4.0,99.0,8.25,16.5,24.75,4.0,0.0,4.0,0.48484848484848486,True,15.229967948717947
MOBBMD302,"9/16 X 3-7/8"" 302 MDF BASE",2025-01-26,2026-01-26,5.0,122.0,10.166666666666666,20.333333333333332,30.5,0.0,0.0,0.0,0.0,True,22.386217948717945
MOBBMD302,"9/16 X 3-7/8"" 302 MDF BASE",2025-01-26,2026-01-26,6.0,151.0,12.583333333333334,25.166666666666668,37.75,44.0,33.0,11.0,0.8741721854304635,True,19.633814102564102
MOBBMD302,"9/16 X 3-7/8"" 302 MDF BASE",2025-01-26,2026-01-26,8.0,92.0,7.666666666666667,15.333333333333334,23.0,154.0,0.0,154.0,20.08695652173913,False,0.0
MOBBMD302,"9/16 X 3-7/8"" 302 MDF BASE",2025-01-26,2026-01-26,9.0,11.0,0.9166666666666666,1.8333333333333333,2.75,38.0,0.0,38.0,41.45454545454545,False,0.0
MOBBMD304,"9/16 X 3-1/4"" 304 MDF BASE",2025-01-26,2026-01-26,1.0,503.0,41.916666666666664,83.83333333333333,125.75,338.0,0.0,338.0,8.06361829025845,False,0.0
MOBBMD304,"9/16 X 3-1/4"" 304 MDF BASE",2025-01-26,2026-01-26,3.0,0.0,0.0,0.0,0.0,0.0,0.0,0.0,inf,False,0.0
MOBBMD304,"9/16 X 3-1/4"" 304 MDF BASE",2025-01-26,2026-01-26,4.0,13.0,1.0833333333333333,2.1666666666666665,3.25,0.0,0.0,0.0,0.0,True,3.25
MOBBMD304,"9/16 X 3-1/4"" 304 MDF BASE",2025-01-26,2026-01-26,5.0,8.0,0.6666666666666666,1.3333333333333333,2.0,15.0,0.0,15.0,22.5,False,0.0
MOBBMD304,"9/16 X 3-1/4"" 304 MDF BASE",2025-01-26,2026-01-26,6.0,172.0,14.333333333333334,28.666666666666668,43.0,23.0,0.0,23.0,1.6046511627906976,True,20.0
MOBBMD304,"9/16 X 3-1/4"" 304 MDF BASE",2025-01-26,2026-01-26,8.0,34.0,2.8333333333333335,5.666666666666667,8.5,9.0,0.0,9.0,3.176470588235294,False,0.0
MOBBMD304,"9/16 X 3-1/4"" 304 MDF BASE",2025-01-26,2026-01-26,9.0,115.0,9.583333333333334,19.166666666666668,28.75,44.0,0.0,44.0,4.591304347826087,False,0.0
MOBBMD310MUL,3/8 X 2-1/2 #711 BASE,2025-01-26,2026-01-26,1.0,81.0,6.75,13.5,20.25,26.0,0.0,26.0,3.8518518518518516,False,0.0
MOBBMD310MUL,3/8 X 2-1/2 #711 BASE,2025-01-26,2026-01-26,3.0,3.0,0.25,0.5,0.75,2.0,0.0,2.0,8.0,False,0.0
MOBBMD310MUL,3/8 X 2-1/2 #711 BASE,2025-01-26,2026-01-26,4.0,2.0,0.16666666666666666,0.3333333333333333,0.5,1.0,0.0,1.0,6.0,False,0.0
MOBBMD310MUL,3/8 X 2-1/2 #711 BASE,2025-01-26,2026-01-26,5.0,86.0,7.166666666666667,14.333333333333334,21.5,2.0,0.0,2.0,0.27906976744186046,True,19.25
MOBBMD310MUL,3/8 X 2-1/2 #711 BASE,2025-01-26,2026-01-26,6.0,50.0,4.166666666666667,8.333333333333334,12.5,15.0,0.0,15.0,3.5999999999999996,False,0.0
MOBBMD310MUL,3/8 X 2-1/2 #711 BASE,2025-01-26,2026-01-26,8.0,0.0,0.0,0.0,0.0,3.0,0.0,3.0,inf,False,0.0
MOBBMD310MUL,3/8 X 2-1/2 #711 BASE,2025-01-26,2026-01-26,9.0,0.0,0.0,0.0,0.0,0.0,0.0,0.0,inf,False,0.0
MOBBMD311MUL,3/8 X 3-1/2 #711 BASE,2025-01-26,2026-01-26,1.0,415.0,34.583333333333336,69.16666666666667,103.75,54.0,40.0,14.0,0.4048192771084337,False,0.0
MOBBMD311MUL,3/8 X 3-1/2 #711 BASE,2025-01-26,2026-01-26,3.0,147.0,12.25,24.5,36.75,0.0,0.0,0.0,0.0,False,0.0
MOBBMD311MUL,3/8 X 3-1/2 #711 BASE,2025-01-26,2026-01-26,4.0,37.0,3.0833333333333335,6.166666666666667,9.25,0.0,0.0,0.0,0.0,False,0.0
MOBBMD311MUL,3/8 X 3-1/2 #711 BASE,2025-01-26,2026-01-26,5.0,244.0,20.333333333333332,40.666666666666664,61.0,39.0,21.0,18.0,0.8852459016393444,False,0.0
MOBBMD311MUL,3/8 X 3-1/2 #711 BASE,2025-01-26,2026-01-26,6.0,343.0,28.583333333333332,57.166666666666664,85.75,48.0,6.0,42.0,1.469387755102041,False,0.0
MOBBMD311MUL,3/8 X 3-1/2 #711 BASE,2025-01-26,2026-01-26,8.0,0.0,0.0,0.0,0.0,2.0,0.0,2.0,inf,False,0.0
MOBBMD311MUL,3/8 X 3-1/2 #711 BASE,2025-01-26,2026-01-26,9.0,27.0,2.25,4.5,6.75,1.0,0.0,1.0,0.4444444444444444,False,0.0
MOBBMD314MUL3,9/16 X 3-1/4 #623 BASE,2025-01-26,2026-01-26,1.0,492.0,41.0,82.0,123.0,404.0,0.0,404.0,9.853658536585366,False,0.0
MOBBMD314MUL3,9/16 X 3-1/4 #623 BASE,2025-01-26,2026-01-26,3.0,416.0,34.666666666666664,69.33333333333333,104.0,142.0,0.0,142.0,4.096153846153847,False,0.0
MOBBMD314MUL3,9/16 X 3-1/4 #623 BASE,2025-01-26,2026-01-26,4.0,17.0,1.4166666666666667,2.8333333333333335,4.25,3.0,0.0,3.0,2.1176470588235294,False,0.0
MOBBMD314MUL3,9/16 X 3-1/4 #623 BASE,2025-01-26,2026-01-26,5.0,549.0,45.75,91.5,137.25,408.0,0.0,408.0,8.918032786885245,False,0.0
MOBBMD314MUL3,9/16 X 3-1/4 #623 BASE,2025-01-26,2026-01-26,6.0,682.0,56.833333333333336,113.66666666666667,170.5,143.0,0.0,143.0,2.5161290322580645,False,0.0
MOBBMD314MUL3,9/16 X 3-1/4 #623 BASE,2025-01-26,2026-01-26,8.0,138.0,11.5,23.0,34.5,300.0,2.0,298.0,25.91304347826087,False,0.0
MOBBMD314MUL3,9/16 X 3-1/4 #623 BASE,2025-01-26,2026-01-26,9.0,19.0,1.5833333333333333,3.1666666666666665,4.75,3.0,1.0,2.0,1.2631578947368423,True,2.75
MOBBMD314MUL4,9/16 X 4-1/4 #620 BASE,2025-01-26,2026-01-26,1.0,1760.0,146.66666666666666,293.3333333333333,440.0,386.0,94.0,292.0,1.990909090909091,False,0.0
MOBBMD314MUL4,9/16 X 4-1/4 #620 BASE,2025-01-26,2026-01-26,3.0,496.0,41.333333333333336,82.66666666666667,124.0,257.0,0.0,257.0,6.217741935483871,False,0.0
MOBBMD314MUL4,9/16 X 4-1/4 #620 BASE,2025-01-26,2026-01-26,4.0,58.0,4.833333333333333,9.666666666666666,14.5,4.0,0.0,4.0,0.8275862068965518,True,4.613756613756614
MOBBMD314MUL4,9/16 X 4-1/4 #620 BASE,2025-01-26,2026-01-26,5.0,1038.0,86.5,173.0,259.5,117.0,0.0,117.0,1.3526011560693643,True,62.61526832955405
MOBBMD314MUL4,9/16 X 4-1/4 #620 BASE,2025-01-26,2026-01-26,6.0,1275.0,106.25,212.5,318.75,142.0,1.0,141.0,1.3270588235294118,True,78.10430839002268
MOBBMD314MUL4,9/16 X 4-1/4 #620 BASE,2025-01-26,2026-01-26,8.0,127.0,10.583333333333334,21.166666666666668,31.75,190.0,0.0,190.0,17.95275590551181,False,0.0
MOBBMD314MUL4,9/16 X 4-1/4 #620 BASE,2025-01-26,2026-01-26,9.0,143.0,11.916666666666666,23.833333333333332,35.75,142.0,0.0,142.0,11.916083916083917,False,0.0
MOBBMD314MUL5,9/16 X 5-1/4 #618 BASE,2025-01-26,2026-01-26,1.0,785.0,65.41666666666667,130.83333333333334,196.25,372.0,138.0,234.0,3.577070063694267,False,0.0
MOBBMD314MUL5,9/16 X 5-1/4 #618 BASE,2025-01-26,2026-01-26,3.0,218.0,18.166666666666668,36.333333333333336,54.5,104.0,0.0,104.0,5.724770642201834,False,0.0
MOBBMD314MUL5,9/16 X 5-1/4 #618 BASE,2025-01-26,2026-01-26,4.0,63.0,5.25,10.5,15.75,3.0,0.0,3.0,0.5714285714285714,True,12.75
MOBBMD314MUL5,9/16 X 5-1/4 #618 BASE,2025-01-26,2026-01-26,5.0,534.0,44.5,89.0,133.5,96.0,0.0,96.0,2.157303370786517,False,0.0
MOBBMD314MUL5,9/16 X 5-1/4 #618 BASE,2025-01-26,2026-01-26,6.0,686.0,57.166666666666664,114.33333333333333,171.5,244.0,0.0,244.0,4.2682215743440235,False,0.0
MOBBMD314MUL5,9/16 X 5-1/4 #618 BASE,2025-01-26,2026-01-26,8.0,54.0,4.5,9.0,13.5,44.0,0.0,44.0,9.777777777777779,False,0.0
MOBBMD314MUL5,9/16 X 5-1/4 #618 BASE,2025-01-26,2026-01-26,9.0,180.0,15.0,30.0,45.0,17.0,0.0,17.0,1.1333333333333333,True,28.0
MOBBMD318MUL,9/16 X 4 CAPE COD BASE,2025-01-26,2026-01-26,1.0,576.0,48.0,96.0,144.0,82.0,0.0,82.0,1.7083333333333333,False,0.0
MOBBMD318MUL,9/16 X 4 CAPE COD BASE,2025-01-26,2026-01-26,3.0,161.0,13.416666666666666,26.833333333333332,40.25,42.0,0.0,42.0,3.130434782608696,False,0.0
MOBBMD318MUL,9/16 X 4 CAPE COD BASE,2025-01-26,2026-01-26,4.0,5.0,0.4166666666666667,0.8333333333333334,1.25,0.0,0.0,0.0,0.0,True,1.25
MOBBMD318MUL,9/16 X 4 CAPE COD BASE,2025-01-26,2026-01-26,5.0,96.0,8.0,16.0,24.0,24.0,0.0,24.0,3.0,False,0.0
MOBBMD318MUL,9/16 X 4 CAPE COD BASE,2025-01-26,2026-01-26,6.0,155.0,12.916666666666666,25.833333333333332,38.75,77.0,7.0,70.0,5.419354838709678,False,0.0
MOBBMD318MUL,9/16 X 4 CAPE COD BASE,2025-01-26,2026-01-26,8.0,0.0,0.0,0.0,0.0,3.0,0.0,3.0,inf,False,0.0
MOBBMD318MUL,9/16 X 4 CAPE COD BASE,2025-01-26,2026-01-26,9.0,0.0,0.0,0.0,0.0,5.0,0.0,5.0,inf,False,0.0
MOBBMD325MUL4,9/16 X 4-1/2 #175 BASE,2025-01-26,2026-01-26,1.0,181.0,15.083333333333334,30.166666666666668,45.25,5.0,0.0,5.0,0.3314917127071823,False,0.0
MOBBMD325MUL4,9/16 X 4-1/2 #175 BASE,2025-01-26,2026-01-26,3.0,34.0,2.8333333333333335,5.666666666666667,8.5,36.0,0.0,36.0,12.705882352941176,False,0.0
MOBBMD325MUL4,9/16 X 4-1/2 #175 BASE,2025-01-26,2026-01-26,4.0,2.0,0.16666666666666666,0.3333333333333333,0.5,31.0,0.0,31.0,186.0,False,0.0
MOBBMD325MUL4,9/16 X 4-1/2 #175 BASE,2025-01-26,2026-01-26,5.0,128.0,10.666666666666666,21.333333333333332,32.0,34.0,13.0,21.0,1.96875,False,0.0
MOBBMD325MUL4,9/16 X 4-1/2 #175 BASE,2025-01-26,2026-01-26,6.0,23.0,1.9166666666666667,3.8333333333333335,5.75,26.0,0.0,26.0,13.565217391304348,False,0.0
MOBBMD325MUL4,9/16 X 4-1/2 #175 BASE,2025-01-26,2026-01-26,8.0,0.0,0.0,0.0,0.0,0.0,0.0,0.0,inf,False,0.0
MOBBMD325MUL4,9/16 X 4-1/2 #175 BASE,2025-01-26,2026-01-26,9.0,28.0,2.3333333333333335,4.666666666666667,7.0,1.0,0.0,1.0,0.42857142857142855,False,0.0
MOBBMD329MUL,9/16 X 3-7/8 NEWPORT BASE,2025-01-26,2026-01-26,1.0,430.0,35.833333333333336,71.66666666666667,107.5,146.0,0.0,146.0,4.074418604651163,False,0.0
MOBBMD329MUL,9/16 X 3-7/8 NEWPORT BASE,2025-01-26,2026-01-26,3.0,14.0,1.1666666666666667,2.3333333333333335,3.5,26.0,0.0,26.0,22.285714285714285,False,0.0
MOBBMD329MUL,9/16 X 3-7/8 NEWPORT BASE,2025-01-26,2026-01-26,4.0,4.0,0.3333333333333333,0.6666666666666666,1.0,0.0,0.0,0.0,0.0,True,1.0
MOBBMD329MUL,9/16 X 3-7/8 NEWPORT BASE,2025-01-26,2026-01-26,5.0,180.0,15.0,30.0,45.0,7.0,0.0,7.0,0.4666666666666667,True,38.0
MOBBMD329MUL,9/16 X 3-7/8 NEWPORT BASE,2025-01-26,2026-01-26,6.0,28.0,2.3333333333333335,4.666666666666667,7.0,68.0,0.0,68.0,29.142857142857142,False,0.0
MOBBMD329MUL,9/16 X 3-7/8 NEWPORT BASE,2025-01-26,2026-01-26,8.0,38.0,3.1666666666666665,6.333333333333333,9.5,0.0,0.0,0.0,0.0,True,9.5
MOBBMD329MUL,9/16 X 3-7/8 NEWPORT BASE,2025-01-26,2026-01-26,9.0,0.0,0.0,0.0,0.0,0.0,0.0,0.0,inf,False,0.0
MOBBMD330MUL,9/16 X 5 NEWPORT BASE,2025-01-26,2026-01-26,1.0,700.0,58.333333333333336,116.66666666666667,175.0,155.0,0.0,155.0,2.657142857142857,False,0.0
MOBBMD330MUL,9/16 X 5 NEWPORT BASE,2025-01-26,2026-01-26,3.0,121.0,10.083333333333334,20.166666666666668,30.25,48.0,0.0,48.0,4.760330578512397,False,0.0
MOBBMD330MUL,9/16 X 5 NEWPORT BASE,2025-01-26,2026-01-26,4.0,4.0,0.3333333333333333,0.6666666666666666,1.0,3.0,0.0,3.0,9.0,False,0.0
MOBBMD330MUL,9/16 X 5 NEWPORT BASE,2025-01-26,2026-01-26,5.0,232.0,19.333333333333332,38.666666666666664,58.0,48.0,9.0,39.0,2.0172413793103448,False,0.0
MOBBMD330MUL,9/16 X 5 NEWPORT BASE,2025-01-26,2026-01-26,6.0,103.0,8.583333333333334,17.166666666666668,25.75,17.0,0.0,17.0,1.9805825242718444,True,8.75
MOBBMD330MUL,9/16 X 5 NEWPORT BASE,2025-01-26,2026-01-26,8.0,4.0,0.3333333333333333,0.6666666666666666,1.0,2.0,0.0,2.0,6.0,False,0.0
MOBBMD330MUL,9/16 X 5 NEWPORT BASE,2025-01-26,2026-01-26,9.0,6.0,0.5,1.0,1.5,10.0,0.0,10.0,20.0,False,0.0
MOBBMD387MUL3,1/2 X 3-1/2 1RE CRAFTSMAN BASE,2025-01-26,2026-01-26,1.0,2859.0,238.25,476.5,714.75,574.0,45.0,529.0,2.2203567681007343,False,0.0
MOBBMD387MUL3,1/2 X 3-1/2 1RE CRAFTSMAN BASE,2025-01-26,2026-01-26,3.0,1567.0,130.58333333333334,261.1666666666667,391.75,158.0,0.0,158.0,1.2099553286534779,True,63.457341269841265
MOBBMD387MUL3,1/2 X 3-1/2 1RE CRAFTSMAN BASE,2025-01-26,2026-01-26,4.0,1092.0,91.0,182.0,273.0,204.0,0.0,204.0,2.241758241758242,False,0.0
MOBBMD387MUL3,1/2 X 3-1/2 1RE CRAFTSMAN BASE,2025-01-26,2026-01-26,5.0,2164.0,180.33333333333334,360.6666666666667,541.0,161.0,73.0,88.0,0.48798521256931604,True,122.97829131652661
MOBBMD387MUL3,1/2 X 3-1/2 1RE CRAFTSMAN BASE,2025-01-26,2026-01-26,6.0,1941.0,161.75,323.5,485.25,121.0,20.0,101.0,0.624420401854714,True,104.31436741363211
MOBBMD387MUL3,1/2 X 3-1/2 1RE CRAFTSMAN BASE,2025-01-26,2026-01-26,8.0,274.0,22.833333333333332,45.666666666666664,68.5,305.0,105.0,200.0,8.75912408759124,False,0.0
MOBBMD387MUL3,1/2 X 3-1/2 1RE CRAFTSMAN BASE,2025-01-26,2026-01-26,9.0,347.0,28.916666666666668,57.833333333333336,86.75,183.0,0.0,183.0,6.328530259365994,False,0.0
MOBBMD387MUL4,1/2 X 4-1/2 1RE CRAFTSMAN BASE,2025-01-26,2026-01-26,1.0,6409.0,534.0833333333334,1068.1666666666667,1602.25,411.0,106.0,305.0,0.5710719300982993,False,0.0
MOBBMD387MUL4,1/2 X 4-1/2 1RE CRAFTSMAN BASE,2025-01-26,2026-01-26,3.0,3093.0,257.75,515.5,773.25,94.0,18.0,76.0,0.2948593598448109,False,0.0
MOBBMD387MUL4,1/2 X 4-1/2 1RE CRAFTSMAN BASE,2025-01-26,2026-01-26,4.0,968.0,80.66666666666667,161.33333333333334,242.0,208.0,0.0,208.0,2.5785123966942147,False,0.0
MOBBMD387MUL4,1/2 X 4-1/2 1RE CRAFTSMAN BASE,2025-01-26,2026-01-26,5.0,2639.0,219.91666666666666,439.8333333333333,659.75,413.0,6.0,407.0,1.8507010231148162,False,0.0
MOBBMD387MUL4,1/2 X 4-1/2 1RE CRAFTSMAN BASE,2025-01-26,2026-01-26,6.0,2719.0,226.58333333333334,453.1666666666667,679.75,93.0,0.0,93.0,0.41044501655020227,False,0.0
MOBBMD387MUL4,1/2 X 4-1/2 1RE CRAFTSMAN BASE,2025-01-26,2026-01-26,8.0,935.0,77.91666666666667,155.83333333333334,233.75,69.0,0.0,69.0,0.8855614973262032,False,0.0
MOBBMD387MUL4,1/2 X 4-1/2 1RE CRAFTSMAN BASE,2025-01-26,2026-01-26,9.0,1049.0,87.41666666666667,174.83333333333334,262.25,26.0,13.0,13.0,0.1487130600571973,False,0.0
MOBBMD387MUL5,1/2 X 5-1/2 1RE CRAFTSMAN BASE,2025-01-26,2026-01-26,1.0,3167.0,263.9166666666667,527.8333333333334,791.75,172.0,139.0,33.0,0.1250394695295232,False,0.0
MOBBMD387MUL5,1/2 X 5-1/2 1RE CRAFTSMAN BASE,2025-01-26,2026-01-26,3.0,1378.0,114.83333333333333,229.66666666666666,344.5,104.0,24.0,80.0,0.6966618287373004,False,0.0
MOBBMD387MUL5,1/2 X 5-1/2 1RE CRAFTSMAN BASE,2025-01-26,2026-01-26,4.0,604.0,50.333333333333336,100.66666666666667,151.0,262.0,0.0,262.0,5.205298013245033,False,0.0
MOBBMD387MUL5,1/2 X 5-1/2 1RE CRAFTSMAN BASE,2025-01-26,2026-01-26,5.0,2086.0,173.83333333333334,347.6666666666667,521.5,154.0,46.0,108.0,0.6212847555129434,False,0.0
MOBBMD387MUL5,1/2 X 5-1/2 1RE CRAFTSMAN BASE,2025-01-26,2026-01-26,6.0,1368.0,114.0,228.0,342.0,127.0,0.0,127.0,1.1140350877192982,False,0.0
MOBBMD387MUL5,1/2 X 5-1/2 1RE CRAFTSMAN BASE,2025-01-26,2026-01-26,8.0,95.0,7.916666666666667,15.833333333333334,23.75,73.0,0.0,73.0,9.221052631578948,False,0.0
MOBBMD387MUL5,1/2 X 5-1/2 1RE CRAFTSMAN BASE,2025-01-26,2026-01-26,9.0,599.0,49.916666666666664,99.83333333333333,149.75,24.0,15.0,9.0,0.18030050083472454,False,0.0
MOBBMD387MUL7,1/2 X 7-1/4 1RE CRAFTSMAN BASE,2025-01-26,2026-01-26,1.0,65.0,5.416666666666667,10.833333333333334,16.25,8.0,6.0,2.0,0.3692307692307692,False,0.0
MOBBMD387MUL7,1/2 X 7-1/4 1RE CRAFTSMAN BASE,2025-01-26,2026-01-26,3.0,103.0,8.583333333333334,17.166666666666668,25.75,44.0,0.0,44.0,5.126213592233009,False,0.0
MOBBMD387MUL7,1/2 X 7-1/4 1RE CRAFTSMAN BASE,2025-01-26,2026-01-26,4.0,7.0,0.5833333333333334,1.1666666666666667,1.75,0.0,0.0,0.0,0.0,False,0.0
MOBBMD387MUL7,1/2 X 7-1/4 1RE CRAFTSMAN BASE,2025-01-26,2026-01-26,5.0,134.0,11.166666666666666,22.333333333333332,33.5,1.0,0.0,1.0,0.08955223880597016,False,0.0
MOBBMD387MUL7,1/2 X 7-1/4 1RE CRAFTSMAN BASE,2025-01-26,2026-01-26,6.0,14.0,1.1666666666666667,2.3333333333333335,3.5,0.0,0.0,0.0,0.0,False,0.0
MOBBMD387MUL7,1/2 X 7-1/4 1RE CRAFTSMAN BASE,2025-01-26,2026-01-26,8.0,0.0,0.0,0.0,0.0,0.0,0.0,0.0,inf,False,0.0
MOBBMD387MUL7,1/2 X 7-1/4 1RE CRAFTSMAN BASE,2025-01-26,2026-01-26,9.0,32.0,2.6666666666666665,5.333333333333333,8.0,1.0,0.0,1.0,0.375,False,0.0
MOBBMD401,"1/2 X 4-1/2"" 401 BASE",2025-01-26,2026-01-26,1.0,459.0,38.25,76.5,114.75,5.0,0.0,5.0,0.13071895424836602,False,0.0
MOBBMD401,"1/2 X 4-1/2"" 401 BASE",2025-01-26,2026-01-26,3.0,105.0,8.75,17.5,26.25,15.0,0.0,15.0,1.7142857142857142,False,0.0
MOBBMD401,"1/2 X 4-1/2"" 401 BASE",2025-01-26,2026-01-26,4.0,67.0,5.583333333333333,11.166666666666666,16.75,12.0,0.0,12.0,2.1492537313432836,False,0.0
MOBBMD401,"1/2 X 4-1/2"" 401 BASE",2025-01-26,2026-01-26,5.0,5.0,0.4166666666666667,0.8333333333333334,1.25,10.0,0.0,10.0,24.0,False,0.0
MOBBMD401,"1/2 X 4-1/2"" 401 BASE",2025-01-26,2026-01-26,6.0,167.0,13.916666666666666,27.833333333333332,41.75,4.0,0.0,4.0,0.2874251497005988,False,0.0
MOBBMD401,"1/2 X 4-1/2"" 401 BASE",2025-01-26,2026-01-26,8.0,46.0,3.8333333333333335,7.666666666666667,11.5,43.0,42.0,1.0,0.2608695652173913,False,0.0
MOBBMD401,"1/2 X 4-1/2"" 401 BASE",2025-01-26,2026-01-26,9.0,121.0,10.083333333333334,20.166666666666668,30.25,10.0,0.0,10.0,0.9917355371900826,False,0.0
MOBBMD402,"9/16 X 4"" 402 MDF BASE",2025-01-26,2026-01-26,1.0,110.0,9.166666666666666,18.333333333333332,27.5,65.0,55.0,10.0,1.090909090909091,False,0.0
MOBBMD402,"9/16 X 4"" 402 MDF BASE",2025-01-26,2026-01-26,3.0,0.0,0.0,0.0,0.0,0.0,0.0,0.0,inf,False,0.0
MOBBMD402,"9/16 X 4"" 402 MDF BASE",2025-01-26,2026-01-26,4.0,1.0,0.08333333333333333,0.16666666666666666,0.25,1.0,0.0,1.0,12.0,False,0.0
MOBBMD402,"9/16 X 4"" 402 MDF BASE",2025-01-26,2026-01-26,5.0,26.0,2.1666666666666665,4.333333333333333,6.5,40.0,30.0,10.0,4.615384615384616,False,0.0
MOBBMD402,"9/16 X 4"" 402 MDF BASE",2025-01-26,2026-01-26,6.0,197.0,16.416666666666668,32.833333333333336,49.25,40.0,0.0,40.0,2.4365482233502536,False,0.0
MOBBMD402,"9/16 X 4"" 402 MDF BASE",2025-01-26,2026-01-26,8.0,0.0,0.0,0.0,0.0,41.0,0.0,41.0,inf,False,0.0
MOBBMD402,"9/16 X 4"" 402 MDF BASE",2025-01-26,2026-01-26,9.0,17.0,1.4166666666666667,2.8333333333333335,4.25,3.0,0.0,3.0,2.1176470588235294,False,0.0
MOBBMD403,"9/16 X 4-1/4"" 403 MDF BASE",2025-01-26,2026-01-26,1.0,216.0,18.0,36.0,54.0,8.0,0.0,8.0,0.4444444444444444,False,0.0
MOBBMD403,"9/16 X 4-1/4"" 403 MDF BASE",2025-01-26,2026-01-26,3.0,0.0,0.0,0.0,0.0,22.0,0.0,22.0,inf,False,0.0
MOBBMD403,"9/16 X 4-1/4"" 403 MDF BASE",2025-01-26,2026-01-26,4.0,130.0,10.833333333333334,21.666666666666668,32.5,0.0,0.0,0.0,0.0,False,0.0
MOBBMD403,"9/16 X 4-1/4"" 403 MDF BASE",2025-01-26,2026-01-26,5.0,0.0,0.0,0.0,0.0,0.0,0.0,0.0,inf,False,0.0
MOBBMD403,"9/16 X 4-1/4"" 403 MDF BASE",2025-01-26,2026-01-26,6.0,74.0,6.166666666666667,12.333333333333334,18.5,0.0,0.0,0.0,0.0,False,0.0
MOBBMD403,"9/16 X 4-1/4"" 403 MDF BASE",2025-01-26,2026-01-26,8.0,0.0,0.0,0.0,0.0,0.0,0.0,0.0,inf,False,0.0
MOBBMD403,"9/16 X 4-1/4"" 403 MDF BASE",2025-01-26,2026-01-26,9.0,53.0,4.416666666666667,8.833333333333334,13.25,21.0,14.0,7.0,1.5849056603773584,False,0.0
MOBBMD501,1/2 X 5-1/2 501 BASE,2025-01-26,2026-01-26,1.0,573.0,47.75,95.5,143.25,43.0,30.0,13.0,0.27225130890052357,False,0.0
MOBBMD501,1/2 X 5-1/2 501 BASE,2025-01-26,2026-01-26,3.0,3.0,0.25,0.5,0.75,31.0,0.0,31.0,124.0,False,0.0
MOBBMD501,1/2 X 5-1/2 501 BASE,2025-01-26,2026-01-26,4.0,80.0,6.666666666666667,13.333333333333334,20.0,24.0,0.0,24.0,3.5999999999999996,False,0.0
MOBBMD501,1/2 X 5-1/2 501 BASE,2025-01-26,2026-01-26,5.0,3.0,0.25,0.5,0.75,2.0,0.0,2.0,8.0,False,0.0
MOBBMD501,1/2 X 5-1/2 501 BASE,2025-01-26,2026-01-26,6.0,72.0,6.0,12.0,18.0,50.0,0.0,50.0,8.333333333333334,False,0.0
MOBBMD501,1/2 X 5-1/2 501 BASE,2025-01-26,2026-01-26,8.0,91.0,7.583333333333333,15.166666666666666,22.75,10.0,0.0,10.0,1.3186813186813187,False,0.0
MOBBMD501,1/2 X 5-1/2 501 BASE,2025-01-26,2026-01-26,9.0,229.0,19.083333333333332,38.166666666666664,57.25,5.0,0.0,5.0,0.26200873362445415,False,0.0
MOBBMD502,"9/16 X 5-1/4"" 502 MDF BASE",2025-01-26,2026-01-26,1.0,226.0,18.833333333333332,37.666666666666664,56.5,19.0,0.0,19.0,1.008849557522124,False,0.0
MOBBMD502,"9/16 X 5-1/4"" 502 MDF BASE",2025-01-26,2026-01-26,3.0,0.0,0.0,0.0,0.0,3.0,0.0,3.0,inf,False,0.0
MOBBMD502,"9/16 X 5-1/4"" 502 MDF BASE",2025-01-26,2026-01-26,4.0,63.0,5.25,10.5,15.75,54.0,0.0,54.0,10.285714285714286,False,0.0
MOBBMD502,"9/16 X 5-1/4"" 502 MDF BASE",2025-01-26,2026-01-26,5.0,0.0,0.0,0.0,0.0,10.0,0.0,10.0,inf,False,0.0
MOBBMD502,"9/16 X 5-1/4"" 502 MDF BASE",2025-01-26,2026-01-26,6.0,38.0,3.1666666666666665,6.333333333333333,9.5,59.0,0.0,59.0,18.63157894736842,False,0.0
MOBBMD502,"9/16 X 5-1/4"" 502 MDF BASE",2025-01-26,2026-01-26,8.0,6.0,0.5,1.0,1.5,0.0,0.0,0.0,0.0,True,0.16666666666666785
MOBBMD502,"9/16 X 5-1/4"" 502 MDF BASE",2025-01-26,2026-01-26,9.0,77.0,6.416666666666667,12.833333333333334,19.25,38.0,0.0,38.0,5.922077922077921,False,0.0
MOBBMD503,"9/16 X 5"" 503 MDF BASE",2025-01-26,2026-01-26,1.0,26.0,2.1666666666666665,4.333333333333333,6.5,21.0,21.0,0.0,0.0,False,0.0
MOBBMD503,"9/16 X 5"" 503 MDF BASE",2025-01-26,2026-01-26,3.0,78.0,6.5,13.0,19.5,17.0,0.0,17.0,2.6153846153846154,False,0.0
MOBBMD503,"9/16 X 5"" 503 MDF BASE",2025-01-26,2026-01-26,5.0,0.0,0.0,0.0,0.0,1.0,0.0,1.0,inf,False,0.0
MOBBMD503,"9/16 X 5"" 503 MDF BASE",2025-01-26,2026-01-26,6.0,41.0,3.4166666666666665,6.833333333333333,10.25,2.0,0.0,2.0,0.5853658536585367,False,0.0
MOBBMD503,"9/16 X 5"" 503 MDF BASE",2025-01-26,2026-01-26,8.0,0.0,0.0,0.0,0.0,0.0,0.0,0.0,inf,False,0.0
MOBBMD503,"9/16 X 5"" 503 MDF BASE",2025-01-26,2026-01-26,9.0,0.0,0.0,0.0,0.0,2.0,0.0,2.0,inf,False,0.0
MOBS12H,1/2X3/4 BASE SHOE - HICK/PECAN,2025-01-26,2026-01-26,1.0,5.5,0.4583333333333333,0.9166666666666666,1.375,699.5,0.0,699.5,1526.1818181818182,False,0.0
MOBS12H,1/2X3/4 BASE SHOE - HICK/PECAN,2025-01-26,2026-01-26,3.0,30.0,2.5,5.0,7.5,0.0,0.0,0.0,0.0,True,7.5
MOBS12H,1/2X3/4 BASE SHOE - HICK/PECAN,2025-01-26,2026-01-26,4.0,0.0,0.0,0.0,0.0,0.0,0.0,0.0,inf,False,0.0
MOBS12H,1/2X3/4 BASE SHOE - HICK/PECAN,2025-01-26,2026-01-26,5.0,70.0,5.833333333333333,11.666666666666666,17.5,0.0,0.0,0.0,0.0,True,17.5
MOBS12H,1/2X3/4 BASE SHOE - HICK/PECAN,2025-01-26,2026-01-26,6.0,0.0,0.0,0.0,0.0,0.0,0.0,0.0,inf,False,0.0
MOBS12H,1/2X3/4 BASE SHOE - HICK/PECAN,2025-01-26,2026-01-26,8.0,0.0,0.0,0.0,0.0,0.0,0.0,0.0,inf,False,0.0
MOBS12H,1/2X3/4 BASE SHOE - HICK/PECAN,2025-01-26,2026-01-26,9.0,0.0,0.0,0.0,0.0,59.0,0.0,59.0,inf,False,0.0
MOBS12M,1/2 x 3/4 BASE SHOE - MAPLE,2025-01-26,2026-01-26,1.0,3264.0,272.0,544.0,816.0,1987.0,48.0,1939.0,7.1286764705882355,False,0.0
MOBS12M,1/2 x 3/4 BASE SHOE - MAPLE,2025-01-26,2026-01-26,3.0,948.0,79.0,158.0,237.0,147.0,0.0,147.0,1.860759493670886,True,90.0
MOBS12M,1/2 x 3/4 BASE SHOE - MAPLE,2025-01-26,2026-01-26,4.0,735.0,61.25,122.5,183.75,348.5,0.0,348.5,5.689795918367347,False,0.0
MOBS12M,1/2 x 3/4 BASE SHOE - MAPLE,2025-01-26,2026-01-26,5.0,778.0,64.83333333333333,129.66666666666666,194.5,187.5,128.0,59.5,0.9177377892030849,True,135.0
MOBS12M,1/2 x 3/4 BASE SHOE - MAPLE,2025-01-26,2026-01-26,6.0,1838.0,153.16666666666666,306.3333333333333,459.5,171.0,0.0,171.0,1.116430903155604,True,288.5
MOBS12M,1/2 x 3/4 BASE SHOE - MAPLE,2025-01-26,2026-01-26,8.0,154.0,12.833333333333334,25.666666666666668,38.5,396.0,0.0,396.0,30.857142857142854,False,0.0
MOBS12M,1/2 x 3/4 BASE SHOE - MAPLE,2025-01-26,2026-01-26,9.0,1108.0,92.33333333333333,184.66666666666666,277.0,335.0,254.0,81.0,0.8772563176895307,True,196.0
MOBS12O,1/2 x 3/4 BASE SHOE WHITE OAK,2025-01-26,2026-01-26,1.0,4849.5,404.125,808.25,1212.375,6103.5,0.0,6103.5,15.103000309310238,False,0.0
MOBS12O,1/2 x 3/4 BASE SHOE WHITE OAK,2025-01-26,2026-01-26,3.0,3793.0,316.0833333333333,632.1666666666666,948.25,973.0,0.0,973.0,3.078302135512787,False,0.0
MOBS12O,1/2 x 3/4 BASE SHOE WHITE OAK,2025-01-26,2026-01-26,4.0,1144.5,95.375,190.75,286.125,71.0,71.0,0.0,0.0,True,286.125
MOBS12O,1/2 x 3/4 BASE SHOE WHITE OAK,2025-01-26,2026-01-26,5.0,1660.0,138.33333333333334,276.6666666666667,415.0,241.0,0.0,241.0,1.742168674698795,True,174.0
MOBS12O,1/2 x 3/4 BASE SHOE WHITE OAK,2025-01-26,2026-01-26,6.0,7214.5,601.2083333333334,1202.4166666666667,1803.625,149.5,14.0,135.5,0.22537944417492548,True,1668.125
MOBS12O,1/2 x 3/4 BASE SHOE WHITE OAK,2025-01-26,2026-01-26,8.0,1663.0,138.58333333333334,277.1666666666667,415.75,679.5,0.0,679.5,4.903187011425135,False,0.0
MOBS12O,1/2 x 3/4 BASE SHOE WHITE OAK,2025-01-26,2026-01-26,9.0,1099.5,91.625,183.25,274.875,342.0,342.0,0.0,0.0,True,274.875
MOBS12PR,1/2 x 3/4 BASE SHOE - PRIME,2025-01-26,2026-01-26,1.0,45136.0,3761.3333333333335,7522.666666666667,11284.0,0.0,0.0,0.0,0.0,False,0.0
MOBS12PR,1/2 x 3/4 BASE SHOE - PRIME,2025-01-26,2026-01-26,3.0,15720.0,1310.0,2620.0,3930.0,6.0,0.0,6.0,0.004580152671755725,False,0.0
MOBS12PR,1/2 x 3/4 BASE SHOE - PRIME,2025-01-26,2026-01-26,4.0,5760.0,480.0,960.0,1440.0,0.0,0.0,0.0,0.0,False,0.0
MOBS12PR,1/2 x 3/4 BASE SHOE - PRIME,2025-01-26,2026-01-26,5.0,7872.0,656.0,1312.0,1968.0,16.0,0.0,16.0,0.024390243902439025,False,0.0
MOBS12PR,1/2 x 3/4 BASE SHOE - PRIME,2025-01-26,2026-01-26,6.0,20048.0,1670.6666666666667,3341.3333333333335,5012.0,1315.0,1315.0,0.0,0.0,False,0.0
MOBS12PR,1/2 x 3/4 BASE SHOE - PRIME,2025-01-26,2026-01-26,8.0,4976.0,414.6666666666667,829.3333333333334,1244.0,0.0,0.0,0.0,0.0,False,0.0
MOBS12PR,1/2 x 3/4 BASE SHOE - PRIME,2025-01-26,2026-01-26,9.0,4664.0,388.6666666666667,777.3333333333334,1166.0,104.0,0.0,104.0,0.26758147512864494,False,0.0
MOBS12R,1/2 x 3/4 BASE SHOE - RED OAK,2025-01-26,2026-01-26,1.0,3241.0,270.0833333333333,540.1666666666666,810.25,761.5,618.0,143.5,0.531317494600432,False,0.0
MOBS12R,1/2 x 3/4 BASE SHOE - RED OAK,2025-01-26,2026-01-26,3.0,2214.0,184.5,369.0,553.5,277.0,0.0,277.0,1.5013550135501355,False,0.0
MOBS12R,1/2 x 3/4 BASE SHOE - RED OAK,2025-01-26,2026-01-26,4.0,1199.0,99.91666666666667,199.83333333333334,299.75,372.5,0.0,372.5,3.728106755629691,False,0.0
MOBS12R,1/2 x 3/4 BASE SHOE - RED OAK,2025-01-26,2026-01-26,5.0,1609.5,134.125,268.25,402.375,389.0,220.5,168.5,1.256290773532153,False,0.0
MOBS12R,1/2 x 3/4 BASE SHOE - RED OAK,2025-01-26,2026-01-26,6.0,4905.0,408.75,817.5,1226.25,1567.5,1228.5,339.0,0.8293577981651377,False,0.0
MOBS12R,1/2 x 3/4 BASE SHOE - RED OAK,2025-01-26,2026-01-26,8.0,878.0,73.16666666666667,146.33333333333334,219.5,299.0,0.0,299.0,4.086560364464693,False,0.0
MOBS12R,1/2 x 3/4 BASE SHOE - RED OAK,2025-01-26,2026-01-26,9.0,1185.5,98.79166666666667,197.58333333333334,296.375,877.5,736.0,141.5,1.4323070434415857,False,0.0
MOBS12W,1/2 X 3/4 BASE SHOE - WALNUT,2025-01-26,2026-01-26,1.0,468.5,39.041666666666664,78.08333333333333,117.125,1465.5,0.0,1465.5,37.53681963713981,False,0.0
MOBS12W,1/2 X 3/4 BASE SHOE - WALNUT,2025-01-26,2026-01-26,3.0,576.0,48.0,96.0,144.0,367.0,0.0,367.0,7.645833333333333,False,0.0
MOBS12W,1/2 X 3/4 BASE SHOE - WALNUT,2025-01-26,2026-01-26,4.0,193.0,16.083333333333332,32.166666666666664,48.25,377.0,0.0,377.0,23.440414507772022,False,0.0
MOBS12W,1/2 X 3/4 BASE SHOE - WALNUT,2025-01-26,2026-01-26,5.0,23.0,1.9166666666666667,3.8333333333333335,5.75,113.5,0.0,113.5,59.21739130434782,False,0.0
MOBS12W,1/2 X 3/4 BASE SHOE - WALNUT,2025-01-26,2026-01-26,6.0,425.0,35.416666666666664,70.83333333333333,106.25,427.5,0.0,427.5,12.07058823529412,False,0.0
MOBS12W,1/2 X 3/4 BASE SHOE - WALNUT,2025-01-26,2026-01-26,8.0,24.0,2.0,4.0,6.0,245.51,0.0,245.51,122.755,False,0.0
MOBS12W,1/2 X 3/4 BASE SHOE - WALNUT,2025-01-26,2026-01-26,9.0,47.0,3.9166666666666665,7.833333333333333,11.75,69.0,0.0,69.0,17.617021276595747,False,0.0
MOBS38PR,3/8 x 3/4 BASE SHOE - PRIME,2025-01-26,2026-01-26,1.0,4576.0,381.3333333333333,762.6666666666666,1144.0,6128.0,240.0,5888.0,15.440559440559442,False,0.0
MOBS38PR,3/8 x 3/4 BASE SHOE - PRIME,2025-01-26,2026-01-26,3.0,6704.0,558.6666666666666,1117.3333333333333,1676.0,2560.0,0.0,2560.0,4.5823389021479715,False,0.0
MOBS38PR,3/8 x 3/4 BASE SHOE - PRIME,2025-01-26,2026-01-26,4.0,1328.0,110.66666666666667,221.33333333333334,332.0,2655.0,0.0,2655.0,23.990963855421686,False,0.0
MOBS38PR,3/8 x 3/4 BASE SHOE - PRIME,2025-01-26,2026-01-26,5.0,0.0,0.0,0.0,0.0,18.0,0.0,18.0,inf,False,0.0
MOBS38PR,3/8 x 3/4 BASE SHOE - PRIME,2025-01-26,2026-01-26,6.0,3488.0,290.6666666666667,581.3333333333334,872.0,32.0,0.0,32.0,0.11009174311926605,True,840.0
MOBS38PR,3/8 x 3/4 BASE SHOE - PRIME,2025-01-26,2026-01-26,8.0,160.0,13.333333333333334,26.666666666666668,40.0,16.0,0.0,16.0,1.2,True,24.0
MOBS38PR,3/8 x 3/4 BASE SHOE - PRIME,2025-01-26,2026-01-26,9.0,1168.0,97.33333333333333,194.66666666666666,292.0,2832.0,0.0,2832.0,29.095890410958905,False,0.0
MOBSPR300BFJ,1/2 x 3/4 BASE SHOE - PRIME,2025-01-26,2026-01-26,1.0,75154.0,6262.833333333333,12525.666666666666,18788.5,48652.0,1952.0,46700.0,7.456688932059505,False,0.0
MOBSPR300BFJ,1/2 x 3/4 BASE SHOE - PRIME,2025-01-26,2026-01-26,3.0,42656.0,3554.6666666666665,7109.333333333333,10664.0,7536.0,128.0,7408.0,2.084021005251313,False,0.0
MOBSPR300BFJ,1/2 x 3/4 BASE SHOE - PRIME,2025-01-26,2026-01-26,4.0,19900.0,1658.3333333333333,3316.6666666666665,4975.0,10612.0,912.0,9700.0,5.849246231155779,False,0.0
MOBSPR300BFJ,1/2 x 3/4 BASE SHOE - PRIME,2025-01-26,2026-01-26,5.0,23882.0,1990.1666666666667,3980.3333333333335,5970.5,2533.0,704.0,1829.0,0.9190185076626748,True,4141.5
MOBSPR300BFJ,1/2 x 3/4 BASE SHOE - PRIME,2025-01-26,2026-01-26,6.0,62261.0,5188.416666666667,10376.833333333334,15565.25,29435.0,800.0,28635.0,5.519024750646472,False,0.0
MOBSPR300BFJ,1/2 x 3/4 BASE SHOE - PRIME,2025-01-26,2026-01-26,8.0,11872.0,989.3333333333334,1978.6666666666667,2968.0,4320.0,0.0,4320.0,4.366576819407008,False,0.0
MOBSPR300BFJ,1/2 x 3/4 BASE SHOE - PRIME,2025-01-26,2026-01-26,9.0,36082.0,3006.8333333333335,6013.666666666667,9020.5,24608.0,400.0,24208.0,8.050994955933707,False,0.0
MOBT58O,5/8 X 2 BABY TRESHOLD,2025-01-26,2026-01-26,1.0,111.0,9.25,18.5,27.75,514.5,0.0,514.5,55.62162162162162,False,0.0
MOBT58O,5/8 X 2 BABY TRESHOLD,2025-01-26,2026-01-26,3.0,135.5,11.291666666666666,22.583333333333332,33.875,178.95,0.0,178.95,15.847970479704797,False,0.0
MOBT58O,5/8 X 2 BABY TRESHOLD,2025-01-26,2026-01-26,4.0,80.0,6.666666666666667,13.333333333333334,20.0,68.0,0.0,68.0,10.2,False,0.0
MOBT58O,5/8 X 2 BABY TRESHOLD,2025-01-26,2026-01-26,5.0,477.5,39.791666666666664,79.58333333333333,119.375,139.0,0.0,139.0,3.493193717277487,False,0.0
MOBT58O,5/8 X 2 BABY TRESHOLD,2025-01-26,2026-01-26,6.0,172.0,14.333333333333334,28.666666666666668,43.0,203.5,0.0,203.5,14.19767441860465,False,0.0
MOBT58O,5/8 X 2 BABY TRESHOLD,2025-01-26,2026-01-26,8.0,34.0,2.8333333333333335,5.666666666666667,8.5,92.0,0.0,92.0,32.470588235294116,False,0.0
MOBT58O,5/8 X 2 BABY TRESHOLD,2025-01-26,2026-01-26,9.0,52.0,4.333333333333333,8.666666666666666,13.0,166.5,0.0,166.5,38.42307692307693,False,0.0
MOBT58R,5/8 x 2 BABY TRESHOLD,2025-01-26,2026-01-26,1.0,79.0,6.583333333333333,13.166666666666666,19.75,1231.0,0.0,1231.0,186.9873417721519,False,0.0
MOBT58R,5/8 x 2 BABY TRESHOLD,2025-01-26,2026-01-26,3.0,101.5,8.458333333333334,16.916666666666668,25.375,308.0,0.0,308.0,36.41379310344827,False,0.0
MOBT58R,5/8 x 2 BABY TRESHOLD,2025-01-26,2026-01-26,4.0,27.5,2.2916666666666665,4.583333333333333,6.875,201.0,0.0,201.0,87.70909090909092,False,0.0
MOBT58R,5/8 x 2 BABY TRESHOLD,2025-01-26,2026-01-26,5.0,195.5,16.291666666666668,32.583333333333336,48.875,232.5,3.0,229.5,14.086956521739129,False,0.0
MOBT58R,5/8 x 2 BABY TRESHOLD,2025-01-26,2026-01-26,6.0,293.5,24.458333333333332,48.916666666666664,73.375,262.0,0.0,262.0,10.712095400340717,False,0.0
MOBT58R,5/8 x 2 BABY TRESHOLD,2025-01-26,2026-01-26,8.0,25.0,2.0833333333333335,4.166666666666667,6.25,129.5,0.0,129.5,62.16,False,0.0
MOBT58R,5/8 x 2 BABY TRESHOLD,2025-01-26,2026-01-26,9.0,26.0,2.1666666666666665,4.333333333333333,6.5,226.5,0.0,226.5,104.53846153846155,False,0.0
MOCAMD120MUL,9/16 X 2 1/4 2RE CASING MDF,2025-01-26,2026-01-26,1.0,1657.0,138.08333333333334,276.1666666666667,414.25,253.0,0.0,253.0,1.832226916113458,False,0.0
MOCAMD120MUL,9/16 X 2 1/4 2RE CASING MDF,2025-01-26,2026-01-26,3.0,746.0,62.166666666666664,124.33333333333333,186.5,43.0,0.0,43.0,0.6916890080428955,True,62.94099872773536
MOCAMD120MUL,9/16 X 2 1/4 2RE CASING MDF,2025-01-26,2026-01-26,4.0,370.0,30.833333333333332,61.666666666666664,92.5,79.0,0.0,79.0,2.562162162162162,False,0.0
MOCAMD120MUL,9/16 X 2 1/4 2RE CASING MDF,2025-01-26,2026-01-26,5.0,175.0,14.583333333333334,29.166666666666668,43.75,45.0,0.0,45.0,3.0857142857142854,False,0.0
MOCAMD120MUL,9/16 X 2 1/4 2RE CASING MDF,2025-01-26,2026-01-26,6.0,704.0,58.666666666666664,117.33333333333333,176.0,68.0,0.0,68.0,1.1590909090909092,True,47.37022900763358
MOCAMD120MUL,9/16 X 2 1/4 2RE CASING MDF,2025-01-26,2026-01-26,8.0,53.0,4.416666666666667,8.833333333333334,13.25,292.0,0.0,292.0,66.11320754716981,False,0.0
MOCAMD120MUL,9/16 X 2 1/4 2RE CASING MDF,2025-01-26,2026-01-26,9.0,58.0,4.833333333333333,9.666666666666666,14.5,4.0,0.0,4.0,0.8275862068965518,True,4.6054389312977095
MOCAMD201,"9/16 X 2-1/4"" 201 MDF CASING",2025-01-26,2026-01-26,1.0,1.0,0.08333333333333333,0.16666666666666666,0.25,2.0,0.0,2.0,24.0,False,0.0
MOCAMD201,"9/16 X 2-1/4"" 201 MDF CASING",2025-01-26,2026-01-26,3.0,37.0,3.0833333333333335,6.166666666666667,9.25,40.0,0.0,40.0,12.972972972972972,False,0.0
MOCAMD201,"9/16 X 2-1/4"" 201 MDF CASING",2025-01-26,2026-01-26,4.0,58.0,4.833333333333333,9.666666666666666,14.5,0.0,0.0,0.0,0.0,True,0.8421717171717171
MOCAMD201,"9/16 X 2-1/4"" 201 MDF CASING",2025-01-26,2026-01-26,5.0,0.0,0.0,0.0,0.0,0.0,0.0,0.0,inf,False,0.0
MOCAMD201,"9/16 X 2-1/4"" 201 MDF CASING",2025-01-26,2026-01-26,6.0,41.0,3.4166666666666665,6.833333333333333,10.25,0.0,0.0,0.0,0.0,True,0.5953282828282829
MOCAMD201,"9/16 X 2-1/4"" 201 MDF CASING",2025-01-26,2026-01-26,8.0,33.0,2.75,5.5,8.25,36.0,36.0,0.0,0.0,True,0.4791666666666667
MOCV1234O,1/2 X 3/4 WHITE OAK COVE,2025-01-26,2026-01-26,1.0,1558.0,129.83333333333334,259.6666666666667,389.5,1078.0,322.0,756.0,5.822849807445443,False,0.0
MOCV1234O,1/2 X 3/4 WHITE OAK COVE,2025-01-26,2026-01-26,3.0,1114.5,92.875,185.75,278.625,227.0,0.0,227.0,2.4441453566621805,False,0.0
MOCV1234O,1/2 X 3/4 WHITE OAK COVE,2025-01-26,2026-01-26,4.0,0.0,0.0,0.0,0.0,0.5,0.0,0.5,inf,False,0.0
MOCV1234O,1/2 X 3/4 WHITE OAK COVE,2025-01-26,2026-01-26,5.0,70.0,5.833333333333333,11.666666666666666,17.5,147.0,0.0,147.0,25.200000000000003,False,0.0
MOCV1234O,1/2 X 3/4 WHITE OAK COVE,2025-01-26,2026-01-26,6.0,662.0,55.166666666666664,110.33333333333333,165.5,98.0,0.0,98.0,1.7764350453172206,True,67.5
MOCV1234O,1/2 X 3/4 WHITE OAK COVE,2025-01-26,2026-01-26,8.0,100.0,8.333333333333334,16.666666666666668,25.0,268.0,0.0,268.0,32.16,False,0.0
MOCV1234O,1/2 X 3/4 WHITE OAK COVE,2025-01-26,2026-01-26,9.0,120.0,10.0,20.0,30.0,51.0,0.0,51.0,5.1,False,0.0
MOCV1234R,1/2 X 3/4 RED OAK COVE,2025-01-26,2026-01-26,1.0,343.0,28.583333333333332,57.166666666666664,85.75,1646.5,0.0,1646.5,57.60349854227405,False,0.0
MOCV1234R,1/2 X 3/4 RED OAK COVE,2025-01-26,2026-01-26,3.0,420.0,35.0,70.0,105.0,154.0,0.0,154.0,4.4,False,0.0
MOCV1234R,1/2 X 3/4 RED OAK COVE,2025-01-26,2026-01-26,4.0,0.0,0.0,0.0,0.0,4.0,0.0,4.0,inf,False,0.0
MOCV1234R,1/2 X 3/4 RED OAK COVE,2025-01-26,2026-01-26,5.0,151.5,12.625,25.25,37.875,40.5,0.0,40.5,3.207920792079208,False,0.0
MOCV1234R,1/2 X 3/4 RED OAK COVE,2025-01-26,2026-01-26,6.0,988.0,82.33333333333333,164.66666666666666,247.0,235.0,0.0,235.0,2.854251012145749,False,0.0
MOCV1234R,1/2 X 3/4 RED OAK COVE,2025-01-26,2026-01-26,8.0,0.0,0.0,0.0,0.0,375.0,0.0,375.0,inf,False,0.0
MOCV1234R,1/2 X 3/4 RED OAK COVE,2025-01-26,2026-01-26,9.0,119.0,9.916666666666666,19.833333333333332,29.75,6.5,0.0,6.5,0.6554621848739496,True,23.25
MOCV1234W,1/2 X 3/4 WALNUT COVE,2025-01-26,2026-01-26,1.0,251.0,20.916666666666668,41.833333333333336,62.75,759.5,0.0,759.5,36.31075697211155,False,0.0
MOCV1234W,1/2 X 3/4 WALNUT COVE,2025-01-26,2026-01-26,3.0,1006.0,83.83333333333333,167.66666666666666,251.5,324.5,0.0,324.5,3.870775347912525,False,0.0
MOCV1234W,1/2 X 3/4 WALNUT COVE,2025-01-26,2026-01-26,4.0,22.0,1.8333333333333333,3.6666666666666665,5.5,0.0,0.0,0.0,0.0,True,5.5
MOCV1234W,1/2 X 3/4 WALNUT COVE,2025-01-26,2026-01-26,5.0,0.0,0.0,0.0,0.0,220.0,0.0,220.0,inf,False,0.0
MOCV1234W,1/2 X 3/4 WALNUT COVE,2025-01-26,2026-01-26,6.0,12.0,1.0,2.0,3.0,177.5,0.0,177.5,177.5,False,0.0
MOCV1234W,1/2 X 3/4 WALNUT COVE,2025-01-26,2026-01-26,8.0,0.0,0.0,0.0,0.0,70.5,0.0,70.5,inf,False,0.0
MOCV1234W,1/2 X 3/4 WALNUT COVE,2025-01-26,2026-01-26,9.0,0.0,0.0,0.0,0.0,33.0,0.0,33.0,inf,False,0.0
MONO12O,1/2 x 3-1/2 NOSING - WHITE OAK,2025-01-26,2026-01-26,1.0,1229.0,102.41666666666667,204.83333333333334,307.25,2004.5,3.0,2001.5,19.542717656631407,False,0.0
MONO12O,1/2 x 3-1/2 NOSING - WHITE OAK,2025-01-26,2026-01-26,3.0,986.0,82.16666666666667,164.33333333333334,246.5,64.0,0.0,64.0,0.7789046653144016,True,182.5
MONO12O,1/2 x 3-1/2 NOSING - WHITE OAK,2025-01-26,2026-01-26,4.0,453.0,37.75,75.5,113.25,16.5,0.0,16.5,0.4370860927152318,True,96.75
MONO12O,1/2 x 3-1/2 NOSING - WHITE OAK,2025-01-26,2026-01-26,5.0,1064.5,88.70833333333333,177.41666666666666,266.125,479.5,0.0,479.5,5.405354626585251,False,0.0
MONO12O,1/2 x 3-1/2 NOSING - WHITE OAK,2025-01-26,2026-01-26,6.0,1126.5,93.875,187.75,281.625,143.0,0.0,143.0,1.5233022636484688,True,138.625
MONO12O,1/2 x 3-1/2 NOSING - WHITE OAK,2025-01-26,2026-01-26,8.0,117.0,9.75,19.5,29.25,195.5,0.0,195.5,20.05128205128205,False,0.0
MONO12O,1/2 x 3-1/2 NOSING - WHITE OAK,2025-01-26,2026-01-26,9.0,394.0,32.833333333333336,65.66666666666667,98.5,81.0,12.0,69.0,2.1015228426395938,False,0.0
MONO12R,1/2 x 3-1/2 NOSING - RED OAK,2025-01-26,2026-01-26,1.0,1113.5,92.79166666666667,185.58333333333334,278.375,1089.5,0.0,1089.5,11.7413560844185,False,0.0
MONO12R,1/2 x 3-1/2 NOSING - RED OAK,2025-01-26,2026-01-26,3.0,400.5,33.375,66.75,100.125,148.0,0.0,148.0,4.4344569288389515,False,0.0
MONO12R,1/2 x 3-1/2 NOSING - RED OAK,2025-01-26,2026-01-26,4.0,127.5,10.625,21.25,31.875,234.0,82.0,152.0,14.305882352941177,False,0.0
MONO12R,1/2 x 3-1/2 NOSING - RED OAK,2025-01-26,2026-01-26,5.0,258.5,21.541666666666668,43.083333333333336,64.625,129.0,0.0,129.0,5.9883945841392645,False,0.0
MONO12R,1/2 x 3-1/2 NOSING - RED OAK,2025-01-26,2026-01-26,6.0,438.5,36.541666666666664,73.08333333333333,109.625,79.5,3.0,76.5,2.093500570125428,False,0.0
MONO12R,1/2 x 3-1/2 NOSING - RED OAK,2025-01-26,2026-01-26,8.0,72.0,6.0,12.0,18.0,132.0,0.0,132.0,22.0,False,0.0
MONO12R,1/2 x 3-1/2 NOSING - RED OAK,2025-01-26,2026-01-26,9.0,211.0,17.583333333333332,35.166666666666664,52.75,51.5,0.0,51.5,2.9289099526066353,False,0.0
MONO34O,3/4 x 3-1/2 NOSING - WHITE OAK,2025-01-26,2026-01-26,1.0,1540.0,128.33333333333334,256.6666666666667,385.0,1640.5,14.0,1626.5,12.674025974025973,False,0.0
MONO34O,3/4 x 3-1/2 NOSING - WHITE OAK,2025-01-26,2026-01-26,3.0,976.0,81.33333333333333,162.66666666666666,244.0,670.5,0.0,670.5,8.243852459016393,False,0.0
MONO34O,3/4 x 3-1/2 NOSING - WHITE OAK,2025-01-26,2026-01-26,4.0,239.0,19.916666666666668,39.833333333333336,59.75,0.0,0.0,0.0,0.0,True,59.75
MONO34O,3/4 x 3-1/2 NOSING - WHITE OAK,2025-01-26,2026-01-26,5.0,365.5,30.458333333333332,60.916666666666664,91.375,86.8,0.0,86.8,2.849794801641587,False,0.0
MONO34O,3/4 x 3-1/2 NOSING - WHITE OAK,2025-01-26,2026-01-26,6.0,600.5,50.041666666666664,100.08333333333333,150.125,340.5,0.0,340.5,6.8043297252289765,False,0.0
MONO34O,3/4 x 3-1/2 NOSING - WHITE OAK,2025-01-26,2026-01-26,8.0,44.5,3.7083333333333335,7.416666666666667,11.125,131.0,0.0,131.0,35.32584269662921,False,0.0
MONO34O,3/4 x 3-1/2 NOSING - WHITE OAK,2025-01-26,2026-01-26,9.0,157.5,13.125,26.25,39.375,267.0,0.0,267.0,20.34285714285714,False,0.0
MONO34R,3/4 x 3 1/2 NOSING - RED OAK,2025-01-26,2026-01-26,1.0,731.0,60.916666666666664,121.83333333333333,182.75,708.0,56.0,652.0,10.703146374829002,False,0.0
MONO34R,3/4 x 3 1/2 NOSING - RED OAK,2025-01-26,2026-01-26,3.0,388.5,32.375,64.75,97.125,211.0,0.0,211.0,6.517374517374518,False,0.0
MONO34R,3/4 x 3 1/2 NOSING - RED OAK,2025-01-26,2026-01-26,4.0,162.5,13.541666666666666,27.083333333333332,40.625,238.5,0.0,238.5,17.61230769230769,False,0.0
MONO34R,3/4 x 3 1/2 NOSING - RED OAK,2025-01-26,2026-01-26,5.0,180.5,15.041666666666666,30.083333333333332,45.125,135.0,0.0,135.0,8.975069252077562,False,0.0
MONO34R,3/4 x 3 1/2 NOSING - RED OAK,2025-01-26,2026-01-26,6.0,783.0,65.25,130.5,195.75,135.5,0.0,135.5,2.0766283524904217,False,0.0
MONO34R,3/4 x 3 1/2 NOSING - RED OAK,2025-01-26,2026-01-26,8.0,64.0,5.333333333333333,10.666666666666666,16.0,167.0,0.0,167.0,31.3125,False,0.0
MONO34R,3/4 x 3 1/2 NOSING - RED OAK,2025-01-26,2026-01-26,9.0,106.5,8.875,17.75,26.625,240.5,0.0,240.5,27.098591549295776,False,0.0
MONO34R5,3/4 X 5 1/2 NOSING - RED OAK,2025-01-26,2026-01-26,1.0,313.0,26.083333333333332,52.166666666666664,78.25,402.0,0.0,402.0,15.412140575079873,False,0.0
MONO34R5,3/4 X 5 1/2 NOSING - RED OAK,2025-01-26,2026-01-26,3.0,134.5,11.208333333333334,22.416666666666668,33.625,150.0,0.0,150.0,13.382899628252787,False,0.0
MONO34R5,3/4 X 5 1/2 NOSING - RED OAK,2025-01-26,2026-01-26,4.0,5.0,0.4166666666666667,0.8333333333333334,1.25,269.0,0.0,269.0,645.6,False,0.0
MONO34R5,3/4 X 5 1/2 NOSING - RED OAK,2025-01-26,2026-01-26,5.0,7.0,0.5833333333333334,1.1666666666666667,1.75,0.0,0.0,0.0,0.0,True,1.75
MONO34R5,3/4 X 5 1/2 NOSING - RED OAK,2025-01-26,2026-01-26,6.0,333.5,27.791666666666668,55.583333333333336,83.375,140.5,0.0,140.5,5.055472263868066,False,0.0
MONO34R5,3/4 X 5 1/2 NOSING - RED OAK,2025-01-26,2026-01-26,8.0,32.5,2.7083333333333335,5.416666666666667,8.125,223.5,0.0,223.5,82.52307692307691,False,0.0
MONO34R5,3/4 X 5 1/2 NOSING - RED OAK,2025-01-26,2026-01-26,9.0,29.0,2.4166666666666665,4.833333333333333,7.25,56.0,0.0,56.0,23.17241379310345,False,0.0
MONO38M,3/8 x 3 1/2 NOSING - MAPLE,2025-01-26,2026-01-26,1.0,0.0,0.0,0.0,0.0,13.0,0.0,13.0,inf,False,0.0
MONO38M,3/8 x 3 1/2 NOSING - MAPLE,2025-01-26,2026-01-26,3.0,0.0,0.0,0.0,0.0,31.0,0.0,31.0,inf,False,0.0
MONO38M,3/8 x 3 1/2 NOSING - MAPLE,2025-01-26,2026-01-26,4.0,0.0,0.0,0.0,0.0,6.0,0.0,6.0,inf,False,0.0
MONO38M,3/8 x 3 1/2 NOSING - MAPLE,2025-01-26,2026-01-26,5.0,0.0,0.0,0.0,0.0,9.0,0.0,9.0,inf,False,0.0
MONO38M,3/8 x 3 1/2 NOSING - MAPLE,2025-01-26,2026-01-26,6.0,0.0,0.0,0.0,0.0,24.0,0.0,24.0,inf,False,0.0
MONO38M,3/8 x 3 1/2 NOSING - MAPLE,2025-01-26,2026-01-26,8.0,0.0,0.0,0.0,0.0,0.0,0.0,0.0,inf,False,0.0
MONO38M,3/8 x 3 1/2 NOSING - MAPLE,2025-01-26,2026-01-26,9.0,0.0,0.0,0.0,0.0,0.0,0.0,0.0,inf,False,0.0
MONO38O,3/8 x 3 1/2 NOSING - WHITE OAK,2025-01-26,2026-01-26,1.0,0.0,0.0,0.0,0.0,0.0,0.0,0.0,inf,False,0.0
MONO38O,3/8 x 3 1/2 NOSING - WHITE OAK,2025-01-26,2026-01-26,3.0,50.0,4.166666666666667,8.333333333333334,12.5,47.5,0.0,47.5,11.399999999999999,False,0.0
MONO38O,3/8 x 3 1/2 NOSING - WHITE OAK,2025-01-26,2026-01-26,4.0,0.0,0.0,0.0,0.0,0.0,0.0,0.0,inf,False,0.0
MONO38O,3/8 x 3 1/2 NOSING - WHITE OAK,2025-01-26,2026-01-26,5.0,58.0,4.833333333333333,9.666666666666666,14.5,44.0,0.0,44.0,9.10344827586207,False,0.0
MONO38O,3/8 x 3 1/2 NOSING - WHITE OAK,2025-01-26,2026-01-26,6.0,12.0,1.0,2.0,3.0,40.0,40.0,0.0,0.0,False,0.0
MONO38O,3/8 x 3 1/2 NOSING - WHITE OAK,2025-01-26,2026-01-26,8.0,0.0,0.0,0.0,0.0,0.0,0.0,0.0,inf,False,0.0
MONO38O,3/8 x 3 1/2 NOSING - WHITE OAK,2025-01-26,2026-01-26,9.0,0.0,0.0,0.0,0.0,16.0,0.0,16.0,inf,False,0.0
MONO38R,3/8 x 3 1/2 NOSING - RED OAK,2025-01-26,2026-01-26,1.0,19.0,1.5833333333333333,3.1666666666666665,4.75,283.0,0.0,283.0,178.73684210526318,False,0.0
MONO38R,3/8 x 3 1/2 NOSING - RED OAK,2025-01-26,2026-01-26,3.0,30.0,2.5,5.0,7.5,115.0,0.0,115.0,46.0,False,0.0
MONO38R,3/8 x 3 1/2 NOSING - RED OAK,2025-01-26,2026-01-26,4.0,31.0,2.5833333333333335,5.166666666666667,7.75,96.0,0.0,96.0,37.16129032258064,False,0.0
MONO38R,3/8 x 3 1/2 NOSING - RED OAK,2025-01-26,2026-01-26,5.0,48.5,4.041666666666667,8.083333333333334,12.125,84.5,0.0,84.5,20.907216494845358,False,0.0
MONO38R,3/8 x 3 1/2 NOSING - RED OAK,2025-01-26,2026-01-26,6.0,57.0,4.75,9.5,14.25,54.0,0.0,54.0,11.368421052631579,False,0.0
MONO38R,3/8 x 3 1/2 NOSING - RED OAK,2025-01-26,2026-01-26,8.0,0.0,0.0,0.0,0.0,42.5,0.0,42.5,inf,False,0.0
MONO38R,3/8 x 3 1/2 NOSING - RED OAK,2025-01-26,2026-01-26,9.0,54.0,4.5,9.0,13.5,103.5,0.0,103.5,23.0,False,0.0
MOQR34FJP,3/4 x 3/4 FJ PINE QTR ROUND,2025-01-26,2026-01-26,1.0,512.0,42.666666666666664,85.33333333333333,128.0,9728.0,2400.0,7328.0,171.75,False,0.0
MOQR34FJP,3/4 x 3/4 FJ PINE QTR ROUND,2025-01-26,2026-01-26,5.0,5745.0,478.75,957.5,1436.25,1223.0,627.0,596.0,1.2449086161879896,True,840.25
MOQR34FJP,3/4 x 3/4 FJ PINE QTR ROUND,2025-01-26,2026-01-26,8.0,0.0,0.0,0.0,0.0,0.0,0.0,0.0,inf,False,0.0
MOQR34M,3/4 x 3/4 MAPLE QUARTER ROUND,2025-01-26,2026-01-26,1.0,193.0,16.083333333333332,32.166666666666664,48.25,1787.0,0.0,1787.0,111.10880829015545,False,0.0
MOQR34M,3/4 x 3/4 MAPLE QUARTER ROUND,2025-01-26,2026-01-26,3.0,10.0,0.8333333333333334,1.6666666666666667,2.5,810.0,0.0,810.0,972.0,False,0.0
MOQR34M,3/4 x 3/4 MAPLE QUARTER ROUND,2025-01-26,2026-01-26,4.0,0.0,0.0,0.0,0.0,601.0,0.0,601.0,inf,False,0.0
MOQR34M,3/4 x 3/4 MAPLE QUARTER ROUND,2025-01-26,2026-01-26,5.0,180.5,15.041666666666666,30.083333333333332,45.125,35.5,0.0,35.5,2.3601108033241,False,0.0
MOQR34M,3/4 x 3/4 MAPLE QUARTER ROUND,2025-01-26,2026-01-26,6.0,322.0,26.833333333333332,53.666666666666664,80.5,618.0,0.0,618.0,23.03105590062112,False,0.0
MOQR34M,3/4 x 3/4 MAPLE QUARTER ROUND,2025-01-26,2026-01-26,8.0,0.0,0.0,0.0,0.0,16.0,0.0,16.0,inf,False,0.0
MOQR34M,3/4 x 3/4 MAPLE QUARTER ROUND,2025-01-26,2026-01-26,9.0,243.0,20.25,40.5,60.75,25.0,0.0,25.0,1.2345679012345678,True,35.75
MOQR34O,3/4 x 3/4 WHITE OAK QTR ROUND,2025-01-26,2026-01-26,1.0,372.0,31.0,62.0,93.0,2417.5,0.0,2417.5,77.98387096774194,False,0.0
MOQR34O,3/4 x 3/4 WHITE OAK QTR ROUND,2025-01-26,2026-01-26,3.0,111.0,9.25,18.5,27.75,919.0,0.0,919.0,99.35135135135135,False,0.0
MOQR34O,3/4 x 3/4 WHITE OAK QTR ROUND,2025-01-26,2026-01-26,4.0,94.0,7.833333333333333,15.666666666666666,23.5,781.0,110.0,671.0,85.65957446808511,False,0.0
MOQR34O,3/4 x 3/4 WHITE OAK QTR ROUND,2025-01-26,2026-01-26,5.0,669.0,55.75,111.5,167.25,629.0,522.0,107.0,1.9192825112107623,True,60.25
MOQR34O,3/4 x 3/4 WHITE OAK QTR ROUND,2025-01-26,2026-01-26,6.0,863.0,71.91666666666667,143.83333333333334,215.75,208.0,0.0,208.0,2.892236384704519,False,0.0
MOQR34O,3/4 x 3/4 WHITE OAK QTR ROUND,2025-01-26,2026-01-26,8.0,414.0,34.5,69.0,103.5,319.0,0.0,319.0,9.246376811594203,False,0.0
MOQR34O,3/4 x 3/4 WHITE OAK QTR ROUND,2025-01-26,2026-01-26,9.0,672.0,56.0,112.0,168.0,178.0,0.0,178.0,3.1785714285714284,False,0.0
MOQR34PR,3/4 x 3/4 PRIME QUARTER ROUND,2025-01-26,2026-01-26,1.0,6224.0,518.6666666666666,1037.3333333333333,1556.0,54368.0,640.0,53728.0,103.58868894601544,False,0.0
MOQR34PR,3/4 x 3/4 PRIME QUARTER ROUND,2025-01-26,2026-01-26,3.0,2800.0,233.33333333333334,466.6666666666667,700.0,768.0,0.0,768.0,3.2914285714285714,False,0.0
MOQR34PR,3/4 x 3/4 PRIME QUARTER ROUND,2025-01-26,2026-01-26,4.0,1712.0,142.66666666666666,285.3333333333333,428.0,96.0,0.0,96.0,0.6728971962616823,True,332.0
MOQR34PR,3/4 x 3/4 PRIME QUARTER ROUND,2025-01-26,2026-01-26,5.0,0.0,0.0,0.0,0.0,47.0,0.0,47.0,inf,False,0.0
MOQR34PR,3/4 x 3/4 PRIME QUARTER ROUND,2025-01-26,2026-01-26,6.0,224.0,18.666666666666668,37.333333333333336,56.0,0.0,0.0,0.0,0.0,True,56.0
MOQR34PR,3/4 x 3/4 PRIME QUARTER ROUND,2025-01-26,2026-01-26,8.0,16.0,1.3333333333333333,2.6666666666666665,4.0,341.0,0.0,341.0,255.75,False,0.0
MOQR34PR,3/4 x 3/4 PRIME QUARTER ROUND,2025-01-26,2026-01-26,9.0,1664.0,138.66666666666666,277.3333333333333,416.0,1358.0,0.0,1358.0,9.793269230769232,False,0.0
MOQR34R,3/4 x 3/4 RED OAK QTR ROUND,2025-01-26,2026-01-26,1.0,104.0,8.666666666666666,17.333333333333332,26.0,5582.0,0.0,5582.0,644.0769230769231,False,0.0
MOQR34R,3/4 x 3/4 RED OAK QTR ROUND,2025-01-26,2026-01-26,3.0,57.0,4.75,9.5,14.25,1115.0,0.0,1115.0,234.73684210526315,False,0.0
MOQR34R,3/4 x 3/4 RED OAK QTR ROUND,2025-01-26,2026-01-26,4.0,78.0,6.5,13.0,19.5,429.0,0.0,429.0,66.0,False,0.0
MOQR34R,3/4 x 3/4 RED OAK QTR ROUND,2025-01-26,2026-01-26,5.0,396.0,33.0,66.0,99.0,260.0,170.0,90.0,2.727272727272727,False,0.0
MOQR34R,3/4 x 3/4 RED OAK QTR ROUND,2025-01-26,2026-01-26,6.0,280.0,23.333333333333332,46.666666666666664,70.0,174.0,0.0,174.0,7.457142857142857,False,0.0
MOQR34R,3/4 x 3/4 RED OAK QTR ROUND,2025-01-26,2026-01-26,8.0,45.0,3.75,7.5,11.25,520.0,0.0,520.0,138.66666666666666,False,0.0
MOQR34R,3/4 x 3/4 RED OAK QTR ROUND,2025-01-26,2026-01-26,9.0,0.0,0.0,0.0,0.0,446.5,0.0,446.5,inf,False,0.0
MORE12O,1/2 x 2 REDUCER - WHITE OAK,2025-01-26,2026-01-26,1.0,967.5,80.625,161.25,241.875,1173.0,326.0,847.0,10.505426356589147,False,0.0
MORE12O,1/2 x 2 REDUCER - WHITE OAK,2025-01-26,2026-01-26,3.0,636.0,53.0,106.0,159.0,430.5,0.0,430.5,8.122641509433961,False,0.0
MORE12O,1/2 x 2 REDUCER - WHITE OAK,2025-01-26,2026-01-26,4.0,349.5,29.125,58.25,87.375,550.0,0.0,550.0,18.88412017167382,False,0.0
MORE12O,1/2 x 2 REDUCER - WHITE OAK,2025-01-26,2026-01-26,5.0,436.5,36.375,72.75,109.125,11.0,0.0,11.0,0.3024054982817869,True,98.125
MORE12O,1/2 x 2 REDUCER - WHITE OAK,2025-01-26,2026-01-26,6.0,482.0,40.166666666666664,80.33333333333333,120.5,118.0,118.0,0.0,0.0,True,120.5
MORE12O,1/2 x 2 REDUCER - WHITE OAK,2025-01-26,2026-01-26,8.0,110.0,9.166666666666666,18.333333333333332,27.5,283.0,0.0,283.0,30.872727272727275,False,0.0
MORE12O,1/2 x 2 REDUCER - WHITE OAK,2025-01-26,2026-01-26,9.0,354.5,29.541666666666668,59.083333333333336,88.625,9.0,0.0,9.0,0.30465444287729193,True,79.625
MORE12OLO,1/2X2-1/2 OVERLAP REDUCER W/O,2025-01-26,2026-01-26,1.0,137.5,11.458333333333334,22.916666666666668,34.375,482.0,0.0,482.0,42.06545454545454,False,0.0
MORE12OLO,1/2X2-1/2 OVERLAP REDUCER W/O,2025-01-26,2026-01-26,3.0,159.5,13.291666666666666,26.583333333333332,39.875,97.0,0.0,97.0,7.297805642633229,False,0.0
MORE12OLO,1/2X2-1/2 OVERLAP REDUCER W/O,2025-01-26,2026-01-26,4.0,51.0,4.25,8.5,12.75,108.5,0.0,108.5,25.529411764705884,False,0.0
MORE12OLO,1/2X2-1/2 OVERLAP REDUCER W/O,2025-01-26,2026-01-26,5.0,54.0,4.5,9.0,13.5,217.5,0.0,217.5,48.333333333333336,False,0.0
MORE12OLO,1/2X2-1/2 OVERLAP REDUCER W/O,2025-01-26,2026-01-26,6.0,45.5,3.7916666666666665,7.583333333333333,11.375,122.0,0.0,122.0,32.175824175824175,False,0.0
MORE12OLO,1/2X2-1/2 OVERLAP REDUCER W/O,2025-01-26,2026-01-26,8.0,32.0,2.6666666666666665,5.333333333333333,8.0,219.5,0.0,219.5,82.3125,False,0.0
MORE12OLO,1/2X2-1/2 OVERLAP REDUCER W/O,2025-01-26,2026-01-26,9.0,30.5,2.5416666666666665,5.083333333333333,7.625,142.5,0.0,142.5,56.06557377049181,False,0.0
MORE12OLR,1/2X2-1/2 OVERLAP REDUCER R/O,2025-01-26,2026-01-26,1.0,146.0,12.166666666666666,24.333333333333332,36.5,322.5,0.0,322.5,26.506849315068493,False,0.0
MORE12OLR,1/2X2-1/2 OVERLAP REDUCER R/O,2025-01-26,2026-01-26,3.0,62.5,5.208333333333333,10.416666666666666,15.625,59.0,0.0,59.0,11.328000000000001,False,0.0
MORE12OLR,1/2X2-1/2 OVERLAP REDUCER R/O,2025-01-26,2026-01-26,4.0,0.0,0.0,0.0,0.0,0.5,0.0,0.5,inf,False,0.0
MORE12OLR,1/2X2-1/2 OVERLAP REDUCER R/O,2025-01-26,2026-01-26,5.0,31.0,2.5833333333333335,5.166666666666667,7.75,358.5,0.0,358.5,138.77419354838707,False,0.0
MORE12OLR,1/2X2-1/2 OVERLAP REDUCER R/O,2025-01-26,2026-01-26,6.0,204.0,17.0,34.0,51.0,181.5,0.0,181.5,10.676470588235293,False,0.0
MORE12OLR,1/2X2-1/2 OVERLAP REDUCER R/O,2025-01-26,2026-01-26,8.0,28.0,2.3333333333333335,4.666666666666667,7.0,163.0,6.0,157.0,67.28571428571428,False,0.0
MORE12OLR,1/2X2-1/2 OVERLAP REDUCER R/O,2025-01-26,2026-01-26,9.0,63.0,5.25,10.5,15.75,364.5,0.0,364.5,69.42857142857143,False,0.0
MORE12R,1/2 x 2 REDUCER - RED OAK,2025-01-26,2026-01-26,1.0,685.5,57.125,114.25,171.375,787.0,122.0,665.0,11.641137855579869,False,0.0
MORE12R,1/2 x 2 REDUCER - RED OAK,2025-01-26,2026-01-26,3.0,427.5,35.625,71.25,106.875,134.5,0.0,134.5,3.7754385964912283,False,0.0
MORE12R,1/2 x 2 REDUCER - RED OAK,2025-01-26,2026-01-26,4.0,105.0,8.75,17.5,26.25,13.5,0.0,13.5,1.542857142857143,True,12.75
MORE12R,1/2 x 2 REDUCER - RED OAK,2025-01-26,2026-01-26,5.0,357.0,29.75,59.5,89.25,86.0,0.0,86.0,2.8907563025210083,False,0.0
MORE12R,1/2 x 2 REDUCER - RED OAK,2025-01-26,2026-01-26,6.0,764.5,63.708333333333336,127.41666666666667,191.125,224.5,0.0,224.5,3.5238718116415955,False,0.0
MORE12R,1/2 x 2 REDUCER - RED OAK,2025-01-26,2026-01-26,8.0,226.0,18.833333333333332,37.666666666666664,56.5,326.0,0.0,326.0,17.309734513274336,False,0.0
MORE12R,1/2 x 2 REDUCER - RED OAK,2025-01-26,2026-01-26,9.0,319.5,26.625,53.25,79.875,152.0,0.0,152.0,5.708920187793427,False,0.0
MORE34H,3/4 X 2-1/4 REDUCER - HICKORY,2025-01-26,2026-01-26,1.0,53.5,4.458333333333333,8.916666666666666,13.375,454.0,0.0,454.0,101.83177570093459,False,0.0
MORE34H,3/4 X 2-1/4 REDUCER - HICKORY,2025-01-26,2026-01-26,3.0,0.0,0.0,0.0,0.0,178.0,0.0,178.0,inf,False,0.0
MORE34H,3/4 X 2-1/4 REDUCER - HICKORY,2025-01-26,2026-01-26,4.0,0.0,0.0,0.0,0.0,9.5,0.0,9.5,inf,False,0.0
MORE34H,3/4 X 2-1/4 REDUCER - HICKORY,2025-01-26,2026-01-26,5.0,0.0,0.0,0.0,0.0,0.0,0.0,0.0,inf,False,0.0
MORE34H,3/4 X 2-1/4 REDUCER - HICKORY,2025-01-26,2026-01-26,6.0,0.0,0.0,0.0,0.0,19.0,0.0,19.0,inf,False,0.0
MORE34H,3/4 X 2-1/4 REDUCER - HICKORY,2025-01-26,2026-01-26,8.0,0.0,0.0,0.0,0.0,95.0,0.0,95.0,inf,False,0.0
MORE34H,3/4 X 2-1/4 REDUCER - HICKORY,2025-01-26,2026-01-26,9.0,0.0,0.0,0.0,0.0,22.5,0.0,22.5,inf,False,0.0
MORE34M,3/4 x 2-1/4 REDUCER - MAPLE,2025-01-26,2026-01-26,1.0,176.0,14.666666666666666,29.333333333333332,44.0,275.0,0.0,275.0,18.75,False,0.0
MORE34M,3/4 x 2-1/4 REDUCER - MAPLE,2025-01-26,2026-01-26,3.0,20.0,1.6666666666666667,3.3333333333333335,5.0,262.5,0.0,262.5,157.5,False,0.0
MORE34M,3/4 x 2-1/4 REDUCER - MAPLE,2025-01-26,2026-01-26,4.0,14.0,1.1666666666666667,2.3333333333333335,3.5,312.0,0.0,312.0,267.4285714285714,False,0.0
MORE34M,3/4 x 2-1/4 REDUCER - MAPLE,2025-01-26,2026-01-26,5.0,57.0,4.75,9.5,14.25,122.5,0.0,122.5,25.789473684210527,False,0.0
MORE34M,3/4 x 2-1/4 REDUCER - MAPLE,2025-01-26,2026-01-26,6.0,58.5,4.875,9.75,14.625,39.5,0.0,39.5,8.102564102564102,False,0.0
MORE34M,3/4 x 2-1/4 REDUCER - MAPLE,2025-01-26,2026-01-26,8.0,0.0,0.0,0.0,0.0,429.0,0.0,429.0,inf,False,0.0
MORE34M,3/4 x 2-1/4 REDUCER - MAPLE,2025-01-26,2026-01-26,9.0,41.5,3.4583333333333335,6.916666666666667,10.375,308.5,0.0,308.5,89.20481927710843,False,0.0
MORE34O,3/4 X 2-1/4 REDUCER WHITE OAK,2025-01-26,2026-01-26,1.0,621.0,51.75,103.5,155.25,888.5,232.5,656.0,12.676328502415458,False,0.0
MORE34O,3/4 X 2-1/4 REDUCER WHITE OAK,2025-01-26,2026-01-26,3.0,890.5,74.20833333333333,148.41666666666666,222.625,345.5,0.0,345.5,4.655811341942729,False,0.0
MORE34O,3/4 X 2-1/4 REDUCER WHITE OAK,2025-01-26,2026-01-26,4.0,135.0,11.25,22.5,33.75,200.5,24.0,176.5,15.688888888888888,False,0.0
MORE34O,3/4 X 2-1/4 REDUCER WHITE OAK,2025-01-26,2026-01-26,5.0,388.5,32.375,64.75,97.125,77.0,0.0,77.0,2.3783783783783785,False,0.0
MORE34O,3/4 X 2-1/4 REDUCER WHITE OAK,2025-01-26,2026-01-26,6.0,814.0,67.83333333333333,135.66666666666666,203.5,185.5,0.0,185.5,2.734643734643735,False,0.0
MORE34O,3/4 X 2-1/4 REDUCER WHITE OAK,2025-01-26,2026-01-26,8.0,83.5,6.958333333333333,13.916666666666666,20.875,367.5,0.0,367.5,52.814371257485035,False,0.0
MORE34O,3/4 X 2-1/4 REDUCER WHITE OAK,2025-01-26,2026-01-26,9.0,289.0,24.083333333333332,48.166666666666664,72.25,44.5,0.0,44.5,1.8477508650519032,True,27.75
MORE34OLO,3/4 X 3 OVERLAP REDUCER W/O,2025-01-26,2026-01-26,1.0,249.5,20.791666666666668,41.583333333333336,62.375,378.5,0.0,378.5,18.20440881763527,False,0.0
MORE34OLO,3/4 X 3 OVERLAP REDUCER W/O,2025-01-26,2026-01-26,3.0,156.0,13.0,26.0,39.0,66.5,0.0,66.5,5.115384615384615,False,0.0
MORE34OLO,3/4 X 3 OVERLAP REDUCER W/O,2025-01-26,2026-01-26,4.0,4.0,0.3333333333333333,0.6666666666666666,1.0,7.0,0.0,7.0,21.0,False,0.0
MORE34OLO,3/4 X 3 OVERLAP REDUCER W/O,2025-01-26,2026-01-26,5.0,119.5,9.958333333333334,19.916666666666668,29.875,213.0,0.0,213.0,21.389121338912133,False,0.0
MORE34OLO,3/4 X 3 OVERLAP REDUCER W/O,2025-01-26,2026-01-26,6.0,108.5,9.041666666666666,18.083333333333332,27.125,79.5,3.0,76.5,8.460829493087559,False,0.0
MORE34OLO,3/4 X 3 OVERLAP REDUCER W/O,2025-01-26,2026-01-26,8.0,46.0,3.8333333333333335,7.666666666666667,11.5,148.0,0.0,148.0,38.608695652173914,False,0.0
MORE34OLO,3/4 X 3 OVERLAP REDUCER W/O,2025-01-26,2026-01-26,9.0,35.5,2.9583333333333335,5.916666666666667,8.875,238.0,0.0,238.0,80.45070422535211,False,0.0
MORE34OLR,3/4 X 3 OVERLAP REDUCER R/O,2025-01-26,2026-01-26,1.0,213.5,17.791666666666668,35.583333333333336,53.375,316.0,0.0,316.0,17.761124121779858,False,0.0
MORE34OLR,3/4 X 3 OVERLAP REDUCER R/O,2025-01-26,2026-01-26,3.0,109.5,9.125,18.25,27.375,164.0,0.0,164.0,17.972602739726028,False,0.0
MORE34OLR,3/4 X 3 OVERLAP REDUCER R/O,2025-01-26,2026-01-26,4.0,17.5,1.4583333333333333,2.9166666666666665,4.375,24.0,0.0,24.0,16.45714285714286,False,0.0
MORE34OLR,3/4 X 3 OVERLAP REDUCER R/O,2025-01-26,2026-01-26,5.0,98.5,8.208333333333334,16.416666666666668,24.625,121.0,0.0,121.0,14.741116751269034,False,0.0
MORE34OLR,3/4 X 3 OVERLAP REDUCER R/O,2025-01-26,2026-01-26,6.0,194.5,16.208333333333332,32.416666666666664,48.625,47.0,0.0,47.0,2.89974293059126,False,0.0
MORE34OLR,3/4 X 3 OVERLAP REDUCER R/O,2025-01-26,2026-01-26,8.0,67.0,5.583333333333333,11.166666666666666,16.75,225.95,3.0,222.95,39.93134328358209,False,0.0
MORE34OLR,3/4 X 3 OVERLAP REDUCER R/O,2025-01-26,2026-01-26,9.0,57.0,4.75,9.5,14.25,198.5,0.0,198.5,41.78947368421053,False,0.0
MORE34R,3/4 X 2-1/4 REDUCER - RED OAK,2025-01-26,2026-01-26,1.0,550.5,45.875,91.75,137.625,298.5,122.5,176.0,3.8365122615803813,False,0.0
MORE34R,3/4 X 2-1/4 REDUCER - RED OAK,2025-01-26,2026-01-26,3.0,356.5,29.708333333333332,59.416666666666664,89.125,120.5,0.0,120.5,4.056100981767181,False,0.0
MORE34R,3/4 X 2-1/4 REDUCER - RED OAK,2025-01-26,2026-01-26,4.0,302.5,25.208333333333332,50.416666666666664,75.625,303.0,238.0,65.0,2.578512396694215,False,0.0
MORE34R,3/4 X 2-1/4 REDUCER - RED OAK,2025-01-26,2026-01-26,5.0,271.5,22.625,45.25,67.875,88.0,71.5,16.5,0.7292817679558011,True,51.375
MORE34R,3/4 X 2-1/4 REDUCER - RED OAK,2025-01-26,2026-01-26,6.0,682.5,56.875,113.75,170.625,176.5,0.0,176.5,3.1032967032967034,False,0.0
MORE34R,3/4 X 2-1/4 REDUCER - RED OAK,2025-01-26,2026-01-26,8.0,162.0,13.5,27.0,40.5,167.5,0.0,167.5,12.407407407407407,False,0.0
MORE34R,3/4 X 2-1/4 REDUCER - RED OAK,2025-01-26,2026-01-26,9.0,267.0,22.25,44.5,66.75,205.5,0.0,205.5,9.235955056179776,False,0.0
MORE38O,3/8 x 2 REDUCER - WHITE OAK,2025-01-26,2026-01-26,1.0,454.0,37.833333333333336,75.66666666666667,113.5,399.5,0.0,399.5,10.559471365638766,False,0.0
MORE38O,3/8 x 2 REDUCER - WHITE OAK,2025-01-26,2026-01-26,3.0,299.0,24.916666666666668,49.833333333333336,74.75,263.5,0.0,263.5,10.5752508361204,False,0.0
MORE38O,3/8 x 2 REDUCER - WHITE OAK,2025-01-26,2026-01-26,4.0,87.0,7.25,14.5,21.75,276.0,0.0,276.0,38.06896551724138,False,0.0
MORE38O,3/8 x 2 REDUCER - WHITE OAK,2025-01-26,2026-01-26,5.0,101.0,8.416666666666666,16.833333333333332,25.25,87.0,0.0,87.0,10.336633663366337,False,0.0
MORE38O,3/8 x 2 REDUCER - WHITE OAK,2025-01-26,2026-01-26,6.0,348.0,29.0,58.0,87.0,294.5,12.0,282.5,9.741379310344827,False,0.0
MORE38O,3/8 x 2 REDUCER - WHITE OAK,2025-01-26,2026-01-26,8.0,23.0,1.9166666666666667,3.8333333333333335,5.75,279.5,0.0,279.5,145.82608695652172,False,0.0
MORE38O,3/8 x 2 REDUCER - WHITE OAK,2025-01-26,2026-01-26,9.0,18.5,1.5416666666666667,3.0833333333333335,4.625,63.5,0.0,63.5,41.189189189189186,False,0.0
MORE38R,3/8 x 2 REDUCER - RED OAK,2025-01-26,2026-01-26,1.0,204.0,17.0,34.0,51.0,745.5,0.0,745.5,43.85294117647059,False,0.0
MORE38R,3/8 x 2 REDUCER - RED OAK,2025-01-26,2026-01-26,3.0,161.0,13.416666666666666,26.833333333333332,40.25,241.5,0.0,241.5,18.0,False,0.0
MORE38R,3/8 x 2 REDUCER - RED OAK,2025-01-26,2026-01-26,4.0,15.0,1.25,2.5,3.75,129.0,0.0,129.0,103.2,False,0.0
MORE38R,3/8 x 2 REDUCER - RED OAK,2025-01-26,2026-01-26,5.0,49.0,4.083333333333333,8.166666666666666,12.25,41.0,0.0,41.0,10.040816326530614,False,0.0
MORE38R,3/8 x 2 REDUCER - RED OAK,2025-01-26,2026-01-26,6.0,338.0,28.166666666666668,56.333333333333336,84.5,74.5,0.0,74.5,2.6449704142011834,False,0.0
MORE38R,3/8 x 2 REDUCER - RED OAK,2025-01-26,2026-01-26,8.0,24.0,2.0,4.0,6.0,272.0,0.0,272.0,136.0,False,0.0
MORE38R,3/8 x 2 REDUCER - RED OAK,2025-01-26,2026-01-26,9.0,13.0,1.0833333333333333,2.1666666666666665,3.25,0.0,0.0,0.0,0.0,True,3.25
MORIM,3/4 x 7 1/4 RISER - MAPLE,2025-01-26,2026-01-26,1.0,417.0,34.75,69.5,104.25,0.0,0.0,0.0,0.0,False,0.0
MORIM,3/4 x 7 1/4 RISER - MAPLE,2025-01-26,2026-01-26,3.0,794.5,66.20833333333333,132.41666666666666,198.625,336.5,0.0,336.5,5.082441787287602,False,0.0
MORIM,3/4 x 7 1/4 RISER - MAPLE,2025-01-26,2026-01-26,4.0,164.0,13.666666666666666,27.333333333333332,41.0,394.5,0.0,394.5,28.865853658536587,False,0.0
MORIM,3/4 x 7 1/4 RISER - MAPLE,2025-01-26,2026-01-26,5.0,1101.5,91.79166666666667,183.58333333333334,275.375,22.5,0.0,22.5,0.24512029051293688,False,0.0
MORIM,3/4 x 7 1/4 RISER - MAPLE,2025-01-26,2026-01-26,6.0,351.0,29.25,58.5,87.75,354.0,64.0,290.0,9.914529914529915,False,0.0
MORIM,3/4 x 7 1/4 RISER - MAPLE,2025-01-26,2026-01-26,8.0,0.0,0.0,0.0,0.0,244.5,0.0,244.5,inf,False,0.0
MORIM,3/4 x 7 1/4 RISER - MAPLE,2025-01-26,2026-01-26,9.0,131.0,10.916666666666666,21.833333333333332,32.75,202.0,0.0,202.0,18.50381679389313,False,0.0
MORIMD202MUL,11/16 X 7 1/4 S4S RISER PRIMED,2025-01-26,2026-01-26,1.0,14.0,1.1666666666666667,2.3333333333333335,3.5,0.0,0.0,0.0,0.0,False,0.0
MORIMD202MUL,11/16 X 7 1/4 S4S RISER PRIMED,2025-01-26,2026-01-26,3.0,4.0,0.3333333333333333,0.6666666666666666,1.0,0.5,0.0,0.5,1.5,False,0.0
MORIMD202MUL,11/16 X 7 1/4 S4S RISER PRIMED,2025-01-26,2026-01-26,4.0,28.0,2.3333333333333335,4.666666666666667,7.0,4.0,4.0,0.0,0.0,False,0.0
MORIMD202MUL,11/16 X 7 1/4 S4S RISER PRIMED,2025-01-26,2026-01-26,5.0,0.0,0.0,0.0,0.0,0.0,0.0,0.0,inf,False,0.0
MORIMD202MUL,11/16 X 7 1/4 S4S RISER PRIMED,2025-01-26,2026-01-26,6.0,0.0,0.0,0.0,0.0,0.0,0.0,0.0,inf,False,0.0
MORIMD202MUL,11/16 X 7 1/4 S4S RISER PRIMED,2025-01-26,2026-01-26,8.0,28.0,2.3333333333333335,4.666666666666667,7.0,9.0,0.0,9.0,3.8571428571428568,False,0.0
MORIMD202MUL,11/16 X 7 1/4 S4S RISER PRIMED,2025-01-26,2026-01-26,9.0,0.0,0.0,0.0,0.0,3.0,0.0,3.0,inf,False,0.0
MORIMD751,11/16 X 7 1/4 S4S MDF RISER,2025-01-26,2026-01-26,1.0,812.0,67.66666666666667,135.33333333333334,203.0,165.0,14.0,151.0,2.231527093596059,False,0.0
MORIMD751,11/16 X 7 1/4 S4S MDF RISER,2025-01-26,2026-01-26,3.0,291.0,24.25,48.5,72.75,41.0,0.0,41.0,1.690721649484536,True,29.23572744014733
MORIMD751,11/16 X 7 1/4 S4S MDF RISER,2025-01-26,2026-01-26,4.0,188.0,15.666666666666666,31.333333333333332,47.0,42.0,0.0,42.0,2.6808510638297873,False,0.0
MORIMD751,11/16 X 7 1/4 S4S MDF RISER,2025-01-26,2026-01-26,5.0,295.0,24.583333333333332,49.166666666666664,73.75,55.0,6.0,49.0,1.993220338983051,True,22.790055248618785
MORIMD751,11/16 X 7 1/4 S4S MDF RISER,2025-01-26,2026-01-26,6.0,471.0,39.25,78.5,117.75,162.0,0.0,162.0,4.127388535031847,False,0.0
MORIMD751,11/16 X 7 1/4 S4S MDF RISER,2025-01-26,2026-01-26,8.0,123.0,10.25,20.5,30.75,96.0,0.0,96.0,9.365853658536585,False,0.0
MORIMD751,11/16 X 7 1/4 S4S MDF RISER,2025-01-26,2026-01-26,9.0,148.0,12.333333333333334,24.666666666666668,37.0,3.0,0.0,3.0,0.24324324324324323,True,31.30755064456722
MORIO,3/4 x 7 1/4 W/O RISER,2025-01-26,2026-01-26,1.0,5345.5,445.4583333333333,890.9166666666666,1336.375,874.5,109.5,765.0,1.7173323356093912,False,0.0
MORIO,3/4 x 7 1/4 W/O RISER,2025-01-26,2026-01-26,3.0,2622.0,218.5,437.0,655.5,143.5,0.0,143.5,0.6567505720823799,True,109.1575482608309
MORIO,3/4 x 7 1/4 W/O RISER,2025-01-26,2026-01-26,4.0,2023.5,168.625,337.25,505.875,186.5,0.0,186.5,1.106004447739066,True,68.09021870273997
MORIO,3/4 x 7 1/4 W/O RISER,2025-01-26,2026-01-26,5.0,895.0,74.58333333333333,149.16666666666666,223.75,119.5,83.0,36.5,0.48938547486033523,True,39.92138849968864
MORIO,3/4 x 7 1/4 W/O RISER,2025-01-26,2026-01-26,6.0,2364.5,197.04166666666666,394.0833333333333,591.125,154.95,44.0,110.94999999999999,0.5630788750264326,True,102.37251120340717
MORIO,3/4 x 7 1/4 W/O RISER,2025-01-26,2026-01-26,8.0,372.0,31.0,62.0,93.0,82.0,0.0,82.0,2.6451612903225805,False,0.0
MORIO,3/4 x 7 1/4 W/O RISER,2025-01-26,2026-01-26,9.0,574.5,47.875,95.75,143.625,120.5,0.0,120.5,2.5169712793733683,False,0.0
MORIR,3/4 x 7 1/4 RISER - RED OAK,2025-01-26,2026-01-26,1.0,2844.0,237.0,474.0,711.0,568.5,207.0,361.5,1.5253164556962024,False,0.0
MORIR,3/4 x 7 1/4 RISER - RED OAK,2025-01-26,2026-01-26,3.0,1958.5,163.20833333333334,326.4166666666667,489.625,263.0,0.0,263.0,1.6114373244830227,True,65.67311608961303
MORIR,3/4 x 7 1/4 RISER - RED OAK,2025-01-26,2026-01-26,4.0,875.0,72.91666666666667,145.83333333333334,218.75,191.0,0.0,191.0,2.619428571428571,False,0.0
MORIR,3/4 x 7 1/4 RISER - RED OAK,2025-01-26,2026-01-26,5.0,544.5,45.375,90.75,136.125,97.5,0.0,97.5,2.1487603305785123,False,0.0
MORIR,3/4 x 7 1/4 RISER - RED OAK,2025-01-26,2026-01-26,6.0,1662.0,138.5,277.0,415.5,212.5,0.0,212.5,1.5342960288808665,True,58.82688391038696
MORIR,3/4 x 7 1/4 RISER - RED OAK,2025-01-26,2026-01-26,8.0,115.5,9.625,19.25,28.875,99.5,0.0,99.5,10.337662337662337,False,0.0
MORIR,3/4 x 7 1/4 RISER - RED OAK,2025-01-26,2026-01-26,9.0,432.5,36.041666666666664,72.08333333333333,108.125,97.5,0.0,97.5,2.7052023121387285,False,0.0
MORIW,3/4 x 7-1/4 RISER - WALNUT,2025-01-26,2026-01-26,1.0,1003.0,83.58333333333333,167.16666666666666,250.75,973.5,6.0,967.5,11.575274177467598,False,0.0
MORIW,3/4 x 7-1/4 RISER - WALNUT,2025-01-26,2026-01-26,3.0,201.0,16.75,33.5,50.25,373.0,0.0,373.0,22.26865671641791,False,0.0
MORIW,3/4 x 7-1/4 RISER - WALNUT,2025-01-26,2026-01-26,4.0,157.5,13.125,26.25,39.375,181.5,0.0,181.5,13.82857142857143,False,0.0
MORIW,3/4 x 7-1/4 RISER - WALNUT,2025-01-26,2026-01-26,5.0,0.0,0.0,0.0,0.0,3.5,0.0,3.5,inf,False,0.0
MORIW,3/4 x 7-1/4 RISER - WALNUT,2025-01-26,2026-01-26,6.0,266.5,22.208333333333332,44.416666666666664,66.625,6.5,0.0,6.5,0.29268292682926833,True,60.125
MORIW,3/4 x 7-1/4 RISER - WALNUT,2025-01-26,2026-01-26,8.0,33.0,2.75,5.5,8.25,98.5,0.0,98.5,35.81818181818182,False,0.0
MORIW,3/4 x 7-1/4 RISER - WALNUT,2025-01-26,2026-01-26,9.0,51.0,4.25,8.5,12.75,6.5,0.0,6.5,1.5294117647058822,True,6.25
MOSC316O,3/16 x 3/4 SCRIBE WHITE OAK,2025-01-26,2026-01-26,1.0,626.0,52.166666666666664,104.33333333333333,156.5,155.0,0.0,155.0,2.9712460063897765,False,0.0
MOSC316O,3/16 x 3/4 SCRIBE WHITE OAK,2025-01-26,2026-01-26,3.0,0.0,0.0,0.0,0.0,0.0,0.0,0.0,inf,False,0.0
MOSC316O,3/16 x 3/4 SCRIBE WHITE OAK,2025-01-26,2026-01-26,4.0,0.0,0.0,0.0,0.0,0.0,0.0,0.0,inf,False,0.0
MOSC316O,3/16 x 3/4 SCRIBE WHITE OAK,2025-01-26,2026-01-26,5.0,1451.5,120.95833333333333,241.91666666666666,362.875,93.0,0.0,93.0,0.7688598002066828,True,102.83333333333334
MOSC316O,3/16 x 3/4 SCRIBE WHITE OAK,2025-01-26,2026-01-26,6.0,0.0,0.0,0.0,0.0,0.0,0.0,0.0,inf,False,0.0
MOSC316O,3/16 x 3/4 SCRIBE WHITE OAK,2025-01-26,2026-01-26,8.0,74.0,6.166666666666667,12.333333333333334,18.5,94.0,0.0,94.0,15.243243243243242,False,0.0
MOSC316O,3/16 x 3/4 SCRIBE WHITE OAK,2025-01-26,2026-01-26,9.0,0.0,0.0,0.0,0.0,0.0,0.0,0.0,inf,False,0.0
MOSC316R,"3/16 x 3/4"" SCRIBE RED OAK",2025-01-26,2026-01-26,1.0,0.0,0.0,0.0,0.0,1012.0,0.0,1012.0,inf,False,0.0
MOSC316R,"3/16 x 3/4"" SCRIBE RED OAK",2025-01-26,2026-01-26,3.0,0.0,0.0,0.0,0.0,0.0,0.0,0.0,inf,False,0.0
MOSC316R,"3/16 x 3/4"" SCRIBE RED OAK",2025-01-26,2026-01-26,4.0,0.0,0.0,0.0,0.0,0.0,0.0,0.0,inf,False,0.0
MOSC316R,"3/16 x 3/4"" SCRIBE RED OAK",2025-01-26,2026-01-26,5.0,313.0,26.083333333333332,52.166666666666664,78.25,542.0,0.0,542.0,20.779552715654955,False,0.0
MOSC316R,"3/16 x 3/4"" SCRIBE RED OAK",2025-01-26,2026-01-26,6.0,32.0,2.6666666666666665,5.333333333333333,8.0,0.0,0.0,0.0,0.0,True,8.0
MOSC316R,"3/16 x 3/4"" SCRIBE RED OAK",2025-01-26,2026-01-26,8.0,0.0,0.0,0.0,0.0,155.0,0.0,155.0,inf,False,0.0
MOSC316R,"3/16 x 3/4"" SCRIBE RED OAK",2025-01-26,2026-01-26,9.0,22.0,1.8333333333333333,3.6666666666666665,5.5,96.5,57.5,39.0,21.272727272727273,False,0.0
MOSL120P,1/2 X 3/4 FLEX SHOE PAINT GRAD,2025-01-26,2026-01-26,1.0,438.0,36.5,73.0,109.5,139.0,36.0,103.0,2.8219178082191783,False,0.0
MOSL120P,1/2 X 3/4 FLEX SHOE PAINT GRAD,2025-01-26,2026-01-26,3.0,138.0,11.5,23.0,34.5,24.0,0.0,24.0,2.0869565217391304,False,0.0
MOSL120P,1/2 X 3/4 FLEX SHOE PAINT GRAD,2025-01-26,2026-01-26,4.0,0.0,0.0,0.0,0.0,0.0,0.0,0.0,inf,False,0.0
MOSL120P,1/2 X 3/4 FLEX SHOE PAINT GRAD,2025-01-26,2026-01-26,5.0,42.0,3.5,7.0,10.5,0.0,0.0,0.0,0.0,True,10.5
MOSL120P,1/2 X 3/4 FLEX SHOE PAINT GRAD,2025-01-26,2026-01-26,6.0,132.0,11.0,22.0,33.0,0.0,0.0,0.0,0.0,True,33.0
MOSL120P,1/2 X 3/4 FLEX SHOE PAINT GRAD,2025-01-26,2026-01-26,8.0,6.0,0.5,1.0,1.5,0.0,0.0,0.0,0.0,True,1.5
MOSL120P,1/2 X 3/4 FLEX SHOE PAINT GRAD,2025-01-26,2026-01-26,9.0,36.0,3.0,6.0,9.0,10.0,0.0,10.0,3.3333333333333335,False,0.0
MOSL152O,1/4 X 1-3/4 BATTEN - WHITE OAK,2025-01-26,2026-01-26,1.0,216.0,18.0,36.0,54.0,2708.5,0.0,2708.5,150.47222222222223,False,0.0
MOSL152O,1/4 X 1-3/4 BATTEN - WHITE OAK,2025-01-26,2026-01-26,3.0,150.0,12.5,25.0,37.5,301.0,0.0,301.0,24.08,False,0.0
MOSL152O,1/4 X 1-3/4 BATTEN - WHITE OAK,2025-01-26,2026-01-26,4.0,282.0,23.5,47.0,70.5,0.0,0.0,0.0,0.0,True,70.5
MOSL152O,1/4 X 1-3/4 BATTEN - WHITE OAK,2025-01-26,2026-01-26,5.0,68.5,5.708333333333333,11.416666666666666,17.125,54.5,0.0,54.5,9.547445255474454,False,0.0
MOSL152O,1/4 X 1-3/4 BATTEN - WHITE OAK,2025-01-26,2026-01-26,6.0,315.5,26.291666666666668,52.583333333333336,78.875,258.5,0.0,258.5,9.83201267828843,False,0.0
MOSL152O,1/4 X 1-3/4 BATTEN - WHITE OAK,2025-01-26,2026-01-26,8.0,102.0,8.5,17.0,25.5,546.5,168.0,378.5,44.529411764705884,False,0.0
MOSL152O,1/4 X 1-3/4 BATTEN - WHITE OAK,2025-01-26,2026-01-26,9.0,82.0,6.833333333333333,13.666666666666666,20.5,0.0,0.0,0.0,0.0,True,20.5
MOSL152R,1/4 X 1-3/4 BATTEN - RED OAK,2025-01-26,2026-01-26,1.0,265.0,22.083333333333332,44.166666666666664,66.25,1373.0,0.0,1373.0,62.173584905660384,False,0.0
MOSL152R,1/4 X 1-3/4 BATTEN - RED OAK,2025-01-26,2026-01-26,3.0,174.5,14.541666666666666,29.083333333333332,43.625,62.5,0.0,62.5,4.2979942693409745,False,0.0
MOSL152R,1/4 X 1-3/4 BATTEN - RED OAK,2025-01-26,2026-01-26,4.0,110.0,9.166666666666666,18.333333333333332,27.5,26.0,0.0,26.0,2.8363636363636364,False,0.0
MOSL152R,1/4 X 1-3/4 BATTEN - RED OAK,2025-01-26,2026-01-26,5.0,272.0,22.666666666666668,45.333333333333336,68.0,183.5,0.0,183.5,8.095588235294118,False,0.0
MOSL152R,1/4 X 1-3/4 BATTEN - RED OAK,2025-01-26,2026-01-26,6.0,269.5,22.458333333333332,44.916666666666664,67.375,193.5,0.0,193.5,8.61595547309833,False,0.0
MOSL152R,1/4 X 1-3/4 BATTEN - RED OAK,2025-01-26,2026-01-26,8.0,142.0,11.833333333333334,23.666666666666668,35.5,503.0,150.0,353.0,29.830985915492956,False,0.0
MOSL152R,1/4 X 1-3/4 BATTEN - RED OAK,2025-01-26,2026-01-26,9.0,119.0,9.916666666666666,19.833333333333332,29.75,256.5,0.0,256.5,25.865546218487395,False,0.0
MOST12,1/2 SLIP TONGUE - POPLAR,2025-01-26,2026-01-26,1.0,858.0,71.5,143.0,214.5,3890.0,25.0,3865.0,54.05594405594405,False,0.0
MOST12,1/2 SLIP TONGUE - POPLAR,2025-01-26,2026-01-26,3.0,830.0,69.16666666666667,138.33333333333334,207.5,2896.0,0.0,2896.0,41.86987951807229,False,0.0
MOST12,1/2 SLIP TONGUE - POPLAR,2025-01-26,2026-01-26,4.0,664.0,55.333333333333336,110.66666666666667,166.0,779.0,0.0,779.0,14.078313253012048,False,0.0
MOST12,1/2 SLIP TONGUE - POPLAR,2025-01-26,2026-01-26,5.0,1786.0,148.83333333333334,297.6666666666667,446.5,411.0,46.5,364.5,2.4490481522956324,False,0.0
MOST12,1/2 SLIP TONGUE - POPLAR,2025-01-26,2026-01-26,6.0,1188.0,99.0,198.0,297.0,2026.0,166.0,1860.0,18.78787878787879,False,0.0
MOST12,1/2 SLIP TONGUE - POPLAR,2025-01-26,2026-01-26,8.0,156.0,13.0,26.0,39.0,491.0,0.0,491.0,37.76923076923077,False,0.0
MOST12,1/2 SLIP TONGUE - POPLAR,2025-01-26,2026-01-26,9.0,621.0,51.75,103.5,155.25,1099.0,0.0,1099.0,21.23671497584541,False,0.0
MOST34,3/4 SLIP TONGUE - POPLAR,2025-01-26,2026-01-26,1.0,4870.0,405.8333333333333,811.6666666666666,1217.5,9186.5,1580.0,7606.5,18.742915811088295,False,0.0
MOST34,3/4 SLIP TONGUE - POPLAR,2025-01-26,2026-01-26,3.0,3357.0,279.75,559.5,839.25,552.0,0.0,552.0,1.9731903485254692,True,287.25
MOST34,3/4 SLIP TONGUE - POPLAR,2025-01-26,2026-01-26,4.0,729.5,60.791666666666664,121.58333333333333,182.375,217.5,0.0,217.5,3.577793008910213,False,0.0
MOST34,3/4 SLIP TONGUE - POPLAR,2025-01-26,2026-01-26,5.0,1756.5,146.375,292.75,439.125,1119.0,0.0,1119.0,7.644748078565328,False,0.0
MOST34,3/4 SLIP TONGUE - POPLAR,2025-01-26,2026-01-26,6.0,2640.5,220.04166666666666,440.0833333333333,660.125,687.0,30.0,657.0,2.9857981442908543,False,0.0
MOST34,3/4 SLIP TONGUE - POPLAR,2025-01-26,2026-01-26,8.0,642.0,53.5,107.0,160.5,393.0,0.0,393.0,7.345794392523365,False,0.0
MOST34,3/4 SLIP TONGUE - POPLAR,2025-01-26,2026-01-26,9.0,491.0,40.916666666666664,81.83333333333333,122.75,1144.5,0.0,1144.5,27.971486761710796,False,0.0
MOTMM58,5/8 x 2 T-MOULD - MAPLE,2025-01-26,2026-01-26,1.0,151.0,12.583333333333334,25.166666666666668,37.75,293.5,20.0,273.5,21.735099337748345,False,0.0
MOTMM58,5/8 x 2 T-MOULD - MAPLE,2025-01-26,2026-01-26,3.0,72.5,6.041666666666667,12.083333333333334,18.125,203.0,0.0,203.0,33.6,False,0.0
MOTMM58,5/8 x 2 T-MOULD - MAPLE,2025-01-26,2026-01-26,4.0,20.0,1.6666666666666667,3.3333333333333335,5.0,684.0,674.0,10.0,6.0,False,0.0
MOTMM58,5/8 x 2 T-MOULD - MAPLE,2025-01-26,2026-01-26,5.0,117.5,9.791666666666666,19.583333333333332,29.375,23.5,0.0,23.5,2.4000000000000004,False,0.0
MOTMM58,5/8 x 2 T-MOULD - MAPLE,2025-01-26,2026-01-26,6.0,136.0,11.333333333333334,22.666666666666668,34.0,326.5,0.0,326.5,28.808823529411764,False,0.0
MOTMM58,5/8 x 2 T-MOULD - MAPLE,2025-01-26,2026-01-26,8.0,24.0,2.0,4.0,6.0,162.0,0.0,162.0,81.0,False,0.0
MOTMM58,5/8 x 2 T-MOULD - MAPLE,2025-01-26,2026-01-26,9.0,76.0,6.333333333333333,12.666666666666666,19.0,29.5,0.0,29.5,4.657894736842105,False,0.0
MOTMO58,5/8 x 2 T-MOULD - WHITE OAK,2025-01-26,2026-01-26,1.0,746.0,62.166666666666664,124.33333333333333,186.5,559.0,100.0,459.0,7.383378016085791,False,0.0
MOTMO58,5/8 x 2 T-MOULD - WHITE OAK,2025-01-26,2026-01-26,3.0,542.5,45.208333333333336,90.41666666666667,135.625,51.5,0.0,51.5,1.1391705069124423,True,84.125
MOTMO58,5/8 x 2 T-MOULD - WHITE OAK,2025-01-26,2026-01-26,4.0,75.0,6.25,12.5,18.75,314.0,0.0,314.0,50.24,False,0.0
MOTMO58,5/8 x 2 T-MOULD - WHITE OAK,2025-01-26,2026-01-26,5.0,548.0,45.666666666666664,91.33333333333333,137.0,96.5,0.0,96.5,2.113138686131387,False,0.0
MOTMO58,5/8 x 2 T-MOULD - WHITE OAK,2025-01-26,2026-01-26,6.0,469.5,39.125,78.25,117.375,118.5,12.0,106.5,2.7220447284345046,False,0.0
MOTMO58,5/8 x 2 T-MOULD - WHITE OAK,2025-01-26,2026-01-26,8.0,68.5,5.708333333333333,11.416666666666666,17.125,302.0,36.0,266.0,46.5985401459854,False,0.0
MOTMO58,5/8 x 2 T-MOULD - WHITE OAK,2025-01-26,2026-01-26,9.0,236.0,19.666666666666668,39.333333333333336,59.0,6.0,0.0,6.0,0.30508474576271183,True,53.0
MOTMR58,5/8 x 2 T-MOULD - RED OAK,2025-01-26,2026-01-26,1.0,289.0,24.083333333333332,48.166666666666664,72.25,803.0,0.0,803.0,33.34256055363322,False,0.0
MOTMR58,5/8 x 2 T-MOULD - RED OAK,2025-01-26,2026-01-26,3.0,281.5,23.458333333333332,46.916666666666664,70.375,65.0,0.0,65.0,2.7708703374777977,False,0.0
MOTMR58,5/8 x 2 T-MOULD - RED OAK,2025-01-26,2026-01-26,4.0,128.0,10.666666666666666,21.333333333333332,32.0,183.0,73.0,110.0,10.3125,False,0.0
MOTMR58,5/8 x 2 T-MOULD - RED OAK,2025-01-26,2026-01-26,5.0,248.0,20.666666666666668,41.333333333333336,62.0,70.0,0.0,70.0,3.387096774193548,False,0.0
MOTMR58,5/8 x 2 T-MOULD - RED OAK,2025-01-26,2026-01-26,6.0,479.0,39.916666666666664,79.83333333333333,119.75,143.5,74.0,69.5,1.7411273486430063,True,50.25
MOTMR58,5/8 x 2 T-MOULD - RED OAK,2025-01-26,2026-01-26,8.0,195.5,16.291666666666668,32.583333333333336,48.875,15.5,0.0,15.5,0.9514066496163682,True,33.375
MOTMR58,5/8 x 2 T-MOULD - RED OAK,2025-01-26,2026-01-26,9.0,201.0,16.75,33.5,50.25,83.5,0.0,83.5,4.985074626865671,False,0.0
MOTRM,1 X 11-3/4 TREAD - MAPLE,2025-01-26,2026-01-26,1.0,234.0,19.5,39.0,58.5,637.5,0.0,637.5,32.69230769230769,False,0.0
MOTRM,1 X 11-3/4 TREAD - MAPLE,2025-01-26,2026-01-26,3.0,530.0,44.166666666666664,88.33333333333333,132.5,144.0,0.0,144.0,3.260377358490566,False,0.0
MOTRM,1 X 11-3/4 TREAD - MAPLE,2025-01-26,2026-01-26,4.0,110.5,9.208333333333334,18.416666666666668,27.625,124.0,0.0,124.0,13.466063348416288,False,0.0
MOTRM,1 X 11-3/4 TREAD - MAPLE,2025-01-26,2026-01-26,5.0,610.0,50.833333333333336,101.66666666666667,152.5,66.0,0.0,66.0,1.2983606557377048,True,86.5
MOTRM,1 X 11-3/4 TREAD - MAPLE,2025-01-26,2026-01-26,6.0,485.5,40.458333333333336,80.91666666666667,121.375,96.5,0.0,96.5,2.3851699279093714,False,0.0
MOTRM,1 X 11-3/4 TREAD - MAPLE,2025-01-26,2026-01-26,8.0,0.0,0.0,0.0,0.0,140.5,0.0,140.5,inf,False,0.0
MOTRM,1 X 11-3/4 TREAD - MAPLE,2025-01-26,2026-01-26,9.0,490.5,40.875,81.75,122.625,104.0,0.0,104.0,2.54434250764526,False,0.0
MOTRO,"1"" X 11 3/4"" LAM. TREAD - W/O",2025-01-26,2026-01-26,1.0,4056.0,338.0,676.0,1014.0,242.0,40.0,202.0,0.5976331360946746,False,0.0
MOTRO,"1"" X 11 3/4"" LAM. TREAD - W/O",2025-01-26,2026-01-26,3.0,2181.5,181.79166666666666,363.5833333333333,545.375,43.5,42.0,1.5,0.00825120330048132,False,0.0
MOTRO,"1"" X 11 3/4"" LAM. TREAD - W/O",2025-01-26,2026-01-26,4.0,1080.5,90.04166666666667,180.08333333333334,270.125,85.5,69.5,16.0,0.17769551133734382,False,0.0
MOTRO,"1"" X 11 3/4"" LAM. TREAD - W/O",2025-01-26,2026-01-26,5.0,688.0,57.333333333333336,114.66666666666667,172.0,157.0,0.0,157.0,2.738372093023256,False,0.0
MOTRO,"1"" X 11 3/4"" LAM. TREAD - W/O",2025-01-26,2026-01-26,6.0,1570.5,130.875,261.75,392.625,159.5,0.0,159.5,1.218720152817574,False,0.0
MOTRO,"1"" X 11 3/4"" LAM. TREAD - W/O",2025-01-26,2026-01-26,8.0,369.5,30.791666666666668,61.583333333333336,92.375,142.0,142.0,0.0,0.0,False,0.0
MOTRO,"1"" X 11 3/4"" LAM. TREAD - W/O",2025-01-26,2026-01-26,9.0,1266.5,105.54166666666667,211.08333333333334,316.625,36.5,0.0,36.5,0.34583497828661663,False,0.0
MOTROPC42,"1""X11-3/4"" LAM. TREAD-WO 42""",2025-01-26,2026-01-26,1.0,227.0,18.916666666666668,37.833333333333336,56.75,201.0,13.0,188.0,9.938325991189426,False,0.0
MOTROPC42,"1""X11-3/4"" LAM. TREAD-WO 42""",2025-01-26,2026-01-26,3.0,119.0,9.916666666666666,19.833333333333332,29.75,37.0,4.0,33.0,3.327731092436975,False,0.0
MOTROPC42,"1""X11-3/4"" LAM. TREAD-WO 42""",2025-01-26,2026-01-26,4.0,42.0,3.5,7.0,10.5,17.0,0.0,17.0,4.857142857142857,False,0.0
MOTROPC42,"1""X11-3/4"" LAM. TREAD-WO 42""",2025-01-26,2026-01-26,5.0,179.0,14.916666666666666,29.833333333333332,44.75,23.0,0.0,23.0,1.5418994413407823,True,21.75
MOTROPC42,"1""X11-3/4"" LAM. TREAD-WO 42""",2025-01-26,2026-01-26,6.0,104.0,8.666666666666666,17.333333333333332,26.0,8.0,0.0,8.0,0.9230769230769231,True,18.0
MOTROPC42,"1""X11-3/4"" LAM. TREAD-WO 42""",2025-01-26,2026-01-26,8.0,0.0,0.0,0.0,0.0,9.0,0.0,9.0,inf,False,0.0
MOTROPC42,"1""X11-3/4"" LAM. TREAD-WO 42""",2025-01-26,2026-01-26,9.0,2.0,0.16666666666666666,0.3333333333333333,0.5,0.0,0.0,0.0,0.0,True,0.5
MOTROPC48,"1""X11-3/4"" LAM. TREAD-WO 48""",2025-01-26,2026-01-26,1.0,342.0,28.5,57.0,85.5,192.0,46.0,146.0,5.12280701754386,False,0.0
MOTROPC48,"1""X11-3/4"" LAM. TREAD-WO 48""",2025-01-26,2026-01-26,3.0,149.0,12.416666666666666,24.833333333333332,37.25,12.0,0.0,12.0,0.9664429530201343,True,22.140858208955226
MOTROPC48,"1""X11-3/4"" LAM. TREAD-WO 48""",2025-01-26,2026-01-26,4.0,209.0,17.416666666666668,34.833333333333336,52.25,4.0,0.0,4.0,0.2296650717703349,True,42.30876865671642
MOTROPC48,"1""X11-3/4"" LAM. TREAD-WO 48""",2025-01-26,2026-01-26,5.0,91.0,7.583333333333333,15.166666666666666,22.75,30.0,0.0,30.0,3.956043956043956,False,0.0
MOTROPC48,"1""X11-3/4"" LAM. TREAD-WO 48""",2025-01-26,2026-01-26,6.0,143.0,11.916666666666666,23.833333333333332,35.75,0.0,0.0,0.0,0.0,True,31.347947761194032
MOTROPC48,"1""X11-3/4"" LAM. TREAD-WO 48""",2025-01-26,2026-01-26,8.0,14.0,1.1666666666666667,2.3333333333333335,3.5,0.0,0.0,0.0,0.0,True,3.0690298507462686
MOTROPC48,"1""X11-3/4"" LAM. TREAD-WO 48""",2025-01-26,2026-01-26,9.0,89.0,7.416666666666667,14.833333333333334,22.25,1.0,0.0,1.0,0.1348314606741573,True,18.63339552238806
MOTROPC54,"1""X11-3/4"" LAM. TREAD-WO 54""",2025-01-26,2026-01-26,1.0,138.0,11.5,23.0,34.5,261.0,12.0,249.0,21.652173913043477,False,0.0
MOTROPC54,"1""X11-3/4"" LAM. TREAD-WO 54""",2025-01-26,2026-01-26,3.0,198.0,16.5,33.0,49.5,1.0,0.0,1.0,0.06060606060606061,True,48.5
MOTROPC54,"1""X11-3/4"" LAM. TREAD-WO 54""",2025-01-26,2026-01-26,4.0,12.0,1.0,2.0,3.0,12.0,12.0,0.0,0.0,True,3.0
MOTROPC54,"1""X11-3/4"" LAM. TREAD-WO 54""",2025-01-26,2026-01-26,5.0,64.0,5.333333333333333,10.666666666666666,16.0,11.0,0.0,11.0,2.0625,False,0.0
MOTROPC54,"1""X11-3/4"" LAM. TREAD-WO 54""",2025-01-26,2026-01-26,6.0,71.0,5.916666666666667,11.833333333333334,17.75,53.0,0.0,53.0,8.957746478873238,False,0.0
MOTROPC54,"1""X11-3/4"" LAM. TREAD-WO 54""",2025-01-26,2026-01-26,8.0,0.0,0.0,0.0,0.0,0.0,0.0,0.0,inf,False,0.0
MOTROPC54,"1""X11-3/4"" LAM. TREAD-WO 54""",2025-01-26,2026-01-26,9.0,23.0,1.9166666666666667,3.8333333333333335,5.75,5.0,0.0,5.0,2.608695652173913,False,0.0
MOTRR,"1"" X 11-3/4"" SOLID R/O TREAD",2025-01-26,2026-01-26,1.0,4707.5,392.2916666666667,784.5833333333334,1176.875,977.5,221.5,756.0,1.9271375464684013,False,0.0
MOTRR,"1"" X 11-3/4"" SOLID R/O TREAD",2025-01-26,2026-01-26,3.0,1798.0,149.83333333333334,299.6666666666667,449.5,159.5,138.5,21.0,0.14015572858731923,True,127.457796633272
MOTRR,"1"" X 11-3/4"" SOLID R/O TREAD",2025-01-26,2026-01-26,4.0,1341.0,111.75,223.5,335.25,33.0,23.0,10.0,0.0894854586129754,True,96.74597049001567
MOTRR,"1"" X 11-3/4"" SOLID R/O TREAD",2025-01-26,2026-01-26,5.0,486.5,40.541666666666664,81.08333333333333,121.625,105.55,0.0,105.55,2.6034943473792396,False,0.0
MOTRR,"1"" X 11-3/4"" SOLID R/O TREAD",2025-01-26,2026-01-26,6.0,1528.5,127.375,254.75,382.125,21.0,0.0,21.0,0.1648675171736997,True,107.41702872623185
MOTRR,"1"" X 11-3/4"" SOLID R/O TREAD",2025-01-26,2026-01-26,8.0,229.0,19.083333333333332,38.166666666666664,57.25,105.0,66.5,38.5,2.017467248908297,False,0.0
MOTRR,"1"" X 11-3/4"" SOLID R/O TREAD",2025-01-26,2026-01-26,9.0,455.5,37.958333333333336,75.91666666666667,113.875,6.0,0.0,6.0,0.15806805708013172,True,32.087537483813804
MOTRREO,"1X1-1/4 X 14"" TREAD RETURN W/O",2025-01-26,2026-01-26,1.0,43.0,3.5833333333333335,7.166666666666667,10.75,89.0,0.0,89.0,24.83720930232558,False,0.0
MOTRREO,"1X1-1/4 X 14"" TREAD RETURN W/O",2025-01-26,2026-01-26,3.0,0.0,0.0,0.0,0.0,0.0,0.0,0.0,inf,False,0.0
MOTRREO,"1X1-1/4 X 14"" TREAD RETURN W/O",2025-01-26,2026-01-26,4.0,0.0,0.0,0.0,0.0,0.0,0.0,0.0,inf,False,0.0
MOTRREO,"1X1-1/4 X 14"" TREAD RETURN W/O",2025-01-26,2026-01-26,5.0,12.0,1.0,2.0,3.0,10.0,0.0,10.0,10.0,False,0.0
MOTRREO,"1X1-1/4 X 14"" TREAD RETURN W/O",2025-01-26,2026-01-26,6.0,0.0,0.0,0.0,0.0,0.0,0.0,0.0,inf,False,0.0
MOTRREO,"1X1-1/4 X 14"" TREAD RETURN W/O",2025-01-26,2026-01-26,8.0,0.0,0.0,0.0,0.0,0.0,0.0,0.0,inf,False,0.0
MOTRREO,"1X1-1/4 X 14"" TREAD RETURN W/O",2025-01-26,2026-01-26,9.0,0.0,0.0,0.0,0.0,0.0,0.0,0.0,inf,False,0.0
MPAA21066A,EDGER PAD (SUPER 7),2025-01-26,2026-01-26,1.0,14.0,1.1666666666666667,2.3333333333333335,3.5,7.0,0.0,7.0,6.0,False,0.0
MPAA21066A,EDGER PAD (SUPER 7),2025-01-26,2026-01-26,3.0,8.0,0.6666666666666666,1.3333333333333333,2.0,0.0,0.0,0.0,0.0,True,2.0
MPAA21066A,EDGER PAD (SUPER 7),2025-01-26,2026-01-26,4.0,0.0,0.0,0.0,0.0,0.0,0.0,0.0,inf,False,0.0
MPAA21066A,EDGER PAD (SUPER 7),2025-01-26,2026-01-26,5.0,0.0,0.0,0.0,0.0,0.0,0.0,0.0,inf,False,0.0
MPAA21066A,EDGER PAD (SUPER 7),2025-01-26,2026-01-26,6.0,7.0,0.5833333333333334,1.1666666666666667,1.75,0.0,0.0,0.0,0.0,True,1.75
MPAA21066A,EDGER PAD (SUPER 7),2025-01-26,2026-01-26,8.0,0.0,0.0,0.0,0.0,3.0,0.0,3.0,inf,False,0.0
MPAA21066A,EDGER PAD (SUPER 7),2025-01-26,2026-01-26,9.0,3.0,0.25,0.5,0.75,0.0,0.0,0.0,0.0,True,0.75
MPAA40818A,BRUSHES (SUPER 7)WITH WIRE.,2025-01-26,2026-01-26,1.0,114.0,9.5,19.0,28.5,41.0,13.0,28.0,2.9473684210526314,False,0.0
MPAA40818A,BRUSHES (SUPER 7)WITH WIRE.,2025-01-26,2026-01-26,3.0,48.0,4.0,8.0,12.0,9.0,0.0,9.0,2.25,False,0.0
MPAA40818A,BRUSHES (SUPER 7)WITH WIRE.,2025-01-26,2026-01-26,4.0,0.0,0.0,0.0,0.0,4.0,0.0,4.0,inf,False,0.0
MPAA40818A,BRUSHES (SUPER 7)WITH WIRE.,2025-01-26,2026-01-26,5.0,4.0,0.3333333333333333,0.6666666666666666,1.0,0.0,0.0,0.0,0.0,True,1.0
MPAA40818A,BRUSHES (SUPER 7)WITH WIRE.,2025-01-26,2026-01-26,6.0,8.0,0.6666666666666666,1.3333333333333333,2.0,0.0,0.0,0.0,0.0,True,2.0
MPAA40818A,BRUSHES (SUPER 7)WITH WIRE.,2025-01-26,2026-01-26,8.0,0.0,0.0,0.0,0.0,0.0,0.0,0.0,inf,False,0.0
MPAA40818A,BRUSHES (SUPER 7)WITH WIRE.,2025-01-26,2026-01-26,9.0,4.0,0.3333333333333333,0.6666666666666666,1.0,0.0,0.0,0.0,0.0,True,1.0
MPAA960140,"SCREW,PAPER LOCK (SUPER 7)",2025-01-26,2026-01-26,1.0,10.0,0.8333333333333334,1.6666666666666667,2.5,9.0,0.0,9.0,10.799999999999999,False,0.0
MPAA960140,"SCREW,PAPER LOCK (SUPER 7)",2025-01-26,2026-01-26,3.0,0.0,0.0,0.0,0.0,0.0,0.0,0.0,inf,False,0.0
MPAA960140,"SCREW,PAPER LOCK (SUPER 7)",2025-01-26,2026-01-26,4.0,0.0,0.0,0.0,0.0,5.0,0.0,5.0,inf,False,0.0
MPAA960140,"SCREW,PAPER LOCK (SUPER 7)",2025-01-26,2026-01-26,5.0,2.0,0.16666666666666666,0.3333333333333333,0.5,1.0,0.0,1.0,6.0,False,0.0
MPAA960140,"SCREW,PAPER LOCK (SUPER 7)",2025-01-26,2026-01-26,6.0,3.0,0.25,0.5,0.75,1.0,0.0,1.0,4.0,False,0.0
MPAA960140,"SCREW,PAPER LOCK (SUPER 7)",2025-01-26,2026-01-26,8.0,0.0,0.0,0.0,0.0,4.0,0.0,4.0,inf,False,0.0
MPAA960140,"SCREW,PAPER LOCK (SUPER 7)",2025-01-26,2026-01-26,9.0,0.0,0.0,0.0,0.0,1.0,0.0,1.0,inf,False,0.0
MPAD13200A,EDGER PAD (B2),2025-01-26,2026-01-26,1.0,5.0,0.4166666666666667,0.8333333333333334,1.25,10.0,0.0,10.0,24.0,False,0.0
MPAD13200A,EDGER PAD (B2),2025-01-26,2026-01-26,3.0,4.0,0.3333333333333333,0.6666666666666666,1.0,0.0,0.0,0.0,0.0,True,1.0
MPAD13200A,EDGER PAD (B2),2025-01-26,2026-01-26,4.0,1.0,0.08333333333333333,0.16666666666666666,0.25,0.0,0.0,0.0,0.0,True,0.25
MPAD13200A,EDGER PAD (B2),2025-01-26,2026-01-26,5.0,0.0,0.0,0.0,0.0,0.0,0.0,0.0,inf,False,0.0
MPAD13200A,EDGER PAD (B2),2025-01-26,2026-01-26,6.0,1.0,0.08333333333333333,0.16666666666666666,0.25,0.0,0.0,0.0,0.0,True,0.25
MPAD13200A,EDGER PAD (B2),2025-01-26,2026-01-26,8.0,0.0,0.0,0.0,0.0,1.0,0.0,1.0,inf,False,0.0
MPAD13200A,EDGER PAD (B2),2025-01-26,2026-01-26,9.0,0.0,0.0,0.0,0.0,2.0,0.0,2.0,inf,False,0.0
MPAD40583A,BRUSHES (B2+) WITH WIRE SET/2,2025-01-26,2026-01-26,1.0,7.0,0.5833333333333334,1.1666666666666667,1.75,0.0,0.0,0.0,0.0,False,0.0
MPAD40583A,BRUSHES (B2+) WITH WIRE SET/2,2025-01-26,2026-01-26,3.0,5.0,0.4166666666666667,0.8333333333333334,1.25,3.0,0.0,3.0,7.199999999999999,False,0.0
MPAD40583A,BRUSHES (B2+) WITH WIRE SET/2,2025-01-26,2026-01-26,4.0,2.0,0.16666666666666666,0.3333333333333333,0.5,2.0,0.0,2.0,12.0,False,0.0
MPAD40583A,BRUSHES (B2+) WITH WIRE SET/2,2025-01-26,2026-01-26,5.0,1.0,0.08333333333333333,0.16666666666666666,0.25,1.0,0.0,1.0,12.0,False,0.0
MPAD40583A,BRUSHES (B2+) WITH WIRE SET/2,2025-01-26,2026-01-26,6.0,4.0,0.3333333333333333,0.6666666666666666,1.0,2.0,0.0,2.0,6.0,False,0.0
MPAD40583A,BRUSHES (B2+) WITH WIRE SET/2,2025-01-26,2026-01-26,8.0,0.0,0.0,0.0,0.0,3.0,0.0,3.0,inf,False,0.0
MPAD40583A,BRUSHES (B2+) WITH WIRE SET/2,2025-01-26,2026-01-26,9.0,0.0,0.0,0.0,0.0,1.0,0.0,1.0,inf,False,0.0
MPBABST,"14"" PLASTIC NYLON BRUSH T/L",2025-01-26,2026-01-26,1.0,24.0,2.0,4.0,6.0,13.0,0.0,13.0,6.5,False,0.0
MPBABST,"14"" PLASTIC NYLON BRUSH T/L",2025-01-26,2026-01-26,3.0,5.0,0.4166666666666667,0.8333333333333334,1.25,4.0,0.0,4.0,9.6,False,0.0
MPBABST,"14"" PLASTIC NYLON BRUSH T/L",2025-01-26,2026-01-26,4.0,8.0,0.6666666666666666,1.3333333333333333,2.0,3.0,0.0,3.0,4.5,False,0.0
MPBABST,"14"" PLASTIC NYLON BRUSH T/L",2025-01-26,2026-01-26,5.0,5.0,0.4166666666666667,0.8333333333333334,1.25,4.0,0.0,4.0,9.6,False,0.0
MPBABST,"14"" PLASTIC NYLON BRUSH T/L",2025-01-26,2026-01-26,6.0,20.0,1.6666666666666667,3.3333333333333335,5.0,0.0,0.0,0.0,0.0,True,5.0
MPBABST,"14"" PLASTIC NYLON BRUSH T/L",2025-01-26,2026-01-26,8.0,0.0,0.0,0.0,0.0,2.0,0.0,2.0,inf,False,0.0
MPBABST,"14"" PLASTIC NYLON BRUSH T/L",2025-01-26,2026-01-26,9.0,4.0,0.3333333333333333,0.6666666666666666,1.0,5.0,3.0,2.0,6.0,False,0.0
MPBAFSTP,"14"" PLASTIC FELT TOOL T/L",2025-01-26,2026-01-26,1.0,18.0,1.5,3.0,4.5,18.0,0.0,18.0,12.0,False,0.0
MPBAFSTP,"14"" PLASTIC FELT TOOL T/L",2025-01-26,2026-01-26,3.0,4.0,0.3333333333333333,0.6666666666666666,1.0,6.0,0.0,6.0,18.0,False,0.0
MPBAFSTP,"14"" PLASTIC FELT TOOL T/L",2025-01-26,2026-01-26,4.0,6.0,0.5,1.0,1.5,3.0,0.0,3.0,6.0,False,0.0
MPBAFSTP,"14"" PLASTIC FELT TOOL T/L",2025-01-26,2026-01-26,5.0,0.0,0.0,0.0,0.0,4.0,0.0,4.0,inf,False,0.0
MPBAFSTP,"14"" PLASTIC FELT TOOL T/L",2025-01-26,2026-01-26,6.0,10.0,0.8333333333333334,1.6666666666666667,2.5,11.0,0.0,11.0,13.2,False,0.0
MPBAFSTP,"14"" PLASTIC FELT TOOL T/L",2025-01-26,2026-01-26,8.0,6.0,0.5,1.0,1.5,3.0,0.0,3.0,6.0,False,0.0
MPBAFSTP,"14"" PLASTIC FELT TOOL T/L",2025-01-26,2026-01-26,9.0,7.0,0.5833333333333334,1.1666666666666667,1.75,4.0,0.0,4.0,6.857142857142857,False,0.0
MPBC100565,10qt MICRO CLOTH FILTER (PACMU,2025-01-26,2026-01-26,1.0,26.0,2.1666666666666665,4.333333333333333,6.5,18.0,1.0,17.0,7.846153846153847,False,0.0
MPBC100565,10qt MICRO CLOTH FILTER (PACMU,2025-01-26,2026-01-26,3.0,6.0,0.5,1.0,1.5,4.0,0.0,4.0,8.0,False,0.0
MPBC100565,10qt MICRO CLOTH FILTER (PACMU,2025-01-26,2026-01-26,4.0,6.0,0.5,1.0,1.5,3.0,0.0,3.0,6.0,False,0.0
MPBC100565,10qt MICRO CLOTH FILTER (PACMU,2025-01-26,2026-01-26,5.0,19.0,1.5833333333333333,3.1666666666666665,4.75,8.0,0.0,8.0,5.052631578947369,False,0.0
MPBC100565,10qt MICRO CLOTH FILTER (PACMU,2025-01-26,2026-01-26,6.0,13.0,1.0833333333333333,2.1666666666666665,3.25,5.0,1.0,4.0,3.6923076923076925,False,0.0
MPBC100565,10qt MICRO CLOTH FILTER (PACMU,2025-01-26,2026-01-26,8.0,0.0,0.0,0.0,0.0,2.0,0.0,2.0,inf,False,0.0
MPBC100565,10qt MICRO CLOTH FILTER (PACMU,2025-01-26,2026-01-26,9.0,3.0,0.25,0.5,0.75,4.0,0.0,4.0,16.0,False,0.0
NSWWMP18,WOODWISE 18-1/2 NAP SAVER,2025-01-26,2026-01-26,1.0,0.0,0.0,0.0,0.0,2.0,0.0,2.0,inf,False,0.0
NSWWMP18,WOODWISE 18-1/2 NAP SAVER,2025-01-26,2026-01-26,3.0,0.0,0.0,0.0,0.0,3.0,0.0,3.0,inf,False,0.0
NSWWMP18,WOODWISE 18-1/2 NAP SAVER,2025-01-26,2026-01-26,4.0,0.0,0.0,0.0,0.0,2.0,0.0,2.0,inf,False,0.0
NSWWMP18,WOODWISE 18-1/2 NAP SAVER,2025-01-26,2026-01-26,5.0,1.0,0.08333333333333333,0.16666666666666666,0.25,2.0,0.0,2.0,24.0,False,0.0
NSWWMP18,WOODWISE 18-1/2 NAP SAVER,2025-01-26,2026-01-26,6.0,0.0,0.0,0.0,0.0,2.0,0.0,2.0,inf,False,0.0
NSWWMP18,WOODWISE 18-1/2 NAP SAVER,2025-01-26,2026-01-26,8.0,0.0,0.0,0.0,0.0,2.0,0.0,2.0,inf,False,0.0
NSWWMP18,WOODWISE 18-1/2 NAP SAVER,2025-01-26,2026-01-26,9.0,1.0,0.08333333333333333,0.16666666666666666,0.25,1.0,0.0,1.0,12.0,False,0.0
PP2,SMALL PLASTIC PAIL (2 GAL),2025-01-26,2026-01-26,1.0,18.0,1.5,3.0,4.5,26.0,5.0,21.0,14.0,False,0.0
PP2,SMALL PLASTIC PAIL (2 GAL),2025-01-26,2026-01-26,3.0,21.0,1.75,3.5,5.25,10.0,0.0,10.0,5.714285714285714,False,0.0
PP2,SMALL PLASTIC PAIL (2 GAL),2025-01-26,2026-01-26,4.0,10.0,0.8333333333333334,1.6666666666666667,2.5,1.0,0.0,1.0,1.2,True,1.5
PP2,SMALL PLASTIC PAIL (2 GAL),2025-01-26,2026-01-26,5.0,12.0,1.0,2.0,3.0,0.0,0.0,0.0,0.0,True,3.0
PP2,SMALL PLASTIC PAIL (2 GAL),2025-01-26,2026-01-26,6.0,37.0,3.0833333333333335,6.166666666666667,9.25,3.0,0.0,3.0,0.9729729729729729,True,6.25
PP2,SMALL PLASTIC PAIL (2 GAL),2025-01-26,2026-01-26,8.0,1.0,0.08333333333333333,0.16666666666666666,0.25,26.0,3.0,23.0,276.0,False,0.0
PP2,SMALL PLASTIC PAIL (2 GAL),2025-01-26,2026-01-26,9.0,2.0,0.16666666666666666,0.3333333333333333,0.5,6.0,3.0,3.0,18.0,False,0.0
PP312,LARGE PLASTIC PAIL (3 1/2 GAL),2025-01-26,2026-01-26,1.0,4.0,0.3333333333333333,0.6666666666666666,1.0,8.0,0.0,8.0,24.0,False,0.0
PP312,LARGE PLASTIC PAIL (3 1/2 GAL),2025-01-26,2026-01-26,3.0,25.0,2.0833333333333335,4.166666666666667,6.25,4.0,0.0,4.0,1.92,True,2.25
PP312,LARGE PLASTIC PAIL (3 1/2 GAL),2025-01-26,2026-01-26,4.0,1.0,0.08333333333333333,0.16666666666666666,0.25,2.0,0.0,2.0,24.0,False,0.0
PP312,LARGE PLASTIC PAIL (3 1/2 GAL),2025-01-26,2026-01-26,5.0,8.0,0.6666666666666666,1.3333333333333333,2.0,13.0,0.0,13.0,19.5,False,0.0
PP312,LARGE PLASTIC PAIL (3 1/2 GAL),2025-01-26,2026-01-26,6.0,9.0,0.75,1.5,2.25,5.0,0.0,5.0,6.666666666666667,False,0.0
PP312,LARGE PLASTIC PAIL (3 1/2 GAL),2025-01-26,2026-01-26,8.0,1.0,0.08333333333333333,0.16666666666666666,0.25,14.0,0.0,14.0,168.0,False,0.0
PP312,LARGE PLASTIC PAIL (3 1/2 GAL),2025-01-26,2026-01-26,9.0,4.0,0.3333333333333333,0.6666666666666666,1.0,7.0,0.0,7.0,21.0,False,0.0
PP312L,LARGE PAIL LID (3 1/2 GAL),2025-01-26,2026-01-26,1.0,0.0,0.0,0.0,0.0,28.0,4.0,24.0,inf,False,0.0
PP312L,LARGE PAIL LID (3 1/2 GAL),2025-01-26,2026-01-26,3.0,0.0,0.0,0.0,0.0,5.0,0.0,5.0,inf,False,0.0
PP312L,LARGE PAIL LID (3 1/2 GAL),2025-01-26,2026-01-26,4.0,0.0,0.0,0.0,0.0,0.0,0.0,0.0,inf,False,0.0
PP312L,LARGE PAIL LID (3 1/2 GAL),2025-01-26,2026-01-26,5.0,2.0,0.16666666666666666,0.3333333333333333,0.5,1.0,0.0,1.0,6.0,False,0.0
PP312L,LARGE PAIL LID (3 1/2 GAL),2025-01-26,2026-01-26,6.0,5.0,0.4166666666666667,0.8333333333333334,1.25,3.0,0.0,3.0,7.199999999999999,False,0.0
PP312L,LARGE PAIL LID (3 1/2 GAL),2025-01-26,2026-01-26,8.0,0.0,0.0,0.0,0.0,13.0,0.0,13.0,inf,False,0.0
PP312L,LARGE PAIL LID (3 1/2 GAL),2025-01-26,2026-01-26,9.0,1.0,0.08333333333333333,0.16666666666666666,0.25,0.0,0.0,0.0,0.0,True,0.25
PP450,PLASTIC TRAY,2025-01-26,2026-01-26,1.0,2.0,0.16666666666666666,0.3333333333333333,0.5,7.0,0.0,7.0,42.0,False,0.0
PP450,PLASTIC TRAY,2025-01-26,2026-01-26,3.0,5.0,0.4166666666666667,0.8333333333333334,1.25,3.0,0.0,3.0,7.199999999999999,False,0.0
PP450,PLASTIC TRAY,2025-01-26,2026-01-26,4.0,1.0,0.08333333333333333,0.16666666666666666,0.25,6.0,0.0,6.0,72.0,False,0.0
PP450,PLASTIC TRAY,2025-01-26,2026-01-26,5.0,3.0,0.25,0.5,0.75,4.0,2.0,2.0,8.0,False,0.0
PP450,PLASTIC TRAY,2025-01-26,2026-01-26,6.0,5.0,0.4166666666666667,0.8333333333333334,1.25,3.0,0.0,3.0,7.199999999999999,False,0.0
PP450,PLASTIC TRAY,2025-01-26,2026-01-26,8.0,0.0,0.0,0.0,0.0,0.0,0.0,0.0,inf,False,0.0
PP450,PLASTIC TRAY,2025-01-26,2026-01-26,9.0,0.0,0.0,0.0,0.0,5.0,0.0,5.0,inf,False,0.0
PP460,ROLLING PAINT & FINISH PAN,2025-01-26,2026-01-26,1.0,3.0,0.25,0.5,0.75,0.0,0.0,0.0,0.0,False,0.0
PP460,ROLLING PAINT & FINISH PAN,2025-01-26,2026-01-26,3.0,1.0,0.08333333333333333,0.16666666666666666,0.25,2.0,0.0,2.0,24.0,False,0.0
PP460,ROLLING PAINT & FINISH PAN,2025-01-26,2026-01-26,4.0,2.0,0.16666666666666666,0.3333333333333333,0.5,0.0,0.0,0.0,0.0,False,0.0
PP460,ROLLING PAINT & FINISH PAN,2025-01-26,2026-01-26,5.0,0.0,0.0,0.0,0.0,10.0,0.0,10.0,inf,False,0.0
PP460,ROLLING PAINT & FINISH PAN,2025-01-26,2026-01-26,6.0,4.0,0.3333333333333333,0.6666666666666666,1.0,0.0,0.0,0.0,0.0,False,0.0
PP460,ROLLING PAINT & FINISH PAN,2025-01-26,2026-01-26,8.0,1.0,0.08333333333333333,0.16666666666666666,0.25,2.0,0.0,2.0,24.0,False,0.0
PP460,ROLLING PAINT & FINISH PAN,2025-01-26,2026-01-26,9.0,1.0,0.08333333333333333,0.16666666666666666,0.25,5.0,0.0,5.0,60.0,False,0.0
PP5,PLASTIC PAIL (5 GAL),2025-01-26,2026-01-26,1.0,11.0,0.9166666666666666,1.8333333333333333,2.75,24.0,0.0,24.0,26.181818181818183,False,0.0
PP5,PLASTIC PAIL (5 GAL),2025-01-26,2026-01-26,3.0,2.0,0.16666666666666666,0.3333333333333333,0.5,4.0,0.0,4.0,24.0,False,0.0
PP5,PLASTIC PAIL (5 GAL),2025-01-26,2026-01-26,4.0,3.0,0.25,0.5,0.75,1.0,0.0,1.0,4.0,False,0.0
PP5,PLASTIC PAIL (5 GAL),2025-01-26,2026-01-26,5.0,28.0,2.3333333333333335,4.666666666666667,7.0,7.0,0.0,7.0,3.0,False,0.0
PP5,PLASTIC PAIL (5 GAL),2025-01-26,2026-01-26,6.0,6.0,0.5,1.0,1.5,2.0,0.0,2.0,4.0,False,0.0
PP5,PLASTIC PAIL (5 GAL),2025-01-26,2026-01-26,8.0,0.0,0.0,0.0,0.0,4.0,0.0,4.0,inf,False,0.0
PP5,PLASTIC PAIL (5 GAL),2025-01-26,2026-01-26,9.0,0.0,0.0,0.0,0.0,2.0,0.0,2.0,inf,False,0.0
PRSI503598,SIKA LEVEL-02 EZ PRIMER 1GAL,2025-01-26,2026-01-26,1.0,45.0,3.75,7.5,11.25,32.0,30.0,2.0,0.5333333333333333,False,0.0
PRSI503598,SIKA LEVEL-02 EZ PRIMER 1GAL,2025-01-26,2026-01-26,3.0,45.0,3.75,7.5,11.25,3.0,0.0,3.0,0.8,False,0.0
PRSI503598,SIKA LEVEL-02 EZ PRIMER 1GAL,2025-01-26,2026-01-26,4.0,22.0,1.8333333333333333,3.6666666666666665,5.5,7.0,0.0,7.0,3.8181818181818183,False,0.0
PRSI503598,SIKA LEVEL-02 EZ PRIMER 1GAL,2025-01-26,2026-01-26,5.0,37.0,3.0833333333333335,6.166666666666667,9.25,8.0,0.0,8.0,2.5945945945945943,False,0.0
PRSI503598,SIKA LEVEL-02 EZ PRIMER 1GAL,2025-01-26,2026-01-26,6.0,46.0,3.8333333333333335,7.666666666666667,11.5,7.0,0.0,7.0,1.826086956521739,False,0.0
PRSI503598,SIKA LEVEL-02 EZ PRIMER 1GAL,2025-01-26,2026-01-26,8.0,16.0,1.3333333333333333,2.6666666666666665,4.0,6.0,0.0,6.0,4.5,False,0.0
PRSI503598,SIKA LEVEL-02 EZ PRIMER 1GAL,2025-01-26,2026-01-26,9.0,45.0,3.75,7.5,11.25,28.0,4.0,24.0,6.4,False,0.0
PRSI536430,SIKA LEVEL 01 PRIMER PLUS 1GAL,2025-01-26,2026-01-26,1.0,48.0,4.0,8.0,12.0,39.0,12.0,27.0,6.75,False,0.0
PRSI536430,SIKA LEVEL 01 PRIMER PLUS 1GAL,2025-01-26,2026-01-26,3.0,88.0,7.333333333333333,14.666666666666666,22.0,9.0,0.0,9.0,1.2272727272727273,True,10.584070796460178
PRSI536430,SIKA LEVEL 01 PRIMER PLUS 1GAL,2025-01-26,2026-01-26,4.0,34.0,2.8333333333333335,5.666666666666667,8.5,6.0,0.0,6.0,2.1176470588235294,False,0.0
PRSI536430,SIKA LEVEL 01 PRIMER PLUS 1GAL,2025-01-26,2026-01-26,5.0,42.0,3.5,7.0,10.5,8.0,1.0,7.0,2.0,False,0.0
PRSI536430,SIKA LEVEL 01 PRIMER PLUS 1GAL,2025-01-26,2026-01-26,6.0,27.0,2.25,4.5,6.75,4.0,0.0,4.0,1.7777777777777777,True,2.2389380530973453
PRSI536430,SIKA LEVEL 01 PRIMER PLUS 1GAL,2025-01-26,2026-01-26,8.0,54.0,4.5,9.0,13.5,8.0,0.0,8.0,1.7777777777777777,True,4.477876106194691
PRSI536430,SIKA LEVEL 01 PRIMER PLUS 1GAL,2025-01-26,2026-01-26,9.0,60.0,5.0,10.0,15.0,8.0,0.0,8.0,1.6,True,5.699115044247788
PRULK102500,"BOSTIK UNIVERSAL PRIMER ""PRO""",2025-01-26,2026-01-26,1.0,230.0,19.166666666666668,38.333333333333336,57.5,2.0,2.0,0.0,0.0,False,0.0
PRULK102500,"BOSTIK UNIVERSAL PRIMER ""PRO""",2025-01-26,2026-01-26,3.0,105.0,8.75,17.5,26.25,5.0,0.0,5.0,0.5714285714285714,False,0.0
PRULK102500,"BOSTIK UNIVERSAL PRIMER ""PRO""",2025-01-26,2026-01-26,4.0,35.0,2.9166666666666665,5.833333333333333,8.75,2.0,0.0,2.0,0.6857142857142857,False,0.0
PRULK102500,"BOSTIK UNIVERSAL PRIMER ""PRO""",2025-01-26,2026-01-26,5.0,281.0,23.416666666666668,46.833333333333336,70.25,39.0,2.0,37.0,1.5800711743772242,False,0.0
PRULK102500,"BOSTIK UNIVERSAL PRIMER ""PRO""",2025-01-26,2026-01-26,6.0,74.0,6.166666666666667,12.333333333333334,18.5,12.0,1.0,11.0,1.7837837837837838,False,0.0
PRULK102500,"BOSTIK UNIVERSAL PRIMER ""PRO""",2025-01-26,2026-01-26,8.0,11.0,0.9166666666666666,1.8333333333333333,2.75,9.0,0.0,9.0,9.818181818181818,False,0.0
PRULK102500,"BOSTIK UNIVERSAL PRIMER ""PRO""",2025-01-26,2026-01-26,9.0,84.0,7.0,14.0,21.0,8.0,4.0,4.0,0.5714285714285714,False,0.0
RAFL10,FLANNEL RAGS 10LBS BOX,2025-01-26,2026-01-26,1.0,134.0,11.166666666666666,22.333333333333332,33.5,39.0,4.0,35.0,3.1343283582089554,False,0.0
RAFL10,FLANNEL RAGS 10LBS BOX,2025-01-26,2026-01-26,3.0,144.0,12.0,24.0,36.0,35.0,1.0,34.0,2.8333333333333335,False,0.0
RAFL10,FLANNEL RAGS 10LBS BOX,2025-01-26,2026-01-26,4.0,63.0,5.25,10.5,15.75,17.0,0.0,17.0,3.238095238095238,False,0.0
RAFL10,FLANNEL RAGS 10LBS BOX,2025-01-26,2026-01-26,5.0,54.0,4.5,9.0,13.5,21.0,0.0,21.0,4.666666666666667,False,0.0
RAFL10,FLANNEL RAGS 10LBS BOX,2025-01-26,2026-01-26,6.0,144.0,12.0,24.0,36.0,25.0,1.0,24.0,2.0,False,0.0
RAFL10,FLANNEL RAGS 10LBS BOX,2025-01-26,2026-01-26,8.0,29.0,2.4166666666666665,4.833333333333333,7.25,11.0,0.0,11.0,4.551724137931035,False,0.0
RAFL10,FLANNEL RAGS 10LBS BOX,2025-01-26,2026-01-26,9.0,63.0,5.25,10.5,15.75,16.0,10.0,6.0,1.1428571428571428,True,9.75
RAFL5,FLANNEL RAGS 5LBS BOX,2025-01-26,2026-01-26,1.0,142.0,11.833333333333334,23.666666666666668,35.5,36.0,2.0,34.0,2.873239436619718,False,0.0
RAFL5,FLANNEL RAGS 5LBS BOX,2025-01-26,2026-01-26,3.0,130.0,10.833333333333334,21.666666666666668,32.5,22.0,0.0,22.0,2.0307692307692307,False,0.0
RAFL5,FLANNEL RAGS 5LBS BOX,2025-01-26,2026-01-26,4.0,61.0,5.083333333333333,10.166666666666666,15.25,21.0,0.0,21.0,4.131147540983607,False,0.0
RAFL5,FLANNEL RAGS 5LBS BOX,2025-01-26,2026-01-26,5.0,29.0,2.4166666666666665,4.833333333333333,7.25,7.0,0.0,7.0,2.896551724137931,False,0.0
RAFL5,FLANNEL RAGS 5LBS BOX,2025-01-26,2026-01-26,6.0,116.0,9.666666666666666,19.333333333333332,29.0,31.0,2.0,29.0,3.0,False,0.0
RAFL5,FLANNEL RAGS 5LBS BOX,2025-01-26,2026-01-26,8.0,62.0,5.166666666666667,10.333333333333334,15.5,30.0,0.0,30.0,5.806451612903225,False,0.0
RAFL5,FLANNEL RAGS 5LBS BOX,2025-01-26,2026-01-26,9.0,42.0,3.5,7.0,10.5,10.0,0.0,10.0,2.857142857142857,False,0.0
RAFL50,FLANNEL RAGS 50LBS BOX,2025-01-26,2026-01-26,1.0,12.0,1.0,2.0,3.0,9.0,0.0,9.0,9.0,False,0.0
RAFL50,FLANNEL RAGS 50LBS BOX,2025-01-26,2026-01-26,3.0,32.0,2.6666666666666665,5.333333333333333,8.0,8.0,2.0,6.0,2.25,False,0.0
RAFL50,FLANNEL RAGS 50LBS BOX,2025-01-26,2026-01-26,4.0,40.0,3.3333333333333335,6.666666666666667,10.0,9.0,0.0,9.0,2.6999999999999997,False,0.0
RAFL50,FLANNEL RAGS 50LBS BOX,2025-01-26,2026-01-26,5.0,3.0,0.25,0.5,0.75,3.0,0.0,3.0,12.0,False,0.0
RAFL50,FLANNEL RAGS 50LBS BOX,2025-01-26,2026-01-26,6.0,12.0,1.0,2.0,3.0,10.0,0.0,10.0,10.0,False,0.0
RAFL50,FLANNEL RAGS 50LBS BOX,2025-01-26,2026-01-26,8.0,0.0,0.0,0.0,0.0,2.0,0.0,2.0,inf,False,0.0
RAFL50,FLANNEL RAGS 50LBS BOX,2025-01-26,2026-01-26,9.0,5.0,0.4166666666666667,0.8333333333333334,1.25,4.0,0.0,4.0,9.6,False,0.0
RATO10,TOWELS 10LBS BOX,2025-01-26,2026-01-26,1.0,100.0,8.333333333333334,16.666666666666668,25.0,44.0,2.0,42.0,5.04,False,0.0
RATO10,TOWELS 10LBS BOX,2025-01-26,2026-01-26,3.0,191.0,15.916666666666666,31.833333333333332,47.75,46.0,1.0,45.0,2.8272251308900525,False,0.0
RATO10,TOWELS 10LBS BOX,2025-01-26,2026-01-26,4.0,64.0,5.333333333333333,10.666666666666666,16.0,23.0,0.0,23.0,4.3125,False,0.0
RATO10,TOWELS 10LBS BOX,2025-01-26,2026-01-26,5.0,44.0,3.6666666666666665,7.333333333333333,11.0,24.0,0.0,24.0,6.545454545454546,False,0.0
RATO10,TOWELS 10LBS BOX,2025-01-26,2026-01-26,6.0,122.0,10.166666666666666,20.333333333333332,30.5,22.0,1.0,21.0,2.0655737704918034,False,0.0
RATO10,TOWELS 10LBS BOX,2025-01-26,2026-01-26,8.0,28.0,2.3333333333333335,4.666666666666667,7.0,9.0,3.0,6.0,2.571428571428571,False,0.0
RATO10,TOWELS 10LBS BOX,2025-01-26,2026-01-26,9.0,55.0,4.583333333333333,9.166666666666666,13.75,11.0,1.0,10.0,2.181818181818182,False,0.0
RATO5,TOWELS 5LB BOX,2025-01-26,2026-01-26,1.0,97.0,8.083333333333334,16.166666666666668,24.25,50.0,0.0,50.0,6.185567010309278,False,0.0
RATO5,TOWELS 5LB BOX,2025-01-26,2026-01-26,3.0,135.0,11.25,22.5,33.75,38.0,0.0,38.0,3.3777777777777778,False,0.0
RATO5,TOWELS 5LB BOX,2025-01-26,2026-01-26,4.0,49.0,4.083333333333333,8.166666666666666,12.25,20.0,0.0,20.0,4.8979591836734695,False,0.0
RATO5,TOWELS 5LB BOX,2025-01-26,2026-01-26,5.0,46.0,3.8333333333333335,7.666666666666667,11.5,10.0,0.0,10.0,2.608695652173913,False,0.0
RATO5,TOWELS 5LB BOX,2025-01-26,2026-01-26,6.0,125.0,10.416666666666666,20.833333333333332,31.25,21.0,0.0,21.0,2.016,False,0.0
RATO5,TOWELS 5LB BOX,2025-01-26,2026-01-26,8.0,54.0,4.5,9.0,13.5,25.0,0.0,25.0,5.555555555555555,False,0.0
RATO5,TOWELS 5LB BOX,2025-01-26,2026-01-26,9.0,66.0,5.5,11.0,16.5,18.0,10.0,8.0,1.4545454545454546,True,8.5
RATO50,TOWELS 50LB BOX,2025-01-26,2026-01-26,1.0,26.0,2.1666666666666665,4.333333333333333,6.5,7.0,0.0,7.0,3.230769230769231,False,0.0
RATO50,TOWELS 50LB BOX,2025-01-26,2026-01-26,3.0,25.0,2.0833333333333335,4.166666666666667,6.25,8.0,0.0,8.0,3.84,False,0.0
RATO50,TOWELS 50LB BOX,2025-01-26,2026-01-26,4.0,27.0,2.25,4.5,6.75,5.0,1.0,4.0,1.7777777777777777,True,2.75
RATO50,TOWELS 50LB BOX,2025-01-26,2026-01-26,5.0,6.0,0.5,1.0,1.5,5.0,0.0,5.0,10.0,False,0.0
RATO50,TOWELS 50LB BOX,2025-01-26,2026-01-26,6.0,2.0,0.16666666666666666,0.3333333333333333,0.5,4.0,0.0,4.0,24.0,False,0.0
RATO50,TOWELS 50LB BOX,2025-01-26,2026-01-26,8.0,0.0,0.0,0.0,0.0,4.0,0.0,4.0,inf,False,0.0
RATO50,TOWELS 50LB BOX,2025-01-26,2026-01-26,9.0,13.0,1.0833333333333333,2.1666666666666665,3.25,5.0,0.0,5.0,4.615384615384616,False,0.0
RFPU14B744009,"PURDY WOOD PRO 9"" ROLLER FRAME",2025-01-26,2026-01-26,1.0,25.0,2.0833333333333335,4.166666666666667,6.25,23.0,2.0,21.0,10.08,False,0.0
RFPU14B744009,"PURDY WOOD PRO 9"" ROLLER FRAME",2025-01-26,2026-01-26,3.0,18.0,1.5,3.0,4.5,7.0,0.0,7.0,4.666666666666667,False,0.0
RFPU14B744009,"PURDY WOOD PRO 9"" ROLLER FRAME",2025-01-26,2026-01-26,4.0,7.0,0.5833333333333334,1.1666666666666667,1.75,3.0,0.0,3.0,5.142857142857142,False,0.0
RFPU14B744009,"PURDY WOOD PRO 9"" ROLLER FRAME",2025-01-26,2026-01-26,5.0,36.0,3.0,6.0,9.0,12.0,0.0,12.0,4.0,False,0.0
RFPU14B744009,"PURDY WOOD PRO 9"" ROLLER FRAME",2025-01-26,2026-01-26,6.0,17.0,1.4166666666666667,2.8333333333333335,4.25,7.0,0.0,7.0,4.941176470588235,False,0.0
RFPU14B744009,"PURDY WOOD PRO 9"" ROLLER FRAME",2025-01-26,2026-01-26,8.0,0.0,0.0,0.0,0.0,6.0,0.0,6.0,inf,False,0.0
RFPU14B744009,"PURDY WOOD PRO 9"" ROLLER FRAME",2025-01-26,2026-01-26,9.0,15.0,1.25,2.5,3.75,3.0,0.0,3.0,2.4,False,0.0
RH112SOSNB-15,"1/2 x 1-1/2"" SELECT W/O NESTED",2025-01-26,2026-01-26,1.0,11790.0,982.5,1965.0,2947.5,913.0,0.0,913.0,0.9292620865139949,False,0.0
RH112SOSNB-15,"1/2 x 1-1/2"" SELECT W/O NESTED",2025-01-26,2026-01-26,3.0,2580.0,215.0,430.0,645.0,2.0,0.0,2.0,0.009302325581395349,False,0.0
RH112SOSNB-15,"1/2 x 1-1/2"" SELECT W/O NESTED",2025-01-26,2026-01-26,4.0,2325.0,193.75,387.5,581.25,3.0,3.0,0.0,0.0,False,0.0
RH112SOSNB-15,"1/2 x 1-1/2"" SELECT W/O NESTED",2025-01-26,2026-01-26,5.0,3405.0,283.75,567.5,851.25,3.0,0.0,3.0,0.010572687224669603,False,0.0
RH112SOSNB-15,"1/2 x 1-1/2"" SELECT W/O NESTED",2025-01-26,2026-01-26,6.0,7875.0,656.25,1312.5,1968.75,69.0,60.0,9.0,0.013714285714285714,False,0.0
RH112SOSNB-15,"1/2 x 1-1/2"" SELECT W/O NESTED",2025-01-26,2026-01-26,8.0,1695.0,141.25,282.5,423.75,0.0,0.0,0.0,0.0,False,0.0
RH112SOSNB-15,"1/2 x 1-1/2"" SELECT W/O NESTED",2025-01-26,2026-01-26,9.0,825.0,68.75,137.5,206.25,0.0,0.0,0.0,0.0,False,0.0
RH112SRSNB-15,"1/2 x 1-1/2"" SELECT R/O NESTED",2025-01-26,2026-01-26,1.0,9870.0,822.5,1645.0,2467.5,891.0,14.0,877.0,1.0662613981762918,False,0.0
RH112SRSNB-15,"1/2 x 1-1/2"" SELECT R/O NESTED",2025-01-26,2026-01-26,3.0,2085.0,173.75,347.5,521.25,2.0,2.0,0.0,0.0,True,8.49588785046729
RH112SRSNB-15,"1/2 x 1-1/2"" SELECT R/O NESTED",2025-01-26,2026-01-26,4.0,2445.0,203.75,407.5,611.25,0.0,0.0,0.0,0.0,True,9.962803738317756
RH112SRSNB-15,"1/2 x 1-1/2"" SELECT R/O NESTED",2025-01-26,2026-01-26,5.0,1200.0,100.0,200.0,300.0,2.0,0.0,2.0,0.02,True,4.857121495327103
RH112SRSNB-15,"1/2 x 1-1/2"" SELECT R/O NESTED",2025-01-26,2026-01-26,6.0,5550.0,462.5,925.0,1387.5,47.0,0.0,47.0,0.10162162162162162,True,21.84889719626168
RH112SRSNB-15,"1/2 x 1-1/2"" SELECT R/O NESTED",2025-01-26,2026-01-26,8.0,825.0,68.75,137.5,206.25,0.0,0.0,0.0,0.0,True,3.3616822429906543
RH112SRSNB-15,"1/2 x 1-1/2"" SELECT R/O NESTED",2025-01-26,2026-01-26,9.0,1470.0,122.5,245.0,367.5,1.0,0.0,1.0,0.00816326530612245,True,5.973607476635514
RH112SRSNB-24,"1/2 x 1 1/2"" SELECT R/O NESTED",2025-01-26,2026-01-26,1.0,4920.0,410.0,820.0,1230.0,144.0,0.0,144.0,0.35121951219512193,False,0.0
RH112SRSNB-24,"1/2 x 1 1/2"" SELECT R/O NESTED",2025-01-26,2026-01-26,3.0,3288.0,274.0,548.0,822.0,0.0,0.0,0.0,0.0,False,0.0
RH112SRSNB-24,"1/2 x 1 1/2"" SELECT R/O NESTED",2025-01-26,2026-01-26,4.0,1056.0,88.0,176.0,264.0,0.0,0.0,0.0,0.0,False,0.0
RH112SRSNB-24,"1/2 x 1 1/2"" SELECT R/O NESTED",2025-01-26,2026-01-26,5.0,480.0,40.0,80.0,120.0,0.0,0.0,0.0,0.0,False,0.0
RH112SRSNB-24,"1/2 x 1 1/2"" SELECT R/O NESTED",2025-01-26,2026-01-26,6.0,7944.0,662.0,1324.0,1986.0,24.0,0.0,24.0,0.03625377643504532,False,0.0
RH112SRSNB-24,"1/2 x 1 1/2"" SELECT R/O NESTED",2025-01-26,2026-01-26,8.0,696.0,58.0,116.0,174.0,0.0,0.0,0.0,0.0,False,0.0
RH112SRSNB-24,"1/2 x 1 1/2"" SELECT R/O NESTED",2025-01-26,2026-01-26,9.0,1848.0,154.0,308.0,462.0,0.0,0.0,0.0,0.0,False,0.0
RH2SOSNB,"1/2 x 2"" SELECT W/O NESTED BND",2025-01-26,2026-01-26,1.0,26825.0,2235.4166666666665,4470.833333333333,6706.25,5025.0,150.0,4875.0,2.180801491146319,False,0.0
RH2SOSNB,"1/2 x 2"" SELECT W/O NESTED BND",2025-01-26,2026-01-26,3.0,14375.0,1197.9166666666667,2395.8333333333335,3593.75,1125.0,100.0,1025.0,0.8556521739130434,True,390.9436936936937
RH2SOSNB,"1/2 x 2"" SELECT W/O NESTED BND",2025-01-26,2026-01-26,4.0,9000.0,750.0,1500.0,2250.0,375.0,0.0,375.0,0.5,True,285.3603603603604
RH2SOSNB,"1/2 x 2"" SELECT W/O NESTED BND",2025-01-26,2026-01-26,5.0,24225.0,2018.75,4037.5,6056.25,2100.0,325.0,1775.0,0.8792569659442725,True,651.5728228228229
RH2SOSNB,"1/2 x 2"" SELECT W/O NESTED BND",2025-01-26,2026-01-26,6.0,30150.0,2512.5,5025.0,7537.5,950.0,50.0,900.0,0.3582089552238806,True,1010.1756756756758
RH2SOSNB,"1/2 x 2"" SELECT W/O NESTED BND",2025-01-26,2026-01-26,8.0,4375.0,364.5833333333333,729.1666666666666,1093.75,1050.0,0.0,1050.0,2.8800000000000003,False,0.0
RH2SOSNB,"1/2 x 2"" SELECT W/O NESTED BND",2025-01-26,2026-01-26,9.0,12525.0,1043.75,2087.5,3131.25,1175.0,25.0,1150.0,1.1017964071856288,True,301.53078078078084
RH2SOSNB-24,"1/2 x 2"" SELECT W/O NESTED BND",2025-01-26,2026-01-26,1.0,0.0,0.0,0.0,0.0,0.0,0.0,0.0,inf,False,0.0
RH2SOSNB-24,"1/2 x 2"" SELECT W/O NESTED BND",2025-01-26,2026-01-26,3.0,0.0,0.0,0.0,0.0,0.0,0.0,0.0,inf,False,0.0
RH2SOSNB-24,"1/2 x 2"" SELECT W/O NESTED BND",2025-01-26,2026-01-26,4.0,0.0,0.0,0.0,0.0,22.0,0.0,22.0,inf,False,0.0
RH2SOSNB-24,"1/2 x 2"" SELECT W/O NESTED BND",2025-01-26,2026-01-26,5.0,144.0,12.0,24.0,36.0,24.0,0.0,24.0,2.0,False,0.0
RH2SOSNB-24,"1/2 x 2"" SELECT W/O NESTED BND",2025-01-26,2026-01-26,6.0,48.0,4.0,8.0,12.0,24.0,0.0,24.0,6.0,False,0.0
RH2SOSNB-24,"1/2 x 2"" SELECT W/O NESTED BND",2025-01-26,2026-01-26,8.0,0.0,0.0,0.0,0.0,119.0,0.0,119.0,inf,False,0.0
RH2SOSNB-24,"1/2 x 2"" SELECT W/O NESTED BND",2025-01-26,2026-01-26,9.0,0.0,0.0,0.0,0.0,48.0,0.0,48.0,inf,False,0.0
RH2SRS,"1/2 x 2"" SELECT R/O NESTED BND",2025-01-26,2026-01-26,1.0,1272.0,106.0,212.0,318.0,48.0,0.0,48.0,0.4528301886792453,False,0.0
RH2SRS,"1/2 x 2"" SELECT R/O NESTED BND",2025-01-26,2026-01-26,3.0,0.0,0.0,0.0,0.0,0.0,0.0,0.0,inf,False,0.0
RH2SRS,"1/2 x 2"" SELECT R/O NESTED BND",2025-01-26,2026-01-26,4.0,0.0,0.0,0.0,0.0,0.0,0.0,0.0,inf,False,0.0
RH2SRS,"1/2 x 2"" SELECT R/O NESTED BND",2025-01-26,2026-01-26,5.0,0.0,0.0,0.0,0.0,96.0,0.0,96.0,inf,False,0.0
RH2SRS,"1/2 x 2"" SELECT R/O NESTED BND",2025-01-26,2026-01-26,6.0,24.0,2.0,4.0,6.0,0.0,0.0,0.0,0.0,False,0.0
RH2SRS,"1/2 x 2"" SELECT R/O NESTED BND",2025-01-26,2026-01-26,8.0,0.0,0.0,0.0,0.0,0.0,0.0,0.0,inf,False,0.0
RH2SRS,"1/2 x 2"" SELECT R/O NESTED BND",2025-01-26,2026-01-26,9.0,0.0,0.0,0.0,0.0,72.0,0.0,72.0,inf,False,0.0
RH2SRSNB,"1/2 x 2"" SELECT R/O NESTED BND",2025-01-26,2026-01-26,1.0,52275.0,4356.25,8712.5,13068.75,32850.0,1675.0,31175.0,7.156384505021521,False,0.0
RH2SRSNB,"1/2 x 2"" SELECT R/O NESTED BND",2025-01-26,2026-01-26,3.0,21175.0,1764.5833333333333,3529.1666666666665,5293.75,1525.0,475.0,1050.0,0.5950413223140496,True,4140.502785356981
RH2SRSNB,"1/2 x 2"" SELECT R/O NESTED BND",2025-01-26,2026-01-26,4.0,17250.0,1437.5,2875.0,4312.5,1000.0,0.0,1000.0,0.6956521739130435,True,3231.9093906321054
RH2SRSNB,"1/2 x 2"" SELECT R/O NESTED BND",2025-01-26,2026-01-26,5.0,25000.0,2083.3333333333335,4166.666666666667,6250.0,1435.0,110.0,1325.0,0.6359999999999999,True,4805.178490222829
RH2SRSNB,"1/2 x 2"" SELECT R/O NESTED BND",2025-01-26,2026-01-26,6.0,44875.0,3739.5833333333335,7479.166666666667,11218.75,1650.0,0.0,1650.0,0.44122562674094706,True,9335.949579354252
RH2SRSNB,"1/2 x 2"" SELECT R/O NESTED BND",2025-01-26,2026-01-26,8.0,11625.0,968.75,1937.5,2906.25,1000.0,75.0,925.0,0.9548387096774194,True,1933.0476921327877
RH2SRSNB,"1/2 x 2"" SELECT R/O NESTED BND",2025-01-26,2026-01-26,9.0,19825.0,1652.0833333333333,3304.1666666666665,4956.25,1825.0,325.0,1500.0,0.9079445145018916,True,3372.1620623010463
RKDTRS1,DRITAC INJECTION KIT ENG,2025-01-26,2026-01-26,1.0,64.0,5.333333333333333,10.666666666666666,16.0,18.0,5.0,13.0,2.4375,False,0.0
RKDTRS1,DRITAC INJECTION KIT ENG,2025-01-26,2026-01-26,3.0,37.0,3.0833333333333335,6.166666666666667,9.25,5.0,0.0,5.0,1.6216216216216215,True,4.25
RKDTRS1,DRITAC INJECTION KIT ENG,2025-01-26,2026-01-26,4.0,13.0,1.0833333333333333,2.1666666666666665,3.25,4.0,0.0,4.0,3.6923076923076925,False,0.0
RKDTRS1,DRITAC INJECTION KIT ENG,2025-01-26,2026-01-26,5.0,22.0,1.8333333333333333,3.6666666666666665,5.5,4.0,0.0,4.0,2.181818181818182,False,0.0
RKDTRS1,DRITAC INJECTION KIT ENG,2025-01-26,2026-01-26,6.0,34.0,2.8333333333333335,5.666666666666667,8.5,9.0,0.0,9.0,3.176470588235294,False,0.0
RKDTRS1,DRITAC INJECTION KIT ENG,2025-01-26,2026-01-26,8.0,8.0,0.6666666666666666,1.3333333333333333,2.0,5.0,2.0,3.0,4.5,False,0.0
RKDTRS1,DRITAC INJECTION KIT ENG,2025-01-26,2026-01-26,9.0,29.0,2.4166666666666665,4.833333333333333,7.25,5.0,0.0,5.0,2.0689655172413794,False,0.0
RKDTRS2,DRITAC REPAIR ADHESIVE 1QT,2025-01-26,2026-01-26,1.0,45.0,3.75,7.5,11.25,22.0,1.0,21.0,5.6,False,0.0
RKDTRS2,DRITAC REPAIR ADHESIVE 1QT,2025-01-26,2026-01-26,3.0,29.0,2.4166666666666665,4.833333333333333,7.25,7.0,0.0,7.0,2.896551724137931,False,0.0
RKDTRS2,DRITAC REPAIR ADHESIVE 1QT,2025-01-26,2026-01-26,4.0,6.0,0.5,1.0,1.5,6.0,0.0,6.0,12.0,False,0.0
RKDTRS2,DRITAC REPAIR ADHESIVE 1QT,2025-01-26,2026-01-26,5.0,21.0,1.75,3.5,5.25,11.0,0.0,11.0,6.285714285714286,False,0.0
RKDTRS2,DRITAC REPAIR ADHESIVE 1QT,2025-01-26,2026-01-26,6.0,13.0,1.0833333333333333,2.1666666666666665,3.25,7.0,0.0,7.0,6.461538461538462,False,0.0
RKDTRS2,DRITAC REPAIR ADHESIVE 1QT,2025-01-26,2026-01-26,8.0,8.0,0.6666666666666666,1.3333333333333333,2.0,11.0,0.0,11.0,16.5,False,0.0
RKDTRS2,DRITAC REPAIR ADHESIVE 1QT,2025-01-26,2026-01-26,9.0,41.0,3.4166666666666665,6.833333333333333,10.25,11.0,3.0,8.0,2.3414634146341466,False,0.0
RKDTRS8,DRITAC REPAIR ADHESIVE 1 GAL,2025-01-26,2026-01-26,1.0,31.0,2.5833333333333335,5.166666666666667,7.75,26.0,26.0,0.0,0.0,False,0.0
RKDTRS8,DRITAC REPAIR ADHESIVE 1 GAL,2025-01-26,2026-01-26,3.0,15.0,1.25,2.5,3.75,7.0,0.0,7.0,5.6,False,0.0
RKDTRS8,DRITAC REPAIR ADHESIVE 1 GAL,2025-01-26,2026-01-26,4.0,1.0,0.08333333333333333,0.16666666666666666,0.25,14.0,2.0,12.0,144.0,False,0.0
RKDTRS8,DRITAC REPAIR ADHESIVE 1 GAL,2025-01-26,2026-01-26,5.0,19.0,1.5833333333333333,3.1666666666666665,4.75,7.0,2.0,5.0,3.1578947368421053,False,0.0
RKDTRS8,DRITAC REPAIR ADHESIVE 1 GAL,2025-01-26,2026-01-26,6.0,13.0,1.0833333333333333,2.1666666666666665,3.25,4.0,0.0,4.0,3.6923076923076925,False,0.0
RKDTRS8,DRITAC REPAIR ADHESIVE 1 GAL,2025-01-26,2026-01-26,8.0,0.0,0.0,0.0,0.0,3.0,0.0,3.0,inf,False,0.0
RKDTRS8,DRITAC REPAIR ADHESIVE 1 GAL,2025-01-26,2026-01-26,9.0,22.0,1.8333333333333333,3.6666666666666665,5.5,7.0,1.0,6.0,3.272727272727273,False,0.0
RKDTSW1,DRITAC SOLID INJECTION KIT,2025-01-26,2026-01-26,1.0,6.0,0.5,1.0,1.5,30.0,0.0,30.0,60.0,False,0.0
RKDTSW1,DRITAC SOLID INJECTION KIT,2025-01-26,2026-01-26,3.0,5.0,0.4166666666666667,0.8333333333333334,1.25,2.0,0.0,2.0,4.8,False,0.0
RKDTSW1,DRITAC SOLID INJECTION KIT,2025-01-26,2026-01-26,4.0,1.0,0.08333333333333333,0.16666666666666666,0.25,4.0,0.0,4.0,48.0,False,0.0
RKDTSW1,DRITAC SOLID INJECTION KIT,2025-01-26,2026-01-26,5.0,0.0,0.0,0.0,0.0,4.0,0.0,4.0,inf,False,0.0
RKDTSW1,DRITAC SOLID INJECTION KIT,2025-01-26,2026-01-26,6.0,4.0,0.3333333333333333,0.6666666666666666,1.0,4.0,0.0,4.0,12.0,False,0.0
RKDTSW1,DRITAC SOLID INJECTION KIT,2025-01-26,2026-01-26,8.0,1.0,0.08333333333333333,0.16666666666666666,0.25,4.0,0.0,4.0,48.0,False,0.0
RKDTSW1,DRITAC SOLID INJECTION KIT,2025-01-26,2026-01-26,9.0,3.0,0.25,0.5,0.75,6.0,0.0,6.0,24.0,False,0.0
RKSYCR143,SYRINGE & NEEDLE CRAIN NO.143,2025-01-26,2026-01-26,1.0,65.0,5.416666666666667,10.833333333333334,16.25,17.0,4.0,13.0,2.4,False,0.0
RKSYCR143,SYRINGE & NEEDLE CRAIN NO.143,2025-01-26,2026-01-26,3.0,38.0,3.1666666666666665,6.333333333333333,9.5,10.0,0.0,10.0,3.1578947368421053,False,0.0
RKSYCR143,SYRINGE & NEEDLE CRAIN NO.143,2025-01-26,2026-01-26,4.0,13.0,1.0833333333333333,2.1666666666666665,3.25,5.0,0.0,5.0,4.615384615384616,False,0.0
RKSYCR143,SYRINGE & NEEDLE CRAIN NO.143,2025-01-26,2026-01-26,5.0,75.0,6.25,12.5,18.75,17.0,0.0,17.0,2.72,False,0.0
RKSYCR143,SYRINGE & NEEDLE CRAIN NO.143,2025-01-26,2026-01-26,6.0,26.0,2.1666666666666665,4.333333333333333,6.5,6.0,0.0,6.0,2.7692307692307696,False,0.0
RKSYCR143,SYRINGE & NEEDLE CRAIN NO.143,2025-01-26,2026-01-26,8.0,9.0,0.75,1.5,2.25,8.0,3.0,5.0,6.666666666666667,False,0.0
RKSYCR143,SYRINGE & NEEDLE CRAIN NO.143,2025-01-26,2026-01-26,9.0,83.0,6.916666666666667,13.833333333333334,20.75,13.0,0.0,13.0,1.8795180722891565,True,7.583333333333333
RP36RRP,RED ROSIN PAPER,2025-01-26,2026-01-26,1.0,24.0,2.0,4.0,6.0,102.0,0.0,102.0,51.0,False,0.0
RP36RRP,RED ROSIN PAPER,2025-01-26,2026-01-26,3.0,169.0,14.083333333333334,28.166666666666668,42.25,43.0,0.0,43.0,3.0532544378698225,False,0.0
RP36RRP,RED ROSIN PAPER,2025-01-26,2026-01-26,4.0,62.0,5.166666666666667,10.333333333333334,15.5,19.0,0.0,19.0,3.6774193548387095,False,0.0
RP36RRP,RED ROSIN PAPER,2025-01-26,2026-01-26,5.0,43.0,3.5833333333333335,7.166666666666667,10.75,25.0,0.0,25.0,6.976744186046512,False,0.0
RP36RRP,RED ROSIN PAPER,2025-01-26,2026-01-26,6.0,29.0,2.4166666666666665,4.833333333333333,7.25,18.0,0.0,18.0,7.448275862068966,False,0.0
RP36RRP,RED ROSIN PAPER,2025-01-26,2026-01-26,8.0,5.0,0.4166666666666667,0.8333333333333334,1.25,30.0,0.0,30.0,72.0,False,0.0
RP36RRP,RED ROSIN PAPER,2025-01-26,2026-01-26,9.0,30.0,2.5,5.0,7.5,27.0,4.0,23.0,9.2,False,0.0
RQ214SOS-16,3/4 X 2-1/4 SEL.WHITE OAK 16.8,2025-01-26,2026-01-26,1.0,101.28,8.44,16.88,25.32,4.0,0.0,4.0,0.47393364928909953,False,0.0
RQ214SOS-16,3/4 X 2-1/4 SEL.WHITE OAK 16.8,2025-01-26,2026-01-26,6.0,3882.4,323.53333333333336,647.0666666666667,970.6000000000001,0.0,0.0,0.0,0.0,False,0.0
RQ214SOSSP,3/4 x 2-1/4 SEL/BTR WHITE OAK,2025-01-26,2026-01-26,1.0,43641.92,3636.8266666666664,7273.653333333333,10910.48,18772.48,413.3,18359.18,5.048131704562953,False,0.0
RQ214SOSSP,3/4 x 2-1/4 SEL/BTR WHITE OAK,2025-01-26,2026-01-26,3.0,35586.78,2965.565,5931.13,8896.695,1031.85,45.0,986.8499999999999,0.33276964086101635,True,4925.157534319691
RQ214SOSSP,3/4 x 2-1/4 SEL/BTR WHITE OAK,2025-01-26,2026-01-26,4.0,15326.35,1277.1958333333334,2554.391666666667,3831.5875000000005,1376.26,0.0,1376.26,1.0775638035148616,True,1528.8383951704911
RQ214SOSSP,3/4 x 2-1/4 SEL/BTR WHITE OAK,2025-01-26,2026-01-26,5.0,15208.87,1267.4058333333335,2534.811666666667,3802.2175000000007,1297.17,0.0,1297.17,1.0234843219778984,True,1559.797134893757
RQ214SOSSP,3/4 x 2-1/4 SEL/BTR WHITE OAK,2025-01-26,2026-01-26,6.0,36638.29,3053.1908333333336,6106.381666666667,9159.5725,395.52,220.52,174.99999999999997,0.05731708548624948,True,5594.34918649057
RQ214SOSSP,3/4 x 2-1/4 SEL/BTR WHITE OAK,2025-01-26,2026-01-26,8.0,10049.050000000001,837.4208333333335,1674.841666666667,2512.2625000000003,765.01,42.18,722.83,0.8631621894606952,True,1114.2110824588246
RQ214SOSSP,3/4 x 2-1/4 SEL/BTR WHITE OAK,2025-01-26,2026-01-26,9.0,4780.31,398.3591666666667,796.7183333333334,1195.0775,1496.11,21.0,1475.11,3.7029648704791107,False,0.0
RQ214SRS-16,3/4 X 2-1/4 SEL.RED OAK 16.88,2025-01-26,2026-01-26,1.0,1839.92,153.32666666666668,306.65333333333336,459.98,55.0,0.0,55.0,0.3587112483151441,False,0.0
RQ214SRS-16,3/4 X 2-1/4 SEL.RED OAK 16.88,2025-01-26,2026-01-26,6.0,1232.24,102.68666666666667,205.37333333333333,308.06,9.0,0.0,9.0,0.087645263909628,False,0.0
RQ214SRSSP,3/4 X 2-1/4 SELECT RED OAK,2025-01-26,2026-01-26,1.0,36290.21,3024.1841666666664,6048.368333333333,9072.5525,19906.95,1935.0,17971.95,5.942743235710127,False,0.0
RQ214SRSSP,3/4 X 2-1/4 SELECT RED OAK,2025-01-26,2026-01-26,3.0,27466.08,2288.84,4577.68,6866.52,1529.19,0.0,1529.19,0.6681069886929624,True,5337.33
RQ214SRSSP,3/4 X 2-1/4 SELECT RED OAK,2025-01-26,2026-01-26,4.0,10129.21,844.1008333333333,1688.2016666666666,2532.3025,1114.59,0.0,1114.59,1.3204465106360712,True,1417.7124999999999
RQ214SRSSP,3/4 X 2-1/4 SELECT RED OAK,2025-01-26,2026-01-26,5.0,12395.06,1032.9216666666666,2065.8433333333332,3098.765,2635.82,120.0,2515.82,2.4356348416223885,False,0.0
RQ214SRSSP,3/4 X 2-1/4 SELECT RED OAK,2025-01-26,2026-01-26,6.0,25850.02,2154.1683333333335,4308.336666666667,6462.505000000001,184.67,0.0,184.67,0.08572681955371793,True,6277.835000000001
RQ214SRSSP,3/4 X 2-1/4 SELECT RED OAK,2025-01-26,2026-01-26,8.0,5996.52,499.71000000000004,999.4200000000001,1499.13,1142.26,0.0,1142.26,2.2858457905585237,False,0.0
RQ214SRSSP,3/4 X 2-1/4 SELECT RED OAK,2025-01-26,2026-01-26,9.0,12763.77,1063.6475,2127.295,3190.9425,1545.0,0.0,1545.0,1.4525488942530302,True,1645.9425
RQ314FMS,3/4 X 3 1/4 1ST/SEL.MAPLE UNF.,2025-01-26,2026-01-26,1.0,5644.85,470.4041666666667,940.8083333333334,1411.2125,1941.45,1900.0,41.450000000000045,0.08811571609520191,False,0.0
RQ314FMS,3/4 X 3 1/4 1ST/SEL.MAPLE UNF.,2025-01-26,2026-01-26,3.0,596.6,49.71666666666667,99.43333333333334,149.15,121.6,0.0,121.6,2.445859872611465,False,0.0
RQ314FMS,3/4 X 3 1/4 1ST/SEL.MAPLE UNF.,2025-01-26,2026-01-26,4.0,0.0,0.0,0.0,0.0,0.0,0.0,0.0,inf,False,0.0
RQ314FMS,3/4 X 3 1/4 1ST/SEL.MAPLE UNF.,2025-01-26,2026-01-26,5.0,273.0,22.75,45.5,68.25,22.75,0.0,22.75,1.0,False,0.0
RQ314FMS,3/4 X 3 1/4 1ST/SEL.MAPLE UNF.,2025-01-26,2026-01-26,6.0,1913.6,159.46666666666667,318.93333333333334,478.4,123.4,0.0,123.4,0.7738294314381271,False,0.0
RQ314FMS,3/4 X 3 1/4 1ST/SEL.MAPLE UNF.,2025-01-26,2026-01-26,8.0,26.0,2.1666666666666665,4.333333333333333,6.5,14.0,14.0,0.0,0.0,False,0.0
RQ314FMS,3/4 X 3 1/4 1ST/SEL.MAPLE UNF.,2025-01-26,2026-01-26,9.0,455.0,37.916666666666664,75.83333333333333,113.75,42.0,0.0,42.0,1.1076923076923078,False,0.0
RQ314SDS,3/4 x 3 1/4 DOUGLAS FIR,2025-01-26,2026-01-26,1.0,3917.69,326.4741666666667,652.9483333333334,979.4225000000001,4171.83,1545.91,2625.92,8.043270396585743,False,0.0
RQ314SDS,3/4 x 3 1/4 DOUGLAS FIR,2025-01-26,2026-01-26,3.0,2433.93,202.8275,405.655,608.4825,0.63,0.0,0.63,0.0031060876853483874,True,607.8525
RQ314SDS,3/4 x 3 1/4 DOUGLAS FIR,2025-01-26,2026-01-26,4.0,155.73,12.9775,25.955,38.9325,0.0,0.0,0.0,0.0,True,38.9325
RQ314SDS,3/4 x 3 1/4 DOUGLAS FIR,2025-01-26,2026-01-26,5.0,465.75,38.8125,77.625,116.4375,7.01,0.0,7.01,0.18061191626409018,True,109.4275
RQ314SDS,3/4 x 3 1/4 DOUGLAS FIR,2025-01-26,2026-01-26,6.0,2464.21,205.35083333333333,410.70166666666665,616.0525,13.74,13.74,0.0,0.0,True,616.0525
RQ314SDS,3/4 x 3 1/4 DOUGLAS FIR,2025-01-26,2026-01-26,8.0,177.44,14.786666666666667,29.573333333333334,44.36,0.0,0.0,0.0,0.0,True,44.36
RQ314SDS,3/4 x 3 1/4 DOUGLAS FIR,2025-01-26,2026-01-26,9.0,672.92,56.07666666666666,112.15333333333332,168.23,254.1,253.68,0.4199999999999875,0.00748974618082365,True,167.81
RQ314SOSSP,3/4 x 3-1/4 SEL/BTR WHITE OAK,2025-01-26,2026-01-26,1.0,14024.0,1168.6666666666667,2337.3333333333335,3506.0,15204.0,1530.0,13674.0,11.700513405590415,False,0.0
RQ314SOSSP,3/4 x 3-1/4 SEL/BTR WHITE OAK,2025-01-26,2026-01-26,3.0,15945.6,1328.8,2657.6,3986.3999999999996,1570.0,844.0,726.0,0.5463576158940397,True,3260.3999999999996
RQ314SOSSP,3/4 x 3-1/4 SEL/BTR WHITE OAK,2025-01-26,2026-01-26,4.0,4778.4,398.2,796.4,1194.6,22.0,0.0,22.0,0.05524861878453039,True,1172.6
RQ314SOSSP,3/4 x 3-1/4 SEL/BTR WHITE OAK,2025-01-26,2026-01-26,5.0,5480.8,456.73333333333335,913.4666666666667,1370.2,40.0,0.0,40.0,0.08757845569989782,True,1330.2
RQ314SOSSP,3/4 x 3-1/4 SEL/BTR WHITE OAK,2025-01-26,2026-01-26,6.0,13224.1,1102.0083333333334,2204.016666666667,3306.0250000000005,813.7,15.0,798.7,0.7247676590467403,True,2507.3250000000007
RQ314SOSSP,3/4 x 3-1/4 SEL/BTR WHITE OAK,2025-01-26,2026-01-26,8.0,3342.0,278.5,557.0,835.5,205.43,0.0,205.43,0.7376301615798923,True,630.0699999999999
RQ314SOSSP,3/4 x 3-1/4 SEL/BTR WHITE OAK,2025-01-26,2026-01-26,9.0,3823.5,318.625,637.25,955.875,939.5,0.0,939.5,2.9486072969792074,False,0.0
RQ314SRSSP,3/4 x 3-1/4 SEL/BTR RED OAK,2025-01-26,2026-01-26,1.0,9676.4,806.3666666666667,1612.7333333333333,2419.1,942.5,330.0,612.5,0.7595800090942912,False,0.0
RQ314SRSSP,3/4 x 3-1/4 SEL/BTR RED OAK,2025-01-26,2026-01-26,3.0,3925.6,327.1333333333333,654.2666666666667,981.4,226.8,0.0,226.8,0.6932952924393724,False,0.0
RQ314SRSSP,3/4 x 3-1/4 SEL/BTR RED OAK,2025-01-26,2026-01-26,4.0,2403.6,200.29999999999998,400.59999999999997,600.9,297.35,143.35,154.00000000000003,0.7688467299051425,False,0.0
RQ314SRSSP,3/4 x 3-1/4 SEL/BTR RED OAK,2025-01-26,2026-01-26,5.0,1210.0,100.83333333333333,201.66666666666666,302.5,96.0,0.0,96.0,0.9520661157024793,False,0.0
RQ314SRSSP,3/4 x 3-1/4 SEL/BTR RED OAK,2025-01-26,2026-01-26,6.0,9159.0,763.25,1526.5,2289.75,22.0,22.0,0.0,0.0,False,0.0
RQ314SRSSP,3/4 x 3-1/4 SEL/BTR RED OAK,2025-01-26,2026-01-26,8.0,2064.0,172.0,344.0,516.0,1060.05,0.0,1060.05,6.163081395348837,False,0.0
RQ314SRSSP,3/4 x 3-1/4 SEL/BTR RED OAK,2025-01-26,2026-01-26,9.0,4874.8,406.23333333333335,812.4666666666667,1218.7,488.15,0.0,488.15,1.201649298432756,False,0.0
SBAW22B,"ALLWAYS SCRAPER BLADE 1-1/2""",2025-01-26,2026-01-26,1.0,38.0,3.1666666666666665,6.333333333333333,9.5,63.0,0.0,63.0,19.894736842105264,False,0.0
SBAW22B,"ALLWAYS SCRAPER BLADE 1-1/2""",2025-01-26,2026-01-26,3.0,14.0,1.1666666666666667,2.3333333333333335,3.5,2.0,0.0,2.0,1.7142857142857142,True,1.5
SBAW22B,"ALLWAYS SCRAPER BLADE 1-1/2""",2025-01-26,2026-01-26,4.0,4.0,0.3333333333333333,0.6666666666666666,1.0,5.0,0.0,5.0,15.0,False,0.0
SBAW22B,"ALLWAYS SCRAPER BLADE 1-1/2""",2025-01-26,2026-01-26,5.0,9.0,0.75,1.5,2.25,4.0,0.0,4.0,5.333333333333333,False,0.0
SBAW22B,"ALLWAYS SCRAPER BLADE 1-1/2""",2025-01-26,2026-01-26,6.0,14.0,1.1666666666666667,2.3333333333333335,3.5,6.0,0.0,6.0,5.142857142857142,False,0.0
SBAW22B,"ALLWAYS SCRAPER BLADE 1-1/2""",2025-01-26,2026-01-26,8.0,1.0,0.08333333333333333,0.16666666666666666,0.25,5.0,0.0,5.0,60.0,False,0.0
SBAW22B,"ALLWAYS SCRAPER BLADE 1-1/2""",2025-01-26,2026-01-26,9.0,3.0,0.25,0.5,0.75,2.0,0.0,2.0,8.0,False,0.0
SBAW42B,"ALLWAYS SCRAPER BLADE 2-1/2""",2025-01-26,2026-01-26,1.0,39.0,3.25,6.5,9.75,32.0,1.0,31.0,9.538461538461538,False,0.0
SBAW42B,"ALLWAYS SCRAPER BLADE 2-1/2""",2025-01-26,2026-01-26,3.0,12.0,1.0,2.0,3.0,0.0,0.0,0.0,0.0,True,3.0
SBAW42B,"ALLWAYS SCRAPER BLADE 2-1/2""",2025-01-26,2026-01-26,4.0,10.0,0.8333333333333334,1.6666666666666667,2.5,1.0,0.0,1.0,1.2,True,1.5
SBAW42B,"ALLWAYS SCRAPER BLADE 2-1/2""",2025-01-26,2026-01-26,5.0,2.0,0.16666666666666666,0.3333333333333333,0.5,3.0,0.0,3.0,18.0,False,0.0
SBAW42B,"ALLWAYS SCRAPER BLADE 2-1/2""",2025-01-26,2026-01-26,6.0,12.0,1.0,2.0,3.0,4.0,0.0,4.0,4.0,False,0.0
SBAW42B,"ALLWAYS SCRAPER BLADE 2-1/2""",2025-01-26,2026-01-26,8.0,1.0,0.08333333333333333,0.16666666666666666,0.25,4.0,0.0,4.0,48.0,False,0.0
SBAW42B,"ALLWAYS SCRAPER BLADE 2-1/2""",2025-01-26,2026-01-26,9.0,4.0,0.3333333333333333,0.6666666666666666,1.0,4.0,0.0,4.0,12.0,False,0.0
SBCR351C,CRAIN STRIPPER BLADE NO.351C,2025-01-26,2026-01-26,1.0,49.0,4.083333333333333,8.166666666666666,12.25,15.0,3.0,12.0,2.938775510204082,False,0.0
SBCR351C,CRAIN STRIPPER BLADE NO.351C,2025-01-26,2026-01-26,3.0,46.0,3.8333333333333335,7.666666666666667,11.5,6.0,0.0,6.0,1.5652173913043477,True,5.5
SBCR351C,CRAIN STRIPPER BLADE NO.351C,2025-01-26,2026-01-26,4.0,24.0,2.0,4.0,6.0,7.0,0.0,7.0,3.5,False,0.0
SBCR351C,CRAIN STRIPPER BLADE NO.351C,2025-01-26,2026-01-26,5.0,27.0,2.25,4.5,6.75,10.0,0.0,10.0,4.444444444444445,False,0.0
SBCR351C,CRAIN STRIPPER BLADE NO.351C,2025-01-26,2026-01-26,6.0,41.0,3.4166666666666665,6.833333333333333,10.25,8.0,0.0,8.0,2.3414634146341466,False,0.0
SBCR351C,CRAIN STRIPPER BLADE NO.351C,2025-01-26,2026-01-26,8.0,11.0,0.9166666666666666,1.8333333333333333,2.75,5.0,1.0,4.0,4.363636363636364,False,0.0
SBCR351C,CRAIN STRIPPER BLADE NO.351C,2025-01-26,2026-01-26,9.0,29.0,2.4166666666666665,4.833333333333333,7.25,13.0,6.0,7.0,2.896551724137931,False,0.0
SBCR377,CRAIN SCRAPER BLADE NO.377,2025-01-26,2026-01-26,1.0,12.0,1.0,2.0,3.0,3.0,0.0,3.0,3.0,False,0.0
SBCR377,CRAIN SCRAPER BLADE NO.377,2025-01-26,2026-01-26,3.0,0.0,0.0,0.0,0.0,5.0,0.0,5.0,inf,False,0.0
SBCR377,CRAIN SCRAPER BLADE NO.377,2025-01-26,2026-01-26,4.0,12.0,1.0,2.0,3.0,4.0,0.0,4.0,4.0,False,0.0
SBCR377,CRAIN SCRAPER BLADE NO.377,2025-01-26,2026-01-26,5.0,4.0,0.3333333333333333,0.6666666666666666,1.0,2.0,0.0,2.0,6.0,False,0.0
SBCR377,CRAIN SCRAPER BLADE NO.377,2025-01-26,2026-01-26,6.0,4.0,0.3333333333333333,0.6666666666666666,1.0,4.0,0.0,4.0,12.0,False,0.0
SBCR377,CRAIN SCRAPER BLADE NO.377,2025-01-26,2026-01-26,8.0,3.0,0.25,0.5,0.75,3.0,0.0,3.0,12.0,False,0.0
SBCR377,CRAIN SCRAPER BLADE NO.377,2025-01-26,2026-01-26,9.0,5.0,0.4166666666666667,0.8333333333333334,1.25,2.0,0.0,2.0,4.8,False,0.0
SBST28290,"STANLEY SCRAPER BLADE 1-1/2""",2025-01-26,2026-01-26,1.0,201.0,16.75,33.5,50.25,548.0,0.0,548.0,32.71641791044776,False,0.0
SBST28290,"STANLEY SCRAPER BLADE 1-1/2""",2025-01-26,2026-01-26,3.0,266.0,22.166666666666668,44.333333333333336,66.5,84.0,0.0,84.0,3.789473684210526,False,0.0
SBST28290,"STANLEY SCRAPER BLADE 1-1/2""",2025-01-26,2026-01-26,4.0,216.0,18.0,36.0,54.0,43.0,0.0,43.0,2.388888888888889,False,0.0
SBST28290,"STANLEY SCRAPER BLADE 1-1/2""",2025-01-26,2026-01-26,5.0,51.0,4.25,8.5,12.75,13.0,0.0,13.0,3.0588235294117645,False,0.0
SBST28290,"STANLEY SCRAPER BLADE 1-1/2""",2025-01-26,2026-01-26,6.0,339.0,28.25,56.5,84.75,70.0,0.0,70.0,2.47787610619469,False,0.0
SBST28290,"STANLEY SCRAPER BLADE 1-1/2""",2025-01-26,2026-01-26,8.0,15.0,1.25,2.5,3.75,16.0,0.0,16.0,12.8,False,0.0
SBST28290,"STANLEY SCRAPER BLADE 1-1/2""",2025-01-26,2026-01-26,9.0,107.0,8.916666666666666,17.833333333333332,26.75,28.0,0.0,28.0,3.140186915887851,False,0.0
SBST28292,"STANLEY SCRAPER BLADE 2-1/2""",2025-01-26,2026-01-26,1.0,134.0,11.166666666666666,22.333333333333332,33.5,131.0,1.0,130.0,11.64179104477612,False,0.0
SBST28292,"STANLEY SCRAPER BLADE 2-1/2""",2025-01-26,2026-01-26,3.0,333.0,27.75,55.5,83.25,52.0,0.0,52.0,1.8738738738738738,True,31.25
SBST28292,"STANLEY SCRAPER BLADE 2-1/2""",2025-01-26,2026-01-26,4.0,156.0,13.0,26.0,39.0,50.0,30.0,20.0,1.5384615384615385,True,19.0
SBST28292,"STANLEY SCRAPER BLADE 2-1/2""",2025-01-26,2026-01-26,5.0,86.0,7.166666666666667,14.333333333333334,21.5,19.0,0.0,19.0,2.6511627906976742,False,0.0
SBST28292,"STANLEY SCRAPER BLADE 2-1/2""",2025-01-26,2026-01-26,6.0,230.0,19.166666666666668,38.333333333333336,57.5,37.0,0.0,37.0,1.9304347826086956,True,20.5
SBST28292,"STANLEY SCRAPER BLADE 2-1/2""",2025-01-26,2026-01-26,8.0,67.0,5.583333333333333,11.166666666666666,16.75,44.0,0.0,44.0,7.880597014925374,False,0.0
SBST28292,"STANLEY SCRAPER BLADE 2-1/2""",2025-01-26,2026-01-26,9.0,107.0,8.916666666666666,17.833333333333332,26.75,48.0,38.0,10.0,1.1214953271028039,True,16.75
SCAWCBS10,"SCRAPER 1"" ALLWAYS NO.CBS10",2025-01-26,2026-01-26,1.0,1.0,0.08333333333333333,0.16666666666666666,0.25,20.0,0.0,20.0,240.0,False,0.0
SCAWCBS10,"SCRAPER 1"" ALLWAYS NO.CBS10",2025-01-26,2026-01-26,3.0,0.0,0.0,0.0,0.0,4.0,0.0,4.0,inf,False,0.0
SCAWCBS10,"SCRAPER 1"" ALLWAYS NO.CBS10",2025-01-26,2026-01-26,4.0,6.0,0.5,1.0,1.5,7.0,0.0,7.0,14.0,False,0.0
SCAWCBS10,"SCRAPER 1"" ALLWAYS NO.CBS10",2025-01-26,2026-01-26,5.0,8.0,0.6666666666666666,1.3333333333333333,2.0,6.0,0.0,6.0,9.0,False,0.0
SCAWCBS10,"SCRAPER 1"" ALLWAYS NO.CBS10",2025-01-26,2026-01-26,6.0,10.0,0.8333333333333334,1.6666666666666667,2.5,3.0,0.0,3.0,3.5999999999999996,False,0.0
SCAWCBS10,"SCRAPER 1"" ALLWAYS NO.CBS10",2025-01-26,2026-01-26,8.0,2.0,0.16666666666666666,0.3333333333333333,0.5,5.0,0.0,5.0,30.0,False,0.0
SCAWCBS10,"SCRAPER 1"" ALLWAYS NO.CBS10",2025-01-26,2026-01-26,9.0,3.0,0.25,0.5,0.75,4.0,0.0,4.0,16.0,False,0.0
SCAWF22,"SCRAPER 1 1/2"" ALLWAYS NO.F22",2025-01-26,2026-01-26,1.0,27.0,2.25,4.5,6.75,79.0,0.0,79.0,35.111111111111114,False,0.0
SCAWF22,"SCRAPER 1 1/2"" ALLWAYS NO.F22",2025-01-26,2026-01-26,3.0,39.0,3.25,6.5,9.75,6.0,0.0,6.0,1.8461538461538463,True,3.75
SCAWF22,"SCRAPER 1 1/2"" ALLWAYS NO.F22",2025-01-26,2026-01-26,4.0,10.0,0.8333333333333334,1.6666666666666667,2.5,3.0,0.0,3.0,3.5999999999999996,False,0.0
SCAWF22,"SCRAPER 1 1/2"" ALLWAYS NO.F22",2025-01-26,2026-01-26,5.0,12.0,1.0,2.0,3.0,1.0,0.0,1.0,1.0,True,2.0
SCAWF22,"SCRAPER 1 1/2"" ALLWAYS NO.F22",2025-01-26,2026-01-26,6.0,4.0,0.3333333333333333,0.6666666666666666,1.0,4.0,0.0,4.0,12.0,False,0.0
SCAWF22,"SCRAPER 1 1/2"" ALLWAYS NO.F22",2025-01-26,2026-01-26,8.0,1.0,0.08333333333333333,0.16666666666666666,0.25,6.0,0.0,6.0,72.0,False,0.0
SCAWF22,"SCRAPER 1 1/2"" ALLWAYS NO.F22",2025-01-26,2026-01-26,9.0,12.0,1.0,2.0,3.0,4.0,0.0,4.0,4.0,False,0.0
SCAWF4,"SCRAPER 2 1/2"" ALLWAYS NO.F4",2025-01-26,2026-01-26,1.0,27.0,2.25,4.5,6.75,37.0,0.0,37.0,16.444444444444443,False,0.0
SCAWF4,"SCRAPER 2 1/2"" ALLWAYS NO.F4",2025-01-26,2026-01-26,3.0,0.0,0.0,0.0,0.0,4.0,0.0,4.0,inf,False,0.0
SCAWF4,"SCRAPER 2 1/2"" ALLWAYS NO.F4",2025-01-26,2026-01-26,4.0,5.0,0.4166666666666667,0.8333333333333334,1.25,1.0,0.0,1.0,2.4,False,0.0
SCAWF4,"SCRAPER 2 1/2"" ALLWAYS NO.F4",2025-01-26,2026-01-26,5.0,1.0,0.08333333333333333,0.16666666666666666,0.25,4.0,0.0,4.0,48.0,False,0.0
SCAWF4,"SCRAPER 2 1/2"" ALLWAYS NO.F4",2025-01-26,2026-01-26,6.0,17.0,1.4166666666666667,2.8333333333333335,4.25,4.0,0.0,4.0,2.8235294117647056,False,0.0
SCAWF4,"SCRAPER 2 1/2"" ALLWAYS NO.F4",2025-01-26,2026-01-26,8.0,1.0,0.08333333333333333,0.16666666666666666,0.25,3.0,0.0,3.0,36.0,False,0.0
SCAWF4,"SCRAPER 2 1/2"" ALLWAYS NO.F4",2025-01-26,2026-01-26,9.0,0.0,0.0,0.0,0.0,4.0,3.0,1.0,inf,False,0.0
SCAWF42,"SCRAPER 2 1/2"" ALLWAYS N0.F42",2025-01-26,2026-01-26,1.0,12.0,1.0,2.0,3.0,24.0,1.0,23.0,23.0,False,0.0
SCAWF42,"SCRAPER 2 1/2"" ALLWAYS N0.F42",2025-01-26,2026-01-26,3.0,2.0,0.16666666666666666,0.3333333333333333,0.5,5.0,0.0,5.0,30.0,False,0.0
SCAWF42,"SCRAPER 2 1/2"" ALLWAYS N0.F42",2025-01-26,2026-01-26,4.0,6.0,0.5,1.0,1.5,3.0,0.0,3.0,6.0,False,0.0
SCAWF42,"SCRAPER 2 1/2"" ALLWAYS N0.F42",2025-01-26,2026-01-26,5.0,2.0,0.16666666666666666,0.3333333333333333,0.5,8.0,0.0,8.0,48.0,False,0.0
SCAWF42,"SCRAPER 2 1/2"" ALLWAYS N0.F42",2025-01-26,2026-01-26,6.0,7.0,0.5833333333333334,1.1666666666666667,1.75,2.0,0.0,2.0,3.4285714285714284,False,0.0
SCAWF42,"SCRAPER 2 1/2"" ALLWAYS N0.F42",2025-01-26,2026-01-26,8.0,0.0,0.0,0.0,0.0,7.0,0.0,7.0,inf,False,0.0
SCAWF42,"SCRAPER 2 1/2"" ALLWAYS N0.F42",2025-01-26,2026-01-26,9.0,9.0,0.75,1.5,2.25,2.0,0.0,2.0,2.6666666666666665,False,0.0
SCCH498S15,"CHAMPION SCRAPER 1-1/2""",2025-01-26,2026-01-26,1.0,0.0,0.0,0.0,0.0,0.0,0.0,0.0,inf,False,0.0
SCCH498S15,"CHAMPION SCRAPER 1-1/2""",2025-01-26,2026-01-26,5.0,0.0,0.0,0.0,0.0,0.0,0.0,0.0,inf,False,0.0
SCCH498S15,"CHAMPION SCRAPER 1-1/2""",2025-01-26,2026-01-26,8.0,0.0,0.0,0.0,0.0,0.0,0.0,0.0,inf,False,0.0
SCCH499S25,"CHAMPION SCRAPER 2-1/2""",2025-01-26,2026-01-26,1.0,0.0,0.0,0.0,0.0,2.0,0.0,2.0,inf,False,0.0
SCCH499S25,"CHAMPION SCRAPER 2-1/2""",2025-01-26,2026-01-26,4.0,0.0,0.0,0.0,0.0,1.0,0.0,1.0,inf,False,0.0
SCCH499S25,"CHAMPION SCRAPER 2-1/2""",2025-01-26,2026-01-26,5.0,0.0,0.0,0.0,0.0,3.0,0.0,3.0,inf,False,0.0
SCCH499S25,"CHAMPION SCRAPER 2-1/2""",2025-01-26,2026-01-26,6.0,0.0,0.0,0.0,0.0,1.0,0.0,1.0,inf,False,0.0
SCCH499S25,"CHAMPION SCRAPER 2-1/2""",2025-01-26,2026-01-26,8.0,0.0,0.0,0.0,0.0,0.0,0.0,0.0,inf,False,0.0
SCCR350,"CRAIN SCRAPER 12"" NO.350",2025-01-26,2026-01-26,1.0,12.0,1.0,2.0,3.0,27.0,2.0,25.0,25.0,False,0.0
SCCR350,"CRAIN SCRAPER 12"" NO.350",2025-01-26,2026-01-26,3.0,21.0,1.75,3.5,5.25,11.0,0.0,11.0,6.285714285714286,False,0.0
SCCR350,"CRAIN SCRAPER 12"" NO.350",2025-01-26,2026-01-26,4.0,9.0,0.75,1.5,2.25,4.0,0.0,4.0,5.333333333333333,False,0.0
SCCR350,"CRAIN SCRAPER 12"" NO.350",2025-01-26,2026-01-26,5.0,8.0,0.6666666666666666,1.3333333333333333,2.0,3.0,0.0,3.0,4.5,False,0.0
SCCR350,"CRAIN SCRAPER 12"" NO.350",2025-01-26,2026-01-26,6.0,13.0,1.0833333333333333,2.1666666666666665,3.25,5.0,0.0,5.0,4.615384615384616,False,0.0
SCCR350,"CRAIN SCRAPER 12"" NO.350",2025-01-26,2026-01-26,8.0,8.0,0.6666666666666666,1.3333333333333333,2.0,3.0,0.0,3.0,4.5,False,0.0
SCCR350,"CRAIN SCRAPER 12"" NO.350",2025-01-26,2026-01-26,9.0,3.0,0.25,0.5,0.75,4.0,0.0,4.0,16.0,False,0.0
SCCR360,CRAIN PRO STRIPPER NO.360,2025-01-26,2026-01-26,1.0,38.0,3.1666666666666665,6.333333333333333,9.5,15.0,6.0,9.0,2.8421052631578947,False,0.0
SCCR360,CRAIN PRO STRIPPER NO.360,2025-01-26,2026-01-26,3.0,12.0,1.0,2.0,3.0,4.0,0.0,4.0,4.0,False,0.0
SCCR360,CRAIN PRO STRIPPER NO.360,2025-01-26,2026-01-26,4.0,14.0,1.1666666666666667,2.3333333333333335,3.5,9.0,0.0,9.0,7.7142857142857135,False,0.0
SCCR360,CRAIN PRO STRIPPER NO.360,2025-01-26,2026-01-26,5.0,23.0,1.9166666666666667,3.8333333333333335,5.75,3.0,0.0,3.0,1.5652173913043477,True,2.75
SCCR360,CRAIN PRO STRIPPER NO.360,2025-01-26,2026-01-26,6.0,22.0,1.8333333333333333,3.6666666666666665,5.5,5.0,0.0,5.0,2.7272727272727275,False,0.0
SCCR360,CRAIN PRO STRIPPER NO.360,2025-01-26,2026-01-26,8.0,0.0,0.0,0.0,0.0,5.0,0.0,5.0,inf,False,0.0
SCCR360,CRAIN PRO STRIPPER NO.360,2025-01-26,2026-01-26,9.0,21.0,1.75,3.5,5.25,7.0,2.0,5.0,2.857142857142857,False,0.0
SCCR375,CRAIN NO.375 BIG SCRAPER,2025-01-26,2026-01-26,1.0,2.0,0.16666666666666666,0.3333333333333333,0.5,7.0,0.0,7.0,42.0,False,0.0
SCCR375,CRAIN NO.375 BIG SCRAPER,2025-01-26,2026-01-26,3.0,4.0,0.3333333333333333,0.6666666666666666,1.0,4.0,0.0,4.0,12.0,False,0.0
SCCR375,CRAIN NO.375 BIG SCRAPER,2025-01-26,2026-01-26,4.0,2.0,0.16666666666666666,0.3333333333333333,0.5,4.0,0.0,4.0,24.0,False,0.0
SCCR375,CRAIN NO.375 BIG SCRAPER,2025-01-26,2026-01-26,5.0,0.0,0.0,0.0,0.0,3.0,0.0,3.0,inf,False,0.0
SCCR375,CRAIN NO.375 BIG SCRAPER,2025-01-26,2026-01-26,6.0,4.0,0.3333333333333333,0.6666666666666666,1.0,4.0,0.0,4.0,12.0,False,0.0
SCCR375,CRAIN NO.375 BIG SCRAPER,2025-01-26,2026-01-26,8.0,0.0,0.0,0.0,0.0,3.0,0.0,3.0,inf,False,0.0
SCCR375,CRAIN NO.375 BIG SCRAPER,2025-01-26,2026-01-26,9.0,0.0,0.0,0.0,0.0,3.0,0.0,3.0,inf,False,0.0
SLKRGG600,KRAFT SELF-LEVELING TOOL KIT,2025-01-26,2026-01-26,1.0,6.0,0.5,1.0,1.5,11.0,0.0,11.0,22.0,False,0.0
SLKRGG600,KRAFT SELF-LEVELING TOOL KIT,2025-01-26,2026-01-26,3.0,4.0,0.3333333333333333,0.6666666666666666,1.0,3.0,0.0,3.0,9.0,False,0.0
SLKRGG600,KRAFT SELF-LEVELING TOOL KIT,2025-01-26,2026-01-26,4.0,2.0,0.16666666666666666,0.3333333333333333,0.5,4.0,0.0,4.0,24.0,False,0.0
SLKRGG600,KRAFT SELF-LEVELING TOOL KIT,2025-01-26,2026-01-26,5.0,7.0,0.5833333333333334,1.1666666666666667,1.75,3.0,0.0,3.0,5.142857142857142,False,0.0
SLKRGG600,KRAFT SELF-LEVELING TOOL KIT,2025-01-26,2026-01-26,6.0,6.0,0.5,1.0,1.5,2.0,0.0,2.0,4.0,False,0.0
SLKRGG600,KRAFT SELF-LEVELING TOOL KIT,2025-01-26,2026-01-26,8.0,3.0,0.25,0.5,0.75,2.0,0.0,2.0,8.0,False,0.0
SLKRGG600,KRAFT SELF-LEVELING TOOL KIT,2025-01-26,2026-01-26,9.0,4.0,0.3333333333333333,0.6666666666666666,1.0,2.0,0.0,2.0,6.0,False,0.0
SS3M16100,"3M 16"" #100 SANDING SCREEN",2025-01-26,2026-01-26,1.0,600.0,50.0,100.0,150.0,564.0,10.0,554.0,11.08,False,0.0
SS3M16100,"3M 16"" #100 SANDING SCREEN",2025-01-26,2026-01-26,3.0,837.0,69.75,139.5,209.25,158.0,1.0,157.0,2.25089605734767,False,0.0
SS3M16100,"3M 16"" #100 SANDING SCREEN",2025-01-26,2026-01-26,4.0,554.0,46.166666666666664,92.33333333333333,138.5,127.0,2.0,125.0,2.7075812274368234,False,0.0
SS3M16100,"3M 16"" #100 SANDING SCREEN",2025-01-26,2026-01-26,5.0,128.0,10.666666666666666,21.333333333333332,32.0,14.0,0.0,14.0,1.3125,True,18.0
SS3M16100,"3M 16"" #100 SANDING SCREEN",2025-01-26,2026-01-26,6.0,804.0,67.0,134.0,201.0,121.0,14.0,107.0,1.5970149253731343,True,94.0
SS3M16100,"3M 16"" #100 SANDING SCREEN",2025-01-26,2026-01-26,8.0,260.0,21.666666666666668,43.333333333333336,65.0,36.0,0.0,36.0,1.6615384615384614,True,29.0
SS3M16100,"3M 16"" #100 SANDING SCREEN",2025-01-26,2026-01-26,9.0,311.0,25.916666666666668,51.833333333333336,77.75,79.0,1.0,78.0,3.0096463022508035,False,0.0
SS3M16120,"3M 16"" #120 SANDING SCREEN",2025-01-26,2026-01-26,1.0,194.0,16.166666666666668,32.333333333333336,48.5,256.0,4.0,252.0,15.587628865979381,False,0.0
SS3M16120,"3M 16"" #120 SANDING SCREEN",2025-01-26,2026-01-26,3.0,315.0,26.25,52.5,78.75,76.0,0.0,76.0,2.895238095238095,False,0.0
SS3M16120,"3M 16"" #120 SANDING SCREEN",2025-01-26,2026-01-26,4.0,184.0,15.333333333333334,30.666666666666668,46.0,89.0,0.0,89.0,5.804347826086956,False,0.0
SS3M16120,"3M 16"" #120 SANDING SCREEN",2025-01-26,2026-01-26,5.0,176.0,14.666666666666666,29.333333333333332,44.0,24.0,0.0,24.0,1.6363636363636365,True,20.0
SS3M16120,"3M 16"" #120 SANDING SCREEN",2025-01-26,2026-01-26,6.0,459.0,38.25,76.5,114.75,119.0,0.0,119.0,3.111111111111111,False,0.0
SS3M16120,"3M 16"" #120 SANDING SCREEN",2025-01-26,2026-01-26,8.0,78.0,6.5,13.0,19.5,37.0,11.0,26.0,4.0,False,0.0
SS3M16120,"3M 16"" #120 SANDING SCREEN",2025-01-26,2026-01-26,9.0,116.0,9.666666666666666,19.333333333333332,29.0,18.0,0.0,18.0,1.8620689655172415,True,11.0
SS3M16150,"3M 16"" #150 SANDING SCREEN",2025-01-26,2026-01-26,1.0,62.0,5.166666666666667,10.333333333333334,15.5,116.0,38.0,78.0,15.096774193548386,False,0.0
SS3M16150,"3M 16"" #150 SANDING SCREEN",2025-01-26,2026-01-26,3.0,110.0,9.166666666666666,18.333333333333332,27.5,16.0,0.0,16.0,1.7454545454545456,True,11.5
SS3M16150,"3M 16"" #150 SANDING SCREEN",2025-01-26,2026-01-26,4.0,6.0,0.5,1.0,1.5,23.0,0.0,23.0,46.0,False,0.0
SS3M16150,"3M 16"" #150 SANDING SCREEN",2025-01-26,2026-01-26,5.0,82.0,6.833333333333333,13.666666666666666,20.5,26.0,0.0,26.0,3.804878048780488,False,0.0
SS3M16150,"3M 16"" #150 SANDING SCREEN",2025-01-26,2026-01-26,6.0,177.0,14.75,29.5,44.25,127.0,2.0,125.0,8.474576271186441,False,0.0
SS3M16150,"3M 16"" #150 SANDING SCREEN",2025-01-26,2026-01-26,8.0,50.0,4.166666666666667,8.333333333333334,12.5,43.0,24.0,19.0,4.56,False,0.0
SS3M16150,"3M 16"" #150 SANDING SCREEN",2025-01-26,2026-01-26,9.0,14.0,1.1666666666666667,2.3333333333333335,3.5,13.0,0.0,13.0,11.142857142857142,False,0.0
SS3M16180,"3M 16"" #180 SANDING SCREEN",2025-01-26,2026-01-26,1.0,45.0,3.75,7.5,11.25,77.0,0.0,77.0,20.533333333333335,False,0.0
SS3M16180,"3M 16"" #180 SANDING SCREEN",2025-01-26,2026-01-26,3.0,15.0,1.25,2.5,3.75,158.0,0.0,158.0,126.4,False,0.0
SS3M16180,"3M 16"" #180 SANDING SCREEN",2025-01-26,2026-01-26,4.0,19.0,1.5833333333333333,3.1666666666666665,4.75,25.0,0.0,25.0,15.789473684210527,False,0.0
SS3M16180,"3M 16"" #180 SANDING SCREEN",2025-01-26,2026-01-26,5.0,62.0,5.166666666666667,10.333333333333334,15.5,9.0,0.0,9.0,1.7419354838709677,True,6.5
SS3M16180,"3M 16"" #180 SANDING SCREEN",2025-01-26,2026-01-26,6.0,19.0,1.5833333333333333,3.1666666666666665,4.75,1.0,0.0,1.0,0.6315789473684211,True,3.75
SS3M16180,"3M 16"" #180 SANDING SCREEN",2025-01-26,2026-01-26,8.0,2.0,0.16666666666666666,0.3333333333333333,0.5,88.0,0.0,88.0,528.0,False,0.0
SS3M16180,"3M 16"" #180 SANDING SCREEN",2025-01-26,2026-01-26,9.0,56.0,4.666666666666667,9.333333333333334,14.0,36.0,0.0,36.0,7.7142857142857135,False,0.0
SS3M16220,"3M 16"" #220 SANDING SCREEN",2025-01-26,2026-01-26,1.0,72.0,6.0,12.0,18.0,213.0,0.0,213.0,35.5,False,0.0
SS3M16220,"3M 16"" #220 SANDING SCREEN",2025-01-26,2026-01-26,3.0,332.0,27.666666666666668,55.333333333333336,83.0,57.0,0.0,57.0,2.0602409638554215,False,0.0
SS3M16220,"3M 16"" #220 SANDING SCREEN",2025-01-26,2026-01-26,4.0,18.0,1.5,3.0,4.5,13.0,0.0,13.0,8.666666666666666,False,0.0
SS3M16220,"3M 16"" #220 SANDING SCREEN",2025-01-26,2026-01-26,5.0,121.0,10.083333333333334,20.166666666666668,30.25,27.0,0.0,27.0,2.677685950413223,False,0.0
SS3M16220,"3M 16"" #220 SANDING SCREEN",2025-01-26,2026-01-26,6.0,120.0,10.0,20.0,30.0,23.0,0.0,23.0,2.3,False,0.0
SS3M16220,"3M 16"" #220 SANDING SCREEN",2025-01-26,2026-01-26,8.0,32.0,2.6666666666666665,5.333333333333333,8.0,25.0,0.0,25.0,9.375,False,0.0
SS3M16220,"3M 16"" #220 SANDING SCREEN",2025-01-26,2026-01-26,9.0,36.0,3.0,6.0,9.0,39.0,0.0,39.0,13.0,False,0.0
SS3M1660,"3M 16"" #60 SANDING SCREEN",2025-01-26,2026-01-26,1.0,82.0,6.833333333333333,13.666666666666666,20.5,141.0,14.0,127.0,18.585365853658537,False,0.0
SS3M1660,"3M 16"" #60 SANDING SCREEN",2025-01-26,2026-01-26,3.0,128.0,10.666666666666666,21.333333333333332,32.0,53.0,1.0,52.0,4.875,False,0.0
SS3M1660,"3M 16"" #60 SANDING SCREEN",2025-01-26,2026-01-26,4.0,11.0,0.9166666666666666,1.8333333333333333,2.75,23.0,0.0,23.0,25.090909090909093,False,0.0
SS3M1660,"3M 16"" #60 SANDING SCREEN",2025-01-26,2026-01-26,5.0,28.0,2.3333333333333335,4.666666666666667,7.0,24.0,0.0,24.0,10.285714285714285,False,0.0
SS3M1660,"3M 16"" #60 SANDING SCREEN",2025-01-26,2026-01-26,6.0,80.0,6.666666666666667,13.333333333333334,20.0,22.0,0.0,22.0,3.3,False,0.0
SS3M1660,"3M 16"" #60 SANDING SCREEN",2025-01-26,2026-01-26,8.0,62.0,5.166666666666667,10.333333333333334,15.5,34.0,2.0,32.0,6.193548387096774,False,0.0
SS3M1660,"3M 16"" #60 SANDING SCREEN",2025-01-26,2026-01-26,9.0,33.0,2.75,5.5,8.25,15.0,0.0,15.0,5.454545454545454,False,0.0
SS3M1680,"3M 16"" #80 SANDING SCREEN",2025-01-26,2026-01-26,1.0,356.0,29.666666666666668,59.333333333333336,89.0,7.0,3.0,4.0,0.1348314606741573,False,0.0
SS3M1680,"3M 16"" #80 SANDING SCREEN",2025-01-26,2026-01-26,3.0,549.0,45.75,91.5,137.25,0.0,0.0,0.0,0.0,False,0.0
SS3M1680,"3M 16"" #80 SANDING SCREEN",2025-01-26,2026-01-26,4.0,99.0,8.25,16.5,24.75,17.0,0.0,17.0,2.0606060606060606,False,0.0
SS3M1680,"3M 16"" #80 SANDING SCREEN",2025-01-26,2026-01-26,5.0,48.0,4.0,8.0,12.0,24.0,0.0,24.0,6.0,False,0.0
SS3M1680,"3M 16"" #80 SANDING SCREEN",2025-01-26,2026-01-26,6.0,446.0,37.166666666666664,74.33333333333333,111.5,48.0,0.0,48.0,1.2914798206278029,False,0.0
SS3M1680,"3M 16"" #80 SANDING SCREEN",2025-01-26,2026-01-26,8.0,156.0,13.0,26.0,39.0,3.0,0.0,3.0,0.23076923076923078,False,0.0
SS3M1680,"3M 16"" #80 SANDING SCREEN",2025-01-26,2026-01-26,9.0,220.0,18.333333333333332,36.666666666666664,55.0,28.0,0.0,28.0,1.5272727272727273,False,0.0
STDS101,QUICKCOAT STAIN COUNTRY WHITE,2025-01-26,2026-01-26,1.0,457.0,38.083333333333336,76.16666666666667,114.25,460.0,9.0,451.0,11.842450765864331,False,0.0
STDS101,QUICKCOAT STAIN COUNTRY WHITE,2025-01-26,2026-01-26,3.0,486.0,40.5,81.0,121.5,52.0,1.0,51.0,1.2592592592592593,True,70.5
STDS101,QUICKCOAT STAIN COUNTRY WHITE,2025-01-26,2026-01-26,4.0,263.0,21.916666666666668,43.833333333333336,65.75,85.0,0.0,85.0,3.8783269961977185,False,0.0
STDS101,QUICKCOAT STAIN COUNTRY WHITE,2025-01-26,2026-01-26,5.0,109.0,9.083333333333334,18.166666666666668,27.25,15.0,0.0,15.0,1.6513761467889907,True,12.25
STDS101,QUICKCOAT STAIN COUNTRY WHITE,2025-01-26,2026-01-26,6.0,168.0,14.0,28.0,42.0,23.0,0.0,23.0,1.6428571428571428,True,19.0
STDS101,QUICKCOAT STAIN COUNTRY WHITE,2025-01-26,2026-01-26,8.0,127.0,10.583333333333334,21.166666666666668,31.75,18.0,3.0,15.0,1.4173228346456692,True,16.75
STDS101,QUICKCOAT STAIN COUNTRY WHITE,2025-01-26,2026-01-26,9.0,110.0,9.166666666666666,18.333333333333332,27.5,29.0,5.0,24.0,2.618181818181818,False,0.0
STDS102,QUICKCOAT STAIN NUTMEG,2025-01-26,2026-01-26,1.0,76.0,6.333333333333333,12.666666666666666,19.0,58.0,0.0,58.0,9.157894736842106,False,0.0
STDS102,QUICKCOAT STAIN NUTMEG,2025-01-26,2026-01-26,3.0,67.0,5.583333333333333,11.166666666666666,16.75,20.0,0.0,20.0,3.582089552238806,False,0.0
STDS102,QUICKCOAT STAIN NUTMEG,2025-01-26,2026-01-26,4.0,21.0,1.75,3.5,5.25,14.0,0.0,14.0,8.0,False,0.0
STDS102,QUICKCOAT STAIN NUTMEG,2025-01-26,2026-01-26,5.0,47.0,3.9166666666666665,7.833333333333333,11.75,13.0,0.0,13.0,3.3191489361702127,False,0.0
STDS102,QUICKCOAT STAIN NUTMEG,2025-01-26,2026-01-26,6.0,87.0,7.25,14.5,21.75,9.0,0.0,9.0,1.2413793103448276,True,12.75
STDS102,QUICKCOAT STAIN NUTMEG,2025-01-26,2026-01-26,8.0,35.0,2.9166666666666665,5.833333333333333,8.75,12.0,0.0,12.0,4.114285714285715,False,0.0
STDS102,QUICKCOAT STAIN NUTMEG,2025-01-26,2026-01-26,9.0,64.0,5.333333333333333,10.666666666666666,16.0,11.0,0.0,11.0,2.0625,False,0.0
STDS104,QUICKCOAT STAIN CHESTNUT,2025-01-26,2026-01-26,1.0,113.0,9.416666666666666,18.833333333333332,28.25,77.0,2.0,75.0,7.964601769911505,False,0.0
STDS104,QUICKCOAT STAIN CHESTNUT,2025-01-26,2026-01-26,3.0,58.0,4.833333333333333,9.666666666666666,14.5,17.0,0.0,17.0,3.517241379310345,False,0.0
STDS104,QUICKCOAT STAIN CHESTNUT,2025-01-26,2026-01-26,4.0,22.0,1.8333333333333333,3.6666666666666665,5.5,9.0,0.0,9.0,4.909090909090909,False,0.0
STDS104,QUICKCOAT STAIN CHESTNUT,2025-01-26,2026-01-26,5.0,37.0,3.0833333333333335,6.166666666666667,9.25,33.0,4.0,29.0,9.405405405405405,False,0.0
STDS104,QUICKCOAT STAIN CHESTNUT,2025-01-26,2026-01-26,6.0,153.0,12.75,25.5,38.25,7.0,0.0,7.0,0.5490196078431373,True,31.25
STDS104,QUICKCOAT STAIN CHESTNUT,2025-01-26,2026-01-26,8.0,12.0,1.0,2.0,3.0,17.0,1.0,16.0,16.0,False,0.0
STDS104,QUICKCOAT STAIN CHESTNUT,2025-01-26,2026-01-26,9.0,27.0,2.25,4.5,6.75,14.0,3.0,11.0,4.888888888888889,False,0.0
STDS108,QUICKCOAT STAIN ROYAL MAHOGANY,2025-01-26,2026-01-26,1.0,91.0,7.583333333333333,15.166666666666666,22.75,57.0,0.0,57.0,7.516483516483516,False,0.0
STDS108,QUICKCOAT STAIN ROYAL MAHOGANY,2025-01-26,2026-01-26,3.0,45.0,3.75,7.5,11.25,16.0,0.0,16.0,4.266666666666667,False,0.0
STDS108,QUICKCOAT STAIN ROYAL MAHOGANY,2025-01-26,2026-01-26,4.0,20.0,1.6666666666666667,3.3333333333333335,5.0,14.0,0.0,14.0,8.4,False,0.0
STDS108,QUICKCOAT STAIN ROYAL MAHOGANY,2025-01-26,2026-01-26,5.0,20.0,1.6666666666666667,3.3333333333333335,5.0,7.0,0.0,7.0,4.2,False,0.0
STDS108,QUICKCOAT STAIN ROYAL MAHOGANY,2025-01-26,2026-01-26,6.0,54.0,4.5,9.0,13.5,4.0,0.0,4.0,0.8888888888888888,True,9.5
STDS108,QUICKCOAT STAIN ROYAL MAHOGANY,2025-01-26,2026-01-26,8.0,25.0,2.0833333333333335,4.166666666666667,6.25,15.0,0.0,15.0,7.199999999999999,False,0.0
STDS108,QUICKCOAT STAIN ROYAL MAHOGANY,2025-01-26,2026-01-26,9.0,6.0,0.5,1.0,1.5,6.0,0.0,6.0,12.0,False,0.0
STDS110,QUICKCOAT STAIN NEUTRAL,2025-01-26,2026-01-26,1.0,328.0,27.333333333333332,54.666666666666664,82.0,302.0,8.0,294.0,10.75609756097561,False,0.0
STDS110,QUICKCOAT STAIN NEUTRAL,2025-01-26,2026-01-26,3.0,346.0,28.833333333333332,57.666666666666664,86.5,52.0,0.0,52.0,1.8034682080924855,True,34.5
STDS110,QUICKCOAT STAIN NEUTRAL,2025-01-26,2026-01-26,4.0,549.0,45.75,91.5,137.25,65.0,4.0,61.0,1.3333333333333333,True,76.25
STDS110,QUICKCOAT STAIN NEUTRAL,2025-01-26,2026-01-26,5.0,127.0,10.583333333333334,21.166666666666668,31.75,17.0,1.0,16.0,1.5118110236220472,True,15.75
STDS110,QUICKCOAT STAIN NEUTRAL,2025-01-26,2026-01-26,6.0,229.0,19.083333333333332,38.166666666666664,57.25,53.0,0.0,53.0,2.7772925764192142,False,0.0
STDS110,QUICKCOAT STAIN NEUTRAL,2025-01-26,2026-01-26,8.0,72.0,6.0,12.0,18.0,27.0,0.0,27.0,4.5,False,0.0
STDS110,QUICKCOAT STAIN NEUTRAL,2025-01-26,2026-01-26,9.0,134.0,11.166666666666666,22.333333333333332,33.5,24.0,0.0,24.0,2.1492537313432836,False,0.0
STDS111,QUICKCOAT STAIN PROVINCIAL,2025-01-26,2026-01-26,1.0,98.0,8.166666666666666,16.333333333333332,24.5,46.0,0.0,46.0,5.63265306122449,False,0.0
STDS111,QUICKCOAT STAIN PROVINCIAL,2025-01-26,2026-01-26,3.0,37.0,3.0833333333333335,6.166666666666667,9.25,8.0,0.0,8.0,2.5945945945945943,False,0.0
STDS111,QUICKCOAT STAIN PROVINCIAL,2025-01-26,2026-01-26,4.0,30.0,2.5,5.0,7.5,18.0,0.0,18.0,7.2,False,0.0
STDS111,QUICKCOAT STAIN PROVINCIAL,2025-01-26,2026-01-26,5.0,49.0,4.083333333333333,8.166666666666666,12.25,7.0,0.0,7.0,1.7142857142857144,True,5.25
STDS111,QUICKCOAT STAIN PROVINCIAL,2025-01-26,2026-01-26,6.0,51.0,4.25,8.5,12.75,10.0,0.0,10.0,2.3529411764705883,False,0.0
STDS111,QUICKCOAT STAIN PROVINCIAL,2025-01-26,2026-01-26,8.0,27.0,2.25,4.5,6.75,14.0,0.0,14.0,6.222222222222222,False,0.0
STDS111,QUICKCOAT STAIN PROVINCIAL,2025-01-26,2026-01-26,9.0,44.0,3.6666666666666665,7.333333333333333,11.0,17.0,0.0,17.0,4.636363636363637,False,0.0
STDS112,QUICKCOAT STAIN GOLDEN OAK,2025-01-26,2026-01-26,1.0,205.0,17.083333333333332,34.166666666666664,51.25,180.0,0.0,180.0,10.536585365853659,False,0.0
STDS112,QUICKCOAT STAIN GOLDEN OAK,2025-01-26,2026-01-26,3.0,157.0,13.083333333333334,26.166666666666668,39.25,18.0,0.0,18.0,1.375796178343949,True,21.25
STDS112,QUICKCOAT STAIN GOLDEN OAK,2025-01-26,2026-01-26,4.0,186.0,15.5,31.0,46.5,17.0,0.0,17.0,1.096774193548387,True,29.5
STDS112,QUICKCOAT STAIN GOLDEN OAK,2025-01-26,2026-01-26,5.0,105.0,8.75,17.5,26.25,19.0,0.0,19.0,2.1714285714285713,False,0.0
STDS112,QUICKCOAT STAIN GOLDEN OAK,2025-01-26,2026-01-26,6.0,197.0,16.416666666666668,32.833333333333336,49.25,17.0,0.0,17.0,1.0355329949238579,True,32.25
STDS112,QUICKCOAT STAIN GOLDEN OAK,2025-01-26,2026-01-26,8.0,78.0,6.5,13.0,19.5,12.0,2.0,10.0,1.5384615384615385,True,9.5
STDS112,QUICKCOAT STAIN GOLDEN OAK,2025-01-26,2026-01-26,9.0,71.0,5.916666666666667,11.833333333333334,17.75,12.0,0.0,12.0,2.028169014084507,False,0.0
STDS116,QUICKCOAT STAIN ANTIQUE BROWN,2025-01-26,2026-01-26,1.0,140.0,11.666666666666666,23.333333333333332,35.0,66.0,0.0,66.0,5.6571428571428575,False,0.0
STDS116,QUICKCOAT STAIN ANTIQUE BROWN,2025-01-26,2026-01-26,3.0,149.0,12.416666666666666,24.833333333333332,37.25,33.0,0.0,33.0,2.6577181208053693,False,0.0
STDS116,QUICKCOAT STAIN ANTIQUE BROWN,2025-01-26,2026-01-26,4.0,41.0,3.4166666666666665,6.833333333333333,10.25,28.0,0.0,28.0,8.195121951219512,False,0.0
STDS116,QUICKCOAT STAIN ANTIQUE BROWN,2025-01-26,2026-01-26,5.0,88.0,7.333333333333333,14.666666666666666,22.0,14.0,0.0,14.0,1.9090909090909092,True,8.0
STDS116,QUICKCOAT STAIN ANTIQUE BROWN,2025-01-26,2026-01-26,6.0,157.0,13.083333333333334,26.166666666666668,39.25,19.0,0.0,19.0,1.4522292993630572,True,20.25
STDS116,QUICKCOAT STAIN ANTIQUE BROWN,2025-01-26,2026-01-26,8.0,11.0,0.9166666666666666,1.8333333333333333,2.75,16.0,0.0,16.0,17.454545454545457,False,0.0
STDS116,QUICKCOAT STAIN ANTIQUE BROWN,2025-01-26,2026-01-26,9.0,28.0,2.3333333333333335,4.666666666666667,7.0,6.0,1.0,5.0,2.142857142857143,False,0.0
STDS121,QUICKCOAT STAIN GOLDEN BROWN,2025-01-26,2026-01-26,1.0,176.0,14.666666666666666,29.333333333333332,44.0,92.0,0.0,92.0,6.272727272727273,False,0.0
STDS121,QUICKCOAT STAIN GOLDEN BROWN,2025-01-26,2026-01-26,3.0,173.0,14.416666666666666,28.833333333333332,43.25,73.0,0.0,73.0,5.063583815028902,False,0.0
STDS121,QUICKCOAT STAIN GOLDEN BROWN,2025-01-26,2026-01-26,4.0,60.0,5.0,10.0,15.0,31.0,0.0,31.0,6.2,False,0.0
STDS121,QUICKCOAT STAIN GOLDEN BROWN,2025-01-26,2026-01-26,5.0,99.0,8.25,16.5,24.75,18.0,0.0,18.0,2.1818181818181817,False,0.0
STDS121,QUICKCOAT STAIN GOLDEN BROWN,2025-01-26,2026-01-26,6.0,226.0,18.833333333333332,37.666666666666664,56.5,33.0,0.0,33.0,1.752212389380531,True,23.5
STDS121,QUICKCOAT STAIN GOLDEN BROWN,2025-01-26,2026-01-26,8.0,112.0,9.333333333333334,18.666666666666668,28.0,35.0,3.0,32.0,3.4285714285714284,False,0.0
STDS121,QUICKCOAT STAIN GOLDEN BROWN,2025-01-26,2026-01-26,9.0,51.0,4.25,8.5,12.75,11.0,0.0,11.0,2.588235294117647,False,0.0
STDS122,QUICKCOAT STAIN MESQUITE RED,2025-01-26,2026-01-26,1.0,0.0,0.0,0.0,0.0,0.0,0.0,0.0,inf,False,0.0
STDS122,QUICKCOAT STAIN MESQUITE RED,2025-01-26,2026-01-26,3.0,4.0,0.3333333333333333,0.6666666666666666,1.0,0.0,0.0,0.0,0.0,False,0.0
STDS122,QUICKCOAT STAIN MESQUITE RED,2025-01-26,2026-01-26,4.0,0.0,0.0,0.0,0.0,0.0,0.0,0.0,inf,False,0.0
STDS122,QUICKCOAT STAIN MESQUITE RED,2025-01-26,2026-01-26,5.0,0.0,0.0,0.0,0.0,1.0,1.0,0.0,inf,False,0.0
STDS122,QUICKCOAT STAIN MESQUITE RED,2025-01-26,2026-01-26,6.0,0.0,0.0,0.0,0.0,0.0,0.0,0.0,inf,False,0.0
STDS122,QUICKCOAT STAIN MESQUITE RED,2025-01-26,2026-01-26,8.0,0.0,0.0,0.0,0.0,0.0,0.0,0.0,inf,False,0.0
STDS122,QUICKCOAT STAIN MESQUITE RED,2025-01-26,2026-01-26,9.0,0.0,0.0,0.0,0.0,0.0,0.0,0.0,inf,False,0.0
STDS123,QUICKCOAT STAIN COFFEE BROWN,2025-01-26,2026-01-26,1.0,136.0,11.333333333333334,22.666666666666668,34.0,140.0,0.0,140.0,12.352941176470587,False,0.0
STDS123,QUICKCOAT STAIN COFFEE BROWN,2025-01-26,2026-01-26,3.0,94.0,7.833333333333333,15.666666666666666,23.5,18.0,0.0,18.0,2.297872340425532,False,0.0
STDS123,QUICKCOAT STAIN COFFEE BROWN,2025-01-26,2026-01-26,4.0,50.0,4.166666666666667,8.333333333333334,12.5,10.0,0.0,10.0,2.4,False,0.0
STDS123,QUICKCOAT STAIN COFFEE BROWN,2025-01-26,2026-01-26,5.0,34.0,2.8333333333333335,5.666666666666667,8.5,17.0,0.0,17.0,6.0,False,0.0
STDS123,QUICKCOAT STAIN COFFEE BROWN,2025-01-26,2026-01-26,6.0,46.0,3.8333333333333335,7.666666666666667,11.5,12.0,0.0,12.0,3.1304347826086953,False,0.0
STDS123,QUICKCOAT STAIN COFFEE BROWN,2025-01-26,2026-01-26,8.0,25.0,2.0833333333333335,4.166666666666667,6.25,13.0,0.0,13.0,6.239999999999999,False,0.0
STDS123,QUICKCOAT STAIN COFFEE BROWN,2025-01-26,2026-01-26,9.0,59.0,4.916666666666667,9.833333333333334,14.75,23.0,0.0,23.0,4.677966101694915,False,0.0
STDS124,QUICKCOAT STAIN SPEC WALNUT,2025-01-26,2026-01-26,1.0,130.0,10.833333333333334,21.666666666666668,32.5,83.0,0.0,83.0,7.661538461538461,False,0.0
STDS124,QUICKCOAT STAIN SPEC WALNUT,2025-01-26,2026-01-26,3.0,57.0,4.75,9.5,14.25,8.0,0.0,8.0,1.6842105263157894,True,6.25
STDS124,QUICKCOAT STAIN SPEC WALNUT,2025-01-26,2026-01-26,4.0,26.0,2.1666666666666665,4.333333333333333,6.5,17.0,0.0,17.0,7.846153846153847,False,0.0
STDS124,QUICKCOAT STAIN SPEC WALNUT,2025-01-26,2026-01-26,5.0,59.0,4.916666666666667,9.833333333333334,14.75,4.0,0.0,4.0,0.8135593220338982,True,10.75
STDS124,QUICKCOAT STAIN SPEC WALNUT,2025-01-26,2026-01-26,6.0,99.0,8.25,16.5,24.75,16.0,0.0,16.0,1.9393939393939394,True,8.75
STDS124,QUICKCOAT STAIN SPEC WALNUT,2025-01-26,2026-01-26,8.0,16.0,1.3333333333333333,2.6666666666666665,4.0,17.0,0.0,17.0,12.75,False,0.0
STDS124,QUICKCOAT STAIN SPEC WALNUT,2025-01-26,2026-01-26,9.0,24.0,2.0,4.0,6.0,7.0,0.0,7.0,3.5,False,0.0
STDS125,QUICKCOAT STAIN RED MAHOGANY,2025-01-26,2026-01-26,1.0,66.0,5.5,11.0,16.5,67.0,0.0,67.0,12.181818181818182,False,0.0
STDS125,QUICKCOAT STAIN RED MAHOGANY,2025-01-26,2026-01-26,3.0,63.0,5.25,10.5,15.75,20.0,0.0,20.0,3.8095238095238093,False,0.0
STDS125,QUICKCOAT STAIN RED MAHOGANY,2025-01-26,2026-01-26,4.0,48.0,4.0,8.0,12.0,15.0,0.0,15.0,3.75,False,0.0
STDS125,QUICKCOAT STAIN RED MAHOGANY,2025-01-26,2026-01-26,5.0,25.0,2.0833333333333335,4.166666666666667,6.25,10.0,0.0,10.0,4.8,False,0.0
STDS125,QUICKCOAT STAIN RED MAHOGANY,2025-01-26,2026-01-26,6.0,32.0,2.6666666666666665,5.333333333333333,8.0,11.0,0.0,11.0,4.125,False,0.0
STDS125,QUICKCOAT STAIN RED MAHOGANY,2025-01-26,2026-01-26,8.0,11.0,0.9166666666666666,1.8333333333333333,2.75,8.0,2.0,6.0,6.545454545454546,False,0.0
STDS125,QUICKCOAT STAIN RED MAHOGANY,2025-01-26,2026-01-26,9.0,17.0,1.4166666666666667,2.8333333333333335,4.25,4.0,0.0,4.0,2.8235294117647056,False,0.0
STDS128,QUICKCOAT STAIN MED BROWN,2025-01-26,2026-01-26,1.0,77.0,6.416666666666667,12.833333333333334,19.25,79.0,0.0,79.0,12.311688311688311,False,0.0
STDS128,QUICKCOAT STAIN MED BROWN,2025-01-26,2026-01-26,3.0,71.0,5.916666666666667,11.833333333333334,17.75,17.0,0.0,17.0,2.873239436619718,False,0.0
STDS128,QUICKCOAT STAIN MED BROWN,2025-01-26,2026-01-26,4.0,43.0,3.5833333333333335,7.166666666666667,10.75,10.0,0.0,10.0,2.7906976744186047,False,0.0
STDS128,QUICKCOAT STAIN MED BROWN,2025-01-26,2026-01-26,5.0,50.0,4.166666666666667,8.333333333333334,12.5,7.0,0.0,7.0,1.68,True,5.5
STDS128,QUICKCOAT STAIN MED BROWN,2025-01-26,2026-01-26,6.0,77.0,6.416666666666667,12.833333333333334,19.25,17.0,0.0,17.0,2.6493506493506493,False,0.0
STDS128,QUICKCOAT STAIN MED BROWN,2025-01-26,2026-01-26,8.0,7.0,0.5833333333333334,1.1666666666666667,1.75,10.0,0.0,10.0,17.142857142857142,False,0.0
STDS128,QUICKCOAT STAIN MED BROWN,2025-01-26,2026-01-26,9.0,27.0,2.25,4.5,6.75,19.0,0.0,19.0,8.444444444444445,False,0.0
STDS130,QUICKCOAT STAIN EARLY AMERICAN,2025-01-26,2026-01-26,1.0,53.0,4.416666666666667,8.833333333333334,13.25,54.0,0.0,54.0,12.226415094339622,False,0.0
STDS130,QUICKCOAT STAIN EARLY AMERICAN,2025-01-26,2026-01-26,3.0,43.0,3.5833333333333335,7.166666666666667,10.75,15.0,0.0,15.0,4.186046511627906,False,0.0
STDS130,QUICKCOAT STAIN EARLY AMERICAN,2025-01-26,2026-01-26,4.0,10.0,0.8333333333333334,1.6666666666666667,2.5,17.0,0.0,17.0,20.4,False,0.0
STDS130,QUICKCOAT STAIN EARLY AMERICAN,2025-01-26,2026-01-26,5.0,44.0,3.6666666666666665,7.333333333333333,11.0,11.0,0.0,11.0,3.0,False,0.0
STDS130,QUICKCOAT STAIN EARLY AMERICAN,2025-01-26,2026-01-26,6.0,82.0,6.833333333333333,13.666666666666666,20.5,5.0,0.0,5.0,0.7317073170731707,True,15.5
STDS130,QUICKCOAT STAIN EARLY AMERICAN,2025-01-26,2026-01-26,8.0,22.0,1.8333333333333333,3.6666666666666665,5.5,12.0,0.0,12.0,6.545454545454546,False,0.0
STDS130,QUICKCOAT STAIN EARLY AMERICAN,2025-01-26,2026-01-26,9.0,45.0,3.75,7.5,11.25,21.0,0.0,21.0,5.6,False,0.0
STDS131,QUICKCOAT STAIN EBONY,2025-01-26,2026-01-26,1.0,194.0,16.166666666666668,32.333333333333336,48.5,116.0,0.0,116.0,7.175257731958762,False,0.0
STDS131,QUICKCOAT STAIN EBONY,2025-01-26,2026-01-26,3.0,185.0,15.416666666666666,30.833333333333332,46.25,46.0,2.0,44.0,2.854054054054054,False,0.0
STDS131,QUICKCOAT STAIN EBONY,2025-01-26,2026-01-26,4.0,100.0,8.333333333333334,16.666666666666668,25.0,4.0,0.0,4.0,0.48,True,21.0
STDS131,QUICKCOAT STAIN EBONY,2025-01-26,2026-01-26,5.0,24.0,2.0,4.0,6.0,18.0,3.0,15.0,7.5,False,0.0
STDS131,QUICKCOAT STAIN EBONY,2025-01-26,2026-01-26,6.0,159.0,13.25,26.5,39.75,17.0,0.0,17.0,1.2830188679245282,True,22.75
STDS131,QUICKCOAT STAIN EBONY,2025-01-26,2026-01-26,8.0,60.0,5.0,10.0,15.0,22.0,3.0,19.0,3.8,False,0.0
STDS131,QUICKCOAT STAIN EBONY,2025-01-26,2026-01-26,9.0,34.0,2.8333333333333335,5.666666666666667,8.5,3.0,0.0,3.0,1.0588235294117647,True,5.5
STDS133,QUICKCOAT STAIN ENGLISH CHESTN,2025-01-26,2026-01-26,1.0,66.0,5.5,11.0,16.5,90.0,1.0,89.0,16.181818181818183,False,0.0
STDS133,QUICKCOAT STAIN ENGLISH CHESTN,2025-01-26,2026-01-26,3.0,34.0,2.8333333333333335,5.666666666666667,8.5,7.0,0.0,7.0,2.4705882352941173,False,0.0
STDS133,QUICKCOAT STAIN ENGLISH CHESTN,2025-01-26,2026-01-26,4.0,6.0,0.5,1.0,1.5,17.0,0.0,17.0,34.0,False,0.0
STDS133,QUICKCOAT STAIN ENGLISH CHESTN,2025-01-26,2026-01-26,5.0,58.0,4.833333333333333,9.666666666666666,14.5,13.0,1.0,12.0,2.4827586206896552,False,0.0
STDS133,QUICKCOAT STAIN ENGLISH CHESTN,2025-01-26,2026-01-26,6.0,73.0,6.083333333333333,12.166666666666666,18.25,26.0,0.0,26.0,4.273972602739726,False,0.0
STDS133,QUICKCOAT STAIN ENGLISH CHESTN,2025-01-26,2026-01-26,8.0,7.0,0.5833333333333334,1.1666666666666667,1.75,11.0,0.0,11.0,18.857142857142858,False,0.0
STDS133,QUICKCOAT STAIN ENGLISH CHESTN,2025-01-26,2026-01-26,9.0,29.0,2.4166666666666665,4.833333333333333,7.25,8.0,1.0,7.0,2.896551724137931,False,0.0
STDS135,QUICKCOAT STAIN CHERRY,2025-01-26,2026-01-26,1.0,28.0,2.3333333333333335,4.666666666666667,7.0,40.0,0.0,40.0,17.142857142857142,False,0.0
STDS135,QUICKCOAT STAIN CHERRY,2025-01-26,2026-01-26,3.0,25.0,2.0833333333333335,4.166666666666667,6.25,32.0,0.0,32.0,15.36,False,0.0
STDS135,QUICKCOAT STAIN CHERRY,2025-01-26,2026-01-26,4.0,6.0,0.5,1.0,1.5,9.0,0.0,9.0,18.0,False,0.0
STDS135,QUICKCOAT STAIN CHERRY,2025-01-26,2026-01-26,5.0,27.0,2.25,4.5,6.75,11.0,0.0,11.0,4.888888888888889,False,0.0
STDS135,QUICKCOAT STAIN CHERRY,2025-01-26,2026-01-26,6.0,25.0,2.0833333333333335,4.166666666666667,6.25,12.0,0.0,12.0,5.76,False,0.0
STDS135,QUICKCOAT STAIN CHERRY,2025-01-26,2026-01-26,8.0,5.0,0.4166666666666667,0.8333333333333334,1.25,18.0,0.0,18.0,43.199999999999996,False,0.0
STDS135,QUICKCOAT STAIN CHERRY,2025-01-26,2026-01-26,9.0,7.0,0.5833333333333334,1.1666666666666667,1.75,13.0,0.0,13.0,22.285714285714285,False,0.0
STDS137,QUICKCOAT STAIN SPICE BROWN,2025-01-26,2026-01-26,1.0,62.0,5.166666666666667,10.333333333333334,15.5,99.0,0.0,99.0,19.161290322580644,False,0.0
STDS137,QUICKCOAT STAIN SPICE BROWN,2025-01-26,2026-01-26,3.0,43.0,3.5833333333333335,7.166666666666667,10.75,13.0,0.0,13.0,3.627906976744186,False,0.0
STDS137,QUICKCOAT STAIN SPICE BROWN,2025-01-26,2026-01-26,4.0,24.0,2.0,4.0,6.0,24.0,0.0,24.0,12.0,False,0.0
STDS137,QUICKCOAT STAIN SPICE BROWN,2025-01-26,2026-01-26,5.0,46.0,3.8333333333333335,7.666666666666667,11.5,14.0,0.0,14.0,3.652173913043478,False,0.0
STDS137,QUICKCOAT STAIN SPICE BROWN,2025-01-26,2026-01-26,6.0,23.0,1.9166666666666667,3.8333333333333335,5.75,17.0,0.0,17.0,8.869565217391305,False,0.0
STDS137,QUICKCOAT STAIN SPICE BROWN,2025-01-26,2026-01-26,8.0,6.0,0.5,1.0,1.5,11.0,0.0,11.0,22.0,False,0.0
STDS137,QUICKCOAT STAIN SPICE BROWN,2025-01-26,2026-01-26,9.0,0.0,0.0,0.0,0.0,14.0,0.0,14.0,inf,False,0.0
STDS139,QUICKCOAT STAIN ROSEWOOD,2025-01-26,2026-01-26,1.0,78.0,6.5,13.0,19.5,37.0,0.0,37.0,5.6923076923076925,False,0.0
STDS139,QUICKCOAT STAIN ROSEWOOD,2025-01-26,2026-01-26,3.0,61.0,5.083333333333333,10.166666666666666,15.25,16.0,1.0,15.0,2.9508196721311477,False,0.0
STDS139,QUICKCOAT STAIN ROSEWOOD,2025-01-26,2026-01-26,4.0,37.0,3.0833333333333335,6.166666666666667,9.25,22.0,0.0,22.0,7.135135135135135,False,0.0
STDS139,QUICKCOAT STAIN ROSEWOOD,2025-01-26,2026-01-26,5.0,49.0,4.083333333333333,8.166666666666666,12.25,20.0,1.0,19.0,4.653061224489797,False,0.0
STDS139,QUICKCOAT STAIN ROSEWOOD,2025-01-26,2026-01-26,6.0,33.0,2.75,5.5,8.25,15.0,0.0,15.0,5.454545454545454,False,0.0
STDS139,QUICKCOAT STAIN ROSEWOOD,2025-01-26,2026-01-26,8.0,8.0,0.6666666666666666,1.3333333333333333,2.0,8.0,0.0,8.0,12.0,False,0.0
STDS139,QUICKCOAT STAIN ROSEWOOD,2025-01-26,2026-01-26,9.0,6.0,0.5,1.0,1.5,6.0,2.0,4.0,8.0,False,0.0
STDS140,QUICKCOAT STAIN COLONIAL MAPLE,2025-01-26,2026-01-26,1.0,37.0,3.0833333333333335,6.166666666666667,9.25,36.0,0.0,36.0,11.675675675675675,False,0.0
STDS140,QUICKCOAT STAIN COLONIAL MAPLE,2025-01-26,2026-01-26,3.0,43.0,3.5833333333333335,7.166666666666667,10.75,15.0,0.0,15.0,4.186046511627906,False,0.0
STDS140,QUICKCOAT STAIN COLONIAL MAPLE,2025-01-26,2026-01-26,4.0,12.0,1.0,2.0,3.0,16.0,0.0,16.0,16.0,False,0.0
STDS140,QUICKCOAT STAIN COLONIAL MAPLE,2025-01-26,2026-01-26,5.0,29.0,2.4166666666666665,4.833333333333333,7.25,8.0,1.0,7.0,2.896551724137931,False,0.0
STDS140,QUICKCOAT STAIN COLONIAL MAPLE,2025-01-26,2026-01-26,6.0,33.0,2.75,5.5,8.25,9.0,0.0,9.0,3.272727272727273,False,0.0
STDS140,QUICKCOAT STAIN COLONIAL MAPLE,2025-01-26,2026-01-26,8.0,10.0,0.8333333333333334,1.6666666666666667,2.5,7.0,0.0,7.0,8.4,False,0.0
STDS140,QUICKCOAT STAIN COLONIAL MAPLE,2025-01-26,2026-01-26,9.0,4.0,0.3333333333333333,0.6666666666666666,1.0,8.0,0.0,8.0,24.0,False,0.0
STDS141,QUICKCOAT STAIN FRUITWOOD,2025-01-26,2026-01-26,1.0,73.0,6.083333333333333,12.166666666666666,18.25,45.0,0.0,45.0,7.397260273972603,False,0.0
STDS141,QUICKCOAT STAIN FRUITWOOD,2025-01-26,2026-01-26,3.0,75.0,6.25,12.5,18.75,30.0,0.0,30.0,4.8,False,0.0
STDS141,QUICKCOAT STAIN FRUITWOOD,2025-01-26,2026-01-26,4.0,38.0,3.1666666666666665,6.333333333333333,9.5,17.0,0.0,17.0,5.368421052631579,False,0.0
STDS141,QUICKCOAT STAIN FRUITWOOD,2025-01-26,2026-01-26,5.0,33.0,2.75,5.5,8.25,14.0,0.0,14.0,5.090909090909091,False,0.0
STDS141,QUICKCOAT STAIN FRUITWOOD,2025-01-26,2026-01-26,6.0,74.0,6.166666666666667,12.333333333333334,18.5,18.0,0.0,18.0,2.918918918918919,False,0.0
STDS141,QUICKCOAT STAIN FRUITWOOD,2025-01-26,2026-01-26,8.0,43.0,3.5833333333333335,7.166666666666667,10.75,18.0,0.0,18.0,5.023255813953488,False,0.0
STDS141,QUICKCOAT STAIN FRUITWOOD,2025-01-26,2026-01-26,9.0,34.0,2.8333333333333335,5.666666666666667,8.5,9.0,0.0,9.0,3.176470588235294,False,0.0
STDS143,QUICKCOAT STAIN SEDONA RED,2025-01-26,2026-01-26,1.0,79.0,6.583333333333333,13.166666666666666,19.75,70.0,0.0,70.0,10.632911392405063,False,0.0
STDS143,QUICKCOAT STAIN SEDONA RED,2025-01-26,2026-01-26,3.0,65.0,5.416666666666667,10.833333333333334,16.25,7.0,0.0,7.0,1.2923076923076922,True,9.25
STDS143,QUICKCOAT STAIN SEDONA RED,2025-01-26,2026-01-26,4.0,45.0,3.75,7.5,11.25,3.0,0.0,3.0,0.8,True,8.25
STDS143,QUICKCOAT STAIN SEDONA RED,2025-01-26,2026-01-26,5.0,35.0,2.9166666666666665,5.833333333333333,8.75,13.0,1.0,12.0,4.114285714285715,False,0.0
STDS143,QUICKCOAT STAIN SEDONA RED,2025-01-26,2026-01-26,6.0,60.0,5.0,10.0,15.0,18.0,0.0,18.0,3.6,False,0.0
STDS143,QUICKCOAT STAIN SEDONA RED,2025-01-26,2026-01-26,8.0,32.0,2.6666666666666665,5.333333333333333,8.0,19.0,2.0,17.0,6.375,False,0.0
STDS143,QUICKCOAT STAIN SEDONA RED,2025-01-26,2026-01-26,9.0,15.0,1.25,2.5,3.75,3.0,0.0,3.0,2.4,False,0.0
STDS145,QUICKCOAT STAIN GOLDEN PECAN,2025-01-26,2026-01-26,1.0,98.0,8.166666666666666,16.333333333333332,24.5,65.0,0.0,65.0,7.959183673469388,False,0.0
STDS145,QUICKCOAT STAIN GOLDEN PECAN,2025-01-26,2026-01-26,3.0,53.0,4.416666666666667,8.833333333333334,13.25,15.0,0.0,15.0,3.3962264150943393,False,0.0
STDS145,QUICKCOAT STAIN GOLDEN PECAN,2025-01-26,2026-01-26,4.0,11.0,0.9166666666666666,1.8333333333333333,2.75,7.0,0.0,7.0,7.636363636363637,False,0.0
STDS145,QUICKCOAT STAIN GOLDEN PECAN,2025-01-26,2026-01-26,5.0,44.0,3.6666666666666665,7.333333333333333,11.0,12.0,0.0,12.0,3.272727272727273,False,0.0
STDS145,QUICKCOAT STAIN GOLDEN PECAN,2025-01-26,2026-01-26,6.0,70.0,5.833333333333333,11.666666666666666,17.5,8.0,0.0,8.0,1.3714285714285714,True,9.5
STDS145,QUICKCOAT STAIN GOLDEN PECAN,2025-01-26,2026-01-26,8.0,84.0,7.0,14.0,21.0,10.0,3.0,7.0,1.0,True,14.0
STDS145,QUICKCOAT STAIN GOLDEN PECAN,2025-01-26,2026-01-26,9.0,12.0,1.0,2.0,3.0,8.0,0.0,8.0,8.0,False,0.0
STDS150,QUICKCOAT STAIN GUNSTOCK,2025-01-26,2026-01-26,1.0,26.0,2.1666666666666665,4.333333333333333,6.5,62.0,0.0,62.0,28.615384615384617,False,0.0
STDS150,QUICKCOAT STAIN GUNSTOCK,2025-01-26,2026-01-26,3.0,27.0,2.25,4.5,6.75,17.0,0.0,17.0,7.555555555555555,False,0.0
STDS150,QUICKCOAT STAIN GUNSTOCK,2025-01-26,2026-01-26,4.0,24.0,2.0,4.0,6.0,7.0,0.0,7.0,3.5,False,0.0
STDS150,QUICKCOAT STAIN GUNSTOCK,2025-01-26,2026-01-26,5.0,64.0,5.333333333333333,10.666666666666666,16.0,20.0,0.0,20.0,3.75,False,0.0
STDS150,QUICKCOAT STAIN GUNSTOCK,2025-01-26,2026-01-26,6.0,100.0,8.333333333333334,16.666666666666668,25.0,28.0,0.0,28.0,3.36,False,0.0
STDS150,QUICKCOAT STAIN GUNSTOCK,2025-01-26,2026-01-26,8.0,21.0,1.75,3.5,5.25,17.0,2.0,15.0,8.571428571428571,False,0.0
STDS150,QUICKCOAT STAIN GUNSTOCK,2025-01-26,2026-01-26,9.0,11.0,0.9166666666666666,1.8333333333333333,2.75,13.0,0.0,13.0,14.181818181818182,False,0.0
STDS170,QUICKCOAT STAIN WHEATHER OAK,2025-01-26,2026-01-26,1.0,133.0,11.083333333333334,22.166666666666668,33.25,83.0,0.0,83.0,7.488721804511278,False,0.0
STDS170,QUICKCOAT STAIN WHEATHER OAK,2025-01-26,2026-01-26,3.0,86.0,7.166666666666667,14.333333333333334,21.5,37.0,0.0,37.0,5.162790697674418,False,0.0
STDS170,QUICKCOAT STAIN WHEATHER OAK,2025-01-26,2026-01-26,4.0,40.0,3.3333333333333335,6.666666666666667,10.0,29.0,0.0,29.0,8.7,False,0.0
STDS170,QUICKCOAT STAIN WHEATHER OAK,2025-01-26,2026-01-26,5.0,106.0,8.833333333333334,17.666666666666668,26.5,43.0,11.0,32.0,3.622641509433962,False,0.0
STDS170,QUICKCOAT STAIN WHEATHER OAK,2025-01-26,2026-01-26,6.0,110.0,9.166666666666666,18.333333333333332,27.5,25.0,0.0,25.0,2.7272727272727275,False,0.0
STDS170,QUICKCOAT STAIN WHEATHER OAK,2025-01-26,2026-01-26,8.0,35.0,2.9166666666666665,5.833333333333333,8.75,14.0,0.0,14.0,4.8,False,0.0
STDS170,QUICKCOAT STAIN WHEATHER OAK,2025-01-26,2026-01-26,9.0,39.0,3.25,6.5,9.75,17.0,7.0,10.0,3.076923076923077,False,0.0
STDS171,QUICKCOAT STAIN DARK WALNUT,2025-01-26,2026-01-26,1.0,131.0,10.916666666666666,21.833333333333332,32.75,70.0,8.0,62.0,5.6793893129771,False,0.0
STDS171,QUICKCOAT STAIN DARK WALNUT,2025-01-26,2026-01-26,3.0,97.0,8.083333333333334,16.166666666666668,24.25,10.0,0.0,10.0,1.2371134020618555,True,14.25
STDS171,QUICKCOAT STAIN DARK WALNUT,2025-01-26,2026-01-26,4.0,27.0,2.25,4.5,6.75,28.0,0.0,28.0,12.444444444444445,False,0.0
STDS171,QUICKCOAT STAIN DARK WALNUT,2025-01-26,2026-01-26,5.0,96.0,8.0,16.0,24.0,11.0,0.0,11.0,1.375,True,13.0
STDS171,QUICKCOAT STAIN DARK WALNUT,2025-01-26,2026-01-26,6.0,141.0,11.75,23.5,35.25,13.0,0.0,13.0,1.1063829787234043,True,22.25
STDS171,QUICKCOAT STAIN DARK WALNUT,2025-01-26,2026-01-26,8.0,9.0,0.75,1.5,2.25,12.0,0.0,12.0,16.0,False,0.0
STDS171,QUICKCOAT STAIN DARK WALNUT,2025-01-26,2026-01-26,9.0,41.0,3.4166666666666665,6.833333333333333,10.25,16.0,0.0,16.0,4.682926829268293,False,0.0
STDS172,QUICKCOAT STAIN CLASSIC GREY,2025-01-26,2026-01-26,1.0,101.0,8.416666666666666,16.833333333333332,25.25,92.0,8.0,84.0,9.98019801980198,False,0.0
STDS172,QUICKCOAT STAIN CLASSIC GREY,2025-01-26,2026-01-26,3.0,54.0,4.5,9.0,13.5,18.0,0.0,18.0,4.0,False,0.0
STDS172,QUICKCOAT STAIN CLASSIC GREY,2025-01-26,2026-01-26,4.0,49.0,4.083333333333333,8.166666666666666,12.25,22.0,0.0,22.0,5.387755102040817,False,0.0
STDS172,QUICKCOAT STAIN CLASSIC GREY,2025-01-26,2026-01-26,5.0,45.0,3.75,7.5,11.25,2.0,0.0,2.0,0.5333333333333333,True,9.25
STDS172,QUICKCOAT STAIN CLASSIC GREY,2025-01-26,2026-01-26,6.0,30.0,2.5,5.0,7.5,17.0,0.0,17.0,6.8,False,0.0
STDS172,QUICKCOAT STAIN CLASSIC GREY,2025-01-26,2026-01-26,8.0,21.0,1.75,3.5,5.25,14.0,0.0,14.0,8.0,False,0.0
STDS172,QUICKCOAT STAIN CLASSIC GREY,2025-01-26,2026-01-26,9.0,18.0,1.5,3.0,4.5,8.0,0.0,8.0,5.333333333333333,False,0.0
STDS173,QUICKCOAT STAIN ESPRESSO,2025-01-26,2026-01-26,1.0,134.0,11.166666666666666,22.333333333333332,33.5,81.0,0.0,81.0,7.253731343283582,False,0.0
STDS173,QUICKCOAT STAIN ESPRESSO,2025-01-26,2026-01-26,3.0,63.0,5.25,10.5,15.75,15.0,0.0,15.0,2.857142857142857,False,0.0
STDS173,QUICKCOAT STAIN ESPRESSO,2025-01-26,2026-01-26,4.0,25.0,2.0833333333333335,4.166666666666667,6.25,29.0,0.0,29.0,13.919999999999998,False,0.0
STDS173,QUICKCOAT STAIN ESPRESSO,2025-01-26,2026-01-26,5.0,18.0,1.5,3.0,4.5,5.0,1.0,4.0,2.6666666666666665,False,0.0
STDS173,QUICKCOAT STAIN ESPRESSO,2025-01-26,2026-01-26,6.0,96.0,8.0,16.0,24.0,0.0,0.0,0.0,0.0,True,24.0
STDS173,QUICKCOAT STAIN ESPRESSO,2025-01-26,2026-01-26,8.0,14.0,1.1666666666666667,2.3333333333333335,3.5,13.0,0.0,13.0,11.142857142857142,False,0.0
STDS173,QUICKCOAT STAIN ESPRESSO,2025-01-26,2026-01-26,9.0,30.0,2.5,5.0,7.5,10.0,0.0,10.0,4.0,False,0.0
STDS175,QUICKCOAT STAIN JACOBEAN,2025-01-26,2026-01-26,1.0,42.0,3.5,7.0,10.5,28.0,0.0,28.0,8.0,False,0.0
STDS175,QUICKCOAT STAIN JACOBEAN,2025-01-26,2026-01-26,3.0,36.0,3.0,6.0,9.0,12.0,0.0,12.0,4.0,False,0.0
STDS175,QUICKCOAT STAIN JACOBEAN,2025-01-26,2026-01-26,4.0,18.0,1.5,3.0,4.5,19.0,0.0,19.0,12.666666666666666,False,0.0
STDS175,QUICKCOAT STAIN JACOBEAN,2025-01-26,2026-01-26,5.0,23.0,1.9166666666666667,3.8333333333333335,5.75,9.0,0.0,9.0,4.695652173913043,False,0.0
STDS175,QUICKCOAT STAIN JACOBEAN,2025-01-26,2026-01-26,6.0,41.0,3.4166666666666665,6.833333333333333,10.25,14.0,0.0,14.0,4.097560975609756,False,0.0
STDS175,QUICKCOAT STAIN JACOBEAN,2025-01-26,2026-01-26,8.0,19.0,1.5833333333333333,3.1666666666666665,4.75,8.0,0.0,8.0,5.052631578947369,False,0.0
STDS175,QUICKCOAT STAIN JACOBEAN,2025-01-26,2026-01-26,9.0,17.0,1.4166666666666667,2.8333333333333335,4.25,16.0,0.0,16.0,11.294117647058822,False,0.0
STDS181,QUICKCOAT STAIN SILVERED GRAY,2025-01-26,2026-01-26,1.0,118.0,9.833333333333334,19.666666666666668,29.5,62.0,0.0,62.0,6.305084745762711,False,0.0
STDS181,QUICKCOAT STAIN SILVERED GRAY,2025-01-26,2026-01-26,3.0,65.0,5.416666666666667,10.833333333333334,16.25,24.0,0.0,24.0,4.43076923076923,False,0.0
STDS181,QUICKCOAT STAIN SILVERED GRAY,2025-01-26,2026-01-26,4.0,28.0,2.3333333333333335,4.666666666666667,7.0,10.0,0.0,10.0,4.285714285714286,False,0.0
STDS181,QUICKCOAT STAIN SILVERED GRAY,2025-01-26,2026-01-26,5.0,41.0,3.4166666666666665,6.833333333333333,10.25,14.0,0.0,14.0,4.097560975609756,False,0.0
STDS181,QUICKCOAT STAIN SILVERED GRAY,2025-01-26,2026-01-26,6.0,63.0,5.25,10.5,15.75,16.0,0.0,16.0,3.0476190476190474,False,0.0
STDS181,QUICKCOAT STAIN SILVERED GRAY,2025-01-26,2026-01-26,8.0,7.0,0.5833333333333334,1.1666666666666667,1.75,19.0,0.0,19.0,32.57142857142857,False,0.0
STDS181,QUICKCOAT STAIN SILVERED GRAY,2025-01-26,2026-01-26,9.0,37.0,3.0833333333333335,6.166666666666667,9.25,10.0,0.0,10.0,3.243243243243243,False,0.0
STDS182,QUICKCOAT STAIN RUSTIC BEIGE,2025-01-26,2026-01-26,1.0,62.0,5.166666666666667,10.333333333333334,15.5,39.0,1.0,38.0,7.354838709677419,False,0.0
STDS182,QUICKCOAT STAIN RUSTIC BEIGE,2025-01-26,2026-01-26,3.0,44.0,3.6666666666666665,7.333333333333333,11.0,17.0,0.0,17.0,4.636363636363637,False,0.0
STDS182,QUICKCOAT STAIN RUSTIC BEIGE,2025-01-26,2026-01-26,4.0,17.0,1.4166666666666667,2.8333333333333335,4.25,19.0,0.0,19.0,13.411764705882351,False,0.0
STDS182,QUICKCOAT STAIN RUSTIC BEIGE,2025-01-26,2026-01-26,5.0,31.0,2.5833333333333335,5.166666666666667,7.75,15.0,0.0,15.0,5.806451612903225,False,0.0
STDS182,QUICKCOAT STAIN RUSTIC BEIGE,2025-01-26,2026-01-26,6.0,42.0,3.5,7.0,10.5,22.0,0.0,22.0,6.285714285714286,False,0.0
STDS182,QUICKCOAT STAIN RUSTIC BEIGE,2025-01-26,2026-01-26,8.0,0.0,0.0,0.0,0.0,10.0,0.0,10.0,inf,False,0.0
STDS182,QUICKCOAT STAIN RUSTIC BEIGE,2025-01-26,2026-01-26,9.0,30.0,2.5,5.0,7.5,15.0,0.0,15.0,6.0,False,0.0
STDS183,QUICKCOAT STAIN WARM GRAY,2025-01-26,2026-01-26,1.0,42.0,3.5,7.0,10.5,19.0,0.0,19.0,5.428571428571429,False,0.0
STDS183,QUICKCOAT STAIN WARM GRAY,2025-01-26,2026-01-26,3.0,6.0,0.5,1.0,1.5,7.0,0.0,7.0,14.0,False,0.0
STDS183,QUICKCOAT STAIN WARM GRAY,2025-01-26,2026-01-26,4.0,10.0,0.8333333333333334,1.6666666666666667,2.5,2.0,0.0,2.0,2.4,False,0.0
STDS183,QUICKCOAT STAIN WARM GRAY,2025-01-26,2026-01-26,5.0,15.0,1.25,2.5,3.75,9.0,0.0,9.0,7.2,False,0.0
STDS183,QUICKCOAT STAIN WARM GRAY,2025-01-26,2026-01-26,6.0,10.0,0.8333333333333334,1.6666666666666667,2.5,9.0,0.0,9.0,10.799999999999999,False,0.0
STDS183,QUICKCOAT STAIN WARM GRAY,2025-01-26,2026-01-26,8.0,0.0,0.0,0.0,0.0,6.0,0.0,6.0,inf,False,0.0
STDS183,QUICKCOAT STAIN WARM GRAY,2025-01-26,2026-01-26,9.0,12.0,1.0,2.0,3.0,6.0,0.0,6.0,6.0,False,0.0
STDS184,QUICKCOAT STAIN DARK GRAY,2025-01-26,2026-01-26,1.0,19.0,1.5833333333333333,3.1666666666666665,4.75,17.0,0.0,17.0,10.736842105263158,False,0.0
STDS184,QUICKCOAT STAIN DARK GRAY,2025-01-26,2026-01-26,3.0,28.0,2.3333333333333335,4.666666666666667,7.0,10.0,0.0,10.0,4.285714285714286,False,0.0
STDS184,QUICKCOAT STAIN DARK GRAY,2025-01-26,2026-01-26,4.0,17.0,1.4166666666666667,2.8333333333333335,4.25,14.0,0.0,14.0,9.88235294117647,False,0.0
STDS184,QUICKCOAT STAIN DARK GRAY,2025-01-26,2026-01-26,5.0,19.0,1.5833333333333333,3.1666666666666665,4.75,13.0,2.0,11.0,6.947368421052632,False,0.0
STDS184,QUICKCOAT STAIN DARK GRAY,2025-01-26,2026-01-26,6.0,12.0,1.0,2.0,3.0,9.0,0.0,9.0,9.0,False,0.0
STDS184,QUICKCOAT STAIN DARK GRAY,2025-01-26,2026-01-26,8.0,3.0,0.25,0.5,0.75,5.0,0.0,5.0,20.0,False,0.0
STDS184,QUICKCOAT STAIN DARK GRAY,2025-01-26,2026-01-26,9.0,13.0,1.0833333333333333,2.1666666666666665,3.25,5.0,0.0,5.0,4.615384615384616,False,0.0
STDS185,QUICKCOAT STAIN AGED BARREL,2025-01-26,2026-01-26,1.0,42.0,3.5,7.0,10.5,33.0,0.0,33.0,9.428571428571429,False,0.0
STDS185,QUICKCOAT STAIN AGED BARREL,2025-01-26,2026-01-26,3.0,13.0,1.0833333333333333,2.1666666666666665,3.25,12.0,0.0,12.0,11.076923076923078,False,0.0
STDS185,QUICKCOAT STAIN AGED BARREL,2025-01-26,2026-01-26,4.0,4.0,0.3333333333333333,0.6666666666666666,1.0,10.0,0.0,10.0,30.0,False,0.0
STDS185,QUICKCOAT STAIN AGED BARREL,2025-01-26,2026-01-26,5.0,12.0,1.0,2.0,3.0,13.0,1.0,12.0,12.0,False,0.0
STDS185,QUICKCOAT STAIN AGED BARREL,2025-01-26,2026-01-26,6.0,8.0,0.6666666666666666,1.3333333333333333,2.0,7.0,0.0,7.0,10.5,False,0.0
STDS185,QUICKCOAT STAIN AGED BARREL,2025-01-26,2026-01-26,8.0,6.0,0.5,1.0,1.5,12.0,0.0,12.0,24.0,False,0.0
STDS185,QUICKCOAT STAIN AGED BARREL,2025-01-26,2026-01-26,9.0,5.0,0.4166666666666667,0.8333333333333334,1.25,7.0,0.0,7.0,16.8,False,0.0
STDS186,QUICKCOAT STAIN HERITAGE BROWN,2025-01-26,2026-01-26,1.0,48.0,4.0,8.0,12.0,32.0,0.0,32.0,8.0,False,0.0
STDS186,QUICKCOAT STAIN HERITAGE BROWN,2025-01-26,2026-01-26,3.0,28.0,2.3333333333333335,4.666666666666667,7.0,19.0,0.0,19.0,8.142857142857142,False,0.0
STDS186,QUICKCOAT STAIN HERITAGE BROWN,2025-01-26,2026-01-26,4.0,3.0,0.25,0.5,0.75,14.0,0.0,14.0,56.0,False,0.0
STDS186,QUICKCOAT STAIN HERITAGE BROWN,2025-01-26,2026-01-26,5.0,11.0,0.9166666666666666,1.8333333333333333,2.75,14.0,0.0,14.0,15.272727272727273,False,0.0
STDS186,QUICKCOAT STAIN HERITAGE BROWN,2025-01-26,2026-01-26,6.0,37.0,3.0833333333333335,6.166666666666667,9.25,15.0,0.0,15.0,4.864864864864865,False,0.0
STDS186,QUICKCOAT STAIN HERITAGE BROWN,2025-01-26,2026-01-26,8.0,8.0,0.6666666666666666,1.3333333333333333,2.0,13.0,0.0,13.0,19.5,False,0.0
STDS186,QUICKCOAT STAIN HERITAGE BROWN,2025-01-26,2026-01-26,9.0,3.0,0.25,0.5,0.75,9.0,0.0,9.0,36.0,False,0.0
STDS199,QUICKCOAT STAIN TRUE BLACK,2025-01-26,2026-01-26,1.0,119.0,9.916666666666666,19.833333333333332,29.75,67.0,0.0,67.0,6.756302521008403,False,0.0
STDS199,QUICKCOAT STAIN TRUE BLACK,2025-01-26,2026-01-26,3.0,86.0,7.166666666666667,14.333333333333334,21.5,25.0,0.0,25.0,3.488372093023256,False,0.0
STDS199,QUICKCOAT STAIN TRUE BLACK,2025-01-26,2026-01-26,4.0,34.0,2.8333333333333335,5.666666666666667,8.5,1.0,0.0,1.0,0.3529411764705882,True,7.5
STDS199,QUICKCOAT STAIN TRUE BLACK,2025-01-26,2026-01-26,5.0,47.0,3.9166666666666665,7.833333333333333,11.75,45.0,0.0,45.0,11.48936170212766,False,0.0
STDS199,QUICKCOAT STAIN TRUE BLACK,2025-01-26,2026-01-26,6.0,126.0,10.5,21.0,31.5,22.0,0.0,22.0,2.0952380952380953,False,0.0
STDS199,QUICKCOAT STAIN TRUE BLACK,2025-01-26,2026-01-26,8.0,38.0,3.1666666666666665,6.333333333333333,9.5,10.0,0.0,10.0,3.1578947368421053,False,0.0
STDS199,QUICKCOAT STAIN TRUE BLACK,2025-01-26,2026-01-26,9.0,16.0,1.3333333333333333,2.6666666666666665,4.0,7.0,2.0,5.0,3.75,False,0.0
STLA5084,BLACK LACQUER STAIN,2025-01-26,2026-01-26,1.0,0.0,0.0,0.0,0.0,27.0,12.0,15.0,inf,False,0.0
STLA5084,BLACK LACQUER STAIN,2025-01-26,2026-01-26,3.0,1.0,0.08333333333333333,0.16666666666666666,0.25,5.0,0.0,5.0,60.0,False,0.0
STLA5084,BLACK LACQUER STAIN,2025-01-26,2026-01-26,4.0,0.0,0.0,0.0,0.0,1.0,0.0,1.0,inf,False,0.0
STLA5084,BLACK LACQUER STAIN,2025-01-26,2026-01-26,5.0,0.0,0.0,0.0,0.0,2.0,0.0,2.0,inf,False,0.0
STLA5084,BLACK LACQUER STAIN,2025-01-26,2026-01-26,6.0,0.0,0.0,0.0,0.0,4.0,0.0,4.0,inf,False,0.0
STLA5084,BLACK LACQUER STAIN,2025-01-26,2026-01-26,8.0,0.0,0.0,0.0,0.0,4.0,0.0,4.0,inf,False,0.0
STLA5084,BLACK LACQUER STAIN,2025-01-26,2026-01-26,9.0,0.0,0.0,0.0,0.0,2.0,0.0,2.0,inf,False,0.0
STLB034,LOBA STAIN NEUTRAL,2025-01-26,2026-01-26,1.0,1.0,0.08333333333333333,0.16666666666666666,0.25,25.0,0.0,25.0,300.0,False,0.0
STLB034,LOBA STAIN NEUTRAL,2025-01-26,2026-01-26,3.0,5.0,0.4166666666666667,0.8333333333333334,1.25,0.0,0.0,0.0,0.0,True,1.25
STLB034,LOBA STAIN NEUTRAL,2025-01-26,2026-01-26,4.0,9.0,0.75,1.5,2.25,0.0,0.0,0.0,0.0,True,2.25
STLB034,LOBA STAIN NEUTRAL,2025-01-26,2026-01-26,5.0,3.0,0.25,0.5,0.75,1.0,1.0,0.0,0.0,True,0.75
STLB034,LOBA STAIN NEUTRAL,2025-01-26,2026-01-26,6.0,13.0,1.0833333333333333,2.1666666666666665,3.25,13.0,0.0,13.0,12.0,False,0.0
STLB034,LOBA STAIN NEUTRAL,2025-01-26,2026-01-26,8.0,9.0,0.75,1.5,2.25,1.0,0.0,1.0,1.3333333333333333,True,1.25
STLB034,LOBA STAIN NEUTRAL,2025-01-26,2026-01-26,9.0,0.0,0.0,0.0,0.0,7.0,0.0,7.0,inf,False,0.0
STLB036,LOBA STAIN EBONY,2025-01-26,2026-01-26,1.0,0.0,0.0,0.0,0.0,20.0,0.0,20.0,inf,False,0.0
STLB036,LOBA STAIN EBONY,2025-01-26,2026-01-26,3.0,5.0,0.4166666666666667,0.8333333333333334,1.25,1.0,0.0,1.0,2.4,False,0.0
STLB036,LOBA STAIN EBONY,2025-01-26,2026-01-26,4.0,1.0,0.08333333333333333,0.16666666666666666,0.25,5.0,0.0,5.0,60.0,False,0.0
STLB036,LOBA STAIN EBONY,2025-01-26,2026-01-26,5.0,6.0,0.5,1.0,1.5,0.0,0.0,0.0,0.0,True,1.5
STLB036,LOBA STAIN EBONY,2025-01-26,2026-01-26,6.0,7.0,0.5833333333333334,1.1666666666666667,1.75,12.0,0.0,12.0,20.57142857142857,False,0.0
STLB036,LOBA STAIN EBONY,2025-01-26,2026-01-26,8.0,3.0,0.25,0.5,0.75,0.0,0.0,0.0,0.0,True,0.75
STLB036,LOBA STAIN EBONY,2025-01-26,2026-01-26,9.0,1.0,0.08333333333333333,0.16666666666666666,0.25,8.0,0.0,8.0,96.0,False,0.0
STLB038,LOBA STAIN JACOBEAN,2025-01-26,2026-01-26,1.0,0.0,0.0,0.0,0.0,17.0,0.0,17.0,inf,False,0.0
STLB038,LOBA STAIN JACOBEAN,2025-01-26,2026-01-26,3.0,5.0,0.4166666666666667,0.8333333333333334,1.25,6.0,0.0,6.0,14.399999999999999,False,0.0
STLB038,LOBA STAIN JACOBEAN,2025-01-26,2026-01-26,4.0,0.0,0.0,0.0,0.0,6.0,0.0,6.0,inf,False,0.0
STLB038,LOBA STAIN JACOBEAN,2025-01-26,2026-01-26,5.0,0.0,0.0,0.0,0.0,7.0,0.0,7.0,inf,False,0.0
STLB038,LOBA STAIN JACOBEAN,2025-01-26,2026-01-26,6.0,3.0,0.25,0.5,0.75,9.0,0.0,9.0,36.0,False,0.0
STLB038,LOBA STAIN JACOBEAN,2025-01-26,2026-01-26,8.0,0.0,0.0,0.0,0.0,9.0,0.0,9.0,inf,False,0.0
STLB038,LOBA STAIN JACOBEAN,2025-01-26,2026-01-26,9.0,0.0,0.0,0.0,0.0,7.0,0.0,7.0,inf,False,0.0
STLB041,LOBA STAIN PROVINCIAL,2025-01-26,2026-01-26,1.0,5.0,0.4166666666666667,0.8333333333333334,1.25,12.0,0.0,12.0,28.799999999999997,False,0.0
STLB041,LOBA STAIN PROVINCIAL,2025-01-26,2026-01-26,3.0,0.0,0.0,0.0,0.0,6.0,0.0,6.0,inf,False,0.0
STLB041,LOBA STAIN PROVINCIAL,2025-01-26,2026-01-26,4.0,0.0,0.0,0.0,0.0,5.0,0.0,5.0,inf,False,0.0
STLB041,LOBA STAIN PROVINCIAL,2025-01-26,2026-01-26,5.0,0.0,0.0,0.0,0.0,12.0,0.0,12.0,inf,False,0.0
STLB041,LOBA STAIN PROVINCIAL,2025-01-26,2026-01-26,6.0,4.0,0.3333333333333333,0.6666666666666666,1.0,9.0,0.0,9.0,27.0,False,0.0
STLB041,LOBA STAIN PROVINCIAL,2025-01-26,2026-01-26,8.0,0.0,0.0,0.0,0.0,5.0,0.0,5.0,inf,False,0.0
STLB041,LOBA STAIN PROVINCIAL,2025-01-26,2026-01-26,9.0,0.0,0.0,0.0,0.0,8.0,0.0,8.0,inf,False,0.0
STLB042,LOBA STAIN MAHOGANY,2025-01-26,2026-01-26,1.0,1.0,0.08333333333333333,0.16666666666666666,0.25,14.0,0.0,14.0,168.0,False,0.0
STLB042,LOBA STAIN MAHOGANY,2025-01-26,2026-01-26,3.0,0.0,0.0,0.0,0.0,9.0,0.0,9.0,inf,False,0.0
STLB042,LOBA STAIN MAHOGANY,2025-01-26,2026-01-26,4.0,1.0,0.08333333333333333,0.16666666666666666,0.25,6.0,0.0,6.0,72.0,False,0.0
STLB042,LOBA STAIN MAHOGANY,2025-01-26,2026-01-26,5.0,0.0,0.0,0.0,0.0,6.0,0.0,6.0,inf,False,0.0
STLB042,LOBA STAIN MAHOGANY,2025-01-26,2026-01-26,6.0,7.0,0.5833333333333334,1.1666666666666667,1.75,9.0,0.0,9.0,15.428571428571427,False,0.0
STLB042,LOBA STAIN MAHOGANY,2025-01-26,2026-01-26,8.0,0.0,0.0,0.0,0.0,5.0,0.0,5.0,inf,False,0.0
STLB042,LOBA STAIN MAHOGANY,2025-01-26,2026-01-26,9.0,0.0,0.0,0.0,0.0,8.0,0.0,8.0,inf,False,0.0
STLB043,LOBA STAIN SEDONA RED,2025-01-26,2026-01-26,1.0,4.0,0.3333333333333333,0.6666666666666666,1.0,12.0,0.0,12.0,36.0,False,0.0
STLB043,LOBA STAIN SEDONA RED,2025-01-26,2026-01-26,3.0,3.0,0.25,0.5,0.75,5.0,0.0,5.0,20.0,False,0.0
STLB043,LOBA STAIN SEDONA RED,2025-01-26,2026-01-26,4.0,0.0,0.0,0.0,0.0,10.0,0.0,10.0,inf,False,0.0
STLB043,LOBA STAIN SEDONA RED,2025-01-26,2026-01-26,5.0,1.0,0.08333333333333333,0.16666666666666666,0.25,6.0,0.0,6.0,72.0,False,0.0
STLB043,LOBA STAIN SEDONA RED,2025-01-26,2026-01-26,6.0,2.0,0.16666666666666666,0.3333333333333333,0.5,23.0,0.0,23.0,138.0,False,0.0
STLB043,LOBA STAIN SEDONA RED,2025-01-26,2026-01-26,8.0,0.0,0.0,0.0,0.0,5.0,0.0,5.0,inf,False,0.0
STLB043,LOBA STAIN SEDONA RED,2025-01-26,2026-01-26,9.0,1.0,0.08333333333333333,0.16666666666666666,0.25,4.0,0.0,4.0,48.0,False,0.0
STLB045,LOBA STAIN COUNTRY WHITE,2025-01-26,2026-01-26,1.0,7.0,0.5833333333333334,1.1666666666666667,1.75,3.0,0.0,3.0,5.142857142857142,False,0.0
STLB045,LOBA STAIN COUNTRY WHITE,2025-01-26,2026-01-26,3.0,11.0,0.9166666666666666,1.8333333333333333,2.75,3.0,0.0,3.0,3.272727272727273,False,0.0
STLB045,LOBA STAIN COUNTRY WHITE,2025-01-26,2026-01-26,4.0,7.0,0.5833333333333334,1.1666666666666667,1.75,5.0,0.0,5.0,8.571428571428571,False,0.0
STLB045,LOBA STAIN COUNTRY WHITE,2025-01-26,2026-01-26,5.0,8.0,0.6666666666666666,1.3333333333333333,2.0,4.0,0.0,4.0,6.0,False,0.0
STLB045,LOBA STAIN COUNTRY WHITE,2025-01-26,2026-01-26,6.0,8.0,0.6666666666666666,1.3333333333333333,2.0,9.0,0.0,9.0,13.5,False,0.0
STLB045,LOBA STAIN COUNTRY WHITE,2025-01-26,2026-01-26,8.0,1.0,0.08333333333333333,0.16666666666666666,0.25,4.0,0.0,4.0,48.0,False,0.0
STLB045,LOBA STAIN COUNTRY WHITE,2025-01-26,2026-01-26,9.0,3.0,0.25,0.5,0.75,7.0,0.0,7.0,28.0,False,0.0
STLB046,LOBA STAIN WALNUT,2025-01-26,2026-01-26,1.0,2.0,0.16666666666666666,0.3333333333333333,0.5,7.0,0.0,7.0,42.0,False,0.0
STLB046,LOBA STAIN WALNUT,2025-01-26,2026-01-26,3.0,0.0,0.0,0.0,0.0,3.0,0.0,3.0,inf,False,0.0
STLB046,LOBA STAIN WALNUT,2025-01-26,2026-01-26,4.0,2.0,0.16666666666666666,0.3333333333333333,0.5,7.0,0.0,7.0,42.0,False,0.0
STLB046,LOBA STAIN WALNUT,2025-01-26,2026-01-26,5.0,8.0,0.6666666666666666,1.3333333333333333,2.0,0.0,0.0,0.0,0.0,True,2.0
STLB046,LOBA STAIN WALNUT,2025-01-26,2026-01-26,6.0,28.0,2.3333333333333335,4.666666666666667,7.0,8.0,0.0,8.0,3.4285714285714284,False,0.0
STLB046,LOBA STAIN WALNUT,2025-01-26,2026-01-26,8.0,0.0,0.0,0.0,0.0,0.0,0.0,0.0,inf,False,0.0
STLB046,LOBA STAIN WALNUT,2025-01-26,2026-01-26,9.0,1.0,0.08333333333333333,0.16666666666666666,0.25,1.0,0.0,1.0,12.0,False,0.0
STLB198,LOBA STAIN GOLDEN OAK,2025-01-26,2026-01-26,1.0,2.0,0.16666666666666666,0.3333333333333333,0.5,10.0,0.0,10.0,60.0,False,0.0
STLB198,LOBA STAIN GOLDEN OAK,2025-01-26,2026-01-26,3.0,3.0,0.25,0.5,0.75,7.0,0.0,7.0,28.0,False,0.0
STLB198,LOBA STAIN GOLDEN OAK,2025-01-26,2026-01-26,4.0,1.0,0.08333333333333333,0.16666666666666666,0.25,15.0,0.0,15.0,180.0,False,0.0
STLB198,LOBA STAIN GOLDEN OAK,2025-01-26,2026-01-26,5.0,8.0,0.6666666666666666,1.3333333333333333,2.0,15.0,0.0,15.0,22.5,False,0.0
STLB198,LOBA STAIN GOLDEN OAK,2025-01-26,2026-01-26,6.0,2.0,0.16666666666666666,0.3333333333333333,0.5,6.0,0.0,6.0,36.0,False,0.0
STLB198,LOBA STAIN GOLDEN OAK,2025-01-26,2026-01-26,8.0,0.0,0.0,0.0,0.0,6.0,0.0,6.0,inf,False,0.0
STLB198,LOBA STAIN GOLDEN OAK,2025-01-26,2026-01-26,9.0,1.0,0.08333333333333333,0.16666666666666666,0.25,8.0,0.0,8.0,96.0,False,0.0
STLB200,LOBA STAIN CLASSIC GREY,2025-01-26,2026-01-26,1.0,0.0,0.0,0.0,0.0,42.0,0.0,42.0,inf,False,0.0
STLB200,LOBA STAIN CLASSIC GREY,2025-01-26,2026-01-26,3.0,3.0,0.25,0.5,0.75,6.0,0.0,6.0,24.0,False,0.0
STLB200,LOBA STAIN CLASSIC GREY,2025-01-26,2026-01-26,4.0,1.0,0.08333333333333333,0.16666666666666666,0.25,4.0,0.0,4.0,48.0,False,0.0
STLB200,LOBA STAIN CLASSIC GREY,2025-01-26,2026-01-26,5.0,4.0,0.3333333333333333,0.6666666666666666,1.0,4.0,0.0,4.0,12.0,False,0.0
STLB200,LOBA STAIN CLASSIC GREY,2025-01-26,2026-01-26,6.0,0.0,0.0,0.0,0.0,9.0,0.0,9.0,inf,False,0.0
STLB200,LOBA STAIN CLASSIC GREY,2025-01-26,2026-01-26,8.0,0.0,0.0,0.0,0.0,2.0,0.0,2.0,inf,False,0.0
STLB200,LOBA STAIN CLASSIC GREY,2025-01-26,2026-01-26,9.0,1.0,0.08333333333333333,0.16666666666666666,0.25,3.0,0.0,3.0,36.0,False,0.0
STLB201,LOBA STAIN GUNSTOCK,2025-01-26,2026-01-26,1.0,16.0,1.3333333333333333,2.6666666666666665,4.0,12.0,0.0,12.0,9.0,False,0.0
STLB201,LOBA STAIN GUNSTOCK,2025-01-26,2026-01-26,3.0,0.0,0.0,0.0,0.0,6.0,0.0,6.0,inf,False,0.0
STLB201,LOBA STAIN GUNSTOCK,2025-01-26,2026-01-26,4.0,0.0,0.0,0.0,0.0,4.0,0.0,4.0,inf,False,0.0
STLB201,LOBA STAIN GUNSTOCK,2025-01-26,2026-01-26,5.0,1.0,0.08333333333333333,0.16666666666666666,0.25,7.0,0.0,7.0,84.0,False,0.0
STLB201,LOBA STAIN GUNSTOCK,2025-01-26,2026-01-26,6.0,5.0,0.4166666666666667,0.8333333333333334,1.25,11.0,0.0,11.0,26.4,False,0.0
STLB201,LOBA STAIN GUNSTOCK,2025-01-26,2026-01-26,8.0,0.0,0.0,0.0,0.0,3.0,0.0,3.0,inf,False,0.0
STLB201,LOBA STAIN GUNSTOCK,2025-01-26,2026-01-26,9.0,0.0,0.0,0.0,0.0,8.0,0.0,8.0,inf,False,0.0
STLB202,LOBA STAIN WEATHERED OAK,2025-01-26,2026-01-26,1.0,3.0,0.25,0.5,0.75,8.0,0.0,8.0,32.0,False,0.0
STLB202,LOBA STAIN WEATHERED OAK,2025-01-26,2026-01-26,3.0,4.0,0.3333333333333333,0.6666666666666666,1.0,7.0,0.0,7.0,21.0,False,0.0
STLB202,LOBA STAIN WEATHERED OAK,2025-01-26,2026-01-26,4.0,0.0,0.0,0.0,0.0,0.0,0.0,0.0,inf,False,0.0
STLB202,LOBA STAIN WEATHERED OAK,2025-01-26,2026-01-26,5.0,6.0,0.5,1.0,1.5,3.0,0.0,3.0,6.0,False,0.0
STLB202,LOBA STAIN WEATHERED OAK,2025-01-26,2026-01-26,6.0,2.0,0.16666666666666666,0.3333333333333333,0.5,6.0,0.0,6.0,36.0,False,0.0
STLB202,LOBA STAIN WEATHERED OAK,2025-01-26,2026-01-26,8.0,6.0,0.5,1.0,1.5,6.0,0.0,6.0,12.0,False,0.0
STLB202,LOBA STAIN WEATHERED OAK,2025-01-26,2026-01-26,9.0,0.0,0.0,0.0,0.0,7.0,0.0,7.0,inf,False,0.0
STLB364,LOBA STAIN NUTMEG,2025-01-26,2026-01-26,1.0,1.0,0.08333333333333333,0.16666666666666666,0.25,15.0,0.0,15.0,180.0,False,0.0
STLB364,LOBA STAIN NUTMEG,2025-01-26,2026-01-26,3.0,1.0,0.08333333333333333,0.16666666666666666,0.25,4.0,0.0,4.0,48.0,False,0.0
STLB364,LOBA STAIN NUTMEG,2025-01-26,2026-01-26,4.0,2.0,0.16666666666666666,0.3333333333333333,0.5,2.0,0.0,2.0,12.0,False,0.0
STLB364,LOBA STAIN NUTMEG,2025-01-26,2026-01-26,5.0,0.0,0.0,0.0,0.0,3.0,0.0,3.0,inf,False,0.0
STLB364,LOBA STAIN NUTMEG,2025-01-26,2026-01-26,6.0,5.0,0.4166666666666667,0.8333333333333334,1.25,10.0,0.0,10.0,24.0,False,0.0
STLB364,LOBA STAIN NUTMEG,2025-01-26,2026-01-26,8.0,0.0,0.0,0.0,0.0,5.0,0.0,5.0,inf,False,0.0
STLB364,LOBA STAIN NUTMEG,2025-01-26,2026-01-26,9.0,0.0,0.0,0.0,0.0,8.0,0.0,8.0,inf,False,0.0
STLB365,LOBA STAIN SPECIAL WALNUT,2025-01-26,2026-01-26,1.0,1.0,0.08333333333333333,0.16666666666666666,0.25,32.0,0.0,32.0,384.0,False,0.0
STLB365,LOBA STAIN SPECIAL WALNUT,2025-01-26,2026-01-26,3.0,0.0,0.0,0.0,0.0,11.0,0.0,11.0,inf,False,0.0
STLB365,LOBA STAIN SPECIAL WALNUT,2025-01-26,2026-01-26,4.0,2.0,0.16666666666666666,0.3333333333333333,0.5,7.0,0.0,7.0,42.0,False,0.0
STLB365,LOBA STAIN SPECIAL WALNUT,2025-01-26,2026-01-26,5.0,3.0,0.25,0.5,0.75,2.0,0.0,2.0,8.0,False,0.0
STLB365,LOBA STAIN SPECIAL WALNUT,2025-01-26,2026-01-26,6.0,1.0,0.08333333333333333,0.16666666666666666,0.25,5.0,0.0,5.0,60.0,False,0.0
STLB365,LOBA STAIN SPECIAL WALNUT,2025-01-26,2026-01-26,8.0,0.0,0.0,0.0,0.0,3.0,0.0,3.0,inf,False,0.0
STLB365,LOBA STAIN SPECIAL WALNUT,2025-01-26,2026-01-26,9.0,0.0,0.0,0.0,0.0,8.0,0.0,8.0,inf,False,0.0
STLB366,LOBA STAIN MEDIUM BROWN,2025-01-26,2026-01-26,1.0,3.0,0.25,0.5,0.75,20.0,0.0,20.0,80.0,False,0.0
STLB366,LOBA STAIN MEDIUM BROWN,2025-01-26,2026-01-26,3.0,0.0,0.0,0.0,0.0,4.0,0.0,4.0,inf,False,0.0
STLB366,LOBA STAIN MEDIUM BROWN,2025-01-26,2026-01-26,4.0,3.0,0.25,0.5,0.75,3.0,0.0,3.0,12.0,False,0.0
STLB366,LOBA STAIN MEDIUM BROWN,2025-01-26,2026-01-26,5.0,0.0,0.0,0.0,0.0,7.0,0.0,7.0,inf,False,0.0
STLB366,LOBA STAIN MEDIUM BROWN,2025-01-26,2026-01-26,6.0,5.0,0.4166666666666667,0.8333333333333334,1.25,8.0,0.0,8.0,19.2,False,0.0
STLB366,LOBA STAIN MEDIUM BROWN,2025-01-26,2026-01-26,8.0,0.0,0.0,0.0,0.0,3.0,0.0,3.0,inf,False,0.0
STLB366,LOBA STAIN MEDIUM BROWN,2025-01-26,2026-01-26,9.0,0.0,0.0,0.0,0.0,4.0,0.0,4.0,inf,False,0.0
STLB367,LOBA STAIN ENGLISH CHESTNUT,2025-01-26,2026-01-26,1.0,3.0,0.25,0.5,0.75,40.0,0.0,40.0,160.0,False,0.0
STLB367,LOBA STAIN ENGLISH CHESTNUT,2025-01-26,2026-01-26,3.0,0.0,0.0,0.0,0.0,6.0,0.0,6.0,inf,False,0.0
STLB367,LOBA STAIN ENGLISH CHESTNUT,2025-01-26,2026-01-26,4.0,0.0,0.0,0.0,0.0,9.0,0.0,9.0,inf,False,0.0
STLB367,LOBA STAIN ENGLISH CHESTNUT,2025-01-26,2026-01-26,5.0,0.0,0.0,0.0,0.0,5.0,0.0,5.0,inf,False,0.0
STLB367,LOBA STAIN ENGLISH CHESTNUT,2025-01-26,2026-01-26,6.0,12.0,1.0,2.0,3.0,6.0,0.0,6.0,6.0,False,0.0
STLB367,LOBA STAIN ENGLISH CHESTNUT,2025-01-26,2026-01-26,8.0,0.0,0.0,0.0,0.0,3.0,0.0,3.0,inf,False,0.0
STLB367,LOBA STAIN ENGLISH CHESTNUT,2025-01-26,2026-01-26,9.0,0.0,0.0,0.0,0.0,6.0,0.0,6.0,inf,False,0.0
STLB368,LOBA STAIN DARK WALNUT,2025-01-26,2026-01-26,1.0,7.0,0.5833333333333334,1.1666666666666667,1.75,33.0,0.0,33.0,56.57142857142857,False,0.0
STLB368,LOBA STAIN DARK WALNUT,2025-01-26,2026-01-26,3.0,5.0,0.4166666666666667,0.8333333333333334,1.25,6.0,0.0,6.0,14.399999999999999,False,0.0
STLB368,LOBA STAIN DARK WALNUT,2025-01-26,2026-01-26,4.0,0.0,0.0,0.0,0.0,12.0,0.0,12.0,inf,False,0.0
STLB368,LOBA STAIN DARK WALNUT,2025-01-26,2026-01-26,5.0,2.0,0.16666666666666666,0.3333333333333333,0.5,5.0,0.0,5.0,30.0,False,0.0
STLB368,LOBA STAIN DARK WALNUT,2025-01-26,2026-01-26,6.0,7.0,0.5833333333333334,1.1666666666666667,1.75,8.0,0.0,8.0,13.714285714285714,False,0.0
STLB368,LOBA STAIN DARK WALNUT,2025-01-26,2026-01-26,8.0,0.0,0.0,0.0,0.0,3.0,0.0,3.0,inf,False,0.0
STLB368,LOBA STAIN DARK WALNUT,2025-01-26,2026-01-26,9.0,0.0,0.0,0.0,0.0,5.0,0.0,5.0,inf,False,0.0
STLB369,LOBA STAIN DARK GREY,2025-01-26,2026-01-26,1.0,2.0,0.16666666666666666,0.3333333333333333,0.5,41.0,0.0,41.0,246.0,False,0.0
STLB369,LOBA STAIN DARK GREY,2025-01-26,2026-01-26,3.0,1.0,0.08333333333333333,0.16666666666666666,0.25,5.0,0.0,5.0,60.0,False,0.0
STLB369,LOBA STAIN DARK GREY,2025-01-26,2026-01-26,4.0,3.0,0.25,0.5,0.75,7.0,0.0,7.0,28.0,False,0.0
STLB369,LOBA STAIN DARK GREY,2025-01-26,2026-01-26,5.0,2.0,0.16666666666666666,0.3333333333333333,0.5,4.0,0.0,4.0,24.0,False,0.0
STLB369,LOBA STAIN DARK GREY,2025-01-26,2026-01-26,6.0,1.0,0.08333333333333333,0.16666666666666666,0.25,11.0,0.0,11.0,132.0,False,0.0
STLB369,LOBA STAIN DARK GREY,2025-01-26,2026-01-26,8.0,0.0,0.0,0.0,0.0,2.0,0.0,2.0,inf,False,0.0
STLB369,LOBA STAIN DARK GREY,2025-01-26,2026-01-26,9.0,0.0,0.0,0.0,0.0,6.0,0.0,6.0,inf,False,0.0
STLB370,LOBA STAIN HERITAGE BROWN,2025-01-26,2026-01-26,1.0,1.0,0.08333333333333333,0.16666666666666666,0.25,32.0,0.0,32.0,384.0,False,0.0
STLB370,LOBA STAIN HERITAGE BROWN,2025-01-26,2026-01-26,3.0,2.0,0.16666666666666666,0.3333333333333333,0.5,4.0,0.0,4.0,24.0,False,0.0
STLB370,LOBA STAIN HERITAGE BROWN,2025-01-26,2026-01-26,4.0,1.0,0.08333333333333333,0.16666666666666666,0.25,2.0,0.0,2.0,24.0,False,0.0
STLB370,LOBA STAIN HERITAGE BROWN,2025-01-26,2026-01-26,5.0,5.0,0.4166666666666667,0.8333333333333334,1.25,7.0,0.0,7.0,16.8,False,0.0
STLB370,LOBA STAIN HERITAGE BROWN,2025-01-26,2026-01-26,6.0,1.0,0.08333333333333333,0.16666666666666666,0.25,15.0,0.0,15.0,180.0,False,0.0
STLB370,LOBA STAIN HERITAGE BROWN,2025-01-26,2026-01-26,8.0,0.0,0.0,0.0,0.0,3.0,0.0,3.0,inf,False,0.0
STLB370,LOBA STAIN HERITAGE BROWN,2025-01-26,2026-01-26,9.0,6.0,0.5,1.0,1.5,0.0,0.0,0.0,0.0,True,1.5
STLB371,LOBA STAIN FRUITWOOD,2025-01-26,2026-01-26,1.0,1.0,0.08333333333333333,0.16666666666666666,0.25,11.0,0.0,11.0,132.0,False,0.0
STLB371,LOBA STAIN FRUITWOOD,2025-01-26,2026-01-26,3.0,12.0,1.0,2.0,3.0,2.0,0.0,2.0,2.0,False,0.0
STLB371,LOBA STAIN FRUITWOOD,2025-01-26,2026-01-26,4.0,0.0,0.0,0.0,0.0,0.0,0.0,0.0,inf,False,0.0
STLB371,LOBA STAIN FRUITWOOD,2025-01-26,2026-01-26,5.0,0.0,0.0,0.0,0.0,0.0,0.0,0.0,inf,False,0.0
STLB371,LOBA STAIN FRUITWOOD,2025-01-26,2026-01-26,6.0,7.0,0.5833333333333334,1.1666666666666667,1.75,11.0,0.0,11.0,18.857142857142858,False,0.0
STLB371,LOBA STAIN FRUITWOOD,2025-01-26,2026-01-26,8.0,0.0,0.0,0.0,0.0,3.0,0.0,3.0,inf,False,0.0
STLB371,LOBA STAIN FRUITWOOD,2025-01-26,2026-01-26,9.0,1.0,0.08333333333333333,0.16666666666666666,0.25,6.0,0.0,6.0,72.0,False,0.0
STLB372,LOBA STAIN SPICE BROWN,2025-01-26,2026-01-26,1.0,10.0,0.8333333333333334,1.6666666666666667,2.5,7.0,0.0,7.0,8.4,False,0.0
STLB372,LOBA STAIN SPICE BROWN,2025-01-26,2026-01-26,3.0,0.0,0.0,0.0,0.0,6.0,0.0,6.0,inf,False,0.0
STLB372,LOBA STAIN SPICE BROWN,2025-01-26,2026-01-26,4.0,6.0,0.5,1.0,1.5,6.0,0.0,6.0,12.0,False,0.0
STLB372,LOBA STAIN SPICE BROWN,2025-01-26,2026-01-26,5.0,1.0,0.08333333333333333,0.16666666666666666,0.25,5.0,0.0,5.0,60.0,False,0.0
STLB372,LOBA STAIN SPICE BROWN,2025-01-26,2026-01-26,6.0,5.0,0.4166666666666667,0.8333333333333334,1.25,6.0,0.0,6.0,14.399999999999999,False,0.0
STLB372,LOBA STAIN SPICE BROWN,2025-01-26,2026-01-26,8.0,0.0,0.0,0.0,0.0,3.0,0.0,3.0,inf,False,0.0
STLB372,LOBA STAIN SPICE BROWN,2025-01-26,2026-01-26,9.0,0.0,0.0,0.0,0.0,0.0,0.0,0.0,inf,False,0.0
SWPL200,STAIR WIZARD PROLINE II,2025-01-26,2026-01-26,1.0,5.0,0.4166666666666667,0.8333333333333334,1.25,8.0,0.0,8.0,19.2,False,0.0
SWPL200,STAIR WIZARD PROLINE II,2025-01-26,2026-01-26,3.0,5.0,0.4166666666666667,0.8333333333333334,1.25,2.0,1.0,1.0,2.4,False,0.0
SWPL200,STAIR WIZARD PROLINE II,2025-01-26,2026-01-26,4.0,2.0,0.16666666666666666,0.3333333333333333,0.5,4.0,2.0,2.0,12.0,False,0.0
SWPL200,STAIR WIZARD PROLINE II,2025-01-26,2026-01-26,5.0,2.0,0.16666666666666666,0.3333333333333333,0.5,4.0,0.0,4.0,24.0,False,0.0
SWPL200,STAIR WIZARD PROLINE II,2025-01-26,2026-01-26,6.0,2.0,0.16666666666666666,0.3333333333333333,0.5,2.0,0.0,2.0,12.0,False,0.0
SWPL200,STAIR WIZARD PROLINE II,2025-01-26,2026-01-26,8.0,1.0,0.08333333333333333,0.16666666666666666,0.25,1.0,0.0,1.0,12.0,False,0.0
SWPL200,STAIR WIZARD PROLINE II,2025-01-26,2026-01-26,9.0,4.0,0.3333333333333333,0.6666666666666666,1.0,3.0,0.0,3.0,9.0,False,0.0
TA3M02993,"3M #2040 MASKING TAPE 1-1/2""",2025-01-26,2026-01-26,1.0,33.0,2.75,5.5,8.25,44.0,0.0,44.0,16.0,False,0.0
TA3M02993,"3M #2040 MASKING TAPE 1-1/2""",2025-01-26,2026-01-26,3.0,164.0,13.666666666666666,27.333333333333332,41.0,51.0,4.0,47.0,3.4390243902439024,False,0.0
TA3M02993,"3M #2040 MASKING TAPE 1-1/2""",2025-01-26,2026-01-26,4.0,71.0,5.916666666666667,11.833333333333334,17.75,57.0,25.0,32.0,5.408450704225352,False,0.0
TA3M02993,"3M #2040 MASKING TAPE 1-1/2""",2025-01-26,2026-01-26,5.0,26.0,2.1666666666666665,4.333333333333333,6.5,54.0,0.0,54.0,24.923076923076923,False,0.0
TA3M02993,"3M #2040 MASKING TAPE 1-1/2""",2025-01-26,2026-01-26,6.0,59.0,4.916666666666667,9.833333333333334,14.75,30.0,0.0,30.0,6.101694915254237,False,0.0
TA3M02993,"3M #2040 MASKING TAPE 1-1/2""",2025-01-26,2026-01-26,8.0,0.0,0.0,0.0,0.0,19.0,0.0,19.0,inf,False,0.0
TA3M02993,"3M #2040 MASKING TAPE 1-1/2""",2025-01-26,2026-01-26,9.0,19.0,1.5833333333333333,3.1666666666666665,4.75,24.0,0.0,24.0,15.157894736842106,False,0.0
TA3M06819,"3M #2090 BLUE TAPE 1.41"" X 60",2025-01-26,2026-01-26,1.0,272.0,22.666666666666668,45.333333333333336,68.0,320.0,0.0,320.0,14.117647058823529,False,0.0
TA3M06819,"3M #2090 BLUE TAPE 1.41"" X 60",2025-01-26,2026-01-26,3.0,752.0,62.666666666666664,125.33333333333333,188.0,66.0,3.0,63.0,1.0053191489361704,True,125.0
TA3M06819,"3M #2090 BLUE TAPE 1.41"" X 60",2025-01-26,2026-01-26,4.0,90.0,7.5,15.0,22.5,45.0,0.0,45.0,6.0,False,0.0
TA3M06819,"3M #2090 BLUE TAPE 1.41"" X 60",2025-01-26,2026-01-26,5.0,192.0,16.0,32.0,48.0,38.0,0.0,38.0,2.375,False,0.0
TA3M06819,"3M #2090 BLUE TAPE 1.41"" X 60",2025-01-26,2026-01-26,6.0,221.0,18.416666666666668,36.833333333333336,55.25,64.0,0.0,64.0,3.4751131221719453,False,0.0
TA3M06819,"3M #2090 BLUE TAPE 1.41"" X 60",2025-01-26,2026-01-26,8.0,113.0,9.416666666666666,18.833333333333332,28.25,26.0,0.0,26.0,2.761061946902655,False,0.0
TA3M06819,"3M #2090 BLUE TAPE 1.41"" X 60",2025-01-26,2026-01-26,9.0,111.0,9.25,18.5,27.75,70.0,25.0,45.0,4.864864864864865,False,0.0
TA3M06820,"3M #2090 BLUE TAPE 1.88"" X 60",2025-01-26,2026-01-26,1.0,159.0,13.25,26.5,39.75,204.0,1.0,203.0,15.320754716981131,False,0.0
TA3M06820,"3M #2090 BLUE TAPE 1.88"" X 60",2025-01-26,2026-01-26,3.0,498.0,41.5,83.0,124.5,52.0,0.0,52.0,1.2530120481927711,True,72.5
TA3M06820,"3M #2090 BLUE TAPE 1.88"" X 60",2025-01-26,2026-01-26,4.0,220.0,18.333333333333332,36.666666666666664,55.0,57.0,0.0,57.0,3.1090909090909093,False,0.0
TA3M06820,"3M #2090 BLUE TAPE 1.88"" X 60",2025-01-26,2026-01-26,5.0,283.0,23.583333333333332,47.166666666666664,70.75,44.0,0.0,44.0,1.8657243816254419,True,26.75
TA3M06820,"3M #2090 BLUE TAPE 1.88"" X 60",2025-01-26,2026-01-26,6.0,126.0,10.5,21.0,31.5,150.0,6.0,144.0,13.714285714285714,False,0.0
TA3M06820,"3M #2090 BLUE TAPE 1.88"" X 60",2025-01-26,2026-01-26,8.0,35.0,2.9166666666666665,5.833333333333333,8.75,31.0,21.0,10.0,3.428571428571429,False,0.0
TA3M06820,"3M #2090 BLUE TAPE 1.88"" X 60",2025-01-26,2026-01-26,9.0,82.0,6.833333333333333,13.666666666666666,20.5,54.0,10.0,44.0,6.439024390243903,False,0.0
TA3M79749,"3M #2080 BLUE TAPE 1-1/2""",2025-01-26,2026-01-26,1.0,33.0,2.75,5.5,8.25,42.0,1.0,41.0,14.909090909090908,False,0.0
TA3M79749,"3M #2080 BLUE TAPE 1-1/2""",2025-01-26,2026-01-26,3.0,86.0,7.166666666666667,14.333333333333334,21.5,36.0,0.0,36.0,5.023255813953488,False,0.0
TA3M79749,"3M #2080 BLUE TAPE 1-1/2""",2025-01-26,2026-01-26,4.0,15.0,1.25,2.5,3.75,35.0,0.0,35.0,28.0,False,0.0
TA3M79749,"3M #2080 BLUE TAPE 1-1/2""",2025-01-26,2026-01-26,5.0,0.0,0.0,0.0,0.0,41.0,0.0,41.0,inf,False,0.0
TA3M79749,"3M #2080 BLUE TAPE 1-1/2""",2025-01-26,2026-01-26,6.0,52.0,4.333333333333333,8.666666666666666,13.0,25.0,0.0,25.0,5.76923076923077,False,0.0
TA3M79749,"3M #2080 BLUE TAPE 1-1/2""",2025-01-26,2026-01-26,8.0,17.0,1.4166666666666667,2.8333333333333335,4.25,16.0,0.0,16.0,11.294117647058822,False,0.0
TA3M79749,"3M #2080 BLUE TAPE 1-1/2""",2025-01-26,2026-01-26,9.0,69.0,5.75,11.5,17.25,47.0,0.0,47.0,8.173913043478262,False,0.0
TA3M8087CW,3M #8087CW CONST.SEAMING TAPE,2025-01-26,2026-01-26,1.0,150.0,12.5,25.0,37.5,192.0,9.0,183.0,14.64,False,0.0
TA3M8087CW,3M #8087CW CONST.SEAMING TAPE,2025-01-26,2026-01-26,3.0,95.0,7.916666666666667,15.833333333333334,23.75,24.0,0.0,24.0,3.031578947368421,False,0.0
TA3M8087CW,3M #8087CW CONST.SEAMING TAPE,2025-01-26,2026-01-26,4.0,41.0,3.4166666666666665,6.833333333333333,10.25,29.0,0.0,29.0,8.487804878048781,False,0.0
TA3M8087CW,3M #8087CW CONST.SEAMING TAPE,2025-01-26,2026-01-26,5.0,19.0,1.5833333333333333,3.1666666666666665,4.75,50.0,23.0,27.0,17.05263157894737,False,0.0
TA3M8087CW,3M #8087CW CONST.SEAMING TAPE,2025-01-26,2026-01-26,6.0,95.0,7.916666666666667,15.833333333333334,23.75,20.0,0.0,20.0,2.526315789473684,False,0.0
TA3M8087CW,3M #8087CW CONST.SEAMING TAPE,2025-01-26,2026-01-26,8.0,32.0,2.6666666666666665,5.333333333333333,8.0,36.0,3.0,33.0,12.375,False,0.0
TA3M8087CW,3M #8087CW CONST.SEAMING TAPE,2025-01-26,2026-01-26,9.0,284.0,23.666666666666668,47.333333333333336,71.0,2.0,2.0,0.0,0.0,True,71.0
TAFBHEF107308,FORTIBOARD TAPE,2025-01-26,2026-01-26,1.0,95.0,7.916666666666667,15.833333333333334,23.75,74.0,0.0,74.0,9.34736842105263,False,0.0
TAFBHEF107308,FORTIBOARD TAPE,2025-01-26,2026-01-26,3.0,298.0,24.833333333333332,49.666666666666664,74.5,90.0,0.0,90.0,3.6241610738255035,False,0.0
TAFBHEF107308,FORTIBOARD TAPE,2025-01-26,2026-01-26,4.0,107.0,8.916666666666666,17.833333333333332,26.75,57.0,0.0,57.0,6.392523364485982,False,0.0
TAFBHEF107308,FORTIBOARD TAPE,2025-01-26,2026-01-26,5.0,37.0,3.0833333333333335,6.166666666666667,9.25,16.0,0.0,16.0,5.189189189189189,False,0.0
TAFBHEF107308,FORTIBOARD TAPE,2025-01-26,2026-01-26,6.0,78.0,6.5,13.0,19.5,29.0,3.0,26.0,4.0,False,0.0
TAFBHEF107308,FORTIBOARD TAPE,2025-01-26,2026-01-26,8.0,0.0,0.0,0.0,0.0,7.0,0.0,7.0,inf,False,0.0
TAFBHEF107308,FORTIBOARD TAPE,2025-01-26,2026-01-26,9.0,80.0,6.666666666666667,13.333333333333334,20.0,32.0,0.0,32.0,4.8,False,0.0
TB200,BOX OF 200 TRASH BAGS,2025-01-26,2026-01-26,1.0,13.0,1.0833333333333333,2.1666666666666665,3.25,70.0,0.0,70.0,64.61538461538461,False,0.0
TB200,BOX OF 200 TRASH BAGS,2025-01-26,2026-01-26,3.0,56.0,4.666666666666667,9.333333333333334,14.0,8.0,0.0,8.0,1.7142857142857142,True,6.0
TB200,BOX OF 200 TRASH BAGS,2025-01-26,2026-01-26,4.0,54.0,4.5,9.0,13.5,14.0,0.0,14.0,3.111111111111111,False,0.0
TB200,BOX OF 200 TRASH BAGS,2025-01-26,2026-01-26,5.0,54.0,4.5,9.0,13.5,16.0,0.0,16.0,3.5555555555555554,False,0.0
TB200,BOX OF 200 TRASH BAGS,2025-01-26,2026-01-26,6.0,16.0,1.3333333333333333,2.6666666666666665,4.0,6.0,0.0,6.0,4.5,False,0.0
TB200,BOX OF 200 TRASH BAGS,2025-01-26,2026-01-26,8.0,6.0,0.5,1.0,1.5,5.0,0.0,5.0,10.0,False,0.0
TB200,BOX OF 200 TRASH BAGS,2025-01-26,2026-01-26,9.0,6.0,0.5,1.0,1.5,5.0,0.0,5.0,10.0,False,0.0
TEST,TEST 1,2025-01-26,2026-01-26,1.0,0.0,0.0,0.0,0.0,0.0,0.0,0.0,inf,False,0.0
TEST,TEST 1,2025-01-26,2026-01-26,5.0,0.0,0.0,0.0,0.0,0.0,0.0,0.0,inf,False,0.0
TEST,TEST 1,2025-01-26,2026-01-26,9.0,0.0,0.0,0.0,0.0,0.0,0.0,0.0,inf,False,0.0
TKWOTST01,WOODWISE W/O TEST KIT,2025-01-26,2026-01-26,1.0,2.0,0.16666666666666666,0.3333333333333333,0.5,6.0,0.0,6.0,36.0,False,0.0
TKWOTST01,WOODWISE W/O TEST KIT,2025-01-26,2026-01-26,3.0,1.0,0.08333333333333333,0.16666666666666666,0.25,5.0,0.0,5.0,60.0,False,0.0
TKWOTST01,WOODWISE W/O TEST KIT,2025-01-26,2026-01-26,4.0,3.0,0.25,0.5,0.75,3.0,0.0,3.0,12.0,False,0.0
TKWOTST01,WOODWISE W/O TEST KIT,2025-01-26,2026-01-26,5.0,6.0,0.5,1.0,1.5,3.0,0.0,3.0,6.0,False,0.0
TKWOTST01,WOODWISE W/O TEST KIT,2025-01-26,2026-01-26,6.0,4.0,0.3333333333333333,0.6666666666666666,1.0,4.0,0.0,4.0,12.0,False,0.0
TKWOTST01,WOODWISE W/O TEST KIT,2025-01-26,2026-01-26,8.0,0.0,0.0,0.0,0.0,2.0,0.0,2.0,inf,False,0.0
TKWOTST01,WOODWISE W/O TEST KIT,2025-01-26,2026-01-26,9.0,0.0,0.0,0.0,0.0,1.0,0.0,1.0,inf,False,0.0
TPGM006666,MINWAX REPAIR MARKERS,2025-01-26,2026-01-26,1.0,3.0,0.25,0.5,0.75,36.0,1.0,35.0,140.0,False,0.0
TPGM006666,MINWAX REPAIR MARKERS,2025-01-26,2026-01-26,3.0,11.0,0.9166666666666666,1.8333333333333333,2.75,2.0,0.0,2.0,2.181818181818182,False,0.0
TPGM006666,MINWAX REPAIR MARKERS,2025-01-26,2026-01-26,4.0,5.0,0.4166666666666667,0.8333333333333334,1.25,5.0,0.0,5.0,12.0,False,0.0
TPGM006666,MINWAX REPAIR MARKERS,2025-01-26,2026-01-26,5.0,14.0,1.1666666666666667,2.3333333333333335,3.5,4.0,0.0,4.0,3.4285714285714284,False,0.0
TPGM006666,MINWAX REPAIR MARKERS,2025-01-26,2026-01-26,6.0,11.0,0.9166666666666666,1.8333333333333333,2.75,5.0,1.0,4.0,4.363636363636364,False,0.0
TPGM006666,MINWAX REPAIR MARKERS,2025-01-26,2026-01-26,8.0,3.0,0.25,0.5,0.75,4.0,0.0,4.0,16.0,False,0.0
TPGM006666,MINWAX REPAIR MARKERS,2025-01-26,2026-01-26,9.0,3.0,0.25,0.5,0.75,4.0,0.0,4.0,16.0,False,0.0
TPGM385000,TOUCH UP PEN KIT (3),2025-01-26,2026-01-26,1.0,4.0,0.3333333333333333,0.6666666666666666,1.0,13.0,0.0,13.0,39.0,False,0.0
TPGM385000,TOUCH UP PEN KIT (3),2025-01-26,2026-01-26,3.0,20.0,1.6666666666666667,3.3333333333333335,5.0,6.0,0.0,6.0,3.5999999999999996,False,0.0
TPGM385000,TOUCH UP PEN KIT (3),2025-01-26,2026-01-26,4.0,6.0,0.5,1.0,1.5,4.0,0.0,4.0,8.0,False,0.0
TPGM385000,TOUCH UP PEN KIT (3),2025-01-26,2026-01-26,5.0,10.0,0.8333333333333334,1.6666666666666667,2.5,7.0,5.0,2.0,2.4,False,0.0
TPGM385000,TOUCH UP PEN KIT (3),2025-01-26,2026-01-26,6.0,8.0,0.6666666666666666,1.3333333333333333,2.0,4.0,0.0,4.0,6.0,False,0.0
TPGM385000,TOUCH UP PEN KIT (3),2025-01-26,2026-01-26,8.0,0.0,0.0,0.0,0.0,3.0,0.0,3.0,inf,False,0.0
TPGM385000,TOUCH UP PEN KIT (3),2025-01-26,2026-01-26,9.0,0.0,0.0,0.0,0.0,4.0,0.0,4.0,inf,False,0.0
UBST11921A,STANLEY 100 BLADE DISPENSER,2025-01-26,2026-01-26,1.0,3.0,0.25,0.5,0.75,15.0,14.0,1.0,4.0,False,0.0
UBST11921A,STANLEY 100 BLADE DISPENSER,2025-01-26,2026-01-26,3.0,19.0,1.5833333333333333,3.1666666666666665,4.75,4.0,0.0,4.0,2.5263157894736845,False,0.0
UBST11921A,STANLEY 100 BLADE DISPENSER,2025-01-26,2026-01-26,4.0,0.0,0.0,0.0,0.0,3.0,0.0,3.0,inf,False,0.0
UBST11921A,STANLEY 100 BLADE DISPENSER,2025-01-26,2026-01-26,5.0,21.0,1.75,3.5,5.25,2.0,0.0,2.0,1.1428571428571428,True,0.29545454545454547
UBST11921A,STANLEY 100 BLADE DISPENSER,2025-01-26,2026-01-26,6.0,20.0,1.6666666666666667,3.3333333333333335,5.0,1.0,1.0,0.0,0.0,True,0.4545454545454546
UBST11921A,STANLEY 100 BLADE DISPENSER,2025-01-26,2026-01-26,8.0,0.0,0.0,0.0,0.0,2.0,0.0,2.0,inf,False,0.0
UBST11921A,STANLEY 100 BLADE DISPENSER,2025-01-26,2026-01-26,9.0,5.0,0.4166666666666667,0.8333333333333334,1.25,3.0,0.0,3.0,7.199999999999999,False,0.0
UN15LB,#15 FELT 432 SQ. FT.,2025-01-26,2026-01-26,1.0,235.0,19.583333333333332,39.166666666666664,58.75,84.0,0.0,84.0,4.2893617021276595,False,0.0
UN15LB,#15 FELT 432 SQ. FT.,2025-01-26,2026-01-26,3.0,127.0,10.583333333333334,21.166666666666668,31.75,19.0,0.0,19.0,1.795275590551181,True,12.75
UN15LB,#15 FELT 432 SQ. FT.,2025-01-26,2026-01-26,4.0,79.0,6.583333333333333,13.166666666666666,19.75,19.0,0.0,19.0,2.886075949367089,False,0.0
UN15LB,#15 FELT 432 SQ. FT.,2025-01-26,2026-01-26,5.0,41.0,3.4166666666666665,6.833333333333333,10.25,11.0,0.0,11.0,3.2195121951219514,False,0.0
UN15LB,#15 FELT 432 SQ. FT.,2025-01-26,2026-01-26,6.0,171.0,14.25,28.5,42.75,42.0,1.0,41.0,2.8771929824561404,False,0.0
UN15LB,#15 FELT 432 SQ. FT.,2025-01-26,2026-01-26,8.0,46.0,3.8333333333333335,7.666666666666667,11.5,33.0,0.0,33.0,8.608695652173912,False,0.0
UN15LB,#15 FELT 432 SQ. FT.,2025-01-26,2026-01-26,9.0,44.0,3.6666666666666665,7.333333333333333,11.0,41.0,0.0,41.0,11.181818181818182,False,0.0
UNBERB2MF,BEIGE RUBBER UNDERLAY W/FOIL2M,2025-01-26,2026-01-26,1.0,82.0,6.833333333333333,13.666666666666666,20.5,26.0,15.0,11.0,1.6097560975609757,False,0.0
UNBERB2MF,BEIGE RUBBER UNDERLAY W/FOIL2M,2025-01-26,2026-01-26,3.0,19.0,1.5833333333333333,3.1666666666666665,4.75,8.0,0.0,8.0,5.052631578947369,False,0.0
UNBERB2MF,BEIGE RUBBER UNDERLAY W/FOIL2M,2025-01-26,2026-01-26,4.0,12.0,1.0,2.0,3.0,1.0,0.0,1.0,1.0,True,2.0
UNBERB2MF,BEIGE RUBBER UNDERLAY W/FOIL2M,2025-01-26,2026-01-26,5.0,0.0,0.0,0.0,0.0,2.0,0.0,2.0,inf,False,0.0
UNBERB2MF,BEIGE RUBBER UNDERLAY W/FOIL2M,2025-01-26,2026-01-26,6.0,31.0,2.5833333333333335,5.166666666666667,7.75,9.0,0.0,9.0,3.4838709677419355,False,0.0
UNBERB2MF,BEIGE RUBBER UNDERLAY W/FOIL2M,2025-01-26,2026-01-26,8.0,1.0,0.08333333333333333,0.16666666666666666,0.25,44.0,0.0,44.0,528.0,False,0.0
UNBERB2MF,BEIGE RUBBER UNDERLAY W/FOIL2M,2025-01-26,2026-01-26,9.0,0.0,0.0,0.0,0.0,36.0,0.0,36.0,inf,False,0.0
UNBLHV830,BLACK UNDERLAY W/PLASTIC 3MM,2025-01-26,2026-01-26,1.0,456.0,38.0,76.0,114.0,16.0,16.0,0.0,0.0,False,0.0
UNBLHV830,BLACK UNDERLAY W/PLASTIC 3MM,2025-01-26,2026-01-26,3.0,65.0,5.416666666666667,10.833333333333334,16.25,0.0,0.0,0.0,0.0,False,0.0
UNBLHV830,BLACK UNDERLAY W/PLASTIC 3MM,2025-01-26,2026-01-26,4.0,19.0,1.5833333333333333,3.1666666666666665,4.75,3.0,0.0,3.0,1.8947368421052633,False,0.0
UNBLHV830,BLACK UNDERLAY W/PLASTIC 3MM,2025-01-26,2026-01-26,5.0,648.0,54.0,108.0,162.0,0.0,0.0,0.0,0.0,False,0.0
UNBLHV830,BLACK UNDERLAY W/PLASTIC 3MM,2025-01-26,2026-01-26,6.0,137.0,11.416666666666666,22.833333333333332,34.25,2.0,2.0,0.0,0.0,False,0.0
UNBLHV830,BLACK UNDERLAY W/PLASTIC 3MM,2025-01-26,2026-01-26,8.0,27.0,2.25,4.5,6.75,11.0,10.0,1.0,0.4444444444444444,False,0.0
UNBLHV830,BLACK UNDERLAY W/PLASTIC 3MM,2025-01-26,2026-01-26,9.0,83.0,6.916666666666667,13.833333333333334,20.75,0.0,0.0,0.0,0.0,False,0.0
UNBLHVL30G,BLACK UNDERLAY W/GOLD FOIL 3MM,2025-01-26,2026-01-26,1.0,524.0,43.666666666666664,87.33333333333333,131.0,522.0,52.0,470.0,10.763358778625955,False,0.0
UNBLHVL30G,BLACK UNDERLAY W/GOLD FOIL 3MM,2025-01-26,2026-01-26,3.0,76.0,6.333333333333333,12.666666666666666,19.0,0.0,0.0,0.0,0.0,True,19.0
UNBLHVL30G,BLACK UNDERLAY W/GOLD FOIL 3MM,2025-01-26,2026-01-26,4.0,78.0,6.5,13.0,19.5,0.0,0.0,0.0,0.0,True,19.5
UNBLHVL30G,BLACK UNDERLAY W/GOLD FOIL 3MM,2025-01-26,2026-01-26,5.0,268.0,22.333333333333332,44.666666666666664,67.0,3.0,3.0,0.0,0.0,True,67.0
UNBLHVL30G,BLACK UNDERLAY W/GOLD FOIL 3MM,2025-01-26,2026-01-26,6.0,91.0,7.583333333333333,15.166666666666666,22.75,0.0,0.0,0.0,0.0,True,22.75
UNBLHVL30G,BLACK UNDERLAY W/GOLD FOIL 3MM,2025-01-26,2026-01-26,8.0,15.0,1.25,2.5,3.75,0.0,0.0,0.0,0.0,True,3.75
UNBLHVL30G,BLACK UNDERLAY W/GOLD FOIL 3MM,2025-01-26,2026-01-26,9.0,245.0,20.416666666666668,40.833333333333336,61.25,0.0,0.0,0.0,0.0,True,61.25
UNBLUE2,LAMINATE BLUE FOAM 2MM,2025-01-26,2026-01-26,1.0,128.0,10.666666666666666,21.333333333333332,32.0,3.0,2.0,1.0,0.09375,False,0.0
UNBLUE2,LAMINATE BLUE FOAM 2MM,2025-01-26,2026-01-26,3.0,121.0,10.083333333333334,20.166666666666668,30.25,0.0,0.0,0.0,0.0,False,0.0
UNBLUE2,LAMINATE BLUE FOAM 2MM,2025-01-26,2026-01-26,4.0,92.0,7.666666666666667,15.333333333333334,23.0,2.0,0.0,2.0,0.2608695652173913,False,0.0
UNBLUE2,LAMINATE BLUE FOAM 2MM,2025-01-26,2026-01-26,5.0,67.0,5.583333333333333,11.166666666666666,16.75,14.0,7.0,7.0,1.2537313432835822,False,0.0
UNBLUE2,LAMINATE BLUE FOAM 2MM,2025-01-26,2026-01-26,6.0,47.0,3.9166666666666665,7.833333333333333,11.75,7.0,7.0,0.0,0.0,False,0.0
UNBLUE2,LAMINATE BLUE FOAM 2MM,2025-01-26,2026-01-26,8.0,2.0,0.16666666666666666,0.3333333333333333,0.5,6.0,6.0,0.0,0.0,False,0.0
UNBLUE2,LAMINATE BLUE FOAM 2MM,2025-01-26,2026-01-26,9.0,22.0,1.8333333333333333,3.6666666666666665,5.5,1.0,0.0,1.0,0.5454545454545455,False,0.0
UNBLUE3,LAMINATE BLUE FOAM 3MM,2025-01-26,2026-01-26,1.0,156.0,13.0,26.0,39.0,307.0,86.0,221.0,17.0,False,0.0
UNBLUE3,LAMINATE BLUE FOAM 3MM,2025-01-26,2026-01-26,3.0,111.0,9.25,18.5,27.75,1.0,0.0,1.0,0.10810810810810811,True,26.75
UNBLUE3,LAMINATE BLUE FOAM 3MM,2025-01-26,2026-01-26,4.0,57.0,4.75,9.5,14.25,30.0,0.0,30.0,6.315789473684211,False,0.0
UNBLUE3,LAMINATE BLUE FOAM 3MM,2025-01-26,2026-01-26,5.0,137.0,11.416666666666666,22.833333333333332,34.25,1.0,0.0,1.0,0.08759124087591241,True,33.25
UNBLUE3,LAMINATE BLUE FOAM 3MM,2025-01-26,2026-01-26,6.0,32.0,2.6666666666666665,5.333333333333333,8.0,0.0,0.0,0.0,0.0,True,8.0
UNBLUE3,LAMINATE BLUE FOAM 3MM,2025-01-26,2026-01-26,8.0,20.0,1.6666666666666667,3.3333333333333335,5.0,30.0,29.0,1.0,0.6,True,4.0
UNBLUE3,LAMINATE BLUE FOAM 3MM,2025-01-26,2026-01-26,9.0,77.0,6.416666666666667,12.833333333333334,19.25,2.0,0.0,2.0,0.3116883116883117,True,17.25
UNBM0042,WHISPER STEP ACOUSTIC UNDERLAY,2025-01-26,2026-01-26,1.0,245.0,20.416666666666668,40.833333333333336,61.25,58.0,0.0,58.0,2.840816326530612,False,0.0
UNBM0042,WHISPER STEP ACOUSTIC UNDERLAY,2025-01-26,2026-01-26,3.0,89.0,7.416666666666667,14.833333333333334,22.25,58.0,0.0,58.0,7.820224719101123,False,0.0
UNBM0042,WHISPER STEP ACOUSTIC UNDERLAY,2025-01-26,2026-01-26,4.0,28.0,2.3333333333333335,4.666666666666667,7.0,13.0,0.0,13.0,5.571428571428571,False,0.0
UNBM0042,WHISPER STEP ACOUSTIC UNDERLAY,2025-01-26,2026-01-26,5.0,57.0,4.75,9.5,14.25,20.0,1.0,19.0,4.0,False,0.0
UNBM0042,WHISPER STEP ACOUSTIC UNDERLAY,2025-01-26,2026-01-26,6.0,49.0,4.083333333333333,8.166666666666666,12.25,8.0,0.0,8.0,1.959183673469388,True,4.25
UNBM0042,WHISPER STEP ACOUSTIC UNDERLAY,2025-01-26,2026-01-26,8.0,17.0,1.4166666666666667,2.8333333333333335,4.25,19.0,0.0,19.0,13.411764705882351,False,0.0
UNBM0042,WHISPER STEP ACOUSTIC UNDERLAY,2025-01-26,2026-01-26,9.0,101.0,8.416666666666666,16.833333333333332,25.25,20.0,17.0,3.0,0.3564356435643565,True,22.25
UNBO602411,BOSTIK SL-100 SELF-LEVELING,2025-01-26,2026-01-26,1.0,1052.0,87.66666666666667,175.33333333333334,263.0,290.0,290.0,0.0,0.0,False,0.0
UNBO602411,BOSTIK SL-100 SELF-LEVELING,2025-01-26,2026-01-26,3.0,311.0,25.916666666666668,51.833333333333336,77.75,24.0,8.0,16.0,0.6173633440514469,False,0.0
UNBO602411,BOSTIK SL-100 SELF-LEVELING,2025-01-26,2026-01-26,4.0,134.0,11.166666666666666,22.333333333333332,33.5,49.0,0.0,49.0,4.388059701492538,False,0.0
UNBO602411,BOSTIK SL-100 SELF-LEVELING,2025-01-26,2026-01-26,5.0,473.0,39.416666666666664,78.83333333333333,118.25,187.0,96.0,91.0,2.3086680761099365,False,0.0
UNBO602411,BOSTIK SL-100 SELF-LEVELING,2025-01-26,2026-01-26,6.0,176.0,14.666666666666666,29.333333333333332,44.0,43.0,0.0,43.0,2.931818181818182,False,0.0
UNBO602411,BOSTIK SL-100 SELF-LEVELING,2025-01-26,2026-01-26,8.0,0.0,0.0,0.0,0.0,0.0,0.0,0.0,inf,False,0.0
UNBO602411,BOSTIK SL-100 SELF-LEVELING,2025-01-26,2026-01-26,9.0,105.0,8.75,17.5,26.25,38.0,37.0,1.0,0.11428571428571428,False,0.0
UNBO602428,BOSTIK SL-175 SELF-LEVELING,2025-01-26,2026-01-26,1.0,4151.0,345.9166666666667,691.8333333333334,1037.75,257.0,24.0,233.0,0.6735726331004577,False,0.0
UNBO602428,BOSTIK SL-175 SELF-LEVELING,2025-01-26,2026-01-26,3.0,1794.0,149.5,299.0,448.5,176.0,0.0,176.0,1.1772575250836121,False,0.0
UNBO602428,BOSTIK SL-175 SELF-LEVELING,2025-01-26,2026-01-26,4.0,664.0,55.333333333333336,110.66666666666667,166.0,62.0,0.0,62.0,1.1204819277108433,False,0.0
UNBO602428,BOSTIK SL-175 SELF-LEVELING,2025-01-26,2026-01-26,5.0,4804.0,400.3333333333333,800.6666666666666,1201.0,627.0,58.0,569.0,1.4213155703580351,False,0.0
UNBO602428,BOSTIK SL-175 SELF-LEVELING,2025-01-26,2026-01-26,6.0,1309.0,109.08333333333333,218.16666666666666,327.25,100.0,0.0,100.0,0.9167303284950344,False,0.0
UNBO602428,BOSTIK SL-175 SELF-LEVELING,2025-01-26,2026-01-26,8.0,291.0,24.25,48.5,72.75,124.0,10.0,114.0,4.701030927835052,False,0.0
UNBO602428,BOSTIK SL-175 SELF-LEVELING,2025-01-26,2026-01-26,9.0,1140.0,95.0,190.0,285.0,224.0,63.0,161.0,1.694736842105263,False,0.0
UNBO618682,BOSTIK SL-GYP SELF-LEVELING,2025-01-26,2026-01-26,1.0,0.0,0.0,0.0,0.0,248.0,0.0,248.0,inf,False,0.0
UNBO618682,BOSTIK SL-GYP SELF-LEVELING,2025-01-26,2026-01-26,3.0,1.0,0.08333333333333333,0.16666666666666666,0.25,31.0,0.0,31.0,372.0,False,0.0
UNBO618682,BOSTIK SL-GYP SELF-LEVELING,2025-01-26,2026-01-26,5.0,89.0,7.416666666666667,14.833333333333334,22.25,71.0,0.0,71.0,9.573033707865168,False,0.0
UNBO618682,BOSTIK SL-GYP SELF-LEVELING,2025-01-26,2026-01-26,9.0,0.0,0.0,0.0,0.0,0.0,0.0,0.0,inf,False,0.0
UNBOD00130,BOSTIK ULTRAFINISH PRO,2025-01-26,2026-01-26,1.0,2.0,0.16666666666666666,0.3333333333333333,0.5,28.0,0.0,28.0,168.0,False,0.0
UNBOD00130,BOSTIK ULTRAFINISH PRO,2025-01-26,2026-01-26,3.0,0.0,0.0,0.0,0.0,11.0,0.0,11.0,inf,False,0.0
UNBOD00130,BOSTIK ULTRAFINISH PRO,2025-01-26,2026-01-26,4.0,0.0,0.0,0.0,0.0,7.0,0.0,7.0,inf,False,0.0
UNBOD00130,BOSTIK ULTRAFINISH PRO,2025-01-26,2026-01-26,5.0,22.0,1.8333333333333333,3.6666666666666665,5.5,13.0,0.0,13.0,7.090909090909091,False,0.0
UNBOD00130,BOSTIK ULTRAFINISH PRO,2025-01-26,2026-01-26,6.0,3.0,0.25,0.5,0.75,9.0,0.0,9.0,36.0,False,0.0
UNBOD00130,BOSTIK ULTRAFINISH PRO,2025-01-26,2026-01-26,8.0,10.0,0.8333333333333334,1.6666666666666667,2.5,11.0,0.0,11.0,13.2,False,0.0
UNBOD00130,BOSTIK ULTRAFINISH PRO,2025-01-26,2026-01-26,9.0,4.0,0.3333333333333333,0.6666666666666666,1.0,9.0,0.0,9.0,27.0,False,0.0
UNBOD63168952,BOSTIK WEBCRETE 95-25LB BAGS,2025-01-26,2026-01-26,1.0,37.0,3.0833333333333335,6.166666666666667,9.25,80.0,0.0,80.0,25.945945945945944,False,0.0
UNBOD63168952,BOSTIK WEBCRETE 95-25LB BAGS,2025-01-26,2026-01-26,3.0,39.0,3.25,6.5,9.75,8.0,0.0,8.0,2.4615384615384617,False,0.0
UNBOD63168952,BOSTIK WEBCRETE 95-25LB BAGS,2025-01-26,2026-01-26,4.0,15.0,1.25,2.5,3.75,7.0,0.0,7.0,5.6,False,0.0
UNBOD63168952,BOSTIK WEBCRETE 95-25LB BAGS,2025-01-26,2026-01-26,5.0,36.0,3.0,6.0,9.0,17.0,0.0,17.0,5.666666666666667,False,0.0
UNBOD63168952,BOSTIK WEBCRETE 95-25LB BAGS,2025-01-26,2026-01-26,6.0,22.0,1.8333333333333333,3.6666666666666665,5.5,8.0,0.0,8.0,4.363636363636364,False,0.0
UNBOD63168952,BOSTIK WEBCRETE 95-25LB BAGS,2025-01-26,2026-01-26,8.0,0.0,0.0,0.0,0.0,4.0,0.0,4.0,inf,False,0.0
UNBOD63168952,BOSTIK WEBCRETE 95-25LB BAGS,2025-01-26,2026-01-26,9.0,346.0,28.833333333333332,57.666666666666664,86.5,19.0,0.0,19.0,0.6589595375722543,True,67.5
UNCOAC12,"1/2"" ACOUSTIC CORK SHEETS 2x3",2025-01-26,2026-01-26,1.0,208008.0,17334.0,34668.0,52002.0,21618.0,1039.0,20579.0,1.187204338294681,False,0.0
UNCOAC12,"1/2"" ACOUSTIC CORK SHEETS 2x3",2025-01-26,2026-01-26,3.0,146886.0,12240.5,24481.0,36721.5,940.0,62.0,878.0,0.07172909603365876,True,1520.022967851542
UNCOAC12,"1/2"" ACOUSTIC CORK SHEETS 2x3",2025-01-26,2026-01-26,4.0,33858.0,2821.5,5643.0,8464.5,1076.0,584.0,492.0,0.1743753322700691,True,338.0915120230005
UNCOAC12,"1/2"" ACOUSTIC CORK SHEETS 2x3",2025-01-26,2026-01-26,5.0,20844.0,1737.0,3474.0,5211.0,361.0,90.0,271.0,0.1560161197466897,True,209.49163617354938
UNCOAC12,"1/2"" ACOUSTIC CORK SHEETS 2x3",2025-01-26,2026-01-26,6.0,66648.0,5554.0,11108.0,16662.0,509.0,0.0,509.0,0.0916456607850198,True,685.0037245164663
UNCOAC12,"1/2"" ACOUSTIC CORK SHEETS 2x3",2025-01-26,2026-01-26,8.0,13068.0,1089.0,2178.0,3267.0,79.0,0.0,79.0,0.07254361799816346,True,135.19419759539988
UNCOAC12,"1/2"" ACOUSTIC CORK SHEETS 2x3",2025-01-26,2026-01-26,9.0,33924.0,2827.0,5654.0,8481.0,58.0,0.0,58.0,0.020516448532012736,True,357.1959618400418
UNCOAC14,"1/4"" ACOUSTIC CORK SHEETS 2x3",2025-01-26,2026-01-26,1.0,187374.0,15614.5,31229.0,46843.5,5827.0,1570.0,4257.0,0.2726312081718915,False,0.0
UNCOAC14,"1/4"" ACOUSTIC CORK SHEETS 2x3",2025-01-26,2026-01-26,3.0,139836.0,11653.0,23306.0,34959.0,1394.0,5.0,1389.0,0.11919677336308247,False,0.0
UNCOAC14,"1/4"" ACOUSTIC CORK SHEETS 2x3",2025-01-26,2026-01-26,4.0,47574.0,3964.5,7929.0,11893.5,1118.0,0.0,1118.0,0.28200277462479506,False,0.0
UNCOAC14,"1/4"" ACOUSTIC CORK SHEETS 2x3",2025-01-26,2026-01-26,5.0,24648.0,2054.0,4108.0,6162.0,719.0,233.0,486.0,0.23661148977604674,False,0.0
UNCOAC14,"1/4"" ACOUSTIC CORK SHEETS 2x3",2025-01-26,2026-01-26,6.0,71334.0,5944.5,11889.0,17833.5,2006.0,8.0,1998.0,0.336109008327025,False,0.0
UNCOAC14,"1/4"" ACOUSTIC CORK SHEETS 2x3",2025-01-26,2026-01-26,8.0,27620.0,2301.6666666666665,4603.333333333333,6905.0,84.0,50.0,34.0,0.014771904417089067,False,0.0
UNCOAC14,"1/4"" ACOUSTIC CORK SHEETS 2x3",2025-01-26,2026-01-26,9.0,72372.0,6031.0,12062.0,18093.0,157.0,0.0,157.0,0.026032167136461615,False,0.0
UNFPGA01,GARRISON STAIR&FLOOR PROTECTOR,2025-01-26,2026-01-26,1.0,119.0,9.916666666666666,19.833333333333332,29.75,52.0,4.0,48.0,4.840336134453782,False,0.0
UNFPGA01,GARRISON STAIR&FLOOR PROTECTOR,2025-01-26,2026-01-26,3.0,85.0,7.083333333333333,14.166666666666666,21.25,12.0,0.0,12.0,1.6941176470588235,True,5.218827160493827
UNFPGA01,GARRISON STAIR&FLOOR PROTECTOR,2025-01-26,2026-01-26,4.0,6.0,0.5,1.0,1.5,10.0,0.0,10.0,20.0,False,0.0
UNFPGA01,GARRISON STAIR&FLOOR PROTECTOR,2025-01-26,2026-01-26,5.0,405.0,33.75,67.5,101.25,44.0,1.0,43.0,1.2740740740740741,True,32.864506172839505
UNFPGA01,GARRISON STAIR&FLOOR PROTECTOR,2025-01-26,2026-01-26,6.0,45.0,3.75,7.5,11.25,13.0,3.0,10.0,2.6666666666666665,False,0.0
UNFPGA01,GARRISON STAIR&FLOOR PROTECTOR,2025-01-26,2026-01-26,8.0,0.0,0.0,0.0,0.0,41.0,0.0,41.0,inf,False,0.0
UNFPGA01,GARRISON STAIR&FLOOR PROTECTOR,2025-01-26,2026-01-26,9.0,25.0,2.0833333333333335,4.166666666666667,6.25,6.0,0.0,6.0,2.88,False,0.0
UNGA002,G SOUND 2MM RUBBER UNDERLAY.,2025-01-26,2026-01-26,1.0,12300.0,1025.0,2050.0,3075.0,29.0,3.0,26.0,0.025365853658536587,False,0.0
UNGA002,G SOUND 2MM RUBBER UNDERLAY.,2025-01-26,2026-01-26,3.0,2700.0,225.0,450.0,675.0,0.0,0.0,0.0,0.0,False,0.0
UNGA002,G SOUND 2MM RUBBER UNDERLAY.,2025-01-26,2026-01-26,4.0,3600.0,300.0,600.0,900.0,0.0,0.0,0.0,0.0,False,0.0
UNGA002,G SOUND 2MM RUBBER UNDERLAY.,2025-01-26,2026-01-26,5.0,5400.0,450.0,900.0,1350.0,0.0,0.0,0.0,0.0,False,0.0
UNGA002,G SOUND 2MM RUBBER UNDERLAY.,2025-01-26,2026-01-26,6.0,9300.0,775.0,1550.0,2325.0,7.0,0.0,7.0,0.00903225806451613,False,0.0
UNGA002,G SOUND 2MM RUBBER UNDERLAY.,2025-01-26,2026-01-26,8.0,0.0,0.0,0.0,0.0,0.0,0.0,0.0,inf,False,0.0
UNGA002,G SOUND 2MM RUBBER UNDERLAY.,2025-01-26,2026-01-26,9.0,600.0,50.0,100.0,150.0,0.0,0.0,0.0,0.0,False,0.0
UNGA005,G SOUND 5MM RUBBER UNDERLAY.,2025-01-26,2026-01-26,1.0,39840.0,3320.0,6640.0,9960.0,80.0,31.0,49.0,0.014759036144578313,False,0.0
UNGA005,G SOUND 5MM RUBBER UNDERLAY.,2025-01-26,2026-01-26,3.0,36360.0,3030.0,6060.0,9090.0,55.0,0.0,55.0,0.018151815181518153,False,0.0
UNGA005,G SOUND 5MM RUBBER UNDERLAY.,2025-01-26,2026-01-26,4.0,8880.0,740.0,1480.0,2220.0,0.0,0.0,0.0,0.0,False,0.0
UNGA005,G SOUND 5MM RUBBER UNDERLAY.,2025-01-26,2026-01-26,5.0,10800.0,900.0,1800.0,2700.0,6.0,0.0,6.0,0.006666666666666667,False,0.0
UNGA005,G SOUND 5MM RUBBER UNDERLAY.,2025-01-26,2026-01-26,6.0,23160.0,1930.0,3860.0,5790.0,11.0,0.0,11.0,0.005699481865284974,False,0.0
UNGA005,G SOUND 5MM RUBBER UNDERLAY.,2025-01-26,2026-01-26,8.0,2520.0,210.0,420.0,630.0,13.0,6.0,7.0,0.03333333333333333,False,0.0
UNGA005,G SOUND 5MM RUBBER UNDERLAY.,2025-01-26,2026-01-26,9.0,28200.0,2350.0,4700.0,7050.0,56.0,5.0,51.0,0.02170212765957447,False,0.0
UNGA010,G SOUND 10MM RUBBER UNDERLAY.,2025-01-26,2026-01-26,1.0,35040.0,2920.0,5840.0,8760.0,54.0,47.0,7.0,0.002397260273972603,False,0.0
UNGA010,G SOUND 10MM RUBBER UNDERLAY.,2025-01-26,2026-01-26,3.0,19260.0,1605.0,3210.0,4815.0,22.0,0.0,22.0,0.013707165109034268,False,0.0
UNGA010,G SOUND 10MM RUBBER UNDERLAY.,2025-01-26,2026-01-26,4.0,6960.0,580.0,1160.0,1740.0,0.0,0.0,0.0,0.0,False,0.0
UNGA010,G SOUND 10MM RUBBER UNDERLAY.,2025-01-26,2026-01-26,5.0,7860.0,655.0,1310.0,1965.0,0.0,0.0,0.0,0.0,False,0.0
UNGA010,G SOUND 10MM RUBBER UNDERLAY.,2025-01-26,2026-01-26,6.0,11940.0,995.0,1990.0,2985.0,21.0,0.0,21.0,0.021105527638190954,False,0.0
UNGA010,G SOUND 10MM RUBBER UNDERLAY.,2025-01-26,2026-01-26,8.0,0.0,0.0,0.0,0.0,16.0,13.0,3.0,inf,False,0.0
UNGA010,G SOUND 10MM RUBBER UNDERLAY.,2025-01-26,2026-01-26,9.0,12780.0,1065.0,2130.0,3195.0,38.0,0.0,38.0,0.03568075117370892,False,0.0
UNGA012,G SOUND 12MM RUBBER UNDERLAY.,2025-01-26,2026-01-26,1.0,29160.0,2430.0,4860.0,7290.0,53.0,38.0,15.0,0.006172839506172839,False,0.0
UNGA012,G SOUND 12MM RUBBER UNDERLAY.,2025-01-26,2026-01-26,3.0,9600.0,800.0,1600.0,2400.0,16.0,0.0,16.0,0.02,False,0.0
UNGA012,G SOUND 12MM RUBBER UNDERLAY.,2025-01-26,2026-01-26,4.0,11640.0,970.0,1940.0,2910.0,1.0,0.0,1.0,0.0010309278350515464,False,0.0
UNGA012,G SOUND 12MM RUBBER UNDERLAY.,2025-01-26,2026-01-26,5.0,2340.0,195.0,390.0,585.0,2.0,0.0,2.0,0.010256410256410256,False,0.0
UNGA012,G SOUND 12MM RUBBER UNDERLAY.,2025-01-26,2026-01-26,6.0,1920.0,160.0,320.0,480.0,0.0,0.0,0.0,0.0,False,0.0
UNGA012,G SOUND 12MM RUBBER UNDERLAY.,2025-01-26,2026-01-26,8.0,12420.0,1035.0,2070.0,3105.0,0.0,0.0,0.0,0.0,False,0.0
UNGA012,G SOUND 12MM RUBBER UNDERLAY.,2025-01-26,2026-01-26,9.0,5520.0,460.0,920.0,1380.0,4.0,0.0,4.0,0.008695652173913044,False,0.0
UNLO14,1/4 LAUAN (5.2),2025-01-26,2026-01-26,1.0,583.0,48.583333333333336,97.16666666666667,145.75,188.0,84.0,104.0,2.1406518010291595,False,0.0
UNLO14,1/4 LAUAN (5.2),2025-01-26,2026-01-26,3.0,768.0,64.0,128.0,192.0,364.0,11.0,353.0,5.515625,False,0.0
UNLO14,1/4 LAUAN (5.2),2025-01-26,2026-01-26,4.0,216.0,18.0,36.0,54.0,30.0,0.0,30.0,1.6666666666666667,True,7.228260869565217
UNLO14,1/4 LAUAN (5.2),2025-01-26,2026-01-26,5.0,11.0,0.9166666666666666,1.8333333333333333,2.75,11.0,0.0,11.0,12.0,False,0.0
UNLO14,1/4 LAUAN (5.2),2025-01-26,2026-01-26,6.0,614.0,51.166666666666664,102.33333333333333,153.5,31.0,12.0,19.0,0.3713355048859935,True,40.508378623188406
UNLO14,1/4 LAUAN (5.2),2025-01-26,2026-01-26,8.0,32.0,2.6666666666666665,5.333333333333333,8.0,19.0,13.0,6.0,2.25,False,0.0
UNLO14,1/4 LAUAN (5.2),2025-01-26,2026-01-26,9.0,150.0,12.5,25.0,37.5,23.0,11.0,12.0,0.96,True,7.680027173913043
UNLO18,1/8 LAUAN (2.7),2025-01-26,2026-01-26,1.0,626.0,52.166666666666664,104.33333333333333,156.5,414.0,43.0,371.0,7.1118210862619815,False,0.0
UNLO18,1/8 LAUAN (2.7),2025-01-26,2026-01-26,3.0,1058.0,88.16666666666667,176.33333333333334,264.5,446.0,0.0,446.0,5.0586011342155,False,0.0
UNLO18,1/8 LAUAN (2.7),2025-01-26,2026-01-26,4.0,350.0,29.166666666666668,58.333333333333336,87.5,79.0,4.0,75.0,2.571428571428571,False,0.0
UNLO18,1/8 LAUAN (2.7),2025-01-26,2026-01-26,5.0,8.0,0.6666666666666666,1.3333333333333333,2.0,18.0,0.0,18.0,27.0,False,0.0
UNLO18,1/8 LAUAN (2.7),2025-01-26,2026-01-26,6.0,671.0,55.916666666666664,111.83333333333333,167.75,69.0,1.0,68.0,1.2160953800298062,True,99.75
UNLO18,1/8 LAUAN (2.7),2025-01-26,2026-01-26,8.0,47.0,3.9166666666666665,7.833333333333333,11.75,34.0,14.0,20.0,5.1063829787234045,False,0.0
UNLO18,1/8 LAUAN (2.7),2025-01-26,2026-01-26,9.0,66.0,5.5,11.0,16.5,39.0,0.0,39.0,7.090909090909091,False,0.0
UNM800100,GARRISON FLOOR PROTECTOR,2025-01-26,2026-01-26,1.0,363.0,30.25,60.5,90.75,53.0,33.0,20.0,0.6611570247933884,False,0.0
UNM800100,GARRISON FLOOR PROTECTOR,2025-01-26,2026-01-26,3.0,571.0,47.583333333333336,95.16666666666667,142.75,30.0,2.0,28.0,0.5884413309982487,False,0.0
UNM800100,GARRISON FLOOR PROTECTOR,2025-01-26,2026-01-26,4.0,177.0,14.75,29.5,44.25,44.0,12.0,32.0,2.169491525423729,False,0.0
UNM800100,GARRISON FLOOR PROTECTOR,2025-01-26,2026-01-26,5.0,148.0,12.333333333333334,24.666666666666668,37.0,65.0,1.0,64.0,5.189189189189189,False,0.0
UNM800100,GARRISON FLOOR PROTECTOR,2025-01-26,2026-01-26,6.0,242.0,20.166666666666668,40.333333333333336,60.5,70.0,3.0,67.0,3.3223140495867765,False,0.0
UNM800100,GARRISON FLOOR PROTECTOR,2025-01-26,2026-01-26,8.0,35.0,2.9166666666666665,5.833333333333333,8.75,22.0,0.0,22.0,7.542857142857144,False,0.0
UNM800100,GARRISON FLOOR PROTECTOR,2025-01-26,2026-01-26,9.0,170.0,14.166666666666666,28.333333333333332,42.5,47.0,7.0,40.0,2.823529411764706,False,0.0
UNPW12,1/2 PLYWOOD (15/32),2025-01-26,2026-01-26,1.0,1647.0,137.25,274.5,411.75,269.0,166.0,103.0,0.7504553734061931,False,0.0
UNPW12,1/2 PLYWOOD (15/32),2025-01-26,2026-01-26,3.0,1204.0,100.33333333333333,200.66666666666666,301.0,139.0,10.0,129.0,1.2857142857142858,False,0.0
UNPW12,1/2 PLYWOOD (15/32),2025-01-26,2026-01-26,4.0,699.0,58.25,116.5,174.75,42.0,4.0,38.0,0.6523605150214592,False,0.0
UNPW12,1/2 PLYWOOD (15/32),2025-01-26,2026-01-26,5.0,277.0,23.083333333333332,46.166666666666664,69.25,36.0,4.0,32.0,1.3862815884476536,False,0.0
UNPW12,1/2 PLYWOOD (15/32),2025-01-26,2026-01-26,6.0,1109.0,92.41666666666667,184.83333333333334,277.25,84.0,11.0,73.0,0.7899008115419296,False,0.0
UNPW12,1/2 PLYWOOD (15/32),2025-01-26,2026-01-26,8.0,201.0,16.75,33.5,50.25,103.0,0.0,103.0,6.149253731343284,False,0.0
UNPW12,1/2 PLYWOOD (15/32),2025-01-26,2026-01-26,9.0,399.0,33.25,66.5,99.75,57.0,0.0,57.0,1.7142857142857142,False,0.0
UNPW34,3/4 CDX PLYWOOD (23/32),2025-01-26,2026-01-26,1.0,2104.0,175.33333333333334,350.6666666666667,526.0,578.0,363.0,215.0,1.2262357414448668,False,0.0
UNPW34,3/4 CDX PLYWOOD (23/32),2025-01-26,2026-01-26,3.0,1971.0,164.25,328.5,492.75,188.0,33.0,155.0,0.943683409436834,True,23.401601164483253
UNPW34,3/4 CDX PLYWOOD (23/32),2025-01-26,2026-01-26,4.0,439.0,36.583333333333336,73.16666666666667,109.75,38.0,4.0,34.0,0.929384965831435,True,5.248471615720523
UNPW34,3/4 CDX PLYWOOD (23/32),2025-01-26,2026-01-26,5.0,217.0,18.083333333333332,36.166666666666664,54.25,34.0,0.0,34.0,1.880184331797235,True,1.4030567685589517
UNPW34,3/4 CDX PLYWOOD (23/32),2025-01-26,2026-01-26,6.0,1127.0,93.91666666666667,187.83333333333334,281.75,153.0,10.0,143.0,1.5226264418811002,True,9.613537117903928
UNPW34,3/4 CDX PLYWOOD (23/32),2025-01-26,2026-01-26,8.0,225.0,18.75,37.5,56.25,89.0,51.0,38.0,2.026666666666667,False,0.0
UNPW34,3/4 CDX PLYWOOD (23/32),2025-01-26,2026-01-26,9.0,304.0,25.333333333333332,50.666666666666664,76.0,66.0,0.0,66.0,2.605263157894737,False,0.0
UNPW38,3/8 PLYWOOD,2025-01-26,2026-01-26,1.0,357.0,29.75,59.5,89.25,106.0,14.0,92.0,3.092436974789916,False,0.0
UNPW38,3/8 PLYWOOD,2025-01-26,2026-01-26,3.0,274.0,22.833333333333332,45.666666666666664,68.5,67.0,0.0,67.0,2.934306569343066,False,0.0
UNPW38,3/8 PLYWOOD,2025-01-26,2026-01-26,4.0,138.0,11.5,23.0,34.5,20.0,0.0,20.0,1.7391304347826086,True,13.624528301886793
UNPW38,3/8 PLYWOOD,2025-01-26,2026-01-26,5.0,163.0,13.583333333333334,27.166666666666668,40.75,21.0,0.0,21.0,1.5460122699386503,True,18.557547169811322
UNPW38,3/8 PLYWOOD,2025-01-26,2026-01-26,6.0,352.0,29.333333333333332,58.666666666666664,88.0,56.0,0.0,56.0,1.9090909090909092,True,30.067924528301887
UNPW38,3/8 PLYWOOD,2025-01-26,2026-01-26,8.0,58.0,4.833333333333333,9.666666666666666,14.5,42.0,3.0,39.0,8.068965517241379,False,0.0
UNPW38,3/8 PLYWOOD,2025-01-26,2026-01-26,9.0,84.0,7.0,14.0,21.0,50.0,0.0,50.0,7.142857142857143,False,0.0
UNPW58,5/8 PLYWOOD (19/32),2025-01-26,2026-01-26,1.0,515.0,42.916666666666664,85.83333333333333,128.75,127.0,0.0,127.0,2.959223300970874,False,0.0
UNPW58,5/8 PLYWOOD (19/32),2025-01-26,2026-01-26,3.0,633.0,52.75,105.5,158.25,71.0,0.0,71.0,1.3459715639810426,True,42.83953771289538
UNPW58,5/8 PLYWOOD (19/32),2025-01-26,2026-01-26,4.0,111.0,9.25,18.5,27.75,84.0,26.0,58.0,6.27027027027027,False,0.0
UNPW58,5/8 PLYWOOD (19/32),2025-01-26,2026-01-26,5.0,10.0,0.8333333333333334,1.6666666666666667,2.5,6.0,0.0,6.0,7.199999999999999,False,0.0
UNPW58,5/8 PLYWOOD (19/32),2025-01-26,2026-01-26,6.0,395.0,32.916666666666664,65.83333333333333,98.75,44.0,3.0,41.0,1.2455696202531648,True,28.355109489051095
UNPW58,5/8 PLYWOOD (19/32),2025-01-26,2026-01-26,8.0,145.0,12.083333333333334,24.166666666666668,36.25,23.0,13.0,10.0,0.8275862068965517,True,12.888686131386862
UNPW58,5/8 PLYWOOD (19/32),2025-01-26,2026-01-26,9.0,94.0,7.833333333333333,15.666666666666666,23.5,82.0,10.0,72.0,9.191489361702128,False,0.0
UNSI515280,SIKA LEVEL 325 SELF-LEVELING,2025-01-26,2026-01-26,1.0,800.0,66.66666666666667,133.33333333333334,200.0,278.0,96.0,182.0,2.73,False,0.0
UNSI515280,SIKA LEVEL 325 SELF-LEVELING,2025-01-26,2026-01-26,3.0,356.0,29.666666666666668,59.333333333333336,89.0,7.0,0.0,7.0,0.23595505617977527,True,66.25102159953298
UNSI515280,SIKA LEVEL 325 SELF-LEVELING,2025-01-26,2026-01-26,4.0,48.0,4.0,8.0,12.0,0.0,0.0,0.0,0.0,True,9.695271453590191
UNSI515280,SIKA LEVEL 325 SELF-LEVELING,2025-01-26,2026-01-26,5.0,231.0,19.25,38.5,57.75,21.0,0.0,21.0,1.0909090909090908,True,29.691768826619963
UNSI515280,SIKA LEVEL 325 SELF-LEVELING,2025-01-26,2026-01-26,6.0,0.0,0.0,0.0,0.0,2.0,0.0,2.0,inf,False,0.0
UNSI515280,SIKA LEVEL 325 SELF-LEVELING,2025-01-26,2026-01-26,8.0,84.0,7.0,14.0,21.0,9.0,0.0,9.0,1.2857142857142858,True,9.695271453590191
UNSI515280,SIKA LEVEL 325 SELF-LEVELING,2025-01-26,2026-01-26,9.0,372.0,31.0,62.0,93.0,71.0,0.0,71.0,2.2903225806451615,False,0.0
UNSI532621,SIKA LEVEL 225 SELF-LEVELING,2025-01-26,2026-01-26,1.0,2226.0,185.5,371.0,556.5,758.0,174.0,584.0,3.1482479784366575,False,0.0
UNSI532621,SIKA LEVEL 225 SELF-LEVELING,2025-01-26,2026-01-26,3.0,2754.0,229.5,459.0,688.5,114.0,0.0,114.0,0.49673202614379086,True,158.90213430504946
UNSI532621,SIKA LEVEL 225 SELF-LEVELING,2025-01-26,2026-01-26,4.0,1443.0,120.25,240.5,360.75,204.0,0.0,204.0,1.6964656964656966,True,43.3558042686101
UNSI532621,SIKA LEVEL 225 SELF-LEVELING,2025-01-26,2026-01-26,5.0,1136.0,94.66666666666667,189.33333333333334,284.0,106.0,4.0,102.0,1.0774647887323943,True,50.33975360055527
UNSI532621,SIKA LEVEL 225 SELF-LEVELING,2025-01-26,2026-01-26,6.0,1824.0,152.0,304.0,456.0,99.0,0.0,99.0,0.6513157894736842,True,98.74336283185842
UNSI532621,SIKA LEVEL 225 SELF-LEVELING,2025-01-26,2026-01-26,8.0,575.0,47.916666666666664,95.83333333333333,143.75,95.0,0.0,95.0,1.982608695652174,True,13.483862571577305
UNSI532621,SIKA LEVEL 225 SELF-LEVELING,2025-01-26,2026-01-26,9.0,1111.0,92.58333333333333,185.16666666666666,277.75,157.0,1.0,156.0,1.684968496849685,True,33.675082422349476
UNSI582499,SIKA LEVEL SKIM COAT (10LB),2025-01-26,2026-01-26,1.0,1.0,0.08333333333333333,0.16666666666666666,0.25,37.0,9.0,28.0,336.0,False,0.0
UNSI582499,SIKA LEVEL SKIM COAT (10LB),2025-01-26,2026-01-26,3.0,14.0,1.1666666666666667,2.3333333333333335,3.5,4.0,0.0,4.0,3.4285714285714284,False,0.0
UNSI582499,SIKA LEVEL SKIM COAT (10LB),2025-01-26,2026-01-26,4.0,4.0,0.3333333333333333,0.6666666666666666,1.0,6.0,0.0,6.0,18.0,False,0.0
UNSI582499,SIKA LEVEL SKIM COAT (10LB),2025-01-26,2026-01-26,5.0,15.0,1.25,2.5,3.75,1.0,0.0,1.0,0.8,True,2.75
UNSI582499,SIKA LEVEL SKIM COAT (10LB),2025-01-26,2026-01-26,6.0,3.0,0.25,0.5,0.75,6.0,0.0,6.0,24.0,False,0.0
UNSI582499,SIKA LEVEL SKIM COAT (10LB),2025-01-26,2026-01-26,8.0,0.0,0.0,0.0,0.0,6.0,0.0,6.0,inf,False,0.0
UNSI582499,SIKA LEVEL SKIM COAT (10LB),2025-01-26,2026-01-26,9.0,3.0,0.25,0.5,0.75,8.0,0.0,8.0,32.0,False,0.0
UNSI649187,SIKA LEVEL 025 PATCH,2025-01-26,2026-01-26,1.0,14.0,1.1666666666666667,2.3333333333333335,3.5,37.0,1.0,36.0,30.857142857142854,False,0.0
UNSI649187,SIKA LEVEL 025 PATCH,2025-01-26,2026-01-26,3.0,14.0,1.1666666666666667,2.3333333333333335,3.5,29.0,0.0,29.0,24.857142857142854,False,0.0
UNSI649187,SIKA LEVEL 025 PATCH,2025-01-26,2026-01-26,4.0,8.0,0.6666666666666666,1.3333333333333333,2.0,14.0,0.0,14.0,21.0,False,0.0
UNSI649187,SIKA LEVEL 025 PATCH,2025-01-26,2026-01-26,5.0,11.0,0.9166666666666666,1.8333333333333333,2.75,9.0,0.0,9.0,9.818181818181818,False,0.0
UNSI649187,SIKA LEVEL 025 PATCH,2025-01-26,2026-01-26,6.0,10.0,0.8333333333333334,1.6666666666666667,2.5,5.0,0.0,5.0,6.0,False,0.0
UNSI649187,SIKA LEVEL 025 PATCH,2025-01-26,2026-01-26,8.0,2.0,0.16666666666666666,0.3333333333333333,0.5,9.0,0.0,9.0,54.0,False,0.0
UNSI649187,SIKA LEVEL 025 PATCH,2025-01-26,2026-01-26,9.0,126.0,10.5,21.0,31.5,28.0,1.0,27.0,2.5714285714285716,False,0.0
UNWHITE3,LAMINATE WHITE FOAM W/FOIL 3MM,2025-01-26,2026-01-26,1.0,204.0,17.0,34.0,51.0,5.0,2.0,3.0,0.17647058823529413,False,0.0
UNWHITE3,LAMINATE WHITE FOAM W/FOIL 3MM,2025-01-26,2026-01-26,3.0,10.0,0.8333333333333334,1.6666666666666667,2.5,0.0,0.0,0.0,0.0,False,0.0
UNWHITE3,LAMINATE WHITE FOAM W/FOIL 3MM,2025-01-26,2026-01-26,4.0,7.0,0.5833333333333334,1.1666666666666667,1.75,5.0,0.0,5.0,8.571428571428571,False,0.0
UNWHITE3,LAMINATE WHITE FOAM W/FOIL 3MM,2025-01-26,2026-01-26,5.0,56.0,4.666666666666667,9.333333333333334,14.0,23.0,9.0,14.0,3.0,False,0.0
UNWHITE3,LAMINATE WHITE FOAM W/FOIL 3MM,2025-01-26,2026-01-26,6.0,108.0,9.0,18.0,27.0,7.0,0.0,7.0,0.7777777777777778,False,0.0
UNWHITE3,LAMINATE WHITE FOAM W/FOIL 3MM,2025-01-26,2026-01-26,8.0,31.0,2.5833333333333335,5.166666666666667,7.75,23.0,0.0,23.0,8.903225806451612,False,0.0
UNWHITE3,LAMINATE WHITE FOAM W/FOIL 3MM,2025-01-26,2026-01-26,9.0,0.0,0.0,0.0,0.0,1.0,0.0,1.0,inf,False,0.0
WB14WB,"14"" WOOD BLOCK",2025-01-26,2026-01-26,1.0,7.0,0.5833333333333334,1.1666666666666667,1.75,10.0,0.0,10.0,17.142857142857142,False,0.0
WB14WB,"14"" WOOD BLOCK",2025-01-26,2026-01-26,3.0,1.0,0.08333333333333333,0.16666666666666666,0.25,4.0,0.0,4.0,48.0,False,0.0
WB14WB,"14"" WOOD BLOCK",2025-01-26,2026-01-26,4.0,3.0,0.25,0.5,0.75,4.0,0.0,4.0,16.0,False,0.0
WB14WB,"14"" WOOD BLOCK",2025-01-26,2026-01-26,5.0,2.0,0.16666666666666666,0.3333333333333333,0.5,4.0,0.0,4.0,24.0,False,0.0
WB14WB,"14"" WOOD BLOCK",2025-01-26,2026-01-26,6.0,2.0,0.16666666666666666,0.3333333333333333,0.5,4.0,0.0,4.0,24.0,False,0.0
WB14WB,"14"" WOOD BLOCK",2025-01-26,2026-01-26,8.0,2.0,0.16666666666666666,0.3333333333333333,0.5,5.0,0.0,5.0,30.0,False,0.0
WB14WB,"14"" WOOD BLOCK",2025-01-26,2026-01-26,9.0,0.0,0.0,0.0,0.0,1.0,0.0,1.0,inf,False,0.0
WB18WB,"18"" WOOD BLOCK",2025-01-26,2026-01-26,1.0,7.0,0.5833333333333334,1.1666666666666667,1.75,11.0,0.0,11.0,18.857142857142858,False,0.0
WB18WB,"18"" WOOD BLOCK",2025-01-26,2026-01-26,3.0,3.0,0.25,0.5,0.75,2.0,0.0,2.0,8.0,False,0.0
WB18WB,"18"" WOOD BLOCK",2025-01-26,2026-01-26,4.0,0.0,0.0,0.0,0.0,2.0,0.0,2.0,inf,False,0.0
WB18WB,"18"" WOOD BLOCK",2025-01-26,2026-01-26,5.0,4.0,0.3333333333333333,0.6666666666666666,1.0,3.0,0.0,3.0,9.0,False,0.0
WB18WB,"18"" WOOD BLOCK",2025-01-26,2026-01-26,6.0,5.0,0.4166666666666667,0.8333333333333334,1.25,4.0,0.0,4.0,9.6,False,0.0
WB18WB,"18"" WOOD BLOCK",2025-01-26,2026-01-26,8.0,0.0,0.0,0.0,0.0,2.0,0.0,2.0,inf,False,0.0
WB18WB,"18"" WOOD BLOCK",2025-01-26,2026-01-26,9.0,1.0,0.08333333333333333,0.16666666666666666,0.25,2.0,0.0,2.0,24.0,False,0.0
WPCA20096M,6' WOOD POLE METAL TIP,2025-01-26,2026-01-26,1.0,5.0,0.4166666666666667,0.8333333333333334,1.25,15.0,0.0,15.0,36.0,False,0.0
WPCA20096M,6' WOOD POLE METAL TIP,2025-01-26,2026-01-26,3.0,23.0,1.9166666666666667,3.8333333333333335,5.75,9.0,1.0,8.0,4.173913043478261,False,0.0
WPCA20096M,6' WOOD POLE METAL TIP,2025-01-26,2026-01-26,4.0,1.0,0.08333333333333333,0.16666666666666666,0.25,7.0,4.0,3.0,36.0,False,0.0
WPCA20096M,6' WOOD POLE METAL TIP,2025-01-26,2026-01-26,5.0,4.0,0.3333333333333333,0.6666666666666666,1.0,5.0,0.0,5.0,15.0,False,0.0
WPCA20096M,6' WOOD POLE METAL TIP,2025-01-26,2026-01-26,6.0,18.0,1.5,3.0,4.5,4.0,0.0,4.0,2.6666666666666665,False,0.0
WPCA20096M,6' WOOD POLE METAL TIP,2025-01-26,2026-01-26,8.0,0.0,0.0,0.0,0.0,6.0,0.0,6.0,inf,False,0.0
WPCA20096M,6' WOOD POLE METAL TIP,2025-01-26,2026-01-26,9.0,4.0,0.3333333333333333,0.6666666666666666,1.0,7.0,0.0,7.0,21.0,False,0.0
WPCR10AB19,COLOR RITE AB19 (10.5OZ),2025-01-26,2026-01-26,1.0,0.0,0.0,0.0,0.0,0.0,0.0,0.0,inf,False,0.0
WPCR10AB19,COLOR RITE AB19 (10.5OZ),2025-01-26,2026-01-26,3.0,0.0,0.0,0.0,0.0,3.0,0.0,3.0,inf,False,0.0
WPCR10AB19,COLOR RITE AB19 (10.5OZ),2025-01-26,2026-01-26,4.0,0.0,0.0,0.0,0.0,5.0,0.0,5.0,inf,False,0.0
WPCR10AB19,COLOR RITE AB19 (10.5OZ),2025-01-26,2026-01-26,5.0,0.0,0.0,0.0,0.0,1.0,0.0,1.0,inf,False,0.0
WPCR10AB19,COLOR RITE AB19 (10.5OZ),2025-01-26,2026-01-26,6.0,5.0,0.4166666666666667,0.8333333333333334,1.25,12.0,0.0,12.0,28.799999999999997,False,0.0
WPCR10AB19,COLOR RITE AB19 (10.5OZ),2025-01-26,2026-01-26,8.0,0.0,0.0,0.0,0.0,11.0,0.0,11.0,inf,False,0.0
WPCR10AB19,COLOR RITE AB19 (10.5OZ),2025-01-26,2026-01-26,9.0,0.0,0.0,0.0,0.0,1.0,0.0,1.0,inf,False,0.0
WPCR10BA17,COLOR RITE BA17 (10.5OZ),2025-01-26,2026-01-26,1.0,0.0,0.0,0.0,0.0,0.0,0.0,0.0,inf,False,0.0
WPCR10BA17,COLOR RITE BA17 (10.5OZ),2025-01-26,2026-01-26,3.0,0.0,0.0,0.0,0.0,3.0,0.0,3.0,inf,False,0.0
WPCR10BA17,COLOR RITE BA17 (10.5OZ),2025-01-26,2026-01-26,4.0,1.0,0.08333333333333333,0.16666666666666666,0.25,4.0,4.0,0.0,0.0,False,0.0
WPCR10BA17,COLOR RITE BA17 (10.5OZ),2025-01-26,2026-01-26,5.0,0.0,0.0,0.0,0.0,0.0,0.0,0.0,inf,False,0.0
WPCR10BA17,COLOR RITE BA17 (10.5OZ),2025-01-26,2026-01-26,6.0,15.0,1.25,2.5,3.75,3.0,0.0,3.0,2.4,False,0.0
WPCR10BA17,COLOR RITE BA17 (10.5OZ),2025-01-26,2026-01-26,8.0,0.0,0.0,0.0,0.0,6.0,0.0,6.0,inf,False,0.0
WPCR10BA17,COLOR RITE BA17 (10.5OZ),2025-01-26,2026-01-26,9.0,0.0,0.0,0.0,0.0,1.0,1.0,0.0,inf,False,0.0
WPCR10BB15,COLOR RITE BB15 (10.5OZ),2025-01-26,2026-01-26,1.0,1.0,0.08333333333333333,0.16666666666666666,0.25,2.0,0.0,2.0,24.0,False,0.0
WPCR10BB15,COLOR RITE BB15 (10.5OZ),2025-01-26,2026-01-26,3.0,0.0,0.0,0.0,0.0,6.0,0.0,6.0,inf,False,0.0
WPCR10BB15,COLOR RITE BB15 (10.5OZ),2025-01-26,2026-01-26,4.0,0.0,0.0,0.0,0.0,12.0,12.0,0.0,inf,False,0.0
WPCR10BB15,COLOR RITE BB15 (10.5OZ),2025-01-26,2026-01-26,5.0,0.0,0.0,0.0,0.0,5.0,0.0,5.0,inf,False,0.0
WPCR10BB15,COLOR RITE BB15 (10.5OZ),2025-01-26,2026-01-26,6.0,6.0,0.5,1.0,1.5,3.0,0.0,3.0,6.0,False,0.0
WPCR10BB15,COLOR RITE BB15 (10.5OZ),2025-01-26,2026-01-26,8.0,0.0,0.0,0.0,0.0,6.0,0.0,6.0,inf,False,0.0
WPCR10BB15,COLOR RITE BB15 (10.5OZ),2025-01-26,2026-01-26,9.0,0.0,0.0,0.0,0.0,2.0,0.0,2.0,inf,False,0.0
WPCRAB02,COLOR RITE AB02 (5.5OZ),2025-01-26,2026-01-26,1.0,17.0,1.4166666666666667,2.8333333333333335,4.25,24.0,0.0,24.0,16.941176470588236,False,0.0
WPCRAB02,COLOR RITE AB02 (5.5OZ),2025-01-26,2026-01-26,3.0,14.0,1.1666666666666667,2.3333333333333335,3.5,4.0,0.0,4.0,3.4285714285714284,False,0.0
WPCRAB02,COLOR RITE AB02 (5.5OZ),2025-01-26,2026-01-26,4.0,0.0,0.0,0.0,0.0,5.0,0.0,5.0,inf,False,0.0
WPCRAB02,COLOR RITE AB02 (5.5OZ),2025-01-26,2026-01-26,5.0,10.0,0.8333333333333334,1.6666666666666667,2.5,4.0,0.0,4.0,4.8,False,0.0
WPCRAB02,COLOR RITE AB02 (5.5OZ),2025-01-26,2026-01-26,6.0,20.0,1.6666666666666667,3.3333333333333335,5.0,6.0,0.0,6.0,3.5999999999999996,False,0.0
WPCRAB02,COLOR RITE AB02 (5.5OZ),2025-01-26,2026-01-26,8.0,6.0,0.5,1.0,1.5,7.0,0.0,7.0,14.0,False,0.0
WPCRAB02,COLOR RITE AB02 (5.5OZ),2025-01-26,2026-01-26,9.0,13.0,1.0833333333333333,2.1666666666666665,3.25,1.0,0.0,1.0,0.9230769230769231,True,2.25
WPCRAB09,COLOR RITE AB09 (5.5OZ),2025-01-26,2026-01-26,1.0,12.0,1.0,2.0,3.0,6.0,0.0,6.0,6.0,False,0.0
WPCRAB09,COLOR RITE AB09 (5.5OZ),2025-01-26,2026-01-26,3.0,12.0,1.0,2.0,3.0,4.0,0.0,4.0,4.0,False,0.0
WPCRAB09,COLOR RITE AB09 (5.5OZ),2025-01-26,2026-01-26,4.0,10.0,0.8333333333333334,1.6666666666666667,2.5,5.0,0.0,5.0,6.0,False,0.0
WPCRAB09,COLOR RITE AB09 (5.5OZ),2025-01-26,2026-01-26,5.0,6.0,0.5,1.0,1.5,7.0,0.0,7.0,14.0,False,0.0
WPCRAB09,COLOR RITE AB09 (5.5OZ),2025-01-26,2026-01-26,6.0,16.0,1.3333333333333333,2.6666666666666665,4.0,8.0,0.0,8.0,6.0,False,0.0
WPCRAB09,COLOR RITE AB09 (5.5OZ),2025-01-26,2026-01-26,8.0,2.0,0.16666666666666666,0.3333333333333333,0.5,6.0,0.0,6.0,36.0,False,0.0
WPCRAB09,COLOR RITE AB09 (5.5OZ),2025-01-26,2026-01-26,9.0,12.0,1.0,2.0,3.0,5.0,0.0,5.0,5.0,False,0.0
WPCRAB10,COLOR RITE AB10 (5.5OZ),2025-01-26,2026-01-26,1.0,26.0,2.1666666666666665,4.333333333333333,6.5,16.0,0.0,16.0,7.384615384615385,False,0.0
WPCRAB10,COLOR RITE AB10 (5.5OZ),2025-01-26,2026-01-26,3.0,31.0,2.5833333333333335,5.166666666666667,7.75,7.0,0.0,7.0,2.7096774193548385,False,0.0
WPCRAB10,COLOR RITE AB10 (5.5OZ),2025-01-26,2026-01-26,4.0,10.0,0.8333333333333334,1.6666666666666667,2.5,4.0,0.0,4.0,4.8,False,0.0
WPCRAB10,COLOR RITE AB10 (5.5OZ),2025-01-26,2026-01-26,5.0,11.0,0.9166666666666666,1.8333333333333333,2.75,3.0,0.0,3.0,3.272727272727273,False,0.0
WPCRAB10,COLOR RITE AB10 (5.5OZ),2025-01-26,2026-01-26,6.0,34.0,2.8333333333333335,5.666666666666667,8.5,6.0,0.0,6.0,2.1176470588235294,False,0.0
WPCRAB10,COLOR RITE AB10 (5.5OZ),2025-01-26,2026-01-26,8.0,5.0,0.4166666666666667,0.8333333333333334,1.25,6.0,0.0,6.0,14.399999999999999,False,0.0
WPCRAB10,COLOR RITE AB10 (5.5OZ),2025-01-26,2026-01-26,9.0,15.0,1.25,2.5,3.75,3.0,0.0,3.0,2.4,False,0.0
WPCRAB19,COLOR RITE AB19 (5.5OZ),2025-01-26,2026-01-26,1.0,69.0,5.75,11.5,17.25,36.0,0.0,36.0,6.260869565217392,False,0.0
WPCRAB19,COLOR RITE AB19 (5.5OZ),2025-01-26,2026-01-26,3.0,63.0,5.25,10.5,15.75,3.0,0.0,3.0,0.5714285714285714,True,12.75
WPCRAB19,COLOR RITE AB19 (5.5OZ),2025-01-26,2026-01-26,4.0,9.0,0.75,1.5,2.25,16.0,0.0,16.0,21.333333333333332,False,0.0
WPCRAB19,COLOR RITE AB19 (5.5OZ),2025-01-26,2026-01-26,5.0,27.0,2.25,4.5,6.75,1.0,0.0,1.0,0.4444444444444444,True,5.75
WPCRAB19,COLOR RITE AB19 (5.5OZ),2025-01-26,2026-01-26,6.0,59.0,4.916666666666667,9.833333333333334,14.75,11.0,0.0,11.0,2.23728813559322,False,0.0
WPCRAB19,COLOR RITE AB19 (5.5OZ),2025-01-26,2026-01-26,8.0,9.0,0.75,1.5,2.25,8.0,0.0,8.0,10.666666666666666,False,0.0
WPCRAB19,COLOR RITE AB19 (5.5OZ),2025-01-26,2026-01-26,9.0,24.0,2.0,4.0,6.0,1.0,1.0,0.0,0.0,True,6.0
WPCRAE10,COLOR RITE AE10 (5.5OZ),2025-01-26,2026-01-26,1.0,545.0,45.416666666666664,90.83333333333333,136.25,596.0,0.0,596.0,13.122935779816514,False,0.0
WPCRAE10,COLOR RITE AE10 (5.5OZ),2025-01-26,2026-01-26,3.0,239.0,19.916666666666668,39.833333333333336,59.75,48.0,1.0,47.0,2.3598326359832633,False,0.0
WPCRAE10,COLOR RITE AE10 (5.5OZ),2025-01-26,2026-01-26,4.0,74.0,6.166666666666667,12.333333333333334,18.5,27.0,0.0,27.0,4.378378378378378,False,0.0
WPCRAE10,COLOR RITE AE10 (5.5OZ),2025-01-26,2026-01-26,5.0,112.0,9.333333333333334,18.666666666666668,28.0,42.0,0.0,42.0,4.5,False,0.0
WPCRAE10,COLOR RITE AE10 (5.5OZ),2025-01-26,2026-01-26,6.0,316.0,26.333333333333332,52.666666666666664,79.0,55.0,0.0,55.0,2.088607594936709,False,0.0
WPCRAE10,COLOR RITE AE10 (5.5OZ),2025-01-26,2026-01-26,8.0,50.0,4.166666666666667,8.333333333333334,12.5,22.0,0.0,22.0,5.279999999999999,False,0.0
WPCRAE10,COLOR RITE AE10 (5.5OZ),2025-01-26,2026-01-26,9.0,234.0,19.5,39.0,58.5,52.0,0.0,52.0,2.6666666666666665,False,0.0
WPCRAE21,COLOR RITE AE21 (5.5OZ),2025-01-26,2026-01-26,1.0,19.0,1.5833333333333333,3.1666666666666665,4.75,19.0,1.0,18.0,11.368421052631579,False,0.0
WPCRAE21,COLOR RITE AE21 (5.5OZ),2025-01-26,2026-01-26,3.0,7.0,0.5833333333333334,1.1666666666666667,1.75,4.0,0.0,4.0,6.857142857142857,False,0.0
WPCRAE21,COLOR RITE AE21 (5.5OZ),2025-01-26,2026-01-26,4.0,4.0,0.3333333333333333,0.6666666666666666,1.0,4.0,0.0,4.0,12.0,False,0.0
WPCRAE21,COLOR RITE AE21 (5.5OZ),2025-01-26,2026-01-26,5.0,2.0,0.16666666666666666,0.3333333333333333,0.5,7.0,0.0,7.0,42.0,False,0.0
WPCRAE21,COLOR RITE AE21 (5.5OZ),2025-01-26,2026-01-26,6.0,11.0,0.9166666666666666,1.8333333333333333,2.75,13.0,0.0,13.0,14.181818181818182,False,0.0
WPCRAE21,COLOR RITE AE21 (5.5OZ),2025-01-26,2026-01-26,8.0,1.0,0.08333333333333333,0.16666666666666666,0.25,18.0,0.0,18.0,216.0,False,0.0
WPCRAE21,COLOR RITE AE21 (5.5OZ),2025-01-26,2026-01-26,9.0,6.0,0.5,1.0,1.5,14.0,0.0,14.0,28.0,False,0.0
WPCRBA11,COLOR RITE BA11 (5.5OZ),2025-01-26,2026-01-26,1.0,37.0,3.0833333333333335,6.166666666666667,9.25,13.0,0.0,13.0,4.216216216216216,False,0.0
WPCRBA11,COLOR RITE BA11 (5.5OZ),2025-01-26,2026-01-26,3.0,20.0,1.6666666666666667,3.3333333333333335,5.0,8.0,0.0,8.0,4.8,False,0.0
WPCRBA11,COLOR RITE BA11 (5.5OZ),2025-01-26,2026-01-26,4.0,5.0,0.4166666666666667,0.8333333333333334,1.25,3.0,0.0,3.0,7.199999999999999,False,0.0
WPCRBA11,COLOR RITE BA11 (5.5OZ),2025-01-26,2026-01-26,5.0,8.0,0.6666666666666666,1.3333333333333333,2.0,3.0,0.0,3.0,4.5,False,0.0
WPCRBA11,COLOR RITE BA11 (5.5OZ),2025-01-26,2026-01-26,6.0,19.0,1.5833333333333333,3.1666666666666665,4.75,5.0,0.0,5.0,3.1578947368421053,False,0.0
WPCRBA11,COLOR RITE BA11 (5.5OZ),2025-01-26,2026-01-26,8.0,4.0,0.3333333333333333,0.6666666666666666,1.0,10.0,0.0,10.0,30.0,False,0.0
WPCRBA11,COLOR RITE BA11 (5.5OZ),2025-01-26,2026-01-26,9.0,23.0,1.9166666666666667,3.8333333333333335,5.75,2.0,0.0,2.0,1.0434782608695652,True,3.75
WPCRBA12,COLOR RITE BA12 (5.5OZ),2025-01-26,2026-01-26,1.0,9.0,0.75,1.5,2.25,22.0,0.0,22.0,29.333333333333332,False,0.0
WPCRBA12,COLOR RITE BA12 (5.5OZ),2025-01-26,2026-01-26,3.0,10.0,0.8333333333333334,1.6666666666666667,2.5,2.0,0.0,2.0,2.4,False,0.0
WPCRBA12,COLOR RITE BA12 (5.5OZ),2025-01-26,2026-01-26,4.0,7.0,0.5833333333333334,1.1666666666666667,1.75,2.0,0.0,2.0,3.4285714285714284,False,0.0
WPCRBA12,COLOR RITE BA12 (5.5OZ),2025-01-26,2026-01-26,5.0,5.0,0.4166666666666667,0.8333333333333334,1.25,2.0,0.0,2.0,4.8,False,0.0
WPCRBA12,COLOR RITE BA12 (5.5OZ),2025-01-26,2026-01-26,6.0,22.0,1.8333333333333333,3.6666666666666665,5.5,5.0,0.0,5.0,2.7272727272727275,False,0.0
WPCRBA12,COLOR RITE BA12 (5.5OZ),2025-01-26,2026-01-26,8.0,3.0,0.25,0.5,0.75,3.0,1.0,2.0,8.0,False,0.0
WPCRBA12,COLOR RITE BA12 (5.5OZ),2025-01-26,2026-01-26,9.0,2.0,0.16666666666666666,0.3333333333333333,0.5,6.0,6.0,0.0,0.0,True,0.5
WPCRBA13,COLOR RITE BA13 (5.5OZ),2025-01-26,2026-01-26,1.0,47.0,3.9166666666666665,7.833333333333333,11.75,55.0,0.0,55.0,14.042553191489363,False,0.0
WPCRBA13,COLOR RITE BA13 (5.5OZ),2025-01-26,2026-01-26,3.0,32.0,2.6666666666666665,5.333333333333333,8.0,9.0,0.0,9.0,3.375,False,0.0
WPCRBA13,COLOR RITE BA13 (5.5OZ),2025-01-26,2026-01-26,4.0,18.0,1.5,3.0,4.5,3.0,0.0,3.0,2.0,False,0.0
WPCRBA13,COLOR RITE BA13 (5.5OZ),2025-01-26,2026-01-26,5.0,25.0,2.0833333333333335,4.166666666666667,6.25,13.0,1.0,12.0,5.76,False,0.0
WPCRBA13,COLOR RITE BA13 (5.5OZ),2025-01-26,2026-01-26,6.0,44.0,3.6666666666666665,7.333333333333333,11.0,21.0,1.0,20.0,5.454545454545455,False,0.0
WPCRBA13,COLOR RITE BA13 (5.5OZ),2025-01-26,2026-01-26,8.0,12.0,1.0,2.0,3.0,8.0,0.0,8.0,8.0,False,0.0
WPCRBA13,COLOR RITE BA13 (5.5OZ),2025-01-26,2026-01-26,9.0,23.0,1.9166666666666667,3.8333333333333335,5.75,15.0,4.0,11.0,5.739130434782608,False,0.0
WPCRBA14,COLOR RITE BA14 (5.5OZ),2025-01-26,2026-01-26,1.0,133.0,11.083333333333334,22.166666666666668,33.25,186.0,0.0,186.0,16.781954887218046,False,0.0
WPCRBA14,COLOR RITE BA14 (5.5OZ),2025-01-26,2026-01-26,3.0,126.0,10.5,21.0,31.5,22.0,0.0,22.0,2.0952380952380953,False,0.0
WPCRBA14,COLOR RITE BA14 (5.5OZ),2025-01-26,2026-01-26,4.0,32.0,2.6666666666666665,5.333333333333333,8.0,5.0,0.0,5.0,1.875,True,3.0
WPCRBA14,COLOR RITE BA14 (5.5OZ),2025-01-26,2026-01-26,5.0,41.0,3.4166666666666665,6.833333333333333,10.25,0.0,0.0,0.0,0.0,True,10.25
WPCRBA14,COLOR RITE BA14 (5.5OZ),2025-01-26,2026-01-26,6.0,205.0,17.083333333333332,34.166666666666664,51.25,36.0,0.0,36.0,2.107317073170732,False,0.0
WPCRBA14,COLOR RITE BA14 (5.5OZ),2025-01-26,2026-01-26,8.0,27.0,2.25,4.5,6.75,13.0,0.0,13.0,5.777777777777778,False,0.0
WPCRBA14,COLOR RITE BA14 (5.5OZ),2025-01-26,2026-01-26,9.0,26.0,2.1666666666666665,4.333333333333333,6.5,23.0,10.0,13.0,6.0,False,0.0
WPCRBA17,COLOR RITE BA17 (5.5OZ),2025-01-26,2026-01-26,1.0,117.0,9.75,19.5,29.25,279.0,0.0,279.0,28.615384615384617,False,0.0
WPCRBA17,COLOR RITE BA17 (5.5OZ),2025-01-26,2026-01-26,3.0,110.0,9.166666666666666,18.333333333333332,27.5,21.0,0.0,21.0,2.290909090909091,False,0.0
WPCRBA17,COLOR RITE BA17 (5.5OZ),2025-01-26,2026-01-26,4.0,22.0,1.8333333333333333,3.6666666666666665,5.5,5.0,0.0,5.0,2.7272727272727275,False,0.0
WPCRBA17,COLOR RITE BA17 (5.5OZ),2025-01-26,2026-01-26,5.0,40.0,3.3333333333333335,6.666666666666667,10.0,5.0,0.0,5.0,1.5,True,5.0
WPCRBA17,COLOR RITE BA17 (5.5OZ),2025-01-26,2026-01-26,6.0,131.0,10.916666666666666,21.833333333333332,32.75,50.0,0.0,50.0,4.580152671755726,False,0.0
WPCRBA17,COLOR RITE BA17 (5.5OZ),2025-01-26,2026-01-26,8.0,36.0,3.0,6.0,9.0,9.0,0.0,9.0,3.0,False,0.0
WPCRBA17,COLOR RITE BA17 (5.5OZ),2025-01-26,2026-01-26,9.0,78.0,6.5,13.0,19.5,14.0,0.0,14.0,2.1538461538461537,False,0.0
WPCRBA20,COLOR RITE BA20 (5.5OZ),2025-01-26,2026-01-26,1.0,124.0,10.333333333333334,20.666666666666668,31.0,177.0,0.0,177.0,17.129032258064516,False,0.0
WPCRBA20,COLOR RITE BA20 (5.5OZ),2025-01-26,2026-01-26,3.0,88.0,7.333333333333333,14.666666666666666,22.0,21.0,1.0,20.0,2.7272727272727275,False,0.0
WPCRBA20,COLOR RITE BA20 (5.5OZ),2025-01-26,2026-01-26,4.0,28.0,2.3333333333333335,4.666666666666667,7.0,9.0,0.0,9.0,3.8571428571428568,False,0.0
WPCRBA20,COLOR RITE BA20 (5.5OZ),2025-01-26,2026-01-26,5.0,40.0,3.3333333333333335,6.666666666666667,10.0,16.0,0.0,16.0,4.8,False,0.0
WPCRBA20,COLOR RITE BA20 (5.5OZ),2025-01-26,2026-01-26,6.0,101.0,8.416666666666666,16.833333333333332,25.25,24.0,0.0,24.0,2.851485148514852,False,0.0
WPCRBA20,COLOR RITE BA20 (5.5OZ),2025-01-26,2026-01-26,8.0,14.0,1.1666666666666667,2.3333333333333335,3.5,5.0,0.0,5.0,4.285714285714286,False,0.0
WPCRBA20,COLOR RITE BA20 (5.5OZ),2025-01-26,2026-01-26,9.0,53.0,4.416666666666667,8.833333333333334,13.25,12.0,7.0,5.0,1.1320754716981132,True,8.25
WPCRBB05,COLOR RITE BB05 (5.5OZ),2025-01-26,2026-01-26,1.0,23.0,1.9166666666666667,3.8333333333333335,5.75,17.0,2.0,15.0,7.826086956521739,False,0.0
WPCRBB05,COLOR RITE BB05 (5.5OZ),2025-01-26,2026-01-26,3.0,15.0,1.25,2.5,3.75,6.0,0.0,6.0,4.8,False,0.0
WPCRBB05,COLOR RITE BB05 (5.5OZ),2025-01-26,2026-01-26,4.0,4.0,0.3333333333333333,0.6666666666666666,1.0,7.0,0.0,7.0,21.0,False,0.0
WPCRBB05,COLOR RITE BB05 (5.5OZ),2025-01-26,2026-01-26,5.0,7.0,0.5833333333333334,1.1666666666666667,1.75,4.0,0.0,4.0,6.857142857142857,False,0.0
WPCRBB05,COLOR RITE BB05 (5.5OZ),2025-01-26,2026-01-26,6.0,25.0,2.0833333333333335,4.166666666666667,6.25,4.0,0.0,4.0,1.92,True,2.25
WPCRBB05,COLOR RITE BB05 (5.5OZ),2025-01-26,2026-01-26,8.0,3.0,0.25,0.5,0.75,10.0,0.0,10.0,40.0,False,0.0
WPCRBB05,COLOR RITE BB05 (5.5OZ),2025-01-26,2026-01-26,9.0,15.0,1.25,2.5,3.75,7.0,0.0,7.0,5.6,False,0.0
WPCRBB15,COLOR RITE BB15 (5.5OZ),2025-01-26,2026-01-26,1.0,44.0,3.6666666666666665,7.333333333333333,11.0,121.0,0.0,121.0,33.0,False,0.0
WPCRBB15,COLOR RITE BB15 (5.5OZ),2025-01-26,2026-01-26,3.0,56.0,4.666666666666667,9.333333333333334,14.0,14.0,1.0,13.0,2.7857142857142856,False,0.0
WPCRBB15,COLOR RITE BB15 (5.5OZ),2025-01-26,2026-01-26,4.0,65.0,5.416666666666667,10.833333333333334,16.25,12.0,0.0,12.0,2.215384615384615,False,0.0
WPCRBB15,COLOR RITE BB15 (5.5OZ),2025-01-26,2026-01-26,5.0,37.0,3.0833333333333335,6.166666666666667,9.25,17.0,0.0,17.0,5.513513513513513,False,0.0
WPCRBB15,COLOR RITE BB15 (5.5OZ),2025-01-26,2026-01-26,6.0,149.0,12.416666666666666,24.833333333333332,37.25,30.0,0.0,30.0,2.4161073825503356,False,0.0
WPCRBB15,COLOR RITE BB15 (5.5OZ),2025-01-26,2026-01-26,8.0,22.0,1.8333333333333333,3.6666666666666665,5.5,12.0,0.0,12.0,6.545454545454546,False,0.0
WPCRBB15,COLOR RITE BB15 (5.5OZ),2025-01-26,2026-01-26,9.0,75.0,6.25,12.5,18.75,16.0,2.0,14.0,2.24,False,0.0
WPCRBC17,COLOR RITE BC17 (5.5OZ),2025-01-26,2026-01-26,1.0,40.0,3.3333333333333335,6.666666666666667,10.0,18.0,0.0,18.0,5.3999999999999995,False,0.0
WPCRBC17,COLOR RITE BC17 (5.5OZ),2025-01-26,2026-01-26,3.0,14.0,1.1666666666666667,2.3333333333333335,3.5,5.0,0.0,5.0,4.285714285714286,False,0.0
WPCRBC17,COLOR RITE BC17 (5.5OZ),2025-01-26,2026-01-26,4.0,7.0,0.5833333333333334,1.1666666666666667,1.75,4.0,0.0,4.0,6.857142857142857,False,0.0
WPCRBC17,COLOR RITE BC17 (5.5OZ),2025-01-26,2026-01-26,5.0,11.0,0.9166666666666666,1.8333333333333333,2.75,10.0,1.0,9.0,9.818181818181818,False,0.0
WPCRBC17,COLOR RITE BC17 (5.5OZ),2025-01-26,2026-01-26,6.0,25.0,2.0833333333333335,4.166666666666667,6.25,6.0,0.0,6.0,2.88,False,0.0
WPCRBC17,COLOR RITE BC17 (5.5OZ),2025-01-26,2026-01-26,8.0,3.0,0.25,0.5,0.75,15.0,0.0,15.0,60.0,False,0.0
WPCRBC17,COLOR RITE BC17 (5.5OZ),2025-01-26,2026-01-26,9.0,17.0,1.4166666666666667,2.8333333333333335,4.25,23.0,0.0,23.0,16.235294117647058,False,0.0
WPCRBC21,COLOR RITE BC21 (5.5OZ),2025-01-26,2026-01-26,1.0,147.0,12.25,24.5,36.75,171.0,0.0,171.0,13.959183673469388,False,0.0
WPCRBC21,COLOR RITE BC21 (5.5OZ),2025-01-26,2026-01-26,3.0,93.0,7.75,15.5,23.25,19.0,0.0,19.0,2.4516129032258065,False,0.0
WPCRBC21,COLOR RITE BC21 (5.5OZ),2025-01-26,2026-01-26,4.0,9.0,0.75,1.5,2.25,7.0,0.0,7.0,9.333333333333334,False,0.0
WPCRBC21,COLOR RITE BC21 (5.5OZ),2025-01-26,2026-01-26,5.0,52.0,4.333333333333333,8.666666666666666,13.0,20.0,3.0,17.0,3.9230769230769234,False,0.0
WPCRBC21,COLOR RITE BC21 (5.5OZ),2025-01-26,2026-01-26,6.0,84.0,7.0,14.0,21.0,19.0,0.0,19.0,2.7142857142857144,False,0.0
WPCRBC21,COLOR RITE BC21 (5.5OZ),2025-01-26,2026-01-26,8.0,29.0,2.4166666666666665,4.833333333333333,7.25,17.0,0.0,17.0,7.03448275862069,False,0.0
WPCRBC21,COLOR RITE BC21 (5.5OZ),2025-01-26,2026-01-26,9.0,110.0,9.166666666666666,18.333333333333332,27.5,17.0,5.0,12.0,1.309090909090909,True,15.5
WPCRBD15,COLOR RITE BD15 (5.5OZ),2025-01-26,2026-01-26,1.0,8.0,0.6666666666666666,1.3333333333333333,2.0,36.0,0.0,36.0,54.0,False,0.0
WPCRBD15,COLOR RITE BD15 (5.5OZ),2025-01-26,2026-01-26,3.0,3.0,0.25,0.5,0.75,6.0,0.0,6.0,24.0,False,0.0
WPCRBD15,COLOR RITE BD15 (5.5OZ),2025-01-26,2026-01-26,4.0,1.0,0.08333333333333333,0.16666666666666666,0.25,13.0,0.0,13.0,156.0,False,0.0
WPCRBD15,COLOR RITE BD15 (5.5OZ),2025-01-26,2026-01-26,5.0,0.0,0.0,0.0,0.0,9.0,0.0,9.0,inf,False,0.0
WPCRBD15,COLOR RITE BD15 (5.5OZ),2025-01-26,2026-01-26,6.0,3.0,0.25,0.5,0.75,47.0,0.0,47.0,188.0,False,0.0
WPCRBD15,COLOR RITE BD15 (5.5OZ),2025-01-26,2026-01-26,8.0,4.0,0.3333333333333333,0.6666666666666666,1.0,6.0,0.0,6.0,18.0,False,0.0
WPCRBD15,COLOR RITE BD15 (5.5OZ),2025-01-26,2026-01-26,9.0,1.0,0.08333333333333333,0.16666666666666666,0.25,6.0,0.0,6.0,72.0,False,0.0
WPCRBD18,COLOR RITE BD18 (5.5OZ),2025-01-26,2026-01-26,1.0,2.0,0.16666666666666666,0.3333333333333333,0.5,13.0,0.0,13.0,78.0,False,0.0
WPCRBD18,COLOR RITE BD18 (5.5OZ),2025-01-26,2026-01-26,3.0,56.0,4.666666666666667,9.333333333333334,14.0,8.0,0.0,8.0,1.7142857142857142,True,6.0
WPCRBD18,COLOR RITE BD18 (5.5OZ),2025-01-26,2026-01-26,4.0,10.0,0.8333333333333334,1.6666666666666667,2.5,7.0,0.0,7.0,8.4,False,0.0
WPCRBD18,COLOR RITE BD18 (5.5OZ),2025-01-26,2026-01-26,5.0,31.0,2.5833333333333335,5.166666666666667,7.75,5.0,0.0,5.0,1.9354838709677418,True,2.75
WPCRBD18,COLOR RITE BD18 (5.5OZ),2025-01-26,2026-01-26,6.0,24.0,2.0,4.0,6.0,7.0,0.0,7.0,3.5,False,0.0
WPCRBD18,COLOR RITE BD18 (5.5OZ),2025-01-26,2026-01-26,8.0,1.0,0.08333333333333333,0.16666666666666666,0.25,12.0,0.0,12.0,144.0,False,0.0
WPCRBD18,COLOR RITE BD18 (5.5OZ),2025-01-26,2026-01-26,9.0,17.0,1.4166666666666667,2.8333333333333335,4.25,13.0,5.0,8.0,5.647058823529411,False,0.0
WPCRBD23,COLOR RITE BD23 (5.5OZ),2025-01-26,2026-01-26,1.0,13.0,1.0833333333333333,2.1666666666666665,3.25,19.0,0.0,19.0,17.53846153846154,False,0.0
WPCRBD23,COLOR RITE BD23 (5.5OZ),2025-01-26,2026-01-26,3.0,9.0,0.75,1.5,2.25,7.0,1.0,6.0,8.0,False,0.0
WPCRBD23,COLOR RITE BD23 (5.5OZ),2025-01-26,2026-01-26,4.0,6.0,0.5,1.0,1.5,5.0,0.0,5.0,10.0,False,0.0
WPCRBD23,COLOR RITE BD23 (5.5OZ),2025-01-26,2026-01-26,5.0,8.0,0.6666666666666666,1.3333333333333333,2.0,5.0,0.0,5.0,7.5,False,0.0
WPCRBD23,COLOR RITE BD23 (5.5OZ),2025-01-26,2026-01-26,6.0,22.0,1.8333333333333333,3.6666666666666665,5.5,9.0,0.0,9.0,4.909090909090909,False,0.0
WPCRBD23,COLOR RITE BD23 (5.5OZ),2025-01-26,2026-01-26,8.0,8.0,0.6666666666666666,1.3333333333333333,2.0,6.0,0.0,6.0,9.0,False,0.0
WPCRBD23,COLOR RITE BD23 (5.5OZ),2025-01-26,2026-01-26,9.0,16.0,1.3333333333333333,2.6666666666666665,4.0,5.0,0.0,5.0,3.75,False,0.0
WPCRBD25,COLOR RITE BD25 (5.5OZ),2025-01-26,2026-01-26,1.0,20.0,1.6666666666666667,3.3333333333333335,5.0,58.0,2.0,56.0,33.6,False,0.0
WPCRBD25,COLOR RITE BD25 (5.5OZ),2025-01-26,2026-01-26,3.0,18.0,1.5,3.0,4.5,15.0,0.0,15.0,10.0,False,0.0
WPCRBD25,COLOR RITE BD25 (5.5OZ),2025-01-26,2026-01-26,4.0,4.0,0.3333333333333333,0.6666666666666666,1.0,12.0,0.0,12.0,36.0,False,0.0
WPCRBD25,COLOR RITE BD25 (5.5OZ),2025-01-26,2026-01-26,5.0,4.0,0.3333333333333333,0.6666666666666666,1.0,8.0,0.0,8.0,24.0,False,0.0
WPCRBD25,COLOR RITE BD25 (5.5OZ),2025-01-26,2026-01-26,6.0,15.0,1.25,2.5,3.75,17.0,0.0,17.0,13.6,False,0.0
WPCRBD25,COLOR RITE BD25 (5.5OZ),2025-01-26,2026-01-26,8.0,16.0,1.3333333333333333,2.6666666666666665,4.0,9.0,0.0,9.0,6.75,False,0.0
WPCRBD25,COLOR RITE BD25 (5.5OZ),2025-01-26,2026-01-26,9.0,8.0,0.6666666666666666,1.3333333333333333,2.0,3.0,0.0,3.0,4.5,False,0.0
WPCRBD28,COLOR RITE BD28 (5.5OZ),2025-01-26,2026-01-26,1.0,0.0,0.0,0.0,0.0,28.0,0.0,28.0,inf,False,0.0
WPCRBD28,COLOR RITE BD28 (5.5OZ),2025-01-26,2026-01-26,3.0,6.0,0.5,1.0,1.5,7.0,0.0,7.0,14.0,False,0.0
WPCRBD28,COLOR RITE BD28 (5.5OZ),2025-01-26,2026-01-26,4.0,4.0,0.3333333333333333,0.6666666666666666,1.0,16.0,0.0,16.0,48.0,False,0.0
WPCRBD28,COLOR RITE BD28 (5.5OZ),2025-01-26,2026-01-26,5.0,3.0,0.25,0.5,0.75,11.0,0.0,11.0,44.0,False,0.0
WPCRBD28,COLOR RITE BD28 (5.5OZ),2025-01-26,2026-01-26,6.0,3.0,0.25,0.5,0.75,17.0,0.0,17.0,68.0,False,0.0
WPCRBD28,COLOR RITE BD28 (5.5OZ),2025-01-26,2026-01-26,8.0,2.0,0.16666666666666666,0.3333333333333333,0.5,8.0,0.0,8.0,48.0,False,0.0
WPCRBD28,COLOR RITE BD28 (5.5OZ),2025-01-26,2026-01-26,9.0,1.0,0.08333333333333333,0.16666666666666666,0.25,10.0,0.0,10.0,120.0,False,0.0
WPCRBE01,COLOR RITE BE01 (5.5OZ),2025-01-26,2026-01-26,1.0,81.0,6.75,13.5,20.25,20.0,0.0,20.0,2.962962962962963,False,0.0
WPCRBE01,COLOR RITE BE01 (5.5OZ),2025-01-26,2026-01-26,3.0,13.0,1.0833333333333333,2.1666666666666665,3.25,2.0,0.0,2.0,1.8461538461538463,True,1.25
WPCRBE01,COLOR RITE BE01 (5.5OZ),2025-01-26,2026-01-26,4.0,7.0,0.5833333333333334,1.1666666666666667,1.75,6.0,0.0,6.0,10.285714285714285,False,0.0
WPCRBE01,COLOR RITE BE01 (5.5OZ),2025-01-26,2026-01-26,5.0,5.0,0.4166666666666667,0.8333333333333334,1.25,6.0,0.0,6.0,14.399999999999999,False,0.0
WPCRBE01,COLOR RITE BE01 (5.5OZ),2025-01-26,2026-01-26,6.0,35.0,2.9166666666666665,5.833333333333333,8.75,7.0,0.0,7.0,2.4,False,0.0
WPCRBE01,COLOR RITE BE01 (5.5OZ),2025-01-26,2026-01-26,8.0,8.0,0.6666666666666666,1.3333333333333333,2.0,15.0,0.0,15.0,22.5,False,0.0
WPCRBE01,COLOR RITE BE01 (5.5OZ),2025-01-26,2026-01-26,9.0,12.0,1.0,2.0,3.0,16.0,1.0,15.0,15.0,False,0.0
WPCRBE20,COLOR RITE BE20 (5.5OZ),2025-01-26,2026-01-26,1.0,126.0,10.5,21.0,31.5,108.0,0.0,108.0,10.285714285714286,False,0.0
WPCRBE20,COLOR RITE BE20 (5.5OZ),2025-01-26,2026-01-26,3.0,77.0,6.416666666666667,12.833333333333334,19.25,14.0,0.0,14.0,2.1818181818181817,False,0.0
WPCRBE20,COLOR RITE BE20 (5.5OZ),2025-01-26,2026-01-26,4.0,43.0,3.5833333333333335,7.166666666666667,10.75,16.0,0.0,16.0,4.465116279069767,False,0.0
WPCRBE20,COLOR RITE BE20 (5.5OZ),2025-01-26,2026-01-26,5.0,42.0,3.5,7.0,10.5,15.0,0.0,15.0,4.285714285714286,False,0.0
WPCRBE20,COLOR RITE BE20 (5.5OZ),2025-01-26,2026-01-26,6.0,62.0,5.166666666666667,10.333333333333334,15.5,15.0,0.0,15.0,2.9032258064516125,False,0.0
WPCRBE20,COLOR RITE BE20 (5.5OZ),2025-01-26,2026-01-26,8.0,13.0,1.0833333333333333,2.1666666666666665,3.25,6.0,0.0,6.0,5.538461538461539,False,0.0
WPCRBE20,COLOR RITE BE20 (5.5OZ),2025-01-26,2026-01-26,9.0,50.0,4.166666666666667,8.333333333333334,12.5,16.0,0.0,16.0,3.84,False,0.0
WPCRCA13,COLOR RITE CA13 (5.5OZ),2025-01-26,2026-01-26,1.0,30.0,2.5,5.0,7.5,40.0,0.0,40.0,16.0,False,0.0
WPCRCA13,COLOR RITE CA13 (5.5OZ),2025-01-26,2026-01-26,3.0,26.0,2.1666666666666665,4.333333333333333,6.5,13.0,0.0,13.0,6.0,False,0.0
WPCRCA13,COLOR RITE CA13 (5.5OZ),2025-01-26,2026-01-26,4.0,9.0,0.75,1.5,2.25,2.0,0.0,2.0,2.6666666666666665,False,0.0
WPCRCA13,COLOR RITE CA13 (5.5OZ),2025-01-26,2026-01-26,5.0,13.0,1.0833333333333333,2.1666666666666665,3.25,6.0,0.0,6.0,5.538461538461539,False,0.0
WPCRCA13,COLOR RITE CA13 (5.5OZ),2025-01-26,2026-01-26,6.0,39.0,3.25,6.5,9.75,6.0,0.0,6.0,1.8461538461538463,True,3.75
WPCRCA13,COLOR RITE CA13 (5.5OZ),2025-01-26,2026-01-26,8.0,5.0,0.4166666666666667,0.8333333333333334,1.25,4.0,0.0,4.0,9.6,False,0.0
WPCRCA13,COLOR RITE CA13 (5.5OZ),2025-01-26,2026-01-26,9.0,25.0,2.0833333333333335,4.166666666666667,6.25,14.0,0.0,14.0,6.72,False,0.0
WPCRCA17,COLOR RITE CA17 (5.5OZ),2025-01-26,2026-01-26,1.0,15.0,1.25,2.5,3.75,14.0,0.0,14.0,11.2,False,0.0
WPCRCA17,COLOR RITE CA17 (5.5OZ),2025-01-26,2026-01-26,3.0,5.0,0.4166666666666667,0.8333333333333334,1.25,4.0,0.0,4.0,9.6,False,0.0
WPCRCA17,COLOR RITE CA17 (5.5OZ),2025-01-26,2026-01-26,4.0,8.0,0.6666666666666666,1.3333333333333333,2.0,2.0,0.0,2.0,3.0,False,0.0
WPCRCA17,COLOR RITE CA17 (5.5OZ),2025-01-26,2026-01-26,5.0,10.0,0.8333333333333334,1.6666666666666667,2.5,6.0,1.0,5.0,6.0,False,0.0
WPCRCA17,COLOR RITE CA17 (5.5OZ),2025-01-26,2026-01-26,6.0,17.0,1.4166666666666667,2.8333333333333335,4.25,1.0,0.0,1.0,0.7058823529411764,True,3.25
WPCRCA17,COLOR RITE CA17 (5.5OZ),2025-01-26,2026-01-26,8.0,4.0,0.3333333333333333,0.6666666666666666,1.0,4.0,0.0,4.0,12.0,False,0.0
WPCRCA17,COLOR RITE CA17 (5.5OZ),2025-01-26,2026-01-26,9.0,8.0,0.6666666666666666,1.3333333333333333,2.0,12.0,0.0,12.0,18.0,False,0.0
WPCRCA18,COLOR RITE CA18 (5.5OZ),2025-01-26,2026-01-26,1.0,30.0,2.5,5.0,7.5,13.0,0.0,13.0,5.2,False,0.0
WPCRCA18,COLOR RITE CA18 (5.5OZ),2025-01-26,2026-01-26,3.0,18.0,1.5,3.0,4.5,17.0,0.0,17.0,11.333333333333334,False,0.0
WPCRCA18,COLOR RITE CA18 (5.5OZ),2025-01-26,2026-01-26,4.0,6.0,0.5,1.0,1.5,10.0,0.0,10.0,20.0,False,0.0
WPCRCA18,COLOR RITE CA18 (5.5OZ),2025-01-26,2026-01-26,5.0,12.0,1.0,2.0,3.0,5.0,0.0,5.0,5.0,False,0.0
WPCRCA18,COLOR RITE CA18 (5.5OZ),2025-01-26,2026-01-26,6.0,22.0,1.8333333333333333,3.6666666666666665,5.5,21.0,0.0,21.0,11.454545454545455,False,0.0
WPCRCA18,COLOR RITE CA18 (5.5OZ),2025-01-26,2026-01-26,8.0,13.0,1.0833333333333333,2.1666666666666665,3.25,20.0,0.0,20.0,18.461538461538463,False,0.0
WPCRCA18,COLOR RITE CA18 (5.5OZ),2025-01-26,2026-01-26,9.0,11.0,0.9166666666666666,1.8333333333333333,2.75,13.0,1.0,12.0,13.090909090909092,False,0.0
WPCRCA19,COLOR RITE CA19 (5.5OZ),2025-01-26,2026-01-26,1.0,2.0,0.16666666666666666,0.3333333333333333,0.5,12.0,0.0,12.0,72.0,False,0.0
WPCRCA19,COLOR RITE CA19 (5.5OZ),2025-01-26,2026-01-26,3.0,21.0,1.75,3.5,5.25,8.0,0.0,8.0,4.571428571428571,False,0.0
WPCRCA19,COLOR RITE CA19 (5.5OZ),2025-01-26,2026-01-26,4.0,0.0,0.0,0.0,0.0,6.0,0.0,6.0,inf,False,0.0
WPCRCA19,COLOR RITE CA19 (5.5OZ),2025-01-26,2026-01-26,5.0,1.0,0.08333333333333333,0.16666666666666666,0.25,6.0,0.0,6.0,72.0,False,0.0
WPCRCA19,COLOR RITE CA19 (5.5OZ),2025-01-26,2026-01-26,6.0,3.0,0.25,0.5,0.75,3.0,0.0,3.0,12.0,False,0.0
WPCRCA19,COLOR RITE CA19 (5.5OZ),2025-01-26,2026-01-26,8.0,5.0,0.4166666666666667,0.8333333333333334,1.25,13.0,0.0,13.0,31.2,False,0.0
WPCRCA19,COLOR RITE CA19 (5.5OZ),2025-01-26,2026-01-26,9.0,5.0,0.4166666666666667,0.8333333333333334,1.25,10.0,6.0,4.0,9.6,False,0.0
WPCRCA28,COLOR RITE CA28 (5.5OZ),2025-01-26,2026-01-26,1.0,63.0,5.25,10.5,15.75,97.0,0.0,97.0,18.476190476190474,False,0.0
WPCRCA28,COLOR RITE CA28 (5.5OZ),2025-01-26,2026-01-26,3.0,28.0,2.3333333333333335,4.666666666666667,7.0,14.0,0.0,14.0,6.0,False,0.0
WPCRCA28,COLOR RITE CA28 (5.5OZ),2025-01-26,2026-01-26,4.0,10.0,0.8333333333333334,1.6666666666666667,2.5,5.0,0.0,5.0,6.0,False,0.0
WPCRCA28,COLOR RITE CA28 (5.5OZ),2025-01-26,2026-01-26,5.0,17.0,1.4166666666666667,2.8333333333333335,4.25,4.0,1.0,3.0,2.1176470588235294,False,0.0
WPCRCA28,COLOR RITE CA28 (5.5OZ),2025-01-26,2026-01-26,6.0,32.0,2.6666666666666665,5.333333333333333,8.0,13.0,0.0,13.0,4.875,False,0.0
WPCRCA28,COLOR RITE CA28 (5.5OZ),2025-01-26,2026-01-26,8.0,7.0,0.5833333333333334,1.1666666666666667,1.75,9.0,0.0,9.0,15.428571428571427,False,0.0
WPCRCA28,COLOR RITE CA28 (5.5OZ),2025-01-26,2026-01-26,9.0,29.0,2.4166666666666665,4.833333333333333,7.25,0.0,0.0,0.0,0.0,True,7.25
WPCRCB03,COLOR RITE CB03 (5.5OZ),2025-01-26,2026-01-26,1.0,14.0,1.1666666666666667,2.3333333333333335,3.5,8.0,0.0,8.0,6.857142857142857,False,0.0
WPCRCB03,COLOR RITE CB03 (5.5OZ),2025-01-26,2026-01-26,3.0,14.0,1.1666666666666667,2.3333333333333335,3.5,18.0,0.0,18.0,15.428571428571427,False,0.0
WPCRCB03,COLOR RITE CB03 (5.5OZ),2025-01-26,2026-01-26,4.0,7.0,0.5833333333333334,1.1666666666666667,1.75,5.0,0.0,5.0,8.571428571428571,False,0.0
WPCRCB03,COLOR RITE CB03 (5.5OZ),2025-01-26,2026-01-26,5.0,14.0,1.1666666666666667,2.3333333333333335,3.5,1.0,0.0,1.0,0.8571428571428571,True,2.2777777777777777
WPCRCB03,COLOR RITE CB03 (5.5OZ),2025-01-26,2026-01-26,6.0,48.0,4.0,8.0,12.0,7.0,0.0,7.0,1.75,True,4.555555555555555
WPCRCB03,COLOR RITE CB03 (5.5OZ),2025-01-26,2026-01-26,8.0,6.0,0.5,1.0,1.5,11.0,0.0,11.0,22.0,False,0.0
WPCRCB03,COLOR RITE CB03 (5.5OZ),2025-01-26,2026-01-26,9.0,0.0,0.0,0.0,0.0,4.0,0.0,4.0,inf,False,0.0
WPCRCB12,COLOR RITE CB12 (5.5OZ),2025-01-26,2026-01-26,1.0,13.0,1.0833333333333333,2.1666666666666665,3.25,24.0,10.0,14.0,12.923076923076923,False,0.0
WPCRCB12,COLOR RITE CB12 (5.5OZ),2025-01-26,2026-01-26,3.0,9.0,0.75,1.5,2.25,5.0,0.0,5.0,6.666666666666667,False,0.0
WPCRCB12,COLOR RITE CB12 (5.5OZ),2025-01-26,2026-01-26,4.0,12.0,1.0,2.0,3.0,15.0,0.0,15.0,15.0,False,0.0
WPCRCB12,COLOR RITE CB12 (5.5OZ),2025-01-26,2026-01-26,5.0,6.0,0.5,1.0,1.5,11.0,0.0,11.0,22.0,False,0.0
WPCRCB12,COLOR RITE CB12 (5.5OZ),2025-01-26,2026-01-26,6.0,37.0,3.0833333333333335,6.166666666666667,9.25,14.0,0.0,14.0,4.54054054054054,False,0.0
WPCRCB12,COLOR RITE CB12 (5.5OZ),2025-01-26,2026-01-26,8.0,2.0,0.16666666666666666,0.3333333333333333,0.5,14.0,0.0,14.0,84.0,False,0.0
WPCRCB12,COLOR RITE CB12 (5.5OZ),2025-01-26,2026-01-26,9.0,22.0,1.8333333333333333,3.6666666666666665,5.5,9.0,0.0,9.0,4.909090909090909,False,0.0
WPCRCB19,COLOR RITE CB19 (5.5OZ),2025-01-26,2026-01-26,1.0,21.0,1.75,3.5,5.25,24.0,0.0,24.0,13.714285714285714,False,0.0
WPCRCB19,COLOR RITE CB19 (5.5OZ),2025-01-26,2026-01-26,3.0,30.0,2.5,5.0,7.5,3.0,0.0,3.0,1.2,True,4.5
WPCRCB19,COLOR RITE CB19 (5.5OZ),2025-01-26,2026-01-26,4.0,1.0,0.08333333333333333,0.16666666666666666,0.25,7.0,0.0,7.0,84.0,False,0.0
WPCRCB19,COLOR RITE CB19 (5.5OZ),2025-01-26,2026-01-26,5.0,6.0,0.5,1.0,1.5,6.0,0.0,6.0,12.0,False,0.0
WPCRCB19,COLOR RITE CB19 (5.5OZ),2025-01-26,2026-01-26,6.0,29.0,2.4166666666666665,4.833333333333333,7.25,10.0,1.0,9.0,3.724137931034483,False,0.0
WPCRCB19,COLOR RITE CB19 (5.5OZ),2025-01-26,2026-01-26,8.0,12.0,1.0,2.0,3.0,3.0,0.0,3.0,3.0,False,0.0
WPCRCB19,COLOR RITE CB19 (5.5OZ),2025-01-26,2026-01-26,9.0,6.0,0.5,1.0,1.5,0.0,0.0,0.0,0.0,True,1.5
WPCRCBO9,COLOR RITE CB09 (5.5OZ),2025-01-26,2026-01-26,1.0,1.0,0.08333333333333333,0.16666666666666666,0.25,12.0,0.0,12.0,144.0,False,0.0
WPCRCBO9,COLOR RITE CB09 (5.5OZ),2025-01-26,2026-01-26,3.0,29.0,2.4166666666666665,4.833333333333333,7.25,17.0,0.0,17.0,7.03448275862069,False,0.0
WPCRCBO9,COLOR RITE CB09 (5.5OZ),2025-01-26,2026-01-26,4.0,4.0,0.3333333333333333,0.6666666666666666,1.0,12.0,0.0,12.0,36.0,False,0.0
WPCRCBO9,COLOR RITE CB09 (5.5OZ),2025-01-26,2026-01-26,5.0,19.0,1.5833333333333333,3.1666666666666665,4.75,4.0,2.0,2.0,1.2631578947368423,True,2.75
WPCRCBO9,COLOR RITE CB09 (5.5OZ),2025-01-26,2026-01-26,6.0,13.0,1.0833333333333333,2.1666666666666665,3.25,3.0,0.0,3.0,2.7692307692307696,False,0.0
WPCRCBO9,COLOR RITE CB09 (5.5OZ),2025-01-26,2026-01-26,8.0,10.0,0.8333333333333334,1.6666666666666667,2.5,12.0,0.0,12.0,14.399999999999999,False,0.0
WPCRCBO9,COLOR RITE CB09 (5.5OZ),2025-01-26,2026-01-26,9.0,16.0,1.3333333333333333,2.6666666666666665,4.0,3.0,0.0,3.0,2.25,False,0.0
WPCRCC10,COLOR RITE CC10 (5.5OZ),2025-01-26,2026-01-26,1.0,353.0,29.416666666666668,58.833333333333336,88.25,432.0,0.0,432.0,14.685552407932011,False,0.0
WPCRCC10,COLOR RITE CC10 (5.5OZ),2025-01-26,2026-01-26,3.0,174.0,14.5,29.0,43.5,23.0,0.0,23.0,1.5862068965517242,True,20.5
WPCRCC10,COLOR RITE CC10 (5.5OZ),2025-01-26,2026-01-26,4.0,24.0,2.0,4.0,6.0,8.0,0.0,8.0,4.0,False,0.0
WPCRCC10,COLOR RITE CC10 (5.5OZ),2025-01-26,2026-01-26,5.0,45.0,3.75,7.5,11.25,6.0,2.0,4.0,1.0666666666666667,True,7.25
WPCRCC10,COLOR RITE CC10 (5.5OZ),2025-01-26,2026-01-26,6.0,198.0,16.5,33.0,49.5,25.0,0.0,25.0,1.5151515151515151,True,24.5
WPCRCC10,COLOR RITE CC10 (5.5OZ),2025-01-26,2026-01-26,8.0,36.0,3.0,6.0,9.0,12.0,0.0,12.0,4.0,False,0.0
WPCRCC10,COLOR RITE CC10 (5.5OZ),2025-01-26,2026-01-26,9.0,143.0,11.916666666666666,23.833333333333332,35.75,10.0,1.0,9.0,0.7552447552447553,True,26.75
WPCRCC11,COLOR RITE CC11 (5.5OZ),2025-01-26,2026-01-26,1.0,13.0,1.0833333333333333,2.1666666666666665,3.25,24.0,0.0,24.0,22.153846153846157,False,0.0
WPCRCC11,COLOR RITE CC11 (5.5OZ),2025-01-26,2026-01-26,3.0,16.0,1.3333333333333333,2.6666666666666665,4.0,8.0,0.0,8.0,6.0,False,0.0
WPCRCC11,COLOR RITE CC11 (5.5OZ),2025-01-26,2026-01-26,4.0,8.0,0.6666666666666666,1.3333333333333333,2.0,3.0,0.0,3.0,4.5,False,0.0
WPCRCC11,COLOR RITE CC11 (5.5OZ),2025-01-26,2026-01-26,5.0,3.0,0.25,0.5,0.75,8.0,0.0,8.0,32.0,False,0.0
WPCRCC11,COLOR RITE CC11 (5.5OZ),2025-01-26,2026-01-26,6.0,22.0,1.8333333333333333,3.6666666666666665,5.5,8.0,0.0,8.0,4.363636363636364,False,0.0
WPCRCC11,COLOR RITE CC11 (5.5OZ),2025-01-26,2026-01-26,8.0,9.0,0.75,1.5,2.25,5.0,0.0,5.0,6.666666666666667,False,0.0
WPCRCC11,COLOR RITE CC11 (5.5OZ),2025-01-26,2026-01-26,9.0,19.0,1.5833333333333333,3.1666666666666665,4.75,5.0,0.0,5.0,3.1578947368421053,False,0.0
WPCRCC12,COLOR RITE CC12 (5.5OZ),2025-01-26,2026-01-26,1.0,17.0,1.4166666666666667,2.8333333333333335,4.25,22.0,0.0,22.0,15.529411764705882,False,0.0
WPCRCC12,COLOR RITE CC12 (5.5OZ),2025-01-26,2026-01-26,3.0,19.0,1.5833333333333333,3.1666666666666665,4.75,15.0,0.0,15.0,9.473684210526317,False,0.0
WPCRCC12,COLOR RITE CC12 (5.5OZ),2025-01-26,2026-01-26,4.0,2.0,0.16666666666666666,0.3333333333333333,0.5,5.0,0.0,5.0,30.0,False,0.0
WPCRCC12,COLOR RITE CC12 (5.5OZ),2025-01-26,2026-01-26,5.0,8.0,0.6666666666666666,1.3333333333333333,2.0,4.0,0.0,4.0,6.0,False,0.0
WPCRCC12,COLOR RITE CC12 (5.5OZ),2025-01-26,2026-01-26,6.0,11.0,0.9166666666666666,1.8333333333333333,2.75,6.0,0.0,6.0,6.545454545454546,False,0.0
WPCRCC12,COLOR RITE CC12 (5.5OZ),2025-01-26,2026-01-26,8.0,5.0,0.4166666666666667,0.8333333333333334,1.25,7.0,0.0,7.0,16.8,False,0.0
WPCRCC12,COLOR RITE CC12 (5.5OZ),2025-01-26,2026-01-26,9.0,11.0,0.9166666666666666,1.8333333333333333,2.75,3.0,0.0,3.0,3.272727272727273,False,0.0
WPCRCC26,COLOR RITE CC26 (5.5OZ),2025-01-26,2026-01-26,1.0,2.0,0.16666666666666666,0.3333333333333333,0.5,11.0,0.0,11.0,66.0,False,0.0
WPCRCC26,COLOR RITE CC26 (5.5OZ),2025-01-26,2026-01-26,8.0,0.0,0.0,0.0,0.0,12.0,0.0,12.0,inf,False,0.0
WPCRCC26,COLOR RITE CC26 (5.5OZ),2025-01-26,2026-01-26,9.0,0.0,0.0,0.0,0.0,6.0,0.0,6.0,inf,False,0.0
WPCRCD09,COLOR RITE CD09 (5.5OZ),2025-01-26,2026-01-26,1.0,7.0,0.5833333333333334,1.1666666666666667,1.75,18.0,0.0,18.0,30.857142857142854,False,0.0
WPCRCD09,COLOR RITE CD09 (5.5OZ),2025-01-26,2026-01-26,3.0,6.0,0.5,1.0,1.5,7.0,0.0,7.0,14.0,False,0.0
WPCRCD09,COLOR RITE CD09 (5.5OZ),2025-01-26,2026-01-26,4.0,6.0,0.5,1.0,1.5,16.0,0.0,16.0,32.0,False,0.0
WPCRCD09,COLOR RITE CD09 (5.5OZ),2025-01-26,2026-01-26,5.0,4.0,0.3333333333333333,0.6666666666666666,1.0,13.0,1.0,12.0,36.0,False,0.0
WPCRCD09,COLOR RITE CD09 (5.5OZ),2025-01-26,2026-01-26,6.0,9.0,0.75,1.5,2.25,3.0,0.0,3.0,4.0,False,0.0
WPCRCD09,COLOR RITE CD09 (5.5OZ),2025-01-26,2026-01-26,8.0,3.0,0.25,0.5,0.75,7.0,0.0,7.0,28.0,False,0.0
WPCRCD09,COLOR RITE CD09 (5.5OZ),2025-01-26,2026-01-26,9.0,5.0,0.4166666666666667,0.8333333333333334,1.25,17.0,0.0,17.0,40.8,False,0.0
WPCRCD26,COLOR RITE CD26 (5.5OZ),2025-01-26,2026-01-26,1.0,19.0,1.5833333333333333,3.1666666666666665,4.75,6.0,0.0,6.0,3.7894736842105265,False,0.0
WPCRCD26,COLOR RITE CD26 (5.5OZ),2025-01-26,2026-01-26,3.0,6.0,0.5,1.0,1.5,6.0,0.0,6.0,12.0,False,0.0
WPCRCD26,COLOR RITE CD26 (5.5OZ),2025-01-26,2026-01-26,4.0,7.0,0.5833333333333334,1.1666666666666667,1.75,5.0,0.0,5.0,8.571428571428571,False,0.0
WPCRCD26,COLOR RITE CD26 (5.5OZ),2025-01-26,2026-01-26,5.0,5.0,0.4166666666666667,0.8333333333333334,1.25,4.0,0.0,4.0,9.6,False,0.0
WPCRCD26,COLOR RITE CD26 (5.5OZ),2025-01-26,2026-01-26,6.0,12.0,1.0,2.0,3.0,10.0,4.0,6.0,6.0,False,0.0
WPCRCD26,COLOR RITE CD26 (5.5OZ),2025-01-26,2026-01-26,8.0,0.0,0.0,0.0,0.0,11.0,11.0,0.0,inf,False,0.0
WPCRCD26,COLOR RITE CD26 (5.5OZ),2025-01-26,2026-01-26,9.0,24.0,2.0,4.0,6.0,14.0,0.0,14.0,7.0,False,0.0
WPCRCE14,COLOR RITE CE14 (5.5OZ),2025-01-26,2026-01-26,1.0,31.0,2.5833333333333335,5.166666666666667,7.75,12.0,2.0,10.0,3.8709677419354835,False,0.0
WPCRCE14,COLOR RITE CE14 (5.5OZ),2025-01-26,2026-01-26,3.0,18.0,1.5,3.0,4.5,13.0,0.0,13.0,8.666666666666666,False,0.0
WPCRCE14,COLOR RITE CE14 (5.5OZ),2025-01-26,2026-01-26,4.0,2.0,0.16666666666666666,0.3333333333333333,0.5,7.0,0.0,7.0,42.0,False,0.0
WPCRCE14,COLOR RITE CE14 (5.5OZ),2025-01-26,2026-01-26,5.0,11.0,0.9166666666666666,1.8333333333333333,2.75,12.0,0.0,12.0,13.090909090909092,False,0.0
WPCRCE14,COLOR RITE CE14 (5.5OZ),2025-01-26,2026-01-26,6.0,45.0,3.75,7.5,11.25,17.0,0.0,17.0,4.533333333333333,False,0.0
WPCRCE14,COLOR RITE CE14 (5.5OZ),2025-01-26,2026-01-26,8.0,7.0,0.5833333333333334,1.1666666666666667,1.75,5.0,0.0,5.0,8.571428571428571,False,0.0
WPCRCE14,COLOR RITE CE14 (5.5OZ),2025-01-26,2026-01-26,9.0,18.0,1.5,3.0,4.5,4.0,0.0,4.0,2.6666666666666665,False,0.0
WPCRDB05,COLOR RITE DB05 (5.5OZ),2025-01-26,2026-01-26,1.0,66.0,5.5,11.0,16.5,60.0,0.0,60.0,10.909090909090908,False,0.0
WPCRDB05,COLOR RITE DB05 (5.5OZ),2025-01-26,2026-01-26,3.0,51.0,4.25,8.5,12.75,13.0,0.0,13.0,3.0588235294117645,False,0.0
WPCRDB05,COLOR RITE DB05 (5.5OZ),2025-01-26,2026-01-26,4.0,9.0,0.75,1.5,2.25,3.0,0.0,3.0,4.0,False,0.0
WPCRDB05,COLOR RITE DB05 (5.5OZ),2025-01-26,2026-01-26,5.0,17.0,1.4166666666666667,2.8333333333333335,4.25,12.0,0.0,12.0,8.470588235294118,False,0.0
WPCRDB05,COLOR RITE DB05 (5.5OZ),2025-01-26,2026-01-26,6.0,43.0,3.5833333333333335,7.166666666666667,10.75,11.0,0.0,11.0,3.069767441860465,False,0.0
WPCRDB05,COLOR RITE DB05 (5.5OZ),2025-01-26,2026-01-26,8.0,12.0,1.0,2.0,3.0,5.0,0.0,5.0,5.0,False,0.0
WPCRDB05,COLOR RITE DB05 (5.5OZ),2025-01-26,2026-01-26,9.0,12.0,1.0,2.0,3.0,12.0,4.0,8.0,8.0,False,0.0
WPCRDC14,COLOR RITE DC14 (5.5OZ),2025-01-26,2026-01-26,1.0,34.0,2.8333333333333335,5.666666666666667,8.5,13.0,0.0,13.0,4.588235294117647,False,0.0
WPCRDC14,COLOR RITE DC14 (5.5OZ),2025-01-26,2026-01-26,3.0,1.0,0.08333333333333333,0.16666666666666666,0.25,8.0,0.0,8.0,96.0,False,0.0
WPCRDC14,COLOR RITE DC14 (5.5OZ),2025-01-26,2026-01-26,4.0,5.0,0.4166666666666667,0.8333333333333334,1.25,6.0,0.0,6.0,14.399999999999999,False,0.0
WPCRDC14,COLOR RITE DC14 (5.5OZ),2025-01-26,2026-01-26,5.0,6.0,0.5,1.0,1.5,4.0,1.0,3.0,6.0,False,0.0
WPCRDC14,COLOR RITE DC14 (5.5OZ),2025-01-26,2026-01-26,6.0,6.0,0.5,1.0,1.5,11.0,0.0,11.0,22.0,False,0.0
WPCRDC14,COLOR RITE DC14 (5.5OZ),2025-01-26,2026-01-26,8.0,11.0,0.9166666666666666,1.8333333333333333,2.75,16.0,0.0,16.0,17.454545454545457,False,0.0
WPCRDC14,COLOR RITE DC14 (5.5OZ),2025-01-26,2026-01-26,9.0,5.0,0.4166666666666667,0.8333333333333334,1.25,3.0,3.0,0.0,0.0,True,1.25
WPCRDD04,COLOR RITE DD04 (5.5OZ),2025-01-26,2026-01-26,1.0,63.0,5.25,10.5,15.75,31.0,0.0,31.0,5.904761904761905,False,0.0
WPCRDD04,COLOR RITE DD04 (5.5OZ),2025-01-26,2026-01-26,3.0,41.0,3.4166666666666665,6.833333333333333,10.25,6.0,0.0,6.0,1.7560975609756098,True,4.25
WPCRDD04,COLOR RITE DD04 (5.5OZ),2025-01-26,2026-01-26,4.0,28.0,2.3333333333333335,4.666666666666667,7.0,7.0,0.0,7.0,3.0,False,0.0
WPCRDD04,COLOR RITE DD04 (5.5OZ),2025-01-26,2026-01-26,5.0,26.0,2.1666666666666665,4.333333333333333,6.5,12.0,0.0,12.0,5.538461538461539,False,0.0
WPCRDD04,COLOR RITE DD04 (5.5OZ),2025-01-26,2026-01-26,6.0,38.0,3.1666666666666665,6.333333333333333,9.5,16.0,0.0,16.0,5.052631578947369,False,0.0
WPCRDD04,COLOR RITE DD04 (5.5OZ),2025-01-26,2026-01-26,8.0,14.0,1.1666666666666667,2.3333333333333335,3.5,6.0,0.0,6.0,5.142857142857142,False,0.0
WPCRDD04,COLOR RITE DD04 (5.5OZ),2025-01-26,2026-01-26,9.0,17.0,1.4166666666666667,2.8333333333333335,4.25,13.0,0.0,13.0,9.176470588235293,False,0.0
WPCRDD09,COLOR RITE DD09 (5.5OZ),2025-01-26,2026-01-26,1.0,6.0,0.5,1.0,1.5,42.0,0.0,42.0,84.0,False,0.0
WPCRDD09,COLOR RITE DD09 (5.5OZ),2025-01-26,2026-01-26,3.0,3.0,0.25,0.5,0.75,7.0,1.0,6.0,24.0,False,0.0
WPCRDD09,COLOR RITE DD09 (5.5OZ),2025-01-26,2026-01-26,4.0,4.0,0.3333333333333333,0.6666666666666666,1.0,6.0,0.0,6.0,18.0,False,0.0
WPCRDD09,COLOR RITE DD09 (5.5OZ),2025-01-26,2026-01-26,5.0,21.0,1.75,3.5,5.25,14.0,2.0,12.0,6.857142857142857,False,0.0
WPCRDD09,COLOR RITE DD09 (5.5OZ),2025-01-26,2026-01-26,6.0,10.0,0.8333333333333334,1.6666666666666667,2.5,3.0,0.0,3.0,3.5999999999999996,False,0.0
WPCRDD09,COLOR RITE DD09 (5.5OZ),2025-01-26,2026-01-26,8.0,3.0,0.25,0.5,0.75,11.0,0.0,11.0,44.0,False,0.0
WPCRDD09,COLOR RITE DD09 (5.5OZ),2025-01-26,2026-01-26,9.0,8.0,0.6666666666666666,1.3333333333333333,2.0,9.0,0.0,9.0,13.5,False,0.0
WPCRDD2,COLOR RITE DD02(5.5OZ),2025-01-26,2026-01-26,1.0,2.0,0.16666666666666666,0.3333333333333333,0.5,17.0,0.0,17.0,102.0,False,0.0
WPCRDD2,COLOR RITE DD02(5.5OZ),2025-01-26,2026-01-26,3.0,5.0,0.4166666666666667,0.8333333333333334,1.25,5.0,0.0,5.0,12.0,False,0.0
WPCRDD2,COLOR RITE DD02(5.5OZ),2025-01-26,2026-01-26,4.0,4.0,0.3333333333333333,0.6666666666666666,1.0,9.0,0.0,9.0,27.0,False,0.0
WPCRDD2,COLOR RITE DD02(5.5OZ),2025-01-26,2026-01-26,5.0,1.0,0.08333333333333333,0.16666666666666666,0.25,9.0,3.0,6.0,72.0,False,0.0
WPCRDD2,COLOR RITE DD02(5.5OZ),2025-01-26,2026-01-26,6.0,7.0,0.5833333333333334,1.1666666666666667,1.75,13.0,0.0,13.0,22.285714285714285,False,0.0
WPCRDD2,COLOR RITE DD02(5.5OZ),2025-01-26,2026-01-26,8.0,2.0,0.16666666666666666,0.3333333333333333,0.5,5.0,0.0,5.0,30.0,False,0.0
WPCRDD2,COLOR RITE DD02(5.5OZ),2025-01-26,2026-01-26,9.0,4.0,0.3333333333333333,0.6666666666666666,1.0,7.0,0.0,7.0,21.0,False,0.0
WPCRDD5,COLOR RITE DD05 (5.5OZ),2025-01-26,2026-01-26,1.0,33.0,2.75,5.5,8.25,20.0,0.0,20.0,7.2727272727272725,False,0.0
WPCRDD5,COLOR RITE DD05 (5.5OZ),2025-01-26,2026-01-26,3.0,6.0,0.5,1.0,1.5,3.0,0.0,3.0,6.0,False,0.0
WPCRDD5,COLOR RITE DD05 (5.5OZ),2025-01-26,2026-01-26,4.0,9.0,0.75,1.5,2.25,3.0,0.0,3.0,4.0,False,0.0
WPCRDD5,COLOR RITE DD05 (5.5OZ),2025-01-26,2026-01-26,5.0,5.0,0.4166666666666667,0.8333333333333334,1.25,5.0,0.0,5.0,12.0,False,0.0
WPCRDD5,COLOR RITE DD05 (5.5OZ),2025-01-26,2026-01-26,6.0,21.0,1.75,3.5,5.25,7.0,0.0,7.0,4.0,False,0.0
WPCRDD5,COLOR RITE DD05 (5.5OZ),2025-01-26,2026-01-26,8.0,2.0,0.16666666666666666,0.3333333333333333,0.5,12.0,0.0,12.0,72.0,False,0.0
WPCRDD5,COLOR RITE DD05 (5.5OZ),2025-01-26,2026-01-26,9.0,14.0,1.1666666666666667,2.3333333333333335,3.5,3.0,0.0,3.0,2.571428571428571,False,0.0
WPCRDE10,COLOR RITE DE10 (5.5OZ),2025-01-26,2026-01-26,1.0,3.0,0.25,0.5,0.75,22.0,0.0,22.0,88.0,False,0.0
WPCRDE10,COLOR RITE DE10 (5.5OZ),2025-01-26,2026-01-26,3.0,5.0,0.4166666666666667,0.8333333333333334,1.25,5.0,0.0,5.0,12.0,False,0.0
WPCRDE10,COLOR RITE DE10 (5.5OZ),2025-01-26,2026-01-26,4.0,4.0,0.3333333333333333,0.6666666666666666,1.0,8.0,0.0,8.0,24.0,False,0.0
WPCRDE10,COLOR RITE DE10 (5.5OZ),2025-01-26,2026-01-26,5.0,1.0,0.08333333333333333,0.16666666666666666,0.25,3.0,0.0,3.0,36.0,False,0.0
WPCRDE10,COLOR RITE DE10 (5.5OZ),2025-01-26,2026-01-26,6.0,10.0,0.8333333333333334,1.6666666666666667,2.5,6.0,0.0,6.0,7.199999999999999,False,0.0
WPCRDE10,COLOR RITE DE10 (5.5OZ),2025-01-26,2026-01-26,8.0,2.0,0.16666666666666666,0.3333333333333333,0.5,7.0,0.0,7.0,42.0,False,0.0
WPCRDE10,COLOR RITE DE10 (5.5OZ),2025-01-26,2026-01-26,9.0,3.0,0.25,0.5,0.75,6.0,0.0,6.0,24.0,False,0.0
WPCRDE12,COLOR RITE DE12 (5.5OZ),2025-01-26,2026-01-26,1.0,1.0,0.08333333333333333,0.16666666666666666,0.25,78.0,48.0,30.0,360.0,False,0.0
WPCRDE12,COLOR RITE DE12 (5.5OZ),2025-01-26,2026-01-26,3.0,5.0,0.4166666666666667,0.8333333333333334,1.25,4.0,0.0,4.0,9.6,False,0.0
WPCRDE12,COLOR RITE DE12 (5.5OZ),2025-01-26,2026-01-26,4.0,1.0,0.08333333333333333,0.16666666666666666,0.25,11.0,0.0,11.0,132.0,False,0.0
WPCRDE12,COLOR RITE DE12 (5.5OZ),2025-01-26,2026-01-26,5.0,1.0,0.08333333333333333,0.16666666666666666,0.25,6.0,0.0,6.0,72.0,False,0.0
WPCRDE12,COLOR RITE DE12 (5.5OZ),2025-01-26,2026-01-26,6.0,1.0,0.08333333333333333,0.16666666666666666,0.25,14.0,0.0,14.0,168.0,False,0.0
WPCRDE12,COLOR RITE DE12 (5.5OZ),2025-01-26,2026-01-26,8.0,2.0,0.16666666666666666,0.3333333333333333,0.5,7.0,0.0,7.0,42.0,False,0.0
WPCRDE12,COLOR RITE DE12 (5.5OZ),2025-01-26,2026-01-26,9.0,1.0,0.08333333333333333,0.16666666666666666,0.25,11.0,0.0,11.0,132.0,False,0.0
WPCRDE13,COLOR RITE DE13 (5.5OZ),2025-01-26,2026-01-26,1.0,36.0,3.0,6.0,9.0,24.0,0.0,24.0,8.0,False,0.0
WPCRDE13,COLOR RITE DE13 (5.5OZ),2025-01-26,2026-01-26,3.0,3.0,0.25,0.5,0.75,3.0,0.0,3.0,12.0,False,0.0
WPCRDE13,COLOR RITE DE13 (5.5OZ),2025-01-26,2026-01-26,4.0,4.0,0.3333333333333333,0.6666666666666666,1.0,8.0,0.0,8.0,24.0,False,0.0
WPCRDE13,COLOR RITE DE13 (5.5OZ),2025-01-26,2026-01-26,5.0,6.0,0.5,1.0,1.5,1.0,0.0,1.0,2.0,False,0.0
WPCRDE13,COLOR RITE DE13 (5.5OZ),2025-01-26,2026-01-26,6.0,19.0,1.5833333333333333,3.1666666666666665,4.75,3.0,0.0,3.0,1.8947368421052633,True,1.75
WPCRDE13,COLOR RITE DE13 (5.5OZ),2025-01-26,2026-01-26,8.0,3.0,0.25,0.5,0.75,8.0,0.0,8.0,32.0,False,0.0
WPCRDE13,COLOR RITE DE13 (5.5OZ),2025-01-26,2026-01-26,9.0,13.0,1.0833333333333333,2.1666666666666665,3.25,8.0,1.0,7.0,6.461538461538462,False,0.0
WPCRDM01,COLOR RITE DM01 (5.5OZ),2025-01-26,2026-01-26,1.0,7.0,0.5833333333333334,1.1666666666666667,1.75,43.0,0.0,43.0,73.71428571428571,False,0.0
WPCRDM01,COLOR RITE DM01 (5.5OZ),2025-01-26,2026-01-26,3.0,21.0,1.75,3.5,5.25,0.0,0.0,0.0,0.0,True,5.25
WPCRDM01,COLOR RITE DM01 (5.5OZ),2025-01-26,2026-01-26,4.0,11.0,0.9166666666666666,1.8333333333333333,2.75,4.0,0.0,4.0,4.363636363636364,False,0.0
WPCRDM01,COLOR RITE DM01 (5.5OZ),2025-01-26,2026-01-26,5.0,12.0,1.0,2.0,3.0,0.0,0.0,0.0,0.0,True,3.0
WPCRDM01,COLOR RITE DM01 (5.5OZ),2025-01-26,2026-01-26,6.0,4.0,0.3333333333333333,0.6666666666666666,1.0,6.0,0.0,6.0,18.0,False,0.0
WPCRDM01,COLOR RITE DM01 (5.5OZ),2025-01-26,2026-01-26,8.0,6.0,0.5,1.0,1.5,12.0,0.0,12.0,24.0,False,0.0
WPCRDM01,COLOR RITE DM01 (5.5OZ),2025-01-26,2026-01-26,9.0,9.0,0.75,1.5,2.25,8.0,0.0,8.0,10.666666666666666,False,0.0
WPCRDM3,COLOR RITE DM03 (5.5OZ),2025-01-26,2026-01-26,1.0,13.0,1.0833333333333333,2.1666666666666665,3.25,20.0,0.0,20.0,18.461538461538463,False,0.0
WPCRDM3,COLOR RITE DM03 (5.5OZ),2025-01-26,2026-01-26,3.0,15.0,1.25,2.5,3.75,18.0,0.0,18.0,14.4,False,0.0
WPCRDM3,COLOR RITE DM03 (5.5OZ),2025-01-26,2026-01-26,4.0,7.0,0.5833333333333334,1.1666666666666667,1.75,6.0,0.0,6.0,10.285714285714285,False,0.0
WPCRDM3,COLOR RITE DM03 (5.5OZ),2025-01-26,2026-01-26,5.0,5.0,0.4166666666666667,0.8333333333333334,1.25,5.0,1.0,4.0,9.6,False,0.0
WPCRDM3,COLOR RITE DM03 (5.5OZ),2025-01-26,2026-01-26,6.0,7.0,0.5833333333333334,1.1666666666666667,1.75,0.0,0.0,0.0,0.0,True,1.75
WPCRDM3,COLOR RITE DM03 (5.5OZ),2025-01-26,2026-01-26,8.0,8.0,0.6666666666666666,1.3333333333333333,2.0,3.0,0.0,3.0,4.5,False,0.0
WPCRDM3,COLOR RITE DM03 (5.5OZ),2025-01-26,2026-01-26,9.0,7.0,0.5833333333333334,1.1666666666666667,1.75,0.0,0.0,0.0,0.0,True,1.75
WPDS213,DURASEAL PUTTY - WHITE,2025-01-26,2026-01-26,1.0,8.0,0.6666666666666666,1.3333333333333333,2.0,9.0,0.0,9.0,13.5,False,0.0
WPDS213,DURASEAL PUTTY - WHITE,2025-01-26,2026-01-26,3.0,2.0,0.16666666666666666,0.3333333333333333,0.5,3.0,0.0,3.0,18.0,False,0.0
WPDS213,DURASEAL PUTTY - WHITE,2025-01-26,2026-01-26,4.0,1.0,0.08333333333333333,0.16666666666666666,0.25,7.0,0.0,7.0,84.0,False,0.0
WPDS213,DURASEAL PUTTY - WHITE,2025-01-26,2026-01-26,5.0,0.0,0.0,0.0,0.0,4.0,0.0,4.0,inf,False,0.0
WPDS213,DURASEAL PUTTY - WHITE,2025-01-26,2026-01-26,6.0,5.0,0.4166666666666667,0.8333333333333334,1.25,6.0,0.0,6.0,14.399999999999999,False,0.0
WPDS213,DURASEAL PUTTY - WHITE,2025-01-26,2026-01-26,8.0,1.0,0.08333333333333333,0.16666666666666666,0.25,3.0,0.0,3.0,36.0,False,0.0
WPDS213,DURASEAL PUTTY - WHITE,2025-01-26,2026-01-26,9.0,2.0,0.16666666666666666,0.3333333333333333,0.5,9.0,0.0,9.0,54.0,False,0.0
WPDS214,DURASEAL PUTTY CHESTUT\GOLDEN,2025-01-26,2026-01-26,1.0,0.0,0.0,0.0,0.0,18.0,0.0,18.0,inf,False,0.0
WPDS214,DURASEAL PUTTY CHESTUT\GOLDEN,2025-01-26,2026-01-26,3.0,1.0,0.08333333333333333,0.16666666666666666,0.25,5.0,0.0,5.0,60.0,False,0.0
WPDS214,DURASEAL PUTTY CHESTUT\GOLDEN,2025-01-26,2026-01-26,4.0,0.0,0.0,0.0,0.0,6.0,0.0,6.0,inf,False,0.0
WPDS214,DURASEAL PUTTY CHESTUT\GOLDEN,2025-01-26,2026-01-26,5.0,0.0,0.0,0.0,0.0,4.0,0.0,4.0,inf,False,0.0
WPDS214,DURASEAL PUTTY CHESTUT\GOLDEN,2025-01-26,2026-01-26,6.0,5.0,0.4166666666666667,0.8333333333333334,1.25,2.0,0.0,2.0,4.8,False,0.0
WPDS214,DURASEAL PUTTY CHESTUT\GOLDEN,2025-01-26,2026-01-26,8.0,2.0,0.16666666666666666,0.3333333333333333,0.5,3.0,0.0,3.0,18.0,False,0.0
WPDS214,DURASEAL PUTTY CHESTUT\GOLDEN,2025-01-26,2026-01-26,9.0,3.0,0.25,0.5,0.75,6.0,0.0,6.0,24.0,False,0.0
WPDS215,DURASEAL PUTTY ANTIQUE\SPICE,2025-01-26,2026-01-26,1.0,0.0,0.0,0.0,0.0,7.0,0.0,7.0,inf,False,0.0
WPDS215,DURASEAL PUTTY ANTIQUE\SPICE,2025-01-26,2026-01-26,3.0,1.0,0.08333333333333333,0.16666666666666666,0.25,5.0,0.0,5.0,60.0,False,0.0
WPDS215,DURASEAL PUTTY ANTIQUE\SPICE,2025-01-26,2026-01-26,4.0,1.0,0.08333333333333333,0.16666666666666666,0.25,3.0,0.0,3.0,36.0,False,0.0
WPDS215,DURASEAL PUTTY ANTIQUE\SPICE,2025-01-26,2026-01-26,5.0,0.0,0.0,0.0,0.0,3.0,0.0,3.0,inf,False,0.0
WPDS215,DURASEAL PUTTY ANTIQUE\SPICE,2025-01-26,2026-01-26,6.0,3.0,0.25,0.5,0.75,4.0,0.0,4.0,16.0,False,0.0
WPDS215,DURASEAL PUTTY ANTIQUE\SPICE,2025-01-26,2026-01-26,8.0,2.0,0.16666666666666666,0.3333333333333333,0.5,5.0,0.0,5.0,30.0,False,0.0
WPDS215,DURASEAL PUTTY ANTIQUE\SPICE,2025-01-26,2026-01-26,9.0,0.0,0.0,0.0,0.0,6.0,0.0,6.0,inf,False,0.0
WPDS216,DURASEAL PUTTY COFFEE BROWN,2025-01-26,2026-01-26,1.0,0.0,0.0,0.0,0.0,13.0,0.0,13.0,inf,False,0.0
WPDS216,DURASEAL PUTTY COFFEE BROWN,2025-01-26,2026-01-26,3.0,1.0,0.08333333333333333,0.16666666666666666,0.25,5.0,0.0,5.0,60.0,False,0.0
WPDS216,DURASEAL PUTTY COFFEE BROWN,2025-01-26,2026-01-26,4.0,1.0,0.08333333333333333,0.16666666666666666,0.25,16.0,0.0,16.0,192.0,False,0.0
WPDS216,DURASEAL PUTTY COFFEE BROWN,2025-01-26,2026-01-26,5.0,1.0,0.08333333333333333,0.16666666666666666,0.25,5.0,0.0,5.0,60.0,False,0.0
WPDS216,DURASEAL PUTTY COFFEE BROWN,2025-01-26,2026-01-26,6.0,3.0,0.25,0.5,0.75,5.0,0.0,5.0,20.0,False,0.0
WPDS216,DURASEAL PUTTY COFFEE BROWN,2025-01-26,2026-01-26,8.0,1.0,0.08333333333333333,0.16666666666666666,0.25,5.0,0.0,5.0,60.0,False,0.0
WPDS216,DURASEAL PUTTY COFFEE BROWN,2025-01-26,2026-01-26,9.0,0.0,0.0,0.0,0.0,9.0,0.0,9.0,inf,False,0.0
WPDS217,DURASEAL PUTTY MEDIUM BROWN,2025-01-26,2026-01-26,1.0,0.0,0.0,0.0,0.0,6.0,0.0,6.0,inf,False,0.0
WPDS217,DURASEAL PUTTY MEDIUM BROWN,2025-01-26,2026-01-26,3.0,0.0,0.0,0.0,0.0,6.0,0.0,6.0,inf,False,0.0
WPDS217,DURASEAL PUTTY MEDIUM BROWN,2025-01-26,2026-01-26,4.0,1.0,0.08333333333333333,0.16666666666666666,0.25,7.0,0.0,7.0,84.0,False,0.0
WPDS217,DURASEAL PUTTY MEDIUM BROWN,2025-01-26,2026-01-26,5.0,1.0,0.08333333333333333,0.16666666666666666,0.25,8.0,0.0,8.0,96.0,False,0.0
WPDS217,DURASEAL PUTTY MEDIUM BROWN,2025-01-26,2026-01-26,6.0,4.0,0.3333333333333333,0.6666666666666666,1.0,5.0,0.0,5.0,15.0,False,0.0
WPDS217,DURASEAL PUTTY MEDIUM BROWN,2025-01-26,2026-01-26,8.0,1.0,0.08333333333333333,0.16666666666666666,0.25,6.0,0.0,6.0,72.0,False,0.0
WPDS217,DURASEAL PUTTY MEDIUM BROWN,2025-01-26,2026-01-26,9.0,2.0,0.16666666666666666,0.3333333333333333,0.5,7.0,0.0,7.0,42.0,False,0.0
WPDS218,DURASEAL PUTTY ROSEWOOD,2025-01-26,2026-01-26,1.0,0.0,0.0,0.0,0.0,6.0,0.0,6.0,inf,False,0.0
WPDS218,DURASEAL PUTTY ROSEWOOD,2025-01-26,2026-01-26,3.0,2.0,0.16666666666666666,0.3333333333333333,0.5,6.0,0.0,6.0,36.0,False,0.0
WPDS218,DURASEAL PUTTY ROSEWOOD,2025-01-26,2026-01-26,4.0,2.0,0.16666666666666666,0.3333333333333333,0.5,1.0,0.0,1.0,6.0,False,0.0
WPDS218,DURASEAL PUTTY ROSEWOOD,2025-01-26,2026-01-26,5.0,0.0,0.0,0.0,0.0,6.0,0.0,6.0,inf,False,0.0
WPDS218,DURASEAL PUTTY ROSEWOOD,2025-01-26,2026-01-26,6.0,1.0,0.08333333333333333,0.16666666666666666,0.25,3.0,0.0,3.0,36.0,False,0.0
WPDS218,DURASEAL PUTTY ROSEWOOD,2025-01-26,2026-01-26,8.0,3.0,0.25,0.5,0.75,1.0,0.0,1.0,4.0,False,0.0
WPDS218,DURASEAL PUTTY ROSEWOOD,2025-01-26,2026-01-26,9.0,0.0,0.0,0.0,0.0,6.0,0.0,6.0,inf,False,0.0
WPDS219,DURASEAL PUTTY ROYAL MAHAGONY,2025-01-26,2026-01-26,1.0,3.0,0.25,0.5,0.75,6.0,0.0,6.0,24.0,False,0.0
WPDS219,DURASEAL PUTTY ROYAL MAHAGONY,2025-01-26,2026-01-26,3.0,0.0,0.0,0.0,0.0,7.0,0.0,7.0,inf,False,0.0
WPDS219,DURASEAL PUTTY ROYAL MAHAGONY,2025-01-26,2026-01-26,4.0,0.0,0.0,0.0,0.0,6.0,0.0,6.0,inf,False,0.0
WPDS219,DURASEAL PUTTY ROYAL MAHAGONY,2025-01-26,2026-01-26,5.0,0.0,0.0,0.0,0.0,6.0,0.0,6.0,inf,False,0.0
WPDS219,DURASEAL PUTTY ROYAL MAHAGONY,2025-01-26,2026-01-26,6.0,1.0,0.08333333333333333,0.16666666666666666,0.25,6.0,0.0,6.0,72.0,False,0.0
WPDS219,DURASEAL PUTTY ROYAL MAHAGONY,2025-01-26,2026-01-26,8.0,1.0,0.08333333333333333,0.16666666666666666,0.25,7.0,0.0,7.0,84.0,False,0.0
WPDS219,DURASEAL PUTTY ROYAL MAHAGONY,2025-01-26,2026-01-26,9.0,2.0,0.16666666666666666,0.3333333333333333,0.5,4.0,0.0,4.0,24.0,False,0.0
WPDS220,DURASEAL PUTTY SEDONA RED,2025-01-26,2026-01-26,1.0,5.0,0.4166666666666667,0.8333333333333334,1.25,18.0,0.0,18.0,43.199999999999996,False,0.0
WPDS220,DURASEAL PUTTY SEDONA RED,2025-01-26,2026-01-26,3.0,0.0,0.0,0.0,0.0,4.0,0.0,4.0,inf,False,0.0
WPDS220,DURASEAL PUTTY SEDONA RED,2025-01-26,2026-01-26,4.0,3.0,0.25,0.5,0.75,10.0,0.0,10.0,40.0,False,0.0
WPDS220,DURASEAL PUTTY SEDONA RED,2025-01-26,2026-01-26,5.0,4.0,0.3333333333333333,0.6666666666666666,1.0,7.0,0.0,7.0,21.0,False,0.0
WPDS220,DURASEAL PUTTY SEDONA RED,2025-01-26,2026-01-26,6.0,2.0,0.16666666666666666,0.3333333333333333,0.5,4.0,0.0,4.0,24.0,False,0.0
WPDS220,DURASEAL PUTTY SEDONA RED,2025-01-26,2026-01-26,8.0,1.0,0.08333333333333333,0.16666666666666666,0.25,4.0,0.0,4.0,48.0,False,0.0
WPDS220,DURASEAL PUTTY SEDONA RED,2025-01-26,2026-01-26,9.0,0.0,0.0,0.0,0.0,10.0,0.0,10.0,inf,False,0.0
WPDS221,DURASEAL PUTTY EBONY,2025-01-26,2026-01-26,1.0,4.0,0.3333333333333333,0.6666666666666666,1.0,9.0,0.0,9.0,27.0,False,0.0
WPDS221,DURASEAL PUTTY EBONY,2025-01-26,2026-01-26,3.0,0.0,0.0,0.0,0.0,8.0,0.0,8.0,inf,False,0.0
WPDS221,DURASEAL PUTTY EBONY,2025-01-26,2026-01-26,4.0,0.0,0.0,0.0,0.0,5.0,0.0,5.0,inf,False,0.0
WPDS221,DURASEAL PUTTY EBONY,2025-01-26,2026-01-26,5.0,3.0,0.25,0.5,0.75,3.0,0.0,3.0,12.0,False,0.0
WPDS221,DURASEAL PUTTY EBONY,2025-01-26,2026-01-26,6.0,3.0,0.25,0.5,0.75,5.0,0.0,5.0,20.0,False,0.0
WPDS221,DURASEAL PUTTY EBONY,2025-01-26,2026-01-26,8.0,1.0,0.08333333333333333,0.16666666666666666,0.25,6.0,0.0,6.0,72.0,False,0.0
WPDS221,DURASEAL PUTTY EBONY,2025-01-26,2026-01-26,9.0,1.0,0.08333333333333333,0.16666666666666666,0.25,5.0,0.0,5.0,60.0,False,0.0
WPDS222,DURASEAL PUTTY RED OAK,2025-01-26,2026-01-26,1.0,10.0,0.8333333333333334,1.6666666666666667,2.5,12.0,0.0,12.0,14.399999999999999,False,0.0
WPDS222,DURASEAL PUTTY RED OAK,2025-01-26,2026-01-26,3.0,2.0,0.16666666666666666,0.3333333333333333,0.5,6.0,0.0,6.0,36.0,False,0.0
WPDS222,DURASEAL PUTTY RED OAK,2025-01-26,2026-01-26,4.0,3.0,0.25,0.5,0.75,3.0,0.0,3.0,12.0,False,0.0
WPDS222,DURASEAL PUTTY RED OAK,2025-01-26,2026-01-26,5.0,7.0,0.5833333333333334,1.1666666666666667,1.75,8.0,0.0,8.0,13.714285714285714,False,0.0
WPDS222,DURASEAL PUTTY RED OAK,2025-01-26,2026-01-26,6.0,9.0,0.75,1.5,2.25,7.0,0.0,7.0,9.333333333333334,False,0.0
WPDS222,DURASEAL PUTTY RED OAK,2025-01-26,2026-01-26,8.0,7.0,0.5833333333333334,1.1666666666666667,1.75,5.0,0.0,5.0,8.571428571428571,False,0.0
WPDS222,DURASEAL PUTTY RED OAK,2025-01-26,2026-01-26,9.0,2.0,0.16666666666666666,0.3333333333333333,0.5,7.0,0.0,7.0,42.0,False,0.0
WPDS223,DURASEAL PUTTY WHITE OAK,2025-01-26,2026-01-26,1.0,16.0,1.3333333333333333,2.6666666666666665,4.0,14.0,0.0,14.0,10.5,False,0.0
WPDS223,DURASEAL PUTTY WHITE OAK,2025-01-26,2026-01-26,3.0,3.0,0.25,0.5,0.75,5.0,0.0,5.0,20.0,False,0.0
WPDS223,DURASEAL PUTTY WHITE OAK,2025-01-26,2026-01-26,4.0,1.0,0.08333333333333333,0.16666666666666666,0.25,4.0,0.0,4.0,48.0,False,0.0
WPDS223,DURASEAL PUTTY WHITE OAK,2025-01-26,2026-01-26,5.0,5.0,0.4166666666666667,0.8333333333333334,1.25,9.0,0.0,9.0,21.599999999999998,False,0.0
WPDS223,DURASEAL PUTTY WHITE OAK,2025-01-26,2026-01-26,6.0,8.0,0.6666666666666666,1.3333333333333333,2.0,7.0,0.0,7.0,10.5,False,0.0
WPDS223,DURASEAL PUTTY WHITE OAK,2025-01-26,2026-01-26,8.0,8.0,0.6666666666666666,1.3333333333333333,2.0,5.0,0.0,5.0,7.5,False,0.0
WPDS223,DURASEAL PUTTY WHITE OAK,2025-01-26,2026-01-26,9.0,5.0,0.4166666666666667,0.8333333333333334,1.25,7.0,0.0,7.0,16.8,False,0.0
WPDS224,DURASEAL PUTTY MAPLE ASH PINE,2025-01-26,2026-01-26,1.0,6.0,0.5,1.0,1.5,2.0,0.0,2.0,4.0,False,0.0
WPDS224,DURASEAL PUTTY MAPLE ASH PINE,2025-01-26,2026-01-26,3.0,0.0,0.0,0.0,0.0,5.0,0.0,5.0,inf,False,0.0
WPDS224,DURASEAL PUTTY MAPLE ASH PINE,2025-01-26,2026-01-26,4.0,1.0,0.08333333333333333,0.16666666666666666,0.25,6.0,0.0,6.0,72.0,False,0.0
WPDS224,DURASEAL PUTTY MAPLE ASH PINE,2025-01-26,2026-01-26,5.0,5.0,0.4166666666666667,0.8333333333333334,1.25,9.0,0.0,9.0,21.599999999999998,False,0.0
WPDS224,DURASEAL PUTTY MAPLE ASH PINE,2025-01-26,2026-01-26,6.0,6.0,0.5,1.0,1.5,4.0,0.0,4.0,8.0,False,0.0
WPDS224,DURASEAL PUTTY MAPLE ASH PINE,2025-01-26,2026-01-26,8.0,7.0,0.5833333333333334,1.1666666666666667,1.75,8.0,0.0,8.0,13.714285714285714,False,0.0
WPDS224,DURASEAL PUTTY MAPLE ASH PINE,2025-01-26,2026-01-26,9.0,4.0,0.3333333333333333,0.6666666666666666,1.0,9.0,0.0,9.0,27.0,False,0.0
WPDSFMO1,DURASEAL MAPLE FILLER 1 GAL,2025-01-26,2026-01-26,1.0,2.0,0.16666666666666666,0.3333333333333333,0.5,0.0,0.0,0.0,0.0,False,0.0
WPDSFRO1,DURASEAL R/O FILLER 1 GAL,2025-01-26,2026-01-26,1.0,58.0,4.833333333333333,9.666666666666666,14.5,68.0,2.0,66.0,13.655172413793105,False,0.0
WPDSFRO1,DURASEAL R/O FILLER 1 GAL,2025-01-26,2026-01-26,3.0,75.0,6.25,12.5,18.75,2.0,1.0,1.0,0.16,True,17.75
WPDSFRO1,DURASEAL R/O FILLER 1 GAL,2025-01-26,2026-01-26,4.0,47.0,3.9166666666666665,7.833333333333333,11.75,9.0,0.0,9.0,2.297872340425532,False,0.0
WPDSFRO1,DURASEAL R/O FILLER 1 GAL,2025-01-26,2026-01-26,5.0,8.0,0.6666666666666666,1.3333333333333333,2.0,6.0,0.0,6.0,9.0,False,0.0
WPDSFRO1,DURASEAL R/O FILLER 1 GAL,2025-01-26,2026-01-26,6.0,127.0,10.583333333333334,21.166666666666668,31.75,25.0,0.0,25.0,2.3622047244094486,False,0.0
WPDSFRO1,DURASEAL R/O FILLER 1 GAL,2025-01-26,2026-01-26,8.0,52.0,4.333333333333333,8.666666666666666,13.0,5.0,0.0,5.0,1.153846153846154,True,8.0
WPDSFRO1,DURASEAL R/O FILLER 1 GAL,2025-01-26,2026-01-26,9.0,29.0,2.4166666666666665,4.833333333333333,7.25,6.0,0.0,6.0,2.4827586206896552,False,0.0
WPDSFWO1,DURASEAL W/O FILLER 1 GAL,2025-01-26,2026-01-26,1.0,51.0,4.25,8.5,12.75,44.0,1.0,43.0,10.117647058823529,False,0.0
WPDSFWO1,DURASEAL W/O FILLER 1 GAL,2025-01-26,2026-01-26,3.0,59.0,4.916666666666667,9.833333333333334,14.75,13.0,0.0,13.0,2.6440677966101696,False,0.0
WPDSFWO1,DURASEAL W/O FILLER 1 GAL,2025-01-26,2026-01-26,4.0,33.0,2.75,5.5,8.25,7.0,0.0,7.0,2.5454545454545454,False,0.0
WPDSFWO1,DURASEAL W/O FILLER 1 GAL,2025-01-26,2026-01-26,5.0,5.0,0.4166666666666667,0.8333333333333334,1.25,7.0,0.0,7.0,16.8,False,0.0
WPDSFWO1,DURASEAL W/O FILLER 1 GAL,2025-01-26,2026-01-26,6.0,69.0,5.75,11.5,17.25,12.0,0.0,12.0,2.0869565217391304,False,0.0
WPDSFWO1,DURASEAL W/O FILLER 1 GAL,2025-01-26,2026-01-26,8.0,24.0,2.0,4.0,6.0,6.0,0.0,6.0,3.0,False,0.0
WPDSFWO1,DURASEAL W/O FILLER 1 GAL,2025-01-26,2026-01-26,9.0,17.0,1.4166666666666667,2.8333333333333335,4.25,3.0,1.0,2.0,1.4117647058823528,True,2.25
WPDSMA1,DURASEAL MAPLE PATCH 1 GAL,2025-01-26,2026-01-26,1.0,19.0,1.5833333333333333,3.1666666666666665,4.75,18.0,0.0,18.0,11.368421052631579,False,0.0
WPDSMA1,DURASEAL MAPLE PATCH 1 GAL,2025-01-26,2026-01-26,3.0,23.0,1.9166666666666667,3.8333333333333335,5.75,8.0,0.0,8.0,4.173913043478261,False,0.0
WPDSMA1,DURASEAL MAPLE PATCH 1 GAL,2025-01-26,2026-01-26,4.0,11.0,0.9166666666666666,1.8333333333333333,2.75,3.0,0.0,3.0,3.272727272727273,False,0.0
WPDSMA1,DURASEAL MAPLE PATCH 1 GAL,2025-01-26,2026-01-26,5.0,1.0,0.08333333333333333,0.16666666666666666,0.25,5.0,0.0,5.0,60.0,False,0.0
WPDSMA1,DURASEAL MAPLE PATCH 1 GAL,2025-01-26,2026-01-26,6.0,18.0,1.5,3.0,4.5,10.0,0.0,10.0,6.666666666666667,False,0.0
WPDSMA1,DURASEAL MAPLE PATCH 1 GAL,2025-01-26,2026-01-26,8.0,4.0,0.3333333333333333,0.6666666666666666,1.0,2.0,0.0,2.0,6.0,False,0.0
WPDSMA1,DURASEAL MAPLE PATCH 1 GAL,2025-01-26,2026-01-26,9.0,9.0,0.75,1.5,2.25,4.0,0.0,4.0,5.333333333333333,False,0.0
WPDSMA35,DURASEAL FILLER 3.5 GAL MAPLE,2025-01-26,2026-01-26,1.0,1.0,0.08333333333333333,0.16666666666666666,0.25,0.0,0.0,0.0,0.0,False,0.0
WPDSMA35,DURASEAL FILLER 3.5 GAL MAPLE,2025-01-26,2026-01-26,3.0,0.0,0.0,0.0,0.0,0.0,0.0,0.0,inf,False,0.0
WPDSMA35,DURASEAL FILLER 3.5 GAL MAPLE,2025-01-26,2026-01-26,4.0,0.0,0.0,0.0,0.0,0.0,0.0,0.0,inf,False,0.0
WPDSMA35,DURASEAL FILLER 3.5 GAL MAPLE,2025-01-26,2026-01-26,5.0,0.0,0.0,0.0,0.0,0.0,0.0,0.0,inf,False,0.0
WPDSMA35,DURASEAL FILLER 3.5 GAL MAPLE,2025-01-26,2026-01-26,6.0,0.0,0.0,0.0,0.0,0.0,0.0,0.0,inf,False,0.0
WPDSMA35,DURASEAL FILLER 3.5 GAL MAPLE,2025-01-26,2026-01-26,8.0,0.0,0.0,0.0,0.0,0.0,0.0,0.0,inf,False,0.0
WPDSMA35,DURASEAL FILLER 3.5 GAL MAPLE,2025-01-26,2026-01-26,9.0,0.0,0.0,0.0,0.0,0.0,0.0,0.0,inf,False,0.0
WPDSMAQ,DURASEAL MAPLE PATCH QT,2025-01-26,2026-01-26,1.0,22.0,1.8333333333333333,3.6666666666666665,5.5,27.0,0.0,27.0,14.727272727272728,False,0.0
WPDSMAQ,DURASEAL MAPLE PATCH QT,2025-01-26,2026-01-26,3.0,23.0,1.9166666666666667,3.8333333333333335,5.75,9.0,0.0,9.0,4.695652173913043,False,0.0
WPDSMAQ,DURASEAL MAPLE PATCH QT,2025-01-26,2026-01-26,4.0,5.0,0.4166666666666667,0.8333333333333334,1.25,5.0,0.0,5.0,12.0,False,0.0
WPDSMAQ,DURASEAL MAPLE PATCH QT,2025-01-26,2026-01-26,5.0,0.0,0.0,0.0,0.0,8.0,0.0,8.0,inf,False,0.0
WPDSMAQ,DURASEAL MAPLE PATCH QT,2025-01-26,2026-01-26,6.0,23.0,1.9166666666666667,3.8333333333333335,5.75,7.0,0.0,7.0,3.652173913043478,False,0.0
WPDSMAQ,DURASEAL MAPLE PATCH QT,2025-01-26,2026-01-26,8.0,3.0,0.25,0.5,0.75,5.0,0.0,5.0,20.0,False,0.0
WPDSMAQ,DURASEAL MAPLE PATCH QT,2025-01-26,2026-01-26,9.0,6.0,0.5,1.0,1.5,4.0,0.0,4.0,8.0,False,0.0
WPDSRO1,DURASEAL R/O PATCH 1 GAL,2025-01-26,2026-01-26,1.0,23.0,1.9166666666666667,3.8333333333333335,5.75,21.0,0.0,21.0,10.956521739130434,False,0.0
WPDSRO1,DURASEAL R/O PATCH 1 GAL,2025-01-26,2026-01-26,3.0,43.0,3.5833333333333335,7.166666666666667,10.75,14.0,0.0,14.0,3.9069767441860463,False,0.0
WPDSRO1,DURASEAL R/O PATCH 1 GAL,2025-01-26,2026-01-26,4.0,7.0,0.5833333333333334,1.1666666666666667,1.75,4.0,0.0,4.0,6.857142857142857,False,0.0
WPDSRO1,DURASEAL R/O PATCH 1 GAL,2025-01-26,2026-01-26,5.0,3.0,0.25,0.5,0.75,6.0,0.0,6.0,24.0,False,0.0
WPDSRO1,DURASEAL R/O PATCH 1 GAL,2025-01-26,2026-01-26,6.0,18.0,1.5,3.0,4.5,10.0,0.0,10.0,6.666666666666667,False,0.0
WPDSRO1,DURASEAL R/O PATCH 1 GAL,2025-01-26,2026-01-26,8.0,10.0,0.8333333333333334,1.6666666666666667,2.5,8.0,0.0,8.0,9.6,False,0.0
WPDSRO1,DURASEAL R/O PATCH 1 GAL,2025-01-26,2026-01-26,9.0,10.0,0.8333333333333334,1.6666666666666667,2.5,3.0,0.0,3.0,3.5999999999999996,False,0.0
WPDSRO35,DURASEAL FILLER 3.5 GAL R/O,2025-01-26,2026-01-26,1.0,36.0,3.0,6.0,9.0,52.0,1.0,51.0,17.0,False,0.0
WPDSRO35,DURASEAL FILLER 3.5 GAL R/O,2025-01-26,2026-01-26,3.0,33.0,2.75,5.5,8.25,6.0,0.0,6.0,2.1818181818181817,False,0.0
WPDSRO35,DURASEAL FILLER 3.5 GAL R/O,2025-01-26,2026-01-26,4.0,15.0,1.25,2.5,3.75,9.0,3.0,6.0,4.8,False,0.0
WPDSRO35,DURASEAL FILLER 3.5 GAL R/O,2025-01-26,2026-01-26,5.0,14.0,1.1666666666666667,2.3333333333333335,3.5,5.0,0.0,5.0,4.285714285714286,False,0.0
WPDSRO35,DURASEAL FILLER 3.5 GAL R/O,2025-01-26,2026-01-26,6.0,71.0,5.916666666666667,11.833333333333334,17.75,9.0,0.0,9.0,1.5211267605633803,True,8.75
WPDSRO35,DURASEAL FILLER 3.5 GAL R/O,2025-01-26,2026-01-26,8.0,34.0,2.8333333333333335,5.666666666666667,8.5,10.0,0.0,10.0,3.5294117647058822,False,0.0
WPDSRO35,DURASEAL FILLER 3.5 GAL R/O,2025-01-26,2026-01-26,9.0,15.0,1.25,2.5,3.75,6.0,0.0,6.0,4.8,False,0.0
WPDSROQ,DURASEAL R/O PATCH QT,2025-01-26,2026-01-26,1.0,31.0,2.5833333333333335,5.166666666666667,7.75,23.0,0.0,23.0,8.903225806451612,False,0.0
WPDSROQ,DURASEAL R/O PATCH QT,2025-01-26,2026-01-26,3.0,32.0,2.6666666666666665,5.333333333333333,8.0,5.0,0.0,5.0,1.875,True,3.0
WPDSROQ,DURASEAL R/O PATCH QT,2025-01-26,2026-01-26,4.0,20.0,1.6666666666666667,3.3333333333333335,5.0,9.0,0.0,9.0,5.3999999999999995,False,0.0
WPDSROQ,DURASEAL R/O PATCH QT,2025-01-26,2026-01-26,5.0,0.0,0.0,0.0,0.0,5.0,0.0,5.0,inf,False,0.0
WPDSROQ,DURASEAL R/O PATCH QT,2025-01-26,2026-01-26,6.0,51.0,4.25,8.5,12.75,14.0,0.0,14.0,3.2941176470588234,False,0.0
WPDSROQ,DURASEAL R/O PATCH QT,2025-01-26,2026-01-26,8.0,16.0,1.3333333333333333,2.6666666666666665,4.0,7.0,0.0,7.0,5.25,False,0.0
WPDSROQ,DURASEAL R/O PATCH QT,2025-01-26,2026-01-26,9.0,9.0,0.75,1.5,2.25,6.0,0.0,6.0,8.0,False,0.0
WPDSWO1,DURASEAL PATCH W/O 1 GAL,2025-01-26,2026-01-26,1.0,30.0,2.5,5.0,7.5,31.0,0.0,31.0,12.4,False,0.0
WPDSWO1,DURASEAL PATCH W/O 1 GAL,2025-01-26,2026-01-26,3.0,45.0,3.75,7.5,11.25,13.0,0.0,13.0,3.466666666666667,False,0.0
WPDSWO1,DURASEAL PATCH W/O 1 GAL,2025-01-26,2026-01-26,4.0,3.0,0.25,0.5,0.75,4.0,0.0,4.0,16.0,False,0.0
WPDSWO1,DURASEAL PATCH W/O 1 GAL,2025-01-26,2026-01-26,5.0,0.0,0.0,0.0,0.0,9.0,0.0,9.0,inf,False,0.0
WPDSWO1,DURASEAL PATCH W/O 1 GAL,2025-01-26,2026-01-26,6.0,20.0,1.6666666666666667,3.3333333333333335,5.0,4.0,0.0,4.0,2.4,False,0.0
WPDSWO1,DURASEAL PATCH W/O 1 GAL,2025-01-26,2026-01-26,8.0,1.0,0.08333333333333333,0.16666666666666666,0.25,7.0,0.0,7.0,84.0,False,0.0
WPDSWO1,DURASEAL PATCH W/O 1 GAL,2025-01-26,2026-01-26,9.0,16.0,1.3333333333333333,2.6666666666666665,4.0,5.0,0.0,5.0,3.75,False,0.0
WPDSWO35,DURASEAL FILLER 3.5 GAL W/O,2025-01-26,2026-01-26,1.0,24.0,2.0,4.0,6.0,16.0,0.0,16.0,8.0,False,0.0
WPDSWO35,DURASEAL FILLER 3.5 GAL W/O,2025-01-26,2026-01-26,3.0,39.0,3.25,6.5,9.75,19.0,0.0,19.0,5.846153846153846,False,0.0
WPDSWO35,DURASEAL FILLER 3.5 GAL W/O,2025-01-26,2026-01-26,4.0,6.0,0.5,1.0,1.5,3.0,0.0,3.0,6.0,False,0.0
WPDSWO35,DURASEAL FILLER 3.5 GAL W/O,2025-01-26,2026-01-26,5.0,14.0,1.1666666666666667,2.3333333333333335,3.5,3.0,0.0,3.0,2.571428571428571,False,0.0
WPDSWO35,DURASEAL FILLER 3.5 GAL W/O,2025-01-26,2026-01-26,6.0,22.0,1.8333333333333333,3.6666666666666665,5.5,7.0,0.0,7.0,3.8181818181818183,False,0.0
WPDSWO35,DURASEAL FILLER 3.5 GAL W/O,2025-01-26,2026-01-26,8.0,3.0,0.25,0.5,0.75,6.0,4.0,2.0,8.0,False,0.0
WPDSWO35,DURASEAL FILLER 3.5 GAL W/O,2025-01-26,2026-01-26,9.0,11.0,0.9166666666666666,1.8333333333333333,2.75,8.0,0.0,8.0,8.727272727272728,False,0.0
WPDSWOQ,DURASEAL W/O PATCH QT,2025-01-26,2026-01-26,1.0,64.0,5.333333333333333,10.666666666666666,16.0,30.0,0.0,30.0,5.625,False,0.0
WPDSWOQ,DURASEAL W/O PATCH QT,2025-01-26,2026-01-26,3.0,53.0,4.416666666666667,8.833333333333334,13.25,8.0,0.0,8.0,1.811320754716981,True,5.25
WPDSWOQ,DURASEAL W/O PATCH QT,2025-01-26,2026-01-26,4.0,17.0,1.4166666666666667,2.8333333333333335,4.25,6.0,0.0,6.0,4.235294117647059,False,0.0
WPDSWOQ,DURASEAL W/O PATCH QT,2025-01-26,2026-01-26,5.0,3.0,0.25,0.5,0.75,7.0,0.0,7.0,28.0,False,0.0
WPDSWOQ,DURASEAL W/O PATCH QT,2025-01-26,2026-01-26,6.0,32.0,2.6666666666666665,5.333333333333333,8.0,8.0,0.0,8.0,3.0,False,0.0
WPDSWOQ,DURASEAL W/O PATCH QT,2025-01-26,2026-01-26,8.0,17.0,1.4166666666666667,2.8333333333333335,4.25,6.0,0.0,6.0,4.235294117647059,False,0.0
WPDSWOQ,DURASEAL W/O PATCH QT,2025-01-26,2026-01-26,9.0,11.0,0.9166666666666666,1.8333333333333333,2.75,5.0,0.0,5.0,5.454545454545455,False,0.0
WPWFC1,WOOD FLOUR CEMENT 1 GALLON,2025-01-26,2026-01-26,1.0,27.0,2.25,4.5,6.75,20.0,1.0,19.0,8.444444444444445,False,0.0
WPWFC1,WOOD FLOUR CEMENT 1 GALLON,2025-01-26,2026-01-26,3.0,38.0,3.1666666666666665,6.333333333333333,9.5,38.0,0.0,38.0,12.0,False,0.0
WPWFC1,WOOD FLOUR CEMENT 1 GALLON,2025-01-26,2026-01-26,4.0,217.0,18.083333333333332,36.166666666666664,54.25,16.0,0.0,16.0,0.8847926267281107,True,16.75
WPWFC1,WOOD FLOUR CEMENT 1 GALLON,2025-01-26,2026-01-26,5.0,4.0,0.3333333333333333,0.6666666666666666,1.0,7.0,0.0,7.0,21.0,False,0.0
WPWFC1,WOOD FLOUR CEMENT 1 GALLON,2025-01-26,2026-01-26,6.0,23.0,1.9166666666666667,3.8333333333333335,5.75,28.0,0.0,28.0,14.608695652173912,False,0.0
WPWFC1,WOOD FLOUR CEMENT 1 GALLON,2025-01-26,2026-01-26,8.0,6.0,0.5,1.0,1.5,7.0,0.0,7.0,14.0,False,0.0
WPWFC1,WOOD FLOUR CEMENT 1 GALLON,2025-01-26,2026-01-26,9.0,23.0,1.9166666666666667,3.8333333333333335,5.75,11.0,0.0,11.0,5.739130434782608,False,0.0
WPWW101,WOODWISE WOOD PATCH 1 GAL,2025-01-26,2026-01-26,1.0,5.0,0.4166666666666667,0.8333333333333334,1.25,8.0,0.0,8.0,19.2,False,0.0
WPWW101,WOODWISE WOOD PATCH 1 GAL,2025-01-26,2026-01-26,3.0,6.0,0.5,1.0,1.5,3.0,0.0,3.0,6.0,False,0.0
WPWW101,WOODWISE WOOD PATCH 1 GAL,2025-01-26,2026-01-26,4.0,0.0,0.0,0.0,0.0,3.0,0.0,3.0,inf,False,0.0
WPWW101,WOODWISE WOOD PATCH 1 GAL,2025-01-26,2026-01-26,5.0,32.0,2.6666666666666665,5.333333333333333,8.0,8.0,0.0,8.0,3.0,False,0.0
WPWW101,WOODWISE WOOD PATCH 1 GAL,2025-01-26,2026-01-26,6.0,5.0,0.4166666666666667,0.8333333333333334,1.25,5.0,0.0,5.0,12.0,False,0.0
WPWW101,WOODWISE WOOD PATCH 1 GAL,2025-01-26,2026-01-26,8.0,1.0,0.08333333333333333,0.16666666666666666,0.25,5.0,0.0,5.0,60.0,False,0.0
WPWW101,WOODWISE WOOD PATCH 1 GAL,2025-01-26,2026-01-26,9.0,6.0,0.5,1.0,1.5,6.0,0.0,6.0,12.0,False,0.0
WPWW103,WOODWISE 3.5 RED OAK FULL TRW.,2025-01-26,2026-01-26,1.0,1.0,0.08333333333333333,0.16666666666666666,0.25,7.0,0.0,7.0,84.0,False,0.0
WPWW103,WOODWISE 3.5 RED OAK FULL TRW.,2025-01-26,2026-01-26,3.0,2.0,0.16666666666666666,0.3333333333333333,0.5,4.0,0.0,4.0,24.0,False,0.0
WPWW103,WOODWISE 3.5 RED OAK FULL TRW.,2025-01-26,2026-01-26,4.0,15.0,1.25,2.5,3.75,11.0,0.0,11.0,8.8,False,0.0
WPWW103,WOODWISE 3.5 RED OAK FULL TRW.,2025-01-26,2026-01-26,5.0,48.0,4.0,8.0,12.0,14.0,0.0,14.0,3.5,False,0.0
WPWW103,WOODWISE 3.5 RED OAK FULL TRW.,2025-01-26,2026-01-26,6.0,7.0,0.5833333333333334,1.1666666666666667,1.75,10.0,0.0,10.0,17.142857142857142,False,0.0
WPWW103,WOODWISE 3.5 RED OAK FULL TRW.,2025-01-26,2026-01-26,8.0,0.0,0.0,0.0,0.0,6.0,0.0,6.0,inf,False,0.0
WPWW103,WOODWISE 3.5 RED OAK FULL TRW.,2025-01-26,2026-01-26,9.0,5.0,0.4166666666666667,0.8333333333333334,1.25,5.0,0.0,5.0,12.0,False,0.0
WPWW104,WOODWISE WOOD PATCH QT,2025-01-26,2026-01-26,1.0,2.0,0.16666666666666666,0.3333333333333333,0.5,1.0,0.0,1.0,6.0,False,0.0
WPWW104,WOODWISE WOOD PATCH QT,2025-01-26,2026-01-26,3.0,2.0,0.16666666666666666,0.3333333333333333,0.5,8.0,0.0,8.0,48.0,False,0.0
WPWW104,WOODWISE WOOD PATCH QT,2025-01-26,2026-01-26,4.0,0.0,0.0,0.0,0.0,6.0,0.0,6.0,inf,False,0.0
WPWW104,WOODWISE WOOD PATCH QT,2025-01-26,2026-01-26,5.0,19.0,1.5833333333333333,3.1666666666666665,4.75,12.0,0.0,12.0,7.578947368421053,False,0.0
WPWW104,WOODWISE WOOD PATCH QT,2025-01-26,2026-01-26,6.0,3.0,0.25,0.5,0.75,10.0,0.0,10.0,40.0,False,0.0
WPWW104,WOODWISE WOOD PATCH QT,2025-01-26,2026-01-26,8.0,2.0,0.16666666666666666,0.3333333333333333,0.5,3.0,0.0,3.0,18.0,False,0.0
WPWW104,WOODWISE WOOD PATCH QT,2025-01-26,2026-01-26,9.0,0.0,0.0,0.0,0.0,2.0,0.0,2.0,inf,False,0.0
WPWW201,WOODWISE WOOD PATCH 1 GAL.,2025-01-26,2026-01-26,1.0,1.0,0.08333333333333333,0.16666666666666666,0.25,11.0,0.0,11.0,132.0,False,0.0
WPWW201,WOODWISE WOOD PATCH 1 GAL.,2025-01-26,2026-01-26,3.0,4.0,0.3333333333333333,0.6666666666666666,1.0,5.0,0.0,5.0,15.0,False,0.0
WPWW201,WOODWISE WOOD PATCH 1 GAL.,2025-01-26,2026-01-26,4.0,0.0,0.0,0.0,0.0,5.0,0.0,5.0,inf,False,0.0
WPWW201,WOODWISE WOOD PATCH 1 GAL.,2025-01-26,2026-01-26,5.0,8.0,0.6666666666666666,1.3333333333333333,2.0,2.0,0.0,2.0,3.0,False,0.0
WPWW201,WOODWISE WOOD PATCH 1 GAL.,2025-01-26,2026-01-26,6.0,3.0,0.25,0.5,0.75,4.0,0.0,4.0,16.0,False,0.0
WPWW201,WOODWISE WOOD PATCH 1 GAL.,2025-01-26,2026-01-26,8.0,0.0,0.0,0.0,0.0,3.0,0.0,3.0,inf,False,0.0
WPWW201,WOODWISE WOOD PATCH 1 GAL.,2025-01-26,2026-01-26,9.0,2.0,0.16666666666666666,0.3333333333333333,0.5,3.0,0.0,3.0,18.0,False,0.0
WPWW204,WOODWISE WOOD PATCH QT,2025-01-26,2026-01-26,1.0,1.0,0.08333333333333333,0.16666666666666666,0.25,10.0,0.0,10.0,120.0,False,0.0
WPWW204,WOODWISE WOOD PATCH QT,2025-01-26,2026-01-26,3.0,1.0,0.08333333333333333,0.16666666666666666,0.25,10.0,0.0,10.0,120.0,False,0.0
WPWW204,WOODWISE WOOD PATCH QT,2025-01-26,2026-01-26,4.0,0.0,0.0,0.0,0.0,3.0,0.0,3.0,inf,False,0.0
WPWW204,WOODWISE WOOD PATCH QT,2025-01-26,2026-01-26,5.0,10.0,0.8333333333333334,1.6666666666666667,2.5,6.0,1.0,5.0,6.0,False,0.0
WPWW204,WOODWISE WOOD PATCH QT,2025-01-26,2026-01-26,6.0,1.0,0.08333333333333333,0.16666666666666666,0.25,5.0,0.0,5.0,60.0,False,0.0
WPWW204,WOODWISE WOOD PATCH QT,2025-01-26,2026-01-26,8.0,0.0,0.0,0.0,0.0,4.0,0.0,4.0,inf,False,0.0
WPWW204,WOODWISE WOOD PATCH QT,2025-01-26,2026-01-26,9.0,0.0,0.0,0.0,0.0,1.0,0.0,1.0,inf,False,0.0
WPWW301,WOODWISE WOOD PATCH 1 GAL,2025-01-26,2026-01-26,1.0,3.0,0.25,0.5,0.75,9.0,1.0,8.0,32.0,False,0.0
WPWW301,WOODWISE WOOD PATCH 1 GAL,2025-01-26,2026-01-26,3.0,0.0,0.0,0.0,0.0,7.0,0.0,7.0,inf,False,0.0
WPWW301,WOODWISE WOOD PATCH 1 GAL,2025-01-26,2026-01-26,4.0,0.0,0.0,0.0,0.0,4.0,0.0,4.0,inf,False,0.0
WPWW301,WOODWISE WOOD PATCH 1 GAL,2025-01-26,2026-01-26,5.0,25.0,2.0833333333333335,4.166666666666667,6.25,5.0,0.0,5.0,2.4,False,0.0
WPWW301,WOODWISE WOOD PATCH 1 GAL,2025-01-26,2026-01-26,6.0,7.0,0.5833333333333334,1.1666666666666667,1.75,4.0,0.0,4.0,6.857142857142857,False,0.0
WPWW301,WOODWISE WOOD PATCH 1 GAL,2025-01-26,2026-01-26,8.0,0.0,0.0,0.0,0.0,3.0,1.0,2.0,inf,False,0.0
WPWW301,WOODWISE WOOD PATCH 1 GAL,2025-01-26,2026-01-26,9.0,6.0,0.5,1.0,1.5,4.0,0.0,4.0,8.0,False,0.0
WPWW303,WOODWISE 3.5 WHITE OAK FULL TR,2025-01-26,2026-01-26,1.0,1.0,0.08333333333333333,0.16666666666666666,0.25,8.0,0.0,8.0,96.0,False,0.0
WPWW303,WOODWISE 3.5 WHITE OAK FULL TR,2025-01-26,2026-01-26,3.0,7.0,0.5833333333333334,1.1666666666666667,1.75,4.0,0.0,4.0,6.857142857142857,False,0.0
WPWW303,WOODWISE 3.5 WHITE OAK FULL TR,2025-01-26,2026-01-26,4.0,3.0,0.25,0.5,0.75,4.0,0.0,4.0,16.0,False,0.0
WPWW303,WOODWISE 3.5 WHITE OAK FULL TR,2025-01-26,2026-01-26,5.0,27.0,2.25,4.5,6.75,7.0,0.0,7.0,3.111111111111111,False,0.0
WPWW303,WOODWISE 3.5 WHITE OAK FULL TR,2025-01-26,2026-01-26,6.0,1.0,0.08333333333333333,0.16666666666666666,0.25,3.0,0.0,3.0,36.0,False,0.0
WPWW303,WOODWISE 3.5 WHITE OAK FULL TR,2025-01-26,2026-01-26,8.0,0.0,0.0,0.0,0.0,3.0,0.0,3.0,inf,False,0.0
WPWW303,WOODWISE 3.5 WHITE OAK FULL TR,2025-01-26,2026-01-26,9.0,4.0,0.3333333333333333,0.6666666666666666,1.0,3.0,0.0,3.0,9.0,False,0.0
WPWW304,WOODWISE WOOD PATCH QT,2025-01-26,2026-01-26,1.0,3.0,0.25,0.5,0.75,7.0,0.0,7.0,28.0,False,0.0
WPWW304,WOODWISE WOOD PATCH QT,2025-01-26,2026-01-26,3.0,3.0,0.25,0.5,0.75,11.0,0.0,11.0,44.0,False,0.0
WPWW304,WOODWISE WOOD PATCH QT,2025-01-26,2026-01-26,4.0,5.0,0.4166666666666667,0.8333333333333334,1.25,7.0,0.0,7.0,16.8,False,0.0
WPWW304,WOODWISE WOOD PATCH QT,2025-01-26,2026-01-26,5.0,17.0,1.4166666666666667,2.8333333333333335,4.25,3.0,0.0,3.0,2.1176470588235294,False,0.0
WPWW304,WOODWISE WOOD PATCH QT,2025-01-26,2026-01-26,6.0,1.0,0.08333333333333333,0.16666666666666666,0.25,11.0,0.0,11.0,132.0,False,0.0
WPWW304,WOODWISE WOOD PATCH QT,2025-01-26,2026-01-26,8.0,0.0,0.0,0.0,0.0,9.0,0.0,9.0,inf,False,0.0
WPWW304,WOODWISE WOOD PATCH QT,2025-01-26,2026-01-26,9.0,0.0,0.0,0.0,0.0,8.0,0.0,8.0,inf,False,0.0
WPWW604,WOODWISE WOOD PATCH QT,2025-01-26,2026-01-26,1.0,10.0,0.8333333333333334,1.6666666666666667,2.5,21.0,8.0,13.0,15.6,False,0.0
WPWW604,WOODWISE WOOD PATCH QT,2025-01-26,2026-01-26,3.0,0.0,0.0,0.0,0.0,4.0,0.0,4.0,inf,False,0.0
WPWW604,WOODWISE WOOD PATCH QT,2025-01-26,2026-01-26,4.0,0.0,0.0,0.0,0.0,3.0,0.0,3.0,inf,False,0.0
WPWW604,WOODWISE WOOD PATCH QT,2025-01-26,2026-01-26,5.0,6.0,0.5,1.0,1.5,8.0,0.0,8.0,16.0,False,0.0
WPWW604,WOODWISE WOOD PATCH QT,2025-01-26,2026-01-26,6.0,13.0,1.0833333333333333,2.1666666666666665,3.25,2.0,0.0,2.0,1.8461538461538463,True,1.25
WPWW604,WOODWISE WOOD PATCH QT,2025-01-26,2026-01-26,8.0,1.0,0.08333333333333333,0.16666666666666666,0.25,0.0,0.0,0.0,0.0,True,0.25
WPWW604,WOODWISE WOOD PATCH QT,2025-01-26,2026-01-26,9.0,0.0,0.0,0.0,0.0,1.0,0.0,1.0,inf,False,0.0
WPWWCP138,WOODWISE PATCH MAPLE-ASH-PINE,2025-01-26,2026-01-26,1.0,0.0,0.0,0.0,0.0,11.0,0.0,11.0,inf,False,0.0
WPWWCP138,WOODWISE PATCH MAPLE-ASH-PINE,2025-01-26,2026-01-26,3.0,1.0,0.08333333333333333,0.16666666666666666,0.25,5.0,0.0,5.0,60.0,False,0.0
WPWWCP138,WOODWISE PATCH MAPLE-ASH-PINE,2025-01-26,2026-01-26,4.0,0.0,0.0,0.0,0.0,5.0,0.0,5.0,inf,False,0.0
WPWWCP138,WOODWISE PATCH MAPLE-ASH-PINE,2025-01-26,2026-01-26,5.0,5.0,0.4166666666666667,0.8333333333333334,1.25,4.0,1.0,3.0,7.199999999999999,False,0.0
WPWWCP138,WOODWISE PATCH MAPLE-ASH-PINE,2025-01-26,2026-01-26,6.0,3.0,0.25,0.5,0.75,3.0,0.0,3.0,12.0,False,0.0
WPWWCP138,WOODWISE PATCH MAPLE-ASH-PINE,2025-01-26,2026-01-26,8.0,0.0,0.0,0.0,0.0,8.0,0.0,8.0,inf,False,0.0
WPWWCP138,WOODWISE PATCH MAPLE-ASH-PINE,2025-01-26,2026-01-26,9.0,0.0,0.0,0.0,0.0,0.0,0.0,0.0,inf,False,0.0
WPWWCP158,WOODWISE PATCH WHITE OAK,2025-01-26,2026-01-26,1.0,0.0,0.0,0.0,0.0,15.0,0.0,15.0,inf,False,0.0
WPWWCP158,WOODWISE PATCH WHITE OAK,2025-01-26,2026-01-26,3.0,0.0,0.0,0.0,0.0,10.0,0.0,10.0,inf,False,0.0
WPWWCP158,WOODWISE PATCH WHITE OAK,2025-01-26,2026-01-26,4.0,3.0,0.25,0.5,0.75,3.0,0.0,3.0,12.0,False,0.0
WPWWCP158,WOODWISE PATCH WHITE OAK,2025-01-26,2026-01-26,5.0,17.0,1.4166666666666667,2.8333333333333335,4.25,6.0,0.0,6.0,4.235294117647059,False,0.0
WPWWCP158,WOODWISE PATCH WHITE OAK,2025-01-26,2026-01-26,6.0,5.0,0.4166666666666667,0.8333333333333334,1.25,3.0,0.0,3.0,7.199999999999999,False,0.0
WPWWCP158,WOODWISE PATCH WHITE OAK,2025-01-26,2026-01-26,8.0,0.0,0.0,0.0,0.0,6.0,0.0,6.0,inf,False,0.0
WPWWCP158,WOODWISE PATCH WHITE OAK,2025-01-26,2026-01-26,9.0,2.0,0.16666666666666666,0.3333333333333333,0.5,5.0,0.0,5.0,30.0,False,0.0
WPWWCP308,WOODWISE PATCH RED OAK,2025-01-26,2026-01-26,1.0,2.0,0.16666666666666666,0.3333333333333333,0.5,11.0,0.0,11.0,66.0,False,0.0
WPWWCP308,WOODWISE PATCH RED OAK,2025-01-26,2026-01-26,3.0,2.0,0.16666666666666666,0.3333333333333333,0.5,6.0,0.0,6.0,36.0,False,0.0
WPWWCP308,WOODWISE PATCH RED OAK,2025-01-26,2026-01-26,4.0,3.0,0.25,0.5,0.75,4.0,0.0,4.0,16.0,False,0.0
WPWWCP308,WOODWISE PATCH RED OAK,2025-01-26,2026-01-26,5.0,10.0,0.8333333333333334,1.6666666666666667,2.5,2.0,0.0,2.0,2.4,False,0.0
WPWWCP308,WOODWISE PATCH RED OAK,2025-01-26,2026-01-26,6.0,2.0,0.16666666666666666,0.3333333333333333,0.5,3.0,0.0,3.0,18.0,False,0.0
WPWWCP308,WOODWISE PATCH RED OAK,2025-01-26,2026-01-26,8.0,0.0,0.0,0.0,0.0,2.0,0.0,2.0,inf,False,0.0
WPWWCP308,WOODWISE PATCH RED OAK,2025-01-26,2026-01-26,9.0,5.0,0.4166666666666667,0.8333333333333334,1.25,4.0,0.0,4.0,9.6,False,0.0
WPWWCP608,WOODWISE PATCH WALNUT,2025-01-26,2026-01-26,1.0,2.0,0.16666666666666666,0.3333333333333333,0.5,11.0,0.0,11.0,66.0,False,0.0
WPWWCP608,WOODWISE PATCH WALNUT,2025-01-26,2026-01-26,3.0,2.0,0.16666666666666666,0.3333333333333333,0.5,5.0,0.0,5.0,30.0,False,0.0
WPWWCP608,WOODWISE PATCH WALNUT,2025-01-26,2026-01-26,4.0,1.0,0.08333333333333333,0.16666666666666666,0.25,4.0,0.0,4.0,48.0,False,0.0
WPWWCP608,WOODWISE PATCH WALNUT,2025-01-26,2026-01-26,5.0,4.0,0.3333333333333333,0.6666666666666666,1.0,5.0,0.0,5.0,15.0,False,0.0
WPWWCP608,WOODWISE PATCH WALNUT,2025-01-26,2026-01-26,6.0,3.0,0.25,0.5,0.75,3.0,0.0,3.0,12.0,False,0.0
WPWWCP608,WOODWISE PATCH WALNUT,2025-01-26,2026-01-26,8.0,3.0,0.25,0.5,0.75,4.0,0.0,4.0,16.0,False,0.0
WPWWCP608,WOODWISE PATCH WALNUT,2025-01-26,2026-01-26,9.0,4.0,0.3333333333333333,0.6666666666666666,1.0,5.0,0.0,5.0,15.0,False,0.0
WPWWFT101,WOODWISE FULL TROWEL FILLER,2025-01-26,2026-01-26,1.0,11.0,0.9166666666666666,1.8333333333333333,2.75,6.0,0.0,6.0,6.545454545454546,False,0.0
WPWWFT101,WOODWISE FULL TROWEL FILLER,2025-01-26,2026-01-26,3.0,5.0,0.4166666666666667,0.8333333333333334,1.25,7.0,0.0,7.0,16.8,False,0.0
WPWWFT101,WOODWISE FULL TROWEL FILLER,2025-01-26,2026-01-26,4.0,3.0,0.25,0.5,0.75,7.0,0.0,7.0,28.0,False,0.0
WPWWFT101,WOODWISE FULL TROWEL FILLER,2025-01-26,2026-01-26,5.0,40.0,3.3333333333333335,6.666666666666667,10.0,10.0,2.0,8.0,2.4,False,0.0
WPWWFT101,WOODWISE FULL TROWEL FILLER,2025-01-26,2026-01-26,6.0,12.0,1.0,2.0,3.0,7.0,0.0,7.0,7.0,False,0.0
WPWWFT101,WOODWISE FULL TROWEL FILLER,2025-01-26,2026-01-26,8.0,0.0,0.0,0.0,0.0,3.0,0.0,3.0,inf,False,0.0
WPWWFT101,WOODWISE FULL TROWEL FILLER,2025-01-26,2026-01-26,9.0,3.0,0.25,0.5,0.75,3.0,0.0,3.0,12.0,False,0.0
WPWWFT201,WOODWISE FULL TROWEL FILLER,2025-01-26,2026-01-26,1.0,3.0,0.25,0.5,0.75,6.0,0.0,6.0,24.0,False,0.0
WPWWFT201,WOODWISE FULL TROWEL FILLER,2025-01-26,2026-01-26,3.0,3.0,0.25,0.5,0.75,5.0,0.0,5.0,20.0,False,0.0
WPWWFT201,WOODWISE FULL TROWEL FILLER,2025-01-26,2026-01-26,4.0,1.0,0.08333333333333333,0.16666666666666666,0.25,4.0,0.0,4.0,48.0,False,0.0
WPWWFT201,WOODWISE FULL TROWEL FILLER,2025-01-26,2026-01-26,5.0,5.0,0.4166666666666667,0.8333333333333334,1.25,6.0,0.0,6.0,14.399999999999999,False,0.0
WPWWFT201,WOODWISE FULL TROWEL FILLER,2025-01-26,2026-01-26,6.0,5.0,0.4166666666666667,0.8333333333333334,1.25,8.0,0.0,8.0,19.2,False,0.0
WPWWFT201,WOODWISE FULL TROWEL FILLER,2025-01-26,2026-01-26,8.0,1.0,0.08333333333333333,0.16666666666666666,0.25,3.0,0.0,3.0,36.0,False,0.0
WPWWFT201,WOODWISE FULL TROWEL FILLER,2025-01-26,2026-01-26,9.0,1.0,0.08333333333333333,0.16666666666666666,0.25,4.0,0.0,4.0,48.0,False,0.0
WPWWFT301,WOODWISE FULL TROWEL FILLER,2025-01-26,2026-01-26,1.0,6.0,0.5,1.0,1.5,9.0,0.0,9.0,18.0,False,0.0
WPWWFT301,WOODWISE FULL TROWEL FILLER,2025-01-26,2026-01-26,3.0,3.0,0.25,0.5,0.75,4.0,0.0,4.0,16.0,False,0.0
WPWWFT301,WOODWISE FULL TROWEL FILLER,2025-01-26,2026-01-26,4.0,9.0,0.75,1.5,2.25,4.0,0.0,4.0,5.333333333333333,False,0.0
WPWWFT301,WOODWISE FULL TROWEL FILLER,2025-01-26,2026-01-26,5.0,39.0,3.25,6.5,9.75,6.0,1.0,5.0,1.5384615384615385,True,4.75
WPWWFT301,WOODWISE FULL TROWEL FILLER,2025-01-26,2026-01-26,6.0,5.0,0.4166666666666667,0.8333333333333334,1.25,6.0,0.0,6.0,14.399999999999999,False,0.0
WPWWFT301,WOODWISE FULL TROWEL FILLER,2025-01-26,2026-01-26,8.0,0.0,0.0,0.0,0.0,3.0,0.0,3.0,inf,False,0.0
WPWWFT301,WOODWISE FULL TROWEL FILLER,2025-01-26,2026-01-26,9.0,14.0,1.1666666666666667,2.3333333333333335,3.5,3.0,0.0,3.0,2.571428571428571,False,0.0
