Transaction Date,Item Number,Description,Quantity,Unit Cost,Material Cost,Order Number,Source,User,Conversion Code,Item Division,Item Master Description,Inventory GL,Freight GL
2024-01-02,NONSTOCK,PLYWOOD PALLETS LILY,22.00,10.00000,10.00000,0,P,LMORENO,,,NON-STOCK ITEMS,0,0
2024-01-02,NONSTOCK,PLYWOOD PALLET LILY,22.00,10.00000,10.00000,0,P,LMORENO,,,NON-STOCK ITEMS,0,0
2024-01-02,NONSTOCK,CANYON CREST FARWELL CHIPS,16.00,1.60000,1.60000,0,P,LMORENO,,,NON-STOCK ITEMS,0,0
2024-01-02,NONSTOCK,PLYWOOD PALLET LILY,22.00,10.00000,10.00000,0,P,LMORENO,,,NON-STOCK ITEMS,0,0
2024-01-02,NONSTOCK,VILLA GIALLA CATANIA SAMPLE,45.48,0,0,0,P,LMORENO,,,NON-STOCK ITEMS,0,0
2024-01-02,NONSTOCK,CANYON CREST FARWELL SAMPLE,49.26,0,0,0,P,LMORENO,,,NON-STOCK ITEMS,0,0
2024-01-02,NONSTOCK,CANYON CREST FARWELL CHIPS,144.00,1.60000,1.60000,0,P,LMORENO,,,NON-STOCK ITEMS,0,0
2024-01-02,NONSTOCK,PLYWOOD PALLETS JIM SPCWPC,13.00,8.11800,5.50000,0,P,LMORENO,,,NON-STOCK ITEMS,0,0
2024-01-02,NONSTOCK,PLYWOOD PALLET JIM RESILIENT,13.00,8.20600,5.50000,0,P,LMORENO,,,NON-STOCK ITEMS,0,0
2024-01-02,NONSTOCK,PLYWOOD PALLETS LILY,22.00,10.00000,10.00000,0,P,LMORENO,,,NON-STOCK ITEMS,0,0
2024-01-02,NONSTOCK,"1/8"" X 48"" X 550' FOAM ROLL",4.00,164.00000,164.00000,0,P,LMORENO,,,NON-STOCK ITEMS,0,0
2024-01-02,NONSTOCK,"1/32"" X 6"" X 2K' FOAM ROLL",12.00,30.00000,30.00000,0,P,LMORENO,,,NON-STOCK ITEMS,0,0
2024-01-03,NONSTOCK,PLYWOOD PALLET JIM LAMINATE,20.00,3.11200,2.00000,0,P,LMORENO,,,NON-STOCK ITEMS,0,0
2024-01-04,NONSTOCK,"18"" CLEAR STRETCH WRAP",100.00,19.00000,19.00000,0,P,LMORENO,,,NON-STOCK ITEMS,0,0
2024-01-04,NONSTOCK,"60"" X 155"" PALLET COVER",25.00,40.30000,40.30000,0,P,LMORENO,,,NON-STOCK ITEMS,0,0
2024-01-04,NONSTOCK,"78"" X 155"" PALLET COVER",25.00,52.38000,52.38000,0,P,LMORENO,,,NON-STOCK ITEMS,0,0
2024-01-04,NONSTOCK,"STEEL SHELVING 36"" X 18"" X 72""",1.00,180.00000,180.00000,440617,P,LMORENO,,,NON-STOCK ITEMS,0,0
2024-01-04,NONSTOCK,"FREE METAL TAPE DISPENSER 2""",1.00,0,0,0,P,LMORENO,,,NON-STOCK ITEMS,0,0
2024-01-04,NONSTOCK,QC APPROVAL STICKERS,3.00,19.00000,19.00000,0,P,LMORENO,,,NON-STOCK ITEMS,0,0
2024-01-04,NONSTOCK,50LBS SWEEPING COMPOUND,6.00,21.00000,21.00000,0,P,LMORENO,,,NON-STOCK ITEMS,0,0
2024-01-04,NONSTOCK,INDUSTRIAL STRAPPING TAPE,24.00,9.45000,9.45000,0,P,LMORENO,,,NON-STOCK ITEMS,0,0
2024-01-08,GCSETCA-1724,SAMPLE SET - CANTINA,-1.00,66.40000,0,439040,T,JSGOMEZ4,,5,SAMPLE SET - CANTINA,0,0
2024-01-08,GCSETCA-1724,SAMPLE SET - CANTINA,1.00,66.40000,0,439040,T,JSGOMEZ4,,5,SAMPLE SET - CANTINA,0,0
2024-01-08,GCSETCC-1724,SAMPLE SET - CAROLINA C.,-1.00,68.14500,0,439040,T,JSGOMEZ4,,5,SAMPLE SET - CAROLINA C.,0,0
2024-01-08,GCSETCC-1724,SAMPLE SET - CAROLINA C.,1.00,68.14500,0,439040,T,JSGOMEZ4,,5,SAMPLE SET - CAROLINA C.,0,0
2024-01-08,GCSETCV-1724,SAMPLE SET - C.V.,-1.00,144.56000,0,439040,T,JSGOMEZ4,,5,SAMPLE SET - C.V.,0,0
2024-01-08,GCSETCV-1724,SAMPLE SET - C.V.,1.00,144.56000,0,439040,T,JSGOMEZ4,,5,SAMPLE SET - C.V.,0,0
2024-01-08,GCSETEX-2528,SAMPLE SET - EXOTICS *OMP*,-1.00,210.88200,0,441558,T,BOREGAN5,,5,SAMPLE SET - EXOTICS *OMP*,0,0
2024-01-08,GCSETEX-2528,SAMPLE SET - EXOTICS *OMP*,1.00,210.88200,0,441558,T,BOREGAN5,,5,SAMPLE SET - EXOTICS *OMP*,0,0
2024-01-08,GCSETFC-2828,SAMPLE SET - FR.CON.,-1.00,303.00000,0,436959,T,JSGOMEZ4,,5,SAMPLE SET - FR.CON.,0,0
2024-01-08,GCSETFC-2828,SAMPLE SET - FR.CON.,1.00,303.00000,0,436959,T,JSGOMEZ4,,5,SAMPLE SET - FR.CON.,0,0
2024-01-08,GCSETII-1724,SAMPLE SET - GII DIST.,-1.00,189.00000,0,439040,T,JSGOMEZ4,,5,SAMPLE SET - GII DIST.,0,0
2024-01-08,GCSETII-1724,SAMPLE SET - GII DIST.,1.00,189.00000,0,439040,T,JSGOMEZ4,,5,SAMPLE SET - GII DIST.,0,0
2024-01-08,GCSETSS-1724,SAMPLE SET - GII SMOOTH,-1.00,135.80000,0,439040,T,JSGOMEZ4,,5,SAMPLE SET - GII SMOOTH,0,0
2024-01-08,GCSETSS-1724,SAMPLE SET - GII SMOOTH,1.00,135.80000,0,439040,T,JSGOMEZ4,,5,SAMPLE SET - GII SMOOTH,0,0
2024-01-08,NONSTOCK,PLYWOOD PALLET LILY,22.00,10.00000,10.00000,0,P,LMORENO,,,NON-STOCK ITEMS,0,0
2024-01-08,NONSTOCK,PLYWOOD PALLET LILY,22.00,10.00000,10.00000,0,P,LMORENO,,,NON-STOCK ITEMS,0,0
2024-01-09,GCSETAL-2228,SAMPLE SET - ALLORA,-1.00,0,0,435748,T,,,5,"SAMPLE SET - 7.5"" ALLORA",0,0
2024-01-09,GCSETAL-2228,SAMPLE SET - ALLORA,1.00,0,0,435748,T,,,5,"SAMPLE SET - 7.5"" ALLORA",0,0
2024-01-09,GCSETAL-2228,SAMPLE SET - ALLORA,-1.00,0,0,441368,T,,,5,"SAMPLE SET - 7.5"" ALLORA",0,0
2024-01-09,GCSETAL-2228,SAMPLE SET - ALLORA,1.00,0,0,441368,T,,,5,"SAMPLE SET - 7.5"" ALLORA",0,0
2024-01-09,GCSETAL9-2828,"SAMPLE SET 9.5"" - ALLORA",-1.00,0,0,441368,T,,,5,"SAMPLE SET - 9.5"" ALLORA",0,0
2024-01-09,GCSETAL9-2828,"SAMPLE SET 9.5"" - ALLORA",1.00,0,0,441368,T,,,5,"SAMPLE SET - 9.5"" ALLORA",0,0
2024-01-09,GCSETCC-1724,SAMPLE SET - CAROLINA C.,-1.00,68.14500,0,441473,T,,,5,SAMPLE SET - CAROLINA C.,0,0
2024-01-09,GCSETCC-1724,SAMPLE SET - CAROLINA C.,1.00,68.14500,0,441473,T,,,5,SAMPLE SET - CAROLINA C.,0,0
2024-01-09,GCSETCV-1724,SAMPLE SET - C.V.,-1.00,144.56000,0,441473,T,,,5,SAMPLE SET - C.V.,0,0
2024-01-09,GCSETCV-1724,SAMPLE SET - C.V.,1.00,144.56000,0,441473,T,,,5,SAMPLE SET - C.V.,0,0
2024-01-09,GCSETDB-2228,SAMPLE SET - DU BOIS,-1.00,131.10000,0,441368,T,,,5,SAMPLE SET - DU BOIS,0,0
2024-01-09,GCSETDB-2228,SAMPLE SET - DU BOIS,1.00,131.10000,0,441368,T,,,5,SAMPLE SET - DU BOIS,0,0
2024-01-09,GCSETDV-2228,SAMPLE SET - DA VINCI,-1.00,124.25000,0,441368,T,,,5,SAMPLE SET - DA VINCI,0,0
2024-01-09,GCSETDV-2228,SAMPLE SET - DA VINCI,1.00,124.25000,0,441368,T,,,5,SAMPLE SET - DA VINCI,0,0
2024-01-09,GCSETFC-2828,SAMPLE SET - FR.CON.,-1.00,303.00000,0,441368,T,,,5,SAMPLE SET - FR.CON.,0,0
2024-01-09,GCSETFC-2828,SAMPLE SET - FR.CON.,1.00,303.00000,0,441368,T,,,5,SAMPLE SET - FR.CON.,0,0
2024-01-09,GCSETII-1724,SAMPLE SET - GII DIST.,-1.00,189.00000,0,441473,T,,,5,SAMPLE SET - GII DIST.,0,0
2024-01-09,GCSETII-1724,SAMPLE SET - GII DIST.,1.00,189.00000,0,441473,T,,,5,SAMPLE SET - GII DIST.,0,0
2024-01-09,GCSETNSN-2323,SAMPLE SET NEW - NATURESTEP,-1.00,169.19200,0,441473,T,,,5,SAMPLE SET NEW - NATURESTEP,0,0
2024-01-09,GCSETNSN-2323,SAMPLE SET NEW - NATURESTEP,1.00,169.19200,0,441473,T,,,5,SAMPLE SET NEW - NATURESTEP,0,0
2024-01-09,GCSETSS-1724,SAMPLE SET - GII SMOOTH,-1.00,135.80000,0,441473,T,,,5,SAMPLE SET - GII SMOOTH,0,0
2024-01-09,GCSETSS-1724,SAMPLE SET - GII SMOOTH,1.00,135.80000,0,441473,T,,,5,SAMPLE SET - GII SMOOTH,0,0
2024-01-09,GCSETSS5-2323,SAMPLE SET - SUMMIT SKY HB,-1.00,34.41900,0,441473,T,,,5,SAMPLE SET - SUMMIT SKY HB,0,0
2024-01-09,GCSETSS5-2323,SAMPLE SET - SUMMIT SKY HB,1.00,34.41900,0,441473,T,,,5,SAMPLE SET - SUMMIT SKY HB,0,0
2024-01-09,GCSETSS7-2323,"SAMPLE SET - SUMMIT SKY 7""",-1.00,34.41900,0,441473,T,,,5,"SAMPLE SET - SUMMIT SKY 7""",0,0
2024-01-09,GCSETSS7-2323,"SAMPLE SET - SUMMIT SKY 7""",1.00,34.41900,0,441473,T,,,5,"SAMPLE SET - SUMMIT SKY 7""",0,0
2024-01-10,GCSETAL9-2828,"SAMPLE SET 9.5"" - ALLORA",-1.00,0,0,442523,T,,,5,"SAMPLE SET - 9.5"" ALLORA",0,0
2024-01-10,GCSETAL9-2828,"SAMPLE SET 9.5"" - ALLORA",1.00,0,0,442523,T,,,5,"SAMPLE SET - 9.5"" ALLORA",0,0
2024-01-11,GCSETAL-2228,SAMPLE SET - ALLORA,-1.00,0,0,442609,T,SMORALES3,,5,"SAMPLE SET - 7.5"" ALLORA",0,0
2024-01-11,GCSETAL-2228,SAMPLE SET - ALLORA,1.00,0,0,442609,T,SMORALES3,,5,"SAMPLE SET - 7.5"" ALLORA",0,0
2024-01-11,GCSETAL-2228,SAMPLE SET - ALLORA,-1.00,0,0,441573,T,MCASTRO8,,5,"SAMPLE SET - 7.5"" ALLORA",0,0
2024-01-11,GCSETAL-2228,SAMPLE SET - ALLORA,1.00,0,0,441573,T,MCASTRO8,,5,"SAMPLE SET - 7.5"" ALLORA",0,0
2024-01-11,GCSETAL9-2828,"SAMPLE SET 9.5"" - ALLORA",-1.00,0,0,442609,T,SMORALES3,,5,"SAMPLE SET - 9.5"" ALLORA",0,0
2024-01-11,GCSETAL9-2828,"SAMPLE SET 9.5"" - ALLORA",1.00,0,0,442609,T,SMORALES3,,5,"SAMPLE SET - 9.5"" ALLORA",0,0
2024-01-11,GCSETAL9-2828,"SAMPLE SET 9.5"" - ALLORA",-1.00,0,0,441573,T,MCASTRO8,,5,"SAMPLE SET - 9.5"" ALLORA",0,0
2024-01-11,GCSETAL9-2828,"SAMPLE SET 9.5"" - ALLORA",1.00,0,0,441573,T,MCASTRO8,,5,"SAMPLE SET - 9.5"" ALLORA",0,0
2024-01-11,GCSETCA-1724,SAMPLE SET - CANTINA,-1.00,66.40000,0,442616,T,MCASTRO8,,5,SAMPLE SET - CANTINA,0,0
2024-01-11,GCSETCA-1724,SAMPLE SET - CANTINA,1.00,66.40000,0,442616,T,MCASTRO8,,5,SAMPLE SET - CANTINA,0,0
2024-01-11,GCSETCA-1724,SAMPLE SET - CANTINA,-1.00,66.40000,0,442540,T,,,5,SAMPLE SET - CANTINA,0,0
2024-01-11,GCSETCA-1724,SAMPLE SET - CANTINA,1.00,66.40000,0,442540,T,,,5,SAMPLE SET - CANTINA,0,0
2024-01-11,GCSETCC-1724,SAMPLE SET - CAROLINA C.,-1.00,68.14500,0,442616,T,MCASTRO8,,5,SAMPLE SET - CAROLINA C.,0,0
2024-01-11,GCSETCC-1724,SAMPLE SET - CAROLINA C.,1.00,68.14500,0,442616,T,MCASTRO8,,5,SAMPLE SET - CAROLINA C.,0,0
2024-01-11,GCSETCC-1724,SAMPLE SET - CAROLINA C.,-1.00,68.14500,0,442540,T,,,5,SAMPLE SET - CAROLINA C.,0,0
2024-01-11,GCSETCC-1724,SAMPLE SET - CAROLINA C.,1.00,68.14500,0,442540,T,,,5,SAMPLE SET - CAROLINA C.,0,0
2024-01-11,GCSETCV-1724,SAMPLE SET - C.V.,-1.00,144.56000,0,442616,T,MCASTRO8,,5,SAMPLE SET - C.V.,0,0
2024-01-11,GCSETCV-1724,SAMPLE SET - C.V.,1.00,144.56000,0,442616,T,MCASTRO8,,5,SAMPLE SET - C.V.,0,0
2024-01-11,GCSETCV-1724,SAMPLE SET - C.V.,-1.00,144.56000,0,442540,T,,,5,SAMPLE SET - C.V.,0,0
2024-01-11,GCSETCV-1724,SAMPLE SET - C.V.,1.00,144.56000,0,442540,T,,,5,SAMPLE SET - C.V.,0,0
2024-01-11,GCSETCY-2828,SAMPLE SET - CN.CREST,-1.00,128.40000,0,442609,T,SMORALES3,,5,SAMPLE SET - CN.CREST,0,0
2024-01-11,GCSETCY-2828,SAMPLE SET - CN.CREST,1.00,128.40000,0,442609,T,SMORALES3,,5,SAMPLE SET - CN.CREST,0,0
2024-01-11,GCSETDB-2228,SAMPLE SET - DU BOIS,-1.00,131.10000,0,441573,T,MCASTRO8,,5,SAMPLE SET - DU BOIS,0,0
2024-01-11,GCSETDB-2228,SAMPLE SET - DU BOIS,1.00,131.10000,0,441573,T,MCASTRO8,,5,SAMPLE SET - DU BOIS,0,0
2024-01-11,GCSETDV-2228,SAMPLE SET - DA VINCI,-1.00,124.25000,0,441573,T,MCASTRO8,,5,SAMPLE SET - DA VINCI,0,0
2024-01-11,GCSETDV-2228,SAMPLE SET - DA VINCI,1.00,124.25000,0,441573,T,MCASTRO8,,5,SAMPLE SET - DA VINCI,0,0
2024-01-11,GCSETFC-2828,SAMPLE SET - FR.CON.,-1.00,303.00000,0,441573,T,MCASTRO8,,5,SAMPLE SET - FR.CON.,0,0
2024-01-11,GCSETFC-2828,SAMPLE SET - FR.CON.,1.00,303.00000,0,441573,T,MCASTRO8,,5,SAMPLE SET - FR.CON.,0,0
2024-01-11,GCSETII-1724,SAMPLE SET - GII DIST.,-1.00,189.00000,0,442616,T,MCASTRO8,,5,SAMPLE SET - GII DIST.,0,0
2024-01-11,GCSETII-1724,SAMPLE SET - GII DIST.,1.00,189.00000,0,442616,T,MCASTRO8,,5,SAMPLE SET - GII DIST.,0,0
2024-01-11,GCSETII-1724,SAMPLE SET - GII DIST.,-1.00,189.00000,0,442540,T,,,5,SAMPLE SET - GII DIST.,0,0
2024-01-11,GCSETII-1724,SAMPLE SET - GII DIST.,1.00,189.00000,0,442540,T,,,5,SAMPLE SET - GII DIST.,0,0
2024-01-11,GCSETSS-1724,SAMPLE SET - GII SMOOTH,-1.00,135.80000,0,442616,T,MCASTRO8,,5,SAMPLE SET - GII SMOOTH,0,0
2024-01-11,GCSETSS-1724,SAMPLE SET - GII SMOOTH,1.00,135.80000,0,442616,T,MCASTRO8,,5,SAMPLE SET - GII SMOOTH,0,0
2024-01-11,GCSETSS-1724,SAMPLE SET - GII SMOOTH,-1.00,135.80000,0,442540,T,,,5,SAMPLE SET - GII SMOOTH,0,0
2024-01-11,GCSETSS-1724,SAMPLE SET - GII SMOOTH,1.00,135.80000,0,442540,T,,,5,SAMPLE SET - GII SMOOTH,0,0
2024-01-11,GCSETVG-2828,SAMPLE SET - VILLA GIA.,-1.00,271.84000,0,442609,T,SMORALES3,,5,SAMPLE SET - VILLA GIALLA,0,0
2024-01-11,GCSETVG-2828,SAMPLE SET - VILLA GIA.,1.00,271.84000,0,442609,T,SMORALES3,,5,SAMPLE SET - VILLA GIALLA,0,0
2024-01-11,NONSTOCK,"BUBBLE ROLL - 48"" X 250', 1/2""",2.00,110.00000,110.00000,0,P,LMORENO,,,NON-STOCK ITEMS,0,0
2024-01-11,NONSTOCK,"REINFORCED TAPE 2""",12.00,10.00000,10.00000,0,P,LMORENO,,,NON-STOCK ITEMS,0,0
2024-01-11,NONSTOCK,"24 X 12 X 12"" CORRUGATED BOXES",15.00,5.14000,5.14000,0,P,LMORENO,,,NON-STOCK ITEMS,0,0
2024-01-11,NONSTOCK,"18 X 18 X 18"" CORRUGATED BOXES",20.00,7.61000,7.61000,0,P,LMORENO,,,NON-STOCK ITEMS,0,0
2024-01-12,GCSETCV-1724,SAMPLE SET - C.V.,-1.00,144.56000,0,442281,T,BOREGAN5,,5,SAMPLE SET - C.V.,0,0
2024-01-12,GCSETCV-1724,SAMPLE SET - C.V.,1.00,144.56000,0,442281,T,BOREGAN5,,5,SAMPLE SET - C.V.,0,0
2024-01-12,GCSETSS-1724,SAMPLE SET - GII SMOOTH,-1.00,135.80000,0,442281,T,BOREGAN5,,5,SAMPLE SET - GII SMOOTH,0,0
2024-01-12,GCSETSS-1724,SAMPLE SET - GII SMOOTH,1.00,135.80000,0,442281,T,BOREGAN5,,5,SAMPLE SET - GII SMOOTH,0,0
2024-01-12,GCSETSS5-2323,SAMPLE SET - SUMMIT SKY HB,-1.00,34.41900,0,442276,T,BOREGAN5,,5,SAMPLE SET - SUMMIT SKY HB,0,0
2024-01-12,GCSETSS5-2323,SAMPLE SET - SUMMIT SKY HB,1.00,34.41900,0,442276,T,BOREGAN5,,5,SAMPLE SET - SUMMIT SKY HB,0,0
2024-01-12,GCSETVG-2828,SAMPLE SET - VILLA GIA.,-1.00,271.84000,0,442292,T,BOREGAN5,,5,SAMPLE SET - VILLA GIALLA,0,0
2024-01-12,GCSETVG-2828,SAMPLE SET - VILLA GIA.,1.00,271.84000,0,442292,T,BOREGAN5,,5,SAMPLE SET - VILLA GIALLA,0,0
2024-01-15,GCSETCA-1724,SAMPLE SET - CANTINA,-1.00,66.40000,0,443477,T,BOREGAN5,,5,SAMPLE SET - CANTINA,0,0
2024-01-15,GCSETCA-1724,SAMPLE SET - CANTINA,1.00,66.40000,0,443477,T,BOREGAN5,,5,SAMPLE SET - CANTINA,0,0
2024-01-15,GCSETCC-1724,SAMPLE SET - CAROLINA C.,-1.00,68.14500,0,443477,T,BOREGAN5,,5,SAMPLE SET - CAROLINA C.,0,0
2024-01-15,GCSETCC-1724,SAMPLE SET - CAROLINA C.,1.00,68.14500,0,443477,T,BOREGAN5,,5,SAMPLE SET - CAROLINA C.,0,0
2024-01-15,GCSETCV-1724,SAMPLE SET - C.V.,-1.00,144.56000,0,443477,T,BOREGAN5,,5,SAMPLE SET - C.V.,0,0
2024-01-15,GCSETCV-1724,SAMPLE SET - C.V.,1.00,144.56000,0,443477,T,BOREGAN5,,5,SAMPLE SET - C.V.,0,0
2024-01-15,GCSETII-1724,SAMPLE SET - GII DIST.,-1.00,189.00000,0,443477,T,BOREGAN5,,5,SAMPLE SET - GII DIST.,0,0
2024-01-15,GCSETII-1724,SAMPLE SET - GII DIST.,1.00,189.00000,0,443477,T,BOREGAN5,,5,SAMPLE SET - GII DIST.,0,0
2024-01-15,GCSETSS-1724,SAMPLE SET - GII SMOOTH,-1.00,135.80000,0,443477,T,BOREGAN5,,5,SAMPLE SET - GII SMOOTH,0,0
2024-01-15,GCSETSS-1724,SAMPLE SET - GII SMOOTH,1.00,135.80000,0,443477,T,BOREGAN5,,5,SAMPLE SET - GII SMOOTH,0,0
2024-01-16,GCSETAL-2228,SAMPLE SET - ALLORA,-1.00,0,0,443806,T,MCASTRO8,,5,"SAMPLE SET - 7.5"" ALLORA",0,0
2024-01-16,GCSETAL-2228,SAMPLE SET - ALLORA,1.00,0,0,443806,T,MCASTRO8,,5,"SAMPLE SET - 7.5"" ALLORA",0,0
2024-01-16,GCSETCA-1724,SAMPLE SET - CANTINA,-1.00,66.40000,0,443926,T,MCASTRO8,,5,SAMPLE SET - CANTINA,0,0
2024-01-16,GCSETCA-1724,SAMPLE SET - CANTINA,1.00,66.40000,0,443926,T,MCASTRO8,,5,SAMPLE SET - CANTINA,0,0
2024-01-16,GCSETCC-1724,SAMPLE SET - CAROLINA C.,-1.00,68.14500,0,443926,T,MCASTRO8,,5,SAMPLE SET - CAROLINA C.,0,0
2024-01-16,GCSETCC-1724,SAMPLE SET - CAROLINA C.,1.00,68.14500,0,443926,T,MCASTRO8,,5,SAMPLE SET - CAROLINA C.,0,0
2024-01-16,GCSETCV-1724,SAMPLE SET - C.V.,-1.00,144.56000,0,443926,T,MCASTRO8,,5,SAMPLE SET - C.V.,0,0
2024-01-16,GCSETCV-1724,SAMPLE SET - C.V.,1.00,144.56000,0,443926,T,MCASTRO8,,5,SAMPLE SET - C.V.,0,0
2024-01-16,NONSTOCK,NON-STOCK ITEMS,-1.00,76.46000,0,0,Z,LMORENO,,,NON-STOCK ITEMS,0,0
2024-01-16,NONSTOCK,PLYWOOD PALLET LILY,22.00,10.00000,10.00000,0,P,LMORENO,,,NON-STOCK ITEMS,0,0
2024-01-16,NONSTOCK,BELLAGIO COMO CHIPS,90.00,0.85000,0.85000,0,P,LMORENO,,,NON-STOCK ITEMS,0,0
2024-01-16,NONSTOCK,BELLAGIO ROVENZA CHIPS,120.00,0.85000,0.85000,0,P,LMORENO,,,NON-STOCK ITEMS,0,0
2024-01-16,NONSTOCK,PLYWOOD PALLETS JIM SPCWPC,12.00,7.78000,5.50000,0,P,LMORENO,,,NON-STOCK ITEMS,0,0
2024-01-17,GCSETDV-2228,SAMPLE SET - DA VINCI,100.00,148.35000,148.35000,0,P,LMORENO,,5,SAMPLE SET - DA VINCI,0,0
2024-01-17,NONSTOCK,PALLETS,22.00,10.00000,10.00000,0,P,LMORENO,,,NON-STOCK ITEMS,0,0
2024-01-18,GCSETBH-2828,SAMPLE SET - BEVERLY HILLS,100.00,143.00000,143.00000,0,P,LMORENO,,5,SAMPLE SET - BEVERLY HILLS,0,0
2024-01-18,NONSTOCK,PLYWOOD PALLET LILY,22.00,10.00000,10.00000,0,P,LMORENO,,,NON-STOCK ITEMS,0,0
2024-01-18,NONSTOCK,BEVERLY HILLS SAMPLE CHIPS,3000.00,1.00000,1.00000,0,P,LMORENO,,,NON-STOCK ITEMS,0,0
2024-01-19,GCSETCA-1724,SAMPLE SET - CANTINA,-1.00,66.40000,0,444604,T,BOREGAN5,,5,SAMPLE SET - CANTINA,0,0
2024-01-19,GCSETCA-1724,SAMPLE SET - CANTINA,1.00,66.40000,0,444604,T,BOREGAN5,,5,SAMPLE SET - CANTINA,0,0
2024-01-19,GCSETCC-1724,SAMPLE SET - CAROLINA C.,-1.00,68.14500,0,444604,T,BOREGAN5,,5,SAMPLE SET - CAROLINA C.,0,0
2024-01-19,GCSETCC-1724,SAMPLE SET - CAROLINA C.,1.00,68.14500,0,444604,T,BOREGAN5,,5,SAMPLE SET - CAROLINA C.,0,0
2024-01-19,GCSETCV-1724,SAMPLE SET - C.V.,-1.00,144.56000,0,444604,T,BOREGAN5,,5,SAMPLE SET - C.V.,0,0
2024-01-19,GCSETCV-1724,SAMPLE SET - C.V.,1.00,144.56000,0,444604,T,BOREGAN5,,5,SAMPLE SET - C.V.,0,0
2024-01-19,GCSETII-1724,SAMPLE SET - GII DIST.,-1.00,189.00000,0,444604,T,BOREGAN5,,5,SAMPLE SET - GII DIST.,0,0
2024-01-19,GCSETII-1724,SAMPLE SET - GII DIST.,1.00,189.00000,0,444604,T,BOREGAN5,,5,SAMPLE SET - GII DIST.,0,0
2024-01-19,GCSETSS-1724,SAMPLE SET - GII SMOOTH,-1.00,135.80000,0,444604,T,BOREGAN5,,5,SAMPLE SET - GII SMOOTH,0,0
2024-01-19,GCSETSS-1724,SAMPLE SET - GII SMOOTH,1.00,135.80000,0,444604,T,BOREGAN5,,5,SAMPLE SET - GII SMOOTH,0,0
2024-01-19,NONSTOCK,"2"" TAPE DISPENSER - FREE",1.00,0,0,0,P,LMORENO,,,NON-STOCK ITEMS,0,0
2024-01-19,NONSTOCK,INDUSTRIAL BACK SUPPORT 2XL,2.00,26.00000,26.00000,0,P,LMORENO,,,NON-STOCK ITEMS,0,0
2024-01-19,NONSTOCK,"1"" X 25' METRIC TAPE MEASURE",2.00,11.00000,11.00000,0,P,LMORENO,,,NON-STOCK ITEMS,0,0
2024-01-19,NONSTOCK,INDUSTRIAL BACK SUPPORT XL,3.00,26.00000,26.00000,0,P,LMORENO,,,NON-STOCK ITEMS,0,0
2024-01-19,NONSTOCK,INDUSTRIAL BACK SUPPORT M,4.00,26.00000,26.00000,0,P,LMORENO,,,NON-STOCK ITEMS,0,0
2024-01-19,NONSTOCK,INDUSTRIAL BACK SUPPORT L,4.00,26.00000,26.00000,0,P,LMORENO,,,NON-STOCK ITEMS,0,0
2024-01-19,NONSTOCK,"1"" X 25' TAPE MEASURE",6.00,9.00000,9.00000,0,P,LMORENO,,,NON-STOCK ITEMS,0,0
2024-01-19,NONSTOCK,"2"" X 60YRD STRAPPING TAPE",24.00,9.45000,9.45000,0,P,LMORENO,,,NON-STOCK ITEMS,0,0
2024-01-19,NONSTOCK,PLYWOOD PALLET LILY,22.00,10.00000,10.00000,0,P,LMORENO,,,NON-STOCK ITEMS,0,0
2024-01-19,NONSTOCK,CANYON CREST FRASER CHIPS,32.00,1.60000,1.60000,0,P,LMORENO,,,NON-STOCK ITEMS,0,0
2024-01-19,NONSTOCK,"CV PRAIRIE WHEAT 5"" CHIPS",60.00,0.51000,0.51000,0,P,LMORENO,,,NON-STOCK ITEMS,0,0
2024-01-19,NONSTOCK,CANYON CREST FRASER CHIPS,100.00,1.60000,1.60000,0,P,LMORENO,,,NON-STOCK ITEMS,0,0
2024-01-20,GCSASET33,SAMPLE SET - AQUABLUE 7 WPC,-1.00,90.00000,0,444907,T,BOREGAN5,,5,SAMPLE SET - AQUABLUE 7 WPC,0,0
2024-01-20,GCSASET33,SAMPLE SET - AQUABLUE 7 WPC,1.00,90.00000,0,444907,T,BOREGAN5,,5,SAMPLE SET - AQUABLUE 7 WPC,0,0
2024-01-20,GCSASET34,SAMPLE SET - AQUABLUE II WPC,-1.00,185.34100,0,444907,T,BOREGAN5,,5,SAMPLE SET - AQUABLUE II WPC,0,0
2024-01-20,GCSASET34,SAMPLE SET - AQUABLUE II WPC,1.00,185.34100,0,444907,T,BOREGAN5,,5,SAMPLE SET - AQUABLUE II WPC,0,0
2024-01-20,GCSASET48,SAMPLE SET - METROPOLITAN SPC,-1.00,102.05600,0,444907,T,BOREGAN5,,5,SAMPLE SET - METROPOLITAN SPC,0,0
2024-01-20,GCSASET48,SAMPLE SET - METROPOLITAN SPC,1.00,102.05600,0,444907,T,BOREGAN5,,5,SAMPLE SET - METROPOLITAN SPC,0,0
2024-01-20,GCSETCA-1724,SAMPLE SET - CANTINA,-1.00,66.40000,0,444990,T,BOREGAN5,,5,SAMPLE SET - CANTINA,0,0
2024-01-20,GCSETCA-1724,SAMPLE SET - CANTINA,1.00,66.40000,0,444990,T,BOREGAN5,,5,SAMPLE SET - CANTINA,0,0
2024-01-20,GCSETCV-1724,SAMPLE SET - C.V.,-1.00,144.56000,0,444990,T,BOREGAN5,,5,SAMPLE SET - C.V.,0,0
2024-01-20,GCSETCV-1724,SAMPLE SET - C.V.,1.00,144.56000,0,444990,T,BOREGAN5,,5,SAMPLE SET - C.V.,0,0
2024-01-20,GCSETEX-2528,SAMPLE SET - EXOTICS *OMP*,-1.00,210.88200,0,444907,T,BOREGAN5,,5,SAMPLE SET - EXOTICS *OMP*,0,0
2024-01-20,GCSETEX-2528,SAMPLE SET - EXOTICS *OMP*,1.00,210.88200,0,444907,T,BOREGAN5,,5,SAMPLE SET - EXOTICS *OMP*,0,0
2024-01-20,GCSETFC-2828,SAMPLE SET - FR.CON.,-1.00,303.00000,0,444907,T,BOREGAN5,,5,SAMPLE SET - FR.CON.,0,0
2024-01-20,GCSETFC-2828,SAMPLE SET - FR.CON.,1.00,303.00000,0,444907,T,BOREGAN5,,5,SAMPLE SET - FR.CON.,0,0
2024-01-20,GCSETII-1724,SAMPLE SET - GII DIST.,-1.00,189.00000,0,444990,T,BOREGAN5,,5,SAMPLE SET - GII DIST.,0,0
2024-01-20,GCSETII-1724,SAMPLE SET - GII DIST.,1.00,189.00000,0,444990,T,BOREGAN5,,5,SAMPLE SET - GII DIST.,0,0
2024-01-20,GCSETNSN-2323,SAMPLE SET NEW - NATURESTEP,-1.00,169.19200,0,444907,T,BOREGAN5,,5,SAMPLE SET NEW - NATURESTEP,0,0
2024-01-20,GCSETNSN-2323,SAMPLE SET NEW - NATURESTEP,1.00,169.19200,0,444907,T,BOREGAN5,,5,SAMPLE SET NEW - NATURESTEP,0,0
2024-01-20,GCSETSS-1724,SAMPLE SET - GII SMOOTH,-1.00,135.80000,0,444990,T,BOREGAN5,,5,SAMPLE SET - GII SMOOTH,0,0
2024-01-20,GCSETSS-1724,SAMPLE SET - GII SMOOTH,1.00,135.80000,0,444990,T,BOREGAN5,,5,SAMPLE SET - GII SMOOTH,0,0
2024-01-20,NONSTOCK,PLYWOOD PALLET LILY,22.00,10.00000,10.00000,0,P,LMORENO,,,NON-STOCK ITEMS,0,0
2024-01-20,NONSTOCK,"CV MAPLE 5"" LABELS!!!!",1.00,0,0,0,P,LMORENO,,,NON-STOCK ITEMS,0,0
2024-01-20,NONSTOCK,PLYWOOD PALLETS LILY,22.00,10.00000,10.00000,0,P,LMORENO,,,NON-STOCK ITEMS,0,0
2024-01-20,NONSTOCK,PLYWOOD PALLETS LILY,22.00,10.00000,10.00000,0,P,LMORENO,,,NON-STOCK ITEMS,0,0
2024-01-22,GCSETSS5-2323,SAMPLE SET - SUMMIT SKY HB,-1.00,34.41900,0,445264,T,SBISHOP9,,5,SAMPLE SET - SUMMIT SKY HB,0,0
2024-01-22,GCSETSS5-2323,SAMPLE SET - SUMMIT SKY HB,1.00,34.41900,0,445264,T,SBISHOP9,,5,SAMPLE SET - SUMMIT SKY HB,0,0
2024-01-22,NONSTOCK,7 CU.FT PACKING PEANUTS,1.00,19.00000,19.00000,0,P,LMORENO,,,NON-STOCK ITEMS,0,0
2024-01-24,NONSTOCK,FANFOLD DIRECT THERMAL LABELS,1.00,152.00000,152.00000,0,P,LMORENO,,,NON-STOCK ITEMS,0,0
2024-01-24,NONSTOCK,FRAGILE STICKERS FOR PALLETS,3.00,39.00000,39.00000,0,P,LMORENO,,,NON-STOCK ITEMS,0,0
2024-01-24,NONSTOCK,"2"" TAPE DISPENSER",5.00,12.00000,12.00000,0,P,LMORENO,,,NON-STOCK ITEMS,0,0
2024-01-24,NONSTOCK,ECONOMY TRASH LINERS,6.00,29.00000,29.00000,0,P,LMORENO,,,NON-STOCK ITEMS,0,0
2024-01-25,GCSETAL9-2828,"SAMPLE SET 9.5"" - ALLORA",-1.00,0,0,446242,T,JGUTIERRE6,,5,"SAMPLE SET - 9.5"" ALLORA",0,0
2024-01-25,GCSETAL9-2828,"SAMPLE SET 9.5"" - ALLORA",1.00,0,0,446242,T,JGUTIERRE6,,5,"SAMPLE SET - 9.5"" ALLORA",0,0
2024-01-25,GCSETBH-2828,SAMPLE SET - BEVERLY HILLS,-1.00,143.00000,0,446479,T,JGUTIERRE6,,5,SAMPLE SET - BEVERLY HILLS,0,0
2024-01-25,GCSETBH-2828,SAMPLE SET - BEVERLY HILLS,1.00,143.00000,0,446479,T,JGUTIERRE6,,5,SAMPLE SET - BEVERLY HILLS,0,0
2024-01-25,GCSETBH-2828,SAMPLE SET - BEVERLY HILLS,-1.00,143.00000,0,446473,T,SMORALES3,,5,SAMPLE SET - BEVERLY HILLS,0,0
2024-01-25,GCSETBH-2828,SAMPLE SET - BEVERLY HILLS,1.00,143.00000,0,446473,T,SMORALES3,,5,SAMPLE SET - BEVERLY HILLS,0,0
2024-01-25,GCSETBH-2828,SAMPLE SET - BEVERLY HILLS,-1.00,143.00000,0,446242,T,JGUTIERRE6,,5,SAMPLE SET - BEVERLY HILLS,0,0
2024-01-25,GCSETBH-2828,SAMPLE SET - BEVERLY HILLS,1.00,143.00000,0,446242,T,JGUTIERRE6,,5,SAMPLE SET - BEVERLY HILLS,0,0
2024-01-25,GCSETBH-2828,SAMPLE SET - BEVERLY HILLS,-1.00,143.00000,0,446475,T,JSGOMEZ4,,5,SAMPLE SET - BEVERLY HILLS,0,0
2024-01-25,GCSETBH-2828,SAMPLE SET - BEVERLY HILLS,1.00,143.00000,0,446475,T,JSGOMEZ4,,5,SAMPLE SET - BEVERLY HILLS,0,0
2024-01-25,GCSETBH-2828,SAMPLE SET - BEVERLY HILLS,-1.00,143.00000,0,446481,T,RHERNAN9,,5,SAMPLE SET - BEVERLY HILLS,0,0
2024-01-25,GCSETBH-2828,SAMPLE SET - BEVERLY HILLS,1.00,143.00000,0,446481,T,RHERNAN9,,5,SAMPLE SET - BEVERLY HILLS,0,0
2024-01-25,GCSETBH-2828,SAMPLE SET - BEVERLY HILLS,-1.00,143.00000,0,446480,T,MCASTRO8,,5,SAMPLE SET - BEVERLY HILLS,0,0
2024-01-25,GCSETBH-2828,SAMPLE SET - BEVERLY HILLS,1.00,143.00000,0,446480,T,MCASTRO8,,5,SAMPLE SET - BEVERLY HILLS,0,0
2024-01-25,GCSETDB-2228,SAMPLE SET - DU BOIS,-1.00,131.10000,0,446242,T,JGUTIERRE6,,5,SAMPLE SET - DU BOIS,0,0
2024-01-25,GCSETDB-2228,SAMPLE SET - DU BOIS,1.00,131.10000,0,446242,T,JGUTIERRE6,,5,SAMPLE SET - DU BOIS,0,0
2024-01-25,GCSETDV-2228,SAMPLE SET - DA VINCI,-1.00,148.35000,0,446467,T,JGUTIERRE6,,5,SAMPLE SET - DA VINCI,0,0
2024-01-25,GCSETDV-2228,SAMPLE SET - DA VINCI,1.00,148.35000,0,446467,T,JGUTIERRE6,,5,SAMPLE SET - DA VINCI,0,0
2024-01-25,GCSETDV-2228,SAMPLE SET - DA VINCI,-1.00,148.35000,0,446464,T,SMORALES3,,5,SAMPLE SET - DA VINCI,0,0
2024-01-25,GCSETDV-2228,SAMPLE SET - DA VINCI,1.00,148.35000,0,446464,T,SMORALES3,,5,SAMPLE SET - DA VINCI,0,0
2024-01-25,GCSETDV-2228,SAMPLE SET - DA VINCI,-1.00,148.35000,0,446465,T,JSGOMEZ4,,5,SAMPLE SET - DA VINCI,0,0
2024-01-25,GCSETDV-2228,SAMPLE SET - DA VINCI,1.00,148.35000,0,446465,T,JSGOMEZ4,,5,SAMPLE SET - DA VINCI,0,0
2024-01-25,GCSETDV-2228,SAMPLE SET - DA VINCI,-1.00,148.35000,0,446469,T,RHERNAN9,,5,SAMPLE SET - DA VINCI,0,0
2024-01-25,GCSETDV-2228,SAMPLE SET - DA VINCI,1.00,148.35000,0,446469,T,RHERNAN9,,5,SAMPLE SET - DA VINCI,0,0
2024-01-25,GCSETDV-2228,SAMPLE SET - DA VINCI,-1.00,148.35000,0,446468,T,MCASTRO8,,5,SAMPLE SET - DA VINCI,0,0
2024-01-25,GCSETDV-2228,SAMPLE SET - DA VINCI,1.00,148.35000,0,446468,T,MCASTRO8,,5,SAMPLE SET - DA VINCI,0,0
2024-01-25,GCSETFC-2828,SAMPLE SET - FR.CON.,-1.00,303.00000,0,446242,T,JGUTIERRE6,,5,SAMPLE SET - FR.CON.,0,0
2024-01-25,GCSETFC-2828,SAMPLE SET - FR.CON.,1.00,303.00000,0,446242,T,JGUTIERRE6,,5,SAMPLE SET - FR.CON.,0,0
2024-01-26,GCSETAL9-2828,"SAMPLE SET 9.5"" - ALLORA",-1.00,0,0,446838,T,JRIVERA1,,5,"SAMPLE SET - 9.5"" ALLORA",0,0
2024-01-26,GCSETAL9-2828,"SAMPLE SET 9.5"" - ALLORA",1.00,0,0,446838,T,JRIVERA1,,5,"SAMPLE SET - 9.5"" ALLORA",0,0
2024-01-26,GCSETAL9-2828,"SAMPLE SET 9.5"" - ALLORA",-1.00,0,0,446203,T,,,5,"SAMPLE SET - 9.5"" ALLORA",0,0
2024-01-26,GCSETAL9-2828,"SAMPLE SET 9.5"" - ALLORA",1.00,0,0,446203,T,,,5,"SAMPLE SET - 9.5"" ALLORA",0,0
2024-01-26,GCSETBH-2828,SAMPLE SET - BEVERLY HILLS,-1.00,143.00000,0,446476,T,BOREGAN5,,5,SAMPLE SET - BEVERLY HILLS,0,0
2024-01-26,GCSETBH-2828,SAMPLE SET - BEVERLY HILLS,1.00,143.00000,0,446476,T,BOREGAN5,,5,SAMPLE SET - BEVERLY HILLS,0,0
2024-01-26,GCSETBH-2828,SAMPLE SET - BEVERLY HILLS,-1.00,143.00000,0,446838,T,JRIVERA1,,5,SAMPLE SET - BEVERLY HILLS,0,0
2024-01-26,GCSETBH-2828,SAMPLE SET - BEVERLY HILLS,1.00,143.00000,0,446838,T,JRIVERA1,,5,SAMPLE SET - BEVERLY HILLS,0,0
2024-01-26,GCSETBH-2828,SAMPLE SET - BEVERLY HILLS,-1.00,0,0,446203,T,,,5,SAMPLE SET - BEVERLY HILLS,0,0
2024-01-26,GCSETBH-2828,SAMPLE SET - BEVERLY HILLS,1.00,0,0,446203,T,,,5,SAMPLE SET - BEVERLY HILLS,0,0
2024-01-26,GCSETCV-1724,SAMPLE SET - C.V.,-1.00,144.56000,0,446686,T,CRAYGOZA6,,5,SAMPLE SET - C.V.,0,0
2024-01-26,GCSETCV-1724,SAMPLE SET - C.V.,1.00,144.56000,0,446686,T,CRAYGOZA6,,5,SAMPLE SET - C.V.,0,0
2024-01-26,GCSETCV-1724,SAMPLE SET - C.V.,-1.00,144.56000,0,447067,T,JRIVERA1,,5,SAMPLE SET - C.V.,0,0
2024-01-26,GCSETCV-1724,SAMPLE SET - C.V.,1.00,144.56000,0,447067,T,JRIVERA1,,5,SAMPLE SET - C.V.,0,0
2024-01-26,GCSETCV-1724,SAMPLE SET - C.V.,-1.00,144.56000,0,446189,T,,,5,SAMPLE SET - C.V.,0,0
2024-01-26,GCSETCV-1724,SAMPLE SET - C.V.,1.00,144.56000,0,446189,T,,,5,SAMPLE SET - C.V.,0,0
2024-01-26,GCSETDB-2228,SAMPLE SET - DU BOIS,-1.00,131.10000,0,446838,T,JRIVERA1,,5,SAMPLE SET - DU BOIS,0,0
2024-01-26,GCSETDB-2228,SAMPLE SET - DU BOIS,1.00,131.10000,0,446838,T,JRIVERA1,,5,SAMPLE SET - DU BOIS,0,0
2024-01-26,GCSETDB-2228,SAMPLE SET - DU BOIS,-1.00,131.10000,0,446203,T,,,5,SAMPLE SET - DU BOIS,0,0
2024-01-26,GCSETDB-2228,SAMPLE SET - DU BOIS,1.00,131.10000,0,446203,T,,,5,SAMPLE SET - DU BOIS,0,0
2024-01-26,GCSETDV-2228,SAMPLE SET - DA VINCI,-1.00,148.35000,0,446466,T,BOREGAN5,,5,SAMPLE SET - DA VINCI,0,0
2024-01-26,GCSETDV-2228,SAMPLE SET - DA VINCI,1.00,148.35000,0,446466,T,BOREGAN5,,5,SAMPLE SET - DA VINCI,0,0
2024-01-26,GCSETFC-2828,SAMPLE SET - FR.CON.,-1.00,303.00000,0,446838,T,JRIVERA1,,5,SAMPLE SET - FR.CON.,0,0
2024-01-26,GCSETFC-2828,SAMPLE SET - FR.CON.,1.00,303.00000,0,446838,T,JRIVERA1,,5,SAMPLE SET - FR.CON.,0,0
2024-01-26,GCSETFC-2828,SAMPLE SET - FR.CON.,-1.00,303.00000,0,446203,T,,,5,SAMPLE SET - FR.CON.,0,0
2024-01-26,GCSETFC-2828,SAMPLE SET - FR.CON.,1.00,303.00000,0,446203,T,,,5,SAMPLE SET - FR.CON.,0,0
2024-01-26,GCSETII-1724,SAMPLE SET - GII DIST.,-1.00,189.00000,0,446686,T,CRAYGOZA6,,5,SAMPLE SET - GII DIST.,0,0
2024-01-26,GCSETII-1724,SAMPLE SET - GII DIST.,1.00,189.00000,0,446686,T,CRAYGOZA6,,5,SAMPLE SET - GII DIST.,0,0
2024-01-26,GCSETII-1724,SAMPLE SET - GII DIST.,-1.00,189.00000,0,447067,T,JRIVERA1,,5,SAMPLE SET - GII DIST.,0,0
2024-01-26,GCSETII-1724,SAMPLE SET - GII DIST.,1.00,189.00000,0,447067,T,JRIVERA1,,5,SAMPLE SET - GII DIST.,0,0
2024-01-26,GCSETII-1724,SAMPLE SET - GII DIST.,-1.00,189.00000,0,446189,T,,,5,SAMPLE SET - GII DIST.,0,0
2024-01-26,GCSETII-1724,SAMPLE SET - GII DIST.,1.00,189.00000,0,446189,T,,,5,SAMPLE SET - GII DIST.,0,0
2024-01-26,GCSETSS-1724,SAMPLE SET - GII SMOOTH,-1.00,135.80000,0,446686,T,CRAYGOZA6,,5,SAMPLE SET - GII SMOOTH,0,0
2024-01-26,GCSETSS-1724,SAMPLE SET - GII SMOOTH,1.00,135.80000,0,446686,T,CRAYGOZA6,,5,SAMPLE SET - GII SMOOTH,0,0
2024-01-26,GCSETSS-1724,SAMPLE SET - GII SMOOTH,-1.00,135.80000,0,447067,T,JRIVERA1,,5,SAMPLE SET - GII SMOOTH,0,0
2024-01-26,GCSETSS-1724,SAMPLE SET - GII SMOOTH,1.00,135.80000,0,447067,T,JRIVERA1,,5,SAMPLE SET - GII SMOOTH,0,0
2024-01-26,GCSETSS-1724,SAMPLE SET - GII SMOOTH,-1.00,135.80000,0,446189,T,,,5,SAMPLE SET - GII SMOOTH,0,0
2024-01-26,GCSETSS-1724,SAMPLE SET - GII SMOOTH,1.00,135.80000,0,446189,T,,,5,SAMPLE SET - GII SMOOTH,0,0
2024-01-26,NONSTOCK,"24"" FOAM ROLLS",9.00,83.00000,83.00000,0,P,LMORENO,,,NON-STOCK ITEMS,0,0
2024-01-29,GCSETAL9-2828,"SAMPLE SET 9.5"" - ALLORA",-1.00,0,0,447631,T,,,5,"SAMPLE SET - 9.5"" ALLORA",0,0
2024-01-29,GCSETAL9-2828,"SAMPLE SET 9.5"" - ALLORA",1.00,0,0,447631,T,,,5,"SAMPLE SET - 9.5"" ALLORA",0,0
2024-01-29,GCSETBH-2828,SAMPLE SET - BEVERLY HILLS,-1.00,143.00000,0,446871,T,BOREGAN5,,5,SAMPLE SET - BEVERLY HILLS,0,0
2024-01-29,GCSETBH-2828,SAMPLE SET - BEVERLY HILLS,1.00,143.00000,0,446871,T,BOREGAN5,,5,SAMPLE SET - BEVERLY HILLS,0,0
2024-01-29,GCSETVG-2828,SAMPLE SET - VILLA GIA.,-1.00,271.84000,0,446871,T,BOREGAN5,,5,SAMPLE SET - VILLA GIALLA,0,0
2024-01-29,GCSETVG-2828,SAMPLE SET - VILLA GIA.,1.00,271.84000,0,446871,T,BOREGAN5,,5,SAMPLE SET - VILLA GIALLA,0,0
2024-01-30,GCSETAL9-2828,"SAMPLE SET 9.5"" - ALLORA",-1.00,0,0,447596,T,MCASTRO8,,5,"SAMPLE SET - 9.5"" ALLORA",0,0
2024-01-30,GCSETAL9-2828,"SAMPLE SET 9.5"" - ALLORA",1.00,0,0,447596,T,MCASTRO8,,5,"SAMPLE SET - 9.5"" ALLORA",0,0
2024-01-30,GCSETAL9-2828,"SAMPLE SET 9.5"" - ALLORA",-1.00,0,0,446780,T,LMORENO,,5,"SAMPLE SET - 9.5"" ALLORA",0,0
2024-01-30,GCSETAL9-2828,"SAMPLE SET 9.5"" - ALLORA",1.00,0,0,446780,T,LMORENO,,5,"SAMPLE SET - 9.5"" ALLORA",0,0
2024-01-30,GCSETBH-2828,SAMPLE SET - BEVERLY HILLS,-1.00,143.00000,0,446780,T,LMORENO,,5,SAMPLE SET - BEVERLY HILLS,0,0
2024-01-30,GCSETBH-2828,SAMPLE SET - BEVERLY HILLS,1.00,143.00000,0,446780,T,LMORENO,,5,SAMPLE SET - BEVERLY HILLS,0,0
2024-01-30,GCSETDB-2228,SAMPLE SET - DU BOIS,-1.00,131.10000,0,446780,T,LMORENO,,5,SAMPLE SET - DU BOIS,0,0
2024-01-30,GCSETDB-2228,SAMPLE SET - DU BOIS,1.00,131.10000,0,446780,T,LMORENO,,5,SAMPLE SET - DU BOIS,0,0
2024-01-30,GCSETDB-2228,SAMPLE SET - DU BOIS,-1.00,131.10000,0,445516,T,,,5,SAMPLE SET - DU BOIS,0,0
2024-01-30,GCSETDB-2228,SAMPLE SET - DU BOIS,1.00,131.10000,0,445516,T,,,5,SAMPLE SET - DU BOIS,0,0
2024-01-30,GCSETDV-2228,SAMPLE SET - DA VINCI,-1.00,148.35000,0,445516,T,,,5,SAMPLE SET - DA VINCI,0,0
2024-01-30,GCSETDV-2228,SAMPLE SET - DA VINCI,1.00,148.35000,0,445516,T,,,5,SAMPLE SET - DA VINCI,0,0
2024-01-30,GCSETFC-2828,SAMPLE SET - FR.CON.,-1.00,303.00000,0,446780,T,LMORENO,,5,SAMPLE SET - FR.CON.,0,0
2024-01-30,GCSETFC-2828,SAMPLE SET - FR.CON.,1.00,303.00000,0,446780,T,LMORENO,,5,SAMPLE SET - FR.CON.,0,0
2024-01-30,GCSETFC-2828,SAMPLE SET - FR.CON.,-1.00,303.00000,0,445516,T,,,5,SAMPLE SET - FR.CON.,0,0
2024-01-30,GCSETFC-2828,SAMPLE SET - FR.CON.,1.00,303.00000,0,445516,T,,,5,SAMPLE SET - FR.CON.,0,0
2024-01-30,GCSETNP-2228,SAMPLE SET - NEWPORT,100.00,59.06000,0,0,A,TONY,,5,SAMPLE SET - NEWPORT,0,0
2024-01-30,NONSTOCK,REPLACEMENT DOORS FOR SW-W2130,1.00,0,0,0,P,LMORENO,,,NON-STOCK ITEMS,0,0
2024-01-30,NONSTOCK,REPLACEMENT DOORS FOR SW-W3024,1.00,0,0,0,P,LMORENO,,,NON-STOCK ITEMS,0,0
2024-01-31,GCSETAL-2228PL,SAMPLE SET - ALLORA <N/L>,-1.00,0,0,448014,T,MCASTRO8,,5,SAMPLE SET - ALLORA <N/L>,0,0
2024-01-31,GCSETAL-2228PL,SAMPLE SET - ALLORA <N/L>,1.00,0,0,448014,T,MCASTRO8,,5,SAMPLE SET - ALLORA <N/L>,0,0
2024-01-31,GCSETAL9-2828,"SAMPLE SET 9.5"" - ALLORA",-1.00,0,0,448014,T,MCASTRO8,,5,"SAMPLE SET - 9.5"" ALLORA",0,0
2024-01-31,GCSETAL9-2828,"SAMPLE SET 9.5"" - ALLORA",1.00,0,0,448014,T,MCASTRO8,,5,"SAMPLE SET - 9.5"" ALLORA",0,0
2024-01-31,GCSETBH-2828,SAMPLE SET - BEVERLY HILLS,-1.00,143.00000,0,447551,T,,,5,SAMPLE SET - BEVERLY HILLS,0,0
2024-01-31,GCSETBH-2828,SAMPLE SET - BEVERLY HILLS,1.00,143.00000,0,447551,T,,,5,SAMPLE SET - BEVERLY HILLS,0,0
2024-01-31,GCSETCA-1724,SAMPLE SET - CANTINA,-1.00,66.40000,0,439028,T,,,5,SAMPLE SET - CANTINA,0,0
2024-01-31,GCSETCA-1724,SAMPLE SET - CANTINA,1.00,66.40000,0,439028,T,,,5,SAMPLE SET - CANTINA,0,0
2024-01-31,GCSETCC-1724,SAMPLE SET - CAROLINA C.,-1.00,68.14500,0,439028,T,,,5,SAMPLE SET - CAROLINA C.,0,0
2024-01-31,GCSETCC-1724,SAMPLE SET - CAROLINA C.,1.00,68.14500,0,439028,T,,,5,SAMPLE SET - CAROLINA C.,0,0
2024-01-31,GCSETCV-1724,SAMPLE SET - C.V.,-1.00,144.56000,0,439028,T,,,5,SAMPLE SET - C.V.,0,0
2024-01-31,GCSETCV-1724,SAMPLE SET - C.V.,1.00,144.56000,0,439028,T,,,5,SAMPLE SET - C.V.,0,0
2024-01-31,GCSETFC-2828,SAMPLE SET - FR.CON.,-1.00,303.00000,0,447551,T,,,5,SAMPLE SET - FR.CON.,0,0
2024-01-31,GCSETFC-2828,SAMPLE SET - FR.CON.,1.00,303.00000,0,447551,T,,,5,SAMPLE SET - FR.CON.,0,0
2024-01-31,GCSETII-1724,SAMPLE SET - GII DIST.,-1.00,189.00000,0,439028,T,,,5,SAMPLE SET - GII DIST.,0,0
2024-01-31,GCSETII-1724,SAMPLE SET - GII DIST.,1.00,189.00000,0,439028,T,,,5,SAMPLE SET - GII DIST.,0,0
2024-01-31,GCSETSS-1724,SAMPLE SET - GII SMOOTH,-1.00,135.80000,0,439028,T,,,5,SAMPLE SET - GII SMOOTH,0,0
2024-01-31,GCSETSS-1724,SAMPLE SET - GII SMOOTH,1.00,135.80000,0,439028,T,,,5,SAMPLE SET - GII SMOOTH,0,0
2024-01-31,GCSETVY-2228,SAMPLE SET - VINEYARD,-100.00,109.25000,0,447876,T,JRIVERA1,,5,SAMPLE SET - VINEYARD,0,0
2024-01-31,GCSETVY-2228,SAMPLE SET - VINEYARD,100.00,109.25000,0,447876,T,JRIVERA1,,5,SAMPLE SET - VINEYARD,0,0
2024-02-01,GCSETAL9-2828,"SAMPLE SET 9.5"" - ALLORA",-1.00,0,0,448390,T,,,5,"SAMPLE SET - 9.5"" ALLORA",0,0
2024-02-01,GCSETAL9-2828,"SAMPLE SET 9.5"" - ALLORA",-1.00,0,0,448430,T,,,5,"SAMPLE SET - 9.5"" ALLORA",0,0
2024-02-01,GCSETAL9-2828,"SAMPLE SET 9.5"" - ALLORA",1.00,0,0,448390,T,,,5,"SAMPLE SET - 9.5"" ALLORA",0,0
2024-02-01,GCSETAL9-2828,"SAMPLE SET 9.5"" - ALLORA",1.00,0,0,448430,T,,,5,"SAMPLE SET - 9.5"" ALLORA",0,0
2024-02-01,GCSETBH-2828,SAMPLE SET - BEVERLY HILLS,-1.00,143.00000,0,448167,T,RHERNAN9,,5,SAMPLE SET - BEVERLY HILLS,0,0
2024-02-01,GCSETBH-2828,SAMPLE SET - BEVERLY HILLS,1.00,143.00000,0,448167,T,RHERNAN9,,5,SAMPLE SET - BEVERLY HILLS,0,0
2024-02-01,GCSETBH-2828,SAMPLE SET - BEVERLY HILLS,-1.00,143.00000,0,448165,T,RHERNAN9,,5,SAMPLE SET - BEVERLY HILLS,0,0
2024-02-01,GCSETBH-2828,SAMPLE SET - BEVERLY HILLS,1.00,143.00000,0,448165,T,RHERNAN9,,5,SAMPLE SET - BEVERLY HILLS,0,0
2024-02-01,GCSETBH-2828,SAMPLE SET - BEVERLY HILLS,-1.00,143.00000,0,448158,T,RHERNAN9,,5,SAMPLE SET - BEVERLY HILLS,0,0
2024-02-01,GCSETBH-2828,SAMPLE SET - BEVERLY HILLS,1.00,143.00000,0,448158,T,RHERNAN9,,5,SAMPLE SET - BEVERLY HILLS,0,0
2024-02-01,GCSETBH-2828,SAMPLE SET - BEVERLY HILLS,-1.00,143.00000,0,448166,T,RHERNAN9,,5,SAMPLE SET - BEVERLY HILLS,0,0
2024-02-01,GCSETBH-2828,SAMPLE SET - BEVERLY HILLS,1.00,143.00000,0,448166,T,RHERNAN9,,5,SAMPLE SET - BEVERLY HILLS,0,0
2024-02-01,GCSETBH-2828,SAMPLE SET - BEVERLY HILLS,-1.00,143.00000,0,448152,T,RHERNAN9,,5,SAMPLE SET - BEVERLY HILLS,0,0
2024-02-01,GCSETBH-2828,SAMPLE SET - BEVERLY HILLS,1.00,143.00000,0,448152,T,RHERNAN9,,5,SAMPLE SET - BEVERLY HILLS,0,0
2024-02-01,GCSETBH-2828,SAMPLE SET - BEVERLY HILLS,-1.00,143.00000,0,448148,T,RHERNAN9,,5,SAMPLE SET - BEVERLY HILLS,0,0
2024-02-01,GCSETBH-2828,SAMPLE SET - BEVERLY HILLS,1.00,143.00000,0,448148,T,RHERNAN9,,5,SAMPLE SET - BEVERLY HILLS,0,0
2024-02-01,GCSETBH-2828,SAMPLE SET - BEVERLY HILLS,-1.00,143.00000,0,448144,T,RHERNAN9,,5,SAMPLE SET - BEVERLY HILLS,0,0
2024-02-01,GCSETBH-2828,SAMPLE SET - BEVERLY HILLS,1.00,143.00000,0,448144,T,RHERNAN9,,5,SAMPLE SET - BEVERLY HILLS,0,0
2024-02-01,GCSETBH-2828,SAMPLE SET - BEVERLY HILLS,-1.00,143.00000,0,448155,T,RHERNAN9,,5,SAMPLE SET - BEVERLY HILLS,0,0
2024-02-01,GCSETBH-2828,SAMPLE SET - BEVERLY HILLS,1.00,143.00000,0,448155,T,RHERNAN9,,5,SAMPLE SET - BEVERLY HILLS,0,0
2024-02-01,GCSETBH-2828,SAMPLE SET - BEVERLY HILLS,-1.00,143.00000,0,448146,T,RHERNAN9,,5,SAMPLE SET - BEVERLY HILLS,0,0
2024-02-01,GCSETBH-2828,SAMPLE SET - BEVERLY HILLS,1.00,143.00000,0,448146,T,RHERNAN9,,5,SAMPLE SET - BEVERLY HILLS,0,0
2024-02-01,GCSETBH-2828,SAMPLE SET - BEVERLY HILLS,-1.00,143.00000,0,448163,T,RHERNAN9,,5,SAMPLE SET - BEVERLY HILLS,0,0
2024-02-01,GCSETBH-2828,SAMPLE SET - BEVERLY HILLS,1.00,143.00000,0,448163,T,RHERNAN9,,5,SAMPLE SET - BEVERLY HILLS,0,0
2024-02-01,GCSETBH-2828,SAMPLE SET - BEVERLY HILLS,-1.00,143.00000,0,448156,T,RHERNAN9,,5,SAMPLE SET - BEVERLY HILLS,0,0
2024-02-01,GCSETBH-2828,SAMPLE SET - BEVERLY HILLS,1.00,143.00000,0,448156,T,RHERNAN9,,5,SAMPLE SET - BEVERLY HILLS,0,0
2024-02-01,GCSETBH-2828,SAMPLE SET - BEVERLY HILLS,-1.00,143.00000,0,448160,T,RHERNAN9,,5,SAMPLE SET - BEVERLY HILLS,0,0
2024-02-01,GCSETBH-2828,SAMPLE SET - BEVERLY HILLS,1.00,143.00000,0,448160,T,RHERNAN9,,5,SAMPLE SET - BEVERLY HILLS,0,0
2024-02-01,GCSETBH-2828,SAMPLE SET - BEVERLY HILLS,-1.00,143.00000,0,448154,T,RHERNAN9,,5,SAMPLE SET - BEVERLY HILLS,0,0
2024-02-01,GCSETBH-2828,SAMPLE SET - BEVERLY HILLS,1.00,143.00000,0,448154,T,RHERNAN9,,5,SAMPLE SET - BEVERLY HILLS,0,0
2024-02-01,GCSETBH-2828,SAMPLE SET - BEVERLY HILLS,-1.00,143.00000,0,448390,T,,,5,SAMPLE SET - BEVERLY HILLS,0,0
2024-02-01,GCSETBH-2828,SAMPLE SET - BEVERLY HILLS,1.00,143.00000,0,448390,T,,,5,SAMPLE SET - BEVERLY HILLS,0,0
2024-02-01,GCSETNP-2228,SAMPLE SET - NEWPORT,-1.00,59.06000,0,447378,T,,,5,SAMPLE SET - NEWPORT,0,0
2024-02-01,GCSETNP-2228,SAMPLE SET - NEWPORT,1.00,59.06000,0,447378,T,,,5,SAMPLE SET - NEWPORT,0,0
2024-02-01,GCSETVY-2228,SAMPLE SET - VINEYARD,100.00,109.25000,109.25000,447876,P,LMORENO,,5,SAMPLE SET - VINEYARD,0,0
2024-02-01,NONSTOCK,PLYWOOD PALLET LILY,22.00,10.00000,10.00000,0,P,LMORENO,,,NON-STOCK ITEMS,0,0
2024-02-01,NONSTOCK,PLYWOOD PALLETS JIM SPCWPC,14.00,8.31900,5.50000,0,P,LMORENO,,,NON-STOCK ITEMS,0,0
2024-02-01,NONSTOCK,NON-STOCK ITEMS,1.00,76.46000,0,0,P,LMORENO,,,NON-STOCK ITEMS,0,0
2024-02-01,NONSTOCK,PLYWOOD PALLET LILY,22.00,10.00000,10.00000,0,P,LMORENO,,,NON-STOCK ITEMS,0,0
2024-02-01,NONSTOCK,GNII HICKORY NATURAL CHIPS,120.00,0.72000,0.72000,0,P,LMORENO,,,NON-STOCK ITEMS,0,0
2024-02-01,NONSTOCK,VILLA GIALLA ROMANTIQUE CHIPS,140.00,1.60000,1.60000,0,P,LMORENO,,,NON-STOCK ITEMS,0,0
2024-02-01,NONSTOCK,PLYWOOD PALLETS LILY,22.00,10.00000,10.00000,0,P,LMORENO,,,NON-STOCK ITEMS,0,0
2024-02-02,GCSETBH-2828,SAMPLE SET - BEVERLY HILLS,-1.00,143.00000,0,448034,T,BOREGAN5,,5,SAMPLE SET - BEVERLY HILLS,0,0
2024-02-02,GCSETBH-2828,SAMPLE SET - BEVERLY HILLS,1.00,143.00000,0,448034,T,BOREGAN5,,5,SAMPLE SET - BEVERLY HILLS,0,0
2024-02-02,GCSETBH-2828,SAMPLE SET - BEVERLY HILLS,-1.00,143.00000,0,448031,T,BOREGAN5,,5,SAMPLE SET - BEVERLY HILLS,0,0
2024-02-02,GCSETBH-2828,SAMPLE SET - BEVERLY HILLS,1.00,143.00000,0,448031,T,BOREGAN5,,5,SAMPLE SET - BEVERLY HILLS,0,0
2024-02-02,GCSETBH-2828,SAMPLE SET - BEVERLY HILLS,-1.00,143.00000,0,448016,T,BOREGAN5,,5,SAMPLE SET - BEVERLY HILLS,0,0
2024-02-02,GCSETBH-2828,SAMPLE SET - BEVERLY HILLS,1.00,143.00000,0,448016,T,BOREGAN5,,5,SAMPLE SET - BEVERLY HILLS,0,0
2024-02-02,GCSETBH-2828,SAMPLE SET - BEVERLY HILLS,-1.00,143.00000,0,448017,T,BOREGAN5,,5,SAMPLE SET - BEVERLY HILLS,0,0
2024-02-02,GCSETBH-2828,SAMPLE SET - BEVERLY HILLS,1.00,143.00000,0,448017,T,BOREGAN5,,5,SAMPLE SET - BEVERLY HILLS,0,0
2024-02-02,GCSETBH-2828,SAMPLE SET - BEVERLY HILLS,-1.00,143.00000,0,448027,T,BOREGAN5,,5,SAMPLE SET - BEVERLY HILLS,0,0
2024-02-02,GCSETBH-2828,SAMPLE SET - BEVERLY HILLS,1.00,143.00000,0,448027,T,BOREGAN5,,5,SAMPLE SET - BEVERLY HILLS,0,0
2024-02-02,GCSETBH-2828,SAMPLE SET - BEVERLY HILLS,-1.00,143.00000,0,448030,T,BOREGAN5,,5,SAMPLE SET - BEVERLY HILLS,0,0
2024-02-02,GCSETBH-2828,SAMPLE SET - BEVERLY HILLS,1.00,143.00000,0,448030,T,BOREGAN5,,5,SAMPLE SET - BEVERLY HILLS,0,0
2024-02-02,GCSETBH-2828,SAMPLE SET - BEVERLY HILLS,-1.00,143.00000,0,448028,T,BOREGAN5,,5,SAMPLE SET - BEVERLY HILLS,0,0
2024-02-02,GCSETBH-2828,SAMPLE SET - BEVERLY HILLS,1.00,143.00000,0,448028,T,BOREGAN5,,5,SAMPLE SET - BEVERLY HILLS,0,0
2024-02-02,GCSETCS-2228,SAMPLE SET - CLIFFSIDE,-1.00,138.56200,0,448470,T,BOREGAN5,,5,SAMPLE SET - CLIFFSIDE,0,0
2024-02-02,GCSETCS-2228,SAMPLE SET - CLIFFSIDE,1.00,138.56200,0,448470,T,BOREGAN5,,5,SAMPLE SET - CLIFFSIDE,0,0
2024-02-02,GCSETCV-1724,SAMPLE SET - C.V.,-1.00,144.56000,0,448140,T,BOREGAN5,,5,SAMPLE SET - C.V.,0,0
2024-02-02,GCSETCV-1724,SAMPLE SET - C.V.,1.00,144.56000,0,448140,T,BOREGAN5,,5,SAMPLE SET - C.V.,0,0
2024-02-02,GCSETII-1724,SAMPLE SET - GII DIST.,-1.00,189.00000,0,448140,T,BOREGAN5,,5,SAMPLE SET - GII DIST.,0,0
2024-02-02,GCSETII-1724,SAMPLE SET - GII DIST.,1.00,189.00000,0,448140,T,BOREGAN5,,5,SAMPLE SET - GII DIST.,0,0
2024-02-02,GCSETNP-2228,SAMPLE SET - NEWPORT,-1.00,59.06000,0,448346,T,SMORALES3,,5,SAMPLE SET - NEWPORT,0,0
2024-02-02,GCSETNP-2228,SAMPLE SET - NEWPORT,1.00,59.06000,0,448346,T,SMORALES3,,5,SAMPLE SET - NEWPORT,0,0
2024-02-02,GCSETNP-2228,SAMPLE SET - NEWPORT,-1.00,59.06000,0,448347,T,JSGOMEZ4,,5,SAMPLE SET - NEWPORT,0,0
2024-02-02,GCSETNP-2228,SAMPLE SET - NEWPORT,1.00,59.06000,0,448347,T,JSGOMEZ4,,5,SAMPLE SET - NEWPORT,0,0
2024-02-02,GCSETNP-2228,SAMPLE SET - NEWPORT,-1.00,59.06000,0,448349,T,JGUTIERRE6,,5,SAMPLE SET - NEWPORT,0,0
2024-02-02,GCSETNP-2228,SAMPLE SET - NEWPORT,1.00,59.06000,0,448349,T,JGUTIERRE6,,5,SAMPLE SET - NEWPORT,0,0
2024-02-02,GCSETNP-2228,SAMPLE SET - NEWPORT,-1.00,59.06000,0,448350,T,MCASTRO8,,5,SAMPLE SET - NEWPORT,0,0
2024-02-02,GCSETNP-2228,SAMPLE SET - NEWPORT,1.00,59.06000,0,448350,T,MCASTRO8,,5,SAMPLE SET - NEWPORT,0,0
2024-02-02,GCSETNP-2228,SAMPLE SET - NEWPORT,-1.00,59.06000,0,448348,T,BOREGAN5,,5,SAMPLE SET - NEWPORT,0,0
2024-02-02,GCSETNP-2228,SAMPLE SET - NEWPORT,1.00,59.06000,0,448348,T,BOREGAN5,,5,SAMPLE SET - NEWPORT,0,0
2024-02-02,GCSETNP-2228,SAMPLE SET - NEWPORT,-1.00,59.06000,0,448351,T,JGOMEZ9,,5,SAMPLE SET - NEWPORT,0,0
2024-02-02,GCSETNP-2228,SAMPLE SET - NEWPORT,1.00,59.06000,0,448351,T,JGOMEZ9,,5,SAMPLE SET - NEWPORT,0,0
2024-02-02,GCSETVG-2828,SAMPLE SET - VILLA GIA.,-1.00,271.84000,0,448028,T,BOREGAN5,,5,SAMPLE SET - VILLA GIALLA,0,0
2024-02-02,GCSETVG-2828,SAMPLE SET - VILLA GIA.,1.00,271.84000,0,448028,T,BOREGAN5,,5,SAMPLE SET - VILLA GIALLA,0,0
2024-02-02,NONSTOCK,PLYWOOD PALLETS JIM LAMINATE,20.00,3.19600,2.00000,0,P,LMORENO,,,NON-STOCK ITEMS,0,0
2024-02-03,NONSTOCK,PLYWOOD PALLETS LILY,22.00,10.00000,10.00000,0,P,LMORENO,,,NON-STOCK ITEMS,0,0
2024-02-05,GCSETBH-2828,SAMPLE SET - BEVERLY HILLS,-1.00,143.00000,0,448996,T,,,5,SAMPLE SET - BEVERLY HILLS,0,0
2024-02-05,GCSETBH-2828,SAMPLE SET - BEVERLY HILLS,1.00,143.00000,0,448996,T,,,5,SAMPLE SET - BEVERLY HILLS,0,0
2024-02-05,GCSETNP-2228,SAMPLE SET - NEWPORT,-1.00,59.06000,0,449063,T,BOREGAN5,,5,SAMPLE SET - NEWPORT,0,0
2024-02-05,GCSETNP-2228,SAMPLE SET - NEWPORT,1.00,59.06000,0,449063,T,BOREGAN5,,5,SAMPLE SET - NEWPORT,0,0
2024-02-05,GCSETNP-2228,SAMPLE SET - NEWPORT,-1.00,59.06000,0,449039,T,,,5,SAMPLE SET - NEWPORT,0,0
2024-02-05,GCSETNP-2228,SAMPLE SET - NEWPORT,1.00,59.06000,0,449039,T,,,5,SAMPLE SET - NEWPORT,0,0
2024-02-06,GCSETAL9-2828,"SAMPLE SET 9.5"" - ALLORA",-1.00,0,0,448993,T,,,5,"SAMPLE SET - 9.5"" ALLORA",0,0
2024-02-06,GCSETAL9-2828,"SAMPLE SET 9.5"" - ALLORA",1.00,0,0,448993,T,,,5,"SAMPLE SET - 9.5"" ALLORA",0,0
2024-02-06,GCSETCA-1724,SAMPLE SET - CANTINA,-1.00,66.40000,0,449307,T,MCASTRO8,,5,SAMPLE SET - CANTINA,0,0
2024-02-06,GCSETCA-1724,SAMPLE SET - CANTINA,1.00,66.40000,0,449307,T,MCASTRO8,,5,SAMPLE SET - CANTINA,0,0
2024-02-06,GCSETCC-1724,SAMPLE SET - CAROLINA C.,-1.00,68.14500,0,449307,T,MCASTRO8,,5,SAMPLE SET - CAROLINA C.,0,0
2024-02-06,GCSETCC-1724,SAMPLE SET - CAROLINA C.,1.00,68.14500,0,449307,T,MCASTRO8,,5,SAMPLE SET - CAROLINA C.,0,0
2024-02-06,GCSETCV-1724,SAMPLE SET - C.V.,-1.00,144.56000,0,449307,T,MCASTRO8,,5,SAMPLE SET - C.V.,0,0
2024-02-06,GCSETCV-1724,SAMPLE SET - C.V.,1.00,144.56000,0,449307,T,MCASTRO8,,5,SAMPLE SET - C.V.,0,0
2024-02-06,GCSETNP-2228,SAMPLE SET - NEWPORT,-1.00,59.06000,0,449628,T,,,5,SAMPLE SET - NEWPORT,0,0
2024-02-06,GCSETNP-2228,SAMPLE SET - NEWPORT,-1.00,59.06000,0,449626,T,,,5,SAMPLE SET - NEWPORT,0,0
2024-02-06,GCSETNP-2228,SAMPLE SET - NEWPORT,1.00,59.06000,0,449628,T,,,5,SAMPLE SET - NEWPORT,0,0
2024-02-06,GCSETNP-2228,SAMPLE SET - NEWPORT,1.00,59.06000,0,449626,T,,,5,SAMPLE SET - NEWPORT,0,0
2024-02-07,GCSETBH-2828,SAMPLE SET - BEVERLY HILLS,-1.00,143.00000,0,449765,T,MCASTRO8,,5,SAMPLE SET - BEVERLY HILLS,0,0
2024-02-07,GCSETBH-2828,SAMPLE SET - BEVERLY HILLS,1.00,143.00000,0,449765,T,MCASTRO8,,5,SAMPLE SET - BEVERLY HILLS,0,0
2024-02-07,GCSETBH-2828,SAMPLE SET - BEVERLY HILLS,-12.00,143.00000,0,449517,T,,,5,SAMPLE SET - BEVERLY HILLS,0,0
2024-02-07,GCSETBH-2828,SAMPLE SET - BEVERLY HILLS,12.00,143.00000,0,449517,T,,,5,SAMPLE SET - BEVERLY HILLS,0,0
2024-02-07,GCSETEX-2528,SAMPLE SET - EXOTICS *OMP*,-1.00,210.88200,0,449765,T,MCASTRO8,,5,SAMPLE SET - EXOTICS *OMP*,0,0
2024-02-07,GCSETEX-2528,SAMPLE SET - EXOTICS *OMP*,1.00,210.88200,0,449765,T,MCASTRO8,,5,SAMPLE SET - EXOTICS *OMP*,0,0
2024-02-07,GCSETII-1724,SAMPLE SET - GII DIST.,-1.00,189.00000,0,449765,T,MCASTRO8,,5,SAMPLE SET - GII DIST.,0,0
2024-02-07,GCSETII-1724,SAMPLE SET - GII DIST.,1.00,189.00000,0,449765,T,MCASTRO8,,5,SAMPLE SET - GII DIST.,0,0
2024-02-07,GCSETNP-2228,SAMPLE SET - NEWPORT,-1.00,59.06000,0,449676,T,,,5,SAMPLE SET - NEWPORT,0,0
2024-02-07,GCSETNP-2228,SAMPLE SET - NEWPORT,-1.00,59.06000,0,449690,T,,,5,SAMPLE SET - NEWPORT,0,0
2024-02-07,GCSETNP-2228,SAMPLE SET - NEWPORT,-1.00,59.06000,0,449673,T,,,5,SAMPLE SET - NEWPORT,0,0
2024-02-07,GCSETNP-2228,SAMPLE SET - NEWPORT,1.00,59.06000,0,449676,T,,,5,SAMPLE SET - NEWPORT,0,0
2024-02-07,GCSETNP-2228,SAMPLE SET - NEWPORT,1.00,59.06000,0,449690,T,,,5,SAMPLE SET - NEWPORT,0,0
2024-02-07,GCSETNP-2228,SAMPLE SET - NEWPORT,1.00,59.06000,0,449673,T,,,5,SAMPLE SET - NEWPORT,0,0
2024-02-08,GCSETAL9-2828,"SAMPLE SET 9.5"" - ALLORA",-1.00,0,0,450171,T,,,5,"SAMPLE SET - 9.5"" ALLORA",0,0
2024-02-08,GCSETAL9-2828,"SAMPLE SET 9.5"" - ALLORA",-1.00,0,0,449699,T,,,5,"SAMPLE SET - 9.5"" ALLORA",0,0
2024-02-08,GCSETAL9-2828,"SAMPLE SET 9.5"" - ALLORA",1.00,0,0,450171,T,,,5,"SAMPLE SET - 9.5"" ALLORA",0,0
2024-02-08,GCSETAL9-2828,"SAMPLE SET 9.5"" - ALLORA",1.00,0,0,449699,T,,,5,"SAMPLE SET - 9.5"" ALLORA",0,0
2024-02-08,GCSETBH-2828,SAMPLE SET - BEVERLY HILLS,-1.00,143.00000,0,449699,T,,,5,SAMPLE SET - BEVERLY HILLS,0,0
2024-02-08,GCSETBH-2828,SAMPLE SET - BEVERLY HILLS,1.00,143.00000,0,449699,T,,,5,SAMPLE SET - BEVERLY HILLS,0,0
2024-02-08,GCSETCA-1724,SAMPLE SET - CANTINA,-1.00,66.40000,0,449933,T,MCASTRO8,,5,SAMPLE SET - CANTINA,0,0
2024-02-08,GCSETCA-1724,SAMPLE SET - CANTINA,1.00,66.40000,0,449933,T,MCASTRO8,,5,SAMPLE SET - CANTINA,0,0
2024-02-08,GCSETCC-1724,SAMPLE SET - CAROLINA C.,-1.00,68.14500,0,449933,T,MCASTRO8,,5,SAMPLE SET - CAROLINA C.,0,0
2024-02-08,GCSETCC-1724,SAMPLE SET - CAROLINA C.,1.00,68.14500,0,449933,T,MCASTRO8,,5,SAMPLE SET - CAROLINA C.,0,0
2024-02-08,GCSETCV-1724,SAMPLE SET - C.V.,-1.00,144.56000,0,449933,T,MCASTRO8,,5,SAMPLE SET - C.V.,0,0
2024-02-08,GCSETCV-1724,SAMPLE SET - C.V.,1.00,144.56000,0,449933,T,MCASTRO8,,5,SAMPLE SET - C.V.,0,0
2024-02-08,GCSETDB-2228,SAMPLE SET - DU BOIS,-1.00,131.10000,0,449699,T,,,5,SAMPLE SET - DU BOIS,0,0
2024-02-08,GCSETDB-2228,SAMPLE SET - DU BOIS,1.00,131.10000,0,449699,T,,,5,SAMPLE SET - DU BOIS,0,0
2024-02-08,GCSETDV-2228,SAMPLE SET - DA VINCI,-1.00,148.35000,0,449699,T,,,5,SAMPLE SET - DA VINCI,0,0
2024-02-08,GCSETDV-2228,SAMPLE SET - DA VINCI,1.00,148.35000,0,449699,T,,,5,SAMPLE SET - DA VINCI,0,0
2024-02-08,GCSETEX-2528,SAMPLE SET - EXOTICS *OMP*,-1.00,210.88200,0,449933,T,MCASTRO8,,5,SAMPLE SET - EXOTICS *OMP*,0,0
2024-02-08,GCSETEX-2528,SAMPLE SET - EXOTICS *OMP*,1.00,210.88200,0,449933,T,MCASTRO8,,5,SAMPLE SET - EXOTICS *OMP*,0,0
2024-02-08,GCSETII-1724,SAMPLE SET - GII DIST.,-1.00,189.00000,0,449933,T,MCASTRO8,,5,SAMPLE SET - GII DIST.,0,0
2024-02-08,GCSETII-1724,SAMPLE SET - GII DIST.,1.00,189.00000,0,449933,T,MCASTRO8,,5,SAMPLE SET - GII DIST.,0,0
2024-02-08,GCSETNP-2228,SAMPLE SET - NEWPORT,-1.00,59.06000,0,449699,T,,,5,SAMPLE SET - NEWPORT,0,0
2024-02-08,GCSETNP-2228,SAMPLE SET - NEWPORT,1.00,59.06000,0,449699,T,,,5,SAMPLE SET - NEWPORT,0,0
2024-02-08,GCSETSS-1724,SAMPLE SET - GII SMOOTH,-1.00,135.80000,0,449933,T,MCASTRO8,,5,SAMPLE SET - GII SMOOTH,0,0
2024-02-08,GCSETSS-1724,SAMPLE SET - GII SMOOTH,1.00,135.80000,0,449933,T,MCASTRO8,,5,SAMPLE SET - GII SMOOTH,0,0
2024-02-08,GCSETVG-2828,SAMPLE SET - VILLA GIA.,-1.00,271.84000,0,449699,T,,,5,SAMPLE SET - VILLA GIALLA,0,0
2024-02-08,GCSETVG-2828,SAMPLE SET - VILLA GIA.,1.00,271.84000,0,449699,T,,,5,SAMPLE SET - VILLA GIALLA,0,0
2024-02-08,NONSTOCK,"PACKING LIST ENVELOPES 9-1/2""",2.00,69.00000,69.00000,0,P,LMORENO,,,NON-STOCK ITEMS,0,0
2024-02-08,NONSTOCK,"PACKING LIST ENVELOPES 5-1/2""",2.00,75.00000,75.00000,0,P,LMORENO,,,NON-STOCK ITEMS,0,0
2024-02-08,NONSTOCK,PALLET FRAGILE STICKERS,3.00,39.00000,39.00000,0,P,LMORENO,,,NON-STOCK ITEMS,0,0
2024-02-08,NONSTOCK,"24"" FOAM FOR MARCO",3.00,83.00000,83.00000,0,P,LMORENO,,,NON-STOCK ITEMS,0,0
2024-02-08,NONSTOCK,PALLET CONES - WHITE,5.00,70.00000,70.00000,0,P,LMORENO,,,NON-STOCK ITEMS,0,0
2024-02-08,NONSTOCK,POLYESTER STRAPPING SEALS,6.00,91.00000,91.00000,0,P,LMORENO,,,NON-STOCK ITEMS,0,0
2024-02-08,NONSTOCK,JUMBO STANDING DUST MOP,7.00,33.00000,33.00000,0,P,LMORENO,,,NON-STOCK ITEMS,0,0
2024-02-08,NONSTOCK,"ANGLE BROOM 15""",7.00,18.00000,18.00000,0,P,LMORENO,,,NON-STOCK ITEMS,0,0
2024-02-08,NONSTOCK,DUST MOP REPLACEMENT HEAD,10.00,18.00000,18.00000,0,P,LMORENO,,,NON-STOCK ITEMS,0,0
2024-02-08,NONSTOCK,"DUST MOP KIT 36""",10.00,37.00000,37.00000,0,P,LMORENO,,,NON-STOCK ITEMS,0,0
2024-02-08,NONSTOCK,"INDUSTRIAL STRAPPING TAPE 2""",48.00,7.85000,7.85000,0,P,LMORENO,,,NON-STOCK ITEMS,0,0
2024-02-09,GCSETAL9-2828,"SAMPLE SET 9.5"" - ALLORA",-1.00,0,0,449946,T,BOREGAN5,,5,"SAMPLE SET - 9.5"" ALLORA",0,0
2024-02-09,GCSETAL9-2828,"SAMPLE SET 9.5"" - ALLORA",1.00,0,0,449946,T,BOREGAN5,,5,"SAMPLE SET - 9.5"" ALLORA",0,0
2024-02-09,GCSETBH-2828,SAMPLE SET - BEVERLY HILLS,-1.00,143.00000,0,450347,T,MCASTRO8,,5,SAMPLE SET - BEVERLY HILLS,0,0
2024-02-09,GCSETBH-2828,SAMPLE SET - BEVERLY HILLS,1.00,143.00000,0,450347,T,MCASTRO8,,5,SAMPLE SET - BEVERLY HILLS,0,0
2024-02-09,GCSETCA-1724,SAMPLE SET - CANTINA,-1.00,66.40000,0,449946,T,BOREGAN5,,5,SAMPLE SET - CANTINA,0,0
2024-02-09,GCSETCA-1724,SAMPLE SET - CANTINA,1.00,66.40000,0,449946,T,BOREGAN5,,5,SAMPLE SET - CANTINA,0,0
2024-02-09,GCSETCC-1724,SAMPLE SET - CAROLINA C.,-1.00,68.14500,0,449946,T,BOREGAN5,,5,SAMPLE SET - CAROLINA C.,0,0
2024-02-09,GCSETCC-1724,SAMPLE SET - CAROLINA C.,1.00,68.14500,0,449946,T,BOREGAN5,,5,SAMPLE SET - CAROLINA C.,0,0
2024-02-09,GCSETCS-2228,SAMPLE SET - CLIFFSIDE,-1.00,138.56200,0,449946,T,BOREGAN5,,5,SAMPLE SET - CLIFFSIDE,0,0
2024-02-09,GCSETCS-2228,SAMPLE SET - CLIFFSIDE,1.00,138.56200,0,449946,T,BOREGAN5,,5,SAMPLE SET - CLIFFSIDE,0,0
2024-02-09,GCSETCV-1724,SAMPLE SET - C.V.,-1.00,144.56000,0,449946,T,BOREGAN5,,5,SAMPLE SET - C.V.,0,0
2024-02-09,GCSETCV-1724,SAMPLE SET - C.V.,1.00,144.56000,0,449946,T,BOREGAN5,,5,SAMPLE SET - C.V.,0,0
2024-02-09,GCSETGI-2828PL,SAMPLE SET - GREEK ISLES <N/L>,-1.00,160.00000,0,449946,T,BOREGAN5,,5,SAMPLE SET - GREEK ISLES <N/L>,0,0
2024-02-09,GCSETGI-2828PL,SAMPLE SET - GREEK ISLES <N/L>,1.00,160.00000,0,449946,T,BOREGAN5,,5,SAMPLE SET - GREEK ISLES <N/L>,0,0
2024-02-09,GCSETII-1724,SAMPLE SET - GII DIST.,-1.00,189.00000,0,449946,T,BOREGAN5,,5,SAMPLE SET - GII DIST.,0,0
2024-02-09,GCSETII-1724,SAMPLE SET - GII DIST.,1.00,189.00000,0,449946,T,BOREGAN5,,5,SAMPLE SET - GII DIST.,0,0
2024-02-09,GCSETNP-2228,SAMPLE SET - NEWPORT,-1.00,59.06000,0,449946,T,BOREGAN5,,5,SAMPLE SET - NEWPORT,0,0
2024-02-09,GCSETNP-2228,SAMPLE SET - NEWPORT,1.00,59.06000,0,449946,T,BOREGAN5,,5,SAMPLE SET - NEWPORT,0,0
2024-02-09,GCSETSS5-2323,SAMPLE SET - SUMMIT SKY HB,-1.00,34.41900,0,449946,T,BOREGAN5,,5,SAMPLE SET - SUMMIT SKY HB,0,0
2024-02-09,GCSETSS5-2323,SAMPLE SET - SUMMIT SKY HB,1.00,34.41900,0,449946,T,BOREGAN5,,5,SAMPLE SET - SUMMIT SKY HB,0,0
2024-02-09,GCSETVG-2828,SAMPLE SET - VILLA GIA.,-1.00,271.84000,0,449946,T,BOREGAN5,,5,SAMPLE SET - VILLA GIALLA,0,0
2024-02-09,GCSETVG-2828,SAMPLE SET - VILLA GIA.,1.00,271.84000,0,449946,T,BOREGAN5,,5,SAMPLE SET - VILLA GIALLA,0,0
2024-02-09,GCSETVY-2228,SAMPLE SET - VINEYARD,-1.00,109.25000,0,449034,T,LMORENO,,5,SAMPLE SET - VINEYARD,0,0
2024-02-09,GCSETVY-2228,SAMPLE SET - VINEYARD,1.00,109.25000,0,449034,T,LMORENO,,5,SAMPLE SET - VINEYARD,0,0
2024-02-09,GCSETVY-2228,SAMPLE SET - VINEYARD,-1.00,109.25000,0,449027,T,SMORALES3,,5,SAMPLE SET - VINEYARD,0,0
2024-02-09,GCSETVY-2228,SAMPLE SET - VINEYARD,1.00,109.25000,0,449027,T,SMORALES3,,5,SAMPLE SET - VINEYARD,0,0
2024-02-09,GCSETVY-2228,SAMPLE SET - VINEYARD,-1.00,109.25000,0,449946,T,BOREGAN5,,5,SAMPLE SET - VINEYARD,0,0
2024-02-09,GCSETVY-2228,SAMPLE SET - VINEYARD,1.00,109.25000,0,449946,T,BOREGAN5,,5,SAMPLE SET - VINEYARD,0,0
2024-02-09,GCSETVY-2228,SAMPLE SET - VINEYARD,-1.00,109.25000,0,449031,T,JGUTIERRE6,,5,SAMPLE SET - VINEYARD,0,0
2024-02-09,GCSETVY-2228,SAMPLE SET - VINEYARD,1.00,109.25000,0,449031,T,JGUTIERRE6,,5,SAMPLE SET - VINEYARD,0,0
2024-02-10,GCSETVG-2828,SAMPLE SET - VILLA GIA.,-1.00,271.84000,0,449742,T,BOREGAN5,,5,SAMPLE SET - VILLA GIALLA,0,0
2024-02-10,GCSETVG-2828,SAMPLE SET - VILLA GIA.,1.00,271.84000,0,449742,T,BOREGAN5,,5,SAMPLE SET - VILLA GIALLA,0,0
2024-02-10,GCSETVY-2228,SAMPLE SET - VINEYARD,-1.00,109.25000,0,449030,T,BOREGAN5,,5,SAMPLE SET - VINEYARD,0,0
2024-02-10,GCSETVY-2228,SAMPLE SET - VINEYARD,1.00,109.25000,0,449030,T,BOREGAN5,,5,SAMPLE SET - VINEYARD,0,0
2024-02-12,GCSETAL-2228PL,SAMPLE SET - ALLORA <N/L>,-1.00,0,0,444492,T,,,5,SAMPLE SET - ALLORA <N/L>,0,0
2024-02-12,GCSETAL-2228PL,SAMPLE SET - ALLORA <N/L>,1.00,0,0,444492,T,,,5,SAMPLE SET - ALLORA <N/L>,0,0
2024-02-12,GCSETAL9-2828,"SAMPLE SET 9.5"" - ALLORA",-1.00,0,0,444492,T,,,5,"SAMPLE SET - 9.5"" ALLORA",0,0
2024-02-12,GCSETAL9-2828,"SAMPLE SET 9.5"" - ALLORA",1.00,0,0,444492,T,,,5,"SAMPLE SET - 9.5"" ALLORA",0,0
2024-02-12,GCSETBH-2828,SAMPLE SET - BEVERLY HILLS,-1.00,143.00000,0,450641,T,,,5,SAMPLE SET - BEVERLY HILLS,0,0
2024-02-12,GCSETBH-2828,SAMPLE SET - BEVERLY HILLS,1.00,143.00000,0,450641,T,,,5,SAMPLE SET - BEVERLY HILLS,0,0
2024-02-12,GCSETCA-1724,SAMPLE SET - CANTINA,-1.00,66.40000,0,444492,T,,,5,SAMPLE SET - CANTINA,0,0
2024-02-12,GCSETCA-1724,SAMPLE SET - CANTINA,1.00,66.40000,0,444492,T,,,5,SAMPLE SET - CANTINA,0,0
2024-02-12,GCSETCC-1724,SAMPLE SET - CAROLINA C.,-1.00,68.14500,0,444492,T,,,5,SAMPLE SET - CAROLINA C.,0,0
2024-02-12,GCSETCC-1724,SAMPLE SET - CAROLINA C.,1.00,68.14500,0,444492,T,,,5,SAMPLE SET - CAROLINA C.,0,0
2024-02-12,GCSETCV-1724,SAMPLE SET - C.V.,-1.00,144.56000,0,444492,T,,,5,SAMPLE SET - C.V.,0,0
2024-02-12,GCSETCV-1724,SAMPLE SET - C.V.,1.00,144.56000,0,444492,T,,,5,SAMPLE SET - C.V.,0,0
2024-02-12,GCSETCY-2828,SAMPLE SET - CN.CREST,-1.00,128.40000,0,450641,T,,,5,SAMPLE SET - CN.CREST,0,0
2024-02-12,GCSETCY-2828,SAMPLE SET - CN.CREST,1.00,128.40000,0,450641,T,,,5,SAMPLE SET - CN.CREST,0,0
2024-02-12,GCSETDB-2228,SAMPLE SET - DU BOIS,-1.00,131.10000,0,444492,T,,,5,SAMPLE SET - DU BOIS,0,0
2024-02-12,GCSETDB-2228,SAMPLE SET - DU BOIS,1.00,131.10000,0,444492,T,,,5,SAMPLE SET - DU BOIS,0,0
2024-02-12,GCSETDV-2228,SAMPLE SET - DA VINCI,-1.00,124.25000,0,444492,T,,,5,SAMPLE SET - DA VINCI,0,0
2024-02-12,GCSETDV-2228,SAMPLE SET - DA VINCI,1.00,124.25000,0,444492,T,,,5,SAMPLE SET - DA VINCI,0,0
2024-02-12,GCSETFC-2828,SAMPLE SET - FR.CON.,-50.00,303.00000,0,435512,T,LMORENO,,5,SAMPLE SET - FR.CON.,0,0
2024-02-12,GCSETFC-2828,SAMPLE SET - FR.CON.,50.00,303.00000,0,435512,T,LMORENO,,5,SAMPLE SET - FR.CON.,0,0
2024-02-12,GCSETII-1724,SAMPLE SET - GII DIST.,-1.00,189.00000,0,444492,T,,,5,SAMPLE SET - GII DIST.,0,0
2024-02-12,GCSETII-1724,SAMPLE SET - GII DIST.,1.00,189.00000,0,444492,T,,,5,SAMPLE SET - GII DIST.,0,0
2024-02-12,GCSETNP-2228,SAMPLE SET - NEWPORT,-1.00,59.06000,0,449568,T,,,5,SAMPLE SET - NEWPORT,0,0
2024-02-12,GCSETNP-2228,SAMPLE SET - NEWPORT,1.00,59.06000,0,449568,T,,,5,SAMPLE SET - NEWPORT,0,0
2024-02-12,GCSETSS-1724,SAMPLE SET - GII SMOOTH,-1.00,135.80000,0,444492,T,,,5,SAMPLE SET - GII SMOOTH,0,0
2024-02-12,GCSETSS-1724,SAMPLE SET - GII SMOOTH,1.00,135.80000,0,444492,T,,,5,SAMPLE SET - GII SMOOTH,0,0
2024-02-12,GCSETVG-2828,SAMPLE SET - VILLA GIA.,-1.00,271.84000,0,444492,T,,,5,SAMPLE SET - VILLA GIALLA,0,0
2024-02-12,GCSETVG-2828,SAMPLE SET - VILLA GIA.,-1.00,271.84000,0,450641,T,,,5,SAMPLE SET - VILLA GIALLA,0,0
2024-02-12,GCSETVG-2828,SAMPLE SET - VILLA GIA.,1.00,271.84000,0,444492,T,,,5,SAMPLE SET - VILLA GIALLA,0,0
2024-02-12,GCSETVG-2828,SAMPLE SET - VILLA GIA.,1.00,271.84000,0,450641,T,,,5,SAMPLE SET - VILLA GIALLA,0,0
2024-02-12,GCSETVY-2228,SAMPLE SET - VINEYARD,-1.00,109.25000,0,449568,T,,,5,SAMPLE SET - VINEYARD,0,0
2024-02-12,GCSETVY-2228,SAMPLE SET - VINEYARD,1.00,109.25000,0,449568,T,,,5,SAMPLE SET - VINEYARD,0,0
2024-02-12,NONSTOCK,PLYWOOD PALLETS LILY,22.00,10.00000,10.00000,0,P,LMORENO,,,NON-STOCK ITEMS,0,0
2024-02-13,GCSETBH-2828,SAMPLE SET - BEVERLY HILLS,-1.00,143.00000,0,450528,T,MCASTRO8,,5,SAMPLE SET - BEVERLY HILLS,0,0
2024-02-13,GCSETBH-2828,SAMPLE SET - BEVERLY HILLS,1.00,143.00000,0,450528,T,MCASTRO8,,5,SAMPLE SET - BEVERLY HILLS,0,0
2024-02-13,GCSETBH-2828,SAMPLE SET - BEVERLY HILLS,-1.00,143.00000,0,450527,T,MCASTRO8,,5,SAMPLE SET - BEVERLY HILLS,0,0
2024-02-13,GCSETBH-2828,SAMPLE SET - BEVERLY HILLS,1.00,143.00000,0,450527,T,MCASTRO8,,5,SAMPLE SET - BEVERLY HILLS,0,0
2024-02-13,GCSETNP-2228,SAMPLE SET - NEWPORT,-1.00,59.06000,0,449602,T,SBISHOP9,,5,SAMPLE SET - NEWPORT,0,0
2024-02-13,GCSETNP-2228,SAMPLE SET - NEWPORT,1.00,59.06000,0,449602,T,SBISHOP9,,5,SAMPLE SET - NEWPORT,0,0
2024-02-13,GCSETNP-2228,SAMPLE SET - NEWPORT,-1.00,59.06000,0,449600,T,SBISHOP9,,5,SAMPLE SET - NEWPORT,0,0
2024-02-13,GCSETNP-2228,SAMPLE SET - NEWPORT,1.00,59.06000,0,449600,T,SBISHOP9,,5,SAMPLE SET - NEWPORT,0,0
2024-02-13,GCSETNP-2228,SAMPLE SET - NEWPORT,-1.00,59.06000,0,449599,T,SBISHOP9,,5,SAMPLE SET - NEWPORT,0,0
2024-02-13,GCSETNP-2228,SAMPLE SET - NEWPORT,1.00,59.06000,0,449599,T,SBISHOP9,,5,SAMPLE SET - NEWPORT,0,0
2024-02-13,GCSETNP-2228,SAMPLE SET - NEWPORT,-1.00,59.06000,0,449584,T,SBISHOP9,,5,SAMPLE SET - NEWPORT,0,0
2024-02-13,GCSETNP-2228,SAMPLE SET - NEWPORT,1.00,59.06000,0,449584,T,SBISHOP9,,5,SAMPLE SET - NEWPORT,0,0
2024-02-13,GCSETNP-2228,SAMPLE SET - NEWPORT,-1.00,59.06000,0,449589,T,SBISHOP9,,5,SAMPLE SET - NEWPORT,0,0
2024-02-13,GCSETNP-2228,SAMPLE SET - NEWPORT,1.00,59.06000,0,449589,T,SBISHOP9,,5,SAMPLE SET - NEWPORT,0,0
2024-02-13,GCSETNP-2228,SAMPLE SET - NEWPORT,-1.00,59.06000,0,449578,T,SBISHOP9,,5,SAMPLE SET - NEWPORT,0,0
2024-02-13,GCSETNP-2228,SAMPLE SET - NEWPORT,1.00,59.06000,0,449578,T,SBISHOP9,,5,SAMPLE SET - NEWPORT,0,0
2024-02-13,GCSETNP-2228,SAMPLE SET - NEWPORT,-1.00,59.06000,0,449596,T,SBISHOP9,,5,SAMPLE SET - NEWPORT,0,0
2024-02-13,GCSETNP-2228,SAMPLE SET - NEWPORT,1.00,59.06000,0,449596,T,SBISHOP9,,5,SAMPLE SET - NEWPORT,0,0
2024-02-13,GCSETNP-2228,SAMPLE SET - NEWPORT,-1.00,59.06000,0,449598,T,SBISHOP9,,5,SAMPLE SET - NEWPORT,0,0
2024-02-13,GCSETNP-2228,SAMPLE SET - NEWPORT,1.00,59.06000,0,449598,T,SBISHOP9,,5,SAMPLE SET - NEWPORT,0,0
2024-02-13,GCSETNP-2228,SAMPLE SET - NEWPORT,-1.00,59.06000,0,449604,T,SBISHOP9,,5,SAMPLE SET - NEWPORT,0,0
2024-02-13,GCSETNP-2228,SAMPLE SET - NEWPORT,1.00,59.06000,0,449604,T,SBISHOP9,,5,SAMPLE SET - NEWPORT,0,0
2024-02-13,GCSETNP-2228,SAMPLE SET - NEWPORT,-1.00,59.06000,0,449593,T,SBISHOP9,,5,SAMPLE SET - NEWPORT,0,0
2024-02-13,GCSETNP-2228,SAMPLE SET - NEWPORT,1.00,59.06000,0,449593,T,SBISHOP9,,5,SAMPLE SET - NEWPORT,0,0
2024-02-13,GCSETNP-2228,SAMPLE SET - NEWPORT,-1.00,59.06000,0,449591,T,SBISHOP9,,5,SAMPLE SET - NEWPORT,0,0
2024-02-13,GCSETNP-2228,SAMPLE SET - NEWPORT,1.00,59.06000,0,449591,T,SBISHOP9,,5,SAMPLE SET - NEWPORT,0,0
2024-02-13,GCSETNP-2228,SAMPLE SET - NEWPORT,-1.00,59.06000,0,449594,T,SBISHOP9,,5,SAMPLE SET - NEWPORT,0,0
2024-02-13,GCSETNP-2228,SAMPLE SET - NEWPORT,1.00,59.06000,0,449594,T,SBISHOP9,,5,SAMPLE SET - NEWPORT,0,0
2024-02-13,GCSETNP-2228,SAMPLE SET - NEWPORT,-1.00,59.06000,0,449595,T,SBISHOP9,,5,SAMPLE SET - NEWPORT,0,0
2024-02-13,GCSETNP-2228,SAMPLE SET - NEWPORT,1.00,59.06000,0,449595,T,SBISHOP9,,5,SAMPLE SET - NEWPORT,0,0
2024-02-13,GCSETVY-2228,SAMPLE SET - VINEYARD,-1.00,109.25000,0,449032,T,MCASTRO8,,5,SAMPLE SET - VINEYARD,0,0
2024-02-13,GCSETVY-2228,SAMPLE SET - VINEYARD,1.00,109.25000,0,449032,T,MCASTRO8,,5,SAMPLE SET - VINEYARD,0,0
2024-02-13,GCSETVY-2228,SAMPLE SET - VINEYARD,-1.00,109.25000,0,449602,T,SBISHOP9,,5,SAMPLE SET - VINEYARD,0,0
2024-02-13,GCSETVY-2228,SAMPLE SET - VINEYARD,1.00,109.25000,0,449602,T,SBISHOP9,,5,SAMPLE SET - VINEYARD,0,0
2024-02-13,GCSETVY-2228,SAMPLE SET - VINEYARD,-1.00,109.25000,0,449600,T,SBISHOP9,,5,SAMPLE SET - VINEYARD,0,0
2024-02-13,GCSETVY-2228,SAMPLE SET - VINEYARD,1.00,109.25000,0,449600,T,SBISHOP9,,5,SAMPLE SET - VINEYARD,0,0
2024-02-13,GCSETVY-2228,SAMPLE SET - VINEYARD,-1.00,109.25000,0,449599,T,SBISHOP9,,5,SAMPLE SET - VINEYARD,0,0
2024-02-13,GCSETVY-2228,SAMPLE SET - VINEYARD,1.00,109.25000,0,449599,T,SBISHOP9,,5,SAMPLE SET - VINEYARD,0,0
2024-02-13,GCSETVY-2228,SAMPLE SET - VINEYARD,-1.00,109.25000,0,449584,T,SBISHOP9,,5,SAMPLE SET - VINEYARD,0,0
2024-02-13,GCSETVY-2228,SAMPLE SET - VINEYARD,1.00,109.25000,0,449584,T,SBISHOP9,,5,SAMPLE SET - VINEYARD,0,0
2024-02-13,GCSETVY-2228,SAMPLE SET - VINEYARD,-1.00,109.25000,0,449589,T,SBISHOP9,,5,SAMPLE SET - VINEYARD,0,0
2024-02-13,GCSETVY-2228,SAMPLE SET - VINEYARD,1.00,109.25000,0,449589,T,SBISHOP9,,5,SAMPLE SET - VINEYARD,0,0
2024-02-13,GCSETVY-2228,SAMPLE SET - VINEYARD,-1.00,109.25000,0,449578,T,SBISHOP9,,5,SAMPLE SET - VINEYARD,0,0
2024-02-13,GCSETVY-2228,SAMPLE SET - VINEYARD,1.00,109.25000,0,449578,T,SBISHOP9,,5,SAMPLE SET - VINEYARD,0,0
2024-02-13,GCSETVY-2228,SAMPLE SET - VINEYARD,-1.00,109.25000,0,449596,T,SBISHOP9,,5,SAMPLE SET - VINEYARD,0,0
2024-02-13,GCSETVY-2228,SAMPLE SET - VINEYARD,1.00,109.25000,0,449596,T,SBISHOP9,,5,SAMPLE SET - VINEYARD,0,0
2024-02-13,GCSETVY-2228,SAMPLE SET - VINEYARD,-1.00,109.25000,0,449598,T,SBISHOP9,,5,SAMPLE SET - VINEYARD,0,0
2024-02-13,GCSETVY-2228,SAMPLE SET - VINEYARD,1.00,109.25000,0,449598,T,SBISHOP9,,5,SAMPLE SET - VINEYARD,0,0
2024-02-13,GCSETVY-2228,SAMPLE SET - VINEYARD,-1.00,109.25000,0,449604,T,SBISHOP9,,5,SAMPLE SET - VINEYARD,0,0
2024-02-13,GCSETVY-2228,SAMPLE SET - VINEYARD,1.00,109.25000,0,449604,T,SBISHOP9,,5,SAMPLE SET - VINEYARD,0,0
2024-02-13,GCSETVY-2228,SAMPLE SET - VINEYARD,-1.00,109.25000,0,449593,T,SBISHOP9,,5,SAMPLE SET - VINEYARD,0,0
2024-02-13,GCSETVY-2228,SAMPLE SET - VINEYARD,1.00,109.25000,0,449593,T,SBISHOP9,,5,SAMPLE SET - VINEYARD,0,0
2024-02-13,GCSETVY-2228,SAMPLE SET - VINEYARD,-1.00,109.25000,0,449591,T,SBISHOP9,,5,SAMPLE SET - VINEYARD,0,0
2024-02-13,GCSETVY-2228,SAMPLE SET - VINEYARD,1.00,109.25000,0,449591,T,SBISHOP9,,5,SAMPLE SET - VINEYARD,0,0
2024-02-13,GCSETVY-2228,SAMPLE SET - VINEYARD,-1.00,109.25000,0,449594,T,SBISHOP9,,5,SAMPLE SET - VINEYARD,0,0
2024-02-13,GCSETVY-2228,SAMPLE SET - VINEYARD,1.00,109.25000,0,449594,T,SBISHOP9,,5,SAMPLE SET - VINEYARD,0,0
2024-02-13,GCSETVY-2228,SAMPLE SET - VINEYARD,-1.00,109.25000,0,449595,T,SBISHOP9,,5,SAMPLE SET - VINEYARD,0,0
2024-02-13,GCSETVY-2228,SAMPLE SET - VINEYARD,1.00,109.25000,0,449595,T,SBISHOP9,,5,SAMPLE SET - VINEYARD,0,0
2024-02-14,GCSETAL9-2828,"SAMPLE SET 9.5"" - ALLORA",-1.00,0,0,450518,T,BOREGAN5,,5,"SAMPLE SET - 9.5"" ALLORA",0,0
2024-02-14,GCSETAL9-2828,"SAMPLE SET 9.5"" - ALLORA",1.00,0,0,450518,T,BOREGAN5,,5,"SAMPLE SET - 9.5"" ALLORA",0,0
2024-02-14,GCSETCA-1724,SAMPLE SET - CANTINA,-1.00,66.40000,0,450518,T,BOREGAN5,,5,SAMPLE SET - CANTINA,0,0
2024-02-14,GCSETCA-1724,SAMPLE SET - CANTINA,1.00,66.40000,0,450518,T,BOREGAN5,,5,SAMPLE SET - CANTINA,0,0
2024-02-14,GCSETCC-1724,SAMPLE SET - CAROLINA C.,-1.00,68.14500,0,450518,T,BOREGAN5,,5,SAMPLE SET - CAROLINA C.,0,0
2024-02-14,GCSETCC-1724,SAMPLE SET - CAROLINA C.,1.00,68.14500,0,450518,T,BOREGAN5,,5,SAMPLE SET - CAROLINA C.,0,0
2024-02-14,GCSETCV-1724,SAMPLE SET - C.V.,-1.00,144.56000,0,450518,T,BOREGAN5,,5,SAMPLE SET - C.V.,0,0
2024-02-14,GCSETCV-1724,SAMPLE SET - C.V.,1.00,144.56000,0,450518,T,BOREGAN5,,5,SAMPLE SET - C.V.,0,0
2024-02-14,GCSETII-1724,SAMPLE SET - GII DIST.,-1.00,189.00000,0,450518,T,BOREGAN5,,5,SAMPLE SET - GII DIST.,0,0
2024-02-14,GCSETII-1724,SAMPLE SET - GII DIST.,1.00,189.00000,0,450518,T,BOREGAN5,,5,SAMPLE SET - GII DIST.,0,0
2024-02-14,GCSETNP-2228,SAMPLE SET - NEWPORT,-1.00,59.06000,0,450518,T,BOREGAN5,,5,SAMPLE SET - NEWPORT,0,0
2024-02-14,GCSETNP-2228,SAMPLE SET - NEWPORT,1.00,59.06000,0,450518,T,BOREGAN5,,5,SAMPLE SET - NEWPORT,0,0
2024-02-14,GCSETSS-1724,SAMPLE SET - GII SMOOTH,-1.00,135.80000,0,450518,T,BOREGAN5,,5,SAMPLE SET - GII SMOOTH,0,0
2024-02-14,GCSETSS-1724,SAMPLE SET - GII SMOOTH,1.00,135.80000,0,450518,T,BOREGAN5,,5,SAMPLE SET - GII SMOOTH,0,0
2024-02-14,GCSETVY-2228,SAMPLE SET - VINEYARD,-1.00,109.25000,0,449029,T,JSGOMEZ4,,5,SAMPLE SET - VINEYARD,0,0
2024-02-14,GCSETVY-2228,SAMPLE SET - VINEYARD,1.00,109.25000,0,449029,T,JSGOMEZ4,,5,SAMPLE SET - VINEYARD,0,0
2024-02-15,GCSETAL9-2828,"SAMPLE SET 9.5"" - ALLORA",-1.00,0,0,451895,T,,,5,"SAMPLE SET - 9.5"" ALLORA",0,0
2024-02-15,GCSETAL9-2828,"SAMPLE SET 9.5"" - ALLORA",1.00,0,0,451895,T,,,5,"SAMPLE SET - 9.5"" ALLORA",0,0
2024-02-15,GCSETCA-1724,SAMPLE SET - CANTINA,-1.00,66.40000,0,449829,T,,,5,SAMPLE SET - CANTINA,0,0
2024-02-15,GCSETCA-1724,SAMPLE SET - CANTINA,1.00,66.40000,0,449829,T,,,5,SAMPLE SET - CANTINA,0,0
2024-02-15,GCSETCC-1724,SAMPLE SET - CAROLINA C.,-1.00,68.14500,0,449829,T,,,5,SAMPLE SET - CAROLINA C.,0,0
2024-02-15,GCSETCC-1724,SAMPLE SET - CAROLINA C.,1.00,68.14500,0,449829,T,,,5,SAMPLE SET - CAROLINA C.,0,0
2024-02-15,GCSETCV-1724,SAMPLE SET - C.V.,-1.00,144.56000,0,449829,T,,,5,SAMPLE SET - C.V.,0,0
2024-02-15,GCSETCV-1724,SAMPLE SET - C.V.,1.00,144.56000,0,449829,T,,,5,SAMPLE SET - C.V.,0,0
2024-02-15,GCSETEX-2528,SAMPLE SET - EXOTICS *OMP*,-1.00,210.88200,0,449829,T,,,5,SAMPLE SET - EXOTICS *OMP*,0,0
2024-02-15,GCSETEX-2528,SAMPLE SET - EXOTICS *OMP*,1.00,210.88200,0,449829,T,,,5,SAMPLE SET - EXOTICS *OMP*,0,0
2024-02-15,GCSETFC-2828,SAMPLE SET - FR.CON.,-1.00,303.00000,0,451928,T,,,5,SAMPLE SET - FR.CON.,0,0
2024-02-15,GCSETFC-2828,SAMPLE SET - FR.CON.,1.00,303.00000,0,451928,T,,,5,SAMPLE SET - FR.CON.,0,0
2024-02-15,GCSETFC-2828,SAMPLE SET - FR.CON.,-1.00,303.00000,0,451895,T,,,5,SAMPLE SET - FR.CON.,0,0
2024-02-15,GCSETFC-2828,SAMPLE SET - FR.CON.,1.00,303.00000,0,451895,T,,,5,SAMPLE SET - FR.CON.,0,0
2024-02-15,GCSETII-1724,SAMPLE SET - GII DIST.,-1.00,189.00000,0,449829,T,,,5,SAMPLE SET - GII DIST.,0,0
2024-02-15,GCSETII-1724,SAMPLE SET - GII DIST.,1.00,189.00000,0,449829,T,,,5,SAMPLE SET - GII DIST.,0,0
2024-02-15,GCSETSS-1724,SAMPLE SET - GII SMOOTH,-1.00,135.80000,0,449829,T,,,5,SAMPLE SET - GII SMOOTH,0,0
2024-02-15,GCSETSS-1724,SAMPLE SET - GII SMOOTH,1.00,135.80000,0,449829,T,,,5,SAMPLE SET - GII SMOOTH,0,0
2024-02-16,GCSETAL9-2828,"SAMPLE SET 9.5"" - ALLORA",-1.00,0,0,452161,T,MCASTRO8,,5,"SAMPLE SET - 9.5"" ALLORA",0,0
2024-02-16,GCSETAL9-2828,"SAMPLE SET 9.5"" - ALLORA",1.00,0,0,452161,T,MCASTRO8,,5,"SAMPLE SET - 9.5"" ALLORA",0,0
2024-02-16,GCSETAL9-2828,"SAMPLE SET 9.5"" - ALLORA",-1.00,0,0,451892,T,BOREGAN5,,5,"SAMPLE SET - 9.5"" ALLORA",0,0
2024-02-16,GCSETAL9-2828,"SAMPLE SET 9.5"" - ALLORA",1.00,0,0,451892,T,BOREGAN5,,5,"SAMPLE SET - 9.5"" ALLORA",0,0
2024-02-16,GCSETBH-2828,SAMPLE SET - BEVERLY HILLS,-1.00,143.00000,0,452159,T,MCASTRO8,,5,SAMPLE SET - BEVERLY HILLS,0,0
2024-02-16,GCSETBH-2828,SAMPLE SET - BEVERLY HILLS,1.00,143.00000,0,452159,T,MCASTRO8,,5,SAMPLE SET - BEVERLY HILLS,0,0
2024-02-16,GCSETBH-2828,SAMPLE SET - BEVERLY HILLS,-1.00,143.00000,0,451864,T,BOREGAN5,,5,SAMPLE SET - BEVERLY HILLS,0,0
2024-02-16,GCSETBH-2828,SAMPLE SET - BEVERLY HILLS,1.00,143.00000,0,451864,T,BOREGAN5,,5,SAMPLE SET - BEVERLY HILLS,0,0
2024-02-16,GCSETCC-1724,SAMPLE SET - CAROLINA C.,-1.00,68.14500,0,450602,T,,,5,SAMPLE SET - CAROLINA C.,0,0
2024-02-16,GCSETCC-1724,SAMPLE SET - CAROLINA C.,1.00,68.14500,0,450602,T,,,5,SAMPLE SET - CAROLINA C.,0,0
2024-02-16,GCSETCV-1724,SAMPLE SET - C.V.,-1.00,144.56000,0,451867,T,BOREGAN5,,5,SAMPLE SET - C.V.,0,0
2024-02-16,GCSETCV-1724,SAMPLE SET - C.V.,1.00,144.56000,0,451867,T,BOREGAN5,,5,SAMPLE SET - C.V.,0,0
2024-02-16,GCSETNP-2228,SAMPLE SET - NEWPORT,-1.00,59.06000,0,452161,T,MCASTRO8,,5,SAMPLE SET - NEWPORT,0,0
2024-02-16,GCSETNP-2228,SAMPLE SET - NEWPORT,1.00,59.06000,0,452161,T,MCASTRO8,,5,SAMPLE SET - NEWPORT,0,0
2024-02-16,GCSETNP-2228,SAMPLE SET - NEWPORT,-1.00,59.06000,0,451899,T,BOREGAN5,,5,SAMPLE SET - NEWPORT,0,0
2024-02-16,GCSETNP-2228,SAMPLE SET - NEWPORT,1.00,59.06000,0,451899,T,BOREGAN5,,5,SAMPLE SET - NEWPORT,0,0
2024-02-16,GCSETNP-2228,SAMPLE SET - NEWPORT,-1.00,59.06000,0,451867,T,BOREGAN5,,5,SAMPLE SET - NEWPORT,0,0
2024-02-16,GCSETNP-2228,SAMPLE SET - NEWPORT,1.00,59.06000,0,451867,T,BOREGAN5,,5,SAMPLE SET - NEWPORT,0,0
2024-02-16,GCSETNSN-2323,SAMPLE SET NEW - NATURESTEP,-1.00,169.19200,0,451733,T,,,5,SAMPLE SET NEW - NATURESTEP,0,0
2024-02-16,GCSETNSN-2323,SAMPLE SET NEW - NATURESTEP,1.00,169.19200,0,451733,T,,,5,SAMPLE SET NEW - NATURESTEP,0,0
2024-02-16,GCSETSS5-2323,SAMPLE SET - SUMMIT SKY HB,-1.00,34.41900,0,452209,T,SBISHOP9,,5,SAMPLE SET - SUMMIT SKY HB,0,0
2024-02-16,GCSETSS5-2323,SAMPLE SET - SUMMIT SKY HB,1.00,34.41900,0,452209,T,SBISHOP9,,5,SAMPLE SET - SUMMIT SKY HB,0,0
2024-02-16,GCSETSS7-2323,"SAMPLE SET - SUMMIT SKY 7""",-1.00,34.41900,0,452209,T,SBISHOP9,,5,"SAMPLE SET - SUMMIT SKY 7""",0,0
2024-02-16,GCSETSS7-2323,"SAMPLE SET - SUMMIT SKY 7""",1.00,34.41900,0,452209,T,SBISHOP9,,5,"SAMPLE SET - SUMMIT SKY 7""",0,0
2024-02-16,GCSETVG-2828,SAMPLE SET - VILLA GIA.,-1.00,271.84000,0,452161,T,MCASTRO8,,5,SAMPLE SET - VILLA GIALLA,0,0
2024-02-16,GCSETVG-2828,SAMPLE SET - VILLA GIA.,1.00,271.84000,0,452161,T,MCASTRO8,,5,SAMPLE SET - VILLA GIALLA,0,0
2024-02-16,GCSETVY-2228,SAMPLE SET - VINEYARD,-1.00,109.25000,0,452161,T,MCASTRO8,,5,SAMPLE SET - VINEYARD,0,0
2024-02-16,GCSETVY-2228,SAMPLE SET - VINEYARD,1.00,109.25000,0,452161,T,MCASTRO8,,5,SAMPLE SET - VINEYARD,0,0
2024-02-17,NONSTOCK,PLYWOOD PALLET LILY,22.00,10.00000,10.00000,0,P,LMORENO,,,NON-STOCK ITEMS,0,0
2024-02-17,NONSTOCK,GNSS CHATEAU SAMPLE CHIPS,120.00,0.72000,0.72000,0,P,LMORENO,,,NON-STOCK ITEMS,0,0
2024-02-17,NONSTOCK,PLYWOOD PALLETS LILY,22.00,10.00000,10.00000,0,P,LMORENO,,,NON-STOCK ITEMS,0,0
2024-02-19,GCSETAL-2228,"SAMPLE SET 7.5"" - ALLORA",50.00,120.40000,120.40000,453211,P,TONY,,5,"SAMPLE SET - 7.5"" ALLORA",0,0
2024-02-19,GCSETAL-2228,"SAMPLE SET 7.5"" - ALLORA",-50.00,120.40000,0,0,A,TONY,,5,"SAMPLE SET - 7.5"" ALLORA",0,0
2024-02-19,GCSETCV-1724,SAMPLE SET - C.V.,-1.00,144.56000,0,452399,T,MCASTRO8,,5,SAMPLE SET - C.V.,0,0
2024-02-19,GCSETCV-1724,SAMPLE SET - C.V.,1.00,144.56000,0,452399,T,MCASTRO8,,5,SAMPLE SET - C.V.,0,0
2024-02-19,GCSETEX-2528,SAMPLE SET - EXOTICS *OMP*,-1.00,210.88200,0,452015,T,BOREGAN5,,5,SAMPLE SET - EXOTICS *OMP*,0,0
2024-02-19,GCSETEX-2528,SAMPLE SET - EXOTICS *OMP*,1.00,210.88200,0,452015,T,BOREGAN5,,5,SAMPLE SET - EXOTICS *OMP*,0,0
2024-02-19,GCSETNP-2228,SAMPLE SET - NEWPORT,-1.00,59.06000,0,452222,T,BOREGAN5,,5,SAMPLE SET - NEWPORT,0,0
2024-02-19,GCSETNP-2228,SAMPLE SET - NEWPORT,1.00,59.06000,0,452222,T,BOREGAN5,,5,SAMPLE SET - NEWPORT,0,0
2024-02-19,GCSETVY-2228,SAMPLE SET - VINEYARD,-1.00,109.25000,0,452222,T,BOREGAN5,,5,SAMPLE SET - VINEYARD,0,0
2024-02-19,GCSETVY-2228,SAMPLE SET - VINEYARD,1.00,109.25000,0,452222,T,BOREGAN5,,5,SAMPLE SET - VINEYARD,0,0
2024-02-19,NONSTOCK,PLYWOOD PALLET LILY,22.00,10.00000,10.00000,0,P,LMORENO,,,NON-STOCK ITEMS,0,0
2024-02-20,GCSETAL-2228,"SAMPLE SET 7.5"" - ALLORA",50.00,418.24100,0,0,A,TONY,,5,"SAMPLE SET - 7.5"" ALLORA",0,0
2024-02-20,GCSETAL9-2828,"SAMPLE SET 9.5"" - ALLORA",-1.00,0,0,452375,T,,,5,"SAMPLE SET - 9.5"" ALLORA",0,0
2024-02-20,GCSETAL9-2828,"SAMPLE SET 9.5"" - ALLORA",1.00,0,0,452375,T,,,5,"SAMPLE SET - 9.5"" ALLORA",0,0
2024-02-20,GCSETBH-2828,SAMPLE SET - BEVERLY HILLS,-1.00,143.00000,0,452794,T,MCASTRO8,,5,SAMPLE SET - BEVERLY HILLS,0,0
2024-02-20,GCSETBH-2828,SAMPLE SET - BEVERLY HILLS,1.00,143.00000,0,452794,T,MCASTRO8,,5,SAMPLE SET - BEVERLY HILLS,0,0
2024-02-20,GCSETBH-2828,SAMPLE SET - BEVERLY HILLS,-1.00,143.00000,0,452792,T,MCASTRO8,,5,SAMPLE SET - BEVERLY HILLS,0,0
2024-02-20,GCSETBH-2828,SAMPLE SET - BEVERLY HILLS,1.00,143.00000,0,452792,T,MCASTRO8,,5,SAMPLE SET - BEVERLY HILLS,0,0
2024-02-20,GCSETBH-2828,SAMPLE SET - BEVERLY HILLS,-1.00,143.00000,0,452375,T,,,5,SAMPLE SET - BEVERLY HILLS,0,0
2024-02-20,GCSETBH-2828,SAMPLE SET - BEVERLY HILLS,1.00,143.00000,0,452375,T,,,5,SAMPLE SET - BEVERLY HILLS,0,0
2024-02-20,GCSETCA-1724,SAMPLE SET - CANTINA,-1.00,66.40000,0,452225,T,BOREGAN5,,5,SAMPLE SET - CANTINA,0,0
2024-02-20,GCSETCA-1724,SAMPLE SET - CANTINA,1.00,66.40000,0,452225,T,BOREGAN5,,5,SAMPLE SET - CANTINA,0,0
2024-02-20,GCSETNSN-2323,SAMPLE SET NEW - NATURESTEP,-1.00,169.19200,0,453171,T,,,5,SAMPLE SET NEW - NATURESTEP,0,0
2024-02-20,GCSETNSN-2323,SAMPLE SET NEW - NATURESTEP,1.00,169.19200,0,453171,T,,,5,SAMPLE SET NEW - NATURESTEP,0,0
2024-02-20,GCSETVG-2828,SAMPLE SET - VILLA GIA.,-1.00,271.84000,0,452375,T,,,5,SAMPLE SET - VILLA GIALLA,0,0
2024-02-20,GCSETVG-2828,SAMPLE SET - VILLA GIA.,1.00,271.84000,0,452375,T,,,5,SAMPLE SET - VILLA GIALLA,0,0
2024-02-21,GCSETBH-2828,SAMPLE SET - BEVERLY HILLS,-1.00,143.00000,0,453334,T,MCASTRO8,,5,SAMPLE SET - BEVERLY HILLS,0,0
2024-02-21,GCSETBH-2828,SAMPLE SET - BEVERLY HILLS,1.00,143.00000,0,453334,T,MCASTRO8,,5,SAMPLE SET - BEVERLY HILLS,0,0
2024-02-21,GCSETBH-2828,SAMPLE SET - BEVERLY HILLS,-3.00,143.00000,0,452302,T,,,5,SAMPLE SET - BEVERLY HILLS,0,0
2024-02-21,GCSETBH-2828,SAMPLE SET - BEVERLY HILLS,3.00,143.00000,0,452302,T,,,5,SAMPLE SET - BEVERLY HILLS,0,0
2024-02-22,GCSETBH-2828,SAMPLE SET - BEVERLY HILLS,-1.00,143.00000,0,453687,T,,,5,SAMPLE SET - BEVERLY HILLS,0,0
2024-02-22,GCSETBH-2828,SAMPLE SET - BEVERLY HILLS,1.00,143.00000,0,453687,T,,,5,SAMPLE SET - BEVERLY HILLS,0,0
2024-02-23,GCSETBH-2828,SAMPLE SET - BEVERLY HILLS,-1.00,143.00000,0,453695,T,JSGOMEZ4,,5,SAMPLE SET - BEVERLY HILLS,0,0
2024-02-23,GCSETBH-2828,SAMPLE SET - BEVERLY HILLS,1.00,143.00000,0,453695,T,JSGOMEZ4,,5,SAMPLE SET - BEVERLY HILLS,0,0
2024-02-23,GCSETCA-1724,SAMPLE SET - CANTINA,-1.00,66.40000,0,453132,T,BOREGAN5,,5,SAMPLE SET - CANTINA,0,0
2024-02-23,GCSETCA-1724,SAMPLE SET - CANTINA,1.00,66.40000,0,453132,T,BOREGAN5,,5,SAMPLE SET - CANTINA,0,0
2024-02-23,GCSETCC-1724,SAMPLE SET - CAROLINA C.,-1.00,68.14500,0,453128,T,BOREGAN5,,5,SAMPLE SET - CAROLINA C.,0,0
2024-02-23,GCSETCC-1724,SAMPLE SET - CAROLINA C.,1.00,68.14500,0,453128,T,BOREGAN5,,5,SAMPLE SET - CAROLINA C.,0,0
2024-02-23,GCSETCC-1724,SAMPLE SET - CAROLINA C.,-1.00,68.14500,0,453132,T,BOREGAN5,,5,SAMPLE SET - CAROLINA C.,0,0
2024-02-23,GCSETCC-1724,SAMPLE SET - CAROLINA C.,1.00,68.14500,0,453132,T,BOREGAN5,,5,SAMPLE SET - CAROLINA C.,0,0
2024-02-23,GCSETCV-1724,SAMPLE SET - C.V.,-1.00,144.56000,0,453132,T,BOREGAN5,,5,SAMPLE SET - C.V.,0,0
2024-02-23,GCSETCV-1724,SAMPLE SET - C.V.,1.00,144.56000,0,453132,T,BOREGAN5,,5,SAMPLE SET - C.V.,0,0
2024-02-23,GCSETEX-2528,SAMPLE SET - EXOTICS *OMP*,-1.00,210.88200,0,452582,T,BOREGAN5,,5,SAMPLE SET - EXOTICS *OMP*,0,0
2024-02-23,GCSETEX-2528,SAMPLE SET - EXOTICS *OMP*,1.00,210.88200,0,452582,T,BOREGAN5,,5,SAMPLE SET - EXOTICS *OMP*,0,0
2024-02-23,GCSETII-1724,SAMPLE SET - GII DIST.,-1.00,189.00000,0,453132,T,BOREGAN5,,5,SAMPLE SET - GII DIST.,0,0
2024-02-23,GCSETII-1724,SAMPLE SET - GII DIST.,1.00,189.00000,0,453132,T,BOREGAN5,,5,SAMPLE SET - GII DIST.,0,0
2024-02-23,GCSETSS-1724,SAMPLE SET - GII SMOOTH,-1.00,135.80000,0,453128,T,BOREGAN5,,5,SAMPLE SET - GII SMOOTH,0,0
2024-02-23,GCSETSS-1724,SAMPLE SET - GII SMOOTH,1.00,135.80000,0,453128,T,BOREGAN5,,5,SAMPLE SET - GII SMOOTH,0,0
2024-02-23,GCSETSS-1724,SAMPLE SET - GII SMOOTH,-1.00,135.80000,0,453132,T,BOREGAN5,,5,SAMPLE SET - GII SMOOTH,0,0
2024-02-23,GCSETSS-1724,SAMPLE SET - GII SMOOTH,1.00,135.80000,0,453132,T,BOREGAN5,,5,SAMPLE SET - GII SMOOTH,0,0
2024-02-26,GCSASET44,SAMPLE SET - AZUL WATERS,-1.00,57.77600,0,454149,T,JRIVERA1,,5,SAMPLE SET - AZUL WATERS,0,0
2024-02-26,GCSASET44,SAMPLE SET - AZUL WATERS,1.00,57.77600,0,454149,T,JRIVERA1,,5,SAMPLE SET - AZUL WATERS,0,0
2024-02-26,GCSETNS-2323,SAMPLE SET O/S - NATURESTEP,-1.00,121.10800,0,454149,T,JRIVERA1,,5,SAMPLE SET O/S - NATURESTEP,0,0
2024-02-26,GCSETNS-2323,SAMPLE SET O/S - NATURESTEP,1.00,121.10800,0,454149,T,JRIVERA1,,5,SAMPLE SET O/S - NATURESTEP,0,0
2024-02-27,NONSTOCK,"61"" X 121"" MDF SHEETS",65.00,27.00000,27.00000,0,P,LMORENO,,,NON-STOCK ITEMS,0,0
2024-02-27,NONSTOCK,PLYWOOD PALLET LILY,22.00,10.00000,10.00000,0,P,LMORENO,,,NON-STOCK ITEMS,0,0
2024-02-28,GCSETAL9-2828,"SAMPLE SET 9.5"" - ALLORA",-1.00,0,0,454596,T,MCASTRO8,,5,"SAMPLE SET - 9.5"" ALLORA",0,0
2024-02-28,GCSETAL9-2828,"SAMPLE SET 9.5"" - ALLORA",1.00,0,0,454596,T,MCASTRO8,,5,"SAMPLE SET - 9.5"" ALLORA",0,0
2024-02-28,GCSETAL9-2828,"SAMPLE SET 9.5"" - ALLORA",-1.00,0,0,454594,T,MCASTRO8,,5,"SAMPLE SET - 9.5"" ALLORA",0,0
2024-02-28,GCSETAL9-2828,"SAMPLE SET 9.5"" - ALLORA",1.00,0,0,454594,T,MCASTRO8,,5,"SAMPLE SET - 9.5"" ALLORA",0,0
2024-02-28,GCSETAL9-2828,"SAMPLE SET - 9.5"" ALLORA",-1.00,0,0,455279,T,,,5,"SAMPLE SET - 9.5"" ALLORA",0,0
2024-02-28,GCSETAL9-2828,"SAMPLE SET - 9.5"" ALLORA",1.00,0,0,455279,T,,,5,"SAMPLE SET - 9.5"" ALLORA",0,0
2024-02-28,GCSETBH-2828,SAMPLE SET - BEVERLY HILLS,-1.00,143.00000,0,454599,T,MCASTRO8,,5,SAMPLE SET - BEVERLY HILLS,0,0
2024-02-28,GCSETBH-2828,SAMPLE SET - BEVERLY HILLS,1.00,143.00000,0,454599,T,MCASTRO8,,5,SAMPLE SET - BEVERLY HILLS,0,0
2024-02-28,GCSETBH-2828,SAMPLE SET - BEVERLY HILLS,-1.00,143.00000,0,454596,T,MCASTRO8,,5,SAMPLE SET - BEVERLY HILLS,0,0
2024-02-28,GCSETBH-2828,SAMPLE SET - BEVERLY HILLS,1.00,143.00000,0,454596,T,MCASTRO8,,5,SAMPLE SET - BEVERLY HILLS,0,0
2024-02-28,GCSETBH-2828,SAMPLE SET - BEVERLY HILLS,-1.00,143.00000,0,454601,T,MCASTRO8,,5,SAMPLE SET - BEVERLY HILLS,0,0
2024-02-28,GCSETBH-2828,SAMPLE SET - BEVERLY HILLS,1.00,143.00000,0,454601,T,MCASTRO8,,5,SAMPLE SET - BEVERLY HILLS,0,0
2024-02-28,GCSETBH-2828,SAMPLE SET - BEVERLY HILLS,-1.00,143.00000,0,454594,T,MCASTRO8,,5,SAMPLE SET - BEVERLY HILLS,0,0
2024-02-28,GCSETBH-2828,SAMPLE SET - BEVERLY HILLS,1.00,143.00000,0,454594,T,MCASTRO8,,5,SAMPLE SET - BEVERLY HILLS,0,0
2024-02-28,GCSETIL-2424,SAMPLE SET - ILLUMIN8,-1.00,58.44600,0,454602,T,MCASTRO8,,5,SAMPLE SET - ILLUMIN8,0,0
2024-02-28,GCSETIL-2424,SAMPLE SET - ILLUMIN8,1.00,58.44600,0,454602,T,MCASTRO8,,5,SAMPLE SET - ILLUMIN8,0,0
2024-02-28,NONSTOCK,PLYWOOD PALLET LILY,22.00,10.00000,10.00000,0,P,LMORENO,,,NON-STOCK ITEMS,0,0
2024-02-29,GCSETAL9-2828,"SAMPLE SET - 9.5"" ALLORA",-1.00,0,0,455421,T,,,5,"SAMPLE SET - 9.5"" ALLORA",0,0
2024-02-29,GCSETAL9-2828,"SAMPLE SET - 9.5"" ALLORA",1.00,0,0,455421,T,,,5,"SAMPLE SET - 9.5"" ALLORA",0,0
2024-03-01,GCKEYSET997,RETAIL SAMPLE PANEL MDF MLDNGS,500.00,28.65500,21.60000,0,P,LMORENO,,5,RETAIL SAMPLE PANEL MDF MLDNGS,0,0
2024-03-01,GCSETAL9-2828,"SAMPLE SET - 9.5"" ALLORA",-1.00,0,0,455044,T,BOREGAN5,,5,"SAMPLE SET - 9.5"" ALLORA",0,0
2024-03-01,GCSETAL9-2828,"SAMPLE SET - 9.5"" ALLORA",1.00,0,0,455044,T,BOREGAN5,,5,"SAMPLE SET - 9.5"" ALLORA",0,0
2024-03-01,GCSETAL9-2828,"SAMPLE SET - 9.5"" ALLORA",-1.00,0,0,455806,T,,,5,"SAMPLE SET - 9.5"" ALLORA",0,0
2024-03-01,GCSETAL9-2828,"SAMPLE SET - 9.5"" ALLORA",1.00,0,0,455806,T,,,5,"SAMPLE SET - 9.5"" ALLORA",0,0
2024-03-01,GCSETCV-1724,SAMPLE SET - C.V.,-1.00,144.56000,0,454830,T,BOREGAN5,,5,SAMPLE SET - C.V.,0,0
2024-03-01,GCSETCV-1724,SAMPLE SET - C.V.,1.00,144.56000,0,454830,T,BOREGAN5,,5,SAMPLE SET - C.V.,0,0
2024-03-01,GCSETII-1724,SAMPLE SET - GII DIST.,-1.00,189.00000,0,454830,T,BOREGAN5,,5,SAMPLE SET - GII DIST.,0,0
2024-03-01,GCSETII-1724,SAMPLE SET - GII DIST.,1.00,189.00000,0,454830,T,BOREGAN5,,5,SAMPLE SET - GII DIST.,0,0
2024-03-01,GCSETSS-1724,SAMPLE SET - GII SMOOTH,-1.00,135.80000,0,454830,T,BOREGAN5,,5,SAMPLE SET - GII SMOOTH,0,0
2024-03-01,GCSETSS-1724,SAMPLE SET - GII SMOOTH,1.00,135.80000,0,454830,T,BOREGAN5,,5,SAMPLE SET - GII SMOOTH,0,0
2024-03-01,NONSTOCK,PLYWOOD PALLETS JIM SPCWPC,16.00,9.01700,5.50000,0,P,LMORENO,,,NON-STOCK ITEMS,0,0
2024-03-01,NONSTOCK,PLYWOOD PALLET LILY,22.00,10.00000,10.00000,0,P,LMORENO,,,NON-STOCK ITEMS,0,0
2024-03-01,NONSTOCK,PLYWOOD PALLET LILY,22.00,10.00000,10.00000,0,P,LMORENO,,,NON-STOCK ITEMS,0,0
2024-03-01,NONSTOCK,PLYWOOD PALLET LILY,22.00,10.00000,10.00000,0,P,LMORENO,,,NON-STOCK ITEMS,0,0
2024-03-01,NONSTOCK,"ALSO AVA.IN 9-1/2""WIDTH",2500.00,0.04700,0.04700,0,P,LMORENO,,,NON-STOCK ITEMS,0,0
2024-03-01,NONSTOCK,"ALSO AVA.IN 9-1/2"" AND HB",2500.00,0.04700,0.04700,0,P,LMORENO,,,NON-STOCK ITEMS,0,0
2024-03-01,NONSTOCK,"ALSO AVA.IN 7-1/2"" WIDTH",2500.00,0.04700,0.04700,0,P,LMORENO,,,NON-STOCK ITEMS,0,0
2024-03-01,NONSTOCK,"ALSO AVA.IN 7-1/2"" AND HB",2500.00,0.04700,0.04700,0,P,LMORENO,,,NON-STOCK ITEMS,0,0
2024-03-01,NONSTOCK,"ALSO AVA.IN 7-1/2""AND 9-1/2""",2500.00,0.04700,0.04700,0,P,LMORENO,,,NON-STOCK ITEMS,0,0
2024-03-01,NONSTOCK,ALLORA CHIP STICKER LABELS,2500.00,0.18300,0.18300,0,P,LMORENO,,,NON-STOCK ITEMS,0,0
2024-03-04,GCSETAL9-2828,"SAMPLE SET - 9.5"" ALLORA",-1.00,0,0,455979,T,,,5,"SAMPLE SET - 9.5"" ALLORA",0,0
2024-03-04,GCSETAL9-2828,"SAMPLE SET - 9.5"" ALLORA",1.00,0,0,455979,T,,,5,"SAMPLE SET - 9.5"" ALLORA",0,0
2024-03-04,GCSETBH-2828,SAMPLE SET - BEVERLY HILLS,-1.00,143.00000,0,455979,T,,,5,SAMPLE SET - BEVERLY HILLS,0,0
2024-03-04,GCSETBH-2828,SAMPLE SET - BEVERLY HILLS,1.00,143.00000,0,455979,T,,,5,SAMPLE SET - BEVERLY HILLS,0,0
2024-03-04,GCSETDB-2228,SAMPLE SET - DU BOIS,-1.00,131.10000,0,455979,T,,,5,SAMPLE SET - DU BOIS,0,0
2024-03-04,GCSETDB-2228,SAMPLE SET - DU BOIS,1.00,131.10000,0,455979,T,,,5,SAMPLE SET - DU BOIS,0,0
2024-03-04,GCSETDV-2228,SAMPLE SET - DA VINCI,-1.00,148.35000,0,455987,T,BOREGAN5,,5,SAMPLE SET - DA VINCI,0,0
2024-03-04,GCSETDV-2228,SAMPLE SET - DA VINCI,1.00,148.35000,0,455987,T,BOREGAN5,,5,SAMPLE SET - DA VINCI,0,0
2024-03-04,GCSETFC-2828,SAMPLE SET - FR.CON.,-1.00,303.00000,0,455979,T,,,5,SAMPLE SET - FR.CON.,0,0
2024-03-04,GCSETFC-2828,SAMPLE SET - FR.CON.,1.00,303.00000,0,455979,T,,,5,SAMPLE SET - FR.CON.,0,0
2024-03-04,GCSETIL-2424,SAMPLE SET - ILLUMIN8,-1.00,58.44600,0,455987,T,BOREGAN5,,5,SAMPLE SET - ILLUMIN8,0,0
2024-03-04,GCSETIL-2424,SAMPLE SET - ILLUMIN8,1.00,58.44600,0,455987,T,BOREGAN5,,5,SAMPLE SET - ILLUMIN8,0,0
2024-03-04,GCSETVG-2828,SAMPLE SET - VILLA GIA.,-1.00,271.84000,0,455979,T,,,5,SAMPLE SET - VILLA GIALLA,0,0
2024-03-04,GCSETVG-2828,SAMPLE SET - VILLA GIA.,1.00,271.84000,0,455979,T,,,5,SAMPLE SET - VILLA GIALLA,0,0
2024-03-06,GCSETAL-2228,"SAMPLE SET - 7.5"" ALLORA",-1.00,418.24100,0,457212,T,,,5,"SAMPLE SET - 7.5"" ALLORA",0,0
2024-03-06,GCSETAL-2228,"SAMPLE SET - 7.5"" ALLORA",1.00,418.24100,0,457212,T,,,5,"SAMPLE SET - 7.5"" ALLORA",0,0
2024-03-07,GCKEYSET997,RETAIL SAMPLE PANEL MDF MLDNGS,-1.00,28.65500,0,457210,T,JGUTIERRE6,,5,RETAIL SAMPLE PANEL MDF MLDNGS,0,0
2024-03-07,GCKEYSET997,RETAIL SAMPLE PANEL MDF MLDNGS,1.00,28.65500,0,457210,T,JGUTIERRE6,,5,RETAIL SAMPLE PANEL MDF MLDNGS,0,0
2024-03-07,GCKEYSET997,RETAIL SAMPLE PANEL MDF MLDNGS,-1.00,28.65500,0,457211,T,JSGOMEZ4,,5,RETAIL SAMPLE PANEL MDF MLDNGS,0,0
2024-03-07,GCKEYSET997,RETAIL SAMPLE PANEL MDF MLDNGS,1.00,28.65500,0,457211,T,JSGOMEZ4,,5,RETAIL SAMPLE PANEL MDF MLDNGS,0,0
2024-03-07,NONSTOCK,PLYWOOD PALLETS JIM LAMINATE,20.00,3.31700,2.00000,0,P,LMORENO,,,NON-STOCK ITEMS,0,0
2024-03-07,NONSTOCK,PLYWOOD PALLETS MERIDA VIETN.,22.00,10.00000,10.00000,0,P,LMORENO,,,NON-STOCK ITEMS,0,0
2024-03-08,GCSETAL-2228,"SAMPLE SET - 7.5"" ALLORA",-1.00,418.24100,0,457730,T,RHERNAN9,,5,"SAMPLE SET - 7.5"" ALLORA",0,0
2024-03-08,GCSETAL-2228,"SAMPLE SET - 7.5"" ALLORA",1.00,418.24100,0,457730,T,RHERNAN9,,5,"SAMPLE SET - 7.5"" ALLORA",0,0
2024-03-08,GCSETAL-2228,"SAMPLE SET - 7.5"" ALLORA",-1.00,418.24100,0,457100,T,LMORENO,,5,"SAMPLE SET - 7.5"" ALLORA",0,0
2024-03-08,GCSETAL-2228,"SAMPLE SET - 7.5"" ALLORA",1.00,418.24100,0,457100,T,LMORENO,,5,"SAMPLE SET - 7.5"" ALLORA",0,0
2024-03-08,GCSETAL9-2828,"SAMPLE SET - 9.5"" ALLORA",-1.00,0,0,457100,T,LMORENO,,5,"SAMPLE SET - 9.5"" ALLORA",0,0
2024-03-08,GCSETAL9-2828,"SAMPLE SET - 9.5"" ALLORA",1.00,0,0,457100,T,LMORENO,,5,"SAMPLE SET - 9.5"" ALLORA",0,0
2024-03-09,GCKEYSET997,RETAIL SAMPLE PANEL MDF MLDNGS,-1.00,28.65500,0,457172,T,BOREGAN5,,5,RETAIL SAMPLE PANEL MDF MLDNGS,0,0
2024-03-09,GCKEYSET997,RETAIL SAMPLE PANEL MDF MLDNGS,1.00,28.65500,0,457172,T,BOREGAN5,,5,RETAIL SAMPLE PANEL MDF MLDNGS,0,0
2024-03-09,GCSETCA-1724,SAMPLE SET - CANTINA,-1.00,66.40000,0,456891,T,BOREGAN5,,5,SAMPLE SET - CANTINA,0,0
2024-03-09,GCSETCA-1724,SAMPLE SET - CANTINA,1.00,66.40000,0,456891,T,BOREGAN5,,5,SAMPLE SET - CANTINA,0,0
2024-03-09,GCSETCA-1724,SAMPLE SET - CANTINA,-1.00,66.40000,0,456893,T,BOREGAN5,,5,SAMPLE SET - CANTINA,0,0
2024-03-09,GCSETCA-1724,SAMPLE SET - CANTINA,1.00,66.40000,0,456893,T,BOREGAN5,,5,SAMPLE SET - CANTINA,0,0
2024-03-09,GCSETCC-1724,SAMPLE SET - CAROLINA C.,-1.00,68.14500,0,456891,T,BOREGAN5,,5,SAMPLE SET - CAROLINA C.,0,0
2024-03-09,GCSETCC-1724,SAMPLE SET - CAROLINA C.,1.00,68.14500,0,456891,T,BOREGAN5,,5,SAMPLE SET - CAROLINA C.,0,0
2024-03-09,GCSETCC-1724,SAMPLE SET - CAROLINA C.,-1.00,68.14500,0,456893,T,BOREGAN5,,5,SAMPLE SET - CAROLINA C.,0,0
2024-03-09,GCSETCC-1724,SAMPLE SET - CAROLINA C.,1.00,68.14500,0,456893,T,BOREGAN5,,5,SAMPLE SET - CAROLINA C.,0,0
2024-03-09,GCSETCV-1724,SAMPLE SET - C.V.,-1.00,144.56000,0,456891,T,BOREGAN5,,5,SAMPLE SET - C.V.,0,0
2024-03-09,GCSETCV-1724,SAMPLE SET - C.V.,1.00,144.56000,0,456891,T,BOREGAN5,,5,SAMPLE SET - C.V.,0,0
2024-03-09,GCSETCV-1724,SAMPLE SET - C.V.,-1.00,144.56000,0,456893,T,BOREGAN5,,5,SAMPLE SET - C.V.,0,0
2024-03-09,GCSETCV-1724,SAMPLE SET - C.V.,1.00,144.56000,0,456893,T,BOREGAN5,,5,SAMPLE SET - C.V.,0,0
2024-03-09,GCSETII-1724,SAMPLE SET - GII DIST.,-1.00,189.00000,0,456891,T,BOREGAN5,,5,SAMPLE SET - GII DIST.,0,0
2024-03-09,GCSETII-1724,SAMPLE SET - GII DIST.,1.00,189.00000,0,456891,T,BOREGAN5,,5,SAMPLE SET - GII DIST.,0,0
2024-03-09,GCSETII-1724,SAMPLE SET - GII DIST.,-1.00,189.00000,0,456893,T,BOREGAN5,,5,SAMPLE SET - GII DIST.,0,0
2024-03-09,GCSETII-1724,SAMPLE SET - GII DIST.,1.00,189.00000,0,456893,T,BOREGAN5,,5,SAMPLE SET - GII DIST.,0,0
2024-03-09,GCSETSS-1724,SAMPLE SET - GII SMOOTH,-1.00,135.80000,0,456891,T,BOREGAN5,,5,SAMPLE SET - GII SMOOTH,0,0
2024-03-09,GCSETSS-1724,SAMPLE SET - GII SMOOTH,1.00,135.80000,0,456891,T,BOREGAN5,,5,SAMPLE SET - GII SMOOTH,0,0
2024-03-09,GCSETSS-1724,SAMPLE SET - GII SMOOTH,-1.00,135.80000,0,456893,T,BOREGAN5,,5,SAMPLE SET - GII SMOOTH,0,0
2024-03-09,GCSETSS-1724,SAMPLE SET - GII SMOOTH,1.00,135.80000,0,456893,T,BOREGAN5,,5,SAMPLE SET - GII SMOOTH,0,0
2024-03-11,GCSETAL-2228,"SAMPLE SET - 7.5"" ALLORA",-1.00,418.24100,0,457938,T,,,5,"SAMPLE SET - 7.5"" ALLORA",0,0
2024-03-11,GCSETAL-2228,"SAMPLE SET - 7.5"" ALLORA",1.00,418.24100,0,457938,T,,,5,"SAMPLE SET - 7.5"" ALLORA",0,0
2024-03-11,GCSETBL-2228,SAMPLE SET - BELLAGIO,-1.00,81.40000,0,457938,T,,,5,SAMPLE SET - BELLAGIO,0,0
2024-03-11,GCSETBL-2228,SAMPLE SET - BELLAGIO,1.00,81.40000,0,457938,T,,,5,SAMPLE SET - BELLAGIO,0,0
2024-03-11,GCSETCS-2228,SAMPLE SET - CLIFFSIDE,-1.00,138.56200,0,457938,T,,,5,SAMPLE SET - CLIFFSIDE,0,0
2024-03-11,GCSETCS-2228,SAMPLE SET - CLIFFSIDE,1.00,138.56200,0,457938,T,,,5,SAMPLE SET - CLIFFSIDE,0,0
2024-03-11,GCSETCY-2828,SAMPLE SET - CN.CREST,-1.00,128.40000,0,457938,T,,,5,SAMPLE SET - CN.CREST,0,0
2024-03-11,GCSETCY-2828,SAMPLE SET - CN.CREST,1.00,128.40000,0,457938,T,,,5,SAMPLE SET - CN.CREST,0,0
2024-03-11,GCSETDB-2228,SAMPLE SET - DU BOIS,-1.00,131.10000,0,457938,T,,,5,SAMPLE SET - DU BOIS,0,0
2024-03-11,GCSETDB-2228,SAMPLE SET - DU BOIS,1.00,131.10000,0,457938,T,,,5,SAMPLE SET - DU BOIS,0,0
2024-03-11,GCSETDV-2228,SAMPLE SET - DA VINCI,-1.00,148.35000,0,457938,T,,,5,SAMPLE SET - DA VINCI,0,0
2024-03-11,GCSETDV-2228,SAMPLE SET - DA VINCI,1.00,148.35000,0,457938,T,,,5,SAMPLE SET - DA VINCI,0,0
2024-03-11,GCSETFC-2828,SAMPLE SET - FR.CON.,-1.00,303.00000,0,457938,T,,,5,SAMPLE SET - FR.CON.,0,0
2024-03-11,GCSETFC-2828,SAMPLE SET - FR.CON.,1.00,303.00000,0,457938,T,,,5,SAMPLE SET - FR.CON.,0,0
2024-03-11,GCSETGI-2828PL,SAMPLE SET - GREEK ISLES <N/L>,-1.00,160.00000,0,457938,T,,,5,SAMPLE SET - GREEK ISLES <N/L>,0,0
2024-03-11,GCSETGI-2828PL,SAMPLE SET - GREEK ISLES <N/L>,1.00,160.00000,0,457938,T,,,5,SAMPLE SET - GREEK ISLES <N/L>,0,0
2024-03-11,GCSETSS5-2323,SAMPLE SET - SUMMIT SKY HB,-1.00,34.41900,0,457938,T,,,5,SAMPLE SET - SUMMIT SKY HB,0,0
2024-03-11,GCSETSS5-2323,SAMPLE SET - SUMMIT SKY HB,1.00,34.41900,0,457938,T,,,5,SAMPLE SET - SUMMIT SKY HB,0,0
2024-03-11,GCSETSS7-2323,"SAMPLE SET - SUMMIT SKY 7""",-1.00,34.41900,0,457938,T,,,5,"SAMPLE SET - SUMMIT SKY 7""",0,0
2024-03-11,GCSETSS7-2323,"SAMPLE SET - SUMMIT SKY 7""",1.00,34.41900,0,457938,T,,,5,"SAMPLE SET - SUMMIT SKY 7""",0,0
2024-03-11,GCSETVG-2828,SAMPLE SET - VILLA GIA.,-1.00,271.84000,0,457938,T,,,5,SAMPLE SET - VILLA GIALLA,0,0
2024-03-11,GCSETVG-2828,SAMPLE SET - VILLA GIA.,1.00,271.84000,0,457938,T,,,5,SAMPLE SET - VILLA GIALLA,0,0
2024-03-11,NONSTOCK,FLEX LATEX COATED GLOVES - MED,2.00,27.00000,27.00000,0,P,LMORENO,,,NON-STOCK ITEMS,0,0
2024-03-11,NONSTOCK,FLEX LATEX COATED GLOVES - LRG,2.00,27.00000,27.00000,0,P,LMORENO,,,NON-STOCK ITEMS,0,0
2024-03-11,NONSTOCK,RIPPLE INSULATED CUPS - 10 OZ,3.00,74.00000,74.00000,0,P,LMORENO,,,NON-STOCK ITEMS,0,0
2024-03-11,NONSTOCK,"30 X 30"" JUMBO KRAFT MAILERS",40.00,7.02000,7.02000,0,P,LMORENO,,,NON-STOCK ITEMS,0,0
2024-03-11,NONSTOCK,"15 X 10 X 12"" CORRUGATED BOXES",100.00,1.90000,1.90000,0,P,LMORENO,,,NON-STOCK ITEMS,0,0
2024-03-11,NONSTOCK,"24"" X 550' FOAM ROLL",3.00,83.00000,83.00000,0,P,LMORENO,,,NON-STOCK ITEMS,0,0
2024-03-12,GCSASET33,SAMPLE SET - AQUABLUE 7 WPC,-1.00,90.00000,0,448561,T,,,5,SAMPLE SET - AQUABLUE 7 WPC,0,0
2024-03-12,GCSASET33,SAMPLE SET - AQUABLUE 7 WPC,1.00,90.00000,0,448561,T,,,5,SAMPLE SET - AQUABLUE 7 WPC,0,0
2024-03-12,GCSASET48,SAMPLE SET - METROPOLITAN SPC,-1.00,102.05600,0,448561,T,,,5,SAMPLE SET - METROPOLITAN SPC,0,0
2024-03-12,GCSASET48,SAMPLE SET - METROPOLITAN SPC,1.00,102.05600,0,448561,T,,,5,SAMPLE SET - METROPOLITAN SPC,0,0
2024-03-12,GCSETBH-2828,SAMPLE SET - BEVERLY HILLS,-1.00,143.00000,0,10,T,,,5,SAMPLE SET - BEVERLY HILLS,0,0
2024-03-12,GCSETBH-2828,SAMPLE SET - BEVERLY HILLS,1.00,143.00000,0,10,T,,,5,SAMPLE SET - BEVERLY HILLS,0,0
2024-03-12,GCSETCA-1724,SAMPLE SET - CANTINA,-1.00,66.40000,0,458016,T,,,5,SAMPLE SET - CANTINA,0,0
2024-03-12,GCSETCA-1724,SAMPLE SET - CANTINA,-1.00,66.40000,0,458019,T,,,5,SAMPLE SET - CANTINA,0,0
2024-03-12,GCSETCA-1724,SAMPLE SET - CANTINA,-1.00,66.40000,0,458014,T,,,5,SAMPLE SET - CANTINA,0,0
2024-03-12,GCSETCA-1724,SAMPLE SET - CANTINA,1.00,66.40000,0,458016,T,,,5,SAMPLE SET - CANTINA,0,0
2024-03-12,GCSETCA-1724,SAMPLE SET - CANTINA,1.00,66.40000,0,458019,T,,,5,SAMPLE SET - CANTINA,0,0
2024-03-12,GCSETCA-1724,SAMPLE SET - CANTINA,1.00,66.40000,0,458014,T,,,5,SAMPLE SET - CANTINA,0,0
2024-03-12,GCSETCC-1724,SAMPLE SET - CAROLINA C.,-1.00,68.14500,0,458016,T,,,5,SAMPLE SET - CAROLINA C.,0,0
2024-03-12,GCSETCC-1724,SAMPLE SET - CAROLINA C.,-1.00,68.14500,0,458019,T,,,5,SAMPLE SET - CAROLINA C.,0,0
2024-03-12,GCSETCC-1724,SAMPLE SET - CAROLINA C.,-1.00,68.14500,0,458014,T,,,5,SAMPLE SET - CAROLINA C.,0,0
2024-03-12,GCSETCC-1724,SAMPLE SET - CAROLINA C.,1.00,68.14500,0,458016,T,,,5,SAMPLE SET - CAROLINA C.,0,0
2024-03-12,GCSETCC-1724,SAMPLE SET - CAROLINA C.,1.00,68.14500,0,458019,T,,,5,SAMPLE SET - CAROLINA C.,0,0
2024-03-12,GCSETCC-1724,SAMPLE SET - CAROLINA C.,1.00,68.14500,0,458014,T,,,5,SAMPLE SET - CAROLINA C.,0,0
2024-03-12,GCSETCV-1724,SAMPLE SET - C.V.,-1.00,144.56000,0,458016,T,,,5,SAMPLE SET - C.V.,0,0
2024-03-12,GCSETCV-1724,SAMPLE SET - C.V.,-1.00,144.56000,0,458019,T,,,5,SAMPLE SET - C.V.,0,0
2024-03-12,GCSETCV-1724,SAMPLE SET - C.V.,-1.00,144.56000,0,458014,T,,,5,SAMPLE SET - C.V.,0,0
2024-03-12,GCSETCV-1724,SAMPLE SET - C.V.,1.00,144.56000,0,458016,T,,,5,SAMPLE SET - C.V.,0,0
2024-03-12,GCSETCV-1724,SAMPLE SET - C.V.,1.00,144.56000,0,458019,T,,,5,SAMPLE SET - C.V.,0,0
2024-03-12,GCSETCV-1724,SAMPLE SET - C.V.,1.00,144.56000,0,458014,T,,,5,SAMPLE SET - C.V.,0,0
2024-03-12,GCSETEL-2323,SAMPLE SET - ELEMENTS SPC,-1.00,74.97100,0,448561,T,,,5,SAMPLE SET - ELEMENTS SPC,0,0
2024-03-12,GCSETEL-2323,SAMPLE SET - ELEMENTS SPC,1.00,74.97100,0,448561,T,,,5,SAMPLE SET - ELEMENTS SPC,0,0
2024-03-12,GCSETII-1724,SAMPLE SET - GII DIST.,-1.00,189.00000,0,458016,T,,,5,SAMPLE SET - GII DIST.,0,0
2024-03-12,GCSETII-1724,SAMPLE SET - GII DIST.,-1.00,189.00000,0,458019,T,,,5,SAMPLE SET - GII DIST.,0,0
2024-03-12,GCSETII-1724,SAMPLE SET - GII DIST.,-1.00,189.00000,0,458014,T,,,5,SAMPLE SET - GII DIST.,0,0
2024-03-12,GCSETII-1724,SAMPLE SET - GII DIST.,1.00,189.00000,0,458016,T,,,5,SAMPLE SET - GII DIST.,0,0
2024-03-12,GCSETII-1724,SAMPLE SET - GII DIST.,1.00,189.00000,0,458019,T,,,5,SAMPLE SET - GII DIST.,0,0
2024-03-12,GCSETII-1724,SAMPLE SET - GII DIST.,1.00,189.00000,0,458014,T,,,5,SAMPLE SET - GII DIST.,0,0
2024-03-12,GCSETNSN-2323,SAMPLE SET NEW - NATURESTEP,-1.00,169.19200,0,448561,T,,,5,SAMPLE SET NEW - NATURESTEP,0,0
2024-03-12,GCSETNSN-2323,SAMPLE SET NEW - NATURESTEP,1.00,169.19200,0,448561,T,,,5,SAMPLE SET NEW - NATURESTEP,0,0
2024-03-12,GCSETSS-1724,SAMPLE SET - GII SMOOTH,-1.00,135.80000,0,458016,T,,,5,SAMPLE SET - GII SMOOTH,0,0
2024-03-12,GCSETSS-1724,SAMPLE SET - GII SMOOTH,-1.00,135.80000,0,458019,T,,,5,SAMPLE SET - GII SMOOTH,0,0
2024-03-12,GCSETSS-1724,SAMPLE SET - GII SMOOTH,-1.00,135.80000,0,458014,T,,,5,SAMPLE SET - GII SMOOTH,0,0
2024-03-12,GCSETSS-1724,SAMPLE SET - GII SMOOTH,1.00,135.80000,0,458016,T,,,5,SAMPLE SET - GII SMOOTH,0,0
2024-03-12,GCSETSS-1724,SAMPLE SET - GII SMOOTH,1.00,135.80000,0,458019,T,,,5,SAMPLE SET - GII SMOOTH,0,0
2024-03-12,GCSETSS-1724,SAMPLE SET - GII SMOOTH,1.00,135.80000,0,458014,T,,,5,SAMPLE SET - GII SMOOTH,0,0
2024-03-12,GCSETSS5-2323,SAMPLE SET - SUMMIT SKY HB,-1.00,34.41900,0,448561,T,,,5,SAMPLE SET - SUMMIT SKY HB,0,0
2024-03-12,GCSETSS5-2323,SAMPLE SET - SUMMIT SKY HB,1.00,34.41900,0,448561,T,,,5,SAMPLE SET - SUMMIT SKY HB,0,0
2024-03-12,GCSETSS7-2323,"SAMPLE SET - SUMMIT SKY 7""",-1.00,34.41900,0,448561,T,,,5,"SAMPLE SET - SUMMIT SKY 7""",0,0
2024-03-12,GCSETSS7-2323,"SAMPLE SET - SUMMIT SKY 7""",1.00,34.41900,0,448561,T,,,5,"SAMPLE SET - SUMMIT SKY 7""",0,0
2024-03-13,GCKEYSET997,RETAIL SAMPLE PANEL MDF MLDNGS,-30.00,28.65500,0,458829,T,JGUTIERRE6,,5,RETAIL SAMPLE PANEL MDF MLDNGS,0,0
2024-03-13,GCKEYSET997,RETAIL SAMPLE PANEL MDF MLDNGS,30.00,28.65500,0,458829,T,JGUTIERRE6,,5,RETAIL SAMPLE PANEL MDF MLDNGS,0,0
2024-03-13,GCSETAL-2228,"SAMPLE SET - 7.5"" ALLORA",-1.00,418.24100,0,458937,T,,,5,"SAMPLE SET - 7.5"" ALLORA",0,0
2024-03-13,GCSETAL-2228,"SAMPLE SET - 7.5"" ALLORA",1.00,418.24100,0,458937,T,,,5,"SAMPLE SET - 7.5"" ALLORA",0,0
2024-03-13,GCSETBH-2828,SAMPLE SET - BEVERLY HILLS,-1.00,143.00000,0,458937,T,,,5,SAMPLE SET - BEVERLY HILLS,0,0
2024-03-13,GCSETBH-2828,SAMPLE SET - BEVERLY HILLS,1.00,143.00000,0,458937,T,,,5,SAMPLE SET - BEVERLY HILLS,0,0
2024-03-13,GCSETCA-1724,SAMPLE SET - CANTINA,-1.00,66.40000,0,457415,T,BOREGAN5,,5,SAMPLE SET - CANTINA,0,0
2024-03-13,GCSETCA-1724,SAMPLE SET - CANTINA,1.00,66.40000,0,457415,T,BOREGAN5,,5,SAMPLE SET - CANTINA,0,0
2024-03-13,GCSETCA-1724,SAMPLE SET - CANTINA,-1.00,66.40000,0,457360,T,BOREGAN5,,5,SAMPLE SET - CANTINA,0,0
2024-03-13,GCSETCA-1724,SAMPLE SET - CANTINA,1.00,66.40000,0,457360,T,BOREGAN5,,5,SAMPLE SET - CANTINA,0,0
2024-03-13,GCSETCA-1724,SAMPLE SET - CANTINA,-1.00,66.40000,0,458020,T,LMORENO,,5,SAMPLE SET - CANTINA,0,0
2024-03-13,GCSETCA-1724,SAMPLE SET - CANTINA,1.00,66.40000,0,458020,T,LMORENO,,5,SAMPLE SET - CANTINA,0,0
2024-03-13,GCSETCA-1724,SAMPLE SET - CANTINA,-1.00,66.40000,0,458023,T,LMORENO,,5,SAMPLE SET - CANTINA,0,0
2024-03-13,GCSETCA-1724,SAMPLE SET - CANTINA,1.00,66.40000,0,458023,T,LMORENO,,5,SAMPLE SET - CANTINA,0,0
2024-03-13,GCSETCA-1724,SAMPLE SET - CANTINA,-1.00,66.40000,0,458026,T,LMORENO,,5,SAMPLE SET - CANTINA,0,0
2024-03-13,GCSETCA-1724,SAMPLE SET - CANTINA,1.00,66.40000,0,458026,T,LMORENO,,5,SAMPLE SET - CANTINA,0,0
2024-03-13,GCSETCC-1724,SAMPLE SET - CAROLINA C.,-1.00,68.14500,0,457415,T,BOREGAN5,,5,SAMPLE SET - CAROLINA C.,0,0
2024-03-13,GCSETCC-1724,SAMPLE SET - CAROLINA C.,1.00,68.14500,0,457415,T,BOREGAN5,,5,SAMPLE SET - CAROLINA C.,0,0
2024-03-13,GCSETCC-1724,SAMPLE SET - CAROLINA C.,-1.00,68.14500,0,457360,T,BOREGAN5,,5,SAMPLE SET - CAROLINA C.,0,0
2024-03-13,GCSETCC-1724,SAMPLE SET - CAROLINA C.,1.00,68.14500,0,457360,T,BOREGAN5,,5,SAMPLE SET - CAROLINA C.,0,0
2024-03-13,GCSETCC-1724,SAMPLE SET - CAROLINA C.,-1.00,68.14500,0,458020,T,LMORENO,,5,SAMPLE SET - CAROLINA C.,0,0
2024-03-13,GCSETCC-1724,SAMPLE SET - CAROLINA C.,1.00,68.14500,0,458020,T,LMORENO,,5,SAMPLE SET - CAROLINA C.,0,0
2024-03-13,GCSETCC-1724,SAMPLE SET - CAROLINA C.,-1.00,68.14500,0,458023,T,LMORENO,,5,SAMPLE SET - CAROLINA C.,0,0
2024-03-13,GCSETCC-1724,SAMPLE SET - CAROLINA C.,1.00,68.14500,0,458023,T,LMORENO,,5,SAMPLE SET - CAROLINA C.,0,0
2024-03-13,GCSETCC-1724,SAMPLE SET - CAROLINA C.,-1.00,68.14500,0,458026,T,LMORENO,,5,SAMPLE SET - CAROLINA C.,0,0
2024-03-13,GCSETCC-1724,SAMPLE SET - CAROLINA C.,1.00,68.14500,0,458026,T,LMORENO,,5,SAMPLE SET - CAROLINA C.,0,0
2024-03-13,GCSETCV-1724,SAMPLE SET - C.V.,-1.00,144.56000,0,457415,T,BOREGAN5,,5,SAMPLE SET - C.V.,0,0
2024-03-13,GCSETCV-1724,SAMPLE SET - C.V.,1.00,144.56000,0,457415,T,BOREGAN5,,5,SAMPLE SET - C.V.,0,0
2024-03-13,GCSETCV-1724,SAMPLE SET - C.V.,-1.00,144.56000,0,457360,T,BOREGAN5,,5,SAMPLE SET - C.V.,0,0
2024-03-13,GCSETCV-1724,SAMPLE SET - C.V.,1.00,144.56000,0,457360,T,BOREGAN5,,5,SAMPLE SET - C.V.,0,0
2024-03-13,GCSETCV-1724,SAMPLE SET - C.V.,-1.00,144.56000,0,458020,T,LMORENO,,5,SAMPLE SET - C.V.,0,0
2024-03-13,GCSETCV-1724,SAMPLE SET - C.V.,1.00,144.56000,0,458020,T,LMORENO,,5,SAMPLE SET - C.V.,0,0
2024-03-13,GCSETCV-1724,SAMPLE SET - C.V.,-1.00,144.56000,0,458023,T,LMORENO,,5,SAMPLE SET - C.V.,0,0
2024-03-13,GCSETCV-1724,SAMPLE SET - C.V.,1.00,144.56000,0,458023,T,LMORENO,,5,SAMPLE SET - C.V.,0,0
2024-03-13,GCSETCV-1724,SAMPLE SET - C.V.,-1.00,144.56000,0,458026,T,LMORENO,,5,SAMPLE SET - C.V.,0,0
2024-03-13,GCSETCV-1724,SAMPLE SET - C.V.,1.00,144.56000,0,458026,T,LMORENO,,5,SAMPLE SET - C.V.,0,0
2024-03-13,GCSETDB-2228,SAMPLE SET - DU BOIS,-1.00,131.10000,0,457360,T,BOREGAN5,,5,SAMPLE SET - DU BOIS,0,0
2024-03-13,GCSETDB-2228,SAMPLE SET - DU BOIS,1.00,131.10000,0,457360,T,BOREGAN5,,5,SAMPLE SET - DU BOIS,0,0
2024-03-13,GCSETEX-1724,SAMPLE SET - EXOTICS,-1.00,181.76700,0,0,A,JRIVERA1,,5,SAMPLE SET - EXOTICS,0,0
2024-03-13,GCSETEX-2528,SAMPLE SET - EXOTICS *OMP*,-1.00,210.88200,0,457360,T,BOREGAN5,,5,SAMPLE SET - EXOTICS *OMP*,0,0
2024-03-13,GCSETEX-2528,SAMPLE SET - EXOTICS *OMP*,1.00,210.88200,0,457360,T,BOREGAN5,,5,SAMPLE SET - EXOTICS *OMP*,0,0
2024-03-13,GCSETII-1724,SAMPLE SET - GII DIST.,-1.00,189.00000,0,457415,T,BOREGAN5,,5,SAMPLE SET - GII DIST.,0,0
2024-03-13,GCSETII-1724,SAMPLE SET - GII DIST.,1.00,189.00000,0,457415,T,BOREGAN5,,5,SAMPLE SET - GII DIST.,0,0
2024-03-13,GCSETII-1724,SAMPLE SET - GII DIST.,-1.00,189.00000,0,457360,T,BOREGAN5,,5,SAMPLE SET - GII DIST.,0,0
2024-03-13,GCSETII-1724,SAMPLE SET - GII DIST.,1.00,189.00000,0,457360,T,BOREGAN5,,5,SAMPLE SET - GII DIST.,0,0
2024-03-13,GCSETII-1724,SAMPLE SET - GII DIST.,-1.00,189.00000,0,458020,T,LMORENO,,5,SAMPLE SET - GII DIST.,0,0
2024-03-13,GCSETII-1724,SAMPLE SET - GII DIST.,1.00,189.00000,0,458020,T,LMORENO,,5,SAMPLE SET - GII DIST.,0,0
2024-03-13,GCSETII-1724,SAMPLE SET - GII DIST.,-1.00,189.00000,0,458023,T,LMORENO,,5,SAMPLE SET - GII DIST.,0,0
2024-03-13,GCSETII-1724,SAMPLE SET - GII DIST.,1.00,189.00000,0,458023,T,LMORENO,,5,SAMPLE SET - GII DIST.,0,0
2024-03-13,GCSETII-1724,SAMPLE SET - GII DIST.,-1.00,189.00000,0,458026,T,LMORENO,,5,SAMPLE SET - GII DIST.,0,0
2024-03-13,GCSETII-1724,SAMPLE SET - GII DIST.,1.00,189.00000,0,458026,T,LMORENO,,5,SAMPLE SET - GII DIST.,0,0
2024-03-13,GCSETIL-2424,SAMPLE SET - ILLUMIN8,-1.00,58.44600,0,457360,T,BOREGAN5,,5,SAMPLE SET - ILLUMIN8,0,0
2024-03-13,GCSETIL-2424,SAMPLE SET - ILLUMIN8,1.00,58.44600,0,457360,T,BOREGAN5,,5,SAMPLE SET - ILLUMIN8,0,0
2024-03-13,GCSETNP-2228,SAMPLE SET - NEWPORT,-1.00,59.06000,0,457360,T,BOREGAN5,,5,SAMPLE SET - NEWPORT,0,0
2024-03-13,GCSETNP-2228,SAMPLE SET - NEWPORT,1.00,59.06000,0,457360,T,BOREGAN5,,5,SAMPLE SET - NEWPORT,0,0
2024-03-13,GCSETNP-2228,SAMPLE SET - NEWPORT,-1.00,59.06000,0,458937,T,,,5,SAMPLE SET - NEWPORT,0,0
2024-03-13,GCSETNP-2228,SAMPLE SET - NEWPORT,1.00,59.06000,0,458937,T,,,5,SAMPLE SET - NEWPORT,0,0
2024-03-13,GCSETSS-1724,SAMPLE SET - GII SMOOTH,-1.00,135.80000,0,457415,T,BOREGAN5,,5,SAMPLE SET - GII SMOOTH,0,0
2024-03-13,GCSETSS-1724,SAMPLE SET - GII SMOOTH,1.00,135.80000,0,457415,T,BOREGAN5,,5,SAMPLE SET - GII SMOOTH,0,0
2024-03-13,GCSETSS-1724,SAMPLE SET - GII SMOOTH,-1.00,135.80000,0,457360,T,BOREGAN5,,5,SAMPLE SET - GII SMOOTH,0,0
2024-03-13,GCSETSS-1724,SAMPLE SET - GII SMOOTH,1.00,135.80000,0,457360,T,BOREGAN5,,5,SAMPLE SET - GII SMOOTH,0,0
2024-03-13,GCSETSS-1724,SAMPLE SET - GII SMOOTH,-1.00,135.80000,0,458020,T,LMORENO,,5,SAMPLE SET - GII SMOOTH,0,0
2024-03-13,GCSETSS-1724,SAMPLE SET - GII SMOOTH,1.00,135.80000,0,458020,T,LMORENO,,5,SAMPLE SET - GII SMOOTH,0,0
2024-03-13,GCSETSS-1724,SAMPLE SET - GII SMOOTH,-1.00,135.80000,0,458023,T,LMORENO,,5,SAMPLE SET - GII SMOOTH,0,0
2024-03-13,GCSETSS-1724,SAMPLE SET - GII SMOOTH,1.00,135.80000,0,458023,T,LMORENO,,5,SAMPLE SET - GII SMOOTH,0,0
2024-03-13,GCSETSS-1724,SAMPLE SET - GII SMOOTH,-1.00,135.80000,0,458026,T,LMORENO,,5,SAMPLE SET - GII SMOOTH,0,0
2024-03-13,GCSETSS-1724,SAMPLE SET - GII SMOOTH,1.00,135.80000,0,458026,T,LMORENO,,5,SAMPLE SET - GII SMOOTH,0,0
2024-03-13,GCSETVY-2228,SAMPLE SET - VINEYARD,-1.00,109.25000,0,457360,T,BOREGAN5,,5,SAMPLE SET - VINEYARD,0,0
2024-03-13,GCSETVY-2228,SAMPLE SET - VINEYARD,1.00,109.25000,0,457360,T,BOREGAN5,,5,SAMPLE SET - VINEYARD,0,0
2024-03-13,NONSTOCK,"8"" X 95"" SHIPPING TUBE",50.00,18.08214,14.58000,0,P,LMORENO,,,NON-STOCK ITEMS,0,0
2024-03-13,NONSTOCK,"6"" X 95"" SHIPPING TUBE",84.00,11.81917,9.53000,0,P,LMORENO,,,NON-STOCK ITEMS,0,0
2024-03-13,NONSTOCK,"4"" X 95"" SHIPPING TUBE",180.00,8.96668,7.23000,0,P,LMORENO,,,NON-STOCK ITEMS,0,0
2024-03-14,NONSTOCK,"6MM 61"" X 121"" MDF SHEETS",99.00,26.50000,26.50000,0,P,LMORENO,,,NON-STOCK ITEMS,0,0
2024-03-15,GCSETBL-2228,SAMPLE SET - BELLAGIO,-1.00,81.40000,0,457431,T,BOREGAN5,,5,SAMPLE SET - BELLAGIO,0,0
2024-03-15,GCSETBL-2228,SAMPLE SET - BELLAGIO,1.00,81.40000,0,457431,T,BOREGAN5,,5,SAMPLE SET - BELLAGIO,0,0
2024-03-15,GCSETCY-2828,SAMPLE SET - CN.CREST,-1.00,128.40000,0,457431,T,BOREGAN5,,5,SAMPLE SET - CN.CREST,0,0
2024-03-15,GCSETCY-2828,SAMPLE SET - CN.CREST,1.00,128.40000,0,457431,T,BOREGAN5,,5,SAMPLE SET - CN.CREST,0,0
2024-03-15,GCSETEX-2528,SAMPLE SET - EXOTICS *OMP*,-1.00,210.88200,0,457431,T,BOREGAN5,,5,SAMPLE SET - EXOTICS *OMP*,0,0
2024-03-15,GCSETEX-2528,SAMPLE SET - EXOTICS *OMP*,1.00,210.88200,0,457431,T,BOREGAN5,,5,SAMPLE SET - EXOTICS *OMP*,0,0
2024-03-15,GCSETNP-2228,SAMPLE SET - NEWPORT,-1.00,59.06000,0,457431,T,BOREGAN5,,5,SAMPLE SET - NEWPORT,0,0
2024-03-15,GCSETNP-2228,SAMPLE SET - NEWPORT,1.00,59.06000,0,457431,T,BOREGAN5,,5,SAMPLE SET - NEWPORT,0,0
2024-03-15,GCSETVY-2228,SAMPLE SET - VINEYARD,-1.00,109.25000,0,457431,T,BOREGAN5,,5,SAMPLE SET - VINEYARD,0,0
2024-03-15,GCSETVY-2228,SAMPLE SET - VINEYARD,1.00,109.25000,0,457431,T,BOREGAN5,,5,SAMPLE SET - VINEYARD,0,0
2024-03-15,NONSTOCK,PLYWOOD PALLETS LILY,22.00,10.00000,10.00000,0,P,LMORENO,,,NON-STOCK ITEMS,0,0
2024-03-15,NONSTOCK,PLYWOOD PALLET LILY,22.00,10.00000,10.00000,0,P,LMORENO,,,NON-STOCK ITEMS,0,0
2024-03-18,GCSETBH-2828,SAMPLE SET - BEVERLY HILLS,200.00,171.60000,171.60000,461197,P,LMORENO,,5,SAMPLE SET - BEVERLY HILLS,0,0
2024-03-18,GCSETBH-2828PL,SAMPLE SET-BEVERLY HILLS <N/L>,20.00,171.60000,171.60000,0,P,LMORENO,,5,SAMPLE SET-BEVERLY HILLS <N/L>,0,0
2024-03-18,NONSTOCK,PLYWOOD PALLET LILY,22.00,10.00000,10.00000,0,P,LMORENO,,,NON-STOCK ITEMS,0,0
2024-03-20,GCSETAL-2228,"SAMPLE SET - 7.5"" ALLORA",-1.00,418.24100,0,461014,T,JSGOMEZ4,,5,"SAMPLE SET - 7.5"" ALLORA",0,0
2024-03-20,GCSETAL-2228,"SAMPLE SET - 7.5"" ALLORA",1.00,418.24100,0,461014,T,JSGOMEZ4,,5,"SAMPLE SET - 7.5"" ALLORA",0,0
2024-03-20,GCSETBH-2828,SAMPLE SET - BEVERLY HILLS,-1.00,143.00000,0,461014,T,JSGOMEZ4,,5,SAMPLE SET - BEVERLY HILLS,0,0
2024-03-20,GCSETBH-2828,SAMPLE SET - BEVERLY HILLS,1.00,143.00000,0,461014,T,JSGOMEZ4,,5,SAMPLE SET - BEVERLY HILLS,0,0
2024-03-20,GCSETNP-2228,SAMPLE SET - NEWPORT,-1.00,59.06000,0,461014,T,JSGOMEZ4,,5,SAMPLE SET - NEWPORT,0,0
2024-03-20,GCSETNP-2228,SAMPLE SET - NEWPORT,1.00,59.06000,0,461014,T,JSGOMEZ4,,5,SAMPLE SET - NEWPORT,0,0
2024-03-20,GCSETVY-2228,SAMPLE SET - VINEYARD,-1.00,109.25000,0,461014,T,JSGOMEZ4,,5,SAMPLE SET - VINEYARD,0,0
2024-03-20,GCSETVY-2228,SAMPLE SET - VINEYARD,1.00,109.25000,0,461014,T,JSGOMEZ4,,5,SAMPLE SET - VINEYARD,0,0
2024-03-21,GCSETBH-2828,SAMPLE SET - BEVERLY HILLS,-2.00,171.60000,0,461416,T,,,5,SAMPLE SET - BEVERLY HILLS,0,0
2024-03-21,GCSETBH-2828,SAMPLE SET - BEVERLY HILLS,-1.00,171.60000,0,461417,T,,,5,SAMPLE SET - BEVERLY HILLS,0,0
2024-03-21,GCSETBH-2828,SAMPLE SET - BEVERLY HILLS,-1.00,171.60000,0,461432,T,,,5,SAMPLE SET - BEVERLY HILLS,0,0
2024-03-21,GCSETBH-2828,SAMPLE SET - BEVERLY HILLS,-1.00,171.60000,0,461436,T,,,5,SAMPLE SET - BEVERLY HILLS,0,0
2024-03-21,GCSETBH-2828,SAMPLE SET - BEVERLY HILLS,1.00,171.60000,0,461417,T,,,5,SAMPLE SET - BEVERLY HILLS,0,0
2024-03-21,GCSETBH-2828,SAMPLE SET - BEVERLY HILLS,1.00,171.60000,0,461432,T,,,5,SAMPLE SET - BEVERLY HILLS,0,0
2024-03-21,GCSETBH-2828,SAMPLE SET - BEVERLY HILLS,1.00,171.60000,0,461436,T,,,5,SAMPLE SET - BEVERLY HILLS,0,0
2024-03-21,GCSETBH-2828,SAMPLE SET - BEVERLY HILLS,2.00,171.60000,0,461416,T,,,5,SAMPLE SET - BEVERLY HILLS,0,0
2024-03-22,GCSETBH-2828,SAMPLE SET - BEVERLY HILLS,-2.00,143.00000,0,461191,T,SBISHOP9,,5,SAMPLE SET - BEVERLY HILLS,0,0
2024-03-22,GCSETBH-2828,SAMPLE SET - BEVERLY HILLS,2.00,143.00000,0,461191,T,SBISHOP9,,5,SAMPLE SET - BEVERLY HILLS,0,0
2024-03-22,GCSETBH-2828,SAMPLE SET - BEVERLY HILLS,-1.00,143.00000,0,461192,T,SBISHOP9,,5,SAMPLE SET - BEVERLY HILLS,0,0
2024-03-22,GCSETBH-2828,SAMPLE SET - BEVERLY HILLS,1.00,143.00000,0,461192,T,SBISHOP9,,5,SAMPLE SET - BEVERLY HILLS,0,0
2024-03-25,GCSETAL-2228,"SAMPLE SET - 7.5"" ALLORA",-1.00,418.24100,0,459508,T,,,5,"SAMPLE SET - 7.5"" ALLORA",0,0
2024-03-25,GCSETAL-2228,"SAMPLE SET - 7.5"" ALLORA",1.00,418.24100,0,459508,T,,,5,"SAMPLE SET - 7.5"" ALLORA",0,0
2024-03-25,GCSETBH-2828,SAMPLE SET - BEVERLY HILLS,-1.00,143.00000,0,459508,T,,,5,SAMPLE SET - BEVERLY HILLS,0,0
2024-03-25,GCSETBH-2828,SAMPLE SET - BEVERLY HILLS,1.00,143.00000,0,459508,T,,,5,SAMPLE SET - BEVERLY HILLS,0,0
2024-03-25,GCSETCY-2828,SAMPLE SET - CN.CREST,-1.00,128.40000,0,459508,T,,,5,SAMPLE SET - CN.CREST,0,0
2024-03-25,GCSETCY-2828,SAMPLE SET - CN.CREST,1.00,128.40000,0,459508,T,,,5,SAMPLE SET - CN.CREST,0,0
2024-03-25,GCSETDB-2228,SAMPLE SET - DU BOIS,-1.00,131.10000,0,459508,T,,,5,SAMPLE SET - DU BOIS,0,0
2024-03-25,GCSETDB-2228,SAMPLE SET - DU BOIS,1.00,131.10000,0,459508,T,,,5,SAMPLE SET - DU BOIS,0,0
2024-03-25,GCSETFC-2828,SAMPLE SET - FR.CON.,-1.00,303.00000,0,459508,T,,,5,SAMPLE SET - FR.CON.,0,0
2024-03-25,GCSETFC-2828,SAMPLE SET - FR.CON.,1.00,303.00000,0,459508,T,,,5,SAMPLE SET - FR.CON.,0,0
2024-03-25,GCSETNP-2228,SAMPLE SET - NEWPORT,-1.00,59.06000,0,459508,T,,,5,SAMPLE SET - NEWPORT,0,0
2024-03-25,GCSETNP-2228,SAMPLE SET - NEWPORT,1.00,59.06000,0,459508,T,,,5,SAMPLE SET - NEWPORT,0,0
2024-03-25,GCSETVG-2828,SAMPLE SET - VILLA GIA.,-1.00,271.84000,0,459508,T,,,5,SAMPLE SET - VILLA GIALLA,0,0
2024-03-25,GCSETVG-2828,SAMPLE SET - VILLA GIA.,1.00,271.84000,0,459508,T,,,5,SAMPLE SET - VILLA GIALLA,0,0
2024-03-25,GCSETVY-2228,SAMPLE SET - VINEYARD,-1.00,109.25000,0,462198,T,BOREGAN5,,5,SAMPLE SET - VINEYARD,0,0
2024-03-25,GCSETVY-2228,SAMPLE SET - VINEYARD,1.00,109.25000,0,462198,T,BOREGAN5,,5,SAMPLE SET - VINEYARD,0,0
2024-03-27,GCSETAL9-2828,"SAMPLE SET - 9.5"" ALLORA",50.00,150.00000,150.00000,0,P,TONY,,5,"SAMPLE SET - 9.5"" ALLORA",0,0
2024-03-27,GCSETAL9-2828,"SAMPLE SET - 9.5"" ALLORA",-50.00,150.00000,0,0,A,TONY,,5,"SAMPLE SET - 9.5"" ALLORA",0,0
2024-03-27,GCSETAL9-2828,"SAMPLE SET - 9.5"" ALLORA",50.00,578.22800,0,0,A,TONY,,5,"SAMPLE SET - 9.5"" ALLORA",0,0
2024-03-27,GCSETBH-2828,SAMPLE SET - BEVERLY HILLS,-1.00,171.60000,0,461201,T,SBISHOP9,,5,SAMPLE SET - BEVERLY HILLS,0,0
2024-03-27,GCSETBH-2828,SAMPLE SET - BEVERLY HILLS,1.00,171.60000,0,461201,T,SBISHOP9,,5,SAMPLE SET - BEVERLY HILLS,0,0
2024-03-27,GCSETBH-2828,SAMPLE SET - BEVERLY HILLS,-1.00,171.60000,0,461197,T,SBISHOP9,,5,SAMPLE SET - BEVERLY HILLS,0,0
2024-03-27,GCSETBH-2828,SAMPLE SET - BEVERLY HILLS,1.00,171.60000,0,461197,T,SBISHOP9,,5,SAMPLE SET - BEVERLY HILLS,0,0
2024-03-27,GCSETBH-2828,SAMPLE SET - BEVERLY HILLS,-1.00,171.60000,0,461209,T,SBISHOP9,,5,SAMPLE SET - BEVERLY HILLS,0,0
2024-03-27,GCSETBH-2828,SAMPLE SET - BEVERLY HILLS,1.00,171.60000,0,461209,T,SBISHOP9,,5,SAMPLE SET - BEVERLY HILLS,0,0
2024-03-27,GCSETBH-2828,SAMPLE SET - BEVERLY HILLS,-1.00,171.60000,0,461198,T,SBISHOP9,,5,SAMPLE SET - BEVERLY HILLS,0,0
2024-03-27,GCSETBH-2828,SAMPLE SET - BEVERLY HILLS,1.00,171.60000,0,461198,T,SBISHOP9,,5,SAMPLE SET - BEVERLY HILLS,0,0
2024-03-27,GCSETBH-2828,SAMPLE SET - BEVERLY HILLS,-1.00,171.60000,0,461210,T,SBISHOP9,,5,SAMPLE SET - BEVERLY HILLS,0,0
2024-03-27,GCSETBH-2828,SAMPLE SET - BEVERLY HILLS,1.00,171.60000,0,461210,T,SBISHOP9,,5,SAMPLE SET - BEVERLY HILLS,0,0
2024-03-27,GCSETBH-2828,SAMPLE SET - BEVERLY HILLS,-1.00,171.60000,0,461203,T,SBISHOP9,,5,SAMPLE SET - BEVERLY HILLS,0,0
2024-03-27,GCSETBH-2828,SAMPLE SET - BEVERLY HILLS,1.00,171.60000,0,461203,T,SBISHOP9,,5,SAMPLE SET - BEVERLY HILLS,0,0
2024-03-27,GCSETVY-2228,SAMPLE SET - VINEYARD,-1.00,109.25000,0,462937,T,SBISHOP9,,5,SAMPLE SET - VINEYARD,0,0
2024-03-27,GCSETVY-2228,SAMPLE SET - VINEYARD,1.00,109.25000,0,462937,T,SBISHOP9,,5,SAMPLE SET - VINEYARD,0,0
2024-03-28,GCSETAL-2228,SAMPLE SET - ALLORA,-1.00,418.24100,0,445319,T,,,5,"SAMPLE SET - 7.5"" ALLORA",0,0
2024-03-28,GCSETAL-2228,SAMPLE SET - ALLORA,1.00,418.24100,0,445319,T,,,5,"SAMPLE SET - 7.5"" ALLORA",0,0
2024-03-28,GCSETAL9-2828,"SAMPLE SET - 9.5"" ALLORA",-1.00,578.22800,0,463622,T,,,5,"SAMPLE SET - 9.5"" ALLORA",0,0
2024-03-28,GCSETAL9-2828,"SAMPLE SET - 9.5"" ALLORA",-1.00,578.22800,0,445319,T,,,5,"SAMPLE SET - 9.5"" ALLORA",0,0
2024-03-28,GCSETAL9-2828,"SAMPLE SET - 9.5"" ALLORA",1.00,578.22800,0,463622,T,,,5,"SAMPLE SET - 9.5"" ALLORA",0,0
2024-03-28,GCSETAL9-2828,"SAMPLE SET - 9.5"" ALLORA",1.00,578.22800,0,445319,T,,,5,"SAMPLE SET - 9.5"" ALLORA",0,0
2024-03-29,GCSETBH-2828,SAMPLE SET - BEVERLY HILLS,-1.00,171.60000,0,463434,T,BOREGAN5,,5,SAMPLE SET - BEVERLY HILLS,0,0
2024-03-29,GCSETBH-2828,SAMPLE SET - BEVERLY HILLS,1.00,171.60000,0,463434,T,BOREGAN5,,5,SAMPLE SET - BEVERLY HILLS,0,0
2024-03-29,GCSETBH-2828,SAMPLE SET - BEVERLY HILLS,-1.00,171.60000,0,463476,T,BOREGAN5,,5,SAMPLE SET - BEVERLY HILLS,0,0
2024-03-29,GCSETBH-2828,SAMPLE SET - BEVERLY HILLS,1.00,171.60000,0,463476,T,BOREGAN5,,5,SAMPLE SET - BEVERLY HILLS,0,0
2024-03-29,GCSETBH-2828,SAMPLE SET - BEVERLY HILLS,-1.00,171.60000,0,463436,T,BOREGAN5,,5,SAMPLE SET - BEVERLY HILLS,0,0
2024-03-29,GCSETBH-2828,SAMPLE SET - BEVERLY HILLS,1.00,171.60000,0,463436,T,BOREGAN5,,5,SAMPLE SET - BEVERLY HILLS,0,0
2024-03-29,GCSETBH-2828,SAMPLE SET - BEVERLY HILLS,-1.00,171.60000,0,463443,T,BOREGAN5,,5,SAMPLE SET - BEVERLY HILLS,0,0
2024-03-29,GCSETBH-2828,SAMPLE SET - BEVERLY HILLS,1.00,171.60000,0,463443,T,BOREGAN5,,5,SAMPLE SET - BEVERLY HILLS,0,0
2024-03-29,GCSETBH-2828,SAMPLE SET - BEVERLY HILLS,-1.00,171.60000,0,463439,T,BOREGAN5,,5,SAMPLE SET - BEVERLY HILLS,0,0
2024-03-29,GCSETBH-2828,SAMPLE SET - BEVERLY HILLS,1.00,171.60000,0,463439,T,BOREGAN5,,5,SAMPLE SET - BEVERLY HILLS,0,0
2024-03-29,GCSETCV-1724,SAMPLE SET - C.V.,-1.00,144.56000,0,463478,T,BOREGAN5,,5,SAMPLE SET - C.V.,0,0
2024-03-29,GCSETCV-1724,SAMPLE SET - C.V.,1.00,144.56000,0,463478,T,BOREGAN5,,5,SAMPLE SET - C.V.,0,0
2024-03-29,GCSETCY-2828,SAMPLE SET - CN.CREST,-1.00,128.40000,0,463478,T,BOREGAN5,,5,SAMPLE SET - CN.CREST,0,0
2024-03-29,GCSETCY-2828,SAMPLE SET - CN.CREST,1.00,128.40000,0,463478,T,BOREGAN5,,5,SAMPLE SET - CN.CREST,0,0
2024-03-29,GCSETNP-2228,SAMPLE SET - NEWPORT,-1.00,59.06000,0,463692,T,MCASTRO8,,5,SAMPLE SET - NEWPORT,0,0
2024-03-29,GCSETNP-2228,SAMPLE SET - NEWPORT,1.00,59.06000,0,463692,T,MCASTRO8,,5,SAMPLE SET - NEWPORT,0,0
2024-03-29,GCSETVY-2228,SAMPLE SET - VINEYARD,-1.00,109.25000,0,463692,T,MCASTRO8,,5,SAMPLE SET - VINEYARD,0,0
2024-03-29,GCSETVY-2228,SAMPLE SET - VINEYARD,1.00,109.25000,0,463692,T,MCASTRO8,,5,SAMPLE SET - VINEYARD,0,0
2024-04-01,GCSETAL9-2828,"SAMPLE SET - 9.5"" ALLORA",-1.00,578.22800,0,463845,T,,,5,"SAMPLE SET - 9.5"" ALLORA",0,0
2024-04-01,GCSETAL9-2828,"SAMPLE SET - 9.5"" ALLORA",1.00,578.22800,0,463845,T,,,5,"SAMPLE SET - 9.5"" ALLORA",0,0
2024-04-01,GCSETBH-2828,SAMPLE SET - BEVERLY HILLS,-1.00,171.60000,0,464017,T,SMORALES3,,5,SAMPLE SET - BEVERLY HILLS,0,0
2024-04-01,GCSETBH-2828,SAMPLE SET - BEVERLY HILLS,1.00,171.60000,0,464017,T,SMORALES3,,5,SAMPLE SET - BEVERLY HILLS,0,0
2024-04-01,GCSETBH-2828,SAMPLE SET - BEVERLY HILLS,-1.00,143.00000,0,463971,T,,,5,SAMPLE SET - BEVERLY HILLS,0,0
2024-04-01,GCSETBH-2828,SAMPLE SET - BEVERLY HILLS,1.00,143.00000,0,463971,T,,,5,SAMPLE SET - BEVERLY HILLS,0,0
2024-04-01,GCSETBH-2828,SAMPLE SET - BEVERLY HILLS,-1.00,171.60000,0,464126,T,,,5,SAMPLE SET - BEVERLY HILLS,0,0
2024-04-01,GCSETBH-2828,SAMPLE SET - BEVERLY HILLS,1.00,171.60000,0,464126,T,,,5,SAMPLE SET - BEVERLY HILLS,0,0
2024-04-01,GCSETNP-2228,SAMPLE SET - NEWPORT,-1.00,59.06000,0,463586,T,,,5,SAMPLE SET - NEWPORT,0,0
2024-04-01,GCSETNP-2228,SAMPLE SET - NEWPORT,1.00,59.06000,0,463586,T,,,5,SAMPLE SET - NEWPORT,0,0
2024-04-01,GCSETVY-2228,SAMPLE SET - VINEYARD,-1.00,109.25000,0,463586,T,,,5,SAMPLE SET - VINEYARD,0,0
2024-04-01,GCSETVY-2228,SAMPLE SET - VINEYARD,1.00,109.25000,0,463586,T,,,5,SAMPLE SET - VINEYARD,0,0
2024-04-01,NONSTOCK,PLYWOOD PALLETS LILY,22.00,10.00000,10.00000,0,P,LMORENO,,,NON-STOCK ITEMS,0,0
2024-04-01,NONSTOCK,DAVINCI VECCHIO CHIPS,60.00,1.10000,1.10000,0,P,LMORENO,,,NON-STOCK ITEMS,0,0
2024-04-01,NONSTOCK,5' X 5' NTEP FLOOR SCALE,1.00,1485.00000,1335.00000,0,P,LMORENO,,,NON-STOCK ITEMS,0,0
2024-04-01,NONSTOCK,PLYWOOD PALLETS LILY,22.00,10.00000,10.00000,0,P,LMORENO,,,NON-STOCK ITEMS,0,0
2024-04-01,NONSTOCK,BEVERLY HILLS REXFORD PANELS,100.00,0,0,0,P,LMORENO,,,NON-STOCK ITEMS,0,0
2024-04-01,NONSTOCK,PLYWOOD PALLET LILY,22.00,10.00000,10.00000,0,P,LMORENO,,,NON-STOCK ITEMS,0,0
2024-04-01,NONSTOCK,BEVERLY HILLS BURTON WAY CHIPS,200.00,1.00000,1.00000,0,P,LMORENO,,,NON-STOCK ITEMS,0,0
2024-04-01,NONSTOCK,PLYWOOD PALLETS LILY,22.00,10.00000,10.00000,0,P,LMORENO,,,NON-STOCK ITEMS,0,0
2024-04-01,NONSTOCK,DU BOIS GABRIELLE CHIPS,60.00,0.92000,0.92000,0,P,LMORENO,,,NON-STOCK ITEMS,0,0
2024-04-01,NONSTOCK,PLYWOOD PALLET LILY,22.00,10.00000,10.00000,0,P,LMORENO,,,NON-STOCK ITEMS,0,0
2024-04-02,GCSETBH-2828,SAMPLE SET - BEVERLY HILLS,-1.00,171.60000,0,464499,T,MCASTRO8,,5,SAMPLE SET - BEVERLY HILLS,0,0
2024-04-02,GCSETBH-2828,SAMPLE SET - BEVERLY HILLS,1.00,171.60000,0,464499,T,MCASTRO8,,5,SAMPLE SET - BEVERLY HILLS,0,0
2024-04-02,GCSETDB-2228,SAMPLE SET - DU BOIS,-1.00,131.10000,0,464499,T,MCASTRO8,,5,SAMPLE SET - DU BOIS,0,0
2024-04-02,GCSETDB-2228,SAMPLE SET - DU BOIS,1.00,131.10000,0,464499,T,MCASTRO8,,5,SAMPLE SET - DU BOIS,0,0
2024-04-02,GCSETIL-2424,SAMPLE SET - ILLUMIN8,-1.00,58.44600,0,464429,T,MCASTRO8,,5,SAMPLE SET - ILLUMIN8,0,0
2024-04-02,GCSETIL-2424,SAMPLE SET - ILLUMIN8,1.00,58.44600,0,464429,T,MCASTRO8,,5,SAMPLE SET - ILLUMIN8,0,0
2024-04-02,GCSETNP-2228,SAMPLE SET - NEWPORT,-1.00,59.06000,0,464429,T,MCASTRO8,,5,SAMPLE SET - NEWPORT,0,0
2024-04-02,GCSETNP-2228,SAMPLE SET - NEWPORT,1.00,59.06000,0,464429,T,MCASTRO8,,5,SAMPLE SET - NEWPORT,0,0
2024-04-02,GCSETVY-2228,SAMPLE SET - VINEYARD,-1.00,109.25000,0,464429,T,MCASTRO8,,5,SAMPLE SET - VINEYARD,0,0
2024-04-02,GCSETVY-2228,SAMPLE SET - VINEYARD,1.00,109.25000,0,464429,T,MCASTRO8,,5,SAMPLE SET - VINEYARD,0,0
2024-04-03,NONSTOCK,PLYWOOD PALLETS LILY,22.00,10.00000,10.00000,0,P,LMORENO,,,NON-STOCK ITEMS,0,0
2024-04-03,NONSTOCK,PLYWOOD PALLET LILY,22.00,10.00000,10.00000,0,P,LMORENO,,,NON-STOCK ITEMS,0,0
2024-04-04,GCSETBH-2828,SAMPLE SET - BEVERLY HILLS,-1.00,143.00000,0,465351,T,,,5,SAMPLE SET - BEVERLY HILLS,0,0
2024-04-04,GCSETBH-2828,SAMPLE SET - BEVERLY HILLS,1.00,143.00000,0,465351,T,,,5,SAMPLE SET - BEVERLY HILLS,0,0
2024-04-05,GCSETCV-1724,SAMPLE SET - C.V.,-1.00,144.56000,0,465453,T,JRIVERA1,,5,SAMPLE SET - C.V.,0,0
2024-04-05,GCSETCV-1724,SAMPLE SET - C.V.,1.00,144.56000,0,465453,T,JRIVERA1,,5,SAMPLE SET - C.V.,0,0
2024-04-08,GCSETAL-2228,"SAMPLE SET - 7.5"" ALLORA",-1.00,418.24100,0,465452,T,BOREGAN5,,5,"SAMPLE SET - 7.5"" ALLORA",0,0
2024-04-08,GCSETAL-2228,"SAMPLE SET - 7.5"" ALLORA",1.00,418.24100,0,465452,T,BOREGAN5,,5,"SAMPLE SET - 7.5"" ALLORA",0,0
2024-04-08,GCSETAL9-2828,"SAMPLE SET - 9.5"" ALLORA",-1.00,578.22800,0,465452,T,BOREGAN5,,5,"SAMPLE SET - 9.5"" ALLORA",0,0
2024-04-08,GCSETAL9-2828,"SAMPLE SET - 9.5"" ALLORA",1.00,578.22800,0,465452,T,BOREGAN5,,5,"SAMPLE SET - 9.5"" ALLORA",0,0
2024-04-08,GCSETBH-2828,SAMPLE SET - BEVERLY HILLS,-1.00,171.60000,0,465452,T,BOREGAN5,,5,SAMPLE SET - BEVERLY HILLS,0,0
2024-04-08,GCSETBH-2828,SAMPLE SET - BEVERLY HILLS,1.00,171.60000,0,465452,T,BOREGAN5,,5,SAMPLE SET - BEVERLY HILLS,0,0
2024-04-08,GCSETCA-1724,SAMPLE SET - CANTINA,-1.00,66.40000,0,465452,T,BOREGAN5,,5,SAMPLE SET - CANTINA,0,0
2024-04-08,GCSETCA-1724,SAMPLE SET - CANTINA,1.00,66.40000,0,465452,T,BOREGAN5,,5,SAMPLE SET - CANTINA,0,0
2024-04-08,GCSETCC-1724,SAMPLE SET - CAROLINA C.,-1.00,68.14500,0,465452,T,BOREGAN5,,5,SAMPLE SET - CAROLINA C.,0,0
2024-04-08,GCSETCC-1724,SAMPLE SET - CAROLINA C.,1.00,68.14500,0,465452,T,BOREGAN5,,5,SAMPLE SET - CAROLINA C.,0,0
2024-04-08,GCSETCC-1724,SAMPLE SET - CAROLINA C.,-1.00,68.14500,0,465215,T,,,5,SAMPLE SET - CAROLINA C.,0,0
2024-04-08,GCSETCC-1724,SAMPLE SET - CAROLINA C.,1.00,68.14500,0,465215,T,,,5,SAMPLE SET - CAROLINA C.,0,0
2024-04-08,GCSETCV-1724,SAMPLE SET - C.V.,-1.00,144.56000,0,465453,T,BOREGAN5,,5,SAMPLE SET - C.V.,0,0
2024-04-08,GCSETCV-1724,SAMPLE SET - C.V.,1.00,144.56000,0,465453,T,BOREGAN5,,5,SAMPLE SET - C.V.,0,0
2024-04-08,GCSETCY-2828,SAMPLE SET - CN.CREST,-1.00,128.40000,0,465452,T,BOREGAN5,,5,SAMPLE SET - CN.CREST,0,0
2024-04-08,GCSETCY-2828,SAMPLE SET - CN.CREST,1.00,128.40000,0,465452,T,BOREGAN5,,5,SAMPLE SET - CN.CREST,0,0
2024-04-08,GCSETFC-2828,SAMPLE SET - FR.CON.,-1.00,303.00000,0,465452,T,BOREGAN5,,5,SAMPLE SET - FR.CON.,0,0
2024-04-08,GCSETFC-2828,SAMPLE SET - FR.CON.,1.00,303.00000,0,465452,T,BOREGAN5,,5,SAMPLE SET - FR.CON.,0,0
2024-04-08,GCSETII-1724,SAMPLE SET - GII DIST.,-1.00,189.00000,0,465452,T,BOREGAN5,,5,SAMPLE SET - GII DIST.,0,0
2024-04-08,GCSETII-1724,SAMPLE SET - GII DIST.,1.00,189.00000,0,465452,T,BOREGAN5,,5,SAMPLE SET - GII DIST.,0,0
2024-04-08,GCSETII-1724,SAMPLE SET - GII DIST.,-1.00,189.00000,0,465215,T,,,5,SAMPLE SET - GII DIST.,0,0
2024-04-08,GCSETII-1724,SAMPLE SET - GII DIST.,1.00,189.00000,0,465215,T,,,5,SAMPLE SET - GII DIST.,0,0
2024-04-08,GCSETSS-1724,SAMPLE SET - GII SMOOTH,-1.00,135.80000,0,465452,T,BOREGAN5,,5,SAMPLE SET - GII SMOOTH,0,0
2024-04-08,GCSETSS-1724,SAMPLE SET - GII SMOOTH,1.00,135.80000,0,465452,T,BOREGAN5,,5,SAMPLE SET - GII SMOOTH,0,0
2024-04-08,GCSETSS-1724,SAMPLE SET - GII SMOOTH,-1.00,135.80000,0,465215,T,,,5,SAMPLE SET - GII SMOOTH,0,0
2024-04-08,GCSETSS-1724,SAMPLE SET - GII SMOOTH,1.00,135.80000,0,465215,T,,,5,SAMPLE SET - GII SMOOTH,0,0
2024-04-08,GCSETVG-2828,SAMPLE SET - VILLA GIA.,-1.00,271.84000,0,465452,T,BOREGAN5,,5,SAMPLE SET - VILLA GIALLA,0,0
2024-04-08,GCSETVG-2828,SAMPLE SET - VILLA GIA.,1.00,271.84000,0,465452,T,BOREGAN5,,5,SAMPLE SET - VILLA GIALLA,0,0
2024-04-08,NONSTOCK,"2"" RED STOP TAPE - CASE OF 36",2.00,25.00000,25.00000,0,P,LMORENO,,,NON-STOCK ITEMS,0,0
2024-04-08,NONSTOCK,"2"" X 2"" X 120 X 48"" V BOARD",2808.00,0.40000,0.40000,0,P,LMORENO,,,NON-STOCK ITEMS,0,0
2024-04-09,GCSETBH-2828,SAMPLE SET - BEVERLY HILLS,-1.00,171.60000,0,466450,T,MCASTRO8,,5,SAMPLE SET - BEVERLY HILLS,0,0
2024-04-09,GCSETBH-2828,SAMPLE SET - BEVERLY HILLS,1.00,171.60000,0,466450,T,MCASTRO8,,5,SAMPLE SET - BEVERLY HILLS,0,0
2024-04-09,GCSETDB-2228,SAMPLE SET - DU BOIS,-1.00,131.10000,0,466487,T,MCASTRO8,,5,SAMPLE SET - DU BOIS,0,0
2024-04-09,GCSETDB-2228,SAMPLE SET - DU BOIS,1.00,131.10000,0,466487,T,MCASTRO8,,5,SAMPLE SET - DU BOIS,0,0
2024-04-09,GCSETNP-2228,SAMPLE SET - NEWPORT,-1.00,59.06000,0,466487,T,MCASTRO8,,5,SAMPLE SET - NEWPORT,0,0
2024-04-09,GCSETNP-2228,SAMPLE SET - NEWPORT,1.00,59.06000,0,466487,T,MCASTRO8,,5,SAMPLE SET - NEWPORT,0,0
2024-04-09,GCSETVY-2228,SAMPLE SET - VINEYARD,-1.00,109.25000,0,466487,T,MCASTRO8,,5,SAMPLE SET - VINEYARD,0,0
2024-04-09,GCSETVY-2228,SAMPLE SET - VINEYARD,1.00,109.25000,0,466487,T,MCASTRO8,,5,SAMPLE SET - VINEYARD,0,0
2024-04-10,GCSETALHB-2828,SAMPLE SET - HERRINGBONE ALLOR,-1.00,144.55698,0,26,T,,,5,SAMPLE SET - HERRINGBONE ALLOR,0,0
2024-04-10,GCSETALHB-2828,SAMPLE SET - HERRINGBONE ALLOR,1.00,144.55698,0,26,T,,,5,SAMPLE SET - HERRINGBONE ALLOR,0,0
2024-04-10,NONSTOCK,"2"" X 2"" X 120 X 48"" V BOARD",2808.00,0.40000,0.40000,0,P,LMORENO,,,NON-STOCK ITEMS,0,0
2024-04-10,NONSTOCK,"2"" RED STOP TAPE - CASE OF 36",2.00,25.00000,25.00000,0,P,LMORENO,,,NON-STOCK ITEMS,0,0
2024-04-10,NONSTOCK,"1/2"" X 0.020 STEEL STRAPPING",14.00,135.00000,135.00000,0,P,LMORENO,,,NON-STOCK ITEMS,0,0
2024-04-10,NONSTOCK,"2"" X 2"" X 120 X 48"" V BOARD",5616.00,0.40000,0.40000,0,P,LMORENO,,,NON-STOCK ITEMS,0,0
2024-04-11,GCKEYSET997,RETAIL SAMPLE PANEL MDF MLDNGS,-10.00,28.65500,0,467249,T,MCASTRO8,,5,RETAIL SAMPLE PANEL MDF MLDNGS,0,0
2024-04-11,GCKEYSET997,RETAIL SAMPLE PANEL MDF MLDNGS,10.00,28.65500,0,467249,T,MCASTRO8,,5,RETAIL SAMPLE PANEL MDF MLDNGS,0,0
2024-04-11,GCSETBH-2828,SAMPLE SET - BEVERLY HILLS,-1.00,171.60000,0,466697,T,,,5,SAMPLE SET - BEVERLY HILLS,0,0
2024-04-11,GCSETBH-2828,SAMPLE SET - BEVERLY HILLS,1.00,171.60000,0,466697,T,,,5,SAMPLE SET - BEVERLY HILLS,0,0
2024-04-11,GCSETDV-2228,SAMPLE SET - DA VINCI,-1.00,148.35000,0,466697,T,,,5,SAMPLE SET - DA VINCI,0,0
2024-04-11,GCSETDV-2228,SAMPLE SET - DA VINCI,1.00,148.35000,0,466697,T,,,5,SAMPLE SET - DA VINCI,0,0
2024-04-12,GCSETBH-2828,SAMPLE SET - BEVERLY HILLS,-1.00,171.60000,0,467229,T,,,5,SAMPLE SET - BEVERLY HILLS,0,0
2024-04-12,GCSETBH-2828,SAMPLE SET - BEVERLY HILLS,1.00,171.60000,0,467229,T,,,5,SAMPLE SET - BEVERLY HILLS,0,0
2024-04-12,GCSETDB-2228,SAMPLE SET - DU BOIS,-1.00,131.10000,0,467229,T,,,5,SAMPLE SET - DU BOIS,0,0
2024-04-12,GCSETDB-2228,SAMPLE SET - DU BOIS,1.00,131.10000,0,467229,T,,,5,SAMPLE SET - DU BOIS,0,0
2024-04-12,GCSETNP-2228,SAMPLE SET - NEWPORT,-1.00,59.06000,0,467229,T,,,5,SAMPLE SET - NEWPORT,0,0
2024-04-12,GCSETNP-2228,SAMPLE SET - NEWPORT,1.00,59.06000,0,467229,T,,,5,SAMPLE SET - NEWPORT,0,0
2024-04-12,GCSETVG-2828,SAMPLE SET - VILLA GIA.,-1.00,271.84000,0,467229,T,,,5,SAMPLE SET - VILLA GIALLA,0,0
2024-04-12,GCSETVG-2828,SAMPLE SET - VILLA GIA.,1.00,271.84000,0,467229,T,,,5,SAMPLE SET - VILLA GIALLA,0,0
2024-04-15,GCSETAL-2228,"SAMPLE SET - 7.5"" ALLORA",-1.00,418.24100,0,467833,T,MCASTRO8,,5,"SAMPLE SET - 7.5"" ALLORA",0,0
2024-04-15,GCSETAL-2228,"SAMPLE SET - 7.5"" ALLORA",1.00,418.24100,0,467833,T,MCASTRO8,,5,"SAMPLE SET - 7.5"" ALLORA",0,0
2024-04-15,GCSETAL9-2828,"SAMPLE SET - 9.5"" ALLORA",-1.00,578.22800,0,467256,T,BOREGAN5,,5,"SAMPLE SET - 9.5"" ALLORA",0,0
2024-04-15,GCSETAL9-2828,"SAMPLE SET - 9.5"" ALLORA",1.00,578.22800,0,467256,T,BOREGAN5,,5,"SAMPLE SET - 9.5"" ALLORA",0,0
2024-04-15,GCSETBH-2828,SAMPLE SET - BEVERLY HILLS,-1.00,171.60000,0,467832,T,MCASTRO8,,5,SAMPLE SET - BEVERLY HILLS,0,0
2024-04-15,GCSETBH-2828,SAMPLE SET - BEVERLY HILLS,1.00,171.60000,0,467832,T,MCASTRO8,,5,SAMPLE SET - BEVERLY HILLS,0,0
2024-04-15,GCSETBH-2828,SAMPLE SET - BEVERLY HILLS,-1.00,171.60000,0,467833,T,MCASTRO8,,5,SAMPLE SET - BEVERLY HILLS,0,0
2024-04-15,GCSETBH-2828,SAMPLE SET - BEVERLY HILLS,1.00,171.60000,0,467833,T,MCASTRO8,,5,SAMPLE SET - BEVERLY HILLS,0,0
2024-04-15,GCSETBH-2828,SAMPLE SET - BEVERLY HILLS,-1.00,171.60000,0,467256,T,BOREGAN5,,5,SAMPLE SET - BEVERLY HILLS,0,0
2024-04-15,GCSETBH-2828,SAMPLE SET - BEVERLY HILLS,1.00,171.60000,0,467256,T,BOREGAN5,,5,SAMPLE SET - BEVERLY HILLS,0,0
2024-04-15,GCSETCC-1724,SAMPLE SET - CAROLINA C.,-1.00,68.14500,0,467256,T,BOREGAN5,,5,SAMPLE SET - CAROLINA C.,0,0
2024-04-15,GCSETCC-1724,SAMPLE SET - CAROLINA C.,1.00,68.14500,0,467256,T,BOREGAN5,,5,SAMPLE SET - CAROLINA C.,0,0
2024-04-15,GCSETCY-2828,SAMPLE SET - CN.CREST,-1.00,128.40000,0,467256,T,BOREGAN5,,5,SAMPLE SET - CN.CREST,0,0
2024-04-15,GCSETCY-2828,SAMPLE SET - CN.CREST,1.00,128.40000,0,467256,T,BOREGAN5,,5,SAMPLE SET - CN.CREST,0,0
2024-04-15,GCSETDB-2228,SAMPLE SET - DU BOIS,-1.00,131.10000,0,467256,T,BOREGAN5,,5,SAMPLE SET - DU BOIS,0,0
2024-04-15,GCSETDB-2228,SAMPLE SET - DU BOIS,1.00,131.10000,0,467256,T,BOREGAN5,,5,SAMPLE SET - DU BOIS,0,0
2024-04-15,GCSETEX-2528,SAMPLE SET - EXOTICS *OMP*,-1.00,210.88200,0,467256,T,BOREGAN5,,5,SAMPLE SET - EXOTICS *OMP*,0,0
2024-04-15,GCSETEX-2528,SAMPLE SET - EXOTICS *OMP*,1.00,210.88200,0,467256,T,BOREGAN5,,5,SAMPLE SET - EXOTICS *OMP*,0,0
2024-04-15,GCSETFC-2828,SAMPLE SET - FR.CON.,-1.00,303.00000,0,467256,T,BOREGAN5,,5,SAMPLE SET - FR.CON.,0,0
2024-04-15,GCSETFC-2828,SAMPLE SET - FR.CON.,1.00,303.00000,0,467256,T,BOREGAN5,,5,SAMPLE SET - FR.CON.,0,0
2024-04-15,GCSETII-1724,SAMPLE SET - GII DIST.,-1.00,189.00000,0,467256,T,BOREGAN5,,5,SAMPLE SET - GII DIST.,0,0
2024-04-15,GCSETII-1724,SAMPLE SET - GII DIST.,1.00,189.00000,0,467256,T,BOREGAN5,,5,SAMPLE SET - GII DIST.,0,0
2024-04-15,GCSETIL-2424,SAMPLE SET - ILLUMIN8,-1.00,58.44600,0,467256,T,BOREGAN5,,5,SAMPLE SET - ILLUMIN8,0,0
2024-04-15,GCSETIL-2424,SAMPLE SET - ILLUMIN8,1.00,58.44600,0,467256,T,BOREGAN5,,5,SAMPLE SET - ILLUMIN8,0,0
2024-04-15,GCSETSS-1724,SAMPLE SET - GII SMOOTH,-1.00,135.80000,0,467256,T,BOREGAN5,,5,SAMPLE SET - GII SMOOTH,0,0
2024-04-15,GCSETSS-1724,SAMPLE SET - GII SMOOTH,1.00,135.80000,0,467256,T,BOREGAN5,,5,SAMPLE SET - GII SMOOTH,0,0
2024-04-15,GCSETVG-2828,SAMPLE SET - VILLA GIA.,-1.00,271.84000,0,467256,T,BOREGAN5,,5,SAMPLE SET - VILLA GIALLA,0,0
2024-04-15,GCSETVG-2828,SAMPLE SET - VILLA GIA.,1.00,271.84000,0,467256,T,BOREGAN5,,5,SAMPLE SET - VILLA GIALLA,0,0
2024-04-15,NONSTOCK,PLYWOOD PALLET LILY,22.00,10.00000,10.00000,0,P,LMORENO,,,NON-STOCK ITEMS,0,0
2024-04-16,GCSETAL-2228,"SAMPLE SET - 7.5"" ALLORA",-1.00,418.24100,0,467853,T,SMORALES3,,5,"SAMPLE SET - 7.5"" ALLORA",0,0
2024-04-16,GCSETAL-2228,"SAMPLE SET - 7.5"" ALLORA",1.00,418.24100,0,467853,T,SMORALES3,,5,"SAMPLE SET - 7.5"" ALLORA",0,0
2024-04-16,GCSETAL9-2828,"SAMPLE SET - 9.5"" ALLORA",-1.00,578.22800,0,467853,T,SMORALES3,,5,"SAMPLE SET - 9.5"" ALLORA",0,0
2024-04-16,GCSETAL9-2828,"SAMPLE SET - 9.5"" ALLORA",1.00,578.22800,0,467853,T,SMORALES3,,5,"SAMPLE SET - 9.5"" ALLORA",0,0
2024-04-16,GCSETBH-2828,SAMPLE SET - BEVERLY HILLS,-1.00,171.60000,0,467853,T,SMORALES3,,5,SAMPLE SET - BEVERLY HILLS,0,0
2024-04-16,GCSETBH-2828,SAMPLE SET - BEVERLY HILLS,1.00,171.60000,0,467853,T,SMORALES3,,5,SAMPLE SET - BEVERLY HILLS,0,0
2024-04-17,NONSTOCK,PLYWOOD PALLETS LILY,22.00,10.00000,10.00000,0,P,LMORENO,,,NON-STOCK ITEMS,0,0
2024-04-18,GCSETBH-2828,SAMPLE SET - BEVERLY HILLS,-1.00,171.60000,0,469202,T,,,5,SAMPLE SET - BEVERLY HILLS,0,0
2024-04-18,GCSETBH-2828,SAMPLE SET - BEVERLY HILLS,-1.00,171.60000,0,468967,T,,,5,SAMPLE SET - BEVERLY HILLS,0,0
2024-04-18,GCSETBH-2828,SAMPLE SET - BEVERLY HILLS,-1.00,171.60000,0,468969,T,,,5,SAMPLE SET - BEVERLY HILLS,0,0
2024-04-18,GCSETBH-2828,SAMPLE SET - BEVERLY HILLS,-1.00,171.60000,0,469338,T,,,5,SAMPLE SET - BEVERLY HILLS,0,0
2024-04-18,GCSETBH-2828,SAMPLE SET - BEVERLY HILLS,-1.00,171.60000,0,469190,T,,,5,SAMPLE SET - BEVERLY HILLS,0,0
2024-04-18,GCSETBH-2828,SAMPLE SET - BEVERLY HILLS,-1.00,171.60000,0,469191,T,,,5,SAMPLE SET - BEVERLY HILLS,0,0
2024-04-18,GCSETBH-2828,SAMPLE SET - BEVERLY HILLS,-1.00,171.60000,0,469194,T,,,5,SAMPLE SET - BEVERLY HILLS,0,0
2024-04-18,GCSETBH-2828,SAMPLE SET - BEVERLY HILLS,-1.00,171.60000,0,469201,T,,,5,SAMPLE SET - BEVERLY HILLS,0,0
2024-04-18,GCSETBH-2828,SAMPLE SET - BEVERLY HILLS,-1.00,171.60000,0,469188,T,,,5,SAMPLE SET - BEVERLY HILLS,0,0
2024-04-18,GCSETBH-2828,SAMPLE SET - BEVERLY HILLS,-1.00,171.60000,0,469187,T,,,5,SAMPLE SET - BEVERLY HILLS,0,0
2024-04-18,GCSETBH-2828,SAMPLE SET - BEVERLY HILLS,-1.00,171.60000,0,469200,T,,,5,SAMPLE SET - BEVERLY HILLS,0,0
2024-04-18,GCSETBH-2828,SAMPLE SET - BEVERLY HILLS,-1.00,171.60000,0,469193,T,,,5,SAMPLE SET - BEVERLY HILLS,0,0
2024-04-18,GCSETBH-2828,SAMPLE SET - BEVERLY HILLS,-1.00,171.60000,0,469196,T,,,5,SAMPLE SET - BEVERLY HILLS,0,0
2024-04-18,GCSETBH-2828,SAMPLE SET - BEVERLY HILLS,1.00,171.60000,0,469202,T,,,5,SAMPLE SET - BEVERLY HILLS,0,0
2024-04-18,GCSETBH-2828,SAMPLE SET - BEVERLY HILLS,1.00,171.60000,0,468967,T,,,5,SAMPLE SET - BEVERLY HILLS,0,0
2024-04-18,GCSETBH-2828,SAMPLE SET - BEVERLY HILLS,1.00,171.60000,0,468969,T,,,5,SAMPLE SET - BEVERLY HILLS,0,0
2024-04-18,GCSETBH-2828,SAMPLE SET - BEVERLY HILLS,1.00,171.60000,0,469338,T,,,5,SAMPLE SET - BEVERLY HILLS,0,0
2024-04-18,GCSETBH-2828,SAMPLE SET - BEVERLY HILLS,1.00,171.60000,0,469190,T,,,5,SAMPLE SET - BEVERLY HILLS,0,0
2024-04-18,GCSETBH-2828,SAMPLE SET - BEVERLY HILLS,1.00,171.60000,0,469191,T,,,5,SAMPLE SET - BEVERLY HILLS,0,0
2024-04-18,GCSETBH-2828,SAMPLE SET - BEVERLY HILLS,1.00,171.60000,0,469194,T,,,5,SAMPLE SET - BEVERLY HILLS,0,0
2024-04-18,GCSETBH-2828,SAMPLE SET - BEVERLY HILLS,1.00,171.60000,0,469201,T,,,5,SAMPLE SET - BEVERLY HILLS,0,0
2024-04-18,GCSETBH-2828,SAMPLE SET - BEVERLY HILLS,1.00,171.60000,0,469188,T,,,5,SAMPLE SET - BEVERLY HILLS,0,0
2024-04-18,GCSETBH-2828,SAMPLE SET - BEVERLY HILLS,1.00,171.60000,0,469187,T,,,5,SAMPLE SET - BEVERLY HILLS,0,0
2024-04-18,GCSETBH-2828,SAMPLE SET - BEVERLY HILLS,1.00,171.60000,0,469200,T,,,5,SAMPLE SET - BEVERLY HILLS,0,0
2024-04-18,GCSETBH-2828,SAMPLE SET - BEVERLY HILLS,1.00,171.60000,0,469193,T,,,5,SAMPLE SET - BEVERLY HILLS,0,0
2024-04-18,GCSETBH-2828,SAMPLE SET - BEVERLY HILLS,1.00,171.60000,0,469196,T,,,5,SAMPLE SET - BEVERLY HILLS,0,0
2024-04-19,GCSETBH-2828,SAMPLE SET - BEVERLY HILLS,-1.00,171.60000,0,469106,T,BOREGAN5,,5,SAMPLE SET - BEVERLY HILLS,0,0
2024-04-19,GCSETBH-2828,SAMPLE SET - BEVERLY HILLS,1.00,171.60000,0,469106,T,BOREGAN5,,5,SAMPLE SET - BEVERLY HILLS,0,0
2024-04-19,GCSETBH-2828,SAMPLE SET - BEVERLY HILLS,-1.00,171.60000,0,469102,T,BOREGAN5,,5,SAMPLE SET - BEVERLY HILLS,0,0
2024-04-19,GCSETBH-2828,SAMPLE SET - BEVERLY HILLS,1.00,171.60000,0,469102,T,BOREGAN5,,5,SAMPLE SET - BEVERLY HILLS,0,0
2024-04-19,GCSETCV-1724,SAMPLE SET - C.V.,-1.00,144.56000,0,469607,T,JRIVERA1,,5,SAMPLE SET - C.V.,0,0
2024-04-19,GCSETCV-1724,SAMPLE SET - C.V.,1.00,144.56000,0,469607,T,JRIVERA1,,5,SAMPLE SET - C.V.,0,0
2024-04-19,GCSETEX-2528,SAMPLE SET - EXOTICS *OMP*,-1.00,210.88200,0,469106,T,BOREGAN5,,5,SAMPLE SET - EXOTICS *OMP*,0,0
2024-04-19,GCSETEX-2528,SAMPLE SET - EXOTICS *OMP*,1.00,210.88200,0,469106,T,BOREGAN5,,5,SAMPLE SET - EXOTICS *OMP*,0,0
2024-04-19,GCSETII-1724,SAMPLE SET - GII DIST.,-1.00,189.00000,0,469607,T,JRIVERA1,,5,SAMPLE SET - GII DIST.,0,0
2024-04-19,GCSETII-1724,SAMPLE SET - GII DIST.,1.00,189.00000,0,469607,T,JRIVERA1,,5,SAMPLE SET - GII DIST.,0,0
2024-04-19,GCSETSS-1724,SAMPLE SET - GII SMOOTH,-1.00,135.80000,0,469607,T,JRIVERA1,,5,SAMPLE SET - GII SMOOTH,0,0
2024-04-19,GCSETSS-1724,SAMPLE SET - GII SMOOTH,1.00,135.80000,0,469607,T,JRIVERA1,,5,SAMPLE SET - GII SMOOTH,0,0
2024-04-22,GCSETBH-2828,SAMPLE SET - BEVERLY HILLS,-1.00,171.60000,0,469234,T,,,5,SAMPLE SET - BEVERLY HILLS,0,0
2024-04-22,GCSETBH-2828,SAMPLE SET - BEVERLY HILLS,1.00,171.60000,0,469234,T,,,5,SAMPLE SET - BEVERLY HILLS,0,0
2024-04-22,GCSETCA-1724,SAMPLE SET - CANTINA,-1.00,66.40000,0,469598,T,BOREGAN5,,5,SAMPLE SET - CANTINA,0,0
2024-04-22,GCSETCA-1724,SAMPLE SET - CANTINA,1.00,66.40000,0,469598,T,BOREGAN5,,5,SAMPLE SET - CANTINA,0,0
2024-04-22,GCSETCA-1724,SAMPLE SET - CANTINA,-1.00,66.40000,0,469223,T,,,5,SAMPLE SET - CANTINA,0,0
2024-04-22,GCSETCA-1724,SAMPLE SET - CANTINA,-1.00,66.40000,0,469234,T,,,5,SAMPLE SET - CANTINA,0,0
2024-04-22,GCSETCA-1724,SAMPLE SET - CANTINA,1.00,66.40000,0,469223,T,,,5,SAMPLE SET - CANTINA,0,0
2024-04-22,GCSETCA-1724,SAMPLE SET - CANTINA,1.00,66.40000,0,469234,T,,,5,SAMPLE SET - CANTINA,0,0
2024-04-22,GCSETCC-1724,SAMPLE SET - CAROLINA C.,-1.00,68.14500,0,469234,T,,,5,SAMPLE SET - CAROLINA C.,0,0
2024-04-22,GCSETCC-1724,SAMPLE SET - CAROLINA C.,1.00,68.14500,0,469234,T,,,5,SAMPLE SET - CAROLINA C.,0,0
2024-04-22,GCSETCV-1724,SAMPLE SET - C.V.,-1.00,144.56000,0,469223,T,,,5,SAMPLE SET - C.V.,0,0
2024-04-22,GCSETCV-1724,SAMPLE SET - C.V.,1.00,144.56000,0,469223,T,,,5,SAMPLE SET - C.V.,0,0
2024-04-22,GCSETII-1724,SAMPLE SET - GII DIST.,-1.00,189.00000,0,469223,T,,,5,SAMPLE SET - GII DIST.,0,0
2024-04-22,GCSETII-1724,SAMPLE SET - GII DIST.,-1.00,189.00000,0,469234,T,,,5,SAMPLE SET - GII DIST.,0,0
2024-04-22,GCSETII-1724,SAMPLE SET - GII DIST.,1.00,189.00000,0,469223,T,,,5,SAMPLE SET - GII DIST.,0,0
2024-04-22,GCSETII-1724,SAMPLE SET - GII DIST.,1.00,189.00000,0,469234,T,,,5,SAMPLE SET - GII DIST.,0,0
2024-04-22,GCSETIL-2424,SAMPLE SET - ILLUMIN8,-1.00,58.44600,0,469234,T,,,5,SAMPLE SET - ILLUMIN8,0,0
2024-04-22,GCSETIL-2424,SAMPLE SET - ILLUMIN8,1.00,58.44600,0,469234,T,,,5,SAMPLE SET - ILLUMIN8,0,0
2024-04-22,GCSETNP-2228,SAMPLE SET - NEWPORT,-1.00,59.06000,0,469234,T,,,5,SAMPLE SET - NEWPORT,0,0
2024-04-22,GCSETNP-2228,SAMPLE SET - NEWPORT,1.00,59.06000,0,469234,T,,,5,SAMPLE SET - NEWPORT,0,0
2024-04-22,GCSETSS-1724,SAMPLE SET - GII SMOOTH,-1.00,135.80000,0,469223,T,,,5,SAMPLE SET - GII SMOOTH,0,0
2024-04-22,GCSETSS-1724,SAMPLE SET - GII SMOOTH,-1.00,135.80000,0,469234,T,,,5,SAMPLE SET - GII SMOOTH,0,0
2024-04-22,GCSETSS-1724,SAMPLE SET - GII SMOOTH,1.00,135.80000,0,469223,T,,,5,SAMPLE SET - GII SMOOTH,0,0
2024-04-22,GCSETSS-1724,SAMPLE SET - GII SMOOTH,1.00,135.80000,0,469234,T,,,5,SAMPLE SET - GII SMOOTH,0,0
2024-04-22,GCSETVY-2228,SAMPLE SET - VINEYARD,-1.00,109.25000,0,469234,T,,,5,SAMPLE SET - VINEYARD,0,0
2024-04-22,GCSETVY-2228,SAMPLE SET - VINEYARD,1.00,109.25000,0,469234,T,,,5,SAMPLE SET - VINEYARD,0,0
2024-04-22,NONSTOCK,PLYWOOD PALLETS LILY,22.00,10.00000,10.00000,0,P,LMORENO,,,NON-STOCK ITEMS,0,0
2024-04-22,NONSTOCK,GNII HICKORY SIERRA CHIPS,60.00,0.72000,0.72000,0,P,LMORENO,,,NON-STOCK ITEMS,0,0
2024-04-23,GCSETAL-2228,"SAMPLE SET - 7.5"" ALLORA",-1.00,418.24100,0,469547,T,,,5,"SAMPLE SET - 7.5"" ALLORA",0,0
2024-04-23,GCSETAL-2228,"SAMPLE SET - 7.5"" ALLORA",1.00,418.24100,0,469547,T,,,5,"SAMPLE SET - 7.5"" ALLORA",0,0
2024-04-23,GCSETBH-2828,SAMPLE SET - BEVERLY HILLS,-1.00,171.60000,0,469547,T,,,5,SAMPLE SET - BEVERLY HILLS,0,0
2024-04-23,GCSETBH-2828,SAMPLE SET - BEVERLY HILLS,1.00,171.60000,0,469547,T,,,5,SAMPLE SET - BEVERLY HILLS,0,0
2024-04-23,GCSETIL-2424,SAMPLE SET - ILLUMIN8,-1.00,58.44600,0,470400,T,,,5,SAMPLE SET - ILLUMIN8,0,0
2024-04-23,GCSETIL-2424,SAMPLE SET - ILLUMIN8,1.00,58.44600,0,470400,T,,,5,SAMPLE SET - ILLUMIN8,0,0
2024-04-23,GCSETNP-2228,SAMPLE SET - NEWPORT,-1.00,59.06000,0,469547,T,,,5,SAMPLE SET - NEWPORT,0,0
2024-04-23,GCSETNP-2228,SAMPLE SET - NEWPORT,1.00,59.06000,0,469547,T,,,5,SAMPLE SET - NEWPORT,0,0
2024-04-23,NONSTOCK,"18"" CLEAR STRETCH FILM 4RLS/CA",100.00,18.00000,18.00000,0,P,LMORENO,,,NON-STOCK ITEMS,0,0
2024-04-24,NONSTOCK,PLYWOOD PALLETS JIM LAMINATE,20.00,3.13800,2.00000,0,P,LMORENO,,,NON-STOCK ITEMS,0,0
2024-04-25,GCSETBH-2828PL,SAMPLE SET-BEVERLY HILLS <N/L>,-1.00,171.60000,0,471266,T,MCASTRO8,,5,SAMPLE SET-BEVERLY HILLS <N/L>,0,0
2024-04-25,GCSETBH-2828PL,SAMPLE SET-BEVERLY HILLS <N/L>,1.00,171.60000,0,471266,T,MCASTRO8,,5,SAMPLE SET-BEVERLY HILLS <N/L>,0,0
2024-04-25,GCSETBH-2828PL,SAMPLE SET-BEVERLY HILLS <N/L>,-1.00,171.60000,0,471269,T,MCASTRO8,,5,SAMPLE SET-BEVERLY HILLS <N/L>,0,0
2024-04-25,GCSETBH-2828PL,SAMPLE SET-BEVERLY HILLS <N/L>,1.00,171.60000,0,471269,T,MCASTRO8,,5,SAMPLE SET-BEVERLY HILLS <N/L>,0,0
2024-04-25,GCSETBH-2828PL,SAMPLE SET-BEVERLY HILLS <N/L>,-1.00,171.60000,0,471267,T,MCASTRO8,,5,SAMPLE SET-BEVERLY HILLS <N/L>,0,0
2024-04-25,GCSETBH-2828PL,SAMPLE SET-BEVERLY HILLS <N/L>,1.00,171.60000,0,471267,T,MCASTRO8,,5,SAMPLE SET-BEVERLY HILLS <N/L>,0,0
2024-04-25,GCSETNP-2228,SAMPLE SET - NEWPORT,-1.00,59.06000,0,471270,T,MCASTRO8,,5,SAMPLE SET - NEWPORT,0,0
2024-04-25,GCSETNP-2228,SAMPLE SET - NEWPORT,1.00,59.06000,0,471270,T,MCASTRO8,,5,SAMPLE SET - NEWPORT,0,0
2024-04-25,GCSETVY-2228,SAMPLE SET - VINEYARD,-1.00,109.25000,0,471270,T,MCASTRO8,,5,SAMPLE SET - VINEYARD,0,0
2024-04-25,GCSETVY-2228,SAMPLE SET - VINEYARD,1.00,109.25000,0,471270,T,MCASTRO8,,5,SAMPLE SET - VINEYARD,0,0
2024-04-25,NONSTOCK,PLYWOOD PALLET JIM LAMINATE,14.00,3.13800,2.00000,0,P,LMORENO,,,NON-STOCK ITEMS,0,0
2024-04-26,GCSETNP-2228,SAMPLE SET - NEWPORT,-1.00,59.06000,0,471167,T,BOREGAN5,,5,SAMPLE SET - NEWPORT,0,0
2024-04-26,GCSETNP-2228,SAMPLE SET - NEWPORT,1.00,59.06000,0,471167,T,BOREGAN5,,5,SAMPLE SET - NEWPORT,0,0
2024-04-26,NONSTOCK,"BUBBLE ROLL - 48"" X 250'",2.00,110.00000,110.00000,0,P,LMORENO,,,NON-STOCK ITEMS,0,0
2024-04-26,NONSTOCK,"FOAM ROLL - 1/8"", 48"" X 550'",3.00,164.00000,164.00000,0,P,LMORENO,,,NON-STOCK ITEMS,0,0
2024-04-26,NONSTOCK,"RIPPLE CUPS - 10 OZ, 500/CASE",3.00,74.00000,74.00000,0,P,LMORENO,,,NON-STOCK ITEMS,0,0
2024-04-26,NONSTOCK,"30 X 30"" JUMBO KRAFT MAILERS",20.00,7.40000,7.40000,0,P,LMORENO,,,NON-STOCK ITEMS,0,0
2024-04-26,NONSTOCK,"24 X 24"" JUMBO KRAFT MAILER",40.00,5.37000,5.37000,0,P,LMORENO,,,NON-STOCK ITEMS,0,0
2024-04-29,GCSETPS-2228,SAMPLE SET - PRIVATE SELECTION,90.00,72.00000,72.00000,0,P,TONY,,5,SAMPLE SET - PRIVATE SELECTION,0,0
2024-04-29,GCSETPS-2528,SAMPLE SET - PRIVATE SEL. *OMP,10.00,72.00000,72.00000,0,P,TONY,,5,SAMPLE SET - PRIVATE SEL. *OMP,0,0
2024-04-30,GCSETAL-2228,"SAMPLE SET - 7.5"" ALLORA",-1.00,418.24100,0,472212,T,SBISHOP9,,5,"SAMPLE SET - 7.5"" ALLORA",0,0
2024-04-30,GCSETAL-2228,"SAMPLE SET - 7.5"" ALLORA",1.00,418.24100,0,472212,T,SBISHOP9,,5,"SAMPLE SET - 7.5"" ALLORA",0,0
2024-04-30,GCSETAL9-2828,"SAMPLE SET - 9.5"" ALLORA",-1.00,578.22800,0,472212,T,SBISHOP9,,5,"SAMPLE SET - 9.5"" ALLORA",0,0
2024-04-30,GCSETAL9-2828,"SAMPLE SET - 9.5"" ALLORA",1.00,578.22800,0,472212,T,SBISHOP9,,5,"SAMPLE SET - 9.5"" ALLORA",0,0
2024-04-30,GCSETAL9-2828,"SAMPLE SET - 9.5"" ALLORA",-1.00,578.22800,0,472677,T,,,5,"SAMPLE SET - 9.5"" ALLORA",0,0
2024-04-30,GCSETAL9-2828,"SAMPLE SET - 9.5"" ALLORA",1.00,578.22800,0,472677,T,,,5,"SAMPLE SET - 9.5"" ALLORA",0,0
2024-04-30,GCSETBH-2828,SAMPLE SET - BEVERLY HILLS,-1.00,171.60000,0,472677,T,,,5,SAMPLE SET - BEVERLY HILLS,0,0
2024-04-30,GCSETBH-2828,SAMPLE SET - BEVERLY HILLS,1.00,171.60000,0,472677,T,,,5,SAMPLE SET - BEVERLY HILLS,0,0
2024-05-01,GCSETAL9-2828,"SAMPLE SET - 9.5"" ALLORA",-1.00,578.22800,0,472926,T,,,5,"SAMPLE SET - 9.5"" ALLORA",0,0
2024-05-01,GCSETAL9-2828,"SAMPLE SET - 9.5"" ALLORA",-1.00,578.22800,0,473092,T,,,5,"SAMPLE SET - 9.5"" ALLORA",0,0
2024-05-01,GCSETAL9-2828,"SAMPLE SET - 9.5"" ALLORA",1.00,578.22800,0,472926,T,,,5,"SAMPLE SET - 9.5"" ALLORA",0,0
2024-05-01,GCSETAL9-2828,"SAMPLE SET - 9.5"" ALLORA",1.00,578.22800,0,473092,T,,,5,"SAMPLE SET - 9.5"" ALLORA",0,0
2024-05-01,GCSETBH-2828,SAMPLE SET - BEVERLY HILLS,-1.00,171.60000,0,472872,T,,,5,SAMPLE SET - BEVERLY HILLS,0,0
2024-05-01,GCSETBH-2828,SAMPLE SET - BEVERLY HILLS,1.00,171.60000,0,472872,T,,,5,SAMPLE SET - BEVERLY HILLS,0,0
2024-05-01,GCSETNP-2228,SAMPLE SET - NEWPORT,-1.00,59.06000,0,472601,T,,,5,SAMPLE SET - NEWPORT,0,0
2024-05-01,GCSETNP-2228,SAMPLE SET - NEWPORT,1.00,59.06000,0,472601,T,,,5,SAMPLE SET - NEWPORT,0,0
2024-05-01,NONSTOCK,PRIVATE SELECTION FRONT LABEL,1500.00,0.45400,0.31000,0,P,LMORENO,,,NON-STOCK ITEMS,0,0
2024-05-02,NONSTOCK,PLYWOOD PALLETS LILY,22.00,10.00000,10.00000,0,P,LMORENO,,,NON-STOCK ITEMS,0,0
2024-05-02,NONSTOCK,PLYWOOD PALLETS LILY,22.00,10.00000,10.00000,0,P,LMORENO,,,NON-STOCK ITEMS,0,0
2024-05-03,GCSETAL9-2828,"SAMPLE SET - 9.5"" ALLORA",-1.00,578.22800,0,473564,T,,,5,"SAMPLE SET - 9.5"" ALLORA",0,0
2024-05-03,GCSETAL9-2828,"SAMPLE SET - 9.5"" ALLORA",1.00,578.22800,0,473564,T,,,5,"SAMPLE SET - 9.5"" ALLORA",0,0
2024-05-03,GCSETBH-2828,SAMPLE SET - BEVERLY HILLS,-1.00,171.60000,0,473359,T,,,5,SAMPLE SET - BEVERLY HILLS,0,0
2024-05-03,GCSETBH-2828,SAMPLE SET - BEVERLY HILLS,-1.00,171.60000,0,473564,T,,,5,SAMPLE SET - BEVERLY HILLS,0,0
2024-05-03,GCSETBH-2828,SAMPLE SET - BEVERLY HILLS,-1.00,171.60000,0,473352,T,,,5,SAMPLE SET - BEVERLY HILLS,0,0
2024-05-03,GCSETBH-2828,SAMPLE SET - BEVERLY HILLS,1.00,171.60000,0,473359,T,,,5,SAMPLE SET - BEVERLY HILLS,0,0
2024-05-03,GCSETBH-2828,SAMPLE SET - BEVERLY HILLS,1.00,171.60000,0,473564,T,,,5,SAMPLE SET - BEVERLY HILLS,0,0
2024-05-03,GCSETBH-2828,SAMPLE SET - BEVERLY HILLS,1.00,171.60000,0,473352,T,,,5,SAMPLE SET - BEVERLY HILLS,0,0
2024-05-03,GCSETPS-2528,SAMPLE SET - PRIVATE SEL. *OMP,-1.00,72.00000,0,473301,T,JGUTIERRE6,,5,SAMPLE SET - PRIVATE SEL. *OMP,0,0
2024-05-03,GCSETPS-2528,SAMPLE SET - PRIVATE SEL. *OMP,1.00,72.00000,0,473301,T,JGUTIERRE6,,5,SAMPLE SET - PRIVATE SEL. *OMP,0,0
2024-05-03,GCSETPS-2528,SAMPLE SET - PRIVATE SEL. *OMP,-1.00,72.00000,0,473298,T,SMORALES3,,5,SAMPLE SET - PRIVATE SEL. *OMP,0,0
2024-05-03,GCSETPS-2528,SAMPLE SET - PRIVATE SEL. *OMP,1.00,72.00000,0,473298,T,SMORALES3,,5,SAMPLE SET - PRIVATE SEL. *OMP,0,0
2024-05-04,GCSETPS-2528,SAMPLE SET - PRIVATE SEL. *OMP,-1.00,72.00000,0,473303,T,SBISHOP9,,5,SAMPLE SET - PRIVATE SEL. *OMP,0,0
2024-05-04,GCSETPS-2528,SAMPLE SET - PRIVATE SEL. *OMP,1.00,72.00000,0,473303,T,SBISHOP9,,5,SAMPLE SET - PRIVATE SEL. *OMP,0,0
2024-05-06,GCSETBH-2828,SAMPLE SET - BEVERLY HILLS,-1.00,163.10600,0,473249,T,BOREGAN5,,5,SAMPLE SET - BEVERLY HILLS,0,0
2024-05-06,GCSETBH-2828,SAMPLE SET - BEVERLY HILLS,1.00,163.10600,0,473249,T,BOREGAN5,,5,SAMPLE SET - BEVERLY HILLS,0,0
2024-05-06,GCSETEX-2528,SAMPLE SET - EXOTICS *OMP*,-1.00,210.88200,0,472999,T,BOREGAN5,,5,SAMPLE SET - EXOTICS *OMP*,0,0
2024-05-06,GCSETEX-2528,SAMPLE SET - EXOTICS *OMP*,1.00,210.88200,0,472999,T,BOREGAN5,,5,SAMPLE SET - EXOTICS *OMP*,0,0
2024-05-06,GCSETFC-2828,SAMPLE SET - FR.CON.,-1.00,303.00000,0,473434,T,MCASTRO8,,5,SAMPLE SET - FR.CON.,0,0
2024-05-06,GCSETFC-2828,SAMPLE SET - FR.CON.,1.00,303.00000,0,473434,T,MCASTRO8,,5,SAMPLE SET - FR.CON.,0,0
2024-05-06,GCSETFC-2828,SAMPLE SET - FR.CON.,-1.00,303.00000,0,472264,T,,,5,SAMPLE SET - FR.CON.,0,0
2024-05-06,GCSETFC-2828,SAMPLE SET - FR.CON.,1.00,303.00000,0,472264,T,,,5,SAMPLE SET - FR.CON.,0,0
2024-05-06,GCSETNP-2228,SAMPLE SET - NEWPORT,-1.00,59.06000,0,473249,T,BOREGAN5,,5,SAMPLE SET - NEWPORT,0,0
2024-05-06,GCSETNP-2228,SAMPLE SET - NEWPORT,1.00,59.06000,0,473249,T,BOREGAN5,,5,SAMPLE SET - NEWPORT,0,0
2024-05-06,GCSETNP-2228,SAMPLE SET - NEWPORT,-1.00,59.06000,0,472994,T,BOREGAN5,,5,SAMPLE SET - NEWPORT,0,0
2024-05-06,GCSETNP-2228,SAMPLE SET - NEWPORT,1.00,59.06000,0,472994,T,BOREGAN5,,5,SAMPLE SET - NEWPORT,0,0
2024-05-06,GCSETNP-2228,SAMPLE SET - NEWPORT,-1.00,59.06000,0,473434,T,MCASTRO8,,5,SAMPLE SET - NEWPORT,0,0
2024-05-06,GCSETNP-2228,SAMPLE SET - NEWPORT,1.00,59.06000,0,473434,T,MCASTRO8,,5,SAMPLE SET - NEWPORT,0,0
2024-05-06,GCSETNP-2228,SAMPLE SET - NEWPORT,-1.00,59.06000,0,472264,T,,,5,SAMPLE SET - NEWPORT,0,0
2024-05-06,GCSETNP-2228,SAMPLE SET - NEWPORT,1.00,59.06000,0,472264,T,,,5,SAMPLE SET - NEWPORT,0,0
2024-05-06,GCSETVY-2228,SAMPLE SET - VINEYARD,-1.00,109.25000,0,472994,T,BOREGAN5,,5,SAMPLE SET - VINEYARD,0,0
2024-05-06,GCSETVY-2228,SAMPLE SET - VINEYARD,1.00,109.25000,0,472994,T,BOREGAN5,,5,SAMPLE SET - VINEYARD,0,0
2024-05-06,GCSETVY-2228,SAMPLE SET - VINEYARD,-1.00,109.25000,0,473434,T,MCASTRO8,,5,SAMPLE SET - VINEYARD,0,0
2024-05-06,GCSETVY-2228,SAMPLE SET - VINEYARD,1.00,109.25000,0,473434,T,MCASTRO8,,5,SAMPLE SET - VINEYARD,0,0
2024-05-06,GCSETVY-2228,SAMPLE SET - VINEYARD,-1.00,109.25000,0,472264,T,,,5,SAMPLE SET - VINEYARD,0,0
2024-05-06,GCSETVY-2228,SAMPLE SET - VINEYARD,1.00,109.25000,0,472264,T,,,5,SAMPLE SET - VINEYARD,0,0
2024-05-06,NONSTOCK,PLYWOOD PALLET LILY,22.00,10.00000,10.00000,0,P,LMORENO,,,NON-STOCK ITEMS,0,0
2024-05-07,GCKEYSET997,RETAIL SAMPLE PANEL MDF MLDNGS,-5.00,28.65500,0,473945,T,BOREGAN5,,5,RETAIL SAMPLE PANEL MDF MLDNGS,0,0
2024-05-07,GCKEYSET997,RETAIL SAMPLE PANEL MDF MLDNGS,5.00,28.65500,0,473945,T,BOREGAN5,,5,RETAIL SAMPLE PANEL MDF MLDNGS,0,0
2024-05-07,GCSETBH-2828,SAMPLE SET - BEVERLY HILLS,-1.00,171.60000,0,474469,T,,,5,SAMPLE SET - BEVERLY HILLS,0,0
2024-05-07,GCSETBH-2828,SAMPLE SET - BEVERLY HILLS,-1.00,171.60000,0,474473,T,,,5,SAMPLE SET - BEVERLY HILLS,0,0
2024-05-07,GCSETBH-2828,SAMPLE SET - BEVERLY HILLS,-1.00,171.60000,0,473990,T,,,5,SAMPLE SET - BEVERLY HILLS,0,0
2024-05-07,GCSETBH-2828,SAMPLE SET - BEVERLY HILLS,-1.00,171.60000,0,474467,T,,,5,SAMPLE SET - BEVERLY HILLS,0,0
2024-05-07,GCSETBH-2828,SAMPLE SET - BEVERLY HILLS,-1.00,171.60000,0,474356,T,,,5,SAMPLE SET - BEVERLY HILLS,0,0
2024-05-07,GCSETBH-2828,SAMPLE SET - BEVERLY HILLS,1.00,171.60000,0,474469,T,,,5,SAMPLE SET - BEVERLY HILLS,0,0
2024-05-07,GCSETBH-2828,SAMPLE SET - BEVERLY HILLS,1.00,171.60000,0,474473,T,,,5,SAMPLE SET - BEVERLY HILLS,0,0
2024-05-07,GCSETBH-2828,SAMPLE SET - BEVERLY HILLS,1.00,171.60000,0,473990,T,,,5,SAMPLE SET - BEVERLY HILLS,0,0
2024-05-07,GCSETBH-2828,SAMPLE SET - BEVERLY HILLS,1.00,171.60000,0,474467,T,,,5,SAMPLE SET - BEVERLY HILLS,0,0
2024-05-07,GCSETBH-2828,SAMPLE SET - BEVERLY HILLS,1.00,171.60000,0,474356,T,,,5,SAMPLE SET - BEVERLY HILLS,0,0
2024-05-07,GCSETPS-2528,SAMPLE SET - PRIVATE SEL. *OMP,-1.00,72.00000,0,473300,T,BOREGAN5,,5,SAMPLE SET - PRIVATE SEL. *OMP,0,0
2024-05-07,GCSETPS-2528,SAMPLE SET - PRIVATE SEL. *OMP,1.00,72.00000,0,473300,T,BOREGAN5,,5,SAMPLE SET - PRIVATE SEL. *OMP,0,0
2024-05-08,GCSETBH-2828,SAMPLE SET - BEVERLY HILLS,-1.00,171.60000,0,474628,T,MCASTRO8,,5,SAMPLE SET - BEVERLY HILLS,0,0
2024-05-08,GCSETBH-2828,SAMPLE SET - BEVERLY HILLS,1.00,171.60000,0,474628,T,MCASTRO8,,5,SAMPLE SET - BEVERLY HILLS,0,0
2024-05-08,GCSETCV-1724,SAMPLE SET - C.V.,-1.00,144.56000,0,474628,T,MCASTRO8,,5,SAMPLE SET - C.V.,0,0
2024-05-08,GCSETCV-1724,SAMPLE SET - C.V.,1.00,144.56000,0,474628,T,MCASTRO8,,5,SAMPLE SET - C.V.,0,0
2024-05-08,GCSETII-1724,SAMPLE SET - GII DIST.,-1.00,189.00000,0,474628,T,MCASTRO8,,5,SAMPLE SET - GII DIST.,0,0
2024-05-08,GCSETII-1724,SAMPLE SET - GII DIST.,1.00,189.00000,0,474628,T,MCASTRO8,,5,SAMPLE SET - GII DIST.,0,0
2024-05-08,NONSTOCK,PLYWOOD PALLETS LILY,22.00,10.00000,10.00000,0,P,LMORENO,,,NON-STOCK ITEMS,0,0
2024-05-08,NONSTOCK,PLYWOOD PALLETS LILY,22.00,10.00000,10.00000,0,P,LMORENO,,,NON-STOCK ITEMS,0,0
2024-05-09,GCSETAL9-2828,"SAMPLE SET - 9.5"" ALLORA",-1.00,578.22800,0,475194,T,,,5,"SAMPLE SET - 9.5"" ALLORA",0,0
2024-05-09,GCSETAL9-2828,"SAMPLE SET - 9.5"" ALLORA",1.00,578.22800,0,475194,T,,,5,"SAMPLE SET - 9.5"" ALLORA",0,0
2024-05-09,GCSETBH-2828,SAMPLE SET - BEVERLY HILLS,-1.00,171.60000,0,475194,T,,,5,SAMPLE SET - BEVERLY HILLS,0,0
2024-05-09,GCSETBH-2828,SAMPLE SET - BEVERLY HILLS,-1.00,171.60000,0,475316,T,,,5,SAMPLE SET - BEVERLY HILLS,0,0
2024-05-09,GCSETBH-2828,SAMPLE SET - BEVERLY HILLS,1.00,171.60000,0,475194,T,,,5,SAMPLE SET - BEVERLY HILLS,0,0
2024-05-09,GCSETBH-2828,SAMPLE SET - BEVERLY HILLS,1.00,171.60000,0,475316,T,,,5,SAMPLE SET - BEVERLY HILLS,0,0
2024-05-10,GCSETAL-2228,"SAMPLE SET - 7.5"" ALLORA",-1.00,418.24100,0,475478,T,MCASTRO8,,5,"SAMPLE SET - 7.5"" ALLORA",0,0
2024-05-10,GCSETAL-2228,"SAMPLE SET - 7.5"" ALLORA",1.00,418.24100,0,475478,T,MCASTRO8,,5,"SAMPLE SET - 7.5"" ALLORA",0,0
2024-05-10,GCSETBH-2828,SAMPLE SET - BEVERLY HILLS,-1.00,171.60000,0,475669,T,SBISHOP9,,5,SAMPLE SET - BEVERLY HILLS,0,0
2024-05-10,GCSETBH-2828,SAMPLE SET - BEVERLY HILLS,1.00,171.60000,0,475669,T,SBISHOP9,,5,SAMPLE SET - BEVERLY HILLS,0,0
2024-05-10,GCSETBH-2828,SAMPLE SET - BEVERLY HILLS,-1.00,171.60000,0,475670,T,SBISHOP9,,5,SAMPLE SET - BEVERLY HILLS,0,0
2024-05-10,GCSETBH-2828,SAMPLE SET - BEVERLY HILLS,1.00,171.60000,0,475670,T,SBISHOP9,,5,SAMPLE SET - BEVERLY HILLS,0,0
2024-05-10,GCSETBH-2828,SAMPLE SET - BEVERLY HILLS,-1.00,171.60000,0,475671,T,SBISHOP9,,5,SAMPLE SET - BEVERLY HILLS,0,0
2024-05-10,GCSETBH-2828,SAMPLE SET - BEVERLY HILLS,1.00,171.60000,0,475671,T,SBISHOP9,,5,SAMPLE SET - BEVERLY HILLS,0,0
2024-05-10,GCSETBH-2828,SAMPLE SET - BEVERLY HILLS,-1.00,171.60000,0,475473,T,SBISHOP9,,5,SAMPLE SET - BEVERLY HILLS,0,0
2024-05-10,GCSETBH-2828,SAMPLE SET - BEVERLY HILLS,1.00,171.60000,0,475473,T,SBISHOP9,,5,SAMPLE SET - BEVERLY HILLS,0,0
2024-05-10,GCSETBH-2828,SAMPLE SET - BEVERLY HILLS,-1.00,171.60000,0,475688,T,JGUTIERRE6,,5,SAMPLE SET - BEVERLY HILLS,0,0
2024-05-10,GCSETBH-2828,SAMPLE SET - BEVERLY HILLS,1.00,171.60000,0,475688,T,JGUTIERRE6,,5,SAMPLE SET - BEVERLY HILLS,0,0
2024-05-10,GCSETNP-2228,SAMPLE SET - NEWPORT,-1.00,59.06000,0,475138,T,BOREGAN5,,5,SAMPLE SET - NEWPORT,0,0
2024-05-10,GCSETNP-2228,SAMPLE SET - NEWPORT,1.00,59.06000,0,475138,T,BOREGAN5,,5,SAMPLE SET - NEWPORT,0,0
2024-05-11,NONSTOCK,PLYWOOD PALLET LILY,22.00,10.00000,10.00000,0,P,LMORENO,,,NON-STOCK ITEMS,0,0
2024-05-11,NONSTOCK,FRENCH CONN. CANEWOOD CHIPS,120.00,1.10000,1.10000,0,P,LMORENO,,,NON-STOCK ITEMS,0,0
2024-05-13,GCSETAL9-2828,"SAMPLE SET - 9.5"" ALLORA",-1.00,578.22800,0,474978,T,,,5,"SAMPLE SET - 9.5"" ALLORA",0,0
2024-05-13,GCSETAL9-2828,"SAMPLE SET - 9.5"" ALLORA",1.00,578.22800,0,474978,T,,,5,"SAMPLE SET - 9.5"" ALLORA",0,0
2024-05-13,GCSETBH-2828,SAMPLE SET - BEVERLY HILLS,-1.00,171.60000,0,475783,T,SBISHOP9,,5,SAMPLE SET - BEVERLY HILLS,0,0
2024-05-13,GCSETBH-2828,SAMPLE SET - BEVERLY HILLS,1.00,171.60000,0,475783,T,SBISHOP9,,5,SAMPLE SET - BEVERLY HILLS,0,0
2024-05-13,GCSETBH-2828,SAMPLE SET - BEVERLY HILLS,-1.00,171.60000,0,475791,T,SBISHOP9,,5,SAMPLE SET - BEVERLY HILLS,0,0
2024-05-13,GCSETBH-2828,SAMPLE SET - BEVERLY HILLS,1.00,171.60000,0,475791,T,SBISHOP9,,5,SAMPLE SET - BEVERLY HILLS,0,0
2024-05-13,GCSETBH-2828,SAMPLE SET - BEVERLY HILLS,-1.00,171.60000,0,475686,T,SBISHOP9,,5,SAMPLE SET - BEVERLY HILLS,0,0
2024-05-13,GCSETBH-2828,SAMPLE SET - BEVERLY HILLS,1.00,171.60000,0,475686,T,SBISHOP9,,5,SAMPLE SET - BEVERLY HILLS,0,0
2024-05-13,GCSETBH-2828,SAMPLE SET - BEVERLY HILLS,-1.00,171.60000,0,475689,T,SBISHOP9,,5,SAMPLE SET - BEVERLY HILLS,0,0
2024-05-13,GCSETBH-2828,SAMPLE SET - BEVERLY HILLS,1.00,171.60000,0,475689,T,SBISHOP9,,5,SAMPLE SET - BEVERLY HILLS,0,0
2024-05-13,GCSETBH-2828,SAMPLE SET - BEVERLY HILLS,-1.00,171.60000,0,475691,T,SBISHOP9,,5,SAMPLE SET - BEVERLY HILLS,0,0
2024-05-13,GCSETBH-2828,SAMPLE SET - BEVERLY HILLS,1.00,171.60000,0,475691,T,SBISHOP9,,5,SAMPLE SET - BEVERLY HILLS,0,0
2024-05-13,GCSETBH-2828,SAMPLE SET - BEVERLY HILLS,-1.00,171.60000,0,475690,T,SBISHOP9,,5,SAMPLE SET - BEVERLY HILLS,0,0
2024-05-13,GCSETBH-2828,SAMPLE SET - BEVERLY HILLS,1.00,171.60000,0,475690,T,SBISHOP9,,5,SAMPLE SET - BEVERLY HILLS,0,0
2024-05-13,GCSETBH-2828,SAMPLE SET - BEVERLY HILLS,-1.00,171.60000,0,475806,T,SBISHOP9,,5,SAMPLE SET - BEVERLY HILLS,0,0
2024-05-13,GCSETBH-2828,SAMPLE SET - BEVERLY HILLS,1.00,171.60000,0,475806,T,SBISHOP9,,5,SAMPLE SET - BEVERLY HILLS,0,0
2024-05-13,GCSETBH-2828,SAMPLE SET - BEVERLY HILLS,-1.00,171.60000,0,475835,T,SBISHOP9,,5,SAMPLE SET - BEVERLY HILLS,0,0
2024-05-13,GCSETBH-2828,SAMPLE SET - BEVERLY HILLS,1.00,171.60000,0,475835,T,SBISHOP9,,5,SAMPLE SET - BEVERLY HILLS,0,0
2024-05-13,GCSETBH-2828,SAMPLE SET - BEVERLY HILLS,-1.00,171.60000,0,475834,T,SBISHOP9,,5,SAMPLE SET - BEVERLY HILLS,0,0
2024-05-13,GCSETBH-2828,SAMPLE SET - BEVERLY HILLS,1.00,171.60000,0,475834,T,SBISHOP9,,5,SAMPLE SET - BEVERLY HILLS,0,0
2024-05-13,GCSETBH-2828,SAMPLE SET - BEVERLY HILLS,-1.00,171.60000,0,475772,T,SBISHOP9,,5,SAMPLE SET - BEVERLY HILLS,0,0
2024-05-13,GCSETBH-2828,SAMPLE SET - BEVERLY HILLS,1.00,171.60000,0,475772,T,SBISHOP9,,5,SAMPLE SET - BEVERLY HILLS,0,0
2024-05-13,GCSETBH-2828,SAMPLE SET - BEVERLY HILLS,-1.00,171.60000,0,475769,T,SBISHOP9,,5,SAMPLE SET - BEVERLY HILLS,0,0
2024-05-13,GCSETBH-2828,SAMPLE SET - BEVERLY HILLS,1.00,171.60000,0,475769,T,SBISHOP9,,5,SAMPLE SET - BEVERLY HILLS,0,0
2024-05-13,GCSETBH-2828,SAMPLE SET - BEVERLY HILLS,-1.00,171.60000,0,475765,T,SBISHOP9,,5,SAMPLE SET - BEVERLY HILLS,0,0
2024-05-13,GCSETBH-2828,SAMPLE SET - BEVERLY HILLS,1.00,171.60000,0,475765,T,SBISHOP9,,5,SAMPLE SET - BEVERLY HILLS,0,0
2024-05-13,GCSETBH-2828,SAMPLE SET - BEVERLY HILLS,-1.00,171.60000,0,474978,T,,,5,SAMPLE SET - BEVERLY HILLS,0,0
2024-05-13,GCSETBH-2828,SAMPLE SET - BEVERLY HILLS,-1.00,171.60000,0,475199,T,,,5,SAMPLE SET - BEVERLY HILLS,0,0
2024-05-13,GCSETBH-2828,SAMPLE SET - BEVERLY HILLS,1.00,171.60000,0,474978,T,,,5,SAMPLE SET - BEVERLY HILLS,0,0
2024-05-13,GCSETBH-2828,SAMPLE SET - BEVERLY HILLS,1.00,171.60000,0,475199,T,,,5,SAMPLE SET - BEVERLY HILLS,0,0
2024-05-14,GCSETAL-2228,"SAMPLE SET - 7.5"" ALLORA",-1.00,418.24100,0,470907,T,,,5,"SAMPLE SET - 7.5"" ALLORA",0,0
2024-05-14,GCSETAL-2228,"SAMPLE SET - 7.5"" ALLORA",1.00,418.24100,0,470907,T,,,5,"SAMPLE SET - 7.5"" ALLORA",0,0
2024-05-14,GCSETALHB-2828,SAMPLE SET - HERRINGBONE ALLOR,-2.00,226.33900,0,37,T,,,5,SAMPLE SET - HERRINGBONE ALLOR,0,0
2024-05-14,GCSETALHB-2828,SAMPLE SET - HERRINGBONE ALLOR,2.00,226.33900,0,37,T,,,5,SAMPLE SET - HERRINGBONE ALLOR,0,0
2024-05-14,GCSETAL9-2828,"SAMPLE SET - 9.5"" ALLORA",-1.00,578.22800,0,470907,T,,,5,"SAMPLE SET - 9.5"" ALLORA",0,0
2024-05-14,GCSETAL9-2828,"SAMPLE SET - 9.5"" ALLORA",1.00,578.22800,0,470907,T,,,5,"SAMPLE SET - 9.5"" ALLORA",0,0
2024-05-14,GCSETBH-2828,SAMPLE SET - BEVERLY HILLS,-1.00,171.60000,0,470907,T,,,5,SAMPLE SET - BEVERLY HILLS,0,0
2024-05-14,GCSETBH-2828,SAMPLE SET - BEVERLY HILLS,1.00,171.60000,0,470907,T,,,5,SAMPLE SET - BEVERLY HILLS,0,0
2024-05-15,GCSETAB7-2323,"SAMPLE SET - AQUABLUE 7""",-2.00,85.68100,0,476783,T,SMORALES3,,5,"SAMPLE SET - AQUABLUE 7""",0,0
2024-05-15,GCSETAB7-2323,"SAMPLE SET - AQUABLUE 7""",2.00,85.68100,0,476783,T,SMORALES3,,5,"SAMPLE SET - AQUABLUE 7""",0,0
2024-05-15,GCSETAB9-2323,"SAMPLE SET - AQUABLUE II 9""",-2.00,62.83300,0,476783,T,SMORALES3,,5,"SAMPLE SET - AQUABLUE II 9""",0,0
2024-05-15,GCSETAB9-2323,"SAMPLE SET - AQUABLUE II 9""",2.00,62.83300,0,476783,T,SMORALES3,,5,"SAMPLE SET - AQUABLUE II 9""",0,0
2024-05-15,GCSETCS-2228,SAMPLE SET - CLIFFSIDE,-2.00,138.56200,0,476783,T,SMORALES3,,5,SAMPLE SET - CLIFFSIDE,0,0
2024-05-15,GCSETCS-2228,SAMPLE SET - CLIFFSIDE,2.00,138.56200,0,476783,T,SMORALES3,,5,SAMPLE SET - CLIFFSIDE,0,0
2024-05-15,GCSETEL-2323,SAMPLE SET - ELEMENTS SPC,-2.00,74.97100,0,476783,T,SMORALES3,,5,SAMPLE SET - ELEMENTS SPC,0,0
2024-05-15,GCSETEL-2323,SAMPLE SET - ELEMENTS SPC,2.00,74.97100,0,476783,T,SMORALES3,,5,SAMPLE SET - ELEMENTS SPC,0,0
2024-05-15,GCSETMP-2323,SAMPLE SET - METROPOLITAN SPC,-2.00,49.98100,0,476783,T,SMORALES3,,5,SAMPLE SET - METROPOLITAN SPC,0,0
2024-05-15,GCSETMP-2323,SAMPLE SET - METROPOLITAN SPC,2.00,49.98100,0,476783,T,SMORALES3,,5,SAMPLE SET - METROPOLITAN SPC,0,0
2024-05-15,GCSETNSN-2323,SAMPLE SET NEW - NATURESTEP,-2.00,169.19200,0,476783,T,SMORALES3,,5,SAMPLE SET NEW - NATURESTEP,0,0
2024-05-15,GCSETNSN-2323,SAMPLE SET NEW - NATURESTEP,2.00,169.19200,0,476783,T,SMORALES3,,5,SAMPLE SET NEW - NATURESTEP,0,0
2024-05-15,GCSETSS7-2323,"SAMPLE SET - SUMMIT SKY 7""",-2.00,34.41900,0,476783,T,SMORALES3,,5,"SAMPLE SET - SUMMIT SKY 7""",0,0
2024-05-15,GCSETSS7-2323,"SAMPLE SET - SUMMIT SKY 7""",2.00,34.41900,0,476783,T,SMORALES3,,5,"SAMPLE SET - SUMMIT SKY 7""",0,0
2024-05-15,NONSTOCK,PLYWOOD PALLETS LILY,22.00,10.00000,10.00000,0,P,LMORENO,,,NON-STOCK ITEMS,0,0
2024-05-16,GCSETAB7-2323,"SAMPLE SET - AQUABLUE 7""",-2.00,85.68100,0,476797,T,SBISHOP9,,5,"SAMPLE SET - AQUABLUE 7""",0,0
2024-05-16,GCSETAB7-2323,"SAMPLE SET - AQUABLUE 7""",2.00,85.68100,0,476797,T,SBISHOP9,,5,"SAMPLE SET - AQUABLUE 7""",0,0
2024-05-16,GCSETAB7-2323,"SAMPLE SET - AQUABLUE 7""",-2.00,85.68100,0,476793,T,MCASTRO8,,5,"SAMPLE SET - AQUABLUE 7""",0,0
2024-05-16,GCSETAB7-2323,"SAMPLE SET - AQUABLUE 7""",2.00,85.68100,0,476793,T,MCASTRO8,,5,"SAMPLE SET - AQUABLUE 7""",0,0
2024-05-16,GCSETAB9-2323,"SAMPLE SET - AQUABLUE II 9""",-2.00,62.83300,0,476797,T,SBISHOP9,,5,"SAMPLE SET - AQUABLUE II 9""",0,0
2024-05-16,GCSETAB9-2323,"SAMPLE SET - AQUABLUE II 9""",2.00,62.83300,0,476797,T,SBISHOP9,,5,"SAMPLE SET - AQUABLUE II 9""",0,0
2024-05-16,GCSETAB9-2323,"SAMPLE SET - AQUABLUE II 9""",-2.00,62.83300,0,476793,T,MCASTRO8,,5,"SAMPLE SET - AQUABLUE II 9""",0,0
2024-05-16,GCSETAB9-2323,"SAMPLE SET - AQUABLUE II 9""",2.00,62.83300,0,476793,T,MCASTRO8,,5,"SAMPLE SET - AQUABLUE II 9""",0,0
2024-05-16,GCSETALHB-2828,SAMPLE SET - HERRINGBONE ALLOR,20.00,60.00000,60.00000,0,P,TONY,,5,SAMPLE SET - HERRINGBONE ALLOR,0,0
2024-05-16,GCSETALHB-2828,SAMPLE SET - HERRINGBONE ALLOR,-20.00,60.00000,0,0,A,TONY,,5,SAMPLE SET - HERRINGBONE ALLOR,0,0
2024-05-16,GCSETALHB-2828,SAMPLE SET - HERRINGBONE ALLOR,20.00,226.33900,0,0,A,TONY,,5,SAMPLE SET - HERRINGBONE ALLOR,0,0
2024-05-16,GCSETBH-2828,SAMPLE SET - BEVERLY HILLS,-1.00,171.60000,0,476947,T,,,5,SAMPLE SET - BEVERLY HILLS,0,0
2024-05-16,GCSETBH-2828,SAMPLE SET - BEVERLY HILLS,1.00,171.60000,0,476947,T,,,5,SAMPLE SET - BEVERLY HILLS,0,0
2024-05-16,GCSETCS-2228,SAMPLE SET - CLIFFSIDE,-2.00,138.56200,0,476797,T,SBISHOP9,,5,SAMPLE SET - CLIFFSIDE,0,0
2024-05-16,GCSETCS-2228,SAMPLE SET - CLIFFSIDE,2.00,138.56200,0,476797,T,SBISHOP9,,5,SAMPLE SET - CLIFFSIDE,0,0
2024-05-16,GCSETCS-2228,SAMPLE SET - CLIFFSIDE,-2.00,138.56200,0,476793,T,MCASTRO8,,5,SAMPLE SET - CLIFFSIDE,0,0
2024-05-16,GCSETCS-2228,SAMPLE SET - CLIFFSIDE,2.00,138.56200,0,476793,T,MCASTRO8,,5,SAMPLE SET - CLIFFSIDE,0,0
2024-05-16,GCSETEL-2323,SAMPLE SET - ELEMENTS SPC,-2.00,74.97100,0,476797,T,SBISHOP9,,5,SAMPLE SET - ELEMENTS SPC,0,0
2024-05-16,GCSETEL-2323,SAMPLE SET - ELEMENTS SPC,2.00,74.97100,0,476797,T,SBISHOP9,,5,SAMPLE SET - ELEMENTS SPC,0,0
2024-05-16,GCSETEL-2323,SAMPLE SET - ELEMENTS SPC,-2.00,74.97100,0,476793,T,MCASTRO8,,5,SAMPLE SET - ELEMENTS SPC,0,0
2024-05-16,GCSETEL-2323,SAMPLE SET - ELEMENTS SPC,2.00,74.97100,0,476793,T,MCASTRO8,,5,SAMPLE SET - ELEMENTS SPC,0,0
2024-05-16,GCSETMP-2323,SAMPLE SET - METROPOLITAN SPC,-2.00,49.98100,0,476797,T,SBISHOP9,,5,SAMPLE SET - METROPOLITAN SPC,0,0
2024-05-16,GCSETMP-2323,SAMPLE SET - METROPOLITAN SPC,2.00,49.98100,0,476797,T,SBISHOP9,,5,SAMPLE SET - METROPOLITAN SPC,0,0
2024-05-16,GCSETMP-2323,SAMPLE SET - METROPOLITAN SPC,-2.00,49.98100,0,476793,T,MCASTRO8,,5,SAMPLE SET - METROPOLITAN SPC,0,0
2024-05-16,GCSETMP-2323,SAMPLE SET - METROPOLITAN SPC,2.00,49.98100,0,476793,T,MCASTRO8,,5,SAMPLE SET - METROPOLITAN SPC,0,0
2024-05-16,GCSETNSN-2323,SAMPLE SET NEW - NATURESTEP,-2.00,169.19200,0,476797,T,SBISHOP9,,5,SAMPLE SET NEW - NATURESTEP,0,0
2024-05-16,GCSETNSN-2323,SAMPLE SET NEW - NATURESTEP,2.00,169.19200,0,476797,T,SBISHOP9,,5,SAMPLE SET NEW - NATURESTEP,0,0
2024-05-16,GCSETNSN-2323,SAMPLE SET NEW - NATURESTEP,-2.00,169.19200,0,476793,T,MCASTRO8,,5,SAMPLE SET NEW - NATURESTEP,0,0
2024-05-16,GCSETNSN-2323,SAMPLE SET NEW - NATURESTEP,2.00,169.19200,0,476793,T,MCASTRO8,,5,SAMPLE SET NEW - NATURESTEP,0,0
2024-05-16,GCSETSS7-2323,"SAMPLE SET - SUMMIT SKY 7""",-2.00,34.41900,0,476797,T,SBISHOP9,,5,"SAMPLE SET - SUMMIT SKY 7""",0,0
2024-05-16,GCSETSS7-2323,"SAMPLE SET - SUMMIT SKY 7""",2.00,34.41900,0,476797,T,SBISHOP9,,5,"SAMPLE SET - SUMMIT SKY 7""",0,0
2024-05-16,GCSETSS7-2323,"SAMPLE SET - SUMMIT SKY 7""",-2.00,34.41900,0,476793,T,MCASTRO8,,5,"SAMPLE SET - SUMMIT SKY 7""",0,0
2024-05-16,GCSETSS7-2323,"SAMPLE SET - SUMMIT SKY 7""",2.00,34.41900,0,476793,T,MCASTRO8,,5,"SAMPLE SET - SUMMIT SKY 7""",0,0
2024-05-16,NONSTOCK,BATTERY FOR H-7211,1.00,380.00000,380.00000,0,P,LMORENO,,,NON-STOCK ITEMS,0,0
2024-05-16,NONSTOCK,FREE  2-ROLL TAPE STARTER GUN,1.00,0,0,0,P,LMORENO,,,NON-STOCK ITEMS,0,0
2024-05-16,NONSTOCK,INDUSTRIAL GRIPPER SEALER,2.00,85.00000,85.00000,0,P,LMORENO,,,NON-STOCK ITEMS,0,0
2024-05-16,NONSTOCK,"FOAM ROLL - 1/8"", 48"" X 550'",2.00,164.00000,164.00000,0,P,LMORENO,,,NON-STOCK ITEMS,0,0
2024-05-16,NONSTOCK,ECONOMY BUBBLE WRAP ROLL,2.00,110.00000,110.00000,0,P,LMORENO,,,NON-STOCK ITEMS,0,0
2024-05-16,NONSTOCK,PALLET NO STACK CONES  BUNDLE,4.00,70.00000,70.00000,0,P,LMORENO,,,NON-STOCK ITEMS,0,0
2024-05-16,NONSTOCK,FRAGILE STICKER ROLL,5.00,36.00000,36.00000,0,P,LMORENO,,,NON-STOCK ITEMS,0,0
2024-05-16,NONSTOCK,BUBBLE LINED MAILERS CASE,5.00,44.00000,44.00000,0,P,LMORENO,,,NON-STOCK ITEMS,0,0
2024-05-16,NONSTOCK,"15 X 10 X 12"" CORRUGATED BOXES",100.00,1.90000,1.90000,0,P,LMORENO,,,NON-STOCK ITEMS,0,0
2024-05-16,NONSTOCK,"12 X 7 X 5"" CORRUGATED BOXES",150.00,0.89000,0.89000,0,P,LMORENO,,,NON-STOCK ITEMS,0,0
2024-05-16,NONSTOCK,IPE SAMPLE BOARDS 2' X 2',14.00,17.85700,17.85700,0,P,TONY,,,NON-STOCK ITEMS,0,0
2024-05-18,GCSETAB7-2323,"SAMPLE SET - AQUABLUE 7""",-2.00,85.68100,0,476789,T,BOREGAN5,,5,"SAMPLE SET - AQUABLUE 7""",0,0
2024-05-18,GCSETAB7-2323,"SAMPLE SET - AQUABLUE 7""",2.00,85.68100,0,476789,T,BOREGAN5,,5,"SAMPLE SET - AQUABLUE 7""",0,0
2024-05-18,GCSETAB9-2323,"SAMPLE SET - AQUABLUE II 9""",-2.00,62.83300,0,476789,T,BOREGAN5,,5,"SAMPLE SET - AQUABLUE II 9""",0,0
2024-05-18,GCSETAB9-2323,"SAMPLE SET - AQUABLUE II 9""",2.00,62.83300,0,476789,T,BOREGAN5,,5,"SAMPLE SET - AQUABLUE II 9""",0,0
2024-05-18,GCSETAL-2228,"SAMPLE SET - 7.5"" ALLORA",-1.00,418.24100,0,475557,T,BOREGAN5,,5,"SAMPLE SET - 7.5"" ALLORA",0,0
2024-05-18,GCSETAL-2228,"SAMPLE SET - 7.5"" ALLORA",1.00,418.24100,0,475557,T,BOREGAN5,,5,"SAMPLE SET - 7.5"" ALLORA",0,0
2024-05-18,GCSETAL9-2828,"SAMPLE SET - 9.5"" ALLORA",-1.00,578.22800,0,476344,T,BOREGAN5,,5,"SAMPLE SET - 9.5"" ALLORA",0,0
2024-05-18,GCSETAL9-2828,"SAMPLE SET - 9.5"" ALLORA",1.00,578.22800,0,476344,T,BOREGAN5,,5,"SAMPLE SET - 9.5"" ALLORA",0,0
2024-05-18,GCSETCS-2228,SAMPLE SET - CLIFFSIDE,-2.00,138.56200,0,476789,T,BOREGAN5,,5,SAMPLE SET - CLIFFSIDE,0,0
2024-05-18,GCSETCS-2228,SAMPLE SET - CLIFFSIDE,2.00,138.56200,0,476789,T,BOREGAN5,,5,SAMPLE SET - CLIFFSIDE,0,0
2024-05-18,GCSETDV-2228,SAMPLE SET - DA VINCI,-1.00,148.35000,0,476251,T,BOREGAN5,,5,SAMPLE SET - DA VINCI,0,0
2024-05-18,GCSETDV-2228,SAMPLE SET - DA VINCI,1.00,148.35000,0,476251,T,BOREGAN5,,5,SAMPLE SET - DA VINCI,0,0
2024-05-18,GCSETEL-2323,SAMPLE SET - ELEMENTS SPC,-2.00,74.97100,0,476789,T,BOREGAN5,,5,SAMPLE SET - ELEMENTS SPC,0,0
2024-05-18,GCSETEL-2323,SAMPLE SET - ELEMENTS SPC,2.00,74.97100,0,476789,T,BOREGAN5,,5,SAMPLE SET - ELEMENTS SPC,0,0
2024-05-18,GCSETMP-2323,SAMPLE SET - METROPOLITAN SPC,-2.00,49.98100,0,476789,T,BOREGAN5,,5,SAMPLE SET - METROPOLITAN SPC,0,0
2024-05-18,GCSETMP-2323,SAMPLE SET - METROPOLITAN SPC,2.00,49.98100,0,476789,T,BOREGAN5,,5,SAMPLE SET - METROPOLITAN SPC,0,0
2024-05-18,GCSETNSN-2323,SAMPLE SET NEW - NATURESTEP,-2.00,169.19200,0,476789,T,BOREGAN5,,5,SAMPLE SET NEW - NATURESTEP,0,0
2024-05-18,GCSETNSN-2323,SAMPLE SET NEW - NATURESTEP,2.00,169.19200,0,476789,T,BOREGAN5,,5,SAMPLE SET NEW - NATURESTEP,0,0
2024-05-18,GCSETSS7-2323,"SAMPLE SET - SUMMIT SKY 7""",-2.00,34.41900,0,476789,T,BOREGAN5,,5,"SAMPLE SET - SUMMIT SKY 7""",0,0
2024-05-18,GCSETSS7-2323,"SAMPLE SET - SUMMIT SKY 7""",2.00,34.41900,0,476789,T,BOREGAN5,,5,"SAMPLE SET - SUMMIT SKY 7""",0,0
2024-05-20,GCSETAL-2228,"SAMPLE SET - 7.5"" ALLORA",-1.00,418.24100,0,477924,T,MCASTRO8,,5,"SAMPLE SET - 7.5"" ALLORA",0,0
2024-05-20,GCSETAL-2228,"SAMPLE SET - 7.5"" ALLORA",1.00,418.24100,0,477924,T,MCASTRO8,,5,"SAMPLE SET - 7.5"" ALLORA",0,0
2024-05-20,GCSETAL-2228,"SAMPLE SET - 7.5"" ALLORA",-1.00,418.24100,0,477838,T,BOREGAN5,,5,"SAMPLE SET - 7.5"" ALLORA",0,0
2024-05-20,GCSETAL-2228,"SAMPLE SET - 7.5"" ALLORA",1.00,418.24100,0,477838,T,BOREGAN5,,5,"SAMPLE SET - 7.5"" ALLORA",0,0
2024-05-20,GCSETAL9-2828,"SAMPLE SET - 9.5"" ALLORA",-1.00,578.22800,0,477924,T,MCASTRO8,,5,"SAMPLE SET - 9.5"" ALLORA",0,0
2024-05-20,GCSETAL9-2828,"SAMPLE SET - 9.5"" ALLORA",1.00,578.22800,0,477924,T,MCASTRO8,,5,"SAMPLE SET - 9.5"" ALLORA",0,0
2024-05-20,GCSETAL9-2828,"SAMPLE SET - 9.5"" ALLORA",-1.00,578.22800,0,477838,T,BOREGAN5,,5,"SAMPLE SET - 9.5"" ALLORA",0,0
2024-05-20,GCSETAL9-2828,"SAMPLE SET - 9.5"" ALLORA",1.00,578.22800,0,477838,T,BOREGAN5,,5,"SAMPLE SET - 9.5"" ALLORA",0,0
2024-05-20,GCSETBH-2828,SAMPLE SET - BEVERLY HILLS,-1.00,171.60000,0,477924,T,MCASTRO8,,5,SAMPLE SET - BEVERLY HILLS,0,0
2024-05-20,GCSETBH-2828,SAMPLE SET - BEVERLY HILLS,1.00,171.60000,0,477924,T,MCASTRO8,,5,SAMPLE SET - BEVERLY HILLS,0,0
2024-05-20,GCSETBH-2828,SAMPLE SET - BEVERLY HILLS,-1.00,171.60000,0,477838,T,BOREGAN5,,5,SAMPLE SET - BEVERLY HILLS,0,0
2024-05-20,GCSETBH-2828,SAMPLE SET - BEVERLY HILLS,1.00,171.60000,0,477838,T,BOREGAN5,,5,SAMPLE SET - BEVERLY HILLS,0,0
2024-05-20,GCSETCY-2828,SAMPLE SET - CN.CREST,-1.00,128.40000,0,477363,T,BOREGAN5,,5,SAMPLE SET - CN.CREST,0,0
2024-05-20,GCSETCY-2828,SAMPLE SET - CN.CREST,1.00,128.40000,0,477363,T,BOREGAN5,,5,SAMPLE SET - CN.CREST,0,0
2024-05-20,GCSETIL-2424,SAMPLE SET - ILLUMIN8,-1.00,58.44600,0,477363,T,BOREGAN5,,5,SAMPLE SET - ILLUMIN8,0,0
2024-05-20,GCSETIL-2424,SAMPLE SET - ILLUMIN8,1.00,58.44600,0,477363,T,BOREGAN5,,5,SAMPLE SET - ILLUMIN8,0,0
2024-05-20,GCSETNP-2228,SAMPLE SET - NEWPORT,-1.00,59.06000,0,477363,T,BOREGAN5,,5,SAMPLE SET - NEWPORT,0,0
2024-05-20,GCSETNP-2228,SAMPLE SET - NEWPORT,1.00,59.06000,0,477363,T,BOREGAN5,,5,SAMPLE SET - NEWPORT,0,0
2024-05-20,GCSETPS-2228,SAMPLE SET - PRIVATE SELECTION,-1.00,72.00000,0,477924,T,MCASTRO8,,5,SAMPLE SET - PRIVATE SELECTION,0,0
2024-05-20,GCSETPS-2228,SAMPLE SET - PRIVATE SELECTION,1.00,72.00000,0,477924,T,MCASTRO8,,5,SAMPLE SET - PRIVATE SELECTION,0,0
2024-05-20,GCSETVY-2228,SAMPLE SET - VINEYARD,-1.00,109.25000,0,477363,T,BOREGAN5,,5,SAMPLE SET - VINEYARD,0,0
2024-05-20,GCSETVY-2228,SAMPLE SET - VINEYARD,1.00,109.25000,0,477363,T,BOREGAN5,,5,SAMPLE SET - VINEYARD,0,0
2024-05-21,NONSTOCK,FRONT STICKERS ALLORA 2COLORS,600.00,0.22300,0.16000,0,P,LMORENO,,,NON-STOCK ITEMS,0,0
2024-05-21,NONSTOCK,ALLORA CHIP STICKERS 3COLORS,1500.00,0.22300,0.16000,0,P,LMORENO,,,NON-STOCK ITEMS,0,0
2024-05-21,NONSTOCK,ALLORA 7.5 BACKER PANELS,2400.00,8.45900,6.07000,0,P,LMORENO,,,NON-STOCK ITEMS,0,0
2024-05-21,NONSTOCK,ALLORA 7.5 FRONT STICKERS,3600.00,0.12500,0.09000,0,P,LMORENO,,,NON-STOCK ITEMS,0,0
2024-05-22,GCSETAB7-2323,"SAMPLE SET - AQUABLUE 7""",-2.00,85.68100,0,476785,T,JSGOMEZ4,,5,"SAMPLE SET - AQUABLUE 7""",0,0
2024-05-22,GCSETAB7-2323,"SAMPLE SET - AQUABLUE 7""",2.00,85.68100,0,476785,T,JSGOMEZ4,,5,"SAMPLE SET - AQUABLUE 7""",0,0
2024-05-22,GCSETAB9-2323,"SAMPLE SET - AQUABLUE II 9""",-2.00,62.83300,0,476785,T,JSGOMEZ4,,5,"SAMPLE SET - AQUABLUE II 9""",0,0
2024-05-22,GCSETAB9-2323,"SAMPLE SET - AQUABLUE II 9""",2.00,62.83300,0,476785,T,JSGOMEZ4,,5,"SAMPLE SET - AQUABLUE II 9""",0,0
2024-05-22,GCSETAL-2228,"SAMPLE SET - 7.5"" ALLORA",-1.00,418.24100,0,475566,T,LMORENO,,5,"SAMPLE SET - 7.5"" ALLORA",0,0
2024-05-22,GCSETAL-2228,"SAMPLE SET - 7.5"" ALLORA",1.00,418.24100,0,475566,T,LMORENO,,5,"SAMPLE SET - 7.5"" ALLORA",0,0
2024-05-22,GCSETAL-2228,"SAMPLE SET - 7.5"" ALLORA",-1.00,418.24100,0,477920,T,,,5,"SAMPLE SET - 7.5"" ALLORA",0,0
2024-05-22,GCSETAL-2228,"SAMPLE SET - 7.5"" ALLORA",1.00,418.24100,0,477920,T,,,5,"SAMPLE SET - 7.5"" ALLORA",0,0
2024-05-22,GCSETAL9-2828,"SAMPLE SET - 9.5"" ALLORA",-1.00,578.22800,0,477920,T,,,5,"SAMPLE SET - 9.5"" ALLORA",0,0
2024-05-22,GCSETAL9-2828,"SAMPLE SET - 9.5"" ALLORA",1.00,578.22800,0,477920,T,,,5,"SAMPLE SET - 9.5"" ALLORA",0,0
2024-05-22,GCSETBH-2828,SAMPLE SET - BEVERLY HILLS,-1.00,171.60000,0,477920,T,,,5,SAMPLE SET - BEVERLY HILLS,0,0
2024-05-22,GCSETBH-2828,SAMPLE SET - BEVERLY HILLS,1.00,171.60000,0,477920,T,,,5,SAMPLE SET - BEVERLY HILLS,0,0
2024-05-22,GCSETBH-2828,SAMPLE SET - BEVERLY HILLS,-1.00,171.60000,0,478712,T,,,5,SAMPLE SET - BEVERLY HILLS,0,0
2024-05-22,GCSETBH-2828,SAMPLE SET - BEVERLY HILLS,1.00,171.60000,0,478712,T,,,5,SAMPLE SET - BEVERLY HILLS,0,0
2024-05-22,GCSETCA-1724,SAMPLE SET - CANTINA,-1.00,66.40000,0,475477,T,LMORENO,,5,SAMPLE SET - CANTINA,0,0
2024-05-22,GCSETCA-1724,SAMPLE SET - CANTINA,1.00,66.40000,0,475477,T,LMORENO,,5,SAMPLE SET - CANTINA,0,0
2024-05-22,GCSETCR-1314,SAMPLE SET - COUNTRY CHARM,-2.00,75.37900,0,0,A,JRIVERA1,,5,SAMPLE SET - COUNTRY CHARM,0,0
2024-05-22,GCSETCS-2228,SAMPLE SET - CLIFFSIDE,-2.00,138.56200,0,476785,T,JSGOMEZ4,,5,SAMPLE SET - CLIFFSIDE,0,0
2024-05-22,GCSETCS-2228,SAMPLE SET - CLIFFSIDE,2.00,138.56200,0,476785,T,JSGOMEZ4,,5,SAMPLE SET - CLIFFSIDE,0,0
2024-05-22,GCSETEL-2323,SAMPLE SET - ELEMENTS SPC,-2.00,74.97100,0,476785,T,JSGOMEZ4,,5,SAMPLE SET - ELEMENTS SPC,0,0
2024-05-22,GCSETEL-2323,SAMPLE SET - ELEMENTS SPC,2.00,74.97100,0,476785,T,JSGOMEZ4,,5,SAMPLE SET - ELEMENTS SPC,0,0
2024-05-22,GCSETEX-1724,SAMPLE SET - EXOTICS,-1.00,181.76700,0,0,A,JRIVERA1,,5,SAMPLE SET - EXOTICS,0,0
2024-05-22,GCSETEX-1724,SAMPLE SET - EXOTICS,-1.00,181.76700,0,0,A,JRIVERA1,,5,SAMPLE SET - EXOTICS,0,0
2024-05-22,GCSETEX-2528,SAMPLE SET - EXOTICS *OMP*,-1.00,210.88200,0,475477,T,LMORENO,,5,SAMPLE SET - EXOTICS *OMP*,0,0
2024-05-22,GCSETEX-2528,SAMPLE SET - EXOTICS *OMP*,1.00,210.88200,0,475477,T,LMORENO,,5,SAMPLE SET - EXOTICS *OMP*,0,0
2024-05-22,GCSETII-1724,SAMPLE SET - GII DIST.,-1.00,190.50000,0,475566,T,LMORENO,,5,SAMPLE SET - GII DIST.,0,0
2024-05-22,GCSETII-1724,SAMPLE SET - GII DIST.,1.00,190.50000,0,475566,T,LMORENO,,5,SAMPLE SET - GII DIST.,0,0
2024-05-22,GCSETII-1724,SAMPLE SET - GII DIST.,-1.00,189.00000,0,475477,T,LMORENO,,5,SAMPLE SET - GII DIST.,0,0
2024-05-22,GCSETII-1724,SAMPLE SET - GII DIST.,1.00,189.00000,0,475477,T,LMORENO,,5,SAMPLE SET - GII DIST.,0,0
2024-05-22,GCSETIL-2424,SAMPLE SET - ILLUMIN8,-1.00,58.44600,0,475477,T,LMORENO,,5,SAMPLE SET - ILLUMIN8,0,0
2024-05-22,GCSETIL-2424,SAMPLE SET - ILLUMIN8,1.00,58.44600,0,475477,T,LMORENO,,5,SAMPLE SET - ILLUMIN8,0,0
2024-05-22,GCSETMP-2323,SAMPLE SET - METROPOLITAN SPC,-2.00,49.98100,0,476785,T,JSGOMEZ4,,5,SAMPLE SET - METROPOLITAN SPC,0,0
2024-05-22,GCSETMP-2323,SAMPLE SET - METROPOLITAN SPC,2.00,49.98100,0,476785,T,JSGOMEZ4,,5,SAMPLE SET - METROPOLITAN SPC,0,0
2024-05-22,GCSETNSN-2323,SAMPLE SET NEW - NATURESTEP,-2.00,169.19200,0,476785,T,JSGOMEZ4,,5,SAMPLE SET NEW - NATURESTEP,0,0
2024-05-22,GCSETNSN-2323,SAMPLE SET NEW - NATURESTEP,2.00,169.19200,0,476785,T,JSGOMEZ4,,5,SAMPLE SET NEW - NATURESTEP,0,0
2024-05-22,GCSETPS-2228,SAMPLE SET - PRIVATE SELECTION,-1.00,72.00000,0,477920,T,,,5,SAMPLE SET - PRIVATE SELECTION,0,0
2024-05-22,GCSETPS-2228,SAMPLE SET - PRIVATE SELECTION,1.00,72.00000,0,477920,T,,,5,SAMPLE SET - PRIVATE SELECTION,0,0
2024-05-22,GCSETSS-1724,SAMPLE SET - GII SMOOTH,-1.00,141.42500,0,475477,T,LMORENO,,5,SAMPLE SET - GII SMOOTH,0,0
2024-05-22,GCSETSS-1724,SAMPLE SET - GII SMOOTH,1.00,141.42500,0,475477,T,LMORENO,,5,SAMPLE SET - GII SMOOTH,0,0
2024-05-22,GCSETSS7-2323,"SAMPLE SET - SUMMIT SKY 7""",-2.00,34.41900,0,476785,T,JSGOMEZ4,,5,"SAMPLE SET - SUMMIT SKY 7""",0,0
2024-05-22,GCSETSS7-2323,"SAMPLE SET - SUMMIT SKY 7""",2.00,34.41900,0,476785,T,JSGOMEZ4,,5,"SAMPLE SET - SUMMIT SKY 7""",0,0
2024-05-22,NONSTOCK,PLYWOOD PALLETS JIM LAMINATE,10.00,3.03900,2.00000,0,P,LMORENO,,,NON-STOCK ITEMS,0,0
2024-05-23,GCSETAB7-2323,"SAMPLE SET - AQUABLUE 7""",-2.00,85.68100,0,476790,T,JGUTIERRE6,,5,"SAMPLE SET - AQUABLUE 7""",0,0
2024-05-23,GCSETAB7-2323,"SAMPLE SET - AQUABLUE 7""",2.00,85.68100,0,476790,T,JGUTIERRE6,,5,"SAMPLE SET - AQUABLUE 7""",0,0
2024-05-23,GCSETAB9-2323,"SAMPLE SET - AQUABLUE II 9""",-2.00,62.83300,0,476790,T,JGUTIERRE6,,5,"SAMPLE SET - AQUABLUE II 9""",0,0
2024-05-23,GCSETAB9-2323,"SAMPLE SET - AQUABLUE II 9""",2.00,62.83300,0,476790,T,JGUTIERRE6,,5,"SAMPLE SET - AQUABLUE II 9""",0,0
2024-05-23,GCSETAL9-2828,"SAMPLE SET - 9.5"" ALLORA",-1.00,578.22800,0,479063,T,,,5,"SAMPLE SET - 9.5"" ALLORA",0,0
2024-05-23,GCSETAL9-2828,"SAMPLE SET - 9.5"" ALLORA",1.00,578.22800,0,479063,T,,,5,"SAMPLE SET - 9.5"" ALLORA",0,0
2024-05-23,GCSETBH-2828,SAMPLE SET - BEVERLY HILLS,-1.00,171.60000,0,479063,T,,,5,SAMPLE SET - BEVERLY HILLS,0,0
2024-05-23,GCSETBH-2828,SAMPLE SET - BEVERLY HILLS,-1.00,171.60000,0,478996,T,,,5,SAMPLE SET - BEVERLY HILLS,0,0
2024-05-23,GCSETBH-2828,SAMPLE SET - BEVERLY HILLS,1.00,171.60000,0,479063,T,,,5,SAMPLE SET - BEVERLY HILLS,0,0
2024-05-23,GCSETBH-2828,SAMPLE SET - BEVERLY HILLS,1.00,171.60000,0,478996,T,,,5,SAMPLE SET - BEVERLY HILLS,0,0
2024-05-23,GCSETCS-2228,SAMPLE SET - CLIFFSIDE,-2.00,138.56200,0,476790,T,JGUTIERRE6,,5,SAMPLE SET - CLIFFSIDE,0,0
2024-05-23,GCSETCS-2228,SAMPLE SET - CLIFFSIDE,2.00,138.56200,0,476790,T,JGUTIERRE6,,5,SAMPLE SET - CLIFFSIDE,0,0
2024-05-23,GCSETEL-2323,SAMPLE SET - ELEMENTS SPC,-2.00,74.97100,0,476790,T,JGUTIERRE6,,5,SAMPLE SET - ELEMENTS SPC,0,0
2024-05-23,GCSETEL-2323,SAMPLE SET - ELEMENTS SPC,2.00,74.97100,0,476790,T,JGUTIERRE6,,5,SAMPLE SET - ELEMENTS SPC,0,0
2024-05-23,GCSETMP-2323,SAMPLE SET - METROPOLITAN SPC,-2.00,49.98100,0,476790,T,JGUTIERRE6,,5,SAMPLE SET - METROPOLITAN SPC,0,0
2024-05-23,GCSETMP-2323,SAMPLE SET - METROPOLITAN SPC,2.00,49.98100,0,476790,T,JGUTIERRE6,,5,SAMPLE SET - METROPOLITAN SPC,0,0
2024-05-23,GCSETNSN-2323,SAMPLE SET NEW - NATURESTEP,-2.00,169.19200,0,476790,T,JGUTIERRE6,,5,SAMPLE SET NEW - NATURESTEP,0,0
2024-05-23,GCSETNSN-2323,SAMPLE SET NEW - NATURESTEP,2.00,169.19200,0,476790,T,JGUTIERRE6,,5,SAMPLE SET NEW - NATURESTEP,0,0
2024-05-23,GCSETSS7-2323,"SAMPLE SET - SUMMIT SKY 7""",-2.00,34.41900,0,476790,T,JGUTIERRE6,,5,"SAMPLE SET - SUMMIT SKY 7""",0,0
2024-05-23,GCSETSS7-2323,"SAMPLE SET - SUMMIT SKY 7""",2.00,34.41900,0,476790,T,JGUTIERRE6,,5,"SAMPLE SET - SUMMIT SKY 7""",0,0
2024-05-23,NONSTOCK,PLYWOOD PALLETS LILY,22.00,10.00000,10.00000,0,P,LMORENO,,,NON-STOCK ITEMS,0,0
2024-05-24,GCSETBH-2828,SAMPLE SET - BEVERLY HILLS,-1.00,171.60000,0,479078,T,,,5,SAMPLE SET - BEVERLY HILLS,0,0
2024-05-24,GCSETBH-2828,SAMPLE SET - BEVERLY HILLS,-1.00,171.60000,0,479145,T,,,5,SAMPLE SET - BEVERLY HILLS,0,0
2024-05-24,GCSETBH-2828,SAMPLE SET - BEVERLY HILLS,-1.00,171.60000,0,479143,T,,,5,SAMPLE SET - BEVERLY HILLS,0,0
2024-05-24,GCSETBH-2828,SAMPLE SET - BEVERLY HILLS,-1.00,171.60000,0,479144,T,,,5,SAMPLE SET - BEVERLY HILLS,0,0
2024-05-24,GCSETBH-2828,SAMPLE SET - BEVERLY HILLS,-1.00,171.60000,0,479140,T,,,5,SAMPLE SET - BEVERLY HILLS,0,0
2024-05-24,GCSETBH-2828,SAMPLE SET - BEVERLY HILLS,-1.00,171.60000,0,479137,T,,,5,SAMPLE SET - BEVERLY HILLS,0,0
2024-05-24,GCSETBH-2828,SAMPLE SET - BEVERLY HILLS,-1.00,171.60000,0,479135,T,,,5,SAMPLE SET - BEVERLY HILLS,0,0
2024-05-24,GCSETBH-2828,SAMPLE SET - BEVERLY HILLS,-1.00,171.60000,0,479071,T,,,5,SAMPLE SET - BEVERLY HILLS,0,0
2024-05-24,GCSETBH-2828,SAMPLE SET - BEVERLY HILLS,-1.00,171.60000,0,479441,T,,,5,SAMPLE SET - BEVERLY HILLS,0,0
2024-05-24,GCSETBH-2828,SAMPLE SET - BEVERLY HILLS,1.00,171.60000,0,479078,T,,,5,SAMPLE SET - BEVERLY HILLS,0,0
2024-05-24,GCSETBH-2828,SAMPLE SET - BEVERLY HILLS,1.00,171.60000,0,479145,T,,,5,SAMPLE SET - BEVERLY HILLS,0,0
2024-05-24,GCSETBH-2828,SAMPLE SET - BEVERLY HILLS,1.00,171.60000,0,479143,T,,,5,SAMPLE SET - BEVERLY HILLS,0,0
2024-05-24,GCSETBH-2828,SAMPLE SET - BEVERLY HILLS,1.00,171.60000,0,479144,T,,,5,SAMPLE SET - BEVERLY HILLS,0,0
2024-05-24,GCSETBH-2828,SAMPLE SET - BEVERLY HILLS,1.00,171.60000,0,479140,T,,,5,SAMPLE SET - BEVERLY HILLS,0,0
2024-05-24,GCSETBH-2828,SAMPLE SET - BEVERLY HILLS,1.00,171.60000,0,479137,T,,,5,SAMPLE SET - BEVERLY HILLS,0,0
2024-05-24,GCSETBH-2828,SAMPLE SET - BEVERLY HILLS,1.00,171.60000,0,479135,T,,,5,SAMPLE SET - BEVERLY HILLS,0,0
2024-05-24,GCSETBH-2828,SAMPLE SET - BEVERLY HILLS,1.00,171.60000,0,479071,T,,,5,SAMPLE SET - BEVERLY HILLS,0,0
2024-05-24,GCSETBH-2828,SAMPLE SET - BEVERLY HILLS,1.00,171.60000,0,479441,T,,,5,SAMPLE SET - BEVERLY HILLS,0,0
2024-05-24,GCSETIL-2424,SAMPLE SET - ILLUMIN8,-1.00,58.44600,0,478773,T,MCASTRO8,,5,SAMPLE SET - ILLUMIN8,0,0
2024-05-24,GCSETIL-2424,SAMPLE SET - ILLUMIN8,1.00,58.44600,0,478773,T,MCASTRO8,,5,SAMPLE SET - ILLUMIN8,0,0
2024-05-24,GCSETPS-2228,SAMPLE SET - PRIVATE SELECTION,-1.00,72.00000,0,478772,T,JSGOMEZ4,,5,SAMPLE SET - PRIVATE SELECTION,0,0
2024-05-24,GCSETPS-2228,SAMPLE SET - PRIVATE SELECTION,1.00,72.00000,0,478772,T,JSGOMEZ4,,5,SAMPLE SET - PRIVATE SELECTION,0,0
2024-05-24,NONSTOCK,PLYWOOD PALLET LILY,22.00,10.00000,10.00000,0,P,LMORENO,,,NON-STOCK ITEMS,0,0
2024-05-28,ETCB5SBBI145,SAMPLE - COMP.BUSTER SPICE,-1.00,4.74700,0,479842,T,,,1,SAMPLE - COMP.BUSTER SPICE,0,0
2024-05-28,ETCB5SBBI145,SAMPLE - COMP.BUSTER SPICE,1.00,4.74700,0,479842,T,,,1,SAMPLE - COMP.BUSTER SPICE,0,0
2024-05-28,ETCB5SBBI17,SAMPLE - COMP.BUSTER HARVEST,-1.00,4.74700,0,479842,T,,,1,SAMPLE - COMP.BUSTER HARVEST,0,0
2024-05-28,ETCB5SBBI17,SAMPLE - COMP.BUSTER HARVEST,1.00,4.74700,0,479842,T,,,1,SAMPLE - COMP.BUSTER HARVEST,0,0
2024-05-28,ETCB5SBH23,SAMPLE - COMP.BUSTER ANTIQUE,-1.00,4.74700,0,479842,T,,,1,SAMPLE - COMP.BUSTER ANTIQUE,0,0
2024-05-28,ETCB5SBH23,SAMPLE - COMP.BUSTER ANTIQUE,1.00,4.74700,0,479842,T,,,1,SAMPLE - COMP.BUSTER ANTIQUE,0,0
2024-05-28,GCSETVY-2228,SAMPLE SET - VINEYARD,-1.00,109.25000,0,478687,T,BOREGAN5,,5,SAMPLE SET - VINEYARD,0,0
2024-05-28,GCSETVY-2228,SAMPLE SET - VINEYARD,1.00,109.25000,0,478687,T,BOREGAN5,,5,SAMPLE SET - VINEYARD,0,0
2024-05-28,NONSTOCK,PLYWOOD PALLETS LILY,22.00,10.00000,10.00000,0,P,LMORENO,,,NON-STOCK ITEMS,0,0
2024-05-28,NONSTOCK,BEVERLY HILLS WALDEN CHIPS,120.00,1.00000,1.00000,0,P,LMORENO,,,NON-STOCK ITEMS,0,0
2024-05-29,GCSETAL9-2828,"SAMPLE SET - 9.5"" ALLORA",-1.00,578.22800,0,478189,T,LMORENO,,5,"SAMPLE SET - 9.5"" ALLORA",0,0
2024-05-29,GCSETAL9-2828,"SAMPLE SET - 9.5"" ALLORA",1.00,578.22800,0,478189,T,LMORENO,,5,"SAMPLE SET - 9.5"" ALLORA",0,0
2024-05-29,GCSETAL9-2828,"SAMPLE SET - 9.5"" ALLORA",-1.00,578.22800,0,479683,T,,,5,"SAMPLE SET - 9.5"" ALLORA",0,0
2024-05-29,GCSETAL9-2828,"SAMPLE SET - 9.5"" ALLORA",1.00,578.22800,0,479683,T,,,5,"SAMPLE SET - 9.5"" ALLORA",0,0
2024-05-29,GCSETBH-2828,SAMPLE SET - BEVERLY HILLS,-1.00,171.60000,0,480030,T,MCASTRO8,,5,SAMPLE SET - BEVERLY HILLS,0,0
2024-05-29,GCSETBH-2828,SAMPLE SET - BEVERLY HILLS,1.00,171.60000,0,480030,T,MCASTRO8,,5,SAMPLE SET - BEVERLY HILLS,0,0
2024-05-29,GCSETBH-2828,SAMPLE SET - BEVERLY HILLS,-1.00,171.60000,0,479683,T,,,5,SAMPLE SET - BEVERLY HILLS,0,0
2024-05-29,GCSETBH-2828,SAMPLE SET - BEVERLY HILLS,1.00,171.60000,0,479683,T,,,5,SAMPLE SET - BEVERLY HILLS,0,0
2024-05-29,GCSETBH-2828,SAMPLE SET - BEVERLY HILLS,200.00,179.71200,156.00000,0,P,LMORENO,,5,SAMPLE SET - BEVERLY HILLS,0,0
2024-05-29,GCSETDB-2228,SAMPLE SET - DU BOIS,-1.00,131.10000,0,478300,T,LMORENO,,5,SAMPLE SET - DU BOIS,0,0
2024-05-29,GCSETDB-2228,SAMPLE SET - DU BOIS,1.00,131.10000,0,478300,T,LMORENO,,5,SAMPLE SET - DU BOIS,0,0
2024-05-29,GCSETNP-2228,SAMPLE SET - NEWPORT,-1.00,59.06000,0,478300,T,LMORENO,,5,SAMPLE SET - NEWPORT,0,0
2024-05-29,GCSETNP-2228,SAMPLE SET - NEWPORT,1.00,59.06000,0,478300,T,LMORENO,,5,SAMPLE SET - NEWPORT,0,0
2024-05-29,GCSETNP-2228,SAMPLE SET - NEWPORT,-1.00,59.06000,0,478189,T,LMORENO,,5,SAMPLE SET - NEWPORT,0,0
2024-05-29,GCSETNP-2228,SAMPLE SET - NEWPORT,1.00,59.06000,0,478189,T,LMORENO,,5,SAMPLE SET - NEWPORT,0,0
2024-05-29,GCSETPS-2228,SAMPLE SET - PRIVATE SELECTION,-2.00,72.00000,0,478300,T,LMORENO,,5,SAMPLE SET - PRIVATE SELECTION,0,0
2024-05-29,GCSETPS-2228,SAMPLE SET - PRIVATE SELECTION,2.00,72.00000,0,478300,T,LMORENO,,5,SAMPLE SET - PRIVATE SELECTION,0,0
2024-05-29,GCSETVG-2828,SAMPLE SET - VILLA GIA.,-1.00,271.84000,0,478189,T,LMORENO,,5,SAMPLE SET - VILLA GIALLA,0,0
2024-05-29,GCSETVG-2828,SAMPLE SET - VILLA GIA.,1.00,271.84000,0,478189,T,LMORENO,,5,SAMPLE SET - VILLA GIALLA,0,0
2024-05-29,GCSETVY-2228,SAMPLE SET - VINEYARD,-1.00,109.25000,0,478300,T,LMORENO,,5,SAMPLE SET - VINEYARD,0,0
2024-05-29,GCSETVY-2228,SAMPLE SET - VINEYARD,1.00,109.25000,0,478300,T,LMORENO,,5,SAMPLE SET - VINEYARD,0,0
2024-05-30,GCSETAL9-2828,"SAMPLE SET - 9.5"" ALLORA",-1.00,578.22800,0,480215,T,,,5,"SAMPLE SET - 9.5"" ALLORA",0,0
2024-05-30,GCSETAL9-2828,"SAMPLE SET - 9.5"" ALLORA",1.00,578.22800,0,480215,T,,,5,"SAMPLE SET - 9.5"" ALLORA",0,0
2024-05-30,GCSETPS-2228,SAMPLE SET - PRIVATE SELECTION,50.00,72.00000,72.00000,0,P,TONY,,5,SAMPLE SET - PRIVATE SELECTION,0,0
2024-05-31,GCSETAL-2228,"SAMPLE SET - 7.5"" ALLORA",-1.00,418.24100,0,477815,T,,,5,"SAMPLE SET - 7.5"" ALLORA",0,0
2024-05-31,GCSETAL-2228,"SAMPLE SET - 7.5"" ALLORA",1.00,418.24100,0,477815,T,,,5,"SAMPLE SET - 7.5"" ALLORA",0,0
2024-05-31,GCSETAL9-2828,"SAMPLE SET - 9.5"" ALLORA",-1.00,578.22800,0,477815,T,,,5,"SAMPLE SET - 9.5"" ALLORA",0,0
2024-05-31,GCSETAL9-2828,"SAMPLE SET - 9.5"" ALLORA",1.00,578.22800,0,477815,T,,,5,"SAMPLE SET - 9.5"" ALLORA",0,0
2024-05-31,GCSETBH-2828,SAMPLE SET - BEVERLY HILLS,-1.00,171.60000,0,479848,T,JGUTIERRE6,,5,SAMPLE SET - BEVERLY HILLS,0,0
2024-05-31,GCSETBH-2828,SAMPLE SET - BEVERLY HILLS,1.00,171.60000,0,479848,T,JGUTIERRE6,,5,SAMPLE SET - BEVERLY HILLS,0,0
2024-05-31,GCSETBH-2828,SAMPLE SET - BEVERLY HILLS,-1.00,171.60000,0,477815,T,,,5,SAMPLE SET - BEVERLY HILLS,0,0
2024-05-31,GCSETBH-2828,SAMPLE SET - BEVERLY HILLS,1.00,171.60000,0,477815,T,,,5,SAMPLE SET - BEVERLY HILLS,0,0
2024-05-31,GCSETCA-1724,SAMPLE SET - CANTINA,-1.00,66.40000,0,481048,T,MCASTRO8,,5,SAMPLE SET - CANTINA,0,0
2024-05-31,GCSETCA-1724,SAMPLE SET - CANTINA,1.00,66.40000,0,481048,T,MCASTRO8,,5,SAMPLE SET - CANTINA,0,0
2024-05-31,GCSETEX-2528,SAMPLE SET - EXOTICS *OMP*,-1.00,210.88200,0,480602,T,BOREGAN5,,5,SAMPLE SET - EXOTICS *OMP*,0,0
2024-05-31,GCSETEX-2528,SAMPLE SET - EXOTICS *OMP*,1.00,210.88200,0,480602,T,BOREGAN5,,5,SAMPLE SET - EXOTICS *OMP*,0,0
2024-05-31,GCSETII-1724,SAMPLE SET - GII DIST.,-1.00,189.00000,0,481050,T,MCASTRO8,,5,SAMPLE SET - GII DIST.,0,0
2024-05-31,GCSETII-1724,SAMPLE SET - GII DIST.,1.00,189.00000,0,481050,T,MCASTRO8,,5,SAMPLE SET - GII DIST.,0,0
2024-05-31,GCSETSS-1724,SAMPLE SET - GII SMOOTH,-1.00,135.80000,0,481050,T,MCASTRO8,,5,SAMPLE SET - GII SMOOTH,0,0
2024-05-31,GCSETSS-1724,SAMPLE SET - GII SMOOTH,1.00,135.80000,0,481050,T,MCASTRO8,,5,SAMPLE SET - GII SMOOTH,0,0
2024-05-31,NONSTOCK,PLYWOOD PALLETS LILY,20.00,10.00000,10.00000,0,P,TONY,,,NON-STOCK ITEMS,0,0
2024-06-01,NONSTOCK,"6MM 61"" X 121"" MDF SHEETS",26.00,26.50000,26.50000,0,P,LMORENO,,,NON-STOCK ITEMS,0,0
2024-06-01,NONSTOCK,BEVERLY HILLS ALPINE CHIPS,1000.00,1.72800,1.50000,0,P,LMORENO,,,NON-STOCK ITEMS,0,0
2024-06-01,NONSTOCK,BEVERLY HILLS DOHENY CHIPS,1000.00,1.72800,1.50000,0,P,LMORENO,,,NON-STOCK ITEMS,0,0
2024-06-01,NONSTOCK,PLYWOOD PALLETS LILY,22.00,10.00000,10.00000,0,P,LMORENO,,,NON-STOCK ITEMS,0,0
2024-06-01,NONSTOCK,PLYWOOD PALLET LILY,22.00,10.00000,10.00000,0,P,LMORENO,,,NON-STOCK ITEMS,0,0
2024-06-01,NONSTOCK,BEVERLY HILLS ALPINE CHIPS,1000.00,1.00000,1.00000,0,P,LMORENO,,,NON-STOCK ITEMS,0,0
2024-06-01,NONSTOCK,BEVERLY HILLS DOHENY CHIPS,1000.00,1.00000,1.00000,0,P,LMORENO,,,NON-STOCK ITEMS,0,0
2024-06-01,NONSTOCK,BLUE GARRISON EMBLEMS,3024.00,0,0,0,P,LMORENO,,,NON-STOCK ITEMS,0,0
2024-06-01,NONSTOCK,PLYWOOD PALLET LILY,22.00,10.00000,10.00000,0,P,LMORENO,,,NON-STOCK ITEMS,0,0
2024-06-01,NONSTOCK,CANTINA PALOMA CHIPS,200.00,0.92000,0.92000,0,P,LMORENO,,,NON-STOCK ITEMS,0,0
2024-06-03,GCSETAL9-2828,"SAMPLE SET - 9.5"" ALLORA",-1.00,578.22800,0,481365,T,,,5,"SAMPLE SET - 9.5"" ALLORA",0,0
2024-06-03,GCSETAL9-2828,"SAMPLE SET - 9.5"" ALLORA",1.00,578.22800,0,481365,T,,,5,"SAMPLE SET - 9.5"" ALLORA",0,0
2024-06-03,GCSETBH-2828,SAMPLE SET - BEVERLY HILLS,-1.00,171.60000,0,481365,T,,,5,SAMPLE SET - BEVERLY HILLS,0,0
2024-06-03,GCSETBH-2828,SAMPLE SET - BEVERLY HILLS,1.00,171.60000,0,481365,T,,,5,SAMPLE SET - BEVERLY HILLS,0,0
2024-06-03,GCSETIL-2424,SAMPLE SET - ILLUMIN8,-1.00,58.44600,0,481294,T,BOREGAN5,,5,SAMPLE SET - ILLUMIN8,0,0
2024-06-03,GCSETIL-2424,SAMPLE SET - ILLUMIN8,1.00,58.44600,0,481294,T,BOREGAN5,,5,SAMPLE SET - ILLUMIN8,0,0
2024-06-03,GCSETNP-2228,SAMPLE SET - NEWPORT,-1.00,59.06000,0,481294,T,BOREGAN5,,5,SAMPLE SET - NEWPORT,0,0
2024-06-03,GCSETNP-2228,SAMPLE SET - NEWPORT,1.00,59.06000,0,481294,T,BOREGAN5,,5,SAMPLE SET - NEWPORT,0,0
2024-06-03,GCSETSS-1724PL,SAMPLE SET - GII SMOOTH <N/L>,-1.00,135.80000,0,481365,T,,,5,SAMPLE SET - GII SMOOTH <N/L>,0,0
2024-06-03,GCSETSS-1724PL,SAMPLE SET - GII SMOOTH <N/L>,1.00,135.80000,0,481365,T,,,5,SAMPLE SET - GII SMOOTH <N/L>,0,0
2024-06-03,NONSTOCK,PLYWOOD PALLETS LILY,22.00,10.00000,10.00000,0,P,LMORENO,,,NON-STOCK ITEMS,0,0
2024-06-03,NONSTOCK,DAVINCI VECCHIO CHIPS,90.00,1.10000,1.10000,0,P,LMORENO,,,NON-STOCK ITEMS,0,0
2024-06-04,GCSETBH-2828,SAMPLE SET - BEVERLY HILLS,-1.00,171.60000,0,482023,T,,,5,SAMPLE SET - BEVERLY HILLS,0,0
2024-06-04,GCSETBH-2828,SAMPLE SET - BEVERLY HILLS,1.00,171.60000,0,482023,T,,,5,SAMPLE SET - BEVERLY HILLS,0,0
2024-06-04,GCSETBH-2828PL,SAMPLE SET-BEVERLY HILLS <N/L>,-1.00,171.60000,0,482025,T,,,5,SAMPLE SET-BEVERLY HILLS <N/L>,0,0
2024-06-04,GCSETBH-2828PL,SAMPLE SET-BEVERLY HILLS <N/L>,1.00,171.60000,0,482025,T,,,5,SAMPLE SET-BEVERLY HILLS <N/L>,0,0
2024-06-04,GCSETPS-2228,SAMPLE SET - PRIVATE SELECTION,-1.00,72.00000,0,482023,T,,,5,SAMPLE SET - PRIVATE SELECTION,0,0
2024-06-04,GCSETPS-2228,SAMPLE SET - PRIVATE SELECTION,-1.00,72.00000,0,482025,T,,,5,SAMPLE SET - PRIVATE SELECTION,0,0
2024-06-04,GCSETPS-2228,SAMPLE SET - PRIVATE SELECTION,1.00,72.00000,0,482023,T,,,5,SAMPLE SET - PRIVATE SELECTION,0,0
2024-06-04,GCSETPS-2228,SAMPLE SET - PRIVATE SELECTION,1.00,72.00000,0,482025,T,,,5,SAMPLE SET - PRIVATE SELECTION,0,0
2024-06-05,GCSETAL9-2828,"SAMPLE SET - 9.5"" ALLORA",-1.00,578.22800,0,477772,T,,,5,"SAMPLE SET - 9.5"" ALLORA",0,0
2024-06-05,GCSETAL9-2828,"SAMPLE SET - 9.5"" ALLORA",1.00,578.22800,0,477772,T,,,5,"SAMPLE SET - 9.5"" ALLORA",0,0
2024-06-05,GCSETIL-2424,SAMPLE SET - ILLUMIN8,-1.00,58.44600,0,477772,T,,,5,SAMPLE SET - ILLUMIN8,0,0
2024-06-05,GCSETIL-2424,SAMPLE SET - ILLUMIN8,1.00,58.44600,0,477772,T,,,5,SAMPLE SET - ILLUMIN8,0,0
2024-06-05,GCSETPS-2228,SAMPLE SET - PRIVATE SELECTION,-1.00,72.00000,0,482100,T,,,5,SAMPLE SET - PRIVATE SELECTION,0,0
2024-06-05,GCSETPS-2228,SAMPLE SET - PRIVATE SELECTION,-1.00,72.00000,0,481650,T,,,5,SAMPLE SET - PRIVATE SELECTION,0,0
2024-06-05,GCSETPS-2228,SAMPLE SET - PRIVATE SELECTION,-1.00,72.00000,0,481468,T,,,5,SAMPLE SET - PRIVATE SELECTION,0,0
2024-06-05,GCSETPS-2228,SAMPLE SET - PRIVATE SELECTION,-1.00,72.00000,0,481654,T,,,5,SAMPLE SET - PRIVATE SELECTION,0,0
2024-06-05,GCSETPS-2228,SAMPLE SET - PRIVATE SELECTION,-1.00,72.00000,0,482067,T,,,5,SAMPLE SET - PRIVATE SELECTION,0,0
2024-06-05,GCSETPS-2228,SAMPLE SET - PRIVATE SELECTION,-1.00,72.00000,0,482093,T,,,5,SAMPLE SET - PRIVATE SELECTION,0,0
2024-06-05,GCSETPS-2228,SAMPLE SET - PRIVATE SELECTION,-1.00,72.00000,0,482041,T,,,5,SAMPLE SET - PRIVATE SELECTION,0,0
2024-06-05,GCSETPS-2228,SAMPLE SET - PRIVATE SELECTION,-1.00,72.00000,0,482103,T,,,5,SAMPLE SET - PRIVATE SELECTION,0,0
2024-06-05,GCSETPS-2228,SAMPLE SET - PRIVATE SELECTION,1.00,72.00000,0,482100,T,,,5,SAMPLE SET - PRIVATE SELECTION,0,0
2024-06-05,GCSETPS-2228,SAMPLE SET - PRIVATE SELECTION,1.00,72.00000,0,481650,T,,,5,SAMPLE SET - PRIVATE SELECTION,0,0
2024-06-05,GCSETPS-2228,SAMPLE SET - PRIVATE SELECTION,1.00,72.00000,0,481468,T,,,5,SAMPLE SET - PRIVATE SELECTION,0,0
2024-06-05,GCSETPS-2228,SAMPLE SET - PRIVATE SELECTION,1.00,72.00000,0,481654,T,,,5,SAMPLE SET - PRIVATE SELECTION,0,0
2024-06-05,GCSETPS-2228,SAMPLE SET - PRIVATE SELECTION,1.00,72.00000,0,482067,T,,,5,SAMPLE SET - PRIVATE SELECTION,0,0
2024-06-05,GCSETPS-2228,SAMPLE SET - PRIVATE SELECTION,1.00,72.00000,0,482093,T,,,5,SAMPLE SET - PRIVATE SELECTION,0,0
2024-06-05,GCSETPS-2228,SAMPLE SET - PRIVATE SELECTION,1.00,72.00000,0,482041,T,,,5,SAMPLE SET - PRIVATE SELECTION,0,0
2024-06-05,GCSETPS-2228,SAMPLE SET - PRIVATE SELECTION,1.00,72.00000,0,482103,T,,,5,SAMPLE SET - PRIVATE SELECTION,0,0
2024-06-06,GCSETAL-2228,"SAMPLE SET - 7.5"" ALLORA",-1.00,418.24100,0,58,T,,,5,"SAMPLE SET - 7.5"" ALLORA",0,0
2024-06-06,GCSETAL-2228,"SAMPLE SET - 7.5"" ALLORA",1.00,418.24100,0,58,T,,,5,"SAMPLE SET - 7.5"" ALLORA",0,0
2024-06-06,GCSETBH-2828,SAMPLE SET - BEVERLY HILLS,-1.00,171.60000,0,482480,T,,,5,SAMPLE SET - BEVERLY HILLS,0,0
2024-06-06,GCSETBH-2828,SAMPLE SET - BEVERLY HILLS,1.00,171.60000,0,482480,T,,,5,SAMPLE SET - BEVERLY HILLS,0,0
2024-06-06,GCSETVG-2828,SAMPLE SET - VILLA GIA.,-1.00,271.84000,0,482053,T,SBISHOP9,,5,SAMPLE SET - VILLA GIALLA,0,0
2024-06-06,GCSETVG-2828,SAMPLE SET - VILLA GIA.,1.00,271.84000,0,482053,T,SBISHOP9,,5,SAMPLE SET - VILLA GIALLA,0,0
2024-06-07,GCSETAL9-2828,"SAMPLE SET - 9.5"" ALLORA",-1.00,578.22800,0,482703,T,,,5,"SAMPLE SET - 9.5"" ALLORA",0,0
2024-06-07,GCSETAL9-2828,"SAMPLE SET - 9.5"" ALLORA",1.00,578.22800,0,482703,T,,,5,"SAMPLE SET - 9.5"" ALLORA",0,0
2024-06-07,GCSETBH-2828,SAMPLE SET - BEVERLY HILLS,-1.00,171.60000,0,483095,T,MCASTRO8,,5,SAMPLE SET - BEVERLY HILLS,0,0
2024-06-07,GCSETBH-2828,SAMPLE SET - BEVERLY HILLS,1.00,171.60000,0,483095,T,MCASTRO8,,5,SAMPLE SET - BEVERLY HILLS,0,0
2024-06-07,GCSETBH-2828,SAMPLE SET - BEVERLY HILLS,-1.00,171.60000,0,482703,T,,,5,SAMPLE SET - BEVERLY HILLS,0,0
2024-06-07,GCSETBH-2828,SAMPLE SET - BEVERLY HILLS,1.00,171.60000,0,482703,T,,,5,SAMPLE SET - BEVERLY HILLS,0,0
2024-06-07,GCSETPS-2228,SAMPLE SET - PRIVATE SELECTION,-1.00,72.00000,0,482703,T,,,5,SAMPLE SET - PRIVATE SELECTION,0,0
2024-06-07,GCSETPS-2228,SAMPLE SET - PRIVATE SELECTION,1.00,72.00000,0,482703,T,,,5,SAMPLE SET - PRIVATE SELECTION,0,0
2024-06-10,GCSETAL-2228,"SAMPLE SET - 7.5"" ALLORA",-1.00,418.24100,0,62,T,,,5,"SAMPLE SET - 7.5"" ALLORA",0,0
2024-06-10,GCSETAL-2228,"SAMPLE SET - 7.5"" ALLORA",-1.00,418.24100,0,63,T,,,5,"SAMPLE SET - 7.5"" ALLORA",0,0
2024-06-10,GCSETAL-2228,"SAMPLE SET - 7.5"" ALLORA",1.00,418.24100,0,62,T,,,5,"SAMPLE SET - 7.5"" ALLORA",0,0
2024-06-10,GCSETAL-2228,"SAMPLE SET - 7.5"" ALLORA",1.00,418.24100,0,63,T,,,5,"SAMPLE SET - 7.5"" ALLORA",0,0
2024-06-10,GCSETALHB-2828,SAMPLE SET - HERRINGBONE ALLOR,-1.00,144.55698,0,63,T,,,5,SAMPLE SET - HERRINGBONE ALLOR,0,0
2024-06-10,GCSETALHB-2828,SAMPLE SET - HERRINGBONE ALLOR,1.00,144.55698,0,63,T,,,5,SAMPLE SET - HERRINGBONE ALLOR,0,0
2024-06-10,GCSETAL9-2828,"SAMPLE SET - 9.5"" ALLORA",-1.00,578.22800,0,62,T,,,5,"SAMPLE SET - 9.5"" ALLORA",0,0
2024-06-10,GCSETAL9-2828,"SAMPLE SET - 9.5"" ALLORA",1.00,578.22800,0,62,T,,,5,"SAMPLE SET - 9.5"" ALLORA",0,0
2024-06-10,GCSETBH-2828,SAMPLE SET - BEVERLY HILLS,-1.00,171.60000,0,483275,T,,,5,SAMPLE SET - BEVERLY HILLS,0,0
2024-06-10,GCSETBH-2828,SAMPLE SET - BEVERLY HILLS,1.00,171.60000,0,483275,T,,,5,SAMPLE SET - BEVERLY HILLS,0,0
2024-06-10,NONSTOCK,PLYWOOD PALLETS JIM LAMINATE,20.00,3.24800,2.00000,0,P,LMORENO,,,NON-STOCK ITEMS,0,0
2024-06-10,NONSTOCK,PLYWOOD PALLETS JIM LAMINATE,15.00,3.24800,2.00000,0,P,LMORENO,,,NON-STOCK ITEMS,0,0
2024-06-10,NONSTOCK,PLYWOOD PALLETS JIM LAMINATE,15.00,3.24800,2.00000,0,P,LMORENO,,,NON-STOCK ITEMS,0,0
2024-06-11,GCSETAL-2228,"SAMPLE SET - 7.5"" ALLORA",-1.00,418.24100,0,483813,T,,,5,"SAMPLE SET - 7.5"" ALLORA",0,0
2024-06-11,GCSETAL-2228,"SAMPLE SET - 7.5"" ALLORA",1.00,418.24100,0,483813,T,,,5,"SAMPLE SET - 7.5"" ALLORA",0,0
2024-06-11,GCSETBH-2828,SAMPLE SET - BEVERLY HILLS,-1.00,171.60000,0,482507,T,BOREGAN5,,5,SAMPLE SET - BEVERLY HILLS,0,0
2024-06-11,GCSETBH-2828,SAMPLE SET - BEVERLY HILLS,1.00,171.60000,0,482507,T,BOREGAN5,,5,SAMPLE SET - BEVERLY HILLS,0,0
2024-06-11,GCSETBH-2828,SAMPLE SET - BEVERLY HILLS,-1.00,171.60000,0,481830,T,BOREGAN5,,5,SAMPLE SET - BEVERLY HILLS,0,0
2024-06-11,GCSETBH-2828,SAMPLE SET - BEVERLY HILLS,1.00,171.60000,0,481830,T,BOREGAN5,,5,SAMPLE SET - BEVERLY HILLS,0,0
2024-06-11,GCSETBH-2828,SAMPLE SET - BEVERLY HILLS,-1.00,171.60000,0,483813,T,,,5,SAMPLE SET - BEVERLY HILLS,0,0
2024-06-11,GCSETBH-2828,SAMPLE SET - BEVERLY HILLS,1.00,171.60000,0,483813,T,,,5,SAMPLE SET - BEVERLY HILLS,0,0
2024-06-11,GCSETCA-1724,SAMPLE SET - CANTINA,-1.00,66.40000,0,482284,T,BOREGAN5,,5,SAMPLE SET - CANTINA,0,0
2024-06-11,GCSETCA-1724,SAMPLE SET - CANTINA,1.00,66.40000,0,482284,T,BOREGAN5,,5,SAMPLE SET - CANTINA,0,0
2024-06-11,GCSETDB-2228,SAMPLE SET - DU BOIS,-1.00,131.10000,0,482284,T,BOREGAN5,,5,SAMPLE SET - DU BOIS,0,0
2024-06-11,GCSETDB-2228,SAMPLE SET - DU BOIS,1.00,131.10000,0,482284,T,BOREGAN5,,5,SAMPLE SET - DU BOIS,0,0
2024-06-11,GCSETDV-2228,SAMPLE SET - DA VINCI,-1.00,148.35000,0,482284,T,BOREGAN5,,5,SAMPLE SET - DA VINCI,0,0
2024-06-11,GCSETDV-2228,SAMPLE SET - DA VINCI,1.00,148.35000,0,482284,T,BOREGAN5,,5,SAMPLE SET - DA VINCI,0,0
2024-06-11,GCSETFC-2828,SAMPLE SET - FR.CON.,-1.00,303.00000,0,482284,T,BOREGAN5,,5,SAMPLE SET - FR.CON.,0,0
2024-06-11,GCSETFC-2828,SAMPLE SET - FR.CON.,1.00,303.00000,0,482284,T,BOREGAN5,,5,SAMPLE SET - FR.CON.,0,0
2024-06-11,GCSETIL-2424,SAMPLE SET - ILLUMIN8,-1.00,58.44600,0,483237,T,BOREGAN5,,5,SAMPLE SET - ILLUMIN8,0,0
2024-06-11,GCSETIL-2424,SAMPLE SET - ILLUMIN8,1.00,58.44600,0,483237,T,BOREGAN5,,5,SAMPLE SET - ILLUMIN8,0,0
2024-06-11,GCSETIL-2424,SAMPLE SET - ILLUMIN8,-1.00,58.44600,0,482266,T,BOREGAN5,,5,SAMPLE SET - ILLUMIN8,0,0
2024-06-11,GCSETIL-2424,SAMPLE SET - ILLUMIN8,1.00,58.44600,0,482266,T,BOREGAN5,,5,SAMPLE SET - ILLUMIN8,0,0
2024-06-11,GCSETNP-2228,SAMPLE SET - NEWPORT,-1.00,59.06000,0,482284,T,BOREGAN5,,5,SAMPLE SET - NEWPORT,0,0
2024-06-11,GCSETNP-2228,SAMPLE SET - NEWPORT,1.00,59.06000,0,482284,T,BOREGAN5,,5,SAMPLE SET - NEWPORT,0,0
2024-06-11,GCSETPS-2228,SAMPLE SET - PRIVATE SELECTION,-1.00,72.00000,0,483231,T,BOREGAN5,,5,SAMPLE SET - PRIVATE SELECTION,0,0
2024-06-11,GCSETPS-2228,SAMPLE SET - PRIVATE SELECTION,1.00,72.00000,0,483231,T,BOREGAN5,,5,SAMPLE SET - PRIVATE SELECTION,0,0
2024-06-11,GCSETPS-2228,SAMPLE SET - PRIVATE SELECTION,-1.00,72.00000,0,482912,T,BOREGAN5,,5,SAMPLE SET - PRIVATE SELECTION,0,0
2024-06-11,GCSETPS-2228,SAMPLE SET - PRIVATE SELECTION,1.00,72.00000,0,482912,T,BOREGAN5,,5,SAMPLE SET - PRIVATE SELECTION,0,0
2024-06-11,GCSETPS-2228,SAMPLE SET - PRIVATE SELECTION,-1.00,72.00000,0,483103,T,BOREGAN5,,5,SAMPLE SET - PRIVATE SELECTION,0,0
2024-06-11,GCSETPS-2228,SAMPLE SET - PRIVATE SELECTION,1.00,72.00000,0,483103,T,BOREGAN5,,5,SAMPLE SET - PRIVATE SELECTION,0,0
2024-06-11,GCSETPS-2228,SAMPLE SET - PRIVATE SELECTION,-1.00,72.00000,0,482915,T,BOREGAN5,,5,SAMPLE SET - PRIVATE SELECTION,0,0
2024-06-11,GCSETPS-2228,SAMPLE SET - PRIVATE SELECTION,1.00,72.00000,0,482915,T,BOREGAN5,,5,SAMPLE SET - PRIVATE SELECTION,0,0
2024-06-11,GCSETPS-2228,SAMPLE SET - PRIVATE SELECTION,-1.00,72.00000,0,482983,T,BOREGAN5,,5,SAMPLE SET - PRIVATE SELECTION,0,0
2024-06-11,GCSETPS-2228,SAMPLE SET - PRIVATE SELECTION,1.00,72.00000,0,482983,T,BOREGAN5,,5,SAMPLE SET - PRIVATE SELECTION,0,0
2024-06-11,GCSETPS-2228,SAMPLE SET - PRIVATE SELECTION,-1.00,72.00000,0,482054,T,,,5,SAMPLE SET - PRIVATE SELECTION,0,0
2024-06-11,GCSETPS-2228,SAMPLE SET - PRIVATE SELECTION,-1.00,72.00000,0,481467,T,,,5,SAMPLE SET - PRIVATE SELECTION,0,0
2024-06-11,GCSETPS-2228,SAMPLE SET - PRIVATE SELECTION,-1.00,72.00000,0,483006,T,,,5,SAMPLE SET - PRIVATE SELECTION,0,0
2024-06-11,GCSETPS-2228,SAMPLE SET - PRIVATE SELECTION,-1.00,72.00000,0,481481,T,,,5,SAMPLE SET - PRIVATE SELECTION,0,0
2024-06-11,GCSETPS-2228,SAMPLE SET - PRIVATE SELECTION,-1.00,72.00000,0,481465,T,,,5,SAMPLE SET - PRIVATE SELECTION,0,0
2024-06-11,GCSETPS-2228,SAMPLE SET - PRIVATE SELECTION,-1.00,72.00000,0,481464,T,,,5,SAMPLE SET - PRIVATE SELECTION,0,0
2024-06-11,GCSETPS-2228,SAMPLE SET - PRIVATE SELECTION,-1.00,72.00000,0,483813,T,,,5,SAMPLE SET - PRIVATE SELECTION,0,0
2024-06-11,GCSETPS-2228,SAMPLE SET - PRIVATE SELECTION,1.00,72.00000,0,482054,T,,,5,SAMPLE SET - PRIVATE SELECTION,0,0
2024-06-11,GCSETPS-2228,SAMPLE SET - PRIVATE SELECTION,1.00,72.00000,0,481467,T,,,5,SAMPLE SET - PRIVATE SELECTION,0,0
2024-06-11,GCSETPS-2228,SAMPLE SET - PRIVATE SELECTION,1.00,72.00000,0,483006,T,,,5,SAMPLE SET - PRIVATE SELECTION,0,0
2024-06-11,GCSETPS-2228,SAMPLE SET - PRIVATE SELECTION,1.00,72.00000,0,481481,T,,,5,SAMPLE SET - PRIVATE SELECTION,0,0
2024-06-11,GCSETPS-2228,SAMPLE SET - PRIVATE SELECTION,1.00,72.00000,0,481465,T,,,5,SAMPLE SET - PRIVATE SELECTION,0,0
2024-06-11,GCSETPS-2228,SAMPLE SET - PRIVATE SELECTION,1.00,72.00000,0,481464,T,,,5,SAMPLE SET - PRIVATE SELECTION,0,0
2024-06-11,GCSETPS-2228,SAMPLE SET - PRIVATE SELECTION,1.00,72.00000,0,483813,T,,,5,SAMPLE SET - PRIVATE SELECTION,0,0
2024-06-11,NONSTOCK,PLYWOOD PALLETS LILY,22.00,10.00000,10.00000,0,P,LMORENO,,,NON-STOCK ITEMS,0,0
2024-06-11,NONSTOCK,VILLA GIALLA MONZA CHIPS,60.00,1.60000,1.60000,0,P,LMORENO,,,NON-STOCK ITEMS,0,0
2024-06-11,NONSTOCK,GII CHATEAU CHIPS,60.00,0.72000,0.72000,0,P,LMORENO,,,NON-STOCK ITEMS,0,0
2024-06-11,NONSTOCK,VINEYARD PRIMO CHIPS,80.00,1.02000,1.02000,0,P,LMORENO,,,NON-STOCK ITEMS,0,0
2024-06-12,GCSETBH-2828,SAMPLE SET - BEVERLY HILLS,-1.00,171.60000,0,484223,T,MCASTRO8,,5,SAMPLE SET - BEVERLY HILLS,0,0
2024-06-12,GCSETBH-2828,SAMPLE SET - BEVERLY HILLS,1.00,171.60000,0,484223,T,MCASTRO8,,5,SAMPLE SET - BEVERLY HILLS,0,0
2024-06-12,GCSETBH-2828,SAMPLE SET - BEVERLY HILLS,-1.00,171.60000,0,484332,T,JGUTIERRE6,,5,SAMPLE SET - BEVERLY HILLS,0,0
2024-06-12,GCSETBH-2828,SAMPLE SET - BEVERLY HILLS,1.00,171.60000,0,484332,T,JGUTIERRE6,,5,SAMPLE SET - BEVERLY HILLS,0,0
2024-06-12,GCSETIL-2424,SAMPLE SET - ILLUMIN8,-1.00,58.44600,0,484276,T,MCASTRO8,,5,SAMPLE SET - ILLUMIN8,0,0
2024-06-12,GCSETIL-2424,SAMPLE SET - ILLUMIN8,1.00,58.44600,0,484276,T,MCASTRO8,,5,SAMPLE SET - ILLUMIN8,0,0
2024-06-12,GCSETIL-2424,SAMPLE SET - ILLUMIN8,-1.00,58.44600,0,484225,T,MCASTRO8,,5,SAMPLE SET - ILLUMIN8,0,0
2024-06-12,GCSETIL-2424,SAMPLE SET - ILLUMIN8,1.00,58.44600,0,484225,T,MCASTRO8,,5,SAMPLE SET - ILLUMIN8,0,0
2024-06-12,GCSETNP-2228,SAMPLE SET - NEWPORT,-1.00,59.06000,0,484223,T,MCASTRO8,,5,SAMPLE SET - NEWPORT,0,0
2024-06-12,GCSETNP-2228,SAMPLE SET - NEWPORT,1.00,59.06000,0,484223,T,MCASTRO8,,5,SAMPLE SET - NEWPORT,0,0
2024-06-12,GCSETPS-2228,SAMPLE SET - PRIVATE SELECTION,-1.00,72.00000,0,484225,T,MCASTRO8,,5,SAMPLE SET - PRIVATE SELECTION,0,0
2024-06-12,GCSETPS-2228,SAMPLE SET - PRIVATE SELECTION,1.00,72.00000,0,484225,T,MCASTRO8,,5,SAMPLE SET - PRIVATE SELECTION,0,0
2024-06-12,GCSETPS-2228,SAMPLE SET - PRIVATE SELECTION,-1.00,72.00000,0,484332,T,JGUTIERRE6,,5,SAMPLE SET - PRIVATE SELECTION,0,0
2024-06-12,GCSETPS-2228,SAMPLE SET - PRIVATE SELECTION,1.00,72.00000,0,484332,T,JGUTIERRE6,,5,SAMPLE SET - PRIVATE SELECTION,0,0
2024-06-12,NONSTOCK,PLYWOOD PALLETS JIM LAMINATE,-15.00,3.24800,3.24800,0,Z,LMORENO,,,NON-STOCK ITEMS,0,0
2024-06-12,NONSTOCK,PLYWOOD PALLET LILY,22.00,10.00000,10.00000,0,P,LMORENO,,,NON-STOCK ITEMS,0,0
2024-06-12,NONSTOCK,DO NOT MIXS LOTS #,22.00,10.00000,10.00000,0,P,LMORENO,,,NON-STOCK ITEMS,0,0
2024-06-12,NONSTOCK,DU BOIS GABRIELLE CHIPS,90.00,0.92000,0.92000,0,P,LMORENO,,,NON-STOCK ITEMS,0,0
2024-06-13,GCSETBH-2828,SAMPLE SET - BEVERLY HILLS,-1.00,171.60000,0,481438,T,SBISHOP9,,5,SAMPLE SET - BEVERLY HILLS,0,0
2024-06-13,GCSETBH-2828,SAMPLE SET - BEVERLY HILLS,1.00,171.60000,0,481438,T,SBISHOP9,,5,SAMPLE SET - BEVERLY HILLS,0,0
2024-06-13,GCSETFC-2828,SAMPLE SET - FR.CON.,-1.00,303.00000,0,484476,T,SBISHOP9,,5,SAMPLE SET - FR.CON.,0,0
2024-06-13,GCSETFC-2828,SAMPLE SET - FR.CON.,1.00,303.00000,0,484476,T,SBISHOP9,,5,SAMPLE SET - FR.CON.,0,0
2024-06-13,GCSETPS-2228,SAMPLE SET - PRIVATE SELECTION,-1.00,72.00000,0,484481,T,,,5,SAMPLE SET - PRIVATE SELECTION,0,0
2024-06-13,GCSETPS-2228,SAMPLE SET - PRIVATE SELECTION,-1.00,72.00000,0,484480,T,,,5,SAMPLE SET - PRIVATE SELECTION,0,0
2024-06-13,GCSETPS-2228,SAMPLE SET - PRIVATE SELECTION,-1.00,72.00000,0,484478,T,,,5,SAMPLE SET - PRIVATE SELECTION,0,0
2024-06-13,GCSETPS-2228,SAMPLE SET - PRIVATE SELECTION,-1.00,72.00000,0,484412,T,,,5,SAMPLE SET - PRIVATE SELECTION,0,0
2024-06-13,GCSETPS-2228,SAMPLE SET - PRIVATE SELECTION,1.00,72.00000,0,484481,T,,,5,SAMPLE SET - PRIVATE SELECTION,0,0
2024-06-13,GCSETPS-2228,SAMPLE SET - PRIVATE SELECTION,1.00,72.00000,0,484480,T,,,5,SAMPLE SET - PRIVATE SELECTION,0,0
2024-06-13,GCSETPS-2228,SAMPLE SET - PRIVATE SELECTION,1.00,72.00000,0,484478,T,,,5,SAMPLE SET - PRIVATE SELECTION,0,0
2024-06-13,GCSETPS-2228,SAMPLE SET - PRIVATE SELECTION,1.00,72.00000,0,484412,T,,,5,SAMPLE SET - PRIVATE SELECTION,0,0
2024-06-13,NONSTOCK,"9 X 12"" BAGS, 1000/BX",1.00,212.00000,212.00000,0,P,LMORENO,,,NON-STOCK ITEMS,0,0
2024-06-13,NONSTOCK,"FOAM ROLL 24"" X 550'",3.00,83.00000,83.00000,0,P,LMORENO,,,NON-STOCK ITEMS,0,0
2024-06-13,NONSTOCK,FLEX LATEX COATED GLOVES 12/PK,3.00,27.00000,27.00000,0,P,LMORENO,,,NON-STOCK ITEMS,0,0
2024-06-13,NONSTOCK,SWEEPING COMPOUND 50LB BOX,4.00,26.00000,26.00000,0,P,LMORENO,,,NON-STOCK ITEMS,0,0
2024-06-13,NONSTOCK,"WHEEL FOR STEEL CART - 5""",6.00,17.50000,17.50000,0,P,LMORENO,,,NON-STOCK ITEMS,0,0
2024-06-13,NONSTOCK,"12 X 9 X 9"" CORRUGATED BOXES",100.00,0.83000,0.83000,0,P,LMORENO,,,NON-STOCK ITEMS,0,0
2024-06-13,NONSTOCK,"HEAVY DUTY PLASTIC SEALS - 14""",100.00,0.37000,0.37000,0,P,LMORENO,,,NON-STOCK ITEMS,0,0
2024-06-13,NONSTOCK,"15 X 10 X 12"" CORRUGATED BOXES",125.00,1.90000,1.90000,0,P,LMORENO,,,NON-STOCK ITEMS,0,0
2024-06-13,NONSTOCK,"12 X 7 X 5"" CORRUGATED BOXES",125.00,0.89000,0.89000,0,P,LMORENO,,,NON-STOCK ITEMS,0,0
2024-06-13,NONSTOCK,PLYWOOD PALLETS LILY,22.00,10.00000,10.00000,0,P,LMORENO,,,NON-STOCK ITEMS,0,0
2024-06-13,NONSTOCK,GSS HICKORY NAT. CHIPS,90.00,0.72000,0.72000,0,P,LMORENO,,,NON-STOCK ITEMS,0,0
2024-06-13,NONSTOCK,VILLA GIALLA VERONA CHIPS,160.00,1.60000,1.60000,0,P,LMORENO,,,NON-STOCK ITEMS,0,0
2024-06-14,GCSETBH-2828,SAMPLE SET - BEVERLY HILLS,-1.00,171.60000,0,485101,T,SMORALES3,,5,SAMPLE SET - BEVERLY HILLS,0,0
2024-06-14,GCSETBH-2828,SAMPLE SET - BEVERLY HILLS,1.00,171.60000,0,485101,T,SMORALES3,,5,SAMPLE SET - BEVERLY HILLS,0,0
2024-06-15,GCSETPS-2228,SAMPLE SET - PRIVATE SELECTION,-1.00,72.00000,0,484344,T,BOREGAN5,,5,SAMPLE SET - PRIVATE SELECTION,0,0
2024-06-15,GCSETPS-2228,SAMPLE SET - PRIVATE SELECTION,1.00,72.00000,0,484344,T,BOREGAN5,,5,SAMPLE SET - PRIVATE SELECTION,0,0
2024-06-15,GCSETPS-2228,SAMPLE SET - PRIVATE SELECTION,-1.00,72.00000,0,484284,T,BOREGAN5,,5,SAMPLE SET - PRIVATE SELECTION,0,0
2024-06-15,GCSETPS-2228,SAMPLE SET - PRIVATE SELECTION,1.00,72.00000,0,484284,T,BOREGAN5,,5,SAMPLE SET - PRIVATE SELECTION,0,0
2024-06-15,GCSETPS-2228,SAMPLE SET - PRIVATE SELECTION,-1.00,72.00000,0,484285,T,BOREGAN5,,5,SAMPLE SET - PRIVATE SELECTION,0,0
2024-06-15,GCSETPS-2228,SAMPLE SET - PRIVATE SELECTION,1.00,72.00000,0,484285,T,BOREGAN5,,5,SAMPLE SET - PRIVATE SELECTION,0,0
2024-06-15,GCSETPS-2228,SAMPLE SET - PRIVATE SELECTION,-1.00,72.00000,0,484539,T,BOREGAN5,,5,SAMPLE SET - PRIVATE SELECTION,0,0
2024-06-15,GCSETPS-2228,SAMPLE SET - PRIVATE SELECTION,1.00,72.00000,0,484539,T,BOREGAN5,,5,SAMPLE SET - PRIVATE SELECTION,0,0
2024-06-15,GCSETPS-2228,SAMPLE SET - PRIVATE SELECTION,-1.00,72.00000,0,484709,T,BOREGAN5,,5,SAMPLE SET - PRIVATE SELECTION,0,0
2024-06-15,GCSETPS-2228,SAMPLE SET - PRIVATE SELECTION,1.00,72.00000,0,484709,T,BOREGAN5,,5,SAMPLE SET - PRIVATE SELECTION,0,0
2024-06-15,GCSETPS-2228,SAMPLE SET - PRIVATE SELECTION,-1.00,72.00000,0,484526,T,BOREGAN5,,5,SAMPLE SET - PRIVATE SELECTION,0,0
2024-06-15,GCSETPS-2228,SAMPLE SET - PRIVATE SELECTION,1.00,72.00000,0,484526,T,BOREGAN5,,5,SAMPLE SET - PRIVATE SELECTION,0,0
2024-06-17,GCSETBH-2828,SAMPLE SET - BEVERLY HILLS,-1.00,171.60000,0,485105,T,,,5,SAMPLE SET - BEVERLY HILLS,0,0
2024-06-17,GCSETBH-2828,SAMPLE SET - BEVERLY HILLS,1.00,171.60000,0,485105,T,,,5,SAMPLE SET - BEVERLY HILLS,0,0
2024-06-17,GCSETCA-1724,SAMPLE SET - CANTINA,-1.00,66.40000,0,484711,T,BOREGAN5,,5,SAMPLE SET - CANTINA,0,0
2024-06-17,GCSETCA-1724,SAMPLE SET - CANTINA,1.00,66.40000,0,484711,T,BOREGAN5,,5,SAMPLE SET - CANTINA,0,0
2024-06-17,GCSETPS-2228,SAMPLE SET - PRIVATE SELECTION,-1.00,72.00000,0,485475,T,BOREGAN5,,5,SAMPLE SET - PRIVATE SELECTION,0,0
2024-06-17,GCSETPS-2228,SAMPLE SET - PRIVATE SELECTION,1.00,72.00000,0,485475,T,BOREGAN5,,5,SAMPLE SET - PRIVATE SELECTION,0,0
2024-06-17,GCSETPS-2228,SAMPLE SET - PRIVATE SELECTION,-1.00,72.00000,0,485294,T,BOREGAN5,,5,SAMPLE SET - PRIVATE SELECTION,0,0
2024-06-17,GCSETPS-2228,SAMPLE SET - PRIVATE SELECTION,1.00,72.00000,0,485294,T,BOREGAN5,,5,SAMPLE SET - PRIVATE SELECTION,0,0
2024-06-17,GCSETPS-2228,SAMPLE SET - PRIVATE SELECTION,-1.00,72.00000,0,485296,T,BOREGAN5,,5,SAMPLE SET - PRIVATE SELECTION,0,0
2024-06-17,GCSETPS-2228,SAMPLE SET - PRIVATE SELECTION,1.00,72.00000,0,485296,T,BOREGAN5,,5,SAMPLE SET - PRIVATE SELECTION,0,0
2024-06-17,GCSETPS-2228,SAMPLE SET - PRIVATE SELECTION,-1.00,72.00000,0,485438,T,,,5,SAMPLE SET - PRIVATE SELECTION,0,0
2024-06-17,GCSETPS-2228,SAMPLE SET - PRIVATE SELECTION,1.00,72.00000,0,485438,T,,,5,SAMPLE SET - PRIVATE SELECTION,0,0
2024-06-17,NONSTOCK,PLYWOOD PALLETS MERIDAWOOD,22.00,11.73600,10.00000,0,P,LMORENO,,,NON-STOCK ITEMS,0,0
2024-06-18,GCSETAL-2228,"SAMPLE SET - 7.5"" ALLORA",-1.00,418.24100,0,0,A,JRIVERA1,,5,"SAMPLE SET - 7.5"" ALLORA",0,0
2024-06-18,GCSETAL9-2828,"SAMPLE SET - 9.5"" ALLORA",-1.00,578.22800,0,484963,T,,,5,"SAMPLE SET - 9.5"" ALLORA",0,0
2024-06-18,GCSETAL9-2828,"SAMPLE SET - 9.5"" ALLORA",1.00,578.22800,0,484963,T,,,5,"SAMPLE SET - 9.5"" ALLORA",0,0
2024-06-18,GCSETBH-2828,SAMPLE SET - BEVERLY HILLS,-1.00,179.71200,0,485864,T,MCASTRO8,,5,SAMPLE SET - BEVERLY HILLS,0,0
2024-06-18,GCSETBH-2828,SAMPLE SET - BEVERLY HILLS,1.00,179.71200,0,485864,T,MCASTRO8,,5,SAMPLE SET - BEVERLY HILLS,0,0
2024-06-18,GCSETIL-2424,SAMPLE SET - ILLUMIN8,-1.00,58.44600,0,486001,T,,,5,SAMPLE SET - ILLUMIN8,0,0
2024-06-18,GCSETIL-2424,SAMPLE SET - ILLUMIN8,1.00,58.44600,0,486001,T,,,5,SAMPLE SET - ILLUMIN8,0,0
2024-06-18,GCSETNP-2228,SAMPLE SET - NEWPORT,-1.00,59.06000,0,485864,T,MCASTRO8,,5,SAMPLE SET - NEWPORT,0,0
2024-06-18,GCSETNP-2228,SAMPLE SET - NEWPORT,1.00,59.06000,0,485864,T,MCASTRO8,,5,SAMPLE SET - NEWPORT,0,0
2024-06-18,GCSETPS-2228,SAMPLE SET - PRIVATE SELECTION,-1.00,72.00000,0,485864,T,MCASTRO8,,5,SAMPLE SET - PRIVATE SELECTION,0,0
2024-06-18,GCSETPS-2228,SAMPLE SET - PRIVATE SELECTION,1.00,72.00000,0,485864,T,MCASTRO8,,5,SAMPLE SET - PRIVATE SELECTION,0,0
2024-06-18,GCSETPS-2228,SAMPLE SET - PRIVATE SELECTION,-2.00,72.00000,0,486000,T,,,5,SAMPLE SET - PRIVATE SELECTION,0,0
2024-06-18,GCSETPS-2228,SAMPLE SET - PRIVATE SELECTION,-1.00,72.00000,0,486001,T,,,5,SAMPLE SET - PRIVATE SELECTION,0,0
2024-06-18,GCSETPS-2228,SAMPLE SET - PRIVATE SELECTION,1.00,72.00000,0,486001,T,,,5,SAMPLE SET - PRIVATE SELECTION,0,0
2024-06-18,GCSETPS-2228,SAMPLE SET - PRIVATE SELECTION,2.00,72.00000,0,486000,T,,,5,SAMPLE SET - PRIVATE SELECTION,0,0
2024-06-18,NONSTOCK,PLYWOOD PALLETS INTCO,30.00,0,0,0,P,LMORENO,,,NON-STOCK ITEMS,0,0
2024-06-18,NONSTOCK,PLYWOOD PALLET JIM SPCWPC,6.00,5.50000,5.50000,0,P,LMORENO,,,NON-STOCK ITEMS,0,0
2024-06-19,GCSETAL-2228,"SAMPLE SET - 7.5"" ALLORA",-1.00,418.24100,0,486435,T,MCASTRO8,,5,"SAMPLE SET - 7.5"" ALLORA",0,0
2024-06-19,GCSETAL-2228,"SAMPLE SET - 7.5"" ALLORA",1.00,418.24100,0,486435,T,MCASTRO8,,5,"SAMPLE SET - 7.5"" ALLORA",0,0
2024-06-19,GCSETAL9-2828,"SAMPLE SET - 9.5"" ALLORA",-1.00,578.22800,0,486435,T,MCASTRO8,,5,"SAMPLE SET - 9.5"" ALLORA",0,0
2024-06-19,GCSETAL9-2828,"SAMPLE SET - 9.5"" ALLORA",1.00,578.22800,0,486435,T,MCASTRO8,,5,"SAMPLE SET - 9.5"" ALLORA",0,0
2024-06-19,GCSETBH-2828PL,SAMPLE SET-BEVERLY HILLS <N/L>,-1.00,171.60000,0,486436,T,MCASTRO8,,5,SAMPLE SET-BEVERLY HILLS <N/L>,0,0
2024-06-19,GCSETBH-2828PL,SAMPLE SET-BEVERLY HILLS <N/L>,1.00,171.60000,0,486436,T,MCASTRO8,,5,SAMPLE SET-BEVERLY HILLS <N/L>,0,0
2024-06-21,GCSETAL9-2828,"SAMPLE SET - 9.5"" ALLORA",-1.00,578.22800,0,486980,T,MCASTRO8,,5,"SAMPLE SET - 9.5"" ALLORA",0,0
2024-06-21,GCSETAL9-2828,"SAMPLE SET - 9.5"" ALLORA",1.00,578.22800,0,486980,T,MCASTRO8,,5,"SAMPLE SET - 9.5"" ALLORA",0,0
2024-06-21,GCSETVN-2323,SAMPLE SET - VINYLNOVA,14.00,85.00000,85.00000,0,P,LMORENO,,5,SAMPLE SET - VINYLNOVA,0,0
2024-06-21,GCSETVN-2323,SAMPLE SET - VINYLNOVA,14.00,37.00000,37.00000,0,P,LMORENO,,5,SAMPLE SET - VINYLNOVA,0,0
2024-06-21,GCSETVN-2323,SAMPLE SET - VINYLNOVA,200.00,122.00000,122.00000,0,P,LMORENO,,5,SAMPLE SET - VINYLNOVA,0,0
2024-06-21,NONSTOCK,"6MM  61""X 121"" MDF SHEETS",5.00,26.50000,26.50000,0,P,LMORENO,,,NON-STOCK ITEMS,0,0
2024-06-21,NONSTOCK,"6MM  61""X 97"" MDF SHEETS",40.00,19.60000,19.60000,0,P,LMORENO,,,NON-STOCK ITEMS,0,0
2024-06-21,NONSTOCK,PLYWOOD PALLET LILY,22.00,10.00000,10.00000,0,P,LMORENO,,,NON-STOCK ITEMS,0,0
2024-06-21,NONSTOCK,VINEYARD PROSECCO CHIPS,80.00,1.02000,1.02000,0,P,LMORENO,,,NON-STOCK ITEMS,0,0
2024-06-21,NONSTOCK,PLYWOOD PALLETS JIM SPCWPC,14.00,5.50000,5.50000,0,P,LMORENO,,,NON-STOCK ITEMS,0,0
2024-06-21,NONSTOCK,PLYWOOD PALLETS LILY,22.00,10.00000,10.00000,0,P,LMORENO,,,NON-STOCK ITEMS,0,0
2024-06-21,NONSTOCK,PLYWOOD PALLETS JIM SPCWPC,14.00,5.50000,5.50000,0,P,LMORENO,,,NON-STOCK ITEMS,0,0
2024-06-21,NONSTOCK,PLYWOOD PALLETS JIM SPCWPC,14.00,5.50000,5.50000,0,P,LMORENO,,,NON-STOCK ITEMS,0,0
2024-06-21,NONSTOCK,VINYLNOVA CHIPS (12SKUS),50.00,3.60000,3.60000,0,P,LMORENO,,,NON-STOCK ITEMS,0,0
2024-06-21,NONSTOCK,VINYLNOVA CHIPS (12SKUS),300.00,3.60000,3.60000,0,P,LMORENO,,,NON-STOCK ITEMS,0,0
2024-06-22,GCSETBH-2828,SAMPLE SET - BEVERLY HILLS,-1.00,171.60000,0,485787,T,BOREGAN5,,5,SAMPLE SET - BEVERLY HILLS,0,0
2024-06-22,GCSETBH-2828,SAMPLE SET - BEVERLY HILLS,1.00,171.60000,0,485787,T,BOREGAN5,,5,SAMPLE SET - BEVERLY HILLS,0,0
2024-06-22,GCSETBH-2828,SAMPLE SET - BEVERLY HILLS,-1.00,171.60000,0,485886,T,BOREGAN5,,5,SAMPLE SET - BEVERLY HILLS,0,0
2024-06-22,GCSETBH-2828,SAMPLE SET - BEVERLY HILLS,1.00,171.60000,0,485886,T,BOREGAN5,,5,SAMPLE SET - BEVERLY HILLS,0,0
2024-06-22,GCSETDB-2228,SAMPLE SET - DU BOIS,-1.00,131.10000,0,486368,T,BOREGAN5,,5,SAMPLE SET - DU BOIS,0,0
2024-06-22,GCSETDB-2228,SAMPLE SET - DU BOIS,1.00,131.10000,0,486368,T,BOREGAN5,,5,SAMPLE SET - DU BOIS,0,0
2024-06-22,GCSETFC-2828,SAMPLE SET - FR.CON.,-1.00,303.00000,0,486368,T,BOREGAN5,,5,SAMPLE SET - FR.CON.,0,0
2024-06-22,GCSETFC-2828,SAMPLE SET - FR.CON.,1.00,303.00000,0,486368,T,BOREGAN5,,5,SAMPLE SET - FR.CON.,0,0
2024-06-22,GCSETNP-2228,SAMPLE SET - NEWPORT,-1.00,59.06000,0,486430,T,BOREGAN5,,5,SAMPLE SET - NEWPORT,0,0
2024-06-22,GCSETNP-2228,SAMPLE SET - NEWPORT,1.00,59.06000,0,486430,T,BOREGAN5,,5,SAMPLE SET - NEWPORT,0,0
2024-06-22,GCSETNP-2228,SAMPLE SET - NEWPORT,-1.00,59.06000,0,485886,T,BOREGAN5,,5,SAMPLE SET - NEWPORT,0,0
2024-06-22,GCSETNP-2228,SAMPLE SET - NEWPORT,1.00,59.06000,0,485886,T,BOREGAN5,,5,SAMPLE SET - NEWPORT,0,0
2024-06-22,GCSETNP-2228,SAMPLE SET - NEWPORT,-1.00,59.06000,0,486368,T,BOREGAN5,,5,SAMPLE SET - NEWPORT,0,0
2024-06-22,GCSETNP-2228,SAMPLE SET - NEWPORT,1.00,59.06000,0,486368,T,BOREGAN5,,5,SAMPLE SET - NEWPORT,0,0
2024-06-22,GCSETPS-2228,SAMPLE SET - PRIVATE SELECTION,-1.00,72.00000,0,485886,T,BOREGAN5,,5,SAMPLE SET - PRIVATE SELECTION,0,0
2024-06-22,GCSETPS-2228,SAMPLE SET - PRIVATE SELECTION,1.00,72.00000,0,485886,T,BOREGAN5,,5,SAMPLE SET - PRIVATE SELECTION,0,0
2024-06-22,GCSETPS-2228,SAMPLE SET - PRIVATE SELECTION,-1.00,72.00000,0,486616,T,BOREGAN5,,5,SAMPLE SET - PRIVATE SELECTION,0,0
2024-06-22,GCSETPS-2228,SAMPLE SET - PRIVATE SELECTION,1.00,72.00000,0,486616,T,BOREGAN5,,5,SAMPLE SET - PRIVATE SELECTION,0,0
2024-06-22,GCSETPS-2228,SAMPLE SET - PRIVATE SELECTION,-1.00,72.00000,0,486020,T,BOREGAN5,,5,SAMPLE SET - PRIVATE SELECTION,0,0
2024-06-22,GCSETPS-2228,SAMPLE SET - PRIVATE SELECTION,1.00,72.00000,0,486020,T,BOREGAN5,,5,SAMPLE SET - PRIVATE SELECTION,0,0
2024-06-22,GCSETPS-2228,SAMPLE SET - PRIVATE SELECTION,-1.00,72.00000,0,486013,T,BOREGAN5,,5,SAMPLE SET - PRIVATE SELECTION,0,0
2024-06-22,GCSETPS-2228,SAMPLE SET - PRIVATE SELECTION,1.00,72.00000,0,486013,T,BOREGAN5,,5,SAMPLE SET - PRIVATE SELECTION,0,0
2024-06-22,GCSETPS-2228,SAMPLE SET - PRIVATE SELECTION,-1.00,72.00000,0,486008,T,BOREGAN5,,5,SAMPLE SET - PRIVATE SELECTION,0,0
2024-06-22,GCSETPS-2228,SAMPLE SET - PRIVATE SELECTION,1.00,72.00000,0,486008,T,BOREGAN5,,5,SAMPLE SET - PRIVATE SELECTION,0,0
2024-06-22,GCSETPS-2228,SAMPLE SET - PRIVATE SELECTION,-1.00,72.00000,0,486366,T,BOREGAN5,,5,SAMPLE SET - PRIVATE SELECTION,0,0
2024-06-22,GCSETPS-2228,SAMPLE SET - PRIVATE SELECTION,1.00,72.00000,0,486366,T,BOREGAN5,,5,SAMPLE SET - PRIVATE SELECTION,0,0
2024-06-24,GCSETVN-2323,SAMPLE SET - VINYLNOVA,-200.00,122.00000,0,487315,T,JRIVERA1,,5,SAMPLE SET - VINYLNOVA,0,0
2024-06-24,GCSETVN-2323,SAMPLE SET - VINYLNOVA,200.00,122.00000,0,487315,T,JRIVERA1,,5,SAMPLE SET - VINYLNOVA,0,0
2024-06-25,GCSETVY-2228,SAMPLE SET - VINEYARD,-1.00,109.25000,0,487400,T,SBISHOP9,,5,SAMPLE SET - VINEYARD,0,0
2024-06-25,GCSETVY-2228,SAMPLE SET - VINEYARD,1.00,109.25000,0,487400,T,SBISHOP9,,5,SAMPLE SET - VINEYARD,0,0
2024-06-25,NONSTOCK,PLYWOOD PALLETS JIM LAMINATE,17.00,3.30100,2.00000,0,P,LMORENO,,,NON-STOCK ITEMS,0,0
2024-06-26,GCSETBH-2828,SAMPLE SET - BEVERLY HILLS,-2.00,171.60000,0,488219,T,,,5,SAMPLE SET - BEVERLY HILLS,0,0
2024-06-26,GCSETBH-2828,SAMPLE SET - BEVERLY HILLS,2.00,171.60000,0,488219,T,,,5,SAMPLE SET - BEVERLY HILLS,0,0
2024-06-26,GCSETII-1724,SAMPLE SET - GII DIST.,-1.00,189.00000,0,488399,T,MCASTRO8,,5,SAMPLE SET - GII DIST.,0,0
2024-06-26,GCSETII-1724,SAMPLE SET - GII DIST.,1.00,189.00000,0,488399,T,MCASTRO8,,5,SAMPLE SET - GII DIST.,0,0
2024-06-26,GCSETSS-1724,SAMPLE SET - GII SMOOTH,-1.00,135.80000,0,488399,T,MCASTRO8,,5,SAMPLE SET - GII SMOOTH,0,0
2024-06-26,GCSETSS-1724,SAMPLE SET - GII SMOOTH,1.00,135.80000,0,488399,T,MCASTRO8,,5,SAMPLE SET - GII SMOOTH,0,0
2024-06-26,GCSETVN-2323,SAMPLE SET - VINYLNOVA,-14.00,85.00000,85.00000,0,Z,LMORENO,,5,SAMPLE SET - VINYLNOVA,0,0
2024-06-26,GCSETVN-2323,SAMPLE SET - VINYLNOVA,-14.00,37.00000,37.00000,0,Z,LMORENO,,5,SAMPLE SET - VINYLNOVA,0,0
2024-06-26,NONSTOCK,PLYWOOD PALLETS LILY,21.00,10.00000,10.00000,0,P,LMORENO,,,NON-STOCK ITEMS,0,0
2024-06-27,GCSETPS-2228,SAMPLE SET - PRIVATE SELECTION,-5.00,72.00000,0,486004,T,,,5,SAMPLE SET - PRIVATE SELECTION,0,0
2024-06-27,GCSETPS-2228,SAMPLE SET - PRIVATE SELECTION,5.00,72.00000,0,486004,T,,,5,SAMPLE SET - PRIVATE SELECTION,0,0
2024-06-28,GCKEYSET997,RETAIL SAMPLE PANEL MDF MLDNGS,-25.00,28.65500,0,488214,T,BOREGAN5,,5,RETAIL SAMPLE PANEL MDF MLDNGS,0,0
2024-06-28,GCKEYSET997,RETAIL SAMPLE PANEL MDF MLDNGS,25.00,28.65500,0,488214,T,BOREGAN5,,5,RETAIL SAMPLE PANEL MDF MLDNGS,0,0
2024-06-28,GCSETBH-2828,SAMPLE SET - BEVERLY HILLS,-1.00,171.60000,0,489122,T,,,5,SAMPLE SET - BEVERLY HILLS,0,0
2024-06-28,GCSETBH-2828,SAMPLE SET - BEVERLY HILLS,1.00,171.60000,0,489122,T,,,5,SAMPLE SET - BEVERLY HILLS,0,0
2024-06-28,GCSETEX-2528,SAMPLE SET - EXOTICS *OMP*,-1.00,210.88200,0,488763,T,BOREGAN5,,5,SAMPLE SET - EXOTICS *OMP*,0,0
2024-06-28,GCSETEX-2528,SAMPLE SET - EXOTICS *OMP*,1.00,210.88200,0,488763,T,BOREGAN5,,5,SAMPLE SET - EXOTICS *OMP*,0,0
2024-06-28,GCSETNP-2228,SAMPLE SET - NEWPORT,100.00,72.00000,72.00000,0,P,TONY,,5,SAMPLE SET - NEWPORT,0,0
2024-06-28,GCSETNP-2228,SAMPLE SET - NEWPORT,-100.00,72.00000,0,0,A,TONY,,5,SAMPLE SET - NEWPORT,0,0
2024-06-28,GCSETPS-2228,SAMPLE SET - PRIVATE SELECTION,-1.00,72.00000,0,488762,T,BOREGAN5,,5,SAMPLE SET - PRIVATE SELECTION,0,0
2024-06-28,GCSETPS-2228,SAMPLE SET - PRIVATE SELECTION,1.00,72.00000,0,488762,T,BOREGAN5,,5,SAMPLE SET - PRIVATE SELECTION,0,0
2024-06-28,GCSETPS-2228,SAMPLE SET - PRIVATE SELECTION,-1.00,72.00000,0,487801,T,BOREGAN5,,5,SAMPLE SET - PRIVATE SELECTION,0,0
2024-06-28,GCSETPS-2228,SAMPLE SET - PRIVATE SELECTION,1.00,72.00000,0,487801,T,BOREGAN5,,5,SAMPLE SET - PRIVATE SELECTION,0,0
2024-06-28,GCSETPS-2228,SAMPLE SET - PRIVATE SELECTION,-1.00,72.00000,0,488785,T,,,5,SAMPLE SET - PRIVATE SELECTION,0,0
2024-06-28,GCSETPS-2228,SAMPLE SET - PRIVATE SELECTION,-1.00,72.00000,0,488789,T,,,5,SAMPLE SET - PRIVATE SELECTION,0,0
2024-06-28,GCSETPS-2228,SAMPLE SET - PRIVATE SELECTION,1.00,72.00000,0,488785,T,,,5,SAMPLE SET - PRIVATE SELECTION,0,0
2024-06-28,GCSETPS-2228,SAMPLE SET - PRIVATE SELECTION,1.00,72.00000,0,488789,T,,,5,SAMPLE SET - PRIVATE SELECTION,0,0
2024-06-28,GCSETVN-2323,SAMPLE SET - VINYLNOVA,-1.00,122.00000,0,488775,T,SMORALES3,,5,SAMPLE SET - VINYLNOVA,0,0
2024-06-28,GCSETVN-2323,SAMPLE SET - VINYLNOVA,1.00,122.00000,0,488775,T,SMORALES3,,5,SAMPLE SET - VINYLNOVA,0,0
2024-07-01,GCSETAL-2228,"SAMPLE SET - 7.5"" ALLORA",-1.00,418.24100,0,488402,T,,,5,"SAMPLE SET - 7.5"" ALLORA",0,0
2024-07-01,GCSETAL-2228,"SAMPLE SET - 7.5"" ALLORA",1.00,418.24100,0,488402,T,,,5,"SAMPLE SET - 7.5"" ALLORA",0,0
2024-07-01,GCSETAL9-2828,"SAMPLE SET - 9.5"" ALLORA",-1.00,578.22800,0,488402,T,,,5,"SAMPLE SET - 9.5"" ALLORA",0,0
2024-07-01,GCSETAL9-2828,"SAMPLE SET - 9.5"" ALLORA",1.00,578.22800,0,488402,T,,,5,"SAMPLE SET - 9.5"" ALLORA",0,0
2024-07-01,GCSETBH-2828,SAMPLE SET - BEVERLY HILLS,-1.00,179.71200,0,489434,T,JSGOMEZ4,,5,SAMPLE SET - BEVERLY HILLS,0,0
2024-07-01,GCSETBH-2828,SAMPLE SET - BEVERLY HILLS,1.00,179.71200,0,489434,T,JSGOMEZ4,,5,SAMPLE SET - BEVERLY HILLS,0,0
2024-07-01,GCSETIL-2424,SAMPLE SET - ILLUMIN8,-1.00,58.44600,0,488402,T,,,5,SAMPLE SET - ILLUMIN8,0,0
2024-07-01,GCSETIL-2424,SAMPLE SET - ILLUMIN8,1.00,58.44600,0,488402,T,,,5,SAMPLE SET - ILLUMIN8,0,0
2024-07-01,GCSETVG-2828,SAMPLE SET - VILLA GIALLA,-1.00,271.84000,0,488402,T,,,5,SAMPLE SET - VILLA GIALLA,0,0
2024-07-01,GCSETVG-2828,SAMPLE SET - VILLA GIALLA,1.00,271.84000,0,488402,T,,,5,SAMPLE SET - VILLA GIALLA,0,0
2024-07-01,GCSETVY-2228,SAMPLE SET - VINEYARD,-1.00,109.25000,0,488402,T,,,5,SAMPLE SET - VINEYARD,0,0
2024-07-01,GCSETVY-2228,SAMPLE SET - VINEYARD,1.00,109.25000,0,488402,T,,,5,SAMPLE SET - VINEYARD,0,0
2024-07-01,NONSTOCK,"36"" BRISTLE BROOM",4.00,41.00000,41.00000,0,P,LMORENO,,,NON-STOCK ITEMS,0,0
2024-07-01,NONSTOCK,"1/8"" X 24"" X 550' FOAM ROLL",6.00,83.00000,83.00000,0,P,LMORENO,,,NON-STOCK ITEMS,0,0
2024-07-01,NONSTOCK,PLYWOOD PALLET LILY,22.00,10.00000,10.00000,0,P,LMORENO,,,NON-STOCK ITEMS,0,0
2024-07-01,NONSTOCK,"BUBBLE ROLL - 48"" X 250'",1.00,119.00000,119.00000,0,P,LMORENO,,,NON-STOCK ITEMS,0,0
2024-07-01,NONSTOCK,SWEEPING COMPOUND - 100 LB BOX,1.00,40.00000,40.00000,0,P,LMORENO,,,NON-STOCK ITEMS,0,0
2024-07-01,NONSTOCK,"PACKING LIST ENVELOPES 9-1/2""",1.00,69.00000,69.00000,0,P,LMORENO,,,NON-STOCK ITEMS,0,0
2024-07-01,NONSTOCK,"PACKING LIST ENVELOPES 5-1/2""",1.00,75.00000,75.00000,0,P,LMORENO,,,NON-STOCK ITEMS,0,0
2024-07-01,NONSTOCK,"TAPE MEASURE - 1"" X 25'",2.00,10.00000,10.00000,0,P,LMORENO,,,NON-STOCK ITEMS,0,0
2024-07-01,NONSTOCK,"TAPE MEASURE - 5/8"" X 12'",2.00,7.00000,7.00000,0,P,LMORENO,,,NON-STOCK ITEMS,0,0
2024-07-01,NONSTOCK,PALLET FRAGILE LABEL ROLL,2.00,39.00000,39.00000,0,P,LMORENO,,,NON-STOCK ITEMS,0,0
2024-07-01,NONSTOCK,PALLET CONES - WHITE BUNDLE,2.00,80.00000,80.00000,0,P,LMORENO,,,NON-STOCK ITEMS,0,0
2024-07-01,NONSTOCK,PLYWOOD PALLET LILY,22.00,10.00000,10.00000,0,P,LMORENO,,,NON-STOCK ITEMS,0,0
2024-07-01,NONSTOCK,VILLA GIALLA CATANIA CHIPS,100.00,1.60000,1.60000,0,P,LMORENO,,,NON-STOCK ITEMS,0,0
2024-07-03,GCSETPS-2228,SAMPLE SET - PRIVATE SELECTION,-1.00,72.00000,0,489486,T,,,5,SAMPLE SET - PRIVATE SELECTION,0,0
2024-07-03,GCSETPS-2228,SAMPLE SET - PRIVATE SELECTION,1.00,72.00000,0,489486,T,,,5,SAMPLE SET - PRIVATE SELECTION,0,0
2024-07-03,GCSETP2-2428,SAMPLE SET - PARALLELS 2.0,-20.00,14.99200,0,490377,T,JRIVERA1,,5,SAMPLE SET - PARALLELS 2.0,0,0
2024-07-03,GCSETP2-2428,SAMPLE SET - PARALLELS 2.0,20.00,14.99200,0,490377,T,JRIVERA1,,5,SAMPLE SET - PARALLELS 2.0,0,0
2024-07-03,GCSETVN-2323,SAMPLE SET - VINYLNOVA,-1.00,122.00000,0,490431,T,,,5,SAMPLE SET - VINYLNOVA,0,0
2024-07-03,GCSETVN-2323,SAMPLE SET - VINYLNOVA,1.00,122.00000,0,490431,T,,,5,SAMPLE SET - VINYLNOVA,0,0
2024-07-05,GCSETBH-2828,SAMPLE SET - BEVERLY HILLS,-1.00,171.60000,0,489909,T,BOREGAN5,,5,SAMPLE SET - BEVERLY HILLS,0,0
2024-07-05,GCSETBH-2828,SAMPLE SET - BEVERLY HILLS,1.00,171.60000,0,489909,T,BOREGAN5,,5,SAMPLE SET - BEVERLY HILLS,0,0
2024-07-05,GCSETNP-2228,SAMPLE SET - NEWPORT,-1.00,72.00000,0,490373,T,MCASTRO8,,5,SAMPLE SET - NEWPORT,0,0
2024-07-05,GCSETNP-2228,SAMPLE SET - NEWPORT,1.00,72.00000,0,490373,T,MCASTRO8,,5,SAMPLE SET - NEWPORT,0,0
2024-07-05,GCSETPS-2228,SAMPLE SET - PRIVATE SELECTION,-1.00,72.00000,0,490373,T,MCASTRO8,,5,SAMPLE SET - PRIVATE SELECTION,0,0
2024-07-05,GCSETPS-2228,SAMPLE SET - PRIVATE SELECTION,1.00,72.00000,0,490373,T,MCASTRO8,,5,SAMPLE SET - PRIVATE SELECTION,0,0
2024-07-05,GCSETVN-2323,SAMPLE SET - VINYLNOVA,-19.00,122.00000,0,489896,T,BOREGAN5,,5,SAMPLE SET - VINYLNOVA,0,0
2024-07-05,GCSETVN-2323,SAMPLE SET - VINYLNOVA,19.00,122.00000,0,489896,T,BOREGAN5,,5,SAMPLE SET - VINYLNOVA,0,0
2024-07-05,GCSETVN-2323,SAMPLE SET - VINYLNOVA,-1.00,122.00000,0,488779,T,LMORENO,,5,SAMPLE SET - VINYLNOVA,0,0
2024-07-05,GCSETVN-2323,SAMPLE SET - VINYLNOVA,1.00,122.00000,0,488779,T,LMORENO,,5,SAMPLE SET - VINYLNOVA,0,0
2024-07-05,GCSETVN-2323,SAMPLE SET - VINYLNOVA,-1.00,122.00000,0,488778,T,BOREGAN5,,5,SAMPLE SET - VINYLNOVA,0,0
2024-07-05,GCSETVN-2323,SAMPLE SET - VINYLNOVA,1.00,122.00000,0,488778,T,BOREGAN5,,5,SAMPLE SET - VINYLNOVA,0,0
2024-07-08,GCSETABII-2323,"SAMPLE SET - AQUABLUE II ""NEW""",200.00,50.00000,50.00000,0,P,LMORENO,,5,"SAMPLE SET - AQUABLUE II ""NEW""",0,0
2024-07-08,GCSETABII-2323,"SAMPLE SET - AQUABLUE II ""NEW""",-200.00,50.00000,0,491092,T,JRIVERA1,,5,"SAMPLE SET - AQUABLUE II ""NEW""",0,0
2024-07-08,GCSETABII-2323,"SAMPLE SET - AQUABLUE II ""NEW""",200.00,50.00000,0,491092,T,JRIVERA1,,5,"SAMPLE SET - AQUABLUE II ""NEW""",0,0
2024-07-08,GCSETAL-2228,"SAMPLE SET - 7.5"" ALLORA",-1.00,418.24100,0,76,T,,,5,"SAMPLE SET - 7.5"" ALLORA",0,0
2024-07-08,GCSETAL-2228,"SAMPLE SET - 7.5"" ALLORA",1.00,418.24100,0,76,T,,,5,"SAMPLE SET - 7.5"" ALLORA",0,0
2024-07-08,GCSETALHB-2828,SAMPLE SET - HERRINGBONE ALLOR,-1.00,226.33900,0,76,T,,,5,SAMPLE SET - HERRINGBONE ALLOR,0,0
2024-07-08,GCSETALHB-2828,SAMPLE SET - HERRINGBONE ALLOR,1.00,226.33900,0,76,T,,,5,SAMPLE SET - HERRINGBONE ALLOR,0,0
2024-07-08,GCSETBH-2828,SAMPLE SET - BEVERLY HILLS,-1.00,171.60000,0,490427,T,BOREGAN5,,5,SAMPLE SET - BEVERLY HILLS,0,0
2024-07-08,GCSETBH-2828,SAMPLE SET - BEVERLY HILLS,1.00,171.60000,0,490427,T,BOREGAN5,,5,SAMPLE SET - BEVERLY HILLS,0,0
2024-07-08,GCSETPS-2228,SAMPLE SET - PRIVATE SELECTION,-1.00,72.00000,0,490658,T,BOREGAN5,,5,SAMPLE SET - PRIVATE SELECTION,0,0
2024-07-08,GCSETPS-2228,SAMPLE SET - PRIVATE SELECTION,1.00,72.00000,0,490658,T,BOREGAN5,,5,SAMPLE SET - PRIVATE SELECTION,0,0
2024-07-08,GCSETPS-2228,SAMPLE SET - PRIVATE SELECTION,-1.00,72.00000,0,490661,T,BOREGAN5,,5,SAMPLE SET - PRIVATE SELECTION,0,0
2024-07-08,GCSETPS-2228,SAMPLE SET - PRIVATE SELECTION,1.00,72.00000,0,490661,T,BOREGAN5,,5,SAMPLE SET - PRIVATE SELECTION,0,0
2024-07-08,GCSETP2-2428,SAMPLE SET - PARALLELS 2.0,100.00,0,0,0,P,LMORENO,,5,SAMPLE SET - PARALLELS 2.0,0,0
2024-07-08,GCSETP2-2428,SAMPLE SET - PARALLELS 2.0,400.00,14.99200,10.00000,0,P,LMORENO,,5,SAMPLE SET - PARALLELS 2.0,0,0
2024-07-08,NONSTOCK,PLYWOOD PALLETS JIM SPCWPC,14.00,5.50000,5.50000,0,P,LMORENO,,,NON-STOCK ITEMS,0,0
2024-07-08,NONSTOCK,PLYWOOD PALLETS JIM SPCWPC,14.00,5.50000,5.50000,0,P,LMORENO,,,NON-STOCK ITEMS,0,0
2024-07-08,NONSTOCK,PLYWOOD PALLETS JIM SPCWPC,14.00,5.50000,5.50000,0,P,LMORENO,,,NON-STOCK ITEMS,0,0
2024-07-08,NONSTOCK,PLYWOOD PALLET JIM SPCWPC,16.00,5.50000,5.50000,0,P,LMORENO,,,NON-STOCK ITEMS,0,0
2024-07-08,NONSTOCK,PLYWOOD PALLETS JIM SPCWPC,11.00,5.50000,5.50000,0,P,LMORENO,,,NON-STOCK ITEMS,0,0
2024-07-08,NONSTOCK,PLYWOOD PALLET JIM SPCWPC,14.00,5.50000,5.50000,0,P,LMORENO,,,NON-STOCK ITEMS,0,0
2024-07-08,NONSTOCK,PLYWOOD PALLET JIM SPCWPC,14.00,5.50000,5.50000,0,P,LMORENO,,,NON-STOCK ITEMS,0,0
2024-07-08,NONSTOCK,PLYWOOD PALLET JIM SPCWPC,14.00,5.50000,5.50000,0,P,LMORENO,,,NON-STOCK ITEMS,0,0
2024-07-08,NONSTOCK,PLYWOOD PALLET JIM SPCWPC,14.00,5.50000,5.50000,0,P,LMORENO,,,NON-STOCK ITEMS,0,0
2024-07-08,NONSTOCK,PLYWOOD PALLETS JIM SPCWPC,14.00,5.50000,5.50000,0,P,LMORENO,,,NON-STOCK ITEMS,0,0
2024-07-08,NONSTOCK,NEW AQUA BLUE II CHIPS,600.00,1.20000,1.20000,0,P,LMORENO,,,NON-STOCK ITEMS,0,0
2024-07-09,GCSETAL9-2828,"SAMPLE SET - 9.5"" ALLORA",-1.00,578.22800,0,491860,T,,,5,"SAMPLE SET - 9.5"" ALLORA",0,0
2024-07-09,GCSETAL9-2828,"SAMPLE SET - 9.5"" ALLORA",1.00,578.22800,0,491860,T,,,5,"SAMPLE SET - 9.5"" ALLORA",0,0
2024-07-09,GCSETBH-2828,SAMPLE SET - BEVERLY HILLS,-1.00,171.60000,0,491860,T,,,5,SAMPLE SET - BEVERLY HILLS,0,0
2024-07-09,GCSETBH-2828,SAMPLE SET - BEVERLY HILLS,1.00,171.60000,0,491860,T,,,5,SAMPLE SET - BEVERLY HILLS,0,0
2024-07-09,GCSETCY-2828,SAMPLE SET - CN.CREST,-1.00,128.40000,0,491860,T,,,5,SAMPLE SET - CN.CREST,0,0
2024-07-09,GCSETCY-2828,SAMPLE SET - CN.CREST,1.00,128.40000,0,491860,T,,,5,SAMPLE SET - CN.CREST,0,0
2024-07-09,GCSETPS-2228,SAMPLE SET - PRIVATE SELECTION,-1.00,72.00000,0,491860,T,,,5,SAMPLE SET - PRIVATE SELECTION,0,0
2024-07-09,GCSETPS-2228,SAMPLE SET - PRIVATE SELECTION,1.00,72.00000,0,491860,T,,,5,SAMPLE SET - PRIVATE SELECTION,0,0
2024-07-09,GCSETVG-2828,SAMPLE SET - VILLA GIALLA,-1.00,271.84000,0,491860,T,,,5,SAMPLE SET - VILLA GIALLA,0,0
2024-07-09,GCSETVG-2828,SAMPLE SET - VILLA GIALLA,1.00,271.84000,0,491860,T,,,5,SAMPLE SET - VILLA GIALLA,0,0
2024-07-09,GCSETVN-2323,SAMPLE SET - VINYLNOVA,-1.00,122.00000,0,488780,T,MCASTRO8,,5,SAMPLE SET - VINYLNOVA,0,0
2024-07-09,GCSETVN-2323,SAMPLE SET - VINYLNOVA,1.00,122.00000,0,488780,T,MCASTRO8,,5,SAMPLE SET - VINYLNOVA,0,0
2024-07-09,GCSETVN-2323,SAMPLE SET - VINYLNOVA,-1.00,122.00000,0,488781,T,JGOMEZ9,,5,SAMPLE SET - VINYLNOVA,0,0
2024-07-09,GCSETVN-2323,SAMPLE SET - VINYLNOVA,1.00,122.00000,0,488781,T,JGOMEZ9,,5,SAMPLE SET - VINYLNOVA,0,0
2024-07-09,GCSETVN-2323,SAMPLE SET - VINYLNOVA,-4.00,122.00000,0,491621,T,,,5,SAMPLE SET - VINYLNOVA,0,0
2024-07-09,GCSETVN-2323,SAMPLE SET - VINYLNOVA,4.00,122.00000,0,491621,T,,,5,SAMPLE SET - VINYLNOVA,0,0
2024-07-10,GCKEYSET997,RETAIL SAMPLE PANEL MDF MLDNGS,-10.00,28.65500,0,492022,T,MCASTRO8,,5,RETAIL SAMPLE PANEL MDF MLDNGS,0,0
2024-07-10,GCKEYSET997,RETAIL SAMPLE PANEL MDF MLDNGS,10.00,28.65500,0,492022,T,MCASTRO8,,5,RETAIL SAMPLE PANEL MDF MLDNGS,0,0
2024-07-10,GCSETBH-2828,SAMPLE SET - BEVERLY HILLS,-1.00,171.60000,0,491875,T,,,5,SAMPLE SET - BEVERLY HILLS,0,0
2024-07-10,GCSETBH-2828,SAMPLE SET - BEVERLY HILLS,1.00,171.60000,0,491875,T,,,5,SAMPLE SET - BEVERLY HILLS,0,0
2024-07-10,GCSETP2-2428,SAMPLE SET - PARALLELS 2.0,-15.00,14.99200,0,492089,T,JRIVERA1,,5,SAMPLE SET - PARALLELS 2.0,0,0
2024-07-10,GCSETP2-2428,SAMPLE SET - PARALLELS 2.0,15.00,14.99200,0,492089,T,JRIVERA1,,5,SAMPLE SET - PARALLELS 2.0,0,0
2024-07-10,NONSTOCK,PLYWOOD PALLETS JIM SPCWPC,15.00,5.50000,5.50000,0,P,LMORENO,,,NON-STOCK ITEMS,0,0
2024-07-10,NONSTOCK,PLYWOOD PALLET JIM SPCWPC,14.00,5.50000,5.50000,0,P,LMORENO,,,NON-STOCK ITEMS,0,0
2024-07-10,NONSTOCK,PLYWOOD PALLETS JIM SPCWPC,14.00,5.50000,5.50000,0,P,LMORENO,,,NON-STOCK ITEMS,0,0
2024-07-11,GCSETP2-2428,SAMPLE SET - PARALLELS 2.0,-15.00,14.99200,0,492089,T,JGUTIERRE6,,5,SAMPLE SET - PARALLELS 2.0,0,0
2024-07-11,GCSETP2-2428,SAMPLE SET - PARALLELS 2.0,15.00,14.99200,0,492089,T,JGUTIERRE6,,5,SAMPLE SET - PARALLELS 2.0,0,0
2024-07-11,GCSETP2-2428,SAMPLE SET - PARALLELS 2.0,-240.00,14.99200,0,492546,T,JRIVERA1,,5,SAMPLE SET - PARALLELS 2.0,0,0
2024-07-11,GCSETP2-2428,SAMPLE SET - PARALLELS 2.0,240.00,14.99200,0,492546,T,JRIVERA1,,5,SAMPLE SET - PARALLELS 2.0,0,0
2024-07-11,GCSETVG-2828,SAMPLE SET - VILLA GIALLA,-1.00,271.84000,0,492085,T,JGUTIERRE6,,5,SAMPLE SET - VILLA GIALLA,0,0
2024-07-11,GCSETVG-2828,SAMPLE SET - VILLA GIALLA,1.00,271.84000,0,492085,T,JGUTIERRE6,,5,SAMPLE SET - VILLA GIALLA,0,0
2024-07-11,GCSETVN-2323,SAMPLE SET - VINYLNOVA,-1.00,122.00000,0,488777,T,JSGOMEZ4,,5,SAMPLE SET - VINYLNOVA,0,0
2024-07-11,GCSETVN-2323,SAMPLE SET - VINYLNOVA,1.00,122.00000,0,488777,T,JSGOMEZ4,,5,SAMPLE SET - VINYLNOVA,0,0
2024-07-11,NONSTOCK,"36"" MEDIUM BRISTLE BROOM",1.00,42.00000,42.00000,0,P,LMORENO,,,NON-STOCK ITEMS,0,0
2024-07-11,NONSTOCK,"1/8"" X 48"" X 550' FOAM ROLL",1.00,164.00000,164.00000,0,P,LMORENO,,,NON-STOCK ITEMS,0,0
2024-07-11,NONSTOCK,SWEEPING COMPOUND 50LBS BOX,2.00,27.00000,27.00000,0,P,LMORENO,,,NON-STOCK ITEMS,0,0
2024-07-11,NONSTOCK,"1/32"" X 6"" X 2,000' FOAM ROLL",30.00,12.00000,12.00000,0,P,LMORENO,,,NON-STOCK ITEMS,0,0
2024-07-11,NONSTOCK,PLYWOOD PALLETS JIM SPCWPC,14.00,5.50000,5.50000,0,P,LMORENO,,,NON-STOCK ITEMS,0,0
2024-07-12,GCSETP2-2428,SAMPLE SET - PARALLELS 2.0,-10.00,0,0,493192,T,JRIVERA1,,5,SAMPLE SET - PARALLELS 2.0,0,0
2024-07-12,GCSETP2-2428,SAMPLE SET - PARALLELS 2.0,10.00,0,0,493192,T,JRIVERA1,,5,SAMPLE SET - PARALLELS 2.0,0,0
2024-07-12,GCSETP2-2428,SAMPLE SET - PARALLELS 2.0,-10.00,14.99200,0,493186,T,JRIVERA1,,5,SAMPLE SET - PARALLELS 2.0,0,0
2024-07-12,GCSETP2-2428,SAMPLE SET - PARALLELS 2.0,10.00,14.99200,0,493186,T,JRIVERA1,,5,SAMPLE SET - PARALLELS 2.0,0,0
2024-07-12,GCSETP2-2428,SAMPLE SET - PARALLELS 2.0,-10.00,14.99200,0,493187,T,JRIVERA1,,5,SAMPLE SET - PARALLELS 2.0,0,0
2024-07-12,GCSETP2-2428,SAMPLE SET - PARALLELS 2.0,10.00,14.99200,0,493187,T,JRIVERA1,,5,SAMPLE SET - PARALLELS 2.0,0,0
2024-07-12,GCSETP2-2428,SAMPLE SET - PARALLELS 2.0,-10.00,14.99200,0,493184,T,JRIVERA1,,5,SAMPLE SET - PARALLELS 2.0,0,0
2024-07-12,GCSETP2-2428,SAMPLE SET - PARALLELS 2.0,10.00,14.99200,0,493184,T,JRIVERA1,,5,SAMPLE SET - PARALLELS 2.0,0,0
2024-07-12,GCSETVN-2323,SAMPLE SET - VINYLNOVA,-2.00,122.00000,0,492652,T,JGUTIERRE6,,5,SAMPLE SET - VINYLNOVA,0,0
2024-07-12,GCSETVN-2323,SAMPLE SET - VINYLNOVA,2.00,122.00000,0,492652,T,JGUTIERRE6,,5,SAMPLE SET - VINYLNOVA,0,0
2024-07-12,GCSETVY-2228,SAMPLE SET - VINEYARD,-1.00,109.25000,0,492853,T,MCASTRO8,,5,SAMPLE SET - VINEYARD,0,0
2024-07-12,GCSETVY-2228,SAMPLE SET - VINEYARD,1.00,109.25000,0,492853,T,MCASTRO8,,5,SAMPLE SET - VINEYARD,0,0
2024-07-13,NONSTOCK,PLYWOOD PALLETS LILY,18.00,10.00000,10.00000,0,P,LMORENO,,,NON-STOCK ITEMS,0,0
2024-07-15,GCSETABII-2323,"SAMPLE SET - AQUABLUE II ""NEW""",-1.00,50.00000,0,493176,T,BOREGAN5,,5,"SAMPLE SET - AQUABLUE II ""NEW""",0,0
2024-07-15,GCSETABII-2323,"SAMPLE SET - AQUABLUE II ""NEW""",1.00,50.00000,0,493176,T,BOREGAN5,,5,"SAMPLE SET - AQUABLUE II ""NEW""",0,0
2024-07-15,GCSETABII-2323,"SAMPLE SET - AQUABLUE II ""NEW""",-1.00,50.00000,0,493175,T,JSGOMEZ4,,5,"SAMPLE SET - AQUABLUE II ""NEW""",0,0
2024-07-15,GCSETABII-2323,"SAMPLE SET - AQUABLUE II ""NEW""",1.00,50.00000,0,493175,T,JSGOMEZ4,,5,"SAMPLE SET - AQUABLUE II ""NEW""",0,0
2024-07-15,GCSETABII-2323,"SAMPLE SET - AQUABLUE II ""NEW""",-1.00,50.00000,0,493173,T,SMORALES3,,5,"SAMPLE SET - AQUABLUE II ""NEW""",0,0
2024-07-15,GCSETABII-2323,"SAMPLE SET - AQUABLUE II ""NEW""",1.00,50.00000,0,493173,T,SMORALES3,,5,"SAMPLE SET - AQUABLUE II ""NEW""",0,0
2024-07-15,GCSETAL-2228,"SAMPLE SET - 7.5"" ALLORA",-1.00,418.24100,0,492084,T,JLEWIS5,,5,"SAMPLE SET - 7.5"" ALLORA",0,0
2024-07-15,GCSETAL-2228,"SAMPLE SET - 7.5"" ALLORA",1.00,418.24100,0,492084,T,JLEWIS5,,5,"SAMPLE SET - 7.5"" ALLORA",0,0
2024-07-15,GCSETAL-2228,"SAMPLE SET - 7.5"" ALLORA",-1.00,418.24100,0,492211,T,JLEWIS5,,5,"SAMPLE SET - 7.5"" ALLORA",0,0
2024-07-15,GCSETAL-2228,"SAMPLE SET - 7.5"" ALLORA",1.00,418.24100,0,492211,T,JLEWIS5,,5,"SAMPLE SET - 7.5"" ALLORA",0,0
2024-07-15,GCSETAL-2228,"SAMPLE SET - 7.5"" ALLORA",-1.00,418.24100,0,493180,T,,,5,"SAMPLE SET - 7.5"" ALLORA",0,0
2024-07-15,GCSETAL-2228,"SAMPLE SET - 7.5"" ALLORA",1.00,418.24100,0,493180,T,,,5,"SAMPLE SET - 7.5"" ALLORA",0,0
2024-07-15,GCSETAL9-2828,"SAMPLE SET - 9.5"" ALLORA",-1.00,578.22800,0,493180,T,,,5,"SAMPLE SET - 9.5"" ALLORA",0,0
2024-07-15,GCSETAL9-2828,"SAMPLE SET - 9.5"" ALLORA",1.00,578.22800,0,493180,T,,,5,"SAMPLE SET - 9.5"" ALLORA",0,0
2024-07-15,GCSETBH-2828,SAMPLE SET - BEVERLY HILLS,-1.00,171.60000,0,492971,T,,,5,SAMPLE SET - BEVERLY HILLS,0,0
2024-07-15,GCSETBH-2828,SAMPLE SET - BEVERLY HILLS,1.00,171.60000,0,492971,T,,,5,SAMPLE SET - BEVERLY HILLS,0,0
2024-07-15,GCSETCC-1724,SAMPLE SET - CAROLINA C.,-100.00,49.25000,0,492862,T,JRIVERA1,,5,SAMPLE SET - CAROLINA C.,0,0
2024-07-15,GCSETCC-1724,SAMPLE SET - CAROLINA C.,100.00,49.25000,0,492862,T,JRIVERA1,,5,SAMPLE SET - CAROLINA C.,0,0
2024-07-15,GCSETDB-2228,SAMPLE SET - DU BOIS,-1.00,131.10000,0,493180,T,,,5,SAMPLE SET - DU BOIS,0,0
2024-07-15,GCSETDB-2228,SAMPLE SET - DU BOIS,1.00,131.10000,0,493180,T,,,5,SAMPLE SET - DU BOIS,0,0
2024-07-15,GCSETEX-2528,SAMPLE SET - EXOTICS *OMP*,-1.00,210.88200,0,492971,T,,,5,SAMPLE SET - EXOTICS *OMP*,0,0
2024-07-15,GCSETEX-2528,SAMPLE SET - EXOTICS *OMP*,1.00,210.88200,0,492971,T,,,5,SAMPLE SET - EXOTICS *OMP*,0,0
2024-07-15,GCSETNP-2228,SAMPLE SET - NEWPORT,-1.00,72.00000,0,492971,T,,,5,SAMPLE SET - NEWPORT,0,0
2024-07-15,GCSETNP-2228,SAMPLE SET - NEWPORT,-1.00,72.00000,0,493180,T,,,5,SAMPLE SET - NEWPORT,0,0
2024-07-15,GCSETNP-2228,SAMPLE SET - NEWPORT,1.00,72.00000,0,492971,T,,,5,SAMPLE SET - NEWPORT,0,0
2024-07-15,GCSETNP-2228,SAMPLE SET - NEWPORT,1.00,72.00000,0,493180,T,,,5,SAMPLE SET - NEWPORT,0,0
2024-07-15,GCSETPS-2228,SAMPLE SET - PRIVATE SELECTION,-1.00,72.00000,0,492873,T,BOREGAN5,,5,SAMPLE SET - PRIVATE SELECTION,0,0
2024-07-15,GCSETPS-2228,SAMPLE SET - PRIVATE SELECTION,1.00,72.00000,0,492873,T,BOREGAN5,,5,SAMPLE SET - PRIVATE SELECTION,0,0
2024-07-15,GCSETPS-2228,SAMPLE SET - PRIVATE SELECTION,-1.00,72.00000,0,492813,T,BOREGAN5,,5,SAMPLE SET - PRIVATE SELECTION,0,0
2024-07-15,GCSETPS-2228,SAMPLE SET - PRIVATE SELECTION,1.00,72.00000,0,492813,T,BOREGAN5,,5,SAMPLE SET - PRIVATE SELECTION,0,0
2024-07-15,GCSETPS-2228,SAMPLE SET - PRIVATE SELECTION,-1.00,72.00000,0,492660,T,BOREGAN5,,5,SAMPLE SET - PRIVATE SELECTION,0,0
2024-07-15,GCSETPS-2228,SAMPLE SET - PRIVATE SELECTION,1.00,72.00000,0,492660,T,BOREGAN5,,5,SAMPLE SET - PRIVATE SELECTION,0,0
2024-07-15,GCSETPS-2228,SAMPLE SET - PRIVATE SELECTION,-1.00,72.00000,0,492971,T,,,5,SAMPLE SET - PRIVATE SELECTION,0,0
2024-07-15,GCSETPS-2228,SAMPLE SET - PRIVATE SELECTION,1.00,72.00000,0,492971,T,,,5,SAMPLE SET - PRIVATE SELECTION,0,0
2024-07-15,GCSETP2-2428,SAMPLE SET - PARALLELS 2.0,-10.00,0,0,493189,T,BOREGAN5,,5,SAMPLE SET - PARALLELS 2.0,0,0
2024-07-15,GCSETP2-2428,SAMPLE SET - PARALLELS 2.0,10.00,0,0,493189,T,BOREGAN5,,5,SAMPLE SET - PARALLELS 2.0,0,0
2024-07-15,GCSETP2-2428,SAMPLE SET - PARALLELS 2.0,-10.00,0,0,493191,T,JGUTIERRE6,,5,SAMPLE SET - PARALLELS 2.0,0,0
2024-07-15,GCSETP2-2428,SAMPLE SET - PARALLELS 2.0,10.00,0,0,493191,T,JGUTIERRE6,,5,SAMPLE SET - PARALLELS 2.0,0,0
2024-07-15,GCSETP2-2428,SAMPLE SET - PARALLELS 2.0,-10.00,14.99200,0,493187,T,JSGOMEZ4,,5,SAMPLE SET - PARALLELS 2.0,0,0
2024-07-15,GCSETP2-2428,SAMPLE SET - PARALLELS 2.0,10.00,14.99200,0,493187,T,JSGOMEZ4,,5,SAMPLE SET - PARALLELS 2.0,0,0
2024-07-15,GCSETP2-2428,SAMPLE SET - PARALLELS 2.0,-10.00,14.99200,0,493186,T,SMORALES3,,5,SAMPLE SET - PARALLELS 2.0,0,0
2024-07-15,GCSETP2-2428,SAMPLE SET - PARALLELS 2.0,10.00,14.99200,0,493186,T,SMORALES3,,5,SAMPLE SET - PARALLELS 2.0,0,0
2024-07-15,GCSETP2-2428,SAMPLE SET - PARALLELS 2.0,-92.00,14.99200,0,493579,T,JRIVERA1,,5,SAMPLE SET - PARALLELS 2.0,0,0
2024-07-15,GCSETP2-2428,SAMPLE SET - PARALLELS 2.0,92.00,14.99200,0,493579,T,JRIVERA1,,5,SAMPLE SET - PARALLELS 2.0,0,0
2024-07-15,GCSETP2-2428,SAMPLE SET - PARALLELS 2.0,-43.00,0,0,493579,T,JRIVERA1,,5,SAMPLE SET - PARALLELS 2.0,0,0
2024-07-15,GCSETP2-2428,SAMPLE SET - PARALLELS 2.0,43.00,0,0,493579,T,JRIVERA1,,5,SAMPLE SET - PARALLELS 2.0,0,0
2024-07-15,GCSETP2-2428,SAMPLE SET - PARALLELS 2.0,-1.00,14.99200,0,493636,T,,,5,SAMPLE SET - PARALLELS 2.0,0,0
2024-07-15,GCSETP2-2428,SAMPLE SET - PARALLELS 2.0,1.00,14.99200,0,493636,T,,,5,SAMPLE SET - PARALLELS 2.0,0,0
2024-07-15,GCSETVG-2828,SAMPLE SET - VILLA GIALLA,-1.00,271.84000,0,492971,T,,,5,SAMPLE SET - VILLA GIALLA,0,0
2024-07-15,GCSETVG-2828,SAMPLE SET - VILLA GIALLA,1.00,271.84000,0,492971,T,,,5,SAMPLE SET - VILLA GIALLA,0,0
2024-07-15,GCSETVN-2323,SAMPLE SET - VINYLNOVA,-1.00,122.00000,0,492873,T,BOREGAN5,,5,SAMPLE SET - VINYLNOVA,0,0
2024-07-15,GCSETVN-2323,SAMPLE SET - VINYLNOVA,1.00,122.00000,0,492873,T,BOREGAN5,,5,SAMPLE SET - VINYLNOVA,0,0
2024-07-15,GCSETVN-2323,SAMPLE SET - VINYLNOVA,-1.00,122.00000,0,492866,T,BOREGAN5,,5,SAMPLE SET - VINYLNOVA,0,0
2024-07-15,GCSETVN-2323,SAMPLE SET - VINYLNOVA,1.00,122.00000,0,492866,T,BOREGAN5,,5,SAMPLE SET - VINYLNOVA,0,0
2024-07-15,GCSETVY-2228,SAMPLE SET - VINEYARD,-1.00,109.25000,0,493180,T,,,5,SAMPLE SET - VINEYARD,0,0
2024-07-15,GCSETVY-2228,SAMPLE SET - VINEYARD,1.00,109.25000,0,493180,T,,,5,SAMPLE SET - VINEYARD,0,0
2024-07-15,GCSETVY-2228-A,SAMPLE SET - VINEYARD ADD-ON,-99.00,69.45000,0,492862,T,JRIVERA1,,5,SAMPLE SET - VINEYARD ADD-ON,0,0
2024-07-15,GCSETVY-2228-A,SAMPLE SET - VINEYARD ADD-ON,99.00,69.45000,0,492862,T,JRIVERA1,,5,SAMPLE SET - VINEYARD ADD-ON,0,0
2024-07-16,GCSETP2-2428,SAMPLE SET - PARALLELS 2.0,-10.00,0,0,493192,T,JGOMEZ9,,5,SAMPLE SET - PARALLELS 2.0,0,0
2024-07-16,GCSETP2-2428,SAMPLE SET - PARALLELS 2.0,10.00,0,0,493192,T,JGOMEZ9,,5,SAMPLE SET - PARALLELS 2.0,0,0
2024-07-17,GCSETAL9-2828,"SAMPLE SET - 9.5"" ALLORA",-1.00,578.22800,0,494029,T,,,5,"SAMPLE SET - 9.5"" ALLORA",0,0
2024-07-17,GCSETAL9-2828,"SAMPLE SET - 9.5"" ALLORA",1.00,578.22800,0,494029,T,,,5,"SAMPLE SET - 9.5"" ALLORA",0,0
2024-07-17,GCSETVN-2323,SAMPLE SET - VINYLNOVA,-1.00,122.00000,0,492981,T,,,5,SAMPLE SET - VINYLNOVA,0,0
2024-07-17,GCSETVN-2323,SAMPLE SET - VINYLNOVA,1.00,122.00000,0,492981,T,,,5,SAMPLE SET - VINYLNOVA,0,0
2024-07-18,GCSETAL9-2828,"SAMPLE SET - 9.5"" ALLORA",-1.00,578.22800,0,494625,T,,,5,"SAMPLE SET - 9.5"" ALLORA",0,0
2024-07-18,GCSETAL9-2828,"SAMPLE SET - 9.5"" ALLORA",1.00,578.22800,0,494625,T,,,5,"SAMPLE SET - 9.5"" ALLORA",0,0
2024-07-18,GCSETBH-2828,SAMPLE SET - BEVERLY HILLS,-1.00,171.60000,0,494625,T,,,5,SAMPLE SET - BEVERLY HILLS,0,0
2024-07-18,GCSETBH-2828,SAMPLE SET - BEVERLY HILLS,1.00,171.60000,0,494625,T,,,5,SAMPLE SET - BEVERLY HILLS,0,0
2024-07-18,GCSETGL-2828-1,SAMPLE SET - GOLD LABEL 1 OF 2,1.00,0,0,0,P,LMORENO,,5,SAMPLE SET - GOLD LABEL 1 OF 2,0,0
2024-07-18,GCSETGL-2828-1,SAMPLE SET - GOLD LABEL 1 OF 2,199.00,92.79000,92.79000,0,P,LMORENO,,5,SAMPLE SET - GOLD LABEL 1 OF 2,0,0
2024-07-18,GCSETGL-2828-2,SAMPLE SET - GOLD LABEL 2 OF 2,1.00,0,0,0,P,LMORENO,,5,SAMPLE SET - GOLD LABEL 2 OF 2,0,0
2024-07-18,GCSETGL-2828-2,SAMPLE SET - GOLD LABEL 2 OF 2,199.00,37.50000,37.50000,0,P,LMORENO,,5,SAMPLE SET - GOLD LABEL 2 OF 2,0,0
2024-07-18,GCSETNP-2228,SAMPLE SET - NEWPORT,-1.00,146.87430,0,494330,T,,,5,SAMPLE SET - NEWPORT,0,0
2024-07-18,GCSETNP-2228,SAMPLE SET - NEWPORT,1.00,146.87430,0,494330,T,,,5,SAMPLE SET - NEWPORT,0,0
2024-07-18,GCSETP2-2428,SAMPLE SET - PARALLELS 2.0,-2.00,14.99200,0,494330,T,,,5,SAMPLE SET - PARALLELS 2.0,0,0
2024-07-18,GCSETP2-2428,SAMPLE SET - PARALLELS 2.0,2.00,14.99200,0,494330,T,,,5,SAMPLE SET - PARALLELS 2.0,0,0
2024-07-18,GCSETVG-2828,SAMPLE SET - VILLA GIALLA,-1.00,271.84000,0,494330,T,,,5,SAMPLE SET - VILLA GIALLA,0,0
2024-07-18,GCSETVG-2828,SAMPLE SET - VILLA GIALLA,1.00,271.84000,0,494330,T,,,5,SAMPLE SET - VILLA GIALLA,0,0
2024-07-18,NONSTOCK,PLYWOOD PALLETS LILY,5.00,10.00000,10.00000,0,P,LMORENO,,,NON-STOCK ITEMS,0,0
2024-07-18,NONSTOCK,PLYWOOD PALLETS LILY,5.00,0,0,0,P,LMORENO,,,NON-STOCK ITEMS,0,0
2024-07-18,NONSTOCK,GOLD LABEL CHAMPAGNE CHIPS,900.00,0.50000,0.50000,0,P,LMORENO,,,NON-STOCK ITEMS,0,0
2024-07-18,NONSTOCK,GOLD LABEL CASHMERE CHIPS,1000.00,0.50000,0.50000,0,P,LMORENO,,,NON-STOCK ITEMS,0,0
2024-07-18,NONSTOCK,GOLD LABEL SILK CHIPS,1000.00,0.50000,0.50000,0,P,LMORENO,,,NON-STOCK ITEMS,0,0
2024-07-18,NONSTOCK,GOLD LABEL LINEN CHIPS,1000.00,1.40000,1.40000,0,P,LMORENO,,,NON-STOCK ITEMS,0,0
2024-07-18,NONSTOCK,GOLD LABEL SUEDE CHIPS,1000.00,1.40000,1.40000,0,P,LMORENO,,,NON-STOCK ITEMS,0,0
2024-07-18,NONSTOCK,GOLD LABEL WHITE LOTUS CHIPS,1000.00,1.40000,1.40000,0,P,LMORENO,,,NON-STOCK ITEMS,0,0
2024-07-19,GCSETBH-2828,SAMPLE SET - BEVERLY HILLS,-1.00,171.60000,0,494679,T,BOREGAN5,,5,SAMPLE SET - BEVERLY HILLS,0,0
2024-07-19,GCSETBH-2828,SAMPLE SET - BEVERLY HILLS,1.00,171.60000,0,494679,T,BOREGAN5,,5,SAMPLE SET - BEVERLY HILLS,0,0
2024-07-19,GCSETCA-1724,SAMPLE SET - CANTINA,-1.00,66.40000,0,493581,T,BOREGAN5,,5,SAMPLE SET - CANTINA,0,0
2024-07-19,GCSETCA-1724,SAMPLE SET - CANTINA,1.00,66.40000,0,493581,T,BOREGAN5,,5,SAMPLE SET - CANTINA,0,0
2024-07-19,GCSETPS-2228,SAMPLE SET - PRIVATE SELECTION,-1.00,72.00000,0,494546,T,BOREGAN5,,5,SAMPLE SET - PRIVATE SELECTION,0,0
2024-07-19,GCSETPS-2228,SAMPLE SET - PRIVATE SELECTION,1.00,72.00000,0,494546,T,BOREGAN5,,5,SAMPLE SET - PRIVATE SELECTION,0,0
2024-07-19,GCSETPS-2228,SAMPLE SET - PRIVATE SELECTION,-1.00,72.00000,0,494679,T,BOREGAN5,,5,SAMPLE SET - PRIVATE SELECTION,0,0
2024-07-19,GCSETPS-2228,SAMPLE SET - PRIVATE SELECTION,1.00,72.00000,0,494679,T,BOREGAN5,,5,SAMPLE SET - PRIVATE SELECTION,0,0
2024-07-19,GCSETVN-2323,SAMPLE SET - VINYLNOVA,-1.00,122.00000,0,494689,T,BOREGAN5,,5,SAMPLE SET - VINYLNOVA,0,0
2024-07-19,GCSETVN-2323,SAMPLE SET - VINYLNOVA,1.00,122.00000,0,494689,T,BOREGAN5,,5,SAMPLE SET - VINYLNOVA,0,0
2024-07-19,GCSETVN-2323,SAMPLE SET - VINYLNOVA,-1.00,122.00000,0,494269,T,BOREGAN5,,5,SAMPLE SET - VINYLNOVA,0,0
2024-07-19,GCSETVN-2323,SAMPLE SET - VINYLNOVA,1.00,122.00000,0,494269,T,BOREGAN5,,5,SAMPLE SET - VINYLNOVA,0,0
2024-07-19,GCSETVN-2323,SAMPLE SET - VINYLNOVA,-1.00,122.00000,0,494704,T,BOREGAN5,,5,SAMPLE SET - VINYLNOVA,0,0
2024-07-19,GCSETVN-2323,SAMPLE SET - VINYLNOVA,1.00,122.00000,0,494704,T,BOREGAN5,,5,SAMPLE SET - VINYLNOVA,0,0
2024-07-19,GCSETVN-2323,SAMPLE SET - VINYLNOVA,-1.00,122.00000,0,494244,T,BOREGAN5,,5,SAMPLE SET - VINYLNOVA,0,0
2024-07-19,GCSETVN-2323,SAMPLE SET - VINYLNOVA,1.00,122.00000,0,494244,T,BOREGAN5,,5,SAMPLE SET - VINYLNOVA,0,0
2024-07-19,NONSTOCK,"48"" X 550' FOAM ROLL",3.00,164.00000,164.00000,0,P,LMORENO,,,NON-STOCK ITEMS,0,0
2024-07-19,NONSTOCK,"24"" X 550' FOAM ROLL",9.00,83.00000,83.00000,0,P,LMORENO,,,NON-STOCK ITEMS,0,0
2024-07-19,NONSTOCK,"30"" X 24"" BOX FOR PANELS",60.00,5.82000,5.82000,0,P,LMORENO,,,NON-STOCK ITEMS,0,0
2024-07-19,NONSTOCK,"30"" X 30"" BOX FOR PANELS",60.00,7.02000,7.02000,0,P,LMORENO,,,NON-STOCK ITEMS,0,0
2024-07-19,NONSTOCK,STEEL HAND TRUCK SOLID WHEELS,2.00,170.00000,170.00000,0,P,LMORENO,,,NON-STOCK ITEMS,0,0
2024-07-19,NONSTOCK,"30"" CONTRACTOR BROOM HEAVY",3.00,35.00000,35.00000,0,P,LMORENO,,,NON-STOCK ITEMS,0,0
2024-07-19,NONSTOCK,"STRAPPING TAPE 2"" X 60YDS",24.00,9.45000,9.45000,0,P,LMORENO,,,NON-STOCK ITEMS,0,0
2024-07-22,GCKEYSET997,RETAIL SAMPLE PANEL MDF MLDNGS,-10.00,28.65500,0,495106,T,MCASTRO8,,5,RETAIL SAMPLE PANEL MDF MLDNGS,0,0
2024-07-22,GCKEYSET997,RETAIL SAMPLE PANEL MDF MLDNGS,10.00,28.65500,0,495106,T,MCASTRO8,,5,RETAIL SAMPLE PANEL MDF MLDNGS,0,0
2024-07-22,GCSETBH-2828,SAMPLE SET - BEVERLY HILLS,-1.00,171.60000,0,494389,T,MCASTRO8,,5,SAMPLE SET - BEVERLY HILLS,0,0
2024-07-22,GCSETBH-2828,SAMPLE SET - BEVERLY HILLS,1.00,171.60000,0,494389,T,MCASTRO8,,5,SAMPLE SET - BEVERLY HILLS,0,0
2024-07-22,GCSETBH-2828,SAMPLE SET - BEVERLY HILLS,-1.00,171.60000,0,495092,T,BOREGAN5,,5,SAMPLE SET - BEVERLY HILLS,0,0
2024-07-22,GCSETBH-2828,SAMPLE SET - BEVERLY HILLS,1.00,171.60000,0,495092,T,BOREGAN5,,5,SAMPLE SET - BEVERLY HILLS,0,0
2024-07-22,GCSETCA-1724,SAMPLE SET - CANTINA,-1.00,66.40000,0,495471,T,BOREGAN5,,5,SAMPLE SET - CANTINA,0,0
2024-07-22,GCSETCA-1724,SAMPLE SET - CANTINA,1.00,66.40000,0,495471,T,BOREGAN5,,5,SAMPLE SET - CANTINA,0,0
2024-07-22,GCSETCC-1724,SAMPLE SET - CAROLINA C.,-1.00,33.23400,0,495015,T,SMORALES3,,5,SAMPLE SET - CAROLINA C.,0,0
2024-07-22,GCSETCC-1724,SAMPLE SET - CAROLINA C.,1.00,33.23400,0,495015,T,SMORALES3,,5,SAMPLE SET - CAROLINA C.,0,0
2024-07-22,GCSETII-1724,SAMPLE SET - GII DIST.,100.00,190.50000,190.50000,0,P,LMORENO,,5,SAMPLE SET - GII DIST.,0,0
2024-07-22,GCSETIL-2424,SAMPLE SET - ILLUMIN8,-1.00,58.44600,0,494389,T,MCASTRO8,,5,SAMPLE SET - ILLUMIN8,0,0
2024-07-22,GCSETIL-2424,SAMPLE SET - ILLUMIN8,1.00,58.44600,0,494389,T,MCASTRO8,,5,SAMPLE SET - ILLUMIN8,0,0
2024-07-22,GCSETPS-2228,SAMPLE SET - PRIVATE SELECTION,-1.00,72.00000,0,494389,T,MCASTRO8,,5,SAMPLE SET - PRIVATE SELECTION,0,0
2024-07-22,GCSETPS-2228,SAMPLE SET - PRIVATE SELECTION,1.00,72.00000,0,494389,T,MCASTRO8,,5,SAMPLE SET - PRIVATE SELECTION,0,0
2024-07-22,GCSETPS-2228,SAMPLE SET - PRIVATE SELECTION,-1.00,72.00000,0,495092,T,BOREGAN5,,5,SAMPLE SET - PRIVATE SELECTION,0,0
2024-07-22,GCSETPS-2228,SAMPLE SET - PRIVATE SELECTION,1.00,72.00000,0,495092,T,BOREGAN5,,5,SAMPLE SET - PRIVATE SELECTION,0,0
2024-07-22,GCSETP2-2428,SAMPLE SET - PARALLELS 2.0,-10.00,14.99200,0,495106,T,MCASTRO8,,5,SAMPLE SET - PARALLELS 2.0,0,0
2024-07-22,GCSETP2-2428,SAMPLE SET - PARALLELS 2.0,10.00,14.99200,0,495106,T,MCASTRO8,,5,SAMPLE SET - PARALLELS 2.0,0,0
2024-07-22,GCSETP2-2428,SAMPLE SET - PARALLELS 2.0,-10.00,14.99200,0,494273,T,MCASTRO8,,5,SAMPLE SET - PARALLELS 2.0,0,0
2024-07-22,GCSETP2-2428,SAMPLE SET - PARALLELS 2.0,10.00,14.99200,0,494273,T,MCASTRO8,,5,SAMPLE SET - PARALLELS 2.0,0,0
2024-07-22,GCSETSS-1724,SAMPLE SET - GII SMOOTH,100.00,135.80000,135.80000,0,P,LMORENO,,5,SAMPLE SET - GII SMOOTH,0,0
2024-07-22,GCSETVN-2323,SAMPLE SET - VINYLNOVA,-1.00,122.00000,0,494389,T,MCASTRO8,,5,SAMPLE SET - VINYLNOVA,0,0
2024-07-22,GCSETVN-2323,SAMPLE SET - VINYLNOVA,1.00,122.00000,0,494389,T,MCASTRO8,,5,SAMPLE SET - VINYLNOVA,0,0
2024-07-22,NONSTOCK,PLYWOOD PALLET LILY,22.00,10.00000,10.00000,0,P,LMORENO,,,NON-STOCK ITEMS,0,0
2024-07-22,NONSTOCK,DUBOIS NATHALIE CHIPS,180.00,0.92000,0.92000,0,P,LMORENO,,,NON-STOCK ITEMS,0,0
2024-07-22,NONSTOCK,PLYWOOD PALLETS LILY,22.00,10.00000,10.00000,0,P,LMORENO,,,NON-STOCK ITEMS,0,0
2024-07-22,NONSTOCK,PLYWOOD PALLET LILY,15.00,10.00000,10.00000,0,P,LMORENO,,,NON-STOCK ITEMS,0,0
2024-07-22,NONSTOCK,CANYON CREST GLENWOOD CHIPS,60.00,1.60000,1.60000,0,P,LMORENO,,,NON-STOCK ITEMS,0,0
2024-07-22,NONSTOCK,GNII SIERRA CHIPS,60.00,0.72000,0.72000,0,P,LMORENO,,,NON-STOCK ITEMS,0,0
2024-07-23,NONSTOCK,"2"" X 110 YDS STOP TAPE CASE",6.00,25.00000,25.00000,0,P,LMORENO,,,NON-STOCK ITEMS,0,0
2024-07-23,NONSTOCK,"18"" STRETCH FILM CASE",72.00,34.00000,34.00000,0,P,LMORENO,,,NON-STOCK ITEMS,0,0
2024-07-23,NONSTOCK,PLYWOOD PALLETS LILY,22.00,10.00000,10.00000,0,P,LMORENO,,,NON-STOCK ITEMS,0,0
2024-07-24,GCKEYSET997,RETAIL SAMPLE PANEL MDF MLDNGS,-10.00,28.65500,0,496499,T,RRODRIGUE8,,5,RETAIL SAMPLE PANEL MDF MLDNGS,0,0
2024-07-24,GCKEYSET997,RETAIL SAMPLE PANEL MDF MLDNGS,10.00,28.65500,0,496499,T,RRODRIGUE8,,5,RETAIL SAMPLE PANEL MDF MLDNGS,0,0
2024-07-24,GCSETBH-2828,SAMPLE SET - BEVERLY HILLS,-1.00,171.60000,0,495435,T,,,5,SAMPLE SET - BEVERLY HILLS,0,0
2024-07-24,GCSETBH-2828,SAMPLE SET - BEVERLY HILLS,1.00,171.60000,0,495435,T,,,5,SAMPLE SET - BEVERLY HILLS,0,0
2024-07-24,GCSETNP-2228,SAMPLE SET - NEWPORT,-1.00,59.06000,0,496170,T,JGUTIERRE6,,5,SAMPLE SET - NEWPORT,0,0
2024-07-24,GCSETNP-2228,SAMPLE SET - NEWPORT,1.00,59.06000,0,496170,T,JGUTIERRE6,,5,SAMPLE SET - NEWPORT,0,0
2024-07-24,GCSETPS-2228,SAMPLE SET - PRIVATE SELECTION,-1.00,72.00000,0,496170,T,JGUTIERRE6,,5,SAMPLE SET - PRIVATE SELECTION,0,0
2024-07-24,GCSETPS-2228,SAMPLE SET - PRIVATE SELECTION,1.00,72.00000,0,496170,T,JGUTIERRE6,,5,SAMPLE SET - PRIVATE SELECTION,0,0
2024-07-24,GCSETP2-2428,SAMPLE SET - PARALLELS 2.0,-10.00,14.99200,0,496499,T,RRODRIGUE8,,5,SAMPLE SET - PARALLELS 2.0,0,0
2024-07-24,GCSETP2-2428,SAMPLE SET - PARALLELS 2.0,10.00,14.99200,0,496499,T,RRODRIGUE8,,5,SAMPLE SET - PARALLELS 2.0,0,0
2024-07-24,GCSETVG-2828,SAMPLE SET - VILLA GIALLA,-1.00,271.84000,0,495435,T,,,5,SAMPLE SET - VILLA GIALLA,0,0
2024-07-24,GCSETVG-2828,SAMPLE SET - VILLA GIALLA,1.00,271.84000,0,495435,T,,,5,SAMPLE SET - VILLA GIALLA,0,0
2024-07-24,GCSETVN-2323,SAMPLE SET - VINYLNOVA,-23.00,122.00000,0,494808,T,LMORENO,,5,SAMPLE SET - VINYLNOVA,0,0
2024-07-24,GCSETVN-2323,SAMPLE SET - VINYLNOVA,23.00,122.00000,0,494808,T,LMORENO,,5,SAMPLE SET - VINYLNOVA,0,0
2024-07-24,GCSETVY-2228,SAMPLE SET - VINEYARD,-1.00,109.25000,0,495435,T,,,5,SAMPLE SET - VINEYARD,0,0
2024-07-24,GCSETVY-2228,SAMPLE SET - VINEYARD,1.00,109.25000,0,495435,T,,,5,SAMPLE SET - VINEYARD,0,0
2024-07-24,NONSTOCK,PLYWOOD PALLETS LILY,22.00,10.00000,10.00000,0,P,LMORENO,,,NON-STOCK ITEMS,0,0
2024-07-25,GCSETGL-2828-1,SAMPLE SET - GOLD LABEL 1 OF 2,-1.00,0,0,496460,T,SMORALES3,,5,SAMPLE SET - GOLD LABEL 1 OF 2,0,0
2024-07-25,GCSETGL-2828-1,SAMPLE SET - GOLD LABEL 1 OF 2,1.00,0,0,496460,T,SMORALES3,,5,SAMPLE SET - GOLD LABEL 1 OF 2,0,0
2024-07-25,GCSETGL-2828-1,SAMPLE SET - GOLD LABEL 1 OF 2,-1.00,92.79000,0,496467,T,JGUTIERRE6,,5,SAMPLE SET - GOLD LABEL 1 OF 2,0,0
2024-07-25,GCSETGL-2828-1,SAMPLE SET - GOLD LABEL 1 OF 2,1.00,92.79000,0,496467,T,JGUTIERRE6,,5,SAMPLE SET - GOLD LABEL 1 OF 2,0,0
2024-07-25,GCSETGL-2828-2,SAMPLE SET - GOLD LABEL 2 OF 2,-1.00,0,0,496460,T,SMORALES3,,5,SAMPLE SET - GOLD LABEL 2 OF 2,0,0
2024-07-25,GCSETGL-2828-2,SAMPLE SET - GOLD LABEL 2 OF 2,1.00,0,0,496460,T,SMORALES3,,5,SAMPLE SET - GOLD LABEL 2 OF 2,0,0
2024-07-25,GCSETGL-2828-2,SAMPLE SET - GOLD LABEL 2 OF 2,-1.00,37.50000,0,496467,T,JGUTIERRE6,,5,SAMPLE SET - GOLD LABEL 2 OF 2,0,0
2024-07-25,GCSETGL-2828-2,SAMPLE SET - GOLD LABEL 2 OF 2,1.00,37.50000,0,496467,T,JGUTIERRE6,,5,SAMPLE SET - GOLD LABEL 2 OF 2,0,0
2024-07-25,GCSETNP-2228,SAMPLE SET - NEWPORT,-1.00,146.87430,0,499555,T,,,5,SAMPLE SET - NEWPORT,0,0
2024-07-25,GCSETNP-2228,SAMPLE SET - NEWPORT,-1.00,146.87430,0,499556,T,,,5,SAMPLE SET - NEWPORT,0,0
2024-07-25,GCSETNP-2228,SAMPLE SET - NEWPORT,1.00,146.87430,0,499555,T,,,5,SAMPLE SET - NEWPORT,0,0
2024-07-25,GCSETNP-2228,SAMPLE SET - NEWPORT,1.00,146.87430,0,499556,T,,,5,SAMPLE SET - NEWPORT,0,0
2024-07-25,GCSETVN-2323,SAMPLE SET - VINYLNOVA,-1.00,122.00000,0,496706,T,,,5,SAMPLE SET - VINYLNOVA,0,0
2024-07-25,GCSETVN-2323,SAMPLE SET - VINYLNOVA,1.00,122.00000,0,496706,T,,,5,SAMPLE SET - VINYLNOVA,0,0
2024-07-25,NONSTOCK,PLYWOOD PALLETS JIM LAMINATE,20.00,3.61000,2.00000,0,P,LMORENO,,,NON-STOCK ITEMS,0,0
2024-07-25,NONSTOCK,PLYWOOD PALLETS JIM LAMINATE,18.00,3.52700,2.00000,0,P,LMORENO,,,NON-STOCK ITEMS,0,0
2024-07-25,NONSTOCK,PLYWOOD PALLETS LILY,22.00,10.00000,10.00000,0,P,LMORENO,,,NON-STOCK ITEMS,0,0
2024-07-26,GCSETABII-2323,"SAMPLE SET - AQUABLUE II ""NEW""",-1.00,50.00000,0,496348,T,BOREGAN5,,5,"SAMPLE SET - AQUABLUE II ""NEW""",0,0
2024-07-26,GCSETABII-2323,"SAMPLE SET - AQUABLUE II ""NEW""",1.00,50.00000,0,496348,T,BOREGAN5,,5,"SAMPLE SET - AQUABLUE II ""NEW""",0,0
2024-07-26,GCSETBH-2828,SAMPLE SET - BEVERLY HILLS,-1.00,171.60000,0,496878,T,BOREGAN5,,5,SAMPLE SET - BEVERLY HILLS,0,0
2024-07-26,GCSETBH-2828,SAMPLE SET - BEVERLY HILLS,1.00,171.60000,0,496878,T,BOREGAN5,,5,SAMPLE SET - BEVERLY HILLS,0,0
2024-07-26,GCSETBH-2828,SAMPLE SET - BEVERLY HILLS,-1.00,171.60000,0,496880,T,BOREGAN5,,5,SAMPLE SET - BEVERLY HILLS,0,0
2024-07-26,GCSETBH-2828,SAMPLE SET - BEVERLY HILLS,1.00,171.60000,0,496880,T,BOREGAN5,,5,SAMPLE SET - BEVERLY HILLS,0,0
2024-07-26,GCSETEX-2528,SAMPLE SET - EXOTICS *OMP*,-1.00,210.88200,0,496824,T,BOREGAN5,,5,SAMPLE SET - EXOTICS *OMP*,0,0
2024-07-26,GCSETEX-2528,SAMPLE SET - EXOTICS *OMP*,1.00,210.88200,0,496824,T,BOREGAN5,,5,SAMPLE SET - EXOTICS *OMP*,0,0
2024-07-26,GCSETGL-2828-1,SAMPLE SET - GOLD LABEL 1 OF 2,-1.00,92.79000,0,496463,T,JSGOMEZ4,,5,SAMPLE SET - GOLD LABEL 1 OF 2,0,0
2024-07-26,GCSETGL-2828-1,SAMPLE SET - GOLD LABEL 1 OF 2,1.00,92.79000,0,496463,T,JSGOMEZ4,,5,SAMPLE SET - GOLD LABEL 1 OF 2,0,0
2024-07-26,GCSETGL-2828-1,SAMPLE SET - GOLD LABEL 1 OF 2,-1.00,92.79000,0,496466,T,BOREGAN5,,5,SAMPLE SET - GOLD LABEL 1 OF 2,0,0
2024-07-26,GCSETGL-2828-1,SAMPLE SET - GOLD LABEL 1 OF 2,1.00,92.79000,0,496466,T,BOREGAN5,,5,SAMPLE SET - GOLD LABEL 1 OF 2,0,0
2024-07-26,GCSETGL-2828-2,SAMPLE SET - GOLD LABEL 2 OF 2,-1.00,37.50000,0,496463,T,JSGOMEZ4,,5,SAMPLE SET - GOLD LABEL 2 OF 2,0,0
2024-07-26,GCSETGL-2828-2,SAMPLE SET - GOLD LABEL 2 OF 2,1.00,37.50000,0,496463,T,JSGOMEZ4,,5,SAMPLE SET - GOLD LABEL 2 OF 2,0,0
2024-07-26,GCSETGL-2828-2,SAMPLE SET - GOLD LABEL 2 OF 2,-1.00,37.50000,0,496466,T,BOREGAN5,,5,SAMPLE SET - GOLD LABEL 2 OF 2,0,0
2024-07-26,GCSETGL-2828-2,SAMPLE SET - GOLD LABEL 2 OF 2,1.00,37.50000,0,496466,T,BOREGAN5,,5,SAMPLE SET - GOLD LABEL 2 OF 2,0,0
2024-07-26,GCSETPS-2228,SAMPLE SET - PRIVATE SELECTION,-1.00,72.00000,0,496878,T,BOREGAN5,,5,SAMPLE SET - PRIVATE SELECTION,0,0
2024-07-26,GCSETPS-2228,SAMPLE SET - PRIVATE SELECTION,1.00,72.00000,0,496878,T,BOREGAN5,,5,SAMPLE SET - PRIVATE SELECTION,0,0
2024-07-26,GCSETPS-2228,SAMPLE SET - PRIVATE SELECTION,-1.00,72.00000,0,496880,T,BOREGAN5,,5,SAMPLE SET - PRIVATE SELECTION,0,0
2024-07-26,GCSETPS-2228,SAMPLE SET - PRIVATE SELECTION,1.00,72.00000,0,496880,T,BOREGAN5,,5,SAMPLE SET - PRIVATE SELECTION,0,0
2024-07-26,GCSETVN-2323,SAMPLE SET - VINYLNOVA,-1.00,122.00000,0,496878,T,BOREGAN5,,5,SAMPLE SET - VINYLNOVA,0,0
2024-07-26,GCSETVN-2323,SAMPLE SET - VINYLNOVA,1.00,122.00000,0,496878,T,BOREGAN5,,5,SAMPLE SET - VINYLNOVA,0,0
2024-07-26,GCSETVN-2323,SAMPLE SET - VINYLNOVA,-1.00,122.00000,0,496880,T,BOREGAN5,,5,SAMPLE SET - VINYLNOVA,0,0
2024-07-26,GCSETVN-2323,SAMPLE SET - VINYLNOVA,1.00,122.00000,0,496880,T,BOREGAN5,,5,SAMPLE SET - VINYLNOVA,0,0
2024-07-26,GCSETVN-2323,SAMPLE SET - VINYLNOVA,-1.00,122.00000,0,496365,T,BOREGAN5,,5,SAMPLE SET - VINYLNOVA,0,0
2024-07-26,GCSETVN-2323,SAMPLE SET - VINYLNOVA,1.00,122.00000,0,496365,T,BOREGAN5,,5,SAMPLE SET - VINYLNOVA,0,0
2024-07-26,NONSTOCK,PLYWOOD PALLETS JIM LAMINATE,20.00,3.52700,2.00000,0,P,LMORENO,,,NON-STOCK ITEMS,0,0
2024-07-27,GCSETGL-2828-1,SAMPLE SET - GOLD LABEL 1 OF 2,-1.00,92.79000,0,496472,T,JGOMEZ9,,5,SAMPLE SET - GOLD LABEL 1 OF 2,0,0
2024-07-27,GCSETGL-2828-1,SAMPLE SET - GOLD LABEL 1 OF 2,1.00,92.79000,0,496472,T,JGOMEZ9,,5,SAMPLE SET - GOLD LABEL 1 OF 2,0,0
2024-07-27,GCSETGL-2828-2,SAMPLE SET - GOLD LABEL 2 OF 2,-1.00,37.50000,0,496472,T,JGOMEZ9,,5,SAMPLE SET - GOLD LABEL 2 OF 2,0,0
2024-07-27,GCSETGL-2828-2,SAMPLE SET - GOLD LABEL 2 OF 2,1.00,37.50000,0,496472,T,JGOMEZ9,,5,SAMPLE SET - GOLD LABEL 2 OF 2,0,0
2024-07-27,NONSTOCK,PLYWOOD PALLETS LILY,22.00,10.00000,10.00000,0,P,LMORENO,,,NON-STOCK ITEMS,0,0
2024-07-29,GCSETNP-2228,SAMPLE SET - NEWPORT,-1.00,146.87430,0,494393,T,LMORENO,,5,SAMPLE SET - NEWPORT,0,0
2024-07-29,GCSETNP-2228,SAMPLE SET - NEWPORT,1.00,146.87430,0,494393,T,LMORENO,,5,SAMPLE SET - NEWPORT,0,0
2024-07-29,GCSETP2-2428,SAMPLE SET - PARALLELS 2.0,-2.00,14.99200,0,494393,T,LMORENO,,5,SAMPLE SET - PARALLELS 2.0,0,0
2024-07-29,GCSETP2-2428,SAMPLE SET - PARALLELS 2.0,2.00,14.99200,0,494393,T,LMORENO,,5,SAMPLE SET - PARALLELS 2.0,0,0
2024-07-29,GCSETVG-2828,SAMPLE SET - VILLA GIALLA,-1.00,271.84000,0,494393,T,LMORENO,,5,SAMPLE SET - VILLA GIALLA,0,0
2024-07-29,GCSETVG-2828,SAMPLE SET - VILLA GIALLA,1.00,271.84000,0,494393,T,LMORENO,,5,SAMPLE SET - VILLA GIALLA,0,0
2024-07-29,NONSTOCK,PLYWOOD PALLET LILY,22.00,10.00000,10.00000,0,P,LMORENO,,,NON-STOCK ITEMS,0,0
2024-07-29,NONSTOCK,VILLA GILLA MONZA CHIPS,80.00,1.60000,1.60000,0,P,LMORENO,,,NON-STOCK ITEMS,0,0
2024-07-29,NONSTOCK,DUBOIS ANASTASIA CHIPS,120.00,0.92000,0.92000,0,P,LMORENO,,,NON-STOCK ITEMS,0,0
2024-07-30,GCSETCC-1724,SAMPLE SET - CAROLINA C.,100.00,49.25000,49.25000,0,P,LMORENO,,5,SAMPLE SET - CAROLINA C.,0,0
2024-07-30,GCSETGL-2828-1,SAMPLE SET - GOLD LABEL 1 OF 2,-1.00,92.79000,0,497717,T,,,5,SAMPLE SET - GOLD LABEL 1 OF 2,0,0
2024-07-30,GCSETGL-2828-1,SAMPLE SET - GOLD LABEL 1 OF 2,1.00,92.79000,0,497717,T,,,5,SAMPLE SET - GOLD LABEL 1 OF 2,0,0
2024-07-30,GCSETGL-2828-2,SAMPLE SET - GOLD LABEL 2 OF 2,-1.00,37.50000,0,497717,T,,,5,SAMPLE SET - GOLD LABEL 2 OF 2,0,0
2024-07-30,GCSETGL-2828-2,SAMPLE SET - GOLD LABEL 2 OF 2,1.00,37.50000,0,497717,T,,,5,SAMPLE SET - GOLD LABEL 2 OF 2,0,0
2024-07-30,GCSETII-1724,SAMPLE SET - GII DIST.,-1.00,190.50000,0,498064,T,JSGOMEZ4,,5,SAMPLE SET - GII DIST.,0,0
2024-07-30,GCSETII-1724,SAMPLE SET - GII DIST.,1.00,190.50000,0,498064,T,JSGOMEZ4,,5,SAMPLE SET - GII DIST.,0,0
2024-07-30,GCSETII-1724,SAMPLE SET - GII DIST.,-1.00,190.50000,0,497717,T,,,5,SAMPLE SET - GII DIST.,0,0
2024-07-30,GCSETII-1724,SAMPLE SET - GII DIST.,-1.00,190.50000,0,497717,T,,,5,SAMPLE SET - GII DIST.,0,0
2024-07-30,GCSETII-1724,SAMPLE SET - GII DIST.,1.00,190.50000,0,497717,T,,,5,SAMPLE SET - GII DIST.,0,0
2024-07-30,GCSETII-1724,SAMPLE SET - GII DIST.,1.00,190.50000,0,497717,T,,,5,SAMPLE SET - GII DIST.,0,0
2024-07-30,GCSETIL-2424,SAMPLE SET - ILLUMIN8,-1.00,58.44600,0,498186,T,JGOMEZ9,,5,SAMPLE SET - ILLUMIN8,0,0
2024-07-30,GCSETIL-2424,SAMPLE SET - ILLUMIN8,1.00,58.44600,0,498186,T,JGOMEZ9,,5,SAMPLE SET - ILLUMIN8,0,0
2024-07-30,GCSETSS-1724,SAMPLE SET - GII SMOOTH,-1.00,135.80000,0,496402,T,,,5,SAMPLE SET - GII SMOOTH,0,0
2024-07-30,GCSETSS-1724,SAMPLE SET - GII SMOOTH,1.00,135.80000,0,496402,T,,,5,SAMPLE SET - GII SMOOTH,0,0
2024-07-30,GCSETVN-2323,SAMPLE SET - VINYLNOVA,-2.00,122.00000,0,87,T,,,5,SAMPLE SET - VINYLNOVA,0,0
2024-07-30,GCSETVN-2323,SAMPLE SET - VINYLNOVA,2.00,122.00000,0,87,T,,,5,SAMPLE SET - VINYLNOVA,0,0
2024-07-30,GCSETVY-2228-A,SAMPLE SET - VINEYARD ADD-ON,100.00,69.45000,69.45000,0,P,LMORENO,,5,SAMPLE SET - VINEYARD ADD-ON,0,0
2024-07-30,GCSETVY-2228-A,SAMPLE SET - VINEYARD ADD-ON,-5.00,69.45000,0,87,T,,,5,SAMPLE SET - VINEYARD ADD-ON,0,0
2024-07-30,GCSETVY-2228-A,SAMPLE SET - VINEYARD ADD-ON,5.00,69.45000,0,87,T,,,5,SAMPLE SET - VINEYARD ADD-ON,0,0
2024-07-31,GCSETGL-2828-1,SAMPLE SET - GOLD LABEL 1 OF 2,-1.00,92.79000,0,498650,T,,,5,SAMPLE SET - GOLD LABEL 1 OF 2,0,0
2024-07-31,GCSETGL-2828-1,SAMPLE SET - GOLD LABEL 1 OF 2,1.00,92.79000,0,498650,T,,,5,SAMPLE SET - GOLD LABEL 1 OF 2,0,0
2024-07-31,GCSETGL-2828-2,SAMPLE SET - GOLD LABEL 2 OF 2,-1.00,37.50000,0,498650,T,,,5,SAMPLE SET - GOLD LABEL 2 OF 2,0,0
2024-07-31,GCSETGL-2828-2,SAMPLE SET - GOLD LABEL 2 OF 2,1.00,37.50000,0,498650,T,,,5,SAMPLE SET - GOLD LABEL 2 OF 2,0,0
2024-07-31,GCSETNP-2228,SAMPLE SET - NEWPORT,-1.00,146.87430,0,498650,T,,,5,SAMPLE SET - NEWPORT,0,0
2024-07-31,GCSETNP-2228,SAMPLE SET - NEWPORT,1.00,146.87430,0,498650,T,,,5,SAMPLE SET - NEWPORT,0,0
2024-08-01,GCSETCC-1724,SAMPLE SET - CAROLINA C.,-1.00,49.25000,0,495018,T,BOREGAN5,,5,SAMPLE SET - CAROLINA C.,0,0
2024-08-01,GCSETCC-1724,SAMPLE SET - CAROLINA C.,1.00,49.25000,0,495018,T,BOREGAN5,,5,SAMPLE SET - CAROLINA C.,0,0
2024-08-01,GCSETEX-1724,SAMPLE SET - EXOTICS,100.00,193.12600,130.00000,500442,P,LMORENO,,5,SAMPLE SET - EXOTICS,0,0
2024-08-01,GCSETGL-2828-1,SAMPLE SET - GOLD LABEL 1 OF 2,-1.00,92.79000,0,499030,T,,,5,SAMPLE SET - GOLD LABEL 1 OF 2,0,0
2024-08-01,GCSETGL-2828-1,SAMPLE SET - GOLD LABEL 1 OF 2,-1.00,92.79000,0,499024,T,,,5,SAMPLE SET - GOLD LABEL 1 OF 2,0,0
2024-08-01,GCSETGL-2828-1,SAMPLE SET - GOLD LABEL 1 OF 2,-1.00,92.79000,0,498962,T,,,5,SAMPLE SET - GOLD LABEL 1 OF 2,0,0
2024-08-01,GCSETGL-2828-1,SAMPLE SET - GOLD LABEL 1 OF 2,-1.00,92.79000,0,499018,T,,,5,SAMPLE SET - GOLD LABEL 1 OF 2,0,0
2024-08-01,GCSETGL-2828-1,SAMPLE SET - GOLD LABEL 1 OF 2,-1.00,92.79000,0,499021,T,,,5,SAMPLE SET - GOLD LABEL 1 OF 2,0,0
2024-08-01,GCSETGL-2828-1,SAMPLE SET - GOLD LABEL 1 OF 2,-1.00,92.79000,0,499025,T,,,5,SAMPLE SET - GOLD LABEL 1 OF 2,0,0
2024-08-01,GCSETGL-2828-1,SAMPLE SET - GOLD LABEL 1 OF 2,-1.00,92.79000,0,498955,T,,,5,SAMPLE SET - GOLD LABEL 1 OF 2,0,0
2024-08-01,GCSETGL-2828-1,SAMPLE SET - GOLD LABEL 1 OF 2,-1.00,92.79000,0,499029,T,,,5,SAMPLE SET - GOLD LABEL 1 OF 2,0,0
2024-08-01,GCSETGL-2828-1,SAMPLE SET - GOLD LABEL 1 OF 2,-1.00,92.79000,0,499023,T,,,5,SAMPLE SET - GOLD LABEL 1 OF 2,0,0
2024-08-01,GCSETGL-2828-1,SAMPLE SET - GOLD LABEL 1 OF 2,-1.00,92.79000,0,499035,T,,,5,SAMPLE SET - GOLD LABEL 1 OF 2,0,0
2024-08-01,GCSETGL-2828-1,SAMPLE SET - GOLD LABEL 1 OF 2,-1.00,92.79000,0,499031,T,,,5,SAMPLE SET - GOLD LABEL 1 OF 2,0,0
2024-08-01,GCSETGL-2828-1,SAMPLE SET - GOLD LABEL 1 OF 2,-1.00,92.79000,0,498953,T,,,5,SAMPLE SET - GOLD LABEL 1 OF 2,0,0
2024-08-01,GCSETGL-2828-1,SAMPLE SET - GOLD LABEL 1 OF 2,1.00,92.79000,0,499030,T,,,5,SAMPLE SET - GOLD LABEL 1 OF 2,0,0
2024-08-01,GCSETGL-2828-1,SAMPLE SET - GOLD LABEL 1 OF 2,1.00,92.79000,0,499024,T,,,5,SAMPLE SET - GOLD LABEL 1 OF 2,0,0
2024-08-01,GCSETGL-2828-1,SAMPLE SET - GOLD LABEL 1 OF 2,1.00,92.79000,0,498962,T,,,5,SAMPLE SET - GOLD LABEL 1 OF 2,0,0
2024-08-01,GCSETGL-2828-1,SAMPLE SET - GOLD LABEL 1 OF 2,1.00,92.79000,0,499018,T,,,5,SAMPLE SET - GOLD LABEL 1 OF 2,0,0
2024-08-01,GCSETGL-2828-1,SAMPLE SET - GOLD LABEL 1 OF 2,1.00,92.79000,0,499021,T,,,5,SAMPLE SET - GOLD LABEL 1 OF 2,0,0
2024-08-01,GCSETGL-2828-1,SAMPLE SET - GOLD LABEL 1 OF 2,1.00,92.79000,0,499025,T,,,5,SAMPLE SET - GOLD LABEL 1 OF 2,0,0
2024-08-01,GCSETGL-2828-1,SAMPLE SET - GOLD LABEL 1 OF 2,1.00,92.79000,0,498955,T,,,5,SAMPLE SET - GOLD LABEL 1 OF 2,0,0
2024-08-01,GCSETGL-2828-1,SAMPLE SET - GOLD LABEL 1 OF 2,1.00,92.79000,0,499029,T,,,5,SAMPLE SET - GOLD LABEL 1 OF 2,0,0
2024-08-01,GCSETGL-2828-1,SAMPLE SET - GOLD LABEL 1 OF 2,1.00,92.79000,0,499023,T,,,5,SAMPLE SET - GOLD LABEL 1 OF 2,0,0
2024-08-01,GCSETGL-2828-1,SAMPLE SET - GOLD LABEL 1 OF 2,1.00,92.79000,0,499035,T,,,5,SAMPLE SET - GOLD LABEL 1 OF 2,0,0
2024-08-01,GCSETGL-2828-1,SAMPLE SET - GOLD LABEL 1 OF 2,1.00,92.79000,0,499031,T,,,5,SAMPLE SET - GOLD LABEL 1 OF 2,0,0
2024-08-01,GCSETGL-2828-1,SAMPLE SET - GOLD LABEL 1 OF 2,1.00,92.79000,0,498953,T,,,5,SAMPLE SET - GOLD LABEL 1 OF 2,0,0
2024-08-01,GCSETGL-2828-2,SAMPLE SET - GOLD LABEL 2 OF 2,-1.00,37.50000,0,499030,T,,,5,SAMPLE SET - GOLD LABEL 2 OF 2,0,0
2024-08-01,GCSETGL-2828-2,SAMPLE SET - GOLD LABEL 2 OF 2,-1.00,37.50000,0,499024,T,,,5,SAMPLE SET - GOLD LABEL 2 OF 2,0,0
2024-08-01,GCSETGL-2828-2,SAMPLE SET - GOLD LABEL 2 OF 2,-1.00,37.50000,0,498962,T,,,5,SAMPLE SET - GOLD LABEL 2 OF 2,0,0
2024-08-01,GCSETGL-2828-2,SAMPLE SET - GOLD LABEL 2 OF 2,-1.00,37.50000,0,499018,T,,,5,SAMPLE SET - GOLD LABEL 2 OF 2,0,0
2024-08-01,GCSETGL-2828-2,SAMPLE SET - GOLD LABEL 2 OF 2,-1.00,37.50000,0,499021,T,,,5,SAMPLE SET - GOLD LABEL 2 OF 2,0,0
2024-08-01,GCSETGL-2828-2,SAMPLE SET - GOLD LABEL 2 OF 2,-1.00,37.50000,0,499025,T,,,5,SAMPLE SET - GOLD LABEL 2 OF 2,0,0
2024-08-01,GCSETGL-2828-2,SAMPLE SET - GOLD LABEL 2 OF 2,-1.00,37.50000,0,498955,T,,,5,SAMPLE SET - GOLD LABEL 2 OF 2,0,0
2024-08-01,GCSETGL-2828-2,SAMPLE SET - GOLD LABEL 2 OF 2,-1.00,37.50000,0,499029,T,,,5,SAMPLE SET - GOLD LABEL 2 OF 2,0,0
2024-08-01,GCSETGL-2828-2,SAMPLE SET - GOLD LABEL 2 OF 2,-1.00,37.50000,0,499023,T,,,5,SAMPLE SET - GOLD LABEL 2 OF 2,0,0
2024-08-01,GCSETGL-2828-2,SAMPLE SET - GOLD LABEL 2 OF 2,-1.00,37.50000,0,499035,T,,,5,SAMPLE SET - GOLD LABEL 2 OF 2,0,0
2024-08-01,GCSETGL-2828-2,SAMPLE SET - GOLD LABEL 2 OF 2,-1.00,37.50000,0,499031,T,,,5,SAMPLE SET - GOLD LABEL 2 OF 2,0,0
2024-08-01,GCSETGL-2828-2,SAMPLE SET - GOLD LABEL 2 OF 2,-1.00,37.50000,0,498953,T,,,5,SAMPLE SET - GOLD LABEL 2 OF 2,0,0
2024-08-01,GCSETGL-2828-2,SAMPLE SET - GOLD LABEL 2 OF 2,1.00,37.50000,0,499030,T,,,5,SAMPLE SET - GOLD LABEL 2 OF 2,0,0
2024-08-01,GCSETGL-2828-2,SAMPLE SET - GOLD LABEL 2 OF 2,1.00,37.50000,0,499024,T,,,5,SAMPLE SET - GOLD LABEL 2 OF 2,0,0
2024-08-01,GCSETGL-2828-2,SAMPLE SET - GOLD LABEL 2 OF 2,1.00,37.50000,0,498962,T,,,5,SAMPLE SET - GOLD LABEL 2 OF 2,0,0
2024-08-01,GCSETGL-2828-2,SAMPLE SET - GOLD LABEL 2 OF 2,1.00,37.50000,0,499018,T,,,5,SAMPLE SET - GOLD LABEL 2 OF 2,0,0
2024-08-01,GCSETGL-2828-2,SAMPLE SET - GOLD LABEL 2 OF 2,1.00,37.50000,0,499021,T,,,5,SAMPLE SET - GOLD LABEL 2 OF 2,0,0
2024-08-01,GCSETGL-2828-2,SAMPLE SET - GOLD LABEL 2 OF 2,1.00,37.50000,0,499025,T,,,5,SAMPLE SET - GOLD LABEL 2 OF 2,0,0
2024-08-01,GCSETGL-2828-2,SAMPLE SET - GOLD LABEL 2 OF 2,1.00,37.50000,0,498955,T,,,5,SAMPLE SET - GOLD LABEL 2 OF 2,0,0
2024-08-01,GCSETGL-2828-2,SAMPLE SET - GOLD LABEL 2 OF 2,1.00,37.50000,0,499029,T,,,5,SAMPLE SET - GOLD LABEL 2 OF 2,0,0
2024-08-01,GCSETGL-2828-2,SAMPLE SET - GOLD LABEL 2 OF 2,1.00,37.50000,0,499023,T,,,5,SAMPLE SET - GOLD LABEL 2 OF 2,0,0
2024-08-01,GCSETGL-2828-2,SAMPLE SET - GOLD LABEL 2 OF 2,1.00,37.50000,0,499035,T,,,5,SAMPLE SET - GOLD LABEL 2 OF 2,0,0
2024-08-01,GCSETGL-2828-2,SAMPLE SET - GOLD LABEL 2 OF 2,1.00,37.50000,0,499031,T,,,5,SAMPLE SET - GOLD LABEL 2 OF 2,0,0
2024-08-01,GCSETGL-2828-2,SAMPLE SET - GOLD LABEL 2 OF 2,1.00,37.50000,0,498953,T,,,5,SAMPLE SET - GOLD LABEL 2 OF 2,0,0
2024-08-01,GCSETVY-2228-A,SAMPLE SET - VINEYARD ADD-ON,-1.00,69.45000,0,495269,T,SMORALES3,,5,SAMPLE SET - VINEYARD ADD-ON,0,0
2024-08-01,GCSETVY-2228-A,SAMPLE SET - VINEYARD ADD-ON,1.00,69.45000,0,495269,T,SMORALES3,,5,SAMPLE SET - VINEYARD ADD-ON,0,0
2024-08-01,GCSETVY-2228-A,SAMPLE SET - VINEYARD ADD-ON,-1.00,69.45000,0,495275,T,BOREGAN5,,5,SAMPLE SET - VINEYARD ADD-ON,0,0
2024-08-01,GCSETVY-2228-A,SAMPLE SET - VINEYARD ADD-ON,1.00,69.45000,0,495275,T,BOREGAN5,,5,SAMPLE SET - VINEYARD ADD-ON,0,0
2024-08-01,NONSTOCK,PLYWOOD PALLETS INTCO,30.00,34.17700,20.00000,0,P,LMORENO,,,NON-STOCK ITEMS,0,0
2024-08-01,NONSTOCK,PLYWOOD PALLETS LILY,22.00,10.00000,10.00000,0,P,LMORENO,,,NON-STOCK ITEMS,0,0
2024-08-01,NONSTOCK,BEVERLY HILLS BURTON WAY CHIPS,240.00,1.00000,1.00000,0,P,LMORENO,,,NON-STOCK ITEMS,0,0
2024-08-01,NONSTOCK,"8"" WHITE PLASTIC PLUG",100.00,0,0,0,P,LMORENO,,,NON-STOCK ITEMS,0,0
2024-08-01,NONSTOCK,"6"" WHITE PLASTIC PLUG",168.00,0,0,0,P,LMORENO,,,NON-STOCK ITEMS,0,0
2024-08-01,NONSTOCK,"4"" WHITE PLASTIC PLUG",360.00,0,0,0,P,LMORENO,,,NON-STOCK ITEMS,0,0
2024-08-01,NONSTOCK,"8""ID X 95""OL-.125 TUBE",50.00,13.85114,11.17000,0,P,LMORENO,,,NON-STOCK ITEMS,0,0
2024-08-01,NONSTOCK,"6""ID X 95""OL-.125 TUBE",84.00,11.81748,9.53000,0,P,LMORENO,,,NON-STOCK ITEMS,0,0
2024-08-01,NONSTOCK,"4""ID X 95""OL-.125 TUBE",180.00,6.42334,5.18000,0,P,LMORENO,,,NON-STOCK ITEMS,0,0
2024-08-01,NONSTOCK,PLYWOOD PALLETS LILY,22.00,10.00000,10.00000,0,P,LMORENO,,,NON-STOCK ITEMS,0,0
2024-08-01,NONSTOCK,PLYWOOD PALLETS LILY,22.00,10.00000,10.00000,0,P,LMORENO,,,NON-STOCK ITEMS,0,0
2024-08-01,NONSTOCK,PLYWOOD PALLETS LILY,22.00,10.00000,10.00000,0,P,LMORENO,,,NON-STOCK ITEMS,0,0
2024-08-01,NONSTOCK,PLYWOOD PALLETS LILY,22.00,10.00000,10.00000,0,P,LMORENO,,,NON-STOCK ITEMS,0,0
2024-08-01,NONSTOCK,BEVERLY HILLS ROXBURY CHIPS,160.00,1.00000,1.00000,0,P,LMORENO,,,NON-STOCK ITEMS,0,0
2024-08-01,NONSTOCK,PLYWOOD PALLETS LILY,22.00,10.00000,10.00000,0,P,LMORENO,,,NON-STOCK ITEMS,0,0
2024-08-01,NONSTOCK,PLYWOOD PALLETS LILY,22.00,10.00000,10.00000,0,P,LMORENO,,,NON-STOCK ITEMS,0,0
2024-08-02,GCSETAL-2228,"SAMPLE SET - 7.5"" ALLORA",-1.00,418.24100,0,499304,T,,,5,"SAMPLE SET - 7.5"" ALLORA",0,0
2024-08-02,GCSETAL-2228,"SAMPLE SET - 7.5"" ALLORA",1.00,418.24100,0,499304,T,,,5,"SAMPLE SET - 7.5"" ALLORA",0,0
2024-08-02,GCSETBH-2828,SAMPLE SET - BEVERLY HILLS,-1.00,171.60000,0,499283,T,MCASTRO8,,5,SAMPLE SET - BEVERLY HILLS,0,0
2024-08-02,GCSETBH-2828,SAMPLE SET - BEVERLY HILLS,1.00,171.60000,0,499283,T,MCASTRO8,,5,SAMPLE SET - BEVERLY HILLS,0,0
2024-08-02,GCSETBH-2828,SAMPLE SET - BEVERLY HILLS,-1.00,171.60000,0,498677,T,BOREGAN5,,5,SAMPLE SET - BEVERLY HILLS,0,0
2024-08-02,GCSETBH-2828,SAMPLE SET - BEVERLY HILLS,1.00,171.60000,0,498677,T,BOREGAN5,,5,SAMPLE SET - BEVERLY HILLS,0,0
2024-08-02,GCSETBH-2828,SAMPLE SET - BEVERLY HILLS,-1.00,171.60000,0,499304,T,,,5,SAMPLE SET - BEVERLY HILLS,0,0
2024-08-02,GCSETBH-2828,SAMPLE SET - BEVERLY HILLS,1.00,171.60000,0,499304,T,,,5,SAMPLE SET - BEVERLY HILLS,0,0
2024-08-02,GCSETCA-1724,SAMPLE SET - CANTINA,-1.00,66.40000,0,499095,T,BOREGAN5,,5,SAMPLE SET - CANTINA,0,0
2024-08-02,GCSETCA-1724,SAMPLE SET - CANTINA,1.00,66.40000,0,499095,T,BOREGAN5,,5,SAMPLE SET - CANTINA,0,0
2024-08-02,GCSETCA-1724,SAMPLE SET - CANTINA,-1.00,66.40000,0,499304,T,,,5,SAMPLE SET - CANTINA,0,0
2024-08-02,GCSETCA-1724,SAMPLE SET - CANTINA,1.00,66.40000,0,499304,T,,,5,SAMPLE SET - CANTINA,0,0
2024-08-02,GCSETDB-2228,SAMPLE SET - DU BOIS,-1.00,131.10000,0,499304,T,,,5,SAMPLE SET - DU BOIS,0,0
2024-08-02,GCSETDB-2228,SAMPLE SET - DU BOIS,1.00,131.10000,0,499304,T,,,5,SAMPLE SET - DU BOIS,0,0
2024-08-02,GCSETEX-2528,SAMPLE SET - EXOTICS *OMP*,-1.00,210.88200,0,499095,T,BOREGAN5,,5,SAMPLE SET - EXOTICS *OMP*,0,0
2024-08-02,GCSETEX-2528,SAMPLE SET - EXOTICS *OMP*,1.00,210.88200,0,499095,T,BOREGAN5,,5,SAMPLE SET - EXOTICS *OMP*,0,0
2024-08-02,GCSETGL-2828-1,SAMPLE SET - GOLD LABEL 1 OF 2,-1.00,92.79000,0,499019,T,,,5,SAMPLE SET - GOLD LABEL 1 OF 2,0,0
2024-08-02,GCSETGL-2828-1,SAMPLE SET - GOLD LABEL 1 OF 2,1.00,92.79000,0,499019,T,,,5,SAMPLE SET - GOLD LABEL 1 OF 2,0,0
2024-08-02,GCSETGL-2828-2,SAMPLE SET - GOLD LABEL 2 OF 2,-1.00,37.50000,0,499019,T,,,5,SAMPLE SET - GOLD LABEL 2 OF 2,0,0
2024-08-02,GCSETGL-2828-2,SAMPLE SET - GOLD LABEL 2 OF 2,1.00,37.50000,0,499019,T,,,5,SAMPLE SET - GOLD LABEL 2 OF 2,0,0
2024-08-02,GCSETII-1724,SAMPLE SET - GII DIST.,-1.00,190.50000,0,499095,T,BOREGAN5,,5,SAMPLE SET - GII DIST.,0,0
2024-08-02,GCSETII-1724,SAMPLE SET - GII DIST.,1.00,190.50000,0,499095,T,BOREGAN5,,5,SAMPLE SET - GII DIST.,0,0
2024-08-02,GCSETNP-2228,SAMPLE SET - NEWPORT,-1.00,146.87430,0,499304,T,,,5,SAMPLE SET - NEWPORT,0,0
2024-08-02,GCSETNP-2228,SAMPLE SET - NEWPORT,1.00,146.87430,0,499304,T,,,5,SAMPLE SET - NEWPORT,0,0
2024-08-02,GCSETPS-2228,SAMPLE SET - PRIVATE SELECTION,-1.00,72.00000,0,498677,T,BOREGAN5,,5,SAMPLE SET - PRIVATE SELECTION,0,0
2024-08-02,GCSETPS-2228,SAMPLE SET - PRIVATE SELECTION,1.00,72.00000,0,498677,T,BOREGAN5,,5,SAMPLE SET - PRIVATE SELECTION,0,0
2024-08-02,GCSETPS-2228,SAMPLE SET - PRIVATE SELECTION,-1.00,72.00000,0,499304,T,,,5,SAMPLE SET - PRIVATE SELECTION,0,0
2024-08-02,GCSETPS-2228,SAMPLE SET - PRIVATE SELECTION,1.00,72.00000,0,499304,T,,,5,SAMPLE SET - PRIVATE SELECTION,0,0
2024-08-02,GCSETP2-2428,SAMPLE SET - PARALLELS 2.0,-10.00,14.99200,0,498378,T,BOREGAN5,,5,SAMPLE SET - PARALLELS 2.0,0,0
2024-08-02,GCSETP2-2428,SAMPLE SET - PARALLELS 2.0,10.00,14.99200,0,498378,T,BOREGAN5,,5,SAMPLE SET - PARALLELS 2.0,0,0
2024-08-02,GCSETSS-1724,SAMPLE SET - GII SMOOTH,-1.00,135.80000,0,499095,T,BOREGAN5,,5,SAMPLE SET - GII SMOOTH,0,0
2024-08-02,GCSETSS-1724,SAMPLE SET - GII SMOOTH,1.00,135.80000,0,499095,T,BOREGAN5,,5,SAMPLE SET - GII SMOOTH,0,0
2024-08-02,GCSETVN-2323,SAMPLE SET - VINYLNOVA,-1.00,122.00000,0,498677,T,BOREGAN5,,5,SAMPLE SET - VINYLNOVA,0,0
2024-08-02,GCSETVN-2323,SAMPLE SET - VINYLNOVA,1.00,122.00000,0,498677,T,BOREGAN5,,5,SAMPLE SET - VINYLNOVA,0,0
2024-08-02,GCSETVY-2228,SAMPLE SET - VINEYARD,-1.00,109.25000,0,499304,T,,,5,SAMPLE SET - VINEYARD,0,0
2024-08-02,GCSETVY-2228,SAMPLE SET - VINEYARD,1.00,109.25000,0,499304,T,,,5,SAMPLE SET - VINEYARD,0,0
2024-08-05,GCSETBH-2828,SAMPLE SET - BEVERLY HILLS,-1.00,171.60000,0,91,T,,,5,SAMPLE SET - BEVERLY HILLS,0,0
2024-08-05,GCSETBH-2828,SAMPLE SET - BEVERLY HILLS,1.00,171.60000,0,91,T,,,5,SAMPLE SET - BEVERLY HILLS,0,0
2024-08-05,GCSETBH-2828PL,SAMPLE SET-BEVERLY HILLS <N/L>,-1.00,171.60000,0,499840,T,MCASTRO8,,5,SAMPLE SET-BEVERLY HILLS <N/L>,0,0
2024-08-05,GCSETBH-2828PL,SAMPLE SET-BEVERLY HILLS <N/L>,1.00,171.60000,0,499840,T,MCASTRO8,,5,SAMPLE SET-BEVERLY HILLS <N/L>,0,0
2024-08-05,GCSETCC-1724,SAMPLE SET - CAROLINA C.,-1.00,49.25000,0,495021,T,CRAYGOZA6,,5,SAMPLE SET - CAROLINA C.,0,0
2024-08-05,GCSETCC-1724,SAMPLE SET - CAROLINA C.,1.00,49.25000,0,495021,T,CRAYGOZA6,,5,SAMPLE SET - CAROLINA C.,0,0
2024-08-05,GCSETCC-1724,SAMPLE SET - CAROLINA C.,-1.00,49.25000,0,495023,T,MCASTRO8,,5,SAMPLE SET - CAROLINA C.,0,0
2024-08-05,GCSETCC-1724,SAMPLE SET - CAROLINA C.,1.00,49.25000,0,495023,T,MCASTRO8,,5,SAMPLE SET - CAROLINA C.,0,0
2024-08-05,GCSETCC-1724,SAMPLE SET - CAROLINA C.,-1.00,49.25000,0,499722,T,BOREGAN5,,5,SAMPLE SET - CAROLINA C.,0,0
2024-08-05,GCSETCC-1724,SAMPLE SET - CAROLINA C.,1.00,49.25000,0,499722,T,BOREGAN5,,5,SAMPLE SET - CAROLINA C.,0,0
2024-08-05,GCSETCC-1724,SAMPLE SET - CAROLINA C.,-1.00,49.25000,0,499544,T,BOREGAN5,,5,SAMPLE SET - CAROLINA C.,0,0
2024-08-05,GCSETCC-1724,SAMPLE SET - CAROLINA C.,1.00,49.25000,0,499544,T,BOREGAN5,,5,SAMPLE SET - CAROLINA C.,0,0
2024-08-05,GCSETGL-2828-1,SAMPLE SET - GOLD LABEL 1 OF 2,-1.00,92.79000,0,499840,T,MCASTRO8,,5,SAMPLE SET - GOLD LABEL 1 OF 2,0,0
2024-08-05,GCSETGL-2828-1,SAMPLE SET - GOLD LABEL 1 OF 2,1.00,92.79000,0,499840,T,MCASTRO8,,5,SAMPLE SET - GOLD LABEL 1 OF 2,0,0
2024-08-05,GCSETGL-2828-1,SAMPLE SET - GOLD LABEL 1 OF 2,-1.00,92.79000,0,496470,T,MCASTRO8,,5,SAMPLE SET - GOLD LABEL 1 OF 2,0,0
2024-08-05,GCSETGL-2828-1,SAMPLE SET - GOLD LABEL 1 OF 2,1.00,92.79000,0,496470,T,MCASTRO8,,5,SAMPLE SET - GOLD LABEL 1 OF 2,0,0
2024-08-05,GCSETGL-2828-2,SAMPLE SET - GOLD LABEL 2 OF 2,-1.00,37.50000,0,499840,T,MCASTRO8,,5,SAMPLE SET - GOLD LABEL 2 OF 2,0,0
2024-08-05,GCSETGL-2828-2,SAMPLE SET - GOLD LABEL 2 OF 2,1.00,37.50000,0,499840,T,MCASTRO8,,5,SAMPLE SET - GOLD LABEL 2 OF 2,0,0
2024-08-05,GCSETGL-2828-2,SAMPLE SET - GOLD LABEL 2 OF 2,-1.00,37.50000,0,496470,T,MCASTRO8,,5,SAMPLE SET - GOLD LABEL 2 OF 2,0,0
2024-08-05,GCSETGL-2828-2,SAMPLE SET - GOLD LABEL 2 OF 2,1.00,37.50000,0,496470,T,MCASTRO8,,5,SAMPLE SET - GOLD LABEL 2 OF 2,0,0
2024-08-05,GCSETPS-2228,SAMPLE SET - PRIVATE SELECTION,-1.00,72.00000,0,91,T,,,5,SAMPLE SET - PRIVATE SELECTION,0,0
2024-08-05,GCSETPS-2228,SAMPLE SET - PRIVATE SELECTION,1.00,72.00000,0,91,T,,,5,SAMPLE SET - PRIVATE SELECTION,0,0
2024-08-05,GCSETVN-2323,SAMPLE SET - VINYLNOVA,-1.00,122.00000,0,499840,T,MCASTRO8,,5,SAMPLE SET - VINYLNOVA,0,0
2024-08-05,GCSETVN-2323,SAMPLE SET - VINYLNOVA,1.00,122.00000,0,499840,T,MCASTRO8,,5,SAMPLE SET - VINYLNOVA,0,0
2024-08-05,GCSETVY-2228-A,SAMPLE SET - VINEYARD ADD-ON,-1.00,69.45000,0,495277,T,CRAYGOZA6,,5,SAMPLE SET - VINEYARD ADD-ON,0,0
2024-08-05,GCSETVY-2228-A,SAMPLE SET - VINEYARD ADD-ON,1.00,69.45000,0,495277,T,CRAYGOZA6,,5,SAMPLE SET - VINEYARD ADD-ON,0,0
2024-08-05,GCSETVY-2228-A,SAMPLE SET - VINEYARD ADD-ON,-1.00,69.45000,0,495279,T,MCASTRO8,,5,SAMPLE SET - VINEYARD ADD-ON,0,0
2024-08-05,GCSETVY-2228-A,SAMPLE SET - VINEYARD ADD-ON,1.00,69.45000,0,495279,T,MCASTRO8,,5,SAMPLE SET - VINEYARD ADD-ON,0,0
2024-08-06,GCSETABII-2323,"SAMPLE SET - AQUABLUE II ""NEW""",-2.00,50.00000,0,500284,T,JGUTIERRE6,,5,"SAMPLE SET - AQUABLUE II ""NEW""",0,0
2024-08-06,GCSETABII-2323,"SAMPLE SET - AQUABLUE II ""NEW""",2.00,50.00000,0,500284,T,JGUTIERRE6,,5,"SAMPLE SET - AQUABLUE II ""NEW""",0,0
2024-08-06,GCSETABII-2323,"SAMPLE SET - AQUABLUE II ""NEW""",-1.00,50.00000,0,493182,T,MCASTRO8,,5,"SAMPLE SET - AQUABLUE II ""NEW""",0,0
2024-08-06,GCSETABII-2323,"SAMPLE SET - AQUABLUE II ""NEW""",1.00,50.00000,0,493182,T,MCASTRO8,,5,"SAMPLE SET - AQUABLUE II ""NEW""",0,0
2024-08-06,GCSETBL-2228,SAMPLE SET - BELLAGIO,-1.00,81.40000,0,488787,T,MCASTRO8,,5,SAMPLE SET - BELLAGIO,0,0
2024-08-06,GCSETBL-2228,SAMPLE SET - BELLAGIO,1.00,81.40000,0,488787,T,MCASTRO8,,5,SAMPLE SET - BELLAGIO,0,0
2024-08-06,GCSETCA-1724,SAMPLE SET - CANTINA,-1.00,66.40000,0,488787,T,MCASTRO8,,5,SAMPLE SET - CANTINA,0,0
2024-08-06,GCSETCA-1724,SAMPLE SET - CANTINA,1.00,66.40000,0,488787,T,MCASTRO8,,5,SAMPLE SET - CANTINA,0,0
2024-08-06,GCSETCS-2228,SAMPLE SET - CLIFFSIDE,-1.00,138.56200,0,488787,T,MCASTRO8,,5,SAMPLE SET - CLIFFSIDE,0,0
2024-08-06,GCSETCS-2228,SAMPLE SET - CLIFFSIDE,1.00,138.56200,0,488787,T,MCASTRO8,,5,SAMPLE SET - CLIFFSIDE,0,0
2024-08-06,GCSETCY-2828,SAMPLE SET - CN.CREST,-1.00,128.40000,0,488787,T,MCASTRO8,,5,SAMPLE SET - CN.CREST,0,0
2024-08-06,GCSETCY-2828,SAMPLE SET - CN.CREST,1.00,128.40000,0,488787,T,MCASTRO8,,5,SAMPLE SET - CN.CREST,0,0
2024-08-06,GCSETDB-2228,SAMPLE SET - DU BOIS,-1.00,131.10000,0,488787,T,MCASTRO8,,5,SAMPLE SET - DU BOIS,0,0
2024-08-06,GCSETDB-2228,SAMPLE SET - DU BOIS,1.00,131.10000,0,488787,T,MCASTRO8,,5,SAMPLE SET - DU BOIS,0,0
2024-08-06,GCSETDV-2228,SAMPLE SET - DA VINCI,-1.00,148.35000,0,488787,T,MCASTRO8,,5,SAMPLE SET - DA VINCI,0,0
2024-08-06,GCSETDV-2228,SAMPLE SET - DA VINCI,1.00,148.35000,0,488787,T,MCASTRO8,,5,SAMPLE SET - DA VINCI,0,0
2024-08-06,GCSETEX-2528,SAMPLE SET - EXOTICS *OMP*,-1.00,210.88200,0,488787,T,MCASTRO8,,5,SAMPLE SET - EXOTICS *OMP*,0,0
2024-08-06,GCSETEX-2528,SAMPLE SET - EXOTICS *OMP*,1.00,210.88200,0,488787,T,MCASTRO8,,5,SAMPLE SET - EXOTICS *OMP*,0,0
2024-08-06,GCSETNP-2228,SAMPLE SET - NEWPORT,-1.00,146.87430,0,488787,T,MCASTRO8,,5,SAMPLE SET - NEWPORT,0,0
2024-08-06,GCSETNP-2228,SAMPLE SET - NEWPORT,1.00,146.87430,0,488787,T,MCASTRO8,,5,SAMPLE SET - NEWPORT,0,0
2024-08-06,GCSETP2-2428,SAMPLE SET - PARALLELS 2.0,-1.00,14.99200,0,499852,T,,,5,SAMPLE SET - PARALLELS 2.0,0,0
2024-08-06,GCSETP2-2428,SAMPLE SET - PARALLELS 2.0,1.00,14.99200,0,499852,T,,,5,SAMPLE SET - PARALLELS 2.0,0,0
2024-08-06,GCSETVG-2828,SAMPLE SET - VILLA GIALLA,-1.00,271.84000,0,488787,T,MCASTRO8,,5,SAMPLE SET - VILLA GIALLA,0,0
2024-08-06,GCSETVG-2828,SAMPLE SET - VILLA GIALLA,1.00,271.84000,0,488787,T,MCASTRO8,,5,SAMPLE SET - VILLA GIALLA,0,0
2024-08-06,GCSETVN-2323,SAMPLE SET - VINYLNOVA,-1.00,122.00000,0,500443,T,MCASTRO8,,5,SAMPLE SET - VINYLNOVA,0,0
2024-08-06,GCSETVN-2323,SAMPLE SET - VINYLNOVA,1.00,122.00000,0,500443,T,MCASTRO8,,5,SAMPLE SET - VINYLNOVA,0,0
2024-08-06,GCSETVN-2323,SAMPLE SET - VINYLNOVA,-1.00,122.00000,0,500445,T,MCASTRO8,,5,SAMPLE SET - VINYLNOVA,0,0
2024-08-06,GCSETVN-2323,SAMPLE SET - VINYLNOVA,1.00,122.00000,0,500445,T,MCASTRO8,,5,SAMPLE SET - VINYLNOVA,0,0
2024-08-06,GCSETVN-2323,SAMPLE SET - VINYLNOVA,-1.00,122.00000,0,500284,T,JGUTIERRE6,,5,SAMPLE SET - VINYLNOVA,0,0
2024-08-06,GCSETVN-2323,SAMPLE SET - VINYLNOVA,1.00,122.00000,0,500284,T,JGUTIERRE6,,5,SAMPLE SET - VINYLNOVA,0,0
2024-08-06,GCSETVN-2323,SAMPLE SET - VINYLNOVA,-1.00,122.00000,0,90,T,,,5,SAMPLE SET - VINYLNOVA,0,0
2024-08-06,GCSETVN-2323,SAMPLE SET - VINYLNOVA,1.00,122.00000,0,90,T,,,5,SAMPLE SET - VINYLNOVA,0,0
2024-08-06,GCSETVY-2228,SAMPLE SET - VINEYARD,-1.00,109.25000,0,488787,T,MCASTRO8,,5,SAMPLE SET - VINEYARD,0,0
2024-08-06,GCSETVY-2228,SAMPLE SET - VINEYARD,1.00,109.25000,0,488787,T,MCASTRO8,,5,SAMPLE SET - VINEYARD,0,0
2024-08-06,NONSTOCK,"REINFORCED KRAFT TAPE 3""",2.00,102.00000,102.00000,0,P,LMORENO,,,NON-STOCK ITEMS,0,0
2024-08-06,NONSTOCK,"PACKING LIST ENVELOPES 9.5""",3.00,69.00000,69.00000,0,P,LMORENO,,,NON-STOCK ITEMS,0,0
2024-08-06,NONSTOCK,"PACKING LIST ENVELOPES 5.5""",3.00,75.00000,75.00000,0,P,LMORENO,,,NON-STOCK ITEMS,0,0
2024-08-06,NONSTOCK,BUBBLE LINED MAILERS #4,5.00,44.00000,44.00000,0,P,LMORENO,,,NON-STOCK ITEMS,0,0
2024-08-06,NONSTOCK,"""DO NOT STACK"" PALLET CONES",6.00,70.00000,70.00000,0,P,LMORENO,,,NON-STOCK ITEMS,0,0
2024-08-07,GCSETAL-2228,"SAMPLE SET - 7.5"" ALLORA",-1.00,418.24100,0,500619,T,,,5,"SAMPLE SET - 7.5"" ALLORA",0,0
2024-08-07,GCSETAL-2228,"SAMPLE SET - 7.5"" ALLORA",1.00,418.24100,0,500619,T,,,5,"SAMPLE SET - 7.5"" ALLORA",0,0
2024-08-08,GCSETGL-2828-1,SAMPLE SET - GOLD LABEL 1 OF 2,-1.00,92.79000,0,501246,T,MCASTRO8,,5,SAMPLE SET - GOLD LABEL 1 OF 2,0,0
2024-08-08,GCSETGL-2828-1,SAMPLE SET - GOLD LABEL 1 OF 2,1.00,92.79000,0,501246,T,MCASTRO8,,5,SAMPLE SET - GOLD LABEL 1 OF 2,0,0
2024-08-08,GCSETGL-2828-1,SAMPLE SET - GOLD LABEL 1 OF 2,-1.00,92.79000,0,501253,T,MCASTRO8,,5,SAMPLE SET - GOLD LABEL 1 OF 2,0,0
2024-08-08,GCSETGL-2828-1,SAMPLE SET - GOLD LABEL 1 OF 2,1.00,92.79000,0,501253,T,MCASTRO8,,5,SAMPLE SET - GOLD LABEL 1 OF 2,0,0
2024-08-08,GCSETGL-2828-2,SAMPLE SET - GOLD LABEL 2 OF 2,-1.00,37.50000,0,501246,T,MCASTRO8,,5,SAMPLE SET - GOLD LABEL 2 OF 2,0,0
2024-08-08,GCSETGL-2828-2,SAMPLE SET - GOLD LABEL 2 OF 2,1.00,37.50000,0,501246,T,MCASTRO8,,5,SAMPLE SET - GOLD LABEL 2 OF 2,0,0
2024-08-08,GCSETGL-2828-2,SAMPLE SET - GOLD LABEL 2 OF 2,-1.00,37.50000,0,501253,T,MCASTRO8,,5,SAMPLE SET - GOLD LABEL 2 OF 2,0,0
2024-08-08,GCSETGL-2828-2,SAMPLE SET - GOLD LABEL 2 OF 2,1.00,37.50000,0,501253,T,MCASTRO8,,5,SAMPLE SET - GOLD LABEL 2 OF 2,0,0
2024-08-08,GCSETVN-2323,SAMPLE SET - VINYLNOVA,-1.00,122.00000,0,501254,T,MCASTRO8,,5,SAMPLE SET - VINYLNOVA,0,0
2024-08-08,GCSETVN-2323,SAMPLE SET - VINYLNOVA,1.00,122.00000,0,501254,T,MCASTRO8,,5,SAMPLE SET - VINYLNOVA,0,0
2024-08-08,GCSETVN-2323,SAMPLE SET - VINYLNOVA,-1.00,122.00000,0,501246,T,MCASTRO8,,5,SAMPLE SET - VINYLNOVA,0,0
2024-08-08,GCSETVN-2323,SAMPLE SET - VINYLNOVA,1.00,122.00000,0,501246,T,MCASTRO8,,5,SAMPLE SET - VINYLNOVA,0,0
2024-08-08,NONSTOCK,PLYWOOD PALLETS JIM LAMINATE,13.00,3.54100,2.00000,0,P,LMORENO,,,NON-STOCK ITEMS,0,0
2024-08-08,NONSTOCK,PLYWOOD PALLETS LILY,22.00,10.00000,10.00000,0,P,LMORENO,,,NON-STOCK ITEMS,0,0
2024-08-09,GCSETBH-2828,SAMPLE SET - BEVERLY HILLS,-1.00,171.60000,0,501420,T,,,5,SAMPLE SET - BEVERLY HILLS,0,0
2024-08-09,GCSETBH-2828,SAMPLE SET - BEVERLY HILLS,1.00,171.60000,0,501420,T,,,5,SAMPLE SET - BEVERLY HILLS,0,0
2024-08-09,GCSETCA-1724,SAMPLE SET - CANTINA,-1.00,66.40000,0,501420,T,,,5,SAMPLE SET - CANTINA,0,0
2024-08-09,GCSETCA-1724,SAMPLE SET - CANTINA,1.00,66.40000,0,501420,T,,,5,SAMPLE SET - CANTINA,0,0
2024-08-09,GCSETCY-2828,SAMPLE SET - CN.CREST,-1.00,128.40000,0,501420,T,,,5,SAMPLE SET - CN.CREST,0,0
2024-08-09,GCSETCY-2828,SAMPLE SET - CN.CREST,1.00,128.40000,0,501420,T,,,5,SAMPLE SET - CN.CREST,0,0
2024-08-09,GCSETDB-2228,SAMPLE SET - DU BOIS,-1.00,131.10000,0,501336,T,,,5,SAMPLE SET - DU BOIS,0,0
2024-08-09,GCSETDB-2228,SAMPLE SET - DU BOIS,1.00,131.10000,0,501336,T,,,5,SAMPLE SET - DU BOIS,0,0
2024-08-09,GCSETEX-1724,SAMPLE SET - EXOTICS,-1.00,193.12600,0,501420,T,,,5,SAMPLE SET - EXOTICS,0,0
2024-08-09,GCSETEX-1724,SAMPLE SET - EXOTICS,1.00,193.12600,0,501420,T,,,5,SAMPLE SET - EXOTICS,0,0
2024-08-09,GCSETFC-2828,SAMPLE SET - FR.CON.,-1.00,303.00000,0,501420,T,,,5,SAMPLE SET - FR.CON.,0,0
2024-08-09,GCSETFC-2828,SAMPLE SET - FR.CON.,1.00,303.00000,0,501420,T,,,5,SAMPLE SET - FR.CON.,0,0
2024-08-09,GCSETGL-2828-1,SAMPLE SET - GOLD LABEL 1 OF 2,-1.00,92.79000,0,501626,T,MCASTRO8,,5,SAMPLE SET - GOLD LABEL 1 OF 2,0,0
2024-08-09,GCSETGL-2828-1,SAMPLE SET - GOLD LABEL 1 OF 2,1.00,92.79000,0,501626,T,MCASTRO8,,5,SAMPLE SET - GOLD LABEL 1 OF 2,0,0
2024-08-09,GCSETGL-2828-2,SAMPLE SET - GOLD LABEL 2 OF 2,-1.00,37.50000,0,501626,T,MCASTRO8,,5,SAMPLE SET - GOLD LABEL 2 OF 2,0,0
2024-08-09,GCSETGL-2828-2,SAMPLE SET - GOLD LABEL 2 OF 2,1.00,37.50000,0,501626,T,MCASTRO8,,5,SAMPLE SET - GOLD LABEL 2 OF 2,0,0
2024-08-09,GCSETII-1724,SAMPLE SET - GII DIST.,-1.00,190.50000,0,501420,T,,,5,SAMPLE SET - GII DIST.,0,0
2024-08-09,GCSETII-1724,SAMPLE SET - GII DIST.,1.00,190.50000,0,501420,T,,,5,SAMPLE SET - GII DIST.,0,0
2024-08-09,GCSETIL-2424,SAMPLE SET - ILLUMIN8,-1.00,58.44600,0,501420,T,,,5,SAMPLE SET - ILLUMIN8,0,0
2024-08-09,GCSETIL-2424,SAMPLE SET - ILLUMIN8,1.00,58.44600,0,501420,T,,,5,SAMPLE SET - ILLUMIN8,0,0
2024-08-09,GCSETNP-2228,SAMPLE SET - NEWPORT,-1.00,146.87430,0,501326,T,,,5,SAMPLE SET - NEWPORT,0,0
2024-08-09,GCSETNP-2228,SAMPLE SET - NEWPORT,-1.00,146.87430,0,501420,T,,,5,SAMPLE SET - NEWPORT,0,0
2024-08-09,GCSETNP-2228,SAMPLE SET - NEWPORT,1.00,146.87430,0,501326,T,,,5,SAMPLE SET - NEWPORT,0,0
2024-08-09,GCSETNP-2228,SAMPLE SET - NEWPORT,1.00,146.87430,0,501420,T,,,5,SAMPLE SET - NEWPORT,0,0
2024-08-09,GCSETP2-2428,SAMPLE SET - PARALLELS 2.0,-1.00,14.99200,0,501420,T,,,5,SAMPLE SET - PARALLELS 2.0,0,0
2024-08-09,GCSETP2-2428,SAMPLE SET - PARALLELS 2.0,1.00,14.99200,0,501420,T,,,5,SAMPLE SET - PARALLELS 2.0,0,0
2024-08-09,GCSETSS-1724,SAMPLE SET - GII SMOOTH,-1.00,135.80000,0,501420,T,,,5,SAMPLE SET - GII SMOOTH,0,0
2024-08-09,GCSETSS-1724,SAMPLE SET - GII SMOOTH,1.00,135.80000,0,501420,T,,,5,SAMPLE SET - GII SMOOTH,0,0
2024-08-09,GCSETVG-2828,SAMPLE SET - VILLA GIALLA,-1.00,271.84000,0,501420,T,,,5,SAMPLE SET - VILLA GIALLA,0,0
2024-08-09,GCSETVG-2828,SAMPLE SET - VILLA GIALLA,1.00,271.84000,0,501420,T,,,5,SAMPLE SET - VILLA GIALLA,0,0
2024-08-10,GCSETEX-1724,SAMPLE SET - EXOTICS,-1.00,193.12600,0,500629,T,BOREGAN5,,5,SAMPLE SET - EXOTICS,0,0
2024-08-10,GCSETEX-1724,SAMPLE SET - EXOTICS,1.00,193.12600,0,500629,T,BOREGAN5,,5,SAMPLE SET - EXOTICS,0,0
2024-08-10,GCSETPS-2228,SAMPLE SET - PRIVATE SELECTION,-1.00,72.00000,0,500640,T,BOREGAN5,,5,SAMPLE SET - PRIVATE SELECTION,0,0
2024-08-10,GCSETPS-2228,SAMPLE SET - PRIVATE SELECTION,1.00,72.00000,0,500640,T,BOREGAN5,,5,SAMPLE SET - PRIVATE SELECTION,0,0
2024-08-10,GCSETPS-2228,SAMPLE SET - PRIVATE SELECTION,-1.00,72.00000,0,500629,T,BOREGAN5,,5,SAMPLE SET - PRIVATE SELECTION,0,0
2024-08-10,GCSETPS-2228,SAMPLE SET - PRIVATE SELECTION,1.00,72.00000,0,500629,T,BOREGAN5,,5,SAMPLE SET - PRIVATE SELECTION,0,0
2024-08-12,GCSETBH-2828,SAMPLE SET - BEVERLY HILLS,-1.00,171.60000,0,501424,T,,,5,SAMPLE SET - BEVERLY HILLS,0,0
2024-08-12,GCSETBH-2828,SAMPLE SET - BEVERLY HILLS,1.00,171.60000,0,501424,T,,,5,SAMPLE SET - BEVERLY HILLS,0,0
2024-08-12,GCSETGL-2828-1,SAMPLE SET - GOLD LABEL 1 OF 2,-1.00,92.79000,0,501424,T,,,5,SAMPLE SET - GOLD LABEL 1 OF 2,0,0
2024-08-12,GCSETGL-2828-1,SAMPLE SET - GOLD LABEL 1 OF 2,1.00,92.79000,0,501424,T,,,5,SAMPLE SET - GOLD LABEL 1 OF 2,0,0
2024-08-12,GCSETGL-2828-2,SAMPLE SET - GOLD LABEL 2 OF 2,-1.00,37.50000,0,501424,T,,,5,SAMPLE SET - GOLD LABEL 2 OF 2,0,0
2024-08-12,GCSETGL-2828-2,SAMPLE SET - GOLD LABEL 2 OF 2,1.00,37.50000,0,501424,T,,,5,SAMPLE SET - GOLD LABEL 2 OF 2,0,0
2024-08-12,GCSETPS-2228,SAMPLE SET - PRIVATE SELECTION,-1.00,72.00000,0,501424,T,,,5,SAMPLE SET - PRIVATE SELECTION,0,0
2024-08-12,GCSETPS-2228,SAMPLE SET - PRIVATE SELECTION,1.00,72.00000,0,501424,T,,,5,SAMPLE SET - PRIVATE SELECTION,0,0
2024-08-12,GCSETVN-2323,SAMPLE SET - VINYLNOVA,-1.00,122.00000,0,501424,T,,,5,SAMPLE SET - VINYLNOVA,0,0
2024-08-12,GCSETVN-2323,SAMPLE SET - VINYLNOVA,1.00,122.00000,0,501424,T,,,5,SAMPLE SET - VINYLNOVA,0,0
2024-08-13,GCSETCA-1724,SAMPLE SET - CANTINA,-1.00,66.40000,0,502548,T,JGOMEZ4,,5,SAMPLE SET - CANTINA,0,0
2024-08-13,GCSETCA-1724,SAMPLE SET - CANTINA,1.00,66.40000,0,502548,T,JGOMEZ4,,5,SAMPLE SET - CANTINA,0,0
2024-08-13,GCSETCC-1724,SAMPLE SET - CAROLINA C.,-1.00,49.25000,0,502416,T,MCASTRO8,,5,SAMPLE SET - CAROLINA C.,0,0
2024-08-13,GCSETCC-1724,SAMPLE SET - CAROLINA C.,1.00,49.25000,0,502416,T,MCASTRO8,,5,SAMPLE SET - CAROLINA C.,0,0
2024-08-13,GCSETCC-1724,SAMPLE SET - CAROLINA C.,-1.00,49.25000,0,502548,T,JGOMEZ4,,5,SAMPLE SET - CAROLINA C.,0,0
2024-08-13,GCSETCC-1724,SAMPLE SET - CAROLINA C.,1.00,49.25000,0,502548,T,JGOMEZ4,,5,SAMPLE SET - CAROLINA C.,0,0
2024-08-13,GCSETEX-1724,SAMPLE SET - EXOTICS,-1.00,193.12600,0,502416,T,MCASTRO8,,5,SAMPLE SET - EXOTICS,0,0
2024-08-13,GCSETEX-1724,SAMPLE SET - EXOTICS,1.00,193.12600,0,502416,T,MCASTRO8,,5,SAMPLE SET - EXOTICS,0,0
2024-08-13,GCSETEX-1724,SAMPLE SET - EXOTICS,-1.00,193.12600,0,500442,T,MCASTRO8,,5,SAMPLE SET - EXOTICS,0,0
2024-08-13,GCSETEX-1724,SAMPLE SET - EXOTICS,1.00,193.12600,0,500442,T,MCASTRO8,,5,SAMPLE SET - EXOTICS,0,0
2024-08-13,GCSETEX-1724,SAMPLE SET - EXOTICS,-1.00,193.12600,0,502548,T,JGOMEZ4,,5,SAMPLE SET - EXOTICS,0,0
2024-08-13,GCSETEX-1724,SAMPLE SET - EXOTICS,1.00,193.12600,0,502548,T,JGOMEZ4,,5,SAMPLE SET - EXOTICS,0,0
2024-08-13,GCSETGL-2828-1,SAMPLE SET - GOLD LABEL 1 OF 2,-1.00,92.79000,0,502382,T,MCASTRO8,,5,SAMPLE SET - GOLD LABEL 1 OF 2,0,0
2024-08-13,GCSETGL-2828-1,SAMPLE SET - GOLD LABEL 1 OF 2,1.00,92.79000,0,502382,T,MCASTRO8,,5,SAMPLE SET - GOLD LABEL 1 OF 2,0,0
2024-08-13,GCSETGL-2828-1,SAMPLE SET - GOLD LABEL 1 OF 2,-1.00,92.79000,0,500442,T,MCASTRO8,,5,SAMPLE SET - GOLD LABEL 1 OF 2,0,0
2024-08-13,GCSETGL-2828-1,SAMPLE SET - GOLD LABEL 1 OF 2,1.00,92.79000,0,500442,T,MCASTRO8,,5,SAMPLE SET - GOLD LABEL 1 OF 2,0,0
2024-08-13,GCSETGL-2828-2,SAMPLE SET - GOLD LABEL 2 OF 2,-1.00,37.50000,0,502382,T,MCASTRO8,,5,SAMPLE SET - GOLD LABEL 2 OF 2,0,0
2024-08-13,GCSETGL-2828-2,SAMPLE SET - GOLD LABEL 2 OF 2,1.00,37.50000,0,502382,T,MCASTRO8,,5,SAMPLE SET - GOLD LABEL 2 OF 2,0,0
2024-08-13,GCSETGL-2828-2,SAMPLE SET - GOLD LABEL 2 OF 2,-1.00,37.50000,0,500442,T,MCASTRO8,,5,SAMPLE SET - GOLD LABEL 2 OF 2,0,0
2024-08-13,GCSETGL-2828-2,SAMPLE SET - GOLD LABEL 2 OF 2,1.00,37.50000,0,500442,T,MCASTRO8,,5,SAMPLE SET - GOLD LABEL 2 OF 2,0,0
2024-08-13,GCSETII-1724,SAMPLE SET - GII DIST.,-1.00,190.50000,0,502416,T,MCASTRO8,,5,SAMPLE SET - GII DIST.,0,0
2024-08-13,GCSETII-1724,SAMPLE SET - GII DIST.,1.00,190.50000,0,502416,T,MCASTRO8,,5,SAMPLE SET - GII DIST.,0,0
2024-08-13,GCSETII-1724,SAMPLE SET - GII DIST.,-1.00,190.50000,0,500442,T,MCASTRO8,,5,SAMPLE SET - GII DIST.,0,0
2024-08-13,GCSETII-1724,SAMPLE SET - GII DIST.,1.00,190.50000,0,500442,T,MCASTRO8,,5,SAMPLE SET - GII DIST.,0,0
2024-08-13,GCSETII-1724,SAMPLE SET - GII DIST.,-1.00,190.50000,0,502548,T,JGOMEZ4,,5,SAMPLE SET - GII DIST.,0,0
2024-08-13,GCSETII-1724,SAMPLE SET - GII DIST.,1.00,190.50000,0,502548,T,JGOMEZ4,,5,SAMPLE SET - GII DIST.,0,0
2024-08-13,GCSETSS-1724,SAMPLE SET - GII SMOOTH,-1.00,135.80000,0,502416,T,MCASTRO8,,5,SAMPLE SET - GII SMOOTH,0,0
2024-08-13,GCSETSS-1724,SAMPLE SET - GII SMOOTH,1.00,135.80000,0,502416,T,MCASTRO8,,5,SAMPLE SET - GII SMOOTH,0,0
2024-08-13,GCSETSS-1724,SAMPLE SET - GII SMOOTH,-1.00,135.80000,0,502548,T,JGOMEZ4,,5,SAMPLE SET - GII SMOOTH,0,0
2024-08-13,GCSETSS-1724,SAMPLE SET - GII SMOOTH,1.00,135.80000,0,502548,T,JGOMEZ4,,5,SAMPLE SET - GII SMOOTH,0,0
2024-08-13,GCSETVN-2323,SAMPLE SET - VINYLNOVA,-1.00,122.00000,0,502606,T,,,5,SAMPLE SET - VINYLNOVA,0,0
2024-08-13,GCSETVN-2323,SAMPLE SET - VINYLNOVA,1.00,122.00000,0,502606,T,,,5,SAMPLE SET - VINYLNOVA,0,0
2024-08-13,NONSTOCK,PALLETS,32.00,10.00000,10.00000,0,P,LMORENO,,,NON-STOCK ITEMS,0,0
2024-08-14,GCSETGL-2828-1,SAMPLE SET - GOLD LABEL 1 OF 2,-1.00,92.79000,0,500714,T,,,5,SAMPLE SET - GOLD LABEL 1 OF 2,0,0
2024-08-14,GCSETGL-2828-1,SAMPLE SET - GOLD LABEL 1 OF 2,1.00,92.79000,0,500714,T,,,5,SAMPLE SET - GOLD LABEL 1 OF 2,0,0
2024-08-14,GCSETGL-2828-2,SAMPLE SET - GOLD LABEL 2 OF 2,-1.00,37.50000,0,500714,T,,,5,SAMPLE SET - GOLD LABEL 2 OF 2,0,0
2024-08-14,GCSETGL-2828-2,SAMPLE SET - GOLD LABEL 2 OF 2,1.00,37.50000,0,500714,T,,,5,SAMPLE SET - GOLD LABEL 2 OF 2,0,0
2024-08-14,GCSETP2-2428,SAMPLE SET - PARALLELS 2.0,-50.00,14.99200,0,503004,T,JSGOMEZ9,,5,SAMPLE SET - PARALLELS 2.0,0,0
2024-08-14,GCSETP2-2428,SAMPLE SET - PARALLELS 2.0,50.00,14.99200,0,503004,T,JSGOMEZ9,,5,SAMPLE SET - PARALLELS 2.0,0,0
2024-08-15,GCSETEX-1724,SAMPLE SET - EXOTICS,-1.00,193.12600,0,502599,T,MCASTRO8,,5,SAMPLE SET - EXOTICS,0,0
2024-08-15,GCSETEX-1724,SAMPLE SET - EXOTICS,1.00,193.12600,0,502599,T,MCASTRO8,,5,SAMPLE SET - EXOTICS,0,0
2024-08-15,GCSETEX-1724,SAMPLE SET - EXOTICS,-1.00,193.12600,0,502772,T,MCASTRO8,,5,SAMPLE SET - EXOTICS,0,0
2024-08-15,GCSETEX-1724,SAMPLE SET - EXOTICS,1.00,193.12600,0,502772,T,MCASTRO8,,5,SAMPLE SET - EXOTICS,0,0
2024-08-16,GCSETDB-2228,SAMPLE SET - DU BOIS,-1.00,131.10000,0,503874,T,,,5,SAMPLE SET - DU BOIS,0,0
2024-08-16,GCSETDB-2228,SAMPLE SET - DU BOIS,1.00,131.10000,0,503874,T,,,5,SAMPLE SET - DU BOIS,0,0
2024-08-16,GCSETGL-2828-1,SAMPLE SET - GOLD LABEL 1 OF 2,-1.00,92.79000,0,503497,T,MCASTRO8,,5,SAMPLE SET - GOLD LABEL 1 OF 2,0,0
2024-08-16,GCSETGL-2828-1,SAMPLE SET - GOLD LABEL 1 OF 2,1.00,92.79000,0,503497,T,MCASTRO8,,5,SAMPLE SET - GOLD LABEL 1 OF 2,0,0
2024-08-16,GCSETGL-2828-1,SAMPLE SET - GOLD LABEL 1 OF 2,-1.00,92.79000,0,503049,T,JGOMEZ4,,5,SAMPLE SET - GOLD LABEL 1 OF 2,0,0
2024-08-16,GCSETGL-2828-1,SAMPLE SET - GOLD LABEL 1 OF 2,1.00,92.79000,0,503049,T,JGOMEZ4,,5,SAMPLE SET - GOLD LABEL 1 OF 2,0,0
2024-08-16,GCSETGL-2828-1,SAMPLE SET - GOLD LABEL 1 OF 2,-1.00,92.79000,0,503107,T,JGOMEZ4,,5,SAMPLE SET - GOLD LABEL 1 OF 2,0,0
2024-08-16,GCSETGL-2828-1,SAMPLE SET - GOLD LABEL 1 OF 2,1.00,92.79000,0,503107,T,JGOMEZ4,,5,SAMPLE SET - GOLD LABEL 1 OF 2,0,0
2024-08-16,GCSETGL-2828-1,SAMPLE SET - GOLD LABEL 1 OF 2,-1.00,92.79000,0,503050,T,JGOMEZ4,,5,SAMPLE SET - GOLD LABEL 1 OF 2,0,0
2024-08-16,GCSETGL-2828-1,SAMPLE SET - GOLD LABEL 1 OF 2,1.00,92.79000,0,503050,T,JGOMEZ4,,5,SAMPLE SET - GOLD LABEL 1 OF 2,0,0
2024-08-16,GCSETGL-2828-1,SAMPLE SET - GOLD LABEL 1 OF 2,-1.00,92.79000,0,503252,T,,,5,SAMPLE SET - GOLD LABEL 1 OF 2,0,0
2024-08-16,GCSETGL-2828-1,SAMPLE SET - GOLD LABEL 1 OF 2,1.00,92.79000,0,503252,T,,,5,SAMPLE SET - GOLD LABEL 1 OF 2,0,0
2024-08-16,GCSETGL-2828-1,SAMPLE SET - GOLD LABEL 1 OF 2,-1.00,92.79000,0,503699,T,,,5,SAMPLE SET - GOLD LABEL 1 OF 2,0,0
2024-08-16,GCSETGL-2828-1,SAMPLE SET - GOLD LABEL 1 OF 2,1.00,92.79000,0,503699,T,,,5,SAMPLE SET - GOLD LABEL 1 OF 2,0,0
2024-08-16,GCSETGL-2828-2,SAMPLE SET - GOLD LABEL 2 OF 2,-1.00,37.50000,0,503497,T,MCASTRO8,,5,SAMPLE SET - GOLD LABEL 2 OF 2,0,0
2024-08-16,GCSETGL-2828-2,SAMPLE SET - GOLD LABEL 2 OF 2,1.00,37.50000,0,503497,T,MCASTRO8,,5,SAMPLE SET - GOLD LABEL 2 OF 2,0,0
2024-08-16,GCSETGL-2828-2,SAMPLE SET - GOLD LABEL 2 OF 2,-1.00,37.50000,0,503049,T,JGOMEZ4,,5,SAMPLE SET - GOLD LABEL 2 OF 2,0,0
2024-08-16,GCSETGL-2828-2,SAMPLE SET - GOLD LABEL 2 OF 2,1.00,37.50000,0,503049,T,JGOMEZ4,,5,SAMPLE SET - GOLD LABEL 2 OF 2,0,0
2024-08-16,GCSETGL-2828-2,SAMPLE SET - GOLD LABEL 2 OF 2,-1.00,37.50000,0,503107,T,JGOMEZ4,,5,SAMPLE SET - GOLD LABEL 2 OF 2,0,0
2024-08-16,GCSETGL-2828-2,SAMPLE SET - GOLD LABEL 2 OF 2,1.00,37.50000,0,503107,T,JGOMEZ4,,5,SAMPLE SET - GOLD LABEL 2 OF 2,0,0
2024-08-16,GCSETGL-2828-2,SAMPLE SET - GOLD LABEL 2 OF 2,-1.00,37.50000,0,503050,T,JGOMEZ4,,5,SAMPLE SET - GOLD LABEL 2 OF 2,0,0
2024-08-16,GCSETGL-2828-2,SAMPLE SET - GOLD LABEL 2 OF 2,1.00,37.50000,0,503050,T,JGOMEZ4,,5,SAMPLE SET - GOLD LABEL 2 OF 2,0,0
2024-08-16,GCSETGL-2828-2,SAMPLE SET - GOLD LABEL 2 OF 2,-1.00,37.50000,0,503252,T,,,5,SAMPLE SET - GOLD LABEL 2 OF 2,0,0
2024-08-16,GCSETGL-2828-2,SAMPLE SET - GOLD LABEL 2 OF 2,1.00,37.50000,0,503252,T,,,5,SAMPLE SET - GOLD LABEL 2 OF 2,0,0
2024-08-16,GCSETGL-2828-2,SAMPLE SET - GOLD LABEL 2 OF 2,-1.00,37.50000,0,503699,T,,,5,SAMPLE SET - GOLD LABEL 2 OF 2,0,0
2024-08-16,GCSETGL-2828-2,SAMPLE SET - GOLD LABEL 2 OF 2,1.00,37.50000,0,503699,T,,,5,SAMPLE SET - GOLD LABEL 2 OF 2,0,0
2024-08-16,GCSETPS-2228,SAMPLE SET - PRIVATE SELECTION,-1.00,72.00000,0,503699,T,,,5,SAMPLE SET - PRIVATE SELECTION,0,0
2024-08-16,GCSETPS-2228,SAMPLE SET - PRIVATE SELECTION,1.00,72.00000,0,503699,T,,,5,SAMPLE SET - PRIVATE SELECTION,0,0
2024-08-16,GCSETP2-2428,SAMPLE SET - PARALLELS 2.0,-1.00,14.99200,0,503834,T,,,5,SAMPLE SET - PARALLELS 2.0,0,0
2024-08-16,GCSETP2-2428,SAMPLE SET - PARALLELS 2.0,-1.00,14.99200,0,503699,T,,,5,SAMPLE SET - PARALLELS 2.0,0,0
2024-08-16,GCSETP2-2428,SAMPLE SET - PARALLELS 2.0,1.00,14.99200,0,503834,T,,,5,SAMPLE SET - PARALLELS 2.0,0,0
2024-08-16,GCSETP2-2428,SAMPLE SET - PARALLELS 2.0,1.00,14.99200,0,503699,T,,,5,SAMPLE SET - PARALLELS 2.0,0,0
2024-08-16,GCSETVN-2323,SAMPLE SET - VINYLNOVA,-1.00,122.00000,0,503497,T,MCASTRO8,,5,SAMPLE SET - VINYLNOVA,0,0
2024-08-16,GCSETVN-2323,SAMPLE SET - VINYLNOVA,1.00,122.00000,0,503497,T,MCASTRO8,,5,SAMPLE SET - VINYLNOVA,0,0
2024-08-16,GCSETVN-2323,SAMPLE SET - VINYLNOVA,-1.00,122.00000,0,503189,T,JGOMEZ4,,5,SAMPLE SET - VINYLNOVA,0,0
2024-08-16,GCSETVN-2323,SAMPLE SET - VINYLNOVA,1.00,122.00000,0,503189,T,JGOMEZ4,,5,SAMPLE SET - VINYLNOVA,0,0
2024-08-16,GCSETVN-2323,SAMPLE SET - VINYLNOVA,-1.00,122.00000,0,503107,T,JGOMEZ4,,5,SAMPLE SET - VINYLNOVA,0,0
2024-08-16,GCSETVN-2323,SAMPLE SET - VINYLNOVA,1.00,122.00000,0,503107,T,JGOMEZ4,,5,SAMPLE SET - VINYLNOVA,0,0
2024-08-16,GCSETVN-2323,SAMPLE SET - VINYLNOVA,-1.00,122.00000,0,503252,T,,,5,SAMPLE SET - VINYLNOVA,0,0
2024-08-16,GCSETVN-2323,SAMPLE SET - VINYLNOVA,1.00,122.00000,0,503252,T,,,5,SAMPLE SET - VINYLNOVA,0,0
2024-08-17,GCSETCA-1724,SAMPLE SET - CANTINA,-1.00,66.40000,0,502730,T,BOREGAN5,,5,SAMPLE SET - CANTINA,0,0
2024-08-17,GCSETCA-1724,SAMPLE SET - CANTINA,1.00,66.40000,0,502730,T,BOREGAN5,,5,SAMPLE SET - CANTINA,0,0
2024-08-17,GCSETCC-1724,SAMPLE SET - CAROLINA C.,-1.00,49.25000,0,502730,T,BOREGAN5,,5,SAMPLE SET - CAROLINA C.,0,0
2024-08-17,GCSETCC-1724,SAMPLE SET - CAROLINA C.,1.00,49.25000,0,502730,T,BOREGAN5,,5,SAMPLE SET - CAROLINA C.,0,0
2024-08-17,GCSETEX-1724,SAMPLE SET - EXOTICS,-1.00,193.12600,0,502730,T,BOREGAN5,,5,SAMPLE SET - EXOTICS,0,0
2024-08-17,GCSETEX-1724,SAMPLE SET - EXOTICS,1.00,193.12600,0,502730,T,BOREGAN5,,5,SAMPLE SET - EXOTICS,0,0
2024-08-17,GCSETII-1724,SAMPLE SET - GII DIST.,-1.00,190.50000,0,502730,T,BOREGAN5,,5,SAMPLE SET - GII DIST.,0,0
2024-08-17,GCSETII-1724,SAMPLE SET - GII DIST.,1.00,190.50000,0,502730,T,BOREGAN5,,5,SAMPLE SET - GII DIST.,0,0
2024-08-17,GCSETSS-1724,SAMPLE SET - GII SMOOTH,-1.00,135.80000,0,502730,T,BOREGAN5,,5,SAMPLE SET - GII SMOOTH,0,0
2024-08-17,GCSETSS-1724,SAMPLE SET - GII SMOOTH,1.00,135.80000,0,502730,T,BOREGAN5,,5,SAMPLE SET - GII SMOOTH,0,0
2024-08-20,GCSETALHB-2828,SAMPLE SET - HERRINGBONE ALLOR,-2.00,226.33900,0,503881,T,BOREGAN5,,5,SAMPLE SET - HERRINGBONE ALLOR,0,0
2024-08-20,GCSETALHB-2828,SAMPLE SET - HERRINGBONE ALLOR,2.00,226.33900,0,503881,T,BOREGAN5,,5,SAMPLE SET - HERRINGBONE ALLOR,0,0
2024-08-20,GCSETCC-1724,SAMPLE SET - CAROLINA C.,-1.00,49.25000,0,503937,T,BOREGAN5,,5,SAMPLE SET - CAROLINA C.,0,0
2024-08-20,GCSETCC-1724,SAMPLE SET - CAROLINA C.,1.00,49.25000,0,503937,T,BOREGAN5,,5,SAMPLE SET - CAROLINA C.,0,0
2024-08-20,GCSETGL-2828-1,SAMPLE SET - GOLD LABEL 1 OF 2,-1.00,92.79000,0,503670,T,BOREGAN5,,5,SAMPLE SET - GOLD LABEL 1 OF 2,0,0
2024-08-20,GCSETGL-2828-1,SAMPLE SET - GOLD LABEL 1 OF 2,1.00,92.79000,0,503670,T,BOREGAN5,,5,SAMPLE SET - GOLD LABEL 1 OF 2,0,0
2024-08-20,GCSETGL-2828-2,SAMPLE SET - GOLD LABEL 2 OF 2,-1.00,37.50000,0,503670,T,BOREGAN5,,5,SAMPLE SET - GOLD LABEL 2 OF 2,0,0
2024-08-20,GCSETGL-2828-2,SAMPLE SET - GOLD LABEL 2 OF 2,1.00,37.50000,0,503670,T,BOREGAN5,,5,SAMPLE SET - GOLD LABEL 2 OF 2,0,0
2024-08-20,NONSTOCK,"48"" X 550' FOAM ROLL",2.00,164.00000,164.00000,0,P,LMORENO,,,NON-STOCK ITEMS,0,0
2024-08-20,NONSTOCK,"PACKING LIST ENVELOPES 9-1/2""",4.00,69.00000,69.00000,0,P,LMORENO,,,NON-STOCK ITEMS,0,0
2024-08-20,NONSTOCK,LATEX COATED WORK GLOVES,4.00,27.00000,27.00000,0,P,LMORENO,,,NON-STOCK ITEMS,0,0
2024-08-20,NONSTOCK,QC APPROVAL STICKER ROLL,5.00,16.00000,16.00000,0,P,LMORENO,,,NON-STOCK ITEMS,0,0
2024-08-20,NONSTOCK,"30 X 30"" JUMBO KRAFT MAILERS",40.00,7.02000,7.02000,0,P,LMORENO,,,NON-STOCK ITEMS,0,0
2024-08-22,GCSETBH-2828,SAMPLE SET - BEVERLY HILLS,-5.00,179.71200,0,504701,T,JSGOMEZ9,,5,SAMPLE SET - BEVERLY HILLS,0,0
2024-08-22,GCSETBH-2828,SAMPLE SET - BEVERLY HILLS,5.00,179.71200,0,504701,T,JSGOMEZ9,,5,SAMPLE SET - BEVERLY HILLS,0,0
2024-08-22,GCSETBH-2828,SAMPLE SET - BEVERLY HILLS,-1.00,171.60000,0,501361,T,,,5,SAMPLE SET - BEVERLY HILLS,0,0
2024-08-22,GCSETBH-2828,SAMPLE SET - BEVERLY HILLS,1.00,171.60000,0,501361,T,,,5,SAMPLE SET - BEVERLY HILLS,0,0
2024-08-22,GCSETEX-1724,SAMPLE SET - EXOTICS,-15.00,193.12600,0,505375,T,JSGOMEZ9,,5,SAMPLE SET - EXOTICS,0,0
2024-08-22,GCSETEX-1724,SAMPLE SET - EXOTICS,15.00,193.12600,0,505375,T,JSGOMEZ9,,5,SAMPLE SET - EXOTICS,0,0
2024-08-22,GCSETGL-2828-1,SAMPLE SET - GOLD LABEL 1 OF 2,-2.00,92.79000,0,504924,T,JSGOMEZ9,,5,SAMPLE SET - GOLD LABEL 1 OF 2,0,0
2024-08-22,GCSETGL-2828-1,SAMPLE SET - GOLD LABEL 1 OF 2,2.00,92.79000,0,504924,T,JSGOMEZ9,,5,SAMPLE SET - GOLD LABEL 1 OF 2,0,0
2024-08-22,GCSETGL-2828-2,SAMPLE SET - GOLD LABEL 2 OF 2,-2.00,37.50000,0,504924,T,JSGOMEZ9,,5,SAMPLE SET - GOLD LABEL 2 OF 2,0,0
2024-08-22,GCSETGL-2828-2,SAMPLE SET - GOLD LABEL 2 OF 2,2.00,37.50000,0,504924,T,JSGOMEZ9,,5,SAMPLE SET - GOLD LABEL 2 OF 2,0,0
2024-08-22,GCSETNP-2228,SAMPLE SET - NEWPORT,-1.00,146.87430,0,501361,T,,,5,SAMPLE SET - NEWPORT,0,0
2024-08-22,GCSETNP-2228,SAMPLE SET - NEWPORT,1.00,146.87430,0,501361,T,,,5,SAMPLE SET - NEWPORT,0,0
2024-08-22,GCSETVN-2323,SAMPLE SET - VINYLNOVA,-1.00,122.00000,0,505370,T,,,5,SAMPLE SET - VINYLNOVA,0,0
2024-08-22,GCSETVN-2323,SAMPLE SET - VINYLNOVA,1.00,122.00000,0,505370,T,,,5,SAMPLE SET - VINYLNOVA,0,0
2024-08-23,GCSETABII-2323,"SAMPLE SET - AQUABLUE II ""NEW""",-1.00,50.00000,0,504240,T,BOREGAN5,,5,"SAMPLE SET - AQUABLUE II ""NEW""",0,0
2024-08-23,GCSETABII-2323,"SAMPLE SET - AQUABLUE II ""NEW""",1.00,50.00000,0,504240,T,BOREGAN5,,5,"SAMPLE SET - AQUABLUE II ""NEW""",0,0
2024-08-23,GCSETALHB-2828,SAMPLE SET - HERRINGBONE ALLOR,-1.00,226.33900,0,505371,T,BOREGAN5,,5,SAMPLE SET - HERRINGBONE ALLOR,0,0
2024-08-23,GCSETALHB-2828,SAMPLE SET - HERRINGBONE ALLOR,1.00,226.33900,0,505371,T,BOREGAN5,,5,SAMPLE SET - HERRINGBONE ALLOR,0,0
2024-08-23,GCSETBH-2828,SAMPLE SET - BEVERLY HILLS,-1.00,143.00000,0,505371,T,BOREGAN5,,5,SAMPLE SET - BEVERLY HILLS,0,0
2024-08-23,GCSETBH-2828,SAMPLE SET - BEVERLY HILLS,1.00,143.00000,0,505371,T,BOREGAN5,,5,SAMPLE SET - BEVERLY HILLS,0,0
2024-08-23,GCSETCA-1724,SAMPLE SET - CANTINA,-1.00,66.40000,0,505371,T,BOREGAN5,,5,SAMPLE SET - CANTINA,0,0
2024-08-23,GCSETCA-1724,SAMPLE SET - CANTINA,1.00,66.40000,0,505371,T,BOREGAN5,,5,SAMPLE SET - CANTINA,0,0
2024-08-23,GCSETCC-1724,SAMPLE SET - CAROLINA C.,-1.00,49.25000,0,505371,T,BOREGAN5,,5,SAMPLE SET - CAROLINA C.,0,0
2024-08-23,GCSETCC-1724,SAMPLE SET - CAROLINA C.,1.00,49.25000,0,505371,T,BOREGAN5,,5,SAMPLE SET - CAROLINA C.,0,0
2024-08-23,GCSETCC-1724,SAMPLE SET - CAROLINA C.,-1.00,49.25000,0,504240,T,BOREGAN5,,5,SAMPLE SET - CAROLINA C.,0,0
2024-08-23,GCSETCC-1724,SAMPLE SET - CAROLINA C.,1.00,49.25000,0,504240,T,BOREGAN5,,5,SAMPLE SET - CAROLINA C.,0,0
2024-08-23,GCSETCV-1724,SAMPLE SET - C.V.,-100.00,115.46000,0,505921,T,JRIVERA1,,5,SAMPLE SET - C.V.,0,0
2024-08-23,GCSETCV-1724,SAMPLE SET - C.V.,100.00,115.46000,0,505921,T,JRIVERA1,,5,SAMPLE SET - C.V.,0,0
2024-08-23,GCSETEX-1724,SAMPLE SET - EXOTICS,-1.00,193.12600,0,505384,T,BOREGAN5,,5,SAMPLE SET - EXOTICS,0,0
2024-08-23,GCSETEX-1724,SAMPLE SET - EXOTICS,1.00,193.12600,0,505384,T,BOREGAN5,,5,SAMPLE SET - EXOTICS,0,0
2024-08-23,GCSETEX-1724,SAMPLE SET - EXOTICS,-1.00,193.12600,0,505371,T,BOREGAN5,,5,SAMPLE SET - EXOTICS,0,0
2024-08-23,GCSETEX-1724,SAMPLE SET - EXOTICS,1.00,193.12600,0,505371,T,BOREGAN5,,5,SAMPLE SET - EXOTICS,0,0
2024-08-23,GCSETFC-2828,SAMPLE SET - FR.CON.,-1.00,303.00000,0,505371,T,BOREGAN5,,5,SAMPLE SET - FR.CON.,0,0
2024-08-23,GCSETFC-2828,SAMPLE SET - FR.CON.,1.00,303.00000,0,505371,T,BOREGAN5,,5,SAMPLE SET - FR.CON.,0,0
2024-08-23,GCSETGL-2828-1,SAMPLE SET - GOLD LABEL 1 OF 2,-1.00,92.79000,0,505371,T,BOREGAN5,,5,SAMPLE SET - GOLD LABEL 1 OF 2,0,0
2024-08-23,GCSETGL-2828-1,SAMPLE SET - GOLD LABEL 1 OF 2,1.00,92.79000,0,505371,T,BOREGAN5,,5,SAMPLE SET - GOLD LABEL 1 OF 2,0,0
2024-08-23,GCSETGL-2828-2,SAMPLE SET - GOLD LABEL 2 OF 2,-1.00,37.50000,0,505371,T,BOREGAN5,,5,SAMPLE SET - GOLD LABEL 2 OF 2,0,0
2024-08-23,GCSETGL-2828-2,SAMPLE SET - GOLD LABEL 2 OF 2,1.00,37.50000,0,505371,T,BOREGAN5,,5,SAMPLE SET - GOLD LABEL 2 OF 2,0,0
2024-08-23,GCSETII-1724,SAMPLE SET - GII DIST.,-1.00,190.50000,0,505371,T,BOREGAN5,,5,SAMPLE SET - GII DIST.,0,0
2024-08-23,GCSETII-1724,SAMPLE SET - GII DIST.,1.00,190.50000,0,505371,T,BOREGAN5,,5,SAMPLE SET - GII DIST.,0,0
2024-08-23,GCSETII-1724,SAMPLE SET - GII DIST.,-1.00,190.50000,0,504241,T,BOREGAN5,,5,SAMPLE SET - GII DIST.,0,0
2024-08-23,GCSETII-1724,SAMPLE SET - GII DIST.,1.00,190.50000,0,504241,T,BOREGAN5,,5,SAMPLE SET - GII DIST.,0,0
2024-08-23,GCSETIL-2424,SAMPLE SET - ILLUMIN8,-1.00,58.44600,0,504240,T,BOREGAN5,,5,SAMPLE SET - ILLUMIN8,0,0
2024-08-23,GCSETIL-2424,SAMPLE SET - ILLUMIN8,1.00,58.44600,0,504240,T,BOREGAN5,,5,SAMPLE SET - ILLUMIN8,0,0
2024-08-23,GCSETNP-2228,SAMPLE SET - NEWPORT,-1.00,146.87430,0,505371,T,BOREGAN5,,5,SAMPLE SET - NEWPORT,0,0
2024-08-23,GCSETNP-2228,SAMPLE SET - NEWPORT,1.00,146.87430,0,505371,T,BOREGAN5,,5,SAMPLE SET - NEWPORT,0,0
2024-08-23,GCSETNP-2228,SAMPLE SET - NEWPORT,-1.00,146.87430,0,504240,T,BOREGAN5,,5,SAMPLE SET - NEWPORT,0,0
2024-08-23,GCSETNP-2228,SAMPLE SET - NEWPORT,1.00,146.87430,0,504240,T,BOREGAN5,,5,SAMPLE SET - NEWPORT,0,0
2024-08-23,GCSETSS-1724,SAMPLE SET - GII SMOOTH,-1.00,135.80000,0,505371,T,BOREGAN5,,5,SAMPLE SET - GII SMOOTH,0,0
2024-08-23,GCSETSS-1724,SAMPLE SET - GII SMOOTH,1.00,135.80000,0,505371,T,BOREGAN5,,5,SAMPLE SET - GII SMOOTH,0,0
2024-08-23,GCSETVG-2828,SAMPLE SET - VILLA GIALLA,-1.00,271.84000,0,505371,T,BOREGAN5,,5,SAMPLE SET - VILLA GIALLA,0,0
2024-08-23,GCSETVG-2828,SAMPLE SET - VILLA GIALLA,1.00,271.84000,0,505371,T,BOREGAN5,,5,SAMPLE SET - VILLA GIALLA,0,0
2024-08-23,GCSETVN-2323,SAMPLE SET - VINYLNOVA,-1.00,122.00000,0,504240,T,BOREGAN5,,5,SAMPLE SET - VINYLNOVA,0,0
2024-08-23,GCSETVN-2323,SAMPLE SET - VINYLNOVA,1.00,122.00000,0,504240,T,BOREGAN5,,5,SAMPLE SET - VINYLNOVA,0,0
2024-08-26,GCSETBH-2828,SAMPLE SET - BEVERLY HILLS,-1.00,171.60000,0,505530,T,BOREGAN5,,5,SAMPLE SET - BEVERLY HILLS,0,0
2024-08-26,GCSETBH-2828,SAMPLE SET - BEVERLY HILLS,1.00,171.60000,0,505530,T,BOREGAN5,,5,SAMPLE SET - BEVERLY HILLS,0,0
2024-08-26,GCSETGL-2828-1,SAMPLE SET - GOLD LABEL 1 OF 2,-1.00,92.79000,0,505801,T,BOREGAN5,,5,SAMPLE SET - GOLD LABEL 1 OF 2,0,0
2024-08-26,GCSETGL-2828-1,SAMPLE SET - GOLD LABEL 1 OF 2,1.00,92.79000,0,505801,T,BOREGAN5,,5,SAMPLE SET - GOLD LABEL 1 OF 2,0,0
2024-08-26,GCSETGL-2828-1,SAMPLE SET - GOLD LABEL 1 OF 2,-1.00,92.79000,0,505530,T,BOREGAN5,,5,SAMPLE SET - GOLD LABEL 1 OF 2,0,0
2024-08-26,GCSETGL-2828-1,SAMPLE SET - GOLD LABEL 1 OF 2,1.00,92.79000,0,505530,T,BOREGAN5,,5,SAMPLE SET - GOLD LABEL 1 OF 2,0,0
2024-08-26,GCSETGL-2828-2,SAMPLE SET - GOLD LABEL 2 OF 2,-1.00,37.50000,0,505801,T,BOREGAN5,,5,SAMPLE SET - GOLD LABEL 2 OF 2,0,0
2024-08-26,GCSETGL-2828-2,SAMPLE SET - GOLD LABEL 2 OF 2,1.00,37.50000,0,505801,T,BOREGAN5,,5,SAMPLE SET - GOLD LABEL 2 OF 2,0,0
2024-08-26,GCSETGL-2828-2,SAMPLE SET - GOLD LABEL 2 OF 2,-1.00,37.50000,0,505530,T,BOREGAN5,,5,SAMPLE SET - GOLD LABEL 2 OF 2,0,0
2024-08-26,GCSETGL-2828-2,SAMPLE SET - GOLD LABEL 2 OF 2,1.00,37.50000,0,505530,T,BOREGAN5,,5,SAMPLE SET - GOLD LABEL 2 OF 2,0,0
2024-08-26,GCSETVN-2323,SAMPLE SET - VINYLNOVA,-1.00,122.00000,0,503675,T,,,5,SAMPLE SET - VINYLNOVA,0,0
2024-08-26,GCSETVN-2323,SAMPLE SET - VINYLNOVA,1.00,122.00000,0,503675,T,,,5,SAMPLE SET - VINYLNOVA,0,0
2024-08-27,GCSETCA-1724,SAMPLE SET - CANTINA,-1.00,66.40000,0,505726,T,MCASTRO8,,5,SAMPLE SET - CANTINA,0,0
2024-08-27,GCSETCA-1724,SAMPLE SET - CANTINA,1.00,66.40000,0,505726,T,MCASTRO8,,5,SAMPLE SET - CANTINA,0,0
2024-08-27,GCSETCC-1724,SAMPLE SET - CAROLINA C.,-1.00,49.25000,0,505726,T,MCASTRO8,,5,SAMPLE SET - CAROLINA C.,0,0
2024-08-27,GCSETCC-1724,SAMPLE SET - CAROLINA C.,1.00,49.25000,0,505726,T,MCASTRO8,,5,SAMPLE SET - CAROLINA C.,0,0
2024-08-27,GCSETEX-1724,SAMPLE SET - EXOTICS,-1.00,193.12600,0,505726,T,MCASTRO8,,5,SAMPLE SET - EXOTICS,0,0
2024-08-27,GCSETEX-1724,SAMPLE SET - EXOTICS,1.00,193.12600,0,505726,T,MCASTRO8,,5,SAMPLE SET - EXOTICS,0,0
2024-08-27,GCSETEX-1724,SAMPLE SET - EXOTICS,-1.00,193.12600,0,506584,T,MCASTRO8,,5,SAMPLE SET - EXOTICS,0,0
2024-08-27,GCSETEX-1724,SAMPLE SET - EXOTICS,1.00,193.12600,0,506584,T,MCASTRO8,,5,SAMPLE SET - EXOTICS,0,0
2024-08-27,GCSETGL-2828-1,SAMPLE SET - GOLD LABEL 1 OF 2,-1.00,92.79000,0,506584,T,MCASTRO8,,5,SAMPLE SET - GOLD LABEL 1 OF 2,0,0
2024-08-27,GCSETGL-2828-1,SAMPLE SET - GOLD LABEL 1 OF 2,1.00,92.79000,0,506584,T,MCASTRO8,,5,SAMPLE SET - GOLD LABEL 1 OF 2,0,0
2024-08-27,GCSETGL-2828-1,SAMPLE SET - GOLD LABEL 1 OF 2,-1.00,92.79000,0,506508,T,,,5,SAMPLE SET - GOLD LABEL 1 OF 2,0,0
2024-08-27,GCSETGL-2828-1,SAMPLE SET - GOLD LABEL 1 OF 2,1.00,92.79000,0,506508,T,,,5,SAMPLE SET - GOLD LABEL 1 OF 2,0,0
2024-08-27,GCSETGL-2828-2,SAMPLE SET - GOLD LABEL 2 OF 2,-1.00,37.50000,0,506584,T,MCASTRO8,,5,SAMPLE SET - GOLD LABEL 2 OF 2,0,0
2024-08-27,GCSETGL-2828-2,SAMPLE SET - GOLD LABEL 2 OF 2,1.00,37.50000,0,506584,T,MCASTRO8,,5,SAMPLE SET - GOLD LABEL 2 OF 2,0,0
2024-08-27,GCSETGL-2828-2,SAMPLE SET - GOLD LABEL 2 OF 2,-1.00,37.50000,0,506508,T,,,5,SAMPLE SET - GOLD LABEL 2 OF 2,0,0
2024-08-27,GCSETGL-2828-2,SAMPLE SET - GOLD LABEL 2 OF 2,1.00,37.50000,0,506508,T,,,5,SAMPLE SET - GOLD LABEL 2 OF 2,0,0
2024-08-27,GCSETII-1724,SAMPLE SET - GII DIST.,-1.00,190.50000,0,505726,T,MCASTRO8,,5,SAMPLE SET - GII DIST.,0,0
2024-08-27,GCSETII-1724,SAMPLE SET - GII DIST.,1.00,190.50000,0,505726,T,MCASTRO8,,5,SAMPLE SET - GII DIST.,0,0
2024-08-27,GCSETP2-2428,SAMPLE SET - PARALLELS 2.0,-1.00,14.99200,0,506566,T,,,5,SAMPLE SET - PARALLELS 2.0,0,0
2024-08-27,GCSETP2-2428,SAMPLE SET - PARALLELS 2.0,1.00,14.99200,0,506566,T,,,5,SAMPLE SET - PARALLELS 2.0,0,0
2024-08-27,GCSETSS-1724,SAMPLE SET - GII SMOOTH,-1.00,135.80000,0,505726,T,MCASTRO8,,5,SAMPLE SET - GII SMOOTH,0,0
2024-08-27,GCSETSS-1724,SAMPLE SET - GII SMOOTH,1.00,135.80000,0,505726,T,MCASTRO8,,5,SAMPLE SET - GII SMOOTH,0,0
2024-08-27,NONSTOCK,PLYWOOD PALLETS JIM LAMINATE,20.00,3.55300,2.00000,0,P,LMORENO,,,NON-STOCK ITEMS,0,0
2024-08-28,GCSETCV-1724,SAMPLE SET - C.V.,100.00,115.46000,115.46000,505921,P,LMORENO,,5,SAMPLE SET - C.V.,0,0
2024-08-28,NONSTOCK,PLYWOOD PALLETS LILY,22.00,10.00000,10.00000,0,P,LMORENO,,,NON-STOCK ITEMS,0,0
2024-08-28,NONSTOCK,"2"" X2"" X .120 X 48"" V-BOARD",5616.00,0.40000,0.40000,0,P,LMORENO,,,NON-STOCK ITEMS,0,0
2024-08-28,NONSTOCK,PLYWOOD PALLETS LILY,22.00,10.00000,10.00000,0,P,LMORENO,,,NON-STOCK ITEMS,0,0
2024-08-28,NONSTOCK,VINEYARD CHIANTI CHIPS,60.00,1.02000,1.02000,0,P,LMORENO,,,NON-STOCK ITEMS,0,0
2024-08-28,NONSTOCK,PLYWOOD PALLETS LILY,22.00,10.00000,10.00000,0,P,LMORENO,,,NON-STOCK ITEMS,0,0
2024-08-29,GCSETABII-2323,"SAMPLE SET - AQUABLUE II ""NEW""",-1.00,50.00000,0,507631,T,,,5,"SAMPLE SET - AQUABLUE II ""NEW""",0,0
2024-08-29,GCSETABII-2323,"SAMPLE SET - AQUABLUE II ""NEW""",1.00,50.00000,0,507631,T,,,5,"SAMPLE SET - AQUABLUE II ""NEW""",0,0
2024-08-29,GCSETBH-2828,SAMPLE SET - BEVERLY HILLS,-1.00,171.60000,0,507631,T,,,5,SAMPLE SET - BEVERLY HILLS,0,0
2024-08-29,GCSETBH-2828,SAMPLE SET - BEVERLY HILLS,1.00,171.60000,0,507631,T,,,5,SAMPLE SET - BEVERLY HILLS,0,0
2024-08-29,GCSETGL-2828-1,SAMPLE SET - GOLD LABEL 1 OF 2,-1.00,92.79000,0,507631,T,,,5,SAMPLE SET - GOLD LABEL 1 OF 2,0,0
2024-08-29,GCSETGL-2828-1,SAMPLE SET - GOLD LABEL 1 OF 2,1.00,92.79000,0,507631,T,,,5,SAMPLE SET - GOLD LABEL 1 OF 2,0,0
2024-08-29,GCSETGL-2828-2,SAMPLE SET - GOLD LABEL 2 OF 2,-1.00,37.50000,0,507631,T,,,5,SAMPLE SET - GOLD LABEL 2 OF 2,0,0
2024-08-29,GCSETGL-2828-2,SAMPLE SET - GOLD LABEL 2 OF 2,1.00,37.50000,0,507631,T,,,5,SAMPLE SET - GOLD LABEL 2 OF 2,0,0
2024-08-29,GCSETVN-2323,SAMPLE SET - VINYLNOVA,-1.00,122.00000,0,507631,T,,,5,SAMPLE SET - VINYLNOVA,0,0
2024-08-29,GCSETVN-2323,SAMPLE SET - VINYLNOVA,1.00,122.00000,0,507631,T,,,5,SAMPLE SET - VINYLNOVA,0,0
2024-08-30,GCSETGL-2828-1,SAMPLE SET - GOLD LABEL 1 OF 2,-1.00,92.79000,0,114,T,,,5,SAMPLE SET - GOLD LABEL 1 OF 2,0,0
2024-08-30,GCSETGL-2828-1,SAMPLE SET - GOLD LABEL 1 OF 2,1.00,92.79000,0,114,T,,,5,SAMPLE SET - GOLD LABEL 1 OF 2,0,0
2024-08-30,GCSETGL-2828-2,SAMPLE SET - GOLD LABEL 2 OF 2,-1.00,37.50000,0,114,T,,,5,SAMPLE SET - GOLD LABEL 2 OF 2,0,0
2024-08-30,GCSETGL-2828-2,SAMPLE SET - GOLD LABEL 2 OF 2,1.00,37.50000,0,114,T,,,5,SAMPLE SET - GOLD LABEL 2 OF 2,0,0
2024-09-03,GCSETABII-2323,"SAMPLE SET - AQUABLUE II ""NEW""",-1.00,50.00000,0,507012,T,BOREGAN5,,5,"SAMPLE SET - AQUABLUE II ""NEW""",0,0
2024-09-03,GCSETABII-2323,"SAMPLE SET - AQUABLUE II ""NEW""",1.00,50.00000,0,507012,T,BOREGAN5,,5,"SAMPLE SET - AQUABLUE II ""NEW""",0,0
2024-09-03,GCSETAB7-2323,"SAMPLE SET - AQUABLUE 7""",-2.00,85.68100,0,483026,T,TONY,,5,"SAMPLE SET - AQUABLUE 7""",0,0
2024-09-03,GCSETAB7-2323,"SAMPLE SET - AQUABLUE 7""",2.00,85.68100,0,483026,T,TONY,,5,"SAMPLE SET - AQUABLUE 7""",0,0
2024-09-03,GCSETAB9-2323,"SAMPLE SET - AQUABLUE II 9""",-2.00,62.83300,0,483026,T,TONY,,5,"SAMPLE SET - AQUABLUE II 9""",0,0
2024-09-03,GCSETAB9-2323,"SAMPLE SET - AQUABLUE II 9""",2.00,62.83300,0,483026,T,TONY,,5,"SAMPLE SET - AQUABLUE II 9""",0,0
2024-09-03,GCSETBH-2828,SAMPLE SET - BEVERLY HILLS,-1.00,171.60000,0,483026,T,TONY,,5,SAMPLE SET - BEVERLY HILLS,0,0
2024-09-03,GCSETBH-2828,SAMPLE SET - BEVERLY HILLS,1.00,171.60000,0,483026,T,TONY,,5,SAMPLE SET - BEVERLY HILLS,0,0
2024-09-03,GCSETCS-2228,SAMPLE SET - CLIFFSIDE,-2.00,138.56200,0,483026,T,TONY,,5,SAMPLE SET - CLIFFSIDE,0,0
2024-09-03,GCSETCS-2228,SAMPLE SET - CLIFFSIDE,2.00,138.56200,0,483026,T,TONY,,5,SAMPLE SET - CLIFFSIDE,0,0
2024-09-03,GCSETEL-2323,SAMPLE SET - ELEMENTS SPC,-2.00,74.97100,0,483026,T,TONY,,5,SAMPLE SET - ELEMENTS SPC,0,0
2024-09-03,GCSETEL-2323,SAMPLE SET - ELEMENTS SPC,2.00,74.97100,0,483026,T,TONY,,5,SAMPLE SET - ELEMENTS SPC,0,0
2024-09-03,GCSETEX-1724,SAMPLE SET - EXOTICS,-2.00,181.76700,0,0,A,JRIVERA1,,5,SAMPLE SET - EXOTICS,0,0
2024-09-03,GCSETMP-2323,SAMPLE SET - METROPOLITAN SPC,-2.00,49.98100,0,483026,T,TONY,,5,SAMPLE SET - METROPOLITAN SPC,0,0
2024-09-03,GCSETMP-2323,SAMPLE SET - METROPOLITAN SPC,2.00,49.98100,0,483026,T,TONY,,5,SAMPLE SET - METROPOLITAN SPC,0,0
2024-09-03,GCSETNSN-2323,SAMPLE SET NEW - NATURESTEP,-2.00,169.19200,0,483026,T,TONY,,5,SAMPLE SET NEW - NATURESTEP,0,0
2024-09-03,GCSETNSN-2323,SAMPLE SET NEW - NATURESTEP,2.00,169.19200,0,483026,T,TONY,,5,SAMPLE SET NEW - NATURESTEP,0,0
2024-09-03,GCSETPS-2528,SAMPLE SET - PRIVATE SEL. *OMP,-1.00,72.00000,0,473797,T,TONY,,5,SAMPLE SET - PRIVATE SEL. *OMP,0,0
2024-09-03,GCSETPS-2528,SAMPLE SET - PRIVATE SEL. *OMP,1.00,72.00000,0,473797,T,TONY,,5,SAMPLE SET - PRIVATE SEL. *OMP,0,0
2024-09-03,GCSETP2-2428,SAMPLE SET - PARALLELS 2.0,-1.00,14.99200,0,507702,T,,,5,SAMPLE SET - PARALLELS 2.0,0,0
2024-09-03,GCSETP2-2428,SAMPLE SET - PARALLELS 2.0,1.00,14.99200,0,507702,T,,,5,SAMPLE SET - PARALLELS 2.0,0,0
2024-09-03,GCSETSS7-2323,"SAMPLE SET - SUMMIT SKY 7""",-2.00,34.41900,0,483026,T,TONY,,5,"SAMPLE SET - SUMMIT SKY 7""",0,0
2024-09-03,GCSETSS7-2323,"SAMPLE SET - SUMMIT SKY 7""",2.00,34.41900,0,483026,T,TONY,,5,"SAMPLE SET - SUMMIT SKY 7""",0,0
2024-09-03,GCSETVG-2828,SAMPLE SET - VILLA GIALLA,-1.00,271.84000,0,483026,T,TONY,,5,SAMPLE SET - VILLA GIALLA,0,0
2024-09-03,GCSETVG-2828,SAMPLE SET - VILLA GIALLA,1.00,271.84000,0,483026,T,TONY,,5,SAMPLE SET - VILLA GIALLA,0,0
2024-09-03,GCSETVN-2323,SAMPLE SET - VINYLNOVA,-1.00,122.00000,0,483026,T,TONY,,5,SAMPLE SET - VINYLNOVA,0,0
2024-09-03,GCSETVN-2323,SAMPLE SET - VINYLNOVA,1.00,122.00000,0,483026,T,TONY,,5,SAMPLE SET - VINYLNOVA,0,0
2024-09-03,GCSETVN-2323,SAMPLE SET - VINYLNOVA,-1.00,122.00000,0,507383,T,,,5,SAMPLE SET - VINYLNOVA,0,0
2024-09-03,GCSETVN-2323,SAMPLE SET - VINYLNOVA,1.00,122.00000,0,507383,T,,,5,SAMPLE SET - VINYLNOVA,0,0
2024-09-03,NONSTOCK,PLYWOOD PALLETS LILY,22.00,10.00000,10.00000,0,P,LMORENO,,,NON-STOCK ITEMS,0,0
2024-09-03,NONSTOCK,PLYWOOD PALLETS LILY,22.00,10.00000,10.00000,0,P,LMORENO,,,NON-STOCK ITEMS,0,0
2024-09-03,NONSTOCK,PLYWOOD PALLETS LILY,22.00,10.00000,10.00000,0,P,LMORENO,,,NON-STOCK ITEMS,0,0
2024-09-03,NONSTOCK,PLYWOOD PALLETS LILY,22.00,10.00000,10.00000,0,P,LMORENO,,,NON-STOCK ITEMS,0,0
2024-09-03,NONSTOCK,ULTRA PENETRATING STAIN RED,1.00,105.68000,87.42000,0,P,LMORENO,,,NON-STOCK ITEMS,0,0
2024-09-03,NONSTOCK,ULTRA PENETRATING STAIN YELLOW,1.00,105.60000,87.42000,0,P,LMORENO,,,NON-STOCK ITEMS,0,0
2024-09-03,NONSTOCK,"8""ID X 95""OL-.125 TUBE",50.00,14.54149,11.17000,0,P,LMORENO,,,NON-STOCK ITEMS,0,0
2024-09-03,NONSTOCK,"4""ID X 95""OL-.125 TUBE",180.00,6.74348,5.18000,0,P,LMORENO,,,NON-STOCK ITEMS,0,0
2024-09-03,NONSTOCK,"8"" WHITE PLASTIC PLUG",100.00,0,0,0,P,LMORENO,,,NON-STOCK ITEMS,0,0
2024-09-03,NONSTOCK,"4"" PLASTIC PLUG",360.00,0,0,0,P,LMORENO,,,NON-STOCK ITEMS,0,0
2024-09-04,GCSETCC-1724,SAMPLE SET - CAROLINA C.,-1.00,49.25000,0,508453,T,MCASTRO8,,5,SAMPLE SET - CAROLINA C.,0,0
2024-09-04,GCSETCC-1724,SAMPLE SET - CAROLINA C.,1.00,49.25000,0,508453,T,MCASTRO8,,5,SAMPLE SET - CAROLINA C.,0,0
2024-09-04,GCSETCV-1724,SAMPLE SET - C.V.,-1.00,115.46000,0,508453,T,MCASTRO8,,5,SAMPLE SET - C.V.,0,0
2024-09-04,GCSETCV-1724,SAMPLE SET - C.V.,1.00,115.46000,0,508453,T,MCASTRO8,,5,SAMPLE SET - C.V.,0,0
2024-09-04,GCSETEX-1724,SAMPLE SET - EXOTICS,-1.00,193.12600,0,508453,T,MCASTRO8,,5,SAMPLE SET - EXOTICS,0,0
2024-09-04,GCSETEX-1724,SAMPLE SET - EXOTICS,1.00,193.12600,0,508453,T,MCASTRO8,,5,SAMPLE SET - EXOTICS,0,0
2024-09-04,GCSETII-1724,SAMPLE SET - GII DIST.,-1.00,190.50000,0,508453,T,MCASTRO8,,5,SAMPLE SET - GII DIST.,0,0
2024-09-04,GCSETII-1724,SAMPLE SET - GII DIST.,1.00,190.50000,0,508453,T,MCASTRO8,,5,SAMPLE SET - GII DIST.,0,0
2024-09-04,GCSETSS-1724,SAMPLE SET - GII SMOOTH,-1.00,135.80000,0,508453,T,MCASTRO8,,5,SAMPLE SET - GII SMOOTH,0,0
2024-09-04,GCSETSS-1724,SAMPLE SET - GII SMOOTH,1.00,135.80000,0,508453,T,MCASTRO8,,5,SAMPLE SET - GII SMOOTH,0,0
2024-09-05,GCSETABII-2323,"SAMPLE SET - AQUABLUE II ""NEW""",-25.00,50.00000,0,508456,T,JSGOMEZ9,,5,"SAMPLE SET - AQUABLUE II ""NEW""",0,0
2024-09-05,GCSETABII-2323,"SAMPLE SET - AQUABLUE II ""NEW""",25.00,50.00000,0,508456,T,JSGOMEZ9,,5,"SAMPLE SET - AQUABLUE II ""NEW""",0,0
2024-09-05,GCSETBH-2828,SAMPLE SET - BEVERLY HILLS,-1.00,179.71200,0,508720,T,MCASTRO8,,5,SAMPLE SET - BEVERLY HILLS,0,0
2024-09-05,GCSETBH-2828,SAMPLE SET - BEVERLY HILLS,1.00,179.71200,0,508720,T,MCASTRO8,,5,SAMPLE SET - BEVERLY HILLS,0,0
2024-09-05,GCSETCA-1724,SAMPLE SET - CANTINA,-1.00,66.40000,0,508669,T,MCASTRO8,,5,SAMPLE SET - CANTINA,0,0
2024-09-05,GCSETCA-1724,SAMPLE SET - CANTINA,1.00,66.40000,0,508669,T,MCASTRO8,,5,SAMPLE SET - CANTINA,0,0
2024-09-05,GCSETCC-1724,SAMPLE SET - CAROLINA C.,-1.00,49.25000,0,508669,T,MCASTRO8,,5,SAMPLE SET - CAROLINA C.,0,0
2024-09-05,GCSETCC-1724,SAMPLE SET - CAROLINA C.,1.00,49.25000,0,508669,T,MCASTRO8,,5,SAMPLE SET - CAROLINA C.,0,0
2024-09-05,GCSETCV-1724,SAMPLE SET - C.V.,-1.00,115.46000,0,508669,T,MCASTRO8,,5,SAMPLE SET - C.V.,0,0
2024-09-05,GCSETCV-1724,SAMPLE SET - C.V.,1.00,115.46000,0,508669,T,MCASTRO8,,5,SAMPLE SET - C.V.,0,0
2024-09-05,GCSETCY-2828,SAMPLE SET - CN.CREST,-1.00,128.40000,0,508720,T,MCASTRO8,,5,SAMPLE SET - CN.CREST,0,0
2024-09-05,GCSETCY-2828,SAMPLE SET - CN.CREST,1.00,128.40000,0,508720,T,MCASTRO8,,5,SAMPLE SET - CN.CREST,0,0
2024-09-05,GCSETEX-1724,SAMPLE SET - EXOTICS,-1.00,193.12600,0,508669,T,MCASTRO8,,5,SAMPLE SET - EXOTICS,0,0
2024-09-05,GCSETEX-1724,SAMPLE SET - EXOTICS,1.00,193.12600,0,508669,T,MCASTRO8,,5,SAMPLE SET - EXOTICS,0,0
2024-09-05,GCSETVG-2828,SAMPLE SET - VILLA GIALLA,-1.00,271.84000,0,508720,T,MCASTRO8,,5,SAMPLE SET - VILLA GIALLA,0,0
2024-09-05,GCSETVG-2828,SAMPLE SET - VILLA GIALLA,1.00,271.84000,0,508720,T,MCASTRO8,,5,SAMPLE SET - VILLA GIALLA,0,0
2024-09-05,NONSTOCK,PLYWOOD PALLETS LILY,22.00,10.00000,10.00000,0,P,LMORENO,,,NON-STOCK ITEMS,0,0
2024-09-05,NONSTOCK,PLYWOOD PALLETS JIM SPCWPC,14.00,5.50000,5.50000,0,P,LMORENO,,,NON-STOCK ITEMS,0,0
2024-09-06,NONSTOCK,PRIVATE SELECTION FRONT STKER,1500.00,0.20000,0.20000,0,P,LMORENO,,,NON-STOCK ITEMS,0,0
2024-09-06,NONSTOCK,NEWPORT FRONT STICKERS,3000.00,0.14000,0.14000,0,P,LMORENO,,,NON-STOCK ITEMS,0,0
2024-09-06,NONSTOCK,FREE TAPE ROLLER STARTER KIT,1.00,0,0,0,P,LMORENO,,,NON-STOCK ITEMS,0,0
2024-09-06,NONSTOCK,PLASTIC STANDING DUST PAN,1.00,28.00000,28.00000,0,P,LMORENO,,,NON-STOCK ITEMS,0,0
2024-09-06,NONSTOCK,"9.5"" X 12"" PL ENEVELOPES CTN",1.00,69.00000,69.00000,0,P,LMORENO,,,NON-STOCK ITEMS,0,0
2024-09-06,NONSTOCK,"5.5"" X 10"" PL ENEVELOPES CTN",1.00,75.00000,75.00000,0,P,LMORENO,,,NON-STOCK ITEMS,0,0
2024-09-06,NONSTOCK,"FIBERGLASS MOP HANDLE 60""",2.00,19.00000,19.00000,0,P,LMORENO,,,NON-STOCK ITEMS,0,0
2024-09-06,NONSTOCK,"4 X 6"" FRAGILE STICKER ROLL",2.00,39.00000,39.00000,0,P,LMORENO,,,NON-STOCK ITEMS,0,0
2024-09-06,NONSTOCK,"TOP GUN TAPE DISPENSER - 2""",3.00,12.00000,12.00000,0,P,LMORENO,,,NON-STOCK ITEMS,0,0
2024-09-06,NONSTOCK,"""NO STACK"" CONES BUNDLE OF 50",3.00,70.00000,70.00000,0,P,LMORENO,,,NON-STOCK ITEMS,0,0
2024-09-06,NONSTOCK,"1"" X 25' TAPE MEASURE",4.00,10.00000,10.00000,0,P,LMORENO,,,NON-STOCK ITEMS,0,0
2024-09-06,NONSTOCK,5/8 X 12' TAPE MEASURE,4.00,7.00000,7.00000,0,P,LMORENO,,,NON-STOCK ITEMS,0,0
2024-09-06,NONSTOCK,WET MOP HEAD -24OZ,6.00,14.00000,14.00000,0,P,LMORENO,,,NON-STOCK ITEMS,0,0
2024-09-06,NONSTOCK,"2"" STOP TAPE",18.00,6.05000,6.05000,0,P,LMORENO,,,NON-STOCK ITEMS,0,0
2024-09-06,NONSTOCK,PLYWOOD PALLETS LILY,22.00,10.00000,10.00000,0,P,LMORENO,,,NON-STOCK ITEMS,0,0
2024-09-06,NONSTOCK,PLYWOOD PALLETS LILY,22.00,10.00000,10.00000,0,P,LMORENO,,,NON-STOCK ITEMS,0,0
2024-09-07,GCSETAL9-2828,"SAMPLE SET - 9.5"" ALLORA",-1.00,578.22800,0,509172,T,AIBARRA3,,5,"SAMPLE SET - 9.5"" ALLORA",0,0
2024-09-07,GCSETAL9-2828,"SAMPLE SET - 9.5"" ALLORA",1.00,578.22800,0,509172,T,AIBARRA3,,5,"SAMPLE SET - 9.5"" ALLORA",0,0
2024-09-07,GCSETCY-2828,SAMPLE SET - CN.CREST,-1.00,128.40000,0,509172,T,AIBARRA3,,5,SAMPLE SET - CN.CREST,0,0
2024-09-07,GCSETCY-2828,SAMPLE SET - CN.CREST,1.00,128.40000,0,509172,T,AIBARRA3,,5,SAMPLE SET - CN.CREST,0,0
2024-09-07,GCSETGL-2828-1,SAMPLE SET - GOLD LABEL 1 OF 2,-1.00,92.79000,0,509172,T,AIBARRA3,,5,SAMPLE SET - GOLD LABEL 1 OF 2,0,0
2024-09-07,GCSETGL-2828-1,SAMPLE SET - GOLD LABEL 1 OF 2,1.00,92.79000,0,509172,T,AIBARRA3,,5,SAMPLE SET - GOLD LABEL 1 OF 2,0,0
2024-09-07,GCSETGL-2828-2,SAMPLE SET - GOLD LABEL 2 OF 2,-1.00,37.50000,0,509172,T,AIBARRA3,,5,SAMPLE SET - GOLD LABEL 2 OF 2,0,0
2024-09-07,GCSETGL-2828-2,SAMPLE SET - GOLD LABEL 2 OF 2,1.00,37.50000,0,509172,T,AIBARRA3,,5,SAMPLE SET - GOLD LABEL 2 OF 2,0,0
2024-09-07,GCSETVG-2828,SAMPLE SET - VILLA GIALLA,-1.00,271.84000,0,509172,T,AIBARRA3,,5,SAMPLE SET - VILLA GIALLA,0,0
2024-09-07,GCSETVG-2828,SAMPLE SET - VILLA GIALLA,1.00,271.84000,0,509172,T,AIBARRA3,,5,SAMPLE SET - VILLA GIALLA,0,0
2024-09-09,GCSETALHB-2828,SAMPLE SET - HERRINGBONE ALLOR,-1.00,226.33900,0,509655,T,BOREGAN5,,5,SAMPLE SET - HERRINGBONE ALLOR,0,0
2024-09-09,GCSETALHB-2828,SAMPLE SET - HERRINGBONE ALLOR,1.00,226.33900,0,509655,T,BOREGAN5,,5,SAMPLE SET - HERRINGBONE ALLOR,0,0
2024-09-09,GCSETCV-1724,SAMPLE SET - C.V.,-15.00,115.46000,0,509175,T,JSGOMEZ9,,5,SAMPLE SET - C.V.,0,0
2024-09-09,GCSETCV-1724,SAMPLE SET - C.V.,15.00,115.46000,0,509175,T,JSGOMEZ9,,5,SAMPLE SET - C.V.,0,0
2024-09-09,GCSETEX-1724,SAMPLE SET - EXOTICS,-1.00,193.12600,0,509604,T,BOREGAN5,,5,SAMPLE SET - EXOTICS,0,0
2024-09-09,GCSETEX-1724,SAMPLE SET - EXOTICS,1.00,193.12600,0,509604,T,BOREGAN5,,5,SAMPLE SET - EXOTICS,0,0
2024-09-09,GCSETGL-2828-1,SAMPLE SET - GOLD LABEL 1 OF 2,-1.00,92.79000,0,509423,T,,,5,SAMPLE SET - GOLD LABEL 1 OF 2,0,0
2024-09-09,GCSETGL-2828-1,SAMPLE SET - GOLD LABEL 1 OF 2,1.00,92.79000,0,509423,T,,,5,SAMPLE SET - GOLD LABEL 1 OF 2,0,0
2024-09-09,GCSETGL-2828-2,SAMPLE SET - GOLD LABEL 2 OF 2,-1.00,37.50000,0,509423,T,,,5,SAMPLE SET - GOLD LABEL 2 OF 2,0,0
2024-09-09,GCSETGL-2828-2,SAMPLE SET - GOLD LABEL 2 OF 2,1.00,37.50000,0,509423,T,,,5,SAMPLE SET - GOLD LABEL 2 OF 2,0,0
2024-09-09,GCSETVN-2323,SAMPLE SET - VINYLNOVA,-1.00,122.00000,0,509599,T,BOREGAN5,,5,SAMPLE SET - VINYLNOVA,0,0
2024-09-09,GCSETVN-2323,SAMPLE SET - VINYLNOVA,1.00,122.00000,0,509599,T,BOREGAN5,,5,SAMPLE SET - VINYLNOVA,0,0
2024-09-09,GCSETVN-2323,SAMPLE SET - VINYLNOVA,-1.00,122.00000,0,509492,T,BOREGAN5,,5,SAMPLE SET - VINYLNOVA,0,0
2024-09-09,GCSETVN-2323,SAMPLE SET - VINYLNOVA,1.00,122.00000,0,509492,T,BOREGAN5,,5,SAMPLE SET - VINYLNOVA,0,0
2024-09-10,GCSASET34,SAMPLE SET - AQUABLUE II WPC,-10.00,185.34100,0,509906,T,,,5,SAMPLE SET - AQUABLUE II WPC,0,0
2024-09-10,GCSASET34,SAMPLE SET - AQUABLUE II WPC,10.00,185.34100,0,509906,T,,,5,SAMPLE SET - AQUABLUE II WPC,0,0
2024-09-10,GCSETBH-2828,SAMPLE SET - BEVERLY HILLS,-1.00,179.71200,0,509906,T,,,5,SAMPLE SET - BEVERLY HILLS,0,0
2024-09-10,GCSETBH-2828,SAMPLE SET - BEVERLY HILLS,1.00,179.71200,0,509906,T,,,5,SAMPLE SET - BEVERLY HILLS,0,0
2024-09-10,NONSTOCK,PALLET CONES 50/PACK,5.00,75.00000,75.00000,0,P,LMORENO,,,NON-STOCK ITEMS,0,0
2024-09-10,NONSTOCK,SWEEPING COMPOUND 50LB BOX,6.00,29.00000,29.00000,0,P,LMORENO,,,NON-STOCK ITEMS,0,0
2024-09-10,NONSTOCK,PALLET FRAGILE STICKER ROLL,8.00,36.00000,36.00000,0,P,LMORENO,,,NON-STOCK ITEMS,0,0
2024-09-10,NONSTOCK,"12 X 9 X 9"" CORRUGATED BOX",50.00,0.83000,0.83000,0,P,LMORENO,,,NON-STOCK ITEMS,0,0
2024-09-11,GCSETCC-1724,SAMPLE SET - CAROLINA C.,-1.00,49.25000,0,510568,T,MCASTRO8,,5,SAMPLE SET - CAROLINA C.,0,0
2024-09-11,GCSETCC-1724,SAMPLE SET - CAROLINA C.,1.00,49.25000,0,510568,T,MCASTRO8,,5,SAMPLE SET - CAROLINA C.,0,0
2024-09-11,GCSETCV-1724,SAMPLE SET - C.V.,-1.00,115.46000,0,510568,T,MCASTRO8,,5,SAMPLE SET - C.V.,0,0
2024-09-11,GCSETCV-1724,SAMPLE SET - C.V.,1.00,115.46000,0,510568,T,MCASTRO8,,5,SAMPLE SET - C.V.,0,0
2024-09-11,GCSETEX-1724,SAMPLE SET - EXOTICS,-1.00,193.12600,0,510568,T,MCASTRO8,,5,SAMPLE SET - EXOTICS,0,0
2024-09-11,GCSETEX-1724,SAMPLE SET - EXOTICS,1.00,193.12600,0,510568,T,MCASTRO8,,5,SAMPLE SET - EXOTICS,0,0
2024-09-11,GCSETGL-2828-1,SAMPLE SET - GOLD LABEL 1 OF 2,-1.00,92.79000,0,510286,T,MCASTRO8,,5,SAMPLE SET - GOLD LABEL 1 OF 2,0,0
2024-09-11,GCSETGL-2828-1,SAMPLE SET - GOLD LABEL 1 OF 2,1.00,92.79000,0,510286,T,MCASTRO8,,5,SAMPLE SET - GOLD LABEL 1 OF 2,0,0
2024-09-11,GCSETGL-2828-2,SAMPLE SET - GOLD LABEL 2 OF 2,-1.00,37.50000,0,510286,T,MCASTRO8,,5,SAMPLE SET - GOLD LABEL 2 OF 2,0,0
2024-09-11,GCSETGL-2828-2,SAMPLE SET - GOLD LABEL 2 OF 2,1.00,37.50000,0,510286,T,MCASTRO8,,5,SAMPLE SET - GOLD LABEL 2 OF 2,0,0
2024-09-11,GCSETII-1724,SAMPLE SET - GII DIST.,-1.00,190.50000,0,510568,T,MCASTRO8,,5,SAMPLE SET - GII DIST.,0,0
2024-09-11,GCSETII-1724,SAMPLE SET - GII DIST.,1.00,190.50000,0,510568,T,MCASTRO8,,5,SAMPLE SET - GII DIST.,0,0
2024-09-11,GCSETSS-1724,SAMPLE SET - GII SMOOTH,-1.00,135.80000,0,510568,T,MCASTRO8,,5,SAMPLE SET - GII SMOOTH,0,0
2024-09-11,GCSETSS-1724,SAMPLE SET - GII SMOOTH,1.00,135.80000,0,510568,T,MCASTRO8,,5,SAMPLE SET - GII SMOOTH,0,0
2024-09-11,NONSTOCK,PLYWOOD PALLETS JIM LAMINATE,11.00,3.27400,2.00000,0,P,LMORENO,,,NON-STOCK ITEMS,0,0
2024-09-11,NONSTOCK,PLYWOOD PALLETS JIM SPCWPC,5.00,9.00400,5.50000,0,P,LMORENO,,,NON-STOCK ITEMS,0,0
2024-09-11,NONSTOCK,PLYWOOD PALLETS LILY,22.00,10.00000,10.00000,0,P,LMORENO,,,NON-STOCK ITEMS,0,0
2024-09-11,NONSTOCK,FC LIMOGE SAMPLE CHIP,90.00,1.10000,1.10000,0,P,LMORENO,,,NON-STOCK ITEMS,0,0
2024-09-11,NONSTOCK,PLYWOOD PALLETS LILY,22.00,10.00000,10.00000,0,P,LMORENO,,,NON-STOCK ITEMS,0,0
2024-09-12,NONSTOCK,PLYWOOD PALLETS LILY,22.00,10.00000,10.00000,0,P,LMORENO,,,NON-STOCK ITEMS,0,0
2024-09-12,NONSTOCK,BELLAGIO COMO SAMPLE CHIP,120.00,0.85000,0.85000,0,P,LMORENO,,,NON-STOCK ITEMS,0,0
2024-09-12,NONSTOCK,PLYWOOD PALLETS JIM LAMINATE,20.00,3.51800,2.00000,0,P,LMORENO,,,NON-STOCK ITEMS,0,0
2024-09-14,GCSETABII-2323,"SAMPLE SET - AQUABLUE II ""NEW""",-1.00,50.00000,0,510412,T,BOREGAN5,,5,"SAMPLE SET - AQUABLUE II ""NEW""",0,0
2024-09-14,GCSETABII-2323,"SAMPLE SET - AQUABLUE II ""NEW""",1.00,50.00000,0,510412,T,BOREGAN5,,5,"SAMPLE SET - AQUABLUE II ""NEW""",0,0
2024-09-14,GCSETABII-2323,"SAMPLE SET - AQUABLUE II ""NEW""",-1.00,50.00000,0,510617,T,BOREGAN5,,5,"SAMPLE SET - AQUABLUE II ""NEW""",0,0
2024-09-14,GCSETABII-2323,"SAMPLE SET - AQUABLUE II ""NEW""",1.00,50.00000,0,510617,T,BOREGAN5,,5,"SAMPLE SET - AQUABLUE II ""NEW""",0,0
2024-09-14,GCSETABII-2323,"SAMPLE SET - AQUABLUE II ""NEW""",-1.00,50.00000,0,510473,T,BOREGAN5,,5,"SAMPLE SET - AQUABLUE II ""NEW""",0,0
2024-09-14,GCSETABII-2323,"SAMPLE SET - AQUABLUE II ""NEW""",1.00,50.00000,0,510473,T,BOREGAN5,,5,"SAMPLE SET - AQUABLUE II ""NEW""",0,0
2024-09-14,GCSETABII-2323,"SAMPLE SET - AQUABLUE II ""NEW""",-1.00,50.00000,0,510759,T,BOREGAN5,,5,"SAMPLE SET - AQUABLUE II ""NEW""",0,0
2024-09-14,GCSETABII-2323,"SAMPLE SET - AQUABLUE II ""NEW""",1.00,50.00000,0,510759,T,BOREGAN5,,5,"SAMPLE SET - AQUABLUE II ""NEW""",0,0
2024-09-14,GCSETABII-2323,"SAMPLE SET - AQUABLUE II ""NEW""",-1.00,50.00000,0,510822,T,BOREGAN5,,5,"SAMPLE SET - AQUABLUE II ""NEW""",0,0
2024-09-14,GCSETABII-2323,"SAMPLE SET - AQUABLUE II ""NEW""",1.00,50.00000,0,510822,T,BOREGAN5,,5,"SAMPLE SET - AQUABLUE II ""NEW""",0,0
2024-09-14,GCSETCC-1724,SAMPLE SET - CAROLINA C.,-1.00,49.25000,0,510984,T,BOREGAN5,,5,SAMPLE SET - CAROLINA C.,0,0
2024-09-14,GCSETCC-1724,SAMPLE SET - CAROLINA C.,1.00,49.25000,0,510984,T,BOREGAN5,,5,SAMPLE SET - CAROLINA C.,0,0
2024-09-14,GCSETCV-1724,SAMPLE SET - C.V.,-1.00,115.46000,0,510984,T,BOREGAN5,,5,SAMPLE SET - C.V.,0,0
2024-09-14,GCSETCV-1724,SAMPLE SET - C.V.,1.00,115.46000,0,510984,T,BOREGAN5,,5,SAMPLE SET - C.V.,0,0
2024-09-14,GCSETEX-2528,SAMPLE SET - EXOTICS *OMP*,-1.00,210.88200,0,510569,T,BOREGAN5,,5,SAMPLE SET - EXOTICS *OMP*,0,0
2024-09-14,GCSETEX-2528,SAMPLE SET - EXOTICS *OMP*,1.00,210.88200,0,510569,T,BOREGAN5,,5,SAMPLE SET - EXOTICS *OMP*,0,0
2024-09-14,GCSETGL-2828-1,SAMPLE SET - GOLD LABEL 1 OF 2,-1.00,92.79000,0,510412,T,BOREGAN5,,5,SAMPLE SET - GOLD LABEL 1 OF 2,0,0
2024-09-14,GCSETGL-2828-1,SAMPLE SET - GOLD LABEL 1 OF 2,1.00,92.79000,0,510412,T,BOREGAN5,,5,SAMPLE SET - GOLD LABEL 1 OF 2,0,0
2024-09-14,GCSETGL-2828-1,SAMPLE SET - GOLD LABEL 1 OF 2,-1.00,92.79000,0,510415,T,BOREGAN5,,5,SAMPLE SET - GOLD LABEL 1 OF 2,0,0
2024-09-14,GCSETGL-2828-1,SAMPLE SET - GOLD LABEL 1 OF 2,1.00,92.79000,0,510415,T,BOREGAN5,,5,SAMPLE SET - GOLD LABEL 1 OF 2,0,0
2024-09-14,GCSETGL-2828-1,SAMPLE SET - GOLD LABEL 1 OF 2,-1.00,92.79000,0,510845,T,BOREGAN5,,5,SAMPLE SET - GOLD LABEL 1 OF 2,0,0
2024-09-14,GCSETGL-2828-1,SAMPLE SET - GOLD LABEL 1 OF 2,1.00,92.79000,0,510845,T,BOREGAN5,,5,SAMPLE SET - GOLD LABEL 1 OF 2,0,0
2024-09-14,GCSETGL-2828-2,SAMPLE SET - GOLD LABEL 2 OF 2,-1.00,37.50000,0,510412,T,BOREGAN5,,5,SAMPLE SET - GOLD LABEL 2 OF 2,0,0
2024-09-14,GCSETGL-2828-2,SAMPLE SET - GOLD LABEL 2 OF 2,1.00,37.50000,0,510412,T,BOREGAN5,,5,SAMPLE SET - GOLD LABEL 2 OF 2,0,0
2024-09-14,GCSETGL-2828-2,SAMPLE SET - GOLD LABEL 2 OF 2,-1.00,37.50000,0,510415,T,BOREGAN5,,5,SAMPLE SET - GOLD LABEL 2 OF 2,0,0
2024-09-14,GCSETGL-2828-2,SAMPLE SET - GOLD LABEL 2 OF 2,1.00,37.50000,0,510415,T,BOREGAN5,,5,SAMPLE SET - GOLD LABEL 2 OF 2,0,0
2024-09-14,GCSETGL-2828-2,SAMPLE SET - GOLD LABEL 2 OF 2,-1.00,37.50000,0,510845,T,BOREGAN5,,5,SAMPLE SET - GOLD LABEL 2 OF 2,0,0
2024-09-14,GCSETGL-2828-2,SAMPLE SET - GOLD LABEL 2 OF 2,1.00,37.50000,0,510845,T,BOREGAN5,,5,SAMPLE SET - GOLD LABEL 2 OF 2,0,0
2024-09-14,GCSETIL-2424,SAMPLE SET - ILLUMIN8,-1.00,58.44600,0,510984,T,BOREGAN5,,5,SAMPLE SET - ILLUMIN8,0,0
2024-09-14,GCSETIL-2424,SAMPLE SET - ILLUMIN8,1.00,58.44600,0,510984,T,BOREGAN5,,5,SAMPLE SET - ILLUMIN8,0,0
2024-09-16,GCSETABII-2323,"SAMPLE SET - AQUABLUE II ""NEW""",-1.00,50.00000,0,511334,T,BOREGAN5,,5,"SAMPLE SET - AQUABLUE II ""NEW""",0,0
2024-09-16,GCSETABII-2323,"SAMPLE SET - AQUABLUE II ""NEW""",1.00,50.00000,0,511334,T,BOREGAN5,,5,"SAMPLE SET - AQUABLUE II ""NEW""",0,0
2024-09-16,GCSETABII-2323,"SAMPLE SET - AQUABLUE II ""NEW""",-1.00,50.00000,0,511337,T,BOREGAN5,,5,"SAMPLE SET - AQUABLUE II ""NEW""",0,0
2024-09-16,GCSETABII-2323,"SAMPLE SET - AQUABLUE II ""NEW""",1.00,50.00000,0,511337,T,BOREGAN5,,5,"SAMPLE SET - AQUABLUE II ""NEW""",0,0
2024-09-16,GCSETGL-2828-1,SAMPLE SET - GOLD LABEL 1 OF 2,-1.00,92.79000,0,123,T,,,5,SAMPLE SET - GOLD LABEL 1 OF 2,0,0
2024-09-16,GCSETGL-2828-1,SAMPLE SET - GOLD LABEL 1 OF 2,1.00,92.79000,0,123,T,,,5,SAMPLE SET - GOLD LABEL 1 OF 2,0,0
2024-09-16,GCSETGL-2828-2,SAMPLE SET - GOLD LABEL 2 OF 2,-1.00,37.50000,0,123,T,,,5,SAMPLE SET - GOLD LABEL 2 OF 2,0,0
2024-09-16,GCSETGL-2828-2,SAMPLE SET - GOLD LABEL 2 OF 2,1.00,37.50000,0,123,T,,,5,SAMPLE SET - GOLD LABEL 2 OF 2,0,0
2024-09-16,GCSETVN-2323,SAMPLE SET - VINYLNOVA,-1.00,122.00000,0,511337,T,BOREGAN5,,5,SAMPLE SET - VINYLNOVA,0,0
2024-09-16,GCSETVN-2323,SAMPLE SET - VINYLNOVA,1.00,122.00000,0,511337,T,BOREGAN5,,5,SAMPLE SET - VINYLNOVA,0,0
2024-09-16,GCSETVY-2228,SAMPLE SET - VINEYARD,-1.00,109.25000,0,511376,T,,,5,SAMPLE SET - VINEYARD,0,0
2024-09-16,GCSETVY-2228,SAMPLE SET - VINEYARD,1.00,109.25000,0,511376,T,,,5,SAMPLE SET - VINEYARD,0,0
2024-09-16,GCSETVY-2228-A,SAMPLE SET - VINEYARD ADD-ON,-1.00,69.45000,0,511376,T,,,5,SAMPLE SET - VINEYARD ADD-ON,0,0
2024-09-16,GCSETVY-2228-A,SAMPLE SET - VINEYARD ADD-ON,1.00,69.45000,0,511376,T,,,5,SAMPLE SET - VINEYARD ADD-ON,0,0
2024-09-16,NONSTOCK,PLYWOOD PALLETS LILY,22.00,10.00000,10.00000,0,P,LMORENO,,,NON-STOCK ITEMS,0,0
2024-09-17,NONSTOCK,PLYWOOD PALLETS LILY,22.00,10.00000,10.00000,0,P,LMORENO,,,NON-STOCK ITEMS,0,0
2024-09-19,GCSETIL-2424,SAMPLE SET - ILLUMIN8,-1.00,58.44600,0,512918,T,,,5,SAMPLE SET - ILLUMIN8,0,0
2024-09-19,GCSETIL-2424,SAMPLE SET - ILLUMIN8,1.00,58.44600,0,512918,T,,,5,SAMPLE SET - ILLUMIN8,0,0
2024-09-20,GCSETABII-2323,"SAMPLE SET - AQUABLUE II ""NEW""",-1.00,50.00000,0,512931,T,BOREGAN5,,5,"SAMPLE SET - AQUABLUE II ""NEW""",0,0
2024-09-20,GCSETABII-2323,"SAMPLE SET - AQUABLUE II ""NEW""",1.00,50.00000,0,512931,T,BOREGAN5,,5,"SAMPLE SET - AQUABLUE II ""NEW""",0,0
2024-09-20,GCSETABII-2323,"SAMPLE SET - AQUABLUE II ""NEW""",-1.00,50.00000,0,512693,T,BOREGAN5,,5,"SAMPLE SET - AQUABLUE II ""NEW""",0,0
2024-09-20,GCSETABII-2323,"SAMPLE SET - AQUABLUE II ""NEW""",1.00,50.00000,0,512693,T,BOREGAN5,,5,"SAMPLE SET - AQUABLUE II ""NEW""",0,0
2024-09-20,GCSETABII-2323,"SAMPLE SET - AQUABLUE II ""NEW""",-1.00,50.00000,0,512923,T,BOREGAN5,,5,"SAMPLE SET - AQUABLUE II ""NEW""",0,0
2024-09-20,GCSETABII-2323,"SAMPLE SET - AQUABLUE II ""NEW""",1.00,50.00000,0,512923,T,BOREGAN5,,5,"SAMPLE SET - AQUABLUE II ""NEW""",0,0
2024-09-20,GCSETGL-2828-1,SAMPLE SET - GOLD LABEL 1 OF 2,-1.00,92.79000,0,512931,T,BOREGAN5,,5,SAMPLE SET - GOLD LABEL 1 OF 2,0,0
2024-09-20,GCSETGL-2828-1,SAMPLE SET - GOLD LABEL 1 OF 2,1.00,92.79000,0,512931,T,BOREGAN5,,5,SAMPLE SET - GOLD LABEL 1 OF 2,0,0
2024-09-20,GCSETGL-2828-1,SAMPLE SET - GOLD LABEL 1 OF 2,-1.00,92.79000,0,512923,T,BOREGAN5,,5,SAMPLE SET - GOLD LABEL 1 OF 2,0,0
2024-09-20,GCSETGL-2828-1,SAMPLE SET - GOLD LABEL 1 OF 2,1.00,92.79000,0,512923,T,BOREGAN5,,5,SAMPLE SET - GOLD LABEL 1 OF 2,0,0
2024-09-20,GCSETGL-2828-2,SAMPLE SET - GOLD LABEL 2 OF 2,-1.00,37.50000,0,512931,T,BOREGAN5,,5,SAMPLE SET - GOLD LABEL 2 OF 2,0,0
2024-09-20,GCSETGL-2828-2,SAMPLE SET - GOLD LABEL 2 OF 2,1.00,37.50000,0,512931,T,BOREGAN5,,5,SAMPLE SET - GOLD LABEL 2 OF 2,0,0
2024-09-20,GCSETGL-2828-2,SAMPLE SET - GOLD LABEL 2 OF 2,-1.00,37.50000,0,512923,T,BOREGAN5,,5,SAMPLE SET - GOLD LABEL 2 OF 2,0,0
2024-09-20,GCSETGL-2828-2,SAMPLE SET - GOLD LABEL 2 OF 2,1.00,37.50000,0,512923,T,BOREGAN5,,5,SAMPLE SET - GOLD LABEL 2 OF 2,0,0
2024-09-20,GCSETIL-2424,SAMPLE SET - ILLUMIN8,-1.00,58.44600,0,512693,T,BOREGAN5,,5,SAMPLE SET - ILLUMIN8,0,0
2024-09-20,GCSETIL-2424,SAMPLE SET - ILLUMIN8,1.00,58.44600,0,512693,T,BOREGAN5,,5,SAMPLE SET - ILLUMIN8,0,0
2024-09-20,GCSETNP-2228,SAMPLE SET - NEWPORT,-1.00,146.87430,0,512803,T,BOREGAN5,,5,SAMPLE SET - NEWPORT,0,0
2024-09-20,GCSETNP-2228,SAMPLE SET - NEWPORT,1.00,146.87430,0,512803,T,BOREGAN5,,5,SAMPLE SET - NEWPORT,0,0
2024-09-20,GCSETVN-2323,SAMPLE SET - VINYLNOVA,-1.00,122.00000,0,512803,T,BOREGAN5,,5,SAMPLE SET - VINYLNOVA,0,0
2024-09-20,GCSETVN-2323,SAMPLE SET - VINYLNOVA,1.00,122.00000,0,512803,T,BOREGAN5,,5,SAMPLE SET - VINYLNOVA,0,0
2024-09-20,GCSETVN-2323,SAMPLE SET - VINYLNOVA,-1.00,122.00000,0,512693,T,BOREGAN5,,5,SAMPLE SET - VINYLNOVA,0,0
2024-09-20,GCSETVN-2323,SAMPLE SET - VINYLNOVA,1.00,122.00000,0,512693,T,BOREGAN5,,5,SAMPLE SET - VINYLNOVA,0,0
2024-09-20,GCSETVN-2323,SAMPLE SET - VINYLNOVA,-1.00,122.00000,0,512923,T,BOREGAN5,,5,SAMPLE SET - VINYLNOVA,0,0
2024-09-20,GCSETVN-2323,SAMPLE SET - VINYLNOVA,1.00,122.00000,0,512923,T,BOREGAN5,,5,SAMPLE SET - VINYLNOVA,0,0
2024-09-23,GCSETAL-2228,"SAMPLE SET - 7.5"" ALLORA",-1.00,418.24100,0,513586,T,,,5,"SAMPLE SET - 7.5"" ALLORA",0,0
2024-09-23,GCSETAL-2228,"SAMPLE SET - 7.5"" ALLORA",1.00,418.24100,0,513586,T,,,5,"SAMPLE SET - 7.5"" ALLORA",0,0
2024-09-24,GCSETABII-2323,"SAMPLE SET - AQUABLUE II ""NEW""",-1.00,50.00000,0,513473,T,BOREGAN5,,5,"SAMPLE SET - AQUABLUE II ""NEW""",0,0
2024-09-24,GCSETABII-2323,"SAMPLE SET - AQUABLUE II ""NEW""",1.00,50.00000,0,513473,T,BOREGAN5,,5,"SAMPLE SET - AQUABLUE II ""NEW""",0,0
2024-09-24,GCSETABII-2323,"SAMPLE SET - AQUABLUE II ""NEW""",-1.00,50.00000,0,513445,T,BOREGAN5,,5,"SAMPLE SET - AQUABLUE II ""NEW""",0,0
2024-09-24,GCSETABII-2323,"SAMPLE SET - AQUABLUE II ""NEW""",1.00,50.00000,0,513445,T,BOREGAN5,,5,"SAMPLE SET - AQUABLUE II ""NEW""",0,0
2024-09-24,GCSETABII-2323,"SAMPLE SET - AQUABLUE II ""NEW""",-1.00,50.00000,0,514055,T,SMORALES4,,5,"SAMPLE SET - AQUABLUE II ""NEW""",0,0
2024-09-24,GCSETABII-2323,"SAMPLE SET - AQUABLUE II ""NEW""",1.00,50.00000,0,514055,T,SMORALES4,,5,"SAMPLE SET - AQUABLUE II ""NEW""",0,0
2024-09-24,GCSETABII-2323,"SAMPLE SET - AQUABLUE II ""NEW""",-1.00,50.00000,0,514092,T,SMORALES4,,5,"SAMPLE SET - AQUABLUE II ""NEW""",0,0
2024-09-24,GCSETABII-2323,"SAMPLE SET - AQUABLUE II ""NEW""",1.00,50.00000,0,514092,T,SMORALES4,,5,"SAMPLE SET - AQUABLUE II ""NEW""",0,0
2024-09-24,GCSETEX-2528,SAMPLE SET - EXOTICS *OMP*,-1.00,210.88200,0,513440,T,BOREGAN5,,5,SAMPLE SET - EXOTICS *OMP*,0,0
2024-09-24,GCSETEX-2528,SAMPLE SET - EXOTICS *OMP*,1.00,210.88200,0,513440,T,BOREGAN5,,5,SAMPLE SET - EXOTICS *OMP*,0,0
2024-09-24,GCSETGL-2828-1,SAMPLE SET - GOLD LABEL 1 OF 2,-1.00,92.79000,0,513144,T,BOREGAN5,,5,SAMPLE SET - GOLD LABEL 1 OF 2,0,0
2024-09-24,GCSETGL-2828-1,SAMPLE SET - GOLD LABEL 1 OF 2,1.00,92.79000,0,513144,T,BOREGAN5,,5,SAMPLE SET - GOLD LABEL 1 OF 2,0,0
2024-09-24,GCSETGL-2828-2,SAMPLE SET - GOLD LABEL 2 OF 2,-1.00,37.50000,0,513144,T,BOREGAN5,,5,SAMPLE SET - GOLD LABEL 2 OF 2,0,0
2024-09-24,GCSETGL-2828-2,SAMPLE SET - GOLD LABEL 2 OF 2,1.00,37.50000,0,513144,T,BOREGAN5,,5,SAMPLE SET - GOLD LABEL 2 OF 2,0,0
2024-09-24,GCSETII-1724,SAMPLE SET - GII DIST.,-1.00,190.50000,0,513518,T,JSGOMEZ9,,5,SAMPLE SET - GII DIST.,0,0
2024-09-24,GCSETII-1724,SAMPLE SET - GII DIST.,1.00,190.50000,0,513518,T,JSGOMEZ9,,5,SAMPLE SET - GII DIST.,0,0
2024-09-24,GCSETIL-2424,SAMPLE SET - ILLUMIN8,-1.00,58.44600,0,513595,T,BOREGAN5,,5,SAMPLE SET - ILLUMIN8,0,0
2024-09-24,GCSETIL-2424,SAMPLE SET - ILLUMIN8,1.00,58.44600,0,513595,T,BOREGAN5,,5,SAMPLE SET - ILLUMIN8,0,0
2024-09-24,GCSETIL-2424,SAMPLE SET - ILLUMIN8,-1.00,58.44600,0,513445,T,BOREGAN5,,5,SAMPLE SET - ILLUMIN8,0,0
2024-09-24,GCSETIL-2424,SAMPLE SET - ILLUMIN8,1.00,58.44600,0,513445,T,BOREGAN5,,5,SAMPLE SET - ILLUMIN8,0,0
2024-09-24,GCSETNP-2228,SAMPLE SET - NEWPORT,-1.00,146.87430,0,513438,T,BOREGAN5,,5,SAMPLE SET - NEWPORT,0,0
2024-09-24,GCSETNP-2228,SAMPLE SET - NEWPORT,1.00,146.87430,0,513438,T,BOREGAN5,,5,SAMPLE SET - NEWPORT,0,0
2024-09-24,GCSETSS-1724,SAMPLE SET - GII SMOOTH,-1.00,135.80000,0,513518,T,JSGOMEZ9,,5,SAMPLE SET - GII SMOOTH,0,0
2024-09-24,GCSETSS-1724,SAMPLE SET - GII SMOOTH,1.00,135.80000,0,513518,T,JSGOMEZ9,,5,SAMPLE SET - GII SMOOTH,0,0
2024-09-24,GCSETVN-2323,SAMPLE SET - VINYLNOVA,-1.00,122.00000,0,513144,T,BOREGAN5,,5,SAMPLE SET - VINYLNOVA,0,0
2024-09-24,GCSETVN-2323,SAMPLE SET - VINYLNOVA,1.00,122.00000,0,513144,T,BOREGAN5,,5,SAMPLE SET - VINYLNOVA,0,0
2024-09-24,GCSETVN-2323,SAMPLE SET - VINYLNOVA,-1.00,122.00000,0,513445,T,BOREGAN5,,5,SAMPLE SET - VINYLNOVA,0,0
2024-09-24,GCSETVN-2323,SAMPLE SET - VINYLNOVA,1.00,122.00000,0,513445,T,BOREGAN5,,5,SAMPLE SET - VINYLNOVA,0,0
2024-09-24,GCSETVY-2228-A,SAMPLE SET - VINEYARD ADD-ON,-1.00,69.45000,0,513500,T,BOREGAN5,,5,SAMPLE SET - VINEYARD ADD-ON,0,0
2024-09-24,GCSETVY-2228-A,SAMPLE SET - VINEYARD ADD-ON,1.00,69.45000,0,513500,T,BOREGAN5,,5,SAMPLE SET - VINEYARD ADD-ON,0,0
2024-09-26,GCKEYSET997,RETAIL SAMPLE PANEL MDF MLDNGS,-1.00,28.65500,0,514148,T,LMORENO,,5,RETAIL SAMPLE PANEL MDF MLDNGS,0,0
2024-09-26,GCKEYSET997,RETAIL SAMPLE PANEL MDF MLDNGS,1.00,28.65500,0,514148,T,LMORENO,,5,RETAIL SAMPLE PANEL MDF MLDNGS,0,0
2024-09-26,GCSETABII-2323,"SAMPLE SET - AQUABLUE II ""NEW""",-1.00,50.00000,0,514889,T,MCASTRO8,,5,"SAMPLE SET - AQUABLUE II ""NEW""",0,0
2024-09-26,GCSETABII-2323,"SAMPLE SET - AQUABLUE II ""NEW""",1.00,50.00000,0,514889,T,MCASTRO8,,5,"SAMPLE SET - AQUABLUE II ""NEW""",0,0
2024-09-26,GCSETABII-2323,"SAMPLE SET - AQUABLUE II ""NEW""",-1.00,50.00000,0,514858,T,MCASTRO8,,5,"SAMPLE SET - AQUABLUE II ""NEW""",0,0
2024-09-26,GCSETABII-2323,"SAMPLE SET - AQUABLUE II ""NEW""",1.00,50.00000,0,514858,T,MCASTRO8,,5,"SAMPLE SET - AQUABLUE II ""NEW""",0,0
2024-09-26,GCSETBH-2828,SAMPLE SET - BEVERLY HILLS,-1.00,179.71200,0,514936,T,,,5,SAMPLE SET - BEVERLY HILLS,0,0
2024-09-26,GCSETBH-2828,SAMPLE SET - BEVERLY HILLS,1.00,179.71200,0,514936,T,,,5,SAMPLE SET - BEVERLY HILLS,0,0
2024-09-26,GCSETGL-2828-1,SAMPLE SET - GOLD LABEL 1 OF 2,-1.00,92.79000,0,514535,T,,,5,SAMPLE SET - GOLD LABEL 1 OF 2,0,0
2024-09-26,GCSETGL-2828-1,SAMPLE SET - GOLD LABEL 1 OF 2,1.00,92.79000,0,514535,T,,,5,SAMPLE SET - GOLD LABEL 1 OF 2,0,0
2024-09-26,GCSETGL-2828-2,SAMPLE SET - GOLD LABEL 2 OF 2,-1.00,37.50000,0,514535,T,,,5,SAMPLE SET - GOLD LABEL 2 OF 2,0,0
2024-09-26,GCSETGL-2828-2,SAMPLE SET - GOLD LABEL 2 OF 2,1.00,37.50000,0,514535,T,,,5,SAMPLE SET - GOLD LABEL 2 OF 2,0,0
2024-09-26,GCSETVG-2828,SAMPLE SET - VILLA GIALLA,-1.00,271.84000,0,514905,T,,,5,SAMPLE SET - VILLA GIALLA,0,0
2024-09-26,GCSETVG-2828,SAMPLE SET - VILLA GIALLA,1.00,271.84000,0,514905,T,,,5,SAMPLE SET - VILLA GIALLA,0,0
2024-09-26,GCSETVN-2323,SAMPLE SET - VINYLNOVA,-1.00,122.00000,0,514891,T,,,5,SAMPLE SET - VINYLNOVA,0,0
2024-09-26,GCSETVN-2323,SAMPLE SET - VINYLNOVA,1.00,122.00000,0,514891,T,,,5,SAMPLE SET - VINYLNOVA,0,0
2024-09-27,GCSETBH-2828,SAMPLE SET - BEVERLY HILLS,-5.00,179.71200,0,514939,T,,,5,SAMPLE SET - BEVERLY HILLS,0,0
2024-09-27,GCSETBH-2828,SAMPLE SET - BEVERLY HILLS,-1.00,179.71200,0,514955,T,,,5,SAMPLE SET - BEVERLY HILLS,0,0
2024-09-27,GCSETBH-2828,SAMPLE SET - BEVERLY HILLS,1.00,179.71200,0,514955,T,,,5,SAMPLE SET - BEVERLY HILLS,0,0
2024-09-27,GCSETBH-2828,SAMPLE SET - BEVERLY HILLS,5.00,179.71200,0,514939,T,,,5,SAMPLE SET - BEVERLY HILLS,0,0
2024-09-27,GCSETGL-2828-1,SAMPLE SET - GOLD LABEL 1 OF 2,-1.00,92.79000,0,514955,T,,,5,SAMPLE SET - GOLD LABEL 1 OF 2,0,0
2024-09-27,GCSETGL-2828-1,SAMPLE SET - GOLD LABEL 1 OF 2,1.00,92.79000,0,514955,T,,,5,SAMPLE SET - GOLD LABEL 1 OF 2,0,0
2024-09-27,GCSETGL-2828-2,SAMPLE SET - GOLD LABEL 2 OF 2,-1.00,37.50000,0,514955,T,,,5,SAMPLE SET - GOLD LABEL 2 OF 2,0,0
2024-09-27,GCSETGL-2828-2,SAMPLE SET - GOLD LABEL 2 OF 2,1.00,37.50000,0,514955,T,,,5,SAMPLE SET - GOLD LABEL 2 OF 2,0,0
2024-09-30,GCSETBH-2828,SAMPLE SET - BEVERLY HILLS,-1.00,179.71200,0,514498,T,BOREGAN5,,5,SAMPLE SET - BEVERLY HILLS,0,0
2024-09-30,GCSETBH-2828,SAMPLE SET - BEVERLY HILLS,1.00,179.71200,0,514498,T,BOREGAN5,,5,SAMPLE SET - BEVERLY HILLS,0,0
2024-09-30,GCSETBH-2828,SAMPLE SET - BEVERLY HILLS,-1.00,179.71200,0,515865,T,,,5,SAMPLE SET - BEVERLY HILLS,0,0
2024-09-30,GCSETBH-2828,SAMPLE SET - BEVERLY HILLS,1.00,179.71200,0,515865,T,,,5,SAMPLE SET - BEVERLY HILLS,0,0
2024-09-30,GCSETCV-1724,SAMPLE SET - C.V.,-1.00,115.46000,0,515865,T,,,5,SAMPLE SET - C.V.,0,0
2024-09-30,GCSETCV-1724,SAMPLE SET - C.V.,1.00,115.46000,0,515865,T,,,5,SAMPLE SET - C.V.,0,0
2024-09-30,GCSETDB-2228,SAMPLE SET - DU BOIS,-1.00,131.10000,0,515865,T,,,5,SAMPLE SET - DU BOIS,0,0
2024-09-30,GCSETDB-2228,SAMPLE SET - DU BOIS,1.00,131.10000,0,515865,T,,,5,SAMPLE SET - DU BOIS,0,0
2024-09-30,GCSETNP-2228,SAMPLE SET - NEWPORT,-1.00,146.87430,0,515865,T,,,5,SAMPLE SET - NEWPORT,0,0
2024-09-30,GCSETNP-2228,SAMPLE SET - NEWPORT,1.00,146.87430,0,515865,T,,,5,SAMPLE SET - NEWPORT,0,0
2024-09-30,GCSETVG-2828,SAMPLE SET - VILLA GIALLA,-1.00,271.84000,0,515865,T,,,5,SAMPLE SET - VILLA GIALLA,0,0
2024-09-30,GCSETVG-2828,SAMPLE SET - VILLA GIALLA,1.00,271.84000,0,515865,T,,,5,SAMPLE SET - VILLA GIALLA,0,0
2024-09-30,GCSETVN-2323,SAMPLE SET - VINYLNOVA,-1.00,122.00000,0,515181,T,BOREGAN5,,5,SAMPLE SET - VINYLNOVA,0,0
2024-09-30,GCSETVN-2323,SAMPLE SET - VINYLNOVA,1.00,122.00000,0,515181,T,BOREGAN5,,5,SAMPLE SET - VINYLNOVA,0,0
2024-09-30,GCSETVN-2323,SAMPLE SET - VINYLNOVA,-1.00,122.00000,0,515169,T,,,5,SAMPLE SET - VINYLNOVA,0,0
2024-09-30,GCSETVN-2323,SAMPLE SET - VINYLNOVA,1.00,122.00000,0,515169,T,,,5,SAMPLE SET - VINYLNOVA,0,0
2024-09-30,GCSETVN-2323,SAMPLE SET - VINYLNOVA,-160.00,120.62500,0,516079,T,JRIVERA1,,5,SAMPLE SET - VINYLNOVA,0,0
2024-09-30,GCSETVN-2323,SAMPLE SET - VINYLNOVA,160.00,120.62500,0,516079,T,JRIVERA1,,5,SAMPLE SET - VINYLNOVA,0,0
2024-09-30,GCSETVN-2323,SAMPLE SET - VINYLNOVA,-40.00,127.50000,0,516079,T,JRIVERA1,,5,SAMPLE SET - VINYLNOVA,0,0
2024-09-30,GCSETVN-2323,SAMPLE SET - VINYLNOVA,40.00,127.50000,0,516079,T,JRIVERA1,,5,SAMPLE SET - VINYLNOVA,0,0
2024-09-30,GCSETVY-2228,SAMPLE SET - VINEYARD,-1.00,109.25000,0,515865,T,,,5,SAMPLE SET - VINEYARD,0,0
2024-09-30,GCSETVY-2228,SAMPLE SET - VINEYARD,1.00,109.25000,0,515865,T,,,5,SAMPLE SET - VINEYARD,0,0
2024-09-30,GCSETVY-2228-A,SAMPLE SET - VINEYARD ADD-ON,-1.00,69.45000,0,515865,T,,,5,SAMPLE SET - VINEYARD ADD-ON,0,0
2024-09-30,GCSETVY-2228-A,SAMPLE SET - VINEYARD ADD-ON,1.00,69.45000,0,515865,T,,,5,SAMPLE SET - VINEYARD ADD-ON,0,0
2024-10-01,NONSTOCK,"9 X 12"" 4 MIL RECLOSABLE BAGS",1.00,109.00000,109.00000,0,P,LMORENO,,,NON-STOCK ITEMS,0,0
2024-10-01,NONSTOCK,"1"" X 25' LOCKING TAPE MEASURE",12.00,9.00000,9.00000,0,P,LMORENO,,,NON-STOCK ITEMS,0,0
2024-10-01,NONSTOCK,HEAVY DUTY BLADE - RED,24.00,5.50000,5.50000,0,P,LMORENO,,,NON-STOCK ITEMS,0,0
2024-10-01,NONSTOCK,"12 X 7 X 5"" CARDBOARD BOX",100.00,0.89000,0.89000,0,P,LMORENO,,,NON-STOCK ITEMS,0,0
2024-10-01,NONSTOCK,"15 X 10 X 12"" CARDBOARD BOX",100.00,1.90000,1.90000,0,P,LMORENO,,,NON-STOCK ITEMS,0,0
2024-10-01,NONSTOCK,"12 X 9 X 9"" CARDBOARD BOX",100.00,0.83000,0.83000,0,P,LMORENO,,,NON-STOCK ITEMS,0,0
2024-10-01,NONSTOCK,PALLETS,20.00,10.00000,10.00000,0,P,LMORENO,,,NON-STOCK ITEMS,0,0
2024-10-01,NONSTOCK,PLYWOOD PALLETS LILY,21.00,10.48857,10.00000,0,P,LMORENO,,,NON-STOCK ITEMS,0,0
2024-10-01,NONSTOCK,PALLETS,21.00,10.00000,10.00000,0,P,LMORENO,,,NON-STOCK ITEMS,0,0
2024-10-01,NONSTOCK,PLYWOOD PALLETS LILY,23.00,10.00000,10.00000,0,P,LMORENO,,,NON-STOCK ITEMS,0,0
2024-10-02,GCSETABII-2323,"SAMPLE SET - AQUABLUE II ""NEW""",-1.00,50.00000,0,515589,T,,,5,"SAMPLE SET - AQUABLUE II ""NEW""",0,0
2024-10-02,GCSETABII-2323,"SAMPLE SET - AQUABLUE II ""NEW""",1.00,50.00000,0,515589,T,,,5,"SAMPLE SET - AQUABLUE II ""NEW""",0,0
2024-10-02,GCSETAL9-2828,"SAMPLE SET - 9.5"" ALLORA",-1.00,0,0,516290,T,,,5,"SAMPLE SET - 9.5"" ALLORA",0,0
2024-10-02,GCSETAL9-2828,"SAMPLE SET - 9.5"" ALLORA",1.00,0,0,516290,T,,,5,"SAMPLE SET - 9.5"" ALLORA",0,0
2024-10-02,GCSETBH-2828,SAMPLE SET - BEVERLY HILLS,-1.00,171.60000,0,515589,T,,,5,SAMPLE SET - BEVERLY HILLS,0,0
2024-10-02,GCSETBH-2828,SAMPLE SET - BEVERLY HILLS,1.00,171.60000,0,515589,T,,,5,SAMPLE SET - BEVERLY HILLS,0,0
2024-10-02,GCSETBH-2828,SAMPLE SET - BEVERLY HILLS,-1.00,179.71200,0,516290,T,,,5,SAMPLE SET - BEVERLY HILLS,0,0
2024-10-02,GCSETBH-2828,SAMPLE SET - BEVERLY HILLS,1.00,179.71200,0,516290,T,,,5,SAMPLE SET - BEVERLY HILLS,0,0
2024-10-02,GCSETCC-1724,SAMPLE SET - CAROLINA C.,-1.00,49.25000,0,515589,T,,,5,SAMPLE SET - CAROLINA C.,0,0
2024-10-02,GCSETCC-1724,SAMPLE SET - CAROLINA C.,1.00,49.25000,0,515589,T,,,5,SAMPLE SET - CAROLINA C.,0,0
2024-10-02,GCSETCV-1724,SAMPLE SET - C.V.,-1.00,115.46000,0,515589,T,,,5,SAMPLE SET - C.V.,0,0
2024-10-02,GCSETCV-1724,SAMPLE SET - C.V.,1.00,115.46000,0,515589,T,,,5,SAMPLE SET - C.V.,0,0
2024-10-02,GCSETEX-1724,SAMPLE SET - EXOTICS,-1.00,193.12600,0,515589,T,,,5,SAMPLE SET - EXOTICS,0,0
2024-10-02,GCSETEX-1724,SAMPLE SET - EXOTICS,1.00,193.12600,0,515589,T,,,5,SAMPLE SET - EXOTICS,0,0
2024-10-02,GCSETFC-2828,SAMPLE SET - FR.CON.,-1.00,303.00000,0,516290,T,,,5,SAMPLE SET - FR.CON.,0,0
2024-10-02,GCSETFC-2828,SAMPLE SET - FR.CON.,1.00,303.00000,0,516290,T,,,5,SAMPLE SET - FR.CON.,0,0
2024-10-02,GCSETII-1724,SAMPLE SET - GII DIST.,-1.00,190.50000,0,515589,T,,,5,SAMPLE SET - GII DIST.,0,0
2024-10-02,GCSETII-1724,SAMPLE SET - GII DIST.,1.00,190.50000,0,515589,T,,,5,SAMPLE SET - GII DIST.,0,0
2024-10-02,GCSETNP-2228,SAMPLE SET - NEWPORT,-1.00,146.87430,0,515589,T,,,5,SAMPLE SET - NEWPORT,0,0
2024-10-02,GCSETNP-2228,SAMPLE SET - NEWPORT,1.00,146.87430,0,515589,T,,,5,SAMPLE SET - NEWPORT,0,0
2024-10-02,GCSETPS-2228,SAMPLE SET - PRIVATE SELECTION,-1.00,72.00000,0,516273,T,,,5,SAMPLE SET - PRIVATE SELECTION,0,0
2024-10-02,GCSETPS-2228,SAMPLE SET - PRIVATE SELECTION,-1.00,72.00000,0,516236,T,,,5,SAMPLE SET - PRIVATE SELECTION,0,0
2024-10-02,GCSETPS-2228,SAMPLE SET - PRIVATE SELECTION,1.00,72.00000,0,516273,T,,,5,SAMPLE SET - PRIVATE SELECTION,0,0
2024-10-02,GCSETPS-2228,SAMPLE SET - PRIVATE SELECTION,1.00,72.00000,0,516236,T,,,5,SAMPLE SET - PRIVATE SELECTION,0,0
2024-10-02,GCSETSS-1724,SAMPLE SET - GII SMOOTH,-1.00,135.80000,0,515589,T,,,5,SAMPLE SET - GII SMOOTH,0,0
2024-10-02,GCSETSS-1724,SAMPLE SET - GII SMOOTH,1.00,135.80000,0,515589,T,,,5,SAMPLE SET - GII SMOOTH,0,0
2024-10-02,GCSETVG-2828,SAMPLE SET - VILLA GIALLA,-1.00,271.84000,0,516290,T,,,5,SAMPLE SET - VILLA GIALLA,0,0
2024-10-02,GCSETVG-2828,SAMPLE SET - VILLA GIALLA,1.00,271.84000,0,516290,T,,,5,SAMPLE SET - VILLA GIALLA,0,0
2024-10-02,GCSETVN-2323,SAMPLE SET - VINYLNOVA,-1.00,122.00000,0,515589,T,,,5,SAMPLE SET - VINYLNOVA,0,0
2024-10-02,GCSETVN-2323,SAMPLE SET - VINYLNOVA,1.00,122.00000,0,515589,T,,,5,SAMPLE SET - VINYLNOVA,0,0
2024-10-02,GCSETVN-2323,SAMPLE SET - VINYLNOVA,160.00,120.62500,120.62500,516079,P,LMORENO,,5,SAMPLE SET - VINYLNOVA,0,0
2024-10-02,GCSETVN-2323,SAMPLE SET - VINYLNOVA,40.00,127.50000,127.50000,516079,P,LMORENO,,5,SAMPLE SET - VINYLNOVA,0,0
2024-10-02,GCSETVY-2228,SAMPLE SET - VINEYARD,-1.00,109.25000,0,515589,T,,,5,SAMPLE SET - VINEYARD,0,0
2024-10-02,GCSETVY-2228,SAMPLE SET - VINEYARD,1.00,109.25000,0,515589,T,,,5,SAMPLE SET - VINEYARD,0,0
2024-10-02,GCSETVY-2228-A,SAMPLE SET - VINEYARD ADD-ON,-1.00,69.45000,0,515589,T,,,5,SAMPLE SET - VINEYARD ADD-ON,0,0
2024-10-02,GCSETVY-2228-A,SAMPLE SET - VINEYARD ADD-ON,1.00,69.45000,0,515589,T,,,5,SAMPLE SET - VINEYARD ADD-ON,0,0
2024-10-02,NONSTOCK,PLYWOOD PALLETS JIM SPCWPC,14.00,5.50000,5.50000,0,P,LMORENO,,,NON-STOCK ITEMS,0,0
2024-10-02,NONSTOCK,PLYWOOD PALLETS JIM SPCWPC,14.00,5.50000,5.50000,0,P,LMORENO,,,NON-STOCK ITEMS,0,0
2024-10-02,NONSTOCK,PLYWOOD PALLETS  JIM SPCWPC,14.00,5.50000,5.50000,0,P,LMORENO,,,NON-STOCK ITEMS,0,0
2024-10-02,NONSTOCK,PLYWOOD PALLETS JIM SPCWPC,14.00,5.50000,5.50000,0,P,LMORENO,,,NON-STOCK ITEMS,0,0
2024-10-02,NONSTOCK,PLYWOOD PALLETS JIM SPCWPC,14.00,5.50000,5.50000,0,P,LMORENO,,,NON-STOCK ITEMS,0,0
2024-10-02,NONSTOCK,VINYLNOVA CHIPS (7 COLORS),1750.00,0.30000,0.30000,0,P,LMORENO,,,NON-STOCK ITEMS,0,0
2024-10-02,NONSTOCK,PLYWOOD PALLETS JIM SPCWPC,14.00,5.50000,5.50000,0,P,LMORENO,,,NON-STOCK ITEMS,0,0
2024-10-02,NONSTOCK,VINYLNOVA CHIPS (5 COLORS),1250.00,0.30000,0.30000,0,P,LMORENO,,,NON-STOCK ITEMS,0,0
2024-10-02,NONSTOCK,PLYWOOD PALLETS JIM SPCWPC,8.00,5.50000,5.50000,0,P,LMORENO,,,NON-STOCK ITEMS,0,0
2024-10-02,NONSTOCK,PLYWOOD PALLETS JIM SPCWPC,14.00,5.50000,5.50000,0,P,LMORENO,,,NON-STOCK ITEMS,0,0
2024-10-03,GCSETBH-2828,SAMPLE SET - BEVERLY HILLS,-1.00,179.71200,0,515475,T,,,5,SAMPLE SET - BEVERLY HILLS,0,0
2024-10-03,GCSETBH-2828,SAMPLE SET - BEVERLY HILLS,1.00,179.71200,0,515475,T,,,5,SAMPLE SET - BEVERLY HILLS,0,0
2024-10-03,GCSETVY-2228,SAMPLE SET - VINEYARD,-1.00,109.25000,0,516909,T,,,5,SAMPLE SET - VINEYARD,0,0
2024-10-03,GCSETVY-2228,SAMPLE SET - VINEYARD,1.00,109.25000,0,516909,T,,,5,SAMPLE SET - VINEYARD,0,0
2024-10-03,GCSETVY-2228-A,SAMPLE SET - VINEYARD ADD-ON,-1.00,69.45000,0,516909,T,,,5,SAMPLE SET - VINEYARD ADD-ON,0,0
2024-10-03,GCSETVY-2228-A,SAMPLE SET - VINEYARD ADD-ON,1.00,69.45000,0,516909,T,,,5,SAMPLE SET - VINEYARD ADD-ON,0,0
2024-10-03,NONSTOCK,PLYWOOD PALLETS JIM LAMINATE,20.00,3.31100,2.00000,0,P,LMORENO,,,NON-STOCK ITEMS,0,0
2024-10-04,GCSETGL-2828-1,SAMPLE SET - GOLD LABEL 1 OF 2,-4.00,92.79000,0,134,T,,,5,SAMPLE SET - GOLD LABEL 1 OF 2,0,0
2024-10-04,GCSETGL-2828-1,SAMPLE SET - GOLD LABEL 1 OF 2,4.00,92.79000,0,134,T,,,5,SAMPLE SET - GOLD LABEL 1 OF 2,0,0
2024-10-04,GCSETGL-2828-2,SAMPLE SET - GOLD LABEL 2 OF 2,-4.00,37.50000,0,134,T,,,5,SAMPLE SET - GOLD LABEL 2 OF 2,0,0
2024-10-04,GCSETGL-2828-2,SAMPLE SET - GOLD LABEL 2 OF 2,4.00,37.50000,0,134,T,,,5,SAMPLE SET - GOLD LABEL 2 OF 2,0,0
2024-10-04,GCSETVN-2323,SAMPLE SET - VINYLNOVA,-2.00,122.00000,0,134,T,,,5,SAMPLE SET - VINYLNOVA,0,0
2024-10-04,GCSETVN-2323,SAMPLE SET - VINYLNOVA,2.00,122.00000,0,134,T,,,5,SAMPLE SET - VINYLNOVA,0,0
2024-10-07,GCSETABII-2323,"SAMPLE SET - AQUABLUE II ""NEW""",-1.00,50.00000,0,517201,T,BOREGAN5,,5,"SAMPLE SET - AQUABLUE II ""NEW""",0,0
2024-10-07,GCSETABII-2323,"SAMPLE SET - AQUABLUE II ""NEW""",1.00,50.00000,0,517201,T,BOREGAN5,,5,"SAMPLE SET - AQUABLUE II ""NEW""",0,0
2024-10-07,GCSETAL9-2828,"SAMPLE SET - 9.5"" ALLORA",-1.00,0,0,517493,T,,,5,"SAMPLE SET - 9.5"" ALLORA",0,0
2024-10-07,GCSETAL9-2828,"SAMPLE SET - 9.5"" ALLORA",1.00,0,0,517493,T,,,5,"SAMPLE SET - 9.5"" ALLORA",0,0
2024-10-07,GCSETBH-2828,SAMPLE SET - BEVERLY HILLS,-1.00,179.71200,0,517493,T,,,5,SAMPLE SET - BEVERLY HILLS,0,0
2024-10-07,GCSETBH-2828,SAMPLE SET - BEVERLY HILLS,1.00,179.71200,0,517493,T,,,5,SAMPLE SET - BEVERLY HILLS,0,0
2024-10-07,GCSETCC-1724,SAMPLE SET - CAROLINA C.,-1.00,49.25000,0,517370,T,SMORALES4,,5,SAMPLE SET - CAROLINA C.,0,0
2024-10-07,GCSETCC-1724,SAMPLE SET - CAROLINA C.,1.00,49.25000,0,517370,T,SMORALES4,,5,SAMPLE SET - CAROLINA C.,0,0
2024-10-07,GCSETCV-1724,SAMPLE SET - C.V.,-1.00,115.46000,0,517370,T,SMORALES4,,5,SAMPLE SET - C.V.,0,0
2024-10-07,GCSETCV-1724,SAMPLE SET - C.V.,1.00,115.46000,0,517370,T,SMORALES4,,5,SAMPLE SET - C.V.,0,0
2024-10-07,GCSETEX-1724,SAMPLE SET - EXOTICS,-1.00,193.12600,0,517370,T,SMORALES4,,5,SAMPLE SET - EXOTICS,0,0
2024-10-07,GCSETEX-1724,SAMPLE SET - EXOTICS,1.00,193.12600,0,517370,T,SMORALES4,,5,SAMPLE SET - EXOTICS,0,0
2024-10-07,GCSETFC-2828,SAMPLE SET - FR.CON.,-1.00,303.00000,0,517493,T,,,5,SAMPLE SET - FR.CON.,0,0
2024-10-07,GCSETFC-2828,SAMPLE SET - FR.CON.,1.00,303.00000,0,517493,T,,,5,SAMPLE SET - FR.CON.,0,0
2024-10-07,GCSETGL-2828-1,SAMPLE SET - GOLD LABEL 1 OF 2,-1.00,92.79000,0,517485,T,,,5,SAMPLE SET - GOLD LABEL 1 OF 2,0,0
2024-10-07,GCSETGL-2828-1,SAMPLE SET - GOLD LABEL 1 OF 2,1.00,92.79000,0,517485,T,,,5,SAMPLE SET - GOLD LABEL 1 OF 2,0,0
2024-10-07,GCSETGL-2828-2,SAMPLE SET - GOLD LABEL 2 OF 2,-1.00,37.50000,0,517485,T,,,5,SAMPLE SET - GOLD LABEL 2 OF 2,0,0
2024-10-07,GCSETGL-2828-2,SAMPLE SET - GOLD LABEL 2 OF 2,1.00,37.50000,0,517485,T,,,5,SAMPLE SET - GOLD LABEL 2 OF 2,0,0
2024-10-07,GCSETII-1724,SAMPLE SET - GII DIST.,-1.00,190.50000,0,517370,T,SMORALES4,,5,SAMPLE SET - GII DIST.,0,0
2024-10-07,GCSETII-1724,SAMPLE SET - GII DIST.,1.00,190.50000,0,517370,T,SMORALES4,,5,SAMPLE SET - GII DIST.,0,0
2024-10-07,GCSETSS-1724,SAMPLE SET - GII SMOOTH,-1.00,135.80000,0,517370,T,SMORALES4,,5,SAMPLE SET - GII SMOOTH,0,0
2024-10-07,GCSETSS-1724,SAMPLE SET - GII SMOOTH,1.00,135.80000,0,517370,T,SMORALES4,,5,SAMPLE SET - GII SMOOTH,0,0
2024-10-07,GCSETVG-2828,SAMPLE SET - VILLA GIALLA,-1.00,271.84000,0,517493,T,,,5,SAMPLE SET - VILLA GIALLA,0,0
2024-10-07,GCSETVG-2828,SAMPLE SET - VILLA GIALLA,1.00,271.84000,0,517493,T,,,5,SAMPLE SET - VILLA GIALLA,0,0
2024-10-07,GCSETVY-2228,SAMPLE SET - VINEYARD,-1.00,109.25000,0,517493,T,,,5,SAMPLE SET - VINEYARD,0,0
2024-10-07,GCSETVY-2228,SAMPLE SET - VINEYARD,1.00,109.25000,0,517493,T,,,5,SAMPLE SET - VINEYARD,0,0
2024-10-07,GCSETVY-2228-A,SAMPLE SET - VINEYARD ADD-ON,-1.00,69.45000,0,517493,T,,,5,SAMPLE SET - VINEYARD ADD-ON,0,0
2024-10-07,GCSETVY-2228-A,SAMPLE SET - VINEYARD ADD-ON,1.00,69.45000,0,517493,T,,,5,SAMPLE SET - VINEYARD ADD-ON,0,0
2024-10-08,GCSETEX-1724,SAMPLE SET - EXOTICS,-1.00,193.12600,0,518054,T,MCASTRO8,,5,SAMPLE SET - EXOTICS,0,0
2024-10-08,GCSETEX-1724,SAMPLE SET - EXOTICS,1.00,193.12600,0,518054,T,MCASTRO8,,5,SAMPLE SET - EXOTICS,0,0
2024-10-08,GCSETEX-1724,SAMPLE SET - EXOTICS,100.00,189.14900,130.00000,0,P,LMORENO,,5,SAMPLE SET - EXOTICS,0,0
2024-10-09,NONSTOCK,PALLETS,-10.00,20.00000,20.00000,0,Z,LMORENO,,,NON-STOCK ITEMS,0,0
2024-10-09,NONSTOCK,PALLETS,-1.00,220.26000,220.26000,0,Z,LMORENO,,,NON-STOCK ITEMS,0,0
2024-10-10,GCSETBH-2828,SAMPLE SET - BEVERLY HILLS,-1.00,179.71200,0,519062,T,,,5,SAMPLE SET - BEVERLY HILLS,0,0
2024-10-10,GCSETBH-2828,SAMPLE SET - BEVERLY HILLS,1.00,179.71200,0,519062,T,,,5,SAMPLE SET - BEVERLY HILLS,0,0
2024-10-10,GCSETGL-2828-1,SAMPLE SET - GOLD LABEL 1 OF 2,-1.00,92.79000,0,519062,T,,,5,SAMPLE SET - GOLD LABEL 1 OF 2,0,0
2024-10-10,GCSETGL-2828-1,SAMPLE SET - GOLD LABEL 1 OF 2,1.00,92.79000,0,519062,T,,,5,SAMPLE SET - GOLD LABEL 1 OF 2,0,0
2024-10-10,GCSETGL-2828-2,SAMPLE SET - GOLD LABEL 2 OF 2,-1.00,37.50000,0,519062,T,,,5,SAMPLE SET - GOLD LABEL 2 OF 2,0,0
2024-10-10,GCSETGL-2828-2,SAMPLE SET - GOLD LABEL 2 OF 2,1.00,37.50000,0,519062,T,,,5,SAMPLE SET - GOLD LABEL 2 OF 2,0,0
2024-10-11,GCSETABII-2323,"SAMPLE SET - AQUABLUE II ""NEW""",-1.00,50.00000,0,518761,T,JGUTIERRE6,,5,"SAMPLE SET - AQUABLUE II ""NEW""",0,0
2024-10-11,GCSETABII-2323,"SAMPLE SET - AQUABLUE II ""NEW""",1.00,50.00000,0,518761,T,JGUTIERRE6,,5,"SAMPLE SET - AQUABLUE II ""NEW""",0,0
2024-10-11,GCSETAL9-2828,"SAMPLE SET - 9.5"" ALLORA",50.00,150.00000,150.00000,0,P,TONY,,5,"SAMPLE SET - 9.5"" ALLORA",0,0
2024-10-11,GCSETCC-1724,SAMPLE SET - CAROLINA C.,-1.00,49.25000,0,518705,T,SMORALES4,,5,SAMPLE SET - CAROLINA C.,0,0
2024-10-11,GCSETCC-1724,SAMPLE SET - CAROLINA C.,1.00,49.25000,0,518705,T,SMORALES4,,5,SAMPLE SET - CAROLINA C.,0,0
2024-10-11,NONSTOCK,PLYWOOD PALLETS LILY,13.00,10.00000,10.00000,0,P,LMORENO,,,NON-STOCK ITEMS,0,0
2024-10-11,NONSTOCK,GOLD LABEL WHITE LOTUS CHIPS,80.00,1.40000,1.40000,0,P,LMORENO,,,NON-STOCK ITEMS,0,0
2024-10-11,NONSTOCK,PLYWOOD PALLETS LILY,23.00,10.00000,10.00000,0,P,LMORENO,,,NON-STOCK ITEMS,0,0
2024-10-11,NONSTOCK,PLYWOOD PALLETS JIM LAMINATE,14.00,3.38900,2.00000,0,P,LMORENO,,,NON-STOCK ITEMS,0,0
2024-10-11,NONSTOCK,ILLUMIN8 CHIPS (8 COLORS),500.00,3.68500,2.00000,0,P,LMORENO,,,NON-STOCK ITEMS,0,0
2024-10-11,NONSTOCK,NEWPORT PARADISE COVE CHIPS,1000.00,1.19400,1.00000,0,P,LMORENO,,,NON-STOCK ITEMS,0,0
2024-10-11,NONSTOCK,NEWPORT MANHATTAN BEACH CHIPS,1000.00,1.19400,1.00000,0,P,LMORENO,,,NON-STOCK ITEMS,0,0
2024-10-12,GCSETABII-2323,"SAMPLE SET - AQUABLUE II ""NEW""",-1.00,50.00000,0,518259,T,BOREGAN5,,5,"SAMPLE SET - AQUABLUE II ""NEW""",0,0
2024-10-12,GCSETABII-2323,"SAMPLE SET - AQUABLUE II ""NEW""",1.00,50.00000,0,518259,T,BOREGAN5,,5,"SAMPLE SET - AQUABLUE II ""NEW""",0,0
2024-10-12,GCSETABII-2323,"SAMPLE SET - AQUABLUE II ""NEW""",-1.00,50.00000,0,517929,T,BOREGAN5,,5,"SAMPLE SET - AQUABLUE II ""NEW""",0,0
2024-10-12,GCSETABII-2323,"SAMPLE SET - AQUABLUE II ""NEW""",1.00,50.00000,0,517929,T,BOREGAN5,,5,"SAMPLE SET - AQUABLUE II ""NEW""",0,0
2024-10-12,GCSETBH-2828,SAMPLE SET - BEVERLY HILLS,-1.00,179.71200,0,517908,T,BOREGAN5,,5,SAMPLE SET - BEVERLY HILLS,0,0
2024-10-12,GCSETBH-2828,SAMPLE SET - BEVERLY HILLS,1.00,179.71200,0,517908,T,BOREGAN5,,5,SAMPLE SET - BEVERLY HILLS,0,0
2024-10-12,GCSETBH-2828,SAMPLE SET - BEVERLY HILLS,-1.00,179.71200,0,517929,T,BOREGAN5,,5,SAMPLE SET - BEVERLY HILLS,0,0
2024-10-12,GCSETBH-2828,SAMPLE SET - BEVERLY HILLS,1.00,179.71200,0,517929,T,BOREGAN5,,5,SAMPLE SET - BEVERLY HILLS,0,0
2024-10-12,GCSETCV-1724,SAMPLE SET - C.V.,-1.00,115.46000,0,518858,T,BOREGAN5,,5,SAMPLE SET - C.V.,0,0
2024-10-12,GCSETCV-1724,SAMPLE SET - C.V.,1.00,115.46000,0,518858,T,BOREGAN5,,5,SAMPLE SET - C.V.,0,0
2024-10-12,GCSETGL-2828-1,SAMPLE SET - GOLD LABEL 1 OF 2,-1.00,92.79000,0,518271,T,BOREGAN5,,5,SAMPLE SET - GOLD LABEL 1 OF 2,0,0
2024-10-12,GCSETGL-2828-1,SAMPLE SET - GOLD LABEL 1 OF 2,1.00,92.79000,0,518271,T,BOREGAN5,,5,SAMPLE SET - GOLD LABEL 1 OF 2,0,0
2024-10-12,GCSETGL-2828-2,SAMPLE SET - GOLD LABEL 2 OF 2,-1.00,37.50000,0,518271,T,BOREGAN5,,5,SAMPLE SET - GOLD LABEL 2 OF 2,0,0
2024-10-12,GCSETGL-2828-2,SAMPLE SET - GOLD LABEL 2 OF 2,1.00,37.50000,0,518271,T,BOREGAN5,,5,SAMPLE SET - GOLD LABEL 2 OF 2,0,0
2024-10-12,GCSETII-1724,SAMPLE SET - GII DIST.,-1.00,190.50000,0,518858,T,BOREGAN5,,5,SAMPLE SET - GII DIST.,0,0
2024-10-12,GCSETII-1724,SAMPLE SET - GII DIST.,1.00,190.50000,0,518858,T,BOREGAN5,,5,SAMPLE SET - GII DIST.,0,0
2024-10-12,GCSETII-1724,SAMPLE SET - GII DIST.,-1.00,190.50000,0,517908,T,BOREGAN5,,5,SAMPLE SET - GII DIST.,0,0
2024-10-12,GCSETII-1724,SAMPLE SET - GII DIST.,1.00,190.50000,0,517908,T,BOREGAN5,,5,SAMPLE SET - GII DIST.,0,0
2024-10-12,GCSETNP-2228,SAMPLE SET - NEWPORT,-1.00,146.87430,0,517908,T,BOREGAN5,,5,SAMPLE SET - NEWPORT,0,0
2024-10-12,GCSETNP-2228,SAMPLE SET - NEWPORT,1.00,146.87430,0,517908,T,BOREGAN5,,5,SAMPLE SET - NEWPORT,0,0
2024-10-12,GCSETNP-2228,SAMPLE SET - NEWPORT,-1.00,146.87430,0,517929,T,BOREGAN5,,5,SAMPLE SET - NEWPORT,0,0
2024-10-12,GCSETNP-2228,SAMPLE SET - NEWPORT,1.00,146.87430,0,517929,T,BOREGAN5,,5,SAMPLE SET - NEWPORT,0,0
2024-10-12,GCSETPS-2228,SAMPLE SET - PRIVATE SELECTION,-1.00,72.00000,0,517929,T,BOREGAN5,,5,SAMPLE SET - PRIVATE SELECTION,0,0
2024-10-12,GCSETPS-2228,SAMPLE SET - PRIVATE SELECTION,1.00,72.00000,0,517929,T,BOREGAN5,,5,SAMPLE SET - PRIVATE SELECTION,0,0
2024-10-12,GCSETVN-2323,SAMPLE SET - VINYLNOVA,-1.00,122.00000,0,517929,T,BOREGAN5,,5,SAMPLE SET - VINYLNOVA,0,0
2024-10-12,GCSETVN-2323,SAMPLE SET - VINYLNOVA,1.00,122.00000,0,517929,T,BOREGAN5,,5,SAMPLE SET - VINYLNOVA,0,0
2024-10-14,GCSETBH-2828,SAMPLE SET - BEVERLY HILLS,-1.00,179.71200,0,145,T,,,5,SAMPLE SET - BEVERLY HILLS,0,0
2024-10-14,GCSETBH-2828,SAMPLE SET - BEVERLY HILLS,1.00,179.71200,0,145,T,,,5,SAMPLE SET - BEVERLY HILLS,0,0
2024-10-14,GCSETGL-2828-1,SAMPLE SET - GOLD LABEL 1 OF 2,-1.00,92.79000,0,145,T,,,5,SAMPLE SET - GOLD LABEL 1 OF 2,0,0
2024-10-14,GCSETGL-2828-1,SAMPLE SET - GOLD LABEL 1 OF 2,1.00,92.79000,0,145,T,,,5,SAMPLE SET - GOLD LABEL 1 OF 2,0,0
2024-10-14,GCSETGL-2828-2,SAMPLE SET - GOLD LABEL 2 OF 2,-1.00,37.50000,0,145,T,,,5,SAMPLE SET - GOLD LABEL 2 OF 2,0,0
2024-10-14,GCSETGL-2828-2,SAMPLE SET - GOLD LABEL 2 OF 2,1.00,37.50000,0,145,T,,,5,SAMPLE SET - GOLD LABEL 2 OF 2,0,0
2024-10-14,NONSTOCK,"PAINT CAN CLIPS - BAG OF 1,000",1.00,59.00000,59.00000,0,P,LMORENO,,,NON-STOCK ITEMS,0,0
2024-10-14,NONSTOCK,1 QT CAN W/ LID - BOX OF 56,1.00,143.00000,143.00000,0,P,LMORENO,,,NON-STOCK ITEMS,0,0
2024-10-14,NONSTOCK,BLACK MOBILE SHELVING 36X18X69,1.00,220.00000,220.00000,0,P,LMORENO,,,NON-STOCK ITEMS,0,0
2024-10-14,NONSTOCK,"48"" X 550' FOAM ROLL",2.00,164.00000,164.00000,0,P,LMORENO,,,NON-STOCK ITEMS,0,0
2024-10-16,GCSETEX-1724,SAMPLE SET - EXOTICS,-1.00,193.12600,0,515380,T,,,5,SAMPLE SET - EXOTICS,0,0
2024-10-16,GCSETEX-1724,SAMPLE SET - EXOTICS,1.00,193.12600,0,515380,T,,,5,SAMPLE SET - EXOTICS,0,0
2024-10-17,GCSETAL9-2828,"SAMPLE SET - 9.5"" ALLORA",-1.00,150.00000,0,521104,T,,,5,"SAMPLE SET - 9.5"" ALLORA",0,0
2024-10-17,GCSETAL9-2828,"SAMPLE SET - 9.5"" ALLORA",1.00,150.00000,0,521104,T,,,5,"SAMPLE SET - 9.5"" ALLORA",0,0
2024-10-17,GCSETEX-1724,SAMPLE SET - EXOTICS,-1.00,193.12600,0,520939,T,MCASTRO8,,5,SAMPLE SET - EXOTICS,0,0
2024-10-17,GCSETEX-1724,SAMPLE SET - EXOTICS,1.00,193.12600,0,520939,T,MCASTRO8,,5,SAMPLE SET - EXOTICS,0,0
2024-10-17,GCSETGL-2828-1,SAMPLE SET - GOLD LABEL 1 OF 2,-1.00,92.79000,0,520939,T,MCASTRO8,,5,SAMPLE SET - GOLD LABEL 1 OF 2,0,0
2024-10-17,GCSETGL-2828-1,SAMPLE SET - GOLD LABEL 1 OF 2,1.00,92.79000,0,520939,T,MCASTRO8,,5,SAMPLE SET - GOLD LABEL 1 OF 2,0,0
2024-10-17,GCSETGL-2828-2,SAMPLE SET - GOLD LABEL 2 OF 2,-1.00,37.50000,0,520939,T,MCASTRO8,,5,SAMPLE SET - GOLD LABEL 2 OF 2,0,0
2024-10-17,GCSETGL-2828-2,SAMPLE SET - GOLD LABEL 2 OF 2,1.00,37.50000,0,520939,T,MCASTRO8,,5,SAMPLE SET - GOLD LABEL 2 OF 2,0,0
2024-10-17,GCSETVN-2323,SAMPLE SET - VINYLNOVA,-1.00,122.00000,0,520885,T,,,5,SAMPLE SET - VINYLNOVA,0,0
2024-10-17,GCSETVN-2323,SAMPLE SET - VINYLNOVA,1.00,122.00000,0,520885,T,,,5,SAMPLE SET - VINYLNOVA,0,0
2024-10-18,NONSTOCK,PLYWOOD PALLETS LILY,22.00,10.00000,10.00000,0,P,LMORENO,,,NON-STOCK ITEMS,0,0
2024-10-18,NONSTOCK,CC HICKORY BEAUFORT CHIPS,160.00,0.50000,0.50000,0,P,LMORENO,,,NON-STOCK ITEMS,0,0
2024-10-18,NONSTOCK,CC MAPLE DURHAM CHIPS,200.00,0.50000,0.50000,0,P,LMORENO,,,NON-STOCK ITEMS,0,0
2024-10-18,NONSTOCK,CC MAPLE MONROE CHIPS,200.00,0.50000,0.50000,0,P,LMORENO,,,NON-STOCK ITEMS,0,0
2024-10-18,NONSTOCK,CC HICKORY CHARLOTTE CHIPS,200.00,0.50000,0.50000,0,P,LMORENO,,,NON-STOCK ITEMS,0,0
2024-10-18,NONSTOCK,CC HICKORY SALEM CHIPS,200.00,0.50000,0.50000,0,P,LMORENO,,,NON-STOCK ITEMS,0,0
2024-10-21,GCSETGL-2828-1,SAMPLE SET - GOLD LABEL 1 OF 2,-1.00,92.79000,0,521463,T,BOREGAN5,,5,SAMPLE SET - GOLD LABEL 1 OF 2,0,0
2024-10-21,GCSETGL-2828-1,SAMPLE SET - GOLD LABEL 1 OF 2,1.00,92.79000,0,521463,T,BOREGAN5,,5,SAMPLE SET - GOLD LABEL 1 OF 2,0,0
2024-10-21,GCSETGL-2828-1,SAMPLE SET - GOLD LABEL 1 OF 2,-1.00,92.79000,0,521531,T,AIBARRA3,,5,SAMPLE SET - GOLD LABEL 1 OF 2,0,0
2024-10-21,GCSETGL-2828-1,SAMPLE SET - GOLD LABEL 1 OF 2,1.00,92.79000,0,521531,T,AIBARRA3,,5,SAMPLE SET - GOLD LABEL 1 OF 2,0,0
2024-10-21,GCSETGL-2828-2,SAMPLE SET - GOLD LABEL 2 OF 2,-1.00,37.50000,0,521463,T,BOREGAN5,,5,SAMPLE SET - GOLD LABEL 2 OF 2,0,0
2024-10-21,GCSETGL-2828-2,SAMPLE SET - GOLD LABEL 2 OF 2,1.00,37.50000,0,521463,T,BOREGAN5,,5,SAMPLE SET - GOLD LABEL 2 OF 2,0,0
2024-10-21,GCSETGL-2828-2,SAMPLE SET - GOLD LABEL 2 OF 2,-1.00,37.50000,0,521531,T,AIBARRA3,,5,SAMPLE SET - GOLD LABEL 2 OF 2,0,0
2024-10-21,GCSETGL-2828-2,SAMPLE SET - GOLD LABEL 2 OF 2,1.00,37.50000,0,521531,T,AIBARRA3,,5,SAMPLE SET - GOLD LABEL 2 OF 2,0,0
2024-10-21,GCSETVN-2323,SAMPLE SET - VINYLNOVA,-1.00,122.00000,0,521469,T,BOREGAN5,,5,SAMPLE SET - VINYLNOVA,0,0
2024-10-21,GCSETVN-2323,SAMPLE SET - VINYLNOVA,1.00,122.00000,0,521469,T,BOREGAN5,,5,SAMPLE SET - VINYLNOVA,0,0
2024-10-21,NONSTOCK,DRAGON 17' FLOOR PREP MACHINE,1.00,1704.29066,1560.00000,0,P,LMORENO,,,NON-STOCK ITEMS,0,0
2024-10-21,NONSTOCK,"PREDATOR 2;1 16"" 4 ROT 4 STAT",1.00,319.01845,292.01000,0,P,LMORENO,,,NON-STOCK ITEMS,0,0
2024-10-21,NONSTOCK,FINAL STEP CON/STO POLISH**#5,1.00,61.45237,56.25000,0,P,LMORENO,,,NON-STOCK ITEMS,0,0
2024-10-21,NONSTOCK,TRAP H/CON 16G GOLD,8.00,14.66400,13.42250,0,P,LMORENO,,,NON-STOCK ITEMS,0,0
2024-10-21,NONSTOCK,"DEVIL 3"" 10SEG HD/CON 60/80GR",8.00,39.14957,35.83500,0,P,LMORENO,,,NON-STOCK ITEMS,0,0
2024-10-21,NONSTOCK,HOGS HEAD PAD 2 ONLY,2.00,0,0,0,P,LMORENO,,,NON-STOCK ITEMS,0,0
2024-10-21,NONSTOCK,2 BAR TRAPEZOID HARD CON 30GRT,8.00,0,0,0,P,LMORENO,,,NON-STOCK ITEMS,0,0
2024-10-21,NONSTOCK,PLYWOOD PALLETS LILY,22.00,10.00000,10.00000,0,P,LMORENO,,,NON-STOCK ITEMS,0,0
2024-10-21,NONSTOCK,CANYON CREST GLENWOOD CHIPS,144.00,1.60000,1.60000,0,P,LMORENO,,,NON-STOCK ITEMS,0,0
2024-10-22,GCSETFC-2828,SAMPLE SET - FR.CON.,-1.00,303.00000,0,522189,T,JSGOMEZ9,,5,SAMPLE SET - FR.CON.,0,0
2024-10-22,GCSETFC-2828,SAMPLE SET - FR.CON.,1.00,303.00000,0,522189,T,JSGOMEZ9,,5,SAMPLE SET - FR.CON.,0,0
2024-10-22,GCSETGL-2828-1,SAMPLE SET - GOLD LABEL 1 OF 2,-1.00,92.79000,0,522229,T,AIBARRA3,,5,SAMPLE SET - GOLD LABEL 1 OF 2,0,0
2024-10-22,GCSETGL-2828-1,SAMPLE SET - GOLD LABEL 1 OF 2,1.00,92.79000,0,522229,T,AIBARRA3,,5,SAMPLE SET - GOLD LABEL 1 OF 2,0,0
2024-10-22,GCSETGL-2828-2,SAMPLE SET - GOLD LABEL 2 OF 2,-1.00,37.50000,0,522229,T,AIBARRA3,,5,SAMPLE SET - GOLD LABEL 2 OF 2,0,0
2024-10-22,GCSETGL-2828-2,SAMPLE SET - GOLD LABEL 2 OF 2,1.00,37.50000,0,522229,T,AIBARRA3,,5,SAMPLE SET - GOLD LABEL 2 OF 2,0,0
2024-10-22,GCSETNP-2228,SAMPLE SET - NEWPORT,-1.00,146.87430,0,522189,T,JSGOMEZ9,,5,SAMPLE SET - NEWPORT,0,0
2024-10-22,GCSETNP-2228,SAMPLE SET - NEWPORT,1.00,146.87430,0,522189,T,JSGOMEZ9,,5,SAMPLE SET - NEWPORT,0,0
2024-10-22,GCSETVG-2828,SAMPLE SET - VILLA GIALLA,-1.00,271.84000,0,522189,T,JSGOMEZ9,,5,SAMPLE SET - VILLA GIALLA,0,0
2024-10-22,GCSETVG-2828,SAMPLE SET - VILLA GIALLA,1.00,271.84000,0,522189,T,JSGOMEZ9,,5,SAMPLE SET - VILLA GIALLA,0,0
2024-10-22,GCSETVY-2228,SAMPLE SET - VINEYARD,-1.00,109.25000,0,522189,T,JSGOMEZ9,,5,SAMPLE SET - VINEYARD,0,0
2024-10-22,GCSETVY-2228,SAMPLE SET - VINEYARD,1.00,109.25000,0,522189,T,JSGOMEZ9,,5,SAMPLE SET - VINEYARD,0,0
2024-10-23,GCSETCC-1724,SAMPLE SET - CAROLINA C.,-1.00,49.25000,0,519139,T,LMORENO,,5,SAMPLE SET - CAROLINA C.,0,0
2024-10-23,GCSETCC-1724,SAMPLE SET - CAROLINA C.,1.00,49.25000,0,519139,T,LMORENO,,5,SAMPLE SET - CAROLINA C.,0,0
2024-10-23,GCSETCV-1724,SAMPLE SET - C.V.,-1.00,115.46000,0,519139,T,LMORENO,,5,SAMPLE SET - C.V.,0,0
2024-10-23,GCSETCV-1724,SAMPLE SET - C.V.,1.00,115.46000,0,519139,T,LMORENO,,5,SAMPLE SET - C.V.,0,0
2024-10-23,GCSETEX-1724,SAMPLE SET - EXOTICS,-1.00,193.12600,0,519139,T,LMORENO,,5,SAMPLE SET - EXOTICS,0,0
2024-10-23,GCSETEX-1724,SAMPLE SET - EXOTICS,1.00,193.12600,0,519139,T,LMORENO,,5,SAMPLE SET - EXOTICS,0,0
2024-10-23,GCSETII-1724,SAMPLE SET - GII DIST.,-1.00,190.50000,0,519139,T,LMORENO,,5,SAMPLE SET - GII DIST.,0,0
2024-10-23,GCSETII-1724,SAMPLE SET - GII DIST.,1.00,190.50000,0,519139,T,LMORENO,,5,SAMPLE SET - GII DIST.,0,0
2024-10-23,GCSETSS-1724,SAMPLE SET - GII SMOOTH,-1.00,135.80000,0,519139,T,LMORENO,,5,SAMPLE SET - GII SMOOTH,0,0
2024-10-23,GCSETSS-1724,SAMPLE SET - GII SMOOTH,1.00,135.80000,0,519139,T,LMORENO,,5,SAMPLE SET - GII SMOOTH,0,0
2024-10-23,NONSTOCK,"DIAMOND GRIND 4"" 20 GRIT W/D",8.00,50.67800,45.09000,0,P,LMORENO,,,NON-STOCK ITEMS,0,0
2024-10-23,NONSTOCK,"Z SPPIKE 4"" 16 GRIT",8.00,50.67800,45.09000,0,P,LMORENO,,,NON-STOCK ITEMS,0,0
2024-10-23,NONSTOCK,TRAPEZOID 5PCD-DIA/PROT THIN,8.00,75.10650,66.82500,0,P,LMORENO,,,NON-STOCK ITEMS,0,0
2024-10-23,NONSTOCK,PLYWOOD PALLETS JIM LAMINATE,20.00,3.34200,2.00000,0,P,LMORENO,,,NON-STOCK ITEMS,0,0
2024-10-24,GCSETAL9-2828,"SAMPLE SET - 9.5"" ALLORA",-1.00,150.00000,0,522717,T,,,5,"SAMPLE SET - 9.5"" ALLORA",0,0
2024-10-24,GCSETAL9-2828,"SAMPLE SET - 9.5"" ALLORA",1.00,150.00000,0,522717,T,,,5,"SAMPLE SET - 9.5"" ALLORA",0,0
2024-10-24,GCSETGL-2828-1,SAMPLE SET - GOLD LABEL 1 OF 2,-1.00,92.79000,0,522717,T,,,5,SAMPLE SET - GOLD LABEL 1 OF 2,0,0
2024-10-24,GCSETGL-2828-1,SAMPLE SET - GOLD LABEL 1 OF 2,-1.00,92.79000,0,522723,T,,,5,SAMPLE SET - GOLD LABEL 1 OF 2,0,0
2024-10-24,GCSETGL-2828-1,SAMPLE SET - GOLD LABEL 1 OF 2,1.00,92.79000,0,522717,T,,,5,SAMPLE SET - GOLD LABEL 1 OF 2,0,0
2024-10-24,GCSETGL-2828-1,SAMPLE SET - GOLD LABEL 1 OF 2,1.00,92.79000,0,522723,T,,,5,SAMPLE SET - GOLD LABEL 1 OF 2,0,0
2024-10-24,GCSETGL-2828-2,SAMPLE SET - GOLD LABEL 2 OF 2,-1.00,37.50000,0,522717,T,,,5,SAMPLE SET - GOLD LABEL 2 OF 2,0,0
2024-10-24,GCSETGL-2828-2,SAMPLE SET - GOLD LABEL 2 OF 2,-1.00,37.50000,0,522723,T,,,5,SAMPLE SET - GOLD LABEL 2 OF 2,0,0
2024-10-24,GCSETGL-2828-2,SAMPLE SET - GOLD LABEL 2 OF 2,1.00,37.50000,0,522717,T,,,5,SAMPLE SET - GOLD LABEL 2 OF 2,0,0
2024-10-24,GCSETGL-2828-2,SAMPLE SET - GOLD LABEL 2 OF 2,1.00,37.50000,0,522723,T,,,5,SAMPLE SET - GOLD LABEL 2 OF 2,0,0
2024-10-24,GCSETNP-2228,SAMPLE SET - NEWPORT,-1.00,146.87430,0,522723,T,,,5,SAMPLE SET - NEWPORT,0,0
2024-10-24,GCSETNP-2228,SAMPLE SET - NEWPORT,1.00,146.87430,0,522723,T,,,5,SAMPLE SET - NEWPORT,0,0
2024-10-25,GCSETGL-2828-1,SAMPLE SET - GOLD LABEL 1 OF 2,-1.00,92.79000,0,522850,T,,,5,SAMPLE SET - GOLD LABEL 1 OF 2,0,0
2024-10-25,GCSETGL-2828-1,SAMPLE SET - GOLD LABEL 1 OF 2,1.00,92.79000,0,522850,T,,,5,SAMPLE SET - GOLD LABEL 1 OF 2,0,0
2024-10-25,GCSETGL-2828-2,SAMPLE SET - GOLD LABEL 2 OF 2,-1.00,37.50000,0,522850,T,,,5,SAMPLE SET - GOLD LABEL 2 OF 2,0,0
2024-10-25,GCSETGL-2828-2,SAMPLE SET - GOLD LABEL 2 OF 2,1.00,37.50000,0,522850,T,,,5,SAMPLE SET - GOLD LABEL 2 OF 2,0,0
2024-10-25,GCSETIL-2424,SAMPLE SET - ILLUMIN8,-1.00,58.44600,0,522890,T,BOREGAN5,,5,SAMPLE SET - ILLUMIN8,0,0
2024-10-25,GCSETIL-2424,SAMPLE SET - ILLUMIN8,1.00,58.44600,0,522890,T,BOREGAN5,,5,SAMPLE SET - ILLUMIN8,0,0
2024-10-25,GCSETVN-2323,SAMPLE SET - VINYLNOVA,-2.00,122.00000,0,522869,T,BOREGAN5,,5,SAMPLE SET - VINYLNOVA,0,0
2024-10-25,GCSETVN-2323,SAMPLE SET - VINYLNOVA,2.00,122.00000,0,522869,T,BOREGAN5,,5,SAMPLE SET - VINYLNOVA,0,0
2024-10-25,NONSTOCK,"8""ID X 95""OL-.125 TUBES",50.00,18.87515,15.45000,0,P,LMORENO,,,NON-STOCK ITEMS,0,0
2024-10-25,NONSTOCK,"6""ID X 95""OL-.125 TUBES",84.00,12.33907,10.10000,0,P,LMORENO,,,NON-STOCK ITEMS,0,0
2024-10-25,NONSTOCK,"4""ID X 95""OL-.125 TUBES",180.00,9.35815,7.66000,0,P,LMORENO,,,NON-STOCK ITEMS,0,0
2024-10-25,NONSTOCK,"8"" WHITE PLASTIC PLUG",100.00,0,0,0,P,LMORENO,,,NON-STOCK ITEMS,0,0
2024-10-25,NONSTOCK,"6"" WHITE PLASTIC PLUG",168.00,0,0,0,P,LMORENO,,,NON-STOCK ITEMS,0,0
2024-10-25,NONSTOCK,"4"" WHITE MAX PLASTIC PLUG",360.00,1.00000,1.00000,0,P,LMORENO,,,NON-STOCK ITEMS,0,0
2024-10-25,NONSTOCK,PLYWOOD PALLETS JIM SPCWPC,14.00,5.50000,5.50000,0,P,LMORENO,,,NON-STOCK ITEMS,0,0
2024-10-25,NONSTOCK,PLYWOOD PALLETS JIM SPCWPC,14.00,5.50000,5.50000,0,P,LMORENO,,,NON-STOCK ITEMS,0,0
2024-10-25,NONSTOCK,PLYWOOD PALLETS JIM SPCWPC,14.00,5.50000,5.50000,0,P,LMORENO,,,NON-STOCK ITEMS,0,0
2024-10-28,GCSETAL9-2828,"SAMPLE SET - 9.5"" ALLORA",-1.00,150.00000,0,523594,T,,,5,"SAMPLE SET - 9.5"" ALLORA",0,0
2024-10-28,GCSETAL9-2828,"SAMPLE SET - 9.5"" ALLORA",1.00,150.00000,0,523594,T,,,5,"SAMPLE SET - 9.5"" ALLORA",0,0
2024-10-28,GCSETGL-2828-1,SAMPLE SET - GOLD LABEL 1 OF 2,-1.00,92.79000,0,522721,T,,,5,SAMPLE SET - GOLD LABEL 1 OF 2,0,0
2024-10-28,GCSETGL-2828-1,SAMPLE SET - GOLD LABEL 1 OF 2,-1.00,92.79000,0,522711,T,,,5,SAMPLE SET - GOLD LABEL 1 OF 2,0,0
2024-10-28,GCSETGL-2828-1,SAMPLE SET - GOLD LABEL 1 OF 2,-1.00,92.79000,0,523597,T,,,5,SAMPLE SET - GOLD LABEL 1 OF 2,0,0
2024-10-28,GCSETGL-2828-1,SAMPLE SET - GOLD LABEL 1 OF 2,1.00,92.79000,0,522721,T,,,5,SAMPLE SET - GOLD LABEL 1 OF 2,0,0
2024-10-28,GCSETGL-2828-1,SAMPLE SET - GOLD LABEL 1 OF 2,1.00,92.79000,0,522711,T,,,5,SAMPLE SET - GOLD LABEL 1 OF 2,0,0
2024-10-28,GCSETGL-2828-1,SAMPLE SET - GOLD LABEL 1 OF 2,1.00,92.79000,0,523597,T,,,5,SAMPLE SET - GOLD LABEL 1 OF 2,0,0
2024-10-28,GCSETGL-2828-2,SAMPLE SET - GOLD LABEL 2 OF 2,-1.00,37.50000,0,522721,T,,,5,SAMPLE SET - GOLD LABEL 2 OF 2,0,0
2024-10-28,GCSETGL-2828-2,SAMPLE SET - GOLD LABEL 2 OF 2,-1.00,37.50000,0,522711,T,,,5,SAMPLE SET - GOLD LABEL 2 OF 2,0,0
2024-10-28,GCSETGL-2828-2,SAMPLE SET - GOLD LABEL 2 OF 2,-1.00,37.50000,0,523597,T,,,5,SAMPLE SET - GOLD LABEL 2 OF 2,0,0
2024-10-28,GCSETGL-2828-2,SAMPLE SET - GOLD LABEL 2 OF 2,1.00,37.50000,0,522721,T,,,5,SAMPLE SET - GOLD LABEL 2 OF 2,0,0
2024-10-28,GCSETGL-2828-2,SAMPLE SET - GOLD LABEL 2 OF 2,1.00,37.50000,0,522711,T,,,5,SAMPLE SET - GOLD LABEL 2 OF 2,0,0
2024-10-28,GCSETGL-2828-2,SAMPLE SET - GOLD LABEL 2 OF 2,1.00,37.50000,0,523597,T,,,5,SAMPLE SET - GOLD LABEL 2 OF 2,0,0
2024-10-28,GCSETVY-2228,SAMPLE SET - VINEYARD,-1.00,109.25000,0,523603,T,,,5,SAMPLE SET - VINEYARD,0,0
2024-10-28,GCSETVY-2228,SAMPLE SET - VINEYARD,1.00,109.25000,0,523603,T,,,5,SAMPLE SET - VINEYARD,0,0
2024-10-30,GCSETAL-2228,"SAMPLE SET - 7.5"" ALLORA",50.00,120.00000,120.00000,0,P,TONY,,5,"SAMPLE SET - 7.5"" ALLORA",0,0
2024-10-30,GCSETAL9-2828,"SAMPLE SET - 9.5"" ALLORA",-1.00,150.00000,0,523643,T,BCHAVARRI8,,5,"SAMPLE SET - 9.5"" ALLORA",0,0
2024-10-30,GCSETAL9-2828,"SAMPLE SET - 9.5"" ALLORA",1.00,150.00000,0,523643,T,BCHAVARRI8,,5,"SAMPLE SET - 9.5"" ALLORA",0,0
2024-10-31,GCSETABII-2323,"SAMPLE SET - AQUABLUE II ""NEW""",-1.00,50.00000,0,524567,T,,,5,"SAMPLE SET - AQUABLUE II ""NEW""",0,0
2024-10-31,GCSETABII-2323,"SAMPLE SET - AQUABLUE II ""NEW""",-1.00,50.00000,0,524535,T,,,5,"SAMPLE SET - AQUABLUE II ""NEW""",0,0
2024-10-31,GCSETABII-2323,"SAMPLE SET - AQUABLUE II ""NEW""",1.00,50.00000,0,524567,T,,,5,"SAMPLE SET - AQUABLUE II ""NEW""",0,0
2024-10-31,GCSETABII-2323,"SAMPLE SET - AQUABLUE II ""NEW""",1.00,50.00000,0,524535,T,,,5,"SAMPLE SET - AQUABLUE II ""NEW""",0,0
2024-10-31,GCSETAL9-2828,"SAMPLE SET - 9.5"" ALLORA",-1.00,150.00000,0,524567,T,,,5,"SAMPLE SET - 9.5"" ALLORA",0,0
2024-10-31,GCSETAL9-2828,"SAMPLE SET - 9.5"" ALLORA",1.00,150.00000,0,524567,T,,,5,"SAMPLE SET - 9.5"" ALLORA",0,0
2024-10-31,GCSETBH-2828,SAMPLE SET - BEVERLY HILLS,-1.00,179.71200,0,524535,T,,,5,SAMPLE SET - BEVERLY HILLS,0,0
2024-10-31,GCSETBH-2828,SAMPLE SET - BEVERLY HILLS,1.00,179.71200,0,524535,T,,,5,SAMPLE SET - BEVERLY HILLS,0,0
2024-10-31,GCSETCC-1724,SAMPLE SET - CAROLINA C.,-1.00,49.25000,0,524535,T,,,5,SAMPLE SET - CAROLINA C.,0,0
2024-10-31,GCSETCC-1724,SAMPLE SET - CAROLINA C.,1.00,49.25000,0,524535,T,,,5,SAMPLE SET - CAROLINA C.,0,0
2024-10-31,GCSETCV-1724,SAMPLE SET - C.V.,-1.00,115.46000,0,524535,T,,,5,SAMPLE SET - C.V.,0,0
2024-10-31,GCSETCV-1724,SAMPLE SET - C.V.,1.00,115.46000,0,524535,T,,,5,SAMPLE SET - C.V.,0,0
2024-10-31,GCSETEX-1724,SAMPLE SET - EXOTICS,-1.00,193.12600,0,524535,T,,,5,SAMPLE SET - EXOTICS,0,0
2024-10-31,GCSETEX-1724,SAMPLE SET - EXOTICS,1.00,193.12600,0,524535,T,,,5,SAMPLE SET - EXOTICS,0,0
2024-10-31,GCSETII-1724,SAMPLE SET - GII DIST.,-1.00,190.50000,0,524535,T,,,5,SAMPLE SET - GII DIST.,0,0
2024-10-31,GCSETII-1724,SAMPLE SET - GII DIST.,1.00,190.50000,0,524535,T,,,5,SAMPLE SET - GII DIST.,0,0
2024-10-31,GCSETNP-2228,SAMPLE SET - NEWPORT,-1.00,146.87430,0,524535,T,,,5,SAMPLE SET - NEWPORT,0,0
2024-10-31,GCSETNP-2228,SAMPLE SET - NEWPORT,1.00,146.87430,0,524535,T,,,5,SAMPLE SET - NEWPORT,0,0
2024-10-31,GCSETSS-1724,SAMPLE SET - GII SMOOTH,-1.00,135.80000,0,524535,T,,,5,SAMPLE SET - GII SMOOTH,0,0
2024-10-31,GCSETSS-1724,SAMPLE SET - GII SMOOTH,1.00,135.80000,0,524535,T,,,5,SAMPLE SET - GII SMOOTH,0,0
2024-10-31,GCSETVG-2828,SAMPLE SET - VILLA GIALLA,-1.00,271.84000,0,524567,T,,,5,SAMPLE SET - VILLA GIALLA,0,0
2024-10-31,GCSETVG-2828,SAMPLE SET - VILLA GIALLA,1.00,271.84000,0,524567,T,,,5,SAMPLE SET - VILLA GIALLA,0,0
2024-10-31,GCSETVN-2323,SAMPLE SET - VINYLNOVA,-1.00,122.00000,0,524567,T,,,5,SAMPLE SET - VINYLNOVA,0,0
2024-10-31,GCSETVN-2323,SAMPLE SET - VINYLNOVA,-1.00,127.50000,0,524535,T,,,5,SAMPLE SET - VINYLNOVA,0,0
2024-10-31,GCSETVN-2323,SAMPLE SET - VINYLNOVA,1.00,122.00000,0,524567,T,,,5,SAMPLE SET - VINYLNOVA,0,0
2024-10-31,GCSETVN-2323,SAMPLE SET - VINYLNOVA,1.00,127.50000,0,524535,T,,,5,SAMPLE SET - VINYLNOVA,0,0
2024-10-31,GCSETVY-2228,SAMPLE SET - VINEYARD,-1.00,109.25000,0,524567,T,,,5,SAMPLE SET - VINEYARD,0,0
2024-10-31,GCSETVY-2228,SAMPLE SET - VINEYARD,-1.00,109.25000,0,524535,T,,,5,SAMPLE SET - VINEYARD,0,0
2024-10-31,GCSETVY-2228,SAMPLE SET - VINEYARD,1.00,109.25000,0,524567,T,,,5,SAMPLE SET - VINEYARD,0,0
2024-10-31,GCSETVY-2228,SAMPLE SET - VINEYARD,1.00,109.25000,0,524535,T,,,5,SAMPLE SET - VINEYARD,0,0
2024-10-31,GCSETVY-2228-A,SAMPLE SET - VINEYARD ADD-ON,-1.00,69.45000,0,524567,T,,,5,SAMPLE SET - VINEYARD ADD-ON,0,0
2024-10-31,GCSETVY-2228-A,SAMPLE SET - VINEYARD ADD-ON,1.00,69.45000,0,524567,T,,,5,SAMPLE SET - VINEYARD ADD-ON,0,0
2024-11-01,GCSETABII-2323,"SAMPLE SET - AQUABLUE II ""NEW""",-1.00,50.00000,0,525154,T,,,5,"SAMPLE SET - AQUABLUE II ""NEW""",0,0
2024-11-01,GCSETABII-2323,"SAMPLE SET - AQUABLUE II ""NEW""",1.00,50.00000,0,525154,T,,,5,"SAMPLE SET - AQUABLUE II ""NEW""",0,0
2024-11-01,GCSETAL9-2828,"SAMPLE SET - 9.5"" ALLORA",-1.00,150.00000,0,524772,T,,,5,"SAMPLE SET - 9.5"" ALLORA",0,0
2024-11-01,GCSETAL9-2828,"SAMPLE SET - 9.5"" ALLORA",1.00,150.00000,0,524772,T,,,5,"SAMPLE SET - 9.5"" ALLORA",0,0
2024-11-01,GCSETBH-2828,SAMPLE SET - BEVERLY HILLS,-1.00,179.71200,0,507614,T,,,5,SAMPLE SET - BEVERLY HILLS,0,0
2024-11-01,GCSETBH-2828,SAMPLE SET - BEVERLY HILLS,1.00,179.71200,0,507614,T,,,5,SAMPLE SET - BEVERLY HILLS,0,0
2024-11-01,GCSETCV-1724,SAMPLE SET - C.V.,-1.00,115.46000,0,507614,T,,,5,SAMPLE SET - C.V.,0,0
2024-11-01,GCSETCV-1724,SAMPLE SET - C.V.,1.00,115.46000,0,507614,T,,,5,SAMPLE SET - C.V.,0,0
2024-11-01,GCSETDV-2228,SAMPLE SET - DA VINCI,-1.00,148.35000,0,524772,T,,,5,SAMPLE SET - DA VINCI,0,0
2024-11-01,GCSETDV-2228,SAMPLE SET - DA VINCI,1.00,148.35000,0,524772,T,,,5,SAMPLE SET - DA VINCI,0,0
2024-11-01,GCSETFC-2828,SAMPLE SET - FR.CON.,-1.00,303.00000,0,524772,T,,,5,SAMPLE SET - FR.CON.,0,0
2024-11-01,GCSETFC-2828,SAMPLE SET - FR.CON.,1.00,303.00000,0,524772,T,,,5,SAMPLE SET - FR.CON.,0,0
2024-11-01,GCSETVG-2828,SAMPLE SET - VILLA GIALLA,-1.00,271.84000,0,524772,T,,,5,SAMPLE SET - VILLA GIALLA,0,0
2024-11-01,GCSETVG-2828,SAMPLE SET - VILLA GIALLA,1.00,271.84000,0,524772,T,,,5,SAMPLE SET - VILLA GIALLA,0,0
2024-11-01,GCSETVN-2323,SAMPLE SET - VINYLNOVA,-2.00,122.00000,0,507614,T,,,5,SAMPLE SET - VINYLNOVA,0,0
2024-11-01,GCSETVN-2323,SAMPLE SET - VINYLNOVA,2.00,122.00000,0,507614,T,,,5,SAMPLE SET - VINYLNOVA,0,0
2024-11-01,NONSTOCK,PLYWOOD PALLETS JIM SPCWPC,14.00,5.50000,5.50000,0,P,LMORENO,,,NON-STOCK ITEMS,0,0
2024-11-01,NONSTOCK,PLYWOOD PALLETS JIM SPCWPC,14.00,5.50000,5.50000,0,P,LMORENO,,,NON-STOCK ITEMS,0,0
2024-11-01,NONSTOCK,PLYWOOD PALLETS LILY,22.00,10.00000,10.00000,0,P,LMORENO,,,NON-STOCK ITEMS,0,0
2024-11-01,NONSTOCK,PLYWOOD PALLETS MERIDA WOODS,22.00,12.30500,10.00000,0,P,LMORENO,,,NON-STOCK ITEMS,0,0
2024-11-01,NONSTOCK,PLYWOOD PALLET LILY,22.00,10.00000,10.00000,0,P,LMORENO,,,NON-STOCK ITEMS,0,0
2024-11-01,NONSTOCK,PLYWOOD PALLETS LILY,22.00,10.00000,10.00000,0,P,LMORENO,,,NON-STOCK ITEMS,0,0
2024-11-01,NONSTOCK,DAVINCI VECCHIO CHIPS,60.00,1.10000,1.10000,0,P,LMORENO,,,NON-STOCK ITEMS,0,0
2024-11-01,NONSTOCK,DAVINCI MARCELLO CHIPS,60.00,1.10000,1.10000,0,P,LMORENO,,,NON-STOCK ITEMS,0,0
2024-11-01,NONSTOCK,PLYWOOD PALLETS LILY,22.00,10.00000,10.00000,0,P,LMORENO,,,NON-STOCK ITEMS,0,0
2024-11-04,GCSETAL-2228,"SAMPLE SET - 7.5"" ALLORA",-1.00,120.00000,0,512996,T,,,5,"SAMPLE SET - 7.5"" ALLORA",0,0
2024-11-04,GCSETAL-2228,"SAMPLE SET - 7.5"" ALLORA",1.00,120.00000,0,512996,T,,,5,"SAMPLE SET - 7.5"" ALLORA",0,0
2024-11-04,GCSETBH-2828,SAMPLE SET - BEVERLY HILLS,-1.00,171.60000,0,525193,T,BCHAVARRI8,,5,SAMPLE SET - BEVERLY HILLS,0,0
2024-11-04,GCSETBH-2828,SAMPLE SET - BEVERLY HILLS,1.00,171.60000,0,525193,T,BCHAVARRI8,,5,SAMPLE SET - BEVERLY HILLS,0,0
2024-11-04,GCSETBH-2828,SAMPLE SET - BEVERLY HILLS,-1.00,171.60000,0,512996,T,,,5,SAMPLE SET - BEVERLY HILLS,0,0
2024-11-04,GCSETBH-2828,SAMPLE SET - BEVERLY HILLS,1.00,171.60000,0,512996,T,,,5,SAMPLE SET - BEVERLY HILLS,0,0
2024-11-04,GCSETDB-2228,SAMPLE SET - DU BOIS,-1.00,131.10000,0,525193,T,BCHAVARRI8,,5,SAMPLE SET - DU BOIS,0,0
2024-11-04,GCSETDB-2228,SAMPLE SET - DU BOIS,1.00,131.10000,0,525193,T,BCHAVARRI8,,5,SAMPLE SET - DU BOIS,0,0
2024-11-04,GCSETDB-2228,SAMPLE SET - DU BOIS,-1.00,131.10000,0,512996,T,,,5,SAMPLE SET - DU BOIS,0,0
2024-11-04,GCSETDB-2228,SAMPLE SET - DU BOIS,1.00,131.10000,0,512996,T,,,5,SAMPLE SET - DU BOIS,0,0
2024-11-04,GCSETVG-2828,SAMPLE SET - VILLA GIALLA,-1.00,271.84000,0,525193,T,BCHAVARRI8,,5,SAMPLE SET - VILLA GIALLA,0,0
2024-11-04,GCSETVG-2828,SAMPLE SET - VILLA GIALLA,1.00,271.84000,0,525193,T,BCHAVARRI8,,5,SAMPLE SET - VILLA GIALLA,0,0
2024-11-04,GCSETVG-2828,SAMPLE SET - VILLA GIALLA,-1.00,271.84000,0,512996,T,,,5,SAMPLE SET - VILLA GIALLA,0,0
2024-11-04,GCSETVG-2828,SAMPLE SET - VILLA GIALLA,1.00,271.84000,0,512996,T,,,5,SAMPLE SET - VILLA GIALLA,0,0
2024-11-04,NONSTOCK,PLYWOOD PALLETS JIM SPCWPC,14.00,5.50000,5.50000,0,P,LMORENO,,,NON-STOCK ITEMS,0,0
2024-11-04,NONSTOCK,PLYWOOD PALLETS JIM SPCWPC,14.00,5.50000,5.50000,0,P,LMORENO,,,NON-STOCK ITEMS,0,0
2024-11-04,NONSTOCK,PLYWOOD PALLET LILY,22.00,10.00000,10.00000,0,P,LMORENO,,,NON-STOCK ITEMS,0,0
2024-11-04,NONSTOCK,GNII HICKORY CHATEAU CHIPS,60.00,0.72000,0.72000,0,P,LMORENO,,,NON-STOCK ITEMS,0,0
2024-11-05,GCSETABII-2323,"SAMPLE SET - AQUABLUE II ""NEW""",-1.00,50.00000,0,525203,T,BOREGAN5,,5,"SAMPLE SET - AQUABLUE II ""NEW""",0,0
2024-11-05,GCSETABII-2323,"SAMPLE SET - AQUABLUE II ""NEW""",1.00,50.00000,0,525203,T,BOREGAN5,,5,"SAMPLE SET - AQUABLUE II ""NEW""",0,0
2024-11-05,GCSETAL9-2828,"SAMPLE SET - 9.5"" ALLORA",-1.00,150.00000,0,525878,T,,,5,"SAMPLE SET - 9.5"" ALLORA",0,0
2024-11-05,GCSETAL9-2828,"SAMPLE SET - 9.5"" ALLORA",-1.00,150.00000,0,525785,T,,,5,"SAMPLE SET - 9.5"" ALLORA",0,0
2024-11-05,GCSETAL9-2828,"SAMPLE SET - 9.5"" ALLORA",-1.00,150.00000,0,525809,T,,,5,"SAMPLE SET - 9.5"" ALLORA",0,0
2024-11-05,GCSETAL9-2828,"SAMPLE SET - 9.5"" ALLORA",1.00,150.00000,0,525878,T,,,5,"SAMPLE SET - 9.5"" ALLORA",0,0
2024-11-05,GCSETAL9-2828,"SAMPLE SET - 9.5"" ALLORA",1.00,150.00000,0,525785,T,,,5,"SAMPLE SET - 9.5"" ALLORA",0,0
2024-11-05,GCSETAL9-2828,"SAMPLE SET - 9.5"" ALLORA",1.00,150.00000,0,525809,T,,,5,"SAMPLE SET - 9.5"" ALLORA",0,0
2024-11-05,GCSETBH-2828,SAMPLE SET - BEVERLY HILLS,-1.00,171.60000,0,525809,T,,,5,SAMPLE SET - BEVERLY HILLS,0,0
2024-11-05,GCSETBH-2828,SAMPLE SET - BEVERLY HILLS,1.00,171.60000,0,525809,T,,,5,SAMPLE SET - BEVERLY HILLS,0,0
2024-11-05,GCSETCY-2828,SAMPLE SET - CN.CREST,-1.00,128.40000,0,525878,T,,,5,SAMPLE SET - CN.CREST,0,0
2024-11-05,GCSETCY-2828,SAMPLE SET - CN.CREST,1.00,128.40000,0,525878,T,,,5,SAMPLE SET - CN.CREST,0,0
2024-11-05,GCSETFC-2828,SAMPLE SET - FR.CON.,-1.00,303.00000,0,525419,T,BCHAVARRI8,,5,SAMPLE SET - FR.CON.,0,0
2024-11-05,GCSETFC-2828,SAMPLE SET - FR.CON.,1.00,303.00000,0,525419,T,BCHAVARRI8,,5,SAMPLE SET - FR.CON.,0,0
2024-11-05,GCSETFC-2828,SAMPLE SET - FR.CON.,-1.00,303.00000,0,525809,T,,,5,SAMPLE SET - FR.CON.,0,0
2024-11-05,GCSETFC-2828,SAMPLE SET - FR.CON.,1.00,303.00000,0,525809,T,,,5,SAMPLE SET - FR.CON.,0,0
2024-11-05,GCSETII-1724,SAMPLE SET - GII DIST.,-1.00,190.50000,0,525419,T,BCHAVARRI8,,5,SAMPLE SET - GII DIST.,0,0
2024-11-05,GCSETII-1724,SAMPLE SET - GII DIST.,1.00,190.50000,0,525419,T,BCHAVARRI8,,5,SAMPLE SET - GII DIST.,0,0
2024-11-05,GCSETNP-2228,SAMPLE SET - NEWPORT,-1.00,146.87430,0,525878,T,,,5,SAMPLE SET - NEWPORT,0,0
2024-11-05,GCSETNP-2228,SAMPLE SET - NEWPORT,1.00,146.87430,0,525878,T,,,5,SAMPLE SET - NEWPORT,0,0
2024-11-05,GCSETSS-1724,SAMPLE SET - GII SMOOTH,-1.00,135.80000,0,525419,T,BCHAVARRI8,,5,SAMPLE SET - GII SMOOTH,0,0
2024-11-05,GCSETSS-1724,SAMPLE SET - GII SMOOTH,1.00,135.80000,0,525419,T,BCHAVARRI8,,5,SAMPLE SET - GII SMOOTH,0,0
2024-11-05,GCSETVG-2828,SAMPLE SET - VILLA GIALLA,-1.00,271.84000,0,525419,T,BCHAVARRI8,,5,SAMPLE SET - VILLA GIALLA,0,0
2024-11-05,GCSETVG-2828,SAMPLE SET - VILLA GIALLA,1.00,271.84000,0,525419,T,BCHAVARRI8,,5,SAMPLE SET - VILLA GIALLA,0,0
2024-11-05,GCSETVG-2828,SAMPLE SET - VILLA GIALLA,-1.00,271.84000,0,525785,T,,,5,SAMPLE SET - VILLA GIALLA,0,0
2024-11-05,GCSETVG-2828,SAMPLE SET - VILLA GIALLA,-1.00,271.84000,0,525809,T,,,5,SAMPLE SET - VILLA GIALLA,0,0
2024-11-05,GCSETVG-2828,SAMPLE SET - VILLA GIALLA,1.00,271.84000,0,525785,T,,,5,SAMPLE SET - VILLA GIALLA,0,0
2024-11-05,GCSETVG-2828,SAMPLE SET - VILLA GIALLA,1.00,271.84000,0,525809,T,,,5,SAMPLE SET - VILLA GIALLA,0,0
2024-11-05,GCSETVN-2323,SAMPLE SET - VINYLNOVA,-1.00,122.00000,0,525203,T,BOREGAN5,,5,SAMPLE SET - VINYLNOVA,0,0
2024-11-05,GCSETVN-2323,SAMPLE SET - VINYLNOVA,1.00,122.00000,0,525203,T,BOREGAN5,,5,SAMPLE SET - VINYLNOVA,0,0
2024-11-05,GCSETVY-2228,SAMPLE SET - VINEYARD,-1.00,109.25000,0,525419,T,BCHAVARRI8,,5,SAMPLE SET - VINEYARD,0,0
2024-11-05,GCSETVY-2228,SAMPLE SET - VINEYARD,1.00,109.25000,0,525419,T,BCHAVARRI8,,5,SAMPLE SET - VINEYARD,0,0
2024-11-05,GCSETVY-2228,SAMPLE SET - VINEYARD,-1.00,109.25000,0,525809,T,,,5,SAMPLE SET - VINEYARD,0,0
2024-11-05,GCSETVY-2228,SAMPLE SET - VINEYARD,1.00,109.25000,0,525809,T,,,5,SAMPLE SET - VINEYARD,0,0
2024-11-05,GCSETVY-2228-A,SAMPLE SET - VINEYARD ADD-ON,-1.00,69.45000,0,525419,T,BCHAVARRI8,,5,SAMPLE SET - VINEYARD ADD-ON,0,0
2024-11-05,GCSETVY-2228-A,SAMPLE SET - VINEYARD ADD-ON,1.00,69.45000,0,525419,T,BCHAVARRI8,,5,SAMPLE SET - VINEYARD ADD-ON,0,0
2024-11-05,GCSETVY-2228-A,SAMPLE SET - VINEYARD ADD-ON,-1.00,69.45000,0,525809,T,,,5,SAMPLE SET - VINEYARD ADD-ON,0,0
2024-11-05,GCSETVY-2228-A,SAMPLE SET - VINEYARD ADD-ON,1.00,69.45000,0,525809,T,,,5,SAMPLE SET - VINEYARD ADD-ON,0,0
2024-11-05,NONSTOCK,PLYWOOD PALLETS LILY,22.00,10.00000,10.00000,0,P,LMORENO,,,NON-STOCK ITEMS,0,0
2024-11-05,NONSTOCK,PLYWOOD PALLETS LILY,22.00,10.00000,10.00000,0,P,LMORENO,,,NON-STOCK ITEMS,0,0
2024-11-05,NONSTOCK,PLYWOOD PALLETS LILY,21.00,10.00000,10.00000,0,P,LMORENO,,,NON-STOCK ITEMS,0,0
2024-11-05,NONSTOCK,PLYWOOD PALLETS LILY,22.00,10.00000,10.00000,0,P,LMORENO,,,NON-STOCK ITEMS,0,0
2024-11-05,NONSTOCK,BH BURTON WAY CHIPS,200.00,1.00000,1.00000,0,P,LMORENO,,,NON-STOCK ITEMS,0,0
2024-11-06,GCSETAL-2228,"SAMPLE SET - 7.5"" ALLORA",-1.00,120.00000,0,525193,T,LMORENO,,5,"SAMPLE SET - 7.5"" ALLORA",0,0
2024-11-06,GCSETAL-2228,"SAMPLE SET - 7.5"" ALLORA",1.00,120.00000,0,525193,T,LMORENO,,5,"SAMPLE SET - 7.5"" ALLORA",0,0
2024-11-06,GCSETP2-2428,SAMPLE SET - PARALLELS 2.0,-1.00,14.99200,0,526561,T,,,5,SAMPLE SET - PARALLELS 2.0,0,0
2024-11-06,GCSETP2-2428,SAMPLE SET - PARALLELS 2.0,1.00,14.99200,0,526561,T,,,5,SAMPLE SET - PARALLELS 2.0,0,0
2024-11-06,GCSETVN-2323,SAMPLE SET - VINYLNOVA,-1.00,122.00000,0,526342,T,,,5,SAMPLE SET - VINYLNOVA,0,0
2024-11-06,GCSETVN-2323,SAMPLE SET - VINYLNOVA,1.00,122.00000,0,526342,T,,,5,SAMPLE SET - VINYLNOVA,0,0
2024-11-08,GCSETCC-1724,SAMPLE SET - CAROLINA C.,-1.00,49.25000,0,495024,T,LMORENO,,5,SAMPLE SET - CAROLINA C.,0,0
2024-11-08,GCSETCC-1724,SAMPLE SET - CAROLINA C.,1.00,49.25000,0,495024,T,LMORENO,,5,SAMPLE SET - CAROLINA C.,0,0
2024-11-08,GCSETDB-2228,SAMPLE SET - DU BOIS,-1.00,131.10000,0,526596,T,BOREGAN5,,5,SAMPLE SET - DU BOIS,0,0
2024-11-08,GCSETDB-2228,SAMPLE SET - DU BOIS,1.00,131.10000,0,526596,T,BOREGAN5,,5,SAMPLE SET - DU BOIS,0,0
2024-11-08,GCSETPS-2528,SAMPLE SET - PRIVATE SEL. *OMP,-1.00,72.00000,0,473299,T,LMORENO,,5,SAMPLE SET - PRIVATE SEL. *OMP,0,0
2024-11-08,GCSETPS-2528,SAMPLE SET - PRIVATE SEL. *OMP,1.00,72.00000,0,473299,T,LMORENO,,5,SAMPLE SET - PRIVATE SEL. *OMP,0,0
2024-11-08,GCSETPS-2528,SAMPLE SET - PRIVATE SEL. *OMP,-1.00,72.00000,0,473302,T,LMORENO,,5,SAMPLE SET - PRIVATE SEL. *OMP,0,0
2024-11-08,GCSETPS-2528,SAMPLE SET - PRIVATE SEL. *OMP,1.00,72.00000,0,473302,T,LMORENO,,5,SAMPLE SET - PRIVATE SEL. *OMP,0,0
2024-11-08,GCSETVY-2228-A,SAMPLE SET - VINEYARD ADD-ON,-1.00,69.45000,0,495274,T,LMORENO,,5,SAMPLE SET - VINEYARD ADD-ON,0,0
2024-11-08,GCSETVY-2228-A,SAMPLE SET - VINEYARD ADD-ON,1.00,69.45000,0,495274,T,LMORENO,,5,SAMPLE SET - VINEYARD ADD-ON,0,0
2024-11-08,GCSETVY-2228-A,SAMPLE SET - VINEYARD ADD-ON,-1.00,69.45000,0,495280,T,LMORENO,,5,SAMPLE SET - VINEYARD ADD-ON,0,0
2024-11-08,GCSETVY-2228-A,SAMPLE SET - VINEYARD ADD-ON,1.00,69.45000,0,495280,T,LMORENO,,5,SAMPLE SET - VINEYARD ADD-ON,0,0
2024-11-11,GCSETP2-2428,SAMPLE SET - PARALLELS 2.0,-10.00,14.99200,0,526996,T,BOREGAN5,,5,SAMPLE SET - PARALLELS 2.0,0,0
2024-11-11,GCSETP2-2428,SAMPLE SET - PARALLELS 2.0,10.00,14.99200,0,526996,T,BOREGAN5,,5,SAMPLE SET - PARALLELS 2.0,0,0
2024-11-11,NONSTOCK,C/M - RETURN,2.00,0,0,526250,R,DHENRY,,,NON-STOCK ITEMS,0,0
2024-11-11,NONSTOCK,"BUBBLE WRAP 48"" X 750' ROLL",2.00,121.00000,121.00000,0,P,LMORENO,,,NON-STOCK ITEMS,0,0
2024-11-11,NONSTOCK,"1/2"" STEEL STRAPPING COIL",12.00,134.00000,134.00000,0,P,LMORENO,,,NON-STOCK ITEMS,0,0
2024-11-11,NONSTOCK,"BUBBLE WRAP 48"" X 750' ROLL",2.00,121.00000,121.00000,0,P,LMORENO,,,NON-STOCK ITEMS,0,0
2024-11-12,NONSTOCK,COMP BUSTER FRONT STICKERS,1200.00,0.39333,0.31000,0,P,LMORENO,,,NON-STOCK ITEMS,0,0
2024-11-13,NONSTOCK,"TAPE DISPENSER - 2""",6.00,12.00000,12.00000,0,P,LMORENO,,,NON-STOCK ITEMS,0,0
2024-11-13,NONSTOCK,"STRAPPING TAPE - 2"" X 60",48.00,8.45000,8.45000,0,P,LMORENO,,,NON-STOCK ITEMS,0,0
2024-11-14,GCSETBH-2828,SAMPLE SET - BEVERLY HILLS,-1.00,179.71200,0,527784,T,JSGOMEZ9,,5,SAMPLE SET - BEVERLY HILLS,0,0
2024-11-14,GCSETBH-2828,SAMPLE SET - BEVERLY HILLS,1.00,179.71200,0,527784,T,JSGOMEZ9,,5,SAMPLE SET - BEVERLY HILLS,0,0
2024-11-14,GCSETGL-2828-1,SAMPLE SET - GOLD LABEL 1 OF 2,-1.00,92.79000,0,527784,T,JSGOMEZ9,,5,SAMPLE SET - GOLD LABEL 1 OF 2,0,0
2024-11-14,GCSETGL-2828-1,SAMPLE SET - GOLD LABEL 1 OF 2,1.00,92.79000,0,527784,T,JSGOMEZ9,,5,SAMPLE SET - GOLD LABEL 1 OF 2,0,0
2024-11-14,GCSETGL-2828-2,SAMPLE SET - GOLD LABEL 2 OF 2,-1.00,37.50000,0,527784,T,JSGOMEZ9,,5,SAMPLE SET - GOLD LABEL 2 OF 2,0,0
2024-11-14,GCSETGL-2828-2,SAMPLE SET - GOLD LABEL 2 OF 2,1.00,37.50000,0,527784,T,JSGOMEZ9,,5,SAMPLE SET - GOLD LABEL 2 OF 2,0,0
2024-11-15,GCSETCC-1724,SAMPLE SET - CAROLINA C.,-1.00,49.25000,0,528659,T,BOREGAN5,,5,SAMPLE SET - CAROLINA C.,0,0
2024-11-15,GCSETCC-1724,SAMPLE SET - CAROLINA C.,1.00,49.25000,0,528659,T,BOREGAN5,,5,SAMPLE SET - CAROLINA C.,0,0
2024-11-15,GCSETCV-1724,SAMPLE SET - C.V.,-1.00,115.46000,0,528659,T,BOREGAN5,,5,SAMPLE SET - C.V.,0,0
2024-11-15,GCSETCV-1724,SAMPLE SET - C.V.,1.00,115.46000,0,528659,T,BOREGAN5,,5,SAMPLE SET - C.V.,0,0
2024-11-15,GCSETEX-1724,SAMPLE SET - EXOTICS,-1.00,193.12600,0,528659,T,BOREGAN5,,5,SAMPLE SET - EXOTICS,0,0
2024-11-15,GCSETEX-1724,SAMPLE SET - EXOTICS,1.00,193.12600,0,528659,T,BOREGAN5,,5,SAMPLE SET - EXOTICS,0,0
2024-11-15,GCSETNP-2228,SAMPLE SET - NEWPORT,-1.00,146.87430,0,528655,T,BOREGAN5,,5,SAMPLE SET - NEWPORT,0,0
2024-11-15,GCSETNP-2228,SAMPLE SET - NEWPORT,1.00,146.87430,0,528655,T,BOREGAN5,,5,SAMPLE SET - NEWPORT,0,0
2024-11-15,GCSETSS-1724,SAMPLE SET - GII SMOOTH,-1.00,135.80000,0,528659,T,BOREGAN5,,5,SAMPLE SET - GII SMOOTH,0,0
2024-11-15,GCSETSS-1724,SAMPLE SET - GII SMOOTH,1.00,135.80000,0,528659,T,BOREGAN5,,5,SAMPLE SET - GII SMOOTH,0,0
2024-11-15,NONSTOCK,PLYWOOD PALLETS LAMINATE JIM,14.00,3.22100,2.00000,0,P,LMORENO,,,NON-STOCK ITEMS,0,0
2024-11-19,GCSETABII-2323,"SAMPLE SET - AQUABLUE II ""NEW""",-1.00,50.00000,0,529886,T,,,5,"SAMPLE SET - AQUABLUE II ""NEW""",0,0
2024-11-19,GCSETABII-2323,"SAMPLE SET - AQUABLUE II ""NEW""",1.00,50.00000,0,529886,T,,,5,"SAMPLE SET - AQUABLUE II ""NEW""",0,0
2024-11-19,GCSETVN-2323,SAMPLE SET - VINYLNOVA,-1.00,122.00000,0,529886,T,,,5,SAMPLE SET - VINYLNOVA,0,0
2024-11-19,GCSETVN-2323,SAMPLE SET - VINYLNOVA,1.00,122.00000,0,529886,T,,,5,SAMPLE SET - VINYLNOVA,0,0
2024-11-20,GCSETAL9-2828,"SAMPLE SET - 9.5"" ALLORA",-1.00,150.00000,0,530126,T,AIBARRA3,,5,"SAMPLE SET - 9.5"" ALLORA",0,0
2024-11-20,GCSETAL9-2828,"SAMPLE SET - 9.5"" ALLORA",1.00,150.00000,0,530126,T,AIBARRA3,,5,"SAMPLE SET - 9.5"" ALLORA",0,0
2024-11-20,GCSETBH-2828,SAMPLE SET - BEVERLY HILLS,-1.00,179.71200,0,530126,T,AIBARRA3,,5,SAMPLE SET - BEVERLY HILLS,0,0
2024-11-20,GCSETBH-2828,SAMPLE SET - BEVERLY HILLS,1.00,179.71200,0,530126,T,AIBARRA3,,5,SAMPLE SET - BEVERLY HILLS,0,0
2024-11-20,GCSETGL-2828-1,SAMPLE SET - GOLD LABEL 1 OF 2,-1.00,92.79000,0,530126,T,AIBARRA3,,5,SAMPLE SET - GOLD LABEL 1 OF 2,0,0
2024-11-20,GCSETGL-2828-1,SAMPLE SET - GOLD LABEL 1 OF 2,1.00,92.79000,0,530126,T,AIBARRA3,,5,SAMPLE SET - GOLD LABEL 1 OF 2,0,0
2024-11-20,GCSETGL-2828-2,SAMPLE SET - GOLD LABEL 2 OF 2,-1.00,37.50000,0,530126,T,AIBARRA3,,5,SAMPLE SET - GOLD LABEL 2 OF 2,0,0
2024-11-20,GCSETGL-2828-2,SAMPLE SET - GOLD LABEL 2 OF 2,1.00,37.50000,0,530126,T,AIBARRA3,,5,SAMPLE SET - GOLD LABEL 2 OF 2,0,0
2024-11-21,NONSTOCK,"6MM 61""X145"" PREMIUM MDF SHEET",99.00,31.80000,31.80000,0,P,LMORENO,,,NON-STOCK ITEMS,0,0
2024-11-21,NONSTOCK,PLYWOOD PALLET JIM SPCWPC,14.00,5.50000,5.50000,0,P,LMORENO,,,NON-STOCK ITEMS,0,0
2024-11-21,NONSTOCK,PLYWOOD PALLETS JIM SPCWPC,14.00,5.50000,5.50000,0,P,LMORENO,,,NON-STOCK ITEMS,0,0
2024-11-22,GCSETEX-1724,SAMPLE SET - EXOTICS,-1.00,193.12600,0,530315,T,BOREGAN5,,5,SAMPLE SET - EXOTICS,0,0
2024-11-22,GCSETEX-1724,SAMPLE SET - EXOTICS,1.00,193.12600,0,530315,T,BOREGAN5,,5,SAMPLE SET - EXOTICS,0,0
2024-11-22,GCSETVN-2323,SAMPLE SET - VINYLNOVA,-1.00,122.00000,0,530332,T,JSGOMEZ9,,5,SAMPLE SET - VINYLNOVA,0,0
2024-11-22,GCSETVN-2323,SAMPLE SET - VINYLNOVA,1.00,122.00000,0,530332,T,JSGOMEZ9,,5,SAMPLE SET - VINYLNOVA,0,0
2024-11-25,GCSETBH-2828,SAMPLE SET - BEVERLY HILLS,-1.00,179.71200,0,531158,T,RRODRIGUE8,,5,SAMPLE SET - BEVERLY HILLS,0,0
2024-11-25,GCSETBH-2828,SAMPLE SET - BEVERLY HILLS,1.00,179.71200,0,531158,T,RRODRIGUE8,,5,SAMPLE SET - BEVERLY HILLS,0,0
2024-11-25,NONSTOCK,V-BOARD 2X2 48 .120 FOR PALLET,2808.00,0.39800,0.39800,0,P,LMORENO,,,NON-STOCK ITEMS,0,0
2024-11-26,NONSTOCK,PLYWOOD PALLETS LILY,21.00,10.00000,10.00000,0,P,LMORENO,,,NON-STOCK ITEMS,0,0
2024-11-26,NONSTOCK,DIGITAL UTILITY SCALE,1.00,169.00000,169.00000,0,P,LMORENO,,,NON-STOCK ITEMS,0,0
2024-11-26,NONSTOCK,XL GLOVES PACK OF 12 PAIRS,2.00,27.00000,27.00000,0,P,LMORENO,,,NON-STOCK ITEMS,0,0
2024-11-26,NONSTOCK,BUBBLE MAILERS 100/CASE,3.00,46.00000,46.00000,0,P,LMORENO,,,NON-STOCK ITEMS,0,0
2024-11-26,NONSTOCK,PALLET CONES BNDL OF 50,5.00,75.00000,75.00000,0,P,LMORENO,,,NON-STOCK ITEMS,0,0
2024-11-26,NONSTOCK,50LBS INDST SWEEPING COMPOUND,6.00,29.00000,29.00000,0,P,LMORENO,,,NON-STOCK ITEMS,0,0
2024-11-26,NONSTOCK,PALLET FRAGILE STICKERS,8.00,36.00000,36.00000,0,P,LMORENO,,,NON-STOCK ITEMS,0,0
2024-11-26,NONSTOCK,"2"" INDUSTRIAL STRAPPING TAPE",24.00,9.45000,9.45000,0,P,LMORENO,,,NON-STOCK ITEMS,0,0
2024-11-26,NONSTOCK,12X9X9 BOXES,100.00,0.83000,0.83000,0,P,LMORENO,,,NON-STOCK ITEMS,0,0
2024-11-26,NONSTOCK,"60"" X 155"" PALLET COVER",25.00,40.30000,40.30000,0,P,LMORENO,,,NON-STOCK ITEMS,0,0
2024-11-26,NONSTOCK,"78"" X 155"" PALLET COVER",25.00,52.38000,52.38000,0,P,LMORENO,,,NON-STOCK ITEMS,0,0
2024-11-26,NONSTOCK,PLYWOOD PALLETS JIM LAMIANTE,20.00,3.34400,2.00000,0,P,LMORENO,,,NON-STOCK ITEMS,0,0
2024-12-02,GCSETCC-1724,SAMPLE SET - CAROLINA C.,-1.00,49.25000,0,530335,T,BOREGAN5,,5,SAMPLE SET - CAROLINA C.,0,0
2024-12-02,GCSETCC-1724,SAMPLE SET - CAROLINA C.,1.00,49.25000,0,530335,T,BOREGAN5,,5,SAMPLE SET - CAROLINA C.,0,0
2024-12-02,GCSETCV-1724,SAMPLE SET - C.V.,-1.00,115.46000,0,531283,T,BOREGAN5,,5,SAMPLE SET - C.V.,0,0
2024-12-02,GCSETCV-1724,SAMPLE SET - C.V.,1.00,115.46000,0,531283,T,BOREGAN5,,5,SAMPLE SET - C.V.,0,0
2024-12-02,GCSETCV-1724,SAMPLE SET - C.V.,-1.00,115.46000,0,530335,T,BOREGAN5,,5,SAMPLE SET - C.V.,0,0
2024-12-02,GCSETCV-1724,SAMPLE SET - C.V.,1.00,115.46000,0,530335,T,BOREGAN5,,5,SAMPLE SET - C.V.,0,0
2024-12-02,GCSETEX-1724,SAMPLE SET - EXOTICS,-1.00,193.12600,0,530335,T,BOREGAN5,,5,SAMPLE SET - EXOTICS,0,0
2024-12-02,GCSETEX-1724,SAMPLE SET - EXOTICS,1.00,193.12600,0,530335,T,BOREGAN5,,5,SAMPLE SET - EXOTICS,0,0
2024-12-02,GCSETII-1724,SAMPLE SET - GII DIST.,-1.00,190.50000,0,530335,T,BOREGAN5,,5,SAMPLE SET - GII DIST.,0,0
2024-12-02,GCSETII-1724,SAMPLE SET - GII DIST.,1.00,190.50000,0,530335,T,BOREGAN5,,5,SAMPLE SET - GII DIST.,0,0
2024-12-02,GCSETSS-1724,SAMPLE SET - GII SMOOTH,-1.00,135.80000,0,530335,T,BOREGAN5,,5,SAMPLE SET - GII SMOOTH,0,0
2024-12-02,GCSETSS-1724,SAMPLE SET - GII SMOOTH,1.00,135.80000,0,530335,T,BOREGAN5,,5,SAMPLE SET - GII SMOOTH,0,0
2024-12-02,NONSTOCK,PARALLELS 2.0 CHIPS,2000.00,0.79400,0.50000,0,P,LMORENO,,,NON-STOCK ITEMS,0,0
2024-12-02,NONSTOCK,PLYWOOD PALLETS LILY,22.00,10.00000,10.00000,0,P,LMORENO,,,NON-STOCK ITEMS,0,0
2024-12-02,NONSTOCK,PLYWOOD PALLETS LILY,22.00,10.00000,10.00000,0,P,LMORENO,,,NON-STOCK ITEMS,0,0
2024-12-02,NONSTOCK,V-BOARD 2X2X48X0.140,4680.00,0.49218,0.48900,0,P,LMORENO,,,NON-STOCK ITEMS,0,0
2024-12-04,GCSETAL9-2828,"SAMPLE SET - 9.5"" ALLORA",-1.00,150.00000,0,533400,T,,,5,"SAMPLE SET - 9.5"" ALLORA",0,0
2024-12-04,GCSETAL9-2828,"SAMPLE SET - 9.5"" ALLORA",1.00,150.00000,0,533400,T,,,5,"SAMPLE SET - 9.5"" ALLORA",0,0
2024-12-04,GCSETCY-2828,SAMPLE SET - CN.CREST,-1.00,128.40000,0,533661,T,,,5,SAMPLE SET - CN.CREST,0,0
2024-12-04,GCSETCY-2828,SAMPLE SET - CN.CREST,1.00,128.40000,0,533661,T,,,5,SAMPLE SET - CN.CREST,0,0
2024-12-04,GCSETDB-2228,SAMPLE SET - DU BOIS,-1.00,131.10000,0,533661,T,,,5,SAMPLE SET - DU BOIS,0,0
2024-12-04,GCSETDB-2228,SAMPLE SET - DU BOIS,1.00,131.10000,0,533661,T,,,5,SAMPLE SET - DU BOIS,0,0
2024-12-04,GCSETGL-2828-1,SAMPLE SET - GOLD LABEL 1 OF 2,-1.00,92.79000,0,533661,T,,,5,SAMPLE SET - GOLD LABEL 1 OF 2,0,0
2024-12-04,GCSETGL-2828-1,SAMPLE SET - GOLD LABEL 1 OF 2,-1.00,92.79000,0,533400,T,,,5,SAMPLE SET - GOLD LABEL 1 OF 2,0,0
2024-12-04,GCSETGL-2828-1,SAMPLE SET - GOLD LABEL 1 OF 2,1.00,92.79000,0,533661,T,,,5,SAMPLE SET - GOLD LABEL 1 OF 2,0,0
2024-12-04,GCSETGL-2828-1,SAMPLE SET - GOLD LABEL 1 OF 2,1.00,92.79000,0,533400,T,,,5,SAMPLE SET - GOLD LABEL 1 OF 2,0,0
2024-12-04,GCSETGL-2828-2,SAMPLE SET - GOLD LABEL 2 OF 2,-1.00,37.50000,0,533661,T,,,5,SAMPLE SET - GOLD LABEL 2 OF 2,0,0
2024-12-04,GCSETGL-2828-2,SAMPLE SET - GOLD LABEL 2 OF 2,-1.00,37.50000,0,533400,T,,,5,SAMPLE SET - GOLD LABEL 2 OF 2,0,0
2024-12-04,GCSETGL-2828-2,SAMPLE SET - GOLD LABEL 2 OF 2,1.00,37.50000,0,533661,T,,,5,SAMPLE SET - GOLD LABEL 2 OF 2,0,0
2024-12-04,GCSETGL-2828-2,SAMPLE SET - GOLD LABEL 2 OF 2,1.00,37.50000,0,533400,T,,,5,SAMPLE SET - GOLD LABEL 2 OF 2,0,0
2024-12-04,NONSTOCK,PLYWOOD PALLETS JIM SPCWPC,14.00,5.50000,5.50000,0,P,LMORENO,,,NON-STOCK ITEMS,0,0
2024-12-04,NONSTOCK,PLYWOOD PALLETS JIM SPCWPC,14.00,5.50000,5.50000,0,P,LMORENO,,,NON-STOCK ITEMS,0,0
2024-12-05,NONSTOCK,V-BOARD 2X2 48 .120 FOR PALLET,2808.00,0.39800,0.39800,0,P,LMORENO,,,NON-STOCK ITEMS,0,0
2024-12-06,GCSETCC-1724,SAMPLE SET - CAROLINA C.,-1.00,49.25000,0,533667,T,BOREGAN5,,5,SAMPLE SET - CAROLINA C.,0,0
2024-12-06,GCSETCC-1724,SAMPLE SET - CAROLINA C.,1.00,49.25000,0,533667,T,BOREGAN5,,5,SAMPLE SET - CAROLINA C.,0,0
2024-12-06,GCSETCV-1724,SAMPLE SET - C.V.,-1.00,115.46000,0,533667,T,BOREGAN5,,5,SAMPLE SET - C.V.,0,0
2024-12-06,GCSETCV-1724,SAMPLE SET - C.V.,1.00,115.46000,0,533667,T,BOREGAN5,,5,SAMPLE SET - C.V.,0,0
2024-12-06,GCSETEX-1724,SAMPLE SET - EXOTICS,-1.00,193.12600,0,533667,T,BOREGAN5,,5,SAMPLE SET - EXOTICS,0,0
2024-12-06,GCSETEX-1724,SAMPLE SET - EXOTICS,1.00,193.12600,0,533667,T,BOREGAN5,,5,SAMPLE SET - EXOTICS,0,0
2024-12-06,GCSETEX-2528,SAMPLE SET - EXOTICS *OMP*,-1.00,210.88200,0,533987,T,BOREGAN5,,5,SAMPLE SET - EXOTICS *OMP*,0,0
2024-12-06,GCSETEX-2528,SAMPLE SET - EXOTICS *OMP*,1.00,210.88200,0,533987,T,BOREGAN5,,5,SAMPLE SET - EXOTICS *OMP*,0,0
2024-12-06,GCSETII-1724,SAMPLE SET - GII DIST.,-1.00,190.50000,0,533667,T,BOREGAN5,,5,SAMPLE SET - GII DIST.,0,0
2024-12-06,GCSETII-1724,SAMPLE SET - GII DIST.,1.00,190.50000,0,533667,T,BOREGAN5,,5,SAMPLE SET - GII DIST.,0,0
2024-12-06,GCSETNP-2228,SAMPLE SET - NEWPORT,-1.00,146.87430,0,533987,T,BOREGAN5,,5,SAMPLE SET - NEWPORT,0,0
2024-12-06,GCSETNP-2228,SAMPLE SET - NEWPORT,1.00,146.87430,0,533987,T,BOREGAN5,,5,SAMPLE SET - NEWPORT,0,0
2024-12-06,GCSETSS-1724,SAMPLE SET - GII SMOOTH,-1.00,135.80000,0,533667,T,BOREGAN5,,5,SAMPLE SET - GII SMOOTH,0,0
2024-12-06,GCSETSS-1724,SAMPLE SET - GII SMOOTH,1.00,135.80000,0,533667,T,BOREGAN5,,5,SAMPLE SET - GII SMOOTH,0,0
2024-12-07,GCSETNP-2228,SAMPLE SET - NEWPORT,-1.00,146.87430,0,533744,T,JLEWIS5,,5,SAMPLE SET - NEWPORT,0,0
2024-12-07,GCSETNP-2228,SAMPLE SET - NEWPORT,1.00,146.87430,0,533744,T,JLEWIS5,,5,SAMPLE SET - NEWPORT,0,0
2024-12-10,GCSETAL9-2828,"SAMPLE SET - 9.5"" ALLORA",-1.00,150.00000,0,534196,T,,,5,"SAMPLE SET - 9.5"" ALLORA",0,0
2024-12-10,GCSETAL9-2828,"SAMPLE SET - 9.5"" ALLORA",1.00,150.00000,0,534196,T,,,5,"SAMPLE SET - 9.5"" ALLORA",0,0
2024-12-10,GCSETBH-2828,SAMPLE SET - BEVERLY HILLS,-1.00,179.71200,0,534196,T,,,5,SAMPLE SET - BEVERLY HILLS,0,0
2024-12-10,GCSETBH-2828,SAMPLE SET - BEVERLY HILLS,1.00,179.71200,0,534196,T,,,5,SAMPLE SET - BEVERLY HILLS,0,0
2024-12-10,GCSETCB-1724,SAMPLE SET - COMP. BUSTER,100.00,72.00000,72.00000,0,P,TONY,,5,SAMPLE SET - COMP. BUSTER,0,0
2024-12-10,GCSETCB-1724,SAMPLE SET - COMP. BUSTER,-100.00,72.00000,0,0,A,TONY,,5,SAMPLE SET - COMP. BUSTER,0,0
2024-12-10,GCSETCB-1724,SAMPLE SET - COMP. BUSTER,100.00,100.48100,0,0,A,TONY,,5,SAMPLE SET - COMP. BUSTER,0,0
2024-12-10,GCSETVG-2828,SAMPLE SET - VILLA GIALLA,-1.00,271.84000,0,534196,T,,,5,SAMPLE SET - VILLA GIALLA,0,0
2024-12-10,GCSETVG-2828,SAMPLE SET - VILLA GIALLA,1.00,271.84000,0,534196,T,,,5,SAMPLE SET - VILLA GIALLA,0,0
2024-12-10,NONSTOCK,SET UP FEE,1.00,1800.00000,1800.00000,0,P,TONY,,,NON-STOCK ITEMS,0,0
2024-12-11,GCSETAL9-2828,"SAMPLE SET - 9.5"" ALLORA",-1.00,150.00000,0,535258,T,JSGOMEZ9,,5,"SAMPLE SET - 9.5"" ALLORA",0,0
2024-12-11,GCSETAL9-2828,"SAMPLE SET - 9.5"" ALLORA",1.00,150.00000,0,535258,T,JSGOMEZ9,,5,"SAMPLE SET - 9.5"" ALLORA",0,0
2024-12-11,GCSETAL9-2828,"SAMPLE SET - 9.5"" ALLORA",-1.00,150.00000,0,535812,T,,,5,"SAMPLE SET - 9.5"" ALLORA",0,0
2024-12-11,GCSETAL9-2828,"SAMPLE SET - 9.5"" ALLORA",1.00,150.00000,0,535812,T,,,5,"SAMPLE SET - 9.5"" ALLORA",0,0
2024-12-11,GCSETFC-2828,SAMPLE SET - FR.CON.,-1.00,303.00000,0,535812,T,,,5,SAMPLE SET - FR.CON.,0,0
2024-12-11,GCSETFC-2828,SAMPLE SET - FR.CON.,1.00,303.00000,0,535812,T,,,5,SAMPLE SET - FR.CON.,0,0
2024-12-11,GCSETGL-2828-1,SAMPLE SET - GOLD LABEL 1 OF 2,-1.00,92.79000,0,535505,T,SMORALES4,,5,SAMPLE SET - GOLD LABEL 1 OF 2,0,0
2024-12-11,GCSETGL-2828-1,SAMPLE SET - GOLD LABEL 1 OF 2,1.00,92.79000,0,535505,T,SMORALES4,,5,SAMPLE SET - GOLD LABEL 1 OF 2,0,0
2024-12-11,GCSETGL-2828-2,SAMPLE SET - GOLD LABEL 2 OF 2,-1.00,37.50000,0,535505,T,SMORALES4,,5,SAMPLE SET - GOLD LABEL 2 OF 2,0,0
2024-12-11,GCSETGL-2828-2,SAMPLE SET - GOLD LABEL 2 OF 2,1.00,37.50000,0,535505,T,SMORALES4,,5,SAMPLE SET - GOLD LABEL 2 OF 2,0,0
2024-12-11,GCSETP2-2428,SAMPLE SET - PARALLELS 2.0,-1.00,14.99200,0,535812,T,,,5,SAMPLE SET - PARALLELS 2.0,0,0
2024-12-11,GCSETP2-2428,SAMPLE SET - PARALLELS 2.0,1.00,14.99200,0,535812,T,,,5,SAMPLE SET - PARALLELS 2.0,0,0
2024-12-11,GCSETVG-2828,SAMPLE SET - VILLA GIALLA,-1.00,271.84000,0,535812,T,,,5,SAMPLE SET - VILLA GIALLA,0,0
2024-12-11,GCSETVG-2828,SAMPLE SET - VILLA GIALLA,1.00,271.84000,0,535812,T,,,5,SAMPLE SET - VILLA GIALLA,0,0
2024-12-11,NONSTOCK,PLYWOOD PALLETS INTCO,30.00,31.76500,20.00000,0,P,LMORENO,,,NON-STOCK ITEMS,0,0
2024-12-12,GCSETBH-2828,SAMPLE SET - BEVERLY HILLS,-1.00,179.71200,0,535436,T,,,5,SAMPLE SET - BEVERLY HILLS,0,0
2024-12-12,GCSETBH-2828,SAMPLE SET - BEVERLY HILLS,1.00,179.71200,0,535436,T,,,5,SAMPLE SET - BEVERLY HILLS,0,0
2024-12-12,GCSETNP-2228,SAMPLE SET - NEWPORT,-1.00,146.87430,0,535662,T,,,5,SAMPLE SET - NEWPORT,0,0
2024-12-12,GCSETNP-2228,SAMPLE SET - NEWPORT,1.00,146.87430,0,535662,T,,,5,SAMPLE SET - NEWPORT,0,0
2024-12-12,GCSETP2-2428,SAMPLE SET - PARALLELS 2.0,-1.00,14.99200,0,535809,T,,,5,SAMPLE SET - PARALLELS 2.0,0,0
2024-12-12,GCSETP2-2428,SAMPLE SET - PARALLELS 2.0,1.00,14.99200,0,535809,T,,,5,SAMPLE SET - PARALLELS 2.0,0,0
2024-12-12,NONSTOCK,PLYWOOD PALLETS JIM SPCWPC,14.00,5.50000,5.50000,0,P,LMORENO,,,NON-STOCK ITEMS,0,0
2024-12-13,GCSETAL9-2828,"SAMPLE SET - 9.5"" ALLORA",-1.00,150.00000,0,536017,T,ERODRIGUE8,,5,"SAMPLE SET - 9.5"" ALLORA",0,0
2024-12-13,GCSETAL9-2828,"SAMPLE SET - 9.5"" ALLORA",1.00,150.00000,0,536017,T,ERODRIGUE8,,5,"SAMPLE SET - 9.5"" ALLORA",0,0
2024-12-13,GCSETCV-1724,SAMPLE SET - C.V.,-1.00,115.46000,0,536017,T,ERODRIGUE8,,5,SAMPLE SET - C.V.,0,0
2024-12-13,GCSETCV-1724,SAMPLE SET - C.V.,1.00,115.46000,0,536017,T,ERODRIGUE8,,5,SAMPLE SET - C.V.,0,0
2024-12-13,GCSETEX-1724,SAMPLE SET - EXOTICS,-1.00,193.12600,0,536017,T,ERODRIGUE8,,5,SAMPLE SET - EXOTICS,0,0
2024-12-13,GCSETEX-1724,SAMPLE SET - EXOTICS,1.00,193.12600,0,536017,T,ERODRIGUE8,,5,SAMPLE SET - EXOTICS,0,0
2024-12-13,GCSETII-1724,SAMPLE SET - GII DIST.,-2.00,190.50000,0,536017,T,ERODRIGUE8,,5,SAMPLE SET - GII DIST.,0,0
2024-12-13,GCSETII-1724,SAMPLE SET - GII DIST.,2.00,190.50000,0,536017,T,ERODRIGUE8,,5,SAMPLE SET - GII DIST.,0,0
2024-12-13,GCSETSS-1724,SAMPLE SET - GII SMOOTH,-1.00,135.80000,0,536017,T,ERODRIGUE8,,5,SAMPLE SET - GII SMOOTH,0,0
2024-12-13,GCSETSS-1724,SAMPLE SET - GII SMOOTH,1.00,135.80000,0,536017,T,ERODRIGUE8,,5,SAMPLE SET - GII SMOOTH,0,0
2024-12-13,NONSTOCK,BUBBLE LINED MAILERS,2.00,48.00000,48.00000,0,P,LMORENO,,,NON-STOCK ITEMS,0,0
2024-12-13,NONSTOCK,PALLET FRAGILE STICKERS,4.00,39.00000,39.00000,0,P,LMORENO,,,NON-STOCK ITEMS,0,0
2024-12-13,NONSTOCK,MEDIUM BACK SUPPORT BELT,4.00,26.00000,26.00000,0,P,LMORENO,,,NON-STOCK ITEMS,0,0
2024-12-13,NONSTOCK,"FOAM ROLL 24"" X 550'",6.00,83.00000,83.00000,0,P,LMORENO,,,NON-STOCK ITEMS,0,0
2024-12-13,NONSTOCK,"12"" X 9"" X 9"" CORRUGATED BOX",100.00,0.83000,0.83000,0,P,LMORENO,,,NON-STOCK ITEMS,0,0
2024-12-13,NONSTOCK,"12"" X 7"" X 5"" CORRUATED BOX",100.00,0.89000,0.89000,0,P,LMORENO,,,NON-STOCK ITEMS,0,0
2024-12-13,NONSTOCK,"15"" X 10"" X 12"" CORRUGATED BOX",100.00,1.90000,1.90000,0,P,LMORENO,,,NON-STOCK ITEMS,0,0
2024-12-14,GCSETIL-2424,SAMPLE SET - ILLUMIN8,-1.00,58.44600,0,535942,T,JSGOMEZ9,,5,SAMPLE SET - ILLUMIN8,0,0
2024-12-14,GCSETIL-2424,SAMPLE SET - ILLUMIN8,1.00,58.44600,0,535942,T,JSGOMEZ9,,5,SAMPLE SET - ILLUMIN8,0,0
2024-12-16,NONSTOCK,2430*50MM MOULDING BAGS,800.00,0.16222,0.04000,0,P,LMORENO,,,NON-STOCK ITEMS,0,0
2024-12-16,NONSTOCK,2430*90MM MOULDING BAGS,800.00,0.20278,0.05000,0,P,LMORENO,,,NON-STOCK ITEMS,0,0
2024-12-16,NONSTOCK,PLYWOOD PALLETS JIM SPCWPC,12.00,5.50000,5.50000,0,P,LMORENO,,,NON-STOCK ITEMS,0,0
2024-12-17,GCSETAL9-2828,"SAMPLE SET - 9.5"" ALLORA",-1.00,150.00000,0,536892,T,,,5,"SAMPLE SET - 9.5"" ALLORA",0,0
2024-12-17,GCSETAL9-2828,"SAMPLE SET - 9.5"" ALLORA",1.00,150.00000,0,536892,T,,,5,"SAMPLE SET - 9.5"" ALLORA",0,0
2024-12-17,GCSETBH-2828,SAMPLE SET - BEVERLY HILLS,-1.00,179.71200,0,536892,T,,,5,SAMPLE SET - BEVERLY HILLS,0,0
2024-12-17,GCSETBH-2828,SAMPLE SET - BEVERLY HILLS,1.00,179.71200,0,536892,T,,,5,SAMPLE SET - BEVERLY HILLS,0,0
2024-12-17,GCSETVG-2828,SAMPLE SET - VILLA GIALLA,-1.00,271.84000,0,536892,T,,,5,SAMPLE SET - VILLA GIALLA,0,0
2024-12-17,GCSETVG-2828,SAMPLE SET - VILLA GIALLA,1.00,271.84000,0,536892,T,,,5,SAMPLE SET - VILLA GIALLA,0,0
2024-12-17,NONSTOCK,"18"" STRETCH FILM CASE OF 4 RL",72.00,44.70694,44.50000,0,P,LMORENO,,,NON-STOCK ITEMS,0,0
2024-12-17,NONSTOCK,PLYWOOD PALLETS JIM SPC/WPC,14.00,5.50000,5.50000,0,P,LMORENO,,,NON-STOCK ITEMS,0,0
2024-12-17,NONSTOCK,PLYWOOD PALLETS JIM SPC/WPC,14.00,5.50000,5.50000,0,P,LMORENO,,,NON-STOCK ITEMS,0,0
2024-12-19,GCSETBH-2828,SAMPLE SET - BEVERLY HILLS,-1.00,179.71200,0,537208,T,ERODRIGUE8,,5,SAMPLE SET - BEVERLY HILLS,0,0
2024-12-19,GCSETBH-2828,SAMPLE SET - BEVERLY HILLS,1.00,179.71200,0,537208,T,ERODRIGUE8,,5,SAMPLE SET - BEVERLY HILLS,0,0
2024-12-19,NONSTOCK,PLYWOOD PALLETS JIM SPC/WPC,14.00,5.50000,5.50000,0,P,LMORENO,,,NON-STOCK ITEMS,0,0
2024-12-20,GCSETCB-1724,SAMPLE SET - COMP. BUSTER,-15.00,100.48100,0,537428,T,JSGOMEZ9,,5,SAMPLE SET - COMP. BUSTER,0,0
2024-12-20,GCSETCB-1724,SAMPLE SET - COMP. BUSTER,15.00,100.48100,0,537428,T,JSGOMEZ9,,5,SAMPLE SET - COMP. BUSTER,0,0
2024-12-23,GCSETAL-2228,"SAMPLE SET - 7.5"" ALLORA",-1.00,120.00000,0,538028,T,SMORALES4,,5,"SAMPLE SET - 7.5"" ALLORA",0,0
2024-12-23,GCSETAL-2228,"SAMPLE SET - 7.5"" ALLORA",1.00,120.00000,0,538028,T,SMORALES4,,5,"SAMPLE SET - 7.5"" ALLORA",0,0
2024-12-23,GCSETAL9-2828,"SAMPLE SET - 9.5"" ALLORA",-1.00,150.00000,0,538315,T,ERODRIGUE8,,5,"SAMPLE SET - 9.5"" ALLORA",0,0
2024-12-23,GCSETAL9-2828,"SAMPLE SET - 9.5"" ALLORA",1.00,150.00000,0,538315,T,ERODRIGUE8,,5,"SAMPLE SET - 9.5"" ALLORA",0,0
2024-12-23,GCSETAL9-2828,"SAMPLE SET - 9.5"" ALLORA",-1.00,150.00000,0,538028,T,SMORALES4,,5,"SAMPLE SET - 9.5"" ALLORA",0,0
2024-12-23,GCSETAL9-2828,"SAMPLE SET - 9.5"" ALLORA",1.00,150.00000,0,538028,T,SMORALES4,,5,"SAMPLE SET - 9.5"" ALLORA",0,0
2024-12-23,GCSETBH-2828,SAMPLE SET - BEVERLY HILLS,-1.00,179.71200,0,538315,T,ERODRIGUE8,,5,SAMPLE SET - BEVERLY HILLS,0,0
2024-12-23,GCSETBH-2828,SAMPLE SET - BEVERLY HILLS,1.00,179.71200,0,538315,T,ERODRIGUE8,,5,SAMPLE SET - BEVERLY HILLS,0,0
2024-12-23,GCSETCB-1724,SAMPLE SET - COMP. BUSTER,-1.00,100.48100,0,538028,T,SMORALES4,,5,SAMPLE SET - COMP. BUSTER,0,0
2024-12-23,GCSETCB-1724,SAMPLE SET - COMP. BUSTER,1.00,100.48100,0,538028,T,SMORALES4,,5,SAMPLE SET - COMP. BUSTER,0,0
2024-12-23,GCSETCY-2828,SAMPLE SET - CN.CREST,-1.00,128.40000,0,538028,T,SMORALES4,,5,SAMPLE SET - CN.CREST,0,0
2024-12-23,GCSETCY-2828,SAMPLE SET - CN.CREST,1.00,128.40000,0,538028,T,SMORALES4,,5,SAMPLE SET - CN.CREST,0,0
2024-12-23,GCSETDB-2228,SAMPLE SET - DU BOIS,-1.00,131.10000,0,538315,T,ERODRIGUE8,,5,SAMPLE SET - DU BOIS,0,0
2024-12-23,GCSETDB-2228,SAMPLE SET - DU BOIS,1.00,131.10000,0,538315,T,ERODRIGUE8,,5,SAMPLE SET - DU BOIS,0,0
2024-12-23,GCSETDB-2228,SAMPLE SET - DU BOIS,-1.00,131.10000,0,538028,T,SMORALES4,,5,SAMPLE SET - DU BOIS,0,0
2024-12-23,GCSETDB-2228,SAMPLE SET - DU BOIS,1.00,131.10000,0,538028,T,SMORALES4,,5,SAMPLE SET - DU BOIS,0,0
2024-12-23,GCSETEX-1724,SAMPLE SET - EXOTICS,-1.00,193.12600,0,538028,T,SMORALES4,,5,SAMPLE SET - EXOTICS,0,0
2024-12-23,GCSETEX-1724,SAMPLE SET - EXOTICS,1.00,193.12600,0,538028,T,SMORALES4,,5,SAMPLE SET - EXOTICS,0,0
2024-12-23,GCSETFC-2828,SAMPLE SET - FR.CON.,-1.00,303.00000,0,538028,T,SMORALES4,,5,SAMPLE SET - FR.CON.,0,0
2024-12-23,GCSETFC-2828,SAMPLE SET - FR.CON.,1.00,303.00000,0,538028,T,SMORALES4,,5,SAMPLE SET - FR.CON.,0,0
2024-12-26,GCSETBH-2828,SAMPLE SET - BEVERLY HILLS,-1.00,179.71200,0,538838,T,BOREGAN5,,5,SAMPLE SET - BEVERLY HILLS,0,0
2024-12-26,GCSETBH-2828,SAMPLE SET - BEVERLY HILLS,1.00,179.71200,0,538838,T,BOREGAN5,,5,SAMPLE SET - BEVERLY HILLS,0,0
2024-12-26,GCSETCC-1724,SAMPLE SET - CAROLINA C.,-1.00,49.25000,0,538832,T,BOREGAN5,,5,SAMPLE SET - CAROLINA C.,0,0
2024-12-26,GCSETCC-1724,SAMPLE SET - CAROLINA C.,1.00,49.25000,0,538832,T,BOREGAN5,,5,SAMPLE SET - CAROLINA C.,0,0
2024-12-26,GCSETCC-1724,SAMPLE SET - CAROLINA C.,-1.00,49.25000,0,538838,T,BOREGAN5,,5,SAMPLE SET - CAROLINA C.,0,0
2024-12-26,GCSETCC-1724,SAMPLE SET - CAROLINA C.,1.00,49.25000,0,538838,T,BOREGAN5,,5,SAMPLE SET - CAROLINA C.,0,0
2024-12-26,GCSETCV-1724,SAMPLE SET - C.V.,-1.00,115.46000,0,538838,T,BOREGAN5,,5,SAMPLE SET - C.V.,0,0
2024-12-26,GCSETCV-1724,SAMPLE SET - C.V.,1.00,115.46000,0,538838,T,BOREGAN5,,5,SAMPLE SET - C.V.,0,0
2024-12-26,GCSETEX-2528,SAMPLE SET - EXOTICS *OMP*,-1.00,210.88200,0,538838,T,BOREGAN5,,5,SAMPLE SET - EXOTICS *OMP*,0,0
2024-12-26,GCSETEX-2528,SAMPLE SET - EXOTICS *OMP*,1.00,210.88200,0,538838,T,BOREGAN5,,5,SAMPLE SET - EXOTICS *OMP*,0,0
2024-12-26,GCSETGL-2828-1,SAMPLE SET - GOLD LABEL 1 OF 2,-1.00,92.79000,0,538209,T,BOREGAN5,,5,SAMPLE SET - GOLD LABEL 1 OF 2,0,0
2024-12-26,GCSETGL-2828-1,SAMPLE SET - GOLD LABEL 1 OF 2,1.00,92.79000,0,538209,T,BOREGAN5,,5,SAMPLE SET - GOLD LABEL 1 OF 2,0,0
2024-12-26,GCSETGL-2828-1,SAMPLE SET - GOLD LABEL 1 OF 2,-1.00,92.79000,0,538838,T,BOREGAN5,,5,SAMPLE SET - GOLD LABEL 1 OF 2,0,0
2024-12-26,GCSETGL-2828-1,SAMPLE SET - GOLD LABEL 1 OF 2,1.00,92.79000,0,538838,T,BOREGAN5,,5,SAMPLE SET - GOLD LABEL 1 OF 2,0,0
2024-12-26,GCSETGL-2828-2,SAMPLE SET - GOLD LABEL 2 OF 2,-1.00,37.50000,0,538209,T,BOREGAN5,,5,SAMPLE SET - GOLD LABEL 2 OF 2,0,0
2024-12-26,GCSETGL-2828-2,SAMPLE SET - GOLD LABEL 2 OF 2,1.00,37.50000,0,538209,T,BOREGAN5,,5,SAMPLE SET - GOLD LABEL 2 OF 2,0,0
2024-12-26,GCSETGL-2828-2,SAMPLE SET - GOLD LABEL 2 OF 2,-1.00,37.50000,0,538838,T,BOREGAN5,,5,SAMPLE SET - GOLD LABEL 2 OF 2,0,0
2024-12-26,GCSETGL-2828-2,SAMPLE SET - GOLD LABEL 2 OF 2,1.00,37.50000,0,538838,T,BOREGAN5,,5,SAMPLE SET - GOLD LABEL 2 OF 2,0,0
2024-12-26,GCSETNP-2228,SAMPLE SET - NEWPORT,-1.00,146.87430,0,538838,T,BOREGAN5,,5,SAMPLE SET - NEWPORT,0,0
2024-12-26,GCSETNP-2228,SAMPLE SET - NEWPORT,1.00,146.87430,0,538838,T,BOREGAN5,,5,SAMPLE SET - NEWPORT,0,0
2024-12-27,GCSETPS-2228,SAMPLE SET - PRIVATE SELECTION,55.00,72.00000,72.00000,0,P,TONY,,5,SAMPLE SET - PRIVATE SELECTION,0,0
2024-12-27,GCSETPS-2228,SAMPLE SET - PRIVATE SELECTION,-55.00,72.00000,0,0,A,TONY,,5,SAMPLE SET - PRIVATE SELECTION,0,0
2024-12-27,GCSETPS-2228,SAMPLE SET - PRIVATE SELECTION,55.00,162.56500,0,0,A,TONY,,5,SAMPLE SET - PRIVATE SELECTION,0,0
2024-12-27,GNSS5WSB38,"SAMPLE - SMOOTH 5"" NATURAL",-1.00,3.50000,0,539102,T,SMORALES4,,5,"SAMPLE - SMOOTH 5"" NATURAL",0,0
2024-12-27,GNSS5WSB38,"SAMPLE - SMOOTH 5"" NATURAL",1.00,3.50000,0,539102,T,SMORALES4,,5,"SAMPLE - SMOOTH 5"" NATURAL",0,0
2024-12-30,GCSETNP-2228,SAMPLE SET - NEWPORT,-1.00,146.87430,0,538849,T,BOREGAN5,,5,SAMPLE SET - NEWPORT,0,0
2024-12-30,GCSETNP-2228,SAMPLE SET - NEWPORT,1.00,146.87430,0,538849,T,BOREGAN5,,5,SAMPLE SET - NEWPORT,0,0
2024-12-30,NONSTOCK,PLYWOOD PALLETS VINYL FLOORING,14.00,5.50000,5.50000,0,P,LMORENO,,,NON-STOCK ITEMS,0,0
2024-12-30,NONSTOCK,PLYWOOD PALLETS SPC/WPC,14.00,5.50000,5.50000,0,P,LMORENO,,,NON-STOCK ITEMS,0,0
2024-12-31,NONSTOCK,PLYWOOD PALLETS SPC/WPC JIM Z,14.00,5.50000,5.50000,0,P,LMORENO,,,NON-STOCK ITEMS,0,0
2025-01-02,NONSTOCK,PLYWOOD PALLETS SPC/WPC JIM Z,14.00,5.50000,5.50000,0,P,LMORENO,,,NON-STOCK ITEMS,0,0
2025-01-02,NONSTOCK,PLYWOOD PALLETS SPC/WPC JIM,14.00,5.50000,5.50000,0,P,LMORENO,,,NON-STOCK ITEMS,0,0
2025-01-03,GCSETAL-2228,"SAMPLE SET - 7.5"" ALLORA",-1.00,120.00000,0,539699,T,,,5,"SAMPLE SET - 7.5"" ALLORA",0,0
2025-01-03,GCSETAL-2228,"SAMPLE SET - 7.5"" ALLORA",1.00,120.00000,0,539699,T,,,5,"SAMPLE SET - 7.5"" ALLORA",0,0
2025-01-03,GCSETAL9-2828,"SAMPLE SET - 9.5"" ALLORA",-1.00,150.00000,0,539699,T,,,5,"SAMPLE SET - 9.5"" ALLORA",0,0
2025-01-03,GCSETAL9-2828,"SAMPLE SET - 9.5"" ALLORA",1.00,150.00000,0,539699,T,,,5,"SAMPLE SET - 9.5"" ALLORA",0,0
2025-01-03,GCSETBH-2828,SAMPLE SET - BEVERLY HILLS,-1.00,179.71200,0,539699,T,,,5,SAMPLE SET - BEVERLY HILLS,0,0
2025-01-03,GCSETBH-2828,SAMPLE SET - BEVERLY HILLS,1.00,179.71200,0,539699,T,,,5,SAMPLE SET - BEVERLY HILLS,0,0
2025-01-03,GCSETCC-1724,SAMPLE SET - CAROLINA C.,-1.00,49.25000,0,539699,T,,,5,SAMPLE SET - CAROLINA C.,0,0
2025-01-03,GCSETCC-1724,SAMPLE SET - CAROLINA C.,1.00,49.25000,0,539699,T,,,5,SAMPLE SET - CAROLINA C.,0,0
2025-01-03,GCSETCV-1724,SAMPLE SET - C.V.,-1.00,115.46000,0,539699,T,,,5,SAMPLE SET - C.V.,0,0
2025-01-03,GCSETCV-1724,SAMPLE SET - C.V.,1.00,115.46000,0,539699,T,,,5,SAMPLE SET - C.V.,0,0
2025-01-03,GCSETEX-1724,SAMPLE SET - EXOTICS,-1.00,193.12600,0,539699,T,,,5,SAMPLE SET - EXOTICS,0,0
2025-01-03,GCSETEX-1724,SAMPLE SET - EXOTICS,1.00,193.12600,0,539699,T,,,5,SAMPLE SET - EXOTICS,0,0
2025-01-03,GCSETFC-2828,SAMPLE SET - FR.CON.,-1.00,303.00000,0,539699,T,,,5,SAMPLE SET - FR.CON.,0,0
2025-01-03,GCSETFC-2828,SAMPLE SET - FR.CON.,1.00,303.00000,0,539699,T,,,5,SAMPLE SET - FR.CON.,0,0
2025-01-03,GCSETGL-2828-1,SAMPLE SET - GOLD LABEL 1 OF 2,-1.00,92.79000,0,539699,T,,,5,SAMPLE SET - GOLD LABEL 1 OF 2,0,0
2025-01-03,GCSETGL-2828-1,SAMPLE SET - GOLD LABEL 1 OF 2,1.00,92.79000,0,539699,T,,,5,SAMPLE SET - GOLD LABEL 1 OF 2,0,0
2025-01-03,GCSETII-1724,SAMPLE SET - GII DIST.,-1.00,190.50000,0,539699,T,,,5,SAMPLE SET - GII DIST.,0,0
2025-01-03,GCSETII-1724,SAMPLE SET - GII DIST.,1.00,190.50000,0,539699,T,,,5,SAMPLE SET - GII DIST.,0,0
2025-01-03,GCSETNP-2228,SAMPLE SET - NEWPORT,-1.00,146.87430,0,539699,T,,,5,SAMPLE SET - NEWPORT,0,0
2025-01-03,GCSETNP-2228,SAMPLE SET - NEWPORT,1.00,146.87430,0,539699,T,,,5,SAMPLE SET - NEWPORT,0,0
2025-01-03,GCSETSS-1724,SAMPLE SET - GII SMOOTH,-1.00,135.80000,0,539699,T,,,5,SAMPLE SET - GII SMOOTH,0,0
2025-01-03,GCSETSS-1724,SAMPLE SET - GII SMOOTH,1.00,135.80000,0,539699,T,,,5,SAMPLE SET - GII SMOOTH,0,0
2025-01-06,GCSETBL-2228,SAMPLE SET - BELLAGIO,-1.00,81.40000,0,538028,T,LMORENO,,5,SAMPLE SET - BELLAGIO,0,0
2025-01-06,GCSETBL-2228,SAMPLE SET - BELLAGIO,1.00,81.40000,0,538028,T,LMORENO,,5,SAMPLE SET - BELLAGIO,0,0
2025-01-06,NONSTOCK,PLYWOOD PALLETS JIM SPC/WPC,14.00,5.50000,5.50000,0,P,LMORENO,,,NON-STOCK ITEMS,0,0
2025-01-06,NONSTOCK,PLYWOOD PALLETS JIM SPC/WPC,14.00,5.50000,5.50000,0,P,LMORENO,,,NON-STOCK ITEMS,0,0
2025-01-07,NONSTOCK,PLWOOD PALLETS JIM LAMINATE,20.00,3.16700,2.00000,0,P,LMORENO,,,NON-STOCK ITEMS,0,0
2025-01-08,GCSETVN-2323,SAMPLE SET - VINYLNOVA,-1.00,122.00000,0,536685,T,,,5,SAMPLE SET - VINYLNOVA,0,0
2025-01-08,GCSETVN-2323,SAMPLE SET - VINYLNOVA,1.00,122.00000,0,536685,T,,,5,SAMPLE SET - VINYLNOVA,0,0
2025-01-08,NONSTOCK,PLYWOOD PALLETS JIM LAMINATE,20.00,3.10900,2.00000,0,P,LMORENO,,,NON-STOCK ITEMS,0,0
2025-01-09,GCSETABII-2323,"SAMPLE SET - AQUABLUE II ""NEW""",-1.00,50.00000,0,541187,T,ERODRIGUE8,,5,"SAMPLE SET - AQUABLUE II ""NEW""",0,0
2025-01-09,GCSETABII-2323,"SAMPLE SET - AQUABLUE II ""NEW""",1.00,50.00000,0,541187,T,ERODRIGUE8,,5,"SAMPLE SET - AQUABLUE II ""NEW""",0,0
2025-01-09,GCSETAL9-2828,"SAMPLE SET - 9.5"" ALLORA",-1.00,150.00000,0,538292,T,,,5,"SAMPLE SET - 9.5"" ALLORA",0,0
2025-01-09,GCSETAL9-2828,"SAMPLE SET - 9.5"" ALLORA",1.00,150.00000,0,538292,T,,,5,"SAMPLE SET - 9.5"" ALLORA",0,0
2025-01-09,GCSETAL9-2828,"SAMPLE SET - 9.5"" ALLORA",-1.00,150.00000,0,541420,T,,,5,"SAMPLE SET - 9.5"" ALLORA",0,0
2025-01-09,GCSETAL9-2828,"SAMPLE SET - 9.5"" ALLORA",1.00,150.00000,0,541420,T,,,5,"SAMPLE SET - 9.5"" ALLORA",0,0
2025-01-09,GCSETBH-2828,SAMPLE SET - BEVERLY HILLS,-1.00,179.71200,0,538292,T,,,5,SAMPLE SET - BEVERLY HILLS,0,0
2025-01-09,GCSETBH-2828,SAMPLE SET - BEVERLY HILLS,1.00,179.71200,0,538292,T,,,5,SAMPLE SET - BEVERLY HILLS,0,0
2025-01-09,GCSETDB-2228,SAMPLE SET - DU BOIS,-1.00,131.10000,0,538292,T,,,5,SAMPLE SET - DU BOIS,0,0
2025-01-09,GCSETDB-2228,SAMPLE SET - DU BOIS,1.00,131.10000,0,538292,T,,,5,SAMPLE SET - DU BOIS,0,0
2025-01-09,GCSETVN-2323,SAMPLE SET - VINYLNOVA,-1.00,122.00000,0,541187,T,ERODRIGUE8,,5,SAMPLE SET - VINYLNOVA,0,0
2025-01-09,GCSETVN-2323,SAMPLE SET - VINYLNOVA,1.00,122.00000,0,541187,T,ERODRIGUE8,,5,SAMPLE SET - VINYLNOVA,0,0
2025-01-09,GCSETVN-2323,SAMPLE SET - VINYLNOVA,-1.00,122.00000,0,541305,T,ERODRIGUE8,,5,SAMPLE SET - VINYLNOVA,0,0
2025-01-09,GCSETVN-2323,SAMPLE SET - VINYLNOVA,1.00,122.00000,0,541305,T,ERODRIGUE8,,5,SAMPLE SET - VINYLNOVA,0,0
2025-01-09,NONSTOCK,LOADING FEE FOR HK MATERIAL,1.00,15.00000,15.00000,0,P,LMORENO,,,NON-STOCK ITEMS,0,0
2025-01-09,NONSTOCK,PLYWOOD PALLETS JIM LAMINATE,10.00,3.18500,2.00000,0,P,LMORENO,,,NON-STOCK ITEMS,0,0
2025-01-10,GCSETCB-1724,SAMPLE SET - COMP. BUSTER,-1.00,100.48100,0,540478,T,BOREGAN5,,5,SAMPLE SET - COMP. BUSTER,0,0
2025-01-10,GCSETCB-1724,SAMPLE SET - COMP. BUSTER,1.00,100.48100,0,540478,T,BOREGAN5,,5,SAMPLE SET - COMP. BUSTER,0,0
2025-01-10,GCSETCB-1724,SAMPLE SET - COMP. BUSTER,-1.00,100.48100,0,541102,T,BOREGAN5,,5,SAMPLE SET - COMP. BUSTER,0,0
2025-01-10,GCSETCB-1724,SAMPLE SET - COMP. BUSTER,1.00,100.48100,0,541102,T,BOREGAN5,,5,SAMPLE SET - COMP. BUSTER,0,0
2025-01-10,GCSETCB-1724,SAMPLE SET - COMP. BUSTER,-1.00,100.48100,0,540419,T,BOREGAN5,,5,SAMPLE SET - COMP. BUSTER,0,0
2025-01-10,GCSETCB-1724,SAMPLE SET - COMP. BUSTER,1.00,100.48100,0,540419,T,BOREGAN5,,5,SAMPLE SET - COMP. BUSTER,0,0
2025-01-10,GCSETCB-1724,SAMPLE SET - COMP. BUSTER,-1.00,100.48100,0,540591,T,BOREGAN5,,5,SAMPLE SET - COMP. BUSTER,0,0
2025-01-10,GCSETCB-1724,SAMPLE SET - COMP. BUSTER,1.00,100.48100,0,540591,T,BOREGAN5,,5,SAMPLE SET - COMP. BUSTER,0,0
2025-01-10,GCSETCB-1724,SAMPLE SET - COMP. BUSTER,-1.00,100.48100,0,541155,T,BOREGAN5,,5,SAMPLE SET - COMP. BUSTER,0,0
2025-01-10,GCSETCB-1724,SAMPLE SET - COMP. BUSTER,1.00,100.48100,0,541155,T,BOREGAN5,,5,SAMPLE SET - COMP. BUSTER,0,0
2025-01-10,GCSETCB-1724,SAMPLE SET - COMP. BUSTER,-1.00,100.48100,0,541127,T,BOREGAN5,,5,SAMPLE SET - COMP. BUSTER,0,0
2025-01-10,GCSETCB-1724,SAMPLE SET - COMP. BUSTER,1.00,100.48100,0,541127,T,BOREGAN5,,5,SAMPLE SET - COMP. BUSTER,0,0
2025-01-10,GCSETCB-1724,SAMPLE SET - COMP. BUSTER,-1.00,100.48100,0,540562,T,BOREGAN5,,5,SAMPLE SET - COMP. BUSTER,0,0
2025-01-10,GCSETCB-1724,SAMPLE SET - COMP. BUSTER,1.00,100.48100,0,540562,T,BOREGAN5,,5,SAMPLE SET - COMP. BUSTER,0,0
2025-01-10,GCSETCB-1724,SAMPLE SET - COMP. BUSTER,-1.00,100.48100,0,540498,T,BOREGAN5,,5,SAMPLE SET - COMP. BUSTER,0,0
2025-01-10,GCSETCB-1724,SAMPLE SET - COMP. BUSTER,1.00,100.48100,0,540498,T,BOREGAN5,,5,SAMPLE SET - COMP. BUSTER,0,0
2025-01-10,GCSETCB-1724,SAMPLE SET - COMP. BUSTER,-1.00,100.48100,0,540451,T,BOREGAN5,,5,SAMPLE SET - COMP. BUSTER,0,0
2025-01-10,GCSETCB-1724,SAMPLE SET - COMP. BUSTER,1.00,100.48100,0,540451,T,BOREGAN5,,5,SAMPLE SET - COMP. BUSTER,0,0
2025-01-10,GCSETCC-1724,SAMPLE SET - CAROLINA C.,-1.00,49.25000,0,540478,T,BOREGAN5,,5,SAMPLE SET - CAROLINA C.,0,0
2025-01-10,GCSETCC-1724,SAMPLE SET - CAROLINA C.,1.00,49.25000,0,540478,T,BOREGAN5,,5,SAMPLE SET - CAROLINA C.,0,0
2025-01-10,GCSETEX-1724,SAMPLE SET - EXOTICS,-1.00,193.12600,0,540478,T,BOREGAN5,,5,SAMPLE SET - EXOTICS,0,0
2025-01-10,GCSETEX-1724,SAMPLE SET - EXOTICS,1.00,193.12600,0,540478,T,BOREGAN5,,5,SAMPLE SET - EXOTICS,0,0
2025-01-10,GCSETGL-2828-1,SAMPLE SET - GOLD LABEL 1 OF 2,-1.00,92.79000,0,541810,T,SESCOBAR3,,5,SAMPLE SET - GOLD LABEL 1 OF 2,0,0
2025-01-10,GCSETGL-2828-1,SAMPLE SET - GOLD LABEL 1 OF 2,1.00,92.79000,0,541810,T,SESCOBAR3,,5,SAMPLE SET - GOLD LABEL 1 OF 2,0,0
2025-01-10,GCSETGL-2828-1,SAMPLE SET - GOLD LABEL 1 OF 2,-1.00,92.79000,0,540483,T,BOREGAN5,,5,SAMPLE SET - GOLD LABEL 1 OF 2,0,0
2025-01-10,GCSETGL-2828-1,SAMPLE SET - GOLD LABEL 1 OF 2,1.00,92.79000,0,540483,T,BOREGAN5,,5,SAMPLE SET - GOLD LABEL 1 OF 2,0,0
2025-01-10,GCSETGL-2828-2,SAMPLE SET - GOLD LABEL 2 OF 2,-1.00,37.50000,0,541810,T,SESCOBAR3,,5,SAMPLE SET - GOLD LABEL 2 OF 2,0,0
2025-01-10,GCSETGL-2828-2,SAMPLE SET - GOLD LABEL 2 OF 2,1.00,37.50000,0,541810,T,SESCOBAR3,,5,SAMPLE SET - GOLD LABEL 2 OF 2,0,0
2025-01-10,GCSETGL-2828-2,SAMPLE SET - GOLD LABEL 2 OF 2,-1.00,37.50000,0,540483,T,BOREGAN5,,5,SAMPLE SET - GOLD LABEL 2 OF 2,0,0
2025-01-10,GCSETGL-2828-2,SAMPLE SET - GOLD LABEL 2 OF 2,1.00,37.50000,0,540483,T,BOREGAN5,,5,SAMPLE SET - GOLD LABEL 2 OF 2,0,0
2025-01-13,GCSETCB-1724,SAMPLE SET - COMP. BUSTER,-1.00,100.48100,0,541732,T,BOREGAN5,,5,SAMPLE SET - COMP. BUSTER,0,0
2025-01-13,GCSETCB-1724,SAMPLE SET - COMP. BUSTER,1.00,100.48100,0,541732,T,BOREGAN5,,5,SAMPLE SET - COMP. BUSTER,0,0
2025-01-13,GCSETCB-1724,SAMPLE SET - COMP. BUSTER,-1.00,100.48100,0,541758,T,BOREGAN5,,5,SAMPLE SET - COMP. BUSTER,0,0
2025-01-13,GCSETCB-1724,SAMPLE SET - COMP. BUSTER,1.00,100.48100,0,541758,T,BOREGAN5,,5,SAMPLE SET - COMP. BUSTER,0,0
2025-01-13,GCSETCC-1724,SAMPLE SET - CAROLINA C.,-1.00,49.25000,0,541683,T,BOREGAN5,,5,SAMPLE SET - CAROLINA C.,0,0
2025-01-13,GCSETCC-1724,SAMPLE SET - CAROLINA C.,1.00,49.25000,0,541683,T,BOREGAN5,,5,SAMPLE SET - CAROLINA C.,0,0
2025-01-13,GCSETCC-1724,SAMPLE SET - CAROLINA C.,-1.00,49.25000,0,541699,T,BOREGAN5,,5,SAMPLE SET - CAROLINA C.,0,0
2025-01-13,GCSETCC-1724,SAMPLE SET - CAROLINA C.,1.00,49.25000,0,541699,T,BOREGAN5,,5,SAMPLE SET - CAROLINA C.,0,0
2025-01-13,GCSETEX-1724,SAMPLE SET - EXOTICS,-1.00,193.12600,0,541683,T,BOREGAN5,,5,SAMPLE SET - EXOTICS,0,0
2025-01-13,GCSETEX-1724,SAMPLE SET - EXOTICS,1.00,193.12600,0,541683,T,BOREGAN5,,5,SAMPLE SET - EXOTICS,0,0
2025-01-13,GCSETEX-1724,SAMPLE SET - EXOTICS,-1.00,193.12600,0,541699,T,BOREGAN5,,5,SAMPLE SET - EXOTICS,0,0
2025-01-13,GCSETEX-1724,SAMPLE SET - EXOTICS,1.00,193.12600,0,541699,T,BOREGAN5,,5,SAMPLE SET - EXOTICS,0,0
2025-01-13,GCSETII-1724,SAMPLE SET - GII DIST.,-1.00,190.50000,0,541683,T,BOREGAN5,,5,SAMPLE SET - GII DIST.,0,0
2025-01-13,GCSETII-1724,SAMPLE SET - GII DIST.,1.00,190.50000,0,541683,T,BOREGAN5,,5,SAMPLE SET - GII DIST.,0,0
2025-01-13,GCSETII-1724,SAMPLE SET - GII DIST.,-1.00,190.50000,0,541699,T,BOREGAN5,,5,SAMPLE SET - GII DIST.,0,0
2025-01-13,GCSETII-1724,SAMPLE SET - GII DIST.,1.00,190.50000,0,541699,T,BOREGAN5,,5,SAMPLE SET - GII DIST.,0,0
2025-01-13,GCSETNP-2228,SAMPLE SET - NEWPORT,-1.00,146.87430,0,541732,T,BOREGAN5,,5,SAMPLE SET - NEWPORT,0,0
2025-01-13,GCSETNP-2228,SAMPLE SET - NEWPORT,1.00,146.87430,0,541732,T,BOREGAN5,,5,SAMPLE SET - NEWPORT,0,0
2025-01-13,GCSETNP-2228,SAMPLE SET - NEWPORT,-1.00,146.87430,0,541683,T,BOREGAN5,,5,SAMPLE SET - NEWPORT,0,0
2025-01-13,GCSETNP-2228,SAMPLE SET - NEWPORT,1.00,146.87430,0,541683,T,BOREGAN5,,5,SAMPLE SET - NEWPORT,0,0
2025-01-13,GCSETPS-2228,SAMPLE SET - PRIVATE SELECTION,-1.00,162.56500,0,541732,T,BOREGAN5,,5,SAMPLE SET - PRIVATE SELECTION,0,0
2025-01-13,GCSETPS-2228,SAMPLE SET - PRIVATE SELECTION,1.00,162.56500,0,541732,T,BOREGAN5,,5,SAMPLE SET - PRIVATE SELECTION,0,0
2025-01-13,GCSETPS-2228,SAMPLE SET - PRIVATE SELECTION,-1.00,162.56500,0,541710,T,BOREGAN5,,5,SAMPLE SET - PRIVATE SELECTION,0,0
2025-01-13,GCSETPS-2228,SAMPLE SET - PRIVATE SELECTION,1.00,162.56500,0,541710,T,BOREGAN5,,5,SAMPLE SET - PRIVATE SELECTION,0,0
2025-01-13,GCSETPS-2228,SAMPLE SET - PRIVATE SELECTION,-1.00,162.56500,0,541706,T,BOREGAN5,,5,SAMPLE SET - PRIVATE SELECTION,0,0
2025-01-13,GCSETPS-2228,SAMPLE SET - PRIVATE SELECTION,1.00,162.56500,0,541706,T,BOREGAN5,,5,SAMPLE SET - PRIVATE SELECTION,0,0
2025-01-13,GCSETSS-1724,SAMPLE SET - GII SMOOTH,-1.00,135.80000,0,541683,T,BOREGAN5,,5,SAMPLE SET - GII SMOOTH,0,0
2025-01-13,GCSETSS-1724,SAMPLE SET - GII SMOOTH,1.00,135.80000,0,541683,T,BOREGAN5,,5,SAMPLE SET - GII SMOOTH,0,0
2025-01-13,GCSETSS-1724,SAMPLE SET - GII SMOOTH,-1.00,135.80000,0,541699,T,BOREGAN5,,5,SAMPLE SET - GII SMOOTH,0,0
2025-01-13,GCSETSS-1724,SAMPLE SET - GII SMOOTH,1.00,135.80000,0,541699,T,BOREGAN5,,5,SAMPLE SET - GII SMOOTH,0,0
2025-01-13,GCSETVY-2228-A,SAMPLE SET - VINEYARD ADD-ON,-1.00,69.45000,0,541758,T,BOREGAN5,,5,SAMPLE SET - VINEYARD ADD-ON,0,0
2025-01-13,GCSETVY-2228-A,SAMPLE SET - VINEYARD ADD-ON,1.00,69.45000,0,541758,T,BOREGAN5,,5,SAMPLE SET - VINEYARD ADD-ON,0,0
2025-01-14,NONSTOCK,PLYWOOD PALLETS SPC/WPC JIM,14.00,5.50000,5.50000,0,P,LMORENO,,,NON-STOCK ITEMS,0,0
2025-01-14,NONSTOCK,PLYWOOD PALLETS SPC/WPC JIM,14.00,5.50000,5.50000,0,P,LMORENO,,,NON-STOCK ITEMS,0,0
2025-01-14,NONSTOCK,PLYWOOD PALLETS SPC/WPC JIM Z,14.00,5.50000,5.50000,0,P,LMORENO,,,NON-STOCK ITEMS,0,0
2025-01-14,NONSTOCK,PLYWOOD PALLETS JIM SPC/WPC,14.00,5.50000,5.50000,0,P,LMORENO,,,NON-STOCK ITEMS,0,0
2025-01-16,GCSETBH-2828,SAMPLE SET - BEVERLY HILLS,-1.00,179.71200,0,543103,T,JSGOMEZ9,,5,SAMPLE SET - BEVERLY HILLS,0,0
2025-01-16,GCSETBH-2828,SAMPLE SET - BEVERLY HILLS,1.00,179.71200,0,543103,T,JSGOMEZ9,,5,SAMPLE SET - BEVERLY HILLS,0,0
2025-01-16,GCSETBH-2828,SAMPLE SET - BEVERLY HILLS,-1.00,179.71200,0,543403,T,,,5,SAMPLE SET - BEVERLY HILLS,0,0
2025-01-16,GCSETBH-2828,SAMPLE SET - BEVERLY HILLS,1.00,179.71200,0,543403,T,,,5,SAMPLE SET - BEVERLY HILLS,0,0
2025-01-16,GCSETCB-1724,SAMPLE SET - COMP. BUSTER,-1.00,100.48100,0,542742,T,JSGOMEZ9,,5,SAMPLE SET - COMP. BUSTER,0,0
2025-01-16,GCSETCB-1724,SAMPLE SET - COMP. BUSTER,1.00,100.48100,0,542742,T,JSGOMEZ9,,5,SAMPLE SET - COMP. BUSTER,0,0
2025-01-16,GCSETCC-1724,SAMPLE SET - CAROLINA C.,-1.00,49.25000,0,542742,T,JSGOMEZ9,,5,SAMPLE SET - CAROLINA C.,0,0
2025-01-16,GCSETCC-1724,SAMPLE SET - CAROLINA C.,1.00,49.25000,0,542742,T,JSGOMEZ9,,5,SAMPLE SET - CAROLINA C.,0,0
2025-01-16,GCSETCV-1724,SAMPLE SET - C.V.,-1.00,115.46000,0,542742,T,JSGOMEZ9,,5,SAMPLE SET - C.V.,0,0
2025-01-16,GCSETCV-1724,SAMPLE SET - C.V.,1.00,115.46000,0,542742,T,JSGOMEZ9,,5,SAMPLE SET - C.V.,0,0
2025-01-16,GCSETEX-1724,SAMPLE SET - EXOTICS,-1.00,193.12600,0,542742,T,JSGOMEZ9,,5,SAMPLE SET - EXOTICS,0,0
2025-01-16,GCSETEX-1724,SAMPLE SET - EXOTICS,1.00,193.12600,0,542742,T,JSGOMEZ9,,5,SAMPLE SET - EXOTICS,0,0
2025-01-16,GCSETGL-2828-1,SAMPLE SET - GOLD LABEL 1 OF 2,-8.00,92.79000,0,543103,T,JSGOMEZ9,,5,SAMPLE SET - GOLD LABEL 1 OF 2,0,0
2025-01-16,GCSETGL-2828-1,SAMPLE SET - GOLD LABEL 1 OF 2,8.00,92.79000,0,543103,T,JSGOMEZ9,,5,SAMPLE SET - GOLD LABEL 1 OF 2,0,0
2025-01-16,GCSETGL-2828-2,SAMPLE SET - GOLD LABEL 2 OF 2,-8.00,37.50000,0,543103,T,JSGOMEZ9,,5,SAMPLE SET - GOLD LABEL 2 OF 2,0,0
2025-01-16,GCSETGL-2828-2,SAMPLE SET - GOLD LABEL 2 OF 2,8.00,37.50000,0,543103,T,JSGOMEZ9,,5,SAMPLE SET - GOLD LABEL 2 OF 2,0,0
2025-01-16,GCSETII-1724,SAMPLE SET - GII DIST.,-1.00,190.50000,0,542742,T,JSGOMEZ9,,5,SAMPLE SET - GII DIST.,0,0
2025-01-16,GCSETII-1724,SAMPLE SET - GII DIST.,1.00,190.50000,0,542742,T,JSGOMEZ9,,5,SAMPLE SET - GII DIST.,0,0
2025-01-16,GCSETPS-2228,SAMPLE SET - PRIVATE SELECTION,-15.00,162.56500,0,543103,T,JSGOMEZ9,,5,SAMPLE SET - PRIVATE SELECTION,0,0
2025-01-16,GCSETPS-2228,SAMPLE SET - PRIVATE SELECTION,15.00,162.56500,0,543103,T,JSGOMEZ9,,5,SAMPLE SET - PRIVATE SELECTION,0,0
2025-01-16,GCSETSS-1724,SAMPLE SET - GII SMOOTH,-1.00,135.80000,0,542742,T,JSGOMEZ9,,5,SAMPLE SET - GII SMOOTH,0,0
2025-01-16,GCSETSS-1724,SAMPLE SET - GII SMOOTH,1.00,135.80000,0,542742,T,JSGOMEZ9,,5,SAMPLE SET - GII SMOOTH,0,0
2025-01-16,NONSTOCK,PLYWOOD PALLETS JIM SPC/WPC,16.00,5.50000,5.50000,0,P,LMORENO,,,NON-STOCK ITEMS,0,0
2025-01-17,GCSETCC-1724,SAMPLE SET - CAROLINA C.,-1.00,49.25000,0,542832,T,,,5,SAMPLE SET - CAROLINA C.,0,0
2025-01-17,GCSETCC-1724,SAMPLE SET - CAROLINA C.,1.00,49.25000,0,542832,T,,,5,SAMPLE SET - CAROLINA C.,0,0
2025-01-17,GCSETCV-1724,SAMPLE SET - C.V.,-1.00,115.46000,0,542832,T,,,5,SAMPLE SET - C.V.,0,0
2025-01-17,GCSETCV-1724,SAMPLE SET - C.V.,1.00,115.46000,0,542832,T,,,5,SAMPLE SET - C.V.,0,0
2025-01-17,GCSETDV-2228,SAMPLE SET - DA VINCI,-1.00,148.35000,0,541765,T,BOREGAN5,,5,SAMPLE SET - DA VINCI,0,0
2025-01-17,GCSETDV-2228,SAMPLE SET - DA VINCI,1.00,148.35000,0,541765,T,BOREGAN5,,5,SAMPLE SET - DA VINCI,0,0
2025-01-17,GCSETEX-1724,SAMPLE SET - EXOTICS,-1.00,193.12600,0,542832,T,,,5,SAMPLE SET - EXOTICS,0,0
2025-01-17,GCSETEX-1724,SAMPLE SET - EXOTICS,1.00,193.12600,0,542832,T,,,5,SAMPLE SET - EXOTICS,0,0
2025-01-17,GCSETII-1724,SAMPLE SET - GII DIST.,-1.00,190.50000,0,542832,T,,,5,SAMPLE SET - GII DIST.,0,0
2025-01-17,GCSETII-1724,SAMPLE SET - GII DIST.,1.00,190.50000,0,542832,T,,,5,SAMPLE SET - GII DIST.,0,0
2025-01-17,GCSETPS-2228,SAMPLE SET - PRIVATE SELECTION,-1.00,162.56500,0,542927,T,BOREGAN5,,5,SAMPLE SET - PRIVATE SELECTION,0,0
2025-01-17,GCSETPS-2228,SAMPLE SET - PRIVATE SELECTION,1.00,162.56500,0,542927,T,BOREGAN5,,5,SAMPLE SET - PRIVATE SELECTION,0,0
2025-01-17,GCSETSS-1724,SAMPLE SET - GII SMOOTH,-1.00,135.80000,0,542832,T,,,5,SAMPLE SET - GII SMOOTH,0,0
2025-01-17,GCSETSS-1724,SAMPLE SET - GII SMOOTH,1.00,135.80000,0,542832,T,,,5,SAMPLE SET - GII SMOOTH,0,0
2025-01-17,GCSETVY-2228-A,SAMPLE SET - VINEYARD ADD-ON,-1.00,69.45000,0,541765,T,BOREGAN5,,5,SAMPLE SET - VINEYARD ADD-ON,0,0
2025-01-17,GCSETVY-2228-A,SAMPLE SET - VINEYARD ADD-ON,1.00,69.45000,0,541765,T,BOREGAN5,,5,SAMPLE SET - VINEYARD ADD-ON,0,0
2025-01-17,NONSTOCK,PLASTIC STRAPPING SEALS,6.00,91.00000,91.00000,0,P,LMORENO,,,NON-STOCK ITEMS,0,0
2025-01-17,NONSTOCK,BOX OF GRIPPER SEALS 1K COUNT,1.00,100.00000,100.00000,0,P,LMORENO,,,NON-STOCK ITEMS,0,0
2025-01-17,NONSTOCK,UMBRELLA - 9' BLACK,1.00,199.00000,199.00000,0,P,LMORENO,,,NON-STOCK ITEMS,0,0
2025-01-17,NONSTOCK,PALLET FRAGILE STICKERS 500CNT,2.00,39.00000,39.00000,0,P,LMORENO,,,NON-STOCK ITEMS,0,0
2025-01-17,NONSTOCK,PACKING LIST ENVELOPE 500CNT,2.00,69.00000,69.00000,0,P,LMORENO,,,NON-STOCK ITEMS,0,0
2025-01-17,NONSTOCK,BUBBLE LINED MAILERS 100CNT,3.00,46.00000,46.00000,0,P,LMORENO,,,NON-STOCK ITEMS,0,0
2025-01-17,NONSTOCK,"2"" TAPE DISPENSER",6.00,12.00000,12.00000,0,P,LMORENO,,,NON-STOCK ITEMS,0,0
2025-01-17,NONSTOCK,12' TAPE MEASURE,12.00,6.00000,6.00000,0,P,LMORENO,,,NON-STOCK ITEMS,0,0
2025-01-17,NONSTOCK,25' TAPE MEASURE,12.00,9.00000,9.00000,0,P,LMORENO,,,NON-STOCK ITEMS,0,0
2025-01-17,NONSTOCK,"30"" X 30"" PANEL BOXES",40.00,7.02000,7.02000,0,P,LMORENO,,,NON-STOCK ITEMS,0,0
2025-01-17,NONSTOCK,"2"" STRAPPING TAPE",48.00,8.45000,8.45000,0,P,LMORENO,,,NON-STOCK ITEMS,0,0
2025-01-20,GCSETBH-2828,SAMPLE SET - BEVERLY HILLS,-1.00,179.71200,0,542591,T,,,5,SAMPLE SET - BEVERLY HILLS,0,0
2025-01-20,GCSETBH-2828,SAMPLE SET - BEVERLY HILLS,1.00,179.71200,0,542591,T,,,5,SAMPLE SET - BEVERLY HILLS,0,0
2025-01-21,GCSETEX-1724,SAMPLE SET - EXOTICS,-1.00,193.12600,0,544376,T,ERODRIGUE8,,5,SAMPLE SET - EXOTICS,0,0
2025-01-21,GCSETEX-1724,SAMPLE SET - EXOTICS,1.00,193.12600,0,544376,T,ERODRIGUE8,,5,SAMPLE SET - EXOTICS,0,0
2025-01-22,GCSETAL9-2828,"SAMPLE SET - 9.5"" ALLORA",-1.00,150.00000,0,540594,T,JSGOMEZ9,,5,"SAMPLE SET - 9.5"" ALLORA",0,0
2025-01-22,GCSETAL9-2828,"SAMPLE SET - 9.5"" ALLORA",1.00,150.00000,0,540594,T,JSGOMEZ9,,5,"SAMPLE SET - 9.5"" ALLORA",0,0
2025-01-22,GCSETEX-1724,SAMPLE SET - EXOTICS,-1.00,193.12600,0,540594,T,JSGOMEZ9,,5,SAMPLE SET - EXOTICS,0,0
2025-01-22,GCSETEX-1724,SAMPLE SET - EXOTICS,1.00,193.12600,0,540594,T,JSGOMEZ9,,5,SAMPLE SET - EXOTICS,0,0
2025-01-22,GCSETGL-2828-1,SAMPLE SET - GOLD LABEL 1 OF 2,-1.00,92.79000,0,544551,T,SESCOBAR3,,5,SAMPLE SET - GOLD LABEL 1 OF 2,0,0
2025-01-22,GCSETGL-2828-1,SAMPLE SET - GOLD LABEL 1 OF 2,1.00,92.79000,0,544551,T,SESCOBAR3,,5,SAMPLE SET - GOLD LABEL 1 OF 2,0,0
2025-01-22,GCSETGL-2828-2,SAMPLE SET - GOLD LABEL 2 OF 2,-1.00,37.50000,0,544551,T,SESCOBAR3,,5,SAMPLE SET - GOLD LABEL 2 OF 2,0,0
2025-01-22,GCSETGL-2828-2,SAMPLE SET - GOLD LABEL 2 OF 2,1.00,37.50000,0,544551,T,SESCOBAR3,,5,SAMPLE SET - GOLD LABEL 2 OF 2,0,0
2025-01-22,NONSTOCK,DELUXE STRAPPING TENSIONER,4.00,150.00000,150.00000,0,P,LMORENO,,,NON-STOCK ITEMS,0,0
2025-01-22,NONSTOCK,DELUXE GRIPPER STRAP SEALER,4.00,250.00000,250.00000,0,P,LMORENO,,,NON-STOCK ITEMS,0,0
2025-01-22,NONSTOCK,POLY STRAPPING SEALS 1K/CASE,6.00,36.00000,36.00000,0,P,LMORENO,,,NON-STOCK ITEMS,0,0
2025-01-23,GCSETCV-1724,SAMPLE SET - C.V.,-1.00,115.46000,0,540996,T,,,5,SAMPLE SET - C.V.,0,0
2025-01-23,GCSETCV-1724,SAMPLE SET - C.V.,1.00,115.46000,0,540996,T,,,5,SAMPLE SET - C.V.,0,0
2025-01-23,GCSETEX-1724,SAMPLE SET - EXOTICS,-1.00,193.12600,0,545028,T,,,5,SAMPLE SET - EXOTICS,0,0
2025-01-23,GCSETEX-1724,SAMPLE SET - EXOTICS,1.00,193.12600,0,545028,T,,,5,SAMPLE SET - EXOTICS,0,0
2025-01-23,GCSETVY-2228-A,SAMPLE SET - VINEYARD ADD-ON,-10.00,69.45000,0,544999,T,JSGOMEZ9,,5,SAMPLE SET - VINEYARD ADD-ON,0,0
2025-01-23,GCSETVY-2228-A,SAMPLE SET - VINEYARD ADD-ON,10.00,69.45000,0,544999,T,JSGOMEZ9,,5,SAMPLE SET - VINEYARD ADD-ON,0,0
2025-01-23,NONSTOCK,"8""ID X 95""OL-.125 SHIP TUBE",50.00,18.95241,15.45000,0,P,LMORENO,,,NON-STOCK ITEMS,0,0
2025-01-23,NONSTOCK,"6""ID X 95""OL-.125 SHIP TUBE",84.00,12.38958,10.10000,0,P,LMORENO,,,NON-STOCK ITEMS,0,0
2025-01-23,NONSTOCK,"4""ID X 95""OL-.125 SHIP TUBE",180.00,9.39646,7.66000,0,P,LMORENO,,,NON-STOCK ITEMS,0,0
2025-01-23,NONSTOCK,"8"" PLASTIC PLUG",100.00,0,0,0,P,LMORENO,,,NON-STOCK ITEMS,0,0
2025-01-23,NONSTOCK,"6"" PLASTIC PLUG",168.00,0,0,0,P,LMORENO,,,NON-STOCK ITEMS,0,0
2025-01-23,NONSTOCK,"4"" PLASTIC PLUG",360.00,0,0,0,P,LMORENO,,,NON-STOCK ITEMS,0,0
2025-01-24,GCSETCB-1724,SAMPLE SET - COMP. BUSTER,-2.00,100.48100,0,544906,T,BOREGAN5,,5,SAMPLE SET - COMP. BUSTER,0,0
2025-01-24,GCSETCB-1724,SAMPLE SET - COMP. BUSTER,2.00,100.48100,0,544906,T,BOREGAN5,,5,SAMPLE SET - COMP. BUSTER,0,0
2025-01-24,GCSETCV-1724,SAMPLE SET - C.V.,-1.00,115.46000,0,545053,T,BOREGAN5,,5,SAMPLE SET - C.V.,0,0
2025-01-24,GCSETCV-1724,SAMPLE SET - C.V.,1.00,115.46000,0,545053,T,BOREGAN5,,5,SAMPLE SET - C.V.,0,0
2025-01-25,GCSETDB-2228,SAMPLE SET - DU BOIS,-1.00,131.10000,0,545056,T,JSGOMEZ9,,5,SAMPLE SET - DU BOIS,0,0
2025-01-25,GCSETDB-2228,SAMPLE SET - DU BOIS,1.00,131.10000,0,545056,T,JSGOMEZ9,,5,SAMPLE SET - DU BOIS,0,0
2025-01-25,GCSETDV-2228,SAMPLE SET - DA VINCI,-1.00,148.35000,0,545056,T,JSGOMEZ9,,5,SAMPLE SET - DA VINCI,0,0
2025-01-25,GCSETDV-2228,SAMPLE SET - DA VINCI,1.00,148.35000,0,545056,T,JSGOMEZ9,,5,SAMPLE SET - DA VINCI,0,0
2025-01-25,GCSETNP-2228,SAMPLE SET - NEWPORT,-1.00,146.87430,0,545056,T,JSGOMEZ9,,5,SAMPLE SET - NEWPORT,0,0
2025-01-25,GCSETNP-2228,SAMPLE SET - NEWPORT,1.00,146.87430,0,545056,T,JSGOMEZ9,,5,SAMPLE SET - NEWPORT,0,0
2025-01-25,GCSETVG-2828,SAMPLE SET - VILLA GIALLA,-1.00,271.84000,0,545056,T,JSGOMEZ9,,5,SAMPLE SET - VILLA GIALLA,0,0
2025-01-25,GCSETVG-2828,SAMPLE SET - VILLA GIALLA,1.00,271.84000,0,545056,T,JSGOMEZ9,,5,SAMPLE SET - VILLA GIALLA,0,0
2025-01-25,GCSETVY-2228-A,SAMPLE SET - VINEYARD ADD-ON,-1.00,69.45000,0,545056,T,JSGOMEZ9,,5,SAMPLE SET - VINEYARD ADD-ON,0,0
2025-01-25,GCSETVY-2228-A,SAMPLE SET - VINEYARD ADD-ON,1.00,69.45000,0,545056,T,JSGOMEZ9,,5,SAMPLE SET - VINEYARD ADD-ON,0,0
2025-01-27,GCSETABII-2323,"SAMPLE SET - AQUABLUE II ""NEW""",-1.00,50.00000,0,545345,T,,,5,"SAMPLE SET - AQUABLUE II ""NEW""",0,0
2025-01-27,GCSETABII-2323,"SAMPLE SET - AQUABLUE II ""NEW""",1.00,50.00000,0,545345,T,,,5,"SAMPLE SET - AQUABLUE II ""NEW""",0,0
2025-01-27,GCSETAL9-2828,"SAMPLE SET - 9.5"" ALLORA",-1.00,150.00000,0,545345,T,,,5,"SAMPLE SET - 9.5"" ALLORA",0,0
2025-01-27,GCSETAL9-2828,"SAMPLE SET - 9.5"" ALLORA",1.00,150.00000,0,545345,T,,,5,"SAMPLE SET - 9.5"" ALLORA",0,0
2025-01-27,GCSETBH-2828,SAMPLE SET - BEVERLY HILLS,-1.00,179.71200,0,546029,T,,,5,SAMPLE SET - BEVERLY HILLS,0,0
2025-01-27,GCSETBH-2828,SAMPLE SET - BEVERLY HILLS,-1.00,179.71200,0,545345,T,,,5,SAMPLE SET - BEVERLY HILLS,0,0
2025-01-27,GCSETBH-2828,SAMPLE SET - BEVERLY HILLS,1.00,179.71200,0,546029,T,,,5,SAMPLE SET - BEVERLY HILLS,0,0
2025-01-27,GCSETBH-2828,SAMPLE SET - BEVERLY HILLS,1.00,179.71200,0,545345,T,,,5,SAMPLE SET - BEVERLY HILLS,0,0
2025-01-27,GCSETCC-1724,SAMPLE SET - CAROLINA C.,-1.00,49.25000,0,545345,T,,,5,SAMPLE SET - CAROLINA C.,0,0
2025-01-27,GCSETCC-1724,SAMPLE SET - CAROLINA C.,1.00,49.25000,0,545345,T,,,5,SAMPLE SET - CAROLINA C.,0,0
2025-01-27,GCSETCV-1724,SAMPLE SET - C.V.,-1.00,115.46000,0,545345,T,,,5,SAMPLE SET - C.V.,0,0
2025-01-27,GCSETCV-1724,SAMPLE SET - C.V.,1.00,115.46000,0,545345,T,,,5,SAMPLE SET - C.V.,0,0
2025-01-27,GCSETEX-1724,SAMPLE SET - EXOTICS,-1.00,193.12600,0,545345,T,,,5,SAMPLE SET - EXOTICS,0,0
2025-01-27,GCSETEX-1724,SAMPLE SET - EXOTICS,1.00,193.12600,0,545345,T,,,5,SAMPLE SET - EXOTICS,0,0
2025-01-27,GCSETII-1724,SAMPLE SET - GII DIST.,-1.00,190.50000,0,545345,T,,,5,SAMPLE SET - GII DIST.,0,0
2025-01-27,GCSETII-1724,SAMPLE SET - GII DIST.,1.00,190.50000,0,545345,T,,,5,SAMPLE SET - GII DIST.,0,0
2025-01-27,GCSETNP-2228,SAMPLE SET - NEWPORT,-1.00,146.87430,0,545345,T,,,5,SAMPLE SET - NEWPORT,0,0
2025-01-27,GCSETNP-2228,SAMPLE SET - NEWPORT,1.00,146.87430,0,545345,T,,,5,SAMPLE SET - NEWPORT,0,0
2025-01-27,GCSETSS-1724,SAMPLE SET - GII SMOOTH,-1.00,135.80000,0,545345,T,,,5,SAMPLE SET - GII SMOOTH,0,0
2025-01-27,GCSETSS-1724,SAMPLE SET - GII SMOOTH,1.00,135.80000,0,545345,T,,,5,SAMPLE SET - GII SMOOTH,0,0
2025-01-28,GCSETBH-2828,SAMPLE SET - BEVERLY HILLS,-1.00,179.71200,0,545643,T,BOREGAN5,,5,SAMPLE SET - BEVERLY HILLS,0,0
2025-01-28,GCSETBH-2828,SAMPLE SET - BEVERLY HILLS,1.00,179.71200,0,545643,T,BOREGAN5,,5,SAMPLE SET - BEVERLY HILLS,0,0
2025-01-28,GCSETCB-1724,SAMPLE SET - COMP. BUSTER,-1.00,100.48100,0,545433,T,BOREGAN5,,5,SAMPLE SET - COMP. BUSTER,0,0
2025-01-28,GCSETCB-1724,SAMPLE SET - COMP. BUSTER,1.00,100.48100,0,545433,T,BOREGAN5,,5,SAMPLE SET - COMP. BUSTER,0,0
2025-01-28,GCSETDV-2228,SAMPLE SET - DA VINCI,-1.00,148.35000,0,545788,T,,,5,SAMPLE SET - DA VINCI,0,0
2025-01-28,GCSETDV-2228,SAMPLE SET - DA VINCI,1.00,148.35000,0,545788,T,,,5,SAMPLE SET - DA VINCI,0,0
2025-01-28,GCSETVN-2323,SAMPLE SET - VINYLNOVA,-1.00,122.00000,0,545231,T,BOREGAN5,,5,SAMPLE SET - VINYLNOVA,0,0
2025-01-28,GCSETVN-2323,SAMPLE SET - VINYLNOVA,1.00,122.00000,0,545231,T,BOREGAN5,,5,SAMPLE SET - VINYLNOVA,0,0
2025-01-29,GCSETAL9-2828,"SAMPLE SET - 9.5"" ALLORA",-1.00,150.00000,0,546446,T,,,5,"SAMPLE SET - 9.5"" ALLORA",0,0
2025-01-29,GCSETAL9-2828,"SAMPLE SET - 9.5"" ALLORA",1.00,150.00000,0,546446,T,,,5,"SAMPLE SET - 9.5"" ALLORA",0,0
2025-01-29,GCSETBH-2828,SAMPLE SET - BEVERLY HILLS,-1.00,179.71200,0,546446,T,,,5,SAMPLE SET - BEVERLY HILLS,0,0
2025-01-29,GCSETBH-2828,SAMPLE SET - BEVERLY HILLS,1.00,179.71200,0,546446,T,,,5,SAMPLE SET - BEVERLY HILLS,0,0
2025-01-29,GCSETIL-2424,SAMPLE SET - ILLUMIN8,-1.00,58.44600,0,546446,T,,,5,SAMPLE SET - ILLUMIN8,0,0
2025-01-29,GCSETIL-2424,SAMPLE SET - ILLUMIN8,1.00,58.44600,0,546446,T,,,5,SAMPLE SET - ILLUMIN8,0,0
2025-01-29,GCSETPS-2228,SAMPLE SET - PRIVATE SELECTION,-1.00,162.56500,0,546446,T,,,5,SAMPLE SET - PRIVATE SELECTION,0,0
2025-01-29,GCSETPS-2228,SAMPLE SET - PRIVATE SELECTION,1.00,162.56500,0,546446,T,,,5,SAMPLE SET - PRIVATE SELECTION,0,0
2025-01-29,GCSETP2-2428,SAMPLE SET - PARALLELS 2.0,-1.00,14.99200,0,546446,T,,,5,SAMPLE SET - PARALLELS 2.0,0,0
2025-01-29,GCSETP2-2428,SAMPLE SET - PARALLELS 2.0,1.00,14.99200,0,546446,T,,,5,SAMPLE SET - PARALLELS 2.0,0,0
2025-01-29,GCSETVN-2323,SAMPLE SET - VINYLNOVA,-1.00,122.00000,0,546446,T,,,5,SAMPLE SET - VINYLNOVA,0,0
2025-01-29,GCSETVN-2323,SAMPLE SET - VINYLNOVA,1.00,122.00000,0,546446,T,,,5,SAMPLE SET - VINYLNOVA,0,0
2025-01-31,GCSETAL-2228,"SAMPLE SET - 7.5"" ALLORA",-1.00,120.00000,0,547084,T,SESCOBAR3,,5,"SAMPLE SET - 7.5"" ALLORA",0,0
2025-01-31,GCSETAL-2228,"SAMPLE SET - 7.5"" ALLORA",1.00,120.00000,0,547084,T,SESCOBAR3,,5,"SAMPLE SET - 7.5"" ALLORA",0,0
2025-02-03,GCSETBH-2828,SAMPLE SET - BEVERLY HILLS,-1.00,179.71200,0,547056,T,BOREGAN5,,5,SAMPLE SET - BEVERLY HILLS,0,0
2025-02-03,GCSETBH-2828,SAMPLE SET - BEVERLY HILLS,1.00,179.71200,0,547056,T,BOREGAN5,,5,SAMPLE SET - BEVERLY HILLS,0,0
2025-02-03,GCSETBH-2828,SAMPLE SET - BEVERLY HILLS,-5.00,179.71200,0,546651,T,,,5,SAMPLE SET - BEVERLY HILLS,0,0
2025-02-03,GCSETBH-2828,SAMPLE SET - BEVERLY HILLS,5.00,179.71200,0,546651,T,,,5,SAMPLE SET - BEVERLY HILLS,0,0
2025-02-03,GCSETFC-2828,SAMPLE SET - FR.CON.,-1.00,303.00000,0,547056,T,BOREGAN5,,5,SAMPLE SET - FR.CON.,0,0
2025-02-03,GCSETFC-2828,SAMPLE SET - FR.CON.,1.00,303.00000,0,547056,T,BOREGAN5,,5,SAMPLE SET - FR.CON.,0,0
2025-02-03,GCSETGL-2828-1,SAMPLE SET - GOLD LABEL 1 OF 2,-1.00,92.79000,0,547314,T,SESCOBAR3,,5,SAMPLE SET - GOLD LABEL 1 OF 2,0,0
2025-02-03,GCSETGL-2828-1,SAMPLE SET - GOLD LABEL 1 OF 2,1.00,92.79000,0,547314,T,SESCOBAR3,,5,SAMPLE SET - GOLD LABEL 1 OF 2,0,0
2025-02-03,GCSETGL-2828-2,SAMPLE SET - GOLD LABEL 2 OF 2,-1.00,37.50000,0,547314,T,SESCOBAR3,,5,SAMPLE SET - GOLD LABEL 2 OF 2,0,0
2025-02-03,GCSETGL-2828-2,SAMPLE SET - GOLD LABEL 2 OF 2,1.00,37.50000,0,547314,T,SESCOBAR3,,5,SAMPLE SET - GOLD LABEL 2 OF 2,0,0
2025-02-03,GCSETPS-2228,SAMPLE SET - PRIVATE SELECTION,-1.00,162.56500,0,547056,T,BOREGAN5,,5,SAMPLE SET - PRIVATE SELECTION,0,0
2025-02-03,GCSETPS-2228,SAMPLE SET - PRIVATE SELECTION,1.00,162.56500,0,547056,T,BOREGAN5,,5,SAMPLE SET - PRIVATE SELECTION,0,0
2025-02-04,GCSETAL-2228,"SAMPLE SET - 7.5"" ALLORA",-1.00,120.00000,0,547631,T,,,5,"SAMPLE SET - 7.5"" ALLORA",0,0
2025-02-04,GCSETAL-2228,"SAMPLE SET - 7.5"" ALLORA",1.00,120.00000,0,547631,T,,,5,"SAMPLE SET - 7.5"" ALLORA",0,0
2025-02-04,GCSETAL9-2828,"SAMPLE SET - 9.5"" ALLORA",-1.00,150.00000,0,547631,T,,,5,"SAMPLE SET - 9.5"" ALLORA",0,0
2025-02-04,GCSETAL9-2828,"SAMPLE SET - 9.5"" ALLORA",1.00,150.00000,0,547631,T,,,5,"SAMPLE SET - 9.5"" ALLORA",0,0
2025-02-04,GCSETBH-2828,SAMPLE SET - BEVERLY HILLS,-1.00,179.71200,0,547631,T,,,5,SAMPLE SET - BEVERLY HILLS,0,0
2025-02-04,GCSETBH-2828,SAMPLE SET - BEVERLY HILLS,1.00,179.71200,0,547631,T,,,5,SAMPLE SET - BEVERLY HILLS,0,0
2025-02-04,GCSETCC-1724,SAMPLE SET - CAROLINA C.,-1.00,49.25000,0,547631,T,,,5,SAMPLE SET - CAROLINA C.,0,0
2025-02-04,GCSETCC-1724,SAMPLE SET - CAROLINA C.,1.00,49.25000,0,547631,T,,,5,SAMPLE SET - CAROLINA C.,0,0
2025-02-04,GCSETCV-1724,SAMPLE SET - C.V.,-1.00,115.46000,0,547631,T,,,5,SAMPLE SET - C.V.,0,0
2025-02-04,GCSETCV-1724,SAMPLE SET - C.V.,1.00,115.46000,0,547631,T,,,5,SAMPLE SET - C.V.,0,0
2025-02-04,GCSETEX-1724,SAMPLE SET - EXOTICS,-1.00,193.12600,0,547631,T,,,5,SAMPLE SET - EXOTICS,0,0
2025-02-04,GCSETEX-1724,SAMPLE SET - EXOTICS,1.00,193.12600,0,547631,T,,,5,SAMPLE SET - EXOTICS,0,0
2025-02-04,GCSETGL-2828-1,SAMPLE SET - GOLD LABEL 1 OF 2,-1.00,92.79000,0,547631,T,,,5,SAMPLE SET - GOLD LABEL 1 OF 2,0,0
2025-02-04,GCSETGL-2828-1,SAMPLE SET - GOLD LABEL 1 OF 2,1.00,92.79000,0,547631,T,,,5,SAMPLE SET - GOLD LABEL 1 OF 2,0,0
2025-02-04,GCSETGL-2828-2,SAMPLE SET - GOLD LABEL 2 OF 2,-1.00,37.50000,0,547631,T,,,5,SAMPLE SET - GOLD LABEL 2 OF 2,0,0
2025-02-04,GCSETGL-2828-2,SAMPLE SET - GOLD LABEL 2 OF 2,1.00,37.50000,0,547631,T,,,5,SAMPLE SET - GOLD LABEL 2 OF 2,0,0
2025-02-04,GCSETII-1724,SAMPLE SET - GII DIST.,-1.00,190.50000,0,548169,T,,,5,SAMPLE SET - GII DIST.,0,0
2025-02-04,GCSETII-1724,SAMPLE SET - GII DIST.,-1.00,190.50000,0,547631,T,,,5,SAMPLE SET - GII DIST.,0,0
2025-02-04,GCSETII-1724,SAMPLE SET - GII DIST.,1.00,190.50000,0,548169,T,,,5,SAMPLE SET - GII DIST.,0,0
2025-02-04,GCSETII-1724,SAMPLE SET - GII DIST.,1.00,190.50000,0,547631,T,,,5,SAMPLE SET - GII DIST.,0,0
2025-02-04,GCSETPS-2228,SAMPLE SET - PRIVATE SELECTION,-1.00,162.56500,0,547631,T,,,5,SAMPLE SET - PRIVATE SELECTION,0,0
2025-02-04,GCSETPS-2228,SAMPLE SET - PRIVATE SELECTION,1.00,162.56500,0,547631,T,,,5,SAMPLE SET - PRIVATE SELECTION,0,0
2025-02-04,GCSETSS-1724,SAMPLE SET - GII SMOOTH,-1.00,135.80000,0,547631,T,,,5,SAMPLE SET - GII SMOOTH,0,0
2025-02-04,GCSETSS-1724,SAMPLE SET - GII SMOOTH,1.00,135.80000,0,547631,T,,,5,SAMPLE SET - GII SMOOTH,0,0
2025-02-05,NONSTOCK,PLYWOOD PALLETS JIM LAMINATE,18.00,3.20300,2.00000,0,P,LMORENO,,,NON-STOCK ITEMS,0,0
2025-02-06,GCSETAL9-2828,"SAMPLE SET - 9.5"" ALLORA",-1.00,150.00000,0,548705,T,ERODRIGUE8,,5,"SAMPLE SET - 9.5"" ALLORA",0,0
2025-02-06,GCSETAL9-2828,"SAMPLE SET - 9.5"" ALLORA",1.00,150.00000,0,548705,T,ERODRIGUE8,,5,"SAMPLE SET - 9.5"" ALLORA",0,0
2025-02-06,GCSETBH-2828,SAMPLE SET - BEVERLY HILLS,-1.00,179.71200,0,548775,T,JSGOMEZ9,,5,SAMPLE SET - BEVERLY HILLS,0,0
2025-02-06,GCSETBH-2828,SAMPLE SET - BEVERLY HILLS,1.00,179.71200,0,548775,T,JSGOMEZ9,,5,SAMPLE SET - BEVERLY HILLS,0,0
2025-02-06,GCSETPS-2228,SAMPLE SET - PRIVATE SELECTION,-1.00,162.56500,0,548746,T,,,5,SAMPLE SET - PRIVATE SELECTION,0,0
2025-02-06,GCSETPS-2228,SAMPLE SET - PRIVATE SELECTION,-1.00,162.56500,0,548743,T,,,5,SAMPLE SET - PRIVATE SELECTION,0,0
2025-02-06,GCSETPS-2228,SAMPLE SET - PRIVATE SELECTION,1.00,162.56500,0,548746,T,,,5,SAMPLE SET - PRIVATE SELECTION,0,0
2025-02-06,GCSETPS-2228,SAMPLE SET - PRIVATE SELECTION,1.00,162.56500,0,548743,T,,,5,SAMPLE SET - PRIVATE SELECTION,0,0
2025-02-07,GCSETCB-1724,SAMPLE SET - COMP. BUSTER,-1.00,100.48100,0,548803,T,BOREGAN5,,5,SAMPLE SET - COMP. BUSTER,0,0
2025-02-07,GCSETCB-1724,SAMPLE SET - COMP. BUSTER,1.00,100.48100,0,548803,T,BOREGAN5,,5,SAMPLE SET - COMP. BUSTER,0,0
2025-02-07,GCSETCC-1724,SAMPLE SET - CAROLINA C.,-1.00,49.25000,0,549084,T,SMORALES4,,5,SAMPLE SET - CAROLINA C.,0,0
2025-02-07,GCSETCC-1724,SAMPLE SET - CAROLINA C.,1.00,49.25000,0,549084,T,SMORALES4,,5,SAMPLE SET - CAROLINA C.,0,0
2025-02-07,GCSETEX-1724,SAMPLE SET - EXOTICS,-1.00,189.14900,0,549084,T,SMORALES4,,5,SAMPLE SET - EXOTICS,0,0
2025-02-07,GCSETEX-1724,SAMPLE SET - EXOTICS,1.00,189.14900,0,549084,T,SMORALES4,,5,SAMPLE SET - EXOTICS,0,0
2025-02-07,GCSETEX-1724,SAMPLE SET - EXOTICS,-1.00,189.14900,0,549118,T,,,5,SAMPLE SET - EXOTICS,0,0
2025-02-07,GCSETEX-1724,SAMPLE SET - EXOTICS,1.00,189.14900,0,549118,T,,,5,SAMPLE SET - EXOTICS,0,0
2025-02-07,GCSETII-1724,SAMPLE SET - GII DIST.,-1.00,190.50000,0,549084,T,SMORALES4,,5,SAMPLE SET - GII DIST.,0,0
2025-02-07,GCSETII-1724,SAMPLE SET - GII DIST.,1.00,190.50000,0,549084,T,SMORALES4,,5,SAMPLE SET - GII DIST.,0,0
2025-02-07,GCSETPS-2228,SAMPLE SET - PRIVATE SELECTION,-1.00,162.56500,0,549118,T,,,5,SAMPLE SET - PRIVATE SELECTION,0,0
2025-02-07,GCSETPS-2228,SAMPLE SET - PRIVATE SELECTION,1.00,162.56500,0,549118,T,,,5,SAMPLE SET - PRIVATE SELECTION,0,0
2025-02-07,GCSETSS-1724,SAMPLE SET - GII SMOOTH,-1.00,135.80000,0,549084,T,SMORALES4,,5,SAMPLE SET - GII SMOOTH,0,0
2025-02-07,GCSETSS-1724,SAMPLE SET - GII SMOOTH,1.00,135.80000,0,549084,T,SMORALES4,,5,SAMPLE SET - GII SMOOTH,0,0
2025-02-10,GCSETNP-2228,SAMPLE SET - NEWPORT,-1.00,146.87430,0,549673,T,,,5,SAMPLE SET - NEWPORT,0,0
2025-02-10,GCSETNP-2228,SAMPLE SET - NEWPORT,1.00,146.87430,0,549673,T,,,5,SAMPLE SET - NEWPORT,0,0
2025-02-12,GCSETPS-2228,SAMPLE SET - PRIVATE SELECTION,-1.00,162.56500,0,550223,T,,,5,SAMPLE SET - PRIVATE SELECTION,0,0
2025-02-12,GCSETPS-2228,SAMPLE SET - PRIVATE SELECTION,1.00,162.56500,0,550223,T,,,5,SAMPLE SET - PRIVATE SELECTION,0,0
2025-02-13,GCSETAL9-2828,"SAMPLE SET - 9.5"" ALLORA",-1.00,150.00000,0,550119,T,JSGOMEZ9,,5,"SAMPLE SET - 9.5"" ALLORA",0,0
2025-02-13,GCSETAL9-2828,"SAMPLE SET - 9.5"" ALLORA",1.00,150.00000,0,550119,T,JSGOMEZ9,,5,"SAMPLE SET - 9.5"" ALLORA",0,0
2025-02-13,GCSETBH-2828,SAMPLE SET - BEVERLY HILLS,-1.00,179.71200,0,550565,T,,,5,SAMPLE SET - BEVERLY HILLS,0,0
2025-02-13,GCSETBH-2828,SAMPLE SET - BEVERLY HILLS,1.00,179.71200,0,550565,T,,,5,SAMPLE SET - BEVERLY HILLS,0,0
2025-02-13,GCSETEX-1724,SAMPLE SET - EXOTICS,-1.00,193.12600,0,550624,T,,,5,SAMPLE SET - EXOTICS,0,0
2025-02-13,GCSETEX-1724,SAMPLE SET - EXOTICS,1.00,193.12600,0,550624,T,,,5,SAMPLE SET - EXOTICS,0,0
2025-02-13,GCSETGL-2828-1,SAMPLE SET - GOLD LABEL 1 OF 2,-1.00,92.79000,0,548010,T,,,5,SAMPLE SET - GOLD LABEL 1 OF 2,0,0
2025-02-13,GCSETGL-2828-1,SAMPLE SET - GOLD LABEL 1 OF 2,1.00,92.79000,0,548010,T,,,5,SAMPLE SET - GOLD LABEL 1 OF 2,0,0
2025-02-13,GCSETGL-2828-2,SAMPLE SET - GOLD LABEL 2 OF 2,-1.00,37.50000,0,548010,T,,,5,SAMPLE SET - GOLD LABEL 2 OF 2,0,0
2025-02-13,GCSETGL-2828-2,SAMPLE SET - GOLD LABEL 2 OF 2,1.00,37.50000,0,548010,T,,,5,SAMPLE SET - GOLD LABEL 2 OF 2,0,0
2025-02-13,NONSTOCK,PLYWOOD PALLET JIM LAMINATE,20.00,3.35700,2.00000,0,P,LMORENO,,,NON-STOCK ITEMS,0,0
2025-02-14,GCSETBH-2828,SAMPLE SET - BEVERLY HILLS,-1.00,179.71200,0,550759,T,,,5,SAMPLE SET - BEVERLY HILLS,0,0
2025-02-14,GCSETBH-2828,SAMPLE SET - BEVERLY HILLS,1.00,179.71200,0,550759,T,,,5,SAMPLE SET - BEVERLY HILLS,0,0
2025-02-14,GCSETGL-2828-1,SAMPLE SET - GOLD LABEL 1 OF 2,-1.00,92.79000,0,550063,T,ERODRIGUE8,,5,SAMPLE SET - GOLD LABEL 1 OF 2,0,0
2025-02-14,GCSETGL-2828-1,SAMPLE SET - GOLD LABEL 1 OF 2,1.00,92.79000,0,550063,T,ERODRIGUE8,,5,SAMPLE SET - GOLD LABEL 1 OF 2,0,0
2025-02-14,GCSETGL-2828-2,SAMPLE SET - GOLD LABEL 2 OF 2,-1.00,37.50000,0,550063,T,ERODRIGUE8,,5,SAMPLE SET - GOLD LABEL 2 OF 2,0,0
2025-02-14,GCSETGL-2828-2,SAMPLE SET - GOLD LABEL 2 OF 2,1.00,37.50000,0,550063,T,ERODRIGUE8,,5,SAMPLE SET - GOLD LABEL 2 OF 2,0,0
2025-02-14,GCSETNP-2228,SAMPLE SET - NEWPORT,-1.00,146.87430,0,550759,T,,,5,SAMPLE SET - NEWPORT,0,0
2025-02-14,GCSETNP-2228,SAMPLE SET - NEWPORT,1.00,146.87430,0,550759,T,,,5,SAMPLE SET - NEWPORT,0,0
2025-02-14,GCSETPS-2228,SAMPLE SET - PRIVATE SELECTION,-1.00,162.56500,0,550759,T,,,5,SAMPLE SET - PRIVATE SELECTION,0,0
2025-02-14,GCSETPS-2228,SAMPLE SET - PRIVATE SELECTION,1.00,162.56500,0,550759,T,,,5,SAMPLE SET - PRIVATE SELECTION,0,0
2025-02-15,NONSTOCK,PLYWOOD PALLETS JIM SPCWPC,14.00,5.50000,5.50000,0,P,LMORENO,,,NON-STOCK ITEMS,0,0
2025-02-17,GCSETBH-2828,SAMPLE SET - BEVERLY HILLS,-1.00,179.71200,0,550771,T,BOREGAN5,,5,SAMPLE SET - BEVERLY HILLS,0,0
2025-02-17,GCSETBH-2828,SAMPLE SET - BEVERLY HILLS,1.00,179.71200,0,550771,T,BOREGAN5,,5,SAMPLE SET - BEVERLY HILLS,0,0
2025-02-17,GCSETBH-2828,SAMPLE SET - BEVERLY HILLS,-1.00,179.71200,0,550325,T,BOREGAN5,,5,SAMPLE SET - BEVERLY HILLS,0,0
2025-02-17,GCSETBH-2828,SAMPLE SET - BEVERLY HILLS,1.00,179.71200,0,550325,T,BOREGAN5,,5,SAMPLE SET - BEVERLY HILLS,0,0
2025-02-17,GCSETBH-2828,SAMPLE SET - BEVERLY HILLS,-1.00,179.71200,0,550145,T,BOREGAN5,,5,SAMPLE SET - BEVERLY HILLS,0,0
2025-02-17,GCSETBH-2828,SAMPLE SET - BEVERLY HILLS,1.00,179.71200,0,550145,T,BOREGAN5,,5,SAMPLE SET - BEVERLY HILLS,0,0
2025-02-17,GCSETPS-2228,SAMPLE SET - PRIVATE SELECTION,-1.00,162.56500,0,550771,T,BOREGAN5,,5,SAMPLE SET - PRIVATE SELECTION,0,0
2025-02-17,GCSETPS-2228,SAMPLE SET - PRIVATE SELECTION,1.00,162.56500,0,550771,T,BOREGAN5,,5,SAMPLE SET - PRIVATE SELECTION,0,0
2025-02-17,GCSETPS-2228,SAMPLE SET - PRIVATE SELECTION,-1.00,162.56500,0,550325,T,BOREGAN5,,5,SAMPLE SET - PRIVATE SELECTION,0,0
2025-02-17,GCSETPS-2228,SAMPLE SET - PRIVATE SELECTION,1.00,162.56500,0,550325,T,BOREGAN5,,5,SAMPLE SET - PRIVATE SELECTION,0,0
2025-02-17,NONSTOCK,PLYWOOD PALLETS JIM SPCWPC,14.00,5.50000,5.50000,0,P,LMORENO,,,NON-STOCK ITEMS,0,0
2025-02-18,GCSETAL-2228,"SAMPLE SET - 7.5"" ALLORA",-1.00,120.00000,0,551680,T,,,5,"SAMPLE SET - 7.5"" ALLORA",0,0
2025-02-18,GCSETAL-2228,"SAMPLE SET - 7.5"" ALLORA",1.00,120.00000,0,551680,T,,,5,"SAMPLE SET - 7.5"" ALLORA",0,0
2025-02-18,GCSETAL9-2828,"SAMPLE SET - 9.5"" ALLORA",-1.00,150.00000,0,551502,T,,,5,"SAMPLE SET - 9.5"" ALLORA",0,0
2025-02-18,GCSETAL9-2828,"SAMPLE SET - 9.5"" ALLORA",1.00,150.00000,0,551502,T,,,5,"SAMPLE SET - 9.5"" ALLORA",0,0
2025-02-18,GCSETBH-2828,SAMPLE SET - BEVERLY HILLS,-1.00,179.71200,0,551680,T,,,5,SAMPLE SET - BEVERLY HILLS,0,0
2025-02-18,GCSETBH-2828,SAMPLE SET - BEVERLY HILLS,1.00,179.71200,0,551680,T,,,5,SAMPLE SET - BEVERLY HILLS,0,0
2025-02-18,GCSETNP-2228,SAMPLE SET - NEWPORT,-1.00,146.87430,0,551188,T,JSGOMEZ9,,5,SAMPLE SET - NEWPORT,0,0
2025-02-18,GCSETNP-2228,SAMPLE SET - NEWPORT,1.00,146.87430,0,551188,T,JSGOMEZ9,,5,SAMPLE SET - NEWPORT,0,0
2025-02-18,GCSETNP-2228,SAMPLE SET - NEWPORT,-1.00,146.87430,0,551502,T,,,5,SAMPLE SET - NEWPORT,0,0
2025-02-18,GCSETNP-2228,SAMPLE SET - NEWPORT,1.00,146.87430,0,551502,T,,,5,SAMPLE SET - NEWPORT,0,0
2025-02-18,GCSETPS-2228,SAMPLE SET - PRIVATE SELECTION,-1.00,162.56500,0,551680,T,,,5,SAMPLE SET - PRIVATE SELECTION,0,0
2025-02-18,GCSETPS-2228,SAMPLE SET - PRIVATE SELECTION,1.00,162.56500,0,551680,T,,,5,SAMPLE SET - PRIVATE SELECTION,0,0
2025-02-19,GCSETNP-2228,SAMPLE SET - NEWPORT,-1.00,146.87430,0,550598,T,JSGOMEZ9,,5,SAMPLE SET - NEWPORT,0,0
2025-02-19,GCSETNP-2228,SAMPLE SET - NEWPORT,1.00,146.87430,0,550598,T,JSGOMEZ9,,5,SAMPLE SET - NEWPORT,0,0
2025-02-19,NONSTOCK,PLYWOOD PALLETS SPC/WPC JIM,14.00,5.50000,5.50000,0,P,LMORENO,,,NON-STOCK ITEMS,0,0
2025-02-20,GCSETABII-2323,"SAMPLE SET - AQUABLUE II ""NEW""",-1.00,50.00000,0,493183,T,LMORENO,,5,"SAMPLE SET - AQUABLUE II ""NEW""",0,0
2025-02-20,GCSETABII-2323,"SAMPLE SET - AQUABLUE II ""NEW""",1.00,50.00000,0,493183,T,LMORENO,,5,"SAMPLE SET - AQUABLUE II ""NEW""",0,0
2025-02-20,GCSETABII-2323,"SAMPLE SET - AQUABLUE II ""NEW""",-1.00,50.00000,0,514888,T,LMORENO,,5,"SAMPLE SET - AQUABLUE II ""NEW""",0,0
2025-02-20,GCSETABII-2323,"SAMPLE SET - AQUABLUE II ""NEW""",1.00,50.00000,0,514888,T,LMORENO,,5,"SAMPLE SET - AQUABLUE II ""NEW""",0,0
2025-02-20,GCSETAL-2228,"SAMPLE SET - 7.5"" ALLORA",-1.00,120.00000,0,190,T,,,5,"SAMPLE SET - 7.5"" ALLORA",0,0
2025-02-20,GCSETAL-2228,"SAMPLE SET - 7.5"" ALLORA",1.00,120.00000,0,190,T,,,5,"SAMPLE SET - 7.5"" ALLORA",0,0
2025-02-20,GCSETCC-1724,SAMPLE SET - CAROLINA C.,-1.00,49.25000,0,495017,T,LMORENO,,5,SAMPLE SET - CAROLINA C.,0,0
2025-02-20,GCSETCC-1724,SAMPLE SET - CAROLINA C.,1.00,49.25000,0,495017,T,LMORENO,,5,SAMPLE SET - CAROLINA C.,0,0
2025-02-20,NONSTOCK,#3 PONDEROSA PINE KD HEAT TRTD,546.00,3.74000,3.74000,0,P,LMORENO,,,NON-STOCK ITEMS,0,0
2025-02-21,GCSETALHB-2828,SAMPLE SET - HERRINGBONE ALLOR,-1.00,226.33900,0,553073,T,,,5,SAMPLE SET - HERRINGBONE ALLOR,0,0
2025-02-21,GCSETALHB-2828,SAMPLE SET - HERRINGBONE ALLOR,1.00,226.33900,0,553073,T,,,5,SAMPLE SET - HERRINGBONE ALLOR,0,0
2025-02-21,GCSETAL9-2828,"SAMPLE SET - 9.5"" ALLORA",-1.00,150.00000,0,553073,T,,,5,"SAMPLE SET - 9.5"" ALLORA",0,0
2025-02-21,GCSETAL9-2828,"SAMPLE SET - 9.5"" ALLORA",1.00,150.00000,0,553073,T,,,5,"SAMPLE SET - 9.5"" ALLORA",0,0
2025-02-21,GCSETBH-2828,SAMPLE SET - BEVERLY HILLS,-2.00,179.71200,0,552844,T,JSGOMEZ9,,5,SAMPLE SET - BEVERLY HILLS,0,0
2025-02-21,GCSETBH-2828,SAMPLE SET - BEVERLY HILLS,2.00,179.71200,0,552844,T,JSGOMEZ9,,5,SAMPLE SET - BEVERLY HILLS,0,0
2025-02-21,GCSETBH-2828,SAMPLE SET - BEVERLY HILLS,-1.00,179.71200,0,552842,T,AIBARRA3,,5,SAMPLE SET - BEVERLY HILLS,0,0
2025-02-21,GCSETBH-2828,SAMPLE SET - BEVERLY HILLS,1.00,179.71200,0,552842,T,AIBARRA3,,5,SAMPLE SET - BEVERLY HILLS,0,0
2025-02-21,GCSETEX-1724,SAMPLE SET - EXOTICS,-1.00,189.14900,0,552844,T,JSGOMEZ9,,5,SAMPLE SET - EXOTICS,0,0
2025-02-21,GCSETEX-1724,SAMPLE SET - EXOTICS,1.00,189.14900,0,552844,T,JSGOMEZ9,,5,SAMPLE SET - EXOTICS,0,0
2025-02-21,GCSETII-1724,SAMPLE SET - GII DIST.,-1.00,190.50000,0,552844,T,JSGOMEZ9,,5,SAMPLE SET - GII DIST.,0,0
2025-02-21,GCSETII-1724,SAMPLE SET - GII DIST.,1.00,190.50000,0,552844,T,JSGOMEZ9,,5,SAMPLE SET - GII DIST.,0,0
2025-02-21,GCSETSS-1724,SAMPLE SET - GII SMOOTH,-1.00,135.80000,0,552844,T,JSGOMEZ9,,5,SAMPLE SET - GII SMOOTH,0,0
2025-02-21,GCSETSS-1724,SAMPLE SET - GII SMOOTH,1.00,135.80000,0,552844,T,JSGOMEZ9,,5,SAMPLE SET - GII SMOOTH,0,0
2025-02-22,GCSETAL9-2828,"SAMPLE SET - 9.5"" ALLORA",-1.00,150.00000,0,552522,T,CRAYGOZA6,,5,"SAMPLE SET - 9.5"" ALLORA",0,0
2025-02-22,GCSETAL9-2828,"SAMPLE SET - 9.5"" ALLORA",1.00,150.00000,0,552522,T,CRAYGOZA6,,5,"SAMPLE SET - 9.5"" ALLORA",0,0
2025-02-22,GCSETBH-2828,SAMPLE SET - BEVERLY HILLS,-1.00,179.71200,0,552522,T,CRAYGOZA6,,5,SAMPLE SET - BEVERLY HILLS,0,0
2025-02-22,GCSETBH-2828,SAMPLE SET - BEVERLY HILLS,1.00,179.71200,0,552522,T,CRAYGOZA6,,5,SAMPLE SET - BEVERLY HILLS,0,0
2025-02-22,GCSETBH-2828,SAMPLE SET - BEVERLY HILLS,-1.00,179.71200,0,552058,T,BOREGAN5,,5,SAMPLE SET - BEVERLY HILLS,0,0
2025-02-22,GCSETBH-2828,SAMPLE SET - BEVERLY HILLS,1.00,179.71200,0,552058,T,BOREGAN5,,5,SAMPLE SET - BEVERLY HILLS,0,0
2025-02-22,GCSETPS-2228,SAMPLE SET - PRIVATE SELECTION,-1.00,162.56500,0,552522,T,CRAYGOZA6,,5,SAMPLE SET - PRIVATE SELECTION,0,0
2025-02-22,GCSETPS-2228,SAMPLE SET - PRIVATE SELECTION,1.00,162.56500,0,552522,T,CRAYGOZA6,,5,SAMPLE SET - PRIVATE SELECTION,0,0
2025-02-24,NONSTOCK,"TWINE 10,500 LF BOX",1.00,44.00000,44.00000,0,P,LMORENO,,,NON-STOCK ITEMS,0,0
2025-02-24,NONSTOCK,SAFETY FLAGS,1.00,37.00000,37.00000,0,P,LMORENO,,,NON-STOCK ITEMS,0,0
2025-02-24,NONSTOCK,"24"" X 550' FOAM ROLL",3.00,83.00000,83.00000,0,P,LMORENO,,,NON-STOCK ITEMS,0,0
2025-02-24,NONSTOCK,"48"" X 550' FOAM ROLL",3.00,164.00000,164.00000,0,P,LMORENO,,,NON-STOCK ITEMS,0,0
2025-02-24,NONSTOCK,25' TAPE MEASURE,6.00,9.00000,9.00000,0,P,LMORENO,,,NON-STOCK ITEMS,0,0
2025-02-25,GCSETABII-2323,"SAMPLE SET - AQUABLUE II ""NEW""",-1.00,50.00000,0,553517,T,JSGOMEZ9,,5,"SAMPLE SET - AQUABLUE II ""NEW""",0,0
2025-02-25,GCSETABII-2323,"SAMPLE SET - AQUABLUE II ""NEW""",1.00,50.00000,0,553517,T,JSGOMEZ9,,5,"SAMPLE SET - AQUABLUE II ""NEW""",0,0
2025-02-25,GCSETAL9-2828,"SAMPLE SET - 9.5"" ALLORA",-1.00,150.00000,0,551803,T,,,5,"SAMPLE SET - 9.5"" ALLORA",0,0
2025-02-25,GCSETAL9-2828,"SAMPLE SET - 9.5"" ALLORA",1.00,150.00000,0,551803,T,,,5,"SAMPLE SET - 9.5"" ALLORA",0,0
2025-02-25,GCSETBH-2828,SAMPLE SET - BEVERLY HILLS,-1.00,179.71200,0,551803,T,,,5,SAMPLE SET - BEVERLY HILLS,0,0
2025-02-25,GCSETBH-2828,SAMPLE SET - BEVERLY HILLS,1.00,179.71200,0,551803,T,,,5,SAMPLE SET - BEVERLY HILLS,0,0
2025-02-25,GCSETNP-2228,SAMPLE SET - NEWPORT,-1.00,146.87430,0,553725,T,JSGOMEZ9,,5,SAMPLE SET - NEWPORT,0,0
2025-02-25,GCSETNP-2228,SAMPLE SET - NEWPORT,1.00,146.87430,0,553725,T,JSGOMEZ9,,5,SAMPLE SET - NEWPORT,0,0
2025-02-25,GCSETPS-2228,SAMPLE SET - PRIVATE SELECTION,-1.00,162.56500,0,553725,T,JSGOMEZ9,,5,SAMPLE SET - PRIVATE SELECTION,0,0
2025-02-25,GCSETPS-2228,SAMPLE SET - PRIVATE SELECTION,1.00,162.56500,0,553725,T,JSGOMEZ9,,5,SAMPLE SET - PRIVATE SELECTION,0,0
2025-02-27,GCSETAL-2228,"SAMPLE SET - 7.5"" ALLORA",-1.00,120.00000,0,553462,T,,,5,"SAMPLE SET - 7.5"" ALLORA",0,0
2025-02-27,GCSETAL-2228,"SAMPLE SET - 7.5"" ALLORA",1.00,120.00000,0,553462,T,,,5,"SAMPLE SET - 7.5"" ALLORA",0,0
2025-02-27,GCSETAL9-2828,"SAMPLE SET - 9.5"" ALLORA",50.00,150.00000,150.00000,0,P,TONY,,5,"SAMPLE SET - 9.5"" ALLORA",0,0
2025-02-27,GCSETAL9-2828,"SAMPLE SET - 9.5"" ALLORA",-50.00,150.00000,0,0,A,TONY,,5,"SAMPLE SET - 9.5"" ALLORA",0,0
2025-02-27,GCSETAL9-2828,"SAMPLE SET - 9.5"" ALLORA",50.00,560.89200,0,0,A,TONY,,5,"SAMPLE SET - 9.5"" ALLORA",0,0
2025-02-27,GCSETBH-2828,SAMPLE SET - BEVERLY HILLS,-1.00,179.71200,0,553462,T,,,5,SAMPLE SET - BEVERLY HILLS,0,0
2025-02-27,GCSETBH-2828,SAMPLE SET - BEVERLY HILLS,1.00,179.71200,0,553462,T,,,5,SAMPLE SET - BEVERLY HILLS,0,0
2025-02-27,GCSETPS-2228,SAMPLE SET - PRIVATE SELECTION,-1.00,162.56500,0,553462,T,,,5,SAMPLE SET - PRIVATE SELECTION,0,0
2025-02-27,GCSETPS-2228,SAMPLE SET - PRIVATE SELECTION,1.00,162.56500,0,553462,T,,,5,SAMPLE SET - PRIVATE SELECTION,0,0
2025-02-28,GCSETBH-2828,SAMPLE SET - BEVERLY HILLS,-1.00,179.71200,0,554118,T,BOREGAN5,,5,SAMPLE SET - BEVERLY HILLS,0,0
2025-02-28,GCSETBH-2828,SAMPLE SET - BEVERLY HILLS,1.00,179.71200,0,554118,T,BOREGAN5,,5,SAMPLE SET - BEVERLY HILLS,0,0
2025-02-28,GCSETCB-1724,SAMPLE SET - COMP. BUSTER,-1.00,100.48100,0,554141,T,BOREGAN5,,5,SAMPLE SET - COMP. BUSTER,0,0
2025-02-28,GCSETCB-1724,SAMPLE SET - COMP. BUSTER,1.00,100.48100,0,554141,T,BOREGAN5,,5,SAMPLE SET - COMP. BUSTER,0,0
2025-02-28,GCSETCB-1724,SAMPLE SET - COMP. BUSTER,-1.00,100.48100,0,554124,T,BOREGAN5,,5,SAMPLE SET - COMP. BUSTER,0,0
2025-02-28,GCSETCB-1724,SAMPLE SET - COMP. BUSTER,1.00,100.48100,0,554124,T,BOREGAN5,,5,SAMPLE SET - COMP. BUSTER,0,0
2025-02-28,GCSETCB-1724,SAMPLE SET - COMP. BUSTER,-1.00,100.48100,0,554118,T,BOREGAN5,,5,SAMPLE SET - COMP. BUSTER,0,0
2025-02-28,GCSETCB-1724,SAMPLE SET - COMP. BUSTER,1.00,100.48100,0,554118,T,BOREGAN5,,5,SAMPLE SET - COMP. BUSTER,0,0
2025-02-28,GCSETCC-1724,SAMPLE SET - CAROLINA C.,-1.00,49.25000,0,554254,T,,,5,SAMPLE SET - CAROLINA C.,0,0
2025-02-28,GCSETCC-1724,SAMPLE SET - CAROLINA C.,1.00,49.25000,0,554254,T,,,5,SAMPLE SET - CAROLINA C.,0,0
2025-02-28,GCSETEL-2323,SAMPLE SET - ELEMENTS SPC,-1.00,74.97100,0,554102,T,BOREGAN5,,5,SAMPLE SET - ELEMENTS SPC,0,0
2025-02-28,GCSETEL-2323,SAMPLE SET - ELEMENTS SPC,1.00,74.97100,0,554102,T,BOREGAN5,,5,SAMPLE SET - ELEMENTS SPC,0,0
2025-02-28,GCSETEX-1724,SAMPLE SET - EXOTICS,-1.00,189.14900,0,554254,T,,,5,SAMPLE SET - EXOTICS,0,0
2025-02-28,GCSETEX-1724,SAMPLE SET - EXOTICS,1.00,189.14900,0,554254,T,,,5,SAMPLE SET - EXOTICS,0,0
2025-02-28,GCSETII-1724,SAMPLE SET - GII DIST.,-1.00,190.50000,0,554254,T,,,5,SAMPLE SET - GII DIST.,0,0
2025-02-28,GCSETII-1724,SAMPLE SET - GII DIST.,1.00,190.50000,0,554254,T,,,5,SAMPLE SET - GII DIST.,0,0
2025-02-28,GCSETIL-2424,SAMPLE SET - ILLUMIN8,-1.00,58.44600,0,554124,T,BOREGAN5,,5,SAMPLE SET - ILLUMIN8,0,0
2025-02-28,GCSETIL-2424,SAMPLE SET - ILLUMIN8,1.00,58.44600,0,554124,T,BOREGAN5,,5,SAMPLE SET - ILLUMIN8,0,0
2025-02-28,GCSETPS-2228,SAMPLE SET - PRIVATE SELECTION,-1.00,162.56500,0,554118,T,BOREGAN5,,5,SAMPLE SET - PRIVATE SELECTION,0,0
2025-02-28,GCSETPS-2228,SAMPLE SET - PRIVATE SELECTION,1.00,162.56500,0,554118,T,BOREGAN5,,5,SAMPLE SET - PRIVATE SELECTION,0,0
2025-02-28,GCSETSS-1724,SAMPLE SET - GII SMOOTH,-1.00,135.80000,0,554254,T,,,5,SAMPLE SET - GII SMOOTH,0,0
2025-02-28,GCSETSS-1724,SAMPLE SET - GII SMOOTH,1.00,135.80000,0,554254,T,,,5,SAMPLE SET - GII SMOOTH,0,0
2025-02-28,NONSTOCK,SAFETY FLAGS 18X18 CS OF 100,1.00,37.00000,37.00000,0,P,LMORENO,,,NON-STOCK ITEMS,0,0
2025-02-28,NONSTOCK,RIPPLE CUPS CS OF 500,3.00,74.00000,74.00000,0,P,LMORENO,,,NON-STOCK ITEMS,0,0
2025-02-28,NONSTOCK,PALLET CONES - BNDL OF 50,4.00,75.00000,75.00000,0,P,LMORENO,,,NON-STOCK ITEMS,0,0
2025-02-28,NONSTOCK,12 X 7 X 5 BOXES,100.00,0.89000,0.89000,0,P,LMORENO,,,NON-STOCK ITEMS,0,0
2025-02-28,NONSTOCK,15 X 10 X 12 BOXES,100.00,1.90000,1.90000,0,P,LMORENO,,,NON-STOCK ITEMS,0,0
2025-02-28,NONSTOCK,12 X 9 X 9 BOXES,100.00,0.83000,0.83000,0,P,LMORENO,,,NON-STOCK ITEMS,0,0
2025-02-28,NONSTOCK,V-BOARD 2X2 48 .140,1.00,1159.90000,1145.00000,0,P,LMORENO,,,NON-STOCK ITEMS,0,0
2025-03-01,NONSTOCK,"STEEL STRAPPING 12"" X 0.20""",12.00,136.00000,136.00000,0,P,LMORENO,,,NON-STOCK ITEMS,0,0
2025-03-03,GCSETABII-2323,"SAMPLE SET - AQUABLUE II ""NEW""",-1.00,50.00000,0,550033,T,JRIVERA1,,5,"SAMPLE SET - AQUABLUE II ""NEW""",0,0
2025-03-03,GCSETABII-2323,"SAMPLE SET - AQUABLUE II ""NEW""",1.00,50.00000,0,550033,T,JRIVERA1,,5,"SAMPLE SET - AQUABLUE II ""NEW""",0,0
2025-03-03,GCSETCC-1724,SAMPLE SET - CAROLINA C.,-1.00,49.25000,0,555078,T,BOREGAN5,,5,SAMPLE SET - CAROLINA C.,0,0
2025-03-03,GCSETCC-1724,SAMPLE SET - CAROLINA C.,1.00,49.25000,0,555078,T,BOREGAN5,,5,SAMPLE SET - CAROLINA C.,0,0
2025-03-03,GCSETCY-2828,SAMPLE SET - CN.CREST,-1.00,128.40000,0,550033,T,JRIVERA1,,5,SAMPLE SET - CN.CREST,0,0
2025-03-03,GCSETCY-2828,SAMPLE SET - CN.CREST,1.00,128.40000,0,550033,T,JRIVERA1,,5,SAMPLE SET - CN.CREST,0,0
2025-03-03,GCSETII-1724,SAMPLE SET - GII DIST.,-1.00,190.50000,0,554673,T,BOREGAN5,,5,SAMPLE SET - GII DIST.,0,0
2025-03-03,GCSETII-1724,SAMPLE SET - GII DIST.,1.00,190.50000,0,554673,T,BOREGAN5,,5,SAMPLE SET - GII DIST.,0,0
2025-03-03,GCSETII-1724,SAMPLE SET - GII DIST.,-1.00,190.50000,0,555060,T,BOREGAN5,,5,SAMPLE SET - GII DIST.,0,0
2025-03-03,GCSETII-1724,SAMPLE SET - GII DIST.,1.00,190.50000,0,555060,T,BOREGAN5,,5,SAMPLE SET - GII DIST.,0,0
2025-03-03,GCSETVG-2828,SAMPLE SET - VILLA GIALLA,-1.00,271.84000,0,555060,T,BOREGAN5,,5,SAMPLE SET - VILLA GIALLA,0,0
2025-03-03,GCSETVG-2828,SAMPLE SET - VILLA GIALLA,1.00,271.84000,0,555060,T,BOREGAN5,,5,SAMPLE SET - VILLA GIALLA,0,0
2025-03-03,GCSETVN-2323,SAMPLE SET - VINYLNOVA,-1.00,122.00000,0,555078,T,BOREGAN5,,5,SAMPLE SET - VINYLNOVA,0,0
2025-03-03,GCSETVN-2323,SAMPLE SET - VINYLNOVA,1.00,122.00000,0,555078,T,BOREGAN5,,5,SAMPLE SET - VINYLNOVA,0,0
2025-03-03,GCSETVY-2228-A,SAMPLE SET - VINEYARD ADD-ON,-1.00,69.45000,0,550033,T,JRIVERA1,,5,SAMPLE SET - VINEYARD ADD-ON,0,0
2025-03-03,GCSETVY-2228-A,SAMPLE SET - VINEYARD ADD-ON,1.00,69.45000,0,550033,T,JRIVERA1,,5,SAMPLE SET - VINEYARD ADD-ON,0,0
2025-03-04,GCSETALHB-2828,SAMPLE SET - HERRINGBONE ALLOR,-1.00,226.33900,0,555642,T,JSGOMEZ9,,5,SAMPLE SET - HERRINGBONE ALLOR,0,0
2025-03-04,GCSETALHB-2828,SAMPLE SET - HERRINGBONE ALLOR,1.00,226.33900,0,555642,T,JSGOMEZ9,,5,SAMPLE SET - HERRINGBONE ALLOR,0,0
2025-03-04,GCSETAL9-2828,"SAMPLE SET - 9.5"" ALLORA",-1.00,150.00000,0,555642,T,JSGOMEZ9,,5,"SAMPLE SET - 9.5"" ALLORA",0,0
2025-03-04,GCSETAL9-2828,"SAMPLE SET - 9.5"" ALLORA",1.00,150.00000,0,555642,T,JSGOMEZ9,,5,"SAMPLE SET - 9.5"" ALLORA",0,0
2025-03-05,GCSETP2-2428,SAMPLE SET - PARALLELS 2.0,-2.00,14.99200,0,551240,T,LMORENO,,5,SAMPLE SET - PARALLELS 2.0,0,0
2025-03-05,GCSETP2-2428,SAMPLE SET - PARALLELS 2.0,2.00,14.99200,0,551240,T,LMORENO,,5,SAMPLE SET - PARALLELS 2.0,0,0
2025-03-05,NONSTOCK,BOX TWINE 10.5K LF,3.00,44.00000,44.00000,0,P,LMORENO,,,NON-STOCK ITEMS,0,0
2025-03-05,NONSTOCK,LARGE GLOVES,4.00,27.00000,27.00000,0,P,LMORENO,,,NON-STOCK ITEMS,0,0
2025-03-05,NONSTOCK,7.5M METRIC TAPE MEASURE,4.00,11.00000,11.00000,0,P,LMORENO,,,NON-STOCK ITEMS,0,0
2025-03-05,NONSTOCK,"TRAFFIC CONES - 28"" ORANGE",8.00,23.00000,23.00000,0,P,LMORENO,,,NON-STOCK ITEMS,0,0
2025-03-05,NONSTOCK,25' TAPE MEASURE,24.00,9.00000,9.00000,0,P,LMORENO,,,NON-STOCK ITEMS,0,0
2025-03-05,NONSTOCK,"NEW 48"" X 88"" PALLET",101.00,38.00000,38.00000,0,P,LMORENO,,,NON-STOCK ITEMS,0,0
2025-03-05,NONSTOCK,PLYWOOD PALLETS JIM SPCWPC,14.00,5.50000,5.50000,0,P,LMORENO,,,NON-STOCK ITEMS,0,0
2025-03-07,GCSETABII-2323,"SAMPLE SET - AQUABLUE II ""NEW""",-1.00,50.00000,0,555963,T,BOREGAN5,,5,"SAMPLE SET - AQUABLUE II ""NEW""",0,0
2025-03-07,GCSETABII-2323,"SAMPLE SET - AQUABLUE II ""NEW""",1.00,50.00000,0,555963,T,BOREGAN5,,5,"SAMPLE SET - AQUABLUE II ""NEW""",0,0
2025-03-07,GCSETCB-1724,SAMPLE SET - COMP. BUSTER,-4.00,100.48100,0,556000,T,BOREGAN5,,5,SAMPLE SET - COMP. BUSTER,0,0
2025-03-07,GCSETCB-1724,SAMPLE SET - COMP. BUSTER,4.00,100.48100,0,556000,T,BOREGAN5,,5,SAMPLE SET - COMP. BUSTER,0,0
2025-03-07,GCSETCB-1724,SAMPLE SET - COMP. BUSTER,-1.00,100.48100,0,555815,T,BOREGAN5,,5,SAMPLE SET - COMP. BUSTER,0,0
2025-03-07,GCSETCB-1724,SAMPLE SET - COMP. BUSTER,1.00,100.48100,0,555815,T,BOREGAN5,,5,SAMPLE SET - COMP. BUSTER,0,0
2025-03-07,NONSTOCK,PLYWOOD PALLET JIM SPCWPC,14.00,5.50000,5.50000,0,P,LMORENO,,,NON-STOCK ITEMS,0,0
2025-03-07,NONSTOCK,PLYWOOD PALLETS INTCO,18.00,32.91200,20.00000,0,P,LMORENO,,,NON-STOCK ITEMS,0,0
2025-03-07,NONSTOCK,EMPTY PLYWOOD PALLETS FOR P2.0,18.00,32.91200,20.00000,0,P,LMORENO,,,NON-STOCK ITEMS,0,0
2025-03-10,GCSETBH-2828,SAMPLE SET - BEVERLY HILLS,-1.00,179.71200,0,556830,T,SMORALES4,,5,SAMPLE SET - BEVERLY HILLS,0,0
2025-03-10,GCSETBH-2828,SAMPLE SET - BEVERLY HILLS,1.00,179.71200,0,556830,T,SMORALES4,,5,SAMPLE SET - BEVERLY HILLS,0,0
2025-03-10,GCSETCB-1724,SAMPLE SET - COMP. BUSTER,-1.00,100.48100,0,556483,T,BOREGAN5,,5,SAMPLE SET - COMP. BUSTER,0,0
2025-03-10,GCSETCB-1724,SAMPLE SET - COMP. BUSTER,1.00,100.48100,0,556483,T,BOREGAN5,,5,SAMPLE SET - COMP. BUSTER,0,0
2025-03-10,GCSETEX-1724,SAMPLE SET - EXOTICS,-1.00,189.14900,0,556970,T,BOREGAN5,,5,SAMPLE SET - EXOTICS,0,0
2025-03-10,GCSETEX-1724,SAMPLE SET - EXOTICS,1.00,189.14900,0,556970,T,BOREGAN5,,5,SAMPLE SET - EXOTICS,0,0
2025-03-10,GCSETEX-1724,SAMPLE SET - EXOTICS,-1.00,189.14900,0,556875,T,BOREGAN5,,5,SAMPLE SET - EXOTICS,0,0
2025-03-10,GCSETEX-1724,SAMPLE SET - EXOTICS,1.00,189.14900,0,556875,T,BOREGAN5,,5,SAMPLE SET - EXOTICS,0,0
2025-03-12,GCSETALHB-2828,SAMPLE SET - HERRINGBONE ALLOR,-1.00,226.33900,0,558090,T,,,5,SAMPLE SET - HERRINGBONE ALLOR,0,0
2025-03-12,GCSETALHB-2828,SAMPLE SET - HERRINGBONE ALLOR,1.00,226.33900,0,558090,T,,,5,SAMPLE SET - HERRINGBONE ALLOR,0,0
2025-03-12,GCSETAL9-2828,"SAMPLE SET - 9.5"" ALLORA",-1.00,150.00000,0,558090,T,,,5,"SAMPLE SET - 9.5"" ALLORA",0,0
2025-03-12,GCSETAL9-2828,"SAMPLE SET - 9.5"" ALLORA",1.00,150.00000,0,558090,T,,,5,"SAMPLE SET - 9.5"" ALLORA",0,0
2025-03-12,GCSETPS-2228,SAMPLE SET - PRIVATE SELECTION,-9.00,162.56500,0,557760,T,JRIVERA1,,5,SAMPLE SET - PRIVATE SELECTION,0,0
2025-03-12,GCSETPS-2228,SAMPLE SET - PRIVATE SELECTION,9.00,162.56500,0,557760,T,JRIVERA1,,5,SAMPLE SET - PRIVATE SELECTION,0,0
2025-03-12,GCSETPS-2228,SAMPLE SET - PRIVATE SELECTION,-1.00,162.56500,0,557959,T,JRIVERA1,,5,SAMPLE SET - PRIVATE SELECTION,0,0
2025-03-12,GCSETPS-2228,SAMPLE SET - PRIVATE SELECTION,1.00,162.56500,0,557959,T,JRIVERA1,,5,SAMPLE SET - PRIVATE SELECTION,0,0
2025-03-12,GCSETPS-2228,SAMPLE SET - PRIVATE SELECTION,-1.00,162.56500,0,557960,T,JRIVERA1,,5,SAMPLE SET - PRIVATE SELECTION,0,0
2025-03-12,GCSETPS-2228,SAMPLE SET - PRIVATE SELECTION,1.00,162.56500,0,557960,T,JRIVERA1,,5,SAMPLE SET - PRIVATE SELECTION,0,0
2025-03-12,NONSTOCK,PLYWOOD PALLETS JIM SPCWPC,14.00,5.50000,5.50000,0,P,LMORENO,,,NON-STOCK ITEMS,0,0
2025-03-14,GCSETAL-2228,"SAMPLE SET - 7.5"" ALLORA",-1.00,120.00000,0,558272,T,BOREGAN5,,5,"SAMPLE SET - 7.5"" ALLORA",0,0
2025-03-14,GCSETAL-2228,"SAMPLE SET - 7.5"" ALLORA",1.00,120.00000,0,558272,T,BOREGAN5,,5,"SAMPLE SET - 7.5"" ALLORA",0,0
2025-03-14,GCSETALHB-2828,SAMPLE SET - HERRINGBONE ALLOR,-1.00,226.33900,0,548440,T,,,5,SAMPLE SET - HERRINGBONE ALLOR,0,0
2025-03-14,GCSETALHB-2828,SAMPLE SET - HERRINGBONE ALLOR,1.00,226.33900,0,548440,T,,,5,SAMPLE SET - HERRINGBONE ALLOR,0,0
2025-03-14,GCSETAL9-2828,"SAMPLE SET - 9.5"" ALLORA",-1.00,150.00000,0,548440,T,,,5,"SAMPLE SET - 9.5"" ALLORA",0,0
2025-03-14,GCSETAL9-2828,"SAMPLE SET - 9.5"" ALLORA",1.00,150.00000,0,548440,T,,,5,"SAMPLE SET - 9.5"" ALLORA",0,0
2025-03-14,GCSETBH-2828,SAMPLE SET - BEVERLY HILLS,-1.00,179.71200,0,558272,T,BOREGAN5,,5,SAMPLE SET - BEVERLY HILLS,0,0
2025-03-14,GCSETBH-2828,SAMPLE SET - BEVERLY HILLS,1.00,179.71200,0,558272,T,BOREGAN5,,5,SAMPLE SET - BEVERLY HILLS,0,0
2025-03-14,GCSETBH-2828,SAMPLE SET - BEVERLY HILLS,-1.00,179.71200,0,558214,T,BOREGAN5,,5,SAMPLE SET - BEVERLY HILLS,0,0
2025-03-14,GCSETBH-2828,SAMPLE SET - BEVERLY HILLS,1.00,179.71200,0,558214,T,BOREGAN5,,5,SAMPLE SET - BEVERLY HILLS,0,0
2025-03-14,GCSETBH-2828,SAMPLE SET - BEVERLY HILLS,-1.00,179.71200,0,558335,T,JSGOMEZ9,,5,SAMPLE SET - BEVERLY HILLS,0,0
2025-03-14,GCSETBH-2828,SAMPLE SET - BEVERLY HILLS,1.00,179.71200,0,558335,T,JSGOMEZ9,,5,SAMPLE SET - BEVERLY HILLS,0,0
2025-03-14,GCSETP2-2428,SAMPLE SET - PARALLELS 2.0,-1.00,14.99200,0,558458,T,,,5,SAMPLE SET - PARALLELS 2.0,0,0
2025-03-14,GCSETP2-2428,SAMPLE SET - PARALLELS 2.0,1.00,14.99200,0,558458,T,,,5,SAMPLE SET - PARALLELS 2.0,0,0
2025-03-14,GCSETVN-2323,SAMPLE SET - VINYLNOVA,-1.00,122.00000,0,558308,T,JSGOMEZ9,,5,SAMPLE SET - VINYLNOVA,0,0
2025-03-14,GCSETVN-2323,SAMPLE SET - VINYLNOVA,1.00,122.00000,0,558308,T,JSGOMEZ9,,5,SAMPLE SET - VINYLNOVA,0,0
2025-03-17,GCSETPS-2228,SAMPLE SET - PRIVATE SELECTION,-1.00,162.56500,0,558215,T,JRIVERA1,,5,SAMPLE SET - PRIVATE SELECTION,0,0
2025-03-17,GCSETPS-2228,SAMPLE SET - PRIVATE SELECTION,1.00,162.56500,0,558215,T,JRIVERA1,,5,SAMPLE SET - PRIVATE SELECTION,0,0
2025-03-18,GCSETAL-2228,"SAMPLE SET - 7.5"" ALLORA",-1.00,120.00000,0,198,T,,,5,"SAMPLE SET - 7.5"" ALLORA",0,0
2025-03-18,GCSETAL-2228,"SAMPLE SET - 7.5"" ALLORA",1.00,120.00000,0,198,T,,,5,"SAMPLE SET - 7.5"" ALLORA",0,0
2025-03-18,GCSETBH-2828,SAMPLE SET - BEVERLY HILLS,-2.00,179.71200,0,558867,T,JSGOMEZ9,,5,SAMPLE SET - BEVERLY HILLS,0,0
2025-03-18,GCSETBH-2828,SAMPLE SET - BEVERLY HILLS,2.00,179.71200,0,558867,T,JSGOMEZ9,,5,SAMPLE SET - BEVERLY HILLS,0,0
2025-03-18,GCSETBH-2828,SAMPLE SET - BEVERLY HILLS,-1.00,179.71200,0,199,T,,,5,SAMPLE SET - BEVERLY HILLS,0,0
2025-03-18,GCSETBH-2828,SAMPLE SET - BEVERLY HILLS,1.00,179.71200,0,199,T,,,5,SAMPLE SET - BEVERLY HILLS,0,0
2025-03-18,GCSETPS-2228,SAMPLE SET - PRIVATE SELECTION,-1.00,162.56500,0,198,T,,,5,SAMPLE SET - PRIVATE SELECTION,0,0
2025-03-18,GCSETPS-2228,SAMPLE SET - PRIVATE SELECTION,1.00,162.56500,0,198,T,,,5,SAMPLE SET - PRIVATE SELECTION,0,0
2025-03-18,GCSETPS-2228,SAMPLE SET - PRIVATE SELECTION,-1.00,162.56500,0,199,T,,,5,SAMPLE SET - PRIVATE SELECTION,0,0
2025-03-18,GCSETPS-2228,SAMPLE SET - PRIVATE SELECTION,1.00,162.56500,0,199,T,,,5,SAMPLE SET - PRIVATE SELECTION,0,0
2025-03-19,GCSETGL-2828-1,SAMPLE SET - GOLD LABEL 1 OF 2,-1.00,92.79000,0,560034,T,,,5,SAMPLE SET - GOLD LABEL 1 OF 2,0,0
2025-03-19,GCSETGL-2828-1,SAMPLE SET - GOLD LABEL 1 OF 2,1.00,92.79000,0,560034,T,,,5,SAMPLE SET - GOLD LABEL 1 OF 2,0,0
2025-03-19,GCSETGL-2828-2,SAMPLE SET - GOLD LABEL 2 OF 2,-1.00,37.50000,0,560034,T,,,5,SAMPLE SET - GOLD LABEL 2 OF 2,0,0
2025-03-19,GCSETGL-2828-2,SAMPLE SET - GOLD LABEL 2 OF 2,1.00,37.50000,0,560034,T,,,5,SAMPLE SET - GOLD LABEL 2 OF 2,0,0
2025-03-20,GCSETFC-2828,SAMPLE SET - FR.CON.,-1.00,303.00000,0,560163,T,LMORENO,,5,SAMPLE SET - FR.CON.,0,0
2025-03-20,GCSETFC-2828,SAMPLE SET - FR.CON.,1.00,303.00000,0,560163,T,LMORENO,,5,SAMPLE SET - FR.CON.,0,0
2025-03-20,GCSETSS-1724,SAMPLE SET - GII SMOOTH,-1.00,135.80000,0,560163,T,LMORENO,,5,SAMPLE SET - GII SMOOTH,0,0
2025-03-20,GCSETSS-1724,SAMPLE SET - GII SMOOTH,1.00,135.80000,0,560163,T,LMORENO,,5,SAMPLE SET - GII SMOOTH,0,0
2025-03-20,GCSETVG-2828,SAMPLE SET - VILLA GIALLA,-1.00,271.84000,0,560163,T,LMORENO,,5,SAMPLE SET - VILLA GIALLA,0,0
2025-03-20,GCSETVG-2828,SAMPLE SET - VILLA GIALLA,1.00,271.84000,0,560163,T,LMORENO,,5,SAMPLE SET - VILLA GIALLA,0,0
2025-03-20,GCSETVY-2228,SAMPLE SET - VINEYARD,-1.00,109.25000,0,560163,T,LMORENO,,5,SAMPLE SET - VINEYARD,0,0
2025-03-20,GCSETVY-2228,SAMPLE SET - VINEYARD,1.00,109.25000,0,560163,T,LMORENO,,5,SAMPLE SET - VINEYARD,0,0
2025-03-20,NONSTOCK,PLYWOOD PALLETS JIM LAMINATE,18.00,3.59800,2.00000,0,P,LMORENO,,,NON-STOCK ITEMS,0,0
2025-03-21,GCSETBH-2828,SAMPLE SET - BEVERLY HILLS,-1.00,179.71200,0,560621,T,JGUTIERRE6,,5,SAMPLE SET - BEVERLY HILLS,0,0
2025-03-21,GCSETBH-2828,SAMPLE SET - BEVERLY HILLS,1.00,179.71200,0,560621,T,JGUTIERRE6,,5,SAMPLE SET - BEVERLY HILLS,0,0
2025-03-21,NONSTOCK,PLYWOOD PALLETS JIM SPCWPC,14.00,5.50000,5.50000,0,P,LMORENO,,,NON-STOCK ITEMS,0,0
2025-03-22,GCSETCB-1724,SAMPLE SET - COMP. BUSTER,-1.00,100.48100,0,559808,T,BOREGAN5,,5,SAMPLE SET - COMP. BUSTER,0,0
2025-03-22,GCSETCB-1724,SAMPLE SET - COMP. BUSTER,1.00,100.48100,0,559808,T,BOREGAN5,,5,SAMPLE SET - COMP. BUSTER,0,0
2025-03-22,GCSETEX-1724,SAMPLE SET - EXOTICS,-1.00,189.14900,0,559808,T,BOREGAN5,,5,SAMPLE SET - EXOTICS,0,0
2025-03-22,GCSETEX-1724,SAMPLE SET - EXOTICS,1.00,189.14900,0,559808,T,BOREGAN5,,5,SAMPLE SET - EXOTICS,0,0
2025-03-22,GCSETPS-2228,SAMPLE SET - PRIVATE SELECTION,-1.00,162.56500,0,558215,T,BOREGAN5,,5,SAMPLE SET - PRIVATE SELECTION,0,0
2025-03-22,GCSETPS-2228,SAMPLE SET - PRIVATE SELECTION,1.00,162.56500,0,558215,T,BOREGAN5,,5,SAMPLE SET - PRIVATE SELECTION,0,0
2025-03-22,GCSETSS-1724,SAMPLE SET - GII SMOOTH,-1.00,135.80000,0,559808,T,BOREGAN5,,5,SAMPLE SET - GII SMOOTH,0,0
2025-03-22,GCSETSS-1724,SAMPLE SET - GII SMOOTH,1.00,135.80000,0,559808,T,BOREGAN5,,5,SAMPLE SET - GII SMOOTH,0,0
2025-03-24,GCSETBH-2828,SAMPLE SET - BEVERLY HILLS,-1.00,179.71200,0,560745,T,,,5,SAMPLE SET - BEVERLY HILLS,0,0
2025-03-24,GCSETBH-2828,SAMPLE SET - BEVERLY HILLS,1.00,179.71200,0,560745,T,,,5,SAMPLE SET - BEVERLY HILLS,0,0
2025-03-24,GCSETEX-2528,SAMPLE SET - EXOTICS *OMP*,-1.00,210.88200,0,560425,T,BOREGAN5,,5,SAMPLE SET - EXOTICS *OMP*,0,0
2025-03-24,GCSETEX-2528,SAMPLE SET - EXOTICS *OMP*,1.00,210.88200,0,560425,T,BOREGAN5,,5,SAMPLE SET - EXOTICS *OMP*,0,0
2025-03-24,GCSETGL-2828-1,SAMPLE SET - GOLD LABEL 1 OF 2,-1.00,92.79000,0,560745,T,,,5,SAMPLE SET - GOLD LABEL 1 OF 2,0,0
2025-03-24,GCSETGL-2828-1,SAMPLE SET - GOLD LABEL 1 OF 2,1.00,92.79000,0,560745,T,,,5,SAMPLE SET - GOLD LABEL 1 OF 2,0,0
2025-03-24,GCSETGL-2828-2,SAMPLE SET - GOLD LABEL 2 OF 2,-1.00,37.50000,0,560745,T,,,5,SAMPLE SET - GOLD LABEL 2 OF 2,0,0
2025-03-24,GCSETGL-2828-2,SAMPLE SET - GOLD LABEL 2 OF 2,1.00,37.50000,0,560745,T,,,5,SAMPLE SET - GOLD LABEL 2 OF 2,0,0
2025-03-25,GCSETAL-2228,"SAMPLE SET - 7.5"" ALLORA",-1.00,120.00000,0,560653,T,,,5,"SAMPLE SET - 7.5"" ALLORA",0,0
2025-03-25,GCSETAL-2228,"SAMPLE SET - 7.5"" ALLORA",1.00,120.00000,0,560653,T,,,5,"SAMPLE SET - 7.5"" ALLORA",0,0
2025-03-25,GCSETBH-2828,SAMPLE SET - BEVERLY HILLS,-1.00,179.71200,0,560599,T,,,5,SAMPLE SET - BEVERLY HILLS,0,0
2025-03-25,GCSETBH-2828,SAMPLE SET - BEVERLY HILLS,-1.00,179.71200,0,560653,T,,,5,SAMPLE SET - BEVERLY HILLS,0,0
2025-03-25,GCSETBH-2828,SAMPLE SET - BEVERLY HILLS,1.00,179.71200,0,560599,T,,,5,SAMPLE SET - BEVERLY HILLS,0,0
2025-03-25,GCSETBH-2828,SAMPLE SET - BEVERLY HILLS,1.00,179.71200,0,560653,T,,,5,SAMPLE SET - BEVERLY HILLS,0,0
2025-03-25,GCSETGL-2828-1,SAMPLE SET - GOLD LABEL 1 OF 2,-1.00,92.79000,0,560653,T,,,5,SAMPLE SET - GOLD LABEL 1 OF 2,0,0
2025-03-25,GCSETGL-2828-1,SAMPLE SET - GOLD LABEL 1 OF 2,1.00,92.79000,0,560653,T,,,5,SAMPLE SET - GOLD LABEL 1 OF 2,0,0
2025-03-25,GCSETGL-2828-2,SAMPLE SET - GOLD LABEL 2 OF 2,-1.00,37.50000,0,560653,T,,,5,SAMPLE SET - GOLD LABEL 2 OF 2,0,0
2025-03-25,GCSETGL-2828-2,SAMPLE SET - GOLD LABEL 2 OF 2,1.00,37.50000,0,560653,T,,,5,SAMPLE SET - GOLD LABEL 2 OF 2,0,0
2025-03-26,GCSETAL9-2828,"SAMPLE SET - 9.5"" ALLORA",-1.00,150.00000,0,561958,T,,,5,"SAMPLE SET - 9.5"" ALLORA",0,0
2025-03-26,GCSETAL9-2828,"SAMPLE SET - 9.5"" ALLORA",1.00,150.00000,0,561958,T,,,5,"SAMPLE SET - 9.5"" ALLORA",0,0
2025-03-26,GCSETBH-2828,SAMPLE SET - BEVERLY HILLS,-1.00,179.71200,0,561958,T,,,5,SAMPLE SET - BEVERLY HILLS,0,0
2025-03-26,GCSETBH-2828,SAMPLE SET - BEVERLY HILLS,1.00,179.71200,0,561958,T,,,5,SAMPLE SET - BEVERLY HILLS,0,0
2025-03-28,GCSETBH-2828,SAMPLE SET - BEVERLY HILLS,-2.00,179.71200,0,562612,T,JSGOMEZ9,,5,SAMPLE SET - BEVERLY HILLS,0,0
2025-03-28,GCSETBH-2828,SAMPLE SET - BEVERLY HILLS,2.00,179.71200,0,562612,T,JSGOMEZ9,,5,SAMPLE SET - BEVERLY HILLS,0,0
2025-03-28,GCSETBH-2828,SAMPLE SET - BEVERLY HILLS,-1.00,179.71200,0,562277,T,JSGOMEZ9,,5,SAMPLE SET - BEVERLY HILLS,0,0
2025-03-28,GCSETBH-2828,SAMPLE SET - BEVERLY HILLS,1.00,179.71200,0,562277,T,JSGOMEZ9,,5,SAMPLE SET - BEVERLY HILLS,0,0
2025-03-28,GCSETBH-2828,SAMPLE SET - BEVERLY HILLS,-1.00,179.71200,0,562249,T,,,5,SAMPLE SET - BEVERLY HILLS,0,0
2025-03-28,GCSETBH-2828,SAMPLE SET - BEVERLY HILLS,1.00,179.71200,0,562249,T,,,5,SAMPLE SET - BEVERLY HILLS,0,0
2025-03-28,GCSETCV-1724,SAMPLE SET - C.V.,-1.00,115.46000,0,562249,T,,,5,SAMPLE SET - C.V.,0,0
2025-03-28,GCSETCV-1724,SAMPLE SET - C.V.,1.00,115.46000,0,562249,T,,,5,SAMPLE SET - C.V.,0,0
2025-03-28,GCSETEX-1724,SAMPLE SET - EXOTICS,-1.00,189.14900,0,562249,T,,,5,SAMPLE SET - EXOTICS,0,0
2025-03-28,GCSETEX-1724,SAMPLE SET - EXOTICS,1.00,189.14900,0,562249,T,,,5,SAMPLE SET - EXOTICS,0,0
2025-03-28,GCSETGL-2828-1,SAMPLE SET - GOLD LABEL 1 OF 2,-2.00,92.79000,0,562612,T,JSGOMEZ9,,5,SAMPLE SET - GOLD LABEL 1 OF 2,0,0
2025-03-28,GCSETGL-2828-1,SAMPLE SET - GOLD LABEL 1 OF 2,2.00,92.79000,0,562612,T,JSGOMEZ9,,5,SAMPLE SET - GOLD LABEL 1 OF 2,0,0
2025-03-28,GCSETGL-2828-1,SAMPLE SET - GOLD LABEL 1 OF 2,-1.00,92.79000,0,562277,T,JSGOMEZ9,,5,SAMPLE SET - GOLD LABEL 1 OF 2,0,0
2025-03-28,GCSETGL-2828-1,SAMPLE SET - GOLD LABEL 1 OF 2,1.00,92.79000,0,562277,T,JSGOMEZ9,,5,SAMPLE SET - GOLD LABEL 1 OF 2,0,0
2025-03-28,GCSETGL-2828-1,SAMPLE SET - GOLD LABEL 1 OF 2,-1.00,92.79000,0,562260,T,JSGOMEZ9,,5,SAMPLE SET - GOLD LABEL 1 OF 2,0,0
2025-03-28,GCSETGL-2828-1,SAMPLE SET - GOLD LABEL 1 OF 2,1.00,92.79000,0,562260,T,JSGOMEZ9,,5,SAMPLE SET - GOLD LABEL 1 OF 2,0,0
2025-03-28,GCSETGL-2828-2,SAMPLE SET - GOLD LABEL 2 OF 2,-2.00,37.50000,0,562612,T,JSGOMEZ9,,5,SAMPLE SET - GOLD LABEL 2 OF 2,0,0
2025-03-28,GCSETGL-2828-2,SAMPLE SET - GOLD LABEL 2 OF 2,2.00,37.50000,0,562612,T,JSGOMEZ9,,5,SAMPLE SET - GOLD LABEL 2 OF 2,0,0
2025-03-28,GCSETGL-2828-2,SAMPLE SET - GOLD LABEL 2 OF 2,-1.00,37.50000,0,562277,T,JSGOMEZ9,,5,SAMPLE SET - GOLD LABEL 2 OF 2,0,0
2025-03-28,GCSETGL-2828-2,SAMPLE SET - GOLD LABEL 2 OF 2,1.00,37.50000,0,562277,T,JSGOMEZ9,,5,SAMPLE SET - GOLD LABEL 2 OF 2,0,0
2025-03-28,GCSETGL-2828-2,SAMPLE SET - GOLD LABEL 2 OF 2,-1.00,37.50000,0,562260,T,JSGOMEZ9,,5,SAMPLE SET - GOLD LABEL 2 OF 2,0,0
2025-03-28,GCSETGL-2828-2,SAMPLE SET - GOLD LABEL 2 OF 2,1.00,37.50000,0,562260,T,JSGOMEZ9,,5,SAMPLE SET - GOLD LABEL 2 OF 2,0,0
2025-03-28,GCSETII-1724,SAMPLE SET - GII DIST.,-1.00,190.50000,0,562249,T,,,5,SAMPLE SET - GII DIST.,0,0
2025-03-28,GCSETII-1724,SAMPLE SET - GII DIST.,1.00,190.50000,0,562249,T,,,5,SAMPLE SET - GII DIST.,0,0
2025-03-28,GCSETIL-2424,SAMPLE SET - ILLUMIN8,-1.00,58.44600,0,562249,T,,,5,SAMPLE SET - ILLUMIN8,0,0
2025-03-28,GCSETIL-2424,SAMPLE SET - ILLUMIN8,1.00,58.44600,0,562249,T,,,5,SAMPLE SET - ILLUMIN8,0,0
2025-03-28,GCSETSS-1724,SAMPLE SET - GII SMOOTH,-1.00,135.80000,0,562249,T,,,5,SAMPLE SET - GII SMOOTH,0,0
2025-03-28,GCSETSS-1724,SAMPLE SET - GII SMOOTH,1.00,135.80000,0,562249,T,,,5,SAMPLE SET - GII SMOOTH,0,0
2025-03-28,GCSETVN-2323,SAMPLE SET - VINYLNOVA,-1.00,122.00000,0,562249,T,,,5,SAMPLE SET - VINYLNOVA,0,0
2025-03-28,GCSETVN-2323,SAMPLE SET - VINYLNOVA,1.00,122.00000,0,562249,T,,,5,SAMPLE SET - VINYLNOVA,0,0
2025-03-29,GCSETAL-2228,"SAMPLE SET - 7.5"" ALLORA",-1.00,120.00000,0,561403,T,BOREGAN5,,5,"SAMPLE SET - 7.5"" ALLORA",0,0
2025-03-29,GCSETAL-2228,"SAMPLE SET - 7.5"" ALLORA",1.00,120.00000,0,561403,T,BOREGAN5,,5,"SAMPLE SET - 7.5"" ALLORA",0,0
2025-03-29,GCSETGL-2828-1,SAMPLE SET - GOLD LABEL 1 OF 2,-1.00,92.79000,0,561928,T,BOREGAN5,,5,SAMPLE SET - GOLD LABEL 1 OF 2,0,0
2025-03-29,GCSETGL-2828-1,SAMPLE SET - GOLD LABEL 1 OF 2,1.00,92.79000,0,561928,T,BOREGAN5,,5,SAMPLE SET - GOLD LABEL 1 OF 2,0,0
2025-03-29,GCSETGL-2828-2,SAMPLE SET - GOLD LABEL 2 OF 2,-1.00,37.50000,0,561928,T,BOREGAN5,,5,SAMPLE SET - GOLD LABEL 2 OF 2,0,0
2025-03-29,GCSETGL-2828-2,SAMPLE SET - GOLD LABEL 2 OF 2,1.00,37.50000,0,561928,T,BOREGAN5,,5,SAMPLE SET - GOLD LABEL 2 OF 2,0,0
2025-04-01,GCSETAL9-2828,"SAMPLE SET - 9.5"" ALLORA",-1.00,560.89200,0,562443,T,,,5,"SAMPLE SET - 9.5"" ALLORA",0,0
2025-04-01,GCSETAL9-2828,"SAMPLE SET - 9.5"" ALLORA",1.00,560.89200,0,562443,T,,,5,"SAMPLE SET - 9.5"" ALLORA",0,0
2025-04-01,GCSETBH-2828,SAMPLE SET - BEVERLY HILLS,-1.00,179.71200,0,562443,T,,,5,SAMPLE SET - BEVERLY HILLS,0,0
2025-04-01,GCSETBH-2828,SAMPLE SET - BEVERLY HILLS,1.00,179.71200,0,562443,T,,,5,SAMPLE SET - BEVERLY HILLS,0,0
2025-04-01,GCSETGL-2828-1,SAMPLE SET - GOLD LABEL 1 OF 2,-1.00,92.79000,0,562443,T,,,5,SAMPLE SET - GOLD LABEL 1 OF 2,0,0
2025-04-01,GCSETGL-2828-1,SAMPLE SET - GOLD LABEL 1 OF 2,1.00,92.79000,0,562443,T,,,5,SAMPLE SET - GOLD LABEL 1 OF 2,0,0
2025-04-01,GCSETGL-2828-2,SAMPLE SET - GOLD LABEL 2 OF 2,-1.00,37.50000,0,562443,T,,,5,SAMPLE SET - GOLD LABEL 2 OF 2,0,0
2025-04-01,GCSETGL-2828-2,SAMPLE SET - GOLD LABEL 2 OF 2,1.00,37.50000,0,562443,T,,,5,SAMPLE SET - GOLD LABEL 2 OF 2,0,0
2025-04-01,GCSETNP-2228,SAMPLE SET - NEWPORT,-1.00,146.87430,0,562443,T,,,5,SAMPLE SET - NEWPORT,0,0
2025-04-01,GCSETNP-2228,SAMPLE SET - NEWPORT,1.00,146.87430,0,562443,T,,,5,SAMPLE SET - NEWPORT,0,0
2025-04-01,GCSETVN-2323,SAMPLE SET - VINYLNOVA,-1.00,122.00000,0,563572,T,,,5,SAMPLE SET - VINYLNOVA,0,0
2025-04-01,GCSETVN-2323,SAMPLE SET - VINYLNOVA,1.00,122.00000,0,563572,T,,,5,SAMPLE SET - VINYLNOVA,0,0
2025-04-01,NONSTOCK,V-BOARD 2X2 48 .140,1.00,1159.16000,1144.26000,0,P,LMORENO,,,NON-STOCK ITEMS,0,0
2025-04-01,NONSTOCK,ST STRAP 1/2X.020 BK OSC REG,24.00,134.62083,134.00000,0,P,LMORENO,,,NON-STOCK ITEMS,0,0
2025-04-03,GCSETVN-2323,SAMPLE SET - VINYLNOVA,-1.00,122.00000,0,564272,T,JGUTIERRE6,,5,SAMPLE SET - VINYLNOVA,0,0
2025-04-03,GCSETVN-2323,SAMPLE SET - VINYLNOVA,1.00,122.00000,0,564272,T,JGUTIERRE6,,5,SAMPLE SET - VINYLNOVA,0,0
2025-04-03,NONSTOCK,PLYWOOD PALLETS JIM SPCWPC,14.00,5.50000,5.50000,0,P,LMORENO,,,NON-STOCK ITEMS,0,0
2025-04-04,GCSETAL9-2828,"SAMPLE SET - 9.5"" ALLORA",-1.00,560.89200,0,564545,T,JGUTIERRE6,,5,"SAMPLE SET - 9.5"" ALLORA",0,0
2025-04-04,GCSETAL9-2828,"SAMPLE SET - 9.5"" ALLORA",1.00,560.89200,0,564545,T,JGUTIERRE6,,5,"SAMPLE SET - 9.5"" ALLORA",0,0
2025-04-04,GCSETGL-2828-1,SAMPLE SET - GOLD LABEL 1 OF 2,-1.00,92.79000,0,564545,T,JGUTIERRE6,,5,SAMPLE SET - GOLD LABEL 1 OF 2,0,0
2025-04-04,GCSETGL-2828-1,SAMPLE SET - GOLD LABEL 1 OF 2,1.00,92.79000,0,564545,T,JGUTIERRE6,,5,SAMPLE SET - GOLD LABEL 1 OF 2,0,0
2025-04-04,GCSETGL-2828-2,SAMPLE SET - GOLD LABEL 2 OF 2,-1.00,37.50000,0,564545,T,JGUTIERRE6,,5,SAMPLE SET - GOLD LABEL 2 OF 2,0,0
2025-04-04,GCSETGL-2828-2,SAMPLE SET - GOLD LABEL 2 OF 2,1.00,37.50000,0,564545,T,JGUTIERRE6,,5,SAMPLE SET - GOLD LABEL 2 OF 2,0,0
2025-04-05,GCSETCB-1724,SAMPLE SET - COMP. BUSTER,-1.00,100.48100,0,564158,T,JLEWIS5,,5,SAMPLE SET - COMP. BUSTER,0,0
2025-04-05,GCSETCB-1724,SAMPLE SET - COMP. BUSTER,1.00,100.48100,0,564158,T,JLEWIS5,,5,SAMPLE SET - COMP. BUSTER,0,0
2025-04-05,GCSETEX-1724,SAMPLE SET - EXOTICS,-1.00,189.14900,0,564158,T,JLEWIS5,,5,SAMPLE SET - EXOTICS,0,0
2025-04-05,GCSETEX-1724,SAMPLE SET - EXOTICS,1.00,189.14900,0,564158,T,JLEWIS5,,5,SAMPLE SET - EXOTICS,0,0
2025-04-07,GCSETGL-2828-1,SAMPLE SET - GOLD LABEL 1 OF 2,-1.00,92.79000,0,564916,T,JGUTIERRE6,,5,SAMPLE SET - GOLD LABEL 1 OF 2,0,0
2025-04-07,GCSETGL-2828-1,SAMPLE SET - GOLD LABEL 1 OF 2,1.00,92.79000,0,564916,T,JGUTIERRE6,,5,SAMPLE SET - GOLD LABEL 1 OF 2,0,0
2025-04-07,GCSETGL-2828-2,SAMPLE SET - GOLD LABEL 2 OF 2,-1.00,37.50000,0,564916,T,JGUTIERRE6,,5,SAMPLE SET - GOLD LABEL 2 OF 2,0,0
2025-04-07,GCSETGL-2828-2,SAMPLE SET - GOLD LABEL 2 OF 2,1.00,37.50000,0,564916,T,JGUTIERRE6,,5,SAMPLE SET - GOLD LABEL 2 OF 2,0,0
2025-04-07,GCSETVN-2323,SAMPLE SET - VINYLNOVA,-1.00,122.00000,0,564867,T,BOREGAN5,,5,SAMPLE SET - VINYLNOVA,0,0
2025-04-07,GCSETVN-2323,SAMPLE SET - VINYLNOVA,1.00,122.00000,0,564867,T,BOREGAN5,,5,SAMPLE SET - VINYLNOVA,0,0
2025-04-07,NONSTOCK,PLYWOOD PALLETS JIM SPCWPC,14.00,5.50000,5.50000,0,P,LMORENO,,,NON-STOCK ITEMS,0,0
2025-04-07,NONSTOCK,PLYWOOD PALLETS JIM SPCWPC,14.00,5.50000,5.50000,0,P,LMORENO,,,NON-STOCK ITEMS,0,0
2025-04-08,GCSETPS-2228,SAMPLE SET - PRIVATE SELECTION,55.00,72.00000,72.00000,208,P,TONY,,5,SAMPLE SET - PRIVATE SELECTION,0,0
2025-04-08,GCSETPS-2228,SAMPLE SET - PRIVATE SELECTION,-55.00,72.00000,0,0,A,TONY,,5,SAMPLE SET - PRIVATE SELECTION,0,0
2025-04-08,GCSETPS-2228,SAMPLE SET - PRIVATE SELECTION,55.00,145.14800,0,0,A,TONY,,5,SAMPLE SET - PRIVATE SELECTION,0,0
2025-04-09,GCSETBH-2828,SAMPLE SET - BEVERLY HILLS,-1.00,179.71200,0,565532,T,JSGOMEZ9,,5,SAMPLE SET - BEVERLY HILLS,0,0
2025-04-09,GCSETBH-2828,SAMPLE SET - BEVERLY HILLS,1.00,179.71200,0,565532,T,JSGOMEZ9,,5,SAMPLE SET - BEVERLY HILLS,0,0
2025-04-09,GCSETDV-2228,SAMPLE SET - DA VINCI,-21.00,148.35000,0,565731,T,JSGOMEZ9,,5,SAMPLE SET - DA VINCI,0,0
2025-04-09,GCSETDV-2228,SAMPLE SET - DA VINCI,21.00,148.35000,0,565731,T,JSGOMEZ9,,5,SAMPLE SET - DA VINCI,0,0
2025-04-09,GCSETVN-2323,SAMPLE SET - VINYLNOVA,-108.00,120.62500,0,564826,T,JSGOMEZ9,,5,SAMPLE SET - VINYLNOVA,0,0
2025-04-09,GCSETVN-2323,SAMPLE SET - VINYLNOVA,108.00,120.62500,0,564826,T,JSGOMEZ9,,5,SAMPLE SET - VINYLNOVA,0,0
2025-04-09,GCSETVN-2323,SAMPLE SET - VINYLNOVA,-20.00,122.00000,0,564826,T,JSGOMEZ9,,5,SAMPLE SET - VINYLNOVA,0,0
2025-04-09,GCSETVN-2323,SAMPLE SET - VINYLNOVA,20.00,122.00000,0,564826,T,JSGOMEZ9,,5,SAMPLE SET - VINYLNOVA,0,0
2025-04-10,GCSETALHB-2828,SAMPLE SET - HERRINGBONE ALLOR,-1.00,226.33900,0,563959,T,,,5,SAMPLE SET - HERRINGBONE ALLOR,0,0
2025-04-10,GCSETALHB-2828,SAMPLE SET - HERRINGBONE ALLOR,1.00,226.33900,0,563959,T,,,5,SAMPLE SET - HERRINGBONE ALLOR,0,0
2025-04-10,GCSETAL9-2828,"SAMPLE SET - 9.5"" ALLORA",-1.00,560.89200,0,563959,T,,,5,"SAMPLE SET - 9.5"" ALLORA",0,0
2025-04-10,GCSETAL9-2828,"SAMPLE SET - 9.5"" ALLORA",1.00,560.89200,0,563959,T,,,5,"SAMPLE SET - 9.5"" ALLORA",0,0
2025-04-10,GCSETBH-2828,SAMPLE SET - BEVERLY HILLS,-1.00,179.71200,0,563959,T,,,5,SAMPLE SET - BEVERLY HILLS,0,0
2025-04-10,GCSETBH-2828,SAMPLE SET - BEVERLY HILLS,1.00,179.71200,0,563959,T,,,5,SAMPLE SET - BEVERLY HILLS,0,0
2025-04-10,GCSETBH-2828,SAMPLE SET - BEVERLY HILLS,-1.00,179.71200,0,208,T,,,5,SAMPLE SET - BEVERLY HILLS,0,0
2025-04-10,GCSETBH-2828,SAMPLE SET - BEVERLY HILLS,1.00,179.71200,0,208,T,,,5,SAMPLE SET - BEVERLY HILLS,0,0
2025-04-10,GCSETGL-2828-1,SAMPLE SET - GOLD LABEL 1 OF 2,-1.00,92.79000,0,563959,T,,,5,SAMPLE SET - GOLD LABEL 1 OF 2,0,0
2025-04-10,GCSETGL-2828-1,SAMPLE SET - GOLD LABEL 1 OF 2,1.00,92.79000,0,563959,T,,,5,SAMPLE SET - GOLD LABEL 1 OF 2,0,0
2025-04-10,GCSETGL-2828-2,SAMPLE SET - GOLD LABEL 2 OF 2,-1.00,37.50000,0,563959,T,,,5,SAMPLE SET - GOLD LABEL 2 OF 2,0,0
2025-04-10,GCSETGL-2828-2,SAMPLE SET - GOLD LABEL 2 OF 2,1.00,37.50000,0,563959,T,,,5,SAMPLE SET - GOLD LABEL 2 OF 2,0,0
2025-04-10,GCSETPS-2228,SAMPLE SET - PRIVATE SELECTION,-1.00,145.14800,0,208,T,,,5,SAMPLE SET - PRIVATE SELECTION,0,0
2025-04-10,GCSETPS-2228,SAMPLE SET - PRIVATE SELECTION,1.00,145.14800,0,208,T,,,5,SAMPLE SET - PRIVATE SELECTION,0,0
2025-04-10,NONSTOCK,55 GALLON TRASH CAN,4.00,74.00000,74.00000,0,P,LMORENO,,,NON-STOCK ITEMS,0,0
2025-04-10,NONSTOCK,TRASH CAN DOLLY,6.00,35.00000,35.00000,0,P,LMORENO,,,NON-STOCK ITEMS,0,0
2025-04-11,GCSETAL-2228,"SAMPLE SET - 7.5"" ALLORA",-1.00,120.00000,0,566183,T,BOREGAN5,,5,"SAMPLE SET - 7.5"" ALLORA",0,0
2025-04-11,GCSETAL-2228,"SAMPLE SET - 7.5"" ALLORA",1.00,120.00000,0,566183,T,BOREGAN5,,5,"SAMPLE SET - 7.5"" ALLORA",0,0
2025-04-11,GCSETALHB-2828,SAMPLE SET - HERRINGBONE ALLOR,-1.00,226.33900,0,566183,T,BOREGAN5,,5,SAMPLE SET - HERRINGBONE ALLOR,0,0
2025-04-11,GCSETALHB-2828,SAMPLE SET - HERRINGBONE ALLOR,1.00,226.33900,0,566183,T,BOREGAN5,,5,SAMPLE SET - HERRINGBONE ALLOR,0,0
2025-04-11,GCSETBH-2828,SAMPLE SET - BEVERLY HILLS,-1.00,179.71200,0,565331,T,BOREGAN5,,5,SAMPLE SET - BEVERLY HILLS,0,0
2025-04-11,GCSETBH-2828,SAMPLE SET - BEVERLY HILLS,1.00,179.71200,0,565331,T,BOREGAN5,,5,SAMPLE SET - BEVERLY HILLS,0,0
2025-04-14,GCSETALHB-2828,SAMPLE SET - HERRINGBONE ALLOR,-1.00,226.33900,0,565837,T,ERODRIGUE8,,5,SAMPLE SET - HERRINGBONE ALLOR,0,0
2025-04-14,GCSETALHB-2828,SAMPLE SET - HERRINGBONE ALLOR,1.00,226.33900,0,565837,T,ERODRIGUE8,,5,SAMPLE SET - HERRINGBONE ALLOR,0,0
2025-04-14,GCSETAL9-2828,"SAMPLE SET - 9.5"" ALLORA",-1.00,560.89200,0,565837,T,ERODRIGUE8,,5,"SAMPLE SET - 9.5"" ALLORA",0,0
2025-04-14,GCSETAL9-2828,"SAMPLE SET - 9.5"" ALLORA",1.00,560.89200,0,565837,T,ERODRIGUE8,,5,"SAMPLE SET - 9.5"" ALLORA",0,0
2025-04-14,GCSETBH-2828,SAMPLE SET - BEVERLY HILLS,-1.00,179.71200,0,565837,T,ERODRIGUE8,,5,SAMPLE SET - BEVERLY HILLS,0,0
2025-04-14,GCSETBH-2828,SAMPLE SET - BEVERLY HILLS,1.00,179.71200,0,565837,T,ERODRIGUE8,,5,SAMPLE SET - BEVERLY HILLS,0,0
2025-04-14,GCSETBH-2828,SAMPLE SET - BEVERLY HILLS,-1.00,179.71200,0,565887,T,ERODRIGUE8,,5,SAMPLE SET - BEVERLY HILLS,0,0
2025-04-14,GCSETBH-2828,SAMPLE SET - BEVERLY HILLS,1.00,179.71200,0,565887,T,ERODRIGUE8,,5,SAMPLE SET - BEVERLY HILLS,0,0
2025-04-14,GCSETGL-2828-1,SAMPLE SET - GOLD LABEL 1 OF 2,-1.00,92.79000,0,565837,T,ERODRIGUE8,,5,SAMPLE SET - GOLD LABEL 1 OF 2,0,0
2025-04-14,GCSETGL-2828-1,SAMPLE SET - GOLD LABEL 1 OF 2,1.00,92.79000,0,565837,T,ERODRIGUE8,,5,SAMPLE SET - GOLD LABEL 1 OF 2,0,0
2025-04-14,GCSETGL-2828-1,SAMPLE SET - GOLD LABEL 1 OF 2,-1.00,92.79000,0,565887,T,ERODRIGUE8,,5,SAMPLE SET - GOLD LABEL 1 OF 2,0,0
2025-04-14,GCSETGL-2828-1,SAMPLE SET - GOLD LABEL 1 OF 2,1.00,92.79000,0,565887,T,ERODRIGUE8,,5,SAMPLE SET - GOLD LABEL 1 OF 2,0,0
2025-04-14,GCSETGL-2828-2,SAMPLE SET - GOLD LABEL 2 OF 2,-1.00,37.50000,0,565837,T,ERODRIGUE8,,5,SAMPLE SET - GOLD LABEL 2 OF 2,0,0
2025-04-14,GCSETGL-2828-2,SAMPLE SET - GOLD LABEL 2 OF 2,1.00,37.50000,0,565837,T,ERODRIGUE8,,5,SAMPLE SET - GOLD LABEL 2 OF 2,0,0
2025-04-14,GCSETGL-2828-2,SAMPLE SET - GOLD LABEL 2 OF 2,-1.00,37.50000,0,565887,T,ERODRIGUE8,,5,SAMPLE SET - GOLD LABEL 2 OF 2,0,0
2025-04-14,GCSETGL-2828-2,SAMPLE SET - GOLD LABEL 2 OF 2,1.00,37.50000,0,565887,T,ERODRIGUE8,,5,SAMPLE SET - GOLD LABEL 2 OF 2,0,0
2025-04-15,GCSETP2-2428,SAMPLE SET - PARALLELS 2.0,-1.00,14.99200,0,566927,T,,,5,SAMPLE SET - PARALLELS 2.0,0,0
2025-04-15,GCSETP2-2428,SAMPLE SET - PARALLELS 2.0,1.00,14.99200,0,566927,T,,,5,SAMPLE SET - PARALLELS 2.0,0,0
2025-04-18,NONSTOCK,MEDIUM GLOVES PK OF 12 PAIRS,3.00,27.00000,27.00000,0,P,LMORENO,,,NON-STOCK ITEMS,0,0
2025-04-18,NONSTOCK,BUBBLE LINED MAILER,4.00,46.00000,46.00000,0,P,LMORENO,,,NON-STOCK ITEMS,0,0
2025-04-18,NONSTOCK,"2"" STRAPPING TAPE",48.00,8.45000,8.45000,0,P,LMORENO,,,NON-STOCK ITEMS,0,0
2025-04-18,NONSTOCK,MANHATTAN BEACH CHIPS,1000.00,1.13800,1.00000,0,P,LMORENO,,,NON-STOCK ITEMS,0,0
2025-04-21,GCSETAL9-2828,"SAMPLE SET - 9.5"" ALLORA",-1.00,560.89200,0,568162,T,JSGOMEZ9,,5,"SAMPLE SET - 9.5"" ALLORA",0,0
2025-04-21,GCSETAL9-2828,"SAMPLE SET - 9.5"" ALLORA",1.00,560.89200,0,568162,T,JSGOMEZ9,,5,"SAMPLE SET - 9.5"" ALLORA",0,0
2025-04-21,NONSTOCK,"NEW PALLETS 48"" X 86""",50.00,38.00000,38.00000,0,P,LMORENO,,,NON-STOCK ITEMS,0,0
2025-04-22,GCSETCB-1724,SAMPLE SET - COMP. BUSTER,-1.00,100.48100,0,568377,T,JLEWIS5,,5,SAMPLE SET - COMP. BUSTER,0,0
2025-04-22,GCSETCB-1724,SAMPLE SET - COMP. BUSTER,1.00,100.48100,0,568377,T,JLEWIS5,,5,SAMPLE SET - COMP. BUSTER,0,0
2025-04-22,GCSETEX-1724,SAMPLE SET - EXOTICS,-1.00,189.14900,0,568377,T,JLEWIS5,,5,SAMPLE SET - EXOTICS,0,0
2025-04-22,GCSETEX-1724,SAMPLE SET - EXOTICS,1.00,189.14900,0,568377,T,JLEWIS5,,5,SAMPLE SET - EXOTICS,0,0
2025-04-22,GCSETII-1724,SAMPLE SET - GII DIST.,-1.00,190.50000,0,568377,T,JLEWIS5,,5,SAMPLE SET - GII DIST.,0,0
2025-04-22,GCSETII-1724,SAMPLE SET - GII DIST.,1.00,190.50000,0,568377,T,JLEWIS5,,5,SAMPLE SET - GII DIST.,0,0
2025-04-22,NONSTOCK,INDUSTRIAL STRAPPING CART,2.00,395.00000,395.00000,0,P,LMORENO,,,NON-STOCK ITEMS,0,0
2025-04-22,NONSTOCK,"36"" CONTRACTOR BROOM MEDIUM",2.00,42.00000,42.00000,0,P,LMORENO,,,NON-STOCK ITEMS,0,0
2025-04-22,NONSTOCK,"15"" DELUXE ANGLE BROOM",2.00,19.00000,19.00000,0,P,LMORENO,,,NON-STOCK ITEMS,0,0
2025-04-22,NONSTOCK,"2"" TAPE DISPENSER",3.00,12.00000,12.00000,0,P,LMORENO,,,NON-STOCK ITEMS,0,0
2025-04-23,GCSETAL9-2828,"SAMPLE SET - 9.5"" ALLORA",-1.00,560.89200,0,568519,T,,,5,"SAMPLE SET - 9.5"" ALLORA",0,0
2025-04-23,GCSETAL9-2828,"SAMPLE SET - 9.5"" ALLORA",1.00,560.89200,0,568519,T,,,5,"SAMPLE SET - 9.5"" ALLORA",0,0
2025-04-23,GCSETBH-2828,SAMPLE SET - BEVERLY HILLS,-1.00,179.71200,0,568519,T,,,5,SAMPLE SET - BEVERLY HILLS,0,0
2025-04-23,GCSETBH-2828,SAMPLE SET - BEVERLY HILLS,1.00,179.71200,0,568519,T,,,5,SAMPLE SET - BEVERLY HILLS,0,0
2025-04-23,GCSETGL-2828-1,SAMPLE SET - GOLD LABEL 1 OF 2,-1.00,92.79000,0,569348,T,JGUTIERRE6,,5,SAMPLE SET - GOLD LABEL 1 OF 2,0,0
2025-04-23,GCSETGL-2828-1,SAMPLE SET - GOLD LABEL 1 OF 2,1.00,92.79000,0,569348,T,JGUTIERRE6,,5,SAMPLE SET - GOLD LABEL 1 OF 2,0,0
2025-04-23,GCSETGL-2828-1,SAMPLE SET - GOLD LABEL 1 OF 2,-1.00,92.79000,0,568519,T,,,5,SAMPLE SET - GOLD LABEL 1 OF 2,0,0
2025-04-23,GCSETGL-2828-1,SAMPLE SET - GOLD LABEL 1 OF 2,1.00,92.79000,0,568519,T,,,5,SAMPLE SET - GOLD LABEL 1 OF 2,0,0
2025-04-23,GCSETGL-2828-2,SAMPLE SET - GOLD LABEL 2 OF 2,-1.00,37.50000,0,569348,T,JGUTIERRE6,,5,SAMPLE SET - GOLD LABEL 2 OF 2,0,0
2025-04-23,GCSETGL-2828-2,SAMPLE SET - GOLD LABEL 2 OF 2,1.00,37.50000,0,569348,T,JGUTIERRE6,,5,SAMPLE SET - GOLD LABEL 2 OF 2,0,0
2025-04-23,GCSETGL-2828-2,SAMPLE SET - GOLD LABEL 2 OF 2,-1.00,37.50000,0,568519,T,,,5,SAMPLE SET - GOLD LABEL 2 OF 2,0,0
2025-04-23,GCSETGL-2828-2,SAMPLE SET - GOLD LABEL 2 OF 2,1.00,37.50000,0,568519,T,,,5,SAMPLE SET - GOLD LABEL 2 OF 2,0,0
2025-04-23,GCSETPS-2228,SAMPLE SET - PRIVATE SELECTION,-1.00,145.14800,0,568519,T,,,5,SAMPLE SET - PRIVATE SELECTION,0,0
2025-04-23,GCSETPS-2228,SAMPLE SET - PRIVATE SELECTION,1.00,145.14800,0,568519,T,,,5,SAMPLE SET - PRIVATE SELECTION,0,0
2025-04-24,GCSETAL-2228,"SAMPLE SET - 7.5"" ALLORA",-1.00,120.00000,0,569001,T,SESCOBAR3,,5,"SAMPLE SET - 7.5"" ALLORA",0,0
2025-04-24,GCSETAL-2228,"SAMPLE SET - 7.5"" ALLORA",1.00,120.00000,0,569001,T,SESCOBAR3,,5,"SAMPLE SET - 7.5"" ALLORA",0,0
2025-04-24,GCSETAL9-2828,"SAMPLE SET - 9.5"" ALLORA",-1.00,560.89200,0,569001,T,SESCOBAR3,,5,"SAMPLE SET - 9.5"" ALLORA",0,0
2025-04-24,GCSETAL9-2828,"SAMPLE SET - 9.5"" ALLORA",1.00,560.89200,0,569001,T,SESCOBAR3,,5,"SAMPLE SET - 9.5"" ALLORA",0,0
2025-04-24,GCSETBH-2828,SAMPLE SET - BEVERLY HILLS,-1.00,179.71200,0,569001,T,SESCOBAR3,,5,SAMPLE SET - BEVERLY HILLS,0,0
2025-04-24,GCSETBH-2828,SAMPLE SET - BEVERLY HILLS,1.00,179.71200,0,569001,T,SESCOBAR3,,5,SAMPLE SET - BEVERLY HILLS,0,0
2025-04-24,GCSETBH-2828,SAMPLE SET - BEVERLY HILLS,-1.00,179.71200,0,570228,T,,,5,SAMPLE SET - BEVERLY HILLS,0,0
2025-04-24,GCSETBH-2828,SAMPLE SET - BEVERLY HILLS,1.00,179.71200,0,570228,T,,,5,SAMPLE SET - BEVERLY HILLS,0,0
2025-04-24,GCSETGL-2828-1,SAMPLE SET - GOLD LABEL 1 OF 2,-1.00,92.79000,0,569001,T,SESCOBAR3,,5,SAMPLE SET - GOLD LABEL 1 OF 2,0,0
2025-04-24,GCSETGL-2828-1,SAMPLE SET - GOLD LABEL 1 OF 2,1.00,92.79000,0,569001,T,SESCOBAR3,,5,SAMPLE SET - GOLD LABEL 1 OF 2,0,0
2025-04-24,GCSETGL-2828-2,SAMPLE SET - GOLD LABEL 2 OF 2,-1.00,37.50000,0,569001,T,SESCOBAR3,,5,SAMPLE SET - GOLD LABEL 2 OF 2,0,0
2025-04-24,GCSETGL-2828-2,SAMPLE SET - GOLD LABEL 2 OF 2,1.00,37.50000,0,569001,T,SESCOBAR3,,5,SAMPLE SET - GOLD LABEL 2 OF 2,0,0
2025-04-24,NONSTOCK,"18"" X 18"" SAFETY FLAGS",1.00,37.00000,37.00000,0,P,LMORENO,,,NON-STOCK ITEMS,0,0
2025-04-24,NONSTOCK,"24"" X 550' FOAM ROLLS",6.00,83.00000,83.00000,0,P,LMORENO,,,NON-STOCK ITEMS,0,0
2025-04-25,GCSETAL9-2828,"SAMPLE SET - 9.5"" ALLORA",-1.00,560.89200,0,570283,T,,,5,"SAMPLE SET - 9.5"" ALLORA",0,0
2025-04-25,GCSETAL9-2828,"SAMPLE SET - 9.5"" ALLORA",1.00,560.89200,0,570283,T,,,5,"SAMPLE SET - 9.5"" ALLORA",0,0
2025-04-26,GCSETCB-1724,SAMPLE SET - COMP. BUSTER,-1.00,100.48100,0,570013,T,BOREGAN5,,5,SAMPLE SET - COMP. BUSTER,0,0
2025-04-26,GCSETCB-1724,SAMPLE SET - COMP. BUSTER,1.00,100.48100,0,570013,T,BOREGAN5,,5,SAMPLE SET - COMP. BUSTER,0,0
2025-04-26,GCSETEX-1724,SAMPLE SET - EXOTICS,-1.00,189.14900,0,570013,T,BOREGAN5,,5,SAMPLE SET - EXOTICS,0,0
2025-04-26,GCSETEX-1724,SAMPLE SET - EXOTICS,1.00,189.14900,0,570013,T,BOREGAN5,,5,SAMPLE SET - EXOTICS,0,0
2025-04-26,GCSETGL-2828-1,SAMPLE SET - GOLD LABEL 1 OF 2,-1.00,92.79000,0,570047,T,BOREGAN5,,5,SAMPLE SET - GOLD LABEL 1 OF 2,0,0
2025-04-26,GCSETGL-2828-1,SAMPLE SET - GOLD LABEL 1 OF 2,1.00,92.79000,0,570047,T,BOREGAN5,,5,SAMPLE SET - GOLD LABEL 1 OF 2,0,0
2025-04-26,GCSETGL-2828-2,SAMPLE SET - GOLD LABEL 2 OF 2,-1.00,37.50000,0,570047,T,BOREGAN5,,5,SAMPLE SET - GOLD LABEL 2 OF 2,0,0
2025-04-26,GCSETGL-2828-2,SAMPLE SET - GOLD LABEL 2 OF 2,1.00,37.50000,0,570047,T,BOREGAN5,,5,SAMPLE SET - GOLD LABEL 2 OF 2,0,0
2025-04-26,GCSETVG-2828,SAMPLE SET - VILLA GIALLA,-1.00,271.84000,0,570016,T,BOREGAN5,,5,SAMPLE SET - VILLA GIALLA,0,0
2025-04-26,GCSETVG-2828,SAMPLE SET - VILLA GIALLA,1.00,271.84000,0,570016,T,BOREGAN5,,5,SAMPLE SET - VILLA GIALLA,0,0
2025-04-28,GCSETABII-2323,"SAMPLE SET - AQUABLUE II ""NEW""",104.00,50.00000,50.00000,0,P,LMORENO,,5,"SAMPLE SET - AQUABLUE II ""NEW""",0,0
2025-04-28,GCSETBH-2828,SAMPLE SET - BEVERLY HILLS,-1.00,179.71200,0,570192,T,BOREGAN5,,5,SAMPLE SET - BEVERLY HILLS,0,0
2025-04-28,GCSETBH-2828,SAMPLE SET - BEVERLY HILLS,1.00,179.71200,0,570192,T,BOREGAN5,,5,SAMPLE SET - BEVERLY HILLS,0,0
2025-04-28,NONSTOCK,PLYWOOD PALLET JIM SPCWPC,16.00,5.50000,5.50000,0,P,LMORENO,,,NON-STOCK ITEMS,0,0
2025-04-29,NONSTOCK,PLYWOOD PALLETS SPCWPC,14.00,5.50000,5.50000,0,P,LMORENO,,,NON-STOCK ITEMS,0,0
2025-04-29,NONSTOCK,PLYWOOD PALLETS SPCWPC,14.00,5.50000,5.50000,0,P,LMORENO,,,NON-STOCK ITEMS,0,0
2025-04-30,NONSTOCK,PLYWOOD PALLETS SPCWPC,14.00,5.50000,5.50000,0,P,LMORENO,,,NON-STOCK ITEMS,0,0
2025-05-01,GCSETBH-2828,SAMPLE SET - BEVERLY HILLS,-1.00,179.71200,0,571868,T,,,5,SAMPLE SET - BEVERLY HILLS,0,0
2025-05-01,GCSETBH-2828,SAMPLE SET - BEVERLY HILLS,1.00,179.71200,0,571868,T,,,5,SAMPLE SET - BEVERLY HILLS,0,0
2025-05-01,GCSETVN-2323,SAMPLE SET - VINYLNOVA,-1.00,120.62500,0,571868,T,,,5,SAMPLE SET - VINYLNOVA,0,0
2025-05-01,GCSETVN-2323,SAMPLE SET - VINYLNOVA,1.00,120.62500,0,571868,T,,,5,SAMPLE SET - VINYLNOVA,0,0
2025-05-01,NONSTOCK,PLYWOOD PALLETS JIM LAMINATE,20.00,3.47000,2.00000,0,P,LMORENO,,,NON-STOCK ITEMS,0,0
2025-05-01,NONSTOCK,PLYWOOD PALLETS JIM LAMINATE,20.00,3.47000,2.00000,0,P,LMORENO,,,NON-STOCK ITEMS,0,0
2025-05-01,NONSTOCK,PLYWOOD PALLETS JIM LAMINATE,14.00,3.47000,2.00000,0,P,LMORENO,,,NON-STOCK ITEMS,0,0
2025-05-01,NONSTOCK,PLYWOOD PALLETS JIM LAMINATE,20.00,3.47000,2.00000,0,P,LMORENO,,,NON-STOCK ITEMS,0,0
2025-05-02,GCSETAL-2228,"SAMPLE SET - 7.5"" ALLORA",50.00,120.00000,120.00000,0,P,TONY,,5,"SAMPLE SET - 7.5"" ALLORA",0,0
2025-05-02,GCSETAL-2228,"SAMPLE SET - 7.5"" ALLORA",-50.00,120.00000,0,0,A,TONY,,5,"SAMPLE SET - 7.5"" ALLORA",0,0
2025-05-02,GCSETAL-2228,"SAMPLE SET - 7.5"" ALLORA",50.00,421.99840,0,0,A,TONY,,5,"SAMPLE SET - 7.5"" ALLORA",0,0
2025-05-05,GCSETALHB-2828,SAMPLE SET - HERRINGBONE ALLOR,-1.00,226.33900,0,572357,T,JLEWIS5,,5,SAMPLE SET - HERRINGBONE ALLOR,0,0
2025-05-05,GCSETALHB-2828,SAMPLE SET - HERRINGBONE ALLOR,1.00,226.33900,0,572357,T,JLEWIS5,,5,SAMPLE SET - HERRINGBONE ALLOR,0,0
2025-05-05,NONSTOCK,ST STRAP 1/2X.020 BK OSC REG,12.00,134.33524,134.00000,0,P,LMORENO,,,NON-STOCK ITEMS,0,0
2025-05-05,NONSTOCK,HNDWRP #PB188C 18X1500 80GA,72.00,44.61133,44.50000,0,P,LMORENO,,,NON-STOCK ITEMS,0,0
2025-05-05,NONSTOCK,V-BOARD 2X2 48 .140,2418.00,0.47418,0.47300,0,P,LMORENO,,,NON-STOCK ITEMS,0,0
2025-05-05,NONSTOCK,"NEW PALLETS 48"" X 86""",54.00,35.00000,35.00000,0,P,LMORENO,,,NON-STOCK ITEMS,0,0
2025-05-06,NONSTOCK,V-BOARD 2X2 48 .140,2418.00,0.47916,0.47300,0,P,LMORENO,,,NON-STOCK ITEMS,0,0
2025-05-07,NONSTOCK,"18""X1000' 100GA STRETCH FILM",72.00,37.20694,37.00000,0,P,LMORENO,,,NON-STOCK ITEMS,0,0
2025-05-08,GCSETABII-2323,"SAMPLE SET - AQUABLUE II ""NEW""",-103.00,50.00000,0,573921,T,JRIVERA1,,5,"SAMPLE SET - AQUABLUE II ""NEW""",0,0
2025-05-08,GCSETABII-2323,"SAMPLE SET - AQUABLUE II ""NEW""",103.00,50.00000,0,573921,T,JRIVERA1,,5,"SAMPLE SET - AQUABLUE II ""NEW""",0,0
2025-05-08,NONSTOCK,"NEW PALLETS 48"" X 86""",46.00,35.00000,35.00000,0,P,LMORENO,,,NON-STOCK ITEMS,0,0
2025-05-08,NONSTOCK,PLYWOOD PALLETS,-20.00,3.47000,3.47000,0,Z,LMORENO,,,NON-STOCK ITEMS,0,0
2025-05-09,GCSETAL9-2828,"SAMPLE SET - 9.5"" ALLORA",-1.00,560.89200,0,574181,T,,,5,"SAMPLE SET - 9.5"" ALLORA",0,0
2025-05-09,GCSETAL9-2828,"SAMPLE SET - 9.5"" ALLORA",1.00,560.89200,0,574181,T,,,5,"SAMPLE SET - 9.5"" ALLORA",0,0
2025-05-09,GCSETGL-2828-1,SAMPLE SET - GOLD LABEL 1 OF 2,-1.00,92.79000,0,573329,T,BOREGAN5,,5,SAMPLE SET - GOLD LABEL 1 OF 2,0,0
2025-05-09,GCSETGL-2828-1,SAMPLE SET - GOLD LABEL 1 OF 2,1.00,92.79000,0,573329,T,BOREGAN5,,5,SAMPLE SET - GOLD LABEL 1 OF 2,0,0
2025-05-09,GCSETGL-2828-2,SAMPLE SET - GOLD LABEL 2 OF 2,-1.00,37.50000,0,573329,T,BOREGAN5,,5,SAMPLE SET - GOLD LABEL 2 OF 2,0,0
2025-05-09,GCSETGL-2828-2,SAMPLE SET - GOLD LABEL 2 OF 2,1.00,37.50000,0,573329,T,BOREGAN5,,5,SAMPLE SET - GOLD LABEL 2 OF 2,0,0
2025-05-09,GCSETPS-2228,SAMPLE SET - PRIVATE SELECTION,-1.00,145.14800,0,573958,T,BOREGAN5,,5,SAMPLE SET - PRIVATE SELECTION,0,0
2025-05-09,GCSETPS-2228,SAMPLE SET - PRIVATE SELECTION,1.00,145.14800,0,573958,T,BOREGAN5,,5,SAMPLE SET - PRIVATE SELECTION,0,0
2025-05-09,GCSETPS-2228,SAMPLE SET - PRIVATE SELECTION,-1.00,145.14800,0,573957,T,BOREGAN5,,5,SAMPLE SET - PRIVATE SELECTION,0,0
2025-05-09,GCSETPS-2228,SAMPLE SET - PRIVATE SELECTION,1.00,145.14800,0,573957,T,BOREGAN5,,5,SAMPLE SET - PRIVATE SELECTION,0,0
2025-05-09,NONSTOCK,"5.5"" PACKING LIST ENVELOPE",1.00,75.00000,75.00000,0,P,LMORENO,,,NON-STOCK ITEMS,0,0
2025-05-09,NONSTOCK,"9.5"" PACKING LIST ENVELOPE",2.00,69.00000,69.00000,0,P,LMORENO,,,NON-STOCK ITEMS,0,0
2025-05-09,NONSTOCK,PALLET CONES BNDL OF 50,4.00,75.00000,75.00000,0,P,LMORENO,,,NON-STOCK ITEMS,0,0
2025-05-09,NONSTOCK,BLUE STRETCH WRAP 80GA,8.00,23.00000,23.00000,0,P,LMORENO,,,NON-STOCK ITEMS,0,0
2025-05-09,NONSTOCK,"2"" INDUSTRIAL STRAPPING TAPE",24.00,9.45000,9.45000,0,P,LMORENO,,,NON-STOCK ITEMS,0,0
2025-05-09,NONSTOCK,"30"" X 30"" EASY FOLD BOX",60.00,7.02000,7.02000,0,P,LMORENO,,,NON-STOCK ITEMS,0,0
2025-05-12,NONSTOCK,MISTING RING,3.00,79.00000,79.00000,0,P,LMORENO,,,NON-STOCK ITEMS,0,0
2025-05-12,NONSTOCK,10OZ RIPPLE CUPS,4.00,74.00000,74.00000,0,P,LMORENO,,,NON-STOCK ITEMS,0,0
2025-05-15,GCSETPS-2228,SAMPLE SET - PRIVATE SELECTION,-1.00,145.14800,0,575860,T,JSGOMEZ9,,5,SAMPLE SET - PRIVATE SELECTION,0,0
2025-05-15,GCSETPS-2228,SAMPLE SET - PRIVATE SELECTION,1.00,145.14800,0,575860,T,JSGOMEZ9,,5,SAMPLE SET - PRIVATE SELECTION,0,0
2025-05-16,GCSETDB-2228,SAMPLE SET - DU BOIS,-1.00,131.10000,0,575923,T,BOREGAN5,,5,SAMPLE SET - DU BOIS,0,0
2025-05-16,GCSETDB-2228,SAMPLE SET - DU BOIS,1.00,131.10000,0,575923,T,BOREGAN5,,5,SAMPLE SET - DU BOIS,0,0
2025-05-16,GCSETDB-2228,SAMPLE SET - DU BOIS,-1.00,131.10000,0,575905,T,BOREGAN5,,5,SAMPLE SET - DU BOIS,0,0
2025-05-16,GCSETDB-2228,SAMPLE SET - DU BOIS,1.00,131.10000,0,575905,T,BOREGAN5,,5,SAMPLE SET - DU BOIS,0,0
2025-05-16,GCSETGL-2828-1,SAMPLE SET - GOLD LABEL 1 OF 2,-1.00,92.79000,0,575556,T,BOREGAN5,,5,SAMPLE SET - GOLD LABEL 1 OF 2,0,0
2025-05-16,GCSETGL-2828-1,SAMPLE SET - GOLD LABEL 1 OF 2,1.00,92.79000,0,575556,T,BOREGAN5,,5,SAMPLE SET - GOLD LABEL 1 OF 2,0,0
2025-05-16,GCSETGL-2828-1,SAMPLE SET - GOLD LABEL 1 OF 2,-1.00,92.79000,0,575923,T,BOREGAN5,,5,SAMPLE SET - GOLD LABEL 1 OF 2,0,0
2025-05-16,GCSETGL-2828-1,SAMPLE SET - GOLD LABEL 1 OF 2,1.00,92.79000,0,575923,T,BOREGAN5,,5,SAMPLE SET - GOLD LABEL 1 OF 2,0,0
2025-05-16,GCSETGL-2828-1,SAMPLE SET - GOLD LABEL 1 OF 2,-1.00,92.79000,0,575905,T,BOREGAN5,,5,SAMPLE SET - GOLD LABEL 1 OF 2,0,0
2025-05-16,GCSETGL-2828-1,SAMPLE SET - GOLD LABEL 1 OF 2,1.00,92.79000,0,575905,T,BOREGAN5,,5,SAMPLE SET - GOLD LABEL 1 OF 2,0,0
2025-05-16,GCSETGL-2828-2,SAMPLE SET - GOLD LABEL 2 OF 2,-1.00,37.50000,0,575556,T,BOREGAN5,,5,SAMPLE SET - GOLD LABEL 2 OF 2,0,0
2025-05-16,GCSETGL-2828-2,SAMPLE SET - GOLD LABEL 2 OF 2,1.00,37.50000,0,575556,T,BOREGAN5,,5,SAMPLE SET - GOLD LABEL 2 OF 2,0,0
2025-05-16,GCSETGL-2828-2,SAMPLE SET - GOLD LABEL 2 OF 2,-1.00,37.50000,0,575923,T,BOREGAN5,,5,SAMPLE SET - GOLD LABEL 2 OF 2,0,0
2025-05-16,GCSETGL-2828-2,SAMPLE SET - GOLD LABEL 2 OF 2,1.00,37.50000,0,575923,T,BOREGAN5,,5,SAMPLE SET - GOLD LABEL 2 OF 2,0,0
2025-05-16,GCSETGL-2828-2,SAMPLE SET - GOLD LABEL 2 OF 2,-1.00,37.50000,0,575905,T,BOREGAN5,,5,SAMPLE SET - GOLD LABEL 2 OF 2,0,0
2025-05-16,GCSETGL-2828-2,SAMPLE SET - GOLD LABEL 2 OF 2,1.00,37.50000,0,575905,T,BOREGAN5,,5,SAMPLE SET - GOLD LABEL 2 OF 2,0,0
2025-05-16,GCSETVG-2828,SAMPLE SET - VILLA GIALLA,-1.00,271.84000,0,575923,T,BOREGAN5,,5,SAMPLE SET - VILLA GIALLA,0,0
2025-05-16,GCSETVG-2828,SAMPLE SET - VILLA GIALLA,1.00,271.84000,0,575923,T,BOREGAN5,,5,SAMPLE SET - VILLA GIALLA,0,0
2025-05-16,GCSETVG-2828,SAMPLE SET - VILLA GIALLA,-1.00,271.84000,0,575905,T,BOREGAN5,,5,SAMPLE SET - VILLA GIALLA,0,0
2025-05-16,GCSETVG-2828,SAMPLE SET - VILLA GIALLA,1.00,271.84000,0,575905,T,BOREGAN5,,5,SAMPLE SET - VILLA GIALLA,0,0
2025-05-16,NONSTOCK,PLYWOOD PALLETS MERIDA,20.00,12.47400,10.00000,0,P,LMORENO,,,NON-STOCK ITEMS,0,0
2025-05-16,NONSTOCK,PLYWOOD PALLETS MERIDA,20.00,12.47400,10.00000,0,P,LMORENO,,,NON-STOCK ITEMS,0,0
2025-05-19,GCSETBH-2828,SAMPLE SET - BEVERLY HILLS,-1.00,179.71200,0,576436,T,JLEWIS5,,5,SAMPLE SET - BEVERLY HILLS,0,0
2025-05-19,GCSETBH-2828,SAMPLE SET - BEVERLY HILLS,1.00,179.71200,0,576436,T,JLEWIS5,,5,SAMPLE SET - BEVERLY HILLS,0,0
2025-05-19,GCSETBH-2828,SAMPLE SET - BEVERLY HILLS,-1.00,179.71200,0,576470,T,BOREGAN5,,5,SAMPLE SET - BEVERLY HILLS,0,0
2025-05-19,GCSETBH-2828,SAMPLE SET - BEVERLY HILLS,1.00,179.71200,0,576470,T,BOREGAN5,,5,SAMPLE SET - BEVERLY HILLS,0,0
2025-05-19,GCSETGL-2828-1,SAMPLE SET - GOLD LABEL 1 OF 2,-1.00,92.79000,0,576601,T,JSGOMEZ9,,5,SAMPLE SET - GOLD LABEL 1 OF 2,0,0
2025-05-19,GCSETGL-2828-1,SAMPLE SET - GOLD LABEL 1 OF 2,1.00,92.79000,0,576601,T,JSGOMEZ9,,5,SAMPLE SET - GOLD LABEL 1 OF 2,0,0
2025-05-19,GCSETGL-2828-2,SAMPLE SET - GOLD LABEL 2 OF 2,-1.00,37.50000,0,576601,T,JSGOMEZ9,,5,SAMPLE SET - GOLD LABEL 2 OF 2,0,0
2025-05-19,GCSETGL-2828-2,SAMPLE SET - GOLD LABEL 2 OF 2,1.00,37.50000,0,576601,T,JSGOMEZ9,,5,SAMPLE SET - GOLD LABEL 2 OF 2,0,0
2025-05-19,GCSETIL-2424,SAMPLE SET - ILLUMIN8,-1.00,58.44600,0,576597,T,JSGOMEZ9,,5,SAMPLE SET - ILLUMIN8,0,0
2025-05-19,GCSETIL-2424,SAMPLE SET - ILLUMIN8,1.00,58.44600,0,576597,T,JSGOMEZ9,,5,SAMPLE SET - ILLUMIN8,0,0
2025-05-19,GCSETIL-2424,SAMPLE SET - ILLUMIN8,-1.00,58.44600,0,575909,T,JSGOMEZ9,,5,SAMPLE SET - ILLUMIN8,0,0
2025-05-19,GCSETIL-2424,SAMPLE SET - ILLUMIN8,1.00,58.44600,0,575909,T,JSGOMEZ9,,5,SAMPLE SET - ILLUMIN8,0,0
2025-05-19,GCSETIL-2424,SAMPLE SET - ILLUMIN8,-1.00,58.44600,0,576278,T,JLEWIS5,,5,SAMPLE SET - ILLUMIN8,0,0
2025-05-19,GCSETIL-2424,SAMPLE SET - ILLUMIN8,1.00,58.44600,0,576278,T,JLEWIS5,,5,SAMPLE SET - ILLUMIN8,0,0
2025-05-19,GCSETPS-2228,SAMPLE SET - PRIVATE SELECTION,-1.00,145.14800,0,576601,T,JSGOMEZ9,,5,SAMPLE SET - PRIVATE SELECTION,0,0
2025-05-19,GCSETPS-2228,SAMPLE SET - PRIVATE SELECTION,1.00,145.14800,0,576601,T,JSGOMEZ9,,5,SAMPLE SET - PRIVATE SELECTION,0,0
2025-05-19,GCSETPS-2228,SAMPLE SET - PRIVATE SELECTION,-1.00,145.14800,0,576470,T,BOREGAN5,,5,SAMPLE SET - PRIVATE SELECTION,0,0
2025-05-19,GCSETPS-2228,SAMPLE SET - PRIVATE SELECTION,1.00,145.14800,0,576470,T,BOREGAN5,,5,SAMPLE SET - PRIVATE SELECTION,0,0
2025-05-20,GCSETAL-2228,"SAMPLE SET - 7.5"" ALLORA",-1.00,120.00000,0,577142,T,AIBARRA3,,5,"SAMPLE SET - 7.5"" ALLORA",0,0
2025-05-20,GCSETAL-2228,"SAMPLE SET - 7.5"" ALLORA",1.00,120.00000,0,577142,T,AIBARRA3,,5,"SAMPLE SET - 7.5"" ALLORA",0,0
2025-05-20,GCSETAL9-2828,"SAMPLE SET - 9.5"" ALLORA",-1.00,560.89200,0,577142,T,AIBARRA3,,5,"SAMPLE SET - 9.5"" ALLORA",0,0
2025-05-20,GCSETAL9-2828,"SAMPLE SET - 9.5"" ALLORA",1.00,560.89200,0,577142,T,AIBARRA3,,5,"SAMPLE SET - 9.5"" ALLORA",0,0
2025-05-21,NONSTOCK,HEAVY DUTY VINYL BANNER,10.00,25.10000,9.80000,0,P,LMORENO,,,NON-STOCK ITEMS,0,0
2025-05-22,GCSETAL9-2828,"SAMPLE SET - 9.5"" ALLORA",-1.00,560.89200,0,577886,T,ERODRIGUE8,,5,"SAMPLE SET - 9.5"" ALLORA",0,0
2025-05-22,GCSETAL9-2828,"SAMPLE SET - 9.5"" ALLORA",1.00,560.89200,0,577886,T,ERODRIGUE8,,5,"SAMPLE SET - 9.5"" ALLORA",0,0
2025-05-22,GCSETAL9-2828,"SAMPLE SET - 9.5"" ALLORA",-1.00,560.89200,0,572498,T,,,5,"SAMPLE SET - 9.5"" ALLORA",0,0
2025-05-22,GCSETAL9-2828,"SAMPLE SET - 9.5"" ALLORA",1.00,560.89200,0,572498,T,,,5,"SAMPLE SET - 9.5"" ALLORA",0,0
2025-05-22,GCSETAL9-2828,"SAMPLE SET - 9.5"" ALLORA",-1.00,560.89200,0,577781,T,,,5,"SAMPLE SET - 9.5"" ALLORA",0,0
2025-05-22,GCSETAL9-2828,"SAMPLE SET - 9.5"" ALLORA",1.00,560.89200,0,577781,T,,,5,"SAMPLE SET - 9.5"" ALLORA",0,0
2025-05-22,GCSETBH-2828,SAMPLE SET - BEVERLY HILLS,-1.00,179.71200,0,577781,T,,,5,SAMPLE SET - BEVERLY HILLS,0,0
2025-05-22,GCSETBH-2828,SAMPLE SET - BEVERLY HILLS,1.00,179.71200,0,577781,T,,,5,SAMPLE SET - BEVERLY HILLS,0,0
2025-05-22,GCSETGL-2828-1,SAMPLE SET - GOLD LABEL 1 OF 2,-1.00,92.79000,0,577781,T,,,5,SAMPLE SET - GOLD LABEL 1 OF 2,0,0
2025-05-22,GCSETGL-2828-1,SAMPLE SET - GOLD LABEL 1 OF 2,1.00,92.79000,0,577781,T,,,5,SAMPLE SET - GOLD LABEL 1 OF 2,0,0
2025-05-22,GCSETGL-2828-2,SAMPLE SET - GOLD LABEL 2 OF 2,-1.00,37.50000,0,577781,T,,,5,SAMPLE SET - GOLD LABEL 2 OF 2,0,0
2025-05-22,GCSETGL-2828-2,SAMPLE SET - GOLD LABEL 2 OF 2,1.00,37.50000,0,577781,T,,,5,SAMPLE SET - GOLD LABEL 2 OF 2,0,0
2025-05-22,NONSTOCK,"8""ID X 95""OL-.125 TUBE",100.00,14.98153,11.84000,0,P,LMORENO,,,NON-STOCK ITEMS,0,0
2025-05-22,NONSTOCK,"4""ID X 95""OL-.125 TUBE",180.00,9.69248,7.66000,0,P,LMORENO,,,NON-STOCK ITEMS,0,0
2025-05-23,GCSETAL9-2828,"SAMPLE SET - 9.5"" ALLORA",-1.00,560.89200,0,576552,T,,,5,"SAMPLE SET - 9.5"" ALLORA",0,0
2025-05-23,GCSETAL9-2828,"SAMPLE SET - 9.5"" ALLORA",1.00,560.89200,0,576552,T,,,5,"SAMPLE SET - 9.5"" ALLORA",0,0
2025-05-23,GCSETGL-2828-1,SAMPLE SET - GOLD LABEL 1 OF 2,-1.00,92.79000,0,576552,T,,,5,SAMPLE SET - GOLD LABEL 1 OF 2,0,0
2025-05-23,GCSETGL-2828-1,SAMPLE SET - GOLD LABEL 1 OF 2,1.00,92.79000,0,576552,T,,,5,SAMPLE SET - GOLD LABEL 1 OF 2,0,0
2025-05-23,GCSETGL-2828-2,SAMPLE SET - GOLD LABEL 2 OF 2,-1.00,37.50000,0,576552,T,,,5,SAMPLE SET - GOLD LABEL 2 OF 2,0,0
2025-05-23,GCSETGL-2828-2,SAMPLE SET - GOLD LABEL 2 OF 2,1.00,37.50000,0,576552,T,,,5,SAMPLE SET - GOLD LABEL 2 OF 2,0,0
2025-05-27,GCSETBH-2828,SAMPLE SET - BEVERLY HILLS,-1.00,179.71200,0,577521,T,BOREGAN5,,5,SAMPLE SET - BEVERLY HILLS,0,0
2025-05-27,GCSETBH-2828,SAMPLE SET - BEVERLY HILLS,1.00,179.71200,0,577521,T,BOREGAN5,,5,SAMPLE SET - BEVERLY HILLS,0,0
2025-05-27,GCSETPS-2228,SAMPLE SET - PRIVATE SELECTION,-1.00,145.14800,0,577301,T,BOREGAN5,,5,SAMPLE SET - PRIVATE SELECTION,0,0
2025-05-27,GCSETPS-2228,SAMPLE SET - PRIVATE SELECTION,1.00,145.14800,0,577301,T,BOREGAN5,,5,SAMPLE SET - PRIVATE SELECTION,0,0
2025-05-28,GCSETCB-1724,SAMPLE SET - COMP. BUSTER,-1.00,100.48100,0,578176,T,BOREGAN5,,5,SAMPLE SET - COMP. BUSTER,0,0
2025-05-28,GCSETCB-1724,SAMPLE SET - COMP. BUSTER,1.00,100.48100,0,578176,T,BOREGAN5,,5,SAMPLE SET - COMP. BUSTER,0,0
2025-05-28,GCSETCB-1724,SAMPLE SET - COMP. BUSTER,-1.00,100.48100,0,578179,T,BOREGAN5,,5,SAMPLE SET - COMP. BUSTER,0,0
2025-05-28,GCSETCB-1724,SAMPLE SET - COMP. BUSTER,1.00,100.48100,0,578179,T,BOREGAN5,,5,SAMPLE SET - COMP. BUSTER,0,0
2025-05-28,GCSETCB-1724,SAMPLE SET - COMP. BUSTER,-1.00,100.48100,0,578185,T,BOREGAN5,,5,SAMPLE SET - COMP. BUSTER,0,0
2025-05-28,GCSETCB-1724,SAMPLE SET - COMP. BUSTER,1.00,100.48100,0,578185,T,BOREGAN5,,5,SAMPLE SET - COMP. BUSTER,0,0
2025-05-28,GCSETCC-1724,SAMPLE SET - CAROLINA C.,-1.00,49.25000,0,579337,T,JRIVERA1,,5,SAMPLE SET - CAROLINA C.,0,0
2025-05-28,GCSETCC-1724,SAMPLE SET - CAROLINA C.,1.00,49.25000,0,579337,T,JRIVERA1,,5,SAMPLE SET - CAROLINA C.,0,0
2025-05-28,GCSETCV-1724,SAMPLE SET - C.V.,-1.00,115.46000,0,579337,T,JRIVERA1,,5,SAMPLE SET - C.V.,0,0
2025-05-28,GCSETCV-1724,SAMPLE SET - C.V.,1.00,115.46000,0,579337,T,JRIVERA1,,5,SAMPLE SET - C.V.,0,0
2025-05-28,GCSETEX-1724,SAMPLE SET - EXOTICS,-1.00,189.14900,0,578176,T,BOREGAN5,,5,SAMPLE SET - EXOTICS,0,0
2025-05-28,GCSETEX-1724,SAMPLE SET - EXOTICS,1.00,189.14900,0,578176,T,BOREGAN5,,5,SAMPLE SET - EXOTICS,0,0
2025-05-28,GCSETSS-1724,SAMPLE SET - GII SMOOTH,-1.00,135.80000,0,578176,T,BOREGAN5,,5,SAMPLE SET - GII SMOOTH,0,0
2025-05-28,GCSETSS-1724,SAMPLE SET - GII SMOOTH,1.00,135.80000,0,578176,T,BOREGAN5,,5,SAMPLE SET - GII SMOOTH,0,0
2025-05-29,GCSETALHB-2828,SAMPLE SET - HERRINGBONE ALLOR,-1.00,226.33900,0,579372,T,,,5,SAMPLE SET - HERRINGBONE ALLOR,0,0
2025-05-29,GCSETALHB-2828,SAMPLE SET - HERRINGBONE ALLOR,1.00,226.33900,0,579372,T,,,5,SAMPLE SET - HERRINGBONE ALLOR,0,0
2025-05-29,GCSETAL9-2828,"SAMPLE SET - 9.5"" ALLORA",-1.00,560.89200,0,579372,T,,,5,"SAMPLE SET - 9.5"" ALLORA",0,0
2025-05-29,GCSETAL9-2828,"SAMPLE SET - 9.5"" ALLORA",1.00,560.89200,0,579372,T,,,5,"SAMPLE SET - 9.5"" ALLORA",0,0
2025-05-29,NONSTOCK,"8"" WHITE PLASTIC PLUG",200.00,0,0,0,P,LMORENO,,,NON-STOCK ITEMS,0,0
2025-05-29,NONSTOCK,"4"" WHITE PLASTIC PLUG",360.00,0,0,0,P,LMORENO,,,NON-STOCK ITEMS,0,0
2025-05-30,GCSETCB-1724,SAMPLE SET - COMP. BUSTER,-1.00,100.48100,0,579339,T,BOREGAN5,,5,SAMPLE SET - COMP. BUSTER,0,0
2025-05-30,GCSETCB-1724,SAMPLE SET - COMP. BUSTER,1.00,100.48100,0,579339,T,BOREGAN5,,5,SAMPLE SET - COMP. BUSTER,0,0
2025-05-30,GCSETCB-1724,SAMPLE SET - COMP. BUSTER,-1.00,100.48100,0,579244,T,,,5,SAMPLE SET - COMP. BUSTER,0,0
2025-05-30,GCSETCB-1724,SAMPLE SET - COMP. BUSTER,1.00,100.48100,0,579244,T,,,5,SAMPLE SET - COMP. BUSTER,0,0
2025-05-30,GCSETCV-1724,SAMPLE SET - C.V.,-1.00,115.46000,0,579337,T,BOREGAN5,,5,SAMPLE SET - C.V.,0,0
2025-05-30,GCSETCV-1724,SAMPLE SET - C.V.,1.00,115.46000,0,579337,T,BOREGAN5,,5,SAMPLE SET - C.V.,0,0
2025-05-30,GCSETCV-1724,SAMPLE SET - C.V.,-1.00,115.46000,0,579244,T,,,5,SAMPLE SET - C.V.,0,0
2025-05-30,GCSETCV-1724,SAMPLE SET - C.V.,1.00,115.46000,0,579244,T,,,5,SAMPLE SET - C.V.,0,0
2025-05-30,GCSETEX-1724,SAMPLE SET - EXOTICS,-1.00,189.14900,0,579339,T,BOREGAN5,,5,SAMPLE SET - EXOTICS,0,0
2025-05-30,GCSETEX-1724,SAMPLE SET - EXOTICS,1.00,189.14900,0,579339,T,BOREGAN5,,5,SAMPLE SET - EXOTICS,0,0
2025-05-30,GCSETEX-1724,SAMPLE SET - EXOTICS,-1.00,189.14900,0,579244,T,,,5,SAMPLE SET - EXOTICS,0,0
2025-05-30,GCSETEX-1724,SAMPLE SET - EXOTICS,1.00,189.14900,0,579244,T,,,5,SAMPLE SET - EXOTICS,0,0
2025-06-02,GCSETAL-2228,"SAMPLE SET - 7.5"" ALLORA",-1.00,120.00000,0,580145,T,ERODRIGUE8,,5,"SAMPLE SET - 7.5"" ALLORA",0,0
2025-06-02,GCSETAL-2228,"SAMPLE SET - 7.5"" ALLORA",1.00,120.00000,0,580145,T,ERODRIGUE8,,5,"SAMPLE SET - 7.5"" ALLORA",0,0
2025-06-02,GCSETCB-1724,SAMPLE SET - COMP. BUSTER,-1.00,100.48100,0,579753,T,BOREGAN5,,5,SAMPLE SET - COMP. BUSTER,0,0
2025-06-02,GCSETCB-1724,SAMPLE SET - COMP. BUSTER,1.00,100.48100,0,579753,T,BOREGAN5,,5,SAMPLE SET - COMP. BUSTER,0,0
2025-06-02,GCSETCB-1724,SAMPLE SET - COMP. BUSTER,-1.00,100.48100,0,579902,T,BOREGAN5,,5,SAMPLE SET - COMP. BUSTER,0,0
2025-06-02,GCSETCB-1724,SAMPLE SET - COMP. BUSTER,1.00,100.48100,0,579902,T,BOREGAN5,,5,SAMPLE SET - COMP. BUSTER,0,0
2025-06-02,GCSETGL-2828-1,SAMPLE SET - GOLD LABEL 1 OF 2,-1.00,92.79000,0,579870,T,BOREGAN5,,5,SAMPLE SET - GOLD LABEL 1 OF 2,0,0
2025-06-02,GCSETGL-2828-1,SAMPLE SET - GOLD LABEL 1 OF 2,1.00,92.79000,0,579870,T,BOREGAN5,,5,SAMPLE SET - GOLD LABEL 1 OF 2,0,0
2025-06-02,GCSETGL-2828-1,SAMPLE SET - GOLD LABEL 1 OF 2,-1.00,92.79000,0,579755,T,BOREGAN5,,5,SAMPLE SET - GOLD LABEL 1 OF 2,0,0
2025-06-02,GCSETGL-2828-1,SAMPLE SET - GOLD LABEL 1 OF 2,1.00,92.79000,0,579755,T,BOREGAN5,,5,SAMPLE SET - GOLD LABEL 1 OF 2,0,0
2025-06-02,GCSETGL-2828-2,SAMPLE SET - GOLD LABEL 2 OF 2,-1.00,37.50000,0,579870,T,BOREGAN5,,5,SAMPLE SET - GOLD LABEL 2 OF 2,0,0
2025-06-02,GCSETGL-2828-2,SAMPLE SET - GOLD LABEL 2 OF 2,1.00,37.50000,0,579870,T,BOREGAN5,,5,SAMPLE SET - GOLD LABEL 2 OF 2,0,0
2025-06-02,GCSETGL-2828-2,SAMPLE SET - GOLD LABEL 2 OF 2,-1.00,37.50000,0,579755,T,BOREGAN5,,5,SAMPLE SET - GOLD LABEL 2 OF 2,0,0
2025-06-02,GCSETGL-2828-2,SAMPLE SET - GOLD LABEL 2 OF 2,1.00,37.50000,0,579755,T,BOREGAN5,,5,SAMPLE SET - GOLD LABEL 2 OF 2,0,0
2025-06-02,NONSTOCK,"9.5"" X 14.5"" BUBBLE MAILERS",1.00,48.00000,48.00000,0,P,LMORENO,,,NON-STOCK ITEMS,0,0
2025-06-02,NONSTOCK,"48"" X 550' PERF FORM ROLL",3.00,164.00000,164.00000,0,P,LMORENO,,,NON-STOCK ITEMS,0,0
2025-06-02,NONSTOCK,"DELUXE GRIPPER SEALER 5/8""",5.00,250.00000,250.00000,0,P,LMORENO,,,NON-STOCK ITEMS,0,0
2025-06-02,NONSTOCK,"24"" X 550' PERF FOAM ROLL",6.00,83.00000,83.00000,0,P,LMORENO,,,NON-STOCK ITEMS,0,0
2025-06-02,NONSTOCK,PLYWOOD PALLETS LAMINATE,20.00,3.76700,2.00000,0,P,LMORENO,,,NON-STOCK ITEMS,0,0
2025-06-02,NONSTOCK,PLYWOOD PALLETS LAMINATE,20.00,3.76700,2.00000,0,P,LMORENO,,,NON-STOCK ITEMS,0,0
2025-06-02,NONSTOCK,PLYWOOD PALLETS LAMINATE,20.00,3.76700,2.00000,0,P,LMORENO,,,NON-STOCK ITEMS,0,0
2025-06-02,NONSTOCK,RESTROOM SIGN,5.00,2.20000,2.20000,0,P,LMORENO,,,NON-STOCK ITEMS,0,0
2025-06-02,NONSTOCK,WILL CALL SIGN,5.00,2.20000,2.20000,0,P,LMORENO,,,NON-STOCK ITEMS,0,0
2025-06-02,NONSTOCK,NO SKY ZONE SIGN,10.00,2.20000,2.20000,0,P,LMORENO,,,NON-STOCK ITEMS,0,0
2025-06-02,NONSTOCK,SHOWROOM SIGN,20.00,2.20000,2.20000,0,P,LMORENO,,,NON-STOCK ITEMS,0,0
2025-06-02,NONSTOCK,NO DUMPING SIGN,20.00,2.20000,2.20000,0,P,LMORENO,,,NON-STOCK ITEMS,0,0
2025-06-02,NONSTOCK,HEAD-IN PARKING SIGN,25.00,2.20000,2.20000,0,P,LMORENO,,,NON-STOCK ITEMS,0,0
2025-06-02,NONSTOCK,HOURS SIGN,35.00,2.20000,2.20000,0,P,LMORENO,,,NON-STOCK ITEMS,0,0
2025-06-02,NONSTOCK,EMPLOYEE PARKING SIGN,50.00,11.40000,11.40000,0,P,LMORENO,,,NON-STOCK ITEMS,0,0
2025-06-02,NONSTOCK,TOWING PARKING CUSTOMER SIGN,50.00,2.20000,2.20000,0,P,LMORENO,,,NON-STOCK ITEMS,0,0
2025-06-02,NONSTOCK,TOWING CUSTOMER PARKING SIGN,50.00,2.20000,2.20000,0,P,LMORENO,,,NON-STOCK ITEMS,0,0
2025-06-02,NONSTOCK,HANDICAP PARKING SIGN,50.00,2.20000,2.20000,0,P,LMORENO,,,NON-STOCK ITEMS,0,0
2025-06-02,NONSTOCK,NO CUSTOMERS BEYOND SIGN,50.00,2.20000,2.20000,0,P,LMORENO,,,NON-STOCK ITEMS,0,0
2025-06-02,NONSTOCK,NO PETS SIGN,50.00,2.20000,2.20000,0,P,LMORENO,,,NON-STOCK ITEMS,0,0
2025-06-02,NONSTOCK,NOW HIRING SIGN,50.00,2.20000,2.20000,0,P,LMORENO,,,NON-STOCK ITEMS,0,0
2025-06-02,NONSTOCK,REFUSE SERVICE SIGN,50.00,2.20000,2.20000,0,P,LMORENO,,,NON-STOCK ITEMS,0,0
2025-06-02,NONSTOCK,SAFETY FIRST SIGN,50.00,2.20000,2.20000,0,P,LMORENO,,,NON-STOCK ITEMS,0,0
2025-06-03,NONSTOCK,6MM 61X145 MDF WEYER A GRADE,99.00,31.80000,31.80000,0,P,LMORENO,,,NON-STOCK ITEMS,0,0
2025-06-04,GCSETAL-2228,"SAMPLE SET - 7.5"" ALLORA",-1.00,120.00000,0,581352,T,,,5,"SAMPLE SET - 7.5"" ALLORA",0,0
2025-06-04,GCSETAL-2228,"SAMPLE SET - 7.5"" ALLORA",1.00,120.00000,0,581352,T,,,5,"SAMPLE SET - 7.5"" ALLORA",0,0
2025-06-04,NONSTOCK,PLYWOOD PALLETS MERIDA,22.00,11.32600,10.00000,0,P,LMORENO,,,NON-STOCK ITEMS,0,0
2025-06-04,NONSTOCK,PLYWOOD PALLETS MERIDA,22.00,11.32600,10.00000,0,P,LMORENO,,,NON-STOCK ITEMS,0,0
2025-06-05,NONSTOCK,INDUSTRIAL GRIPPER SEALER,5.00,80.00000,80.00000,0,P,LMORENO,,,NON-STOCK ITEMS,0,0
2025-06-06,GCSETAL-2228,"SAMPLE SET - 7.5"" ALLORA",-1.00,120.00000,0,581593,T,ERODRIGUE8,,5,"SAMPLE SET - 7.5"" ALLORA",0,0
2025-06-06,GCSETAL-2228,"SAMPLE SET - 7.5"" ALLORA",1.00,120.00000,0,581593,T,ERODRIGUE8,,5,"SAMPLE SET - 7.5"" ALLORA",0,0
2025-06-06,GCSETAL-2228,"SAMPLE SET - 7.5"" ALLORA",-1.00,120.00000,0,581850,T,ERODRIGUE8,,5,"SAMPLE SET - 7.5"" ALLORA",0,0
2025-06-06,GCSETAL-2228,"SAMPLE SET - 7.5"" ALLORA",1.00,120.00000,0,581850,T,ERODRIGUE8,,5,"SAMPLE SET - 7.5"" ALLORA",0,0
2025-06-06,GCSETALHB-2828,SAMPLE SET - HERRINGBONE ALLOR,-1.00,226.33900,0,581765,T,,,5,SAMPLE SET - HERRINGBONE ALLOR,0,0
2025-06-06,GCSETALHB-2828,SAMPLE SET - HERRINGBONE ALLOR,1.00,226.33900,0,581765,T,,,5,SAMPLE SET - HERRINGBONE ALLOR,0,0
2025-06-06,GCSETAL9-2828,"SAMPLE SET - 9.5"" ALLORA",-1.00,560.89200,0,581765,T,,,5,"SAMPLE SET - 9.5"" ALLORA",0,0
2025-06-06,GCSETAL9-2828,"SAMPLE SET - 9.5"" ALLORA",1.00,560.89200,0,581765,T,,,5,"SAMPLE SET - 9.5"" ALLORA",0,0
2025-06-06,GCSETBH-2828,SAMPLE SET - BEVERLY HILLS,-1.00,179.71200,0,581850,T,ERODRIGUE8,,5,SAMPLE SET - BEVERLY HILLS,0,0
2025-06-06,GCSETBH-2828,SAMPLE SET - BEVERLY HILLS,1.00,179.71200,0,581850,T,ERODRIGUE8,,5,SAMPLE SET - BEVERLY HILLS,0,0
2025-06-09,GCSETALHB-2828,SAMPLE SET - HERRINGBONE ALLOR,-1.00,226.33900,0,582186,T,,,5,SAMPLE SET - HERRINGBONE ALLOR,0,0
2025-06-09,GCSETALHB-2828,SAMPLE SET - HERRINGBONE ALLOR,1.00,226.33900,0,582186,T,,,5,SAMPLE SET - HERRINGBONE ALLOR,0,0
2025-06-09,GCSETAL9-2828,"SAMPLE SET - 9.5"" ALLORA",-1.00,560.89200,0,582186,T,,,5,"SAMPLE SET - 9.5"" ALLORA",0,0
2025-06-09,GCSETAL9-2828,"SAMPLE SET - 9.5"" ALLORA",1.00,560.89200,0,582186,T,,,5,"SAMPLE SET - 9.5"" ALLORA",0,0
2025-06-09,GCSETBH-2828,SAMPLE SET - BEVERLY HILLS,-1.00,179.71200,0,582186,T,,,5,SAMPLE SET - BEVERLY HILLS,0,0
2025-06-09,GCSETBH-2828,SAMPLE SET - BEVERLY HILLS,1.00,179.71200,0,582186,T,,,5,SAMPLE SET - BEVERLY HILLS,0,0
2025-06-10,GCSETBH-2828,SAMPLE SET - BEVERLY HILLS,-1.00,179.71200,0,582658,T,ERODRIGUE8,,5,SAMPLE SET - BEVERLY HILLS,0,0
2025-06-10,GCSETBH-2828,SAMPLE SET - BEVERLY HILLS,1.00,179.71200,0,582658,T,ERODRIGUE8,,5,SAMPLE SET - BEVERLY HILLS,0,0
2025-06-12,NONSTOCK,"NEW PALLETS 48"" X 86""",100.00,35.00000,35.00000,0,P,LMORENO,,,NON-STOCK ITEMS,0,0
2025-06-12,NONSTOCK,BUBBLE LINED MAILERS,2.00,48.00000,48.00000,0,P,LMORENO,,,NON-STOCK ITEMS,0,0
2025-06-12,NONSTOCK,"5/8""X.025""X6,000' BLK STAPPING",6.00,121.00000,121.00000,0,P,LMORENO,,,NON-STOCK ITEMS,0,0
2025-06-12,NONSTOCK,"2"" INDUSTRIAL STRAPPING TAPE",24.00,9.45000,9.45000,0,P,LMORENO,,,NON-STOCK ITEMS,0,0
2025-06-12,NONSTOCK,12 X 9 X 9 BOXES,100.00,0.83000,0.83000,0,P,LMORENO,,,NON-STOCK ITEMS,0,0
2025-06-12,NONSTOCK,15 X 10 X 12 BOXES,100.00,1.90000,1.90000,0,P,LMORENO,,,NON-STOCK ITEMS,0,0
2025-06-12,NONSTOCK,12 X 7 X 5 BOXES,100.00,0.89000,0.89000,0,P,LMORENO,,,NON-STOCK ITEMS,0,0
2025-06-12,NONSTOCK,PLYWOOD PALLETS MERIDA,18.00,12.75900,10.00000,0,P,LMORENO,,,NON-STOCK ITEMS,0,0
2025-06-13,GCSETAL-2228,"SAMPLE SET - 7.5"" ALLORA",-1.00,120.00000,0,583763,T,ERODRIGUE8,,5,"SAMPLE SET - 7.5"" ALLORA",0,0
2025-06-13,GCSETAL-2228,"SAMPLE SET - 7.5"" ALLORA",1.00,120.00000,0,583763,T,ERODRIGUE8,,5,"SAMPLE SET - 7.5"" ALLORA",0,0
2025-06-13,GCSETAL9-2828,"SAMPLE SET - 9.5"" ALLORA",-1.00,560.89200,0,583763,T,ERODRIGUE8,,5,"SAMPLE SET - 9.5"" ALLORA",0,0
2025-06-13,GCSETAL9-2828,"SAMPLE SET - 9.5"" ALLORA",1.00,560.89200,0,583763,T,ERODRIGUE8,,5,"SAMPLE SET - 9.5"" ALLORA",0,0
2025-06-13,GCSETBH-2828,SAMPLE SET - BEVERLY HILLS,-1.00,179.71200,0,583792,T,,,5,SAMPLE SET - BEVERLY HILLS,0,0
2025-06-13,GCSETBH-2828,SAMPLE SET - BEVERLY HILLS,1.00,179.71200,0,583792,T,,,5,SAMPLE SET - BEVERLY HILLS,0,0
2025-06-13,GCSETII-1724,SAMPLE SET - GII DIST.,-1.00,190.50000,0,583792,T,,,5,SAMPLE SET - GII DIST.,0,0
2025-06-13,GCSETII-1724,SAMPLE SET - GII DIST.,1.00,190.50000,0,583792,T,,,5,SAMPLE SET - GII DIST.,0,0
2025-06-13,GCSETPS-2228,SAMPLE SET - PRIVATE SELECTION,-1.00,145.14800,0,583792,T,,,5,SAMPLE SET - PRIVATE SELECTION,0,0
2025-06-13,GCSETPS-2228,SAMPLE SET - PRIVATE SELECTION,1.00,145.14800,0,583792,T,,,5,SAMPLE SET - PRIVATE SELECTION,0,0
2025-06-13,NONSTOCK,ST STRAP 1/2X.020 BK OSC REG,14.00,135.06429,134.00000,0,P,LMORENO,,,NON-STOCK ITEMS,0,0
2025-06-16,NONSTOCK,PLYWOOD PALLETS MERIDA,16.00,12.75900,10.00000,0,P,LMORENO,,,NON-STOCK ITEMS,0,0
2025-06-17,GCSETAL9-2828,"SAMPLE SET - 9.5"" ALLORA",-1.00,560.89200,0,584405,T,AIBARRA3,,5,"SAMPLE SET - 9.5"" ALLORA",0,0
2025-06-17,GCSETAL9-2828,"SAMPLE SET - 9.5"" ALLORA",1.00,560.89200,0,584405,T,AIBARRA3,,5,"SAMPLE SET - 9.5"" ALLORA",0,0
2025-06-17,GCSETBH-2828,SAMPLE SET - BEVERLY HILLS,-1.00,179.71200,0,584130,T,JSGOMEZ9,,5,SAMPLE SET - BEVERLY HILLS,0,0
2025-06-17,GCSETBH-2828,SAMPLE SET - BEVERLY HILLS,1.00,179.71200,0,584130,T,JSGOMEZ9,,5,SAMPLE SET - BEVERLY HILLS,0,0
2025-06-17,GCSETEX-1724,SAMPLE SET - EXOTICS,-1.00,189.14900,0,584130,T,JSGOMEZ9,,5,SAMPLE SET - EXOTICS,0,0
2025-06-17,GCSETEX-1724,SAMPLE SET - EXOTICS,1.00,189.14900,0,584130,T,JSGOMEZ9,,5,SAMPLE SET - EXOTICS,0,0
2025-06-17,GCSETGL-2828-1,SAMPLE SET - GOLD LABEL 1 OF 2,-1.00,92.79000,0,584130,T,JSGOMEZ9,,5,SAMPLE SET - GOLD LABEL 1 OF 2,0,0
2025-06-17,GCSETGL-2828-1,SAMPLE SET - GOLD LABEL 1 OF 2,1.00,92.79000,0,584130,T,JSGOMEZ9,,5,SAMPLE SET - GOLD LABEL 1 OF 2,0,0
2025-06-17,GCSETGL-2828-2,SAMPLE SET - GOLD LABEL 2 OF 2,-1.00,37.50000,0,584130,T,JSGOMEZ9,,5,SAMPLE SET - GOLD LABEL 2 OF 2,0,0
2025-06-17,GCSETGL-2828-2,SAMPLE SET - GOLD LABEL 2 OF 2,1.00,37.50000,0,584130,T,JSGOMEZ9,,5,SAMPLE SET - GOLD LABEL 2 OF 2,0,0
2025-06-17,GCSETPS-2228,SAMPLE SET - PRIVATE SELECTION,-1.00,145.14800,0,584130,T,JSGOMEZ9,,5,SAMPLE SET - PRIVATE SELECTION,0,0
2025-06-17,GCSETPS-2228,SAMPLE SET - PRIVATE SELECTION,1.00,145.14800,0,584130,T,JSGOMEZ9,,5,SAMPLE SET - PRIVATE SELECTION,0,0
2025-06-17,GCSETSS-1724,SAMPLE SET - GII SMOOTH,-1.00,135.80000,0,584130,T,JSGOMEZ9,,5,SAMPLE SET - GII SMOOTH,0,0
2025-06-17,GCSETSS-1724,SAMPLE SET - GII SMOOTH,1.00,135.80000,0,584130,T,JSGOMEZ9,,5,SAMPLE SET - GII SMOOTH,0,0
2025-06-17,NONSTOCK,POLYPRO STRAP 5/8X.025X2600 BK,24.00,96.00000,96.00000,0,P,LMORENO,,,NON-STOCK ITEMS,0,0
2025-06-20,GCSETBH-2828,SAMPLE SET - BEVERLY HILLS,-1.00,179.71200,0,584473,T,ERODRIGUE8,,5,SAMPLE SET - BEVERLY HILLS,0,0
2025-06-20,GCSETBH-2828,SAMPLE SET - BEVERLY HILLS,1.00,179.71200,0,584473,T,ERODRIGUE8,,5,SAMPLE SET - BEVERLY HILLS,0,0
2025-06-20,GCSETCB-1724,SAMPLE SET - COMP. BUSTER,-1.00,100.48100,0,585588,T,JSGOMEZ9,,5,SAMPLE SET - COMP. BUSTER,0,0
2025-06-20,GCSETCB-1724,SAMPLE SET - COMP. BUSTER,1.00,100.48100,0,585588,T,JSGOMEZ9,,5,SAMPLE SET - COMP. BUSTER,0,0
2025-06-20,GCSETEX-1724,SAMPLE SET - EXOTICS,-1.00,189.14900,0,584907,T,BOREGAN5,,5,SAMPLE SET - EXOTICS,0,0
2025-06-20,GCSETEX-1724,SAMPLE SET - EXOTICS,1.00,189.14900,0,584907,T,BOREGAN5,,5,SAMPLE SET - EXOTICS,0,0
2025-06-20,GCSETPS-2228,SAMPLE SET - PRIVATE SELECTION,-1.00,145.14800,0,584907,T,BOREGAN5,,5,SAMPLE SET - PRIVATE SELECTION,0,0
2025-06-20,GCSETPS-2228,SAMPLE SET - PRIVATE SELECTION,1.00,145.14800,0,584907,T,BOREGAN5,,5,SAMPLE SET - PRIVATE SELECTION,0,0
2025-06-20,GCSETSS-1724,SAMPLE SET - GII SMOOTH,-1.00,135.80000,0,584907,T,BOREGAN5,,5,SAMPLE SET - GII SMOOTH,0,0
2025-06-20,GCSETSS-1724,SAMPLE SET - GII SMOOTH,1.00,135.80000,0,584907,T,BOREGAN5,,5,SAMPLE SET - GII SMOOTH,0,0
2025-06-20,NONSTOCK,"9.5"" X 12"" PACKING LIST ENV",2.00,69.00000,69.00000,0,P,LMORENO,,,NON-STOCK ITEMS,0,0
2025-06-20,NONSTOCK,PALLET CONES BNDL OF 50,4.00,75.00000,75.00000,0,P,LMORENO,,,NON-STOCK ITEMS,0,0
2025-06-20,NONSTOCK,PALLET FRAGILE STICKERS,4.00,39.00000,39.00000,0,P,LMORENO,,,NON-STOCK ITEMS,0,0
2025-06-20,NONSTOCK,"2"" RED STOP TAPE",36.00,5.80000,5.80000,0,P,LMORENO,,,NON-STOCK ITEMS,0,0
2025-06-23,GCSETCB-1724,SAMPLE SET - COMP. BUSTER,-1.00,100.48100,0,585588,T,JRIVERA1,,5,SAMPLE SET - COMP. BUSTER,0,0
2025-06-23,GCSETCB-1724,SAMPLE SET - COMP. BUSTER,1.00,100.48100,0,585588,T,JRIVERA1,,5,SAMPLE SET - COMP. BUSTER,0,0
2025-06-27,GCSETCB-1724,SAMPLE SET - COMP. BUSTER,-1.00,100.48100,0,585588,T,BOREGAN5,,5,SAMPLE SET - COMP. BUSTER,0,0
2025-06-27,GCSETCB-1724,SAMPLE SET - COMP. BUSTER,1.00,100.48100,0,585588,T,BOREGAN5,,5,SAMPLE SET - COMP. BUSTER,0,0
2025-06-28,GCSETABII-2323,"SAMPLE SET - AQUABLUE II ""NEW""",-1.00,50.00000,0,553321,T,,,5,"SAMPLE SET - AQUABLUE II ""NEW""",0,0
2025-06-28,GCSETABII-2323,"SAMPLE SET - AQUABLUE II ""NEW""",1.00,50.00000,0,553321,T,,,5,"SAMPLE SET - AQUABLUE II ""NEW""",0,0
2025-07-01,GCSETALHB-2828,SAMPLE SET - HERRINGBONE ALLOR,-1.00,226.33900,0,588527,T,ERODRIGUE8,,5,SAMPLE SET - HERRINGBONE ALLOR,0,0
2025-07-01,GCSETALHB-2828,SAMPLE SET - HERRINGBONE ALLOR,1.00,226.33900,0,588527,T,ERODRIGUE8,,5,SAMPLE SET - HERRINGBONE ALLOR,0,0
2025-07-01,GCSETALHB-2828,SAMPLE SET - HERRINGBONE ALLOR,-1.00,226.33900,0,588524,T,,,5,SAMPLE SET - HERRINGBONE ALLOR,0,0
2025-07-01,GCSETALHB-2828,SAMPLE SET - HERRINGBONE ALLOR,1.00,226.33900,0,588524,T,,,5,SAMPLE SET - HERRINGBONE ALLOR,0,0
2025-07-01,GCSETCC-1724,SAMPLE SET - CAROLINA C.,200.00,49.86800,40.00000,591144,P,LMORENO,,5,SAMPLE SET - CAROLINA C.,0,0
2025-07-01,GCSETEX-1724,SAMPLE SET - EXOTICS,-1.00,189.14900,0,588172,T,ERODRIGUE8,,5,SAMPLE SET - EXOTICS,0,0
2025-07-01,GCSETEX-1724,SAMPLE SET - EXOTICS,1.00,189.14900,0,588172,T,ERODRIGUE8,,5,SAMPLE SET - EXOTICS,0,0
2025-07-01,GCSETSS-1724,SAMPLE SET - GII SMOOTH,-1.00,135.80000,0,588172,T,ERODRIGUE8,,5,SAMPLE SET - GII SMOOTH,0,0
2025-07-01,GCSETSS-1724,SAMPLE SET - GII SMOOTH,1.00,135.80000,0,588172,T,ERODRIGUE8,,5,SAMPLE SET - GII SMOOTH,0,0
2025-07-01,NONSTOCK,PLYWOOD PALLETS SPCWPC,14.00,5.50000,5.50000,0,P,LMORENO,,,NON-STOCK ITEMS,0,0
2025-07-01,NONSTOCK,PLYWOOD PALLET SPCWPC,14.00,5.50000,5.50000,0,P,LMORENO,,,NON-STOCK ITEMS,0,0
2025-07-01,NONSTOCK,IPE CHIP STICKER,1000.00,0.07729,0.05829,0,P,LMORENO,,,NON-STOCK ITEMS,0,0
2025-07-01,NONSTOCK,BH FRONT STICKERS,2000.00,0.03914,0.02914,0,P,LMORENO,,,NON-STOCK ITEMS,0,0
2025-07-01,NONSTOCK,ALLORA BROCHURE,2500.00,0.37060,0.27860,0,P,LMORENO,,,NON-STOCK ITEMS,0,0
2025-07-01,NONSTOCK,BEVERLY HILLS SPEC SHEET,2500.00,0.16829,0.12629,0,P,LMORENO,,,NON-STOCK ITEMS,0,0
2025-07-01,NONSTOCK,CAROLINA CLASSIC SPEC SHEET,2500.00,0.16829,0.12629,0,P,LMORENO,,,NON-STOCK ITEMS,0,0
2025-07-01,NONSTOCK,COMP BUSTER SPEC SHEET,2500.00,0.16829,0.12629,0,P,LMORENO,,,NON-STOCK ITEMS,0,0
2025-07-01,NONSTOCK,GOLD LABEL SPEC SHEET,2500.00,0.16829,0.12629,0,P,LMORENO,,,NON-STOCK ITEMS,0,0
2025-07-01,NONSTOCK,EXOTICS SPEC SHEET,2500.00,0.16829,0.12629,0,P,LMORENO,,,NON-STOCK ITEMS,0,0
2025-07-01,NONSTOCK,GARRISON II DIST SPEC SHEET,2500.00,0.16829,0.12629,0,P,LMORENO,,,NON-STOCK ITEMS,0,0
2025-07-01,NONSTOCK,GARRISON II SMOOTH SPEC SHEET,2500.00,0.16829,0.12629,0,P,LMORENO,,,NON-STOCK ITEMS,0,0
2025-07-01,NONSTOCK,NEWPORT SPEC SHEET,2500.00,0.16829,0.12629,0,P,LMORENO,,,NON-STOCK ITEMS,0,0
2025-07-01,NONSTOCK,PRIVATE SELECTION SPEC SHEET,2500.00,0.16829,0.12629,0,P,LMORENO,,,NON-STOCK ITEMS,0,0
2025-07-01,NONSTOCK,CHIP DISCLAIMER STICKER,10000.00,0.06457,0.04857,0,P,LMORENO,,,NON-STOCK ITEMS,0,0
2025-07-01,NONSTOCK,MDF BACK PANEL ALLORA 9.5,1600.00,10.35480,6.70280,0,P,LMORENO,,,NON-STOCK ITEMS,0,0
2025-07-01,NONSTOCK,MDF BACK PANEL ALLORA 7.5,2200.00,8.23910,5.33310,0,P,LMORENO,,,NON-STOCK ITEMS,0,0
2025-07-01,NONSTOCK,"CLEAR STICKER ""ALSO IN 9.5+HB""",2500.00,0.06457,0.04857,0,P,LMORENO,,,NON-STOCK ITEMS,0,0
2025-07-01,NONSTOCK,"CLEAR STICKER ""ALSO IN 7.5+HB""",2500.00,0.06457,0.04857,0,P,LMORENO,,,NON-STOCK ITEMS,0,0
2025-07-01,NONSTOCK,"CLEAR STICKER ""ALSO IN 9.5""",2500.00,0.05186,0.03886,0,P,LMORENO,,,NON-STOCK ITEMS,0,0
2025-07-01,NONSTOCK,"CLEAR STICKER ""ALSO IN 7.5""",2500.00,0.05186,0.03886,0,P,LMORENO,,,NON-STOCK ITEMS,0,0
2025-07-01,NONSTOCK,"STICKER ""ALLORA MADE IN ITALY""",2500.00,0.06457,0.04857,0,P,LMORENO,,,NON-STOCK ITEMS,0,0
2025-07-01,NONSTOCK,CLEAR STICKER FOR ALLORA HB,2500.00,0.06457,0.04857,0,P,LMORENO,,,NON-STOCK ITEMS,0,0
2025-07-01,NONSTOCK,DOMA 7.5 BACK PANELS,600.00,8.23910,5.33310,0,P,LMORENO,,,NON-STOCK ITEMS,0,0
2025-07-01,NONSTOCK,DOMA 9.5 BACK PANELS,600.00,10.35480,6.70280,0,P,LMORENO,,,NON-STOCK ITEMS,0,0
2025-07-01,NONSTOCK,ALLORA HB BACK PANELS,1500.00,7.78575,5.03975,0,P,LMORENO,,,NON-STOCK ITEMS,0,0
2025-07-01,NONSTOCK,MDF BACK PANEL / ALTURA S 7.5,600.00,7.24121,4.68721,0,P,LMORENO,,,NON-STOCK ITEMS,0,0
2025-07-01,NONSTOCK,MDF BACK PANEL / ARIA 9.5,600.00,10.03497,6.49597,0,P,LMORENO,,,NON-STOCK ITEMS,0,0
2025-07-01,NONSTOCK,ALTURA S 7.5 FRONT STICKER,1000.00,0.03917,0.02917,0,P,LMORENO,,,NON-STOCK ITEMS,0,0
2025-07-01,NONSTOCK,ARIA 9.5 FRONT STICKER,1000.00,0.03917,0.02917,0,P,LMORENO,,,NON-STOCK ITEMS,0,0
2025-07-01,NONSTOCK,ALTURA S 7.5 CHIP STICKER,2500.00,0.09107,0.06807,0,P,LMORENO,,,NON-STOCK ITEMS,0,0
2025-07-01,NONSTOCK,ARIA 9.5 CHIP STICKER,2500.00,0.09107,0.06807,0,P,LMORENO,,,NON-STOCK ITEMS,0,0
2025-07-01,NONSTOCK,MDF BACK PANEL PRIVATE SELECT,1200.00,7.85092,5.08192,0,P,LMORENO,,,NON-STOCK ITEMS,0,0
2025-07-01,NONSTOCK,MDF BACK PANEL COMP BUSTER,1200.00,6.75694,4.37394,0,P,LMORENO,,,NON-STOCK ITEMS,0,0
2025-07-01,NONSTOCK,FRONT STICKER PRIVATE SELECT,6000.00,0.03909,0.02909,0,P,LMORENO,,,NON-STOCK ITEMS,0,0
2025-07-01,NONSTOCK,FRONT STICKER COMP BUSTER,6000.00,0.06449,0.04849,0,P,LMORENO,,,NON-STOCK ITEMS,0,0
2025-07-01,NONSTOCK,FRONT STICKER GOLD LABEL,6000.00,0.05179,0.03879,0,P,LMORENO,,,NON-STOCK ITEMS,0,0
2025-07-01,NONSTOCK,CHIP STICKER PRIVATE SELECTION,6000.00,0.06449,0.04849,0,P,LMORENO,,,NON-STOCK ITEMS,0,0
2025-07-01,NONSTOCK,CHIP STICKER COMP BUSTER,6000.00,0.21049,0.04849,0,P,LMORENO,,,NON-STOCK ITEMS,0,0
2025-07-01,NONSTOCK,CHIP STICKER GOLD LABEL,6000.00,0.06449,0.04849,0,P,LMORENO,,,NON-STOCK ITEMS,0,0
2025-07-01,NONSTOCK,CAROLINA CLASSIC CHIPS,5000.00,0.62300,0.50000,0,P,LMORENO,,,NON-STOCK ITEMS,0,0
2025-07-03,NONSTOCK,PLYWOOD PALLET SPCWPC,14.00,5.50000,5.50000,0,P,LMORENO,,,NON-STOCK ITEMS,0,0
2025-07-03,NONSTOCK,PLYWOOD PALLETS LAMINATE,18.00,3.74400,2.00000,0,P,LMORENO,,,NON-STOCK ITEMS,0,0
2025-07-03,NONSTOCK,PLYWOOD PALLET LAMINATE,18.00,3.74400,2.00000,0,P,LMORENO,,,NON-STOCK ITEMS,0,0
2025-07-07,GCSETBH-2828,SAMPLE SET - BEVERLY HILLS,-1.00,179.71200,0,589585,T,BOREGAN5,,5,SAMPLE SET - BEVERLY HILLS,0,0
2025-07-07,GCSETBH-2828,SAMPLE SET - BEVERLY HILLS,1.00,179.71200,0,589585,T,BOREGAN5,,5,SAMPLE SET - BEVERLY HILLS,0,0
2025-07-07,NONSTOCK,PLYWOOD PALLETS SPCWPC,14.00,5.50000,5.50000,0,P,LMORENO,,,NON-STOCK ITEMS,0,0
2025-07-08,NONSTOCK,PLYWOOD PALLETS JIM SPCWPC,15.00,5.50000,5.50000,0,P,LMORENO,,,NON-STOCK ITEMS,0,0
2025-07-08,NONSTOCK,PLYWOOD PALLETS LAMINATE,12.00,3.74400,2.00000,0,P,LMORENO,,,NON-STOCK ITEMS,0,0
2025-07-08,NONSTOCK,MDF BACK PANEL GOLD LABEL,1200.00,11.43052,5.67352,0,P,LMORENO,,,NON-STOCK ITEMS,0,0
2025-07-09,NONSTOCK,PLYWOOD PALLETS SPCWPC,14.00,5.50000,5.50000,0,P,LMORENO,,,NON-STOCK ITEMS,0,0
2025-07-10,NONSTOCK,PLYWOOD PALLETS SPCWPC,14.00,5.50000,5.50000,0,P,LMORENO,,,NON-STOCK ITEMS,0,0
2025-07-10,NONSTOCK,PLYWOOD PALLETS SPCWPC,14.00,5.50000,5.50000,0,P,LMORENO,,,NON-STOCK ITEMS,0,0
2025-07-10,NONSTOCK,LARGE GLOVES 12PACK,1.00,27.00000,27.00000,0,P,LMORENO,,,NON-STOCK ITEMS,0,0
2025-07-10,NONSTOCK,MEDIUM GLOVES 12PACK,1.00,27.00000,27.00000,0,P,LMORENO,,,NON-STOCK ITEMS,0,0
2025-07-10,NONSTOCK,PALLET CONES BNDL OF 50,2.00,85.00000,85.00000,0,P,LMORENO,,,NON-STOCK ITEMS,0,0
2025-07-10,NONSTOCK,SWEEPING COMPOUND BX OF 50LBS,2.00,31.00000,31.00000,0,P,LMORENO,,,NON-STOCK ITEMS,0,0
2025-07-10,NONSTOCK,PALLET FRAGILE STICKER ROLL,2.00,39.00000,39.00000,0,P,LMORENO,,,NON-STOCK ITEMS,0,0
2025-07-10,NONSTOCK,"9.5""X12"" PACKING LIST ENVELOPE",2.00,69.00000,69.00000,0,P,LMORENO,,,NON-STOCK ITEMS,0,0
2025-07-10,NONSTOCK,STOP TAPE ROLL,36.00,5.80000,5.80000,0,P,LMORENO,,,NON-STOCK ITEMS,0,0
2025-07-10,NONSTOCK,PLYWOOD PALLET MERIDA,20.00,12.78000,10.00000,0,P,LMORENO,,,NON-STOCK ITEMS,0,0
2025-07-11,GCSETCC-1724,SAMPLE SET - CAROLINA C.,-1.00,49.25000,0,590490,T,ERODRIGUE8,,5,SAMPLE SET - CAROLINA C.,0,0
2025-07-11,GCSETCC-1724,SAMPLE SET - CAROLINA C.,1.00,49.25000,0,590490,T,ERODRIGUE8,,5,SAMPLE SET - CAROLINA C.,0,0
2025-07-11,GCSETGL-2828-1,SAMPLE SET - GOLD LABEL 1 OF 2,-1.00,92.79000,0,591398,T,JRIVERA1,,5,SAMPLE SET - GOLD LABEL 1 OF 2,0,0
2025-07-11,GCSETGL-2828-1,SAMPLE SET - GOLD LABEL 1 OF 2,1.00,92.79000,0,591398,T,JRIVERA1,,5,SAMPLE SET - GOLD LABEL 1 OF 2,0,0
2025-07-11,GCSETGL-2828-2,SAMPLE SET - GOLD LABEL 2 OF 2,-1.00,37.50000,0,591398,T,JRIVERA1,,5,SAMPLE SET - GOLD LABEL 2 OF 2,0,0
2025-07-11,GCSETGL-2828-2,SAMPLE SET - GOLD LABEL 2 OF 2,1.00,37.50000,0,591398,T,JRIVERA1,,5,SAMPLE SET - GOLD LABEL 2 OF 2,0,0
2025-07-11,GCSETPS-2228,SAMPLE SET - PRIVATE SELECTION,-1.00,145.14800,0,590059,T,BOREGAN5,,5,SAMPLE SET - PRIVATE SELECTION,0,0
2025-07-11,GCSETPS-2228,SAMPLE SET - PRIVATE SELECTION,1.00,145.14800,0,590059,T,BOREGAN5,,5,SAMPLE SET - PRIVATE SELECTION,0,0
2025-07-11,NONSTOCK,"INDUSTRIAL GRIPPER SEALER 5/8""",2.00,85.00000,85.00000,0,P,LMORENO,,,NON-STOCK ITEMS,0,0
2025-07-11,NONSTOCK,STRAPPING PROTECTORS SMALL,3.00,86.00000,86.00000,0,P,LMORENO,,,NON-STOCK ITEMS,0,0
2025-07-11,NONSTOCK,DELUXE STRAPPING TENSIONER,3.00,155.00000,155.00000,0,P,LMORENO,,,NON-STOCK ITEMS,0,0
2025-07-11,NONSTOCK,JUMBO STANDING DUSR PAN,6.00,33.00000,33.00000,0,P,LMORENO,,,NON-STOCK ITEMS,0,0
2025-07-11,NONSTOCK,"DELUXE DUST MOP KIT 36""",6.00,37.00000,37.00000,0,P,LMORENO,,,NON-STOCK ITEMS,0,0
2025-07-11,NONSTOCK,"DELUXE ANGLE BROOM 15""",6.00,18.00000,18.00000,0,P,LMORENO,,,NON-STOCK ITEMS,0,0
2025-07-11,NONSTOCK,INDUSTRIAL STRAPPING CART,6.00,395.00000,395.00000,0,P,LMORENO,,,NON-STOCK ITEMS,0,0
2025-07-11,NONSTOCK,"2"" RED STOP TAPE",108.00,5.55000,5.55000,0,P,LMORENO,,,NON-STOCK ITEMS,0,0
2025-07-14,GCSETABII-2323,"SAMPLE SET - AQUABLUE II ""NEW""",-1.00,50.00000,0,591109,T,BOREGAN5,,5,"SAMPLE SET - AQUABLUE II ""NEW""",0,0
2025-07-14,GCSETABII-2323,"SAMPLE SET - AQUABLUE II ""NEW""",1.00,50.00000,0,591109,T,BOREGAN5,,5,"SAMPLE SET - AQUABLUE II ""NEW""",0,0
2025-07-14,GCSETCC-1724,SAMPLE SET - CAROLINA C.,-1.00,49.25000,0,591137,T,BOREGAN5,,5,SAMPLE SET - CAROLINA C.,0,0
2025-07-14,GCSETCC-1724,SAMPLE SET - CAROLINA C.,1.00,49.25000,0,591137,T,BOREGAN5,,5,SAMPLE SET - CAROLINA C.,0,0
2025-07-14,GCSETCC-1724,SAMPLE SET - CAROLINA C.,-1.00,49.86800,0,591148,T,CRAYGOZA6,,5,SAMPLE SET - CAROLINA C.,0,0
2025-07-14,GCSETCC-1724,SAMPLE SET - CAROLINA C.,1.00,49.86800,0,591148,T,CRAYGOZA6,,5,SAMPLE SET - CAROLINA C.,0,0
2025-07-14,GCSETGL-2828-1,SAMPLE SET - GOLD LABEL 1 OF 2,-1.00,92.79000,0,591398,T,BOREGAN5,,5,SAMPLE SET - GOLD LABEL 1 OF 2,0,0
2025-07-14,GCSETGL-2828-1,SAMPLE SET - GOLD LABEL 1 OF 2,1.00,92.79000,0,591398,T,BOREGAN5,,5,SAMPLE SET - GOLD LABEL 1 OF 2,0,0
2025-07-14,GCSETGL-2828-2,SAMPLE SET - GOLD LABEL 2 OF 2,-1.00,37.50000,0,591398,T,BOREGAN5,,5,SAMPLE SET - GOLD LABEL 2 OF 2,0,0
2025-07-14,GCSETGL-2828-2,SAMPLE SET - GOLD LABEL 2 OF 2,1.00,37.50000,0,591398,T,BOREGAN5,,5,SAMPLE SET - GOLD LABEL 2 OF 2,0,0
2025-07-14,NONSTOCK,PLYWOOD PALLETS MERIDA,19.00,12.78000,10.00000,0,P,LMORENO,,,NON-STOCK ITEMS,0,0
2025-07-15,GCSETCC-1724,SAMPLE SET - CAROLINA C.,-1.00,49.86800,0,591627,T,ERODRIGUE8,,5,SAMPLE SET - CAROLINA C.,0,0
2025-07-15,GCSETCC-1724,SAMPLE SET - CAROLINA C.,1.00,49.86800,0,591627,T,ERODRIGUE8,,5,SAMPLE SET - CAROLINA C.,0,0
2025-07-15,GCSETCC-1724,SAMPLE SET - CAROLINA C.,-1.00,49.86800,0,591623,T,AIBARRA3,,5,SAMPLE SET - CAROLINA C.,0,0
2025-07-15,GCSETCC-1724,SAMPLE SET - CAROLINA C.,1.00,49.86800,0,591623,T,AIBARRA3,,5,SAMPLE SET - CAROLINA C.,0,0
2025-07-15,GCSETCC-1724,SAMPLE SET - CAROLINA C.,-2.00,49.86800,0,591579,T,SMORALES4,,5,SAMPLE SET - CAROLINA C.,0,0
2025-07-15,GCSETCC-1724,SAMPLE SET - CAROLINA C.,2.00,49.86800,0,591579,T,SMORALES4,,5,SAMPLE SET - CAROLINA C.,0,0
2025-07-15,GCSETCC-1724,SAMPLE SET - CAROLINA C.,-1.00,49.86800,0,591145,T,SMORALES4,,5,SAMPLE SET - CAROLINA C.,0,0
2025-07-15,GCSETCC-1724,SAMPLE SET - CAROLINA C.,1.00,49.86800,0,591145,T,SMORALES4,,5,SAMPLE SET - CAROLINA C.,0,0
2025-07-15,GCSETCC-1724,SAMPLE SET - CAROLINA C.,-1.00,49.86800,0,591625,T,JGUTIERRE6,,5,SAMPLE SET - CAROLINA C.,0,0
2025-07-15,GCSETCC-1724,SAMPLE SET - CAROLINA C.,1.00,49.86800,0,591625,T,JGUTIERRE6,,5,SAMPLE SET - CAROLINA C.,0,0
2025-07-16,GCSETCC-1724,SAMPLE SET - CAROLINA C.,-1.00,49.86800,0,591628,T,JSGOMEZ9,,5,SAMPLE SET - CAROLINA C.,0,0
2025-07-16,GCSETCC-1724,SAMPLE SET - CAROLINA C.,1.00,49.86800,0,591628,T,JSGOMEZ9,,5,SAMPLE SET - CAROLINA C.,0,0
2025-07-17,GCSETCC-1724,SAMPLE SET - CAROLINA C.,-1.00,49.86800,0,591149,T,ERODRIGUE8,,5,SAMPLE SET - CAROLINA C.,0,0
2025-07-17,GCSETCC-1724,SAMPLE SET - CAROLINA C.,1.00,49.86800,0,591149,T,ERODRIGUE8,,5,SAMPLE SET - CAROLINA C.,0,0
2025-07-17,GCSETCC-1724,SAMPLE SET - CAROLINA C.,-1.00,49.86800,0,592121,T,JRIVERA1,,5,SAMPLE SET - CAROLINA C.,0,0
2025-07-17,GCSETCC-1724,SAMPLE SET - CAROLINA C.,1.00,49.86800,0,592121,T,JRIVERA1,,5,SAMPLE SET - CAROLINA C.,0,0
2025-07-17,NONSTOCK,"STRAPPING SEALS 5/8""",3.00,95.00000,95.00000,0,P,LMORENO,,,NON-STOCK ITEMS,0,0
2025-07-17,NONSTOCK,TRASH CAN DOLLY,3.00,37.00000,37.00000,592760,P,LMORENO,,,NON-STOCK ITEMS,0,0
2025-07-17,NONSTOCK,TRASH CAN 44GAL,3.00,50.00000,50.00000,592760,P,LMORENO,,,NON-STOCK ITEMS,0,0
2025-07-18,GCSETBH-2828,SAMPLE SET - BEVERLY HILLS,-1.00,179.71200,0,592442,T,BOREGAN5,,5,SAMPLE SET - BEVERLY HILLS,0,0
2025-07-18,GCSETBH-2828,SAMPLE SET - BEVERLY HILLS,1.00,179.71200,0,592442,T,BOREGAN5,,5,SAMPLE SET - BEVERLY HILLS,0,0
2025-07-18,GCSETCC-1724,SAMPLE SET - CAROLINA C.,-1.00,49.86800,0,591146,T,BOREGAN5,,5,SAMPLE SET - CAROLINA C.,0,0
2025-07-18,GCSETCC-1724,SAMPLE SET - CAROLINA C.,1.00,49.86800,0,591146,T,BOREGAN5,,5,SAMPLE SET - CAROLINA C.,0,0
2025-07-18,GCSETCC-1724,SAMPLE SET - CAROLINA C.,-1.00,49.86800,0,591624,T,BOREGAN5,,5,SAMPLE SET - CAROLINA C.,0,0
2025-07-18,GCSETCC-1724,SAMPLE SET - CAROLINA C.,1.00,49.86800,0,591624,T,BOREGAN5,,5,SAMPLE SET - CAROLINA C.,0,0
2025-07-18,GCSETCC-1724,SAMPLE SET - CAROLINA C.,-1.00,49.86800,0,593242,T,JRIVERA1,,5,SAMPLE SET - CAROLINA C.,0,0
2025-07-18,GCSETCC-1724,SAMPLE SET - CAROLINA C.,1.00,49.86800,0,593242,T,JRIVERA1,,5,SAMPLE SET - CAROLINA C.,0,0
2025-07-18,GCSETEX-1724,SAMPLE SET - EXOTICS,-1.00,189.14900,0,592592,T,BOREGAN5,,5,SAMPLE SET - EXOTICS,0,0
2025-07-18,GCSETEX-1724,SAMPLE SET - EXOTICS,1.00,189.14900,0,592592,T,BOREGAN5,,5,SAMPLE SET - EXOTICS,0,0
2025-07-18,GCSETIL-2424,SAMPLE SET - ILLUMIN8,-1.00,58.44600,0,593118,T,BOREGAN5,,5,SAMPLE SET - ILLUMIN8,0,0
2025-07-18,GCSETIL-2424,SAMPLE SET - ILLUMIN8,1.00,58.44600,0,593118,T,BOREGAN5,,5,SAMPLE SET - ILLUMIN8,0,0
2025-07-18,GCSETPS-2228,SAMPLE SET - PRIVATE SELECTION,-1.00,145.14800,0,593118,T,BOREGAN5,,5,SAMPLE SET - PRIVATE SELECTION,0,0
2025-07-18,GCSETPS-2228,SAMPLE SET - PRIVATE SELECTION,1.00,145.14800,0,593118,T,BOREGAN5,,5,SAMPLE SET - PRIVATE SELECTION,0,0
2025-07-18,GCSETVN-2323,SAMPLE SET - VINYLNOVA,-1.00,120.62500,0,593118,T,BOREGAN5,,5,SAMPLE SET - VINYLNOVA,0,0
2025-07-18,GCSETVN-2323,SAMPLE SET - VINYLNOVA,1.00,120.62500,0,593118,T,BOREGAN5,,5,SAMPLE SET - VINYLNOVA,0,0
2025-07-18,NONSTOCK,PLYWOOD PALLETS LAMINATE,20.00,3.94000,2.00000,0,P,LMORENO,,,NON-STOCK ITEMS,0,0
2025-07-18,NONSTOCK,PLYWOOD PALLETS LAMINATE,20.00,3.94000,2.00000,0,P,LMORENO,,,NON-STOCK ITEMS,0,0
2025-07-19,NONSTOCK,PLYWOOD PALLETS LAMINATE,20.00,3.94000,2.00000,0,P,LMORENO,,,NON-STOCK ITEMS,0,0
2025-07-21,GCSETCC-1724,SAMPLE SET - CAROLINA C.,-1.00,49.86800,0,591144,T,AIBARRA3,,5,SAMPLE SET - CAROLINA C.,0,0
2025-07-21,GCSETCC-1724,SAMPLE SET - CAROLINA C.,1.00,49.86800,0,591144,T,AIBARRA3,,5,SAMPLE SET - CAROLINA C.,0,0
2025-07-21,NONSTOCK,PLYWOOD PALLETS LAMINATE,20.00,3.94000,2.00000,0,P,LMORENO,,,NON-STOCK ITEMS,0,0
2025-07-22,GCSETABII-2323,"SAMPLE SET - AQUABLUE II ""NEW""",-1.00,50.00000,0,593169,T,JSGOMEZ9,,5,"SAMPLE SET - AQUABLUE II ""NEW""",0,0
2025-07-22,GCSETABII-2323,"SAMPLE SET - AQUABLUE II ""NEW""",1.00,50.00000,0,593169,T,JSGOMEZ9,,5,"SAMPLE SET - AQUABLUE II ""NEW""",0,0
2025-07-22,GCSETAL-2228,"SAMPLE SET - 7.5"" ALLORA",-1.00,120.00000,0,593683,T,ERODRIGUE8,,5,"SAMPLE SET - 7.5"" ALLORA",0,0
2025-07-22,GCSETAL-2228,"SAMPLE SET - 7.5"" ALLORA",1.00,120.00000,0,593683,T,ERODRIGUE8,,5,"SAMPLE SET - 7.5"" ALLORA",0,0
2025-07-22,GCSETAL9-2828,"SAMPLE SET - 9.5"" ALLORA",-1.00,560.89200,0,593683,T,ERODRIGUE8,,5,"SAMPLE SET - 9.5"" ALLORA",0,0
2025-07-22,GCSETAL9-2828,"SAMPLE SET - 9.5"" ALLORA",1.00,560.89200,0,593683,T,ERODRIGUE8,,5,"SAMPLE SET - 9.5"" ALLORA",0,0
2025-07-22,NONSTOCK,PLYWOOD PALLETS SPCWPC,14.00,5.50000,5.50000,0,P,LMORENO,,,NON-STOCK ITEMS,0,0
2025-07-22,NONSTOCK,PLYWOOD PALLETS SPCWPC,15.00,5.50000,5.50000,0,P,LMORENO,,,NON-STOCK ITEMS,0,0
2025-07-23,GCSETGL-2828-1,SAMPLE SET - GOLD LABEL 1 OF 2,-1.00,92.79000,0,594736,T,JRIVERA1,,5,SAMPLE SET - GOLD LABEL 1 OF 2,0,0
2025-07-23,GCSETGL-2828-1,SAMPLE SET - GOLD LABEL 1 OF 2,1.00,92.79000,0,594736,T,JRIVERA1,,5,SAMPLE SET - GOLD LABEL 1 OF 2,0,0
2025-07-23,GCSETGL-2828-2,SAMPLE SET - GOLD LABEL 2 OF 2,-1.00,37.50000,0,594736,T,JRIVERA1,,5,SAMPLE SET - GOLD LABEL 2 OF 2,0,0
2025-07-23,GCSETGL-2828-2,SAMPLE SET - GOLD LABEL 2 OF 2,1.00,37.50000,0,594736,T,JRIVERA1,,5,SAMPLE SET - GOLD LABEL 2 OF 2,0,0
2025-07-23,NONSTOCK,PLYWOOD PALLETS LAMINATE,13.00,3.74900,2.00000,0,P,LMORENO,,,NON-STOCK ITEMS,0,0
2025-07-24,GCSETCC-1724,SAMPLE SET - CAROLINA C.,-1.00,49.25000,0,594904,T,BOREGAN5,,5,SAMPLE SET - CAROLINA C.,0,0
2025-07-24,GCSETCC-1724,SAMPLE SET - CAROLINA C.,1.00,49.25000,0,594904,T,BOREGAN5,,5,SAMPLE SET - CAROLINA C.,0,0
2025-07-24,GCSETEX-1724,SAMPLE SET - EXOTICS,-1.00,189.14900,0,594904,T,BOREGAN5,,5,SAMPLE SET - EXOTICS,0,0
2025-07-24,GCSETEX-1724,SAMPLE SET - EXOTICS,1.00,189.14900,0,594904,T,BOREGAN5,,5,SAMPLE SET - EXOTICS,0,0
2025-07-24,GCSETSS-1724,SAMPLE SET - GII SMOOTH,-1.00,135.80000,0,594601,T,BOREGAN5,,5,SAMPLE SET - GII SMOOTH,0,0
2025-07-24,GCSETSS-1724,SAMPLE SET - GII SMOOTH,1.00,135.80000,0,594601,T,BOREGAN5,,5,SAMPLE SET - GII SMOOTH,0,0
2025-07-24,NONSTOCK,FREE 3 FEET EXT. HOSE,1.00,0,0,0,P,LMORENO,,,NON-STOCK ITEMS,0,0
2025-07-25,GCSETCC-1724,SAMPLE SET - CAROLINA C.,-4.00,49.86800,0,595296,T,ERODRIGUE8,,5,SAMPLE SET - CAROLINA C.,0,0
2025-07-25,GCSETCC-1724,SAMPLE SET - CAROLINA C.,4.00,49.86800,0,595296,T,ERODRIGUE8,,5,SAMPLE SET - CAROLINA C.,0,0
2025-07-25,GCSETCC-1724,SAMPLE SET - CAROLINA C.,-1.00,49.86800,0,595294,T,ERODRIGUE8,,5,SAMPLE SET - CAROLINA C.,0,0
2025-07-25,GCSETCC-1724,SAMPLE SET - CAROLINA C.,1.00,49.86800,0,595294,T,ERODRIGUE8,,5,SAMPLE SET - CAROLINA C.,0,0
2025-07-25,GCSETCC-1724,SAMPLE SET - CAROLINA C.,-4.00,49.86800,0,595295,T,,,5,SAMPLE SET - CAROLINA C.,0,0
2025-07-25,GCSETCC-1724,SAMPLE SET - CAROLINA C.,-1.00,49.86800,0,595065,T,,,5,SAMPLE SET - CAROLINA C.,0,0
2025-07-25,GCSETCC-1724,SAMPLE SET - CAROLINA C.,1.00,49.86800,0,595065,T,,,5,SAMPLE SET - CAROLINA C.,0,0
2025-07-25,GCSETCC-1724,SAMPLE SET - CAROLINA C.,4.00,49.86800,0,595295,T,,,5,SAMPLE SET - CAROLINA C.,0,0
2025-07-25,GCSETGL-2828-1,SAMPLE SET - GOLD LABEL 1 OF 2,-1.00,92.79000,0,594205,T,JRIVERA1,,5,SAMPLE SET - GOLD LABEL 1 OF 2,0,0
2025-07-25,GCSETGL-2828-1,SAMPLE SET - GOLD LABEL 1 OF 2,1.00,92.79000,0,594205,T,JRIVERA1,,5,SAMPLE SET - GOLD LABEL 1 OF 2,0,0
2025-07-25,GCSETGL-2828-2,SAMPLE SET - GOLD LABEL 2 OF 2,-1.00,37.50000,0,594205,T,JRIVERA1,,5,SAMPLE SET - GOLD LABEL 2 OF 2,0,0
2025-07-25,GCSETGL-2828-2,SAMPLE SET - GOLD LABEL 2 OF 2,1.00,37.50000,0,594205,T,JRIVERA1,,5,SAMPLE SET - GOLD LABEL 2 OF 2,0,0
2025-07-25,NONSTOCK,PLYWOOD PALLETS MERIDA,17.00,12.78500,10.00000,0,P,LMORENO,,,NON-STOCK ITEMS,0,0
2025-07-26,NONSTOCK,PLYWOOD PALLETS MERIDA,20.00,12.78500,10.00000,0,P,LMORENO,,,NON-STOCK ITEMS,0,0
2025-07-29,GCSETGL-2828-1,SAMPLE SET - GOLD LABEL 1 OF 2,-1.00,92.79000,0,596082,T,ERODRIGUE8,,5,SAMPLE SET - GOLD LABEL 1 OF 2,0,0
2025-07-29,GCSETGL-2828-1,SAMPLE SET - GOLD LABEL 1 OF 2,1.00,92.79000,0,596082,T,ERODRIGUE8,,5,SAMPLE SET - GOLD LABEL 1 OF 2,0,0
2025-07-29,GCSETGL-2828-2,SAMPLE SET - GOLD LABEL 2 OF 2,-1.00,37.50000,0,596082,T,ERODRIGUE8,,5,SAMPLE SET - GOLD LABEL 2 OF 2,0,0
2025-07-29,GCSETGL-2828-2,SAMPLE SET - GOLD LABEL 2 OF 2,1.00,37.50000,0,596082,T,ERODRIGUE8,,5,SAMPLE SET - GOLD LABEL 2 OF 2,0,0
2025-07-29,NONSTOCK,PLYWOOD PALLETS SPCWPC,14.00,5.50000,5.50000,0,P,LMORENO,,,NON-STOCK ITEMS,0,0
2025-07-29,NONSTOCK,PLYWOOD PALLETS SPCWPC,14.00,5.50000,5.50000,0,P,LMORENO,,,NON-STOCK ITEMS,0,0
2025-07-29,NONSTOCK,PLYWOOD PALLETS SPCWPC,14.00,5.50000,5.50000,0,P,LMORENO,,,NON-STOCK ITEMS,0,0
2025-07-30,GCSETGL-2828-1,SAMPLE SET - GOLD LABEL 1 OF 2,-1.00,92.79000,0,596705,T,JRIVERA1,,5,SAMPLE SET - GOLD LABEL 1 OF 2,0,0
2025-07-30,GCSETGL-2828-1,SAMPLE SET - GOLD LABEL 1 OF 2,1.00,92.79000,0,596705,T,JRIVERA1,,5,SAMPLE SET - GOLD LABEL 1 OF 2,0,0
2025-07-30,GCSETGL-2828-2,SAMPLE SET - GOLD LABEL 2 OF 2,-1.00,37.50000,0,596705,T,JRIVERA1,,5,SAMPLE SET - GOLD LABEL 2 OF 2,0,0
2025-07-30,GCSETGL-2828-2,SAMPLE SET - GOLD LABEL 2 OF 2,1.00,37.50000,0,596705,T,JRIVERA1,,5,SAMPLE SET - GOLD LABEL 2 OF 2,0,0
2025-07-30,NONSTOCK,INDUSTRIAL STRAPPING CART,1.00,405.00000,405.00000,0,P,LMORENO,,,NON-STOCK ITEMS,0,0
2025-07-30,NONSTOCK,"SAFETY FLAGS - 18"" CASE OF 100",2.00,37.00000,37.00000,0,P,LMORENO,,,NON-STOCK ITEMS,0,0
2025-07-30,NONSTOCK,INDUST. SWEEPING COMPOUND 50LB,4.00,30.00000,30.00000,0,P,LMORENO,,,NON-STOCK ITEMS,0,0
2025-07-31,GCSETAL-2228,"SAMPLE SET - 7.5"" ALLORA",-1.00,120.00000,0,596750,T,ERODRIGUE8,,5,"SAMPLE SET - 7.5"" ALLORA",0,0
2025-07-31,GCSETAL-2228,"SAMPLE SET - 7.5"" ALLORA",1.00,120.00000,0,596750,T,ERODRIGUE8,,5,"SAMPLE SET - 7.5"" ALLORA",0,0
2025-07-31,GCSETAL9-2828,"SAMPLE SET - 9.5"" ALLORA",-1.00,560.89200,0,596750,T,ERODRIGUE8,,5,"SAMPLE SET - 9.5"" ALLORA",0,0
2025-07-31,GCSETAL9-2828,"SAMPLE SET - 9.5"" ALLORA",1.00,560.89200,0,596750,T,ERODRIGUE8,,5,"SAMPLE SET - 9.5"" ALLORA",0,0
2025-08-01,GCSETAL-2228,"SAMPLE SET - 7.5"" ALLORA",-1.00,120.00000,0,595984,T,BOREGAN5,,5,"SAMPLE SET - 7.5"" ALLORA",0,0
2025-08-01,GCSETAL-2228,"SAMPLE SET - 7.5"" ALLORA",1.00,120.00000,0,595984,T,BOREGAN5,,5,"SAMPLE SET - 7.5"" ALLORA",0,0
2025-08-01,GCSETCC-1724,SAMPLE SET - CAROLINA C.,-1.00,49.86800,0,596555,T,BOREGAN5,,5,SAMPLE SET - CAROLINA C.,0,0
2025-08-01,GCSETCC-1724,SAMPLE SET - CAROLINA C.,1.00,49.86800,0,596555,T,BOREGAN5,,5,SAMPLE SET - CAROLINA C.,0,0
2025-08-01,GCSETNP-2228,SAMPLE SET - NEWPORT,216.00,67.18500,56.00000,598197,P,LMORENO,,5,SAMPLE SET - NEWPORT,0,0
2025-08-01,NONSTOCK,"NEW PALLETS 48"" X 86""",100.00,35.00000,35.00000,0,P,LMORENO,,,NON-STOCK ITEMS,0,0
2025-08-01,NONSTOCK,PLYWOOD PALLETS MERIDA,20.00,13.22500,10.00000,0,P,LMORENO,,,NON-STOCK ITEMS,0,0
2025-08-01,NONSTOCK,PLYWOOD PALLETS MERIDA,17.00,12.96800,10.00000,0,P,LMORENO,,,NON-STOCK ITEMS,0,0
2025-08-01,NONSTOCK,PLYWOOD PALLET SPCWPC,14.00,5.50000,5.50000,0,P,LMORENO,,,NON-STOCK ITEMS,0,0
2025-08-01,NONSTOCK,PLYWOOD PALLET SPCWPC,14.00,5.50000,5.50000,0,P,LMORENO,,,NON-STOCK ITEMS,0,0
2025-08-01,NONSTOCK,V-BOARD 2X2 48 .140 FULL PLT,1.00,1150.64725,1145.00000,0,P,LMORENO,,,NON-STOCK ITEMS,0,0
2025-08-01,NONSTOCK,ST STRAP 1/2X.020 BK OSC REG,14.00,134.66091,134.00000,0,P,LMORENO,,,NON-STOCK ITEMS,0,0
2025-08-01,NONSTOCK,PLYWOOD PALLETS MERIDA,20.00,13.22500,10.00000,0,P,LMORENO,,,NON-STOCK ITEMS,0,0
2025-08-01,NONSTOCK,REINFORCED CRAFT TAPE CASE,1.00,102.00000,102.00000,0,P,LMORENO,,,NON-STOCK ITEMS,0,0
2025-08-01,NONSTOCK,STRAPPING SEALS CASE,2.00,100.00000,100.00000,0,P,LMORENO,,,NON-STOCK ITEMS,0,0
2025-08-01,NONSTOCK,"2"" INDUSTRIAL STRAPPING TAPE",48.00,8.45000,8.45000,0,P,LMORENO,,,NON-STOCK ITEMS,0,0
2025-08-01,NONSTOCK,NEWPORT SAMPLE CHIPS,4000.00,0.60000,0.50000,0,P,LMORENO,,,NON-STOCK ITEMS,0,0
2025-08-01,NONSTOCK,COMPLIMENTARY SAMPLE BOXES,28.00,0,0,0,P,LMORENO,,,NON-STOCK ITEMS,0,0
2025-08-01,NONSTOCK,COMPLIMENTARY SAMPLE BOXES,44.00,0,0,0,P,LMORENO,,,NON-STOCK ITEMS,0,0
2025-08-04,GCSETPS-2228,SAMPLE SET - PRIVATE SELECTION,-1.00,145.14800,0,597103,T,BOREGAN5,,5,SAMPLE SET - PRIVATE SELECTION,0,0
2025-08-04,GCSETPS-2228,SAMPLE SET - PRIVATE SELECTION,1.00,145.14800,0,597103,T,BOREGAN5,,5,SAMPLE SET - PRIVATE SELECTION,0,0
2025-08-05,GCSETP2-2428,SAMPLE SET - PARALLELS 2.0,-2.00,14.99200,0,598084,T,SMORALES4,,5,SAMPLE SET - PARALLELS 2.0,0,0
2025-08-05,GCSETP2-2428,SAMPLE SET - PARALLELS 2.0,2.00,14.99200,0,598084,T,SMORALES4,,5,SAMPLE SET - PARALLELS 2.0,0,0
2025-08-05,NONSTOCK,"4X6"" RECLOSABLE BAGS 1,000PCS",1.00,46.00000,46.00000,0,P,LMORENO,,,NON-STOCK ITEMS,0,0
2025-08-05,NONSTOCK,"48"" X 550' FOAM ROLL",2.00,164.00000,164.00000,0,P,LMORENO,,,NON-STOCK ITEMS,0,0
2025-08-05,NONSTOCK,"24"" X 550' FOAM ROLL",3.00,83.00000,83.00000,0,P,LMORENO,,,NON-STOCK ITEMS,0,0
2025-08-05,NONSTOCK,MEDIUM GLOVES PK IF 12,3.00,27.00000,27.00000,0,P,LMORENO,,,NON-STOCK ITEMS,0,0
2025-08-05,NONSTOCK,SWEEPING COMPOUND 50LBS,6.00,29.00000,29.00000,0,P,LMORENO,,,NON-STOCK ITEMS,0,0
2025-08-05,NONSTOCK,"2"" INDUSTRIAL STRAPPING TAPE",24.00,9.45000,9.45000,0,P,LMORENO,,,NON-STOCK ITEMS,0,0
2025-08-05,NONSTOCK,PLYWOOD PALLET SPCWPC,14.00,5.50000,5.50000,0,P,LMORENO,,,NON-STOCK ITEMS,0,0
2025-08-05,NONSTOCK,PLYWOOD PALLETS MERIDA,17.00,13.09200,10.00000,0,P,LMORENO,,,NON-STOCK ITEMS,0,0
2025-08-06,GCSETAL9-2828,"SAMPLE SET - 9.5"" ALLORA",-1.00,560.89200,0,597588,T,JSGOMEZ9,,5,"SAMPLE SET - 9.5"" ALLORA",0,0
2025-08-06,GCSETAL9-2828,"SAMPLE SET - 9.5"" ALLORA",1.00,560.89200,0,597588,T,JSGOMEZ9,,5,"SAMPLE SET - 9.5"" ALLORA",0,0
2025-08-06,GCSETCC-1724,SAMPLE SET - CAROLINA C.,-2.00,49.86800,0,597591,T,JSGOMEZ9,,5,SAMPLE SET - CAROLINA C.,0,0
2025-08-06,GCSETCC-1724,SAMPLE SET - CAROLINA C.,2.00,49.86800,0,597591,T,JSGOMEZ9,,5,SAMPLE SET - CAROLINA C.,0,0
2025-08-06,GCSETCC-1724,SAMPLE SET - CAROLINA C.,-1.00,49.86800,0,597587,T,JSGOMEZ9,,5,SAMPLE SET - CAROLINA C.,0,0
2025-08-06,GCSETCC-1724,SAMPLE SET - CAROLINA C.,1.00,49.86800,0,597587,T,JSGOMEZ9,,5,SAMPLE SET - CAROLINA C.,0,0
2025-08-06,GCSETLE-2628,SAMPLE SET - LEGENDS,16.00,212.00000,212.00000,0,P,TONY,,5,SAMPLE SET - LEGENDS,0,0
2025-08-06,NONSTOCK,"8""IDX95""OL-.125 SHIPPING TUBE",50.00,19.64360,15.45000,0,P,LMORENO,,,NON-STOCK ITEMS,0,0
2025-08-06,NONSTOCK,"6""IDX95""OL-.125 SHIPPING TUBE",84.00,12.84143,10.10000,0,P,LMORENO,,,NON-STOCK ITEMS,0,0
2025-08-06,NONSTOCK,"6"" WHITE PLASTIC PLUG",650.00,0.43267,0.34030,0,P,LMORENO,,,NON-STOCK ITEMS,0,0
2025-08-06,NONSTOCK,"8"" WHITE PLASTIC PLUG",100.00,0,0,0,P,LMORENO,,,NON-STOCK ITEMS,0,0
2025-08-06,NONSTOCK,"6"" WHITE PLASTIC PLUG",168.00,0,0,0,P,LMORENO,,,NON-STOCK ITEMS,0,0
2025-08-06,NONSTOCK,PLYWOOD PALLETS SPCWPC,14.00,5.50000,5.50000,0,P,LMORENO,,,NON-STOCK ITEMS,0,0
2025-08-07,GCSETGL-2828-1,SAMPLE SET - GOLD LABEL 1 OF 2,-1.00,92.79000,0,598252,T,JRIVERA1,,5,SAMPLE SET - GOLD LABEL 1 OF 2,0,0
2025-08-07,GCSETGL-2828-1,SAMPLE SET - GOLD LABEL 1 OF 2,1.00,92.79000,0,598252,T,JRIVERA1,,5,SAMPLE SET - GOLD LABEL 1 OF 2,0,0
2025-08-07,GCSETGL-2828-2,SAMPLE SET - GOLD LABEL 2 OF 2,-1.00,37.50000,0,598252,T,JRIVERA1,,5,SAMPLE SET - GOLD LABEL 2 OF 2,0,0
2025-08-07,GCSETGL-2828-2,SAMPLE SET - GOLD LABEL 2 OF 2,1.00,37.50000,0,598252,T,JRIVERA1,,5,SAMPLE SET - GOLD LABEL 2 OF 2,0,0
2025-08-07,NONSTOCK,PLYWOOD PALLETS SPCWPC,14.00,5.50000,5.50000,0,P,LMORENO,,,NON-STOCK ITEMS,0,0
2025-08-07,NONSTOCK,PLYWOOD PALLET SPCWPC,14.00,5.50000,5.50000,0,P,LMORENO,,,NON-STOCK ITEMS,0,0
2025-08-08,GCSETVN-2323,SAMPLE SET - VINYLNOVA,-1.00,122.00000,0,598848,T,JSGOMEZ9,,5,SAMPLE SET - VINYLNOVA,0,0
2025-08-08,GCSETVN-2323,SAMPLE SET - VINYLNOVA,1.00,122.00000,0,598848,T,JSGOMEZ9,,5,SAMPLE SET - VINYLNOVA,0,0
2025-08-11,GCSETLE-2628,SAMPLE SET - LEGENDS,-1.00,212.00000,0,599538,T,BOREGAN5,,5,SAMPLE SET - LEGENDS,0,0
2025-08-11,GCSETLE-2628,SAMPLE SET - LEGENDS,1.00,212.00000,0,599538,T,BOREGAN5,,5,SAMPLE SET - LEGENDS,0,0
2025-08-12,GCSETBH-2828,SAMPLE SET - BEVERLY HILLS,-1.00,179.71200,0,599813,T,JRIVERA1,,5,SAMPLE SET - BEVERLY HILLS,0,0
2025-08-12,GCSETBH-2828,SAMPLE SET - BEVERLY HILLS,1.00,179.71200,0,599813,T,JRIVERA1,,5,SAMPLE SET - BEVERLY HILLS,0,0
2025-08-12,GCSETLE-2628,SAMPLE SET - LEGENDS,-1.00,212.00000,0,599542,T,JSGOMEZ9,,5,SAMPLE SET - LEGENDS,0,0
2025-08-12,GCSETLE-2628,SAMPLE SET - LEGENDS,1.00,212.00000,0,599542,T,JSGOMEZ9,,5,SAMPLE SET - LEGENDS,0,0
2025-08-12,GCSETLE-2628,SAMPLE SET - LEGENDS,-1.00,212.00000,0,599536,T,AIBARRA3,,5,SAMPLE SET - LEGENDS,0,0
2025-08-12,GCSETLE-2628,SAMPLE SET - LEGENDS,1.00,212.00000,0,599536,T,AIBARRA3,,5,SAMPLE SET - LEGENDS,0,0
2025-08-12,NONSTOCK,PACKAGING/PALLET FEE,5.00,37.00000,37.00000,0,P,LMORENO,,,NON-STOCK ITEMS,0,0
2025-08-12,NONSTOCK,PLYWOOD PALLETS MERIDA,17.00,12.76400,10.00000,0,P,LMORENO,,,NON-STOCK ITEMS,0,0
2025-08-13,GCSETLE-2628,SAMPLE SET - LEGENDS,-1.00,212.00000,0,599539,T,MCASTRO6,,5,SAMPLE SET - LEGENDS,0,0
2025-08-13,GCSETLE-2628,SAMPLE SET - LEGENDS,1.00,212.00000,0,599539,T,MCASTRO6,,5,SAMPLE SET - LEGENDS,0,0
2025-08-13,NONSTOCK,PLYWOOD PALLETS SPCWPC,14.00,5.50000,5.50000,0,P,LMORENO,,,NON-STOCK ITEMS,0,0
2025-08-13,NONSTOCK,PLYWOOD PALLETS MERIDA,15.00,12.77200,10.00000,0,P,LMORENO,,,NON-STOCK ITEMS,0,0
2025-08-14,GCSETAL9-2828,"SAMPLE SET - 9.5"" ALLORA",-1.00,560.89200,0,600673,T,ERODRIGUE8,,5,"SAMPLE SET - 9.5"" ALLORA",0,0
2025-08-14,GCSETAL9-2828,"SAMPLE SET - 9.5"" ALLORA",1.00,560.89200,0,600673,T,ERODRIGUE8,,5,"SAMPLE SET - 9.5"" ALLORA",0,0
2025-08-14,GCSETLE-2628,SAMPLE SET - LEGENDS,-1.00,212.00000,0,599541,T,ERODRIGUE8,,5,SAMPLE SET - LEGENDS,0,0
2025-08-14,GCSETLE-2628,SAMPLE SET - LEGENDS,1.00,212.00000,0,599541,T,ERODRIGUE8,,5,SAMPLE SET - LEGENDS,0,0
2025-08-14,GCSETLE-2628,SAMPLE SET - LEGENDS,-1.00,212.00000,0,599537,T,SMORALES4,,5,SAMPLE SET - LEGENDS,0,0
2025-08-14,GCSETLE-2628,SAMPLE SET - LEGENDS,1.00,212.00000,0,599537,T,SMORALES4,,5,SAMPLE SET - LEGENDS,0,0
2025-08-14,GCSETNP-2228,SAMPLE SET - NEWPORT,-2.00,67.18500,0,598657,T,SMORALES4,,5,SAMPLE SET - NEWPORT,0,0
2025-08-14,GCSETNP-2228,SAMPLE SET - NEWPORT,2.00,67.18500,0,598657,T,SMORALES4,,5,SAMPLE SET - NEWPORT,0,0
2025-08-14,GCSETNP-2228,SAMPLE SET - NEWPORT,-1.00,67.18500,0,598660,T,MCASTRO6,,5,SAMPLE SET - NEWPORT,0,0
2025-08-14,GCSETNP-2228,SAMPLE SET - NEWPORT,1.00,67.18500,0,598660,T,MCASTRO6,,5,SAMPLE SET - NEWPORT,0,0
2025-08-14,GCSETNP-2228,SAMPLE SET - NEWPORT,-1.00,67.18500,0,598658,T,BOREGAN5,,5,SAMPLE SET - NEWPORT,0,0
2025-08-14,GCSETNP-2228,SAMPLE SET - NEWPORT,1.00,67.18500,0,598658,T,BOREGAN5,,5,SAMPLE SET - NEWPORT,0,0
2025-08-14,NONSTOCK,PLYWOOD PALLETS MERIDA,15.00,12.77200,10.00000,0,P,LMORENO,,,NON-STOCK ITEMS,0,0
2025-08-15,GCSETAL-2228,"SAMPLE SET - 7.5"" ALLORA",-1.00,120.00000,0,600614,T,BOREGAN5,,5,"SAMPLE SET - 7.5"" ALLORA",0,0
2025-08-15,GCSETAL-2228,"SAMPLE SET - 7.5"" ALLORA",1.00,120.00000,0,600614,T,BOREGAN5,,5,"SAMPLE SET - 7.5"" ALLORA",0,0
2025-08-15,GCSETAL9-2828,"SAMPLE SET - 9.5"" ALLORA",-1.00,560.89200,0,600614,T,BOREGAN5,,5,"SAMPLE SET - 9.5"" ALLORA",0,0
2025-08-15,GCSETAL9-2828,"SAMPLE SET - 9.5"" ALLORA",1.00,560.89200,0,600614,T,BOREGAN5,,5,"SAMPLE SET - 9.5"" ALLORA",0,0
2025-08-15,GCSETCC-1724,SAMPLE SET - CAROLINA C.,-1.00,49.86800,0,600614,T,BOREGAN5,,5,SAMPLE SET - CAROLINA C.,0,0
2025-08-15,GCSETCC-1724,SAMPLE SET - CAROLINA C.,1.00,49.86800,0,600614,T,BOREGAN5,,5,SAMPLE SET - CAROLINA C.,0,0
2025-08-15,GCSETEX-1724,SAMPLE SET - EXOTICS,-1.00,189.14900,0,600614,T,BOREGAN5,,5,SAMPLE SET - EXOTICS,0,0
2025-08-15,GCSETEX-1724,SAMPLE SET - EXOTICS,1.00,189.14900,0,600614,T,BOREGAN5,,5,SAMPLE SET - EXOTICS,0,0
2025-08-15,GCSETLE-2628,SAMPLE SET - LEGENDS,-1.00,212.00000,0,600614,T,BOREGAN5,,5,SAMPLE SET - LEGENDS,0,0
2025-08-15,GCSETLE-2628,SAMPLE SET - LEGENDS,1.00,212.00000,0,600614,T,BOREGAN5,,5,SAMPLE SET - LEGENDS,0,0
2025-08-15,GCSETPS-2228,SAMPLE SET - PRIVATE SELECTION,-1.00,145.14800,0,600614,T,BOREGAN5,,5,SAMPLE SET - PRIVATE SELECTION,0,0
2025-08-15,GCSETPS-2228,SAMPLE SET - PRIVATE SELECTION,1.00,145.14800,0,600614,T,BOREGAN5,,5,SAMPLE SET - PRIVATE SELECTION,0,0
2025-08-15,NONSTOCK,GSS SMOOTH FRONT STICKER,1600.00,0.14711,0.11300,0,P,LMORENO,,,NON-STOCK ITEMS,0,0
2025-08-15,NONSTOCK,GII DISTRESSED FRONT STICKER,2200.00,0.14711,0.11300,0,P,LMORENO,,,NON-STOCK ITEMS,0,0
2025-08-15,NONSTOCK,GSS SMOOTH CHIP STICKER,4000.00,0.07551,0.05800,0,P,LMORENO,,,NON-STOCK ITEMS,0,0
2025-08-15,NONSTOCK,GII DISTRESSED CHIP STICKER,5500.00,0.07551,0.05800,0,P,LMORENO,,,NON-STOCK ITEMS,0,0
2025-08-18,GCSETAL9-2828,"SAMPLE SET - 9.5"" ALLORA",-1.00,560.89200,0,601380,T,JSGOMEZ9,,5,"SAMPLE SET - 9.5"" ALLORA",0,0
2025-08-18,GCSETAL9-2828,"SAMPLE SET - 9.5"" ALLORA",1.00,560.89200,0,601380,T,JSGOMEZ9,,5,"SAMPLE SET - 9.5"" ALLORA",0,0
2025-08-18,GCSETNP-2228,SAMPLE SET - NEWPORT,-1.00,67.18500,0,598661,T,ERODRIGUE8,,5,SAMPLE SET - NEWPORT,0,0
2025-08-18,GCSETNP-2228,SAMPLE SET - NEWPORT,1.00,67.18500,0,598661,T,ERODRIGUE8,,5,SAMPLE SET - NEWPORT,0,0
2025-08-18,GCSETNP-2228,SAMPLE SET - NEWPORT,-1.00,67.18500,0,598662,T,JSGOMEZ9,,5,SAMPLE SET - NEWPORT,0,0
2025-08-18,GCSETNP-2228,SAMPLE SET - NEWPORT,1.00,67.18500,0,598662,T,JSGOMEZ9,,5,SAMPLE SET - NEWPORT,0,0
2025-08-19,GCSETLE-2628,SAMPLE SET - LEGENDS,-1.00,212.00000,0,601372,T,BOREGAN5,,5,SAMPLE SET - LEGENDS,0,0
2025-08-19,GCSETLE-2628,SAMPLE SET - LEGENDS,1.00,212.00000,0,601372,T,BOREGAN5,,5,SAMPLE SET - LEGENDS,0,0
2025-08-19,GCSETLE-2628,SAMPLE SET - LEGENDS,-1.00,212.00000,0,601378,T,BOREGAN5,,5,SAMPLE SET - LEGENDS,0,0
2025-08-19,GCSETLE-2628,SAMPLE SET - LEGENDS,1.00,212.00000,0,601378,T,BOREGAN5,,5,SAMPLE SET - LEGENDS,0,0
2025-08-19,GCSETLE-2628,SAMPLE SET - LEGENDS,-1.00,212.00000,0,601455,T,BOREGAN5,,5,SAMPLE SET - LEGENDS,0,0
2025-08-19,GCSETLE-2628,SAMPLE SET - LEGENDS,1.00,212.00000,0,601455,T,BOREGAN5,,5,SAMPLE SET - LEGENDS,0,0
2025-08-19,GCSETNP-2228,SAMPLE SET - NEWPORT,-1.00,67.18500,0,601003,T,BOREGAN5,,5,SAMPLE SET - NEWPORT,0,0
2025-08-19,GCSETNP-2228,SAMPLE SET - NEWPORT,1.00,67.18500,0,601003,T,BOREGAN5,,5,SAMPLE SET - NEWPORT,0,0
2025-08-19,NONSTOCK,CRYSTAL VALLEY AMERICA FRSTK,1400.00,0.19966,0.11300,0,P,LMORENO,,,NON-STOCK ITEMS,0,0
2025-08-21,GCSETAL-2228,"SAMPLE SET - 7.5"" ALLORA",-1.00,421.99840,0,602555,T,AIBARRA3,,5,"SAMPLE SET - 7.5"" ALLORA",0,0
2025-08-21,GCSETAL-2228,"SAMPLE SET - 7.5"" ALLORA",1.00,421.99840,0,602555,T,AIBARRA3,,5,"SAMPLE SET - 7.5"" ALLORA",0,0
2025-08-21,NONSTOCK,PLYWOOD PALLET SPCWPC,14.00,5.50000,5.50000,0,P,LMORENO,,,NON-STOCK ITEMS,0,0
2025-08-21,PFAPSOEA,APPALACHIAN SAMPLE SET & RACK,-1.00,668.54620,0,571052,T,BOREGAN5,,1,APPALACHIAN SPECIAL ORDER EA,0,0
2025-08-21,PFAPSOEA,APPALACHIAN SAMPLE SET & RACK,1.00,668.54620,0,571052,T,BOREGAN5,,1,APPALACHIAN SPECIAL ORDER EA,0,0
2025-08-23,GCSETABII-2323,"SAMPLE SET - AQUABLUE II ""NEW""",-1.00,50.00000,0,602560,T,JLEWIS5,,5,"SAMPLE SET - AQUABLUE II ""NEW""",0,0
2025-08-23,GCSETABII-2323,"SAMPLE SET - AQUABLUE II ""NEW""",1.00,50.00000,0,602560,T,JLEWIS5,,5,"SAMPLE SET - AQUABLUE II ""NEW""",0,0
2025-08-23,GCSETAL9-2828,"SAMPLE SET - 9.5"" ALLORA",-1.00,560.89200,0,602560,T,JLEWIS5,,5,"SAMPLE SET - 9.5"" ALLORA",0,0
2025-08-23,GCSETAL9-2828,"SAMPLE SET - 9.5"" ALLORA",1.00,560.89200,0,602560,T,JLEWIS5,,5,"SAMPLE SET - 9.5"" ALLORA",0,0
2025-08-23,GCSETCC-1724,SAMPLE SET - CAROLINA C.,-1.00,49.86800,0,602560,T,JLEWIS5,,5,SAMPLE SET - CAROLINA C.,0,0
2025-08-23,GCSETCC-1724,SAMPLE SET - CAROLINA C.,1.00,49.86800,0,602560,T,JLEWIS5,,5,SAMPLE SET - CAROLINA C.,0,0
2025-08-23,GCSETCV-1724,SAMPLE SET - C.V.,-1.00,115.46000,0,602560,T,JLEWIS5,,5,SAMPLE SET - C.V.,0,0
2025-08-23,GCSETCV-1724,SAMPLE SET - C.V.,1.00,115.46000,0,602560,T,JLEWIS5,,5,SAMPLE SET - C.V.,0,0
2025-08-23,GCSETEX-1724,SAMPLE SET - EXOTICS,-1.00,189.14900,0,602560,T,JLEWIS5,,5,SAMPLE SET - EXOTICS,0,0
2025-08-23,GCSETEX-1724,SAMPLE SET - EXOTICS,1.00,189.14900,0,602560,T,JLEWIS5,,5,SAMPLE SET - EXOTICS,0,0
2025-08-23,GCSETIL-2424,SAMPLE SET - ILLUMIN8,-1.00,58.44600,0,602560,T,JLEWIS5,,5,SAMPLE SET - ILLUMIN8,0,0
2025-08-23,GCSETIL-2424,SAMPLE SET - ILLUMIN8,1.00,58.44600,0,602560,T,JLEWIS5,,5,SAMPLE SET - ILLUMIN8,0,0
2025-08-23,GCSETLE-2628,SAMPLE SET - LEGENDS,-1.00,212.00000,0,602560,T,JLEWIS5,,5,SAMPLE SET - LEGENDS,0,0
2025-08-23,GCSETLE-2628,SAMPLE SET - LEGENDS,1.00,212.00000,0,602560,T,JLEWIS5,,5,SAMPLE SET - LEGENDS,0,0
2025-08-23,GCSETNP-2228,SAMPLE SET - NEWPORT,-1.00,67.18500,0,602560,T,JLEWIS5,,5,SAMPLE SET - NEWPORT,0,0
2025-08-23,GCSETNP-2228,SAMPLE SET - NEWPORT,1.00,67.18500,0,602560,T,JLEWIS5,,5,SAMPLE SET - NEWPORT,0,0
2025-08-23,GCSETPS-2228,SAMPLE SET - PRIVATE SELECTION,-1.00,145.14800,0,602560,T,JLEWIS5,,5,SAMPLE SET - PRIVATE SELECTION,0,0
2025-08-23,GCSETPS-2228,SAMPLE SET - PRIVATE SELECTION,1.00,145.14800,0,602560,T,JLEWIS5,,5,SAMPLE SET - PRIVATE SELECTION,0,0
2025-08-23,GCSETVN-2323,SAMPLE SET - VINYLNOVA,-1.00,120.62500,0,602560,T,JLEWIS5,,5,SAMPLE SET - VINYLNOVA,0,0
2025-08-23,GCSETVN-2323,SAMPLE SET - VINYLNOVA,1.00,120.62500,0,602560,T,JLEWIS5,,5,SAMPLE SET - VINYLNOVA,0,0
2025-08-25,GCSETLE-2628,SAMPLE SET - LEGENDS,-1.00,212.00000,0,602971,T,BOREGAN5,,5,SAMPLE SET - LEGENDS,0,0
2025-08-25,GCSETLE-2628,SAMPLE SET - LEGENDS,1.00,212.00000,0,602971,T,BOREGAN5,,5,SAMPLE SET - LEGENDS,0,0
2025-08-27,GCSETAL-2228,"SAMPLE SET - 7.5"" ALLORA",-1.00,421.99840,0,604246,T,ERODRIGUE8,,5,"SAMPLE SET - 7.5"" ALLORA",0,0
2025-08-27,GCSETAL-2228,"SAMPLE SET - 7.5"" ALLORA",1.00,421.99840,0,604246,T,ERODRIGUE8,,5,"SAMPLE SET - 7.5"" ALLORA",0,0
2025-08-27,GCSETII-1724,SAMPLE SET - GII DIST.,65.00,96.00000,96.00000,0,P,TONY,,5,SAMPLE SET - GII DIST.,0,0
2025-08-27,GCSETII-1724,SAMPLE SET - GII DIST.,65.00,200.06000,0,0,A,TONY,,5,SAMPLE SET - GII DIST.,0,0
2025-08-27,GCSETSS-1724,SAMPLE SET - GII SMOOTH,65.00,72.00000,72.00000,0,P,TONY,,5,SAMPLE SET - GII SMOOTH,0,0
2025-09-01,NONSTOCK,FREIGHT TO VIETNAM 600PCS,1.00,134.00000,134.00000,0,P,LMORENO,,,NON-STOCK ITEMS,0,0
2025-09-01,NONSTOCK,ALLORA METAL SHIELDS,6200.00,1.35000,1.35000,0,P,LMORENO,,,NON-STOCK ITEMS,0,0
2025-09-01,NONSTOCK,BLUE GARRISON METAL SHIELDS,7120.00,1.35000,1.35000,0,P,LMORENO,,,NON-STOCK ITEMS,0,0
2025-09-02,GCSASET99,SAMPLE SET - ASSORTMENT,8.00,236.00000,236.00000,0,P,TONY,,5,SAMPLE SET - ASSORTMENT,0,0
2025-09-02,GCSASET99,SAMPLE SET - ASSORTMENT,8.00,610.67800,0,0,A,TONY,,5,SAMPLE SET - ASSORTMENT,0,0
2025-09-02,NONSTOCK,COPY PAPER 8.5 X 11IN 20#,40.00,43.12250,42.75000,0,P,LMORENO,,,NON-STOCK ITEMS,0,0
2025-09-02,NONSTOCK,PLYWOOD PALLETS LAMINATE,12.00,3.67200,2.00000,0,P,LMORENO,,,NON-STOCK ITEMS,0,0
2025-09-02,NONSTOCK,PLYWOOD PALLETS LAMINATE,20.00,3.67200,2.00000,0,P,LMORENO,,,NON-STOCK ITEMS,0,0
2025-09-02,NONSTOCK,PLYWOOD PALLET SPCWPC,14.00,5.50000,5.50000,0,P,LMORENO,,,NON-STOCK ITEMS,0,0
2025-09-02,NONSTOCK,PLYWOOD PALLETS MERIDA,16.00,12.65200,10.00000,0,P,LMORENO,,,NON-STOCK ITEMS,0,0
2025-09-02,NONSTOCK,PLYWOOD PALLETS MERIDA,16.00,12.65200,10.00000,0,P,LMORENO,,,NON-STOCK ITEMS,0,0
2025-09-02,NONSTOCK,PLYWOOD PALLETS MERIDA,18.00,12.66800,10.00000,0,P,LMORENO,,,NON-STOCK ITEMS,0,0
2025-09-02,NONSTOCK,PLYWOOD PALLETS MERIDA,18.00,12.66800,10.00000,0,P,LMORENO,,,NON-STOCK ITEMS,0,0
2025-09-02,PFSHSA02,SHEOGA SAMPLE SET,4.00,0,0,608603,P,LMORENO,,5,SHEOGA SAMPLE SET,0,0
2025-09-02,PFSHSA02,SHEOGA SAMPLE SET,7.00,0,0,0,P,LMORENO,,5,SHEOGA SAMPLE SET,0,0
2025-09-03,GCSETCC-1724,SAMPLE SET - CAROLINA C.,-1.00,49.86800,0,604328,T,BOREGAN5,,5,SAMPLE SET - CAROLINA C.,0,0
2025-09-03,GCSETCC-1724,SAMPLE SET - CAROLINA C.,1.00,49.86800,0,604328,T,BOREGAN5,,5,SAMPLE SET - CAROLINA C.,0,0
2025-09-05,GCSETAL-2228,"SAMPLE SET - 7.5"" ALLORA",-1.00,421.99840,0,606188,T,BOREGAN5,,5,"SAMPLE SET - 7.5"" ALLORA",0,0
2025-09-05,GCSETAL-2228,"SAMPLE SET - 7.5"" ALLORA",1.00,421.99840,0,606188,T,BOREGAN5,,5,"SAMPLE SET - 7.5"" ALLORA",0,0
2025-09-05,GCSETAL9-2828,"SAMPLE SET - 9.5"" ALLORA",-1.00,560.89200,0,606188,T,BOREGAN5,,5,"SAMPLE SET - 9.5"" ALLORA",0,0
2025-09-05,GCSETAL9-2828,"SAMPLE SET - 9.5"" ALLORA",1.00,560.89200,0,606188,T,BOREGAN5,,5,"SAMPLE SET - 9.5"" ALLORA",0,0
2025-09-08,NONSTOCK,PLYWOOD PALLETS MERIDA,15.00,12.77700,10.00000,0,P,LMORENO,,,NON-STOCK ITEMS,0,0
2025-09-09,NONSTOCK,PLYWOOD PALLETS SPCWPC,14.00,5.50000,5.50000,0,P,LMORENO,,,NON-STOCK ITEMS,0,0
2025-09-10,NONSTOCK,HNDWRP #PB188C 18X1500 80GA,72.00,44.70694,44.50000,0,P,LMORENO,,,NON-STOCK ITEMS,0,0
2025-09-10,NONSTOCK,V-BOARD 2X2 48 .140 PLT,1.00,1150.64725,1145.00000,0,P,LMORENO,,,NON-STOCK ITEMS,0,0
2025-09-10,NONSTOCK,ST STRAP 1/2X.020 BK OSC REG,14.00,134.66091,134.00000,0,P,LMORENO,,,NON-STOCK ITEMS,0,0
2025-09-11,NONSTOCK,"3"" REINFORCED BROWN TAPE",1.00,102.00000,102.00000,0,P,LMORENO,,,NON-STOCK ITEMS,0,0
2025-09-11,NONSTOCK,"48"" X 550' FOAM ROLL",2.00,164.00000,164.00000,0,P,LMORENO,,,NON-STOCK ITEMS,0,0
2025-09-11,NONSTOCK,"9.5"" X 14.5"" BUBBLE MAILER",3.00,46.00000,46.00000,0,P,LMORENO,,,NON-STOCK ITEMS,0,0
2025-09-11,NONSTOCK,"2"" INDUSTRIAL CLEAR TAPE",36.00,2.95000,2.95000,0,P,LMORENO,,,NON-STOCK ITEMS,0,0
2025-09-11,NONSTOCK,"30 X 30"" PANEL MAILER",60.00,7.02000,7.02000,0,P,LMORENO,,,NON-STOCK ITEMS,0,0
2025-09-11,NONSTOCK,12 X 9 X 9 CORRUGATED BOX,100.00,0.83000,0.83000,0,P,LMORENO,,,NON-STOCK ITEMS,0,0
2025-09-11,NONSTOCK,15 X 10 X 12 CORRUGATED BOX,100.00,1.90000,1.90000,0,P,LMORENO,,,NON-STOCK ITEMS,0,0
2025-09-11,NONSTOCK,12 X 7 X 5 CORRUGATED BOX,100.00,0.89000,0.89000,0,P,LMORENO,,,NON-STOCK ITEMS,0,0
2025-09-15,NONSTOCK,1 GAL METAL PAINT CAN 34/CTN,1.00,156.00000,156.00000,0,P,LMORENO,,,NON-STOCK ITEMS,0,0
2025-09-15,NONSTOCK,50LBS SWEEPING COMPOUND,2.00,31.00000,31.00000,0,P,LMORENO,,,NON-STOCK ITEMS,0,0
2025-09-15,NONSTOCK,1 QT METAL PAINT CAN 56/CTN,2.00,143.00000,143.00000,0,P,LMORENO,,,NON-STOCK ITEMS,0,0
2025-09-18,GCSETCC-1724,SAMPLE SET - CAROLINA C.,-1.00,49.86800,0,591150,T,JSGOMEZ9,,5,SAMPLE SET - CAROLINA C.,0,0
2025-09-18,GCSETCC-1724,SAMPLE SET - CAROLINA C.,1.00,49.86800,0,591150,T,JSGOMEZ9,,5,SAMPLE SET - CAROLINA C.,0,0
2025-09-18,NONSTOCK,"SETUP OF 8""HOLLOW CORE ASSMBLY",1.00,1000.00000,1000.00000,0,P,LMORENO,,,NON-STOCK ITEMS,0,0
2025-09-18,NONSTOCK,TEST/REPORT-ASTM E90 & E492,1.00,2200.00000,2200.00000,0,P,LMORENO,,,NON-STOCK ITEMS,0,0
2025-09-18,PFSHSA02,SHEOGA SAMPLE SET,-1.00,0,0,608623,T,JSGOMEZ9,,5,SHEOGA SAMPLE SET,0,0
2025-09-18,PFSHSA02,SHEOGA SAMPLE SET,1.00,0,0,608623,T,JSGOMEZ9,,5,SHEOGA SAMPLE SET,0,0
2025-09-18,PFSHSA02,SHEOGA SAMPLE SET,-1.00,0,0,608603,T,JSGOMEZ9,,5,SHEOGA SAMPLE SET,0,0
2025-09-18,PFSHSA02,SHEOGA SAMPLE SET,1.00,0,0,608603,T,JSGOMEZ9,,5,SHEOGA SAMPLE SET,0,0
2025-09-18,PFSHSA02,SHEOGA SAMPLE SET,-1.00,0,0,608614,T,JSGOMEZ9,,5,SHEOGA SAMPLE SET,0,0
2025-09-18,PFSHSA02,SHEOGA SAMPLE SET,1.00,0,0,608614,T,JSGOMEZ9,,5,SHEOGA SAMPLE SET,0,0
2025-09-18,PFSHSA02,SHEOGA SAMPLE SET,-1.00,0,0,608608,T,JSGOMEZ9,,5,SHEOGA SAMPLE SET,0,0
2025-09-18,PFSHSA02,SHEOGA SAMPLE SET,1.00,0,0,608608,T,JSGOMEZ9,,5,SHEOGA SAMPLE SET,0,0
2025-09-19,GCSETCC-1724,SAMPLE SET - CAROLINA C.,-1.00,49.86800,0,610004,T,,,5,SAMPLE SET - CAROLINA C.,0,0
2025-09-19,GCSETCC-1724,SAMPLE SET - CAROLINA C.,1.00,49.86800,0,610004,T,,,5,SAMPLE SET - CAROLINA C.,0,0
2025-09-19,GCSETCV-1724,SAMPLE SET - C.V.,-1.00,115.46000,0,610004,T,,,5,SAMPLE SET - C.V.,0,0
2025-09-19,GCSETCV-1724,SAMPLE SET - C.V.,1.00,115.46000,0,610004,T,,,5,SAMPLE SET - C.V.,0,0
2025-09-19,GCSETEX-1724,SAMPLE SET - EXOTICS,-1.00,189.14900,0,610004,T,,,5,SAMPLE SET - EXOTICS,0,0
2025-09-19,GCSETEX-1724,SAMPLE SET - EXOTICS,1.00,189.14900,0,610004,T,,,5,SAMPLE SET - EXOTICS,0,0
2025-09-19,GCSETNP-2228,SAMPLE SET - NEWPORT,-1.00,67.18500,0,610004,T,,,5,SAMPLE SET - NEWPORT,0,0
2025-09-19,GCSETNP-2228,SAMPLE SET - NEWPORT,1.00,67.18500,0,610004,T,,,5,SAMPLE SET - NEWPORT,0,0
2025-09-22,GCSETBH-2828,SAMPLE SET - BEVERLY HILLS,-1.00,179.71200,0,610692,T,ERODRIGUE8,,5,SAMPLE SET - BEVERLY HILLS,0,0
2025-09-22,GCSETBH-2828,SAMPLE SET - BEVERLY HILLS,1.00,179.71200,0,610692,T,ERODRIGUE8,,5,SAMPLE SET - BEVERLY HILLS,0,0
2025-09-22,NONSTOCK,V-BOARD 2X2 48 .140,1.00,1159.90000,1145.00000,0,P,LMORENO,,,NON-STOCK ITEMS,0,0
2025-09-22,NONSTOCK,"POLYESTER 5/8""X.035"" STRAPPING",28.00,77.23000,77.23000,0,P,LMORENO,,,NON-STOCK ITEMS,0,0
2025-09-23,NONSTOCK,"NEW PALLETS 48"" X 86""",100.00,40.00000,40.00000,0,P,LMORENO,,,NON-STOCK ITEMS,0,0
2025-09-23,NONSTOCK,"5.5"" PL ENVELOPES BX OF 1000",2.00,75.00000,75.00000,0,P,LMORENO,,,NON-STOCK ITEMS,0,0
2025-09-23,NONSTOCK,"48"" FOAM ROLL",2.00,164.00000,164.00000,0,P,LMORENO,,,NON-STOCK ITEMS,0,0
2025-09-23,NONSTOCK,"9.5"" PL ENVELOPES BX OF 500",3.00,69.00000,69.00000,0,P,LMORENO,,,NON-STOCK ITEMS,0,0
2025-09-23,NONSTOCK,"24"" FOAM ROLL",3.00,83.00000,83.00000,0,P,LMORENO,,,NON-STOCK ITEMS,0,0
2025-09-23,NONSTOCK,SWEEPING COMPOUND 50LBS,5.00,30.00000,30.00000,0,P,LMORENO,,,NON-STOCK ITEMS,0,0
2025-09-23,NONSTOCK,PALLET CONES BNDL OF 50,6.00,75.00000,75.00000,0,P,LMORENO,,,NON-STOCK ITEMS,0,0
2025-09-24,GCSETIL-2424,SAMPLE SET - ILLUMIN8,-1.00,58.44600,0,611550,T,MCASTRO6,,5,SAMPLE SET - ILLUMIN8,0,0
2025-09-24,GCSETIL-2424,SAMPLE SET - ILLUMIN8,1.00,58.44600,0,611550,T,MCASTRO6,,5,SAMPLE SET - ILLUMIN8,0,0
2025-09-26,GCSETCVA-1724,SAMPLE SET - C.V AMERICA,105.00,84.00000,84.00000,617327,P,TONY,,5,SAMPLE SET - C.V AMERICA,0,0
2025-09-26,GCSETCVA-1724,SAMPLE SET - C.V AMERICA,105.00,184.69300,0,0,A,TONY,,5,SAMPLE SET - C.V AMERICA,0,0
2025-09-30,GCSETIL-2424,SAMPLE SET - ILLUMIN8,-1.00,58.44600,0,611407,T,BOREGAN5,,5,SAMPLE SET - ILLUMIN8,0,0
2025-09-30,GCSETIL-2424,SAMPLE SET - ILLUMIN8,1.00,58.44600,0,611407,T,BOREGAN5,,5,SAMPLE SET - ILLUMIN8,0,0
2025-09-30,GCSETPS-2228,SAMPLE SET - PRIVATE SELECTION,-1.00,145.14800,0,611407,T,BOREGAN5,,5,SAMPLE SET - PRIVATE SELECTION,0,0
2025-09-30,GCSETPS-2228,SAMPLE SET - PRIVATE SELECTION,1.00,145.14800,0,611407,T,BOREGAN5,,5,SAMPLE SET - PRIVATE SELECTION,0,0
2025-10-01,NONSTOCK,HNDWRP HCB 18X1000 120GA CAST,72.00,37.20694,37.00000,0,P,LMORENO,,,NON-STOCK ITEMS,0,0
2025-10-01,NONSTOCK,PLYWOOD PALLETS MERIDA,19.00,12.63700,10.00000,0,P,LMORENO,,,NON-STOCK ITEMS,0,0
2025-10-01,NONSTOCK,#3 PONDEROSA PINE KD HEAT TRTD,419.00,3.84000,3.84000,0,P,LMORENO,,,NON-STOCK ITEMS,0,0
2025-10-01,NONSTOCK,SAMPLE CHIPS,3.00,5.83333,0,0,P,LMORENO,,,NON-STOCK ITEMS,0,0
2025-10-01,NONSTOCK,BLUE GARRISON METAL EMBLEMS,20480.00,1.35000,1.35000,0,P,LMORENO,,,NON-STOCK ITEMS,0,0
2025-10-02,GCSETNP-2228,SAMPLE SET - NEWPORT,-1.00,67.18500,0,612902,T,,,5,SAMPLE SET - NEWPORT,0,0
2025-10-02,GCSETNP-2228,SAMPLE SET - NEWPORT,1.00,67.18500,0,612902,T,,,5,SAMPLE SET - NEWPORT,0,0
2025-10-03,NONSTOCK,RIBBED GRIPPER SEALS CTN,2.00,100.00000,100.00000,0,P,LMORENO,,,NON-STOCK ITEMS,0,0
2025-10-03,NONSTOCK,RIPPLE CUPS 500/CS,4.00,74.00000,74.00000,0,P,LMORENO,,,NON-STOCK ITEMS,0,0
2025-10-03,NONSTOCK,PALLET FRAGILE STICKER ROLL,5.00,36.00000,36.00000,0,P,LMORENO,,,NON-STOCK ITEMS,0,0
2025-10-03,PFSHSA02,SHEOGA SAMPLE SET,-1.00,0,0,614574,T,ERODRIGUE8,,5,SHEOGA SAMPLE SET,0,0
2025-10-03,PFSHSA02,SHEOGA SAMPLE SET,1.00,0,0,614574,T,ERODRIGUE8,,5,SHEOGA SAMPLE SET,0,0
2025-10-03,PFSHSA02,SHEOGA SAMPLE SET,-1.00,0,0,614565,T,AIBARRA3,,5,SHEOGA SAMPLE SET,0,0
2025-10-03,PFSHSA02,SHEOGA SAMPLE SET,1.00,0,0,614565,T,AIBARRA3,,5,SHEOGA SAMPLE SET,0,0
2025-10-03,PFSHSA02,SHEOGA SAMPLE SET,-1.00,0,0,614568,T,CSANCHEZ4,,5,SHEOGA SAMPLE SET,0,0
2025-10-03,PFSHSA02,SHEOGA SAMPLE SET,1.00,0,0,614568,T,CSANCHEZ4,,5,SHEOGA SAMPLE SET,0,0
2025-10-03,PFSHSA02,SHEOGA SAMPLE SET,-1.00,0,0,614572,T,MCASTRO6,,5,SHEOGA SAMPLE SET,0,0
2025-10-03,PFSHSA02,SHEOGA SAMPLE SET,1.00,0,0,614572,T,MCASTRO6,,5,SHEOGA SAMPLE SET,0,0
2025-10-06,NONSTOCK,PLYWOOD PALLETS WPC,14.00,5.50000,5.50000,0,P,LMORENO,,,NON-STOCK ITEMS,0,0
2025-10-06,NONSTOCK,V-BOARD 2X2 48 .140,2340.00,0.49567,0.48930,0,P,LMORENO,,,NON-STOCK ITEMS,0,0
2025-10-06,PFSHSA02,SHEOGA SAMPLE SET,-1.00,0,0,614575,T,JSGOMEZ9,,5,SHEOGA SAMPLE SET,0,0
2025-10-06,PFSHSA02,SHEOGA SAMPLE SET,1.00,0,0,614575,T,JSGOMEZ9,,5,SHEOGA SAMPLE SET,0,0
2025-10-07,GCSETII-1724,SAMPLE SET - GII DIST.,-65.00,200.06000,0,0,A,TONY,,5,SAMPLE SET - GII DIST.,0,0
2025-10-07,GCSETII-1724,SAMPLE SET - GII DIST.,65.00,96.00000,0,0,A,TONY,,5,SAMPLE SET - GII DIST.,0,0
2025-10-07,NONSTOCK,PALLET CONES BNDL OF 50,3.00,75.00000,75.00000,0,P,LMORENO,,,NON-STOCK ITEMS,0,0
2025-10-07,NONSTOCK,"9.5"" PACKING LIST ENVELOPES BX",3.00,69.00000,69.00000,0,P,LMORENO,,,NON-STOCK ITEMS,0,0
2025-10-07,NONSTOCK,PALLET FRAGILE STICKER ROLL,5.00,36.00000,36.00000,0,P,LMORENO,,,NON-STOCK ITEMS,0,0
2025-10-07,NONSTOCK,"2"" STOP TAPE ROLL",36.00,5.80000,5.80000,0,P,LMORENO,,,NON-STOCK ITEMS,0,0
2025-10-08,PFSHSA02,SHEOGA SAMPLE SET,-1.00,0,0,614571,T,BOREGAN5,,5,SHEOGA SAMPLE SET,0,0
2025-10-08,PFSHSA02,SHEOGA SAMPLE SET,1.00,0,0,614571,T,BOREGAN5,,5,SHEOGA SAMPLE SET,0,0
2025-10-10,GCSETABII-2323,"SAMPLE SET - AQUABLUE II ""NEW""",-1.00,50.00000,0,615777,T,BOREGAN5,,5,"SAMPLE SET - AQUABLUE II ""NEW""",0,0
2025-10-10,GCSETABII-2323,"SAMPLE SET - AQUABLUE II ""NEW""",1.00,50.00000,0,615777,T,BOREGAN5,,5,"SAMPLE SET - AQUABLUE II ""NEW""",0,0
2025-10-10,GCSETABII-2323,"SAMPLE SET - AQUABLUE II ""NEW""",-1.00,50.00000,0,615623,T,BOREGAN5,,5,"SAMPLE SET - AQUABLUE II ""NEW""",0,0
2025-10-10,GCSETABII-2323,"SAMPLE SET - AQUABLUE II ""NEW""",1.00,50.00000,0,615623,T,BOREGAN5,,5,"SAMPLE SET - AQUABLUE II ""NEW""",0,0
2025-10-10,GCSETIL-2424,SAMPLE SET - ILLUMIN8,-1.00,58.44600,0,615777,T,BOREGAN5,,5,SAMPLE SET - ILLUMIN8,0,0
2025-10-10,GCSETIL-2424,SAMPLE SET - ILLUMIN8,1.00,58.44600,0,615777,T,BOREGAN5,,5,SAMPLE SET - ILLUMIN8,0,0
2025-10-10,GCSETIL-2424,SAMPLE SET - ILLUMIN8,-1.00,58.44600,0,615623,T,BOREGAN5,,5,SAMPLE SET - ILLUMIN8,0,0
2025-10-10,GCSETIL-2424,SAMPLE SET - ILLUMIN8,1.00,58.44600,0,615623,T,BOREGAN5,,5,SAMPLE SET - ILLUMIN8,0,0
2025-10-10,GCSETVN-2323,SAMPLE SET - VINYLNOVA,-1.00,120.62500,0,615777,T,BOREGAN5,,5,SAMPLE SET - VINYLNOVA,0,0
2025-10-10,GCSETVN-2323,SAMPLE SET - VINYLNOVA,1.00,120.62500,0,615777,T,BOREGAN5,,5,SAMPLE SET - VINYLNOVA,0,0
2025-10-10,GCSETVN-2323,SAMPLE SET - VINYLNOVA,-1.00,120.62500,0,615623,T,BOREGAN5,,5,SAMPLE SET - VINYLNOVA,0,0
2025-10-10,GCSETVN-2323,SAMPLE SET - VINYLNOVA,1.00,120.62500,0,615623,T,BOREGAN5,,5,SAMPLE SET - VINYLNOVA,0,0
2025-10-13,GCSETAL-2228,"SAMPLE SET - 7.5"" ALLORA",-1.00,421.99840,0,616468,T,BOREGAN5,,5,"SAMPLE SET - 7.5"" ALLORA",0,0
2025-10-13,GCSETAL-2228,"SAMPLE SET - 7.5"" ALLORA",1.00,421.99840,0,616468,T,BOREGAN5,,5,"SAMPLE SET - 7.5"" ALLORA",0,0
2025-10-13,GCSETCC-1724,SAMPLE SET - CAROLINA C.,-1.00,49.86800,0,616129,T,,,5,SAMPLE SET - CAROLINA C.,0,0
2025-10-13,GCSETCC-1724,SAMPLE SET - CAROLINA C.,1.00,49.86800,0,616129,T,,,5,SAMPLE SET - CAROLINA C.,0,0
2025-10-13,GCSETCV-1724,SAMPLE SET - C.V.,-1.00,115.46000,0,616129,T,,,5,SAMPLE SET - C.V.,0,0
2025-10-13,GCSETCV-1724,SAMPLE SET - C.V.,1.00,115.46000,0,616129,T,,,5,SAMPLE SET - C.V.,0,0
2025-10-13,GCSETEX-1724,SAMPLE SET - EXOTICS,-1.00,189.14900,0,616129,T,,,5,SAMPLE SET - EXOTICS,0,0
2025-10-13,GCSETEX-1724,SAMPLE SET - EXOTICS,1.00,189.14900,0,616129,T,,,5,SAMPLE SET - EXOTICS,0,0
2025-10-13,GCSETNP-2228,SAMPLE SET - NEWPORT,-1.00,67.18500,0,616129,T,,,5,SAMPLE SET - NEWPORT,0,0
2025-10-13,GCSETNP-2228,SAMPLE SET - NEWPORT,1.00,67.18500,0,616129,T,,,5,SAMPLE SET - NEWPORT,0,0
2025-10-17,NONSTOCK,FREE TAPE MEASURE FOR BYRON,1.00,0,0,0,P,LMORENO,,,NON-STOCK ITEMS,0,0
2025-10-17,NONSTOCK,"3"" BROWN TAPE CASE OF 8 RLS",1.00,102.00000,102.00000,0,P,LMORENO,,,NON-STOCK ITEMS,0,0
2025-10-17,NONSTOCK,"FREE 2"" TAPE DISPENSER",1.00,0,0,0,P,LMORENO,,,NON-STOCK ITEMS,0,0
2025-10-17,NONSTOCK,"48"" X 550' FOAM ROLL",3.00,164.00000,164.00000,0,P,LMORENO,,,NON-STOCK ITEMS,0,0
2025-10-17,NONSTOCK,GRIPPER SEALS W/ TEETH BOX,4.00,95.00000,95.00000,0,P,LMORENO,,,NON-STOCK ITEMS,0,0
2025-10-17,NONSTOCK,BUBBLE LINED MAILERS,4.00,46.00000,46.00000,0,P,LMORENO,,,NON-STOCK ITEMS,0,0
2025-10-17,NONSTOCK,"2"" INDUSTRIAL STRAPPING TAPE",36.00,9.45000,9.45000,0,P,LMORENO,,,NON-STOCK ITEMS,0,0
2025-10-17,NONSTOCK,12 X 9 X 9 BOXES,100.00,0.83000,0.83000,0,P,LMORENO,,,NON-STOCK ITEMS,0,0
2025-10-17,NONSTOCK,15 X 10 X 12 BOXES,100.00,1.90000,1.90000,0,P,LMORENO,,,NON-STOCK ITEMS,0,0
2025-10-17,NONSTOCK,12 X 7 X 5 BOXES,100.00,0.89000,0.89000,0,P,LMORENO,,,NON-STOCK ITEMS,0,0
2025-10-17,NONSTOCK,"STEEL HAND TRUCK 16""W",2.00,170.00000,170.00000,0,P,LMORENO,,,NON-STOCK ITEMS,0,0
2025-10-17,NONSTOCK,"10"" SOLID RUBBER WHEEL",2.00,24.00000,24.00000,0,P,LMORENO,,,NON-STOCK ITEMS,0,0
2025-10-17,NONSTOCK,PALLET CONES BNDL OF 50,4.00,75.00000,75.00000,0,P,LMORENO,,,NON-STOCK ITEMS,0,0
2025-10-17,NONSTOCK,PALLET FRAGILE STICKER ROLL,4.00,39.00000,39.00000,0,P,LMORENO,,,NON-STOCK ITEMS,0,0
2025-10-18,GCSETIL-2424,SAMPLE SET - ILLUMIN8,-1.00,58.44600,0,617997,T,JLEWIS5,,5,SAMPLE SET - ILLUMIN8,0,0
2025-10-18,GCSETIL-2424,SAMPLE SET - ILLUMIN8,1.00,58.44600,0,617997,T,JLEWIS5,,5,SAMPLE SET - ILLUMIN8,0,0
2025-10-18,GCSETVN-2323,SAMPLE SET - VINYLNOVA,-1.00,120.62500,0,617997,T,JLEWIS5,,5,SAMPLE SET - VINYLNOVA,0,0
2025-10-18,GCSETVN-2323,SAMPLE SET - VINYLNOVA,1.00,120.62500,0,617997,T,JLEWIS5,,5,SAMPLE SET - VINYLNOVA,0,0
2025-10-22,GCSETAL9-2828,"SAMPLE SET - 9.5"" ALLORA",50.00,142.00000,142.00000,0,P,TONY,,5,"SAMPLE SET - 9.5"" ALLORA",0,0
2025-10-22,GCSETAL9-2828,"SAMPLE SET - 9.5"" ALLORA",50.00,709.17160,0,0,A,TONY,,5,"SAMPLE SET - 9.5"" ALLORA",0,0
2025-10-23,GCSETAL9-2828,"SAMPLE SET - 9.5"" ALLORA",50.00,150.00000,150.00000,0,P,TONY,,5,"SAMPLE SET - 9.5"" ALLORA",0,0
2025-10-23,GCSETAL9-2828,"SAMPLE SET - 9.5"" ALLORA",-50.00,150.00000,150.00000,0,Z,TONY,,5,"SAMPLE SET - 9.5"" ALLORA",0,0
2025-10-24,NONSTOCK,"8""ID X 95""OL-.125 KRAFT TUBE",50.00,19.02967,15.45000,0,P,LMORENO,,,NON-STOCK ITEMS,0,0
2025-10-24,NONSTOCK,"6""ID X 95""OL-.125 KRAFT TUBE",84.00,12.44008,10.10000,0,P,LMORENO,,,NON-STOCK ITEMS,0,0
2025-10-24,NONSTOCK,"4""ID X 95""OL-.125 KRAFT TUBE",180.00,9.43476,7.66000,0,P,LMORENO,,,NON-STOCK ITEMS,0,0
2025-10-24,NONSTOCK,"8"" WHITE PLASTIC PLUG",100.00,0,0,0,P,LMORENO,,,NON-STOCK ITEMS,0,0
2025-10-24,NONSTOCK,"6"" WHITE PLASTIC PLUG",168.00,0,0,0,P,LMORENO,,,NON-STOCK ITEMS,0,0
2025-10-24,NONSTOCK,"4"" WHITE MAX PLASTIC PLUG",360.00,0,0,0,P,LMORENO,,,NON-STOCK ITEMS,0,0
2025-10-27,GCSETAL9-2828,"SAMPLE SET - 9.5"" ALLORA",-1.00,560.89200,0,620596,T,ERODRIGUE8,,5,"SAMPLE SET - 9.5"" ALLORA",0,0
2025-10-27,GCSETAL9-2828,"SAMPLE SET - 9.5"" ALLORA",1.00,560.89200,0,620596,T,ERODRIGUE8,,5,"SAMPLE SET - 9.5"" ALLORA",0,0
2025-10-27,NONSTOCK,"NEW PALLETS 48"" X 86""",100.00,40.00000,40.00000,0,P,LMORENO,,,NON-STOCK ITEMS,0,0
2025-10-28,GCSETSS-1724,SAMPLE SET - GII SMOOTH,-1.00,135.80000,0,612123,T,LMORENO,,5,SAMPLE SET - GII SMOOTH,0,0
2025-10-28,GCSETSS-1724,SAMPLE SET - GII SMOOTH,1.00,135.80000,0,612123,T,LMORENO,,5,SAMPLE SET - GII SMOOTH,0,0
2025-10-29,GCSETAL9-2828,"SAMPLE SET - 9.5"" ALLORA",-1.00,709.17160,0,621461,T,JGUTIERRE6,,5,"SAMPLE SET - 9.5"" ALLORA",0,0
2025-10-29,GCSETAL9-2828,"SAMPLE SET - 9.5"" ALLORA",1.00,709.17160,0,621461,T,JGUTIERRE6,,5,"SAMPLE SET - 9.5"" ALLORA",0,0
2025-10-29,GCSETAL9-2828,"SAMPLE SET - 9.5"" ALLORA",-1.00,560.89200,0,621458,T,CSANCHEZ4,,5,"SAMPLE SET - 9.5"" ALLORA",0,0
2025-10-29,GCSETAL9-2828,"SAMPLE SET - 9.5"" ALLORA",1.00,560.89200,0,621458,T,CSANCHEZ4,,5,"SAMPLE SET - 9.5"" ALLORA",0,0
2025-10-29,GCSETAL9-2828,"SAMPLE SET - 9.5"" ALLORA",-1.00,560.89200,0,621457,T,AIBARRA3,,5,"SAMPLE SET - 9.5"" ALLORA",0,0
2025-10-29,GCSETAL9-2828,"SAMPLE SET - 9.5"" ALLORA",1.00,560.89200,0,621457,T,AIBARRA3,,5,"SAMPLE SET - 9.5"" ALLORA",0,0
2025-10-29,GCSETAL9-2828,"SAMPLE SET - 9.5"" ALLORA",-1.00,709.17160,0,621513,T,ERODRIGUE8,,5,"SAMPLE SET - 9.5"" ALLORA",0,0
2025-10-29,GCSETAL9-2828,"SAMPLE SET - 9.5"" ALLORA",1.00,709.17160,0,621513,T,ERODRIGUE8,,5,"SAMPLE SET - 9.5"" ALLORA",0,0
2025-10-29,GCSETAL9-2828,"SAMPLE SET - 9.5"" ALLORA",-1.00,709.17160,0,621515,T,ERODRIGUE8,,5,"SAMPLE SET - 9.5"" ALLORA",0,0
2025-10-29,GCSETAL9-2828,"SAMPLE SET - 9.5"" ALLORA",1.00,709.17160,0,621515,T,ERODRIGUE8,,5,"SAMPLE SET - 9.5"" ALLORA",0,0
2025-10-29,GCSETAL9-2828,"SAMPLE SET - 9.5"" ALLORA",-1.00,709.17160,0,621462,T,ERODRIGUE8,,5,"SAMPLE SET - 9.5"" ALLORA",0,0
2025-10-29,GCSETAL9-2828,"SAMPLE SET - 9.5"" ALLORA",1.00,709.17160,0,621462,T,ERODRIGUE8,,5,"SAMPLE SET - 9.5"" ALLORA",0,0
2025-10-29,GCSETNP-2228,SAMPLE SET - NEWPORT,-1.00,67.18500,0,620895,T,ERODRIGUE8,,5,SAMPLE SET - NEWPORT,0,0
2025-10-29,GCSETNP-2228,SAMPLE SET - NEWPORT,1.00,67.18500,0,620895,T,ERODRIGUE8,,5,SAMPLE SET - NEWPORT,0,0
2025-10-29,GCSETNP-2228,SAMPLE SET - NEWPORT,-1.00,146.87430,0,613574,T,,,5,SAMPLE SET - NEWPORT,0,0
2025-10-29,GCSETNP-2228,SAMPLE SET - NEWPORT,1.00,146.87430,0,613574,T,,,5,SAMPLE SET - NEWPORT,0,0
2025-10-29,NONSTOCK,DESK HEATER FOR PURCHASING,1.00,0,0,0,P,LMORENO,,,NON-STOCK ITEMS,0,0
2025-10-29,NONSTOCK,MEDIUM WORK GLOVES PK OF 12,3.00,27.00000,27.00000,0,P,LMORENO,,,NON-STOCK ITEMS,0,0
2025-10-29,NONSTOCK,"36"" DUST MOP KIT",4.00,39.00000,39.00000,0,P,LMORENO,,,NON-STOCK ITEMS,0,0
2025-10-31,GCSETAL-2228,"SAMPLE SET - 7.5"" ALLORA",-1.00,421.99840,0,621811,T,ERODRIGUE8,,5,"SAMPLE SET - 7.5"" ALLORA",0,0
2025-10-31,GCSETAL-2228,"SAMPLE SET - 7.5"" ALLORA",1.00,421.99840,0,621811,T,ERODRIGUE8,,5,"SAMPLE SET - 7.5"" ALLORA",0,0
2025-10-31,GCSETAL9-2828,"SAMPLE SET - 9.5"" ALLORA",-1.00,709.17160,0,621814,T,ERODRIGUE8,,5,"SAMPLE SET - 9.5"" ALLORA",0,0
2025-10-31,GCSETAL9-2828,"SAMPLE SET - 9.5"" ALLORA",1.00,709.17160,0,621814,T,ERODRIGUE8,,5,"SAMPLE SET - 9.5"" ALLORA",0,0
2025-11-03,GCSETAL9-2828,"SAMPLE SET - 9.5"" ALLORA",-1.00,560.89200,0,621459,T,BOREGAN5,,5,"SAMPLE SET - 9.5"" ALLORA",0,0
2025-11-03,GCSETAL9-2828,"SAMPLE SET - 9.5"" ALLORA",1.00,560.89200,0,621459,T,BOREGAN5,,5,"SAMPLE SET - 9.5"" ALLORA",0,0
2025-11-03,GCSETVN-2323,SAMPLE SET - VINYLNOVA,-1.00,120.62500,0,621907,T,BOREGAN5,,5,SAMPLE SET - VINYLNOVA,0,0
2025-11-03,GCSETVN-2323,SAMPLE SET - VINYLNOVA,1.00,120.62500,0,621907,T,BOREGAN5,,5,SAMPLE SET - VINYLNOVA,0,0
2025-11-03,NONSTOCK,ALTURA HERRINGBONE FRONTSTICKR,300.00,0.09800,0.09800,0,P,LMORENO,,,NON-STOCK ITEMS,0,0
2025-11-03,NONSTOCK,ALTURA HERRINGBONE BACKSTICKR,300.00,1.15200,1.15200,0,P,LMORENO,,,NON-STOCK ITEMS,0,0
2025-11-03,NONSTOCK,GARRISON STICKER ROLLS,4000.00,0.07100,0.07100,0,P,LMORENO,,,NON-STOCK ITEMS,0,0
2025-11-03,NONSTOCK,OG CRYSTAL VALLEY FRONT STER,4000.00,0.11300,0.11300,0,P,LMORENO,,,NON-STOCK ITEMS,0,0
2025-11-08,GCSETNP-2228,SAMPLE SET - NEWPORT,-1.00,67.18500,0,623341,T,BOREGAN5,,5,SAMPLE SET - NEWPORT,0,0
2025-11-08,GCSETNP-2228,SAMPLE SET - NEWPORT,1.00,67.18500,0,623341,T,BOREGAN5,,5,SAMPLE SET - NEWPORT,0,0
2025-11-11,GCSETAL-2228,"SAMPLE SET - 7.5"" ALLORA",-1.00,421.99840,0,625032,T,ERODRIGUE8,,5,"SAMPLE SET - 7.5"" ALLORA",0,0
2025-11-11,GCSETAL-2228,"SAMPLE SET - 7.5"" ALLORA",1.00,421.99840,0,625032,T,ERODRIGUE8,,5,"SAMPLE SET - 7.5"" ALLORA",0,0
2025-11-11,GCSETCV-1724,SAMPLE SET - C.V.,-1.00,115.46000,0,625030,T,JSGOMEZ9,,5,SAMPLE SET - C.V.,0,0
2025-11-11,GCSETCV-1724,SAMPLE SET - C.V.,1.00,115.46000,0,625030,T,JSGOMEZ9,,5,SAMPLE SET - C.V.,0,0
2025-11-11,GCSETP2-2428,SAMPLE SET - PARALLELS 2.0,-4.00,14.99200,0,624971,T,ERODRIGUE8,,5,SAMPLE SET - PARALLELS 2.0,0,0
2025-11-11,GCSETP2-2428,SAMPLE SET - PARALLELS 2.0,4.00,14.99200,0,624971,T,ERODRIGUE8,,5,SAMPLE SET - PARALLELS 2.0,0,0
2025-11-13,NONSTOCK,HNDWRP HCB 18X1000 120GA CAST,1.00,37.17016,37.00000,0,P,LMORENO,,,NON-STOCK ITEMS,0,0
2025-11-13,NONSTOCK,HNDWRP #PB188C 18X1500 80GA,72.00,44.70458,44.50000,0,P,LMORENO,,,NON-STOCK ITEMS,0,0
2025-11-14,NONSTOCK,"78"" X 155"" PALLET COVERS ROLL",19.00,52.38000,52.38000,0,P,LMORENO,,,NON-STOCK ITEMS,0,0
2025-11-19,GCSETAL-2228,"SAMPLE SET - 7.5"" ALLORA",-1.00,421.99840,0,612944,T,BOREGAN5,,5,"SAMPLE SET - 7.5"" ALLORA",0,0
2025-11-19,GCSETAL-2228,"SAMPLE SET - 7.5"" ALLORA",1.00,421.99840,0,612944,T,BOREGAN5,,5,"SAMPLE SET - 7.5"" ALLORA",0,0
2025-11-19,GCSETCB-1724,SAMPLE SET - COMP. BUSTER,95.00,60.00000,60.00000,631040,P,TONY,,5,SAMPLE SET - COMP. BUSTER,0,0
2025-11-19,GCSETCC-1724,SAMPLE SET - CAROLINA C.,-1.00,49.86800,0,612944,T,BOREGAN5,,5,SAMPLE SET - CAROLINA C.,0,0
2025-11-19,GCSETCC-1724,SAMPLE SET - CAROLINA C.,1.00,49.86800,0,612944,T,BOREGAN5,,5,SAMPLE SET - CAROLINA C.,0,0
2025-11-19,GCSETCC-1724,SAMPLE SET - CAROLINA C.,-1.00,49.86800,0,611946,T,BOREGAN5,,5,SAMPLE SET - CAROLINA C.,0,0
2025-11-19,GCSETCC-1724,SAMPLE SET - CAROLINA C.,1.00,49.86800,0,611946,T,BOREGAN5,,5,SAMPLE SET - CAROLINA C.,0,0
2025-11-19,GCSETEX-1724,SAMPLE SET - EXOTICS,-1.00,189.14900,0,612944,T,BOREGAN5,,5,SAMPLE SET - EXOTICS,0,0
2025-11-19,GCSETEX-1724,SAMPLE SET - EXOTICS,1.00,189.14900,0,612944,T,BOREGAN5,,5,SAMPLE SET - EXOTICS,0,0
2025-11-19,GCSETII-1724,SAMPLE SET - GII DIST.,-1.00,96.00000,0,612944,T,BOREGAN5,,5,SAMPLE SET - GII DIST.,0,0
2025-11-19,GCSETII-1724,SAMPLE SET - GII DIST.,1.00,96.00000,0,612944,T,BOREGAN5,,5,SAMPLE SET - GII DIST.,0,0
2025-11-19,GCSETII-1724,SAMPLE SET - GII DIST.,-1.00,96.00000,0,611946,T,BOREGAN5,,5,SAMPLE SET - GII DIST.,0,0
2025-11-19,GCSETII-1724,SAMPLE SET - GII DIST.,1.00,96.00000,0,611946,T,BOREGAN5,,5,SAMPLE SET - GII DIST.,0,0
2025-11-19,GCSETII-1724,SAMPLE SET - GII DIST.,-1.00,96.00000,0,608745,T,BOREGAN5,,5,SAMPLE SET - GII DIST.,0,0
2025-11-19,GCSETII-1724,SAMPLE SET - GII DIST.,1.00,96.00000,0,608745,T,BOREGAN5,,5,SAMPLE SET - GII DIST.,0,0
2025-11-19,GCSETII-1724,SAMPLE SET - GII DIST.,-1.00,96.00000,0,608984,T,BOREGAN5,,5,SAMPLE SET - GII DIST.,0,0
2025-11-19,GCSETII-1724,SAMPLE SET - GII DIST.,1.00,96.00000,0,608984,T,BOREGAN5,,5,SAMPLE SET - GII DIST.,0,0
2025-11-19,GCSETII-1724,SAMPLE SET - GII DIST.,-1.00,96.00000,0,608732,T,BOREGAN5,,5,SAMPLE SET - GII DIST.,0,0
2025-11-19,GCSETII-1724,SAMPLE SET - GII DIST.,1.00,96.00000,0,608732,T,BOREGAN5,,5,SAMPLE SET - GII DIST.,0,0
2025-11-19,GCSETIL-2424,SAMPLE SET - ILLUMIN8,-1.00,58.44600,0,612944,T,BOREGAN5,,5,SAMPLE SET - ILLUMIN8,0,0
2025-11-19,GCSETIL-2424,SAMPLE SET - ILLUMIN8,1.00,58.44600,0,612944,T,BOREGAN5,,5,SAMPLE SET - ILLUMIN8,0,0
2025-11-19,GCSETNP-2228,SAMPLE SET - NEWPORT,-1.00,67.18500,0,612944,T,BOREGAN5,,5,SAMPLE SET - NEWPORT,0,0
2025-11-19,GCSETNP-2228,SAMPLE SET - NEWPORT,1.00,67.18500,0,612944,T,BOREGAN5,,5,SAMPLE SET - NEWPORT,0,0
2025-11-19,GCSETPS-2228,SAMPLE SET - PRIVATE SELECTION,-1.00,145.14800,0,612944,T,BOREGAN5,,5,SAMPLE SET - PRIVATE SELECTION,0,0
2025-11-19,GCSETPS-2228,SAMPLE SET - PRIVATE SELECTION,1.00,145.14800,0,612944,T,BOREGAN5,,5,SAMPLE SET - PRIVATE SELECTION,0,0
2025-11-19,NONSTOCK,"DELUXE TRASH PICKER - 36""",1.00,39.00000,39.00000,0,P,LMORENO,,,NON-STOCK ITEMS,0,0
2025-11-19,NONSTOCK,ULINE AIR FRESHENER SPRAY 12PK,1.00,70.00000,70.00000,0,P,LMORENO,,,NON-STOCK ITEMS,0,0
2025-11-19,NONSTOCK,ULINE AIR FRESHENER DISPENSER,2.00,39.00000,39.00000,0,P,LMORENO,,,NON-STOCK ITEMS,0,0
2025-11-19,NONSTOCK,QC APPROVAL STICKER ROLL,4.00,19.00000,19.00000,0,P,LMORENO,,,NON-STOCK ITEMS,0,0
2025-11-19,NONSTOCK,ULINE HEAVY-DUTY SNAP-BLADE,24.00,5.50000,5.50000,0,P,LMORENO,,,NON-STOCK ITEMS,0,0
2025-11-19,NONSTOCK,"INDUSTRIAL STRAPPING TAPE - 2""",24.00,9.45000,9.45000,0,P,LMORENO,,,NON-STOCK ITEMS,0,0
2025-11-20,GCSETEX-1724,SAMPLE SET - EXOTICS,-1.00,189.14900,0,627229,T,JSGOMEZ9,,5,SAMPLE SET - EXOTICS,0,0
2025-11-20,GCSETEX-1724,SAMPLE SET - EXOTICS,1.00,189.14900,0,627229,T,JSGOMEZ9,,5,SAMPLE SET - EXOTICS,0,0
2025-11-21,GCSETNP-2228,SAMPLE SET - NEWPORT,-1.00,67.18500,0,598655,T,AIBARRA3,,5,SAMPLE SET - NEWPORT,0,0
2025-11-21,GCSETNP-2228,SAMPLE SET - NEWPORT,1.00,67.18500,0,598655,T,AIBARRA3,,5,SAMPLE SET - NEWPORT,0,0
2025-12-01,NONSTOCK,"4""X4""X10' UTIL.GREEN DOUG FIR",30.00,11.33400,11.33400,0,P,LMORENO,,,NON-STOCK ITEMS,0,0
2025-12-01,NONSTOCK,PLYWOOD PALLETS MERIDA,18.00,13.75400,10.00000,0,P,LMORENO,,,NON-STOCK ITEMS,0,0
2025-12-01,PFSHSA02,SHEOGA SAMPLE SET,4.00,0,0,627581,P,LMORENO,,5,SHEOGA SAMPLE SET,0,0
2025-12-01,PFSHSA02,SHEOGA SAMPLE SET,1.00,0,0,627581,P,LMORENO,,5,SHEOGA SAMPLE SET,0,0
2025-12-01,PFSHSA02,SHEOGA SAMPLE SET,1.00,0,0,627581,P,LMORENO,,5,SHEOGA SAMPLE SET,0,0
2025-12-01,PFSHSA03,SHEOGA SAMPLE KIT - SPECIES,6.00,40.36300,38.50000,0,P,LMORENO,,5,SHEOGA SAMPLE KIT - SPECIES,0,0
2025-12-01,PFSHSA04,SHEOGA SAMPLE KIT - PREFINISH,6.00,40.36800,38.50000,0,P,LMORENO,,5,SHEOGA SAMPLE KIT - PREFINISH,0,0
2025-12-01,PFSHSA05,SHEOGA SAMPLE KIT - TEXTURED,6.00,40.36300,38.50000,0,P,LMORENO,,5,SHEOGA SAMPLE KIT - TEXTURED,0,0
2025-12-03,NONSTOCK,"NEW PALLETS 48"" X 86""",100.00,40.00000,40.00000,0,P,LMORENO,,,NON-STOCK ITEMS,0,0
2025-12-03,PFSHSA02,SHEOGA SAMPLE SET,-4.00,0,0,627581,T,BOREGAN5,,5,SHEOGA SAMPLE SET,0,0
2025-12-03,PFSHSA02,SHEOGA SAMPLE SET,4.00,0,0,627581,T,BOREGAN5,,5,SHEOGA SAMPLE SET,0,0
2025-12-03,PFSHSA02,SHEOGA SAMPLE SET,-1.00,0,0,627581,T,BOREGAN5,,5,SHEOGA SAMPLE SET,0,0
2025-12-03,PFSHSA02,SHEOGA SAMPLE SET,1.00,0,0,627581,T,BOREGAN5,,5,SHEOGA SAMPLE SET,0,0
2025-12-03,PFSHSA02,SHEOGA SAMPLE SET,-1.00,0,0,627581,T,BOREGAN5,,5,SHEOGA SAMPLE SET,0,0
2025-12-03,PFSHSA02,SHEOGA SAMPLE SET,1.00,0,0,627581,T,BOREGAN5,,5,SHEOGA SAMPLE SET,0,0
2025-12-03,PFSHSA03,SHEOGA SAMPLE KIT - SPECIES,-4.00,40.36300,0,627590,T,BOREGAN5,,5,SHEOGA SAMPLE KIT - SPECIES,0,0
2025-12-03,PFSHSA03,SHEOGA SAMPLE KIT - SPECIES,4.00,40.36300,0,627590,T,BOREGAN5,,5,SHEOGA SAMPLE KIT - SPECIES,0,0
2025-12-03,PFSHSA03,SHEOGA SAMPLE KIT - SPECIES,-1.00,40.36300,0,627595,T,JSGOMEZ9,,5,SHEOGA SAMPLE KIT - SPECIES,0,0
2025-12-03,PFSHSA03,SHEOGA SAMPLE KIT - SPECIES,1.00,40.36300,0,627595,T,JSGOMEZ9,,5,SHEOGA SAMPLE KIT - SPECIES,0,0
2025-12-03,PFSHSA04,SHEOGA SAMPLE KIT - PREFINISH,-4.00,40.36800,0,627590,T,BOREGAN5,,5,SHEOGA SAMPLE KIT - PREFINISH,0,0
2025-12-03,PFSHSA04,SHEOGA SAMPLE KIT - PREFINISH,4.00,40.36800,0,627590,T,BOREGAN5,,5,SHEOGA SAMPLE KIT - PREFINISH,0,0
2025-12-03,PFSHSA04,SHEOGA SAMPLE KIT - PREFINISH,-1.00,40.36800,0,627595,T,JSGOMEZ9,,5,SHEOGA SAMPLE KIT - PREFINISH,0,0
2025-12-03,PFSHSA04,SHEOGA SAMPLE KIT - PREFINISH,1.00,40.36800,0,627595,T,JSGOMEZ9,,5,SHEOGA SAMPLE KIT - PREFINISH,0,0
2025-12-03,PFSHSA05,SHEOGA SAMPLE KIT - TEXTURED,-4.00,40.36300,0,627590,T,BOREGAN5,,5,SHEOGA SAMPLE KIT - TEXTURED,0,0
2025-12-03,PFSHSA05,SHEOGA SAMPLE KIT - TEXTURED,4.00,40.36300,0,627590,T,BOREGAN5,,5,SHEOGA SAMPLE KIT - TEXTURED,0,0
2025-12-03,PFSHSA05,SHEOGA SAMPLE KIT - TEXTURED,-1.00,40.36300,0,627595,T,JSGOMEZ9,,5,SHEOGA SAMPLE KIT - TEXTURED,0,0
2025-12-03,PFSHSA05,SHEOGA SAMPLE KIT - TEXTURED,1.00,40.36300,0,627595,T,JSGOMEZ9,,5,SHEOGA SAMPLE KIT - TEXTURED,0,0
2025-12-04,NONSTOCK,CUSTOM STAIN GL JOB BRESCIA,1.00,119.95000,119.95000,0,P,LMORENO,,,NON-STOCK ITEMS,0,0
2025-12-04,NONSTOCK,CUSTOM STAIN GL JOB GLENWOOD,1.00,119.95000,119.95000,0,P,LMORENO,,,NON-STOCK ITEMS,0,0
2025-12-04,NONSTOCK,CUSTOM STAIN GL JOB PINOT,1.00,119.95000,119.95000,0,P,LMORENO,,,NON-STOCK ITEMS,0,0
2025-12-04,NONSTOCK,CUSTOM STAIN GL JOB CHANTAL,1.00,119.95000,119.95000,0,P,LMORENO,,,NON-STOCK ITEMS,0,0
2025-12-04,NONSTOCK,CUSTOM STAIN GL JOB WALNUT NAT,1.00,119.95000,119.95000,0,P,LMORENO,,,NON-STOCK ITEMS,0,0
2025-12-04,NONSTOCK,CUSTOM STAIN GL JOB CAFFE,1.00,119.95000,119.95000,0,P,LMORENO,,,NON-STOCK ITEMS,0,0
2025-12-04,NONSTOCK,CUSTOM STAIN GL JOB BRIGITTE,1.00,119.95000,119.95000,0,P,LMORENO,,,NON-STOCK ITEMS,0,0
2025-12-04,NONSTOCK,CUSTOM STAIN GL JOB LA BELLE,1.00,119.95000,119.95000,0,P,LMORENO,,,NON-STOCK ITEMS,0,0
2025-12-05,GCSETNP-2228,SAMPLE SET - NEWPORT,-1.00,67.18500,0,631142,T,CSANCHEZ4,,5,SAMPLE SET - NEWPORT,0,0
2025-12-05,GCSETNP-2228,SAMPLE SET - NEWPORT,1.00,67.18500,0,631142,T,CSANCHEZ4,,5,SAMPLE SET - NEWPORT,0,0
2025-12-08,GCSETCB-1724,SAMPLE SET - COMP. BUSTER,-1.00,76.54900,0,631478,T,,,5,SAMPLE SET - COMP. BUSTER,0,0
2025-12-08,GCSETCB-1724,SAMPLE SET - COMP. BUSTER,1.00,76.54900,0,631478,T,,,5,SAMPLE SET - COMP. BUSTER,0,0
2025-12-08,GCSETNP-2228,SAMPLE SET - NEWPORT,-1.00,67.18500,0,631478,T,,,5,SAMPLE SET - NEWPORT,0,0
2025-12-08,GCSETNP-2228,SAMPLE SET - NEWPORT,1.00,67.18500,0,631478,T,,,5,SAMPLE SET - NEWPORT,0,0
2025-12-08,GCSETSS-1724,SAMPLE SET - GII SMOOTH,-1.00,135.80000,0,631478,T,,,5,SAMPLE SET - GII SMOOTH,0,0
2025-12-08,GCSETSS-1724,SAMPLE SET - GII SMOOTH,1.00,135.80000,0,631478,T,,,5,SAMPLE SET - GII SMOOTH,0,0
2025-12-09,GCSETVN-2323,SAMPLE SET - VINYLNOVA,-4.00,120.62500,0,631992,T,AIBARRA3,,5,SAMPLE SET - VINYLNOVA,0,0
2025-12-09,GCSETVN-2323,SAMPLE SET - VINYLNOVA,4.00,120.62500,0,631992,T,AIBARRA3,,5,SAMPLE SET - VINYLNOVA,0,0
2025-12-11,NONSTOCK,FREE YETI COOLER,1.00,0,0,0,P,LMORENO,,,NON-STOCK ITEMS,0,0
2025-12-11,NONSTOCK,"FREE TAPE DISPENSER FOR 2""",1.00,0,0,0,P,LMORENO,,,NON-STOCK ITEMS,0,0
2025-12-11,NONSTOCK,"4"" X 6"" FRAGILE STICKER ROLL",10.00,33.00000,33.00000,0,P,LMORENO,,,NON-STOCK ITEMS,0,0
2025-12-11,NONSTOCK,"24"" FOAM ROLL",15.00,83.00000,83.00000,0,P,LMORENO,,,NON-STOCK ITEMS,0,0
2025-12-11,NONSTOCK,"2"" STRAPPING TAPE",240.00,8.45000,8.45000,0,P,LMORENO,,,NON-STOCK ITEMS,0,0
2025-12-11,NONSTOCK,"2"" STOP TAPE ROLL",360.00,5.05000,5.05000,0,P,LMORENO,,,NON-STOCK ITEMS,0,0
2025-12-15,GCSETAL-2228,"SAMPLE SET - 7.5"" ALLORA",-1.00,421.99840,0,632740,T,BOREGAN5,,5,"SAMPLE SET - 7.5"" ALLORA",0,0
2025-12-15,GCSETAL-2228,"SAMPLE SET - 7.5"" ALLORA",1.00,421.99840,0,632740,T,BOREGAN5,,5,"SAMPLE SET - 7.5"" ALLORA",0,0
2025-12-15,GCSETAL9-2828,"SAMPLE SET - 9.5"" ALLORA",-1.00,709.17160,0,632740,T,BOREGAN5,,5,"SAMPLE SET - 9.5"" ALLORA",0,0
2025-12-15,GCSETAL9-2828,"SAMPLE SET - 9.5"" ALLORA",1.00,709.17160,0,632740,T,BOREGAN5,,5,"SAMPLE SET - 9.5"" ALLORA",0,0
2025-12-15,GCSETCC-1724,SAMPLE SET - CAROLINA C.,-1.00,49.86800,0,632740,T,BOREGAN5,,5,SAMPLE SET - CAROLINA C.,0,0
2025-12-15,GCSETCC-1724,SAMPLE SET - CAROLINA C.,1.00,49.86800,0,632740,T,BOREGAN5,,5,SAMPLE SET - CAROLINA C.,0,0
2025-12-15,GCSETCC-1724,SAMPLE SET - CAROLINA C.,-1.00,49.86800,0,632740,T,BOREGAN5,,5,SAMPLE SET - CAROLINA C.,0,0
2025-12-15,GCSETCC-1724,SAMPLE SET - CAROLINA C.,1.00,49.86800,0,632740,T,BOREGAN5,,5,SAMPLE SET - CAROLINA C.,0,0
2025-12-15,GCSETEX-1724,SAMPLE SET - EXOTICS,-1.00,189.14900,0,632740,T,BOREGAN5,,5,SAMPLE SET - EXOTICS,0,0
2025-12-15,GCSETEX-1724,SAMPLE SET - EXOTICS,1.00,189.14900,0,632740,T,BOREGAN5,,5,SAMPLE SET - EXOTICS,0,0
2025-12-15,GCSETII-1724,SAMPLE SET - GII DIST.,-1.00,96.00000,0,632740,T,BOREGAN5,,5,SAMPLE SET - GII DIST.,0,0
2025-12-15,GCSETII-1724,SAMPLE SET - GII DIST.,1.00,96.00000,0,632740,T,BOREGAN5,,5,SAMPLE SET - GII DIST.,0,0
2025-12-15,GCSETNP-2228,SAMPLE SET - NEWPORT,-1.00,67.18500,0,632740,T,BOREGAN5,,5,SAMPLE SET - NEWPORT,0,0
2025-12-15,GCSETNP-2228,SAMPLE SET - NEWPORT,1.00,67.18500,0,632740,T,BOREGAN5,,5,SAMPLE SET - NEWPORT,0,0
2025-12-17,GCSETCB-1724,SAMPLE SET - COMP. BUSTER,-1.00,76.54900,0,632803,T,ERODRIGUE8,,5,SAMPLE SET - COMP. BUSTER,0,0
2025-12-17,GCSETCB-1724,SAMPLE SET - COMP. BUSTER,1.00,76.54900,0,632803,T,ERODRIGUE8,,5,SAMPLE SET - COMP. BUSTER,0,0
2025-12-17,GCSETCB-1724,SAMPLE SET - COMP. BUSTER,-1.00,76.54900,0,632805,T,ERODRIGUE8,,5,SAMPLE SET - COMP. BUSTER,0,0
2025-12-17,GCSETCB-1724,SAMPLE SET - COMP. BUSTER,1.00,76.54900,0,632805,T,ERODRIGUE8,,5,SAMPLE SET - COMP. BUSTER,0,0
2025-12-17,GCSETCB-1724,SAMPLE SET - COMP. BUSTER,-1.00,76.54900,0,632802,T,ERODRIGUE8,,5,SAMPLE SET - COMP. BUSTER,0,0
2025-12-17,GCSETCB-1724,SAMPLE SET - COMP. BUSTER,1.00,76.54900,0,632802,T,ERODRIGUE8,,5,SAMPLE SET - COMP. BUSTER,0,0
2025-12-17,GCSETCB-1724,SAMPLE SET - COMP. BUSTER,-1.00,76.54900,0,632837,T,ERODRIGUE8,,5,SAMPLE SET - COMP. BUSTER,0,0
2025-12-17,GCSETCB-1724,SAMPLE SET - COMP. BUSTER,1.00,76.54900,0,632837,T,ERODRIGUE8,,5,SAMPLE SET - COMP. BUSTER,0,0
2025-12-17,GCSETCB-1724,SAMPLE SET - COMP. BUSTER,-1.00,76.54900,0,631881,T,ERODRIGUE8,,5,SAMPLE SET - COMP. BUSTER,0,0
2025-12-17,GCSETCB-1724,SAMPLE SET - COMP. BUSTER,1.00,76.54900,0,631881,T,ERODRIGUE8,,5,SAMPLE SET - COMP. BUSTER,0,0
2025-12-17,GCSETCB-1724,SAMPLE SET - COMP. BUSTER,-1.00,76.54900,0,631890,T,ERODRIGUE8,,5,SAMPLE SET - COMP. BUSTER,0,0
2025-12-17,GCSETCB-1724,SAMPLE SET - COMP. BUSTER,1.00,76.54900,0,631890,T,ERODRIGUE8,,5,SAMPLE SET - COMP. BUSTER,0,0
2025-12-17,GCSETCB-1724,SAMPLE SET - COMP. BUSTER,-1.00,76.54900,0,631904,T,ERODRIGUE8,,5,SAMPLE SET - COMP. BUSTER,0,0
2025-12-17,GCSETCB-1724,SAMPLE SET - COMP. BUSTER,1.00,76.54900,0,631904,T,ERODRIGUE8,,5,SAMPLE SET - COMP. BUSTER,0,0
2025-12-17,GCSETCB-1724,SAMPLE SET - COMP. BUSTER,-1.00,76.54900,0,631888,T,ERODRIGUE8,,5,SAMPLE SET - COMP. BUSTER,0,0
2025-12-17,GCSETCB-1724,SAMPLE SET - COMP. BUSTER,1.00,76.54900,0,631888,T,ERODRIGUE8,,5,SAMPLE SET - COMP. BUSTER,0,0
2025-12-17,GCSETCB-1724,SAMPLE SET - COMP. BUSTER,-1.00,76.54900,0,631883,T,ERODRIGUE8,,5,SAMPLE SET - COMP. BUSTER,0,0
2025-12-17,GCSETCB-1724,SAMPLE SET - COMP. BUSTER,1.00,76.54900,0,631883,T,ERODRIGUE8,,5,SAMPLE SET - COMP. BUSTER,0,0
2025-12-17,GCSETCB-1724,SAMPLE SET - COMP. BUSTER,-1.00,76.54900,0,631906,T,ERODRIGUE8,,5,SAMPLE SET - COMP. BUSTER,0,0
2025-12-17,GCSETCB-1724,SAMPLE SET - COMP. BUSTER,1.00,76.54900,0,631906,T,ERODRIGUE8,,5,SAMPLE SET - COMP. BUSTER,0,0
2025-12-17,GCSETII-1724,SAMPLE SET - GII DIST.,-1.00,96.00000,0,608283,T,BOREGAN5,,5,SAMPLE SET - GII DIST.,0,0
2025-12-17,GCSETII-1724,SAMPLE SET - GII DIST.,1.00,96.00000,0,608283,T,BOREGAN5,,5,SAMPLE SET - GII DIST.,0,0
2025-12-17,GCSETSS-1724,SAMPLE SET - GII SMOOTH,-1.00,72.00000,0,612944,T,BOREGAN5,,5,SAMPLE SET - GII SMOOTH,0,0
2025-12-17,GCSETSS-1724,SAMPLE SET - GII SMOOTH,1.00,72.00000,0,612944,T,BOREGAN5,,5,SAMPLE SET - GII SMOOTH,0,0
2025-12-17,GCSETSS-1724,SAMPLE SET - GII SMOOTH,-1.00,72.00000,0,611946,T,BOREGAN5,,5,SAMPLE SET - GII SMOOTH,0,0
2025-12-17,GCSETSS-1724,SAMPLE SET - GII SMOOTH,1.00,72.00000,0,611946,T,BOREGAN5,,5,SAMPLE SET - GII SMOOTH,0,0
2025-12-17,GCSETSS-1724,SAMPLE SET - GII SMOOTH,-1.00,72.00000,0,608745,T,BOREGAN5,,5,SAMPLE SET - GII SMOOTH,0,0
2025-12-17,GCSETSS-1724,SAMPLE SET - GII SMOOTH,1.00,72.00000,0,608745,T,BOREGAN5,,5,SAMPLE SET - GII SMOOTH,0,0
2025-12-17,GCSETSS-1724,SAMPLE SET - GII SMOOTH,-1.00,72.00000,0,608984,T,BOREGAN5,,5,SAMPLE SET - GII SMOOTH,0,0
2025-12-17,GCSETSS-1724,SAMPLE SET - GII SMOOTH,1.00,72.00000,0,608984,T,BOREGAN5,,5,SAMPLE SET - GII SMOOTH,0,0
2025-12-17,GCSETSS-1724,SAMPLE SET - GII SMOOTH,-1.00,72.00000,0,608283,T,BOREGAN5,,5,SAMPLE SET - GII SMOOTH,0,0
2025-12-17,GCSETSS-1724,SAMPLE SET - GII SMOOTH,1.00,72.00000,0,608283,T,BOREGAN5,,5,SAMPLE SET - GII SMOOTH,0,0
2025-12-18,GCSETAL9-2828,"SAMPLE SET - 9.5"" ALLORA",-1.00,709.17160,0,621463,T,JSGOMEZ9,,5,"SAMPLE SET - 9.5"" ALLORA",0,0
2025-12-18,GCSETAL9-2828,"SAMPLE SET - 9.5"" ALLORA",1.00,709.17160,0,621463,T,JSGOMEZ9,,5,"SAMPLE SET - 9.5"" ALLORA",0,0
2025-12-18,GCSETCB-1724,SAMPLE SET - COMP. BUSTER,-10.00,76.54900,0,631040,T,JSGOMEZ9,,5,SAMPLE SET - COMP. BUSTER,0,0
2025-12-18,GCSETCB-1724,SAMPLE SET - COMP. BUSTER,10.00,76.54900,0,631040,T,JSGOMEZ9,,5,SAMPLE SET - COMP. BUSTER,0,0
2025-12-18,GCSETII-1724,SAMPLE SET - GII DIST.,-1.00,96.00000,0,608291,T,JSGOMEZ9,,5,SAMPLE SET - GII DIST.,0,0
2025-12-18,GCSETII-1724,SAMPLE SET - GII DIST.,1.00,96.00000,0,608291,T,JSGOMEZ9,,5,SAMPLE SET - GII DIST.,0,0
2025-12-18,GCSETSS-1724,SAMPLE SET - GII SMOOTH,-1.00,72.00000,0,608291,T,JSGOMEZ9,,5,SAMPLE SET - GII SMOOTH,0,0
2025-12-18,GCSETSS-1724,SAMPLE SET - GII SMOOTH,1.00,72.00000,0,608291,T,JSGOMEZ9,,5,SAMPLE SET - GII SMOOTH,0,0
2025-12-18,NONSTOCK,ULTRA PENETRATING STAIN YELLOW,2.00,110.23000,97.38000,0,P,LMORENO,,,NON-STOCK ITEMS,0,0
2025-12-19,GCSETAL-2228,"SAMPLE SET - 7.5"" ALLORA",-1.00,421.99840,0,634360,T,BOREGAN5,,5,"SAMPLE SET - 7.5"" ALLORA",0,0
2025-12-19,GCSETAL-2228,"SAMPLE SET - 7.5"" ALLORA",1.00,421.99840,0,634360,T,BOREGAN5,,5,"SAMPLE SET - 7.5"" ALLORA",0,0
2025-12-19,GCSETALHB-2828,SAMPLE SET - HERRINGBONE ALLOR,-1.00,226.33900,0,634360,T,BOREGAN5,,5,SAMPLE SET - HERRINGBONE ALLOR,0,0
2025-12-19,GCSETALHB-2828,SAMPLE SET - HERRINGBONE ALLOR,1.00,226.33900,0,634360,T,BOREGAN5,,5,SAMPLE SET - HERRINGBONE ALLOR,0,0
2025-12-19,GCSETII-1724,SAMPLE SET - GII DIST.,-1.00,96.00000,0,608281,T,SMORALES4,,5,SAMPLE SET - GII DIST.,0,0
2025-12-19,GCSETII-1724,SAMPLE SET - GII DIST.,1.00,96.00000,0,608281,T,SMORALES4,,5,SAMPLE SET - GII DIST.,0,0
2025-12-19,GCSETSS-1724,SAMPLE SET - GII SMOOTH,-1.00,72.00000,0,608281,T,SMORALES4,,5,SAMPLE SET - GII SMOOTH,0,0
2025-12-19,GCSETSS-1724,SAMPLE SET - GII SMOOTH,1.00,72.00000,0,608281,T,SMORALES4,,5,SAMPLE SET - GII SMOOTH,0,0
2025-12-22,GCSETCB-1724,SAMPLE SET - COMP. BUSTER,-1.00,76.54900,0,635339,T,BOREGAN5,,5,SAMPLE SET - COMP. BUSTER,0,0
2025-12-22,GCSETCB-1724,SAMPLE SET - COMP. BUSTER,1.00,76.54900,0,635339,T,BOREGAN5,,5,SAMPLE SET - COMP. BUSTER,0,0
2025-12-22,GCSETCC-1724,SAMPLE SET - CAROLINA C.,-1.00,49.86800,0,635337,T,BOREGAN5,,5,SAMPLE SET - CAROLINA C.,0,0
2025-12-22,GCSETCC-1724,SAMPLE SET - CAROLINA C.,1.00,49.86800,0,635337,T,BOREGAN5,,5,SAMPLE SET - CAROLINA C.,0,0
2025-12-22,GCSETEX-1724,SAMPLE SET - EXOTICS,-1.00,189.14900,0,635337,T,BOREGAN5,,5,SAMPLE SET - EXOTICS,0,0
2025-12-22,GCSETEX-1724,SAMPLE SET - EXOTICS,1.00,189.14900,0,635337,T,BOREGAN5,,5,SAMPLE SET - EXOTICS,0,0
2025-12-22,GCSETII-1724,SAMPLE SET - GII DIST.,-1.00,96.00000,0,635339,T,BOREGAN5,,5,SAMPLE SET - GII DIST.,0,0
2025-12-22,GCSETII-1724,SAMPLE SET - GII DIST.,1.00,96.00000,0,635339,T,BOREGAN5,,5,SAMPLE SET - GII DIST.,0,0
2025-12-22,GCSETNP-2228,SAMPLE SET - NEWPORT,-1.00,67.18500,0,635344,T,BOREGAN5,,5,SAMPLE SET - NEWPORT,0,0
2025-12-22,GCSETNP-2228,SAMPLE SET - NEWPORT,1.00,67.18500,0,635344,T,BOREGAN5,,5,SAMPLE SET - NEWPORT,0,0
2025-12-22,GCSETSS-1724,SAMPLE SET - GII SMOOTH,-1.00,72.00000,0,635339,T,BOREGAN5,,5,SAMPLE SET - GII SMOOTH,0,0
2025-12-22,GCSETSS-1724,SAMPLE SET - GII SMOOTH,1.00,72.00000,0,635339,T,BOREGAN5,,5,SAMPLE SET - GII SMOOTH,0,0
2025-12-22,GCSETSS-1724,SAMPLE SET - GII SMOOTH,-1.00,72.00000,0,635337,T,BOREGAN5,,5,SAMPLE SET - GII SMOOTH,0,0
2025-12-22,GCSETSS-1724,SAMPLE SET - GII SMOOTH,1.00,72.00000,0,635337,T,BOREGAN5,,5,SAMPLE SET - GII SMOOTH,0,0
2025-12-26,GCSETCC-1724,SAMPLE SET - CAROLINA C.,-1.00,49.86800,0,617898,T,LMORENO,,5,SAMPLE SET - CAROLINA C.,0,0
2025-12-26,GCSETCC-1724,SAMPLE SET - CAROLINA C.,1.00,49.86800,0,617898,T,LMORENO,,5,SAMPLE SET - CAROLINA C.,0,0
2025-12-26,GCSETCVA-1724,SAMPLE SET - C.V AMERICA,-1.00,184.69300,0,627299,T,LMORENO,,5,SAMPLE SET - C.V AMERICA,0,0
2025-12-26,GCSETCVA-1724,SAMPLE SET - C.V AMERICA,1.00,184.69300,0,627299,T,LMORENO,,5,SAMPLE SET - C.V AMERICA,0,0
2025-12-26,GCSETCVA-1724,SAMPLE SET - C.V AMERICA,-1.00,184.69300,0,628807,T,LMORENO,,5,SAMPLE SET - C.V AMERICA,0,0
2025-12-26,GCSETCVA-1724,SAMPLE SET - C.V AMERICA,1.00,184.69300,0,628807,T,LMORENO,,5,SAMPLE SET - C.V AMERICA,0,0
2025-12-26,GCSETCVA-1724,SAMPLE SET - C.V AMERICA,-1.00,184.69300,0,629207,T,LMORENO,,5,SAMPLE SET - C.V AMERICA,0,0
2025-12-26,GCSETCVA-1724,SAMPLE SET - C.V AMERICA,1.00,184.69300,0,629207,T,LMORENO,,5,SAMPLE SET - C.V AMERICA,0,0
2025-12-26,GCSETCVA-1724,SAMPLE SET - C.V AMERICA,-1.00,184.69300,0,629209,T,LMORENO,,5,SAMPLE SET - C.V AMERICA,0,0
2025-12-26,GCSETCVA-1724,SAMPLE SET - C.V AMERICA,1.00,184.69300,0,629209,T,LMORENO,,5,SAMPLE SET - C.V AMERICA,0,0
2025-12-26,GCSETCVA-1724,SAMPLE SET - C.V AMERICA,-1.00,184.69300,0,617334,T,LMORENO,,5,SAMPLE SET - C.V AMERICA,0,0
2025-12-26,GCSETCVA-1724,SAMPLE SET - C.V AMERICA,1.00,184.69300,0,617334,T,LMORENO,,5,SAMPLE SET - C.V AMERICA,0,0
2025-12-26,GCSETCVA-1724,SAMPLE SET - C.V AMERICA,-1.00,184.69300,0,617336,T,LMORENO,,5,SAMPLE SET - C.V AMERICA,0,0
2025-12-26,GCSETCVA-1724,SAMPLE SET - C.V AMERICA,1.00,184.69300,0,617336,T,LMORENO,,5,SAMPLE SET - C.V AMERICA,0,0
2025-12-26,GCSETCVA-1724,SAMPLE SET - C.V AMERICA,-1.00,184.69300,0,617329,T,LMORENO,,5,SAMPLE SET - C.V AMERICA,0,0
2025-12-26,GCSETCVA-1724,SAMPLE SET - C.V AMERICA,1.00,184.69300,0,617329,T,LMORENO,,5,SAMPLE SET - C.V AMERICA,0,0
2025-12-26,GCSETCVA-1724,SAMPLE SET - C.V AMERICA,-1.00,184.69300,0,617327,T,LMORENO,,5,SAMPLE SET - C.V AMERICA,0,0
2025-12-26,GCSETCVA-1724,SAMPLE SET - C.V AMERICA,1.00,184.69300,0,617327,T,LMORENO,,5,SAMPLE SET - C.V AMERICA,0,0
2025-12-26,GCSETCVA-1724,SAMPLE SET - C.V AMERICA,-1.00,184.69300,0,617332,T,LMORENO,,5,SAMPLE SET - C.V AMERICA,0,0
2025-12-26,GCSETCVA-1724,SAMPLE SET - C.V AMERICA,1.00,184.69300,0,617332,T,LMORENO,,5,SAMPLE SET - C.V AMERICA,0,0
2025-12-26,GCSETCVA-1724,SAMPLE SET - C.V AMERICA,-1.00,184.69300,0,617331,T,LMORENO,,5,SAMPLE SET - C.V AMERICA,0,0
2025-12-26,GCSETCVA-1724,SAMPLE SET - C.V AMERICA,1.00,184.69300,0,617331,T,LMORENO,,5,SAMPLE SET - C.V AMERICA,0,0
2025-12-26,GCSETCVA-1724,SAMPLE SET - C.V AMERICA,-15.00,184.69300,0,617797,T,LMORENO,,5,SAMPLE SET - C.V AMERICA,0,0
2025-12-26,GCSETCVA-1724,SAMPLE SET - C.V AMERICA,15.00,184.69300,0,617797,T,LMORENO,,5,SAMPLE SET - C.V AMERICA,0,0
2025-12-26,GCSETCVA-1724,SAMPLE SET - C.V AMERICA,-3.00,184.69300,0,617798,T,LMORENO,,5,SAMPLE SET - C.V AMERICA,0,0
2025-12-26,GCSETCVA-1724,SAMPLE SET - C.V AMERICA,3.00,184.69300,0,617798,T,LMORENO,,5,SAMPLE SET - C.V AMERICA,0,0
2025-12-26,GCSETCVA-1724,SAMPLE SET - C.V AMERICA,-1.00,184.69300,0,617898,T,LMORENO,,5,SAMPLE SET - C.V AMERICA,0,0
2025-12-26,GCSETCVA-1724,SAMPLE SET - C.V AMERICA,1.00,184.69300,0,617898,T,LMORENO,,5,SAMPLE SET - C.V AMERICA,0,0
2025-12-26,GCSETCVA-1724,SAMPLE SET - C.V AMERICA,-1.00,184.69300,0,617911,T,LMORENO,,5,SAMPLE SET - C.V AMERICA,0,0
2025-12-26,GCSETCVA-1724,SAMPLE SET - C.V AMERICA,1.00,184.69300,0,617911,T,LMORENO,,5,SAMPLE SET - C.V AMERICA,0,0
2025-12-26,GCSETCVA-1724,SAMPLE SET - C.V AMERICA,-1.00,184.69300,0,617906,T,LMORENO,,5,SAMPLE SET - C.V AMERICA,0,0
2025-12-26,GCSETCVA-1724,SAMPLE SET - C.V AMERICA,1.00,184.69300,0,617906,T,LMORENO,,5,SAMPLE SET - C.V AMERICA,0,0
2025-12-26,GCSETCVA-1724,SAMPLE SET - C.V AMERICA,-1.00,184.69300,0,617904,T,LMORENO,,5,SAMPLE SET - C.V AMERICA,0,0
2025-12-26,GCSETCVA-1724,SAMPLE SET - C.V AMERICA,1.00,184.69300,0,617904,T,LMORENO,,5,SAMPLE SET - C.V AMERICA,0,0
2025-12-26,GCSETCVA-1724,SAMPLE SET - C.V AMERICA,-1.00,184.69300,0,617903,T,LMORENO,,5,SAMPLE SET - C.V AMERICA,0,0
2025-12-26,GCSETCVA-1724,SAMPLE SET - C.V AMERICA,1.00,184.69300,0,617903,T,LMORENO,,5,SAMPLE SET - C.V AMERICA,0,0
2025-12-26,GCSETCVA-1724,SAMPLE SET - C.V AMERICA,-1.00,184.69300,0,617901,T,LMORENO,,5,SAMPLE SET - C.V AMERICA,0,0
2025-12-26,GCSETCVA-1724,SAMPLE SET - C.V AMERICA,1.00,184.69300,0,617901,T,LMORENO,,5,SAMPLE SET - C.V AMERICA,0,0
2025-12-26,GCSETCVA-1724,SAMPLE SET - C.V AMERICA,-1.00,184.69300,0,617900,T,LMORENO,,5,SAMPLE SET - C.V AMERICA,0,0
2025-12-26,GCSETCVA-1724,SAMPLE SET - C.V AMERICA,1.00,184.69300,0,617900,T,LMORENO,,5,SAMPLE SET - C.V AMERICA,0,0
2025-12-26,GCSETCVA-1724,SAMPLE SET - C.V AMERICA,-1.00,184.69300,0,622254,T,LMORENO,,5,SAMPLE SET - C.V AMERICA,0,0
2025-12-26,GCSETCVA-1724,SAMPLE SET - C.V AMERICA,1.00,184.69300,0,622254,T,LMORENO,,5,SAMPLE SET - C.V AMERICA,0,0
2025-12-26,GCSETCVA-1724,SAMPLE SET - C.V AMERICA,-1.00,184.69300,0,624959,T,LMORENO,,5,SAMPLE SET - C.V AMERICA,0,0
2025-12-26,GCSETCVA-1724,SAMPLE SET - C.V AMERICA,1.00,184.69300,0,624959,T,LMORENO,,5,SAMPLE SET - C.V AMERICA,0,0
2025-12-26,GCSETCVA-1724,SAMPLE SET - C.V AMERICA,-1.00,184.69300,0,624965,T,LMORENO,,5,SAMPLE SET - C.V AMERICA,0,0
2025-12-26,GCSETCVA-1724,SAMPLE SET - C.V AMERICA,1.00,184.69300,0,624965,T,LMORENO,,5,SAMPLE SET - C.V AMERICA,0,0
2025-12-26,GCSETEX-1724,SAMPLE SET - EXOTICS,-1.00,189.14900,0,617898,T,LMORENO,,5,SAMPLE SET - EXOTICS,0,0
2025-12-26,GCSETEX-1724,SAMPLE SET - EXOTICS,1.00,189.14900,0,617898,T,LMORENO,,5,SAMPLE SET - EXOTICS,0,0
2025-12-26,GCSETII-1724,SAMPLE SET - GII DIST.,-1.00,96.00000,0,617898,T,LMORENO,,5,SAMPLE SET - GII DIST.,0,0
2025-12-26,GCSETII-1724,SAMPLE SET - GII DIST.,1.00,96.00000,0,617898,T,LMORENO,,5,SAMPLE SET - GII DIST.,0,0
2025-12-26,GCSETSS-1724,SAMPLE SET - GII SMOOTH,-1.00,72.00000,0,617898,T,LMORENO,,5,SAMPLE SET - GII SMOOTH,0,0
2025-12-26,GCSETSS-1724,SAMPLE SET - GII SMOOTH,1.00,72.00000,0,617898,T,LMORENO,,5,SAMPLE SET - GII SMOOTH,0,0
2025-12-30,GCSETCVA-1724,SAMPLE SET - C.V AMERICA,-1.00,184.69300,0,636644,T,ERODRIGUE8,,5,SAMPLE SET - C.V AMERICA,0,0
2025-12-30,GCSETCVA-1724,SAMPLE SET - C.V AMERICA,1.00,184.69300,0,636644,T,ERODRIGUE8,,5,SAMPLE SET - C.V AMERICA,0,0
2025-12-31,GCSETII-1724,SAMPLE SET - GII DIST.,-1.00,96.00000,0,608286,T,ERODRIGUE8,,5,SAMPLE SET - GII DIST.,0,0
2025-12-31,GCSETII-1724,SAMPLE SET - GII DIST.,1.00,96.00000,0,608286,T,ERODRIGUE8,,5,SAMPLE SET - GII DIST.,0,0
2025-12-31,GCSETSS-1724,SAMPLE SET - GII SMOOTH,-1.00,72.00000,0,608286,T,ERODRIGUE8,,5,SAMPLE SET - GII SMOOTH,0,0
2025-12-31,GCSETSS-1724,SAMPLE SET - GII SMOOTH,1.00,72.00000,0,608286,T,ERODRIGUE8,,5,SAMPLE SET - GII SMOOTH,0,0
2026-01-02,GCSETII-1724,SAMPLE SET - GII DIST.,123.00,161.93000,161.93000,0,P,LMORENO,,5,SAMPLE SET - GII DIST.,0,0
2026-01-02,GCSETPS-2228,SAMPLE SET - PRIVATE SELECTION,80.00,82.16000,72.00000,637815,P,LMORENO,,5,SAMPLE SET - PRIVATE SELECTION,0,0
2026-01-02,GCSETPS-2228,SAMPLE SET - PRIVATE SELECTION,120.00,82.16000,72.00000,0,P,LMORENO,,5,SAMPLE SET - PRIVATE SELECTION,0,0
2026-01-02,GCSETSS-1724,SAMPLE SET - GII SMOOTH,123.00,115.42000,115.42000,0,P,LMORENO,,5,SAMPLE SET - GII SMOOTH,0,0
2026-01-02,NONSTOCK,GOLD LABEL METAL SHIELDS OMP,2560.00,1.26000,1.26000,0,P,LMORENO,,,NON-STOCK ITEMS,0,0
2026-01-02,NONSTOCK,EXPEDITED LEGENDS EMBLEMS,3200.00,1.26000,1.26000,0,P,LMORENO,,,NON-STOCK ITEMS,0,0
2026-01-02,NONSTOCK,EXPEDITED LEGENDS SPEC SHEET,200.00,0.26980,0.26980,0,P,LMORENO,,,NON-STOCK ITEMS,0,0
2026-01-02,NONSTOCK,EXPEDITED LEGENDS CAFFE HB STK,2500.00,0.02850,0.02850,0,P,LMORENO,,,NON-STOCK ITEMS,0,0
2026-01-02,NONSTOCK,EXPEDITED LEGENDS BACK STK,3520.00,1.82400,1.82400,0,P,LMORENO,,,NON-STOCK ITEMS,0,0
2026-01-02,NONSTOCK,EXPEDITED LEGENDS CHIP STK,3616.00,0.02850,0.02850,0,P,LMORENO,,,NON-STOCK ITEMS,0,0
2026-01-02,NONSTOCK,EXPEDITED LEGENDS FRONT STK,3876.00,0.04750,0.04750,0,P,LMORENO,,,NON-STOCK ITEMS,0,0
2026-01-02,NONSTOCK,PLYWOOD PALLETS MERIDA,21.00,13.68100,10.00000,0,P,LMORENO,,,NON-STOCK ITEMS,0,0
2026-01-02,NONSTOCK,PRIVATE SELECTION CHIPS,1440.00,0.79900,0.70000,0,P,LMORENO,,,NON-STOCK ITEMS,0,0
2026-01-02,NONSTOCK,PLYWOOD PALLETS MERIDA,21.00,13.68100,10.00000,0,P,LMORENO,,,NON-STOCK ITEMS,0,0
2026-01-05,GCSETAL-2228,"SAMPLE SET - 7.5"" ALLORA",-1.00,421.99840,0,637262,T,ERODRIGUE8,,5,"SAMPLE SET - 7.5"" ALLORA",0,0
2026-01-05,GCSETAL-2228,"SAMPLE SET - 7.5"" ALLORA",1.00,421.99840,0,637262,T,ERODRIGUE8,,5,"SAMPLE SET - 7.5"" ALLORA",0,0
2026-01-05,GCSETAL9-2828,"SAMPLE SET - 9.5"" ALLORA",-1.00,709.17160,0,637262,T,ERODRIGUE8,,5,"SAMPLE SET - 9.5"" ALLORA",0,0
2026-01-05,GCSETAL9-2828,"SAMPLE SET - 9.5"" ALLORA",1.00,709.17160,0,637262,T,ERODRIGUE8,,5,"SAMPLE SET - 9.5"" ALLORA",0,0
2026-01-05,GCSETCVA-1724,SAMPLE SET - C.V AMERICA,-1.00,184.69300,0,637262,T,ERODRIGUE8,,5,SAMPLE SET - C.V AMERICA,0,0
2026-01-05,GCSETCVA-1724,SAMPLE SET - C.V AMERICA,1.00,184.69300,0,637262,T,ERODRIGUE8,,5,SAMPLE SET - C.V AMERICA,0,0
2026-01-06,NONSTOCK,V-BOARD 2X2 48 .140,4836.00,0.47708,0.47400,0,P,LMORENO,,,NON-STOCK ITEMS,0,0
2026-01-07,GCSETCVA-1724,SAMPLE SET - C.V AMERICA,-1.00,184.69300,0,638134,T,,,5,SAMPLE SET - C.V AMERICA,0,0
2026-01-07,GCSETCVA-1724,SAMPLE SET - C.V AMERICA,1.00,184.69300,0,638134,T,,,5,SAMPLE SET - C.V AMERICA,0,0
2026-01-07,GCSETII-1724,SAMPLE SET - GII DIST.,-10.00,96.00000,0,637498,T,,,5,SAMPLE SET - GII DIST.,0,0
2026-01-07,GCSETII-1724,SAMPLE SET - GII DIST.,10.00,96.00000,0,637498,T,,,5,SAMPLE SET - GII DIST.,0,0
2026-01-07,GCSETLE-2628,SAMPLE SET - LEGENDS,100.00,232.00000,232.00000,638618,P,TONY,,5,SAMPLE SET - LEGENDS,0,0
2026-01-07,GCSETLE-2628,SAMPLE SET - LEGENDS,100.00,563.69040,0,0,A,TONY,,5,SAMPLE SET - LEGENDS,0,0
2026-01-07,GCSETNP-2228,SAMPLE SET - NEWPORT,-1.00,67.18500,0,638134,T,,,5,SAMPLE SET - NEWPORT,0,0
2026-01-07,GCSETNP-2228,SAMPLE SET - NEWPORT,1.00,67.18500,0,638134,T,,,5,SAMPLE SET - NEWPORT,0,0
2026-01-07,GCSETPS-2228,SAMPLE SET - PRIVATE SELECTION,-2.00,82.16000,0,637498,T,,,5,SAMPLE SET - PRIVATE SELECTION,0,0
2026-01-07,GCSETPS-2228,SAMPLE SET - PRIVATE SELECTION,2.00,82.16000,0,637498,T,,,5,SAMPLE SET - PRIVATE SELECTION,0,0
2026-01-07,NONSTOCK,LEGENDS SPEC SHEET,4880.00,0.34380,0.26980,0,P,LMORENO,,,NON-STOCK ITEMS,0,0
2026-01-07,NONSTOCK,LEGENDS FRONT STICKERS,6800.00,0.05750,0.04750,0,P,LMORENO,,,NON-STOCK ITEMS,0,0
2026-01-07,NONSTOCK,LEGENDS MDF BACKBOARD W/STKR,8000.00,7.39900,4.95900,0,P,LMORENO,,,NON-STOCK ITEMS,0,0
2026-01-07,NONSTOCK,LEGENDS CHIP STICKERS,16150.00,0.03450,0.02850,0,P,LMORENO,,,NON-STOCK ITEMS,0,0
2026-01-09,GCSETII-1724,SAMPLE SET - GII DIST.,-10.00,96.00000,0,637815,T,LMORENO,,5,SAMPLE SET - GII DIST.,0,0
2026-01-09,GCSETII-1724,SAMPLE SET - GII DIST.,10.00,96.00000,0,637815,T,LMORENO,,5,SAMPLE SET - GII DIST.,0,0
2026-01-09,GCSETII-1724,SAMPLE SET - GII DIST.,-1.00,96.00000,0,638645,T,ERODRIGUE8,,5,SAMPLE SET - GII DIST.,0,0
2026-01-09,GCSETII-1724,SAMPLE SET - GII DIST.,1.00,96.00000,0,638645,T,ERODRIGUE8,,5,SAMPLE SET - GII DIST.,0,0
2026-01-09,GCSETPS-2228,SAMPLE SET - PRIVATE SELECTION,-2.00,82.16000,0,637815,T,LMORENO,,5,SAMPLE SET - PRIVATE SELECTION,0,0
2026-01-09,GCSETPS-2228,SAMPLE SET - PRIVATE SELECTION,2.00,82.16000,0,637815,T,LMORENO,,5,SAMPLE SET - PRIVATE SELECTION,0,0
2026-01-09,GCSETPS-2228,SAMPLE SET - PRIVATE SELECTION,-1.00,82.16000,0,638655,T,JGUTIERRE6,,5,SAMPLE SET - PRIVATE SELECTION,0,0
2026-01-09,GCSETPS-2228,SAMPLE SET - PRIVATE SELECTION,1.00,82.16000,0,638655,T,JGUTIERRE6,,5,SAMPLE SET - PRIVATE SELECTION,0,0
2026-01-09,GCSETPS-2228,SAMPLE SET - PRIVATE SELECTION,-1.00,82.16000,0,638656,T,ERODRIGUE8,,5,SAMPLE SET - PRIVATE SELECTION,0,0
2026-01-09,GCSETPS-2228,SAMPLE SET - PRIVATE SELECTION,1.00,82.16000,0,638656,T,ERODRIGUE8,,5,SAMPLE SET - PRIVATE SELECTION,0,0
2026-01-09,GCSETPS-2228,SAMPLE SET - PRIVATE SELECTION,-1.00,82.16000,0,638657,T,JSGOMEZ9,,5,SAMPLE SET - PRIVATE SELECTION,0,0
2026-01-09,GCSETPS-2228,SAMPLE SET - PRIVATE SELECTION,1.00,82.16000,0,638657,T,JSGOMEZ9,,5,SAMPLE SET - PRIVATE SELECTION,0,0
2026-01-09,GCSETPS-2228,SAMPLE SET - PRIVATE SELECTION,-1.00,82.16000,0,638650,T,AIBARRA3,,5,SAMPLE SET - PRIVATE SELECTION,0,0
2026-01-09,GCSETPS-2228,SAMPLE SET - PRIVATE SELECTION,1.00,82.16000,0,638650,T,AIBARRA3,,5,SAMPLE SET - PRIVATE SELECTION,0,0
2026-01-09,GCSETPS-2228,SAMPLE SET - PRIVATE SELECTION,-1.00,82.16000,0,638651,T,CSANCHEZ4,,5,SAMPLE SET - PRIVATE SELECTION,0,0
2026-01-09,GCSETPS-2228,SAMPLE SET - PRIVATE SELECTION,1.00,82.16000,0,638651,T,CSANCHEZ4,,5,SAMPLE SET - PRIVATE SELECTION,0,0
2026-01-09,GCSETSS-1724,SAMPLE SET - GII SMOOTH,-1.00,72.00000,0,638645,T,ERODRIGUE8,,5,SAMPLE SET - GII SMOOTH,0,0
2026-01-09,GCSETSS-1724,SAMPLE SET - GII SMOOTH,1.00,72.00000,0,638645,T,ERODRIGUE8,,5,SAMPLE SET - GII SMOOTH,0,0
2026-01-12,GCSETII-1724,SAMPLE SET - GII DIST.,-1.00,96.00000,0,638642,T,JGUTIERRE6,,5,SAMPLE SET - GII DIST.,0,0
2026-01-12,GCSETII-1724,SAMPLE SET - GII DIST.,1.00,96.00000,0,638642,T,JGUTIERRE6,,5,SAMPLE SET - GII DIST.,0,0
2026-01-12,GCSETII-1724,SAMPLE SET - GII DIST.,-1.00,96.00000,0,638624,T,AIBARRA3,,5,SAMPLE SET - GII DIST.,0,0
2026-01-12,GCSETII-1724,SAMPLE SET - GII DIST.,1.00,96.00000,0,638624,T,AIBARRA3,,5,SAMPLE SET - GII DIST.,0,0
2026-01-12,GCSETII-1724,SAMPLE SET - GII DIST.,-1.00,96.00000,0,638625,T,CSANCHEZ4,,5,SAMPLE SET - GII DIST.,0,0
2026-01-12,GCSETII-1724,SAMPLE SET - GII DIST.,1.00,96.00000,0,638625,T,CSANCHEZ4,,5,SAMPLE SET - GII DIST.,0,0
2026-01-12,GCSETLE-2628,SAMPLE SET - LEGENDS,-1.00,563.69040,0,638661,T,ERODRIGUE8,,5,SAMPLE SET - LEGENDS,0,0
2026-01-12,GCSETLE-2628,SAMPLE SET - LEGENDS,1.00,563.69040,0,638661,T,ERODRIGUE8,,5,SAMPLE SET - LEGENDS,0,0
2026-01-12,GCSETLE-2628,SAMPLE SET - LEGENDS,-1.00,563.69040,0,638672,T,ERODRIGUE8,,5,SAMPLE SET - LEGENDS,0,0
2026-01-12,GCSETLE-2628,SAMPLE SET - LEGENDS,1.00,563.69040,0,638672,T,ERODRIGUE8,,5,SAMPLE SET - LEGENDS,0,0
2026-01-12,GCSETLE-2628,SAMPLE SET - LEGENDS,-1.00,563.69040,0,638659,T,ERODRIGUE8,,5,SAMPLE SET - LEGENDS,0,0
2026-01-12,GCSETLE-2628,SAMPLE SET - LEGENDS,1.00,563.69040,0,638659,T,ERODRIGUE8,,5,SAMPLE SET - LEGENDS,0,0
2026-01-12,GCSETLE-2628,SAMPLE SET - LEGENDS,-1.00,563.69040,0,638649,T,ERODRIGUE8,,5,SAMPLE SET - LEGENDS,0,0
2026-01-12,GCSETLE-2628,SAMPLE SET - LEGENDS,1.00,563.69040,0,638649,T,ERODRIGUE8,,5,SAMPLE SET - LEGENDS,0,0
2026-01-12,GCSETLE-2628,SAMPLE SET - LEGENDS,-1.00,563.69040,0,638662,T,ERODRIGUE8,,5,SAMPLE SET - LEGENDS,0,0
2026-01-12,GCSETLE-2628,SAMPLE SET - LEGENDS,1.00,563.69040,0,638662,T,ERODRIGUE8,,5,SAMPLE SET - LEGENDS,0,0
2026-01-12,GCSETLE-2628,SAMPLE SET - LEGENDS,-1.00,563.69040,0,638665,T,CSANCHEZ4,,5,SAMPLE SET - LEGENDS,0,0
2026-01-12,GCSETLE-2628,SAMPLE SET - LEGENDS,1.00,563.69040,0,638665,T,CSANCHEZ4,,5,SAMPLE SET - LEGENDS,0,0
2026-01-12,GCSETSS-1724,SAMPLE SET - GII SMOOTH,-1.00,72.00000,0,638642,T,JGUTIERRE6,,5,SAMPLE SET - GII SMOOTH,0,0
2026-01-12,GCSETSS-1724,SAMPLE SET - GII SMOOTH,1.00,72.00000,0,638642,T,JGUTIERRE6,,5,SAMPLE SET - GII SMOOTH,0,0
2026-01-12,GCSETSS-1724,SAMPLE SET - GII SMOOTH,-1.00,72.00000,0,638624,T,AIBARRA3,,5,SAMPLE SET - GII SMOOTH,0,0
2026-01-12,GCSETSS-1724,SAMPLE SET - GII SMOOTH,1.00,72.00000,0,638624,T,AIBARRA3,,5,SAMPLE SET - GII SMOOTH,0,0
2026-01-12,GCSETSS-1724,SAMPLE SET - GII SMOOTH,-1.00,72.00000,0,638625,T,CSANCHEZ4,,5,SAMPLE SET - GII SMOOTH,0,0
2026-01-12,GCSETSS-1724,SAMPLE SET - GII SMOOTH,1.00,72.00000,0,638625,T,CSANCHEZ4,,5,SAMPLE SET - GII SMOOTH,0,0
2026-01-12,NONSTOCK,"32"" TRASH PICKER",1.00,23.00000,23.00000,0,P,LMORENO,,,NON-STOCK ITEMS,0,0
2026-01-12,NONSTOCK,"4X20"" 2MIL INDUST POLY BAGS",1.00,53.00000,53.00000,642223,P,LMORENO,,,NON-STOCK ITEMS,0,0
2026-01-12,NONSTOCK,BACK SUPPORT BELT 3XL,2.00,26.00000,26.00000,0,P,LMORENO,,,NON-STOCK ITEMS,0,0
2026-01-12,NONSTOCK,UNIVERSAL WAIST BACK BELT,3.00,27.00000,27.00000,0,P,LMORENO,,,NON-STOCK ITEMS,0,0
2026-01-12,NONSTOCK,BUBBLE MAILERS CASE OF 100,4.00,46.00000,46.00000,0,P,LMORENO,,,NON-STOCK ITEMS,0,0
2026-01-12,NONSTOCK,"24"" FOAM ROLL",6.00,83.00000,83.00000,0,P,LMORENO,,,NON-STOCK ITEMS,0,0
2026-01-12,NONSTOCK,BACK SUPPORT BELT MEDIUM,6.00,26.00000,26.00000,0,P,LMORENO,,,NON-STOCK ITEMS,0,0
2026-01-12,NONSTOCK,BACK SUPPORT BELT LARGE,6.00,26.00000,26.00000,0,P,LMORENO,,,NON-STOCK ITEMS,0,0
2026-01-12,NONSTOCK,12 X 9 X 9 BOXES,100.00,0.83000,0.83000,0,P,LMORENO,,,NON-STOCK ITEMS,0,0
2026-01-12,NONSTOCK,15 X 10 X 12 BOXES,100.00,1.90000,1.90000,0,P,LMORENO,,,NON-STOCK ITEMS,0,0
2026-01-12,NONSTOCK,12 X 7 X 5 BOXES,100.00,0.89000,0.89000,0,P,LMORENO,,,NON-STOCK ITEMS,0,0
2026-01-13,GCSETII-1724,SAMPLE SET - GII DIST.,-1.00,96.00000,0,638639,T,BOREGAN5,,5,SAMPLE SET - GII DIST.,0,0
2026-01-13,GCSETII-1724,SAMPLE SET - GII DIST.,1.00,96.00000,0,638639,T,BOREGAN5,,5,SAMPLE SET - GII DIST.,0,0
2026-01-13,GCSETPS-2228,SAMPLE SET - PRIVATE SELECTION,-1.00,82.16000,0,638653,T,BOREGAN5,,5,SAMPLE SET - PRIVATE SELECTION,0,0
2026-01-13,GCSETPS-2228,SAMPLE SET - PRIVATE SELECTION,1.00,82.16000,0,638653,T,BOREGAN5,,5,SAMPLE SET - PRIVATE SELECTION,0,0
2026-01-13,GCSETSS-1724,SAMPLE SET - GII SMOOTH,-1.00,72.00000,0,638639,T,BOREGAN5,,5,SAMPLE SET - GII SMOOTH,0,0
2026-01-13,GCSETSS-1724,SAMPLE SET - GII SMOOTH,1.00,72.00000,0,638639,T,BOREGAN5,,5,SAMPLE SET - GII SMOOTH,0,0
2026-01-13,NONSTOCK,LEGENDS EMBLEMS,7680.00,1.26000,1.26000,0,P,LMORENO,,,NON-STOCK ITEMS,0,0
2026-01-14,GCSETII-1724,SAMPLE SET - GII DIST.,-1.00,96.00000,0,608280,T,LMORENO,,5,SAMPLE SET - GII DIST.,0,0
2026-01-14,GCSETII-1724,SAMPLE SET - GII DIST.,1.00,96.00000,0,608280,T,LMORENO,,5,SAMPLE SET - GII DIST.,0,0
2026-01-14,GCSETII-1724,SAMPLE SET - GII DIST.,-1.00,96.00000,0,608284,T,LMORENO,,5,SAMPLE SET - GII DIST.,0,0
2026-01-14,GCSETII-1724,SAMPLE SET - GII DIST.,1.00,96.00000,0,608284,T,LMORENO,,5,SAMPLE SET - GII DIST.,0,0
2026-01-14,GCSETSS-1724,SAMPLE SET - GII SMOOTH,-1.00,72.00000,0,608280,T,LMORENO,,5,SAMPLE SET - GII SMOOTH,0,0
2026-01-14,GCSETSS-1724,SAMPLE SET - GII SMOOTH,1.00,72.00000,0,608280,T,LMORENO,,5,SAMPLE SET - GII SMOOTH,0,0
2026-01-14,GCSETSS-1724,SAMPLE SET - GII SMOOTH,-1.00,72.00000,0,608284,T,LMORENO,,5,SAMPLE SET - GII SMOOTH,0,0
2026-01-14,GCSETSS-1724,SAMPLE SET - GII SMOOTH,1.00,72.00000,0,608284,T,LMORENO,,5,SAMPLE SET - GII SMOOTH,0,0
2026-01-15,GCSETAL-2228,"SAMPLE SET - 7.5"" ALLORA",-1.00,421.99840,0,640020,T,,,5,"SAMPLE SET - 7.5"" ALLORA",0,0
2026-01-15,GCSETAL-2228,"SAMPLE SET - 7.5"" ALLORA",1.00,421.99840,0,640020,T,,,5,"SAMPLE SET - 7.5"" ALLORA",0,0
2026-01-15,GCSETAL9-2828,"SAMPLE SET - 9.5"" ALLORA",-1.00,709.17160,0,640020,T,,,5,"SAMPLE SET - 9.5"" ALLORA",0,0
2026-01-15,GCSETAL9-2828,"SAMPLE SET - 9.5"" ALLORA",1.00,709.17160,0,640020,T,,,5,"SAMPLE SET - 9.5"" ALLORA",0,0
2026-01-15,GCSETCB-1724,SAMPLE SET - COMP. BUSTER,-1.00,76.54900,0,640020,T,,,5,SAMPLE SET - COMP. BUSTER,0,0
2026-01-15,GCSETCB-1724,SAMPLE SET - COMP. BUSTER,1.00,76.54900,0,640020,T,,,5,SAMPLE SET - COMP. BUSTER,0,0
2026-01-15,GCSETCC-1724,SAMPLE SET - CAROLINA C.,-1.00,49.86800,0,640020,T,,,5,SAMPLE SET - CAROLINA C.,0,0
2026-01-15,GCSETCC-1724,SAMPLE SET - CAROLINA C.,1.00,49.86800,0,640020,T,,,5,SAMPLE SET - CAROLINA C.,0,0
2026-01-15,GCSETII-1724,SAMPLE SET - GII DIST.,-1.00,96.00000,0,640020,T,,,5,SAMPLE SET - GII DIST.,0,0
2026-01-15,GCSETII-1724,SAMPLE SET - GII DIST.,1.00,96.00000,0,640020,T,,,5,SAMPLE SET - GII DIST.,0,0
2026-01-15,GCSETNP-2228,SAMPLE SET - NEWPORT,-1.00,67.18500,0,640020,T,,,5,SAMPLE SET - NEWPORT,0,0
2026-01-15,GCSETNP-2228,SAMPLE SET - NEWPORT,1.00,67.18500,0,640020,T,,,5,SAMPLE SET - NEWPORT,0,0
2026-01-15,GCSETSS-1724,SAMPLE SET - GII SMOOTH,-1.00,72.00000,0,640020,T,,,5,SAMPLE SET - GII SMOOTH,0,0
2026-01-15,GCSETSS-1724,SAMPLE SET - GII SMOOTH,1.00,72.00000,0,640020,T,,,5,SAMPLE SET - GII SMOOTH,0,0
2026-01-15,NONSTOCK,FREE TAPE GUN,1.00,0,0,0,P,LMORENO,,,NON-STOCK ITEMS,0,0
2026-01-15,NONSTOCK,PANASONIC INDUSTRIAL MICROWAVE,1.00,385.00000,385.00000,0,P,LMORENO,,,NON-STOCK ITEMS,0,0
2026-01-15,NONSTOCK,POLY BOX TRUCK FOR RECEIVING,1.00,335.00000,335.00000,0,P,LMORENO,,,NON-STOCK ITEMS,0,0
2026-01-15,NONSTOCK,TOILET PAPER DISPENSER,8.00,24.00000,24.00000,0,P,LMORENO,,,NON-STOCK ITEMS,0,0
2026-01-16,GCSETII-1724,SAMPLE SET - GII DIST.,-1.00,161.93000,0,640043,T,JSGOMEZ9,,5,SAMPLE SET - GII DIST.,0,0
2026-01-16,GCSETII-1724,SAMPLE SET - GII DIST.,1.00,161.93000,0,640043,T,JSGOMEZ9,,5,SAMPLE SET - GII DIST.,0,0
2026-01-16,GCSETII-1724,SAMPLE SET - GII DIST.,-1.00,161.93000,0,640037,T,JSGOMEZ9,,5,SAMPLE SET - GII DIST.,0,0
2026-01-16,GCSETII-1724,SAMPLE SET - GII DIST.,1.00,161.93000,0,640037,T,JSGOMEZ9,,5,SAMPLE SET - GII DIST.,0,0
2026-01-16,GCSETII-1724,SAMPLE SET - GII DIST.,-1.00,96.00000,0,640017,T,JSGOMEZ9,,5,SAMPLE SET - GII DIST.,0,0
2026-01-16,GCSETII-1724,SAMPLE SET - GII DIST.,1.00,96.00000,0,640017,T,JSGOMEZ9,,5,SAMPLE SET - GII DIST.,0,0
2026-01-16,GCSETII-1724,SAMPLE SET - GII DIST.,-1.00,161.93000,0,640042,T,JSGOMEZ9,,5,SAMPLE SET - GII DIST.,0,0
2026-01-16,GCSETII-1724,SAMPLE SET - GII DIST.,1.00,161.93000,0,640042,T,JSGOMEZ9,,5,SAMPLE SET - GII DIST.,0,0
2026-01-16,GCSETII-1724,SAMPLE SET - GII DIST.,-1.00,161.93000,0,640057,T,JSGOMEZ9,,5,SAMPLE SET - GII DIST.,0,0
2026-01-16,GCSETII-1724,SAMPLE SET - GII DIST.,1.00,161.93000,0,640057,T,JSGOMEZ9,,5,SAMPLE SET - GII DIST.,0,0
2026-01-16,GCSETII-1724,SAMPLE SET - GII DIST.,-1.00,161.93000,0,640044,T,JSGOMEZ9,,5,SAMPLE SET - GII DIST.,0,0
2026-01-16,GCSETII-1724,SAMPLE SET - GII DIST.,1.00,161.93000,0,640044,T,JSGOMEZ9,,5,SAMPLE SET - GII DIST.,0,0
2026-01-16,GCSETII-1724,SAMPLE SET - GII DIST.,-1.00,96.00000,0,640022,T,JSGOMEZ9,,5,SAMPLE SET - GII DIST.,0,0
2026-01-16,GCSETII-1724,SAMPLE SET - GII DIST.,1.00,96.00000,0,640022,T,JSGOMEZ9,,5,SAMPLE SET - GII DIST.,0,0
2026-01-16,GCSETII-1724,SAMPLE SET - GII DIST.,-1.00,96.00000,0,640027,T,JSGOMEZ9,,5,SAMPLE SET - GII DIST.,0,0
2026-01-16,GCSETII-1724,SAMPLE SET - GII DIST.,1.00,96.00000,0,640027,T,JSGOMEZ9,,5,SAMPLE SET - GII DIST.,0,0
2026-01-16,GCSETII-1724,SAMPLE SET - GII DIST.,-1.00,96.00000,0,640036,T,JSGOMEZ9,,5,SAMPLE SET - GII DIST.,0,0
2026-01-16,GCSETII-1724,SAMPLE SET - GII DIST.,1.00,96.00000,0,640036,T,JSGOMEZ9,,5,SAMPLE SET - GII DIST.,0,0
2026-01-16,GCSETII-1724,SAMPLE SET - GII DIST.,-1.00,96.00000,0,640034,T,JSGOMEZ9,,5,SAMPLE SET - GII DIST.,0,0
2026-01-16,GCSETII-1724,SAMPLE SET - GII DIST.,1.00,96.00000,0,640034,T,JSGOMEZ9,,5,SAMPLE SET - GII DIST.,0,0
2026-01-16,GCSETII-1724,SAMPLE SET - GII DIST.,-1.00,96.00000,0,640025,T,JSGOMEZ9,,5,SAMPLE SET - GII DIST.,0,0
2026-01-16,GCSETII-1724,SAMPLE SET - GII DIST.,1.00,96.00000,0,640025,T,JSGOMEZ9,,5,SAMPLE SET - GII DIST.,0,0
2026-01-16,GCSETII-1724,SAMPLE SET - GII DIST.,-1.00,96.00000,0,640029,T,JSGOMEZ9,,5,SAMPLE SET - GII DIST.,0,0
2026-01-16,GCSETII-1724,SAMPLE SET - GII DIST.,1.00,96.00000,0,640029,T,JSGOMEZ9,,5,SAMPLE SET - GII DIST.,0,0
2026-01-16,GCSETII-1724,SAMPLE SET - GII DIST.,-1.00,161.93000,0,640039,T,JSGOMEZ9,,5,SAMPLE SET - GII DIST.,0,0
2026-01-16,GCSETII-1724,SAMPLE SET - GII DIST.,1.00,161.93000,0,640039,T,JSGOMEZ9,,5,SAMPLE SET - GII DIST.,0,0
2026-01-16,GCSETII-1724,SAMPLE SET - GII DIST.,-1.00,96.00000,0,640021,T,JSGOMEZ9,,5,SAMPLE SET - GII DIST.,0,0
2026-01-16,GCSETII-1724,SAMPLE SET - GII DIST.,1.00,96.00000,0,640021,T,JSGOMEZ9,,5,SAMPLE SET - GII DIST.,0,0
2026-01-16,GCSETII-1724,SAMPLE SET - GII DIST.,-1.00,161.93000,0,640040,T,JSGOMEZ9,,5,SAMPLE SET - GII DIST.,0,0
2026-01-16,GCSETII-1724,SAMPLE SET - GII DIST.,1.00,161.93000,0,640040,T,JSGOMEZ9,,5,SAMPLE SET - GII DIST.,0,0
2026-01-16,GCSETSS-1724,SAMPLE SET - GII SMOOTH,-1.00,115.42000,0,640043,T,JSGOMEZ9,,5,SAMPLE SET - GII SMOOTH,0,0
2026-01-16,GCSETSS-1724,SAMPLE SET - GII SMOOTH,1.00,115.42000,0,640043,T,JSGOMEZ9,,5,SAMPLE SET - GII SMOOTH,0,0
2026-01-16,GCSETSS-1724,SAMPLE SET - GII SMOOTH,-1.00,72.00000,0,640037,T,JSGOMEZ9,,5,SAMPLE SET - GII SMOOTH,0,0
2026-01-16,GCSETSS-1724,SAMPLE SET - GII SMOOTH,1.00,72.00000,0,640037,T,JSGOMEZ9,,5,SAMPLE SET - GII SMOOTH,0,0
2026-01-16,GCSETSS-1724,SAMPLE SET - GII SMOOTH,-1.00,72.00000,0,640017,T,JSGOMEZ9,,5,SAMPLE SET - GII SMOOTH,0,0
2026-01-16,GCSETSS-1724,SAMPLE SET - GII SMOOTH,1.00,72.00000,0,640017,T,JSGOMEZ9,,5,SAMPLE SET - GII SMOOTH,0,0
2026-01-16,GCSETSS-1724,SAMPLE SET - GII SMOOTH,-1.00,115.42000,0,640057,T,JSGOMEZ9,,5,SAMPLE SET - GII SMOOTH,0,0
2026-01-16,GCSETSS-1724,SAMPLE SET - GII SMOOTH,1.00,115.42000,0,640057,T,JSGOMEZ9,,5,SAMPLE SET - GII SMOOTH,0,0
2026-01-16,GCSETSS-1724,SAMPLE SET - GII SMOOTH,-1.00,115.42000,0,640044,T,JSGOMEZ9,,5,SAMPLE SET - GII SMOOTH,0,0
2026-01-16,GCSETSS-1724,SAMPLE SET - GII SMOOTH,1.00,115.42000,0,640044,T,JSGOMEZ9,,5,SAMPLE SET - GII SMOOTH,0,0
2026-01-16,GCSETSS-1724,SAMPLE SET - GII SMOOTH,-1.00,72.00000,0,640022,T,JSGOMEZ9,,5,SAMPLE SET - GII SMOOTH,0,0
2026-01-16,GCSETSS-1724,SAMPLE SET - GII SMOOTH,1.00,72.00000,0,640022,T,JSGOMEZ9,,5,SAMPLE SET - GII SMOOTH,0,0
2026-01-16,GCSETSS-1724,SAMPLE SET - GII SMOOTH,-1.00,72.00000,0,640027,T,JSGOMEZ9,,5,SAMPLE SET - GII SMOOTH,0,0
2026-01-16,GCSETSS-1724,SAMPLE SET - GII SMOOTH,1.00,72.00000,0,640027,T,JSGOMEZ9,,5,SAMPLE SET - GII SMOOTH,0,0
2026-01-16,GCSETSS-1724,SAMPLE SET - GII SMOOTH,-1.00,72.00000,0,640036,T,JSGOMEZ9,,5,SAMPLE SET - GII SMOOTH,0,0
2026-01-16,GCSETSS-1724,SAMPLE SET - GII SMOOTH,1.00,72.00000,0,640036,T,JSGOMEZ9,,5,SAMPLE SET - GII SMOOTH,0,0
2026-01-16,GCSETSS-1724,SAMPLE SET - GII SMOOTH,-1.00,72.00000,0,640034,T,JSGOMEZ9,,5,SAMPLE SET - GII SMOOTH,0,0
2026-01-16,GCSETSS-1724,SAMPLE SET - GII SMOOTH,1.00,72.00000,0,640034,T,JSGOMEZ9,,5,SAMPLE SET - GII SMOOTH,0,0
2026-01-16,GCSETSS-1724,SAMPLE SET - GII SMOOTH,-1.00,72.00000,0,640025,T,JSGOMEZ9,,5,SAMPLE SET - GII SMOOTH,0,0
2026-01-16,GCSETSS-1724,SAMPLE SET - GII SMOOTH,1.00,72.00000,0,640025,T,JSGOMEZ9,,5,SAMPLE SET - GII SMOOTH,0,0
2026-01-16,GCSETSS-1724,SAMPLE SET - GII SMOOTH,-1.00,72.00000,0,640029,T,JSGOMEZ9,,5,SAMPLE SET - GII SMOOTH,0,0
2026-01-16,GCSETSS-1724,SAMPLE SET - GII SMOOTH,1.00,72.00000,0,640029,T,JSGOMEZ9,,5,SAMPLE SET - GII SMOOTH,0,0
2026-01-16,GCSETSS-1724,SAMPLE SET - GII SMOOTH,-1.00,72.00000,0,640039,T,JSGOMEZ9,,5,SAMPLE SET - GII SMOOTH,0,0
2026-01-16,GCSETSS-1724,SAMPLE SET - GII SMOOTH,1.00,72.00000,0,640039,T,JSGOMEZ9,,5,SAMPLE SET - GII SMOOTH,0,0
2026-01-16,GCSETSS-1724,SAMPLE SET - GII SMOOTH,-1.00,72.00000,0,640021,T,JSGOMEZ9,,5,SAMPLE SET - GII SMOOTH,0,0
2026-01-16,GCSETSS-1724,SAMPLE SET - GII SMOOTH,1.00,72.00000,0,640021,T,JSGOMEZ9,,5,SAMPLE SET - GII SMOOTH,0,0
2026-01-16,GCSETSS-1724,SAMPLE SET - GII SMOOTH,-1.00,72.00000,0,640040,T,JSGOMEZ9,,5,SAMPLE SET - GII SMOOTH,0,0
2026-01-16,GCSETSS-1724,SAMPLE SET - GII SMOOTH,1.00,72.00000,0,640040,T,JSGOMEZ9,,5,SAMPLE SET - GII SMOOTH,0,0
2026-01-19,GCSETCB-1724,SAMPLE SET - COMP. BUSTER,-1.00,76.54900,0,639694,T,BOREGAN5,,5,SAMPLE SET - COMP. BUSTER,0,0
2026-01-19,GCSETCB-1724,SAMPLE SET - COMP. BUSTER,1.00,76.54900,0,639694,T,BOREGAN5,,5,SAMPLE SET - COMP. BUSTER,0,0
2026-01-19,GCSETLE-2628,SAMPLE SET - LEGENDS,-1.00,212.00000,0,639846,T,BOREGAN5,,5,SAMPLE SET - LEGENDS,0,0
2026-01-19,GCSETLE-2628,SAMPLE SET - LEGENDS,1.00,212.00000,0,639846,T,BOREGAN5,,5,SAMPLE SET - LEGENDS,0,0
2026-01-19,GCSETLE-2628,SAMPLE SET - LEGENDS,-1.00,212.00000,0,640805,T,JRIVERA1,,5,SAMPLE SET - LEGENDS,0,0
2026-01-19,GCSETLE-2628,SAMPLE SET - LEGENDS,1.00,212.00000,0,640805,T,JRIVERA1,,5,SAMPLE SET - LEGENDS,0,0
2026-01-19,GCSETSS-1724,SAMPLE SET - GII SMOOTH,-1.00,72.00000,0,639817,T,BOREGAN5,,5,SAMPLE SET - GII SMOOTH,0,0
2026-01-19,GCSETSS-1724,SAMPLE SET - GII SMOOTH,1.00,72.00000,0,639817,T,BOREGAN5,,5,SAMPLE SET - GII SMOOTH,0,0
2026-01-19,GCSETSS-1724,SAMPLE SET - GII SMOOTH,-1.00,72.00000,0,639694,T,BOREGAN5,,5,SAMPLE SET - GII SMOOTH,0,0
2026-01-19,GCSETSS-1724,SAMPLE SET - GII SMOOTH,1.00,72.00000,0,639694,T,BOREGAN5,,5,SAMPLE SET - GII SMOOTH,0,0
2026-01-22,GCSETBH-2828,SAMPLE SET - BEVERLY HILLS,200.00,214.20000,180.00000,611255,P,LMORENO,,5,SAMPLE SET - BEVERLY HILLS,0,0
2026-01-22,GCSETLE-2628,SAMPLE SET - LEGENDS,-1.00,563.69040,0,640766,T,BOREGAN5,,5,SAMPLE SET - LEGENDS,0,0
2026-01-22,GCSETLE-2628,SAMPLE SET - LEGENDS,1.00,563.69040,0,640766,T,BOREGAN5,,5,SAMPLE SET - LEGENDS,0,0
2026-01-22,GCSETLE-2628,SAMPLE SET - LEGENDS,-1.00,563.69040,0,640019,T,BOREGAN5,,5,SAMPLE SET - LEGENDS,0,0
2026-01-22,GCSETLE-2628,SAMPLE SET - LEGENDS,1.00,563.69040,0,640019,T,BOREGAN5,,5,SAMPLE SET - LEGENDS,0,0
2026-01-22,GCSETLE-2628,SAMPLE SET - LEGENDS,-1.00,563.69040,0,638667,T,BOREGAN5,,5,SAMPLE SET - LEGENDS,0,0
2026-01-22,GCSETLE-2628,SAMPLE SET - LEGENDS,1.00,563.69040,0,638667,T,BOREGAN5,,5,SAMPLE SET - LEGENDS,0,0
2026-01-22,GCSETLE-2628,SAMPLE SET - LEGENDS,-1.00,563.69040,0,638674,T,LMORENO,,5,SAMPLE SET - LEGENDS,0,0
2026-01-22,GCSETLE-2628,SAMPLE SET - LEGENDS,1.00,563.69040,0,638674,T,LMORENO,,5,SAMPLE SET - LEGENDS,0,0
2026-01-22,GCSETLE-2628,SAMPLE SET - LEGENDS,-1.00,563.69040,0,638676,T,LMORENO,,5,SAMPLE SET - LEGENDS,0,0
2026-01-22,GCSETLE-2628,SAMPLE SET - LEGENDS,1.00,563.69040,0,638676,T,LMORENO,,5,SAMPLE SET - LEGENDS,0,0
2026-01-22,GCSETLE-2628,SAMPLE SET - LEGENDS,-1.00,563.69040,0,638668,T,MCASTRO6,,5,SAMPLE SET - LEGENDS,0,0
2026-01-22,GCSETLE-2628,SAMPLE SET - LEGENDS,1.00,563.69040,0,638668,T,MCASTRO6,,5,SAMPLE SET - LEGENDS,0,0
2026-01-22,GCSETLE-2628,SAMPLE SET - LEGENDS,-1.00,563.69040,0,641650,T,ERODRIGUE8,,5,SAMPLE SET - LEGENDS,0,0
2026-01-22,GCSETLE-2628,SAMPLE SET - LEGENDS,1.00,563.69040,0,641650,T,ERODRIGUE8,,5,SAMPLE SET - LEGENDS,0,0
2026-01-22,GCSETLE-2628,SAMPLE SET - LEGENDS,-1.00,563.69040,0,641648,T,ERODRIGUE8,,5,SAMPLE SET - LEGENDS,0,0
2026-01-22,GCSETLE-2628,SAMPLE SET - LEGENDS,1.00,563.69040,0,641648,T,ERODRIGUE8,,5,SAMPLE SET - LEGENDS,0,0
2026-01-22,GCSETLE-2628,SAMPLE SET - LEGENDS,-1.00,563.69040,0,640807,T,ERODRIGUE8,,5,SAMPLE SET - LEGENDS,0,0
2026-01-22,GCSETLE-2628,SAMPLE SET - LEGENDS,1.00,563.69040,0,640807,T,ERODRIGUE8,,5,SAMPLE SET - LEGENDS,0,0
2026-01-22,GCSETLE-2628,SAMPLE SET - LEGENDS,-1.00,563.69040,0,638670,T,ERODRIGUE8,,5,SAMPLE SET - LEGENDS,0,0
2026-01-22,GCSETLE-2628,SAMPLE SET - LEGENDS,1.00,563.69040,0,638670,T,ERODRIGUE8,,5,SAMPLE SET - LEGENDS,0,0
2026-01-22,GCSETPS-2228,SAMPLE SET - PRIVATE SELECTION,-1.00,82.16000,0,640019,T,BOREGAN5,,5,SAMPLE SET - PRIVATE SELECTION,0,0
2026-01-22,GCSETPS-2228,SAMPLE SET - PRIVATE SELECTION,1.00,82.16000,0,640019,T,BOREGAN5,,5,SAMPLE SET - PRIVATE SELECTION,0,0
2026-01-22,NONSTOCK,BEVERLY HILLS CHIPS,2000.00,1.54700,1.30000,0,P,LMORENO,,,NON-STOCK ITEMS,0,0
2026-01-23,GCSETII-1724,SAMPLE SET - GII DIST.,-1.00,96.00000,0,639817,T,BOREGAN5,,5,SAMPLE SET - GII DIST.,0,0
2026-01-23,GCSETII-1724,SAMPLE SET - GII DIST.,1.00,96.00000,0,639817,T,BOREGAN5,,5,SAMPLE SET - GII DIST.,0,0
2026-01-23,GCSETII-1724,SAMPLE SET - GII DIST.,-1.00,96.00000,0,638647,T,JSGOMEZ9,,5,SAMPLE SET - GII DIST.,0,0
2026-01-23,GCSETII-1724,SAMPLE SET - GII DIST.,1.00,96.00000,0,638647,T,JSGOMEZ9,,5,SAMPLE SET - GII DIST.,0,0
2026-01-23,GCSETLE-2628,SAMPLE SET - LEGENDS,-1.00,212.00000,0,641553,T,BOREGAN5,,5,SAMPLE SET - LEGENDS,0,0
2026-01-23,GCSETLE-2628,SAMPLE SET - LEGENDS,1.00,212.00000,0,641553,T,BOREGAN5,,5,SAMPLE SET - LEGENDS,0,0
2026-01-23,GCSETLE-2628,SAMPLE SET - LEGENDS,-1.00,212.00000,0,641552,T,BOREGAN5,,5,SAMPLE SET - LEGENDS,0,0
2026-01-23,GCSETLE-2628,SAMPLE SET - LEGENDS,1.00,212.00000,0,641552,T,BOREGAN5,,5,SAMPLE SET - LEGENDS,0,0
2026-01-23,GCSETLE-2628,SAMPLE SET - LEGENDS,-1.00,563.69040,0,638671,T,JSGOMEZ9,,5,SAMPLE SET - LEGENDS,0,0
2026-01-23,GCSETLE-2628,SAMPLE SET - LEGENDS,1.00,563.69040,0,638671,T,JSGOMEZ9,,5,SAMPLE SET - LEGENDS,0,0
2026-01-23,GCSETPS-2228,SAMPLE SET - PRIVATE SELECTION,-1.00,82.16000,0,641552,T,BOREGAN5,,5,SAMPLE SET - PRIVATE SELECTION,0,0
2026-01-23,GCSETPS-2228,SAMPLE SET - PRIVATE SELECTION,1.00,82.16000,0,641552,T,BOREGAN5,,5,SAMPLE SET - PRIVATE SELECTION,0,0
2026-01-23,GCSETSS-1724,SAMPLE SET - GII SMOOTH,-1.00,72.00000,0,638647,T,JSGOMEZ9,,5,SAMPLE SET - GII SMOOTH,0,0
2026-01-23,GCSETSS-1724,SAMPLE SET - GII SMOOTH,1.00,72.00000,0,638647,T,JSGOMEZ9,,5,SAMPLE SET - GII SMOOTH,0,0
2026-01-23,NONSTOCK,"NEW PALLETS 48"" X 86""",100.00,41.50000,41.50000,0,P,LMORENO,,,NON-STOCK ITEMS,0,0
2026-01-23,NONSTOCK,ULTRA PENETRATING YELLOW M5210,2.00,110.94500,97.38000,0,P,LMORENO,,,NON-STOCK ITEMS,0,0
2026-01-26,GCSETCVA-1724,SAMPLE SET - C.V AMERICA,-1.00,184.69300,0,642162,T,JLEWIS5,,5,SAMPLE SET - C.V AMERICA,0,0
2026-01-26,GCSETCVA-1724,SAMPLE SET - C.V AMERICA,1.00,184.69300,0,642162,T,JLEWIS5,,5,SAMPLE SET - C.V AMERICA,0,0
2026-01-27,GCSETLE-2628,SAMPLE SET - LEGENDS,-1.00,563.69040,0,638664,T,AIBARRA3,,5,SAMPLE SET - LEGENDS,0,0
2026-01-27,GCSETLE-2628,SAMPLE SET - LEGENDS,1.00,563.69040,0,638664,T,AIBARRA3,,5,SAMPLE SET - LEGENDS,0,0
2026-01-28,GCSETBH-2828,SAMPLE SET - BEVERLY HILLS,-1.00,179.71200,0,0,A,LMORENO,,5,SAMPLE SET - BEVERLY HILLS,0,0
2026-01-28,GCSETBH-2828,SAMPLE SET - BEVERLY HILLS,1.00,179.71200,0,0,A,LMORENO,,5,SAMPLE SET - BEVERLY HILLS,0,0
2026-01-28,GCSETBH-2828,SAMPLE SET - BEVERLY HILLS,-1.00,214.20000,0,643308,T,,,5,SAMPLE SET - BEVERLY HILLS,0,0
2026-01-28,GCSETBH-2828,SAMPLE SET - BEVERLY HILLS,-1.00,214.20000,0,643324,T,,,5,SAMPLE SET - BEVERLY HILLS,0,0
2026-01-28,GCSETBH-2828,SAMPLE SET - BEVERLY HILLS,-1.00,214.20000,0,643322,T,,,5,SAMPLE SET - BEVERLY HILLS,0,0
2026-01-28,GCSETBH-2828,SAMPLE SET - BEVERLY HILLS,-1.00,214.20000,0,643291,T,,,5,SAMPLE SET - BEVERLY HILLS,0,0
2026-01-28,GCSETBH-2828,SAMPLE SET - BEVERLY HILLS,-1.00,214.20000,0,643296,T,,,5,SAMPLE SET - BEVERLY HILLS,0,0
2026-01-28,GCSETBH-2828,SAMPLE SET - BEVERLY HILLS,-1.00,214.20000,0,643289,T,,,5,SAMPLE SET - BEVERLY HILLS,0,0
2026-01-28,GCSETBH-2828,SAMPLE SET - BEVERLY HILLS,1.00,214.20000,0,643308,T,,,5,SAMPLE SET - BEVERLY HILLS,0,0
2026-01-28,GCSETBH-2828,SAMPLE SET - BEVERLY HILLS,1.00,214.20000,0,643324,T,,,5,SAMPLE SET - BEVERLY HILLS,0,0
2026-01-28,GCSETBH-2828,SAMPLE SET - BEVERLY HILLS,1.00,214.20000,0,643322,T,,,5,SAMPLE SET - BEVERLY HILLS,0,0
2026-01-28,GCSETBH-2828,SAMPLE SET - BEVERLY HILLS,1.00,214.20000,0,643291,T,,,5,SAMPLE SET - BEVERLY HILLS,0,0
2026-01-28,GCSETBH-2828,SAMPLE SET - BEVERLY HILLS,1.00,214.20000,0,643296,T,,,5,SAMPLE SET - BEVERLY HILLS,0,0
2026-01-28,GCSETBH-2828,SAMPLE SET - BEVERLY HILLS,1.00,214.20000,0,643289,T,,,5,SAMPLE SET - BEVERLY HILLS,0,0
2026-01-29,GCSETAL9-2828,"SAMPLE SET - 9.5"" ALLORA",-1.00,709.17160,0,639017,T,,,5,"SAMPLE SET - 9.5"" ALLORA",0,0
2026-01-29,GCSETAL9-2828,"SAMPLE SET - 9.5"" ALLORA",1.00,709.17160,0,639017,T,,,5,"SAMPLE SET - 9.5"" ALLORA",0,0
2026-01-29,GCSETCVA-1724,SAMPLE SET - C.V AMERICA,-1.00,184.69300,0,639017,T,,,5,SAMPLE SET - C.V AMERICA,0,0
2026-01-29,GCSETCVA-1724,SAMPLE SET - C.V AMERICA,1.00,184.69300,0,639017,T,,,5,SAMPLE SET - C.V AMERICA,0,0
2026-01-29,GCSETII-1724,SAMPLE SET - GII DIST.,-1.00,96.00000,0,639017,T,,,5,SAMPLE SET - GII DIST.,0,0
2026-01-29,GCSETII-1724,SAMPLE SET - GII DIST.,1.00,96.00000,0,639017,T,,,5,SAMPLE SET - GII DIST.,0,0
2026-01-29,GCSETLE-2628,SAMPLE SET - LEGENDS,-1.00,563.69040,0,643675,T,BOREGAN5,,5,SAMPLE SET - LEGENDS,0,0
2026-01-29,GCSETLE-2628,SAMPLE SET - LEGENDS,1.00,563.69040,0,643675,T,BOREGAN5,,5,SAMPLE SET - LEGENDS,0,0
2026-01-29,GCSETLE-2628,SAMPLE SET - LEGENDS,-1.00,212.00000,0,639017,T,,,5,SAMPLE SET - LEGENDS,0,0
2026-01-29,GCSETLE-2628,SAMPLE SET - LEGENDS,1.00,212.00000,0,639017,T,,,5,SAMPLE SET - LEGENDS,0,0
2026-01-29,GCSETNP-2228,SAMPLE SET - NEWPORT,-1.00,67.18500,0,639017,T,,,5,SAMPLE SET - NEWPORT,0,0
2026-01-29,GCSETNP-2228,SAMPLE SET - NEWPORT,1.00,67.18500,0,639017,T,,,5,SAMPLE SET - NEWPORT,0,0
2026-01-29,GCSETSS-1724,SAMPLE SET - GII SMOOTH,-1.00,72.00000,0,639017,T,,,5,SAMPLE SET - GII SMOOTH,0,0
2026-01-29,GCSETSS-1724,SAMPLE SET - GII SMOOTH,1.00,72.00000,0,639017,T,,,5,SAMPLE SET - GII SMOOTH,0,0
2026-01-29,NONSTOCK,V-BOARD 2X2 48 .140,1.00,1159.90000,1145.00000,0,P,LMORENO,,,NON-STOCK ITEMS,0,0
2026-01-29,NONSTOCK,WORK GLOVES 12PK XL,1.00,27.00000,27.00000,0,P,LMORENO,,,NON-STOCK ITEMS,0,0
2026-01-29,NONSTOCK,WORK GLOVES 12PK MED,1.00,27.00000,27.00000,0,P,LMORENO,,,NON-STOCK ITEMS,0,0
2026-01-29,NONSTOCK,WORK GLOVES 11PK L,1.00,27.00000,27.00000,0,P,LMORENO,,,NON-STOCK ITEMS,0,0
2026-01-29,NONSTOCK,INDST SWEEPING COMPOUND - 50LB,6.00,29.00000,29.00000,0,P,LMORENO,,,NON-STOCK ITEMS,0,0
2026-01-29,NONSTOCK,25' TAPE MEASURE,6.00,9.00000,9.00000,0,P,LMORENO,,,NON-STOCK ITEMS,0,0
2026-01-29,NONSTOCK,"2"" STOP TAPE",36.00,5.80000,5.80000,0,P,LMORENO,,,NON-STOCK ITEMS,0,0
2026-01-29,NONSTOCK,FREE TAPE GUN PACK,1.00,0,0,0,P,LMORENO,,,NON-STOCK ITEMS,0,0
2026-01-29,NONSTOCK,FOLDING HAND TRUCK - 275 LB,1.00,190.00000,190.00000,0,P,LMORENO,,,NON-STOCK ITEMS,0,0
2026-01-29,NONSTOCK,"STRAPPING SEALS 5/8"" 1000PK",6.00,91.00000,91.00000,0,P,LMORENO,,,NON-STOCK ITEMS,0,0
2026-01-30,GCSETBH-2828,SAMPLE SET - BEVERLY HILLS,-1.00,214.20000,0,643415,T,,,5,SAMPLE SET - BEVERLY HILLS,0,0
2026-01-30,GCSETBH-2828,SAMPLE SET - BEVERLY HILLS,-1.00,214.20000,0,643331,T,,,5,SAMPLE SET - BEVERLY HILLS,0,0
2026-01-30,GCSETBH-2828,SAMPLE SET - BEVERLY HILLS,-1.00,214.20000,0,643413,T,,,5,SAMPLE SET - BEVERLY HILLS,0,0
2026-01-30,GCSETBH-2828,SAMPLE SET - BEVERLY HILLS,-1.00,214.20000,0,643406,T,,,5,SAMPLE SET - BEVERLY HILLS,0,0
2026-01-30,GCSETBH-2828,SAMPLE SET - BEVERLY HILLS,-1.00,214.20000,0,643397,T,,,5,SAMPLE SET - BEVERLY HILLS,0,0
2026-01-30,GCSETBH-2828,SAMPLE SET - BEVERLY HILLS,-1.00,214.20000,0,643418,T,,,5,SAMPLE SET - BEVERLY HILLS,0,0
2026-01-30,GCSETBH-2828,SAMPLE SET - BEVERLY HILLS,1.00,214.20000,0,643415,T,,,5,SAMPLE SET - BEVERLY HILLS,0,0
2026-01-30,GCSETBH-2828,SAMPLE SET - BEVERLY HILLS,1.00,214.20000,0,643331,T,,,5,SAMPLE SET - BEVERLY HILLS,0,0
2026-01-30,GCSETBH-2828,SAMPLE SET - BEVERLY HILLS,1.00,214.20000,0,643413,T,,,5,SAMPLE SET - BEVERLY HILLS,0,0
2026-01-30,GCSETBH-2828,SAMPLE SET - BEVERLY HILLS,1.00,214.20000,0,643406,T,,,5,SAMPLE SET - BEVERLY HILLS,0,0
2026-01-30,GCSETBH-2828,SAMPLE SET - BEVERLY HILLS,1.00,214.20000,0,643397,T,,,5,SAMPLE SET - BEVERLY HILLS,0,0
2026-01-30,GCSETBH-2828,SAMPLE SET - BEVERLY HILLS,1.00,214.20000,0,643418,T,,,5,SAMPLE SET - BEVERLY HILLS,0,0
2026-01-30,GCSETCC-1724,SAMPLE SET - CAROLINA C.,-1.00,49.86800,0,639920,T,,,5,SAMPLE SET - CAROLINA C.,0,0
2026-01-30,GCSETCC-1724,SAMPLE SET - CAROLINA C.,1.00,49.86800,0,639920,T,,,5,SAMPLE SET - CAROLINA C.,0,0
2026-01-30,GCSETII-1724,SAMPLE SET - GII DIST.,-1.00,96.00000,0,639920,T,,,5,SAMPLE SET - GII DIST.,0,0
2026-01-30,GCSETII-1724,SAMPLE SET - GII DIST.,1.00,96.00000,0,639920,T,,,5,SAMPLE SET - GII DIST.,0,0
2026-01-30,GCSETPS-2228,SAMPLE SET - PRIVATE SELECTION,-1.00,82.16000,0,639920,T,,,5,SAMPLE SET - PRIVATE SELECTION,0,0
2026-01-30,GCSETPS-2228,SAMPLE SET - PRIVATE SELECTION,1.00,82.16000,0,639920,T,,,5,SAMPLE SET - PRIVATE SELECTION,0,0
2026-01-30,GCSETSS-1724,SAMPLE SET - GII SMOOTH,-1.00,72.00000,0,639920,T,,,5,SAMPLE SET - GII SMOOTH,0,0
2026-01-30,GCSETSS-1724,SAMPLE SET - GII SMOOTH,1.00,72.00000,0,639920,T,,,5,SAMPLE SET - GII SMOOTH,0,0
2026-01-30,NONSTOCK,"6""ID X 95""OL-.125 KRAFT TUBE",84.00,12.59418,10.10000,0,P,LMORENO,,,NON-STOCK ITEMS,0,0
2026-01-30,NONSTOCK,"4""ID X 95""OL-.125 KRAFT TUBE",180.00,9.55160,7.66000,0,P,LMORENO,,,NON-STOCK ITEMS,0,0
2026-01-30,NONSTOCK,"6"" WHITE PLASTIC PLUG",168.00,0,0,0,P,LMORENO,,,NON-STOCK ITEMS,0,0
2026-01-30,NONSTOCK,"4"" WHITE MAX PLASTIC PLUG",360.00,0,0,0,P,LMORENO,,,NON-STOCK ITEMS,0,0
2026-02-02,GCSETEX-1724,SAMPLE SET - EXOTICS,200.00,175.35400,117.00000,0,P,LMORENO,,5,SAMPLE SET - EXOTICS,0,0
2026-02-02,GCSETII-1724B,SAMPLE SET - GII DIST. 3/3,65.00,42.00000,42.00000,0,P,TONY,,5,SAMPLE SET - GII DIST. 3/3,0,0
2026-02-02,GCSETLE-2628,SAMPLE SET - LEGENDS,-1.00,563.69040,0,644413,T,ERODRIGUE8,,5,SAMPLE SET - LEGENDS,0,0
2026-02-02,GCSETLE-2628,SAMPLE SET - LEGENDS,1.00,563.69040,0,644413,T,ERODRIGUE8,,5,SAMPLE SET - LEGENDS,0,0
2026-02-02,GCSETSS-1724B,SAMPLE SET - GII SMOOTH 3/3,65.00,28.00000,28.00000,0,P,TONY,,5,SAMPLE SET - GII SMOOTH 3/3,0,0
2026-02-02,NONSTOCK,"4""X4""X10'UTIL.GREEEN DOUG FIR",30.00,11.34000,11.34000,0,P,LMORENO,,,NON-STOCK ITEMS,0,0
2026-02-02,NONSTOCK,EXOTICS SAMPLE CHIPS,2700.00,1.19900,0.80000,0,P,LMORENO,,,NON-STOCK ITEMS,0,0
2026-02-03,GCSETAL-2228,"SAMPLE SET - 7.5"" ALLORA",-1.00,421.99840,0,644433,T,,,5,"SAMPLE SET - 7.5"" ALLORA",0,0
2026-02-03,GCSETAL-2228,"SAMPLE SET - 7.5"" ALLORA",1.00,421.99840,0,644433,T,,,5,"SAMPLE SET - 7.5"" ALLORA",0,0
2026-02-03,GCSETAL9-2828,"SAMPLE SET - 9.5"" ALLORA",-1.00,709.17160,0,643786,T,,,5,"SAMPLE SET - 9.5"" ALLORA",0,0
2026-02-03,GCSETAL9-2828,"SAMPLE SET - 9.5"" ALLORA",1.00,709.17160,0,643786,T,,,5,"SAMPLE SET - 9.5"" ALLORA",0,0
2026-02-03,GCSETBH-2828,SAMPLE SET - BEVERLY HILLS,-1.00,214.20000,0,642946,T,ERODRIGUE8,,5,SAMPLE SET - BEVERLY HILLS,0,0
2026-02-03,GCSETBH-2828,SAMPLE SET - BEVERLY HILLS,1.00,214.20000,0,642946,T,ERODRIGUE8,,5,SAMPLE SET - BEVERLY HILLS,0,0
2026-02-03,GCSETBH-2828,SAMPLE SET - BEVERLY HILLS,-1.00,214.20000,0,644415,T,ERODRIGUE8,,5,SAMPLE SET - BEVERLY HILLS,0,0
2026-02-03,GCSETBH-2828,SAMPLE SET - BEVERLY HILLS,1.00,214.20000,0,644415,T,ERODRIGUE8,,5,SAMPLE SET - BEVERLY HILLS,0,0
2026-02-03,GCSETBH-2828,SAMPLE SET - BEVERLY HILLS,-1.00,214.20000,0,644883,T,ERODRIGUE8,,5,SAMPLE SET - BEVERLY HILLS,0,0
2026-02-03,GCSETBH-2828,SAMPLE SET - BEVERLY HILLS,1.00,214.20000,0,644883,T,ERODRIGUE8,,5,SAMPLE SET - BEVERLY HILLS,0,0
2026-02-03,GCSETBH-2828,SAMPLE SET - BEVERLY HILLS,-1.00,214.20000,0,644882,T,ERODRIGUE8,,5,SAMPLE SET - BEVERLY HILLS,0,0
2026-02-03,GCSETBH-2828,SAMPLE SET - BEVERLY HILLS,1.00,214.20000,0,644882,T,ERODRIGUE8,,5,SAMPLE SET - BEVERLY HILLS,0,0
2026-02-03,GCSETBH-2828,SAMPLE SET - BEVERLY HILLS,-1.00,214.20000,0,644880,T,ERODRIGUE8,,5,SAMPLE SET - BEVERLY HILLS,0,0
2026-02-03,GCSETBH-2828,SAMPLE SET - BEVERLY HILLS,1.00,214.20000,0,644880,T,ERODRIGUE8,,5,SAMPLE SET - BEVERLY HILLS,0,0
2026-02-03,GCSETBH-2828,SAMPLE SET - BEVERLY HILLS,-1.00,214.20000,0,644433,T,,,5,SAMPLE SET - BEVERLY HILLS,0,0
2026-02-03,GCSETBH-2828,SAMPLE SET - BEVERLY HILLS,1.00,214.20000,0,644433,T,,,5,SAMPLE SET - BEVERLY HILLS,0,0
2026-02-03,GCSETCB-1724,SAMPLE SET - COMP. BUSTER,-1.00,76.54900,0,644881,T,ERODRIGUE8,,5,SAMPLE SET - COMP. BUSTER,0,0
2026-02-03,GCSETCB-1724,SAMPLE SET - COMP. BUSTER,1.00,76.54900,0,644881,T,ERODRIGUE8,,5,SAMPLE SET - COMP. BUSTER,0,0
2026-02-03,GCSETCC-1724,SAMPLE SET - CAROLINA C.,-1.00,49.86800,0,644433,T,,,5,SAMPLE SET - CAROLINA C.,0,0
2026-02-03,GCSETCC-1724,SAMPLE SET - CAROLINA C.,1.00,49.86800,0,644433,T,,,5,SAMPLE SET - CAROLINA C.,0,0
2026-02-03,GCSETNP-2228,SAMPLE SET - NEWPORT,-1.00,67.18500,0,644433,T,,,5,SAMPLE SET - NEWPORT,0,0
2026-02-03,GCSETNP-2228,SAMPLE SET - NEWPORT,1.00,67.18500,0,644433,T,,,5,SAMPLE SET - NEWPORT,0,0
2026-02-03,NONSTOCK,PLYWOOD PALLETS MERIDA,20.00,13.67400,10.00000,0,P,LMORENO,,,NON-STOCK ITEMS,0,0
2026-02-04,GCSETBH-2828,SAMPLE SET - BEVERLY HILLS,-1.00,214.20000,0,642944,T,MCASTRO6,,5,SAMPLE SET - BEVERLY HILLS,0,0
2026-02-04,GCSETBH-2828,SAMPLE SET - BEVERLY HILLS,1.00,214.20000,0,642944,T,MCASTRO6,,5,SAMPLE SET - BEVERLY HILLS,0,0
2026-02-05,GCSETBH-2828,SAMPLE SET - BEVERLY HILLS,-1.00,214.20000,0,645371,T,CSANCHEZ4,,5,SAMPLE SET - BEVERLY HILLS,0,0
2026-02-05,GCSETBH-2828,SAMPLE SET - BEVERLY HILLS,1.00,214.20000,0,645371,T,CSANCHEZ4,,5,SAMPLE SET - BEVERLY HILLS,0,0
2026-02-06,GCSETLE-2628,SAMPLE SET - LEGENDS,-1.00,563.69040,0,645409,T,,,5,SAMPLE SET - LEGENDS,0,0
2026-02-06,GCSETLE-2628,SAMPLE SET - LEGENDS,-1.00,563.69040,0,645285,T,,,5,SAMPLE SET - LEGENDS,0,0
2026-02-06,GCSETLE-2628,SAMPLE SET - LEGENDS,1.00,563.69040,0,645409,T,,,5,SAMPLE SET - LEGENDS,0,0
2026-02-06,GCSETLE-2628,SAMPLE SET - LEGENDS,1.00,563.69040,0,645285,T,,,5,SAMPLE SET - LEGENDS,0,0
2026-02-06,GCSETLE-2628,SAMPLE SET - LEGENDS,-1.00,563.69040,0,642347,T,,,5,SAMPLE SET - LEGENDS,0,0
2026-02-06,GCSETLE-2628,SAMPLE SET - LEGENDS,1.00,563.69040,0,642347,T,,,5,SAMPLE SET - LEGENDS,0,0
2026-02-06,GCSETLE-2628,SAMPLE SET - LEGENDS,-1.00,563.69040,0,645302,T,,,5,SAMPLE SET - LEGENDS,0,0
2026-02-06,GCSETLE-2628,SAMPLE SET - LEGENDS,1.00,563.69040,0,645302,T,,,5,SAMPLE SET - LEGENDS,0,0
2026-02-10,GCSETBH-2828,SAMPLE SET - BEVERLY HILLS,-1.00,214.20000,0,645234,T,,,5,SAMPLE SET - BEVERLY HILLS,0,0
2026-02-10,GCSETBH-2828,SAMPLE SET - BEVERLY HILLS,1.00,214.20000,0,645234,T,,,5,SAMPLE SET - BEVERLY HILLS,0,0
2026-02-10,NONSTOCK,"4X20"" 2MIL INDUST POLY BAGS",-1.00,53.00000,53.00000,0,Z,LMORENO,,,NON-STOCK ITEMS,0,0
2026-02-11,GCSETBH-2828,SAMPLE SET - BEVERLY HILLS,-1.00,214.20000,0,644370,T,BOREGAN5,,5,SAMPLE SET - BEVERLY HILLS,0,0
2026-02-11,GCSETBH-2828,SAMPLE SET - BEVERLY HILLS,1.00,214.20000,0,644370,T,BOREGAN5,,5,SAMPLE SET - BEVERLY HILLS,0,0
2026-02-11,GCSETBH-2828,SAMPLE SET - BEVERLY HILLS,-1.00,214.20000,0,642943,T,BOREGAN5,,5,SAMPLE SET - BEVERLY HILLS,0,0
2026-02-11,GCSETBH-2828,SAMPLE SET - BEVERLY HILLS,1.00,214.20000,0,642943,T,BOREGAN5,,5,SAMPLE SET - BEVERLY HILLS,0,0
2026-02-11,GCSETBH-2828,SAMPLE SET - BEVERLY HILLS,-1.00,214.20000,0,642935,T,LMORENO,,5,SAMPLE SET - BEVERLY HILLS,0,0
2026-02-11,GCSETBH-2828,SAMPLE SET - BEVERLY HILLS,1.00,214.20000,0,642935,T,LMORENO,,5,SAMPLE SET - BEVERLY HILLS,0,0
2026-02-11,GCSETGL-2828-1,SAMPLE SET - GOLD LABEL 1 OF 2,-2.00,92.79000,0,563003,T,JRIVERA1,,5,SAMPLE SET - GOLD LABEL 1 OF 2,0,0
2026-02-11,GCSETGL-2828-1,SAMPLE SET - GOLD LABEL 1 OF 2,2.00,92.79000,0,563003,T,JRIVERA1,,5,SAMPLE SET - GOLD LABEL 1 OF 2,0,0
2026-02-11,GCSETGL-2828-2,SAMPLE SET - GOLD LABEL 2 OF 2,-2.00,37.50000,0,563003,T,JRIVERA1,,5,SAMPLE SET - GOLD LABEL 2 OF 2,0,0
2026-02-11,GCSETGL-2828-2,SAMPLE SET - GOLD LABEL 2 OF 2,2.00,37.50000,0,563003,T,JRIVERA1,,5,SAMPLE SET - GOLD LABEL 2 OF 2,0,0
2026-02-11,GCSETII-2528,SAMPLE SET - GII DIST. *OMP*,-7.00,293.58000,0,563003,T,JRIVERA1,,5,SAMPLE SET - GII DIST. *OMP*,0,0
2026-02-11,GCSETII-2528,SAMPLE SET - GII DIST. *OMP*,7.00,293.58000,0,563003,T,JRIVERA1,,5,SAMPLE SET - GII DIST. *OMP*,0,0
2026-02-11,GCSETLE-2628,SAMPLE SET - LEGENDS,-1.00,563.69040,0,644370,T,BOREGAN5,,5,SAMPLE SET - LEGENDS,0,0
2026-02-11,GCSETLE-2628,SAMPLE SET - LEGENDS,1.00,563.69040,0,644370,T,BOREGAN5,,5,SAMPLE SET - LEGENDS,0,0
2026-02-11,GCSETLE-2628,SAMPLE SET - LEGENDS,-1.00,563.69040,0,645235,T,,,5,SAMPLE SET - LEGENDS,0,0
2026-02-11,GCSETLE-2628,SAMPLE SET - LEGENDS,-1.00,563.69040,0,645390,T,,,5,SAMPLE SET - LEGENDS,0,0
2026-02-11,GCSETLE-2628,SAMPLE SET - LEGENDS,-1.00,563.69040,0,645228,T,,,5,SAMPLE SET - LEGENDS,0,0
2026-02-11,GCSETLE-2628,SAMPLE SET - LEGENDS,-1.00,563.69040,0,645201,T,,,5,SAMPLE SET - LEGENDS,0,0
2026-02-11,GCSETLE-2628,SAMPLE SET - LEGENDS,1.00,563.69040,0,645235,T,,,5,SAMPLE SET - LEGENDS,0,0
2026-02-11,GCSETLE-2628,SAMPLE SET - LEGENDS,1.00,563.69040,0,645390,T,,,5,SAMPLE SET - LEGENDS,0,0
2026-02-11,GCSETLE-2628,SAMPLE SET - LEGENDS,1.00,563.69040,0,645228,T,,,5,SAMPLE SET - LEGENDS,0,0
2026-02-11,GCSETLE-2628,SAMPLE SET - LEGENDS,1.00,563.69040,0,645201,T,,,5,SAMPLE SET - LEGENDS,0,0
2026-02-11,GCSETNP-2228,SAMPLE SET - NEWPORT,-1.00,67.18500,0,646892,T,,,5,SAMPLE SET - NEWPORT,0,0
2026-02-11,GCSETNP-2228,SAMPLE SET - NEWPORT,1.00,67.18500,0,646892,T,,,5,SAMPLE SET - NEWPORT,0,0
2026-02-11,GCSETPS-2228,SAMPLE SET - PRIVATE SELECTION,-1.00,145.14800,0,600768,T,JRIVERA1,,5,SAMPLE SET - PRIVATE SELECTION,0,0
2026-02-11,GCSETPS-2228,SAMPLE SET - PRIVATE SELECTION,1.00,145.14800,0,600768,T,JRIVERA1,,5,SAMPLE SET - PRIVATE SELECTION,0,0
2026-02-11,GCSETP2-2428,SAMPLE SET - PARALLELS 2.0,-1.00,14.99200,0,646955,T,,,5,SAMPLE SET - PARALLELS 2.0,0,0
2026-02-11,GCSETP2-2428,SAMPLE SET - PARALLELS 2.0,1.00,14.99200,0,646955,T,,,5,SAMPLE SET - PARALLELS 2.0,0,0
2026-02-11,GCSETSS-1724PL,SAMPLE SET - GII SMOOTH <N/L>,-4.00,135.80000,0,563003,T,JRIVERA1,,5,SAMPLE SET - GII SMOOTH <N/L>,0,0
2026-02-11,GCSETSS-1724PL,SAMPLE SET - GII SMOOTH <N/L>,4.00,135.80000,0,563003,T,JRIVERA1,,5,SAMPLE SET - GII SMOOTH <N/L>,0,0
2026-02-12,GCSETAL9-2828,"SAMPLE SET - 9.5"" ALLORA",-1.00,709.17160,0,647004,T,,,5,"SAMPLE SET - 9.5"" ALLORA",0,0
2026-02-12,GCSETAL9-2828,"SAMPLE SET - 9.5"" ALLORA",1.00,709.17160,0,647004,T,,,5,"SAMPLE SET - 9.5"" ALLORA",0,0
2026-02-12,GCSETBH-2828,SAMPLE SET - BEVERLY HILLS,-1.00,214.20000,0,642947,T,JSGOMEZ9,,5,SAMPLE SET - BEVERLY HILLS,0,0
2026-02-12,GCSETBH-2828,SAMPLE SET - BEVERLY HILLS,1.00,214.20000,0,642947,T,JSGOMEZ9,,5,SAMPLE SET - BEVERLY HILLS,0,0
2026-02-12,GCSETLE-2628,SAMPLE SET - LEGENDS,-1.00,563.69040,0,645233,T,,,5,SAMPLE SET - LEGENDS,0,0
2026-02-12,GCSETLE-2628,SAMPLE SET - LEGENDS,-1.00,563.69040,0,645280,T,,,5,SAMPLE SET - LEGENDS,0,0
2026-02-12,GCSETLE-2628,SAMPLE SET - LEGENDS,-1.00,563.69040,0,645232,T,,,5,SAMPLE SET - LEGENDS,0,0
2026-02-12,GCSETLE-2628,SAMPLE SET - LEGENDS,1.00,563.69040,0,645233,T,,,5,SAMPLE SET - LEGENDS,0,0
2026-02-12,GCSETLE-2628,SAMPLE SET - LEGENDS,1.00,563.69040,0,645280,T,,,5,SAMPLE SET - LEGENDS,0,0
2026-02-12,GCSETLE-2628,SAMPLE SET - LEGENDS,1.00,563.69040,0,645232,T,,,5,SAMPLE SET - LEGENDS,0,0
2026-02-12,GCSETLE-2628,SAMPLE SET - LEGENDS,-1.00,563.69040,0,645239,T,,,5,SAMPLE SET - LEGENDS,0,0
2026-02-12,GCSETLE-2628,SAMPLE SET - LEGENDS,1.00,563.69040,0,645239,T,,,5,SAMPLE SET - LEGENDS,0,0
2026-02-12,GCSETNP-2228,SAMPLE SET - NEWPORT,-1.00,67.18500,0,647307,T,,,5,SAMPLE SET - NEWPORT,0,0
2026-02-12,GCSETNP-2228,SAMPLE SET - NEWPORT,1.00,67.18500,0,647307,T,,,5,SAMPLE SET - NEWPORT,0,0
2026-02-13,GCSETBH-2828,SAMPLE SET - BEVERLY HILLS,-1.00,214.20000,0,646651,T,,,5,SAMPLE SET - BEVERLY HILLS,0,0
2026-02-13,GCSETBH-2828,SAMPLE SET - BEVERLY HILLS,1.00,214.20000,0,646651,T,,,5,SAMPLE SET - BEVERLY HILLS,0,0
2026-02-13,GCSETLE-2628,SAMPLE SET - LEGENDS,-1.00,563.69040,0,646849,T,,,5,SAMPLE SET - LEGENDS,0,0
2026-02-13,GCSETLE-2628,SAMPLE SET - LEGENDS,1.00,563.69040,0,646849,T,,,5,SAMPLE SET - LEGENDS,0,0
2026-02-14,GCSETLE-2628,SAMPLE SET - LEGENDS,-1.00,563.69040,0,647358,T,BOREGAN5,,5,SAMPLE SET - LEGENDS,0,0
2026-02-14,GCSETLE-2628,SAMPLE SET - LEGENDS,1.00,563.69040,0,647358,T,BOREGAN5,,5,SAMPLE SET - LEGENDS,0,0
2026-02-14,GCSETLE-2628,SAMPLE SET - LEGENDS,-1.00,563.69040,0,647337,T,BOREGAN5,,5,SAMPLE SET - LEGENDS,0,0
2026-02-14,GCSETLE-2628,SAMPLE SET - LEGENDS,1.00,563.69040,0,647337,T,BOREGAN5,,5,SAMPLE SET - LEGENDS,0,0
2026-02-14,GCSETLE-2628,SAMPLE SET - LEGENDS,-1.00,563.69040,0,647340,T,BOREGAN5,,5,SAMPLE SET - LEGENDS,0,0
2026-02-14,GCSETLE-2628,SAMPLE SET - LEGENDS,1.00,563.69040,0,647340,T,BOREGAN5,,5,SAMPLE SET - LEGENDS,0,0
2026-02-14,GCSETLE-2628,SAMPLE SET - LEGENDS,-1.00,563.69040,0,647291,T,BOREGAN5,,5,SAMPLE SET - LEGENDS,0,0
2026-02-14,GCSETLE-2628,SAMPLE SET - LEGENDS,1.00,563.69040,0,647291,T,BOREGAN5,,5,SAMPLE SET - LEGENDS,0,0
2026-02-14,GCSETLE-2628,SAMPLE SET - LEGENDS,-1.00,563.69040,0,647516,T,BOREGAN5,,5,SAMPLE SET - LEGENDS,0,0
2026-02-14,GCSETLE-2628,SAMPLE SET - LEGENDS,1.00,563.69040,0,647516,T,BOREGAN5,,5,SAMPLE SET - LEGENDS,0,0
2026-02-16,NONSTOCK,PALLETS,18.00,13.84800,10.00000,0,P,LMORENO,,,NON-STOCK ITEMS,0,0
2026-02-16,NONSTOCK,PLYWOOD PALLETS MERIDA,17.00,13.75800,10.00000,0,P,LMORENO,,,NON-STOCK ITEMS,0,0
2026-02-17,GCSETBH-2828,SAMPLE SET - BEVERLY HILLS,-1.00,214.20000,0,647861,T,BOREGAN5,,5,SAMPLE SET - BEVERLY HILLS,0,0
2026-02-17,GCSETBH-2828,SAMPLE SET - BEVERLY HILLS,1.00,214.20000,0,647861,T,BOREGAN5,,5,SAMPLE SET - BEVERLY HILLS,0,0
2026-02-17,GCSETBH-2828,SAMPLE SET - BEVERLY HILLS,-1.00,214.20000,0,647532,T,BOREGAN5,,5,SAMPLE SET - BEVERLY HILLS,0,0
2026-02-17,GCSETBH-2828,SAMPLE SET - BEVERLY HILLS,1.00,214.20000,0,647532,T,BOREGAN5,,5,SAMPLE SET - BEVERLY HILLS,0,0
2026-02-17,GCSETCB-1724,SAMPLE SET - COMP. BUSTER,-1.00,76.54900,0,647861,T,BOREGAN5,,5,SAMPLE SET - COMP. BUSTER,0,0
2026-02-17,GCSETCB-1724,SAMPLE SET - COMP. BUSTER,1.00,76.54900,0,647861,T,BOREGAN5,,5,SAMPLE SET - COMP. BUSTER,0,0
2026-02-17,GCSETLE-2628,SAMPLE SET - LEGENDS,-1.00,563.69040,0,647528,T,BOREGAN5,,5,SAMPLE SET - LEGENDS,0,0
2026-02-17,GCSETLE-2628,SAMPLE SET - LEGENDS,1.00,563.69040,0,647528,T,BOREGAN5,,5,SAMPLE SET - LEGENDS,0,0
2026-02-18,GCSETBH-2828,SAMPLE SET - BEVERLY HILLS,-1.00,214.20000,0,648955,T,,,5,SAMPLE SET - BEVERLY HILLS,0,0
2026-02-18,GCSETBH-2828,SAMPLE SET - BEVERLY HILLS,1.00,214.20000,0,648955,T,,,5,SAMPLE SET - BEVERLY HILLS,0,0
2026-02-18,GCSETII-1724,SAMPLE SET - GII DIST.,-1.00,161.93000,0,648530,T,MCASTRO6,,5,SAMPLE SET - GII DIST.,0,0
2026-02-18,GCSETII-1724,SAMPLE SET - GII DIST.,1.00,161.93000,0,648530,T,MCASTRO6,,5,SAMPLE SET - GII DIST.,0,0
2026-02-18,GCSETSS-1724,SAMPLE SET - GII SMOOTH,-1.00,115.42000,0,648530,T,MCASTRO6,,5,SAMPLE SET - GII SMOOTH,0,0
2026-02-18,GCSETSS-1724,SAMPLE SET - GII SMOOTH,1.00,115.42000,0,648530,T,MCASTRO6,,5,SAMPLE SET - GII SMOOTH,0,0
2026-02-19,GCSETBH-2828,SAMPLE SET - BEVERLY HILLS,-27.00,214.20000,0,648735,T,NMEYER9,,5,SAMPLE SET - BEVERLY HILLS,0,0
2026-02-19,GCSETBH-2828,SAMPLE SET - BEVERLY HILLS,27.00,214.20000,0,648735,T,NMEYER9,,5,SAMPLE SET - BEVERLY HILLS,0,0
2026-02-19,GCSETEX-1724,SAMPLE SET - EXOTICS,-30.00,175.35400,0,649059,T,NMEYER9,,5,SAMPLE SET - EXOTICS,0,0
2026-02-19,GCSETEX-1724,SAMPLE SET - EXOTICS,30.00,175.35400,0,649059,T,NMEYER9,,5,SAMPLE SET - EXOTICS,0,0
2026-02-20,GCSETBH-2828,SAMPLE SET - BEVERLY HILLS,-1.00,214.20000,0,649266,T,,,5,SAMPLE SET - BEVERLY HILLS,0,0
2026-02-20,GCSETBH-2828,SAMPLE SET - BEVERLY HILLS,-1.00,214.20000,0,649267,T,,,5,SAMPLE SET - BEVERLY HILLS,0,0
2026-02-20,GCSETBH-2828,SAMPLE SET - BEVERLY HILLS,-1.00,214.20000,0,649274,T,,,5,SAMPLE SET - BEVERLY HILLS,0,0
2026-02-20,GCSETBH-2828,SAMPLE SET - BEVERLY HILLS,-1.00,214.20000,0,649282,T,,,5,SAMPLE SET - BEVERLY HILLS,0,0
2026-02-20,GCSETBH-2828,SAMPLE SET - BEVERLY HILLS,-1.00,214.20000,0,649286,T,,,5,SAMPLE SET - BEVERLY HILLS,0,0
2026-02-20,GCSETBH-2828,SAMPLE SET - BEVERLY HILLS,-1.00,214.20000,0,649297,T,,,5,SAMPLE SET - BEVERLY HILLS,0,0
2026-02-20,GCSETBH-2828,SAMPLE SET - BEVERLY HILLS,-1.00,214.20000,0,649305,T,,,5,SAMPLE SET - BEVERLY HILLS,0,0
2026-02-20,GCSETBH-2828,SAMPLE SET - BEVERLY HILLS,-1.00,214.20000,0,649227,T,,,5,SAMPLE SET - BEVERLY HILLS,0,0
2026-02-20,GCSETBH-2828,SAMPLE SET - BEVERLY HILLS,1.00,214.20000,0,649266,T,,,5,SAMPLE SET - BEVERLY HILLS,0,0
2026-02-20,GCSETBH-2828,SAMPLE SET - BEVERLY HILLS,1.00,214.20000,0,649267,T,,,5,SAMPLE SET - BEVERLY HILLS,0,0
2026-02-20,GCSETBH-2828,SAMPLE SET - BEVERLY HILLS,1.00,214.20000,0,649274,T,,,5,SAMPLE SET - BEVERLY HILLS,0,0
2026-02-20,GCSETBH-2828,SAMPLE SET - BEVERLY HILLS,1.00,214.20000,0,649282,T,,,5,SAMPLE SET - BEVERLY HILLS,0,0
2026-02-20,GCSETBH-2828,SAMPLE SET - BEVERLY HILLS,1.00,214.20000,0,649286,T,,,5,SAMPLE SET - BEVERLY HILLS,0,0
2026-02-20,GCSETBH-2828,SAMPLE SET - BEVERLY HILLS,1.00,214.20000,0,649297,T,,,5,SAMPLE SET - BEVERLY HILLS,0,0
2026-02-20,GCSETBH-2828,SAMPLE SET - BEVERLY HILLS,1.00,214.20000,0,649305,T,,,5,SAMPLE SET - BEVERLY HILLS,0,0
2026-02-20,GCSETBH-2828,SAMPLE SET - BEVERLY HILLS,1.00,214.20000,0,649227,T,,,5,SAMPLE SET - BEVERLY HILLS,0,0
2026-02-21,GCSETAL9-2828,"SAMPLE SET - 9.5"" ALLORA",-1.00,709.17160,0,648493,T,BOREGAN5,,5,"SAMPLE SET - 9.5"" ALLORA",0,0
2026-02-21,GCSETAL9-2828,"SAMPLE SET - 9.5"" ALLORA",1.00,709.17160,0,648493,T,BOREGAN5,,5,"SAMPLE SET - 9.5"" ALLORA",0,0
2026-02-21,GCSETBH-2828,SAMPLE SET - BEVERLY HILLS,-1.00,214.20000,0,648688,T,BOREGAN5,,5,SAMPLE SET - BEVERLY HILLS,0,0
2026-02-21,GCSETBH-2828,SAMPLE SET - BEVERLY HILLS,1.00,214.20000,0,648688,T,BOREGAN5,,5,SAMPLE SET - BEVERLY HILLS,0,0
2026-02-21,GCSETBH-2828,SAMPLE SET - BEVERLY HILLS,-1.00,214.20000,0,648527,T,BOREGAN5,,5,SAMPLE SET - BEVERLY HILLS,0,0
2026-02-21,GCSETBH-2828,SAMPLE SET - BEVERLY HILLS,1.00,214.20000,0,648527,T,BOREGAN5,,5,SAMPLE SET - BEVERLY HILLS,0,0
2026-02-21,GCSETCB-1724,SAMPLE SET - COMP. BUSTER,-1.00,76.54900,0,648290,T,BOREGAN5,,5,SAMPLE SET - COMP. BUSTER,0,0
2026-02-21,GCSETCB-1724,SAMPLE SET - COMP. BUSTER,1.00,76.54900,0,648290,T,BOREGAN5,,5,SAMPLE SET - COMP. BUSTER,0,0
2026-02-21,GCSETCB-1724,SAMPLE SET - COMP. BUSTER,-1.00,76.54900,0,648665,T,BOREGAN5,,5,SAMPLE SET - COMP. BUSTER,0,0
2026-02-21,GCSETCB-1724,SAMPLE SET - COMP. BUSTER,1.00,76.54900,0,648665,T,BOREGAN5,,5,SAMPLE SET - COMP. BUSTER,0,0
2026-02-21,GCSETNP-2228,SAMPLE SET - NEWPORT,-1.00,67.18500,0,648527,T,BOREGAN5,,5,SAMPLE SET - NEWPORT,0,0
2026-02-21,GCSETNP-2228,SAMPLE SET - NEWPORT,1.00,67.18500,0,648527,T,BOREGAN5,,5,SAMPLE SET - NEWPORT,0,0
2026-02-23,GCSETAL9-2828,"SAMPLE SET - 9.5"" ALLORA",-1.00,709.17160,0,649386,T,,,5,"SAMPLE SET - 9.5"" ALLORA",0,0
2026-02-23,GCSETAL9-2828,"SAMPLE SET - 9.5"" ALLORA",1.00,709.17160,0,649386,T,,,5,"SAMPLE SET - 9.5"" ALLORA",0,0
2026-02-23,GCSETBH-2828,SAMPLE SET - BEVERLY HILLS,-1.00,214.20000,0,649225,T,BOREGAN5,,5,SAMPLE SET - BEVERLY HILLS,0,0
2026-02-23,GCSETBH-2828,SAMPLE SET - BEVERLY HILLS,1.00,214.20000,0,649225,T,BOREGAN5,,5,SAMPLE SET - BEVERLY HILLS,0,0
2026-02-23,GCSETBH-2828,SAMPLE SET - BEVERLY HILLS,-1.00,214.20000,0,649220,T,BOREGAN5,,5,SAMPLE SET - BEVERLY HILLS,0,0
2026-02-23,GCSETBH-2828,SAMPLE SET - BEVERLY HILLS,1.00,214.20000,0,649220,T,BOREGAN5,,5,SAMPLE SET - BEVERLY HILLS,0,0
2026-02-23,GCSETBH-2828,SAMPLE SET - BEVERLY HILLS,-1.00,214.20000,0,649318,T,BOREGAN5,,5,SAMPLE SET - BEVERLY HILLS,0,0
2026-02-23,GCSETBH-2828,SAMPLE SET - BEVERLY HILLS,1.00,214.20000,0,649318,T,BOREGAN5,,5,SAMPLE SET - BEVERLY HILLS,0,0
2026-02-23,GCSETBH-2828,SAMPLE SET - BEVERLY HILLS,-1.00,214.20000,0,649386,T,,,5,SAMPLE SET - BEVERLY HILLS,0,0
2026-02-23,GCSETBH-2828,SAMPLE SET - BEVERLY HILLS,1.00,214.20000,0,649386,T,,,5,SAMPLE SET - BEVERLY HILLS,0,0
2026-02-23,GCSETNP-2228,SAMPLE SET - NEWPORT,-1.00,67.18500,0,649386,T,,,5,SAMPLE SET - NEWPORT,0,0
2026-02-23,GCSETNP-2228,SAMPLE SET - NEWPORT,1.00,67.18500,0,649386,T,,,5,SAMPLE SET - NEWPORT,0,0
2026-02-24,NONSTOCK,M520-2037,2.00,110.94500,97.38000,0,P,LMORENO,,,NON-STOCK ITEMS,0,0
2026-02-25,GCSETEX-1724,SAMPLE SET - EXOTICS,-27.00,175.35400,0,650235,T,JSGOMEZ9,,5,SAMPLE SET - EXOTICS,0,0
2026-02-25,GCSETEX-1724,SAMPLE SET - EXOTICS,27.00,175.35400,0,650235,T,JSGOMEZ9,,5,SAMPLE SET - EXOTICS,0,0
2026-02-26,GCSETBH-2828,SAMPLE SET - BEVERLY HILLS,-1.00,214.20000,0,650920,T,,,5,SAMPLE SET - BEVERLY HILLS,0,0
2026-02-26,GCSETBH-2828,SAMPLE SET - BEVERLY HILLS,1.00,214.20000,0,650920,T,,,5,SAMPLE SET - BEVERLY HILLS,0,0
2026-02-26,GCSETNP-2228,SAMPLE SET - NEWPORT,-1.00,67.18500,0,650920,T,,,5,SAMPLE SET - NEWPORT,0,0
2026-02-26,GCSETNP-2228,SAMPLE SET - NEWPORT,1.00,67.18500,0,650920,T,,,5,SAMPLE SET - NEWPORT,0,0
2026-02-26,GCSETPS-2228,SAMPLE SET - PRIVATE SELECTION,-1.00,82.16000,0,650920,T,,,5,SAMPLE SET - PRIVATE SELECTION,0,0
2026-02-26,GCSETPS-2228,SAMPLE SET - PRIVATE SELECTION,1.00,82.16000,0,650920,T,,,5,SAMPLE SET - PRIVATE SELECTION,0,0
2026-02-27,GCSETBH-2828,SAMPLE SET - BEVERLY HILLS,-1.00,214.20000,0,650824,T,,,5,SAMPLE SET - BEVERLY HILLS,0,0
2026-02-27,GCSETBH-2828,SAMPLE SET - BEVERLY HILLS,1.00,214.20000,0,650824,T,,,5,SAMPLE SET - BEVERLY HILLS,0,0
2026-02-27,GCSETII-1724,SAMPLE SET - GII DIST.,-1.00,161.93000,0,651237,T,,,5,SAMPLE SET - GII DIST.,0,0
2026-02-27,GCSETII-1724,SAMPLE SET - GII DIST.,1.00,161.93000,0,651237,T,,,5,SAMPLE SET - GII DIST.,0,0
2026-02-27,GCSETSS-1724,SAMPLE SET - GII SMOOTH,-1.00,115.42000,0,651237,T,,,5,SAMPLE SET - GII SMOOTH,0,0
2026-02-27,GCSETSS-1724,SAMPLE SET - GII SMOOTH,1.00,115.42000,0,651237,T,,,5,SAMPLE SET - GII SMOOTH,0,0
2026-03-02,GCSETAL9-2828,"SAMPLE SET - 9.5"" ALLORA",-1.00,709.17160,0,649225,T,BOREGAN5,,5,"SAMPLE SET - 9.5"" ALLORA",0,0
2026-03-02,GCSETAL9-2828,"SAMPLE SET - 9.5"" ALLORA",1.00,709.17160,0,649225,T,BOREGAN5,,5,"SAMPLE SET - 9.5"" ALLORA",0,0
2026-03-02,GCSETCB-1724,SAMPLE SET - COMP. BUSTER,-1.00,76.54900,0,650437,T,BOREGAN5,,5,SAMPLE SET - COMP. BUSTER,0,0
2026-03-02,GCSETCB-1724,SAMPLE SET - COMP. BUSTER,1.00,76.54900,0,650437,T,BOREGAN5,,5,SAMPLE SET - COMP. BUSTER,0,0
2026-03-02,GCSETNP-2228,SAMPLE SET - NEWPORT,-1.00,67.18500,0,649921,T,BOREGAN5,,5,SAMPLE SET - NEWPORT,0,0
2026-03-02,GCSETNP-2228,SAMPLE SET - NEWPORT,1.00,67.18500,0,649921,T,BOREGAN5,,5,SAMPLE SET - NEWPORT,0,0
2026-03-02,GCSETPS-2228,SAMPLE SET - PRIVATE SELECTION,-1.00,82.16000,0,649921,T,BOREGAN5,,5,SAMPLE SET - PRIVATE SELECTION,0,0
2026-03-02,GCSETPS-2228,SAMPLE SET - PRIVATE SELECTION,1.00,82.16000,0,649921,T,BOREGAN5,,5,SAMPLE SET - PRIVATE SELECTION,0,0
2026-03-04,GCSETCC-1724,SAMPLE SET - CAROLINA C.,-1.00,49.86800,0,652255,T,JSGOMEZ9,,5,SAMPLE SET - CAROLINA C.,0,0
2026-03-04,GCSETCC-1724,SAMPLE SET - CAROLINA C.,1.00,49.86800,0,652255,T,JSGOMEZ9,,5,SAMPLE SET - CAROLINA C.,0,0
2026-03-04,GCSETEX-1724,SAMPLE SET - EXOTICS,-1.00,175.35400,0,652255,T,JSGOMEZ9,,5,SAMPLE SET - EXOTICS,0,0
2026-03-04,GCSETEX-1724,SAMPLE SET - EXOTICS,1.00,175.35400,0,652255,T,JSGOMEZ9,,5,SAMPLE SET - EXOTICS,0,0
2026-03-04,GCSETII-1724,SAMPLE SET - GII DIST.,-1.00,161.93000,0,652255,T,JSGOMEZ9,,5,SAMPLE SET - GII DIST.,0,0
2026-03-04,GCSETII-1724,SAMPLE SET - GII DIST.,1.00,161.93000,0,652255,T,JSGOMEZ9,,5,SAMPLE SET - GII DIST.,0,0
2026-03-04,GCSETSS-1724,SAMPLE SET - GII SMOOTH,-1.00,115.42000,0,652255,T,JSGOMEZ9,,5,SAMPLE SET - GII SMOOTH,0,0
2026-03-04,GCSETSS-1724,SAMPLE SET - GII SMOOTH,1.00,115.42000,0,652255,T,JSGOMEZ9,,5,SAMPLE SET - GII SMOOTH,0,0
2026-03-04,NONSTOCK,"NEW PALLETS 48"" X 86""",100.00,41.50000,41.50000,0,P,LMORENO,,,NON-STOCK ITEMS,0,0
2026-03-05,GCSETCB-1724,SAMPLE SET - COMP. BUSTER,-1.00,76.54900,0,652505,T,CSANCHEZ4,,5,SAMPLE SET - COMP. BUSTER,0,0
2026-03-05,GCSETCB-1724,SAMPLE SET - COMP. BUSTER,1.00,76.54900,0,652505,T,CSANCHEZ4,,5,SAMPLE SET - COMP. BUSTER,0,0
2026-03-05,GCSETCC-1724,SAMPLE SET - CAROLINA C.,-1.00,49.86800,0,652505,T,CSANCHEZ4,,5,SAMPLE SET - CAROLINA C.,0,0
2026-03-05,GCSETCC-1724,SAMPLE SET - CAROLINA C.,1.00,49.86800,0,652505,T,CSANCHEZ4,,5,SAMPLE SET - CAROLINA C.,0,0
2026-03-05,GCSETEX-1724,SAMPLE SET - EXOTICS,-1.00,175.35400,0,652505,T,CSANCHEZ4,,5,SAMPLE SET - EXOTICS,0,0
2026-03-05,GCSETEX-1724,SAMPLE SET - EXOTICS,1.00,175.35400,0,652505,T,CSANCHEZ4,,5,SAMPLE SET - EXOTICS,0,0
2026-03-05,GCSETII-1724,SAMPLE SET - GII DIST.,-1.00,161.93000,0,652505,T,CSANCHEZ4,,5,SAMPLE SET - GII DIST.,0,0
2026-03-05,GCSETII-1724,SAMPLE SET - GII DIST.,1.00,161.93000,0,652505,T,CSANCHEZ4,,5,SAMPLE SET - GII DIST.,0,0
2026-03-05,GCSETSS-1724,SAMPLE SET - GII SMOOTH,-1.00,115.42000,0,652505,T,CSANCHEZ4,,5,SAMPLE SET - GII SMOOTH,0,0
2026-03-05,GCSETSS-1724,SAMPLE SET - GII SMOOTH,1.00,115.42000,0,652505,T,CSANCHEZ4,,5,SAMPLE SET - GII SMOOTH,0,0
2026-03-06,GCSETBH-2828,SAMPLE SET - BEVERLY HILLS,-1.00,214.20000,0,642940,T,SMORALES4,,5,SAMPLE SET - BEVERLY HILLS,0,0
2026-03-06,GCSETBH-2828,SAMPLE SET - BEVERLY HILLS,1.00,214.20000,0,642940,T,SMORALES4,,5,SAMPLE SET - BEVERLY HILLS,0,0
2026-03-06,NONSTOCK,XL GLOVES PK OF 12 PAIRS,3.00,27.00000,27.00000,0,P,LMORENO,,,NON-STOCK ITEMS,0,0
2026-03-06,NONSTOCK,MED GLOVES PK OF 12 PAIRS,3.00,27.00000,27.00000,0,P,LMORENO,,,NON-STOCK ITEMS,0,0
2026-03-06,NONSTOCK,L GLOVES PK OF 12 PAIRS,3.00,27.00000,27.00000,0,P,LMORENO,,,NON-STOCK ITEMS,0,0
2026-03-06,NONSTOCK,PALLET CONES BNDL OF 50,6.00,75.00000,75.00000,0,P,LMORENO,,,NON-STOCK ITEMS,0,0
2026-03-09,GCSETAL-2228,"SAMPLE SET - 7.5"" ALLORA",-1.00,421.99840,0,652085,T,BOREGAN5,,5,"SAMPLE SET - 7.5"" ALLORA",0,0
2026-03-09,GCSETAL-2228,"SAMPLE SET - 7.5"" ALLORA",1.00,421.99840,0,652085,T,BOREGAN5,,5,"SAMPLE SET - 7.5"" ALLORA",0,0
2026-03-09,GCSETAL9-2828,"SAMPLE SET - 9.5"" ALLORA",-1.00,709.17160,0,652085,T,BOREGAN5,,5,"SAMPLE SET - 9.5"" ALLORA",0,0
2026-03-09,GCSETAL9-2828,"SAMPLE SET - 9.5"" ALLORA",1.00,709.17160,0,652085,T,BOREGAN5,,5,"SAMPLE SET - 9.5"" ALLORA",0,0
2026-03-09,GCSETBH-2828,SAMPLE SET - BEVERLY HILLS,-1.00,214.20000,0,651720,T,BOREGAN5,,5,SAMPLE SET - BEVERLY HILLS,0,0
2026-03-09,GCSETBH-2828,SAMPLE SET - BEVERLY HILLS,1.00,214.20000,0,651720,T,BOREGAN5,,5,SAMPLE SET - BEVERLY HILLS,0,0
2026-03-09,GCSETBH-2828,SAMPLE SET - BEVERLY HILLS,-1.00,214.20000,0,651893,T,BOREGAN5,,5,SAMPLE SET - BEVERLY HILLS,0,0
2026-03-09,GCSETBH-2828,SAMPLE SET - BEVERLY HILLS,1.00,214.20000,0,651893,T,BOREGAN5,,5,SAMPLE SET - BEVERLY HILLS,0,0
2026-03-09,GCSETBH-2828,SAMPLE SET - BEVERLY HILLS,-1.00,214.20000,0,652175,T,BOREGAN5,,5,SAMPLE SET - BEVERLY HILLS,0,0
2026-03-09,GCSETBH-2828,SAMPLE SET - BEVERLY HILLS,1.00,214.20000,0,652175,T,BOREGAN5,,5,SAMPLE SET - BEVERLY HILLS,0,0
2026-03-09,GCSETBH-2828,SAMPLE SET - BEVERLY HILLS,-2.00,214.20000,0,651794,T,BOREGAN5,,5,SAMPLE SET - BEVERLY HILLS,0,0
2026-03-09,GCSETBH-2828,SAMPLE SET - BEVERLY HILLS,2.00,214.20000,0,651794,T,BOREGAN5,,5,SAMPLE SET - BEVERLY HILLS,0,0
2026-03-09,GCSETBH-2828,SAMPLE SET - BEVERLY HILLS,-1.00,214.20000,0,652296,T,BOREGAN5,,5,SAMPLE SET - BEVERLY HILLS,0,0
2026-03-09,GCSETBH-2828,SAMPLE SET - BEVERLY HILLS,1.00,214.20000,0,652296,T,BOREGAN5,,5,SAMPLE SET - BEVERLY HILLS,0,0
2026-03-09,GCSETCB-1724,SAMPLE SET - COMP. BUSTER,-1.00,76.54900,0,652085,T,BOREGAN5,,5,SAMPLE SET - COMP. BUSTER,0,0
2026-03-09,GCSETCB-1724,SAMPLE SET - COMP. BUSTER,1.00,76.54900,0,652085,T,BOREGAN5,,5,SAMPLE SET - COMP. BUSTER,0,0
2026-03-09,GCSETCC-1724,SAMPLE SET - CAROLINA C.,-1.00,49.86800,0,652085,T,BOREGAN5,,5,SAMPLE SET - CAROLINA C.,0,0
2026-03-09,GCSETCC-1724,SAMPLE SET - CAROLINA C.,1.00,49.86800,0,652085,T,BOREGAN5,,5,SAMPLE SET - CAROLINA C.,0,0
2026-03-09,GCSETEX-1724,SAMPLE SET - EXOTICS,-1.00,175.35400,0,652085,T,BOREGAN5,,5,SAMPLE SET - EXOTICS,0,0
2026-03-09,GCSETEX-1724,SAMPLE SET - EXOTICS,1.00,175.35400,0,652085,T,BOREGAN5,,5,SAMPLE SET - EXOTICS,0,0
2026-03-09,GCSETII-1724,SAMPLE SET - GII DIST.,-1.00,161.93000,0,652085,T,BOREGAN5,,5,SAMPLE SET - GII DIST.,0,0
2026-03-09,GCSETII-1724,SAMPLE SET - GII DIST.,1.00,161.93000,0,652085,T,BOREGAN5,,5,SAMPLE SET - GII DIST.,0,0
2026-03-09,GCSETNP-2228,SAMPLE SET - NEWPORT,-1.00,67.18500,0,651794,T,BOREGAN5,,5,SAMPLE SET - NEWPORT,0,0
2026-03-09,GCSETNP-2228,SAMPLE SET - NEWPORT,1.00,67.18500,0,651794,T,BOREGAN5,,5,SAMPLE SET - NEWPORT,0,0
2026-03-09,GCSETPS-2228,SAMPLE SET - PRIVATE SELECTION,-1.00,82.16000,0,651794,T,BOREGAN5,,5,SAMPLE SET - PRIVATE SELECTION,0,0
2026-03-09,GCSETPS-2228,SAMPLE SET - PRIVATE SELECTION,1.00,82.16000,0,651794,T,BOREGAN5,,5,SAMPLE SET - PRIVATE SELECTION,0,0
2026-03-09,GCSETSS-1724,SAMPLE SET - GII SMOOTH,-1.00,115.42000,0,652085,T,BOREGAN5,,5,SAMPLE SET - GII SMOOTH,0,0
2026-03-09,GCSETSS-1724,SAMPLE SET - GII SMOOTH,1.00,115.42000,0,652085,T,BOREGAN5,,5,SAMPLE SET - GII SMOOTH,0,0
2026-03-10,GCSETAL-2228,"SAMPLE SET - 7.5"" ALLORA",-1.00,421.99840,0,652915,T,BOREGAN5,,5,"SAMPLE SET - 7.5"" ALLORA",0,0
2026-03-10,GCSETAL-2228,"SAMPLE SET - 7.5"" ALLORA",1.00,421.99840,0,652915,T,BOREGAN5,,5,"SAMPLE SET - 7.5"" ALLORA",0,0
2026-03-10,GCSETAL-2228,"SAMPLE SET - 7.5"" ALLORA",-1.00,421.99840,0,653546,T,,,5,"SAMPLE SET - 7.5"" ALLORA",0,0
2026-03-10,GCSETAL-2228,"SAMPLE SET - 7.5"" ALLORA",1.00,421.99840,0,653546,T,,,5,"SAMPLE SET - 7.5"" ALLORA",0,0
2026-03-10,GCSETAL9-2828,"SAMPLE SET - 9.5"" ALLORA",-1.00,709.17160,0,652915,T,BOREGAN5,,5,"SAMPLE SET - 9.5"" ALLORA",0,0
2026-03-10,GCSETAL9-2828,"SAMPLE SET - 9.5"" ALLORA",1.00,709.17160,0,652915,T,BOREGAN5,,5,"SAMPLE SET - 9.5"" ALLORA",0,0
2026-03-10,GCSETBH-2828,SAMPLE SET - BEVERLY HILLS,-1.00,214.20000,0,652915,T,BOREGAN5,,5,SAMPLE SET - BEVERLY HILLS,0,0
2026-03-10,GCSETBH-2828,SAMPLE SET - BEVERLY HILLS,1.00,214.20000,0,652915,T,BOREGAN5,,5,SAMPLE SET - BEVERLY HILLS,0,0
2026-03-10,GCSETBH-2828,SAMPLE SET - BEVERLY HILLS,-1.00,214.20000,0,652831,T,BOREGAN5,,5,SAMPLE SET - BEVERLY HILLS,0,0
2026-03-10,GCSETBH-2828,SAMPLE SET - BEVERLY HILLS,1.00,214.20000,0,652831,T,BOREGAN5,,5,SAMPLE SET - BEVERLY HILLS,0,0
2026-03-10,GCSETBH-2828,SAMPLE SET - BEVERLY HILLS,-2.00,214.20000,0,652866,T,BOREGAN5,,5,SAMPLE SET - BEVERLY HILLS,0,0
2026-03-10,GCSETBH-2828,SAMPLE SET - BEVERLY HILLS,2.00,214.20000,0,652866,T,BOREGAN5,,5,SAMPLE SET - BEVERLY HILLS,0,0
2026-03-10,GCSETBH-2828,SAMPLE SET - BEVERLY HILLS,-1.00,214.20000,0,652876,T,BOREGAN5,,5,SAMPLE SET - BEVERLY HILLS,0,0
2026-03-10,GCSETBH-2828,SAMPLE SET - BEVERLY HILLS,1.00,214.20000,0,652876,T,BOREGAN5,,5,SAMPLE SET - BEVERLY HILLS,0,0
2026-03-10,GCSETCB-1724,SAMPLE SET - COMP. BUSTER,-1.00,76.54900,0,652915,T,BOREGAN5,,5,SAMPLE SET - COMP. BUSTER,0,0
2026-03-10,GCSETCB-1724,SAMPLE SET - COMP. BUSTER,1.00,76.54900,0,652915,T,BOREGAN5,,5,SAMPLE SET - COMP. BUSTER,0,0
2026-03-10,GCSETCB-1724,SAMPLE SET - COMP. BUSTER,-1.00,76.54900,0,652831,T,BOREGAN5,,5,SAMPLE SET - COMP. BUSTER,0,0
2026-03-10,GCSETCB-1724,SAMPLE SET - COMP. BUSTER,1.00,76.54900,0,652831,T,BOREGAN5,,5,SAMPLE SET - COMP. BUSTER,0,0
2026-03-10,GCSETCC-1724,SAMPLE SET - CAROLINA C.,-1.00,49.86800,0,652915,T,BOREGAN5,,5,SAMPLE SET - CAROLINA C.,0,0
2026-03-10,GCSETCC-1724,SAMPLE SET - CAROLINA C.,1.00,49.86800,0,652915,T,BOREGAN5,,5,SAMPLE SET - CAROLINA C.,0,0
2026-03-10,GCSETCC-1724,SAMPLE SET - CAROLINA C.,-1.00,49.86800,0,653573,T,JSGOMEZ9,,5,SAMPLE SET - CAROLINA C.,0,0
2026-03-10,GCSETCC-1724,SAMPLE SET - CAROLINA C.,1.00,49.86800,0,653573,T,JSGOMEZ9,,5,SAMPLE SET - CAROLINA C.,0,0
2026-03-10,GCSETEX-1724,SAMPLE SET - EXOTICS,-1.00,175.35400,0,652915,T,BOREGAN5,,5,SAMPLE SET - EXOTICS,0,0
2026-03-10,GCSETEX-1724,SAMPLE SET - EXOTICS,1.00,175.35400,0,652915,T,BOREGAN5,,5,SAMPLE SET - EXOTICS,0,0
2026-03-10,GCSETEX-1724,SAMPLE SET - EXOTICS,-1.00,175.35400,0,652831,T,BOREGAN5,,5,SAMPLE SET - EXOTICS,0,0
2026-03-10,GCSETEX-1724,SAMPLE SET - EXOTICS,1.00,175.35400,0,652831,T,BOREGAN5,,5,SAMPLE SET - EXOTICS,0,0
2026-03-10,GCSETII-1724,SAMPLE SET - GII DIST.,-1.00,161.93000,0,652915,T,BOREGAN5,,5,SAMPLE SET - GII DIST.,0,0
2026-03-10,GCSETII-1724,SAMPLE SET - GII DIST.,1.00,161.93000,0,652915,T,BOREGAN5,,5,SAMPLE SET - GII DIST.,0,0
2026-03-10,GCSETII-1724,SAMPLE SET - GII DIST.,-1.00,161.93000,0,652831,T,BOREGAN5,,5,SAMPLE SET - GII DIST.,0,0
2026-03-10,GCSETII-1724,SAMPLE SET - GII DIST.,1.00,161.93000,0,652831,T,BOREGAN5,,5,SAMPLE SET - GII DIST.,0,0
2026-03-10,GCSETII-1724,SAMPLE SET - GII DIST.,-1.00,161.93000,0,653546,T,,,5,SAMPLE SET - GII DIST.,0,0
2026-03-10,GCSETII-1724,SAMPLE SET - GII DIST.,1.00,161.93000,0,653546,T,,,5,SAMPLE SET - GII DIST.,0,0
2026-03-10,GCSETNP-2228,SAMPLE SET - NEWPORT,-1.00,67.18500,0,652915,T,BOREGAN5,,5,SAMPLE SET - NEWPORT,0,0
2026-03-10,GCSETNP-2228,SAMPLE SET - NEWPORT,1.00,67.18500,0,652915,T,BOREGAN5,,5,SAMPLE SET - NEWPORT,0,0
2026-03-10,GCSETPS-2228,SAMPLE SET - PRIVATE SELECTION,-1.00,82.16000,0,652915,T,BOREGAN5,,5,SAMPLE SET - PRIVATE SELECTION,0,0
2026-03-10,GCSETPS-2228,SAMPLE SET - PRIVATE SELECTION,1.00,82.16000,0,652915,T,BOREGAN5,,5,SAMPLE SET - PRIVATE SELECTION,0,0
2026-03-10,GCSETSS-1724,SAMPLE SET - GII SMOOTH,-1.00,115.42000,0,652915,T,BOREGAN5,,5,SAMPLE SET - GII SMOOTH,0,0
2026-03-10,GCSETSS-1724,SAMPLE SET - GII SMOOTH,1.00,115.42000,0,652915,T,BOREGAN5,,5,SAMPLE SET - GII SMOOTH,0,0
2026-03-10,GCSETSS-1724,SAMPLE SET - GII SMOOTH,-1.00,115.42000,0,653546,T,,,5,SAMPLE SET - GII SMOOTH,0,0
2026-03-10,GCSETSS-1724,SAMPLE SET - GII SMOOTH,1.00,115.42000,0,653546,T,,,5,SAMPLE SET - GII SMOOTH,0,0
2026-03-11,GCSETGL-2828,SAMPLE SET - GOLD LABEL,400.00,30.00000,30.00000,657378,P,LMORENO,,5,SAMPLE SET - GOLD LABEL,0,0
2026-03-11,NONSTOCK,"8"" PLASTIC PLUG",100.00,0,0,0,P,LMORENO,,,NON-STOCK ITEMS,0,0
2026-03-11,NONSTOCK,"4"" PLASTIC PLUG",360.00,0,0,0,P,LMORENO,,,NON-STOCK ITEMS,0,0
2026-03-11,NONSTOCK,"8""ID X 95""OL-.125 TUBE",50.00,19.39999,15.45000,0,P,LMORENO,,,NON-STOCK ITEMS,0,0
2026-03-11,NONSTOCK,"4""ID X 95""OL-.125 TUBE",180.00,9.61834,7.66000,0,P,LMORENO,,,NON-STOCK ITEMS,0,0
2026-03-11,NONSTOCK,"4""X4""X10' UT/BTR KD SPRUCE HT",91.00,10.70000,10.70000,0,P,LMORENO,,,NON-STOCK ITEMS,0,0
2026-03-11,NONSTOCK,"2""X4""X12' UTILITY KD DOUG FIR",294.00,4.80000,4.80000,0,P,LMORENO,,,NON-STOCK ITEMS,0,0
2026-03-11,NONSTOCK,"1"" X 4"" X 16'#3 COM STAIN PINE",336.00,6.06000,6.06000,0,P,LMORENO,,,NON-STOCK ITEMS,0,0
2026-03-12,GCSETBH-2828,SAMPLE SET - BEVERLY HILLS,-1.00,214.20000,0,654607,T,,,5,SAMPLE SET - BEVERLY HILLS,0,0
2026-03-12,GCSETBH-2828,SAMPLE SET - BEVERLY HILLS,1.00,214.20000,0,654607,T,,,5,SAMPLE SET - BEVERLY HILLS,0,0
2026-03-12,NONSTOCK,PLYWOOD PALLETS MERIDA,16.00,12.45900,10.00000,0,P,LMORENO,,,NON-STOCK ITEMS,0,0
2026-03-13,GCSETAL9-2828,"SAMPLE SET - 9.5"" ALLORA",-1.00,709.17160,0,654761,T,,,5,"SAMPLE SET - 9.5"" ALLORA",0,0
2026-03-13,GCSETAL9-2828,"SAMPLE SET - 9.5"" ALLORA",1.00,709.17160,0,654761,T,,,5,"SAMPLE SET - 9.5"" ALLORA",0,0
2026-03-13,GCSETBH-2828,SAMPLE SET - BEVERLY HILLS,-1.00,214.20000,0,654025,T,BOREGAN5,,5,SAMPLE SET - BEVERLY HILLS,0,0
2026-03-13,GCSETBH-2828,SAMPLE SET - BEVERLY HILLS,1.00,214.20000,0,654025,T,BOREGAN5,,5,SAMPLE SET - BEVERLY HILLS,0,0
2026-03-13,GCSETBH-2828,SAMPLE SET - BEVERLY HILLS,-1.00,214.20000,0,654130,T,BOREGAN5,,5,SAMPLE SET - BEVERLY HILLS,0,0
2026-03-13,GCSETBH-2828,SAMPLE SET - BEVERLY HILLS,1.00,214.20000,0,654130,T,BOREGAN5,,5,SAMPLE SET - BEVERLY HILLS,0,0
2026-03-13,GCSETBH-2828,SAMPLE SET - BEVERLY HILLS,-1.00,214.20000,0,654070,T,BOREGAN5,,5,SAMPLE SET - BEVERLY HILLS,0,0
2026-03-13,GCSETBH-2828,SAMPLE SET - BEVERLY HILLS,1.00,214.20000,0,654070,T,BOREGAN5,,5,SAMPLE SET - BEVERLY HILLS,0,0
2026-03-13,GCSETCB-1724,SAMPLE SET - COMP. BUSTER,-1.00,76.54900,0,654025,T,BOREGAN5,,5,SAMPLE SET - COMP. BUSTER,0,0
2026-03-13,GCSETCB-1724,SAMPLE SET - COMP. BUSTER,1.00,76.54900,0,654025,T,BOREGAN5,,5,SAMPLE SET - COMP. BUSTER,0,0
2026-03-13,GCSETCB-1724,SAMPLE SET - COMP. BUSTER,-1.00,76.54900,0,654070,T,BOREGAN5,,5,SAMPLE SET - COMP. BUSTER,0,0
2026-03-13,GCSETCB-1724,SAMPLE SET - COMP. BUSTER,1.00,76.54900,0,654070,T,BOREGAN5,,5,SAMPLE SET - COMP. BUSTER,0,0
2026-03-13,GCSETCC-1724,SAMPLE SET - CAROLINA C.,-1.00,49.86800,0,654025,T,BOREGAN5,,5,SAMPLE SET - CAROLINA C.,0,0
2026-03-13,GCSETCC-1724,SAMPLE SET - CAROLINA C.,1.00,49.86800,0,654025,T,BOREGAN5,,5,SAMPLE SET - CAROLINA C.,0,0
2026-03-13,GCSETEX-1724,SAMPLE SET - EXOTICS,-1.00,175.35400,0,654858,T,,,5,SAMPLE SET - EXOTICS,0,0
2026-03-13,GCSETEX-1724,SAMPLE SET - EXOTICS,1.00,175.35400,0,654858,T,,,5,SAMPLE SET - EXOTICS,0,0
2026-03-13,GCSETII-1724,SAMPLE SET - GII DIST.,-1.00,96.00000,0,654025,T,BOREGAN5,,5,SAMPLE SET - GII DIST.,0,0
2026-03-13,GCSETII-1724,SAMPLE SET - GII DIST.,1.00,96.00000,0,654025,T,BOREGAN5,,5,SAMPLE SET - GII DIST.,0,0
2026-03-13,GCSETII-1724,SAMPLE SET - GII DIST.,-1.00,96.00000,0,654070,T,BOREGAN5,,5,SAMPLE SET - GII DIST.,0,0
2026-03-13,GCSETII-1724,SAMPLE SET - GII DIST.,1.00,96.00000,0,654070,T,BOREGAN5,,5,SAMPLE SET - GII DIST.,0,0
2026-03-13,GCSETPS-2228,SAMPLE SET - PRIVATE SELECTION,-1.00,82.16000,0,654025,T,BOREGAN5,,5,SAMPLE SET - PRIVATE SELECTION,0,0
2026-03-13,GCSETPS-2228,SAMPLE SET - PRIVATE SELECTION,1.00,82.16000,0,654025,T,BOREGAN5,,5,SAMPLE SET - PRIVATE SELECTION,0,0
2026-03-13,GCSETPS-2228,SAMPLE SET - PRIVATE SELECTION,-1.00,82.16000,0,654070,T,BOREGAN5,,5,SAMPLE SET - PRIVATE SELECTION,0,0
2026-03-13,GCSETPS-2228,SAMPLE SET - PRIVATE SELECTION,1.00,82.16000,0,654070,T,BOREGAN5,,5,SAMPLE SET - PRIVATE SELECTION,0,0
2026-03-13,GCSETSS-1724,SAMPLE SET - GII SMOOTH,-1.00,72.00000,0,654070,T,BOREGAN5,,5,SAMPLE SET - GII SMOOTH,0,0
2026-03-13,GCSETSS-1724,SAMPLE SET - GII SMOOTH,1.00,72.00000,0,654070,T,BOREGAN5,,5,SAMPLE SET - GII SMOOTH,0,0
2026-03-13,NONSTOCK,PLYWOOD PALLETS MERIDA,16.00,12.45900,10.00000,0,P,LMORENO,,,NON-STOCK ITEMS,0,0
2026-03-18,GCSETBH-2828,SAMPLE SET - BEVERLY HILLS,-1.00,214.20000,0,654849,T,,,5,SAMPLE SET - BEVERLY HILLS,0,0
2026-03-18,GCSETBH-2828,SAMPLE SET - BEVERLY HILLS,1.00,214.20000,0,654849,T,,,5,SAMPLE SET - BEVERLY HILLS,0,0
2026-03-18,GCSETCV-1724,SAMPLE SET - C.V.,-1.00,115.46000,0,655820,T,JRIVERA1,,5,SAMPLE SET - C.V.,0,0
2026-03-18,GCSETCV-1724,SAMPLE SET - C.V.,1.00,115.46000,0,655820,T,JRIVERA1,,5,SAMPLE SET - C.V.,0,0
2026-03-18,GCSETCV-1724,SAMPLE SET - C.V.,-1.00,115.46000,0,655537,T,,,5,SAMPLE SET - C.V.,0,0
2026-03-18,GCSETCV-1724,SAMPLE SET - C.V.,1.00,115.46000,0,655537,T,,,5,SAMPLE SET - C.V.,0,0
2026-03-18,GCSETGL-2828,SAMPLE SET - GOLD LABEL,-1.00,30.00000,0,655862,T,,,5,SAMPLE SET - GOLD LABEL,0,0
2026-03-18,GCSETGL-2828,SAMPLE SET - GOLD LABEL,1.00,30.00000,0,655862,T,,,5,SAMPLE SET - GOLD LABEL,0,0
2026-03-18,GCSETNP-2228,SAMPLE SET - NEWPORT,-1.00,67.18500,0,654833,T,,,5,SAMPLE SET - NEWPORT,0,0
2026-03-18,GCSETNP-2228,SAMPLE SET - NEWPORT,-1.00,67.18500,0,654832,T,,,5,SAMPLE SET - NEWPORT,0,0
2026-03-18,GCSETNP-2228,SAMPLE SET - NEWPORT,1.00,67.18500,0,654833,T,,,5,SAMPLE SET - NEWPORT,0,0
2026-03-18,GCSETNP-2228,SAMPLE SET - NEWPORT,1.00,67.18500,0,654832,T,,,5,SAMPLE SET - NEWPORT,0,0
2026-03-19,GCSETBH-2828,SAMPLE SET - BEVERLY HILLS,-1.00,214.20000,0,655837,T,,,5,SAMPLE SET - BEVERLY HILLS,0,0
2026-03-19,GCSETBH-2828,SAMPLE SET - BEVERLY HILLS,-1.00,214.20000,0,655849,T,,,5,SAMPLE SET - BEVERLY HILLS,0,0
2026-03-19,GCSETBH-2828,SAMPLE SET - BEVERLY HILLS,1.00,214.20000,0,655837,T,,,5,SAMPLE SET - BEVERLY HILLS,0,0
2026-03-19,GCSETBH-2828,SAMPLE SET - BEVERLY HILLS,1.00,214.20000,0,655849,T,,,5,SAMPLE SET - BEVERLY HILLS,0,0
2026-03-19,GCSETEX-1724,SAMPLE SET - EXOTICS,-1.00,175.35400,0,656378,T,ERODRIGUE8,,5,SAMPLE SET - EXOTICS,0,0
2026-03-19,GCSETEX-1724,SAMPLE SET - EXOTICS,1.00,175.35400,0,656378,T,ERODRIGUE8,,5,SAMPLE SET - EXOTICS,0,0
2026-03-19,GCSETGL-2828,SAMPLE SET - GOLD LABEL,-1.00,30.00000,0,655837,T,,,5,SAMPLE SET - GOLD LABEL,0,0
2026-03-19,GCSETGL-2828,SAMPLE SET - GOLD LABEL,-1.00,30.00000,0,655880,T,,,5,SAMPLE SET - GOLD LABEL,0,0
2026-03-19,GCSETGL-2828,SAMPLE SET - GOLD LABEL,-1.00,30.00000,0,655849,T,,,5,SAMPLE SET - GOLD LABEL,0,0
2026-03-19,GCSETGL-2828,SAMPLE SET - GOLD LABEL,1.00,30.00000,0,655837,T,,,5,SAMPLE SET - GOLD LABEL,0,0
2026-03-19,GCSETGL-2828,SAMPLE SET - GOLD LABEL,1.00,30.00000,0,655880,T,,,5,SAMPLE SET - GOLD LABEL,0,0
2026-03-19,GCSETGL-2828,SAMPLE SET - GOLD LABEL,1.00,30.00000,0,655849,T,,,5,SAMPLE SET - GOLD LABEL,0,0
2026-03-19,GCSETNP-2228,SAMPLE SET - NEWPORT,-1.00,67.18500,0,655880,T,,,5,SAMPLE SET - NEWPORT,0,0
2026-03-19,GCSETNP-2228,SAMPLE SET - NEWPORT,1.00,67.18500,0,655880,T,,,5,SAMPLE SET - NEWPORT,0,0
2026-03-20,GCSETAL-2228,"SAMPLE SET - 7.5"" ALLORA",-1.00,421.99840,0,656391,T,ERODRIGUE8,,5,"SAMPLE SET - 7.5"" ALLORA",0,0
2026-03-20,GCSETAL-2228,"SAMPLE SET - 7.5"" ALLORA",1.00,421.99840,0,656391,T,ERODRIGUE8,,5,"SAMPLE SET - 7.5"" ALLORA",0,0
2026-03-20,GCSETBH-2828,SAMPLE SET - BEVERLY HILLS,-1.00,214.20000,0,656519,T,ERODRIGUE8,,5,SAMPLE SET - BEVERLY HILLS,0,0
2026-03-20,GCSETBH-2828,SAMPLE SET - BEVERLY HILLS,1.00,214.20000,0,656519,T,ERODRIGUE8,,5,SAMPLE SET - BEVERLY HILLS,0,0
2026-03-20,GCSETBH-2828,SAMPLE SET - BEVERLY HILLS,-1.00,214.20000,0,655850,T,BOREGAN5,,5,SAMPLE SET - BEVERLY HILLS,0,0
2026-03-20,GCSETBH-2828,SAMPLE SET - BEVERLY HILLS,1.00,214.20000,0,655850,T,BOREGAN5,,5,SAMPLE SET - BEVERLY HILLS,0,0
2026-03-20,GCSETBH-2828,SAMPLE SET - BEVERLY HILLS,-1.00,214.20000,0,655760,T,BOREGAN5,,5,SAMPLE SET - BEVERLY HILLS,0,0
2026-03-20,GCSETBH-2828,SAMPLE SET - BEVERLY HILLS,1.00,214.20000,0,655760,T,BOREGAN5,,5,SAMPLE SET - BEVERLY HILLS,0,0
2026-03-20,GCSETBH-2828,SAMPLE SET - BEVERLY HILLS,-1.00,214.20000,0,655830,T,BOREGAN5,,5,SAMPLE SET - BEVERLY HILLS,0,0
2026-03-20,GCSETBH-2828,SAMPLE SET - BEVERLY HILLS,1.00,214.20000,0,655830,T,BOREGAN5,,5,SAMPLE SET - BEVERLY HILLS,0,0
2026-03-20,GCSETBH-2828,SAMPLE SET - BEVERLY HILLS,-1.00,214.20000,0,656789,T,,,5,SAMPLE SET - BEVERLY HILLS,0,0
2026-03-20,GCSETBH-2828,SAMPLE SET - BEVERLY HILLS,1.00,214.20000,0,656789,T,,,5,SAMPLE SET - BEVERLY HILLS,0,0
2026-03-20,GCSETBH-2828,SAMPLE SET - BEVERLY HILLS,300.00,204.19700,162.00000,0,P,LMORENO,,5,SAMPLE SET - BEVERLY HILLS,0,0
2026-03-20,GCSETCB-1724,SAMPLE SET - COMP. BUSTER,-1.00,76.54900,0,656390,T,ERODRIGUE8,,5,SAMPLE SET - COMP. BUSTER,0,0
2026-03-20,GCSETCB-1724,SAMPLE SET - COMP. BUSTER,1.00,76.54900,0,656390,T,ERODRIGUE8,,5,SAMPLE SET - COMP. BUSTER,0,0
2026-03-20,GCSETCB-1724,SAMPLE SET - COMP. BUSTER,-1.00,76.54900,0,655850,T,BOREGAN5,,5,SAMPLE SET - COMP. BUSTER,0,0
2026-03-20,GCSETCB-1724,SAMPLE SET - COMP. BUSTER,1.00,76.54900,0,655850,T,BOREGAN5,,5,SAMPLE SET - COMP. BUSTER,0,0
2026-03-20,GCSETCC-1724,SAMPLE SET - CAROLINA C.,-1.00,49.86800,0,656389,T,ERODRIGUE8,,5,SAMPLE SET - CAROLINA C.,0,0
2026-03-20,GCSETCC-1724,SAMPLE SET - CAROLINA C.,1.00,49.86800,0,656389,T,ERODRIGUE8,,5,SAMPLE SET - CAROLINA C.,0,0
2026-03-20,GCSETCC-1724,SAMPLE SET - CAROLINA C.,-1.00,49.86800,0,655850,T,BOREGAN5,,5,SAMPLE SET - CAROLINA C.,0,0
2026-03-20,GCSETCC-1724,SAMPLE SET - CAROLINA C.,1.00,49.86800,0,655850,T,BOREGAN5,,5,SAMPLE SET - CAROLINA C.,0,0
2026-03-20,GCSETEX-1724,SAMPLE SET - EXOTICS,-1.00,175.35400,0,655850,T,BOREGAN5,,5,SAMPLE SET - EXOTICS,0,0
2026-03-20,GCSETEX-1724,SAMPLE SET - EXOTICS,1.00,175.35400,0,655850,T,BOREGAN5,,5,SAMPLE SET - EXOTICS,0,0
2026-03-20,GCSETGL-2828,SAMPLE SET - GOLD LABEL,-1.00,30.00000,0,656789,T,,,5,SAMPLE SET - GOLD LABEL,0,0
2026-03-20,GCSETGL-2828,SAMPLE SET - GOLD LABEL,1.00,30.00000,0,656789,T,,,5,SAMPLE SET - GOLD LABEL,0,0
2026-03-20,GCSETII-1724,SAMPLE SET - GII DIST.,-1.00,161.93000,0,655850,T,BOREGAN5,,5,SAMPLE SET - GII DIST.,0,0
2026-03-20,GCSETII-1724,SAMPLE SET - GII DIST.,1.00,161.93000,0,655850,T,BOREGAN5,,5,SAMPLE SET - GII DIST.,0,0
2026-03-20,GCSETNP-2228,SAMPLE SET - NEWPORT,-1.00,67.18500,0,656721,T,CSANCHEZ4,,5,SAMPLE SET - NEWPORT,0,0
2026-03-20,GCSETNP-2228,SAMPLE SET - NEWPORT,1.00,67.18500,0,656721,T,CSANCHEZ4,,5,SAMPLE SET - NEWPORT,0,0
2026-03-20,GCSETNP-2228,SAMPLE SET - NEWPORT,-1.00,67.18500,0,655895,T,BOREGAN5,,5,SAMPLE SET - NEWPORT,0,0
2026-03-20,GCSETNP-2228,SAMPLE SET - NEWPORT,1.00,67.18500,0,655895,T,BOREGAN5,,5,SAMPLE SET - NEWPORT,0,0
2026-03-20,GCSETPS-2228,SAMPLE SET - PRIVATE SELECTION,-1.00,82.16000,0,655850,T,BOREGAN5,,5,SAMPLE SET - PRIVATE SELECTION,0,0
2026-03-20,GCSETPS-2228,SAMPLE SET - PRIVATE SELECTION,1.00,82.16000,0,655850,T,BOREGAN5,,5,SAMPLE SET - PRIVATE SELECTION,0,0
2026-03-20,GCSETSS-1724,SAMPLE SET - GII SMOOTH,-1.00,115.42000,0,655850,T,BOREGAN5,,5,SAMPLE SET - GII SMOOTH,0,0
2026-03-20,GCSETSS-1724,SAMPLE SET - GII SMOOTH,1.00,115.42000,0,655850,T,BOREGAN5,,5,SAMPLE SET - GII SMOOTH,0,0
2026-03-20,NONSTOCK,CUSTOM STAIN GL BIANCA,1.00,119.95000,119.95000,0,P,LMORENO,,,NON-STOCK ITEMS,0,0
2026-03-20,NONSTOCK,CUSTOM TOP COAT PARIA / BIANCA,1.00,119.95000,119.95000,0,P,LMORENO,,,NON-STOCK ITEMS,0,0
2026-03-20,NONSTOCK,CUSTOM STAIN GL PARIA,1.00,119.95000,119.95000,0,P,LMORENO,,,NON-STOCK ITEMS,0,0
2026-03-20,NONSTOCK,CUSTOM STAIN GL PROVENCE,1.00,119.95000,119.95000,0,P,LMORENO,,,NON-STOCK ITEMS,0,0
2026-03-20,NONSTOCK,CUSTOM TOP COAT PROVENCE/LODI,1.00,119.95000,119.95000,0,P,LMORENO,,,NON-STOCK ITEMS,0,0
2026-03-20,NONSTOCK,CUSTOM STAIN GL LODI,1.00,119.95000,119.95000,0,P,LMORENO,,,NON-STOCK ITEMS,0,0
2026-03-20,NONSTOCK,CUSTOM STAIN GL LUGANA BASE,1.00,119.95000,119.95000,0,P,LMORENO,,,NON-STOCK ITEMS,0,0
2026-03-20,NONSTOCK,CUSTOM TOP COAT LUGANA,1.00,119.95000,119.95000,0,P,LMORENO,,,NON-STOCK ITEMS,0,0
2026-03-20,NONSTOCK,CUSTOM STAIN G ROMANTIQUE BASE,1.00,119.95000,119.95000,0,P,LMORENO,,,NON-STOCK ITEMS,0,0
2026-03-20,NONSTOCK,CUSTOM TOP COAT ROMANTIQUE,1.00,119.95000,119.95000,0,P,LMORENO,,,NON-STOCK ITEMS,0,0
2026-03-20,NONSTOCK,CUSTOM STAIN GL MONZA,1.00,119.95000,119.95000,0,P,LMORENO,,,NON-STOCK ITEMS,0,0
2026-03-20,NONSTOCK,CUSTOM GL STAIN VERONA,1.00,119.95000,119.95000,0,P,LMORENO,,,NON-STOCK ITEMS,0,0
2026-03-20,NONSTOCK,BEVERLY HILLS CHIPS,3000.00,1.63900,1.30000,0,P,LMORENO,,,NON-STOCK ITEMS,0,0
2026-03-24,GCSETAL9-2828,"SAMPLE SET - 9.5"" ALLORA",-1.00,709.17160,0,657335,T,,,5,"SAMPLE SET - 9.5"" ALLORA",0,0
2026-03-24,GCSETAL9-2828,"SAMPLE SET - 9.5"" ALLORA",1.00,709.17160,0,657335,T,,,5,"SAMPLE SET - 9.5"" ALLORA",0,0
2026-03-24,GCSETBH-2828,SAMPLE SET - BEVERLY HILLS,-1.00,214.20000,0,656387,T,ERODRIGUE8,,5,SAMPLE SET - BEVERLY HILLS,0,0
2026-03-24,GCSETBH-2828,SAMPLE SET - BEVERLY HILLS,1.00,214.20000,0,656387,T,ERODRIGUE8,,5,SAMPLE SET - BEVERLY HILLS,0,0
2026-03-24,GCSETBH-2828,SAMPLE SET - BEVERLY HILLS,-1.00,214.20000,0,657218,T,,,5,SAMPLE SET - BEVERLY HILLS,0,0
2026-03-24,GCSETBH-2828,SAMPLE SET - BEVERLY HILLS,-1.00,214.20000,0,657335,T,,,5,SAMPLE SET - BEVERLY HILLS,0,0
2026-03-24,GCSETBH-2828,SAMPLE SET - BEVERLY HILLS,1.00,214.20000,0,657218,T,,,5,SAMPLE SET - BEVERLY HILLS,0,0
2026-03-24,GCSETBH-2828,SAMPLE SET - BEVERLY HILLS,1.00,214.20000,0,657335,T,,,5,SAMPLE SET - BEVERLY HILLS,0,0
2026-03-24,GCSETCC-1724,SAMPLE SET - CAROLINA C.,-1.00,49.86800,0,656387,T,ERODRIGUE8,,5,SAMPLE SET - CAROLINA C.,0,0
2026-03-24,GCSETCC-1724,SAMPLE SET - CAROLINA C.,1.00,49.86800,0,656387,T,ERODRIGUE8,,5,SAMPLE SET - CAROLINA C.,0,0
2026-03-24,GCSETEX-1724,SAMPLE SET - EXOTICS,-1.00,175.35400,0,656387,T,ERODRIGUE8,,5,SAMPLE SET - EXOTICS,0,0
2026-03-24,GCSETEX-1724,SAMPLE SET - EXOTICS,1.00,175.35400,0,656387,T,ERODRIGUE8,,5,SAMPLE SET - EXOTICS,0,0
2026-03-24,GCSETGL-2828,SAMPLE SET - GOLD LABEL,-1.00,30.00000,0,657218,T,,,5,SAMPLE SET - GOLD LABEL,0,0
2026-03-24,GCSETGL-2828,SAMPLE SET - GOLD LABEL,-1.00,30.00000,0,657335,T,,,5,SAMPLE SET - GOLD LABEL,0,0
2026-03-24,GCSETGL-2828,SAMPLE SET - GOLD LABEL,1.00,30.00000,0,657218,T,,,5,SAMPLE SET - GOLD LABEL,0,0
2026-03-24,GCSETGL-2828,SAMPLE SET - GOLD LABEL,1.00,30.00000,0,657335,T,,,5,SAMPLE SET - GOLD LABEL,0,0
2026-03-24,GCSETII-1724,SAMPLE SET - GII DIST.,-1.00,161.93000,0,656387,T,ERODRIGUE8,,5,SAMPLE SET - GII DIST.,0,0
2026-03-24,GCSETII-1724,SAMPLE SET - GII DIST.,1.00,161.93000,0,656387,T,ERODRIGUE8,,5,SAMPLE SET - GII DIST.,0,0
2026-03-24,GCSETNP-2228,SAMPLE SET - NEWPORT,-1.00,67.18500,0,657218,T,,,5,SAMPLE SET - NEWPORT,0,0
2026-03-24,GCSETNP-2228,SAMPLE SET - NEWPORT,1.00,67.18500,0,657218,T,,,5,SAMPLE SET - NEWPORT,0,0
2026-03-24,GCSETSS-1724,SAMPLE SET - GII SMOOTH,-1.00,115.42000,0,656387,T,ERODRIGUE8,,5,SAMPLE SET - GII SMOOTH,0,0
2026-03-24,GCSETSS-1724,SAMPLE SET - GII SMOOTH,1.00,115.42000,0,656387,T,ERODRIGUE8,,5,SAMPLE SET - GII SMOOTH,0,0
2026-03-24,NONSTOCK,"5 1/2 X 10"" PL ENVELOPES",2.00,78.00000,78.00000,0,P,LMORENO,,,NON-STOCK ITEMS,0,0
2026-03-24,NONSTOCK,"9 1/2 X 12"" PL ENVELOPES",2.00,73.00000,73.00000,0,P,LMORENO,,,NON-STOCK ITEMS,0,0
2026-03-24,NONSTOCK,RUBBERMAID DIGITAL SCALE,2.00,155.00000,155.00000,0,P,LMORENO,,,NON-STOCK ITEMS,0,0
2026-03-24,NONSTOCK,SWEEPING COMPOUND 50LBS,6.00,29.00000,29.00000,0,P,LMORENO,,,NON-STOCK ITEMS,0,0
2026-03-24,NONSTOCK,"STRAPPING SEALS 5/8"" W/ TEETH",6.00,91.00000,91.00000,0,P,LMORENO,,,NON-STOCK ITEMS,0,0
2026-03-24,NONSTOCK,"24"" FOAM ROLLS",9.00,83.00000,83.00000,0,P,LMORENO,,,NON-STOCK ITEMS,0,0
2026-03-24,NONSTOCK,PLYWOOD PALLETS MERIDA,18.00,12.36800,10.00000,0,P,LMORENO,,,NON-STOCK ITEMS,0,0
2026-03-25,NONSTOCK,DW8D,6.00,52.38000,52.38000,0,P,LMORENO,,,NON-STOCK ITEMS,0,0
2026-03-26,GCSETBH-2828,SAMPLE SET - BEVERLY HILLS,-1.00,214.20000,0,658185,T,BOREGAN5,,5,SAMPLE SET - BEVERLY HILLS,0,0
2026-03-26,GCSETBH-2828,SAMPLE SET - BEVERLY HILLS,1.00,214.20000,0,658185,T,BOREGAN5,,5,SAMPLE SET - BEVERLY HILLS,0,0
2026-03-26,GCSETBH-2828,SAMPLE SET - BEVERLY HILLS,-1.00,214.20000,0,657236,T,BOREGAN5,,5,SAMPLE SET - BEVERLY HILLS,0,0
2026-03-26,GCSETBH-2828,SAMPLE SET - BEVERLY HILLS,1.00,214.20000,0,657236,T,BOREGAN5,,5,SAMPLE SET - BEVERLY HILLS,0,0
2026-03-26,GCSETGL-2828,SAMPLE SET - GOLD LABEL,-1.00,30.00000,0,657426,T,JSGOMEZ9,,5,SAMPLE SET - GOLD LABEL,0,0
2026-03-26,GCSETGL-2828,SAMPLE SET - GOLD LABEL,1.00,30.00000,0,657426,T,JSGOMEZ9,,5,SAMPLE SET - GOLD LABEL,0,0
2026-03-26,GCSETGL-2828,SAMPLE SET - GOLD LABEL,-1.00,30.00000,0,657422,T,BOREGAN5,,5,SAMPLE SET - GOLD LABEL,0,0
2026-03-26,GCSETGL-2828,SAMPLE SET - GOLD LABEL,1.00,30.00000,0,657422,T,BOREGAN5,,5,SAMPLE SET - GOLD LABEL,0,0
2026-03-27,GCSETAL9-2828,"SAMPLE SET - 9.5"" ALLORA",-1.00,709.17160,0,658387,T,,,5,"SAMPLE SET - 9.5"" ALLORA",0,0
2026-03-27,GCSETAL9-2828,"SAMPLE SET - 9.5"" ALLORA",1.00,709.17160,0,658387,T,,,5,"SAMPLE SET - 9.5"" ALLORA",0,0
2026-03-27,GCSETBH-2828,SAMPLE SET - BEVERLY HILLS,-1.00,214.20000,0,658387,T,,,5,SAMPLE SET - BEVERLY HILLS,0,0
2026-03-27,GCSETBH-2828,SAMPLE SET - BEVERLY HILLS,-1.00,214.20000,0,658306,T,,,5,SAMPLE SET - BEVERLY HILLS,0,0
2026-03-27,GCSETBH-2828,SAMPLE SET - BEVERLY HILLS,1.00,214.20000,0,658387,T,,,5,SAMPLE SET - BEVERLY HILLS,0,0
2026-03-27,GCSETBH-2828,SAMPLE SET - BEVERLY HILLS,1.00,214.20000,0,658306,T,,,5,SAMPLE SET - BEVERLY HILLS,0,0
2026-03-27,GCSETGL-2828,SAMPLE SET - GOLD LABEL,-1.00,30.00000,0,657424,T,MCASTRO6,,5,SAMPLE SET - GOLD LABEL,0,0
2026-03-27,GCSETGL-2828,SAMPLE SET - GOLD LABEL,1.00,30.00000,0,657424,T,MCASTRO6,,5,SAMPLE SET - GOLD LABEL,0,0
2026-03-27,GCSETGL-2828,SAMPLE SET - GOLD LABEL,-1.00,30.00000,0,657416,T,LMORENO,,5,SAMPLE SET - GOLD LABEL,0,0
2026-03-27,GCSETGL-2828,SAMPLE SET - GOLD LABEL,1.00,30.00000,0,657416,T,LMORENO,,5,SAMPLE SET - GOLD LABEL,0,0
2026-03-27,GCSETGL-2828,SAMPLE SET - GOLD LABEL,-1.00,30.00000,0,657420,T,LMORENO,,5,SAMPLE SET - GOLD LABEL,0,0
2026-03-27,GCSETGL-2828,SAMPLE SET - GOLD LABEL,1.00,30.00000,0,657420,T,LMORENO,,5,SAMPLE SET - GOLD LABEL,0,0
2026-03-27,GCSETGL-2828,SAMPLE SET - GOLD LABEL,-1.00,30.00000,0,657425,T,ERODRIGUE8,,5,SAMPLE SET - GOLD LABEL,0,0
2026-03-27,GCSETGL-2828,SAMPLE SET - GOLD LABEL,1.00,30.00000,0,657425,T,ERODRIGUE8,,5,SAMPLE SET - GOLD LABEL,0,0
2026-03-27,GCSETGL-2828,SAMPLE SET - GOLD LABEL,-1.00,30.00000,0,658387,T,,,5,SAMPLE SET - GOLD LABEL,0,0
2026-03-27,GCSETGL-2828,SAMPLE SET - GOLD LABEL,1.00,30.00000,0,658387,T,,,5,SAMPLE SET - GOLD LABEL,0,0
2026-03-27,GCSETNP-2228,SAMPLE SET - NEWPORT,-1.00,67.18500,0,658306,T,,,5,SAMPLE SET - NEWPORT,0,0
2026-03-27,GCSETNP-2228,SAMPLE SET - NEWPORT,1.00,67.18500,0,658306,T,,,5,SAMPLE SET - NEWPORT,0,0
2026-03-27,NONSTOCK,RUBBERMAID 400LBS SCALE,2.00,175.00000,175.00000,0,P,LMORENO,,,NON-STOCK ITEMS,0,0
2026-03-30,GCSETAL9-2828,"SAMPLE SET - 9.5"" ALLORA",-1.00,709.17160,0,658617,T,,,5,"SAMPLE SET - 9.5"" ALLORA",0,0
2026-03-30,GCSETAL9-2828,"SAMPLE SET - 9.5"" ALLORA",1.00,709.17160,0,658617,T,,,5,"SAMPLE SET - 9.5"" ALLORA",0,0
2026-03-30,GCSETBH-2828,SAMPLE SET - BEVERLY HILLS,-1.00,214.20000,0,658617,T,,,5,SAMPLE SET - BEVERLY HILLS,0,0
2026-03-30,GCSETBH-2828,SAMPLE SET - BEVERLY HILLS,1.00,214.20000,0,658617,T,,,5,SAMPLE SET - BEVERLY HILLS,0,0
2026-03-30,GCSETGL-2828,SAMPLE SET - GOLD LABEL,-1.00,30.00000,0,658617,T,,,5,SAMPLE SET - GOLD LABEL,0,0
2026-03-30,GCSETGL-2828,SAMPLE SET - GOLD LABEL,1.00,30.00000,0,658617,T,,,5,SAMPLE SET - GOLD LABEL,0,0
2026-03-30,GCSETNP-2228,SAMPLE SET - NEWPORT,-1.00,67.18500,0,658617,T,,,5,SAMPLE SET - NEWPORT,0,0
2026-03-30,GCSETNP-2228,SAMPLE SET - NEWPORT,1.00,67.18500,0,658617,T,,,5,SAMPLE SET - NEWPORT,0,0
2026-03-31,GCSETBH-2828,SAMPLE SET - BEVERLY HILLS,-1.00,179.71200,0,584116,T,,,5,SAMPLE SET - BEVERLY HILLS,0,0
2026-03-31,GCSETBH-2828,SAMPLE SET - BEVERLY HILLS,1.00,179.71200,0,584116,T,,,5,SAMPLE SET - BEVERLY HILLS,0,0
2026-03-31,GCSETBH-2828,SAMPLE SET - BEVERLY HILLS,-1.00,204.19700,0,659142,T,,,5,SAMPLE SET - BEVERLY HILLS,0,0
2026-03-31,GCSETBH-2828,SAMPLE SET - BEVERLY HILLS,-1.00,214.20000,0,659133,T,,,5,SAMPLE SET - BEVERLY HILLS,0,0
2026-03-31,GCSETBH-2828,SAMPLE SET - BEVERLY HILLS,-1.00,214.20000,0,659122,T,,,5,SAMPLE SET - BEVERLY HILLS,0,0
2026-03-31,GCSETBH-2828,SAMPLE SET - BEVERLY HILLS,-1.00,204.19700,0,659145,T,,,5,SAMPLE SET - BEVERLY HILLS,0,0
2026-03-31,GCSETBH-2828,SAMPLE SET - BEVERLY HILLS,-1.00,204.19700,0,659148,T,,,5,SAMPLE SET - BEVERLY HILLS,0,0
2026-03-31,GCSETBH-2828,SAMPLE SET - BEVERLY HILLS,-1.00,214.20000,0,659138,T,,,5,SAMPLE SET - BEVERLY HILLS,0,0
2026-03-31,GCSETBH-2828,SAMPLE SET - BEVERLY HILLS,-1.00,214.20000,0,659140,T,,,5,SAMPLE SET - BEVERLY HILLS,0,0
2026-03-31,GCSETBH-2828,SAMPLE SET - BEVERLY HILLS,-1.00,214.20000,0,659134,T,,,5,SAMPLE SET - BEVERLY HILLS,0,0
2026-03-31,GCSETBH-2828,SAMPLE SET - BEVERLY HILLS,1.00,204.19700,0,659142,T,,,5,SAMPLE SET - BEVERLY HILLS,0,0
2026-03-31,GCSETBH-2828,SAMPLE SET - BEVERLY HILLS,1.00,214.20000,0,659133,T,,,5,SAMPLE SET - BEVERLY HILLS,0,0
2026-03-31,GCSETBH-2828,SAMPLE SET - BEVERLY HILLS,1.00,214.20000,0,659122,T,,,5,SAMPLE SET - BEVERLY HILLS,0,0
2026-03-31,GCSETBH-2828,SAMPLE SET - BEVERLY HILLS,1.00,204.19700,0,659145,T,,,5,SAMPLE SET - BEVERLY HILLS,0,0
2026-03-31,GCSETBH-2828,SAMPLE SET - BEVERLY HILLS,1.00,204.19700,0,659148,T,,,5,SAMPLE SET - BEVERLY HILLS,0,0
2026-03-31,GCSETBH-2828,SAMPLE SET - BEVERLY HILLS,1.00,214.20000,0,659138,T,,,5,SAMPLE SET - BEVERLY HILLS,0,0
2026-03-31,GCSETBH-2828,SAMPLE SET - BEVERLY HILLS,1.00,214.20000,0,659140,T,,,5,SAMPLE SET - BEVERLY HILLS,0,0
2026-03-31,GCSETBH-2828,SAMPLE SET - BEVERLY HILLS,1.00,214.20000,0,659134,T,,,5,SAMPLE SET - BEVERLY HILLS,0,0
2026-03-31,GCSETEX-1724,SAMPLE SET - EXOTICS,-1.00,189.14900,0,584116,T,,,5,SAMPLE SET - EXOTICS,0,0
2026-03-31,GCSETEX-1724,SAMPLE SET - EXOTICS,1.00,189.14900,0,584116,T,,,5,SAMPLE SET - EXOTICS,0,0
2026-03-31,GCSETGL-2828,SAMPLE SET - GOLD LABEL,-1.00,30.00000,0,659142,T,,,5,SAMPLE SET - GOLD LABEL,0,0
2026-03-31,GCSETGL-2828,SAMPLE SET - GOLD LABEL,-1.00,30.00000,0,659133,T,,,5,SAMPLE SET - GOLD LABEL,0,0
2026-03-31,GCSETGL-2828,SAMPLE SET - GOLD LABEL,-1.00,30.00000,0,659122,T,,,5,SAMPLE SET - GOLD LABEL,0,0
2026-03-31,GCSETGL-2828,SAMPLE SET - GOLD LABEL,-1.00,30.00000,0,659145,T,,,5,SAMPLE SET - GOLD LABEL,0,0
2026-03-31,GCSETGL-2828,SAMPLE SET - GOLD LABEL,-1.00,30.00000,0,659148,T,,,5,SAMPLE SET - GOLD LABEL,0,0
2026-03-31,GCSETGL-2828,SAMPLE SET - GOLD LABEL,-1.00,30.00000,0,659138,T,,,5,SAMPLE SET - GOLD LABEL,0,0
2026-03-31,GCSETGL-2828,SAMPLE SET - GOLD LABEL,-1.00,30.00000,0,659140,T,,,5,SAMPLE SET - GOLD LABEL,0,0
2026-03-31,GCSETGL-2828,SAMPLE SET - GOLD LABEL,-1.00,30.00000,0,659134,T,,,5,SAMPLE SET - GOLD LABEL,0,0
2026-03-31,GCSETGL-2828,SAMPLE SET - GOLD LABEL,1.00,30.00000,0,659142,T,,,5,SAMPLE SET - GOLD LABEL,0,0
2026-03-31,GCSETGL-2828,SAMPLE SET - GOLD LABEL,1.00,30.00000,0,659133,T,,,5,SAMPLE SET - GOLD LABEL,0,0
2026-03-31,GCSETGL-2828,SAMPLE SET - GOLD LABEL,1.00,30.00000,0,659122,T,,,5,SAMPLE SET - GOLD LABEL,0,0
2026-03-31,GCSETGL-2828,SAMPLE SET - GOLD LABEL,1.00,30.00000,0,659145,T,,,5,SAMPLE SET - GOLD LABEL,0,0
2026-03-31,GCSETGL-2828,SAMPLE SET - GOLD LABEL,1.00,30.00000,0,659148,T,,,5,SAMPLE SET - GOLD LABEL,0,0
2026-03-31,GCSETGL-2828,SAMPLE SET - GOLD LABEL,1.00,30.00000,0,659138,T,,,5,SAMPLE SET - GOLD LABEL,0,0
2026-03-31,GCSETGL-2828,SAMPLE SET - GOLD LABEL,1.00,30.00000,0,659140,T,,,5,SAMPLE SET - GOLD LABEL,0,0
2026-03-31,GCSETGL-2828,SAMPLE SET - GOLD LABEL,1.00,30.00000,0,659134,T,,,5,SAMPLE SET - GOLD LABEL,0,0
2026-03-31,GCSETII-1724,SAMPLE SET - GII DIST.,-1.00,161.93000,0,584116,T,,,5,SAMPLE SET - GII DIST.,0,0
2026-03-31,GCSETII-1724,SAMPLE SET - GII DIST.,1.00,161.93000,0,584116,T,,,5,SAMPLE SET - GII DIST.,0,0
2026-03-31,GCSETPS-2228,SAMPLE SET - PRIVATE SELECTION,-1.00,145.14800,0,584116,T,,,5,SAMPLE SET - PRIVATE SELECTION,0,0
2026-03-31,GCSETPS-2228,SAMPLE SET - PRIVATE SELECTION,1.00,145.14800,0,584116,T,,,5,SAMPLE SET - PRIVATE SELECTION,0,0
2026-03-31,GCSETSS-1724,SAMPLE SET - GII SMOOTH,-1.00,135.80000,0,584116,T,,,5,SAMPLE SET - GII SMOOTH,0,0
2026-03-31,GCSETSS-1724,SAMPLE SET - GII SMOOTH,1.00,135.80000,0,584116,T,,,5,SAMPLE SET - GII SMOOTH,0,0
2026-04-01,GCSETAL9-2828,"SAMPLE SET - 9.5"" ALLORA",-1.00,709.17160,0,659532,T,,,5,"SAMPLE SET - 9.5"" ALLORA",0,0
2026-04-01,GCSETAL9-2828,"SAMPLE SET - 9.5"" ALLORA",1.00,709.17160,0,659532,T,,,5,"SAMPLE SET - 9.5"" ALLORA",0,0
2026-04-01,GCSETBH-2828,SAMPLE SET - BEVERLY HILLS,-1.00,204.19700,0,659532,T,,,5,SAMPLE SET - BEVERLY HILLS,0,0
2026-04-01,GCSETBH-2828,SAMPLE SET - BEVERLY HILLS,1.00,204.19700,0,659532,T,,,5,SAMPLE SET - BEVERLY HILLS,0,0
2026-04-01,GCSETCV-1724,SAMPLE SET - C.V.,-1.00,115.46000,0,659608,T,JRIVERA1,,5,SAMPLE SET - C.V.,0,0
2026-04-01,GCSETCV-1724,SAMPLE SET - C.V.,1.00,115.46000,0,659608,T,JRIVERA1,,5,SAMPLE SET - C.V.,0,0
2026-04-01,GCSETGL-2828,SAMPLE SET - GOLD LABEL,-1.00,30.00000,0,659532,T,,,5,SAMPLE SET - GOLD LABEL,0,0
2026-04-01,GCSETGL-2828,SAMPLE SET - GOLD LABEL,1.00,30.00000,0,659532,T,,,5,SAMPLE SET - GOLD LABEL,0,0
2026-04-01,GCSETNP-2228,SAMPLE SET - NEWPORT,-1.00,67.18500,0,659532,T,,,5,SAMPLE SET - NEWPORT,0,0
2026-04-01,GCSETNP-2228,SAMPLE SET - NEWPORT,1.00,67.18500,0,659532,T,,,5,SAMPLE SET - NEWPORT,0,0
2026-04-01,GCSETNP-2228,SAMPLE SET - NEWPORT,-1.00,67.18500,0,656679,T,,,5,SAMPLE SET - NEWPORT,0,0
2026-04-01,GCSETNP-2228,SAMPLE SET - NEWPORT,1.00,67.18500,0,656679,T,,,5,SAMPLE SET - NEWPORT,0,0
2026-04-01,NONSTOCK,PLYWOOD PALLETS MERIDA,18.00,12.36800,10.00000,0,P,LMORENO,,,NON-STOCK ITEMS,0,0
2026-04-01,NONSTOCK,2 SHEOGA SAMPLES FOR DAVE,2.00,8.75000,0,0,P,LMORENO,,,NON-STOCK ITEMS,0,0
2026-04-01,NONSTOCK,GOLD LABEL METAL SHIELDS WYNN,2560.00,1.26000,1.26000,0,P,LMORENO,,,NON-STOCK ITEMS,0,0
2026-04-02,GCSETBH-2828,SAMPLE SET - BEVERLY HILLS,-1.00,204.19700,0,660126,T,,,5,SAMPLE SET - BEVERLY HILLS,0,0
2026-04-02,GCSETBH-2828,SAMPLE SET - BEVERLY HILLS,1.00,204.19700,0,660126,T,,,5,SAMPLE SET - BEVERLY HILLS,0,0
2026-04-02,GCSETCB-1724,SAMPLE SET - COMP. BUSTER,-1.00,76.54900,0,659863,T,ERODRIGUE8,,5,SAMPLE SET - COMP. BUSTER,0,0
2026-04-02,GCSETCB-1724,SAMPLE SET - COMP. BUSTER,1.00,76.54900,0,659863,T,ERODRIGUE8,,5,SAMPLE SET - COMP. BUSTER,0,0
2026-04-02,GCSETCC-1724,SAMPLE SET - CAROLINA C.,-1.00,49.86800,0,659863,T,ERODRIGUE8,,5,SAMPLE SET - CAROLINA C.,0,0
2026-04-02,GCSETCC-1724,SAMPLE SET - CAROLINA C.,1.00,49.86800,0,659863,T,ERODRIGUE8,,5,SAMPLE SET - CAROLINA C.,0,0
2026-04-02,GCSETEX-1724,SAMPLE SET - EXOTICS,-1.00,175.35400,0,659863,T,ERODRIGUE8,,5,SAMPLE SET - EXOTICS,0,0
2026-04-02,GCSETEX-1724,SAMPLE SET - EXOTICS,1.00,175.35400,0,659863,T,ERODRIGUE8,,5,SAMPLE SET - EXOTICS,0,0
2026-04-02,GCSETGL-2828,SAMPLE SET - GOLD LABEL,-1.00,30.00000,0,659650,T,JSGOMEZ9,,5,SAMPLE SET - GOLD LABEL,0,0
2026-04-02,GCSETGL-2828,SAMPLE SET - GOLD LABEL,1.00,30.00000,0,659650,T,JSGOMEZ9,,5,SAMPLE SET - GOLD LABEL,0,0
2026-04-02,GCSETGL-2828,SAMPLE SET - GOLD LABEL,-1.00,30.00000,0,660126,T,,,5,SAMPLE SET - GOLD LABEL,0,0
2026-04-02,GCSETGL-2828,SAMPLE SET - GOLD LABEL,1.00,30.00000,0,660126,T,,,5,SAMPLE SET - GOLD LABEL,0,0
2026-04-02,GCSETII-1724,SAMPLE SET - GII DIST.,-1.00,161.93000,0,659863,T,ERODRIGUE8,,5,SAMPLE SET - GII DIST.,0,0
2026-04-02,GCSETII-1724,SAMPLE SET - GII DIST.,1.00,161.93000,0,659863,T,ERODRIGUE8,,5,SAMPLE SET - GII DIST.,0,0
2026-04-02,GCSETII-1724,SAMPLE SET - GII DIST.,-1.00,161.93000,0,660126,T,,,5,SAMPLE SET - GII DIST.,0,0
2026-04-02,GCSETII-1724,SAMPLE SET - GII DIST.,1.00,161.93000,0,660126,T,,,5,SAMPLE SET - GII DIST.,0,0
2026-04-02,GCSETNP-2228,SAMPLE SET - NEWPORT,-1.00,67.18500,0,659963,T,ERODRIGUE8,,5,SAMPLE SET - NEWPORT,0,0
2026-04-02,GCSETNP-2228,SAMPLE SET - NEWPORT,1.00,67.18500,0,659963,T,ERODRIGUE8,,5,SAMPLE SET - NEWPORT,0,0
2026-04-02,GCSETNP-2228,SAMPLE SET - NEWPORT,-1.00,67.18500,0,659936,T,ERODRIGUE8,,5,SAMPLE SET - NEWPORT,0,0
2026-04-02,GCSETNP-2228,SAMPLE SET - NEWPORT,1.00,67.18500,0,659936,T,ERODRIGUE8,,5,SAMPLE SET - NEWPORT,0,0
2026-04-02,GCSETSS-1724,SAMPLE SET - GII SMOOTH,-1.00,115.42000,0,659863,T,ERODRIGUE8,,5,SAMPLE SET - GII SMOOTH,0,0
2026-04-02,GCSETSS-1724,SAMPLE SET - GII SMOOTH,1.00,115.42000,0,659863,T,ERODRIGUE8,,5,SAMPLE SET - GII SMOOTH,0,0
2026-04-02,GCSETSS-1724,SAMPLE SET - GII SMOOTH,-1.00,115.42000,0,660126,T,,,5,SAMPLE SET - GII SMOOTH,0,0
2026-04-02,GCSETSS-1724,SAMPLE SET - GII SMOOTH,1.00,115.42000,0,660126,T,,,5,SAMPLE SET - GII SMOOTH,0,0
2026-04-02,NONSTOCK,FREE TAPE ROLLER,1.00,0,0,0,P,LMORENO,,,NON-STOCK ITEMS,0,0
2026-04-02,NONSTOCK,"3"" BROWN TAPE CASE OF 8RLS",2.00,102.00000,102.00000,0,P,LMORENO,,,NON-STOCK ITEMS,0,0
2026-04-02,NONSTOCK,"10"" SOLID RUBBER WHEEL",2.00,27.00000,27.00000,0,P,LMORENO,,,NON-STOCK ITEMS,0,0
2026-04-02,NONSTOCK,BUBBLE MAILERS CASE OF 100,4.00,46.00000,46.00000,0,P,LMORENO,,,NON-STOCK ITEMS,0,0
2026-04-02,NONSTOCK,"5"" WHEEL FOR CARTS",4.00,24.25000,24.25000,0,P,LMORENO,,,NON-STOCK ITEMS,0,0
2026-04-02,NONSTOCK,"12 X 9 X 9"" BOX",100.00,0.83000,0.83000,0,P,LMORENO,,,NON-STOCK ITEMS,0,0
2026-04-02,NONSTOCK,"15 X 10 X 12"" BOXES",100.00,1.90000,1.90000,0,P,LMORENO,,,NON-STOCK ITEMS,0,0
2026-04-02,NONSTOCK,"12 X 7 X 5"" BOXES",100.00,0.89000,0.89000,0,P,LMORENO,,,NON-STOCK ITEMS,0,0
2026-04-03,GCSETGL-2828,SAMPLE SET - GOLD LABEL,-1.00,30.00000,0,659830,T,BOREGAN5,,5,SAMPLE SET - GOLD LABEL,0,0
2026-04-03,GCSETGL-2828,SAMPLE SET - GOLD LABEL,1.00,30.00000,0,659830,T,BOREGAN5,,5,SAMPLE SET - GOLD LABEL,0,0
2026-04-03,GCSETGL-2828,SAMPLE SET - GOLD LABEL,-1.00,30.00000,0,659904,T,BOREGAN5,,5,SAMPLE SET - GOLD LABEL,0,0
2026-04-03,GCSETGL-2828,SAMPLE SET - GOLD LABEL,1.00,30.00000,0,659904,T,BOREGAN5,,5,SAMPLE SET - GOLD LABEL,0,0
2026-04-03,GCSETGL-2828,SAMPLE SET - GOLD LABEL,-2.00,30.00000,0,659898,T,BOREGAN5,,5,SAMPLE SET - GOLD LABEL,0,0
2026-04-03,GCSETGL-2828,SAMPLE SET - GOLD LABEL,2.00,30.00000,0,659898,T,BOREGAN5,,5,SAMPLE SET - GOLD LABEL,0,0
2026-04-03,GCSETGL-2828,SAMPLE SET - GOLD LABEL,-1.00,30.00000,0,659867,T,BOREGAN5,,5,SAMPLE SET - GOLD LABEL,0,0
2026-04-03,GCSETGL-2828,SAMPLE SET - GOLD LABEL,1.00,30.00000,0,659867,T,BOREGAN5,,5,SAMPLE SET - GOLD LABEL,0,0
2026-04-06,GCSETAL9-2828,"SAMPLE SET - 9.5"" ALLORA",-1.00,709.17160,0,660165,T,BOREGAN5,,5,"SAMPLE SET - 9.5"" ALLORA",0,0
2026-04-06,GCSETAL9-2828,"SAMPLE SET - 9.5"" ALLORA",1.00,709.17160,0,660165,T,BOREGAN5,,5,"SAMPLE SET - 9.5"" ALLORA",0,0
2026-04-06,GCSETBH-2828,SAMPLE SET - BEVERLY HILLS,-1.00,204.19700,0,660165,T,BOREGAN5,,5,SAMPLE SET - BEVERLY HILLS,0,0
2026-04-06,GCSETBH-2828,SAMPLE SET - BEVERLY HILLS,1.00,204.19700,0,660165,T,BOREGAN5,,5,SAMPLE SET - BEVERLY HILLS,0,0
2026-04-06,GCSETCB-1724,SAMPLE SET - COMP. BUSTER,-1.00,76.54900,0,660165,T,BOREGAN5,,5,SAMPLE SET - COMP. BUSTER,0,0
2026-04-06,GCSETCB-1724,SAMPLE SET - COMP. BUSTER,1.00,76.54900,0,660165,T,BOREGAN5,,5,SAMPLE SET - COMP. BUSTER,0,0
2026-04-06,GCSETCB-1724,SAMPLE SET - COMP. BUSTER,-1.00,76.54900,0,658645,T,,,5,SAMPLE SET - COMP. BUSTER,0,0
2026-04-06,GCSETCB-1724,SAMPLE SET - COMP. BUSTER,1.00,76.54900,0,658645,T,,,5,SAMPLE SET - COMP. BUSTER,0,0
2026-04-06,GCSETCC-1724,SAMPLE SET - CAROLINA C.,-1.00,49.86800,0,660165,T,BOREGAN5,,5,SAMPLE SET - CAROLINA C.,0,0
2026-04-06,GCSETCC-1724,SAMPLE SET - CAROLINA C.,1.00,49.86800,0,660165,T,BOREGAN5,,5,SAMPLE SET - CAROLINA C.,0,0
2026-04-06,GCSETCC-1724,SAMPLE SET - CAROLINA C.,-1.00,49.86800,0,658645,T,,,5,SAMPLE SET - CAROLINA C.,0,0
2026-04-06,GCSETCC-1724,SAMPLE SET - CAROLINA C.,1.00,49.86800,0,658645,T,,,5,SAMPLE SET - CAROLINA C.,0,0
2026-04-06,GCSETCV-1724,SAMPLE SET - C.V.,-1.00,115.46000,0,658645,T,,,5,SAMPLE SET - C.V.,0,0
2026-04-06,GCSETCV-1724,SAMPLE SET - C.V.,1.00,115.46000,0,658645,T,,,5,SAMPLE SET - C.V.,0,0
2026-04-06,GCSETEX-1724,SAMPLE SET - EXOTICS,-1.00,175.35400,0,660165,T,BOREGAN5,,5,SAMPLE SET - EXOTICS,0,0
2026-04-06,GCSETEX-1724,SAMPLE SET - EXOTICS,1.00,175.35400,0,660165,T,BOREGAN5,,5,SAMPLE SET - EXOTICS,0,0
2026-04-06,GCSETEX-1724,SAMPLE SET - EXOTICS,-1.00,175.35400,0,658645,T,,,5,SAMPLE SET - EXOTICS,0,0
2026-04-06,GCSETEX-1724,SAMPLE SET - EXOTICS,1.00,175.35400,0,658645,T,,,5,SAMPLE SET - EXOTICS,0,0
2026-04-06,GCSETII-1724,SAMPLE SET - GII DIST.,-1.00,161.93000,0,660165,T,BOREGAN5,,5,SAMPLE SET - GII DIST.,0,0
2026-04-06,GCSETII-1724,SAMPLE SET - GII DIST.,1.00,161.93000,0,660165,T,BOREGAN5,,5,SAMPLE SET - GII DIST.,0,0
2026-04-06,GCSETII-1724,SAMPLE SET - GII DIST.,-1.00,161.93000,0,658645,T,,,5,SAMPLE SET - GII DIST.,0,0
2026-04-06,GCSETII-1724,SAMPLE SET - GII DIST.,1.00,161.93000,0,658645,T,,,5,SAMPLE SET - GII DIST.,0,0
2026-04-06,GCSETPS-2228,SAMPLE SET - PRIVATE SELECTION,-1.00,82.16000,0,660165,T,BOREGAN5,,5,SAMPLE SET - PRIVATE SELECTION,0,0
2026-04-06,GCSETPS-2228,SAMPLE SET - PRIVATE SELECTION,1.00,82.16000,0,660165,T,BOREGAN5,,5,SAMPLE SET - PRIVATE SELECTION,0,0
2026-04-06,GCSETSS-1724,SAMPLE SET - GII SMOOTH,-1.00,115.42000,0,660165,T,BOREGAN5,,5,SAMPLE SET - GII SMOOTH,0,0
2026-04-06,GCSETSS-1724,SAMPLE SET - GII SMOOTH,1.00,115.42000,0,660165,T,BOREGAN5,,5,SAMPLE SET - GII SMOOTH,0,0
2026-04-06,GCSETSS-1724,SAMPLE SET - GII SMOOTH,-1.00,115.42000,0,658645,T,,,5,SAMPLE SET - GII SMOOTH,0,0
2026-04-06,GCSETSS-1724,SAMPLE SET - GII SMOOTH,1.00,115.42000,0,658645,T,,,5,SAMPLE SET - GII SMOOTH,0,0
2026-04-08,GCSETBH-2828,SAMPLE SET - BEVERLY HILLS,-1.00,179.71200,0,527832,T,JRIVERA1,,5,SAMPLE SET - BEVERLY HILLS,0,0
2026-04-08,GCSETBH-2828,SAMPLE SET - BEVERLY HILLS,1.00,179.71200,0,527832,T,JRIVERA1,,5,SAMPLE SET - BEVERLY HILLS,0,0
2026-04-08,NONSTOCK,"24"" FOAM ROLL",6.00,83.00000,83.00000,0,P,LMORENO,,,NON-STOCK ITEMS,0,0
2026-04-08,NONSTOCK,"2"" RED ""STOP"" TAPE",36.00,5.80000,5.80000,0,P,LMORENO,,,NON-STOCK ITEMS,0,0
2026-04-10,GCSETP2-2428,SAMPLE SET - PARALLELS 2.0,-2.00,14.99200,0,662023,T,AIBARRA3,,5,SAMPLE SET - PARALLELS 2.0,0,0
2026-04-10,GCSETP2-2428,SAMPLE SET - PARALLELS 2.0,2.00,14.99200,0,662023,T,AIBARRA3,,5,SAMPLE SET - PARALLELS 2.0,0,0
2026-04-13,GCSETAL-2228,"SAMPLE SET - 7.5"" ALLORA",-1.00,421.99840,0,662375,T,BOREGAN5,,5,"SAMPLE SET - 7.5"" ALLORA",0,0
2026-04-13,GCSETAL-2228,"SAMPLE SET - 7.5"" ALLORA",1.00,421.99840,0,662375,T,BOREGAN5,,5,"SAMPLE SET - 7.5"" ALLORA",0,0
2026-04-13,GCSETBH-2828,SAMPLE SET - BEVERLY HILLS,-1.00,204.19700,0,661371,T,BOREGAN5,,5,SAMPLE SET - BEVERLY HILLS,0,0
2026-04-13,GCSETBH-2828,SAMPLE SET - BEVERLY HILLS,1.00,204.19700,0,661371,T,BOREGAN5,,5,SAMPLE SET - BEVERLY HILLS,0,0
2026-04-13,GCSETGL-2828,SAMPLE SET - GOLD LABEL,-1.00,30.00000,0,661371,T,BOREGAN5,,5,SAMPLE SET - GOLD LABEL,0,0
2026-04-13,GCSETGL-2828,SAMPLE SET - GOLD LABEL,1.00,30.00000,0,661371,T,BOREGAN5,,5,SAMPLE SET - GOLD LABEL,0,0
2026-04-13,GCSETGL-2828,SAMPLE SET - GOLD LABEL,-1.00,30.00000,0,661335,T,BOREGAN5,,5,SAMPLE SET - GOLD LABEL,0,0
2026-04-13,GCSETGL-2828,SAMPLE SET - GOLD LABEL,1.00,30.00000,0,661335,T,BOREGAN5,,5,SAMPLE SET - GOLD LABEL,0,0
2026-04-13,GCSETGL-2828,SAMPLE SET - GOLD LABEL,-1.00,30.00000,0,661395,T,BOREGAN5,,5,SAMPLE SET - GOLD LABEL,0,0
2026-04-13,GCSETGL-2828,SAMPLE SET - GOLD LABEL,1.00,30.00000,0,661395,T,BOREGAN5,,5,SAMPLE SET - GOLD LABEL,0,0
2026-04-13,GCSETGL-2828,SAMPLE SET - GOLD LABEL,-1.00,30.00000,0,661745,T,BOREGAN5,,5,SAMPLE SET - GOLD LABEL,0,0
2026-04-13,GCSETGL-2828,SAMPLE SET - GOLD LABEL,1.00,30.00000,0,661745,T,BOREGAN5,,5,SAMPLE SET - GOLD LABEL,0,0
2026-04-13,GCSETGL-2828,SAMPLE SET - GOLD LABEL,-1.00,30.00000,0,661510,T,BOREGAN5,,5,SAMPLE SET - GOLD LABEL,0,0
2026-04-13,GCSETGL-2828,SAMPLE SET - GOLD LABEL,1.00,30.00000,0,661510,T,BOREGAN5,,5,SAMPLE SET - GOLD LABEL,0,0
2026-04-13,GCSETGL-2828,SAMPLE SET - GOLD LABEL,-1.00,30.00000,0,661687,T,BOREGAN5,,5,SAMPLE SET - GOLD LABEL,0,0
2026-04-13,GCSETGL-2828,SAMPLE SET - GOLD LABEL,1.00,30.00000,0,661687,T,BOREGAN5,,5,SAMPLE SET - GOLD LABEL,0,0
2026-04-13,GCSETGL-2828,SAMPLE SET - GOLD LABEL,-1.00,30.00000,0,661553,T,BOREGAN5,,5,SAMPLE SET - GOLD LABEL,0,0
2026-04-13,GCSETGL-2828,SAMPLE SET - GOLD LABEL,1.00,30.00000,0,661553,T,BOREGAN5,,5,SAMPLE SET - GOLD LABEL,0,0
2026-04-13,GCSETGL-2828,SAMPLE SET - GOLD LABEL,-1.00,30.00000,0,661937,T,BOREGAN5,,5,SAMPLE SET - GOLD LABEL,0,0
2026-04-13,GCSETGL-2828,SAMPLE SET - GOLD LABEL,1.00,30.00000,0,661937,T,BOREGAN5,,5,SAMPLE SET - GOLD LABEL,0,0
2026-04-14,GCSETBH-2828,SAMPLE SET - BEVERLY HILLS,-1.00,214.20000,0,662720,T,,,5,SAMPLE SET - BEVERLY HILLS,0,0
2026-04-14,GCSETBH-2828,SAMPLE SET - BEVERLY HILLS,1.00,214.20000,0,662720,T,,,5,SAMPLE SET - BEVERLY HILLS,0,0
2026-04-14,GCSETCB-1724,SAMPLE SET - COMP. BUSTER,-1.00,76.54900,0,662857,T,,,5,SAMPLE SET - COMP. BUSTER,0,0
2026-04-14,GCSETCB-1724,SAMPLE SET - COMP. BUSTER,1.00,76.54900,0,662857,T,,,5,SAMPLE SET - COMP. BUSTER,0,0
2026-04-14,GCSETCC-1724,SAMPLE SET - CAROLINA C.,-1.00,49.86800,0,662857,T,,,5,SAMPLE SET - CAROLINA C.,0,0
2026-04-14,GCSETCC-1724,SAMPLE SET - CAROLINA C.,1.00,49.86800,0,662857,T,,,5,SAMPLE SET - CAROLINA C.,0,0
2026-04-14,GCSETEX-1724,SAMPLE SET - EXOTICS,-1.00,175.35400,0,662755,T,,,5,SAMPLE SET - EXOTICS,0,0
2026-04-14,GCSETEX-1724,SAMPLE SET - EXOTICS,-1.00,175.35400,0,662857,T,,,5,SAMPLE SET - EXOTICS,0,0
2026-04-14,GCSETEX-1724,SAMPLE SET - EXOTICS,1.00,175.35400,0,662755,T,,,5,SAMPLE SET - EXOTICS,0,0
2026-04-14,GCSETEX-1724,SAMPLE SET - EXOTICS,1.00,175.35400,0,662857,T,,,5,SAMPLE SET - EXOTICS,0,0
2026-04-14,GCSETGL-2828,SAMPLE SET - GOLD LABEL,-1.00,30.00000,0,662755,T,,,5,SAMPLE SET - GOLD LABEL,0,0
2026-04-14,GCSETGL-2828,SAMPLE SET - GOLD LABEL,-1.00,30.00000,0,662720,T,,,5,SAMPLE SET - GOLD LABEL,0,0
2026-04-14,GCSETGL-2828,SAMPLE SET - GOLD LABEL,1.00,30.00000,0,662755,T,,,5,SAMPLE SET - GOLD LABEL,0,0
2026-04-14,GCSETGL-2828,SAMPLE SET - GOLD LABEL,1.00,30.00000,0,662720,T,,,5,SAMPLE SET - GOLD LABEL,0,0
2026-04-14,GCSETII-1724,SAMPLE SET - GII DIST.,-1.00,161.93000,0,662755,T,,,5,SAMPLE SET - GII DIST.,0,0
2026-04-14,GCSETII-1724,SAMPLE SET - GII DIST.,-1.00,161.93000,0,662857,T,,,5,SAMPLE SET - GII DIST.,0,0
2026-04-14,GCSETII-1724,SAMPLE SET - GII DIST.,1.00,161.93000,0,662755,T,,,5,SAMPLE SET - GII DIST.,0,0
2026-04-14,GCSETII-1724,SAMPLE SET - GII DIST.,1.00,161.93000,0,662857,T,,,5,SAMPLE SET - GII DIST.,0,0
2026-04-14,GCSETNP-2228,SAMPLE SET - NEWPORT,-1.00,67.18500,0,662720,T,,,5,SAMPLE SET - NEWPORT,0,0
2026-04-14,GCSETNP-2228,SAMPLE SET - NEWPORT,1.00,67.18500,0,662720,T,,,5,SAMPLE SET - NEWPORT,0,0
2026-04-14,GCSETSS-1724,SAMPLE SET - GII SMOOTH,-1.00,115.42000,0,662755,T,,,5,SAMPLE SET - GII SMOOTH,0,0
2026-04-14,GCSETSS-1724,SAMPLE SET - GII SMOOTH,-1.00,115.42000,0,662857,T,,,5,SAMPLE SET - GII SMOOTH,0,0
2026-04-14,GCSETSS-1724,SAMPLE SET - GII SMOOTH,1.00,115.42000,0,662755,T,,,5,SAMPLE SET - GII SMOOTH,0,0
2026-04-14,GCSETSS-1724,SAMPLE SET - GII SMOOTH,1.00,115.42000,0,662857,T,,,5,SAMPLE SET - GII SMOOTH,0,0
2026-04-17,GCSETP2-2428,SAMPLE SET - PARALLELS 2.0,-1.00,14.99200,0,663511,T,,,5,SAMPLE SET - PARALLELS 2.0,0,0
2026-04-17,GCSETP2-2428,SAMPLE SET - PARALLELS 2.0,1.00,14.99200,0,663511,T,,,5,SAMPLE SET - PARALLELS 2.0,0,0
2026-04-17,NONSTOCK,"NEW PALLETS 48"" X 86""",100.00,45.00000,45.00000,0,P,LMORENO,,,NON-STOCK ITEMS,0,0
2026-04-18,GCSETBH-2828,SAMPLE SET - BEVERLY HILLS,-1.00,204.19700,0,663310,T,BOREGAN5,,5,SAMPLE SET - BEVERLY HILLS,0,0
2026-04-18,GCSETBH-2828,SAMPLE SET - BEVERLY HILLS,1.00,204.19700,0,663310,T,BOREGAN5,,5,SAMPLE SET - BEVERLY HILLS,0,0
2026-04-18,GCSETGL-2828,SAMPLE SET - GOLD LABEL,-1.00,30.00000,0,663176,T,BOREGAN5,,5,SAMPLE SET - GOLD LABEL,0,0
2026-04-18,GCSETGL-2828,SAMPLE SET - GOLD LABEL,1.00,30.00000,0,663176,T,BOREGAN5,,5,SAMPLE SET - GOLD LABEL,0,0
2026-04-18,GCSETGL-2828,SAMPLE SET - GOLD LABEL,-1.00,30.00000,0,663472,T,BOREGAN5,,5,SAMPLE SET - GOLD LABEL,0,0
2026-04-18,GCSETGL-2828,SAMPLE SET - GOLD LABEL,1.00,30.00000,0,663472,T,BOREGAN5,,5,SAMPLE SET - GOLD LABEL,0,0
2026-04-20,GCSETAL9-2828,"SAMPLE SET - 9.5"" ALLORA",-1.00,709.17160,0,664066,T,,,5,"SAMPLE SET - 9.5"" ALLORA",0,0
2026-04-20,GCSETAL9-2828,"SAMPLE SET - 9.5"" ALLORA",1.00,709.17160,0,664066,T,,,5,"SAMPLE SET - 9.5"" ALLORA",0,0
2026-04-20,GCSETBH-2828,SAMPLE SET - BEVERLY HILLS,-1.00,204.19700,0,664066,T,,,5,SAMPLE SET - BEVERLY HILLS,0,0
2026-04-20,GCSETBH-2828,SAMPLE SET - BEVERLY HILLS,1.00,204.19700,0,664066,T,,,5,SAMPLE SET - BEVERLY HILLS,0,0
2026-04-20,GCSETGL-2828,SAMPLE SET - GOLD LABEL,-1.00,30.00000,0,664066,T,,,5,SAMPLE SET - GOLD LABEL,0,0
2026-04-20,GCSETGL-2828,SAMPLE SET - GOLD LABEL,1.00,30.00000,0,664066,T,,,5,SAMPLE SET - GOLD LABEL,0,0
2026-04-20,GCSETNP-2228,SAMPLE SET - NEWPORT,-1.00,67.18500,0,664066,T,,,5,SAMPLE SET - NEWPORT,0,0
2026-04-20,GCSETNP-2228,SAMPLE SET - NEWPORT,1.00,67.18500,0,664066,T,,,5,SAMPLE SET - NEWPORT,0,0
2026-04-20,NONSTOCK,FREE  2-ROLL TAPE STARTER PACK,1.00,0,0,0,P,LMORENO,,,NON-STOCK ITEMS,0,0
2026-04-20,NONSTOCK,10OZ RIPPLE CUPS,3.00,74.00000,74.00000,0,P,LMORENO,,,NON-STOCK ITEMS,0,0
2026-04-20,NONSTOCK,25' TAPE MEASURE,8.00,10.00000,10.00000,0,P,LMORENO,,,NON-STOCK ITEMS,0,0
2026-04-20,NONSTOCK,"24"" FOAM ROLL PERFORATED",9.00,83.00000,83.00000,0,P,LMORENO,,,NON-STOCK ITEMS,0,0
2026-04-20,NONSTOCK,SNAP BLADE UTILITY KNIFE,24.00,5.75000,5.75000,0,P,LMORENO,,,NON-STOCK ITEMS,0,0
2026-04-21,GCSETNP-2228,SAMPLE SET - NEWPORT,-1.00,67.18500,0,664491,T,CSANCHEZ4,,5,SAMPLE SET - NEWPORT,0,0
2026-04-21,GCSETNP-2228,SAMPLE SET - NEWPORT,1.00,67.18500,0,664491,T,CSANCHEZ4,,5,SAMPLE SET - NEWPORT,0,0
2026-04-22,GCSETGL-2828,SAMPLE SET - GOLD LABEL,-1.00,30.00000,0,664795,T,MCASTRO6,,5,SAMPLE SET - GOLD LABEL,0,0
2026-04-22,GCSETGL-2828,SAMPLE SET - GOLD LABEL,1.00,30.00000,0,664795,T,MCASTRO6,,5,SAMPLE SET - GOLD LABEL,0,0
2026-04-24,GCSETAL9-2828,"SAMPLE SET - 9.5"" ALLORA",-1.00,709.17160,0,665502,T,JSGOMEZ9,,5,"SAMPLE SET - 9.5"" ALLORA",0,0
2026-04-24,GCSETAL9-2828,"SAMPLE SET - 9.5"" ALLORA",1.00,709.17160,0,665502,T,JSGOMEZ9,,5,"SAMPLE SET - 9.5"" ALLORA",0,0
2026-04-24,GCSETCB-1724,SAMPLE SET - COMP. BUSTER,-1.00,76.54900,0,665502,T,JSGOMEZ9,,5,SAMPLE SET - COMP. BUSTER,0,0
2026-04-24,GCSETCB-1724,SAMPLE SET - COMP. BUSTER,1.00,76.54900,0,665502,T,JSGOMEZ9,,5,SAMPLE SET - COMP. BUSTER,0,0
2026-04-24,GCSETCC-1724,SAMPLE SET - CAROLINA C.,-1.00,49.86800,0,665502,T,JSGOMEZ9,,5,SAMPLE SET - CAROLINA C.,0,0
2026-04-24,GCSETCC-1724,SAMPLE SET - CAROLINA C.,1.00,49.86800,0,665502,T,JSGOMEZ9,,5,SAMPLE SET - CAROLINA C.,0,0
2026-04-24,GCSETCC-1724,SAMPLE SET - CAROLINA C.,-1.00,49.86800,0,665276,T,BOREGAN5,,5,SAMPLE SET - CAROLINA C.,0,0
2026-04-24,GCSETCC-1724,SAMPLE SET - CAROLINA C.,1.00,49.86800,0,665276,T,BOREGAN5,,5,SAMPLE SET - CAROLINA C.,0,0
2026-04-24,GCSETGL-2828,SAMPLE SET - GOLD LABEL,-1.00,30.00000,0,665278,T,BOREGAN5,,5,SAMPLE SET - GOLD LABEL,0,0
2026-04-24,GCSETGL-2828,SAMPLE SET - GOLD LABEL,1.00,30.00000,0,665278,T,BOREGAN5,,5,SAMPLE SET - GOLD LABEL,0,0
2026-04-27,GCSETAL-2228,"SAMPLE SET - 7.5"" ALLORA",-1.00,421.99840,0,665710,T,ERODRIGUE8,,5,"SAMPLE SET - 7.5"" ALLORA",0,0
2026-04-27,GCSETAL-2228,"SAMPLE SET - 7.5"" ALLORA",1.00,421.99840,0,665710,T,ERODRIGUE8,,5,"SAMPLE SET - 7.5"" ALLORA",0,0
2026-04-27,GCSETCB-1724,SAMPLE SET - COMP. BUSTER,-1.00,76.54900,0,665709,T,ERODRIGUE8,,5,SAMPLE SET - COMP. BUSTER,0,0
2026-04-27,GCSETCB-1724,SAMPLE SET - COMP. BUSTER,1.00,76.54900,0,665709,T,ERODRIGUE8,,5,SAMPLE SET - COMP. BUSTER,0,0
2026-04-27,GCSETCC-1724,SAMPLE SET - CAROLINA C.,-1.00,49.86800,0,665967,T,,,5,SAMPLE SET - CAROLINA C.,0,0
2026-04-27,GCSETCC-1724,SAMPLE SET - CAROLINA C.,1.00,49.86800,0,665967,T,,,5,SAMPLE SET - CAROLINA C.,0,0
2026-04-27,GCSETEX-1724,SAMPLE SET - EXOTICS,-1.00,175.35400,0,665709,T,ERODRIGUE8,,5,SAMPLE SET - EXOTICS,0,0
2026-04-27,GCSETEX-1724,SAMPLE SET - EXOTICS,1.00,175.35400,0,665709,T,ERODRIGUE8,,5,SAMPLE SET - EXOTICS,0,0
2026-04-27,GCSETEX-1724,SAMPLE SET - EXOTICS,-1.00,175.35400,0,665677,T,ERODRIGUE8,,5,SAMPLE SET - EXOTICS,0,0
2026-04-27,GCSETEX-1724,SAMPLE SET - EXOTICS,1.00,175.35400,0,665677,T,ERODRIGUE8,,5,SAMPLE SET - EXOTICS,0,0
2026-04-27,GCSETII-1724,SAMPLE SET - GII DIST.,-1.00,161.93000,0,665709,T,ERODRIGUE8,,5,SAMPLE SET - GII DIST.,0,0
2026-04-27,GCSETII-1724,SAMPLE SET - GII DIST.,1.00,161.93000,0,665709,T,ERODRIGUE8,,5,SAMPLE SET - GII DIST.,0,0
2026-04-27,GCSETII-1724,SAMPLE SET - GII DIST.,-1.00,161.93000,0,665677,T,ERODRIGUE8,,5,SAMPLE SET - GII DIST.,0,0
2026-04-27,GCSETII-1724,SAMPLE SET - GII DIST.,1.00,161.93000,0,665677,T,ERODRIGUE8,,5,SAMPLE SET - GII DIST.,0,0
2026-04-27,GCSETSS-1724,SAMPLE SET - GII SMOOTH,-1.00,115.42000,0,665709,T,ERODRIGUE8,,5,SAMPLE SET - GII SMOOTH,0,0
2026-04-27,GCSETSS-1724,SAMPLE SET - GII SMOOTH,1.00,115.42000,0,665709,T,ERODRIGUE8,,5,SAMPLE SET - GII SMOOTH,0,0
2026-04-27,GCSETSS-1724,SAMPLE SET - GII SMOOTH,-1.00,115.42000,0,665677,T,ERODRIGUE8,,5,SAMPLE SET - GII SMOOTH,0,0
2026-04-27,GCSETSS-1724,SAMPLE SET - GII SMOOTH,1.00,115.42000,0,665677,T,ERODRIGUE8,,5,SAMPLE SET - GII SMOOTH,0,0
2026-04-28,GCSETCB-1724,SAMPLE SET - COMP. BUSTER,-1.00,76.54900,0,664994,T,,,5,SAMPLE SET - COMP. BUSTER,0,0
2026-04-28,GCSETCB-1724,SAMPLE SET - COMP. BUSTER,-1.00,76.54900,0,665005,T,,,5,SAMPLE SET - COMP. BUSTER,0,0
2026-04-28,GCSETCB-1724,SAMPLE SET - COMP. BUSTER,1.00,76.54900,0,664994,T,,,5,SAMPLE SET - COMP. BUSTER,0,0
2026-04-28,GCSETCB-1724,SAMPLE SET - COMP. BUSTER,1.00,76.54900,0,665005,T,,,5,SAMPLE SET - COMP. BUSTER,0,0
2026-04-28,GCSETCC-1724,SAMPLE SET - CAROLINA C.,-1.00,49.86800,0,664994,T,,,5,SAMPLE SET - CAROLINA C.,0,0
2026-04-28,GCSETCC-1724,SAMPLE SET - CAROLINA C.,-1.00,49.86800,0,665005,T,,,5,SAMPLE SET - CAROLINA C.,0,0
2026-04-28,GCSETCC-1724,SAMPLE SET - CAROLINA C.,1.00,49.86800,0,664994,T,,,5,SAMPLE SET - CAROLINA C.,0,0
2026-04-28,GCSETCC-1724,SAMPLE SET - CAROLINA C.,1.00,49.86800,0,665005,T,,,5,SAMPLE SET - CAROLINA C.,0,0
2026-04-28,GCSETEX-1724,SAMPLE SET - EXOTICS,-1.00,175.35400,0,656200,T,,,5,SAMPLE SET - EXOTICS,0,0
2026-04-28,GCSETEX-1724,SAMPLE SET - EXOTICS,-1.00,175.35400,0,664994,T,,,5,SAMPLE SET - EXOTICS,0,0
2026-04-28,GCSETEX-1724,SAMPLE SET - EXOTICS,-1.00,175.35400,0,665005,T,,,5,SAMPLE SET - EXOTICS,0,0
2026-04-28,GCSETEX-1724,SAMPLE SET - EXOTICS,1.00,175.35400,0,656200,T,,,5,SAMPLE SET - EXOTICS,0,0
2026-04-28,GCSETEX-1724,SAMPLE SET - EXOTICS,1.00,175.35400,0,664994,T,,,5,SAMPLE SET - EXOTICS,0,0
2026-04-28,GCSETEX-1724,SAMPLE SET - EXOTICS,1.00,175.35400,0,665005,T,,,5,SAMPLE SET - EXOTICS,0,0
2026-04-28,GCSETII-1724,SAMPLE SET - GII DIST.,-1.00,161.93000,0,664994,T,,,5,SAMPLE SET - GII DIST.,0,0
2026-04-28,GCSETII-1724,SAMPLE SET - GII DIST.,-1.00,161.93000,0,665005,T,,,5,SAMPLE SET - GII DIST.,0,0
2026-04-28,GCSETII-1724,SAMPLE SET - GII DIST.,1.00,161.93000,0,664994,T,,,5,SAMPLE SET - GII DIST.,0,0
2026-04-28,GCSETII-1724,SAMPLE SET - GII DIST.,1.00,161.93000,0,665005,T,,,5,SAMPLE SET - GII DIST.,0,0
2026-04-28,GCSETNP-2228,SAMPLE SET - NEWPORT,-1.00,67.18500,0,666412,T,JSGOMEZ9,,5,SAMPLE SET - NEWPORT,0,0
2026-04-28,GCSETNP-2228,SAMPLE SET - NEWPORT,1.00,67.18500,0,666412,T,JSGOMEZ9,,5,SAMPLE SET - NEWPORT,0,0
2026-04-28,GCSETNP-2228,SAMPLE SET - NEWPORT,-1.00,67.18500,0,666408,T,JSGOMEZ9,,5,SAMPLE SET - NEWPORT,0,0
2026-04-28,GCSETNP-2228,SAMPLE SET - NEWPORT,1.00,67.18500,0,666408,T,JSGOMEZ9,,5,SAMPLE SET - NEWPORT,0,0
2026-04-28,GCSETNP-2228,SAMPLE SET - NEWPORT,-1.00,67.18500,0,666409,T,JSGOMEZ9,,5,SAMPLE SET - NEWPORT,0,0
2026-04-28,GCSETNP-2228,SAMPLE SET - NEWPORT,1.00,67.18500,0,666409,T,JSGOMEZ9,,5,SAMPLE SET - NEWPORT,0,0
2026-04-28,GCSETNP-2228,SAMPLE SET - NEWPORT,-1.00,67.18500,0,666410,T,JSGOMEZ9,,5,SAMPLE SET - NEWPORT,0,0
2026-04-28,GCSETNP-2228,SAMPLE SET - NEWPORT,1.00,67.18500,0,666410,T,JSGOMEZ9,,5,SAMPLE SET - NEWPORT,0,0
2026-04-28,GCSETNP-2228,SAMPLE SET - NEWPORT,-1.00,67.18500,0,666452,T,JSGOMEZ9,,5,SAMPLE SET - NEWPORT,0,0
2026-04-28,GCSETNP-2228,SAMPLE SET - NEWPORT,1.00,67.18500,0,666452,T,JSGOMEZ9,,5,SAMPLE SET - NEWPORT,0,0
2026-04-28,GCSETNP-2228,SAMPLE SET - NEWPORT,-1.00,67.18500,0,666751,T,,,5,SAMPLE SET - NEWPORT,0,0
2026-04-28,GCSETNP-2228,SAMPLE SET - NEWPORT,1.00,67.18500,0,666751,T,,,5,SAMPLE SET - NEWPORT,0,0
2026-04-28,GCSETPS-2228,SAMPLE SET - PRIVATE SELECTION,-1.00,82.16000,0,656200,T,,,5,SAMPLE SET - PRIVATE SELECTION,0,0
2026-04-28,GCSETPS-2228,SAMPLE SET - PRIVATE SELECTION,1.00,82.16000,0,656200,T,,,5,SAMPLE SET - PRIVATE SELECTION,0,0
2026-04-28,GCSETSS-1724,SAMPLE SET - GII SMOOTH,-1.00,115.42000,0,664994,T,,,5,SAMPLE SET - GII SMOOTH,0,0
2026-04-28,GCSETSS-1724,SAMPLE SET - GII SMOOTH,-1.00,115.42000,0,665005,T,,,5,SAMPLE SET - GII SMOOTH,0,0
2026-04-28,GCSETSS-1724,SAMPLE SET - GII SMOOTH,1.00,115.42000,0,664994,T,,,5,SAMPLE SET - GII SMOOTH,0,0
2026-04-28,GCSETSS-1724,SAMPLE SET - GII SMOOTH,1.00,115.42000,0,665005,T,,,5,SAMPLE SET - GII SMOOTH,0,0
2026-04-28,NONSTOCK,COPY PAPER 8-1/2INX11IN 20#,40.00,43.12250,42.75000,0,P,LMORENO,,,NON-STOCK ITEMS,0,0
2026-04-29,GCSETBH-2828,SAMPLE SET - BEVERLY HILLS,-1.00,204.19700,0,666979,T,,,5,SAMPLE SET - BEVERLY HILLS,0,0
2026-04-29,GCSETBH-2828,SAMPLE SET - BEVERLY HILLS,1.00,204.19700,0,666979,T,,,5,SAMPLE SET - BEVERLY HILLS,0,0
2026-04-29,GCSETGL-2828,SAMPLE SET - GOLD LABEL,-1.00,30.00000,0,666861,T,CSANCHEZ4,,5,SAMPLE SET - GOLD LABEL,0,0
2026-04-29,GCSETGL-2828,SAMPLE SET - GOLD LABEL,1.00,30.00000,0,666861,T,CSANCHEZ4,,5,SAMPLE SET - GOLD LABEL,0,0
2026-04-29,GCSETGL-2828,SAMPLE SET - GOLD LABEL,-1.00,30.00000,0,666979,T,,,5,SAMPLE SET - GOLD LABEL,0,0
2026-04-29,GCSETGL-2828,SAMPLE SET - GOLD LABEL,1.00,30.00000,0,666979,T,,,5,SAMPLE SET - GOLD LABEL,0,0
2026-04-29,GCSETNP-2228,SAMPLE SET - NEWPORT,-2.00,67.18500,0,666846,T,JSGOMEZ9,,5,SAMPLE SET - NEWPORT,0,0
2026-04-29,GCSETNP-2228,SAMPLE SET - NEWPORT,2.00,67.18500,0,666846,T,JSGOMEZ9,,5,SAMPLE SET - NEWPORT,0,0
2026-04-29,GCSETNP-2228,SAMPLE SET - NEWPORT,-3.00,67.18500,0,666841,T,JSGOMEZ9,,5,SAMPLE SET - NEWPORT,0,0
2026-04-29,GCSETNP-2228,SAMPLE SET - NEWPORT,3.00,67.18500,0,666841,T,JSGOMEZ9,,5,SAMPLE SET - NEWPORT,0,0
2026-04-29,GCSETNP-2228,SAMPLE SET - NEWPORT,-1.00,67.18500,0,666829,T,JSGOMEZ9,,5,SAMPLE SET - NEWPORT,0,0
2026-04-29,GCSETNP-2228,SAMPLE SET - NEWPORT,1.00,67.18500,0,666829,T,JSGOMEZ9,,5,SAMPLE SET - NEWPORT,0,0
2026-04-29,GCSETNP-2228,SAMPLE SET - NEWPORT,-1.00,67.18500,0,666835,T,JSGOMEZ9,,5,SAMPLE SET - NEWPORT,0,0
2026-04-29,GCSETNP-2228,SAMPLE SET - NEWPORT,1.00,67.18500,0,666835,T,JSGOMEZ9,,5,SAMPLE SET - NEWPORT,0,0
2026-04-29,GCSETNP-2228,SAMPLE SET - NEWPORT,-1.00,67.18500,0,666831,T,JSGOMEZ9,,5,SAMPLE SET - NEWPORT,0,0
2026-04-29,GCSETNP-2228,SAMPLE SET - NEWPORT,1.00,67.18500,0,666831,T,JSGOMEZ9,,5,SAMPLE SET - NEWPORT,0,0
2026-04-29,GCSETNP-2228,SAMPLE SET - NEWPORT,-1.00,67.18500,0,666832,T,JSGOMEZ9,,5,SAMPLE SET - NEWPORT,0,0
2026-04-29,GCSETNP-2228,SAMPLE SET - NEWPORT,1.00,67.18500,0,666832,T,JSGOMEZ9,,5,SAMPLE SET - NEWPORT,0,0
2026-04-29,GCSETNP-2228,SAMPLE SET - NEWPORT,-1.00,67.18500,0,666979,T,,,5,SAMPLE SET - NEWPORT,0,0
2026-04-29,GCSETNP-2228,SAMPLE SET - NEWPORT,1.00,67.18500,0,666979,T,,,5,SAMPLE SET - NEWPORT,0,0
2026-04-29,NONSTOCK,V-BOARD 2X2 48 .140,2.00,1149.14026,1145.00000,0,P,LMORENO,,,NON-STOCK ITEMS,0,0
2026-04-29,NONSTOCK,5/8 X .25 X 4400 SMOOTH POLY,28.00,65.61641,65.38000,0,P,LMORENO,,,NON-STOCK ITEMS,0,0
2026-04-29,NONSTOCK,"POLY TUBING DISPENSER - 6""",1.00,19.00000,19.00000,0,P,LMORENO,,,NON-STOCK ITEMS,0,0
2026-04-29,NONSTOCK,"FORK EXTENSIONS - 5 X 84""",1.00,370.00000,370.00000,0,P,LMORENO,,,NON-STOCK ITEMS,0,0
2026-04-29,NONSTOCK,"6MIL HEAVY DUTY 4"" TUBING ROLL",1.00,82.00000,82.00000,0,P,LMORENO,,,NON-STOCK ITEMS,0,0
2026-04-29,NONSTOCK,"2"" REINFORCED TAPE",240.00,8.45000,8.45000,0,P,LMORENO,,,NON-STOCK ITEMS,0,0
2026-04-30,GCSETAL9-2828,"SAMPLE SET - 9.5"" ALLORA",-1.00,709.17160,0,667183,T,JSGOMEZ9,,5,"SAMPLE SET - 9.5"" ALLORA",0,0
2026-04-30,GCSETAL9-2828,"SAMPLE SET - 9.5"" ALLORA",1.00,709.17160,0,667183,T,JSGOMEZ9,,5,"SAMPLE SET - 9.5"" ALLORA",0,0
2026-04-30,GCSETBH-2828,SAMPLE SET - BEVERLY HILLS,-1.00,204.19700,0,667082,T,ERODRIGUE8,,5,SAMPLE SET - BEVERLY HILLS,0,0
2026-04-30,GCSETBH-2828,SAMPLE SET - BEVERLY HILLS,1.00,204.19700,0,667082,T,ERODRIGUE8,,5,SAMPLE SET - BEVERLY HILLS,0,0
2026-04-30,GCSETCC-1724,SAMPLE SET - CAROLINA C.,-1.00,49.86800,0,667183,T,JSGOMEZ9,,5,SAMPLE SET - CAROLINA C.,0,0
2026-04-30,GCSETCC-1724,SAMPLE SET - CAROLINA C.,1.00,49.86800,0,667183,T,JSGOMEZ9,,5,SAMPLE SET - CAROLINA C.,0,0
2026-04-30,GCSETEX-1724,SAMPLE SET - EXOTICS,-1.00,175.35400,0,667079,T,ERODRIGUE8,,5,SAMPLE SET - EXOTICS,0,0
2026-04-30,GCSETEX-1724,SAMPLE SET - EXOTICS,1.00,175.35400,0,667079,T,ERODRIGUE8,,5,SAMPLE SET - EXOTICS,0,0
2026-04-30,GCSETII-1724,SAMPLE SET - GII DIST.,-1.00,161.93000,0,667079,T,ERODRIGUE8,,5,SAMPLE SET - GII DIST.,0,0
2026-04-30,GCSETII-1724,SAMPLE SET - GII DIST.,1.00,161.93000,0,667079,T,ERODRIGUE8,,5,SAMPLE SET - GII DIST.,0,0
2026-04-30,GCSETNP-2228,SAMPLE SET - NEWPORT,-1.00,67.18500,0,667082,T,ERODRIGUE8,,5,SAMPLE SET - NEWPORT,0,0
2026-04-30,GCSETNP-2228,SAMPLE SET - NEWPORT,1.00,67.18500,0,667082,T,ERODRIGUE8,,5,SAMPLE SET - NEWPORT,0,0
2026-04-30,GCSETSS-1724,SAMPLE SET - GII SMOOTH,-1.00,115.42000,0,667079,T,ERODRIGUE8,,5,SAMPLE SET - GII SMOOTH,0,0
2026-04-30,GCSETSS-1724,SAMPLE SET - GII SMOOTH,1.00,115.42000,0,667079,T,ERODRIGUE8,,5,SAMPLE SET - GII SMOOTH,0,0
2026-04-30,GCSETSS-1724,SAMPLE SET - GII SMOOTH,-1.00,115.42000,0,667183,T,JSGOMEZ9,,5,SAMPLE SET - GII SMOOTH,0,0
2026-04-30,GCSETSS-1724,SAMPLE SET - GII SMOOTH,1.00,115.42000,0,667183,T,JSGOMEZ9,,5,SAMPLE SET - GII SMOOTH,0,0
2026-04-30,NONSTOCK,C/M - RETURN,1.00,0,0,666424,R,DHENRY,,,NON-STOCK ITEMS,0,0
2026-05-01,GCSETBH-2828,SAMPLE SET - BEVERLY HILLS,-1.00,204.19700,0,667202,T,BOREGAN5,,5,SAMPLE SET - BEVERLY HILLS,0,0
2026-05-01,GCSETBH-2828,SAMPLE SET - BEVERLY HILLS,1.00,204.19700,0,667202,T,BOREGAN5,,5,SAMPLE SET - BEVERLY HILLS,0,0
2026-05-01,GCSETCB-1724,SAMPLE SET - COMP. BUSTER,-1.00,76.54900,0,666315,T,BOREGAN5,,5,SAMPLE SET - COMP. BUSTER,0,0
2026-05-01,GCSETCB-1724,SAMPLE SET - COMP. BUSTER,1.00,76.54900,0,666315,T,BOREGAN5,,5,SAMPLE SET - COMP. BUSTER,0,0
2026-05-01,GCSETCC-1724,SAMPLE SET - CAROLINA C.,-1.00,49.86800,0,666315,T,BOREGAN5,,5,SAMPLE SET - CAROLINA C.,0,0
2026-05-01,GCSETCC-1724,SAMPLE SET - CAROLINA C.,1.00,49.86800,0,666315,T,BOREGAN5,,5,SAMPLE SET - CAROLINA C.,0,0
2026-05-01,GCSETEX-1724,SAMPLE SET - EXOTICS,-1.00,175.35400,0,666315,T,BOREGAN5,,5,SAMPLE SET - EXOTICS,0,0
2026-05-01,GCSETEX-1724,SAMPLE SET - EXOTICS,1.00,175.35400,0,666315,T,BOREGAN5,,5,SAMPLE SET - EXOTICS,0,0
2026-05-01,GCSETGL-2828,SAMPLE SET - GOLD LABEL,-1.00,30.00000,0,666315,T,BOREGAN5,,5,SAMPLE SET - GOLD LABEL,0,0
2026-05-01,GCSETGL-2828,SAMPLE SET - GOLD LABEL,1.00,30.00000,0,666315,T,BOREGAN5,,5,SAMPLE SET - GOLD LABEL,0,0
2026-05-01,GCSETGL-2828,SAMPLE SET - GOLD LABEL,-1.00,30.00000,0,667202,T,BOREGAN5,,5,SAMPLE SET - GOLD LABEL,0,0
2026-05-01,GCSETGL-2828,SAMPLE SET - GOLD LABEL,1.00,30.00000,0,667202,T,BOREGAN5,,5,SAMPLE SET - GOLD LABEL,0,0
2026-05-01,GCSETII-1724,SAMPLE SET - GII DIST.,-1.00,161.93000,0,666315,T,BOREGAN5,,5,SAMPLE SET - GII DIST.,0,0
2026-05-01,GCSETII-1724,SAMPLE SET - GII DIST.,1.00,161.93000,0,666315,T,BOREGAN5,,5,SAMPLE SET - GII DIST.,0,0
2026-05-01,GCSETSS-1724,SAMPLE SET - GII SMOOTH,-1.00,115.42000,0,666315,T,BOREGAN5,,5,SAMPLE SET - GII SMOOTH,0,0
2026-05-01,GCSETSS-1724,SAMPLE SET - GII SMOOTH,1.00,115.42000,0,666315,T,BOREGAN5,,5,SAMPLE SET - GII SMOOTH,0,0
2026-05-01,NONSTOCK,"2-ROLL TAPE STARTER PACK - 2""",1.00,0,0,0,P,LMORENO,,,NON-STOCK ITEMS,0,0
2026-05-01,NONSTOCK,"6"" POLY TUBING ROLL 6MIL",1.00,111.00000,111.00000,0,P,LMORENO,,,NON-STOCK ITEMS,0,0
2026-05-01,NONSTOCK,"5"" POLY TUBING ROLL 6MIL",1.00,93.00000,93.00000,0,P,LMORENO,,,NON-STOCK ITEMS,0,0
2026-05-01,NONSTOCK,"3"" POLY TUBING ROLL 6MIL",1.00,66.00000,66.00000,0,P,LMORENO,,,NON-STOCK ITEMS,0,0
2026-05-01,NONSTOCK,POLY TUBING DISPENSER,3.00,18.00000,18.00000,0,P,LMORENO,,,NON-STOCK ITEMS,0,0
2026-05-01,NONSTOCK,"INDUST. GRIPPER SEALER 5/8""",5.00,80.00000,80.00000,0,P,LMORENO,,,NON-STOCK ITEMS,0,0
2026-05-01,NONSTOCK,DELUXE STRAPPING TENSIONER,5.00,160.00000,160.00000,0,P,LMORENO,,,NON-STOCK ITEMS,0,0
2026-05-04,GCSETNP-2228,SAMPLE SET - NEWPORT,-1.00,67.18500,0,667202,T,BOREGAN5,,5,SAMPLE SET - NEWPORT,0,0
2026-05-04,GCSETNP-2228,SAMPLE SET - NEWPORT,1.00,67.18500,0,667202,T,BOREGAN5,,5,SAMPLE SET - NEWPORT,0,0
2026-05-07,GCSETAL-2228,"SAMPLE SET - 7.5"" ALLORA",-1.00,421.99840,0,665687,T,ERODRIGUE8,,5,"SAMPLE SET - 7.5"" ALLORA",0,0
2026-05-07,GCSETAL-2228,"SAMPLE SET - 7.5"" ALLORA",1.00,421.99840,0,665687,T,ERODRIGUE8,,5,"SAMPLE SET - 7.5"" ALLORA",0,0
2026-05-07,GCSETBH-2828,SAMPLE SET - BEVERLY HILLS,-1.00,204.19700,0,665687,T,ERODRIGUE8,,5,SAMPLE SET - BEVERLY HILLS,0,0
2026-05-07,GCSETBH-2828,SAMPLE SET - BEVERLY HILLS,1.00,204.19700,0,665687,T,ERODRIGUE8,,5,SAMPLE SET - BEVERLY HILLS,0,0
2026-05-07,GCSETCB-1724,SAMPLE SET - COMP. BUSTER,-1.00,76.54900,0,668984,T,ERODRIGUE8,,5,SAMPLE SET - COMP. BUSTER,0,0
2026-05-07,GCSETCB-1724,SAMPLE SET - COMP. BUSTER,1.00,76.54900,0,668984,T,ERODRIGUE8,,5,SAMPLE SET - COMP. BUSTER,0,0
2026-05-07,GCSETCB-1724,SAMPLE SET - COMP. BUSTER,-1.00,76.54900,0,665687,T,ERODRIGUE8,,5,SAMPLE SET - COMP. BUSTER,0,0
2026-05-07,GCSETCB-1724,SAMPLE SET - COMP. BUSTER,1.00,76.54900,0,665687,T,ERODRIGUE8,,5,SAMPLE SET - COMP. BUSTER,0,0
2026-05-07,GCSETCC-1724,SAMPLE SET - CAROLINA C.,-1.00,49.86800,0,668984,T,ERODRIGUE8,,5,SAMPLE SET - CAROLINA C.,0,0
2026-05-07,GCSETCC-1724,SAMPLE SET - CAROLINA C.,1.00,49.86800,0,668984,T,ERODRIGUE8,,5,SAMPLE SET - CAROLINA C.,0,0
2026-05-07,GCSETEX-1724,SAMPLE SET - EXOTICS,-1.00,175.35400,0,665687,T,ERODRIGUE8,,5,SAMPLE SET - EXOTICS,0,0
2026-05-07,GCSETEX-1724,SAMPLE SET - EXOTICS,1.00,175.35400,0,665687,T,ERODRIGUE8,,5,SAMPLE SET - EXOTICS,0,0
2026-05-07,GCSETII-1724,SAMPLE SET - GII DIST.,-1.00,161.93000,0,668984,T,ERODRIGUE8,,5,SAMPLE SET - GII DIST.,0,0
2026-05-07,GCSETII-1724,SAMPLE SET - GII DIST.,1.00,161.93000,0,668984,T,ERODRIGUE8,,5,SAMPLE SET - GII DIST.,0,0
2026-05-07,GCSETII-1724,SAMPLE SET - GII DIST.,-1.00,161.93000,0,665687,T,ERODRIGUE8,,5,SAMPLE SET - GII DIST.,0,0
2026-05-07,GCSETII-1724,SAMPLE SET - GII DIST.,1.00,161.93000,0,665687,T,ERODRIGUE8,,5,SAMPLE SET - GII DIST.,0,0
2026-05-07,GCSETSS-1724,SAMPLE SET - GII SMOOTH,-1.00,115.42000,0,668984,T,ERODRIGUE8,,5,SAMPLE SET - GII SMOOTH,0,0
2026-05-07,GCSETSS-1724,SAMPLE SET - GII SMOOTH,1.00,115.42000,0,668984,T,ERODRIGUE8,,5,SAMPLE SET - GII SMOOTH,0,0
2026-05-07,GCSETSS-1724,SAMPLE SET - GII SMOOTH,-1.00,115.42000,0,665687,T,ERODRIGUE8,,5,SAMPLE SET - GII SMOOTH,0,0
2026-05-07,GCSETSS-1724,SAMPLE SET - GII SMOOTH,1.00,115.42000,0,665687,T,ERODRIGUE8,,5,SAMPLE SET - GII SMOOTH,0,0
2026-05-07,NONSTOCK,FREE TAPE DISPENSER,1.00,0,0,0,P,LMORENO,,,NON-STOCK ITEMS,0,0
2026-05-07,NONSTOCK,"24"" FOAM ROLL",12.00,83.00000,83.00000,0,P,LMORENO,,,NON-STOCK ITEMS,0,0
2026-05-08,GCSETII-1724,SAMPLE SET - GII DIST.,-1.00,161.93000,0,668567,T,BOREGAN5,,5,SAMPLE SET - GII DIST.,0,0
2026-05-08,GCSETII-1724,SAMPLE SET - GII DIST.,1.00,161.93000,0,668567,T,BOREGAN5,,5,SAMPLE SET - GII DIST.,0,0
2026-05-08,GCSETNP-2228,SAMPLE SET - NEWPORT,-1.00,67.18500,0,668575,T,BOREGAN5,,5,SAMPLE SET - NEWPORT,0,0
2026-05-08,GCSETNP-2228,SAMPLE SET - NEWPORT,1.00,67.18500,0,668575,T,BOREGAN5,,5,SAMPLE SET - NEWPORT,0,0
2026-05-08,GCSETSS-1724,SAMPLE SET - GII SMOOTH,-1.00,115.42000,0,668567,T,BOREGAN5,,5,SAMPLE SET - GII SMOOTH,0,0
2026-05-08,GCSETSS-1724,SAMPLE SET - GII SMOOTH,1.00,115.42000,0,668567,T,BOREGAN5,,5,SAMPLE SET - GII SMOOTH,0,0
2026-05-12,NONSTOCK,50 LBS SWEEPING COMPOUND,4.00,30.00000,30.00000,0,P,LMORENO,,,NON-STOCK ITEMS,0,0
2026-05-12,NONSTOCK,"45"" WHITE PLASTIC POST W/ BASE",12.00,33.00000,33.00000,0,P,LMORENO,,,NON-STOCK ITEMS,0,0
2026-05-14,NONSTOCK,ALLORA FRONT STICKERS,12000.00,0.15467,0.08800,0,P,LMORENO,,,NON-STOCK ITEMS,0,0
2026-05-15,GCSETBH-2828,SAMPLE SET - BEVERLY HILLS,-1.00,204.19700,0,670328,T,BOREGAN5,,5,SAMPLE SET - BEVERLY HILLS,0,0
2026-05-15,GCSETBH-2828,SAMPLE SET - BEVERLY HILLS,1.00,204.19700,0,670328,T,BOREGAN5,,5,SAMPLE SET - BEVERLY HILLS,0,0
2026-05-15,GCSETCC-1724,SAMPLE SET - CAROLINA C.,-1.00,49.86800,0,670235,T,BOREGAN5,,5,SAMPLE SET - CAROLINA C.,0,0
2026-05-15,GCSETCC-1724,SAMPLE SET - CAROLINA C.,1.00,49.86800,0,670235,T,BOREGAN5,,5,SAMPLE SET - CAROLINA C.,0,0
2026-05-15,GCSETCVA-1724,SAMPLE SET - C.V AMERICA,100.00,104.54043,84.00000,0,P,LMORENO,,5,SAMPLE SET - C.V AMERICA,0,0
2026-05-15,GCSETEX-1724,SAMPLE SET - EXOTICS,-1.00,175.35400,0,670328,T,BOREGAN5,,5,SAMPLE SET - EXOTICS,0,0
2026-05-15,GCSETEX-1724,SAMPLE SET - EXOTICS,1.00,175.35400,0,670328,T,BOREGAN5,,5,SAMPLE SET - EXOTICS,0,0
2026-05-15,NONSTOCK,CRYSTAL VALLEY AMERICA CHIPS,1050.00,1.55567,1.25000,0,P,LMORENO,,,NON-STOCK ITEMS,0,0
2026-05-19,NONSTOCK,"8""ID X 95""OL-.125",50.00,18.95241,15.45000,0,P,LMORENO,,,NON-STOCK ITEMS,0,0
2026-05-19,NONSTOCK,"6""ID X 95""OL-.125",84.00,12.38958,10.10000,0,P,LMORENO,,,NON-STOCK ITEMS,0,0
2026-05-19,NONSTOCK,"4""ID X 95""OL-.125",180.00,9.39646,7.66000,0,P,LMORENO,,,NON-STOCK ITEMS,0,0
2026-05-19,NONSTOCK,"8"" WHITE PLASTIC PLUG",100.00,1.08283,0,0,P,LMORENO,,,NON-STOCK ITEMS,0,0
2026-05-19,NONSTOCK,"6"" WHITE PLASTIC PLUG",168.00,1.08282,0,0,P,LMORENO,,,NON-STOCK ITEMS,0,0
2026-05-19,NONSTOCK,"4"" WHITE MAX PLASTIC PLUG",360.00,1.08281,0,0,P,LMORENO,,,NON-STOCK ITEMS,0,0
2026-05-20,GCSETLE-2628,SAMPLE SET - LEGENDS,200.00,232.00000,232.00000,684440,P,TONY,,5,SAMPLE SET - LEGENDS,0,0
2026-05-20,GCSETLE-2628,SAMPLE SET - LEGENDS,-200.00,232.00000,0,0,A,TONY,,5,SAMPLE SET - LEGENDS,0,0
2026-05-20,GCSETLE-2628,SAMPLE SET - LEGENDS,200.00,561.31735,0,0,A,TONY,,5,SAMPLE SET - LEGENDS,0,0
2026-05-20,NONSTOCK,PLYWOOD PALLETS MERIDA,19.00,10.58800,10.00000,0,P,LMORENO,,,NON-STOCK ITEMS,0,0
2026-05-21,GCSETBH-2828,SAMPLE SET - BEVERLY HILLS,-1.00,204.19700,0,672612,T,SMORALES4,,5,SAMPLE SET - BEVERLY HILLS,0,0
2026-05-21,GCSETBH-2828,SAMPLE SET - BEVERLY HILLS,1.00,204.19700,0,672612,T,SMORALES4,,5,SAMPLE SET - BEVERLY HILLS,0,0
2026-05-21,GCSETCB-1724,SAMPLE SET - COMP. BUSTER,-1.00,76.54900,0,672613,T,ERODRIGUE8,,5,SAMPLE SET - COMP. BUSTER,0,0
2026-05-21,GCSETCB-1724,SAMPLE SET - COMP. BUSTER,1.00,76.54900,0,672613,T,ERODRIGUE8,,5,SAMPLE SET - COMP. BUSTER,0,0
2026-05-21,GCSETCC-1724,SAMPLE SET - CAROLINA C.,-1.00,49.86800,0,672613,T,ERODRIGUE8,,5,SAMPLE SET - CAROLINA C.,0,0
2026-05-21,GCSETCC-1724,SAMPLE SET - CAROLINA C.,1.00,49.86800,0,672613,T,ERODRIGUE8,,5,SAMPLE SET - CAROLINA C.,0,0
2026-05-21,GCSETCVA-1724,SAMPLE SET - C.V AMERICA,-1.00,184.69300,0,672615,T,ERODRIGUE8,,5,SAMPLE SET - C.V AMERICA,0,0
2026-05-21,GCSETCVA-1724,SAMPLE SET - C.V AMERICA,1.00,184.69300,0,672615,T,ERODRIGUE8,,5,SAMPLE SET - C.V AMERICA,0,0
2026-05-21,GCSETEX-1724,SAMPLE SET - EXOTICS,-1.00,175.35400,0,672613,T,ERODRIGUE8,,5,SAMPLE SET - EXOTICS,0,0
2026-05-21,GCSETEX-1724,SAMPLE SET - EXOTICS,1.00,175.35400,0,672613,T,ERODRIGUE8,,5,SAMPLE SET - EXOTICS,0,0
2026-05-21,GCSETEX-1724,SAMPLE SET - EXOTICS,-1.00,175.35400,0,672615,T,ERODRIGUE8,,5,SAMPLE SET - EXOTICS,0,0
2026-05-21,GCSETEX-1724,SAMPLE SET - EXOTICS,1.00,175.35400,0,672615,T,ERODRIGUE8,,5,SAMPLE SET - EXOTICS,0,0
2026-05-21,GCSETII-1724,SAMPLE SET - GII DIST.,-1.00,161.93000,0,672615,T,ERODRIGUE8,,5,SAMPLE SET - GII DIST.,0,0
2026-05-21,GCSETII-1724,SAMPLE SET - GII DIST.,1.00,161.93000,0,672615,T,ERODRIGUE8,,5,SAMPLE SET - GII DIST.,0,0
2026-05-21,GCSETNP-2228,SAMPLE SET - NEWPORT,-1.00,67.18500,0,672612,T,SMORALES4,,5,SAMPLE SET - NEWPORT,0,0
2026-05-21,GCSETNP-2228,SAMPLE SET - NEWPORT,1.00,67.18500,0,672612,T,SMORALES4,,5,SAMPLE SET - NEWPORT,0,0
2026-05-21,GCSETPS-2228,SAMPLE SET - PRIVATE SELECTION,-1.00,82.16000,0,672612,T,SMORALES4,,5,SAMPLE SET - PRIVATE SELECTION,0,0
2026-05-21,GCSETPS-2228,SAMPLE SET - PRIVATE SELECTION,1.00,82.16000,0,672612,T,SMORALES4,,5,SAMPLE SET - PRIVATE SELECTION,0,0
2026-05-21,GCSETSS-1724,SAMPLE SET - GII SMOOTH,-1.00,115.42000,0,672615,T,ERODRIGUE8,,5,SAMPLE SET - GII SMOOTH,0,0
2026-05-21,GCSETSS-1724,SAMPLE SET - GII SMOOTH,1.00,115.42000,0,672615,T,ERODRIGUE8,,5,SAMPLE SET - GII SMOOTH,0,0
2026-05-21,NONSTOCK,PLYWOOD PALLETS MERIDA,18.00,10.62100,10.00000,0,P,LMORENO,,,NON-STOCK ITEMS,0,0
2026-05-26,GCSETCVA-1724,SAMPLE SET - C.V AMERICA,-1.00,104.54043,0,673236,T,ERODRIGUE8,,5,SAMPLE SET - C.V AMERICA,0,0
2026-05-26,GCSETCVA-1724,SAMPLE SET - C.V AMERICA,1.00,104.54043,0,673236,T,ERODRIGUE8,,5,SAMPLE SET - C.V AMERICA,0,0
2026-05-26,GCSETCVA-1724,SAMPLE SET - C.V AMERICA,-1.00,104.54043,0,673237,T,ERODRIGUE8,,5,SAMPLE SET - C.V AMERICA,0,0
2026-05-26,GCSETCVA-1724,SAMPLE SET - C.V AMERICA,1.00,104.54043,0,673237,T,ERODRIGUE8,,5,SAMPLE SET - C.V AMERICA,0,0
2026-05-26,NONSTOCK,"6"" TUBING ROLL",2.00,104.00000,104.00000,0,P,LMORENO,,,NON-STOCK ITEMS,0,0
2026-05-26,NONSTOCK,"3"" TUBING ROLL",2.00,63.00000,63.00000,0,P,LMORENO,,,NON-STOCK ITEMS,0,0
2026-05-26,NONSTOCK,"5"" TUBING ROLL",3.00,88.00000,88.00000,0,P,LMORENO,,,NON-STOCK ITEMS,0,0
2026-05-26,NONSTOCK,PLASTIC TUBING DISPENSER,3.00,18.00000,18.00000,0,P,LMORENO,,,NON-STOCK ITEMS,0,0
2026-05-28,GCSETBH-2828,SAMPLE SET - BEVERLY HILLS,-1.00,204.19700,0,322,T,,,5,SAMPLE SET - BEVERLY HILLS,0,0
2026-05-28,GCSETBH-2828,SAMPLE SET - BEVERLY HILLS,1.00,204.19700,0,322,T,,,5,SAMPLE SET - BEVERLY HILLS,0,0
2026-05-28,GCSETCVA-1724,SAMPLE SET - C.V AMERICA,-1.00,184.69300,0,673235,T,BOREGAN5,,5,SAMPLE SET - C.V AMERICA,0,0
2026-05-28,GCSETCVA-1724,SAMPLE SET - C.V AMERICA,1.00,184.69300,0,673235,T,BOREGAN5,,5,SAMPLE SET - C.V AMERICA,0,0
2026-05-28,GCSETCVA-1724,SAMPLE SET - C.V AMERICA,-1.00,184.69300,0,673188,T,BOREGAN5,,5,SAMPLE SET - C.V AMERICA,0,0
2026-05-28,GCSETCVA-1724,SAMPLE SET - C.V AMERICA,1.00,184.69300,0,673188,T,BOREGAN5,,5,SAMPLE SET - C.V AMERICA,0,0
2026-05-28,GCSETCVA-1724,SAMPLE SET - C.V AMERICA,-1.00,104.54043,0,673188,T,BOREGAN5,,5,SAMPLE SET - C.V AMERICA,0,0
2026-05-28,GCSETCVA-1724,SAMPLE SET - C.V AMERICA,1.00,104.54043,0,673188,T,BOREGAN5,,5,SAMPLE SET - C.V AMERICA,0,0
2026-05-28,GCSETCVA-1724,SAMPLE SET - C.V AMERICA,-1.00,184.69300,0,673141,T,BOREGAN5,,5,SAMPLE SET - C.V AMERICA,0,0
2026-05-28,GCSETCVA-1724,SAMPLE SET - C.V AMERICA,1.00,184.69300,0,673141,T,BOREGAN5,,5,SAMPLE SET - C.V AMERICA,0,0
2026-05-28,GCSETCVA-1724,SAMPLE SET - C.V AMERICA,-1.00,104.54043,0,673246,T,BOREGAN5,,5,SAMPLE SET - C.V AMERICA,0,0
2026-05-28,GCSETCVA-1724,SAMPLE SET - C.V AMERICA,1.00,104.54043,0,673246,T,BOREGAN5,,5,SAMPLE SET - C.V AMERICA,0,0
2026-05-28,GCSETPS-2228,SAMPLE SET - PRIVATE SELECTION,-1.00,82.16000,0,322,T,,,5,SAMPLE SET - PRIVATE SELECTION,0,0
2026-05-28,GCSETPS-2228,SAMPLE SET - PRIVATE SELECTION,1.00,82.16000,0,322,T,,,5,SAMPLE SET - PRIVATE SELECTION,0,0
2026-05-29,NONSTOCK,"6"" POLY TUBING ROLL",2.00,104.00000,104.00000,0,P,LMORENO,,,NON-STOCK ITEMS,0,0
2026-05-29,NONSTOCK,"5"" POLY TUBING ROLL",2.00,88.00000,88.00000,0,P,LMORENO,,,NON-STOCK ITEMS,0,0
2026-05-29,NONSTOCK,"3"" POLY TUBING ROLL",2.00,63.00000,63.00000,0,P,LMORENO,,,NON-STOCK ITEMS,0,0
2026-06-01,GCSETBH-2828,SAMPLE SET - BEVERLY HILLS,-1.00,204.19700,0,672571,T,BOREGAN5,,5,SAMPLE SET - BEVERLY HILLS,0,0
2026-06-01,GCSETBH-2828,SAMPLE SET - BEVERLY HILLS,1.00,204.19700,0,672571,T,BOREGAN5,,5,SAMPLE SET - BEVERLY HILLS,0,0
2026-06-01,GCSETBH-2828,SAMPLE SET - BEVERLY HILLS,-1.00,204.19700,0,672224,T,BOREGAN5,,5,SAMPLE SET - BEVERLY HILLS,0,0
2026-06-01,GCSETBH-2828,SAMPLE SET - BEVERLY HILLS,1.00,204.19700,0,672224,T,BOREGAN5,,5,SAMPLE SET - BEVERLY HILLS,0,0
2026-06-01,GCSETBH-2828,SAMPLE SET - BEVERLY HILLS,-1.00,204.19700,0,674574,T,BOREGAN5,,5,SAMPLE SET - BEVERLY HILLS,0,0
2026-06-01,GCSETBH-2828,SAMPLE SET - BEVERLY HILLS,1.00,204.19700,0,674574,T,BOREGAN5,,5,SAMPLE SET - BEVERLY HILLS,0,0
2026-06-01,GCSETCVA-1724,SAMPLE SET - C.V AMERICA,-1.00,104.54043,0,673489,T,BOREGAN5,,5,SAMPLE SET - C.V AMERICA,0,0
2026-06-01,GCSETCVA-1724,SAMPLE SET - C.V AMERICA,1.00,104.54043,0,673489,T,BOREGAN5,,5,SAMPLE SET - C.V AMERICA,0,0
2026-06-01,GCSETNP-2228,SAMPLE SET - NEWPORT,-5.00,67.18500,0,674529,T,,,5,SAMPLE SET - NEWPORT,0,0
2026-06-01,GCSETNP-2228,SAMPLE SET - NEWPORT,5.00,67.18500,0,674529,T,,,5,SAMPLE SET - NEWPORT,0,0
2026-06-01,NONSTOCK,JUMBO STANDING DUST PAN BLACK,1.00,37.00000,37.00000,0,P,LMORENO,,,NON-STOCK ITEMS,0,0
2026-06-01,NONSTOCK,BLACK GLOVES M PACK,1.00,27.00000,27.00000,0,P,LMORENO,,,NON-STOCK ITEMS,0,0
2026-06-01,NONSTOCK,"CLEAR PL ENVELOPES 9.5 X 12""",2.00,73.00000,73.00000,0,P,LMORENO,,,NON-STOCK ITEMS,0,0
2026-06-01,NONSTOCK,BLACK GLOVES XL PACK,2.00,27.00000,27.00000,0,P,LMORENO,,,NON-STOCK ITEMS,0,0
2026-06-01,NONSTOCK,BLACK GLOVES L PACK,2.00,27.00000,27.00000,0,P,LMORENO,,,NON-STOCK ITEMS,0,0
2026-06-01,NONSTOCK,"24"" FOAM ROLL",3.00,83.00000,83.00000,0,P,LMORENO,,,NON-STOCK ITEMS,0,0
2026-06-01,NONSTOCK,V-BOARD 2X2 48 .140,2.00,1152.45000,1145.00000,0,P,LMORENO,,,NON-STOCK ITEMS,0,0
2026-06-03,NONSTOCK,"NEW PALLETS 48"" X 86""",100.00,45.00000,45.00000,0,P,LMORENO,,,NON-STOCK ITEMS,0,0
2026-06-06,GCSETCB-1724,SAMPLE SET - COMP. BUSTER,-1.00,76.54900,0,675425,T,BOREGAN5,,5,SAMPLE SET - COMP. BUSTER,0,0
2026-06-06,GCSETCB-1724,SAMPLE SET - COMP. BUSTER,1.00,76.54900,0,675425,T,BOREGAN5,,5,SAMPLE SET - COMP. BUSTER,0,0
2026-06-06,GCSETCC-1724,SAMPLE SET - CAROLINA C.,-1.00,49.86800,0,675425,T,BOREGAN5,,5,SAMPLE SET - CAROLINA C.,0,0
2026-06-06,GCSETCC-1724,SAMPLE SET - CAROLINA C.,1.00,49.86800,0,675425,T,BOREGAN5,,5,SAMPLE SET - CAROLINA C.,0,0
2026-06-06,GCSETCVA-1724,SAMPLE SET - C.V AMERICA,-1.00,104.54043,0,675467,T,BOREGAN5,,5,SAMPLE SET - C.V AMERICA,0,0
2026-06-06,GCSETCVA-1724,SAMPLE SET - C.V AMERICA,1.00,104.54043,0,675467,T,BOREGAN5,,5,SAMPLE SET - C.V AMERICA,0,0
2026-06-06,GCSETCVA-1724,SAMPLE SET - C.V AMERICA,-1.00,104.54043,0,675771,T,BOREGAN5,,5,SAMPLE SET - C.V AMERICA,0,0
2026-06-06,GCSETCVA-1724,SAMPLE SET - C.V AMERICA,1.00,104.54043,0,675771,T,BOREGAN5,,5,SAMPLE SET - C.V AMERICA,0,0
2026-06-06,GCSETCVA-1724,SAMPLE SET - C.V AMERICA,-1.00,104.54043,0,675832,T,BOREGAN5,,5,SAMPLE SET - C.V AMERICA,0,0
2026-06-06,GCSETCVA-1724,SAMPLE SET - C.V AMERICA,1.00,104.54043,0,675832,T,BOREGAN5,,5,SAMPLE SET - C.V AMERICA,0,0
2026-06-06,GCSETCVA-1724,SAMPLE SET - C.V AMERICA,-1.00,104.54043,0,675760,T,BOREGAN5,,5,SAMPLE SET - C.V AMERICA,0,0
2026-06-06,GCSETCVA-1724,SAMPLE SET - C.V AMERICA,1.00,104.54043,0,675760,T,BOREGAN5,,5,SAMPLE SET - C.V AMERICA,0,0
2026-06-06,GCSETCVA-1724,SAMPLE SET - C.V AMERICA,-1.00,104.54043,0,675454,T,BOREGAN5,,5,SAMPLE SET - C.V AMERICA,0,0
2026-06-06,GCSETCVA-1724,SAMPLE SET - C.V AMERICA,1.00,104.54043,0,675454,T,BOREGAN5,,5,SAMPLE SET - C.V AMERICA,0,0
2026-06-06,GCSETCVA-1724,SAMPLE SET - C.V AMERICA,-1.00,104.54043,0,675001,T,BOREGAN5,,5,SAMPLE SET - C.V AMERICA,0,0
2026-06-06,GCSETCVA-1724,SAMPLE SET - C.V AMERICA,1.00,104.54043,0,675001,T,BOREGAN5,,5,SAMPLE SET - C.V AMERICA,0,0
2026-06-06,GCSETCVA-1724,SAMPLE SET - C.V AMERICA,-1.00,104.54043,0,675469,T,BOREGAN5,,5,SAMPLE SET - C.V AMERICA,0,0
2026-06-06,GCSETCVA-1724,SAMPLE SET - C.V AMERICA,1.00,104.54043,0,675469,T,BOREGAN5,,5,SAMPLE SET - C.V AMERICA,0,0
2026-06-06,GCSETEX-1724,SAMPLE SET - EXOTICS,-1.00,175.35400,0,675425,T,BOREGAN5,,5,SAMPLE SET - EXOTICS,0,0
2026-06-06,GCSETEX-1724,SAMPLE SET - EXOTICS,1.00,175.35400,0,675425,T,BOREGAN5,,5,SAMPLE SET - EXOTICS,0,0
2026-06-06,GCSETII-1724,SAMPLE SET - GII DIST.,-1.00,161.93000,0,675425,T,BOREGAN5,,5,SAMPLE SET - GII DIST.,0,0
2026-06-06,GCSETII-1724,SAMPLE SET - GII DIST.,1.00,161.93000,0,675425,T,BOREGAN5,,5,SAMPLE SET - GII DIST.,0,0
2026-06-06,GCSETSS-1724,SAMPLE SET - GII SMOOTH,-1.00,115.42000,0,675425,T,BOREGAN5,,5,SAMPLE SET - GII SMOOTH,0,0
2026-06-06,GCSETSS-1724,SAMPLE SET - GII SMOOTH,1.00,115.42000,0,675425,T,BOREGAN5,,5,SAMPLE SET - GII SMOOTH,0,0
2026-06-06,NONSTOCK,"BUBBLE MAILER CASE 9.5 X 14.5""",4.00,46.00000,46.00000,0,P,LMORENO,,,NON-STOCK ITEMS,0,0
2026-06-06,NONSTOCK,"30"" X 24"" PANEL BOXES",60.00,5.82000,5.82000,0,P,LMORENO,,,NON-STOCK ITEMS,0,0
2026-06-06,NONSTOCK,"12 X 9 X 9"" BOXES",100.00,0.83000,0.83000,0,P,LMORENO,,,NON-STOCK ITEMS,0,0
2026-06-06,NONSTOCK,"15 X 10 X 12"" BOXES",100.00,1.90000,1.90000,0,P,LMORENO,,,NON-STOCK ITEMS,0,0
2026-06-06,NONSTOCK,"12 X 7 X 5"" BOXES",100.00,0.89000,0.89000,0,P,LMORENO,,,NON-STOCK ITEMS,0,0
2026-06-09,GCSETBH-2828,SAMPLE SET - BEVERLY HILLS,-1.00,204.19700,0,676291,T,BOREGAN5,,5,SAMPLE SET - BEVERLY HILLS,0,0
2026-06-09,GCSETBH-2828,SAMPLE SET - BEVERLY HILLS,1.00,204.19700,0,676291,T,BOREGAN5,,5,SAMPLE SET - BEVERLY HILLS,0,0
2026-06-09,GCSETBH-2828,SAMPLE SET - BEVERLY HILLS,-1.00,204.19700,0,676392,T,BOREGAN5,,5,SAMPLE SET - BEVERLY HILLS,0,0
2026-06-09,GCSETBH-2828,SAMPLE SET - BEVERLY HILLS,1.00,204.19700,0,676392,T,BOREGAN5,,5,SAMPLE SET - BEVERLY HILLS,0,0
2026-06-09,GCSETBH-2828,SAMPLE SET - BEVERLY HILLS,-10.00,204.19700,0,676967,T,,,5,SAMPLE SET - BEVERLY HILLS,0,0
2026-06-09,GCSETBH-2828,SAMPLE SET - BEVERLY HILLS,10.00,204.19700,0,676967,T,,,5,SAMPLE SET - BEVERLY HILLS,0,0
2026-06-09,GCSETCC-1724,SAMPLE SET - CAROLINA C.,-1.00,49.86800,0,676517,T,BOREGAN5,,5,SAMPLE SET - CAROLINA C.,0,0
2026-06-09,GCSETCC-1724,SAMPLE SET - CAROLINA C.,1.00,49.86800,0,676517,T,BOREGAN5,,5,SAMPLE SET - CAROLINA C.,0,0
2026-06-09,GCSETCVA-1724,SAMPLE SET - C.V AMERICA,-1.00,104.54043,0,676048,T,BOREGAN5,,5,SAMPLE SET - C.V AMERICA,0,0
2026-06-09,GCSETCVA-1724,SAMPLE SET - C.V AMERICA,1.00,104.54043,0,676048,T,BOREGAN5,,5,SAMPLE SET - C.V AMERICA,0,0
2026-06-09,GCSETEX-1724,SAMPLE SET - EXOTICS,-1.00,175.35400,0,676517,T,BOREGAN5,,5,SAMPLE SET - EXOTICS,0,0
2026-06-09,GCSETEX-1724,SAMPLE SET - EXOTICS,1.00,175.35400,0,676517,T,BOREGAN5,,5,SAMPLE SET - EXOTICS,0,0
2026-06-09,GCSETGL-2828,SAMPLE SET - GOLD LABEL,-1.00,30.00000,0,676392,T,BOREGAN5,,5,SAMPLE SET - GOLD LABEL,0,0
2026-06-09,GCSETGL-2828,SAMPLE SET - GOLD LABEL,1.00,30.00000,0,676392,T,BOREGAN5,,5,SAMPLE SET - GOLD LABEL,0,0
2026-06-09,GCSETII-1724,SAMPLE SET - GII DIST.,-1.00,161.93000,0,676517,T,BOREGAN5,,5,SAMPLE SET - GII DIST.,0,0
2026-06-09,GCSETII-1724,SAMPLE SET - GII DIST.,1.00,161.93000,0,676517,T,BOREGAN5,,5,SAMPLE SET - GII DIST.,0,0
2026-06-09,GCSETNP-2228,SAMPLE SET - NEWPORT,-1.00,67.18500,0,676291,T,BOREGAN5,,5,SAMPLE SET - NEWPORT,0,0
2026-06-09,GCSETNP-2228,SAMPLE SET - NEWPORT,1.00,67.18500,0,676291,T,BOREGAN5,,5,SAMPLE SET - NEWPORT,0,0
2026-06-09,GCSETSS-1724,SAMPLE SET - GII SMOOTH,-1.00,115.42000,0,676517,T,BOREGAN5,,5,SAMPLE SET - GII SMOOTH,0,0
2026-06-09,GCSETSS-1724,SAMPLE SET - GII SMOOTH,1.00,115.42000,0,676517,T,BOREGAN5,,5,SAMPLE SET - GII SMOOTH,0,0
2026-06-09,NONSTOCK,MERIDA PLYWOOD PALLETS,16.00,10.00000,10.00000,0,P,LMORENO,,,NON-STOCK ITEMS,0,0
2026-06-12,NONSTOCK,MERIDA PLYWOOD PALLETS,16.00,10.00000,10.00000,0,P,LMORENO,,,NON-STOCK ITEMS,0,0
2026-06-16,GCSETBH-2828,SAMPLE SET - BEVERLY HILLS,-1.00,204.19700,0,677984,T,BOREGAN5,,5,SAMPLE SET - BEVERLY HILLS,0,0
2026-06-16,GCSETBH-2828,SAMPLE SET - BEVERLY HILLS,1.00,204.19700,0,677984,T,BOREGAN5,,5,SAMPLE SET - BEVERLY HILLS,0,0
2026-06-16,GCSETCC-1724,SAMPLE SET - CAROLINA C.,-1.00,49.86800,0,677984,T,BOREGAN5,,5,SAMPLE SET - CAROLINA C.,0,0
2026-06-16,GCSETCC-1724,SAMPLE SET - CAROLINA C.,1.00,49.86800,0,677984,T,BOREGAN5,,5,SAMPLE SET - CAROLINA C.,0,0
2026-06-16,GCSETCC-1724,SAMPLE SET - CAROLINA C.,-1.00,49.86800,0,678068,T,BOREGAN5,,5,SAMPLE SET - CAROLINA C.,0,0
2026-06-16,GCSETCC-1724,SAMPLE SET - CAROLINA C.,1.00,49.86800,0,678068,T,BOREGAN5,,5,SAMPLE SET - CAROLINA C.,0,0
2026-06-16,GCSETCVA-1724,SAMPLE SET - C.V AMERICA,-1.00,104.54043,0,677984,T,BOREGAN5,,5,SAMPLE SET - C.V AMERICA,0,0
2026-06-16,GCSETCVA-1724,SAMPLE SET - C.V AMERICA,1.00,104.54043,0,677984,T,BOREGAN5,,5,SAMPLE SET - C.V AMERICA,0,0
2026-06-16,GCSETCVA-1724,SAMPLE SET - C.V AMERICA,-1.00,104.54043,0,678068,T,BOREGAN5,,5,SAMPLE SET - C.V AMERICA,0,0
2026-06-16,GCSETCVA-1724,SAMPLE SET - C.V AMERICA,1.00,104.54043,0,678068,T,BOREGAN5,,5,SAMPLE SET - C.V AMERICA,0,0
2026-06-16,GCSETEX-1724,SAMPLE SET - EXOTICS,-1.00,175.35400,0,677984,T,BOREGAN5,,5,SAMPLE SET - EXOTICS,0,0
2026-06-16,GCSETEX-1724,SAMPLE SET - EXOTICS,1.00,175.35400,0,677984,T,BOREGAN5,,5,SAMPLE SET - EXOTICS,0,0
2026-06-16,GCSETEX-1724,SAMPLE SET - EXOTICS,-1.00,175.35400,0,678068,T,BOREGAN5,,5,SAMPLE SET - EXOTICS,0,0
2026-06-16,GCSETEX-1724,SAMPLE SET - EXOTICS,1.00,175.35400,0,678068,T,BOREGAN5,,5,SAMPLE SET - EXOTICS,0,0
2026-06-16,GCSETII-1724,SAMPLE SET - GII DIST.,-1.00,161.93000,0,677984,T,BOREGAN5,,5,SAMPLE SET - GII DIST.,0,0
2026-06-16,GCSETII-1724,SAMPLE SET - GII DIST.,1.00,161.93000,0,677984,T,BOREGAN5,,5,SAMPLE SET - GII DIST.,0,0
2026-06-16,GCSETII-1724,SAMPLE SET - GII DIST.,-1.00,161.93000,0,678068,T,BOREGAN5,,5,SAMPLE SET - GII DIST.,0,0
2026-06-16,GCSETII-1724,SAMPLE SET - GII DIST.,1.00,161.93000,0,678068,T,BOREGAN5,,5,SAMPLE SET - GII DIST.,0,0
2026-06-16,GCSETPS-2228,SAMPLE SET - PRIVATE SELECTION,-1.00,82.16000,0,677984,T,BOREGAN5,,5,SAMPLE SET - PRIVATE SELECTION,0,0
2026-06-16,GCSETPS-2228,SAMPLE SET - PRIVATE SELECTION,1.00,82.16000,0,677984,T,BOREGAN5,,5,SAMPLE SET - PRIVATE SELECTION,0,0
2026-06-16,GCSETSS-1724,SAMPLE SET - GII SMOOTH,-1.00,115.42000,0,677984,T,BOREGAN5,,5,SAMPLE SET - GII SMOOTH,0,0
2026-06-16,GCSETSS-1724,SAMPLE SET - GII SMOOTH,1.00,115.42000,0,677984,T,BOREGAN5,,5,SAMPLE SET - GII SMOOTH,0,0
2026-06-16,GCSETSS-1724,SAMPLE SET - GII SMOOTH,-1.00,115.42000,0,678068,T,BOREGAN5,,5,SAMPLE SET - GII SMOOTH,0,0
2026-06-16,GCSETSS-1724,SAMPLE SET - GII SMOOTH,1.00,115.42000,0,678068,T,BOREGAN5,,5,SAMPLE SET - GII SMOOTH,0,0
2026-06-16,NONSTOCK,FREE TAPE GUN KIT,1.00,0,0,0,P,LMORENO,,,NON-STOCK ITEMS,0,0
2026-06-16,NONSTOCK,"6"" FOAM ROLLS",12.00,30.00000,30.00000,0,P,LMORENO,,,NON-STOCK ITEMS,0,0
2026-06-16,NONSTOCK,"30"" X 30"" BOXES FOR PANELS",100.00,6.69000,6.69000,0,P,LMORENO,,,NON-STOCK ITEMS,0,0
2026-06-16,NONSTOCK,HNDWRP #PB188C 18X1500 80GA,48.00,44.62148,44.50000,0,P,LMORENO,,,NON-STOCK ITEMS,0,0
2026-06-16,NONSTOCK,HNDWRP 5X1000 80GA CLR,80.00,38.10373,38.00000,0,P,LMORENO,,,NON-STOCK ITEMS,0,0
2026-06-16,NONSTOCK,2 INCH TAPE - 48MMX100M CLR,288.00,0.98268,0.98000,0,P,LMORENO,,,NON-STOCK ITEMS,0,0
2026-06-17,GCSETCVA-1724,SAMPLE SET - C.V AMERICA,-1.00,104.54043,0,678050,T,,,5,SAMPLE SET - C.V AMERICA,0,0
2026-06-17,GCSETCVA-1724,SAMPLE SET - C.V AMERICA,1.00,104.54043,0,678050,T,,,5,SAMPLE SET - C.V AMERICA,0,0
2026-06-17,GCSETEX-1724,SAMPLE SET - EXOTICS,-1.00,175.35400,0,678050,T,,,5,SAMPLE SET - EXOTICS,0,0
2026-06-17,GCSETEX-1724,SAMPLE SET - EXOTICS,1.00,175.35400,0,678050,T,,,5,SAMPLE SET - EXOTICS,0,0
2026-06-17,NONSTOCK,SURFACE PREP. QT SKU 61500444,4.00,7.94750,7.94750,0,P,LMORENO,,,NON-STOCK ITEMS,0,0
2026-06-17,NONSTOCK,MERIDA PLYWOOD PALLETS,20.00,10.00000,10.00000,0,P,LMORENO,,,NON-STOCK ITEMS,0,0
2026-06-18,GCSETBH-2828,SAMPLE SET - BEVERLY HILLS,-1.00,204.19700,0,679536,T,,,5,SAMPLE SET - BEVERLY HILLS,0,0
2026-06-18,GCSETBH-2828,SAMPLE SET - BEVERLY HILLS,1.00,204.19700,0,679536,T,,,5,SAMPLE SET - BEVERLY HILLS,0,0
2026-06-18,NONSTOCK,PLYWOOD PALLET MERIDA,20.00,10.00000,10.00000,0,P,LMORENO,,,NON-STOCK ITEMS,0,0
2026-06-19,GCSETBH-2828,SAMPLE SET - BEVERLY HILLS,-1.00,204.19700,0,679151,T,BOREGAN5,,5,SAMPLE SET - BEVERLY HILLS,0,0
2026-06-19,GCSETBH-2828,SAMPLE SET - BEVERLY HILLS,1.00,204.19700,0,679151,T,BOREGAN5,,5,SAMPLE SET - BEVERLY HILLS,0,0
2026-06-19,GCSETBH-2828,SAMPLE SET - BEVERLY HILLS,-1.00,204.19700,0,679172,T,BOREGAN5,,5,SAMPLE SET - BEVERLY HILLS,0,0
2026-06-19,GCSETBH-2828,SAMPLE SET - BEVERLY HILLS,1.00,204.19700,0,679172,T,BOREGAN5,,5,SAMPLE SET - BEVERLY HILLS,0,0
2026-06-19,GCSETCVA-1724,SAMPLE SET - C.V AMERICA,-1.00,104.54043,0,678059,T,LMORENO,,5,SAMPLE SET - C.V AMERICA,0,0
2026-06-19,GCSETCVA-1724,SAMPLE SET - C.V AMERICA,1.00,104.54043,0,678059,T,LMORENO,,5,SAMPLE SET - C.V AMERICA,0,0
2026-06-19,GCSETCVA-1724,SAMPLE SET - C.V AMERICA,-1.00,104.54043,0,673300,T,,,5,SAMPLE SET - C.V AMERICA,0,0
2026-06-19,GCSETCVA-1724,SAMPLE SET - C.V AMERICA,1.00,104.54043,0,673300,T,,,5,SAMPLE SET - C.V AMERICA,0,0
2026-06-19,GCSETEX-1724,SAMPLE SET - EXOTICS,-1.00,175.35400,0,679465,T,BOREGAN5,,5,SAMPLE SET - EXOTICS,0,0
2026-06-19,GCSETEX-1724,SAMPLE SET - EXOTICS,1.00,175.35400,0,679465,T,BOREGAN5,,5,SAMPLE SET - EXOTICS,0,0
2026-06-19,GCSETEX-1724,SAMPLE SET - EXOTICS,-1.00,175.35400,0,678059,T,LMORENO,,5,SAMPLE SET - EXOTICS,0,0
2026-06-19,GCSETEX-1724,SAMPLE SET - EXOTICS,1.00,175.35400,0,678059,T,LMORENO,,5,SAMPLE SET - EXOTICS,0,0
2026-06-19,GCSETGL-2828,SAMPLE SET - GOLD LABEL,-1.00,30.00000,0,679100,T,BOREGAN5,,5,SAMPLE SET - GOLD LABEL,0,0
2026-06-19,GCSETGL-2828,SAMPLE SET - GOLD LABEL,1.00,30.00000,0,679100,T,BOREGAN5,,5,SAMPLE SET - GOLD LABEL,0,0
2026-06-19,GCSETNP-2228,SAMPLE SET - NEWPORT,-1.00,67.18500,0,673300,T,,,5,SAMPLE SET - NEWPORT,0,0
2026-06-19,GCSETNP-2228,SAMPLE SET - NEWPORT,1.00,67.18500,0,673300,T,,,5,SAMPLE SET - NEWPORT,0,0
2026-06-22,GCSETGL-2828,SAMPLE SET - GOLD LABEL,-1.00,30.00000,0,680011,T,,,5,SAMPLE SET - GOLD LABEL,0,0
2026-06-22,GCSETGL-2828,SAMPLE SET - GOLD LABEL,1.00,30.00000,0,680011,T,,,5,SAMPLE SET - GOLD LABEL,0,0
2026-06-24,GCSETBH-2828,SAMPLE SET - BEVERLY HILLS,-1.00,204.19700,0,679832,T,ERODRIGUE8,,5,SAMPLE SET - BEVERLY HILLS,0,0
2026-06-24,GCSETBH-2828,SAMPLE SET - BEVERLY HILLS,1.00,204.19700,0,679832,T,ERODRIGUE8,,5,SAMPLE SET - BEVERLY HILLS,0,0
2026-06-24,GCSETCC-1724,SAMPLE SET - CAROLINA C.,-1.00,49.86800,0,679833,T,ERODRIGUE8,,5,SAMPLE SET - CAROLINA C.,0,0
2026-06-24,GCSETCC-1724,SAMPLE SET - CAROLINA C.,1.00,49.86800,0,679833,T,ERODRIGUE8,,5,SAMPLE SET - CAROLINA C.,0,0
2026-06-24,GCSETCVA-1724,SAMPLE SET - C.V AMERICA,-1.00,104.54043,0,679833,T,ERODRIGUE8,,5,SAMPLE SET - C.V AMERICA,0,0
2026-06-24,GCSETCVA-1724,SAMPLE SET - C.V AMERICA,1.00,104.54043,0,679833,T,ERODRIGUE8,,5,SAMPLE SET - C.V AMERICA,0,0
2026-06-24,GCSETEX-1724,SAMPLE SET - EXOTICS,-1.00,175.35400,0,679833,T,ERODRIGUE8,,5,SAMPLE SET - EXOTICS,0,0
2026-06-24,GCSETEX-1724,SAMPLE SET - EXOTICS,1.00,175.35400,0,679833,T,ERODRIGUE8,,5,SAMPLE SET - EXOTICS,0,0
2026-06-24,GCSETII-1724,SAMPLE SET - GII DIST.,-1.00,161.93000,0,679833,T,ERODRIGUE8,,5,SAMPLE SET - GII DIST.,0,0
2026-06-24,GCSETII-1724,SAMPLE SET - GII DIST.,1.00,161.93000,0,679833,T,ERODRIGUE8,,5,SAMPLE SET - GII DIST.,0,0
2026-06-24,GCSETPS-2228,SAMPLE SET - PRIVATE SELECTION,-1.00,82.16000,0,679832,T,ERODRIGUE8,,5,SAMPLE SET - PRIVATE SELECTION,0,0
2026-06-24,GCSETPS-2228,SAMPLE SET - PRIVATE SELECTION,1.00,82.16000,0,679832,T,ERODRIGUE8,,5,SAMPLE SET - PRIVATE SELECTION,0,0
2026-06-24,GCSETSS-1724,SAMPLE SET - GII SMOOTH,-1.00,115.42000,0,679833,T,ERODRIGUE8,,5,SAMPLE SET - GII SMOOTH,0,0
2026-06-24,GCSETSS-1724,SAMPLE SET - GII SMOOTH,1.00,115.42000,0,679833,T,ERODRIGUE8,,5,SAMPLE SET - GII SMOOTH,0,0
2026-06-26,GCSETCC-1724,SAMPLE SET - CAROLINA C.,-1.00,49.86800,0,676601,T,,,5,SAMPLE SET - CAROLINA C.,0,0
2026-06-26,GCSETCC-1724,SAMPLE SET - CAROLINA C.,1.00,49.86800,0,676601,T,,,5,SAMPLE SET - CAROLINA C.,0,0
2026-06-26,GCSETCVA-1724,SAMPLE SET - C.V AMERICA,-2.00,104.54043,0,676601,T,,,5,SAMPLE SET - C.V AMERICA,0,0
2026-06-26,GCSETCVA-1724,SAMPLE SET - C.V AMERICA,2.00,104.54043,0,676601,T,,,5,SAMPLE SET - C.V AMERICA,0,0
2026-06-26,GCSETII-1724B,SAMPLE SET - GII DIST. 3/3,-1.00,42.00000,0,676601,T,,,5,SAMPLE SET - GII DIST. 3/3,0,0
2026-06-26,GCSETII-1724B,SAMPLE SET - GII DIST. 3/3,1.00,42.00000,0,676601,T,,,5,SAMPLE SET - GII DIST. 3/3,0,0
2026-06-26,GCSETSS-1724,SAMPLE SET - GII SMOOTH,-1.00,115.42000,0,676601,T,,,5,SAMPLE SET - GII SMOOTH,0,0
2026-06-26,GCSETSS-1724,SAMPLE SET - GII SMOOTH,1.00,115.42000,0,676601,T,,,5,SAMPLE SET - GII SMOOTH,0,0
2026-06-26,NONSTOCK,"3"" TUBING ROLL",2.00,63.00000,63.00000,681596,P,LMORENO,,,NON-STOCK ITEMS,0,0
2026-06-26,NONSTOCK,"5"" TUBING ROLL",2.00,88.00000,88.00000,681596,P,LMORENO,,,NON-STOCK ITEMS,0,0
2026-06-26,NONSTOCK,"6"" TUBING ROLL",2.00,104.00000,104.00000,681596,P,LMORENO,,,NON-STOCK ITEMS,0,0
2026-06-26,NONSTOCK,MEDIUM BACK SUPPORT BELT,3.00,26.00000,26.00000,681587,P,LMORENO,,,NON-STOCK ITEMS,0,0
2026-06-26,NONSTOCK,"18"" SAFETY FLAGS",5.00,31.00000,31.00000,0,P,LMORENO,,,NON-STOCK ITEMS,0,0
2026-06-26,NONSTOCK,LARGE BACK SUPPORT BELT,6.00,26.00000,26.00000,681587,P,LMORENO,,,NON-STOCK ITEMS,0,0
2026-06-29,GCSETBH-2828,SAMPLE SET - BEVERLY HILLS,-1.00,204.19700,0,680804,T,BOREGAN5,,5,SAMPLE SET - BEVERLY HILLS,0,0
2026-06-29,GCSETBH-2828,SAMPLE SET - BEVERLY HILLS,1.00,204.19700,0,680804,T,BOREGAN5,,5,SAMPLE SET - BEVERLY HILLS,0,0
2026-06-30,GCSETBH-2828,SAMPLE SET - BEVERLY HILLS,-1.00,204.19700,0,682602,T,,,5,SAMPLE SET - BEVERLY HILLS,0,0
2026-06-30,GCSETBH-2828,SAMPLE SET - BEVERLY HILLS,1.00,204.19700,0,682602,T,,,5,SAMPLE SET - BEVERLY HILLS,0,0
2026-06-30,GCSETCVA-1724,SAMPLE SET - C.V AMERICA,-1.00,104.54043,0,682602,T,,,5,SAMPLE SET - C.V AMERICA,0,0
2026-06-30,GCSETCVA-1724,SAMPLE SET - C.V AMERICA,1.00,104.54043,0,682602,T,,,5,SAMPLE SET - C.V AMERICA,0,0
2026-06-30,GCSETGL-2828,SAMPLE SET - GOLD LABEL,-1.00,30.00000,0,682412,T,ERODRIGUE8,,5,SAMPLE SET - GOLD LABEL,0,0
2026-06-30,GCSETGL-2828,SAMPLE SET - GOLD LABEL,1.00,30.00000,0,682412,T,ERODRIGUE8,,5,SAMPLE SET - GOLD LABEL,0,0
2026-06-30,GCSETGL-2828,SAMPLE SET - GOLD LABEL,-1.00,30.00000,0,682602,T,,,5,SAMPLE SET - GOLD LABEL,0,0
2026-06-30,GCSETGL-2828,SAMPLE SET - GOLD LABEL,1.00,30.00000,0,682602,T,,,5,SAMPLE SET - GOLD LABEL,0,0
2026-07-01,GCSETBH-2828,SAMPLE SET - BEVERLY HILLS,-1.00,204.19700,0,682616,T,,,5,SAMPLE SET - BEVERLY HILLS,0,0
2026-07-01,GCSETBH-2828,SAMPLE SET - BEVERLY HILLS,1.00,204.19700,0,682616,T,,,5,SAMPLE SET - BEVERLY HILLS,0,0
2026-07-01,GCSETCVA-1724,SAMPLE SET - C.V AMERICA,-1.00,104.54043,0,682616,T,,,5,SAMPLE SET - C.V AMERICA,0,0
2026-07-01,GCSETCVA-1724,SAMPLE SET - C.V AMERICA,1.00,104.54043,0,682616,T,,,5,SAMPLE SET - C.V AMERICA,0,0
2026-07-01,GCSETGL-2828,SAMPLE SET - GOLD LABEL,-1.00,30.00000,0,682616,T,,,5,SAMPLE SET - GOLD LABEL,0,0
2026-07-01,GCSETGL-2828,SAMPLE SET - GOLD LABEL,1.00,30.00000,0,682616,T,,,5,SAMPLE SET - GOLD LABEL,0,0
2026-07-02,GCSETBH-2828,SAMPLE SET - BEVERLY HILLS,-1.00,204.19700,0,683050,T,ERODRIGUE8,,5,SAMPLE SET - BEVERLY HILLS,0,0
2026-07-02,GCSETBH-2828,SAMPLE SET - BEVERLY HILLS,1.00,204.19700,0,683050,T,ERODRIGUE8,,5,SAMPLE SET - BEVERLY HILLS,0,0
2026-07-02,GCSETBH-2828,SAMPLE SET - BEVERLY HILLS,-1.00,204.19700,0,683049,T,ERODRIGUE8,,5,SAMPLE SET - BEVERLY HILLS,0,0
2026-07-02,GCSETBH-2828,SAMPLE SET - BEVERLY HILLS,1.00,204.19700,0,683049,T,ERODRIGUE8,,5,SAMPLE SET - BEVERLY HILLS,0,0
2026-07-02,GCSETBH-2828,SAMPLE SET - BEVERLY HILLS,-1.00,204.19700,0,683053,T,ERODRIGUE8,,5,SAMPLE SET - BEVERLY HILLS,0,0
2026-07-02,GCSETBH-2828,SAMPLE SET - BEVERLY HILLS,1.00,204.19700,0,683053,T,ERODRIGUE8,,5,SAMPLE SET - BEVERLY HILLS,0,0
2026-07-02,GCSETBH-2828,SAMPLE SET - BEVERLY HILLS,-1.00,204.19700,0,683061,T,ERODRIGUE8,,5,SAMPLE SET - BEVERLY HILLS,0,0
2026-07-02,GCSETBH-2828,SAMPLE SET - BEVERLY HILLS,1.00,204.19700,0,683061,T,ERODRIGUE8,,5,SAMPLE SET - BEVERLY HILLS,0,0
2026-07-02,GCSETBH-2828,SAMPLE SET - BEVERLY HILLS,-1.00,204.19700,0,683051,T,ERODRIGUE8,,5,SAMPLE SET - BEVERLY HILLS,0,0
2026-07-02,GCSETBH-2828,SAMPLE SET - BEVERLY HILLS,1.00,204.19700,0,683051,T,ERODRIGUE8,,5,SAMPLE SET - BEVERLY HILLS,0,0
2026-07-02,GCSETPS-2228,SAMPLE SET - PRIVATE SELECTION,-1.00,82.16000,0,682762,T,BOREGAN5,,5,SAMPLE SET - PRIVATE SELECTION,0,0
2026-07-02,GCSETPS-2228,SAMPLE SET - PRIVATE SELECTION,1.00,82.16000,0,682762,T,BOREGAN5,,5,SAMPLE SET - PRIVATE SELECTION,0,0
2026-07-06,NONSTOCK,PLYWOOD PALLETS MERIDA,20.00,10.00000,10.00000,0,P,LMORENO,,,NON-STOCK ITEMS,0,0
2026-07-07,GCSETBH-2828,SAMPLE SET - BEVERLY HILLS,-1.00,204.19700,0,683013,T,BOREGAN5,,5,SAMPLE SET - BEVERLY HILLS,0,0
2026-07-07,GCSETBH-2828,SAMPLE SET - BEVERLY HILLS,1.00,204.19700,0,683013,T,BOREGAN5,,5,SAMPLE SET - BEVERLY HILLS,0,0
2026-07-07,GCSETBH-2828,SAMPLE SET - BEVERLY HILLS,-1.00,204.19700,0,682912,T,BOREGAN5,,5,SAMPLE SET - BEVERLY HILLS,0,0
2026-07-07,GCSETBH-2828,SAMPLE SET - BEVERLY HILLS,1.00,204.19700,0,682912,T,BOREGAN5,,5,SAMPLE SET - BEVERLY HILLS,0,0
2026-07-07,GCSETBH-2828,SAMPLE SET - BEVERLY HILLS,-1.00,204.19700,0,682971,T,BOREGAN5,,5,SAMPLE SET - BEVERLY HILLS,0,0
2026-07-07,GCSETBH-2828,SAMPLE SET - BEVERLY HILLS,1.00,204.19700,0,682971,T,BOREGAN5,,5,SAMPLE SET - BEVERLY HILLS,0,0
2026-07-07,GCSETBH-2828,SAMPLE SET - BEVERLY HILLS,-1.00,204.19700,0,683546,T,,,5,SAMPLE SET - BEVERLY HILLS,0,0
2026-07-07,GCSETBH-2828,SAMPLE SET - BEVERLY HILLS,1.00,204.19700,0,683546,T,,,5,SAMPLE SET - BEVERLY HILLS,0,0
2026-07-07,GCSETCC-1724,SAMPLE SET - CAROLINA C.,-1.00,49.86800,0,683689,T,,,5,SAMPLE SET - CAROLINA C.,0,0
2026-07-07,GCSETCC-1724,SAMPLE SET - CAROLINA C.,1.00,49.86800,0,683689,T,,,5,SAMPLE SET - CAROLINA C.,0,0
2026-07-07,GCSETNP-2228,SAMPLE SET - NEWPORT,-1.00,67.18500,0,683546,T,,,5,SAMPLE SET - NEWPORT,0,0
2026-07-07,GCSETNP-2228,SAMPLE SET - NEWPORT,1.00,67.18500,0,683546,T,,,5,SAMPLE SET - NEWPORT,0,0
2026-07-09,GCSETII-1724,SAMPLE SET - GII DIST.,-1.00,161.93000,0,684087,T,JSGOMEZ9,,5,SAMPLE SET - GII DIST.,0,0
2026-07-09,GCSETII-1724,SAMPLE SET - GII DIST.,1.00,161.93000,0,684087,T,JSGOMEZ9,,5,SAMPLE SET - GII DIST.,0,0
2026-07-09,GCSETSS-1724,SAMPLE SET - GII SMOOTH,-1.00,115.42000,0,684087,T,JSGOMEZ9,,5,SAMPLE SET - GII SMOOTH,0,0
2026-07-09,GCSETSS-1724,SAMPLE SET - GII SMOOTH,1.00,115.42000,0,684087,T,JSGOMEZ9,,5,SAMPLE SET - GII SMOOTH,0,0
2026-07-09,NONSTOCK,12 PAIRS MEDIUM GLOVES,1.00,27.00000,27.00000,0,P,LMORENO,,,NON-STOCK ITEMS,0,0
2026-07-09,NONSTOCK,"48"" FOAM ROLL STAND",1.00,205.00000,205.00000,0,P,LMORENO,,,NON-STOCK ITEMS,0,0
2026-07-09,NONSTOCK,LARGE PACKING LIST ENVELOPES,2.00,73.00000,73.00000,0,P,LMORENO,,,NON-STOCK ITEMS,0,0
2026-07-09,NONSTOCK,50LBS SWEEPING COMPOUND,3.00,30.00000,30.00000,0,P,LMORENO,,,NON-STOCK ITEMS,0,0
2026-07-09,NONSTOCK,"24"" FOAM ROLL",3.00,83.00000,83.00000,0,P,LMORENO,,,NON-STOCK ITEMS,0,0
2026-07-09,NONSTOCK,ST STRAP 1/2X.020 BK OSC REG,14.00,135.06429,134.00000,0,P,LMORENO,,,NON-STOCK ITEMS,0,0
2026-07-09,NONSTOCK,FREE TAPE GUN STARTER PACK,1.00,0,0,0,P,LMORENO,,,NON-STOCK ITEMS,0,0
2026-07-09,NONSTOCK,"3"" PLASTIC TUBING ROLL",3.00,63.00000,63.00000,0,P,LMORENO,,,NON-STOCK ITEMS,0,0
2026-07-09,NONSTOCK,"5"" PLASTIC TUBING ROLL",3.00,88.00000,88.00000,0,P,LMORENO,,,NON-STOCK ITEMS,0,0
2026-07-09,NONSTOCK,"6"" FOAM ROLL",12.00,30.00000,30.00000,0,P,LMORENO,,,NON-STOCK ITEMS,0,0
2026-07-13,GCSETBH-2828,SAMPLE SET - BEVERLY HILLS,-1.00,204.19700,0,684345,T,ERODRIGUE8,,5,SAMPLE SET - BEVERLY HILLS,0,0
2026-07-13,GCSETBH-2828,SAMPLE SET - BEVERLY HILLS,1.00,204.19700,0,684345,T,ERODRIGUE8,,5,SAMPLE SET - BEVERLY HILLS,0,0
2026-07-13,GCSETBH-2828,SAMPLE SET - BEVERLY HILLS,-1.00,204.19700,0,684754,T,BOREGAN5,,5,SAMPLE SET - BEVERLY HILLS,0,0
2026-07-13,GCSETBH-2828,SAMPLE SET - BEVERLY HILLS,1.00,204.19700,0,684754,T,BOREGAN5,,5,SAMPLE SET - BEVERLY HILLS,0,0
2026-07-13,GCSETCC-1724,SAMPLE SET - CAROLINA C.,-1.00,49.86800,0,684758,T,ERODRIGUE8,,5,SAMPLE SET - CAROLINA C.,0,0
2026-07-13,GCSETCC-1724,SAMPLE SET - CAROLINA C.,1.00,49.86800,0,684758,T,ERODRIGUE8,,5,SAMPLE SET - CAROLINA C.,0,0
2026-07-13,GCSETCVA-1724,SAMPLE SET - C.V AMERICA,-1.00,104.54043,0,684758,T,ERODRIGUE8,,5,SAMPLE SET - C.V AMERICA,0,0
2026-07-13,GCSETCVA-1724,SAMPLE SET - C.V AMERICA,1.00,104.54043,0,684758,T,ERODRIGUE8,,5,SAMPLE SET - C.V AMERICA,0,0
2026-07-13,GCSETEX-1724,SAMPLE SET - EXOTICS,-1.00,175.35400,0,684758,T,ERODRIGUE8,,5,SAMPLE SET - EXOTICS,0,0
2026-07-13,GCSETEX-1724,SAMPLE SET - EXOTICS,1.00,175.35400,0,684758,T,ERODRIGUE8,,5,SAMPLE SET - EXOTICS,0,0
2026-07-13,GCSETII-1724,SAMPLE SET - GII DIST.,-1.00,161.93000,0,684758,T,ERODRIGUE8,,5,SAMPLE SET - GII DIST.,0,0
2026-07-13,GCSETII-1724,SAMPLE SET - GII DIST.,1.00,161.93000,0,684758,T,ERODRIGUE8,,5,SAMPLE SET - GII DIST.,0,0
2026-07-13,GCSETP2-2428,SAMPLE SET - PARALLELS 2.0,-10.00,14.99200,0,684333,T,ERODRIGUE8,,5,SAMPLE SET - PARALLELS 2.0,0,0
2026-07-13,GCSETP2-2428,SAMPLE SET - PARALLELS 2.0,10.00,14.99200,0,684333,T,ERODRIGUE8,,5,SAMPLE SET - PARALLELS 2.0,0,0
2026-07-13,GCSETP2-2428,SAMPLE SET - PARALLELS 2.0,-2.00,14.99200,0,684343,T,ERODRIGUE8,,5,SAMPLE SET - PARALLELS 2.0,0,0
2026-07-13,GCSETP2-2428,SAMPLE SET - PARALLELS 2.0,2.00,14.99200,0,684343,T,ERODRIGUE8,,5,SAMPLE SET - PARALLELS 2.0,0,0
2026-07-13,GCSETSS-1724,SAMPLE SET - GII SMOOTH,-1.00,115.42000,0,684758,T,ERODRIGUE8,,5,SAMPLE SET - GII SMOOTH,0,0
2026-07-13,GCSETSS-1724,SAMPLE SET - GII SMOOTH,1.00,115.42000,0,684758,T,ERODRIGUE8,,5,SAMPLE SET - GII SMOOTH,0,0
2026-07-14,GCSETCC-1724,SAMPLE SET - CAROLINA C.,-1.00,49.86800,0,685379,T,,,5,SAMPLE SET - CAROLINA C.,0,0
2026-07-14,GCSETCC-1724,SAMPLE SET - CAROLINA C.,1.00,49.86800,0,685379,T,,,5,SAMPLE SET - CAROLINA C.,0,0
2026-07-14,NONSTOCK,"3X8"" MAGNETIC LABELS 100PK",2.00,84.00000,84.00000,0,P,LMORENO,,,NON-STOCK ITEMS,0,0
2026-07-16,NONSTOCK,PLYWOOD PALLETS MERIDA,20.00,10.00000,10.00000,0,P,LMORENO,,,NON-STOCK ITEMS,0,0
2026-07-17,GCSETCB-1724,SAMPLE SET - COMP. BUSTER,-1.00,100.48100,0,686489,T,JRIVERA1,,5,SAMPLE SET - COMP. BUSTER,0,0
2026-07-17,GCSETCB-1724,SAMPLE SET - COMP. BUSTER,1.00,100.48100,0,686489,T,JRIVERA1,,5,SAMPLE SET - COMP. BUSTER,0,0
2026-07-17,NONSTOCK,V-BOARD 2X2 48 .140,2.00,1233.59000,1226.14000,0,P,LMORENO,,,NON-STOCK ITEMS,0,0
2026-07-20,GCSETBH-2828,SAMPLE SET - BEVERLY HILLS,-1.00,204.19700,0,686600,T,JSGOMEZ9,,5,SAMPLE SET - BEVERLY HILLS,0,0
2026-07-20,GCSETBH-2828,SAMPLE SET - BEVERLY HILLS,1.00,204.19700,0,686600,T,JSGOMEZ9,,5,SAMPLE SET - BEVERLY HILLS,0,0
2026-07-20,GCSETCB-1724,SAMPLE SET - COMP. BUSTER,-1.00,100.48100,0,686337,T,,,5,SAMPLE SET - COMP. BUSTER,0,0
2026-07-20,GCSETCB-1724,SAMPLE SET - COMP. BUSTER,1.00,100.48100,0,686337,T,,,5,SAMPLE SET - COMP. BUSTER,0,0
2026-07-20,GCSETII-1724,SAMPLE SET - GII DIST.,-1.00,161.93000,0,686337,T,,,5,SAMPLE SET - GII DIST.,0,0
2026-07-20,GCSETII-1724,SAMPLE SET - GII DIST.,1.00,161.93000,0,686337,T,,,5,SAMPLE SET - GII DIST.,0,0
2026-07-20,GCSETNP-2228,SAMPLE SET - NEWPORT,-1.00,67.18500,0,686600,T,JSGOMEZ9,,5,SAMPLE SET - NEWPORT,0,0
2026-07-20,GCSETNP-2228,SAMPLE SET - NEWPORT,1.00,67.18500,0,686600,T,JSGOMEZ9,,5,SAMPLE SET - NEWPORT,0,0
2026-07-20,GCSETNP-2228,SAMPLE SET - NEWPORT,-1.00,67.18500,0,686337,T,,,5,SAMPLE SET - NEWPORT,0,0
2026-07-20,GCSETNP-2228,SAMPLE SET - NEWPORT,1.00,67.18500,0,686337,T,,,5,SAMPLE SET - NEWPORT,0,0
2026-07-20,GCSETSS-1724,SAMPLE SET - GII SMOOTH,-1.00,115.42000,0,686337,T,,,5,SAMPLE SET - GII SMOOTH,0,0
2026-07-20,GCSETSS-1724,SAMPLE SET - GII SMOOTH,1.00,115.42000,0,686337,T,,,5,SAMPLE SET - GII SMOOTH,0,0
2026-07-20,NONSTOCK,5805N 6MM 48 X 97,120.00,14.40000,14.40000,0,P,LMORENO,,,NON-STOCK ITEMS,0,0
2026-07-21,GCSETAL9-2828,"SAMPLE SET - 9.5"" ALLORA",-1.00,150.00000,0,687590,T,JRIVERA1,,5,"SAMPLE SET - 9.5"" ALLORA",0,0
2026-07-21,GCSETAL9-2828,"SAMPLE SET - 9.5"" ALLORA",1.00,150.00000,0,687590,T,JRIVERA1,,5,"SAMPLE SET - 9.5"" ALLORA",0,0
2026-07-21,GCSETAL9-2828,"SAMPLE SET - 9.5"" ALLORA",-1.00,709.17160,0,687592,T,JRIVERA1,,5,"SAMPLE SET - 9.5"" ALLORA",0,0
2026-07-21,GCSETAL9-2828,"SAMPLE SET - 9.5"" ALLORA",1.00,709.17160,0,687592,T,JRIVERA1,,5,"SAMPLE SET - 9.5"" ALLORA",0,0
2026-07-21,GCSETAL9-2828,"SAMPLE SET - 9.5"" ALLORA",-1.00,709.17160,0,687598,T,JRIVERA1,,5,"SAMPLE SET - 9.5"" ALLORA",0,0
2026-07-21,GCSETAL9-2828,"SAMPLE SET - 9.5"" ALLORA",1.00,709.17160,0,687598,T,JRIVERA1,,5,"SAMPLE SET - 9.5"" ALLORA",0,0
2026-07-21,GCSETBH-2828,SAMPLE SET - BEVERLY HILLS,-1.00,204.19700,0,687182,T,ERODRIGUE8,,5,SAMPLE SET - BEVERLY HILLS,0,0
2026-07-21,GCSETBH-2828,SAMPLE SET - BEVERLY HILLS,1.00,204.19700,0,687182,T,ERODRIGUE8,,5,SAMPLE SET - BEVERLY HILLS,0,0
2026-07-21,GCSETCVA-1724,SAMPLE SET - C.V AMERICA,-1.00,104.54043,0,687160,T,ERODRIGUE8,,5,SAMPLE SET - C.V AMERICA,0,0
2026-07-21,GCSETCVA-1724,SAMPLE SET - C.V AMERICA,1.00,104.54043,0,687160,T,ERODRIGUE8,,5,SAMPLE SET - C.V AMERICA,0,0
2026-07-21,GCSETGL-2828,SAMPLE SET - GOLD LABEL,-1.00,30.00000,0,687359,T,,,5,SAMPLE SET - GOLD LABEL,0,0
2026-07-21,GCSETGL-2828,SAMPLE SET - GOLD LABEL,1.00,30.00000,0,687359,T,,,5,SAMPLE SET - GOLD LABEL,0,0
2026-07-22,NONSTOCK,"24"" PERF FOAM ROLL",9.00,83.00000,83.00000,0,P,LMORENO,,,NON-STOCK ITEMS,0,0
2026-07-22,NONSTOCK,"2"" RED STOP TAPE ROLL",36.00,5.80000,5.80000,0,P,LMORENO,,,NON-STOCK ITEMS,0,0
2026-07-24,GCSETALHB-2828,SAMPLE SET - HERRINGBONE ALLOR,1.00,218.20000,0,0,A,JRIVERA1,,5,SAMPLE SET - HERRINGBONE ALLOR,0,0
2026-07-24,GCSETAL9-2828,"SAMPLE SET - 9.5"" ALLORA",-1.00,709.17160,0,0,A,JRIVERA1,,5,"SAMPLE SET - 9.5"" ALLORA",0,0
2026-07-24,GCSETAL9-2828,"SAMPLE SET - 9.5"" ALLORA",1.00,709.17160,0,0,A,JRIVERA1,,5,"SAMPLE SET - 9.5"" ALLORA",0,0
2026-07-24,GCSETCVA-1724,SAMPLE SET - C.V AMERICA,-1.00,104.54043,0,688079,T,BOREGAN5,,5,SAMPLE SET - C.V AMERICA,0,0
2026-07-24,GCSETCVA-1724,SAMPLE SET - C.V AMERICA,1.00,104.54043,0,688079,T,BOREGAN5,,5,SAMPLE SET - C.V AMERICA,0,0
2026-07-24,GCSETNP-2228,SAMPLE SET - NEWPORT,-1.00,67.18500,0,687722,T,BOREGAN5,,5,SAMPLE SET - NEWPORT,0,0
2026-07-24,GCSETNP-2228,SAMPLE SET - NEWPORT,1.00,67.18500,0,687722,T,BOREGAN5,,5,SAMPLE SET - NEWPORT,0,0
2026-07-24,NONSTOCK,"NEW PALLETS 48"" X 86""",100.00,45.00000,45.00000,0,P,LMORENO,,,NON-STOCK ITEMS,0,0
2026-07-27,GCSETALHB-2828,SAMPLE SET - HERRINGBONE ALLOR,-1.00,218.20000,0,688658,T,,,5,SAMPLE SET - HERRINGBONE ALLOR,0,0
2026-07-27,GCSETALHB-2828,SAMPLE SET - HERRINGBONE ALLOR,1.00,218.20000,0,688658,T,,,5,SAMPLE SET - HERRINGBONE ALLOR,0,0
2026-07-27,NONSTOCK,50LBS SWEEPING COMPOUND,1.00,31.00000,31.00000,0,P,LMORENO,,,NON-STOCK ITEMS,0,0
2026-07-27,NONSTOCK,"3"" TUBING ROLL",2.00,63.00000,63.00000,0,P,LMORENO,,,NON-STOCK ITEMS,0,0
2026-07-27,NONSTOCK,"5"" TUBING ROLL",4.00,88.00000,88.00000,0,P,LMORENO,,,NON-STOCK ITEMS,0,0
2026-07-28,NONSTOCK,SWEEPING COMPOUND 50LB BOX,2.00,31.00000,31.00000,0,P,LMORENO,,,NON-STOCK ITEMS,0,0
2026-07-28,NONSTOCK,"9-1/2"" PL ENVELOPE 500/CTN",2.00,73.00000,73.00000,0,P,LMORENO,,,NON-STOCK ITEMS,0,0
2026-07-28,NONSTOCK,5-1/2 PL ENVELOPE 1K/CTN,2.00,78.00000,78.00000,0,P,LMORENO,,,NON-STOCK ITEMS,0,0
2026-07-28,NONSTOCK,MEDIUM GLOVES 12PAIR/PACK,3.00,27.00000,27.00000,0,P,LMORENO,,,NON-STOCK ITEMS,0,0
2026-07-30,GCSETBH-2828,SAMPLE SET - BEVERLY HILLS,-1.00,204.19700,0,689739,T,,,5,SAMPLE SET - BEVERLY HILLS,0,0
2026-07-30,GCSETBH-2828,SAMPLE SET - BEVERLY HILLS,1.00,204.19700,0,689739,T,,,5,SAMPLE SET - BEVERLY HILLS,0,0
2026-07-30,GCSETNP-2228,SAMPLE SET - NEWPORT,-1.00,67.18500,0,689739,T,,,5,SAMPLE SET - NEWPORT,0,0
2026-07-30,GCSETNP-2228,SAMPLE SET - NEWPORT,1.00,67.18500,0,689739,T,,,5,SAMPLE SET - NEWPORT,0,0
2026-07-31,GCSETBH-2828,SAMPLE SET - BEVERLY HILLS,-1.00,204.19700,0,690041,T,SMORALES4,,5,SAMPLE SET - BEVERLY HILLS,0,0
2026-07-31,GCSETBH-2828,SAMPLE SET - BEVERLY HILLS,1.00,204.19700,0,690041,T,SMORALES4,,5,SAMPLE SET - BEVERLY HILLS,0,0
2026-07-31,GCSETBH-2828,SAMPLE SET - BEVERLY HILLS,-1.00,204.19700,0,689852,T,JSGOMEZ9,,5,SAMPLE SET - BEVERLY HILLS,0,0
2026-07-31,GCSETBH-2828,SAMPLE SET - BEVERLY HILLS,1.00,204.19700,0,689852,T,JSGOMEZ9,,5,SAMPLE SET - BEVERLY HILLS,0,0
2026-07-31,GCSETCB-1724,SAMPLE SET - COMP. BUSTER,-1.00,76.54900,0,690041,T,SMORALES4,,5,SAMPLE SET - COMP. BUSTER,0,0
2026-07-31,GCSETCB-1724,SAMPLE SET - COMP. BUSTER,1.00,76.54900,0,690041,T,SMORALES4,,5,SAMPLE SET - COMP. BUSTER,0,0
2026-07-31,GCSETCC-1724,SAMPLE SET - CAROLINA C.,-1.00,49.86800,0,690041,T,SMORALES4,,5,SAMPLE SET - CAROLINA C.,0,0
2026-07-31,GCSETCC-1724,SAMPLE SET - CAROLINA C.,1.00,49.86800,0,690041,T,SMORALES4,,5,SAMPLE SET - CAROLINA C.,0,0
2026-07-31,GCSETCVA-1724,SAMPLE SET - C.V AMERICA,-1.00,104.54043,0,690041,T,SMORALES4,,5,SAMPLE SET - C.V AMERICA,0,0
2026-07-31,GCSETCVA-1724,SAMPLE SET - C.V AMERICA,1.00,104.54043,0,690041,T,SMORALES4,,5,SAMPLE SET - C.V AMERICA,0,0
2026-07-31,GCSETEX-1724,SAMPLE SET - EXOTICS,-1.00,175.35400,0,689891,T,SMORALES4,,5,SAMPLE SET - EXOTICS,0,0
2026-07-31,GCSETEX-1724,SAMPLE SET - EXOTICS,1.00,175.35400,0,689891,T,SMORALES4,,5,SAMPLE SET - EXOTICS,0,0
2026-07-31,GCSETGL-2828,SAMPLE SET - GOLD LABEL,-1.00,30.00000,0,690041,T,SMORALES4,,5,SAMPLE SET - GOLD LABEL,0,0
2026-07-31,GCSETGL-2828,SAMPLE SET - GOLD LABEL,1.00,30.00000,0,690041,T,SMORALES4,,5,SAMPLE SET - GOLD LABEL,0,0
2026-07-31,GCSETII-1724,SAMPLE SET - GII DIST.,-1.00,161.93000,0,690041,T,SMORALES4,,5,SAMPLE SET - GII DIST.,0,0
2026-07-31,GCSETII-1724,SAMPLE SET - GII DIST.,1.00,161.93000,0,690041,T,SMORALES4,,5,SAMPLE SET - GII DIST.,0,0
2026-07-31,GCSETNP-2228,SAMPLE SET - NEWPORT,-1.00,67.18500,0,690041,T,SMORALES4,,5,SAMPLE SET - NEWPORT,0,0
2026-07-31,GCSETNP-2228,SAMPLE SET - NEWPORT,1.00,67.18500,0,690041,T,SMORALES4,,5,SAMPLE SET - NEWPORT,0,0
2026-07-31,GCSETNP-2228,SAMPLE SET - NEWPORT,-1.00,67.18500,0,689852,T,JSGOMEZ9,,5,SAMPLE SET - NEWPORT,0,0
2026-07-31,GCSETNP-2228,SAMPLE SET - NEWPORT,1.00,67.18500,0,689852,T,JSGOMEZ9,,5,SAMPLE SET - NEWPORT,0,0
2026-07-31,GCSETPS-2228,SAMPLE SET - PRIVATE SELECTION,-1.00,82.16000,0,690041,T,SMORALES4,,5,SAMPLE SET - PRIVATE SELECTION,0,0
2026-07-31,GCSETPS-2228,SAMPLE SET - PRIVATE SELECTION,1.00,82.16000,0,690041,T,SMORALES4,,5,SAMPLE SET - PRIVATE SELECTION,0,0
2026-07-31,GCSETSS-1724,SAMPLE SET - GII SMOOTH,-1.00,115.42000,0,690041,T,SMORALES4,,5,SAMPLE SET - GII SMOOTH,0,0
2026-07-31,GCSETSS-1724,SAMPLE SET - GII SMOOTH,1.00,115.42000,0,690041,T,SMORALES4,,5,SAMPLE SET - GII SMOOTH,0,0
2026-08-01,GCSETBH-2828,SAMPLE SET - BEVERLY HILLS,-1.00,204.19700,0,680871,T,,,5,SAMPLE SET - BEVERLY HILLS,0,0
2026-08-01,GCSETBH-2828,SAMPLE SET - BEVERLY HILLS,-1.00,204.19700,0,332,T,,,5,SAMPLE SET - BEVERLY HILLS,0,0
2026-08-01,GCSETBH-2828,SAMPLE SET - BEVERLY HILLS,1.00,204.19700,0,680871,T,,,5,SAMPLE SET - BEVERLY HILLS,0,0
2026-08-01,GCSETBH-2828,SAMPLE SET - BEVERLY HILLS,1.00,204.19700,0,332,T,,,5,SAMPLE SET - BEVERLY HILLS,0,0
2026-08-01,GCSETLE-2628,SAMPLE SET - LEGENDS,-1.00,561.31735,0,680871,T,,,5,SAMPLE SET - LEGENDS,0,0
2026-08-01,GCSETLE-2628,SAMPLE SET - LEGENDS,-1.00,561.31735,0,690034,T,,,5,SAMPLE SET - LEGENDS,0,0
2026-08-01,GCSETLE-2628,SAMPLE SET - LEGENDS,-1.00,561.31735,0,690035,T,,,5,SAMPLE SET - LEGENDS,0,0
2026-08-01,GCSETLE-2628,SAMPLE SET - LEGENDS,-1.00,561.31735,0,690040,T,,,5,SAMPLE SET - LEGENDS,0,0
2026-08-01,GCSETLE-2628,SAMPLE SET - LEGENDS,-1.00,561.31735,0,332,T,,,5,SAMPLE SET - LEGENDS,0,0
2026-08-01,GCSETLE-2628,SAMPLE SET - LEGENDS,1.00,561.31735,0,680871,T,,,5,SAMPLE SET - LEGENDS,0,0
2026-08-01,GCSETLE-2628,SAMPLE SET - LEGENDS,1.00,561.31735,0,690034,T,,,5,SAMPLE SET - LEGENDS,0,0
2026-08-01,GCSETLE-2628,SAMPLE SET - LEGENDS,1.00,561.31735,0,690035,T,,,5,SAMPLE SET - LEGENDS,0,0
2026-08-01,GCSETLE-2628,SAMPLE SET - LEGENDS,1.00,561.31735,0,690040,T,,,5,SAMPLE SET - LEGENDS,0,0
2026-08-01,GCSETLE-2628,SAMPLE SET - LEGENDS,1.00,561.31735,0,332,T,,,5,SAMPLE SET - LEGENDS,0,0
2026-08-01,GCSETNP-2228,SAMPLE SET - NEWPORT,-1.00,67.18500,0,332,T,,,5,SAMPLE SET - NEWPORT,0,0
2026-08-01,GCSETNP-2228,SAMPLE SET - NEWPORT,1.00,67.18500,0,332,T,,,5,SAMPLE SET - NEWPORT,0,0
2026-08-01,NONSTOCK,PLYWOOD PALLETS MERIDA,9.00,10.00000,10.00000,0,P,LMORENO,,,NON-STOCK ITEMS,0,0
2026-08-03,GCSETBH-2828,SAMPLE SET - BEVERLY HILLS,-1.00,204.19700,0,689817,T,,,5,SAMPLE SET - BEVERLY HILLS,0,0
2026-08-03,GCSETBH-2828,SAMPLE SET - BEVERLY HILLS,1.00,204.19700,0,689817,T,,,5,SAMPLE SET - BEVERLY HILLS,0,0
2026-08-03,GCSETCC-1724,SAMPLE SET - CAROLINA C.,-1.00,49.86800,0,689817,T,,,5,SAMPLE SET - CAROLINA C.,0,0
2026-08-03,GCSETCC-1724,SAMPLE SET - CAROLINA C.,1.00,49.86800,0,689817,T,,,5,SAMPLE SET - CAROLINA C.,0,0
2026-08-03,GCSETEX-1724,SAMPLE SET - EXOTICS,-1.00,175.35400,0,689817,T,,,5,SAMPLE SET - EXOTICS,0,0
2026-08-03,GCSETEX-1724,SAMPLE SET - EXOTICS,1.00,175.35400,0,689817,T,,,5,SAMPLE SET - EXOTICS,0,0
2026-08-03,GCSETNP-2228,SAMPLE SET - NEWPORT,-2.00,67.18500,0,690410,T,,,5,SAMPLE SET - NEWPORT,0,0
2026-08-03,GCSETNP-2228,SAMPLE SET - NEWPORT,-1.00,67.18500,0,689817,T,,,5,SAMPLE SET - NEWPORT,0,0
2026-08-03,GCSETNP-2228,SAMPLE SET - NEWPORT,1.00,67.18500,0,689817,T,,,5,SAMPLE SET - NEWPORT,0,0
2026-08-03,GCSETNP-2228,SAMPLE SET - NEWPORT,2.00,67.18500,0,690410,T,,,5,SAMPLE SET - NEWPORT,0,0
2026-08-03,GCSETPS-2228,SAMPLE SET - PRIVATE SELECTION,-1.00,82.16000,0,689817,T,,,5,SAMPLE SET - PRIVATE SELECTION,0,0
2026-08-03,GCSETPS-2228,SAMPLE SET - PRIVATE SELECTION,1.00,82.16000,0,689817,T,,,5,SAMPLE SET - PRIVATE SELECTION,0,0
2026-08-03,NONSTOCK,ALLORA EMBLEMS,8150.00,1.12000,1.12000,0,P,LMORENO,,,NON-STOCK ITEMS,0,0
2026-08-04,GCSETBH-2828,SAMPLE SET - BEVERLY HILLS,-1.00,204.19700,0,690786,T,AIBARRA3,,5,SAMPLE SET - BEVERLY HILLS,0,0
2026-08-04,GCSETBH-2828,SAMPLE SET - BEVERLY HILLS,1.00,204.19700,0,690786,T,AIBARRA3,,5,SAMPLE SET - BEVERLY HILLS,0,0
2026-08-04,GCSETPS-2228,SAMPLE SET - PRIVATE SELECTION,-1.00,82.16000,0,690786,T,AIBARRA3,,5,SAMPLE SET - PRIVATE SELECTION,0,0
2026-08-04,GCSETPS-2228,SAMPLE SET - PRIVATE SELECTION,1.00,82.16000,0,690786,T,AIBARRA3,,5,SAMPLE SET - PRIVATE SELECTION,0,0
2026-08-05,GCSETBH-2828,SAMPLE SET - BEVERLY HILLS,-1.00,204.19700,0,685913,T,LMORENO,,5,SAMPLE SET - BEVERLY HILLS,0,0
2026-08-05,GCSETBH-2828,SAMPLE SET - BEVERLY HILLS,1.00,204.19700,0,685913,T,LMORENO,,5,SAMPLE SET - BEVERLY HILLS,0,0
2026-08-05,GCSETBH-2828,SAMPLE SET - BEVERLY HILLS,-1.00,179.71200,0,690774,T,,,5,SAMPLE SET - BEVERLY HILLS,0,0
2026-08-05,GCSETBH-2828,SAMPLE SET - BEVERLY HILLS,1.00,179.71200,0,690774,T,,,5,SAMPLE SET - BEVERLY HILLS,0,0
2026-08-05,GCSETCC-1724,SAMPLE SET - CAROLINA C.,-1.00,49.86800,0,685913,T,LMORENO,,5,SAMPLE SET - CAROLINA C.,0,0
2026-08-05,GCSETCC-1724,SAMPLE SET - CAROLINA C.,1.00,49.86800,0,685913,T,LMORENO,,5,SAMPLE SET - CAROLINA C.,0,0
2026-08-05,GCSETCVA-1724,SAMPLE SET - C.V AMERICA,-1.00,104.54043,0,685747,T,LMORENO,,5,SAMPLE SET - C.V AMERICA,0,0
2026-08-05,GCSETCVA-1724,SAMPLE SET - C.V AMERICA,1.00,104.54043,0,685747,T,LMORENO,,5,SAMPLE SET - C.V AMERICA,0,0
2026-08-05,GCSETCVA-1724,SAMPLE SET - C.V AMERICA,-1.00,104.54043,0,685913,T,LMORENO,,5,SAMPLE SET - C.V AMERICA,0,0
2026-08-05,GCSETCVA-1724,SAMPLE SET - C.V AMERICA,1.00,104.54043,0,685913,T,LMORENO,,5,SAMPLE SET - C.V AMERICA,0,0
2026-08-05,GCSETEX-1724,SAMPLE SET - EXOTICS,-1.00,175.35400,0,685913,T,LMORENO,,5,SAMPLE SET - EXOTICS,0,0
2026-08-05,GCSETEX-1724,SAMPLE SET - EXOTICS,1.00,175.35400,0,685913,T,LMORENO,,5,SAMPLE SET - EXOTICS,0,0
2026-08-05,GCSETGL-2828,SAMPLE SET - GOLD LABEL,-1.00,30.00000,0,685716,T,LMORENO,,5,SAMPLE SET - GOLD LABEL,0,0
2026-08-05,GCSETGL-2828,SAMPLE SET - GOLD LABEL,1.00,30.00000,0,685716,T,LMORENO,,5,SAMPLE SET - GOLD LABEL,0,0
2026-08-05,GCSETII-1724,SAMPLE SET - GII DIST.,-1.00,161.93000,0,685913,T,LMORENO,,5,SAMPLE SET - GII DIST.,0,0
2026-08-05,GCSETII-1724,SAMPLE SET - GII DIST.,1.00,161.93000,0,685913,T,LMORENO,,5,SAMPLE SET - GII DIST.,0,0
2026-08-05,GCSETLE-2628,SAMPLE SET - LEGENDS,-1.00,561.31735,0,686200,T,LMORENO,,5,SAMPLE SET - LEGENDS,0,0
2026-08-05,GCSETLE-2628,SAMPLE SET - LEGENDS,1.00,561.31735,0,686200,T,LMORENO,,5,SAMPLE SET - LEGENDS,0,0
2026-08-05,GCSETLE-2628,SAMPLE SET - LEGENDS,-1.00,561.31735,0,686015,T,LMORENO,,5,SAMPLE SET - LEGENDS,0,0
2026-08-05,GCSETLE-2628,SAMPLE SET - LEGENDS,1.00,561.31735,0,686015,T,LMORENO,,5,SAMPLE SET - LEGENDS,0,0
2026-08-05,GCSETLE-2628,SAMPLE SET - LEGENDS,-1.00,561.31735,0,685716,T,LMORENO,,5,SAMPLE SET - LEGENDS,0,0
2026-08-05,GCSETLE-2628,SAMPLE SET - LEGENDS,1.00,561.31735,0,685716,T,LMORENO,,5,SAMPLE SET - LEGENDS,0,0
2026-08-05,GCSETLE-2628,SAMPLE SET - LEGENDS,-1.00,561.31735,0,685747,T,LMORENO,,5,SAMPLE SET - LEGENDS,0,0
2026-08-05,GCSETLE-2628,SAMPLE SET - LEGENDS,1.00,561.31735,0,685747,T,LMORENO,,5,SAMPLE SET - LEGENDS,0,0
2026-08-05,GCSETLE-2628,SAMPLE SET - LEGENDS,-1.00,561.31735,0,685913,T,LMORENO,,5,SAMPLE SET - LEGENDS,0,0
2026-08-05,GCSETLE-2628,SAMPLE SET - LEGENDS,1.00,561.31735,0,685913,T,LMORENO,,5,SAMPLE SET - LEGENDS,0,0
2026-08-05,GCSETLE-2628,SAMPLE SET - LEGENDS,-1.00,561.31735,0,686581,T,LMORENO,,5,SAMPLE SET - LEGENDS,0,0
2026-08-05,GCSETLE-2628,SAMPLE SET - LEGENDS,1.00,561.31735,0,686581,T,LMORENO,,5,SAMPLE SET - LEGENDS,0,0
2026-08-05,GCSETLE-2628,SAMPLE SET - LEGENDS,-1.00,561.31735,0,686348,T,LMORENO,,5,SAMPLE SET - LEGENDS,0,0
2026-08-05,GCSETLE-2628,SAMPLE SET - LEGENDS,1.00,561.31735,0,686348,T,LMORENO,,5,SAMPLE SET - LEGENDS,0,0
2026-08-05,GCSETLE-2628,SAMPLE SET - LEGENDS,-1.00,561.31735,0,686538,T,LMORENO,,5,SAMPLE SET - LEGENDS,0,0
2026-08-05,GCSETLE-2628,SAMPLE SET - LEGENDS,1.00,561.31735,0,686538,T,LMORENO,,5,SAMPLE SET - LEGENDS,0,0
2026-08-05,GCSETLE-2628,SAMPLE SET - LEGENDS,-1.00,561.31735,0,686352,T,LMORENO,,5,SAMPLE SET - LEGENDS,0,0
2026-08-05,GCSETLE-2628,SAMPLE SET - LEGENDS,1.00,561.31735,0,686352,T,LMORENO,,5,SAMPLE SET - LEGENDS,0,0
2026-08-05,GCSETLE-2628,SAMPLE SET - LEGENDS,-1.00,561.31735,0,687593,T,LMORENO,,5,SAMPLE SET - LEGENDS,0,0
2026-08-05,GCSETLE-2628,SAMPLE SET - LEGENDS,1.00,561.31735,0,687593,T,LMORENO,,5,SAMPLE SET - LEGENDS,0,0
2026-08-05,GCSETLE-2628,SAMPLE SET - LEGENDS,-1.00,561.31735,0,687132,T,LMORENO,,5,SAMPLE SET - LEGENDS,0,0
2026-08-05,GCSETLE-2628,SAMPLE SET - LEGENDS,1.00,561.31735,0,687132,T,LMORENO,,5,SAMPLE SET - LEGENDS,0,0
2026-08-05,GCSETLE-2628,SAMPLE SET - LEGENDS,-1.00,561.31735,0,687127,T,LMORENO,,5,SAMPLE SET - LEGENDS,0,0
2026-08-05,GCSETLE-2628,SAMPLE SET - LEGENDS,1.00,561.31735,0,687127,T,LMORENO,,5,SAMPLE SET - LEGENDS,0,0
2026-08-05,GCSETLE-2628,SAMPLE SET - LEGENDS,-1.00,561.31735,0,687470,T,LMORENO,,5,SAMPLE SET - LEGENDS,0,0
2026-08-05,GCSETLE-2628,SAMPLE SET - LEGENDS,1.00,561.31735,0,687470,T,LMORENO,,5,SAMPLE SET - LEGENDS,0,0
2026-08-05,GCSETLE-2628,SAMPLE SET - LEGENDS,-1.00,561.31735,0,687488,T,LMORENO,,5,SAMPLE SET - LEGENDS,0,0
2026-08-05,GCSETLE-2628,SAMPLE SET - LEGENDS,1.00,561.31735,0,687488,T,LMORENO,,5,SAMPLE SET - LEGENDS,0,0
2026-08-05,GCSETLE-2628,SAMPLE SET - LEGENDS,-1.00,561.31735,0,690041,T,LMORENO,,5,SAMPLE SET - LEGENDS,0,0
2026-08-05,GCSETLE-2628,SAMPLE SET - LEGENDS,1.00,561.31735,0,690041,T,LMORENO,,5,SAMPLE SET - LEGENDS,0,0
2026-08-05,GCSETPS-2228,SAMPLE SET - PRIVATE SELECTION,-1.00,82.16000,0,685913,T,LMORENO,,5,SAMPLE SET - PRIVATE SELECTION,0,0
2026-08-05,GCSETPS-2228,SAMPLE SET - PRIVATE SELECTION,1.00,82.16000,0,685913,T,LMORENO,,5,SAMPLE SET - PRIVATE SELECTION,0,0
2026-08-05,GCSETPS-2228,SAMPLE SET - PRIVATE SELECTION,-1.00,82.16000,0,690774,T,,,5,SAMPLE SET - PRIVATE SELECTION,0,0
2026-08-05,GCSETPS-2228,SAMPLE SET - PRIVATE SELECTION,1.00,82.16000,0,690774,T,,,5,SAMPLE SET - PRIVATE SELECTION,0,0
2026-08-05,GCSETSS-1724,SAMPLE SET - GII SMOOTH,-1.00,115.42000,0,685913,T,LMORENO,,5,SAMPLE SET - GII SMOOTH,0,0
2026-08-05,GCSETSS-1724,SAMPLE SET - GII SMOOTH,1.00,115.42000,0,685913,T,LMORENO,,5,SAMPLE SET - GII SMOOTH,0,0
2026-08-06,GCSETBH-2828,SAMPLE SET - BEVERLY HILLS,-1.00,214.20000,0,672576,T,,,5,SAMPLE SET - BEVERLY HILLS,0,0
2026-08-06,GCSETBH-2828,SAMPLE SET - BEVERLY HILLS,1.00,214.20000,0,672576,T,,,5,SAMPLE SET - BEVERLY HILLS,0,0
2026-08-06,GCSETBH-2828,SAMPLE SET - BEVERLY HILLS,-1.00,204.19700,0,691732,T,,,5,SAMPLE SET - BEVERLY HILLS,0,0
2026-08-06,GCSETBH-2828,SAMPLE SET - BEVERLY HILLS,1.00,204.19700,0,691732,T,,,5,SAMPLE SET - BEVERLY HILLS,0,0
2026-08-06,GCSETCVA-1724,SAMPLE SET - C.V AMERICA,-1.00,104.54043,0,691162,T,,,5,SAMPLE SET - C.V AMERICA,0,0
2026-08-06,GCSETCVA-1724,SAMPLE SET - C.V AMERICA,1.00,104.54043,0,691162,T,,,5,SAMPLE SET - C.V AMERICA,0,0
2026-08-06,GCSETLE-2628,SAMPLE SET - LEGENDS,-1.00,561.31735,0,691496,T,,,5,SAMPLE SET - LEGENDS,0,0
2026-08-06,GCSETLE-2628,SAMPLE SET - LEGENDS,1.00,561.31735,0,691496,T,,,5,SAMPLE SET - LEGENDS,0,0
2026-08-06,GCSETNP-2228,SAMPLE SET - NEWPORT,-1.00,67.18500,0,672576,T,,,5,SAMPLE SET - NEWPORT,0,0
2026-08-06,GCSETNP-2228,SAMPLE SET - NEWPORT,1.00,67.18500,0,672576,T,,,5,SAMPLE SET - NEWPORT,0,0
2026-08-06,GCSETNP-2228,SAMPLE SET - NEWPORT,-1.00,67.18500,0,691496,T,,,5,SAMPLE SET - NEWPORT,0,0
2026-08-06,GCSETNP-2228,SAMPLE SET - NEWPORT,1.00,67.18500,0,691496,T,,,5,SAMPLE SET - NEWPORT,0,0
2026-08-06,GCSETPS-2228,SAMPLE SET - PRIVATE SELECTION,-1.00,82.16000,0,672576,T,,,5,SAMPLE SET - PRIVATE SELECTION,0,0
2026-08-06,GCSETPS-2228,SAMPLE SET - PRIVATE SELECTION,1.00,82.16000,0,672576,T,,,5,SAMPLE SET - PRIVATE SELECTION,0,0
2026-08-06,GCSETPS-2228,SAMPLE SET - PRIVATE SELECTION,-1.00,82.16000,0,691496,T,,,5,SAMPLE SET - PRIVATE SELECTION,0,0
2026-08-06,GCSETPS-2228,SAMPLE SET - PRIVATE SELECTION,-1.00,82.16000,0,691732,T,,,5,SAMPLE SET - PRIVATE SELECTION,0,0
2026-08-06,GCSETPS-2228,SAMPLE SET - PRIVATE SELECTION,1.00,82.16000,0,691496,T,,,5,SAMPLE SET - PRIVATE SELECTION,0,0
2026-08-06,GCSETPS-2228,SAMPLE SET - PRIVATE SELECTION,1.00,82.16000,0,691732,T,,,5,SAMPLE SET - PRIVATE SELECTION,0,0
2026-08-06,NONSTOCK,"8"" WHITE PLASTIC PLUG",100.00,0,0,0,P,LMORENO,,,NON-STOCK ITEMS,0,0
2026-08-06,NONSTOCK,"6"" WHITE PLASTIC PLUG",168.00,0,0,0,P,LMORENO,,,NON-STOCK ITEMS,0,0
2026-08-06,NONSTOCK,"4"" WHITE MAX PLASTIC PLUG",360.00,0,0,0,P,LMORENO,,,NON-STOCK ITEMS,0,0
2026-08-06,NONSTOCK,"8""ID X 95""OL-.125 TUBE",50.00,20.19336,16.69000,0,P,LMORENO,,,NON-STOCK ITEMS,0,0
2026-08-06,NONSTOCK,"6""ID X 95""OL-.125 TUBE",84.00,13.20006,10.91000,0,P,LMORENO,,,NON-STOCK ITEMS,0,0
2026-08-06,NONSTOCK,"4""ID X 95""OL-.125 TUBE",180.00,10.00593,8.27000,0,P,LMORENO,,,NON-STOCK ITEMS,0,0
2026-08-07,NONSTOCK,PLYWOOD PALLETS MERIDA,20.00,10.00000,10.00000,0,P,LMORENO,,,NON-STOCK ITEMS,0,0
2026-08-08,GCSETBH-2828,SAMPLE SET - BEVERLY HILLS,-1.00,204.19700,0,691250,T,BOREGAN5,,5,SAMPLE SET - BEVERLY HILLS,0,0
2026-08-08,GCSETBH-2828,SAMPLE SET - BEVERLY HILLS,1.00,204.19700,0,691250,T,BOREGAN5,,5,SAMPLE SET - BEVERLY HILLS,0,0
2026-08-08,GCSETCC-1724,SAMPLE SET - CAROLINA C.,-1.00,49.86800,0,691250,T,BOREGAN5,,5,SAMPLE SET - CAROLINA C.,0,0
2026-08-08,GCSETCC-1724,SAMPLE SET - CAROLINA C.,1.00,49.86800,0,691250,T,BOREGAN5,,5,SAMPLE SET - CAROLINA C.,0,0
2026-08-08,GCSETCVA-1724,SAMPLE SET - C.V AMERICA,-1.00,104.54043,0,691250,T,BOREGAN5,,5,SAMPLE SET - C.V AMERICA,0,0
2026-08-08,GCSETCVA-1724,SAMPLE SET - C.V AMERICA,1.00,104.54043,0,691250,T,BOREGAN5,,5,SAMPLE SET - C.V AMERICA,0,0
2026-08-08,GCSETCVA-1724,SAMPLE SET - C.V AMERICA,-1.00,104.54043,0,691608,T,BOREGAN5,,5,SAMPLE SET - C.V AMERICA,0,0
2026-08-08,GCSETCVA-1724,SAMPLE SET - C.V AMERICA,1.00,104.54043,0,691608,T,BOREGAN5,,5,SAMPLE SET - C.V AMERICA,0,0
2026-08-08,GCSETEX-1724,SAMPLE SET - EXOTICS,-1.00,175.35400,0,691250,T,BOREGAN5,,5,SAMPLE SET - EXOTICS,0,0
2026-08-08,GCSETEX-1724,SAMPLE SET - EXOTICS,1.00,175.35400,0,691250,T,BOREGAN5,,5,SAMPLE SET - EXOTICS,0,0
2026-08-08,GCSETII-1724,SAMPLE SET - GII DIST.,-1.00,161.93000,0,691250,T,BOREGAN5,,5,SAMPLE SET - GII DIST.,0,0
2026-08-08,GCSETII-1724,SAMPLE SET - GII DIST.,1.00,161.93000,0,691250,T,BOREGAN5,,5,SAMPLE SET - GII DIST.,0,0
2026-08-08,GCSETNP-2228,SAMPLE SET - NEWPORT,-1.00,67.18500,0,691250,T,BOREGAN5,,5,SAMPLE SET - NEWPORT,0,0
2026-08-08,GCSETNP-2228,SAMPLE SET - NEWPORT,1.00,67.18500,0,691250,T,BOREGAN5,,5,SAMPLE SET - NEWPORT,0,0
2026-08-08,GCSETPS-2228,SAMPLE SET - PRIVATE SELECTION,-1.00,82.16000,0,691250,T,BOREGAN5,,5,SAMPLE SET - PRIVATE SELECTION,0,0
2026-08-08,GCSETPS-2228,SAMPLE SET - PRIVATE SELECTION,1.00,82.16000,0,691250,T,BOREGAN5,,5,SAMPLE SET - PRIVATE SELECTION,0,0
2026-08-08,GCSETSS-1724,SAMPLE SET - GII SMOOTH,-1.00,115.42000,0,691250,T,BOREGAN5,,5,SAMPLE SET - GII SMOOTH,0,0
2026-08-08,GCSETSS-1724,SAMPLE SET - GII SMOOTH,1.00,115.42000,0,691250,T,BOREGAN5,,5,SAMPLE SET - GII SMOOTH,0,0
2026-08-10,GCSETBH-2828,SAMPLE SET - BEVERLY HILLS,-1.00,204.19700,0,691766,T,,,5,SAMPLE SET - BEVERLY HILLS,0,0
2026-08-10,GCSETBH-2828,SAMPLE SET - BEVERLY HILLS,1.00,204.19700,0,691766,T,,,5,SAMPLE SET - BEVERLY HILLS,0,0
2026-08-10,GCSETGL-2828,SAMPLE SET - GOLD LABEL,-1.00,30.00000,0,692122,T,,,5,SAMPLE SET - GOLD LABEL,0,0
2026-08-10,GCSETGL-2828,SAMPLE SET - GOLD LABEL,1.00,30.00000,0,692122,T,,,5,SAMPLE SET - GOLD LABEL,0,0
2026-08-10,GCSETLE-2628,SAMPLE SET - LEGENDS,-1.00,561.31735,0,692122,T,,,5,SAMPLE SET - LEGENDS,0,0
2026-08-10,GCSETLE-2628,SAMPLE SET - LEGENDS,1.00,561.31735,0,692122,T,,,5,SAMPLE SET - LEGENDS,0,0
2026-08-10,GCSETNP-2228,SAMPLE SET - NEWPORT,-1.00,67.18500,0,692122,T,,,5,SAMPLE SET - NEWPORT,0,0
2026-08-10,GCSETNP-2228,SAMPLE SET - NEWPORT,1.00,67.18500,0,692122,T,,,5,SAMPLE SET - NEWPORT,0,0
2026-08-10,GCSETPS-2228,SAMPLE SET - PRIVATE SELECTION,-1.00,82.16000,0,691766,T,,,5,SAMPLE SET - PRIVATE SELECTION,0,0
2026-08-10,GCSETPS-2228,SAMPLE SET - PRIVATE SELECTION,-1.00,82.16000,0,692122,T,,,5,SAMPLE SET - PRIVATE SELECTION,0,0
2026-08-10,GCSETPS-2228,SAMPLE SET - PRIVATE SELECTION,1.00,82.16000,0,691766,T,,,5,SAMPLE SET - PRIVATE SELECTION,0,0
2026-08-10,GCSETPS-2228,SAMPLE SET - PRIVATE SELECTION,1.00,82.16000,0,692122,T,,,5,SAMPLE SET - PRIVATE SELECTION,0,0
2026-08-10,NONSTOCK,PLYWOOD PALLETS MERIDA,17.00,10.00000,10.00000,0,P,LMORENO,,,NON-STOCK ITEMS,0,0
2026-08-10,NONSTOCK,PLYWOOD PALLETS MERIDA,20.00,10.00000,10.00000,0,P,LMORENO,,,NON-STOCK ITEMS,0,0
2026-08-11,NONSTOCK,IND. BACK SUPPORT BRACE - S,2.00,26.00000,26.00000,0,P,LMORENO,,,NON-STOCK ITEMS,0,0
2026-08-11,NONSTOCK,50LBS SWEEPING COMPOUND,3.00,30.00000,30.00000,0,P,LMORENO,,,NON-STOCK ITEMS,0,0
2026-08-11,NONSTOCK,IND. BACK SUPPORT BRACE - M,6.00,26.00000,26.00000,0,P,LMORENO,,,NON-STOCK ITEMS,0,0
2026-08-11,NONSTOCK,IND. BACK SUPPORT BRACE - L,6.00,26.00000,26.00000,0,P,LMORENO,,,NON-STOCK ITEMS,0,0
2026-08-12,NONSTOCK,FREE NOTEPAD,1.00,0,0,0,P,LMORENO,,,NON-STOCK ITEMS,0,0
2026-08-12,NONSTOCK,GRIPPER SEALS W/ TEETH,6.00,91.00000,91.00000,0,P,LMORENO,,,NON-STOCK ITEMS,0,0
2026-08-13,GCSETBH-2828,SAMPLE SET - BEVERLY HILLS,-1.00,204.19700,0,686695,T,,,5,SAMPLE SET - BEVERLY HILLS,0,0
2026-08-13,GCSETBH-2828,SAMPLE SET - BEVERLY HILLS,-1.00,204.19700,0,693069,T,,,5,SAMPLE SET - BEVERLY HILLS,0,0
2026-08-13,GCSETBH-2828,SAMPLE SET - BEVERLY HILLS,-1.00,204.19700,0,692178,T,,,5,SAMPLE SET - BEVERLY HILLS,0,0
2026-08-13,GCSETBH-2828,SAMPLE SET - BEVERLY HILLS,1.00,204.19700,0,686695,T,,,5,SAMPLE SET - BEVERLY HILLS,0,0
2026-08-13,GCSETBH-2828,SAMPLE SET - BEVERLY HILLS,1.00,204.19700,0,693069,T,,,5,SAMPLE SET - BEVERLY HILLS,0,0
2026-08-13,GCSETBH-2828,SAMPLE SET - BEVERLY HILLS,1.00,204.19700,0,692178,T,,,5,SAMPLE SET - BEVERLY HILLS,0,0
2026-08-13,GCSETCVA-1724,SAMPLE SET - C.V AMERICA,-1.00,104.54043,0,686695,T,,,5,SAMPLE SET - C.V AMERICA,0,0
2026-08-13,GCSETCVA-1724,SAMPLE SET - C.V AMERICA,1.00,104.54043,0,686695,T,,,5,SAMPLE SET - C.V AMERICA,0,0
2026-08-13,GCSETEX-1724,SAMPLE SET - EXOTICS,-1.00,175.35400,0,692178,T,,,5,SAMPLE SET - EXOTICS,0,0
2026-08-13,GCSETEX-1724,SAMPLE SET - EXOTICS,1.00,175.35400,0,692178,T,,,5,SAMPLE SET - EXOTICS,0,0
2026-08-13,GCSETGL-2828,SAMPLE SET - GOLD LABEL,-1.00,30.00000,0,686695,T,,,5,SAMPLE SET - GOLD LABEL,0,0
2026-08-13,GCSETGL-2828,SAMPLE SET - GOLD LABEL,1.00,30.00000,0,686695,T,,,5,SAMPLE SET - GOLD LABEL,0,0
2026-08-13,GCSETLE-2628,SAMPLE SET - LEGENDS,-1.00,561.31735,0,692178,T,,,5,SAMPLE SET - LEGENDS,0,0
2026-08-13,GCSETLE-2628,SAMPLE SET - LEGENDS,1.00,561.31735,0,692178,T,,,5,SAMPLE SET - LEGENDS,0,0
2026-08-13,GCSETNP-2228,SAMPLE SET - NEWPORT,-1.00,67.18500,0,692178,T,,,5,SAMPLE SET - NEWPORT,0,0
2026-08-13,GCSETNP-2228,SAMPLE SET - NEWPORT,1.00,67.18500,0,692178,T,,,5,SAMPLE SET - NEWPORT,0,0
2026-08-13,NONSTOCK,FRAGILE STICKER ROLL (500EA),1.00,41.00000,41.00000,0,P,LMORENO,,,NON-STOCK ITEMS,0,0
2026-08-13,NONSTOCK,FREE TAPE GUN STARTER PACK,1.00,0,0,0,P,LMORENO,,,NON-STOCK ITEMS,0,0
2026-08-13,NONSTOCK,"24"" FOAM ROLL",6.00,83.00000,83.00000,0,P,LMORENO,,,NON-STOCK ITEMS,0,0
2026-08-13,NONSTOCK,"Z BAR 144""L W/ HOLES 1"" OC",10.00,24.96000,24.96000,0,P,LMORENO,,,NON-STOCK ITEMS,0,0
2026-08-14,GCSETCC-1724,SAMPLE SET - CAROLINA C.,-1.00,49.86800,0,690145,T,,,5,SAMPLE SET - CAROLINA C.,0,0
2026-08-14,GCSETCC-1724,SAMPLE SET - CAROLINA C.,1.00,49.86800,0,690145,T,,,5,SAMPLE SET - CAROLINA C.,0,0
2026-08-14,GCSETEX-1724,SAMPLE SET - EXOTICS,-1.00,175.35400,0,690145,T,,,5,SAMPLE SET - EXOTICS,0,0
2026-08-14,GCSETEX-1724,SAMPLE SET - EXOTICS,1.00,175.35400,0,690145,T,,,5,SAMPLE SET - EXOTICS,0,0
2026-08-14,GCSETII-1724,SAMPLE SET - GII DIST.,-1.00,161.93000,0,690145,T,,,5,SAMPLE SET - GII DIST.,0,0
2026-08-14,GCSETII-1724,SAMPLE SET - GII DIST.,1.00,161.93000,0,690145,T,,,5,SAMPLE SET - GII DIST.,0,0
2026-08-14,GCSETNP-2228,SAMPLE SET - NEWPORT,-1.00,67.18500,0,690145,T,,,5,SAMPLE SET - NEWPORT,0,0
2026-08-14,GCSETNP-2228,SAMPLE SET - NEWPORT,1.00,67.18500,0,690145,T,,,5,SAMPLE SET - NEWPORT,0,0
2026-08-14,GCSETSS-1724,SAMPLE SET - GII SMOOTH,-1.00,115.42000,0,690145,T,,,5,SAMPLE SET - GII SMOOTH,0,0
2026-08-14,GCSETSS-1724,SAMPLE SET - GII SMOOTH,1.00,115.42000,0,690145,T,,,5,SAMPLE SET - GII SMOOTH,0,0
2026-08-15,GCSETBH-2828,SAMPLE SET - BEVERLY HILLS,-1.00,204.19700,0,692892,T,BOREGAN5,,5,SAMPLE SET - BEVERLY HILLS,0,0
2026-08-15,GCSETBH-2828,SAMPLE SET - BEVERLY HILLS,1.00,204.19700,0,692892,T,BOREGAN5,,5,SAMPLE SET - BEVERLY HILLS,0,0
2026-08-15,GCSETCC-1724,SAMPLE SET - CAROLINA C.,-1.00,49.86800,0,692689,T,BOREGAN5,,5,SAMPLE SET - CAROLINA C.,0,0
2026-08-15,GCSETCC-1724,SAMPLE SET - CAROLINA C.,1.00,49.86800,0,692689,T,BOREGAN5,,5,SAMPLE SET - CAROLINA C.,0,0
2026-08-15,GCSETII-1724,SAMPLE SET - GII DIST.,-1.00,161.93000,0,692689,T,BOREGAN5,,5,SAMPLE SET - GII DIST.,0,0
2026-08-15,GCSETII-1724,SAMPLE SET - GII DIST.,1.00,161.93000,0,692689,T,BOREGAN5,,5,SAMPLE SET - GII DIST.,0,0
2026-08-15,GCSETLE-2628,SAMPLE SET - LEGENDS,-1.00,561.31735,0,692689,T,BOREGAN5,,5,SAMPLE SET - LEGENDS,0,0
2026-08-15,GCSETLE-2628,SAMPLE SET - LEGENDS,1.00,561.31735,0,692689,T,BOREGAN5,,5,SAMPLE SET - LEGENDS,0,0
2026-08-15,GCSETLE-2628,SAMPLE SET - LEGENDS,-1.00,561.31735,0,692892,T,BOREGAN5,,5,SAMPLE SET - LEGENDS,0,0
2026-08-15,GCSETLE-2628,SAMPLE SET - LEGENDS,1.00,561.31735,0,692892,T,BOREGAN5,,5,SAMPLE SET - LEGENDS,0,0
2026-08-19,GCSETBH-2828,SAMPLE SET - BEVERLY HILLS,-1.00,204.19700,0,694745,T,AIBARRA3,,5,SAMPLE SET - BEVERLY HILLS,0,0
2026-08-19,GCSETBH-2828,SAMPLE SET - BEVERLY HILLS,1.00,204.19700,0,694745,T,AIBARRA3,,5,SAMPLE SET - BEVERLY HILLS,0,0
2026-08-19,GCSETBH-2828,SAMPLE SET - BEVERLY HILLS,-1.00,204.19700,0,694765,T,JSGOMEZ9,,5,SAMPLE SET - BEVERLY HILLS,0,0
2026-08-19,GCSETBH-2828,SAMPLE SET - BEVERLY HILLS,1.00,204.19700,0,694765,T,JSGOMEZ9,,5,SAMPLE SET - BEVERLY HILLS,0,0
2026-08-19,GCSETGL-2828,SAMPLE SET - GOLD LABEL,-1.00,30.00000,0,694745,T,AIBARRA3,,5,SAMPLE SET - GOLD LABEL,0,0
2026-08-19,GCSETGL-2828,SAMPLE SET - GOLD LABEL,1.00,30.00000,0,694745,T,AIBARRA3,,5,SAMPLE SET - GOLD LABEL,0,0
2026-08-19,GCSETLE-2628,SAMPLE SET - LEGENDS,-1.00,561.31735,0,694784,T,,,5,SAMPLE SET - LEGENDS,0,0
2026-08-19,GCSETLE-2628,SAMPLE SET - LEGENDS,1.00,561.31735,0,694784,T,,,5,SAMPLE SET - LEGENDS,0,0
2026-08-19,GCSETPS-2228,SAMPLE SET - PRIVATE SELECTION,-1.00,82.16000,0,694745,T,AIBARRA3,,5,SAMPLE SET - PRIVATE SELECTION,0,0
2026-08-19,GCSETPS-2228,SAMPLE SET - PRIVATE SELECTION,1.00,82.16000,0,694745,T,AIBARRA3,,5,SAMPLE SET - PRIVATE SELECTION,0,0
2026-08-19,NONSTOCK,ULINE TRASH CAN DOLLY,1.00,39.00000,39.00000,0,P,LMORENO,,,NON-STOCK ITEMS,0,0
2026-08-19,NONSTOCK,ULINE 44GAL TRASH CAN,1.00,52.00000,52.00000,0,P,LMORENO,,,NON-STOCK ITEMS,0,0
2026-08-19,NONSTOCK,"4"" X 6"" RECLOSABLE BAGS",1.00,81.00000,81.00000,0,P,LMORENO,,,NON-STOCK ITEMS,0,0
2026-08-19,NONSTOCK,"24"" FOAM ROLLS",6.00,83.00000,83.00000,0,P,LMORENO,,,NON-STOCK ITEMS,0,0
2026-08-22,GCSETBH-2828,SAMPLE SET - BEVERLY HILLS,-1.00,204.19700,0,695084,T,JLEWIS5,,5,SAMPLE SET - BEVERLY HILLS,0,0
2026-08-22,GCSETBH-2828,SAMPLE SET - BEVERLY HILLS,1.00,204.19700,0,695084,T,JLEWIS5,,5,SAMPLE SET - BEVERLY HILLS,0,0
2026-08-22,GCSETCC-1724,SAMPLE SET - CAROLINA C.,-1.00,49.86800,0,695084,T,JLEWIS5,,5,SAMPLE SET - CAROLINA C.,0,0
2026-08-22,GCSETCC-1724,SAMPLE SET - CAROLINA C.,1.00,49.86800,0,695084,T,JLEWIS5,,5,SAMPLE SET - CAROLINA C.,0,0
2026-08-22,GCSETEX-1724,SAMPLE SET - EXOTICS,-1.00,175.35400,0,695084,T,JLEWIS5,,5,SAMPLE SET - EXOTICS,0,0
2026-08-22,GCSETEX-1724,SAMPLE SET - EXOTICS,1.00,175.35400,0,695084,T,JLEWIS5,,5,SAMPLE SET - EXOTICS,0,0
2026-08-22,GCSETII-1724,SAMPLE SET - GII DIST.,-1.00,161.93000,0,695084,T,JLEWIS5,,5,SAMPLE SET - GII DIST.,0,0
2026-08-22,GCSETII-1724,SAMPLE SET - GII DIST.,1.00,161.93000,0,695084,T,JLEWIS5,,5,SAMPLE SET - GII DIST.,0,0
2026-08-22,GCSETSS-1724,SAMPLE SET - GII SMOOTH,-1.00,115.42000,0,695084,T,JLEWIS5,,5,SAMPLE SET - GII SMOOTH,0,0
2026-08-22,GCSETSS-1724,SAMPLE SET - GII SMOOTH,1.00,115.42000,0,695084,T,JLEWIS5,,5,SAMPLE SET - GII SMOOTH,0,0
2026-08-24,GCSETBH-2828,SAMPLE SET - BEVERLY HILLS,-2.00,204.19700,0,695665,T,ERODRIGUE8,,5,SAMPLE SET - BEVERLY HILLS,0,0
2026-08-24,GCSETBH-2828,SAMPLE SET - BEVERLY HILLS,2.00,204.19700,0,695665,T,ERODRIGUE8,,5,SAMPLE SET - BEVERLY HILLS,0,0
2026-08-24,GCSETLE-2628,SAMPLE SET - LEGENDS,-1.00,561.31735,0,695605,T,,,5,SAMPLE SET - LEGENDS,0,0
2026-08-24,GCSETLE-2628,SAMPLE SET - LEGENDS,1.00,561.31735,0,695605,T,,,5,SAMPLE SET - LEGENDS,0,0
2026-08-24,GCSETNP-2228,SAMPLE SET - NEWPORT,-2.00,67.18500,0,695665,T,ERODRIGUE8,,5,SAMPLE SET - NEWPORT,0,0
2026-08-24,GCSETNP-2228,SAMPLE SET - NEWPORT,2.00,67.18500,0,695665,T,ERODRIGUE8,,5,SAMPLE SET - NEWPORT,0,0
2026-08-24,GCSETPS-2228,SAMPLE SET - PRIVATE SELECTION,-2.00,82.16000,0,695665,T,ERODRIGUE8,,5,SAMPLE SET - PRIVATE SELECTION,0,0
2026-08-24,GCSETPS-2228,SAMPLE SET - PRIVATE SELECTION,2.00,82.16000,0,695665,T,ERODRIGUE8,,5,SAMPLE SET - PRIVATE SELECTION,0,0
2026-08-25,GCSETLE-2628,SAMPLE SET - LEGENDS,-1.00,561.31735,0,695797,T,,,5,SAMPLE SET - LEGENDS,0,0
2026-08-25,GCSETLE-2628,SAMPLE SET - LEGENDS,1.00,561.31735,0,695797,T,,,5,SAMPLE SET - LEGENDS,0,0
2026-08-25,GCSETNP-2228,SAMPLE SET - NEWPORT,-1.00,67.18500,0,696186,T,,,5,SAMPLE SET - NEWPORT,0,0
2026-08-25,GCSETNP-2228,SAMPLE SET - NEWPORT,1.00,67.18500,0,696186,T,,,5,SAMPLE SET - NEWPORT,0,0
2026-08-26,GCSETCC-1724,SAMPLE SET - CAROLINA C.,-1.00,49.86800,0,696486,T,ERODRIGUE8,,5,SAMPLE SET - CAROLINA C.,0,0
2026-08-26,GCSETCC-1724,SAMPLE SET - CAROLINA C.,1.00,49.86800,0,696486,T,ERODRIGUE8,,5,SAMPLE SET - CAROLINA C.,0,0
2026-08-26,GCSETCVA-1724,SAMPLE SET - C.V AMERICA,-1.00,104.54043,0,696486,T,ERODRIGUE8,,5,SAMPLE SET - C.V AMERICA,0,0
2026-08-26,GCSETCVA-1724,SAMPLE SET - C.V AMERICA,1.00,104.54043,0,696486,T,ERODRIGUE8,,5,SAMPLE SET - C.V AMERICA,0,0
2026-08-26,GCSETEX-1724,SAMPLE SET - EXOTICS,-1.00,175.35400,0,696486,T,ERODRIGUE8,,5,SAMPLE SET - EXOTICS,0,0
2026-08-26,GCSETEX-1724,SAMPLE SET - EXOTICS,1.00,175.35400,0,696486,T,ERODRIGUE8,,5,SAMPLE SET - EXOTICS,0,0
2026-08-26,GCSETII-1724,SAMPLE SET - GII DIST.,-1.00,161.93000,0,696486,T,ERODRIGUE8,,5,SAMPLE SET - GII DIST.,0,0
2026-08-26,GCSETII-1724,SAMPLE SET - GII DIST.,1.00,161.93000,0,696486,T,ERODRIGUE8,,5,SAMPLE SET - GII DIST.,0,0
2026-08-26,GCSETSS-1724,SAMPLE SET - GII SMOOTH,-1.00,115.42000,0,696486,T,ERODRIGUE8,,5,SAMPLE SET - GII SMOOTH,0,0
2026-08-26,GCSETSS-1724,SAMPLE SET - GII SMOOTH,1.00,115.42000,0,696486,T,ERODRIGUE8,,5,SAMPLE SET - GII SMOOTH,0,0
2026-08-26,NONSTOCK,10-STEP LADDER ASSEMBLED,1.00,1470.69000,1090.00000,0,P,LMORENO,,,NON-STOCK ITEMS,0,0
