ITEM_NUMBER,DESCRIPTION,FAMILY_CODE,AVAIL_QTY,AVG_COST,DOLLARS_TIED_UP,HAD_PO_RECEIPT_24MO
MOBBMD387MUL4,1/2 X 4-1/2 1RE CRAFTSMAN BASE,MO,1673.0,4.2605,7127.81,1
MOTRO,"1"" X 11 3/4"" LAM. TREAD - W/O",MO,3847.0,12.3785,47620.08,1
GFLEO9502,"EURO OAK 9.5"" LA BELLE",EN,432.06,3.2824,1418.19,1
MOBBMD387MUL3,1/2 X 3-1/2 1RE CRAFTSMAN BASE,MO,1619.0,3.5406,5732.23,1
GFBHO9506,"EURO OAK 9.5"" WALDEN",EN,13416.6,3.6728,49276.48,1
GFALO9503S,"EURO OAK 9.5"" DOMA SELECT",EN,70923.04,6.7266,477070.92,1
MOBSPR300BFJ,1/2 x 3/4 BASE SHOE - PRIME,MO,113165.0,0.14,15843.1,1
SS3M1680,"3M 16"" #80 SANDING SCREEN",AB,151.0,3.3432,504.82,1
HTCR425,"TROWEL 1/4"" x 3/16"" (V)",HT,48.0,6.37,305.76,1
RH2SOSNB,"1/2 x 2"" SELECT W/O NESTED BND",SF,12625.0,3.7743,47650.53,1
UBST11921A,STANLEY 100 BLADE DISPENSER,MI,46.0,11.8862,546.76,1
GFLEO1003,"EURO OAK 10.25"" PARIA",EN,24211.29,3.7281,90262.11,1
FAPNC1141M,"POWERCLEATS 1-1/4"" - 1M - 18G",FA,469.0,8.8334,4142.86,1
SWPL200,STAIR WIZARD PROLINE II,HT,16.0,137.0692,2193.1,1
STDS131,QUICKCOAT STAIN EBONY,ST,173.0,15.7707,2728.33,1
MBGA10M,GARRISON 10ML MOISTURE BARRIER,UN,800.0,31.1963,24957.04,1
FCBOG65631,"BOSTIK,ULT.ADHES.REMOV. 32OZ",CS,0.0,0.0,0.0,1
RAFL5,FLANNEL RAGS 5LBS BOX,MI,148.0,8.2309,1218.17,1
APLB127,LOBA ROLLER EXTENSION POLE,MI,27.0,20.9626,565.99,1
APLB077,LOBA ROLLER HANDLE,MI,43.0,4.4662,192.04,1
WPCRBD18,COLOR RITE BD18 (5.5OZ),WP,64.0,8.01,512.64,1
GHCVO568USA,"WHITE OAK PRAIRIE WHEAT 5"" 3MM",EN,11171.25,3.9133,43716.45,1
STDS101,QUICKCOAT STAIN COUNTRY WHITE,ST,198.0,16.1476,3197.22,1
STDS108,QUICKCOAT STAIN ROYAL MAHOGANY,ST,51.0,17.27,880.77,1
DM3M8210D20DC,3M DRYWALL N95 PARTICULATE RES,MI,427.0,0.7274,310.59,1
UNGA010,G SOUND 10MM RUBBER UNDERLAY.,UN,3900.0,0.6926,2701.14,1
GVVN903,"6.5MM 9"" X 60"" - COPPER",VF,22.88,1.06,24.25,1
ES3M1005,3M EDGER SCREENS 7 X 5/16 100G,AB,110.0,1.0574,116.31,1
WPDSWO35,DURASEAL FILLER 3.5 GAL W/O,WP,31.0,66.8089,2071.07,1
WPCRBB05,COLOR RITE BB05 (5.5OZ),WP,59.0,8.01,472.59,1
ADSI106403,SIKA CONS ADHESI. 10OZ,AD,74.0,4.9716,367.89,1
ADSI174759,SIKABOND T35 (5 GAL),AD,8.0,118.4442,947.55,1
ADBOG626404G-,BOSTIK'S EFA 4 GAL,AD,429.0,93.9422,40301.2,1
ADDR605,605 M.C URETHANE ADHESIVE,AD,326.0,89.0,29014.0,1
GVVNRE908,REDUCER - LEXINGTON,MO,0.0,0.0,0.0,1
STDS130,QUICKCOAT STAIN EARLY AMERICAN,ST,65.0,16.6084,1079.54,1
ADOM9000,OMP 9000 HYBRID URETHANE ADHES,AD,638.0,98.3339,62737.02,1
GHCVO31438USA-33,"WHITE OAK NATURAL 3-1/4"" 3MM",EN,6930.0,3.9743,27541.89,1
RFPU14B744009,"PURDY WOOD PRO 9"" ROLLER FRAME",MI,43.0,11.6215,499.72,1
MORE12R,1/2 x 2 REDUCER - RED OAK,MO,3183.5,0.8183,2605.05,1
SS3M16120,"3M 16"" #120 SANDING SCREEN",AB,405.0,3.3306,1348.89,1
MOBBMD314MUL4,9/16 X 4-1/4 #620 BASE,MO,889.0,4.8176,4282.84,1
MOBBMD314MUL5,9/16 X 5-1/4 #618 BASE,MO,496.0,5.9702,2961.21,1
WPCRDD04,COLOR RITE DD04 (5.5OZ),WP,68.0,8.1769,556.02,1
BPNO94115,NORTON SANDDOLLAR PAD YELLOW,AB,209.0,6.9746,1457.69,1
MOBBMD311MUL,3/8 X 3-1/2 #711 BASE,MO,72.0,6.2554,450.38,1
HTCR420,"TROWEL 1/16""x1/16""x1/16"" (SQ)",HT,61.0,6.3567,387.75,1
GHNPO206,"EURO OAK 7.5"" PEB.BEACH (1/2"")",EN,7486.68,2.3494,17589.2,1
WPDSMA1,DURASEAL MAPLE PATCH 1 GAL,WP,28.0,25.3152,708.82,1
MORIW,3/4 x 7-1/4 RISER - WALNUT,MO,2334.5,9.604,22420.53,1
GVVNFNO905,FLUSH NOSING - ECLIPSE,MO,32.0,10.0,320.0,1
SCAWF22,"SCRAPER 1 1/2"" ALLWAYS NO.F22",HT,74.0,3.8891,287.79,1
SS3M16220,"3M 16"" #220 SANDING SCREEN",AB,195.0,2.3257,453.51,1
WPDSFRO1,DURASEAL R/O FILLER 1 GAL,WP,117.0,23.5688,2757.54,1
STDS172,QUICKCOAT STAIN CLASSIC GREY,ST,67.0,15.4862,1037.57,1
UNBLUE2,LAMINATE BLUE FOAM 2MM,UN,5.0,4.049,20.24,1
MPBC100565,10qt MICRO CLOTH FILTER (PACMU,MP,51.0,25.6007,1305.63,1
GHEXTI538,1/2 X 5 2MM TIGERWOOD NAT.,EN,13242.26,3.3399,44227.82,1
GCCBNO8H141,CB 8' NOSING VINTAGE,MO,8.0,20.05,160.4,1
FILBW012,LOBA EASYFINISH SATIN,FI,526.0,65.7892,34605.11,1
FIDSW80711,DURACLEAR FLAT/MAT FINISH,FI,68.0,52.3523,3559.95,1
FIDSW80111,DURASEAL FASTDRY SANDING SEAL,FI,30.0,37.4666,1123.99,1
FILB294,LOBA WS WHITENER 80 ML,FI,205.0,5.1092,1047.38,1
GHCVR31438USA-33,"RED OAK NATURAL 3-1/4"" 3MM",EN,20592.0,3.6734,75642.65,1
GHCVM538USA,"MAPLE NATURAL 5"" 3MM",EN,26156.25,3.9351,102927.45,1
ACNAMAW,"5MI WHITE MALLET, 45",AC,48.0,35.3443,1696.52,1
GFLEO7503,"EURO OAK 7.5"" CAFFE",EN,1259.28,2.9662,3735.27,1
WPCRBE01,COLOR RITE BE01 (5.5OZ),WP,101.0,8.01,809.01,1
BD3M16122,"3M 16 x 2"" 12 BUFFER DISC",AB,235.0,5.5974,1315.38,1
WPCRCB12,COLOR RITE CB12 (5.5OZ),WP,71.0,8.29,588.59,1
GHCVR538USA,"RED OAK NATURAL 5"" 3MM",EN,17550.0,3.6715,64434.82,1
WPCRDC14,COLOR RITE DC14 (5.5OZ),WP,61.0,8.01,488.61,1
GWPP21002,3050MM X605MM X21MM  N.OAK 2.0,WC,1480.0,2.3272,3444.25,1
EP3M03647,3M MAROON EDGER PAD 7 X 7/8,AB,91.0,1.4485,131.81,1
MOBBMD314MUL3,9/16 X 3-1/4 #623 BASE,MO,774.0,3.9285,3040.65,1
WPDSWOQ,DURASEAL W/O PATCH QT,WP,52.0,7.4565,387.73,1
HI3M5RQC1208,"3M 5"" X 8 HOLE HD HOOKIT 120G",AB,3123.0,0.4819,1504.97,1
RQ214SRSSP,3/4 X 2-1/4 SELECT RED OAK,SF,24405.81,2.7297,66620.53,1
GLIL806,"12MM 7.72"" X 48"" GLIMMER",LA,20.51,1.225,25.12,1
STLB368,LOBA STAIN DARK WALNUT,ST,0.0,17.5181,0.0,1
ACBUP809,"16"" ECONO PAD",AC,25.0,63.9982,1599.95,1
MORE12O,1/2 x 2 REDUCER - WHITE OAK,MO,3870.0,1.678,6493.86,1
MOQR34M,3/4 x 3/4 MAPLE QUARTER ROUND,MO,4786.5,0.4556,2180.72,1
SCCR375,CRAIN NO.375 BIG SCRAPER,HT,33.0,38.6893,1276.74,1
GVVNFNO903,FLUSH NOSING - COPPER,MO,91.0,10.0,910.0,1
BE3MH1236,3M BELT 11-7/8 X 31-1/2 36G,AB,227.0,14.4241,3274.27,1
WPCRCBO9,COLOR RITE CB09 (5.5OZ),WP,97.0,7.961,772.21,1
BE3MH1260,3M BELT 11-7/8 X 31-1/2 60G,AB,179.0,12.8411,2298.55,1
MOTMR58,5/8 x 2 T-MOULD - RED OAK,MO,2314.0,0.9303,2152.71,1
GVVNTM908,T-MOULDING - LEXINGTON,MO,43.0,4.0,172.0,1
GVVNRE910,REDUCER - NEBULA,MO,19.0,4.0,76.0,1
GCLENO8O7503,LEGENDS NOSING 8' CAFFE,MO,7.0,46.0,322.0,1
FIHAW6200G,RADIANCE OMW GLOSS 6200 H2O,FI,50.0,45.1427,2257.13,1
HTCR563,CRAIN TAPPING BLOCK NO.563,HT,37.0,12.72,470.64,1
FILBW288,VIVA SEMI GLOSS 1GAL,FI,78.0,48.9906,3821.26,1
TB200,BOX OF 200 TRASH BAGS,MI,211.0,41.8207,8824.16,1
TA3M8087CW,3M #8087CW CONST.SEAMING TAPE,TA,299.0,9.5547,2856.85,1
WB18WB,"18"" WOOD BLOCK",MI,24.0,4.236,101.66,1
BE3MH12100,3M BELT 11-7/8 X 31-1/2 100G,AB,236.0,12.3617,2917.36,1
MORE34O,3/4 X 2-1/4 REDUCER WHITE OAK,MO,2009.5,2.3483,4718.9,1
WPCRBA14,COLOR RITE BA14 (5.5OZ),WP,407.0,8.2005,3337.6,1
KP309,LEATHER KNEE PAD,MI,63.0,20.0319,1262.0,1
GVVNTM903,T-MOULDING - COPPER,MO,63.0,4.0,252.0,1
FAPNC112S,"POWERCLEATS 1-1/2"" - 1M - 16G",FA,348.0,9.3362,3248.99,1
GVVNTM902,T-MOULDING - COMET,MO,53.0,4.0,212.0,1
GFGLR9502,"OAK 9.5"" CHAMPAGNE",EN,1273.44,3.69,4698.99,1
GCSETLE-2628,SAMPLE SET - LEGENDS,SA,149.0,561.3785,83645.39,1
GCSETCVA-1724,SAMPLE SET - C.V AMERICA,SA,38.0,108.3572,4117.57,1
FIHAW6202G,RADIANCE OMW SATIN 6202 H2O,FI,162.0,46.2769,7496.85,1
WPCRCA18,COLOR RITE CA18 (5.5OZ),WP,79.0,8.0707,637.58,1
MOBBMD342MUL,9/16 X 6 #175 BASE,MO,44.0,16.0202,704.88,1
MOBBMD325MUL4,9/16 X 4-1/2 #175 BASE,MO,144.0,12.0887,1740.77,1
BE3MH1250,3M BELT 11-7/8 X 31-1/2 50G,AB,152.0,13.445,2043.64,1
BE3MG1250,3M BELT 11-7/8 X 29-1/2 50G,AB,189.0,11.6928,2209.93,1
GVVNFNO906,FLUSH NOSING - GALAXY,MO,11.0,10.0,110.0,1
GVVN908,"6.5MM 9"" X 60"" - LEXINGTON",VF,205.92,1.1111,228.79,1
GFALO7503S,"EURO OAK 7.5"" DOMA SELECT",EN,23109.8,5.4499,125946.09,1
GHCCM593,"MAPLE 5"" MONROE",EN,10787.5,2.2419,24184.49,1
STDS125,QUICKCOAT STAIN RED MAHOGANY,ST,103.0,17.0528,1756.43,1
SS3M16180,"3M 16"" #180 SANDING SCREEN",AB,326.0,3.06,997.56,1
FILBW002,LOBA UV PROTECT,FI,110.0,11.0463,1215.09,1
ACSWCR836,"CRAIN BLADE CARBIDE TIP 6-1/2""",MI,37.0,15.3229,566.94,1
GCBHNO8O07,BEV.HILLS NOSING ALPINE,MO,43.0,28.7212,1235.01,1
MORE34R,3/4 X 2-1/4 REDUCER - RED OAK,MO,2469.5,0.9939,2454.43,1
GCSETBH-2828,SAMPLE SET - BEVERLY HILLS,SA,157.0,205.8696,32321.52,1
MOTRR,"1"" X 11-3/4"" SOLID R/O TREAD",MO,2936.5,5.6806,16681.08,1
ADBO90122,BOSTIK GRIP N GRAB WHITE 9.5OZ,AD,60.0,5.7185,343.11,1
MOSL152R,1/4 X 1-3/4 BATTEN - RED OAK,MO,2634.0,0.5548,1461.34,1
FIHAW5000G,AQUA SEAL WB 6000  SEALER GAL,FI,16.0,30.26,484.16,1
GVVNFNO908,FLUSH NOSING - LEXINGTON,MO,4.0,10.0,40.0,1
ED3M165,3M EDGER DISC 7 X 5/16 16G RES,AB,1920.0,1.201,2305.92,1
DM3M8511,3M DUST MASK #8511,MI,1354.0,1.4631,1981.03,1
ADBOG641304G-,BOSTIK'S BEST 4 GALLON,AD,119.0,135.2448,16094.13,1
GNIIM577,"MAPLE 5"" SYRUP DISTRESSED",EN,4480.0,3.1053,13911.74,1
GHCCH588,"HICKORY 5"" BEAUFORT",EN,11016.3,2.1205,23360.06,1
GVVNFNO912,FLUSH NOSING - TWILIGHT,MO,2.0,10.0,20.0,1
FILBW261,LOBA EASYFILL PRO 1GAL,FI,33.0,45.1533,1490.05,1
MOCOMD314MUL4W,9/16 X 4-1/4 #620 CORNERS,MO,65.0,2.6649,173.21,1
SCCR350,"CRAIN SCRAPER 12"" NO.350",HT,44.0,8.6981,382.71,1
WPCRCA13,COLOR RITE CA13 (5.5OZ),WP,59.0,8.1238,479.3,1
KP252,TROXELL XL LEATHER KNEE PADS,MI,143.0,33.12,4736.16,1
ARLB116,LOBA ROLLER DELUXE 120,MI,52.0,8.094,420.88,1
GVWPCIITM904,T-MOULDING - WINDSWEPT SANDS,MO,49.0,4.0,196.0,1
GLILTM806,ILLUMIN8 T-MOLD GLIMMER,MO,36.0,3.7352,134.46,1
ED3M6607,3M EDGER DISC 6-7/8 X 7/8 60G,AB,475.0,0.5726,271.98,1
ACEDB60V,#60 O.M EDGER BAG W/VINYL SMAL,AC,37.0,15.9851,591.44,1
HTCR421,"TROWEL 1/16""x1/4""x1/16"" CRAIN",HT,63.0,5.5807,351.58,1
HI3M5RQC1008,"3M 5"" X 8 HOLE HD HOOKIT 100G",AB,2174.0,0.4826,1049.17,1
UNGA012,G SOUND 12MM RUBBER UNDERLAY.,UN,9180.0,0.9799,8995.48,1
GLILEC802,ILLUMIN8 END CAP BEAM,MO,29.0,3.755,108.89,1
MONO58O5S,5/8 X 5 SQUARE NOSING W/O 8'EA,MO,161.0,34.7654,5597.22,1
FASEBAX17,"SENCO BRADS 1-1/2"" AX17",FA,67.0,14.0335,940.24,1
GVVNRE909,REDUCER - LUNAR,MO,31.0,4.0,124.0,1
GVVN905,"6.5MM 9"" X 60"" - ECLIPSE",VF,45.76,1.14,52.16,1
MBBOG669004,BOSTIK MVP4 5 GALLON,CH,35.0,240.25,8408.75,1
HI3M5RQC808,"3M 5"" X 8 HOLE HD HOOKIT 80G",AB,2406.0,0.547,1316.08,1
ED3M807,3M EDGER DISC 7 X 7/8 80G REGA,AB,4645.0,0.5274,2449.77,1
DP3M1240,"3M DRUM PAPER 12"" 40G ROLL",AB,2.0,230.62,461.24,1
ACNAMASW,"#5 WHITE MALLET,SMALL 50-C",AC,25.0,32.42,810.5,1
FCWO511025A,WOCA SOAP NATURAL  2.5 LITER,CS,8.0,31.8787,255.02,1
FCSI503645,SIKABOND REMOVER 16 FL.OZ.,CS,184.0,13.041,2399.54,1
FIDSO560,DURASEAL QUICK DRY 1 QUART,FI,697.0,5.9011,4113.06,1
DM3M9205P,3M AURA N95 PARTICULATE RESP,MI,658.0,1.102,725.11,1
MOTROPC54,"1""X11-3/4"" LAM. TREAD-WO 54""",MO,258.0,58.1608,15005.48,1
BP3MRED16,"3M 16"" RED BUFFER PAD",AB,177.0,3.9577,700.51,1
GHEXA5147,1/2 X 5 ACACIA DIST. GOLD,EN,24893.99,2.9394,73173.39,1
PP5,PLASTIC PAIL (5 GAL),MI,44.0,6.25,275.0,1
BE3M880,3M BELT 7-7/8 X 29-1/2 80G,AB,242.0,7.1017,1718.61,1
GCSSNO8W23,SS 8' NOSING ANTIQUE,MO,6.0,42.45,254.7,1
GCALTMO8O05,AL 8' T-MOULD SELLA,MO,2.0,14.46,28.92,1
TPGM385000,TOUCH UP PEN KIT (3),MI,69.0,2.2229,153.38,1
MOST12,1/2 SLIP TONGUE - POPLAR,MO,13049.0,0.1399,1825.55,1
UN15LB,#15 FELT 432 SQ. FT.,UN,306.0,17.5129,5358.94,1
GLILTM803,ILLUMIN8 T-MOLD DUSK,MO,44.0,3.6587,160.98,1
MOQR34O,3/4 x 3/4 WHITE OAK QTR ROUND,MO,6620.5,0.4191,2774.65,1
FILBW015,LOBA EASYPRIME SEALER,FI,380.0,56.5882,21503.51,1
FIHAW6201G,RADIANCE OMW SEMI 6201 H2O,FI,88.0,45.113,3969.94,1
FCWO522073AA,WOCA MASTER CLR OIL NAT. 2.5L,CS,19.0,80.6106,1531.6,1
MAVACCP,CENO CYCLONE BACKPACK VACUUM,MA,39.0,342.5743,13360.39,1
GNVYO902,"EURO OAK 8-5/8"" CHABLIS",EN,1042.0,3.2137,3348.67,1
GLILTM804,ILLUMIN8 T-MOLD FLASH,MO,14.0,3.674,51.43,1
MOSC316O,3/16 x 3/4 SCRIBE WHITE OAK,MO,727.0,0.4394,319.44,1
GCBHTM8O06,BEV.HILLS T-MOULD WALDEN,MO,60.0,15.804,948.24,1
WPCRAB02,COLOR RITE AB02 (5.5OZ),WP,32.0,7.9253,253.6,1
WPDSRO1,DURASEAL R/O PATCH 1 GAL,WP,27.0,26.6485,719.5,1
GFALO7503,"EURO OAK 7.5"" DOMA",EN,39500.28,4.9227,194448.02,1
GCEXNO8A38,"EX. 1/2"" 8' NOSING ACACIA NAT.",MO,0.0,43.0,0.0,1
RQ214SRS-16,3/4 X 2-1/4 SEL.RED OAK 16.88,SF,118.16,2.8513,336.9,1
RATO10,TOWELS 10LBS BOX,MI,148.0,15.0525,2227.77,1
RATO5,TOWELS 5LB BOX,MI,144.0,8.1516,1173.83,1
RKDTRS1,DRITAC INJECTION KIT ENG,AD,2.0,65.48,130.96,1
WB16WB,"16"" WOOD BLOCK",MI,22.0,3.45,75.9,1
WPCRCB03,COLOR RITE CB03 (5.5OZ),WP,65.0,8.01,520.65,1
FIDSW80920,DURACLEAR MAX FLAT 2PARTS,FI,46.0,88.8053,4085.04,1
GVVN910,"6.5MM 9"" X 60"" - NEBULA",VF,91.52,1.13,103.41,1
SCCR360,CRAIN PRO STRIPPER NO.360,HT,40.0,13.8125,552.5,1
STDS185,QUICKCOAT STAIN AGED BARREL,ST,62.0,17.1983,1066.29,1
MOBBMD318MUL,9/16 X 4 CAPE COD BASE,MO,23.0,10.3698,238.5,1
GCIITM8W23,GII 8' T-MOULD ANTIQUE,MO,0.0,33.35,0.0,1
GVVNFNO909,FLUSH NOSING - LUNAR,MO,29.0,10.0,290.0,1
GNIIO513,"WHITE OAK 5"" AUTUMN DISTRESSED",EN,10815.0,2.7518,29760.71,1
ADSI505423,SIKA CONSTRUCTION ADHESI. 29OZ,AD,37.0,12.1606,449.94,1
BP3MMAR16S,"3M 16"" MAROON SURFACE PREP PAD",AB,236.0,5.9722,1409.43,1
STDS141,QUICKCOAT STAIN FRUITWOOD,ST,126.0,16.0592,2023.45,1
MORE12M,1/2 x 2 REDUCER - MAPLE,MO,2632.95,1.0564,2781.44,1
GCAL3SNO,"ALLORA 3"" SQUARE NOSING",MO,0.0,0.0,0.0,1
AB36RRP,AQUABAR B PAPER,UN,191.0,17.6139,3364.25,1
ED3M6407,3M EDGER DISC 6-7/8 X 7/8 40G,AB,742.0,0.6823,506.26,1
BP3MWHI16,"3M 16"" WHITE POLISH PAD",AB,479.0,3.9614,1897.51,1
GFLEPH501-L,5X24 HERRINGBONE CAFFE (L),EN,1303.9,2.6039,3395.22,1
GFLEPH501-R,5X24 HERRINGBONE CAFFE (R),EN,1935.79,2.6307,5092.48,1
GVVNTM909,T-MOULDING - LUNAR,MO,41.0,4.0,164.0,1
STLB042,LOBA STAIN MAHOGANY,ST,0.0,17.7611,0.0,1
FCBO13408,BONA PRO SERIES - SPRAY MOP,CS,14.0,37.1752,520.45,1
HTCR426,"TROWEL 1/4"" x1/4"" x1/4"" (SQ)",HT,43.0,6.37,273.91,1
RQ7SOS,3/4 x 7 W/O SQUARE EDGE,SF,2408.0,5.0067,12056.13,1
GLIL804,"12MM 7.72"" X 48"" FLASH",LA,328.16,1.3258,435.07,1
GCEXTM8A38,EXOTIC 8' T-MOULD ACACIA NAT,MO,6.0,34.0085,204.05,1
MBSI401521,SIKA MB MOISTURE BARRIER 2.64G,AD,168.0,215.8229,36258.24,1
GCNPTM8O207,NEWPORT 8' T-MOULD SHELL BEACH,MO,20.0,29.021,580.42,1
FIDSW83405,D.SEAL H20 VTF SPRAY SEMIGLOSS,FI,40.0,10.0504,402.01,1
UNBOD63168952,BOSTIK WEBCRETE 95-25LB BAGS,UN,86.0,14.4037,1238.71,1
GNSSH538,"HICKORY 5"" SMOOTH NATURAL",EN,24167.5,3.2181,77773.43,1
APDT7718,"DURATOOL 18"" LIGHTWEIGHT T-BAR",MI,29.0,17.45,506.05,1
BP3MWHDI16,"3M 16"" WHITE DRIVER PAD",AB,129.0,7.2087,929.92,1
ADWAFL017,WAKOL PU-280 MOISTURE BARRIER,AD,198.0,180.8059,35799.56,1
DP3M12100,"3M DRUM PAPER 12"" 100G ROLL",AB,2.0,155.12,310.24,1
WPCRAB19,COLOR RITE AB19 (5.5OZ),WP,64.0,8.1727,523.05,1
GFALPH405-R,4-3/4 X 23-5/8 HB SELLA (R),EN,3069.0,6.3635,19529.58,1
FIDSW80700,DURACLEAR GLOSS FINISH,FI,70.0,54.8031,3836.21,1
BE3MG12100,3M BELT 11-7/8 X 29-1/2 100G,AB,352.0,11.122,3914.94,1
GVVNTM910,T-MOULDING - NEBULA,MO,27.0,4.0,108.0,1
ARLP16,"16"" LAMB PAD",MI,33.0,7.4272,245.09,1
MOCOMD388MUL4W,1/2X4-1/2 1RE CRAFTSMAN CORNER,MO,229.0,2.6945,617.04,1
HI3M8RQC100,"3M 8"" HOOK & LOOP 100 GRIT",AB,1955.0,1.4373,2809.92,1
WPCRAB10,COLOR RITE AB10 (5.5OZ),WP,73.0,7.8352,571.96,1
FIWT63281,WATCO SPRAY CLEAR SATIN,FI,65.0,8.3009,539.55,1
LOFI268,LOBA BUCKET LINER BAGS (25PK),FI,28.0,6.1085,171.03,1
ADDO091488,DAP ALEX PLUS CAULK W/SILICONE,AD,374.0,2.432,909.56,1
GVWPCIIFNO904,FLUSH NOSING - WINDSWEPT SANDS,MO,33.0,10.0,330.0,1
FAAE5383P,"AEROSMITH NAILS 1-1/2""",FA,40.0,65.5951,2623.8,1
EP3M90545H1,3M HEARING PROT-BLUTH 90545H1,MI,11.0,51.4484,565.93,1
HI3M997554,"3M 16"" HOOKIT  36 GRIT NO HOLE",AB,178.0,5.4582,971.55,1
HTST10099,STANLEY UTILITY KNIFE,HT,58.0,3.6349,210.82,1
BRFB3,"3"" FOAM BRUSH",MI,84.0,0.2769,23.25,1
GFALPH405-L,4-3/4 X 23-5/8 HB SELLA (L),EN,2999.25,6.4085,19220.69,1
GHEXSM538,1/2 X 5 SANTOS MAHOGANY,EN,11495.26,3.6398,41840.44,1
STLB034,LOBA STAIN NEUTRAL,ST,31.0,17.6456,547.01,1
STDS135,QUICKCOAT STAIN CHERRY,ST,61.0,16.8494,1027.81,1
GLILRE806,ILLUMIN8 REDUCER GLIMMER,MO,35.0,3.1943,111.8,1
HTCR175,CRAIN TUCK KNIFE,HT,26.0,8.403,218.47,1
MOBS38PR,3/8 x 3/4 BASE SHOE - PRIME,MO,7644.0,0.2117,1618.23,1
WPCRCB19,COLOR RITE CB19 (5.5OZ),WP,70.0,8.039,562.73,1
GNIIM5171,"MAPLE 5"" LATTE DISTRESSED",EN,11531.5,3.1018,35768.4,1
GVVNRE906,REDUCER - GALAXY,MO,9.0,4.0,36.0,1
FPPEW34,3/4 WALNUT PEGS,MI,3771.0,0.1277,481.55,1
WPCRBD23,COLOR RITE BD23 (5.5OZ),WP,69.0,8.2952,572.36,1
TA3M79749,"3M #2080 BLUE TAPE 1-1/2""",TA,201.0,6.119,1229.91,1
ACSWM711008,10 X 5/8 MITER/SLIDE/TABLE SAW,MI,20.0,35.0879,701.75,1
MPAA960140,"SCREW,PAPER LOCK (SUPER 7)",MP,23.0,7.6182,175.21,1
GCIITM8M171,GII 8' T-MOULD LATTE,MO,17.0,30.147,512.49,1
GHEXA5146,1/2 X 5 ACACIA DIST. BRONZE,EN,21734.08,2.9527,64174.21,1
RQ214QOSSP,"3/4 x 2-1/4"" RIFT/QTR WHITE OA",SF,7107.25,4.2412,30143.26,1
HTGLFLEX40,"10"" FLEX-40 ADHESIVE 18/PK",HT,38.0,15.42,585.96,1
GCALTMO8O04,AL 8' T-MOULD LUNA,MO,1.0,21.3666,21.36,1
GHCCH590,"HICKORY 5"" SALEM",EN,10349.15,2.1616,22370.72,1
GVVNTM912,T-MOULDING - TWILIGHT,MO,35.0,4.0,140.0,1
UNGA002,G SOUND 2MM RUBBER UNDERLAY.,UN,17700.0,0.1831,3240.87,1
GFBHO9507,"EURO OAK 9.5"" ALPINE",EN,14121.54,3.311,46756.41,1
GLILRE801,ILLUMIN8 REDUCER AURORA,MO,45.0,3.663,164.83,1
HTCR856,CRAIN NO.856 REPLACEMENT BLADE,MI,27.0,8.5007,229.51,1
GVVNRE905,REDUCER - ECLIPSE,MO,32.0,4.0,128.0,1
ADDUCO4,DUVALL CORK ADHESIVE 4 GAL,AD,235.0,37.0732,8712.2,1
MORE34M,3/4 x 2-1/4 REDUCER - MAPLE,MO,2385.0,1.2147,2897.05,1
PP312,LARGE PLASTIC PAIL (3 1/2 GAL),MI,40.0,6.015,240.6,1
GFALO9504,"EURO OAK 9.5"" LUNA",EN,9575.59,5.0525,48380.66,1
WPWWCP158,WOODWISE PATCH WHITE OAK,WP,48.0,4.3334,208.0,1
GCBHNO8O06,BEV.HILLS NOSING WALDEN,MO,36.0,38.1777,1374.39,1
GLILRE804,ILLUMIN8 REDUCER FLASH,MO,33.0,3.6298,119.78,1
GFALO7504,"EURO OAK 7.5"" LUNA",EN,46530.32,4.664,217017.41,1
WPWW103,WOODWISE 3.5 RED OAK FULL TRW.,WP,46.0,77.4744,3563.82,1
MOBBMD118MUL4,9/16 X 4-1/4 COLONIAL BASE,MO,51.0,11.5416,588.62,1
GFALO9501,"EURO OAK 9.5"" ALTURA",EN,32914.56,4.7677,156926.74,1
UNPW34,3/4 CDX PLYWOOD (23/32),UN,893.0,29.4534,26301.88,1
BPLO137,"LOBA PERF. SANDING PAD 16"" 100",AB,93.0,9.6078,893.52,1
GCIITM8O13,GII 8' T-MOULD AUTUMN,MO,0.0,0.0,0.0,1
GCIINO8H02,GII 8' NOSING SIERRA,MO,18.0,55.5052,999.09,1
GHCVM538,"MAPLE NAT. ENG 5"" 2MM",EN,23590.0,3.59,84688.1,1
HTCR434,"TROWEL 4"" X 14"" FINISHING",HT,41.0,6.1585,252.49,1
GHNPO207,"EUR.OAK 7.5"" SHELL BEACH (1/2""",EN,23711.96,2.1915,51964.76,1
GHEXPR538,1/2 X 5 PATAGONIAN ROSEWOOD,EN,29279.72,3.3276,97431.19,1
ACSASC26G,INSULATOR GREEN,MI,28.0,2.9132,81.56,1
WPCRBA17,COLOR RITE BA17 (5.5OZ),WP,160.0,8.1104,1297.66,1
GCPSTM8O06,PS 8' T-MOULDING GOBI,MO,2.0,18.0,36.0,1
APLP18,"18"" APPLICATOR WITH LAMB PAD",MI,50.0,12.59,629.5,1
GFALO9504S,"EURO OAK 9.5"" LUNA SELECT",EN,23975.71,6.1064,146405.27,1
GVVNFNO904,FLUSH NOSING - COSMOS,MO,10.0,10.0,100.0,1
FCLB009,LOBA REMOVER,CS,103.0,8.67,893.01,1
GVVNFNO911,FLUSH NOSING - STARDUST,MO,62.0,10.0,620.0,1
BRTA112,"1-1/2"" THROWAWAY BRUSH",MI,77.0,0.37,28.49,1
HTCR855,WOOD MITER TOOL #855,MI,26.0,30.641,796.66,1
BE3MH1240,3M BELT 11-7/8 X 31-1/2 40G,AB,197.0,14.2218,2801.69,1
EP3M09153,3M WHITE EDGER PAD 7 X 7/8,AB,308.0,1.4849,457.34,1
FIBOW1306,BONA MEGA SATIN,FI,276.0,78.2651,21601.16,1
HI3M5RQC805,"3M 5"" X 5 HOLE HD HOOKIT 80G",AB,4444.0,0.5492,2440.64,1
BRFB2,"2"" FOAM BRUSH",MI,158.0,0.2018,31.88,1
MOTRM,1 X 11-3/4 TREAD - MAPLE,MO,2201.5,7.6149,16764.2,1
STDS133,QUICKCOAT STAIN ENGLISH CHESTN,ST,29.0,14.7763,428.51,1
STLB371,LOBA STAIN FRUITWOOD,ST,19.0,16.4676,312.88,1
ARLP10,"10"" LAMB PAD",MI,42.0,4.4464,186.74,1
GFALO9505,"EURO OAK 9.5"" SELLA",EN,27232.88,4.827,131453.11,1
GCSETCB-1724,SAMPLE SET - COMP. BUSTER,SA,22.0,84.8731,1867.2,1
WPCRCC12,COLOR RITE CC12 (5.5OZ),WP,74.0,8.1916,606.17,1
RH112QRSNB-24,"1/2 x 1 1/2"" R&Q R/O NESTED",SF,696.0,3.89,2707.44,1
BE3MG12120,3M BELT 11-7/8 X 29-1/2 120G,AB,31.0,12.3487,382.8,1
HTGLFLEX180,"10"" FLEX-180 ADHESIVE 18/PK",HT,43.0,19.3844,833.52,1
PFSHSOSF,SHEOGA SPECIAL ORDER (SF),SF,29.0,11.0349,320.01,1
MOCV1234O,1/2 X 3/4 WHITE OAK COVE,MO,2751.0,0.3839,1056.1,1
MORE12OLR,1/2X2-1/2 OVERLAP REDUCER R/O,MO,1234.0,1.2911,1593.21,1
GCSSNO8H51,SS 8' NOSING CHATEAU,MO,1.0,16.95,16.95,1
HTCR424,"TROWEL 3/32""x3/32""x3/32"" (V)",HT,47.0,6.2753,294.93,1
HI3M8RQC120,"3M 8"" HOOK & LOOP 120 GRIT",AB,1999.0,1.4319,2862.36,1
MONO34R,3/4 x 3 1/2 NOSING - RED OAK,MO,2096.5,1.8886,3959.44,1
GFLEO9501,"EURO OAK 9.5"" BRESCIA",EN,17532.54,4.0788,71511.72,1
RQ3SOS,3/4 x 3 W/O SEL SQUARE EDGE,SF,4840.0,4.6485,22498.74,1
WPDSMAQ,DURASEAL MAPLE PATCH QT,WP,42.0,7.8091,327.98,1
FAPN2005,"POWERNAIL STAPLES 2"" 5M",FA,27.0,33.1192,894.21,1
UNBOD00130,BOSTIK ULTRAFINISH PRO,UN,82.0,13.1384,1077.34,1
UNSI515280,SIKA LEVEL 325 SELF-LEVELING,UN,306.0,21.7336,6650.48,1
MOTMM58,5/8 x 2 T-MOULD - MAPLE,MO,2990.0,1.3062,3905.53,1
FIBOW400618,BONA TRAFFIC GO SATIN,FI,20.0,139.1901,2783.8,1
ADLN90210,LIQUID NAILS 10 OZ TUBE 24 PER,AD,85.0,3.7901,322.15,1
GCCVNO8OH38,"C.V 1/2"" 8' NOSING W/O NATURAL",MO,1.0,26.25,26.25,1
GCPSNO8O02,PS 8' NOSING MESA,MO,0.0,0.0,0.0,1
STLB202,LOBA STAIN WEATHERED OAK,ST,28.0,16.5993,464.78,1
GFALPH403-L,4-3/4 X 23-5/8 HB DOMA (L),EN,1356.25,5.9588,8081.62,1
FIBOW1303,BONA MEGA SEMI-GLOSS,FI,115.0,78.1236,8984.21,1
GCIINO8M171,GII 8' NOSING LATTE,MO,21.0,55.6042,1167.68,1
ED3M1507,3M EDGER DISC 7 X 7/8 150 REGA,AB,542.0,0.5066,274.57,1
GFDBO7187,"EURO OAK 5/8 X 7.5"" GABRIELLE",EN,23.31,3.29,76.68,1
GFALPH403-R,4-3/4 X 23-5/8 HB DOMA (R),EN,1271.0,5.9546,7568.29,1
GCBHTM8O05,BEV.HILLS T-MOULD RODEO DRIVE,MO,112.0,18.0397,2020.44,1
WPCRBB15,COLOR RITE BB15 (5.5OZ),WP,144.0,7.8755,1134.07,1
ADBOG68250,BOSTIK'S GREENFORCE 4GAL,AD,155.0,124.339,19272.54,1
FAPNC11420,"POWERCLEATS 1-1/4"" - 1M - 20G",FA,42.0,10.5125,441.52,1
WPCRBC17,COLOR RITE BC17 (5.5OZ),WP,54.0,8.1062,437.73,1
FCWO511210A,WOCA OIL REFRESHER NATURAL 1L,CS,15.0,29.7565,446.34,1
UNSI582499,SIKA LEVEL SKIM COAT (10LB),UN,65.0,11.9893,779.3,1
GCNPNO8O207,NEWPORT 8' NOSING SHELL BEACH,MO,4.0,52.6482,210.59,1
GCNPTM8O208,NEWPORT 8' T-MOULD ZUMA BEACH,MO,49.0,16.376,802.42,1
GHCCM592,"MAPLE 5"" DURHAM",EN,10430.0,2.2351,23312.09,1
FIDSO83305,D.SEAL OIL VTF SPRAY SEMI GLOS,FI,47.0,10.5817,497.33,1
WPCRDE10,COLOR RITE DE10 (5.5OZ),WP,44.0,7.9445,349.55,1
FIBOW400918,BONA TRAFFIC GO EXTRA MATTE,FI,26.0,139.1869,3618.85,1
ARPU350660,"PURDY 9"" WHITE DOVE 1/4"" NAP",MI,91.0,3.8652,351.73,1
ACEDB50,"EDGER BAG,LARGE,#50,OMP",AC,33.0,15.3534,506.66,1
EP3M03189,3M SURFACE PREP PAD SPP8,AB,130.0,2.1403,278.23,1
MOCOMD388MUL5W,1/2X5-1/2 1RE CRAFTSMAN CORNER,MO,211.0,3.1045,655.04,1
MONO12W,1/2 x 3 1/2 NOSING - WALNUT,MO,1695.5,5.7918,9819.99,1
PP450,PLASTIC TRAY,MI,24.0,9.9583,238.99,1
MONO58O3S,5/8 X 3 SQUARE NOSING W/O 8'EA,MO,159.0,23.6,3752.4,1
ED3M6507,3M EDGER DISC 6-7/8 X 7/8 50G,AB,625.0,0.7056,441.0,1
WPWWCP138,WOODWISE PATCH MAPLE-ASH-PINE,WP,29.0,3.8318,111.12,1
STDS145,QUICKCOAT STAIN GOLDEN PECAN,ST,77.0,17.0124,1309.95,1
HI3M8RQC80,"3M 8"" HOOK & LOOP 80 GRIT",AB,2005.0,1.5269,3061.43,1
BELO8Z016,"LOBA ZIRCONIA BELT 8"" P40",AB,103.0,5.7957,596.95,1
GVVN902,"6.5MM 9"" X 60"" - COMET",VF,0.0,0.0,0.0,1
DAPCG537043,"DAP CAULKING GUN SKELETON 9""",HT,34.0,5.212,177.2,1
RQ6SOS,3/4 x 6 W/O SQUARE EDGE,SF,0.0,0.0,0.0,1
RQ214SOSSP,3/4 x 2-1/4 SEL/BTR WHITE OAK,SF,27084.08,3.1275,84705.46,1
GNIIM506,"MAPLE 5"" CHESTNUT DISTRESSED",EN,12285.52,3.1096,38203.05,1
MOCAMD120MUL,9/16 X 2 1/4 2RE CASING MDF,MO,828.0,2.9944,2479.36,1
GNSSM577,"MAPLE 5"" SMOOTH SYRUP",EN,16835.0,2.9912,50356.85,1
ED3M245,3M EDGER DISC 7 X 5/16 24G RES,AB,2040.0,0.9832,2005.72,1
SBAW22B,"ALLWAYS SCRAPER BLADE 1-1/2""",MI,50.0,2.04,102.0,1
FIBOW1339,BONA MEGA EXTRA MATTE,FI,85.0,78.2142,6648.2,1
UNM800100,GARRISON FLOOR PROTECTOR,UN,562.0,42.0321,23622.04,1
ACSAB10L,#10 O.M SANDER BAG LARGE,AC,45.0,16.5019,742.58,1
FCWO551510A,WOCA WOOD CLEANER 1L.,CS,42.0,23.6435,993.02,1
GFBHO9509,"EURO OAK 9.5"" ROXBURY",EN,523.02,3.3569,1755.72,1
ARWP3161,"16"" YELLOW DURAFOAM REFILL",MI,109.0,3.3351,363.52,1
WPCRDD09,COLOR RITE DD09 (5.5OZ),WP,63.0,8.01,504.63,1
GCEXNO8B38,"EXOTIC 1/2"" 8' NOSING BRZ/CHRY",MO,7.0,29.95,209.65,1
WPWWCP608,WOODWISE PATCH WALNUT,WP,37.0,4.4028,162.9,1
HTCR673-14,"14"" WOOD CUTTER",MI,13.0,270.4338,3515.63,1
FIDSW80910,DURACLEAR MAX SATIN 2PARTS,FI,63.0,78.6495,4954.91,1
STDS140,QUICKCOAT STAIN COLONIAL MAPLE,ST,40.0,16.8727,674.9,1
RKDTRS8,DRITAC REPAIR ADHESIVE 1 GAL,AD,16.0,82.3867,1318.18,1
BRFB4,"4"" FOAM BRUSH",MI,86.0,0.3494,30.04,1
WPCRBD25,COLOR RITE BD25 (5.5OZ),WP,94.0,8.01,752.94,1
GCALNOO8O05,AL 8' NOSING SELLA,MO,20.0,33.4729,669.45,1
BELO8Z017,"LOBA ZIRCONIA BELT 8"" P60",AB,121.0,4.6297,560.19,1
FCLOMA042,LOBA UNIV. CLEANER CONCE 16OZ,CS,55.0,4.9319,271.25,1
MOCOMD314MUL5W,9/16 X 5-1/4 #618 CORNERS,MO,123.0,2.983,366.9,1
HTPKA112,"ALLWAYS 1-1/2"" PUTTY KNIFE",HT,58.0,2.1576,125.14,1
HTGLSL221,"FEIN 2"" LONG LIFE BLADE",HT,102.0,7.7378,789.25,1
GFLEO9505,"EURO OAK 9.5"" VERONA",EN,16350.06,3.6446,59589.42,1
GLILRE808,ILLUMIN8 REDUCER SPARK,MO,12.0,3.674,44.08,1
STLB043,LOBA STAIN SEDONA RED,ST,56.0,17.5819,984.58,1
AB3M86395,"3M P150 5"" HOOKIT DISC (50PK)",AB,53.0,10.6698,565.49,1
FIBOW3006,BONA MEGA ONE SATIN,FI,89.0,86.4717,7695.98,1
STDS123,QUICKCOAT STAIN COFFEE BROWN,ST,166.0,14.9099,2475.04,1
PP2L,SMALL PAIL LID (2 GAL),MI,33.0,0.9863,32.54,1
WPWWCP308,WOODWISE PATCH RED OAK,WP,30.0,4.0387,121.16,1
ED3M127,3M EDGER DISC 7 X 7/8 12G RESI,AB,2861.0,1.2224,3497.28,1
GNPSO85805,"EURO OAK 8-5/8"" SAHARA",EN,18972.0,3.2886,62391.31,1
GFALO7501,"EURO OAK 7.5"" ALTURA",EN,39403.18,4.7523,187255.73,1
SS3M1660,"3M 16"" #60 SANDING SCREEN",AB,212.0,5.3304,1130.04,1
KP197,CRAIN COMFORT KNEES KNEE PADS,MI,32.0,33.1763,1061.64,1
WPCRCA19,COLOR RITE CA19 (5.5OZ),WP,54.0,8.1344,439.25,1
ARWP3121,"12"" YELLOW DURAFOAM REFILL",MI,89.0,2.3803,211.84,1
MOBBMD330MUL,9/16 X 5 NEWPORT BASE,MO,150.0,8.3438,1251.57,1
RH21RS,"1/2 X 2 "" #1 R/O NESTED",SF,1700.0,1.9534,3320.78,1
HI3M997561,"3M 16"" HOOKIT 60 GRIT NO HOLE",AB,144.0,4.2838,616.86,1
STDS199,QUICKCOAT STAIN TRUE BLACK,ST,64.0,16.6082,1062.92,1
MBBO619741,BOSTIK ROLL-COTE 1-GAL,CH,62.0,56.054,3475.34,1
FIDSW83410,D.SEAL H20 VTF SPRAY SATIN,FI,45.0,10.0688,453.09,1
ACSWCR822,"CRAIN DIAMOND BLADE 6 1/2""",MI,33.0,37.2842,1230.37,1
BPNO94114,NORTON SANDDOLLAR PAD RED,AB,248.0,7.0774,1755.19,1
BRCR337,"CRAIN 12"" DUSTER BRUSH",MI,28.0,10.2607,287.29,1
MPAD13200A,EDGER PAD (B2),MP,16.0,68.6718,1098.74,1
GHNPO201,"EURO OAK 7.5"" DEL MAR (1/2"")",EN,24812.62,2.3511,58336.95,1
MOSL152O,1/4 X 1-3/4 BATTEN - WHITE OAK,MO,4279.0,1.2299,5262.74,1
GLIL802,"12MM 7.72"" X 48"" BEAM",LA,82.04,1.3257,108.76,1
RT112SOS,"3/8 x 1-1/2"" SELECT W/O BF",SF,1330.05,3.8474,5117.23,1
RQ5FMS,3/4 X 5 1ST MAPLE SE RL EM,SF,2435.44,5.6666,13800.66,1
GHCVO31468USA-33,"WHITE OAK PR.WHEAT 3-1/4"" 3MM",EN,13101.0,3.9906,52280.85,1
SS3M16100,"3M 16"" #100 SANDING SCREEN",AB,863.0,3.7576,3242.8,1
BD3M161002,"3M 16 x 2"" 100 BUFFER DISC",AB,111.0,2.6573,294.96,1
FIDSW80900,DURACLEAR MAX GLOSS 2PARTS,FI,30.0,103.124,3093.72,1
FCWO511010A,WOCA SOAP NATURAL 1LTR,CS,37.0,21.5008,795.52,1
FIDSW80710,DURACLEAR SATIN FINISH,FI,166.0,47.1515,7827.14,1
MOCV1234R,1/2 X 3/4 RED OAK COVE,MO,3468.0,0.3297,1143.39,1
UNPW38,3/8 PLYWOOD,UN,460.0,16.232,7466.72,1
GNSSM506,"MAPLE 5"" SMOOTH CHESTNUT",EN,26600.0,2.9898,79528.68,1
FIDSW80610,DURA SEAL H2O POLY - SATIN,FI,169.0,38.9785,6587.36,1
MONO34R5,3/4 X 5 1/2 NOSING - RED OAK,MO,1224.0,2.6714,3269.79,1
GHNPO200,"EURO OAK 7.5"" CARMEL (1/2"")",EN,15802.92,2.3135,36560.05,1
GCIITM8M77,GII 8' T-MOULD SYRUP,MO,0.0,31.0,0.0,1
WPDS224,DURASEAL PUTTY MAPLE ASH PINE,WP,37.0,4.9218,182.1,1
BE3M836,3M BELT 7-7/8 X 29-1/2 36G,AB,202.0,7.762,1567.92,1
ADFR5066,TITEBOND WOOD GLUE GAL #5066,AD,38.0,16.6306,631.96,1
MOCOPR300B,1/2 X 3/4 BASE SHOE CORNER,MO,167.0,1.098,183.36,1
MOCOMD329MULW,9/16 X 3-7/8 NEWPORT CORNERS,MO,27.0,1.928,52.05,1
WPCRBA13,COLOR RITE BA13 (5.5OZ),WP,103.0,8.2709,851.9,1
GCEXTM8A147,EXOTIC 8' T-MOULD ACACIA GOLD,MO,3.0,30.25,90.75,1
MONO12R,1/2 x 3-1/2 NOSING - RED OAK,MO,2094.0,1.905,3989.07,1
HTCR560,KNUCKLE HEAD PULL BAR NO.560,HT,40.0,16.07,642.8,1
RH2QOSNB-20,"1/2 x 2"" RIFT/OTR W/O NESTED",SF,3400.0,4.2879,14578.86,1
GCSETCV-1724,SAMPLE SET - C.V.,SA,0.0,0.0,0.0,1
MPAD40583A,BRUSHES (B2+) WITH WIRE SET/2,MP,42.0,6.5301,274.26,1
ADWAFL112,WAKOL MS-262 20 OZ.,AD,180.0,6.6408,1195.34,1
GNPSO85802,"EURO OAK 8-5/8"" MESA",EN,26350.0,3.1834,83882.59,1
HTCR285,NO.285 LVT/LVP SCORING KNIFE,MI,27.0,12.1407,327.79,1
UNWAFL167,WAKOL Z-631 LEVELING COMPOUND,AD,144.0,21.0686,3033.87,1
FAPN200,"POWERNAIL STAPLES 2"" 7.7M",FA,22.0,47.8072,1051.75,1
STDS183,QUICKCOAT STAIN WARM GRAY,ST,44.0,16.6379,732.06,1
GWPP21006,3050MM X 605MM X 21MM MIDNIGHT,WC,200.0,2.6781,535.62,1
TA3M02993,"3M #2040 MASKING TAPE 1-1/2""",TA,208.0,4.96,1031.68,1
MOTROPC42,"1""X11-3/4"" LAM. TREAD-WO 42""",MO,213.0,45.5926,9711.22,1
GCSSNO8W38,SS 8' NOSING WALNUT NATURAL,MO,3.0,24.1153,72.34,1
FILBW001,LOBA WS AMBERIZER,FI,113.0,5.3051,599.47,1
FIDSW80011,DURACLEAR SEALER,FI,48.0,38.2896,1837.9,1
GHCVM31438,"MAPLE NAT. ENG 3-1/4"" 2MM",EN,9296.0,2.6903,25009.02,1
GVVN909,"6.5MM 9"" X 60"" - LUNAR",VF,0.0,0.0,0.0,1
MOTMFO,5/8 X 2 X 8' T-MOULD WHITE OAK,MO,464.0,12.1225,5624.84,1
FAPNC2S,"POWERCLEATS 2"" - 1M - 16G",FA,549.0,9.4433,5184.37,1
WPWW204,WOODWISE WOOD PATCH QT,WP,35.0,7.125,249.37,1
GFDBO7193,"EURO OAK 5/8 X 7.5"" EVELIEN",EN,606.26,3.6607,2219.33,1
WPWW203,WOODWISE 3.5 MAPLE FULL TROWEL,WP,29.0,77.6023,2250.46,1
GNIIH502,"HICKORY 5"" SIERRA DISTRESSED",EN,19250.0,3.3035,63592.37,1
FIBOW2506,BONA NORDICSEAL,FI,63.0,65.8583,4149.07,1
RKDTRS2,DRITAC REPAIR ADHESIVE 1QT,AD,12.0,26.3062,315.67,1
GHNPO211,"EURO OAK 7.5"" MANHATTAN BEACH",EN,2238.72,2.2025,4930.78,1
STDS184,QUICKCOAT STAIN DARK GRAY,ST,80.0,16.704,1336.32,1
GCIINO8M08,GII 8' NOSING ESPRESSO,MO,5.0,28.15,140.75,1
ETCBB517,3/8 X 5 DIST BIRCH HARVEST,EN,0.0,2.0,0.0,1
UNBERB2MF,BEIGE RUBBER UNDERLAY W/FOIL2M,UN,12.0,13.2908,159.48,1
GLILRE803,ILLUMIN8 REDUCER DUSK,MO,35.0,3.6708,128.47,1
FIDSW99412,MASTERLINE WATERBASE SEMIGLOSS,FI,60.0,33.9175,2035.05,1
ED3M247,3M EDGER DISC 7 x 7/8 24G RESI,AB,1765.0,1.0284,1815.12,1
RQ314SOSSP,3/4 x 3-1/4 SEL/BTR WHITE OAK,SF,9953.43,3.1126,30981.04,1
ACCEKA1296,"SHREDDER DISC 16""",AC,32.0,107.1005,3427.21,1
GNIIH538,"HICKORY 5"" NATURAL DISTRESSED",EN,21175.0,3.3007,69892.32,1
GLILFNO802,ILLUMIN8 FLUSH NOSING BEAM,MO,77.0,10.151,781.62,1
GFGLR9501,"OAK 9.5"" CASHMERE",EN,21011.76,3.69,77533.39,1
UNSI649187,SIKA LEVEL 025 PATCH,UN,217.0,9.9986,2169.69,1
WPWWFT201,WOODWISE FULL TROWEL FILLER,WP,40.0,23.458,938.32,1
RQ112SOSNB,"3/4 x 1 1/2"" SELECT W/O NESTED",SF,70.0,4.4298,310.08,1
BELO8C023,"LOBA CERAMIC BELT 8"" P60",AB,80.0,6.3563,508.5,1
GFLEO9503,"EURO OAK 9.5"" MONZA",EN,18396.66,3.3817,62211.98,1
ACVAEA70131P,WAND ASSEMBLY 2 PIECE #VA454,MP,34.0,61.5274,2091.93,1
MPAD40900A,BRUSHES (B2) NO WIRE SET/2,MP,36.0,5.3461,192.45,1
ACVAVA513R,NYLON BRUSH REPLACEMENT,MP,24.0,20.3779,489.06,1
ARLP14,"14"" LAMB PAD",MI,37.0,6.6648,246.59,1
FIBOW1006,BONA CLEARSEAL,FI,157.0,66.2306,10398.2,1
MOBBMD307MUL,9/16 X 3-1/2 BULLNOSE BASE,MO,5.0,10.6508,53.25,1
STLB369,LOBA STAIN DARK GREY,ST,5.0,17.4403,87.2,1
GFBHO9502,"EURO OAK 9.5"" CANON",EN,1114.26,3.3505,3733.32,1
ED3M365,3M EDGER DISC 7 X 5/16 36G REG,AB,4296.0,0.7822,3360.33,1
GCEXTM8A146,EXOTIC 8' T-MOULD ACACIA BRONZ,MO,0.0,0.0,0.0,1
WPCRCD09,COLOR RITE CD09 (5.5OZ),WP,83.0,7.9868,662.9,1
GLIL801,"12MM 7.72"" X 48"" AURORA",LA,779.38,1.2459,971.02,1
ACNAMAW16,STANLEY WHT RUBBER MALLET 16,AC,43.0,5.689,244.62,1
MONONM,9/16 X 3-1/2 X 8' NOSING MAPLE,MO,200.0,19.6327,3926.54,1
GCEXNO8T38,"EXOTIC 1/2"" 8' NOSING TIGERWOO",MO,5.0,24.108,120.54,1
RAFL50,FLANNEL RAGS 50LBS BOX,MI,26.0,65.6928,1708.01,1
MANA445LS,NAILER NO.445 LS POWERNAILER,MA,6.0,416.4885,2498.93,1
WPCRAE10,COLOR RITE AE10 (5.5OZ),WP,599.0,8.151,4882.44,1
MOTMO58,5/8 x 2 T-MOULD - WHITE OAK,MO,2578.0,1.7777,4582.91,1
GFALO7502,"EURO OAK 7.5"" ARIA",EN,26197.58,4.4456,116463.96,1
SCAWCBS10,"SCRAPER 1"" ALLWAYS NO.CBS10",HT,70.0,6.1085,427.59,1
STDS121,QUICKCOAT STAIN GOLDEN BROWN,ST,183.0,16.8933,3091.47,1
GHCCH589,"HICKORY 5"" CHARLOTTE",EN,16169.95,2.1268,34390.24,1
WPCA20096M,6' WOOD POLE METAL TIP,MI,26.0,5.1617,134.2,1
GCIITM8H51,GII 8' T-MOULD CHATEAU,MO,0.0,0.0,0.0,1
MB612C,12 x 100 6 MILL PLASTIC ROLL,UN,33.0,41.6466,1374.33,1
STDS181,QUICKCOAT STAIN SILVERED GRAY,ST,69.0,15.1378,1044.5,1
BRTA1,"1"" THROWAWAY",MI,282.0,0.1954,55.1,1
FILBW159,LOBA 2K SUPRA A.T.SEMI-GLOSS,FI,16.0,121.5084,1944.13,1
BPNO94109,NORTON SANDDOLLAR PAD BLUE,AB,33.0,7.0738,233.43,1
FIDSO83310,D.SEAL OIL VTF SPRAY SATIN,FI,48.0,10.6667,512.0,1
FAPNC134181M,"POWERCLEATS 1-3/4"" - 1M - 18G",FA,653.0,8.8519,5780.29,1
ARLP18,"18"" LAMB PAD",MI,40.0,8.0292,321.16,1
GCIIRE8H51,GII 8' REDUCER CHATEAU,MO,12.0,15.0,180.0,1
GNPSO85806,"EURO OAK 8-5/8"" GOBI",EN,4960.0,3.1678,15712.28,1
BE3M840,3M BELT 7-7/8 X 29-1/2 40G,AB,227.0,7.6066,1726.69,1
RQ314SDS,3/4 x 3 1/4 DOUGLAS FIR,SF,6129.18,4.0643,24910.82,1
UNWHITE3,LAMINATE WHITE FOAM W/FOIL 3MM,UN,10.0,5.764,57.64,1
FILBW330,LOBA 2K DUO SATIN,FI,236.0,103.7801,24492.1,1
FILBW011,LOBA EASYFINISH GLOSS,FI,44.0,64.9254,2856.71,1
GCIITM8M06,GII 8' T-MOULD CHESTNUT,MO,16.0,27.6333,442.13,1
GCSETAL9-2828,"SAMPLE SET - 9.5"" ALLORA",SA,5.0,614.8447,3074.22,1
HTGLSL161,"FEIN 2-5/8"" LONG LIFE BLADE",HT,68.0,9.0421,614.86,1
FAPN1755,"POWERNAIL STAPLES 1-3/4"" 5M",FA,28.0,32.3959,907.08,1
WPCRAE21,COLOR RITE AE21 (5.5OZ),WP,82.0,7.9681,653.38,1
GCSETCC-1724,SAMPLE SET - CAROLINA C.,SA,46.0,49.8446,2292.85,1
GVVNRE904,REDUCER - COSMOS,MO,27.0,4.0,108.0,1
MOSC316M,3/16 x 3/4 SCRIBE MAPLE,MO,1324.5,0.2454,325.03,1
STDS111,QUICKCOAT STAIN PROVINCIAL,ST,75.0,16.2919,1221.89,1
MOTROS,"1""X11-3/4""SQUARE TREAD - W/O",MO,2672.95,12.6408,33788.22,1
UNBO618682,BOSTIK SL-GYP SELF-LEVELING,UN,194.0,33.61,6520.34,1
GCEXTM8S38,EXOTIC 8' T-MOULD SANTOS MAHOG,MO,5.0,21.7,108.5,1
WPCRCC11,COLOR RITE CC11 (5.5OZ),WP,40.0,8.01,320.4,1
ES3M1007,3M EDGER SCREENS 7 X 7/8 100G,AB,9.0,0.9285,8.35,1
MOCV1234M,1/2 X 3/4 MAPLE COVE,MO,3507.0,0.3911,1371.58,1
GFBHO9505,"EURO OAK 9.5"" RODEO DRIVE",EN,34951.38,3.6189,126485.54,1
ADWAFL049,WAKOL D-3045 SPECIAL PRIMER,AD,27.0,101.3567,2736.63,1
MASW575,CRAIN 575 MULTI UNDERCUT SAW,MA,13.0,225.0114,2925.14,1
HTPKA2,"ALLWAYS 2"" PUTTY KNIFE NO.X2F",HT,62.0,2.4313,150.74,1
MOBT58M,5/8 X 2 BABY TRESHOLD,MO,2001.5,1.049,2099.57,1
GCIIRE8M08,GII 8' REDUCER ESPRESSO,MO,9.0,38.2555,344.29,1
ETCBB5145,3/8 X 5 DIST BIRCH SPICE,EN,2310.0,2.0,4620.0,1
ACVAVP01011,GREEN VACUUM BAGS-(10 PACK),MP,179.0,9.4717,1695.43,1
ETCBH5141,3/8 X 5 DIST HICKORY VINTAGE,EN,4261.25,2.0825,8874.05,1
ACSASC26R,INSULATORS RED,MI,27.0,2.6279,70.95,1
GCCVBT8O68,CR.VAL 8' BABY T-HOLD PR.WHEAT,MO,0.0,0.0,0.0,1
FPWWFLT124,"WOODWISE 1"" PEEL & STICK",MI,22.0,2.1931,48.24,1
FCBO18174,BONA PRO SERIES HDWD CLEANER,CS,24.0,17.8606,428.65,1
WPWW604,WOODWISE WOOD PATCH QT,WP,60.0,7.4998,449.98,1
FASEFDA17,"SENCO FINISH NAILS 1-1/2"" DA17",FA,41.0,24.1482,990.07,1
GCIINO8O13,GII 8' NOSING AUTUMN,MO,0.0,34.5,0.0,1
SBST28290,"STANLEY SCRAPER BLADE 1-1/2""",MI,1157.0,1.6904,1955.79,1
GLILRE802,ILLUMIN8 REDUCER BEAM,MO,38.0,3.6476,138.6,1
HTST58112,"STANLEY NAIL SET 2/32""",HT,17.0,1.64,27.88,1
GFLEO7502,"EURO OAK 7.5"" BRIGITTE",EN,8231.96,3.0307,24948.6,1
GFBHO9503,"EURO OAK 9.5"" HILLCREST",EN,14849.22,3.5915,53330.97,1
BE3M1036,3M BELT 9-7/8 X 29-1/2 36G,AB,130.0,11.4742,1491.64,1
WPCRCA17,COLOR RITE CA17 (5.5OZ),WP,46.0,8.01,368.46,1
WPWW304,WOODWISE WOOD PATCH QT,WP,53.0,7.2869,386.2,1
GLILTM808,ILLUMIN8 T-MOLD SPARK,MO,43.0,3.815,164.04,1
RH2SRSNB,"1/2 x 2"" SELECT R/O NESTED BND",SF,29050.0,2.5614,74408.67,1
ADSI813119,SIKABOND 948 ADHESI. 10OZ,AD,209.0,5.6202,1174.62,1
GLILTM801,ILLUMIN8 T-MOLD AURORA,MO,71.0,4.0685,288.86,1
GVVN906,"6.5MM 9"" X 60"" - GALAXY",VF,68.64,1.0666,73.21,1
GVVN912,"6.5MM 9"" X 60"" - TWILIGHT",VF,205.92,1.19,245.04,1
FCLOMA043,LOBA UNIVERSAL SPRAY CLNR 16OZ,CS,49.0,4.6676,228.71,1
FCDS7106L,PASTE WAX NEUTRAL DURASEAL 6LB,CS,23.0,34.393,791.03,1
STLB036,LOBA STAIN EBONY,ST,0.0,17.4314,0.0,1
FILBW003,LOBA WS ARGO-DRY TIME RETARDER,FI,76.0,7.9067,600.9,1
WPWW701,WOODWISE WOOD PATCH 1 GAL,WP,28.0,22.3621,626.13,1
GFGLR9506,"OAK 9.5"" WHITE LOTUS",EN,613.98,3.6917,2266.62,1
FASEFDA19,"SENCO FINISH NAILS 1-3/4"" DA19",FA,61.0,28.0711,1712.33,1
WPDS220,DURASEAL PUTTY SEDONA RED,WP,51.0,4.3687,222.8,1
FIDSW80605,DURA SEAL H2O POLY - SEMIGLOSS,FI,59.0,43.0317,2538.87,1
APLB004,BEIGE BUFFER PAD - IMPACT OIL,MI,80.0,5.7011,456.08,1
GFALO7506,"EURO OAK 7.5"" STRADA",EN,11108.24,4.8578,53961.6,1
MOSL120P,1/2 X 3/4 FLEX SHOE PAINT GRAD,MO,226.0,2.6147,590.92,1
GCALSNO,ALLORA SQUARE NOSING,MO,6.0,58.2833,349.69,1
GCEXTM8PR38,EXOTIC 8' T-MOULD PATAGONIAN R,MO,3.0,30.9333,92.79,1
STLB200,LOBA STAIN CLASSIC GREY,ST,0.0,17.538,0.0,1
GLILQR808,ILLUMIN8 QUARTER ROUND SPARK,MO,5.0,2.11,10.55,1
MOCMMD406MUL,9/16 X 4-1/4 COLONIAL CROWN,MO,37.0,8.6428,319.78,1
GCCBTM8B06,CB 8' T-MOULD CHESTNUT,MO,6.0,15.16,90.96,1
ADWAFL088,WAKOL MS-260 ADHESIVE,AD,265.0,97.4933,25835.72,1
ADBOG69931,BOSTIK'S VAPOR LOCK 4 GALLON,AD,451.0,113.0273,50975.31,1
BELO8Z122,"LOBA ZIRCONIA BELT 8"" P50",AB,40.0,5.2412,209.64,1
HTWAFL162,TROWEL US STYLE B5B,HT,26.0,7.0775,184.01,1
HTST58111,"STANLEY NAIL SET 1/32""",HT,15.0,1.675,25.12,1
GCIINO8W23,GII 8' NOSING ANTIQUE,MO,2.0,42.45,84.9,1
GNSSH551,"HICKORY 5"" SMOOTH CHATEAU",EN,27752.5,3.2125,89154.9,1
ED3M6807,3M EDGER DISC 6-7/8 X 7/8 80G,AB,775.0,0.57,441.75,1
GVVNFNO902,FLUSH NOSING - COMET,MO,29.0,10.0,290.0,1
BP3MMAR16,"3M 16"" MAROON PAD (BTW COATS)",AB,393.0,5.5575,2184.09,1
GCCBTM8H141,CB 8' T-MOULD VINTAGE,MO,1.0,14.7,14.7,1
GNPSO85803,"EURO OAK 8-5/8"" DUNE",EN,961.0,3.09,2969.49,1
GCIITM8W38,GII 8' T-MOULD WALNUT NATURAL,MO,4.0,22.875,91.5,1
ADDR7700,EASY CLEAN POLYMER ADHESIVE 4G,AD,12.0,113.8506,1366.2,1
FIWT63181,WATCO SPRAY CLEAR SEMI-GLOSS,FI,44.0,8.1893,360.32,1
APLP12,"12"" APPLICATOR WITH LAMB PAD",MI,31.0,7.4435,230.74,1
MOBT58O,5/8 X 2 BABY TRESHOLD,MO,1897.95,1.9234,3650.51,1
ED3M1007,3M EDGER DISC 7 X 7/8 100G REG,AB,10842.0,0.544,5898.04,1
WPWFC1,WOOD FLOUR CEMENT 1 GALLON,WP,150.0,40.6152,6092.28,1
WPCRBA11,COLOR RITE BA11 (5.5OZ),WP,95.0,7.8415,744.94,1
RT2SOSNB-24,"3/8 x 2"" SEL W/O NESTED (24-SF",SF,1032.0,3.89,4014.48,1
MORIR,3/4 x 7 1/4 RISER - RED OAK,MO,2802.5,2.5543,7158.42,1
BELO8C021,"LOBA CERAMIC BELT 8"" P36",AB,81.0,8.0729,653.9,1
FCWWTMK1,WOODWISE CLEANING KIT,CS,33.0,25.0945,828.11,1
GCCVTM8O38,CRY.VAL 8' T-MOULD W/O NATURAL,MO,0.0,0.0,0.0,1
APLP10,"10"" APPLICATOR WITH LAMB PAD",MI,40.0,5.9127,236.5,1
ED3M6367,3M EDGER DISC 6-7/8 X 7/8 36G,AB,825.0,0.7245,597.71,1
BRTA4,"4"" THROWAWAY BRUSH",MI,78.0,1.6103,125.6,1
STLB201,LOBA STAIN GUNSTOCK,ST,0.0,16.8381,0.0,1
EP3M09152,3M WHT EDGER PAD 6 7/8 X 5/16,AB,379.0,1.5054,570.54,1
GHNPO208,"EURO OAK 7.5"" ZUMA BEACH (1/2""",EN,3353.27,2.4017,8053.54,1
FAAE5323P,"AEROSMITH NAILS 1-1/4""",FA,46.0,70.0,3220.0,1
GFBHO9508,"EURO OAK 9.5"" DOHENY",EN,20079.42,3.525,70779.95,1
RH112SRSNB-15,"1/2 x 1-1/2"" SELECT R/O NESTED",SF,6990.0,3.0223,21125.87,1
GCPSNO8O06,PS 8' NOSING GOBI,MO,1.0,27.5,27.5,1
GCALNOO8O03,AL 8' NOSING DOMA,MO,3.0,32.9,98.7,1
GCIIRE8W23,GII 8' REDUCER ANTIQUE,MO,1.0,14.0,14.0,1
STDS104,QUICKCOAT STAIN CHESTNUT,ST,52.0,16.8444,875.9,1
GLILTM802,ILLUMIN8 T-MOLD BEAM,MO,56.0,3.7831,211.85,1
MORE38M,3/8 x 2 REDUCER - MAPLE,MO,3682.0,0.7522,2769.6,1
GHEXB538,1/2 X 5 2MM BRAZILIAN CHERRY,EN,5722.22,3.2809,18774.03,1
GVWPCII904,"12MM 9"" X 60"" WINDSWEPT SANDS",VF,839.16,1.9744,1656.83,1
ARWP3181,"18"" YELLOW DURAFOAM REFILL",MI,70.0,3.7509,262.56,1
BRTA2,"2"" THROWAWAY BRUSH",MI,141.0,0.43,60.63,1
TA3M06818,"3M #2090 BLUE TAPE .94"" X 60",TA,243.0,2.7831,676.29,1
BE3M1060,3M BELT 9-7/8 X 29-1/2 60G,AB,147.0,9.9415,1461.4,1
HTWAFL059,"TROWEL (11"") PAJARITO 446R",HT,33.0,26.412,871.59,1
GCSSNO8M77,SS 8' NOSING SYRUP,MO,4.0,21.5625,86.25,1
GCSSNO8M08,SS 8' NOSING ESPRESSO,MO,5.0,67.0,335.0,1
FIBOW1948,BONA TRAFFIC HD RAW ULTRA MATT,FI,13.0,137.2457,1784.19,1
FPPEO58,5/8 OAK PEGS,MI,975.0,0.0963,93.89,1
GFALO7505,"EURO OAK 7.5"" SELLA",EN,12836.62,4.7651,61167.77,1
MONO34O5,3/4 X 5 1/2 NOSING - WHITE OAK,MO,1517.5,6.1799,9377.99,1
GNIIW523,"WALNUT 5"" ANTIQUE DISTRESSED",EN,11690.0,3.7621,43978.94,1
RH21OSNB,"1/2 x 2"" #1 W/O NESTED (25-SF)",SF,2350.0,2.3521,5527.43,1
FIBOW400318,BONA TRAFFIC GO SEMI GLOSS,FI,25.0,139.1939,3479.84,1
FCWO510900A,WOCA SOAP IN SPRAY NATURAL,CS,46.0,14.7155,676.91,1
GFALO7504S,"EURO OAK 7.5"" LUNA SELECT",EN,21167.8,5.5384,117235.74,1
STLB045,LOBA STAIN COUNTRY WHITE,ST,12.0,17.3161,207.79,1
HI3M997523,"3M 16"" HOOKIT 150 GRIT NO HOLE",AB,118.0,3.0943,365.12,1
MOBBFL387F3,1/2 X 3-1/2 1RE FLEX,MO,0.0,0.0,0.0,1
GFALO7505S,"EURO OAK 7.5"" SELLA SELECT",EN,19439.42,6.5934,128171.87,1
BPNO94117,NORTON SANDDOLLAR PAD GREEN,AB,208.0,7.0792,1472.47,1
MOBS12W,1/2 X 3/4 BASE SHOE - WALNUT,MO,4327.01,0.5267,2279.03,1
RH2QRSNB-24,"1/2 x 2"" RIFT/QTR R/O NESTED",SF,696.0,3.5,2436.0,1
WPCRDE13,COLOR RITE DE13 (5.5OZ),WP,36.0,8.01,288.36,1
GCGLNO8R02,GOLD LABEL NOSING CHAMPAGNE,MO,0.0,0.0,0.0,1
MORE12OLO,1/2X2-1/2 OVERLAP REDUCER W/O,MO,1117.5,1.8866,2108.27,1
MOST34,3/4 SLIP TONGUE - POPLAR,MO,13247.5,0.14,1854.65,1
ACNAMAB,5MI BLACK MALLET FOR 45,AC,27.0,30.0989,812.67,1
STDS170,QUICKCOAT STAIN WHEATHER OAK,ST,100.0,15.7788,1577.88,1
MOTHO58,5/8 x 3 1/2 - TRESHOLD W/O,MO,2015.0,3.5075,7067.61,1
HI3M997646,"3M 16"" HOOKIT 120 GRIT NO HOLE",AB,178.0,3.1469,560.14,1
GCEXBT8A146,EX. 8' BABY T-HOLD ACA.BRONZE,MO,0.0,0.0,0.0,1
FAPNC112S18,"POWERCLEATS 1-1/2"" - 1M - 18G",FA,559.0,8.6099,4812.93,1
GVWPCII903,"12MM 9"" X 60"" - SUN-KISSED",VF,226.8,1.983,449.74,1
WPCRDD5,COLOR RITE DD05 (5.5OZ),WP,78.0,7.9669,621.41,1
GCCCNO8M92,CC 8' NOSING DURHAM,MO,1.0,24.69,24.69,1
DP3M1236,"3M DRUM PAPER 12"" 36G ROLL",AB,11.0,280.14,3081.54,1
ADFR1416,TITEBOND III ULTIMATE GLUE GL,AD,115.0,26.5087,3048.5,1
MOTROPC48,"1""X11-3/4"" LAM. TREAD-WO 48""",MO,95.0,51.531,4895.44,1
ED3M61007,3M EDGER DISC 6-7/8 X 7/8 100G,AB,825.0,0.4878,402.43,1
GVVNRE907,REDUCER - JUPITER,MO,27.0,4.0,108.0,1
GCIIBT8W23,GII 8' BABY THRESHOLD ANTIQUE,MO,2.0,19.7266,39.45,1
WPDSWO1,DURASEAL PATCH W/O 1 GAL,WP,36.0,27.3268,983.76,1
FILB008,LOBA WS 2K CONTACT,FI,38.0,39.6105,1505.19,1
ADSI812628,SIKABOND 948 ADHESI. 29OZ,AD,78.0,13.0087,1014.67,1
ADFR1415,TITEBOND III ULTIMATE GLUE QT,AD,47.0,9.8246,461.75,1
MOCAMD125MUL,11/16X2-7/8 MDF NEWPORT CASING,MO,5.0,8.1919,40.95,1
STDS182,QUICKCOAT STAIN RUSTIC BEIGE,ST,86.0,15.5886,1340.61,1
UNBM0042,WHISPER STEP ACOUSTIC UNDERLAY,UN,170.0,39.0272,6634.62,1
WPCRBA12,COLOR RITE BA12 (5.5OZ),WP,55.0,8.1414,447.77,1
GHCVO31438,"W/O NAT. ENG 3-1/4"" 2MM",EN,11267.2,2.8674,32307.56,1
ADWAFL010,WAKOL MS-245 MONTINATOR,AD,226.0,7.4387,1681.14,1
GFBHO9501,"EURO OAK 9.5"" BURTON WAY",EN,36816.06,3.4908,128517.5,1
MORE38R,3/8 x 2 REDUCER - RED OAK,MO,2194.0,0.6063,1330.22,1
GHEXS538,1/2 X 5 2MM SAPELE NATURAL,EN,40950.56,2.875,117732.86,1
GCSETAL-2228,"SAMPLE SET - 7.5"" ALLORA",SA,3.0,391.7985,1175.39,1
GCLETM8O7503,LEGENDS T-MOUDING 8' CAFFE,MO,0.0,0.0,0.0,1
RQ314FMS,3/4 X 3 1/4 1ST/SEL.MAPLE UNF.,SF,5052.15,3.8959,19682.67,1
FIWT63081,WATCO SPRAY CLEAR GLOSS,FI,47.0,8.2138,386.04,1
ED3M407,3M EDGER DISC 7 X 7/8 40G REGA,AB,3805.0,0.6525,2482.76,1
ADFR5065,TITEBOND WOOD GLUE QT #5065,AD,73.0,5.8955,430.37,1
GCEXNO8PR38,"EXOTIC 1/2"" 8' NOSING PAT ROSE",MO,16.0,44.25,708.0,1
STLB372,LOBA STAIN SPICE BROWN,ST,3.0,16.2458,48.73,1
HI3M997547,"3M 16"" HOOKIT 100 GRIT NO HOLE",AB,154.0,3.6699,565.16,1
WPWWFT601,WOODWISE FULL TROWEL FILLER,WP,39.0,23.6515,922.4,1
BELO8Z019,"LOBA ZIRCONIA BELT 8"" P100",AB,94.0,3.7694,354.32,1
WPDS213,DURASEAL PUTTY - WHITE,WP,37.0,4.6332,171.42,1
RP36RRP,RED ROSIN PAPER,UN,89.0,11.9479,1063.36,1
GLIL808,"12MM 7.72' X 48"" SPARK",LA,3220.07,1.2491,4022.18,1
BPLO005,"LOBA PERF. SANDING PAD 16"" 150",AB,81.0,9.7656,791.01,1
GNDVO701,"EURO OAK 7.5"" BIANCA",EN,3194.84,4.0302,12875.84,1
TKWOTST01,WOODWISE W/O TEST KIT,MI,23.0,27.7832,639.01,1
GCEXNO8A146,"EXOTIC 1/2"" 8' NOSING BRONZE",MO,2.0,41.7,83.4,1
GFLEO9504,"EURO OAK 9.5"" ROMANTIQUE",EN,8936.82,3.4182,30547.83,1
WB14WB,"14"" WOOD BLOCK",MI,29.0,3.0482,88.39,1
WPWW301,WOODWISE WOOD PATCH 1 GAL,WP,53.0,23.4903,1244.98,1
FILBW157,LOBA 2K SUPRA A.T.SATIN,FI,64.0,130.0876,8325.6,1
GCIITM8M54,GII 8' T-MOULD WHEAT,MO,0.0,31.0,0.0,1
GCBHNO8O03,BEV.HILLS NOSING HILLCREST,MO,49.0,33.0337,1618.65,1
BE3MG1280,3M BELT 11-7/8 X 29-1/2 80G,AB,223.0,12.0157,2679.5,1
HI3M997578,"3M 16"" HOOKIT 80 GRIT NO HOLE",AB,156.0,3.7575,586.17,1
GCCVTM8O68,CRY.VAL 8' T-MOULD PRAI.WHEAT,MO,0.0,0.0,0.0,1
GFLEW7501,"WALNUT 7.5"" NATURAL",EN,18236.24,4.5603,83162.72,1
ADBO70088,BOSTIK PRO-MSP 20OZ SAUSAGE,AD,39.0,5.9246,231.05,1
RKEP58237,3M EPOXY ADHESIVE CARTRIDGE,AD,67.0,13.1352,880.05,1
GCCCNO8M93,CC 8' NOSING MONROE,MO,0.0,0.0,0.0,1
ARLP12,"12"" LAMB PAD",MI,37.0,5.2729,195.09,1
GCCVNO8OH38USA,CVA 8' NOSING W/O NATURAL,MO,5.0,33.25,166.25,1
STLB364,LOBA STAIN NUTMEG,ST,40.0,17.584,703.36,1
STDS143,QUICKCOAT STAIN SEDONA RED,ST,70.0,15.1245,1058.71,1
FILBW421,LOBA AMBER PRIME SEALER,FI,45.0,39.8057,1791.25,1
BPLO004,"LOBA PERF. SANDING PAD 16"" 80",AB,56.0,9.8112,549.42,1
GNSSM508,"MAPLE 5"" SMOOTH ESPRESSO",EN,16012.5,2.9955,47965.44,1
ED3M1207,3M EDGER DISC 7 X 7/8 120G REG,AB,4290.0,0.5493,2356.49,1
FIBOW18000,BONA RED OUT A & B,FI,39.0,111.578,4351.54,1
GCIIBT8M06,GII 8' BABY THRESHOLD CHESTNUT,MO,14.0,33.005,462.07,1
ADSI583769,SIKABOND T25 (5 GAL),AD,702.0,99.5002,69849.14,1
GFLEO7505,"EURO OAK 7.5"" LUGANA",EN,22573.76,3.0927,69813.86,1
RH112SOSNB-15,"1/2 x 1-1/2"" SELECT W/O NESTED",SF,7290.0,3.5972,26223.58,1
FIBOW3003,BONA MEGA ONE SEMIGLOSS,FI,40.0,86.2245,3448.98,1
BELO8Z015,"LOBA ZIRCONIA BELT 8"" P36",AB,80.0,6.1232,489.85,1
MONO34M,"3/4 x 3-1/2,NOSING - MAPLE",MO,2315.4,2.5844,5983.91,1
ACVAVP1000,"FELT REPLACEMENT 14"" 2/PK",MP,38.0,18.2236,692.49,1
FIBOW1553,BONA TRAFFIC HD SEMI-GLOSS,FI,70.0,137.1614,9601.29,1
GNPSO85801,"EURO OAK 8-5/8"" MIRAGE",EN,11408.0,3.09,35250.72,1
APLP14,"14"" APPLICATOR WITH LAMB PAD",MI,37.0,9.3905,347.44,1
MPBABST,"14"" PLASTIC NYLON BRUSH T/L",AC,32.0,37.8656,1211.69,1
SS3M16150,"3M 16"" #150 SANDING SCREEN",AB,236.0,3.2773,773.44,1
GNIIM554,"MAPLE 5"" WHEAT DISTRESSED",EN,20755.0,3.1011,64363.33,1
SBCR376,CRAIN SCRAPER BLADE NO.376,MI,34.0,4.1205,140.09,1
MANA45,NAILER NO.45 POWERNAILER,MA,5.0,233.0387,1165.19,1
HTST16312,"STANLEY CHISEL 3/4"" NO.16-312",HT,17.0,8.4217,143.16,1
GCIINO8W38,GII 8' NOSING WALNUT NATURAL,MO,18.0,36.2083,651.74,1
UNBO602428,BOSTIK SL-175 SELF-LEVELING,UN,1585.0,21.7709,34506.87,1
FILB238,LOBA 2K INVISIBLE PROTECT A.T,FI,734.0,107.1264,78630.77,1
ACSASC25BU,ALLIGATOR CLIPS,MI,35.0,2.9432,103.01,1
GCBHNO8O01,BEV.HILLS NOSING BURTON WAY,MO,3.0,34.5,103.5,1
APDT7818,"DURATOOL 18"" HEAVYWEIGHT T-BAR",MI,23.0,22.4152,515.54,1
FIDSW80905,DURACLEAR MAX SEMI GLOSS 2PART,FI,70.0,85.4391,5980.73,1
GCIINO8M06,GII 8' NOSING CHESTNUT,MO,23.0,50.94,1171.62,1
ADDR8100,DRITAC 8100 T&G ADHESIVE 16OZ,AD,100.0,5.6546,565.46,1
GCBHRE8O07,BEV.HILLS REDUCER ALPINE,MO,82.0,16.8348,1380.45,1
MBHD12,12' X 400' X .00031 MIL,UN,110.0,13.2652,1459.17,1
ADWAFL086,WAKOL MS-230 ADHESIVE,AD,132.0,85.6053,11299.89,1
TPGM006666,MINWAX REPAIR MARKERS,MI,36.0,5.1786,186.42,1
GCCCTM8M93,CC 8' T-MOULD MONROE,MO,0.0,15.0,0.0,1
HTCR422,"TROWEL 1/32""x1/16""x1/32"" CRAIN",HT,60.0,5.6625,339.75,1
WPDS223,DURASEAL PUTTY WHITE OAK,WP,34.0,4.98,169.32,1
GFCOO314PS,5/8 X 3 1/4 PREMIUM W/O S.E,EN,8400.0,3.4886,29304.24,1
GCCBNO8B17,CB 8' NOSING HARVEST,MO,0.0,22.15,0.0,1
GFLEO7506,"EURO OAK 7.5"" PINOT",EN,18026.36,3.4508,62205.36,1
MORE34OLO,3/4 X 3 OVERLAP REDUCER W/O,MO,859.5,3.1595,2715.59,1
FASEBAX13,"SENCO BRADS 1"" AX13EAA",FA,56.0,8.9757,502.63,1
STLB198,LOBA STAIN GOLDEN OAK,ST,34.0,17.308,588.47,1
WPDSROQ,DURASEAL R/O PATCH QT,WP,44.0,7.8504,345.41,1
WPCRAB09,COLOR RITE AB09 (5.5OZ),WP,32.0,7.6732,245.54,1
GHEXA516,1/2 X 5 ACACIA BLACK WALNUT,EN,11398.58,3.0115,34326.82,1
GCCBTM8B17,CB 8' T-MOULD HARVEST,MO,0.0,14.75,0.0,1
HTML157,"LIFTER,MOULDING,CRAIN,NO.157",HT,32.0,10.5257,336.82,1
FIBOW1558,BONA TRAFFIC HD ANTI SLIP,FI,40.0,137.078,5483.12,1
APLB126,LOBA ROLLER UNIVERSAL 100,MI,53.0,9.5148,504.28,1
BE3M1050,3M BELT 9-7/8 X 29-1/2 50G,AB,157.0,10.3512,1625.13,1
WPDS222,DURASEAL PUTTY RED OAK,WP,36.0,4.8726,175.41,1
ED3M125,3M EDGER DISC 7 X 5/16 12G RES,AB,2583.0,1.2645,3266.2,1
WPCRDB05,COLOR RITE DB05 (5.5OZ),WP,175.0,7.8426,1372.45,1
UNLO18,1/8 LAUAN (2.7),UN,628.0,11.6051,7288.0,1
SBCR377,CRAIN SCRAPER BLADE NO.377,MI,36.0,10.3711,373.35,1
FIBOW51153,BONA PREP QUART,FI,52.0,9.5302,495.57,1
GCBHTM8O03,BEV.HILLS T-MOULD HILLCREST,MO,100.0,17.3117,1731.17,1
RATO50,TOWELS 50LB BOX,MI,34.0,65.45,2225.3,1
GFALO7508,"EURO OAK 7.5"" VOLTO",EN,18002.34,5.0048,90098.11,1
SBAW42B,"ALLWAYS SCRAPER BLADE 2-1/2""",MI,46.0,2.3,105.8,1
GCCCTM8M92,CC 8' T-MOULD DURHAM,MO,7.0,12.3,86.1,1
MPSO,SPECIAL ORDER MACHINE PARTS,MP,69.0,52.6851,3635.27,1
SCAWF42,"SCRAPER 2 1/2"" ALLWAYS N0.F42",HT,30.0,4.8743,146.22,1
APLP16,"16"" APPLICATOR WITH LAMB PAD",MI,40.0,10.7837,431.34,1
WPWW303,WOODWISE 3.5 WHITE OAK FULL TR,WP,48.0,76.7963,3686.22,1
BE3MH1280,3M BELT 11-7/8 X 31-1/2 80G,AB,15.0,12.57,188.55,1
MBBO607614,BOSTIK ROLL-COTE 4-GAL,CH,44.0,180.413,7938.17,1
GVWPCII901,"12MM 9"" X 60"" - MOONLIGHT",VF,22.68,1.99,45.13,1
GVVNFNO907,FLUSH NOSING - JUPITER,MO,7.0,10.0,70.0,1
GHEXA538,1/2 X 5 ACACIA NATURAL,EN,1772.27,2.9569,5240.42,1
GFBHO9510,"EURO OAK 9.5"" CARMELITA",EN,0.0,3.6956,0.0,1
MOBBMD310MUL,3/8 X 2-1/2 #711 BASE,MO,34.0,4.2591,144.8,1
ETCBH523,3/8 X 5 DIST HICKORY ANTIQUE,EN,1838.2,2.0998,3859.85,1
ACSWCR556,"CRAIN BLADE CARBIDE TIP 5-1/2""",MI,40.0,12.8256,513.02,1
HTWAFL157,TROWEL US STYLE B5 ALL IN ONE,HT,19.0,7.0984,134.86,1
GCSETSS-1724,SAMPLE SET - GII SMOOTH,SA,52.0,112.3796,5843.73,1
MPAA47394A,SWITCH - TOGGLE (SUPER 7),MP,21.0,21.7038,455.77,1
GCIIRE8H38,GII 8' REDUCER HICKORY NATURAL,MO,15.0,26.95,404.25,1
GCIITM8H02,GII 8' T-MOULD SIERRA,MO,15.0,29.1543,437.31,1
BELO8Z018,"LOBA ZIRCONIA BELT 8"" P80",AB,67.0,4.434,297.07,1
BRTA3,"3"" THROWAWAY BRUSH",MI,73.0,0.69,50.37,1
TAFBHEF107308,FORTIBOARD TAPE,TA,256.0,9.6364,2466.91,1
GFALO7501S,"EURO OAK 7.5"" ALTURA SELECT",EN,16895.4,5.3593,90547.51,1
APDT8036,"DURATOOL APPLICATOR 6"" #8036",MI,199.0,5.45,1084.55,1
FIBOW1300,BONA MEGA GLOSS,FI,53.0,78.1754,4143.29,1
MOTMH58,5/8 X 2 T-MOULD HICK/PECAN,MO,362.0,0.9864,357.07,1
BPDS86701,"PRE TREAT PAD DURASEAL 16""",AB,62.0,10.153,629.48,1
MPBAFSTP,"14"" PLASTIC FELT TOOL T/L",AC,33.0,37.1322,1225.36,1
GNPSO85804,"EURO OAK 8-5/8"" ADOBE",EN,19933.0,3.2319,64421.46,1
GCCVTM8R38,CRY.VAL 8' T-MOULD R/O NATURAL,MO,0.0,0.0,0.0,1
BELO8C068,"LOBA CERAMIC BELT 8"" P120",AB,96.0,5.2107,500.22,1
GCCVTM8O38USA,CVA 8' TMOULD W/O NATURAL,MO,0.0,0.0,0.0,1
GFBHO9504,"EURO OAK 9.5"" REXFORD",EN,22262.46,3.7188,82789.63,1
MOBS12M,1/2 x 3/4 BASE SHOE - MAPLE,MO,2488.0,0.4345,1081.03,1
GFALO9508,"EURO OAK 9.5"" VOLTO",EN,2889.82,4.8929,14139.6,1
GCIIRE8M06,GII 8' REDUCER CHESTNUT,MO,33.0,34.5,1138.5,1
GHNPO212,"EURO OAK 7.5"" PARADISE COVE",EN,15927.56,2.3758,37840.69,1
HI3M5RQC1205,"3M 5"" X 5 HOLE HD HOOKIT 120G",AB,4541.0,0.485,2202.38,1
FIDSW80600,DURA SEAL H2O POLY - GLOSS,FI,37.0,42.136,1559.03,1
FCLOMA019,LOBA SPRAY MOP SET,CS,52.0,25.7601,1339.52,1
GVVNRE911,REDUCER - STARDUST,MO,43.0,4.0,172.0,1
GVVNTM904,T-MOULDING - COSMOS,MO,56.0,4.0,224.0,1
GFGLR9503,"OAK 9.5"" LINEN",EN,10824.24,3.69,39941.44,1
ACSASC26B,INSULATORS BLACK,MI,26.0,2.8583,74.31,1
BPLO131,"LOBA PERF. SANDING PAD 16"" 120",AB,82.0,9.6949,794.98,1
MONO34W,3/4 x 3 1/2 NOSING - WALNUT,MO,2696.0,4.6831,12625.63,1
AB3M86396,"3M P180 5"" HOOKIT DISC (50PK)",AB,38.0,11.1973,425.49,1
WPDS221,DURASEAL PUTTY EBONY,WP,42.0,4.2349,177.86,1
HTCR565,18' STRAP CLAMP CRAIN 565,HT,31.0,68.8093,2133.08,1
ACSAB1000,LEATHER BELT,AC,37.0,30.8297,1140.69,1
MOBS12O,1/2 x 3/4 BASE SHOE WHITE OAK,MO,5001.0,0.3538,1769.35,1
SCAWF4,"SCRAPER 2 1/2"" ALLWAYS NO.F4",HT,45.0,4.823,217.03,1
GFALO9505S,"EURO OAK 9.5"" SELLA SELECT",EN,17020.55,6.1811,105205.72,1
GHCVO538,"W/O NAT. ENG 5"" 2MM",EN,23765.0,2.9903,71064.47,1
GVVNTM901,T-MOULDING - ASTRO,MO,62.0,4.0,248.0,1
MONO12M,1/2 x 3-1/2 NOSING - MAPLE,MO,2227.0,2.7555,6136.49,1
UNLO14,1/4 LAUAN (5.2),UN,329.0,15.5748,5124.1,1
MOTRREO,"1X1-1/4 X 14"" TREAD RETURN W/O",MO,26.0,3.0,78.0,1
GCNPNO8O200,NEWPORT 8' NOSING CARMEL,MO,0.0,22.5,0.0,1
WPCRDM3,COLOR RITE DM03 (5.5OZ),WP,41.0,8.3378,341.84,1
GCBHTM8O01,BEV.HILLS T-MOULD BURTON WAY,MO,13.0,19.0808,248.05,1
SBCR351,CRAIN STRIPPER BLADE NO.351,MI,57.0,2.5752,146.78,1
GCSSNO8M54,SS 8' NOSING WHEAT,MO,4.0,41.535,166.14,1
GFCOO7PS,5/8 X 7 PREMIUM W/O S.E,EN,17429.08,3.3453,58305.5,1
GFLEO9502O,"EURO OAK 9.5"" LA BELLE NAT.OIL",EN,15872.52,3.9201,62221.86,1
GCEXTM8A16,EXOTIC 8' T-MOULD ACACIA BLK W,MO,1.0,27.15,27.15,1
ED3M1205,3M EDGER DISC 7X5/16 120G REGA,AB,4615.0,0.578,2667.47,1
RKDTSW1,DRITAC SOLID INJECTION KIT,AD,45.0,108.0458,4862.06,1
FCWWC132,WOODWISE CONCENTRATE 32OZ,CS,69.0,4.585,316.36,1
UNBLHVL30G,BLACK UNDERLAY W/GOLD FOIL 3MM,UN,171.0,18.2843,3126.61,1
BE3MG1240,3M BELT 11-7/8 X 29-1/2 40G,AB,279.0,12.7568,3559.14,1
GCBHNO8O02,BEV.HILLS NOSING CANON,MO,51.0,25.8421,1317.94,1
MOBBFL387F4,1/2 X 4-1/2 1RE FLEX,MO,12.0,7.2741,87.28,1
MOTRW,"11-3/4"" LAM. TREAD - WALNUT",MO,1470.0,18.6955,27482.38,1
WPWW603,WOODWISE 3.5 WALNUT FULL TRWL,WP,23.0,74.283,1708.5,1
BE3M850,3M BELT 7-7/8 X 29-1/2 50G,AB,439.0,7.461,3275.37,1
GHCVO538USA,"WHITE OAK NATURAL 5"" 3MM",EN,22140.0,4.0229,89067.0,1
GWPP21005,3050MM X 605MM X 21MM IVORY 2.,WC,9360.0,2.5512,23879.23,1
PFAPSO,APPALACHIAN SPECIAL ORDER,SF,0.0,4.3,0.0,1
RH112QOSNB-24,"1/2 x 1 1/2"" R&Q W/O NESTED",SF,229.5,3.969,910.88,1
KP199,CRAIN POLYURETHANE KNEE PAD,MI,27.0,35.1374,948.7,1
GFLEO7507,"EURO OAK 7.5"" PROVENCE",EN,17606.6,3.4027,59909.97,1
GCIIRE8M171,GII 8' REDUCER LATTE,MO,23.0,31.9456,734.74,1
FIDSW80615,DURA SEAL H2O POLY - MATTE,FI,37.0,44.314,1639.61,1
FIDSO81305,DURA SEAL SEMI GLOSS,FI,394.0,6.4525,2542.28,1
GCSETNP-2228,SAMPLE SET - NEWPORT,SA,37.0,66.996,2478.85,1
BE3M860,3M BELT 7-7/8 X 29-1/2 60G,AB,391.0,7.2836,2847.88,1
GCIIBT8M54,GII 8' BABY THRESHOLD WHEAT,MO,6.0,28.96,173.76,1
STDS186,QUICKCOAT STAIN HERITAGE BROWN,ST,59.0,16.6119,980.1,1
BE3M8120,3M BELT 7-7/8 X 29-1/2 120G,AB,139.0,7.2075,1001.84,1
HTCR430,"TROWEL 1/8""x1/16""x1/8"" (U) CRA",HT,59.0,6.3038,371.92,1
RQ214FMS,3/4 x 2-1/4 1ST/SEL.MAPLE UNF.,SF,7050.51,4.1413,29198.27,1
FPPEW58,5/8 WALNUT PEGS,MI,2825.0,0.103,290.97,1
FILBW332,LOBA 2K DUO EXTRA MATTE,FI,78.0,110.5699,8624.45,1
MOBT58R,5/8 x 2 BABY TRESHOLD,MO,2996.0,1.1123,3332.45,1
STDS139,QUICKCOAT STAIN ROSEWOOD,ST,74.0,16.6462,1231.81,1
MONOHO,1/2 X 3-1/2 X 8' NOSING W/O,MO,210.0,23.89,5016.9,1
MORE12W,1/2 X 2 REDUCER - WALNUT,MO,1382.5,2.0141,2784.49,1
MOTMW58,5/8 X 2 T-MOULD - WALNUT,MO,1353.5,2.6555,3594.21,1
APDT7724,"DURATOOL 24"" LIGHTWEIGHT T-BAR",MI,23.0,20.15,463.45,1
STDS173,QUICKCOAT STAIN ESPRESSO,ST,73.0,16.9615,1238.18,1
ETCBB506,3/8 X 5 DIST BIRCH CHESTNUT,EN,499.74,2.0,999.48,1
ED3M405,3M EDGER DISC 7 X 5/16 40G REG,AB,3575.0,0.7307,2612.25,1
ACSWCR787,CRAIN BLADE CARBIDE TIP 3-3/8,MI,52.0,12.6944,660.1,1
ED3M607,3M EDGER DISC 7 X 7/8 60G REGA,AB,7441.0,0.6064,4512.22,1
GLILFNO801,ILLUMIN8 FLUSH NOSING AURORA,MO,59.0,10.2407,604.2,1
GCEXTM8T38,EXOTIC 8' T-MOULD TIGERWOOD,MO,0.0,0.0,0.0,1
ADSI779240,SIKA 910 CONST.ADHESIVE 29OZ,AD,62.0,13.8314,857.54,1
BELO8C123,"LOBA CERAMIC BELT 8"" P50",AB,70.0,7.5959,531.71,1
STDS102,QUICKCOAT STAIN NUTMEG,ST,131.0,15.8656,2078.39,1
UNGA005,G SOUND 5MM RUBBER UNDERLAY.,UN,9360.0,0.4108,3845.08,1
WPWWPQ5016E,WOODWISE MINERAL STREAK BLACK,WP,20.0,19.3831,387.66,1
WPWW101,WOODWISE WOOD PATCH 1 GAL,WP,57.0,23.7401,1353.18,1
SBCR351C,CRAIN STRIPPER BLADE NO.351C,MI,65.0,22.53,1464.45,1
GCSETPS-2228,SAMPLE SET - PRIVATE SELECTION,SA,98.0,82.16,8051.68,1
BE3M1080,3M BELT 9-7/8 X 29-1/2 80G,AB,196.0,8.4736,1660.82,1
FIDSO85310,DURA SEAL SATIN,FI,1117.0,6.451,7205.76,1
UNPW12,1/2 PLYWOOD (15/32),UN,1043.0,20.3821,21258.53,1
FCWWC232,WOODWISE 32OZ SPRAY,CS,57.0,5.0327,286.86,1
ETCBB5144,3/8 X 5 DIST BIRCH TRUFFLE,EN,918.75,2.0,1837.5,1
GFBHO9511,"EURO OAK 9.5"" LOMA LINDA",EN,0.0,3.262,0.0,1
ACNAMAS,"NO.5-BLACK MALLET,SMALL,50-C",AC,42.0,28.9016,1213.86,1
FIBOW2520,BONA AMBERSEAL   1 GAL,FI,75.0,62.601,4695.07,1
ED3M507,3M EDGER DISC 7 X 7/8 50G REGA,AB,6158.0,0.642,3953.43,1
ADSI861390,SIKABOND T85 (4 GAL),AD,301.0,89.0,26789.0,1
MOSOEA,SPEC.ORDER MOULDING EA NOT MDF,MO,55.0,12.6338,694.85,1
FIDSO86315,DURA SEAL MATTE,FI,2019.0,6.8847,13900.2,1
UNBLUE3,LAMINATE BLUE FOAM 3MM,UN,173.0,6.466,1118.61,1
UNBO602411,BOSTIK SL-100 SELF-LEVELING,UN,207.0,14.75,3053.25,1
ARPU350769,"PURDY 9"" WHITE DOVE 3/8"" NAP",MI,64.0,4.33,277.12,1
ADWAFL130,WAKOL MS-262 SAUSAGE ADHESIVE,AD,53.0,40.7101,2157.63,1
GCBHNO8O05,BEV.HILLS NOSING RODEO DRIVE,MO,7.0,35.5722,249.0,1
GCSSNO8H38,SS 8' NOSING HICKORY NATURAL,MO,19.0,45.575,865.92,1
ADBOA38910,BOSTIK BEST 10.1 OZ TUBE,AD,516.0,4.79,2471.64,1
GCCVNO8OH68,"CV 1/2"" 8' NOSING W/O PR.WHEAT",MO,11.0,32.0454,352.49,1
HTCR431,"TROWEL 1/16""x1/16""x1/16"" (V) C",HT,48.0,6.3111,302.93,1
HTFIBF106005,SHARPENING FILE,HT,161.0,4.7661,767.34,1
GFALO7507,"EURO OAK 7.5"" VENTASSO",EN,21323.16,4.5287,96566.19,1
GLIL803,"12MM 7.72"" X 48"" DUSK",LA,0.0,0.0,0.0,1
MOCOMD388MUL3W,1/2X3-1/2 1RE CRAFTSMAN CORNER,MO,226.0,2.1342,482.32,1
GFLEO7501,"EURO OAK 7.5"" BIANCA",EN,20824.76,3.4759,72384.78,1
WPWW104,WOODWISE WOOD PATCH QT,WP,37.0,7.4126,274.26,1
GCEXTM8B38,EXOTIC 8' T-MOULD BRAZ/CHERRY,MO,1.0,15.15,15.15,1
WPWWCP178,WOODWISE PATCH BRAZ/CHERRY,WP,35.0,4.0918,143.21,1
MOTHR58,"5/8 x 3 1/2,THRESHOLD - R/O",MO,2449.0,1.8242,4467.46,1
FIDSW80705,DURACLEAR SEMI GLOSS FINISH,FI,80.0,53.1357,4250.85,1
RKSYCR143,SYRINGE & NEEDLE CRAIN NO.143,HT,93.0,5.63,523.59,1
GHCVR538,"R/O NAT. ENG 5"" 2MM",EN,37345.0,3.3897,126588.34,1
WPDSRO35,DURASEAL FILLER 3.5 GAL R/O,WP,53.0,61.7571,3273.12,1
WPCRBC21,COLOR RITE BC21 (5.5OZ),WP,152.0,8.1261,1235.16,1
FASEBAX15,"SENCO BRADS 1-1/4"" AX15",FA,67.0,10.471,701.55,1
CHBLA,BLEACH UNIT A,CH,205.0,19.0,3895.0,1
GFGLR9505,"OAK 9.5"" SUEDE",EN,2001.12,3.7337,7471.58,1
ACNAMHW,WHITE MALLET CAP W/STEEL RING,AC,86.0,17.8234,1532.81,1
HTMTNT677,TROWEL 3/16 X 5/32 (V),HT,78.0,7.3782,575.49,1
RH2QOSNB-24,"1/2 x 2"" RIFT/OTR W/O NESTED",SF,1920.0,4.0306,7738.75,1
WPCRBE20,COLOR RITE BE20 (5.5OZ),WP,146.0,8.2286,1201.37,1
GCCVNO8RH38,"C.V 1/2"" 8' NOSING R/O NATURAL",MO,0.0,0.0,0.0,1
WPWW201,WOODWISE WOOD PATCH 1 GAL.,WP,43.0,23.3879,1005.67,1
PP2,SMALL PLASTIC PAIL (2 GAL),MI,53.0,3.95,209.35,1
GLILFNO803,ILLUMIN8 FLUSH NOSING DUSK,MO,86.0,10.1537,873.21,1
BPLO136,"LOBA PERF. SANDING PAD 16"" 180",AB,43.0,9.7593,419.64,1
GNSSW523,"WALNUT 5"" SMOOTH ANTIQUE",EN,3010.0,3.7164,11186.36,1
GCIINO8M77,GII 8' NOSING SYRUP,MO,8.0,40.92,327.36,1
WPCRCE14,COLOR RITE CE14 (5.5OZ),WP,62.0,8.4366,523.06,1
WPCRDM01,COLOR RITE DM01 (5.5OZ),WP,53.0,8.01,424.53,1
GNIIM508,"MAPLE 5"" ESPRESSO DISTRESSED",EN,13440.0,3.1046,41725.82,1
FASEBAX18,"SENCO BRADS 1-5/8"" AX18",FA,91.0,15.8345,1440.93,1
BD3M16162,"3M 16 x 2"" 16 BUFFER DISC",AB,291.0,6.1425,1787.46,1
UNPW58,5/8 PLYWOOD (19/32),UN,308.0,25.4484,7838.1,1
ACSWCR821,"CRAIN BLADE CARBIDE TIP 6-1/2""",MI,30.0,14.342,430.26,1
WPCRDE12,COLOR RITE DE12 (5.5OZ),WP,44.0,6.6342,291.9,1
WPCRBD15,COLOR RITE BD15 (5.5OZ),WP,106.0,7.6609,812.05,1
MOSOLF,SPEC.ORDER MOULDING LF,MO,517.63,1.0703,554.01,1
FIDSW99411,MASTERLINE WATERBASE SATIN,FI,26.0,34.0,884.0,1
GCLENO8O7507,LEGENDS NOSING 8' PROVENCE,MO,1.0,32.02,32.02,1
GNSSW538,"WALNUT 5"" NATURAL SMOOTH",EN,12092.5,3.4441,41647.77,1
GCIIRE8M77,GII 8' REDUCER SYRUP,MO,9.0,31.7,285.3,1
GHCVO568,"W/O PR.WHEAT ENG 5"" 2MM",EN,1872.5,2.853,5342.24,1
GNIIH551,"HICKORY 5"" CHATEAU DISTRESSED",EN,6351.5,3.3009,20965.66,1
GHNPO210,"EURO OAK 7.5""LAGUNA BEACH 1/2""",EN,2471.92,2.3871,5900.72,1
FILBW331,LOBA 2K DUO SEMI GLOSS,FI,83.0,107.777,8945.49,1
MPAA21066A,EDGER PAD (SUPER 7),MP,12.0,72.6478,871.77,1
SLKRGG600,KRAFT SELF-LEVELING TOOL KIT,MI,12.0,148.75,1785.0,1
FAPN1505,"POWERNAIL STAPLES 1-1/2"" 5M",FA,24.0,30.6997,736.79,1
GVVN907,"6.5MM 9"" X 60"" - JUPITER",VF,0.0,0.0,0.0,1
MOQR34R,3/4 x 3/4 RED OAK QTR ROUND,MO,8873.5,0.3288,2917.6,1
BELO8C022,"LOBA CERAMIC BELT 8"" P40",AB,108.0,8.0103,865.11,1
RT2SRSNB-24,"3/8 x 2"" SEL R/O NESTED (24-SF",SF,1272.0,2.7207,3460.73,1
ED3M805,3M EDGER DISC 7 X 5/16 80G REG,AB,3923.0,0.5679,2227.87,1
GHCVR31438,"R/O NAT. ENG 3-1/4"" 2MM",EN,3651.2,2.7949,10204.73,1
MOSC316R,"3/16 x 3/4"" SCRIBE RED OAK",MO,1422.5,0.3708,527.46,1
STDS175,QUICKCOAT STAIN JACOBEAN,ST,153.0,16.2354,2484.01,1
BE3M1040,3M BELT 9-7/8 X 29-1/2 40G,AB,142.0,11.0675,1571.58,1
DM3M8210,3M DUST MASK #8210,MI,2507.0,0.7272,1823.09,1
MORE34OLR,3/4 X 3 OVERLAP REDUCER R/O,MO,2218.45,1.7248,3826.38,1
BELO8C067,"LOBA CERAMIC BELT 8"" P100",AB,125.0,5.2415,655.18,1
MBSI740331,SIKA MB EZ RAPID 2.5G,AD,236.0,145.4557,34327.54,1
GFLEO1001,"EURO OAK 10.25"" GLENWOOD",EN,14211.51,3.2152,45692.84,1
FIDSO81300,DURA SEAL GLOSS,FI,945.0,7.17,6775.65,1
HTCR423,"TROWEL 1/8"" x 1/16"" X 1/8"" (V)",HT,36.0,6.2405,224.65,1
GVVNRE901,REDUCER - ASTRO,MO,24.0,4.0,96.0,1
FILBW289,VIVA SATIN 1GAL,FI,101.0,49.7106,5020.77,1
FCWWC101,WOODWISE CONCENTRATE 1 GAL,CS,39.0,15.6812,611.56,1
GVVN901,"6.5MM 9"" X 60"" - ASTRO",VF,0.0,1.16,0.0,1
RQ5SWS,3/4 X 5 SEL/BTR WALNUT S.E. RL,SF,1520.8,8.0384,12224.79,1
GWPP21003,3050MM X605MM X21MM WARM O.2.0,WC,400.0,2.307,922.8,1
MORE38O,3/8 x 2 REDUCER - WHITE OAK,MO,1629.0,1.1711,1907.72,1
STDS128,QUICKCOAT STAIN MED BROWN,ST,135.0,16.0271,2163.65,1
STDS150,QUICKCOAT STAIN GUNSTOCK,ST,97.0,15.1308,1467.68,1
WPWWFT701,WOODWISE FULL TROWEL FILLER,WP,18.0,22.9759,413.56,1
WPCRCD26,COLOR RITE CD26 (5.5OZ),WP,123.0,7.8369,963.93,1
CHBLB,BLEACH UNIT B,CH,205.0,10.0,2050.0,1
GLIL807,"12MM 7.72"" X 48"" LUSTER",LA,1640.8,1.3892,2279.39,1
ED3M505,3M EDGER DISC 7 X 5/16 50G REG,AB,3954.0,0.6251,2471.64,1
GCBHNO8O09,BEV.HILLS NOSING ROXBURY,MO,48.0,25.0,1200.0,1
PRSI536430,SIKA LEVEL 01 PRIMER PLUS 1GAL,MI,75.0,21.5559,1616.69,1
GVVNFNO901,FLUSH NOSING - ASTRO,MO,0.0,10.0,0.0,1
BE3MG1260,3M BELT 11-7/8 X 29-1/2 60G,AB,238.0,12.6897,3020.14,1
ED3M367,3M EDGER DISC 7 X 7/8 36G REGA,AB,4408.0,0.7588,3344.79,1
GFLEO7503O,"EURO OAK 7.5"" CAFFE NAT.OIL",EN,9281.36,3.7852,35131.8,1
GCIITM8H38,GII 8' T-MOULD HICKORY NATURAL,MO,0.0,0.0,0.0,1
MOBBMD387MUL7,1/2 X 7-1/4 1RE CRAFTSMAN BASE,MO,101.0,20.3614,2056.5,1
ADSI525540,SIKABOND T-100 ALL-IN-1 (4GAL),AD,405.0,112.4897,45558.32,1
WPWWFT101,WOODWISE FULL TROWEL FILLER,WP,50.0,23.7727,1188.63,1
GVWPCII902,"12MM 9"" X 60"" - MORNING DEW",VF,113.4,1.9466,220.74,1
PRSI503598,SIKA LEVEL-02 EZ PRIMER 1GAL,MI,61.0,46.5999,2842.59,1
GCIITM8M08,GII 8' T-MOULD ESPRESSO,MO,1.0,39.1714,39.17,1
STDS137,QUICKCOAT STAIN SPICE BROWN,ST,97.0,15.2691,1481.1,1
BE3M8100,3M BELT 7-7/8 X 29-1/2 100G,AB,533.0,6.8178,3633.88,1
AB3M86434,"3M P240 5"" HOOKIT DISC (50PK)",AB,44.0,11.4431,503.49,1
MONO34O,3/4 x 3-1/2 NOSING - WHITE OAK,MO,2205.0,3.9816,8779.42,1
GFCOO214PS,5/8 X 2-1/4 PREMIUM W/O S.E,EN,26056.8,3.2212,83934.16,1
ACEDB60,#60 O.M EDGER BAG SMALL,AC,19.0,16.3514,310.67,1
ADSI776374,SIKA 910 CONST.ADHESIVE 10.1OZ,AD,191.0,5.1645,986.41,1
TA3M06819,"3M #2090 BLUE TAPE 1.41"" X 60",TA,436.0,3.9229,1710.38,1
APDT8040,"DURATOOL APPLICATOR 10"" #8040",MI,186.0,6.2371,1160.1,1
MOSOMDEA,SPECIAL ORDER MDF MOULDING EA,MO,112.0,11.7292,1313.67,1
MOCAMD108MUL,5/8 X 2-1/2 CASING 711,MO,30.0,6.3665,190.99,1
SBST28292,"STANLEY SCRAPER BLADE 2-1/2""",MI,847.0,1.6269,1377.98,1
ADSI184915,SIKAFLEX 11FC ADHESIVE 10Z,AD,235.0,3.6164,849.85,1
STDS124,QUICKCOAT STAIN SPEC WALNUT,ST,175.0,17.4694,3057.14,1
FIBOW3009,BONA MEGA ONE EXTRA MATTE,FI,129.0,86.2431,11125.35,1
GHCVO31468,"W/O PR.WHEAT ENG 3-1/4"" 2MM",EN,31472.0,2.7055,85147.49,1
EP3M03648,3M MAROON EDGER PAD 7 X 5/16,AB,287.0,1.4819,425.3,1
MOBS12R,1/2 x 3/4 BASE SHOE - RED OAK,MO,5837.5,0.2995,1748.33,1
STDS116,QUICKCOAT STAIN ANTIQUE BROWN,ST,207.0,17.2766,3576.25,1
GCIINO8M54,GII 8' NOSING WHEAT,MO,6.0,46.965,281.79,1
GFALO9503,"EURO OAK 9.5"" DOMA",EN,29314.53,5.191,152171.72,1
FCWO511310A,WOCA OIL REFRESHER - WHITE 1L,CS,16.0,24.2034,387.25,1
WPDSFWO1,DURASEAL W/O FILLER 1 GAL,WP,86.0,22.9553,1974.15,1
RQ314SRSSP,3/4 x 3-1/4 SEL/BTR RED OAK,SF,7895.9,2.0539,16217.38,1
BELO8C066,"LOBA CERAMIC BELT 8"" P80",AB,234.0,5.7297,1340.74,1
ARLB031,LOBA ROLLER MICRO 120,MI,244.0,10.4393,2547.18,1
HTWAFL155,TROWEL US STYLE B11,HT,36.0,7.2501,261.0,1
ARDT8041,"DURATOOL REFILL 10"" #8041",MI,191.0,4.0007,764.13,1
GCSETEX-1724,SAMPLE SET - EXOTICS,SA,95.0,175.713,16692.73,1
APTAP26,"DURATOOL 24"" FOAM REFILL #8026",MI,142.0,7.5525,1072.45,1
UNCOAC12,"1/2"" ACOUSTIC CORK SHEETS 2x3",UN,87372.0,1.3008,113653.49,1
HTGLSL160,"FEIN 1-3/8"" LONG LIFE BLADE",HT,106.0,7.037,745.92,1
STDS112,QUICKCOAT STAIN GOLDEN OAK,ST,289.0,17.0815,4936.55,1
WPWWFT301,WOODWISE FULL TROWEL FILLER,WP,36.0,23.8712,859.36,1
GLIL805,"12MM 7.72"" X 48"" GLAZE",LA,4717.3,1.3686,6456.09,1
FAPNC134S,"POWERCLEATS 1-3/4"" - 1M - 16G",FA,247.0,9.3207,2302.21,1
FASEFDA21,"SENCO FINISH NAILS 2"" DA21",FA,54.0,29.1931,1576.42,1
GCEXNO8A16,"EXOTIC 1/2"" 8' NOSING BLK.WALN",MO,0.0,0.0,0.0,1
UNSI532621,SIKA LEVEL 225 SELF-LEVELING,UN,1739.0,21.1817,36834.97,1
RAFL10,FLANNEL RAGS 10LBS BOX,MI,198.0,15.3406,3037.43,1
PRULK102500,"BOSTIK UNIVERSAL PRIMER ""PRO""",MI,121.0,38.067,4606.1,1
WPCRBA20,COLOR RITE BA20 (5.5OZ),WP,171.0,8.1969,1401.66,1
ED3M605,3M EDGER DISC 7 X 5/16 60G,AB,3951.0,0.6553,2589.09,1
FIBOW1556,BONA TRAFFIC HD SATIN,FI,135.0,137.2394,18527.31,1
UNCOAC14,"1/4"" ACOUSTIC CORK SHEETS 2x3",UN,165192.0,0.6319,104384.82,1
HTGLAV2,ADJUSTABLE FLOOR SPACERS 4/PK,HT,73.0,9.7458,711.44,1
GFLEO7504,"EURO OAK 7.5"" CHANTAL",EN,8628.4,3.2826,28323.58,1
WPCRCA28,COLOR RITE CA28 (5.5OZ),WP,79.0,8.2651,652.94,1
GCMISCLF,GARRISON LF MISC ITEM,MO,333.5,2.0072,669.4,1
GFLEO1002,"EURO OAK 10.25"" LODI",EN,7241.22,3.1946,23132.8,1
MORIM,3/4 x 7 1/4 RISER - MAPLE,MO,2513.0,3.8186,9596.14,1
MOQR34PR,3/4 x 3/4 PRIME QUARTER ROUND,MO,46962.0,0.1146,5381.84,1
RH112SOSNB-24,"1/2 x 1 1/2"" SELECT W/O NESTED",SF,2880.0,3.9581,11399.32,1
FIBOW1559,BONA TRAFFIC HD EXTRA MATTE,FI,118.0,137.4444,16218.43,1
HTMTNT682,TROWEL 3/16 X 1/4 X 5/16 (V),HT,30.0,7.8196,234.58,1
GNIIW538,"WALNUT 5"" NATURAL DISTRESSED",EN,15855.0,3.7645,59686.14,1
MOBBMD387MUL5,1/2 X 5-1/2 1RE CRAFTSMAN BASE,MO,1273.0,5.4221,6902.33,1
GNSSM554,"MAPLE 5"" SMOOTH WHEAT",EN,13139.5,2.9983,39396.16,1
GCSETII-1724,SAMPLE SET - GII DIST.,SA,38.0,158.2214,6012.41,1
FILBW014,LOBA EASYFINISH SEMI-GLOSS,FI,350.0,67.2283,23529.9,1
HI3M5RQC1005,"3M 5"" X 5 HOLE HD HOOKIT 100G",AB,4291.0,0.4865,2087.57,1
TA3M06820,"3M #2090 BLUE TAPE 1.88"" X 60",TA,530.0,5.2643,2790.07,1
FCBOG850832,"BOSTIK,ULT.ADHES.REMOV. QT",CS,111.0,25.1524,2791.91,1
MONOFO,5/8 X 3-1/2 X 8' NOSING W/O,MO,621.0,23.6435,14682.61,1
FIBOW2516,BONA NATURALSEAL,FI,72.0,62.6527,4510.99,1
STDS171,QUICKCOAT STAIN DARK WALNUT,ST,137.0,16.0032,2192.43,1
MOBBMD329MUL,9/16 X 3-7/8 NEWPORT BASE,MO,96.0,10.8224,1038.95,1
MORIMD751,11/16 X 7 1/4 S4S MDF RISER,MO,437.0,14.5271,6348.34,1
ARDT8037,"DURATOOL REFILL 6"" #8037",MI,557.0,3.1999,1782.34,1
ADSI414788,SIKABOND T-21 ALL-IN-1 (4 GAL),AD,910.0,107.6579,97968.68,1
MPAA40818A,BRUSHES (SUPER 7)WITH WIRE.,MP,75.0,6.0444,453.33,1
APTAP2,"DURATOOL 18"" FOAM REFILL #8020",MI,634.0,6.75,4279.5,1
FCBOAR2000,AR2000 CLEANER,CS,105.0,27.3983,2876.82,1
MONO12O,1/2 x 3-1/2 NOSING - WHITE OAK,MO,2325.0,4.5464,10570.38,1
MORIO,3/4 x 7 1/4 W/O RISER,MO,1176.05,6.349,7466.74,1
WPCRCC10,COLOR RITE CC10 (5.5OZ),WP,464.0,7.9323,3680.58,1
ED3M1005,3M EDGER DISC 7X 5/16 100G REG,AB,7552.0,0.511,3859.07,1
STDS110,QUICKCOAT STAIN NEUTRAL,ST,237.0,15.9601,3782.54,1
ACSAB30X,#30 O.M X-LARGE SANDER BAG,AC,15.0,18.1384,272.07,1
HTMT779SD,TROWEL 1/4 X 1/4 V-NOTCH,HT,83.0,13.8882,1152.72,1
GVVN904,"6.5MM 9"" X 60"" - COSMOS",VF,800.8,1.149,920.11,1
ADSI749711,SIKABOND T-17 (4GAL),AD,817.0,74.7036,61032.84,1
AAFL187,,,0.0,0.0,0.0,1
AALB113,,,0.0,0.0,0.0,1
AALB128,,,0.0,0.0,0.0,1
AB3M27805,,,0.0,0.0,0.0,1
AB3M27806,,,0.0,0.0,0.0,1
AB3M27819,,,0.0,0.0,0.0,1
ABNO40811,,,0.0,0.0,0.0,1
ABNO40813,,,0.0,0.0,0.0,1
ABNO69003,,,0.0,0.0,0.0,1
ABNO69004,,,0.0,0.0,0.0,1
ACBUPD0516,,,0.0,0.0,0.0,1
ACCV687902,,,0.0,0.0,0.0,1
ACNAMHB,,,0.0,0.0,0.0,1
ACSA103SO,,,0.0,0.0,0.0,1
ACSWCR335,,,0.0,0.0,0.0,1
ACSWCR552,,,0.0,0.0,0.0,1
ACSWCR789,,,0.0,0.0,0.0,1
ACSWCR803,,,0.0,0.0,0.0,1
ACSWCR804,,,0.0,0.0,0.0,1
ACSWCR805,,,0.0,0.0,0.0,1
ACSWM711202,,,0.0,0.0,0.0,1
ACVADH24,,,0.0,0.0,0.0,1
ACVAVA70120R,,,0.0,0.0,0.0,1
ACVAVAKITSP4,,,0.0,0.0,0.0,1
ACVAVP950,,,0.0,0.0,0.0,1
ADBOG621304G-,,,0.0,0.0,0.0,1
ADDR7900,,,0.0,0.0,0.0,1
ADSO,,,0.0,0.0,0.0,1
ADWAFL007,,,0.0,0.0,0.0,1
ADWAFL014,,,0.0,0.0,0.0,1
ADWAFL092,,,0.0,0.0,0.0,0
ADWAFL106,,,0.0,0.0,0.0,1
ADWAFL124,,,0.0,0.0,0.0,1
ADWAFL180,,,0.0,0.0,0.0,1
ADWAFL188,,,0.0,0.0,0.0,1
AGBO30618568,,,0.0,0.0,0.0,1
AGDRWG1,,,0.0,0.0,0.0,1
APLB020,,,0.0,0.0,0.0,1
APLB022,,,0.0,0.0,0.0,1
APSH9,,,0.0,0.0,0.0,1
ARFP14,,,0.0,0.0,0.0,1
ARSLP16,,,0.0,0.0,0.0,1
ARSLP18,,,0.0,0.0,0.0,1
ARUN14,,,0.0,0.0,0.0,1
ARWP10,,,0.0,0.0,0.0,1
ARWP12,,,0.0,0.0,0.0,1
ARWP16,,,0.0,0.0,0.0,1
ARWP18,,,0.0,0.0,0.0,1
ARWP3141,,,0.0,0.0,0.0,0
BD3M161202,,,0.0,0.0,0.0,1
BD3M16502,,,0.0,0.0,0.0,1
BD3M16602,,,0.0,0.0,0.0,0
BE3M10120,,,0.0,0.0,0.0,0
BE3M10150,,,0.0,0.0,0.0,1
BE3MG1236,,,0.0,0.0,0.0,1
BE3MH12150,,,0.0,0.0,0.0,1
BELO8Z020,,,0.0,0.0,0.0,1
BENO45027,,,0.0,0.0,0.0,1
BENO45028,,,0.0,0.0,0.0,1
BENO45030,,,0.0,0.0,0.0,1
BENO45031,,,0.0,0.0,0.0,1
BENO45032,,,0.0,0.0,0.0,1
BENO45033,,,0.0,0.0,0.0,1
BENO45035,,,0.0,0.0,0.0,1
BENO50001,,,0.0,0.0,0.0,1
BRHH24,,,0.0,0.0,0.0,1
BRHH36,,,0.0,0.0,0.0,1
CHAC1,,,0.0,0.0,0.0,1
CHLT1,,,0.0,0.0,0.0,0
CHPT1,,,0.0,0.0,0.0,1
CWQS0608F,,,0.0,0.0,0.0,1
CWS1201F,,,0.0,0.0,0.0,1
DF512PI,,,0.0,0.0,0.0,0
DF512PIL,,,0.0,0.0,0.0,0
DP3M12100C,,,0.0,0.0,0.0,0
DP3M12120C,,,0.0,0.0,0.0,0
DP3M1224C,,,0.0,0.0,0.0,0
DP3M1230,,,0.0,0.0,0.0,1
DP3M1230C,,,0.0,0.0,0.0,1
DP3M1236C,,,0.0,0.0,0.0,0
DP3M1240C,,,0.0,0.0,0.0,0
DP3M1250,,,0.0,0.0,0.0,1
DP3M1250C,,,0.0,0.0,0.0,0
DP3M1260,,,0.0,0.0,0.0,1
DP3M1260C,,,0.0,0.0,0.0,0
DP3M1280,,,0.0,0.0,0.0,1
DP3M1280C,,,0.0,0.0,0.0,0
DP3M850C,,,0.0,0.0,0.0,1
DP3M860C,,,0.0,0.0,0.0,1
DP3M880C,,,0.0,0.0,0.0,1
DPNO12100C,,,0.0,0.0,0.0,0
DPNO12120C,,,0.0,0.0,0.0,1
DPNO1236C,,,0.0,0.0,0.0,1
DPNO1240C,,,0.0,0.0,0.0,1
DPNO1250C,,,0.0,0.0,0.0,0
DPNO1260C,,,0.0,0.0,0.0,0
DPNO1280C,,,0.0,0.0,0.0,1
DPNO55944,,,0.0,0.0,0.0,1
DPNO55945,,,0.0,0.0,0.0,1
DPNO55946,,,0.0,0.0,0.0,1
DPNO55947,,,0.0,0.0,0.0,1
DPNO83292,,,0.0,0.0,0.0,1
DPNO83295,,,0.0,0.0,0.0,1
DPNO83296,,,0.0,0.0,0.0,1
DPNO83297,,,0.0,0.0,0.0,1
ED3M207,,,0.0,0.0,0.0,0
ED3M305,,,0.0,0.0,0.0,1
ED3M307,,,0.0,0.0,0.0,1
ED3M61207,,,0.0,0.0,0.0,1
ED3M7RQC40,,,0.0,0.0,0.0,1
ED3M7RQC80,,,0.0,0.0,0.0,1
ED3MN1506,,,0.0,0.0,0.0,1
EDNO40285,,,0.0,0.0,0.0,1
EDNO55961,,,0.0,0.0,0.0,1
EDNO55962,,,0.0,0.0,0.0,1
EDNO55964,,,0.0,0.0,0.0,1
EDNO55967,,,0.0,0.0,0.0,1
ENFO9500SM-22,,,0.0,0.0,0.0,1
ENFO9500SS-22,,,0.0,0.0,0.0,1
ENPSO85801,,,0.0,0.0,0.0,1
ENPSO85803-31,,,0.0,0.0,0.0,1
ENPSO85804,,,0.0,0.0,0.0,1
ENPSO85805,,,0.0,0.0,0.0,1
ENSOM,,,0.0,0.0,0.0,1
ENSOO,,,0.0,0.0,0.0,1
EP3M07961,,,0.0,0.0,0.0,1
EP3M1100,,,0.0,0.0,0.0,1
EP3M905434DC,,,0.0,0.0,0.0,1
ES3M1003,,,0.0,0.0,0.0,0
ES3M100T,,,0.0,0.0,0.0,1
ES3M1507,,,0.0,0.0,0.0,1
ES3M805,,,0.0,0.0,0.0,1
ES3M807,,,0.0,0.0,0.0,1
FAAE5453P,,,0.0,0.0,0.0,1
FAER125C,,,0.0,0.0,0.0,1
FAER150C,,,0.0,0.0,0.0,1
FAER175C,,,0.0,0.0,0.0,1
FAPNC112,,,0.0,0.0,0.0,1
FAPNC120,,,0.0,0.0,0.0,1
FAPNE114,,,0.0,0.0,0.0,1
FASEBAY10EAA,,,0.0,0.0,0.0,1
FASEBAY11EAA,,,0.0,0.0,0.0,1
FASEFDA15,,,0.0,0.0,0.0,0
FASEFDA23,,,0.0,0.0,0.0,1
FASEFDA25,,,0.0,0.0,0.0,1
FASEL15BAB,,,0.0,0.0,0.0,1
FASEL17BAB,,,0.0,0.0,0.0,1
FASTSX5035127M,,,0.0,0.0,0.0,1
FASTSX503534,,,0.0,0.0,0.0,1
FCBO18159,,,0.0,0.0,0.0,1
FCBO3053,,,0.0,0.0,0.0,1
FCBO51001,,,0.0,0.0,0.0,1
FCBO61005,,,0.0,0.0,0.0,1
FCDS7101L,,,0.0,0.0,0.0,1
FCDS7236L,,,0.0,0.0,0.0,1
FCDS86700,,,0.0,0.0,0.0,1
FCGA001,,,0.0,0.0,0.0,0
FCGA002,,,0.0,0.0,0.0,0
FCLOMA008,,,0.0,0.0,0.0,1
FCLOMA018,,,0.0,0.0,0.0,1
FCWO510901A,,,0.0,0.0,0.0,1
FCWO511110A,,,0.0,0.0,0.0,0
FCWO511125A,,,0.0,0.0,0.0,1
FCWO511205A,,,0.0,0.0,0.0,1
FCWO511225A,,,0.0,0.0,0.0,1
FCWO522072AA,,,0.0,0.0,0.0,1
FCWO522075AA,,,0.0,0.0,0.0,1
FCWO530225AA,,,0.0,0.0,0.0,1
FCWO531425AA,,,0.0,0.0,0.0,1
FCWO531825AA,,,0.0,0.0,0.0,1
FCWO532325AA,,,0.0,0.0,0.0,1
FCWO535325AA,,,0.0,0.0,0.0,1
FCWO551525A,,,0.0,0.0,0.0,1
FCWO551541A,,,0.0,0.0,0.0,1
FCWO617951A,,,0.0,0.0,0.0,1
FCWWPMKCVRS,,,0.0,0.0,0.0,1
FIBOW5091,,,0.0,0.0,0.0,1
FIBSFINI10102P,,,0.0,0.0,0.0,1
FIBSFINI10115P,,,0.0,0.0,0.0,1
FIBSFINI10122P,,,0.0,0.0,0.0,1
FIBSFINI10210,,,0.0,0.0,0.0,1
FIBSFINI10230,,,0.0,0.0,0.0,1
FIBSFINI10715,,,0.0,0.0,0.0,1
FIBSFINI10725,,,0.0,0.0,0.0,1
FIBSFINI10735,,,0.0,0.0,0.0,1
FIBSPRIM10000,,,0.0,0.0,0.0,1
FIBSPRIM20000,,,0.0,0.0,0.0,1
FIBSPRIM60002,,,0.0,0.0,0.0,1
FIDSO33460,,,0.0,0.0,0.0,1
FIDSO33461,,,0.0,0.0,0.0,0
FIDSO33462,,,0.0,0.0,0.0,1
FIDSO83300,,,0.0,0.0,0.0,1
FIDSO835611,,,0.0,0.0,0.0,0
FIDSO835613,,,0.0,0.0,0.0,0
FIDSW83400,,,0.0,0.0,0.0,1
FIHAO84001,,,0.0,0.0,0.0,1
FIHAO8402,,,0.0,0.0,0.0,1
FIHAO84021,,,0.0,0.0,0.0,1
FIHAW6400G,,,0.0,0.0,0.0,1
FIHAW6401G,,,0.0,0.0,0.0,1
FIHAW6402G,,,0.0,0.0,0.0,1
FIHAW6403G,,,0.0,0.0,0.0,1
FIIO100MC4GAL,,,0.0,0.0,0.0,1
FILB026,,,0.0,0.0,0.0,1
FILB191,,,0.0,0.0,0.0,1
FILB192,,,0.0,0.0,0.0,1
FILBW067,,,0.0,0.0,0.0,1
FILBW100,,,0.0,0.0,0.0,1
FPGL3003,,,0.0,0.0,0.0,1
FPGL3005,,,0.0,0.0,0.0,1
FPGL3020,,,0.0,0.0,0.0,1
FPGL3021,,,0.0,0.0,0.0,1
FPGL3120,,,0.0,0.0,0.0,1
FPWWFLT3424,,,0.0,0.0,0.0,1
FPWWFLT424,,,0.0,0.0,0.0,1
FPWWFLT424B,,,0.0,0.0,0.0,1
FPWWFLT57824,,,0.0,0.0,0.0,1
FPWWFLT57824B,,,0.0,0.0,0.0,1
FWAS901XL,,,0.0,0.0,0.0,0
GCAL5SNO,,,0.0,0.0,0.0,1
GCALBTO8O03,,,0.0,0.0,0.0,1
GCALBTO8O04,,,0.0,0.0,0.0,1
GCALBTO8O05,,,0.0,0.0,0.0,1
GCALBTO8O06,,,0.0,0.0,0.0,1
GCALBTO8O07,,,0.0,0.0,0.0,1
GCALBTO8O08,,,0.0,0.0,0.0,1
GCALNOO8O01,,,0.0,0.0,0.0,1
GCALNOO8O02,,,0.0,0.0,0.0,1
GCALNOO8O04,,,0.0,0.0,0.0,1
GCALNOO8O06,,,0.0,0.0,0.0,1
GCALNOO8O07,,,0.0,0.0,0.0,1
GCALNOO8O08,,,0.0,0.0,0.0,1
GCALRE7O01,,,0.0,0.0,0.0,1
GCALRE7O02,,,0.0,0.0,0.0,1
GCALRE7O06,,,0.0,0.0,0.0,1
GCALRE8O03,,,0.0,0.0,0.0,1
GCALRE8O04,,,0.0,0.0,0.0,1
GCALRE8O05,,,0.0,0.0,0.0,1
GCALRE8O07,,,0.0,0.0,0.0,1
GCALRE8O08,,,0.0,0.0,0.0,1
GCALSNO7O03,,,0.0,0.0,0.0,1
GCALSNO7O08,,,0.0,0.0,0.0,1
GCALTMO8O01,,,0.0,0.0,0.0,1
GCALTMO8O02,,,0.0,0.0,0.0,1
GCALTMO8O03,,,0.0,0.0,0.0,1
GCALTMO8O06,,,0.0,0.0,0.0,1
GCALTMO8O07,,,0.0,0.0,0.0,1
GCALTMO8O08,,,0.0,0.0,0.0,1
GCBH3SNO,,,0.0,0.0,0.0,1
GCBH5SNO,,,0.0,0.0,0.0,1
GCBHBT8O01,,,0.0,0.0,0.0,1
GCBHBT8O02,,,0.0,0.0,0.0,1
GCBHBT8O03,,,0.0,0.0,0.0,1
GCBHBT8O05,,,0.0,0.0,0.0,1
GCBHBT8O06,,,0.0,0.0,0.0,1
GCBHBT8O07,,,0.0,0.0,0.0,1
GCBHBT8O08,,,0.0,0.0,0.0,1
GCBHNO8O04,,,0.0,0.0,0.0,1
GCBHNO8O08,,,0.0,0.0,0.0,1
GCBHNO8O10,,,0.0,0.0,0.0,1
GCBHNO8O11,,,0.0,0.0,0.0,1
GCBHRE8O01,,,0.0,0.0,0.0,1
GCBHRE8O02,,,0.0,0.0,0.0,1
GCBHRE8O03,,,0.0,0.0,0.0,1
GCBHRE8O04,,,0.0,0.0,0.0,1
GCBHRE8O05,,,0.0,0.0,0.0,1
GCBHRE8O06,,,0.0,0.0,0.0,1
GCBHRE8O08,,,0.0,0.0,0.0,1
GCBHRE8O09,,,0.0,0.0,0.0,1
GCBHRE8O10,,,0.0,0.0,0.0,1
GCBHSNO,,,0.0,0.0,0.0,1
GCBHTM8O02,,,0.0,0.0,0.0,1
GCBHTM8O04,,,0.0,0.0,0.0,1
GCBHTM8O07,,,0.0,0.0,0.0,1
GCBHTM8O08,,,0.0,0.0,0.0,1
GCBHTM8O09,,,0.0,0.0,0.0,1
GCBHTM8O10,,,0.0,0.0,0.0,1
GCBLBT8O001,,,0.0,0.0,0.0,1
GCBLBT8O003,,,0.0,0.0,0.0,1
GCBLBT8O005,,,0.0,0.0,0.0,1
GCBLNO8O001,,,0.0,0.0,0.0,1
GCBLNO8O005,,,0.0,0.0,0.0,1
GCBLTM8O001,,,0.0,0.0,0.0,1
GCBLTM8O006,,,0.0,0.0,0.0,1
GCBSHH51,,,0.0,0.0,0.0,1
GCBSMH54,,,0.0,0.0,0.0,1
GCBSMH92,,,0.0,0.0,0.0,1
GCBSOH38,,,0.0,0.0,0.0,1
GCBSRH38,,,0.0,0.0,0.0,1
GCBSWH23,,,0.0,0.0,0.0,1
GCCANO8H101,,,0.0,0.0,0.0,1
GCCANO8H103,,,0.0,0.0,0.0,1
GCCANO8M207,,,0.0,0.0,0.0,1
GCCARE8H101,,,0.0,0.0,0.0,1
GCCBBT7B145,,,0.0,0.0,0.0,1
GCCBBT8B06,,,0.0,0.0,0.0,1
GCCBBT8B144,,,0.0,0.0,0.0,1
GCCBBT8B17,,,0.0,0.0,0.0,1
GCCBNO8B06,,,0.0,0.0,0.0,1
GCCBNO8B144,,,0.0,0.0,0.0,1
GCCBNO8B145,,,0.0,0.0,0.0,1
GCCBNO8H23,,,0.0,0.0,0.0,1
GCCBRE7H141,,,0.0,0.0,0.0,1
GCCBRE8B144,,,0.0,0.0,0.0,1
GCCBRE8B17,,,0.0,0.0,0.0,1
GCCBRE8H141,,,0.0,0.0,0.0,1
GCCBTM7B17,,,0.0,0.0,0.0,1
GCCBTM7H23,,,0.0,0.0,0.0,1
GCCBTM8B144,,,0.0,0.0,0.0,1
GCCBTM8B145,,,0.0,0.0,0.0,1
GCCBTM8H23,,,0.0,0.0,0.0,1
GCCCBT8H89,,,0.0,0.0,0.0,1
GCCCBT8H90,,,0.0,0.0,0.0,1
GCCCBT8M92,,,0.0,0.0,0.0,1
GCCCBT8M93,,,0.0,0.0,0.0,1
GCCCNO7H89,,,0.0,0.0,0.0,1
GCCCNO7M93,,,0.0,0.0,0.0,1
GCCCNO8H88,,,0.0,0.0,0.0,1
GCCCNO8H89,,,0.0,0.0,0.0,1
GCCCNO8H90,,,0.0,0.0,0.0,1
GCCCRE8H88,,,0.0,0.0,0.0,1
GCCCRE8H89,,,0.0,0.0,0.0,1
GCCCRE8H90,,,0.0,0.0,0.0,1
GCCCRE8M92,,,0.0,0.0,0.0,1
GCCCRE8M93,,,0.0,0.0,0.0,1
GCCCTM7H88,,,0.0,0.0,0.0,1
GCCCTM7H90,,,0.0,0.0,0.0,1
GCCCTM8H88,,,0.0,0.0,0.0,0
GCCCTM8H89,,,0.0,0.0,0.0,1
GCCCTM8H90,,,0.0,0.0,0.0,1
GCCSNO8W01,,,0.0,0.0,0.0,1
GCCSRE8W01,,,0.0,0.0,0.0,1
GCCSTM8W01,,,0.0,0.0,0.0,1
GCCVA3SNO,,,0.0,0.0,0.0,1
GCCVBT7M38,,,0.0,0.0,0.0,1
GCCVBT7O68,,,0.0,0.0,0.0,1
GCCVBT8M38,,,0.0,0.0,0.0,1
GCCVBT8M38USA,,,0.0,0.0,0.0,1
GCCVBT8O38,,,0.0,0.0,0.0,1
GCCVBT8O38USA,,,0.0,0.0,0.0,1
GCCVBT8R38,,,0.0,0.0,0.0,1
GCCVBT8R38USA,,,0.0,0.0,0.0,1
GCCVNO8MH38,,,0.0,0.0,0.0,1
GCCVNO8MH38USA,,,0.0,0.0,0.0,1
GCCVNO8MH38W,,,0.0,0.0,0.0,1
GCCVNO8OH68USA,,,0.0,0.0,0.0,1
GCCVNO8RH38USA,,,0.0,0.0,0.0,1
GCCVRE7OH68,,,0.0,0.0,0.0,1
GCCVRE8MH38,,,0.0,0.0,0.0,0
GCCVRE8MH38USA,,,0.0,0.0,0.0,1
GCCVRE8MH38W,,,0.0,0.0,0.0,1
GCCVRE8OH38,,,0.0,0.0,0.0,1
GCCVRE8OH38USA,,,0.0,0.0,0.0,1
GCCVRE8OH68,,,0.0,0.0,0.0,1
GCCVRE8OH68USA,,,0.0,0.0,0.0,1
GCCVRE8RH38,,,0.0,0.0,0.0,1
GCCVRE8RH38USA,,,0.0,0.0,0.0,1
GCCVTM7O38,,,0.0,0.0,0.0,1
GCCVTM8M38,,,0.0,0.0,0.0,1
GCCVTM8M38USA,,,0.0,0.0,0.0,1
GCCVTM8M38W,,,0.0,0.0,0.0,1
GCCVTM8O68USA,,,0.0,0.0,0.0,1
GCCVTM8R38USA,,,0.0,0.0,0.0,1
GCCYNO8O08,,,0.0,0.0,0.0,1
GCCYRE8O08,,,0.0,0.0,0.0,1
GCCYTM8O01,,,0.0,0.0,0.0,1
GCCYTM8O08,,,0.0,0.0,0.0,1
GCDBBT8O182,,,0.0,0.0,0.0,1
GCDBBT8O187,,,0.0,0.0,0.0,1
GCDBNO8O181,,,0.0,0.0,0.0,1
GCDBNO8O182,,,0.0,0.0,0.0,1
GCDBNO8O184,,,0.0,0.0,0.0,1
GCDBNO8O187,,,0.0,0.0,0.0,1
GCDBNO8O193,,,0.0,0.0,0.0,1
GCDBNO8O195,,,0.0,0.0,0.0,1
GCDBRE7O187,,,0.0,0.0,0.0,1
GCDBRE8O182,,,0.0,0.0,0.0,1
GCDBRE8O184,,,0.0,0.0,0.0,1
GCDBRE8O187,,,0.0,0.0,0.0,1
GCDBRE8O193,,,0.0,0.0,0.0,1
GCDBSNO,,,0.0,0.0,0.0,1
GCDBTM7O182,,,0.0,0.0,0.0,1
GCDBTM8O184,,,0.0,0.0,0.0,1
GCDBTM8O187,,,0.0,0.0,0.0,1
GCDBTM8O193,,,0.0,0.0,0.0,1
GCDVBT8O713,,,0.0,0.0,0.0,1
GCDVNO8O701,,,0.0,0.0,0.0,1
GCDVNO8O702,,,0.0,0.0,0.0,1
GCDVNO8O709,,,0.0,0.0,0.0,1
GCDVNO8O713,,,0.0,0.0,0.0,1
GCDVTM8O707,,,0.0,0.0,0.0,1
GCDVTM8O713,,,0.0,0.0,0.0,1
GCEXBSAH146,,,0.0,0.0,0.0,1
GCEXBSAH38,,,0.0,0.0,0.0,1
GCEXBSBH38,,,0.0,0.0,0.0,1
GCEXBT4A16,,,0.0,0.0,0.0,1
GCEXBT7B38,,,0.0,0.0,0.0,1
GCEXBT8A147,,,0.0,0.0,0.0,1
GCEXBT8A16,,,0.0,0.0,0.0,1
GCEXBT8A38,,,0.0,0.0,0.0,1
GCEXBT8B38,,,0.0,0.0,0.0,1
GCEXBT8PR38,,,0.0,0.0,0.0,1
GCEXBT8S38,,,0.0,0.0,0.0,1
GCEXBT8SA38,,,0.0,0.0,0.0,1
GCEXBT8T38,,,0.0,0.0,0.0,1
GCEXNO4A146,,,0.0,0.0,0.0,1
GCEXNO4A38,,,0.0,0.0,0.0,1
GCEXNO4B38,,,0.0,0.0,0.0,1
GCEXNO4CU38,,,0.0,0.0,0.0,1
GCEXNO4T38,,,0.0,0.0,0.0,1
GCEXNO6B38,,,0.0,0.0,0.0,1
GCEXNO6PR38,,,0.0,0.0,0.0,1
GCEXNO6S38,,,0.0,0.0,0.0,1
GCEXNO6SA38,,,0.0,0.0,0.0,0
GCEXNO7A146,,,0.0,0.0,0.0,1
GCEXNO7A147,,,0.0,0.0,0.0,1
GCEXNO7S38,,,0.0,0.0,0.0,1
GCEXNO7T38,,,0.0,0.0,0.0,1
GCEXNO8A147,,,0.0,0.0,0.0,1
GCEXNO8S38,,,0.0,0.0,0.0,1
GCEXNO8SA38,,,0.0,0.0,0.0,1
GCEXRE4A146,,,0.0,0.0,0.0,1
GCEXRE4A147,,,0.0,0.0,0.0,1
GCEXRE4A16,,,0.0,0.0,0.0,1
GCEXRE4A38,,,0.0,0.0,0.0,1
GCEXRE6B38,,,0.0,0.0,0.0,1
GCEXRE6PR38,,,0.0,0.0,0.0,1
GCEXRE6SA38,,,0.0,0.0,0.0,1
GCEXRE6T38,,,0.0,0.0,0.0,1
GCEXRE7A146,,,0.0,0.0,0.0,1
GCEXRE7B38,,,0.0,0.0,0.0,1
GCEXRE7S38,,,0.0,0.0,0.0,1
GCEXRE7T38,,,0.0,0.0,0.0,1
GCEXRE8A147,,,0.0,0.0,0.0,1
GCEXRE8A16,,,0.0,0.0,0.0,1
GCEXRE8A38,,,0.0,0.0,0.0,1
GCEXRE8B38,,,0.0,0.0,0.0,1
GCEXRE8S38,,,0.0,0.0,0.0,1
GCEXRE8SA38,,,0.0,0.0,0.0,1
GCEXRE8T38,,,0.0,0.0,0.0,1
GCEXSNO,,,0.0,0.0,0.0,1
GCEXTM4A146,,,0.0,0.0,0.0,1
GCEXTM4A147,,,0.0,0.0,0.0,1
GCEXTM4A16,,,0.0,0.0,0.0,0
GCEXTM4A38,,,0.0,0.0,0.0,1
GCEXTM4T38,,,0.0,0.0,0.0,1
GCEXTM6A16,,,0.0,0.0,0.0,1
GCEXTM6B38,,,0.0,0.0,0.0,1
GCEXTM6PR38,,,0.0,0.0,0.0,1
GCEXTM6S38,,,0.0,0.0,0.0,1
GCEXTM6SA38,,,0.0,0.0,0.0,0
GCEXTM7A146,,,0.0,0.0,0.0,1
GCEXTM7A16,,,0.0,0.0,0.0,1
GCEXTM7B38,,,0.0,0.0,0.0,1
GCEXTM7T38,,,0.0,0.0,0.0,1
GCEXTM8CU38,,,0.0,0.0,0.0,1
GCEXTM8SA38,,,0.0,0.0,0.0,1
GCFCBT8O167,,,0.0,0.0,0.0,1
GCFCNO8O40,,,0.0,0.0,0.0,1
GCFCNO8O87,,,0.0,0.0,0.0,1
GCFCRE8O102,,,0.0,0.0,0.0,1
GCFCRE8O167,,,0.0,0.0,0.0,1
GCFCRE8O172,,,0.0,0.0,0.0,1
GCFCRE8O87,,,0.0,0.0,0.0,1
GCFCTM7O172,,,0.0,0.0,0.0,1
GCFCTM8O167,,,0.0,0.0,0.0,1
GCFCTM8O172,,,0.0,0.0,0.0,1
GCFCTM8O40,,,0.0,0.0,0.0,1
GCGITM8O001,,,0.0,0.0,0.0,1
GCGL3SNO,,,0.0,0.0,0.0,1
GCGLBT8R02,,,0.0,0.0,0.0,1
GCGLNO8R01,,,0.0,0.0,0.0,1
GCGLNO8R03,,,0.0,0.0,0.0,1
GCGLNO8R04,,,0.0,0.0,0.0,1
GCGLNO8R05,,,0.0,0.0,0.0,1
GCGLNO8R06,,,0.0,0.0,0.0,1
GCGLRE8R02,,,0.0,0.0,0.0,1
GCGLRE8R03,,,0.0,0.0,0.0,1
GCGLRE8R04,,,0.0,0.0,0.0,1
GCGLSNO,,,0.0,0.0,0.0,1
GCGLTM8R01,,,0.0,0.0,0.0,1
GCGLTM8R02,,,0.0,0.0,0.0,1
GCGLTM8R03,,,0.0,0.0,0.0,1
GCGLTM8R06,,,0.0,0.0,0.0,1
GCII3SNO,,,0.0,0.0,0.0,1
GCIIBT7H02,,,0.0,0.0,0.0,1
GCIIBT8H38,,,0.0,0.0,0.0,1
GCIIBT8H51,,,0.0,0.0,0.0,1
GCIIBT8M08,,,0.0,0.0,0.0,1
GCIIBT8M171,,,0.0,0.0,0.0,1
GCIIBT8M77,,,0.0,0.0,0.0,1
GCIIBT8W38,,,0.0,0.0,0.0,1
GCIINO7H51,,,0.0,0.0,0.0,1
GCIINO8H38,,,0.0,0.0,0.0,1
GCIINO8H51,,,0.0,0.0,0.0,1
GCIINO8W104,,,0.0,0.0,0.0,1
GCIIRE7H38,,,0.0,0.0,0.0,1
GCIIRE8H02,,,0.0,0.0,0.0,1
GCIIRE8M54,,,0.0,0.0,0.0,1
GCIIRE8O13,,,0.0,0.0,0.0,1
GCIIRE8W38,,,0.0,0.0,0.0,1
GCIISNO,,,0.0,0.0,0.0,1
GCIITM7M54,,,0.0,0.0,0.0,1
GCKEYSET03,,,0.0,0.0,0.0,1
GCKEYSET04,,,0.0,0.0,0.0,1
GCKEYSET05,,,0.0,0.0,0.0,1
GCKEYSET101,,,0.0,0.0,0.0,1
GCKEYSET16,,,0.0,0.0,0.0,1
GCKEYSET43,,,0.0,0.0,0.0,1
GCKEYSET46,,,0.0,0.0,0.0,1
GCKEYSET70,,,0.0,0.0,0.0,1
GCKEYSET72,,,0.0,0.0,0.0,1
GCKEYSET73,,,0.0,0.0,0.0,1
GCKEYSET74,,,0.0,0.0,0.0,1
GCKEYSET901,,,0.0,0.0,0.0,1
GCKEYSET902,,,0.0,0.0,0.0,1
GCKEYSET904,,,0.0,0.0,0.0,1
GCKEYSET905,,,0.0,0.0,0.0,1
GCKEYSET995,,,0.0,0.0,0.0,1
GCKEYSET996,,,0.0,0.0,0.0,1
GCKEYSET997,,,0.0,0.0,0.0,1
GCKEYSET999,,,0.0,0.0,0.0,1
GCLA003,,,0.0,0.0,0.0,1
GCLANO008,,,0.0,0.0,0.0,1
GCLE5SNO,,,0.0,0.0,0.0,1
GCLEBT8O1001,,,0.0,0.0,0.0,1
GCLEBT8O7502,,,0.0,0.0,0.0,1
GCLEBT8O7503,,,0.0,0.0,0.0,1
GCLEBT8O7504,,,0.0,0.0,0.0,1
GCLEBT8O7505,,,0.0,0.0,0.0,1
GCLEBT8O9502,,,0.0,0.0,0.0,1
GCLEBT8O9504,,,0.0,0.0,0.0,1
GCLEBT8W7501,,,0.0,0.0,0.0,1
GCLENO8O1001,,,0.0,0.0,0.0,1
GCLENO8O1003,,,0.0,0.0,0.0,1
GCLENO8O7501,,,0.0,0.0,0.0,1
GCLENO8O7502,,,0.0,0.0,0.0,1
GCLENO8O7504,,,0.0,0.0,0.0,1
GCLENO8O7505,,,0.0,0.0,0.0,1
GCLENO8O7506,,,0.0,0.0,0.0,1
GCLENO8O9501,,,0.0,0.0,0.0,1
GCLENO8O9502,,,0.0,0.0,0.0,1
GCLENO8O9503,,,0.0,0.0,0.0,1
GCLENO8O9504,,,0.0,0.0,0.0,1
GCLERE8O1001,,,0.0,0.0,0.0,1
GCLERE8O7501,,,0.0,0.0,0.0,1
GCLERE8O7503,,,0.0,0.0,0.0,1
GCLERE8O7507,,,0.0,0.0,0.0,1
GCLERE8O9502,,,0.0,0.0,0.0,1
GCLESNO,,,0.0,0.0,0.0,1
GCLETM8O1001,,,0.0,0.0,0.0,1
GCLETM8O1003,,,0.0,0.0,0.0,1
GCLETM8O7501,,,0.0,0.0,0.0,1
GCLETM8O7502,,,0.0,0.0,0.0,1
GCLETM8O7504,,,0.0,0.0,0.0,1
GCLETM8O7506,,,0.0,0.0,0.0,1
GCLETM8O7507,,,0.0,0.0,0.0,1
GCLETM8O9502,,,0.0,0.0,0.0,1
GCLETM8O9504,,,0.0,0.0,0.0,1
GCLETM8W7501,,,0.0,0.0,0.0,1
GCMISCEA,,,0.0,0.0,0.0,1
GCMISCSF,,,0.0,0.0,0.0,1
GCNO8HT00,,,0.0,0.0,0.0,1
GCNP3SNO,,,0.0,0.0,0.0,1
GCNPBSOH206,,,0.0,0.0,0.0,1
GCNPBSOH208,,,0.0,0.0,0.0,1
GCNPBT8O200,,,0.0,0.0,0.0,1
GCNPBT8O206,,,0.0,0.0,0.0,1
GCNPBT8O207,,,0.0,0.0,0.0,1
GCNPBT8O208,,,0.0,0.0,0.0,1
GCNPBT8O210,,,0.0,0.0,0.0,1
GCNPBT8O211,,,0.0,0.0,0.0,1
GCNPNO8O201,,,0.0,0.0,0.0,1
GCNPNO8O206,,,0.0,0.0,0.0,1
GCNPNO8O208,,,0.0,0.0,0.0,1
GCNPNO8O210,,,0.0,0.0,0.0,1
GCNPNO8O211,,,0.0,0.0,0.0,1
GCNPNO8O212,,,0.0,0.0,0.0,1
GCNPRE8O200,,,0.0,0.0,0.0,1
GCNPRE8O201,,,0.0,0.0,0.0,1
GCNPRE8O206,,,0.0,0.0,0.0,1
GCNPRE8O207,,,0.0,0.0,0.0,1
GCNPRE8O208,,,0.0,0.0,0.0,1
GCNPRE8O210,,,0.0,0.0,0.0,0
GCNPSNO,,,0.0,0.0,0.0,1
GCNPSNO8O206,,,0.0,0.0,0.0,1
GCNPSNO8O207,,,0.0,0.0,0.0,1
GCNPTM8O200,,,0.0,0.0,0.0,1
GCNPTM8O201,,,0.0,0.0,0.0,1
GCNPTM8O206,,,0.0,0.0,0.0,1
GCNPTM8O210,,,0.0,0.0,0.0,0
GCNPTM8O211,,,0.0,0.0,0.0,1
GCPAFOUNTAIN,,,0.0,0.0,0.0,1
GCPSBT8O04,,,0.0,0.0,0.0,1
GCPSBT8O05,,,0.0,0.0,0.0,1
GCPSBT8O06,,,0.0,0.0,0.0,1
GCPSNO8O01,,,0.0,0.0,0.0,1
GCPSNO8O03,,,0.0,0.0,0.0,1
GCPSNO8O04,,,0.0,0.0,0.0,1
GCPSNO8O05,,,0.0,0.0,0.0,1
GCPSRE8O01,,,0.0,0.0,0.0,1
GCPSRE8O04,,,0.0,0.0,0.0,1
GCPSRE8O06,,,0.0,0.0,0.0,1
GCPSSNO,,,0.0,0.0,0.0,1
GCPSTM8O01,,,0.0,0.0,0.0,1
GCPSTM8O02,,,0.0,0.0,0.0,1
GCPSTM8O03,,,0.0,0.0,0.0,1
GCPSTM8O04,,,0.0,0.0,0.0,1
GCPSTM8O05,,,0.0,0.0,0.0,1
GCRACK09,,,0.0,0.0,0.0,0
GCRACK13,,,0.0,0.0,0.0,0
GCRACK17,,,0.0,0.0,0.0,0
GCRACK18,,,0.0,0.0,0.0,1
GCRACK20,,,0.0,0.0,0.0,0
GCRACK21,,,0.0,0.0,0.0,0
GCRACK22,,,0.0,0.0,0.0,1
GCRACK23,,,0.0,0.0,0.0,1
GCSAMPLES,,,0.0,0.0,0.0,1
GCSASET99,,,0.0,0.0,0.0,1
GCSBAL7501-2228,,,0.0,0.0,0.0,1
GCSBAL7501S-2228,,,0.0,0.0,0.0,1
GCSBAL7503-2228,,,0.0,0.0,0.0,1
GCSBAL7505-2228,,,0.0,0.0,0.0,1
GCSBAL7505S-2228,,,0.0,0.0,0.0,1
GCSBAL7506-2228,,,0.0,0.0,0.0,1
GCSBAL7508-2228,,,0.0,0.0,0.0,1
GCSBAL9502-2228,,,0.0,0.0,0.0,1
GCSBALPH403,,,0.0,0.0,0.0,1
GCSBALPH405,,,0.0,0.0,0.0,1
GCSBBH9501-2828,,,0.0,0.0,0.0,1
GCSBBH9502-2828,,,0.0,0.0,0.0,1
GCSBBH9503-2828,,,0.0,0.0,0.0,1
GCSBBH9504-2828,,,0.0,0.0,0.0,1
GCSBBH9505-2828,,,0.0,0.0,0.0,1
GCSBBH9506-2828,,,0.0,0.0,0.0,1
GCSBBH9507-2828,,,0.0,0.0,0.0,1
GCSBBH9508-2828,,,0.0,0.0,0.0,1
GCSBBH9509-2828,,,0.0,0.0,0.0,1
GCSBBL7501-2228PL,,,0.0,0.0,0.0,1
GCSBBLPC506-2228PL,,,0.0,0.0,0.0,1
GCSBCBB5144-1724,,,0.0,0.0,0.0,1
GCSBCCH588-1724,,,0.0,0.0,0.0,1
GCSBCCH589-1724,,,0.0,0.0,0.0,1
GCSBCCH590-1724,,,0.0,0.0,0.0,1
GCSBCCM592-1724,,,0.0,0.0,0.0,1
GCSBCVO31438-1724,,,0.0,0.0,0.0,1
GCSBCVO31468-1724,,,0.0,0.0,0.0,1
GCSBCVO538-1724,,,0.0,0.0,0.0,1
GCSBCVO568-1724,,,0.0,0.0,0.0,1
GCSBCVR31438-1724,,,0.0,0.0,0.0,1
GCSBCVR538-1724,,,0.0,0.0,0.0,1
GCSBCY1008-2828,,,0.0,0.0,0.0,1
GCSBDV701-2228,,,0.0,0.0,0.0,1
GCSBDV707-2228,,,0.0,0.0,0.0,1
GCSBEXA5147-1724,,,0.0,0.0,0.0,1
GCSBEXA516-1724,,,0.0,0.0,0.0,1
GCSBEXA538-1724,,,0.0,0.0,0.0,1
GCSBEXSM538-1724,,,0.0,0.0,0.0,1
GCSBEXTI538-1724,,,0.0,0.0,0.0,1
GCSBFC7102-2828,,,0.0,0.0,0.0,1
GCSBFC795-2828,,,0.0,0.0,0.0,1
GCSBIIH538-1724,,,0.0,0.0,0.0,1
GCSBIIH538-1724PL,,,0.0,0.0,0.0,1
GCSBIIM506-1724,,,0.0,0.0,0.0,1
GCSBIIM508-1724,,,0.0,0.0,0.0,1
GCSBIIM5171-1724,,,0.0,0.0,0.0,1
GCSBIIM554-1724,,,0.0,0.0,0.0,1
GCSBIIO513-1724,,,0.0,0.0,0.0,1
GCSBIIW523-1724,,,0.0,0.0,0.0,1
GCSBIIW538-1724,,,0.0,0.0,0.0,1
GCSBN206-2228,,,0.0,0.0,0.0,1
GCSBN208-2228,,,0.0,0.0,0.0,1
GCSBNP206-2228,,,0.0,0.0,0.0,1
GCSBNP207-2228,,,0.0,0.0,0.0,1
GCSBNP208-2228,,,0.0,0.0,0.0,1
GCSBNP211-2228,,,0.0,0.0,0.0,1
GCSBNP212-2228,,,0.0,0.0,0.0,1
GCSBPS85802-2228,,,0.0,0.0,0.0,1
GCSBSSH551-1724,,,0.0,0.0,0.0,1
GCSBSSM506-1724,,,0.0,0.0,0.0,1
GCSBSSM508-1724,,,0.0,0.0,0.0,1
GCSBSSM554-1724,,,0.0,0.0,0.0,1
GCSBSSM577-1724,,,0.0,0.0,0.0,1
GCSBSSW523-1724,,,0.0,0.0,0.0,1
GCSBSSW538-1724,,,0.0,0.0,0.0,1
GCSBVG902-2828,,,0.0,0.0,0.0,1
GCSBVG909-2828,,,0.0,0.0,0.0,1
GCSETABII-2323,,,0.0,0.0,0.0,1
GCSETAL-2228PL,,,0.0,0.0,0.0,1
GCSETALHB-2828,,,0.0,0.0,0.0,1
GCSETBH-2828ADD,,,0.0,0.0,0.0,1
GCSETEX-2528,,,0.0,0.0,0.0,1
GCSETGL-2828,,,0.0,0.0,0.0,1
GCSETGL-2828-1,,,0.0,0.0,0.0,1
GCSETGL-2828-2,,,0.0,0.0,0.0,1
GCSETII-1724B,,,0.0,0.0,0.0,1
GCSETII-2528,,,0.0,0.0,0.0,1
GCSETIL-2424,,,0.0,0.0,0.0,1
GCSETP2-2428,,,0.0,0.0,0.0,0
GCSETSS-1724B,,,0.0,0.0,0.0,1
GCSETSS-2528,,,0.0,0.0,0.0,1
GCSETVN-2323,,,0.0,0.0,0.0,1
GCSSNO7W23,,,0.0,0.0,0.0,1
GCSSNO8M06,,,0.0,0.0,0.0,1
GCTM7OF68,,,0.0,0.0,0.0,1
GCTRIIW,,,0.0,0.0,0.0,1
GCTRLE,,,0.0,0.0,0.0,1
GCVGNO8O02,,,0.0,0.0,0.0,1
GCVGNO8O09,,,0.0,0.0,0.0,1
GCVGNO8O10,,,0.0,0.0,0.0,1
GCVGNO8O11,,,0.0,0.0,0.0,1
GCVGNO8O12,,,0.0,0.0,0.0,1
GCVGNO8O13,,,0.0,0.0,0.0,1
GCVGRE8O03,,,0.0,0.0,0.0,1
GCVGRE8O09,,,0.0,0.0,0.0,1
GCVGRE8O10,,,0.0,0.0,0.0,1
GCVGRE8O11,,,0.0,0.0,0.0,1
GCVGTM8O09,,,0.0,0.0,0.0,1
GCVGTM8O11,,,0.0,0.0,0.0,1
GCVGTM8O12,,,0.0,0.0,0.0,1
GCVYNO8O902,,,0.0,0.0,0.0,1
GCVYNO8O906,,,0.0,0.0,0.0,1
GCVYTM8O904,,,0.0,0.0,0.0,1
GCVYTM8O906,,,0.0,0.0,0.0,1
GDQP2EBD36264,,,0.0,0.0,0.0,1
GDQP2EBD36265,,,0.0,0.0,0.0,1
GDQP2EBD51572,,,0.0,0.0,0.0,1
GDQP2EBD626A9,,,0.0,0.0,0.0,1
GDQP2EBD65626,,,0.0,0.0,0.0,1
GDSP36264860,,,0.0,0.0,0.0,1
GDSPTR36265,,,0.0,0.0,0.0,1
GDSPW36265,,,0.0,0.0,0.0,1
GFALO7506S,,,0.0,0.0,0.0,1
GFALO9500S,,,0.0,0.0,0.0,0
GFALO9501S,,,0.0,0.0,0.0,1
GFALO9502,,,0.0,0.0,0.0,1
GFALPH401-L,,,0.0,0.0,0.0,1
GFALPH401-R,,,0.0,0.0,0.0,1
GFALPH404-L,,,0.0,0.0,0.0,1
GFALPH404-R,,,0.0,0.0,0.0,1
GFCOO5PS,,,0.0,0.0,0.0,1
GFCOR214PS,,,0.0,0.0,0.0,1
GFCOR314PS,,,0.0,0.0,0.0,1
GFCOR5PS,,,0.0,0.0,0.0,1
GFCOW5PS,,,0.0,0.0,0.0,1
GFCSO75001,,,0.0,0.0,0.0,1
GFCSO75002,,,0.0,0.0,0.0,1
GFCSO75005,,,0.0,0.0,0.0,1
GFCSO75006,,,0.0,0.0,0.0,1
GFCSO75007,,,0.0,0.0,0.0,1
GFCSO7501,,,0.0,0.0,0.0,1
GFCSO7504,,,0.0,0.0,0.0,1
GFCSO7505,,,0.0,0.0,0.0,1
GFCYO1001,,,0.0,0.0,0.0,1
GFCYO1002,,,0.0,0.0,0.0,1
GFCYO1004,,,0.0,0.0,0.0,1
GFCYO1005,,,0.0,0.0,0.0,1
GFCYO1008,,,0.0,0.0,0.0,1
GFDBO7181,,,0.0,0.0,0.0,1
GFDBO71812P,,,0.0,0.0,0.0,1
GFDBO7182,,,0.0,0.0,0.0,1
GFDBO7184,,,0.0,0.0,0.0,1
GFDBO71842P,,,0.0,0.0,0.0,1
GFDBO7186,,,0.0,0.0,0.0,1
GFDBO71862P,,,0.0,0.0,0.0,1
GFDBO71872P,,,0.0,0.0,0.0,1
GFDBO7188,,,0.0,0.0,0.0,1
GFDBO7189,,,0.0,0.0,0.0,1
GFDBO7192,,,0.0,0.0,0.0,1
GFDBO71932P,,,0.0,0.0,0.0,1
GFDBO7195,,,0.0,0.0,0.0,1
GFDBO7198,,,0.0,0.0,0.0,1
GFFCOB7102,,,0.0,0.0,0.0,1
GFFCOB7123,,,0.0,0.0,0.0,1
GFFCOB7167,,,0.0,0.0,0.0,1
GFFCOB71672P,,,0.0,0.0,0.0,1
GFFCOB7168,,,0.0,0.0,0.0,1
GFFCOB7172,,,0.0,0.0,0.0,1
GFFCOB732,,,0.0,0.0,0.0,1
GFFCOB740,,,0.0,0.0,0.0,1
GFFCOB787,,,0.0,0.0,0.0,1
GFFCOB795,,,0.0,0.0,0.0,1
GFFCOB7952P,,,0.0,0.0,0.0,1
GFFCPC587-L,,,0.0,0.0,0.0,1
GFFCPC587-R,,,0.0,0.0,0.0,1
GFFCPH5167-L,,,0.0,0.0,0.0,1
GFFCPH5167-R,,,0.0,0.0,0.0,1
GFGIO9502,,,0.0,0.0,0.0,1
GFGIO9504,,,0.0,0.0,0.0,1
GFGLR9504,,,0.0,0.0,0.0,1
GFGLR9507,,,0.0,0.0,0.0,1
GFLEPH501O-L,,,0.0,0.0,0.0,1
GFLEPH501O-R,,,0.0,0.0,0.0,1
GFNVO75082P,,,0.0,0.0,0.0,1
GFVGO902,,,0.0,0.0,0.0,1
GFVGO903,,,0.0,0.0,0.0,1
GFVGO905,,,0.0,0.0,0.0,1
GFVGO910,,,0.0,0.0,0.0,1
GFVGO911,,,0.0,0.0,0.0,1
GFVGO912,,,0.0,0.0,0.0,1
GFVGO913,,,0.0,0.0,0.0,1
GFVGO914,,,0.0,0.0,0.0,1
GFWLO911,,,0.0,0.0,0.0,1
GHBEH75101SB,,,0.0,0.0,0.0,1
GHBEW75402SB,,,0.0,0.0,0.0,1
GHCAH7101,,,0.0,0.0,0.0,1
GHCAH75101,,,0.0,0.0,0.0,1
GHCAH75103,,,0.0,0.0,0.0,1
GHCAM7206,,,0.0,0.0,0.0,1
GHCAM75201,,,0.0,0.0,0.0,1
GHCAM75205,,,0.0,0.0,0.0,1
GHNPO204,,,0.0,0.0,0.0,1
GHNPPHO5207-L,,,0.0,0.0,0.0,1
GHNPPHO5207-R,,,0.0,0.0,0.0,1
GHSLBI6124,,,0.0,0.0,0.0,1
GHSLBI6129,,,0.0,0.0,0.0,1
GLILEC801,,,0.0,0.0,0.0,1
GLILEC803,,,0.0,0.0,0.0,1
GLILEC804,,,0.0,0.0,0.0,1
GLILEC805,,,0.0,0.0,0.0,1
GLILEC806,,,0.0,0.0,0.0,1
GLILEC807,,,0.0,0.0,0.0,1
GLILEC808,,,0.0,0.0,0.0,1
GLILFNO804,,,0.0,0.0,0.0,1
GLILFNO805,,,0.0,0.0,0.0,1
GLILFNO806,,,0.0,0.0,0.0,1
GLILFNO807,,,0.0,0.0,0.0,0
GLILFNO808,,,0.0,0.0,0.0,1
GLILQR801,,,0.0,0.0,0.0,1
GLILQR802,,,0.0,0.0,0.0,1
GLILQR803,,,0.0,0.0,0.0,1
GLILQR804,,,0.0,0.0,0.0,1
GLILQR805,,,0.0,0.0,0.0,1
GLILQR806,,,0.0,0.0,0.0,1
GLILQR807,,,0.0,0.0,0.0,1
GLILRE805,,,0.0,0.0,0.0,0
GLILRE807,,,0.0,0.0,0.0,1
GLILTM805,,,0.0,0.0,0.0,0
GLILTM807,,,0.0,0.0,0.0,0
GLILTR803,,,0.0,0.0,0.0,1
GLILTR804,,,0.0,0.0,0.0,1
GLLATEX8MIL,,,0.0,0.0,0.0,0
GLLATEX8MILM,,,0.0,0.0,0.0,1
GNBLO75006,,,0.0,0.0,0.0,1
GNBLO7501,,,0.0,0.0,0.0,1
GNBLO7503,,,0.0,0.0,0.0,1
GNBLO7505,,,0.0,0.0,0.0,1
GNBLO7506,,,0.0,0.0,0.0,1
GNCVM538,,,0.0,0.0,0.0,1
GNCVM538W,,,0.0,0.0,0.0,1
GNCVR538,,,0.0,0.0,0.0,1
GNDV2O711,,,0.0,0.0,0.0,1
GNDV2O712,,,0.0,0.0,0.0,1
GNDVO702,,,0.0,0.0,0.0,1
GNDVO707,,,0.0,0.0,0.0,1
GNDVO709,,,0.0,0.0,0.0,1
GNDVO713,,,0.0,0.0,0.0,1
GNDVO713O,,,0.0,0.0,0.0,1
GNDVPHO513O-L,,,0.0,0.0,0.0,0
GNDVPHO513O-R,,,0.0,0.0,0.0,0
GNIIH5022P,,,0.0,0.0,0.0,1
GNIIH5512P,,,0.0,0.0,0.0,1
GNIIM5195,,,0.0,0.0,0.0,1
GNNPO204,,,0.0,0.0,0.0,1
GNSSM5195,,,0.0,0.0,0.0,1
GNSSM5195SB,,,0.0,0.0,0.0,1
GNSSM538,,,0.0,0.0,0.0,1
GNVYO901,,,0.0,0.0,0.0,1
GNVYO904,,,0.0,0.0,0.0,1
GNVYO906,,,0.0,0.0,0.0,1
GNVYO909,,,0.0,0.0,0.0,1
GNVYPCO508-L,,,0.0,0.0,0.0,1
GNVYPCO508-R,,,0.0,0.0,0.0,1
GP10002,,,0.0,0.0,0.0,1
GP10003,,,0.0,0.0,0.0,0
GP10004,,,0.0,0.0,0.0,1
GP10005,,,0.0,0.0,0.0,1
GQPASO,,,0.0,0.0,0.0,1
GVAP6502,,,0.0,0.0,0.0,1
GVAP6503,,,0.0,0.0,0.0,1
GVAP6702,,,0.0,0.0,0.0,1
GVAP702,,,0.0,0.0,0.0,1
GVAP704,,,0.0,0.0,0.0,1
GVAPQR503,,,0.0,0.0,0.0,1
GVAPRE503,,,0.0,0.0,0.0,1
GVAPTM503,,,0.0,0.0,0.0,1
GVCC701,,,0.0,0.0,0.0,1
GVCC706,,,0.0,0.0,0.0,1
GVCC709,,,0.0,0.0,0.0,1
GVCC906,,,0.0,0.0,0.0,1
GVLL200,,,0.0,0.0,0.0,1
GVLL205,,,0.0,0.0,0.0,1
GVLL207,,,0.0,0.0,0.0,1
GVLV3065626,,,0.0,0.0,0.0,1
GVLV30W36265,,,0.0,0.0,0.0,1
GVMP702,,,0.0,0.0,0.0,1
GVMP704,,,0.0,0.0,0.0,1
GVMP902,,,0.0,0.0,0.0,1
GVMPFNO701,,,0.0,0.0,0.0,1
GVMPFNO901,,,0.0,0.0,0.0,1
GVMPFNO902,,,0.0,0.0,0.0,1
GVMPFNO904,,,0.0,0.0,0.0,1
GVMPRE702,,,0.0,0.0,0.0,1
GVMPTM702,,,0.0,0.0,0.0,1
GVNS802,,,0.0,0.0,0.0,1
GVNS803,,,0.0,0.0,0.0,1
GVNSFNO806,,,0.0,0.0,0.0,1
GVNSFNO807,,,0.0,0.0,0.0,1
GVNSPH405,,,0.0,0.0,0.0,1
GVNSPH406,,,0.0,0.0,0.0,1
GVNSQR806,,,0.0,0.0,0.0,1
GVNSRE802,,,0.0,0.0,0.0,1
GVNSRE803,,,0.0,0.0,0.0,1
GVNSRE806,,,0.0,0.0,0.0,1
GVNSTM805,,,0.0,0.0,0.0,1
GVNSTM808,,,0.0,0.0,0.0,1
GVNSTR806,,,0.0,0.0,0.0,1
GVPE601,,,0.0,0.0,0.0,1
GVPE602,,,0.0,0.0,0.0,1
GVSG902,,,0.0,0.0,0.0,1
GVSPC702,,,0.0,0.0,0.0,1
GVSPC703,,,0.0,0.0,0.0,1
GVSPC901,,,0.0,0.0,0.0,1
GVSPC902,,,0.0,0.0,0.0,1
GVSPC904,,,0.0,0.0,0.0,1
GVSPCEC901,,,0.0,0.0,0.0,1
GVSPCEC905,,,0.0,0.0,0.0,1
GVSPCFNO702,,,0.0,0.0,0.0,1
GVSPCFNO703,,,0.0,0.0,0.0,1
GVSPCFNO704,,,0.0,0.0,0.0,1
GVSPCFNO705,,,0.0,0.0,0.0,1
GVSPCFNO902,,,0.0,0.0,0.0,1
GVSPCFNO904,,,0.0,0.0,0.0,1
GVSPCQR902,,,0.0,0.0,0.0,1
GVSPCRE904,,,0.0,0.0,0.0,1
GVSPCRE905,,,0.0,0.0,0.0,1
GVSPCTM702,,,0.0,0.0,0.0,1
GVSPCTM905,,,0.0,0.0,0.0,1
GVSS501,,,0.0,0.0,0.0,1
GVSS502,,,0.0,0.0,0.0,1
GVSS503,,,0.0,0.0,0.0,1
GVSS504,,,0.0,0.0,0.0,1
GVSS701,,,0.0,0.0,0.0,1
GVSS702,,,0.0,0.0,0.0,1
GVSSEC504,,,0.0,0.0,0.0,1
GVSSFNO502,,,0.0,0.0,0.0,1
GVSSTM502,,,0.0,0.0,0.0,1
GVSSTM503,,,0.0,0.0,0.0,1
GVSSTR501,,,0.0,0.0,0.0,1
GVVN504,,,0.0,0.0,0.0,1
GVVN510,,,0.0,0.0,0.0,1
GVVN911,,,0.0,0.0,0.0,1
GVVNEC901,,,0.0,0.0,0.0,1
GVVNEC902,,,0.0,0.0,0.0,1
GVVNEC903,,,0.0,0.0,0.0,1
GVVNEC904,,,0.0,0.0,0.0,1
GVVNEC905,,,0.0,0.0,0.0,1
GVVNEC906,,,0.0,0.0,0.0,1
GVVNEC907,,,0.0,0.0,0.0,1
GVVNEC908,,,0.0,0.0,0.0,1
GVVNEC909,,,0.0,0.0,0.0,0
GVVNEC910,,,0.0,0.0,0.0,1
GVVNEC911,,,0.0,0.0,0.0,1
GVVNEC912,,,0.0,0.0,0.0,1
GVVNFNO910,,,0.0,0.0,0.0,1
GVVNQR901,,,0.0,0.0,0.0,1
GVVNQR902,,,0.0,0.0,0.0,1
GVVNQR904,,,0.0,0.0,0.0,1
GVVNQR905,,,0.0,0.0,0.0,1
GVVNQR906,,,0.0,0.0,0.0,1
GVVNQR907,,,0.0,0.0,0.0,1
GVVNQR909,,,0.0,0.0,0.0,1
GVVNQR910,,,0.0,0.0,0.0,1
GVVNQR911,,,0.0,0.0,0.0,1
GVVNQR912,,,0.0,0.0,0.0,1
GVVNRE902,,,0.0,0.0,0.0,1
GVVNRE903,,,0.0,0.0,0.0,1
GVVNRE912,,,0.0,0.0,0.0,1
GVVNTM905,,,0.0,0.0,0.0,1
GVVNTM906,,,0.0,0.0,0.0,1
GVVNTM907,,,0.0,0.0,0.0,0
GVVNTM911,,,0.0,0.0,0.0,1
GVVNTR901,,,0.0,0.0,0.0,1
GVVNTR902,,,0.0,0.0,0.0,1
GVVNTR903,,,0.0,0.0,0.0,1
GVVNTR904,,,0.0,0.0,0.0,1
GVVNTR905,,,0.0,0.0,0.0,1
GVVNTR906,,,0.0,0.0,0.0,1
GVVNTR908,,,0.0,0.0,0.0,1
GVVNTR911,,,0.0,0.0,0.0,1
GVVNTR912,,,0.0,0.0,0.0,1
GVWPC102,,,0.0,0.0,0.0,1
GVWPC105,,,0.0,0.0,0.0,1
GVWPC107,,,0.0,0.0,0.0,1
GVWPC108,,,0.0,0.0,0.0,1
GVWPC109,,,0.0,0.0,0.0,1
GVWPC110,,,0.0,0.0,0.0,1
GVWPCEC109,,,0.0,0.0,0.0,1
GVWPCEC110,,,0.0,0.0,0.0,1
GVWPCFNO102,,,0.0,0.0,0.0,1
GVWPCFNO103,,,0.0,0.0,0.0,1
GVWPCFNO108,,,0.0,0.0,0.0,1
GVWPCII104,,,0.0,0.0,0.0,1
GVWPCIIEC101,,,0.0,0.0,0.0,1
GVWPCIIEC901,,,0.0,0.0,0.0,1
GVWPCIIEC902,,,0.0,0.0,0.0,1
GVWPCIIEC903,,,0.0,0.0,0.0,1
GVWPCIIEC904,,,0.0,0.0,0.0,1
GVWPCIIFNO102,,,0.0,0.0,0.0,1
GVWPCIIFNO112,,,0.0,0.0,0.0,1
GVWPCIIFNO901,,,0.0,0.0,0.0,1
GVWPCIIFNO902,,,0.0,0.0,0.0,1
GVWPCIIFNO903,,,0.0,0.0,0.0,1
GVWPCIIQR901,,,0.0,0.0,0.0,1
GVWPCIIQR902,,,0.0,0.0,0.0,1
GVWPCIIQR904,,,0.0,0.0,0.0,1
GVWPCIIRE112,,,0.0,0.0,0.0,1
GVWPCIIRE901,,,0.0,0.0,0.0,1
GVWPCIIRE902,,,0.0,0.0,0.0,1
GVWPCIIRE903,,,0.0,0.0,0.0,1
GVWPCIIRE904,,,0.0,0.0,0.0,0
GVWPCIITM101,,,0.0,0.0,0.0,1
GVWPCIITM112,,,0.0,0.0,0.0,1
GVWPCIITM901,,,0.0,0.0,0.0,1
GVWPCIITM902,,,0.0,0.0,0.0,1
GVWPCIITM903,,,0.0,0.0,0.0,1
GVWPCIITR904,,,0.0,0.0,0.0,1
GVWPCQR109,,,0.0,0.0,0.0,1
GVWPCQR110,,,0.0,0.0,0.0,1
GVWPCRE102,,,0.0,0.0,0.0,1
GVWPCRE107,,,0.0,0.0,0.0,1
GVWPCRE108,,,0.0,0.0,0.0,1
GVWPCRE109,,,0.0,0.0,0.0,1
GVWPCTM102,,,0.0,0.0,0.0,1
GVWPCTM107,,,0.0,0.0,0.0,1
GVWPCTM108,,,0.0,0.0,0.0,1
GVWPCTM109,,,0.0,0.0,0.0,1
GVWPCTR110,,,0.0,0.0,0.0,1
GVZO7502,,,0.0,0.0,0.0,1
GVZO7508,,,0.0,0.0,0.0,1
GVZOFNO7501,,,0.0,0.0,0.0,1
GVZOTM7507,,,0.0,0.0,0.0,1
GVZOTM7508,,,0.0,0.0,0.0,1
GWC-SETDS,,,0.0,0.0,0.0,1
GWCOYO102,,,0.0,0.0,0.0,1
GWCOYW102,,,0.0,0.0,0.0,1
GWCOYW104,,,0.0,0.0,0.0,1
GWPP2CM1002,,,0.0,0.0,0.0,1
GWPP2CM1003,,,0.0,0.0,0.0,0
GWPP2CM1006,,,0.0,0.0,0.0,1
GWPPCMTO04,,,0.0,0.0,0.0,1
GWPPKEYSET01,,,0.0,0.0,0.0,1
HB2321,,,0.0,0.0,0.0,1
HB2323,,,0.0,0.0,0.0,1
HB2623,,,0.0,0.0,0.0,1
HB2625,,,0.0,0.0,0.0,1
HB5269,,,0.0,0.0,0.0,1
HB9965,,,0.0,0.0,0.0,1
HILO178060,,,0.0,0.0,0.0,1
HILO178100,,,0.0,0.0,0.0,1
HTCG537126,,,0.0,0.0,0.0,1
HTCR286C,,,0.0,0.0,0.0,1
HTCR308C,,,0.0,0.0,0.0,1
HTCR338,,,0.0,0.0,0.0,1
HTCR427,,,0.0,0.0,0.0,1
HTCR428,,,0.0,0.0,0.0,1
HTCR429,,,0.0,0.0,0.0,1
HTCR576,,,0.0,0.0,0.0,1
HTCR672,,,0.0,0.0,0.0,1
HTCR674,,,0.0,0.0,0.0,1
HTCR679,,,0.0,0.0,0.0,1
HTCR681,,,0.0,0.0,0.0,1
HTCR725,,,0.0,0.0,0.0,1
HTDRSG1,,,0.0,0.0,0.0,1
HTDRTR11,,,0.0,0.0,0.0,1
HTDRTR12,,,0.0,0.0,0.0,0
HTDRTR13,,,0.0,0.0,0.0,1
HTDRTR6,,,0.0,0.0,0.0,1
HTDRTR8,,,0.0,0.0,0.0,1
HTGLAF50018V,,,0.0,0.0,0.0,1
HTGLHB220,,,0.0,0.0,0.0,1
HTGLSNM2050,,,0.0,0.0,0.0,1
HTGLSNM2KIT,,,0.0,0.0,0.0,1
HTGLSNM3050,,,0.0,0.0,0.0,1
HTGLSNM3KIT,,,0.0,0.0,0.0,1
HTNO32R121,,,0.0,0.0,0.0,1
HTSO,,,0.0,0.0,0.0,1
HTST16304,,,0.0,0.0,0.0,1
HTST58930,,,0.0,0.0,0.0,1
HTSWCR336,,,0.0,0.0,0.0,1
HTWAFL021E,,,0.0,0.0,0.0,1
KP198,,,0.0,0.0,0.0,1
LABOR00,,,0.0,0.0,0.0,1
LALXECRH08,,,0.0,0.0,0.0,1
LALXFNOHS10,,,0.0,0.0,0.0,1
LALXNOHS11,,,0.0,0.0,0.0,1
LALXRERH08,,,0.0,0.0,0.0,1
LALXRESS04,,,0.0,0.0,0.0,1
LALXRH08,,,0.0,0.0,0.0,1
LALXTMSS04,,,0.0,0.0,0.0,1
LALXTMSS05,,,0.0,0.0,0.0,1
LAMCAS3101,,,0.0,0.0,0.0,1
LAMCAS3102,,,0.0,0.0,0.0,1
LAMCAS3103,,,0.0,0.0,0.0,1
LAMCAS3105,,,0.0,0.0,0.0,1
LAMCAS3106,,,0.0,0.0,0.0,1
LAMCAS3107,,,0.0,0.0,0.0,1
LAMCAS3108,,,0.0,0.0,0.0,1
LAMCAS3109,,,0.0,0.0,0.0,1
LAMCAS3111,,,0.0,0.0,0.0,1
LAMCAS3112,,,0.0,0.0,0.0,1
LAMCAS3113,,,0.0,0.0,0.0,1
LAMCAS3115,,,0.0,0.0,0.0,1
LAMCAS3116,,,0.0,0.0,0.0,1
LAMCAS3117,,,0.0,0.0,0.0,1
LAMCAS3201,,,0.0,0.0,0.0,1
LAMCAS3202,,,0.0,0.0,0.0,1
LAMCAS3203,,,0.0,0.0,0.0,1
LAMCAS3205,,,0.0,0.0,0.0,1
LAMCAS3206,,,0.0,0.0,0.0,1
LAMCAS3207,,,0.0,0.0,0.0,1
LAMCAS3208,,,0.0,0.0,0.0,1
LAMCAS3209,,,0.0,0.0,0.0,1
LAMCAS3210,,,0.0,0.0,0.0,1
LAMCAS3211,,,0.0,0.0,0.0,1
LAMCAS3212,,,0.0,0.0,0.0,1
LAMCAS3213,,,0.0,0.0,0.0,1
LAMCAS3215,,,0.0,0.0,0.0,1
LAMCAS3216,,,0.0,0.0,0.0,1
LAMCAS3217,,,0.0,0.0,0.0,1
LAMCCT3301,,,0.0,0.0,0.0,1
LAMCCT3303,,,0.0,0.0,0.0,1
LAMCCT3306,,,0.0,0.0,0.0,1
LAMCDN8701,,,0.0,0.0,0.0,1
LAMCDN8702,,,0.0,0.0,0.0,1
LAMCDN8705,,,0.0,0.0,0.0,1
LAMCDN8706,,,0.0,0.0,0.0,1
LAMCDN8707,,,0.0,0.0,0.0,1
LAMCDN8708,,,0.0,0.0,0.0,1
LAMCDN8709,,,0.0,0.0,0.0,1
LAMCDN8710,,,0.0,0.0,0.0,1
LAMCDN8711,,,0.0,0.0,0.0,1
LAMCDN8712,,,0.0,0.0,0.0,1
LAMCDN8713,,,0.0,0.0,0.0,1
LAMCECAS3209,,,0.0,0.0,0.0,1
LAMCECAS3211,,,0.0,0.0,0.0,1
LAMCECDN8712,,,0.0,0.0,0.0,1
LAMCFNOAS3112,,,0.0,0.0,0.0,1
LAMCFNOAS3113,,,0.0,0.0,0.0,1
LAMCFNOAS3116,,,0.0,0.0,0.0,1
LAMCFNOAS3202,,,0.0,0.0,0.0,1
LAMCFNOAS3209,,,0.0,0.0,0.0,1
LAMCFNOCT3303,,,0.0,0.0,0.0,1
LAMCFNODN8708,,,0.0,0.0,0.0,1
LAMCFNODN8709,,,0.0,0.0,0.0,1
LAMCFSNOAS3109,,,0.0,0.0,0.0,1
LAMCFSNOAS3112,,,0.0,0.0,0.0,1
LAMCFSNOAS3203,,,0.0,0.0,0.0,1
LAMCFSNOAS3205,,,0.0,0.0,0.0,1
LAMCFSNOAS3207,,,0.0,0.0,0.0,1
LAMCFSNOAS3208,,,0.0,0.0,0.0,1
LAMCFSNOAS3213,,,0.0,0.0,0.0,1
LAMCFSNOAS3216,,,0.0,0.0,0.0,1
LAMCFSNODN8701,,,0.0,0.0,0.0,1
LAMCFSNODN8702,,,0.0,0.0,0.0,1
LAMCFSNODN8706,,,0.0,0.0,0.0,1
LAMCFSNODN8707,,,0.0,0.0,0.0,1
LAMCFSNODN8710,,,0.0,0.0,0.0,1
LAMCFSNODN8712,,,0.0,0.0,0.0,1
LAMCQRAS3111,,,0.0,0.0,0.0,1
LAMCQRCT3301,,,0.0,0.0,0.0,1
LAMCREAS3112,,,0.0,0.0,0.0,1
LAMCREAS3116,,,0.0,0.0,0.0,1
LAMCREAS3201,,,0.0,0.0,0.0,1
LAMCREAS3203,,,0.0,0.0,0.0,1
LAMCREAS3205,,,0.0,0.0,0.0,1
LAMCREAS3209,,,0.0,0.0,0.0,1
LAMCREAS3210,,,0.0,0.0,0.0,1
LAMCREAS3216,,,0.0,0.0,0.0,1
LAMCRECT3303,,,0.0,0.0,0.0,1
LAMCREDN8701,,,0.0,0.0,0.0,1
LAMCREDN8702,,,0.0,0.0,0.0,1
LAMCREDN8707,,,0.0,0.0,0.0,1
LAMCREDN8709,,,0.0,0.0,0.0,1
LAMCREDN8710,,,0.0,0.0,0.0,1
LAMCREDN8712,,,0.0,0.0,0.0,1
LAMCTMAS3103,,,0.0,0.0,0.0,1
LAMCTMAS3105,,,0.0,0.0,0.0,1
LAMCTMAS3109,,,0.0,0.0,0.0,1
LAMCTMAS3111,,,0.0,0.0,0.0,1
LAMCTMAS3112,,,0.0,0.0,0.0,1
LAMCTMAS3113,,,0.0,0.0,0.0,1
LAMCTMAS3116,,,0.0,0.0,0.0,1
LAMCTMAS3201,,,0.0,0.0,0.0,1
LAMCTMAS3203,,,0.0,0.0,0.0,1
LAMCTMAS3205,,,0.0,0.0,0.0,1
LAMCTMAS3209,,,0.0,0.0,0.0,1
LAMCTMAS3211,,,0.0,0.0,0.0,1
LAMCTMAS3212,,,0.0,0.0,0.0,1
LAMCTMAS3213,,,0.0,0.0,0.0,1
LAMCTMAS3216,,,0.0,0.0,0.0,1
LAMCTMCT3301,,,0.0,0.0,0.0,1
LAMCTMCT3303,,,0.0,0.0,0.0,1
LAMCTMDN8701,,,0.0,0.0,0.0,1
LAMCTMDN8702,,,0.0,0.0,0.0,1
LAMCTMDN8708,,,0.0,0.0,0.0,1
LAMCTMDN8710,,,0.0,0.0,0.0,1
LAMCTMDN8711,,,0.0,0.0,0.0,1
LAMCTMDN8712,,,0.0,0.0,0.0,1
LAPVO01,,,0.0,0.0,0.0,1
LLSO,,,0.0,0.0,0.0,1
LOFI005,,,0.0,0.0,0.0,0
LOMISC,,,0.0,0.0,0.0,1
LQ5QOS,,,0.0,0.0,0.0,1
LQSOO,,,0.0,0.0,0.0,1
MAED07125A,,,0.0,0.0,0.0,1
MANA10S0001N,,,0.0,0.0,0.0,1
MANA445LSFLEX,,,0.0,0.0,0.0,1
MANA50PFLEXPRXLSW,,,0.0,0.0,0.0,1
MANA50PFLEXW,,,0.0,0.0,0.0,1
MANAPALMN,,,0.0,0.0,0.0,1
MAPJ330,,,0.0,0.0,0.0,1
MAST445FS,,,0.0,0.0,0.0,1
MAST445LSFLEX,,,0.0,0.0,0.0,1
MASW777,,,0.0,0.0,0.0,1
MASW812,,,0.0,0.0,0.0,1
MASW835,,,0.0,0.0,0.0,1
MAVAVE600,,,0.0,0.0,0.0,1
MB1215ML,,,0.0,0.0,0.0,1
MC,,,0.0,0.0,0.0,1
MC-P,,,0.0,0.0,0.0,1
MISC,,,0.0,0.0,0.0,1
MISC1,,,0.0,0.0,0.0,1
MMCCTK,,,0.0,0.0,0.0,0
MMDHJX20,,,0.0,0.0,0.0,1
MMJ4,,,0.0,0.0,0.0,1
MMOR930,,,0.0,0.0,0.0,1
MOBBFL3143F,,,0.0,0.0,0.0,1
MOBBFL3145F,,,0.0,0.0,0.0,1
MOBBFL314MUL4,,,0.0,0.0,0.0,1
MOBBFL314MUL5F,,,0.0,0.0,0.0,1
MOBBFL318F,,,0.0,0.0,0.0,1
MOBBFL329F,,,0.0,0.0,0.0,1
MOBBFL330F,,,0.0,0.0,0.0,1
MOBBFL387F5,,,0.0,0.0,0.0,1
MOBBFL387F7,,,0.0,0.0,0.0,1
MOBBMD118MUL5,,,0.0,0.0,0.0,1
MOBBMD301,,,0.0,0.0,0.0,1
MOBBMD302,,,0.0,0.0,0.0,0
MOBBMD303,,,0.0,0.0,0.0,0
MOBBMD304,,,0.0,0.0,0.0,1
MOBBMD304BB,,,0.0,0.0,0.0,1
MOBBMD310BMUL,,,0.0,0.0,0.0,1
MOBBMD311MUL4,,,0.0,0.0,0.0,1
MOBBMD313MUL,,,0.0,0.0,0.0,1
MOBBMD314MUL7,,,0.0,0.0,0.0,1
MOBBMD315MBB,,,0.0,0.0,0.0,1
MOBBMD317MUL,,,0.0,0.0,0.0,1
MOBBMD318MUL5,,,0.0,0.0,0.0,1
MOBBMD320MUL,,,0.0,0.0,0.0,1
MOBBMD321MUL,,,0.0,0.0,0.0,1
MOBBMD324MUL,,,0.0,0.0,0.0,1
MOBBMD326MUL,,,0.0,0.0,0.0,1
MOBBMD327MUL,,,0.0,0.0,0.0,1
MOBBMD328MUL,,,0.0,0.0,0.0,1
MOBBMD328MUL6,,,0.0,0.0,0.0,1
MOBBMD332MUL,,,0.0,0.0,0.0,1
MOBBMD334BMUL,,,0.0,0.0,0.0,1
MOBBMD334MUL,,,0.0,0.0,0.0,1
MOBBMD338MUL,,,0.0,0.0,0.0,1
MOBBMD340MUL,,,0.0,0.0,0.0,1
MOBBMD341MUL,,,0.0,0.0,0.0,1
MOBBMD342MUL7,,,0.0,0.0,0.0,1
MOBBMD352MUL,,,0.0,0.0,0.0,1
MOBBMD354MUL,,,0.0,0.0,0.0,1
MOBBMD361MUL,,,0.0,0.0,0.0,1
MOBBMD365MUL,,,0.0,0.0,0.0,1
MOBBMD366LDFS,,,0.0,0.0,0.0,1
MOBBMD372MUL7,,,0.0,0.0,0.0,1
MOBBMD392MUL4,,,0.0,0.0,0.0,1
MOBBMD392MUL5,,,0.0,0.0,0.0,1
MOBBMD401,,,0.0,0.0,0.0,1
MOBBMD402,,,0.0,0.0,0.0,1
MOBBMD403,,,0.0,0.0,0.0,1
MOBBMD501,,,0.0,0.0,0.0,1
MOBBMD502,,,0.0,0.0,0.0,1
MOBBMD601,,,0.0,0.0,0.0,1
MOBBMD743MUL6,,,0.0,0.0,0.0,1
MOBBMDR304MUL2,,,0.0,0.0,0.0,1
MOBS12B,,,0.0,0.0,0.0,1
MOBS12C,,,0.0,0.0,0.0,1
MOBS12H,,,0.0,0.0,0.0,1
MOBS12PFJ,,,0.0,0.0,0.0,1
MOBS12PR,,,0.0,0.0,0.0,1
MOBS38M,,,0.0,0.0,0.0,1
MOBSFL504FJ,,,0.0,0.0,0.0,1
MOBT58B,,,0.0,0.0,0.0,1
MOBT58H,,,0.0,0.0,0.0,1
MOBT58W,,,0.0,0.0,0.0,1
MOBTFW,,,0.0,0.0,0.0,1
MOCAMD102MBB,,,0.0,0.0,0.0,1
MOCAMD110MUL,,,0.0,0.0,0.0,1
MOCAMD121MBB,,,0.0,0.0,0.0,1
MOCAMD122MUL,,,0.0,0.0,0.0,1
MOCAMD129MUL,,,0.0,0.0,0.0,1
MOCAMD134MUL,,,0.0,0.0,0.0,1
MOCAMD139MUL,,,0.0,0.0,0.0,1
MOCAMD150MUL,,,0.0,0.0,0.0,1
MOCAMD152MUL,,,0.0,0.0,0.0,1
MOCAMD158MUL3,,,0.0,0.0,0.0,1
MOCAMD159,,,0.0,0.0,0.0,1
MOCAMD165MUL,,,0.0,0.0,0.0,1
MOCAMD176MUL,,,0.0,0.0,0.0,1
MOCAMD177MUL,,,0.0,0.0,0.0,1
MOCAMD192MUL,,,0.0,0.0,0.0,1
MOCAMD201,,,0.0,0.0,0.0,1
MOCMMD410MUL,,,0.0,0.0,0.0,1
MOCMMD412MUL,,,0.0,0.0,0.0,1
MOCMMD417MUL,,,0.0,0.0,0.0,1
MOCMMD423MUL,,,0.0,0.0,0.0,1
MOCMMD432MUL,,,0.0,0.0,0.0,1
MOCMMD435MUL,,,0.0,0.0,0.0,1
MOCMMD449MUL,,,0.0,0.0,0.0,1
MOCOMD118MUL4W,,,0.0,0.0,0.0,1
MOCOMD307,,,0.0,0.0,0.0,1
MOCOMD311MULW,,,0.0,0.0,0.0,1
MOCOMD314MUL3W,,,0.0,0.0,0.0,1
MOCOMD318MUL4W,,,0.0,0.0,0.0,1
MOCOMD318MUL5W,,,0.0,0.0,0.0,1
MOCOMD324MULW,,,0.0,0.0,0.0,1
MOCOMD328MUL6,,,0.0,0.0,0.0,1
MOCOMD330MULW,,,0.0,0.0,0.0,1
MOCOMD338BMULW,,,0.0,0.0,0.0,1
MOCOMD342MULW,,,0.0,0.0,0.0,1
MOCOMD361MULW,,,0.0,0.0,0.0,1
MOCOMD388MUL7W,,,0.0,0.0,0.0,1
MOCOPR3002B-OW,,,0.0,0.0,0.0,1
MOCOPR300ARCFS,,,0.0,0.0,0.0,1
MOCOPR300BARCFS,,,0.0,0.0,0.0,1
MOCV1234W,,,0.0,0.0,0.0,1
MOFS3434W,,,0.0,0.0,0.0,1
MOFSW1234,,,0.0,0.0,0.0,1
MONO12B,,,0.0,0.0,0.0,1
MONO12H,,,0.0,0.0,0.0,1
MONO12O3S,,,0.0,0.0,0.0,1
MONO12O5S,,,0.0,0.0,0.0,1
MONO34B,,,0.0,0.0,0.0,1
MONO34H,,,0.0,0.0,0.0,1
MONO38O,,,0.0,0.0,0.0,1
MONO38R,,,0.0,0.0,0.0,0
MONO7HBI,,,0.0,0.0,0.0,1
MONO858O5S,,,0.0,0.0,0.0,1
MONO916O5S,,,0.0,0.0,0.0,1
MONOFOR,,,0.0,0.0,0.0,1
MONOFR,,,0.0,0.0,0.0,1
MONOHB,,,0.0,0.0,0.0,1
MONOHH,,,0.0,0.0,0.0,1
MONOHM,,,0.0,0.0,0.0,1
MONOHR,,,0.0,0.0,0.0,1
MONOHS,,,0.0,0.0,0.0,1
MONOHSA,,,0.0,0.0,0.0,1
MONOHT,,,0.0,0.0,0.0,1
MONOHW,,,0.0,0.0,0.0,1
MONONH,,,0.0,0.0,0.0,1
MONONO,,,0.0,0.0,0.0,1
MONONW,,,0.0,0.0,0.0,1
MONOQO,,,0.0,0.0,0.0,1
MONOTBI,,,0.0,0.0,0.0,1
MOOG383O,,,0.0,0.0,0.0,1
MOQR34FJP,,,0.0,0.0,0.0,0
MOQR34W,,,0.0,0.0,0.0,1
MORE112O,,,0.0,0.0,0.0,1
MORE12H,,,0.0,0.0,0.0,1
MORE12OLM,,,0.0,0.0,0.0,1
MORE34B,,,0.0,0.0,0.0,1
MORE34H,,,0.0,0.0,0.0,1
MORE34OLM,,,0.0,0.0,0.0,1
MORE34W,,,0.0,0.0,0.0,1
MOREFO,,,0.0,0.0,0.0,1
MOREHBC,,,0.0,0.0,0.0,1
MOREHH,,,0.0,0.0,0.0,1
MOREHO,,,0.0,0.0,0.0,1
MORENO,,,0.0,0.0,0.0,1
MORIC,,,0.0,0.0,0.0,1
MORIH,,,0.0,0.0,0.0,1
MORIMD202MUL,,,0.0,0.0,0.0,1
MOSC316W,,,0.0,0.0,0.0,1
MOSL120O,,,0.0,0.0,0.0,1
MOSL152M,,,0.0,0.0,0.0,1
MOSLMD304MUL,,,0.0,0.0,0.0,1
MOSLSO,,,0.0,0.0,0.0,1
MOSOCO,,,0.0,0.0,0.0,1
MOSTPR202FJ,,,0.0,0.0,0.0,1
MOTMFB,,,0.0,0.0,0.0,1
MOTMFC,,,0.0,0.0,0.0,1
MOTMFH,,,0.0,0.0,0.0,1
MOTMFM,,,0.0,0.0,0.0,1
MOTMFR,,,0.0,0.0,0.0,1
MOTMFW,,,0.0,0.0,0.0,1
MOTMS58,,,0.0,0.0,0.0,1
MOTRB,,,0.0,0.0,0.0,1
MOTRH,,,0.0,0.0,0.0,1
MOTRO2,,,0.0,0.0,0.0,1
MOTROQS,,,0.0,0.0,0.0,1
MOTRR12,,,0.0,0.0,0.0,1
MOTRREM,,,0.0,0.0,0.0,1
MOTRRER,,,0.0,0.0,0.0,1
MOTRSOOEA,,,0.0,0.0,0.0,1
MOTRSOOLF,,,0.0,0.0,0.0,1
MPAA62411A,,,0.0,0.0,0.0,1
MPAA987300,,,0.0,0.0,0.0,1
MPAB300904,,,0.0,0.0,0.0,1
MPACE12,,,0.0,0.0,0.0,1
MPAD47322A,,,0.0,0.0,0.0,1
MPAD62411A,,,0.0,0.0,0.0,1
MPAD80081A,,,0.0,0.0,0.0,1
MPAD85715A,,,0.0,0.0,0.0,1
MPBZVP549,,,0.0,0.0,0.0,1
MPCC68314A,,,0.0,0.0,0.0,1
MPDB29711,,,0.0,0.0,0.0,1
MPDB29736,,,0.0,0.0,0.0,1
MPDC38,,,0.0,0.0,0.0,1
MPDC825,,,0.0,0.0,0.0,1
MPDD12,,,0.0,0.0,0.0,1
MPDN2,,,0.0,0.0,0.0,1
MPVB3L340,,,0.0,0.0,0.0,1
MTCR017,,,0.0,0.0,0.0,1
NONSTOCK,,,0.0,0.0,0.0,1
NSWWMP18,,,0.0,0.0,0.0,1
OMAPJ01-2XL,,,0.0,0.0,0.0,1
OMAPJ01-M,,,0.0,0.0,0.0,1
OMAPJ01-XL,,,0.0,0.0,0.0,1
PASO,,,0.0,0.0,0.0,1
PASOO,,,0.0,0.0,0.0,1
PFAPM31401,,,0.0,0.0,0.0,1
PFAPO21401,,,0.0,0.0,0.0,1
PFAPO31401,,,0.0,0.0,0.0,1
PFAPR21401,,,0.0,0.0,0.0,1
PFAPR31401,,,0.0,0.0,0.0,1
PFAPR31402,,,0.0,0.0,0.0,1
PFAPSOEA,,,0.0,0.0,0.0,1
PFSHEO338,,,0.0,0.0,0.0,1
PFSHEO538,,,0.0,0.0,0.0,1
PFSHEO538-205,,,0.0,0.0,0.0,1
PFSHSA00,,,0.0,0.0,0.0,1
PFSHSA01,,,0.0,0.0,0.0,1
PFSHSA02,,,0.0,0.0,0.0,1
PFSHSA03,,,0.0,0.0,0.0,1
PFSHSA04,,,0.0,0.0,0.0,1
PFSHSA05,,,0.0,0.0,0.0,1
PFSHSO238-22,,,0.0,0.0,0.0,1
PFSHSOEA,,,0.0,0.0,0.0,1
PFSHSOLF,,,0.0,0.0,0.0,1
PP312L,,,0.0,0.0,0.0,1
PP460,,,0.0,0.0,0.0,1
PRDR30004,,,0.0,0.0,0.0,1
PRSI187782,,,0.0,0.0,0.0,1
PS660050,,,0.0,0.0,0.0,1
REBATE,,,0.0,0.0,0.0,1
RH112QOSNB-15,,,0.0,0.0,0.0,1
RH112SRSNB-24,,,0.0,0.0,0.0,1
RH2SOSNB-24,,,0.0,0.0,0.0,1
RH2SRS,,,0.0,0.0,0.0,1
RHSO,,,0.0,0.0,0.0,1
RKGU09441,,,0.0,0.0,0.0,1
RKLBFI293,,,0.0,0.0,0.0,1
RKSI879467,,,0.0,0.0,0.0,1
RKSI879615,,,0.0,0.0,0.0,1
RKSI879685,,,0.0,0.0,0.0,1
RKSM50008,,,0.0,0.0,0.0,1
RQ112SRSNB,,,0.0,0.0,0.0,1
RQ2141OS,,,0.0,0.0,0.0,1
RQ2141RSHS,,,0.0,0.0,0.0,1
RQ214SOS-16,,,0.0,0.0,0.0,1
RQ314QOSSP,,,0.0,0.0,0.0,1
RQ314QRSSP,,,0.0,0.0,0.0,1
RQ3SOB,,,0.0,0.0,0.0,1
RQ3SRB,,,0.0,0.0,0.0,1
RQ3SRS,,,0.0,0.0,0.0,1
RQ4SOB,,,0.0,0.0,0.0,0
RQ4SOS,,,0.0,0.0,0.0,1
RQ4SRB,,,0.0,0.0,0.0,1
RQ4SRS,,,0.0,0.0,0.0,0
RQ5SOB,,,0.0,0.0,0.0,1
RQ5SOS,,,0.0,0.0,0.0,1
RQ5SRB,,,0.0,0.0,0.0,1
RQ5SRSI,,,0.0,0.0,0.0,1
RQ6SOB,,,0.0,0.0,0.0,1
RQ6SRB,,,0.0,0.0,0.0,1
RQ6SRS,,,0.0,0.0,0.0,0
RQ7SOB,,,0.0,0.0,0.0,1
RQ7SRB,,,0.0,0.0,0.0,1
RQ7SRS,,,0.0,0.0,0.0,1
RQSO,,,0.0,0.0,0.0,1
RQSOM,,,0.0,0.0,0.0,1
RQSOO,,,0.0,0.0,0.0,1
RQSOR,,,0.0,0.0,0.0,1
SBCH498B15,,,0.0,0.0,0.0,1
SBMU134,,,0.0,0.0,0.0,1
SBWWB08,,,0.0,0.0,0.0,1
SCCC,,,0.0,0.0,0.0,0
SCWWS07,,,0.0,0.0,0.0,1
SF,,,0.0,0.0,0.0,0
SFIL12,,,0.0,0.0,0.0,1
SFIL12-GREY,,,0.0,0.0,0.0,1
SS3M1980,,,0.0,0.0,0.0,1
SSNO26297,,,0.0,0.0,0.0,1
SSNO71017,,,0.0,0.0,0.0,1
STDS122,,,0.0,0.0,0.0,1
STGCAL,,,0.0,0.0,0.0,1
STGCBH,,,0.0,0.0,0.0,1
STGCBH9501A,,,0.0,0.0,0.0,1
STGCBH9501B,,,0.0,0.0,0.0,1
STGCGL,,,0.0,0.0,0.0,1
STGCIISTAIWH,,,0.0,0.0,0.0,1
STGCSTAIN,,,0.0,0.0,0.0,1
STLA5083,,,0.0,0.0,0.0,1
STLA5084,,,0.0,0.0,0.0,1
STLB038,,,0.0,0.0,0.0,1
STLB041,,,0.0,0.0,0.0,1
STLB046,,,0.0,0.0,0.0,1
STLB365,,,0.0,0.0,0.0,1
STLB366,,,0.0,0.0,0.0,1
STLB367,,,0.0,0.0,0.0,1
STLB370,,,0.0,0.0,0.0,1
STWDW1490,,,0.0,0.0,0.0,1
STZA109,,,0.0,0.0,0.0,1
STZA110,,,0.0,0.0,0.0,1
STZA117,,,0.0,0.0,0.0,1
STZA126,,,0.0,0.0,0.0,1
STZA138,,,0.0,0.0,0.0,1
SU,,,0.0,0.0,0.0,1
SWP161,,,0.0,0.0,0.0,1
TA3M04365,,,0.0,0.0,0.0,1
TA3M06817,,,0.0,0.0,0.0,1
TA3M2080,,,0.0,0.0,0.0,1
TB200E,,,0.0,0.0,0.0,0
TK3M536,,,0.0,0.0,0.0,1
UNBLHV830,,,0.0,0.0,0.0,1
UNDR8302LT,,,0.0,0.0,0.0,1
UNFPGA01,,,0.0,0.0,0.0,0
UNGA0022,,,0.0,0.0,0.0,1
UNGA010-100,,,0.0,0.0,0.0,1
UNSO,,,0.0,0.0,0.0,1
UNWAFL051,,,0.0,0.0,0.0,1
WB10WB,,,0.0,0.0,0.0,1
WB12WB,,,0.0,0.0,0.0,1
WPCA20096,,,0.0,0.0,0.0,1
WPCP102,,,0.0,0.0,0.0,1
WPCP110,,,0.0,0.0,0.0,1
WPCP124,,,0.0,0.0,0.0,1
WPCP138,,,0.0,0.0,0.0,1
WPCR10AB05,,,0.0,0.0,0.0,1
WPCR10AB09,,,0.0,0.0,0.0,1
WPCR10AB10,,,0.0,0.0,0.0,1
WPCR10AB19,,,0.0,0.0,0.0,1
WPCR10AE21,,,0.0,0.0,0.0,1
WPCR10BA13,,,0.0,0.0,0.0,1
WPCR10BA14,,,0.0,0.0,0.0,1
WPCR10BA17,,,0.0,0.0,0.0,1
WPCR10BB15,,,0.0,0.0,0.0,1
WPCR10BE20,,,0.0,0.0,0.0,1
WPCR10CC11,,,0.0,0.0,0.0,1
WPCR10CD26,,,0.0,0.0,0.0,1
WPCRBD28,,,0.0,0.0,0.0,0
WPCRDD2,,,0.0,0.0,0.0,0
WPCRSO,,,0.0,0.0,0.0,1
WPDS214,,,0.0,0.0,0.0,1
WPDS215,,,0.0,0.0,0.0,1
WPDS216,,,0.0,0.0,0.0,0
WPDS217,,,0.0,0.0,0.0,1
WPDS218,,,0.0,0.0,0.0,1
WPDS219,,,0.0,0.0,0.0,1
WPDSFMO1,,,0.0,0.0,0.0,1
WPDSMA35,,,0.0,0.0,0.0,1
WPWW601,,,0.0,0.0,0.0,1
WPWW804,,,0.0,0.0,0.0,1
WPWW805,,,0.0,0.0,0.0,1
WPWW913,,,0.0,0.0,0.0,1
WPWW944,,,0.0,0.0,0.0,1
WPWWCP148,,,0.0,0.0,0.0,1
WPWWCP168,,,0.0,0.0,0.0,1
WPWWCP508,,,0.0,0.0,0.0,1
WPWWCP708,,,0.0,0.0,0.0,1
WPWWCP908,,,0.0,0.0,0.0,1
WPWWFT951,,,0.0,0.0,0.0,1
WPWWPQ3016E,,,0.0,0.0,0.0,1
